case_id,cse_id,opened_at,closed_at,investigation_text,investigator_id,escalated,resolution,alert_ids
CAS-CSE-01-0001,CSE-01,2024-10-17 06:39:31.788117,2024-10-17 07:26:22.132723,Investigation completed. Findings documented in internal tracker 23.,ANA-01,False,Resolved,"[""ALT-CSE-01-00002""]"
CAS-CSE-01-0002,CSE-01,2024-12-25 07:07:29.639221,2024-12-25 09:57:19.373697,Investigation completed. Findings documented in internal tracker 5.,ANA-04,True,Resolved,"[""ALT-CSE-01-00004""]"
CAS-CSE-01-0003,CSE-01,2024-11-13 05:10:43.730404,2024-11-13 05:43:34.065524,Investigation completed. Findings documented in internal tracker 7.,ANA-02,False,Resolved,"[""ALT-CSE-01-00011""]"
CAS-CSE-01-0004,CSE-01,2024-11-08 03:22:47.446687,2024-11-08 04:05:39.870319,Investigation completed. Findings documented in internal tracker 33.,ANA-05,True,Resolved,"[""ALT-CSE-01-00017""]"
CAS-CSE-01-0005,CSE-01,2024-12-19 09:11:41.464042,2024-12-19 09:50:54.435575,Investigation completed. Findings documented in internal tracker 30.,ANA-05,False,Resolved,"[""ALT-CSE-01-00028""]"
CAS-CSE-01-0006,CSE-01,2024-12-26 09:50:53.972611,2024-12-26 10:35:41.118793,Investigation completed. Findings documented in internal tracker 20.,ANA-05,False,Resolved,"[""ALT-CSE-01-00031""]"
CAS-CSE-01-0007,CSE-01,2024-11-28 06:59:36.202397,2024-11-28 08:19:08.678260,Investigation completed. Findings documented in internal tracker 0.,ANA-04,True,Resolved,"[""ALT-CSE-01-00034""]"
CAS-CSE-01-0008,CSE-01,2024-12-19 16:59:26.266449,2024-12-19 17:28:20.473328,Investigation completed. Findings documented in internal tracker 12.,ANA-01,False,Resolved,"[""ALT-CSE-01-00037""]"
CAS-CSE-01-0009,CSE-01,2024-10-24 02:59:50.175095,2024-10-24 04:18:57.082635,Investigation completed. Findings documented in internal tracker 10.,ANA-03,True,Resolved,"[""ALT-CSE-01-00040""]"
CAS-CSE-01-0010,CSE-01,2024-10-17 14:07:30.898884,2024-10-17 14:50:16.255251,Investigation completed. Findings documented in internal tracker 10.,ANA-05,False,Resolved,"[""ALT-CSE-01-00042""]"
CAS-CSE-01-0011,CSE-01,2024-10-01 09:30:02.205157,2024-10-01 12:25:04.935596,Investigation completed. Findings documented in internal tracker 1.,ANA-02,False,Resolved,"[""ALT-CSE-01-00043""]"
CAS-CSE-01-0012,CSE-01,2024-11-25 16:16:29.552429,2024-11-25 16:51:08.632283,Investigation completed. Findings documented in internal tracker 25.,ANA-04,False,Resolved,"[""ALT-CSE-01-00045""]"
CAS-CSE-01-0013,CSE-01,2024-12-13 23:46:36.065867,2024-12-14 00:02:06.777047,Investigation completed. Findings documented in internal tracker 4.,ANA-01,False,Resolved,"[""ALT-CSE-01-00046""]"
CAS-CSE-01-0014,CSE-01,2024-11-29 05:35:39.409841,2024-11-29 07:20:02.756450,Investigation completed. Findings documented in internal tracker 5.,ANA-05,True,Resolved,"[""ALT-CSE-01-00051""]"
CAS-CSE-01-0015,CSE-01,2024-10-26 20:17:58.373568,2024-10-26 21:33:00.564414,Investigation completed. Findings documented in internal tracker 34.,ANA-03,False,Resolved,"[""ALT-CSE-01-00057""]"
CAS-CSE-01-0016,CSE-01,2024-12-11 11:56:53.122798,2024-12-11 12:24:10.338677,Investigation completed. Findings documented in internal tracker 8.,ANA-05,False,Resolved,"[""ALT-CSE-01-00060""]"
CAS-CSE-01-0017,CSE-01,2024-12-16 09:19:19.117662,2024-12-16 10:12:56.953977,Investigation completed. Findings documented in internal tracker 8.,ANA-02,False,Resolved,"[""ALT-CSE-01-00063""]"
CAS-CSE-01-0018,CSE-01,2024-10-13 10:40:06.747592,2024-10-13 11:59:19.468702,Investigation completed. Findings documented in internal tracker 21.,ANA-03,False,Resolved,"[""ALT-CSE-01-00064""]"
CAS-CSE-01-0019,CSE-01,2024-12-25 03:38:39.164729,2024-12-25 04:18:24.300955,Investigation completed. Findings documented in internal tracker 24.,ANA-01,True,Resolved,"[""ALT-CSE-01-00068""]"
CAS-CSE-01-0020,CSE-01,2024-12-18 16:58:22.000442,2024-12-18 17:39:52.091122,Investigation completed. Findings documented in internal tracker 1.,ANA-03,False,Resolved,"[""ALT-CSE-01-00071""]"
CAS-CSE-01-0021,CSE-01,2024-11-17 22:30:09.433941,2024-11-17 22:59:45.477963,Investigation completed. Findings documented in internal tracker 17.,ANA-01,True,Resolved,"[""ALT-CSE-01-00072""]"
CAS-CSE-01-0022,CSE-01,2024-12-24 15:12:43.222818,2024-12-24 15:53:15.909624,Investigation completed. Findings documented in internal tracker 19.,ANA-05,True,Resolved,"[""ALT-CSE-01-00088""]"
CAS-CSE-01-0023,CSE-01,2024-11-24 23:17:06.648795,2024-11-24 23:50:11.839888,Investigation completed. Findings documented in internal tracker 38.,ANA-05,False,Resolved,"[""ALT-CSE-01-00092""]"
CAS-CSE-01-0024,CSE-01,2024-12-10 21:20:47.920471,2024-12-10 22:20:39.221230,Investigation completed. Findings documented in internal tracker 27.,ANA-05,True,Resolved,"[""ALT-CSE-01-00095""]"
CAS-CSE-01-0025,CSE-01,2024-10-25 02:03:40.404954,2024-10-25 02:45:36.553396,Investigation completed. Findings documented in internal tracker 6.,ANA-05,False,Resolved,"[""ALT-CSE-01-00097""]"
CAS-CSE-01-0026,CSE-01,2024-10-26 18:08:32.559103,2024-10-26 18:55:05.729630,Investigation completed. Findings documented in internal tracker 28.,ANA-03,False,Resolved,"[""ALT-CSE-01-00099""]"
CAS-CSE-01-0027,CSE-01,2024-12-09 12:25:27.555750,2024-12-09 13:51:10.466331,Investigation completed. Findings documented in internal tracker 20.,ANA-03,False,Resolved,"[""ALT-CSE-01-00102""]"
CAS-CSE-01-0028,CSE-01,2024-10-31 04:29:05.245087,2024-10-31 05:00:23.323929,Investigation completed. Findings documented in internal tracker 7.,ANA-05,False,Resolved,"[""ALT-CSE-01-00103""]"
CAS-CSE-01-0029,CSE-01,2024-10-24 18:47:28.814212,2024-10-24 19:50:16.226957,Investigation completed. Findings documented in internal tracker 15.,ANA-04,False,Resolved,"[""ALT-CSE-01-00104""]"
CAS-CSE-01-0030,CSE-01,2024-12-24 16:04:09.209457,2024-12-24 17:08:35.785152,Investigation completed. Findings documented in internal tracker 33.,ANA-02,False,Resolved,"[""ALT-CSE-01-00107""]"
CAS-CSE-01-0031,CSE-01,2024-11-20 10:55:50.792311,2024-11-20 11:46:22.166661,Investigation completed. Findings documented in internal tracker 22.,ANA-02,True,Resolved,"[""ALT-CSE-01-00108""]"
CAS-CSE-01-0032,CSE-01,2024-11-19 09:32:00.940491,2024-11-19 10:18:11.654517,Investigation completed. Findings documented in internal tracker 14.,ANA-02,False,Resolved,"[""ALT-CSE-01-00112""]"
CAS-CSE-01-0033,CSE-01,2024-11-25 22:43:11.153694,2024-11-25 23:22:00.779983,Investigation completed. Findings documented in internal tracker 3.,ANA-05,False,Resolved,"[""ALT-CSE-01-00113""]"
CAS-CSE-01-0034,CSE-01,2024-12-19 05:40:38.891327,2024-12-19 06:13:25.204215,Investigation completed. Findings documented in internal tracker 14.,ANA-01,False,Resolved,"[""ALT-CSE-01-00131""]"
CAS-CSE-01-0035,CSE-01,2024-10-28 07:24:12.737498,2024-10-28 08:14:24.297530,Investigation completed. Findings documented in internal tracker 37.,ANA-01,False,Resolved,"[""ALT-CSE-01-00132""]"
CAS-CSE-01-0036,CSE-01,2024-12-20 06:17:15.720215,2024-12-20 07:45:45.703389,Investigation completed. Findings documented in internal tracker 26.,ANA-02,False,Resolved,"[""ALT-CSE-01-00133""]"
CAS-CSE-01-0037,CSE-01,2024-10-25 12:31:56.906165,2024-10-25 14:54:11.454990,Investigation completed. Findings documented in internal tracker 24.,ANA-04,True,Resolved,"[""ALT-CSE-01-00141""]"
CAS-CSE-01-0038,CSE-01,2024-10-13 03:37:26.368270,2024-10-13 04:20:26.379813,Investigation completed. Findings documented in internal tracker 5.,ANA-02,False,Resolved,"[""ALT-CSE-01-00143""]"
CAS-CSE-01-0039,CSE-01,2024-11-20 07:39:27.536945,2024-11-20 08:04:12.240041,Investigation completed. Findings documented in internal tracker 20.,ANA-03,True,Resolved,"[""ALT-CSE-01-00146""]"
CAS-CSE-01-0040,CSE-01,2024-11-29 23:09:49.363411,2024-11-30 00:13:09.211478,Investigation completed. Findings documented in internal tracker 37.,ANA-02,True,Resolved,"[""ALT-CSE-01-00148""]"
CAS-CSE-01-0041,CSE-01,2024-10-08 18:14:56.116240,2024-10-08 19:50:49.611104,Investigation completed. Findings documented in internal tracker 11.,ANA-05,False,Resolved,"[""ALT-CSE-01-00155""]"
CAS-CSE-01-0042,CSE-01,2024-10-21 10:37:58.273326,2024-10-21 11:34:26.408056,Investigation completed. Findings documented in internal tracker 10.,ANA-01,True,Resolved,"[""ALT-CSE-01-00180""]"
CAS-CSE-01-0043,CSE-01,2024-11-19 17:42:02.063993,2024-11-19 20:25:05.052083,Investigation completed. Findings documented in internal tracker 26.,ANA-05,False,Resolved,"[""ALT-CSE-01-00181""]"
CAS-CSE-01-0044,CSE-01,2024-10-06 13:07:47.277948,2024-10-06 13:23:32.305976,Investigation completed. Findings documented in internal tracker 39.,ANA-05,False,Resolved,"[""ALT-CSE-01-00186""]"
CAS-CSE-01-0045,CSE-01,2024-12-29 06:09:25.876366,2024-12-29 06:50:02.135802,Investigation completed. Findings documented in internal tracker 37.,ANA-01,False,Resolved,"[""ALT-CSE-01-00190""]"
CAS-CSE-01-0046,CSE-01,2024-11-11 08:22:58.788380,2024-11-11 08:49:05.403007,Investigation completed. Findings documented in internal tracker 26.,ANA-03,True,Resolved,"[""ALT-CSE-01-00200""]"
CAS-CSE-01-0047,CSE-01,2024-11-11 03:55:47.617708,2024-11-11 06:04:49.376080,Investigation completed. Findings documented in internal tracker 19.,ANA-02,False,Resolved,"[""ALT-CSE-01-00202""]"
CAS-CSE-01-0048,CSE-01,2024-11-02 18:54:59.454032,2024-11-02 20:52:00.322540,Investigation completed. Findings documented in internal tracker 10.,ANA-04,False,Resolved,"[""ALT-CSE-01-00203""]"
CAS-CSE-01-0049,CSE-01,2024-10-15 11:38:45.626418,2024-10-15 12:17:02.953883,Investigation completed. Findings documented in internal tracker 9.,ANA-04,False,Resolved,"[""ALT-CSE-01-00207""]"
CAS-CSE-01-0050,CSE-01,2024-12-26 22:06:09.238826,2024-12-26 22:10:04.388907,Investigation completed. Findings documented in internal tracker 1.,ANA-03,True,Resolved,"[""ALT-CSE-01-00211""]"
CAS-CSE-01-0051,CSE-01,2024-11-10 03:29:45.245940,2024-11-10 04:24:59.351386,Investigation completed. Findings documented in internal tracker 14.,ANA-05,False,Resolved,"[""ALT-CSE-01-00213""]"
CAS-CSE-01-0052,CSE-01,2024-10-27 09:56:08.551268,2024-10-27 13:17:54.807767,Investigation completed. Findings documented in internal tracker 22.,ANA-04,False,Resolved,"[""ALT-CSE-01-00219""]"
CAS-CSE-01-0053,CSE-01,2024-10-09 12:26:04.041705,2024-10-09 13:11:47.316702,Investigation completed. Findings documented in internal tracker 9.,ANA-03,True,Resolved,"[""ALT-CSE-01-00223""]"
CAS-CSE-01-0054,CSE-01,2024-10-19 18:16:36.947438,2024-10-19 18:57:42.812608,Investigation completed. Findings documented in internal tracker 20.,ANA-04,True,Resolved,"[""ALT-CSE-01-00231""]"
CAS-CSE-01-0055,CSE-01,2024-11-18 12:11:27.072895,2024-11-18 13:14:05.907469,Investigation completed. Findings documented in internal tracker 38.,ANA-01,True,Resolved,"[""ALT-CSE-01-00233""]"
CAS-CSE-01-0056,CSE-01,2024-12-10 08:58:27.015242,2024-12-10 10:30:17.366067,Investigation completed. Findings documented in internal tracker 12.,ANA-03,False,Resolved,"[""ALT-CSE-01-00234""]"
CAS-CSE-01-0057,CSE-01,2024-12-11 16:50:16.651132,2024-12-11 17:06:37.220984,Investigation completed. Findings documented in internal tracker 5.,ANA-04,False,Resolved,"[""ALT-CSE-01-00244""]"
CAS-CSE-01-0058,CSE-01,2024-12-19 00:21:14.071015,2024-12-19 01:56:42.988299,Investigation completed. Findings documented in internal tracker 3.,ANA-04,True,Resolved,"[""ALT-CSE-01-00245""]"
CAS-CSE-01-0059,CSE-01,2024-11-28 17:15:42.539977,2024-11-28 18:33:31.096026,Investigation completed. Findings documented in internal tracker 16.,ANA-02,False,Resolved,"[""ALT-CSE-01-00247""]"
CAS-CSE-01-0060,CSE-01,2024-12-10 10:50:05.992415,2024-12-10 11:23:26.927185,Investigation completed. Findings documented in internal tracker 23.,ANA-01,False,Resolved,"[""ALT-CSE-01-00250""]"
CAS-CSE-01-0061,CSE-01,2024-12-12 21:44:48.271509,2024-12-12 22:38:43.828843,Investigation completed. Findings documented in internal tracker 26.,ANA-01,False,Resolved,"[""ALT-CSE-01-00261""]"
CAS-CSE-01-0062,CSE-01,2024-12-20 19:19:05.453269,2024-12-20 20:13:26.036133,Investigation completed. Findings documented in internal tracker 14.,ANA-05,False,Resolved,"[""ALT-CSE-01-00264""]"
CAS-CSE-01-0063,CSE-01,2024-10-17 08:40:55.424182,2024-10-17 09:55:24.618805,Investigation completed. Findings documented in internal tracker 13.,ANA-03,False,Resolved,"[""ALT-CSE-01-00273""]"
CAS-CSE-01-0064,CSE-01,2024-10-06 20:03:22.311582,2024-10-06 20:50:20.648388,Investigation completed. Findings documented in internal tracker 15.,ANA-01,False,Resolved,"[""ALT-CSE-01-00274""]"
CAS-CSE-01-0065,CSE-01,2024-12-20 20:57:22.071415,2024-12-20 21:42:10.266293,Investigation completed. Findings documented in internal tracker 25.,ANA-03,False,Resolved,"[""ALT-CSE-01-00278""]"
CAS-CSE-01-0066,CSE-01,2024-10-01 03:07:25.385047,2024-10-01 05:16:55.160557,Investigation completed. Findings documented in internal tracker 12.,ANA-01,True,Resolved,"[""ALT-CSE-01-00281""]"
CAS-CSE-01-0067,CSE-01,2024-10-02 08:28:45.540820,2024-10-02 11:33:14.050233,Investigation completed. Findings documented in internal tracker 5.,ANA-04,False,Resolved,"[""ALT-CSE-01-00293""]"
CAS-CSE-01-0068,CSE-01,2024-10-15 17:36:10.138395,2024-10-15 19:10:32.249835,Investigation completed. Findings documented in internal tracker 15.,ANA-04,False,Resolved,"[""ALT-CSE-01-00294""]"
CAS-CSE-01-0069,CSE-01,2024-12-09 21:05:41.556657,2024-12-09 21:58:31.792972,Investigation completed. Findings documented in internal tracker 28.,ANA-04,False,Resolved,"[""ALT-CSE-01-00298""]"
CAS-CSE-01-0070,CSE-01,2024-12-05 07:02:27.228250,2024-12-05 09:23:06.991913,Investigation completed. Findings documented in internal tracker 27.,ANA-03,False,Resolved,"[""ALT-CSE-01-00299""]"
CAS-CSE-01-0071,CSE-01,2024-11-27 11:59:53.684338,2024-11-27 12:26:59.834476,Investigation completed. Findings documented in internal tracker 9.,ANA-01,False,Resolved,"[""ALT-CSE-01-00300""]"
CAS-CSE-01-0072,CSE-01,2024-10-31 14:53:50.711060,2024-10-31 15:32:17.501965,Investigation completed. Findings documented in internal tracker 7.,ANA-03,True,Resolved,"[""ALT-CSE-01-00302""]"
CAS-CSE-01-0073,CSE-01,2024-12-19 08:47:32.993417,2024-12-19 11:48:15.710957,Investigation completed. Findings documented in internal tracker 12.,ANA-02,True,Resolved,"[""ALT-CSE-01-00303""]"
CAS-CSE-01-0074,CSE-01,2024-11-21 16:57:23.281721,2024-11-21 18:51:48.523095,Investigation completed. Findings documented in internal tracker 33.,ANA-01,True,Resolved,"[""ALT-CSE-01-00308""]"
CAS-CSE-01-0075,CSE-01,2024-11-17 14:38:13.308702,2024-11-17 15:06:16.064391,Investigation completed. Findings documented in internal tracker 17.,ANA-02,False,Resolved,"[""ALT-CSE-01-00314""]"
CAS-CSE-01-0076,CSE-01,2024-11-19 23:16:02.131804,2024-11-20 00:48:53.572950,Investigation completed. Findings documented in internal tracker 36.,ANA-02,True,Resolved,"[""ALT-CSE-01-00317""]"
CAS-CSE-01-0077,CSE-01,2024-11-10 06:22:20.579714,2024-11-10 07:13:09.501947,Investigation completed. Findings documented in internal tracker 37.,ANA-03,True,Resolved,"[""ALT-CSE-01-00319""]"
CAS-CSE-01-0078,CSE-01,2024-10-28 02:46:50.115104,2024-10-28 03:37:07.634999,Investigation completed. Findings documented in internal tracker 24.,ANA-02,False,Resolved,"[""ALT-CSE-01-00320""]"
CAS-CSE-01-0079,CSE-01,2024-11-06 00:59:04.096755,2024-11-06 02:02:15.712185,Investigation completed. Findings documented in internal tracker 38.,ANA-05,False,Resolved,"[""ALT-CSE-01-00324""]"
CAS-CSE-01-0080,CSE-01,2024-11-12 15:07:01.102711,2024-11-12 15:49:59.704559,Investigation completed. Findings documented in internal tracker 6.,ANA-02,False,Resolved,"[""ALT-CSE-01-00325""]"
CAS-CSE-01-0081,CSE-01,2024-11-25 05:41:03.776273,2024-11-25 08:18:23.541698,Investigation completed. Findings documented in internal tracker 22.,ANA-04,False,Resolved,"[""ALT-CSE-01-00328""]"
CAS-CSE-01-0082,CSE-01,2024-11-04 17:35:13.992770,2024-11-04 18:34:14.922444,Investigation completed. Findings documented in internal tracker 32.,ANA-01,True,Resolved,"[""ALT-CSE-01-00329""]"
CAS-CSE-01-0083,CSE-01,2024-11-04 08:12:08.433031,2024-11-04 09:48:00.723007,Investigation completed. Findings documented in internal tracker 13.,ANA-02,False,Resolved,"[""ALT-CSE-01-00330""]"
CAS-CSE-01-0084,CSE-01,2024-10-09 11:21:55.002393,2024-10-09 12:14:54.628949,Investigation completed. Findings documented in internal tracker 21.,ANA-02,True,Resolved,"[""ALT-CSE-01-00332""]"
CAS-CSE-01-0085,CSE-01,2024-10-22 20:59:58.150523,2024-10-22 22:40:42.054654,Investigation completed. Findings documented in internal tracker 26.,ANA-03,False,Resolved,"[""ALT-CSE-01-00344""]"
CAS-CSE-01-0086,CSE-01,2024-10-29 15:29:53.508370,2024-10-29 15:44:07.748572,Investigation completed. Findings documented in internal tracker 24.,ANA-03,False,Resolved,"[""ALT-CSE-01-00348""]"
CAS-CSE-01-0087,CSE-01,2024-11-05 14:21:36.257172,2024-11-05 17:24:40.365735,Investigation completed. Findings documented in internal tracker 1.,ANA-02,False,Resolved,"[""ALT-CSE-01-00350""]"
CAS-CSE-01-0088,CSE-01,2024-10-15 14:50:24.364783,2024-10-15 15:28:44.537030,Investigation completed. Findings documented in internal tracker 38.,ANA-03,False,Resolved,"[""ALT-CSE-01-00356""]"
CAS-CSE-01-0089,CSE-01,2024-12-23 13:43:12.964282,2024-12-23 16:11:10.265589,Investigation completed. Findings documented in internal tracker 2.,ANA-03,False,Resolved,"[""ALT-CSE-01-00361""]"
CAS-CSE-01-0090,CSE-01,2024-10-03 15:36:43.008925,2024-10-03 17:37:33.748702,Investigation completed. Findings documented in internal tracker 13.,ANA-04,True,Resolved,"[""ALT-CSE-01-00369""]"
CAS-CSE-01-0091,CSE-01,2024-12-16 10:00:02.964657,2024-12-16 10:19:52.419712,Investigation completed. Findings documented in internal tracker 36.,ANA-03,False,Resolved,"[""ALT-CSE-01-00372""]"
CAS-CSE-01-0092,CSE-01,2024-12-08 00:12:32.969710,2024-12-08 00:42:59.089836,Investigation completed. Findings documented in internal tracker 19.,ANA-05,True,Resolved,"[""ALT-CSE-01-00388""]"
CAS-CSE-01-0093,CSE-01,2024-10-17 01:13:11.957712,2024-10-17 02:01:20.656544,Investigation completed. Findings documented in internal tracker 11.,ANA-05,True,Resolved,"[""ALT-CSE-01-00396""]"
CAS-CSE-01-0094,CSE-01,2024-11-10 22:04:59.638625,2024-11-11 00:08:52.178751,Investigation completed. Findings documented in internal tracker 33.,ANA-02,True,Resolved,"[""ALT-CSE-01-00397""]"
CAS-CSE-01-0095,CSE-01,2024-10-13 05:38:37.121420,2024-10-13 06:18:23.787219,Investigation completed. Findings documented in internal tracker 25.,ANA-05,True,Resolved,"[""ALT-CSE-01-00406""]"
CAS-CSE-01-0096,CSE-01,2024-10-31 14:17:20.864059,2024-10-31 15:06:09.962620,Investigation completed. Findings documented in internal tracker 38.,ANA-02,False,Resolved,"[""ALT-CSE-01-00417""]"
CAS-CSE-01-0097,CSE-01,2024-11-05 04:08:19.095432,2024-11-05 06:10:22.050530,Investigation completed. Findings documented in internal tracker 14.,ANA-04,True,Resolved,"[""ALT-CSE-01-00420""]"
CAS-CSE-01-0098,CSE-01,2024-11-28 10:13:57.114437,2024-11-28 11:11:49.122299,Investigation completed. Findings documented in internal tracker 25.,ANA-05,False,Resolved,"[""ALT-CSE-01-00422""]"
CAS-CSE-01-0099,CSE-01,2024-12-22 05:54:10.528455,2024-12-22 07:22:39.497500,Investigation completed. Findings documented in internal tracker 24.,ANA-03,False,Resolved,"[""ALT-CSE-01-00426""]"
CAS-CSE-01-0100,CSE-01,2024-10-14 21:38:12.537459,2024-10-14 21:41:54.330241,Investigation completed. Findings documented in internal tracker 36.,ANA-05,False,Resolved,"[""ALT-CSE-01-00429""]"
CAS-CSE-01-0101,CSE-01,2024-10-31 21:22:07.431865,2024-10-31 22:04:39.237596,Investigation completed. Findings documented in internal tracker 13.,ANA-02,True,Resolved,"[""ALT-CSE-01-00435""]"
CAS-CSE-01-0102,CSE-01,2024-11-27 00:47:11.973555,2024-11-27 01:34:53.254203,Investigation completed. Findings documented in internal tracker 35.,ANA-04,False,Resolved,"[""ALT-CSE-01-00438""]"
CAS-CSE-01-0103,CSE-01,2024-11-17 02:18:51.295001,2024-11-17 04:10:55.223189,Investigation completed. Findings documented in internal tracker 35.,ANA-03,False,Resolved,"[""ALT-CSE-01-00439""]"
CAS-CSE-01-0104,CSE-01,2024-11-06 21:36:50.586291,2024-11-06 22:39:36.537265,Investigation completed. Findings documented in internal tracker 30.,ANA-01,False,Resolved,"[""ALT-CSE-01-00440""]"
CAS-CSE-01-0105,CSE-01,2024-12-07 19:48:30.288716,2024-12-07 20:29:42.568152,Investigation completed. Findings documented in internal tracker 4.,ANA-03,False,Resolved,"[""ALT-CSE-01-00448""]"
CAS-CSE-01-0106,CSE-01,2024-10-15 10:30:49.770254,2024-10-15 10:53:44.592533,Investigation completed. Findings documented in internal tracker 23.,ANA-02,True,Resolved,"[""ALT-CSE-01-00451""]"
CAS-CSE-01-0107,CSE-01,2024-10-25 02:58:39.799049,2024-10-25 06:22:23.772750,Investigation completed. Findings documented in internal tracker 33.,ANA-01,False,Resolved,"[""ALT-CSE-01-00454""]"
CAS-CSE-01-0108,CSE-01,2024-10-07 07:02:25.940639,2024-10-07 06:52:35.000000,Investigation completed. Findings documented in internal tracker 24.,ANA-05,False,Resolved,"[""ALT-CSE-01-00459""]"
CAS-CSE-01-0109,CSE-01,2024-10-31 23:43:23.181422,2024-11-01 01:55:07.948598,Investigation completed. Findings documented in internal tracker 27.,ANA-03,True,Resolved,"[""ALT-CSE-01-00468""]"
CAS-CSE-01-0110,CSE-01,2024-12-04 20:03:12.464335,2024-12-04 20:28:50.162240,Investigation completed. Findings documented in internal tracker 6.,ANA-01,False,Resolved,"[""ALT-CSE-01-00470""]"
CAS-CSE-01-0111,CSE-01,2024-12-18 11:21:59.607310,2024-12-18 12:15:45.139322,Investigation completed. Findings documented in internal tracker 34.,ANA-03,True,Resolved,"[""ALT-CSE-01-00471""]"
CAS-CSE-01-0112,CSE-01,2024-12-09 15:56:37.449047,2024-12-09 16:24:38.859752,Investigation completed. Findings documented in internal tracker 0.,ANA-04,False,Resolved,"[""ALT-CSE-01-00474""]"
CAS-CSE-01-0113,CSE-01,2024-12-05 03:25:11.700955,2024-12-05 05:58:31.251492,Investigation completed. Findings documented in internal tracker 35.,ANA-04,False,Resolved,"[""ALT-CSE-01-00477""]"
CAS-CSE-01-0114,CSE-01,2024-12-12 21:28:57.292609,2024-12-12 22:12:32.166891,Investigation completed. Findings documented in internal tracker 33.,ANA-01,False,Resolved,"[""ALT-CSE-01-00482""]"
CAS-CSE-01-0115,CSE-01,2024-10-31 21:36:32.451161,2024-10-31 23:15:44.070921,Investigation completed. Findings documented in internal tracker 32.,ANA-04,False,Resolved,"[""ALT-CSE-01-00489""]"
CAS-CSE-01-0116,CSE-01,2024-10-24 14:17:33.586985,2024-10-24 16:52:02.201171,Investigation completed. Findings documented in internal tracker 39.,ANA-03,True,Resolved,"[""ALT-CSE-01-00491""]"
CAS-CSE-01-0117,CSE-01,2024-12-07 08:26:50.944129,2024-12-07 09:14:24.113746,Investigation completed. Findings documented in internal tracker 25.,ANA-05,False,Resolved,"[""ALT-CSE-01-00493""]"
CAS-CSE-01-0118,CSE-01,2024-12-16 06:58:29.468785,2024-12-16 09:38:46.967930,Investigation completed. Findings documented in internal tracker 21.,ANA-01,False,Resolved,"[""ALT-CSE-01-00502""]"
CAS-CSE-01-0119,CSE-01,2024-11-14 23:46:09.521151,2024-11-15 00:25:24.625020,Investigation completed. Findings documented in internal tracker 34.,ANA-02,False,Resolved,"[""ALT-CSE-01-00504""]"
CAS-CSE-01-0120,CSE-01,2024-10-09 06:14:31.777323,2024-10-09 06:22:53.256024,Investigation completed. Findings documented in internal tracker 7.,ANA-03,False,Resolved,"[""ALT-CSE-01-00505""]"
CAS-CSE-01-0121,CSE-01,2024-10-03 21:14:19.455427,2024-10-03 21:57:25.983580,Investigation completed. Findings documented in internal tracker 23.,ANA-02,False,Resolved,"[""ALT-CSE-01-00515""]"
CAS-CSE-01-0122,CSE-01,2024-11-10 00:49:50.867442,2024-11-10 01:52:57.005162,Investigation completed. Findings documented in internal tracker 5.,ANA-01,False,Resolved,"[""ALT-CSE-01-00520""]"
CAS-CSE-01-0123,CSE-01,2024-10-20 01:42:16.053182,2024-10-20 02:47:25.916030,Investigation completed. Findings documented in internal tracker 22.,ANA-05,False,Resolved,"[""ALT-CSE-01-00521""]"
CAS-CSE-01-0124,CSE-01,2024-11-13 13:19:55.372720,2024-11-13 13:37:14.221249,Investigation completed. Findings documented in internal tracker 13.,ANA-02,True,Resolved,"[""ALT-CSE-01-00525""]"
CAS-CSE-01-0125,CSE-01,2024-10-02 11:38:02.846759,2024-10-02 12:03:54.823320,Investigation completed. Findings documented in internal tracker 13.,ANA-05,False,Resolved,"[""ALT-CSE-01-00526""]"
CAS-CSE-01-0126,CSE-01,2024-11-26 05:21:44.304747,2024-11-26 06:32:30.890747,Investigation completed. Findings documented in internal tracker 17.,ANA-04,True,Resolved,"[""ALT-CSE-01-00541""]"
CAS-CSE-01-0127,CSE-01,2024-10-31 11:21:26.375860,2024-10-31 13:03:13.486876,Investigation completed. Findings documented in internal tracker 31.,ANA-03,True,Resolved,"[""ALT-CSE-01-00542""]"
CAS-CSE-01-0128,CSE-01,2024-12-27 11:50:11.602812,2024-12-27 13:19:24.844438,Investigation completed. Findings documented in internal tracker 16.,ANA-05,False,Resolved,"[""ALT-CSE-01-00544""]"
CAS-CSE-01-0129,CSE-01,2024-12-13 23:03:15.135492,2024-12-13 23:52:59.173179,Investigation completed. Findings documented in internal tracker 28.,ANA-01,False,Resolved,"[""ALT-CSE-01-00560""]"
CAS-CSE-01-0130,CSE-01,2024-10-27 15:06:53.729026,2024-10-27 16:08:34.978661,Investigation completed. Findings documented in internal tracker 30.,ANA-01,False,Resolved,"[""ALT-CSE-01-00566""]"
CAS-CSE-01-0131,CSE-01,2024-10-23 16:33:26.535768,2024-10-23 17:07:13.224849,Investigation completed. Findings documented in internal tracker 3.,ANA-04,False,Resolved,"[""ALT-CSE-01-00575""]"
CAS-CSE-01-0132,CSE-01,2024-12-25 16:57:53.968536,2024-12-25 17:50:17.197754,Investigation completed. Findings documented in internal tracker 15.,ANA-05,False,Resolved,"[""ALT-CSE-01-00581""]"
CAS-CSE-01-0133,CSE-01,2024-10-15 08:36:00.106383,2024-10-15 08:52:39.491705,Investigation completed. Findings documented in internal tracker 29.,ANA-03,True,Resolved,"[""ALT-CSE-01-00582""]"
CAS-CSE-01-0134,CSE-01,2024-11-09 17:29:17.715883,2024-11-09 18:45:23.309637,Investigation completed. Findings documented in internal tracker 36.,ANA-04,True,Resolved,"[""ALT-CSE-01-00585""]"
CAS-CSE-01-0135,CSE-01,2024-11-04 07:49:02.240620,2024-11-04 08:18:10.071405,Investigation completed. Findings documented in internal tracker 15.,ANA-02,False,Resolved,"[""ALT-CSE-01-00608""]"
CAS-CSE-01-0136,CSE-01,2024-12-08 05:15:27.528573,2024-12-08 07:08:29.962634,Investigation completed. Findings documented in internal tracker 32.,ANA-01,True,Resolved,"[""ALT-CSE-01-00619""]"
CAS-CSE-01-0137,CSE-01,2024-12-03 01:04:02.795938,2024-12-03 01:57:17.416529,Investigation completed. Findings documented in internal tracker 9.,ANA-02,True,Resolved,"[""ALT-CSE-01-00622""]"
CAS-CSE-01-0138,CSE-01,2024-11-02 05:41:15.569361,2024-11-02 06:18:28.663927,Investigation completed. Findings documented in internal tracker 1.,ANA-01,False,Resolved,"[""ALT-CSE-01-00628""]"
CAS-CSE-01-0139,CSE-01,2024-11-08 21:41:30.591415,2024-11-09 00:03:22.078071,Investigation completed. Findings documented in internal tracker 4.,ANA-04,False,Resolved,"[""ALT-CSE-01-00630""]"
CAS-CSE-01-0140,CSE-01,2024-10-04 03:55:36.167080,2024-10-04 04:49:19.678190,Investigation completed. Findings documented in internal tracker 22.,ANA-04,True,Resolved,"[""ALT-CSE-01-00634""]"
CAS-CSE-01-0141,CSE-01,2024-11-18 16:06:04.594094,2024-11-18 18:00:31.872100,Investigation completed. Findings documented in internal tracker 39.,ANA-02,True,Resolved,"[""ALT-CSE-01-00635""]"
CAS-CSE-01-0142,CSE-01,2024-11-24 08:50:26.806826,2024-11-24 09:45:54.943830,Investigation completed. Findings documented in internal tracker 10.,ANA-04,False,Resolved,"[""ALT-CSE-01-00656""]"
CAS-CSE-01-0143,CSE-01,2024-11-29 18:34:51.794970,2024-11-29 19:15:25.496670,Investigation completed. Findings documented in internal tracker 36.,ANA-04,False,Resolved,"[""ALT-CSE-01-00661""]"
CAS-CSE-01-0144,CSE-01,2024-10-16 00:01:23.285790,2024-10-16 00:53:49.223619,Investigation completed. Findings documented in internal tracker 1.,ANA-02,False,Resolved,"[""ALT-CSE-01-00664""]"
CAS-CSE-01-0145,CSE-01,2024-10-07 11:39:09.429417,2024-10-07 12:56:00.084284,Investigation completed. Findings documented in internal tracker 30.,ANA-01,False,Resolved,"[""ALT-CSE-01-00665""]"
CAS-CSE-01-0146,CSE-01,2024-10-06 18:25:51.138283,2024-10-06 18:58:14.455779,Investigation completed. Findings documented in internal tracker 16.,ANA-02,False,Resolved,"[""ALT-CSE-01-00667""]"
CAS-CSE-01-0147,CSE-01,2024-10-03 13:57:01.383939,2024-10-03 16:07:49.850117,Investigation completed. Findings documented in internal tracker 33.,ANA-02,True,Resolved,"[""ALT-CSE-01-00668""]"
CAS-CSE-01-0148,CSE-01,2024-12-12 02:54:53.869511,2024-12-12 03:33:34.951015,Investigation completed. Findings documented in internal tracker 10.,ANA-02,False,Resolved,"[""ALT-CSE-01-00675""]"
CAS-CSE-01-0149,CSE-01,2024-11-27 17:09:42.397081,2024-11-27 17:41:05.911812,Investigation completed. Findings documented in internal tracker 32.,ANA-04,False,Resolved,"[""ALT-CSE-01-00676""]"
CAS-CSE-01-0150,CSE-01,2024-10-25 00:34:31.159727,2024-10-25 02:16:41.299962,Investigation completed. Findings documented in internal tracker 23.,ANA-02,False,Resolved,"[""ALT-CSE-01-00677""]"
CAS-CSE-01-0151,CSE-01,2024-11-25 05:33:34.555922,2024-11-25 07:17:02.018601,Investigation completed. Findings documented in internal tracker 25.,ANA-04,False,Resolved,"[""ALT-CSE-01-00679""]"
CAS-CSE-01-0152,CSE-01,2024-11-23 09:21:58.746580,2024-11-23 10:31:31.937986,Investigation completed. Findings documented in internal tracker 4.,ANA-01,False,Resolved,"[""ALT-CSE-01-00682""]"
CAS-CSE-01-0153,CSE-01,2024-11-11 07:51:27.940174,2024-11-11 09:32:30.857249,Investigation completed. Findings documented in internal tracker 19.,ANA-03,False,Resolved,"[""ALT-CSE-01-00688""]"
CAS-CSE-01-0154,CSE-01,2024-11-06 05:15:42.519413,2024-11-06 05:43:25.656314,Investigation completed. Findings documented in internal tracker 18.,ANA-01,False,Resolved,"[""ALT-CSE-01-00689""]"
CAS-CSE-01-0155,CSE-01,2024-11-16 04:56:08.271205,2024-11-16 05:23:10.120287,Investigation completed. Findings documented in internal tracker 32.,ANA-03,False,Resolved,"[""ALT-CSE-01-00693""]"
CAS-CSE-01-0156,CSE-01,2024-11-09 05:02:09.873494,2024-11-09 05:34:13.382070,Investigation completed. Findings documented in internal tracker 25.,ANA-01,False,Resolved,"[""ALT-CSE-01-00698""]"
CAS-CSE-01-0157,CSE-01,2024-11-01 21:20:33.299194,2024-11-01 21:54:14.367005,Investigation completed. Findings documented in internal tracker 28.,ANA-01,False,Resolved,"[""ALT-CSE-01-00700""]"
CAS-CSE-01-0158,CSE-01,2024-11-18 17:51:34.290265,2024-11-18 18:28:13.257831,Investigation completed. Findings documented in internal tracker 31.,ANA-04,False,Resolved,"[""ALT-CSE-01-00711""]"
CAS-CSE-01-0159,CSE-01,2024-10-03 13:28:35.401811,2024-10-03 14:04:53.540983,Investigation completed. Findings documented in internal tracker 6.,ANA-03,True,Resolved,"[""ALT-CSE-01-00713""]"
CAS-CSE-01-0160,CSE-01,2024-12-28 04:56:54.078801,2024-12-28 06:18:07.113620,Investigation completed. Findings documented in internal tracker 24.,ANA-05,False,Resolved,"[""ALT-CSE-01-00717""]"
CAS-CSE-01-0161,CSE-01,2024-11-03 12:52:54.975083,2024-11-03 13:36:17.502492,Investigation completed. Findings documented in internal tracker 32.,ANA-01,False,Resolved,"[""ALT-CSE-01-00718""]"
CAS-CSE-01-0162,CSE-01,2024-11-18 19:38:51.994106,2024-11-18 22:47:53.265529,Investigation completed. Findings documented in internal tracker 26.,ANA-05,False,Resolved,"[""ALT-CSE-01-00720""]"
CAS-CSE-01-0163,CSE-01,2024-10-31 05:41:18.085251,2024-10-31 06:33:22.588028,Investigation completed. Findings documented in internal tracker 17.,ANA-04,True,Resolved,"[""ALT-CSE-01-00721""]"
CAS-CSE-01-0164,CSE-01,2024-11-21 19:00:44.094372,2024-11-21 20:07:28.906262,Investigation completed. Findings documented in internal tracker 21.,ANA-01,False,Resolved,"[""ALT-CSE-01-00722""]"
CAS-CSE-01-0165,CSE-01,2024-10-14 09:26:00.768885,2024-10-14 09:57:11.699936,Investigation completed. Findings documented in internal tracker 33.,ANA-05,False,Resolved,"[""ALT-CSE-01-00738""]"
CAS-CSE-01-0166,CSE-01,2024-12-05 09:38:33.787871,2024-12-05 11:05:25.334711,Investigation completed. Findings documented in internal tracker 35.,ANA-04,True,Resolved,"[""ALT-CSE-01-00752""]"
CAS-CSE-01-0167,CSE-01,2024-10-17 13:41:04.865001,2024-10-17 14:14:25.561988,Investigation completed. Findings documented in internal tracker 15.,ANA-04,False,Resolved,"[""ALT-CSE-01-00753""]"
CAS-CSE-01-0168,CSE-01,2024-10-27 05:49:47.144973,2024-10-27 07:43:54.808928,Investigation completed. Findings documented in internal tracker 12.,ANA-02,True,Resolved,"[""ALT-CSE-01-00755""]"
CAS-CSE-01-0169,CSE-01,2024-10-08 09:20:49.710396,2024-10-08 10:48:10.102882,Investigation completed. Findings documented in internal tracker 10.,ANA-03,False,Resolved,"[""ALT-CSE-01-00758""]"
CAS-CSE-01-0170,CSE-01,2024-12-18 11:17:08.351004,2024-12-18 12:06:37.437439,Investigation completed. Findings documented in internal tracker 23.,ANA-02,False,Resolved,"[""ALT-CSE-01-00759""]"
CAS-CSE-01-0171,CSE-01,2024-12-17 10:50:16.780850,2024-12-17 11:39:54.866244,Investigation completed. Findings documented in internal tracker 11.,ANA-04,False,Resolved,"[""ALT-CSE-01-00765""]"
CAS-CSE-01-0172,CSE-01,2024-12-12 21:37:47.188154,2024-12-12 23:39:15.280135,Investigation completed. Findings documented in internal tracker 24.,ANA-02,True,Resolved,"[""ALT-CSE-01-00769""]"
CAS-CSE-01-0173,CSE-01,2024-10-23 19:44:41.847768,2024-10-23 20:33:03.372079,Investigation completed. Findings documented in internal tracker 21.,ANA-02,True,Resolved,"[""ALT-CSE-01-00772""]"
CAS-CSE-01-0174,CSE-01,2024-10-31 10:31:00.924801,2024-10-31 10:57:29.682911,Investigation completed. Findings documented in internal tracker 19.,ANA-02,False,Resolved,"[""ALT-CSE-01-00778""]"
CAS-CSE-01-0175,CSE-01,2024-10-16 10:07:52.432600,2024-10-16 10:48:18.628779,Investigation completed. Findings documented in internal tracker 9.,ANA-03,False,Resolved,"[""ALT-CSE-01-00784""]"
CAS-CSE-01-0176,CSE-01,2024-10-10 01:22:52.490373,2024-10-10 02:20:00.975637,Investigation completed. Findings documented in internal tracker 38.,ANA-02,False,Resolved,"[""ALT-CSE-01-00786""]"
CAS-CSE-01-0177,CSE-01,2024-11-21 12:25:39.861433,2024-11-21 13:11:12.831049,Investigation completed. Findings documented in internal tracker 6.,ANA-01,False,Resolved,"[""ALT-CSE-01-00789""]"
CAS-CSE-01-0178,CSE-01,2024-12-24 12:42:22.352194,2024-12-24 14:56:36.772333,Investigation completed. Findings documented in internal tracker 18.,ANA-01,False,Resolved,"[""ALT-CSE-01-00796""]"
CAS-CSE-01-0179,CSE-01,2024-12-18 23:25:43.903398,2024-12-19 00:24:54.778678,Investigation completed. Findings documented in internal tracker 7.,ANA-04,False,Resolved,"[""ALT-CSE-01-00804""]"
CAS-CSE-01-0180,CSE-01,2024-11-08 22:06:58.679648,2024-11-08 22:22:44.735323,Investigation completed. Findings documented in internal tracker 28.,ANA-05,False,Resolved,"[""ALT-CSE-01-00805""]"
CAS-CSE-01-0181,CSE-01,2024-12-04 01:11:48.036432,2024-12-04 02:00:52.783754,Investigation completed. Findings documented in internal tracker 6.,ANA-02,False,Resolved,"[""ALT-CSE-01-00809""]"
CAS-CSE-01-0182,CSE-01,2024-10-25 03:21:57.985143,2024-10-25 04:31:02.740935,Investigation completed. Findings documented in internal tracker 19.,ANA-01,False,Resolved,"[""ALT-CSE-01-00810""]"
CAS-CSE-01-0183,CSE-01,2024-12-18 11:30:08.875810,2024-12-18 11:47:57.339978,Investigation completed. Findings documented in internal tracker 28.,ANA-05,True,Resolved,"[""ALT-CSE-01-00815""]"
CAS-CSE-01-0184,CSE-01,2024-10-13 07:14:20.401645,2024-10-13 08:18:58.630818,Investigation completed. Findings documented in internal tracker 3.,ANA-04,True,Resolved,"[""ALT-CSE-01-00817""]"
CAS-CSE-01-0185,CSE-01,2024-12-16 09:17:09.519365,2024-12-16 10:52:09.699015,Investigation completed. Findings documented in internal tracker 6.,ANA-01,False,Resolved,"[""ALT-CSE-01-00820""]"
CAS-CSE-01-0186,CSE-01,2024-12-25 09:23:02.961435,2024-12-25 09:52:56.642821,Investigation completed. Findings documented in internal tracker 30.,ANA-01,True,Resolved,"[""ALT-CSE-01-00836""]"
CAS-CSE-01-0187,CSE-01,2024-12-06 23:51:23.140856,2024-12-07 00:59:29.512424,Investigation completed. Findings documented in internal tracker 1.,ANA-01,True,Resolved,"[""ALT-CSE-01-00840""]"
CAS-CSE-01-0188,CSE-01,2024-12-28 01:14:06.909571,2024-12-28 01:52:08.025422,Investigation completed. Findings documented in internal tracker 1.,ANA-05,False,Resolved,"[""ALT-CSE-01-00841""]"
CAS-CSE-01-0189,CSE-01,2024-12-28 15:38:36.728753,2024-12-28 16:05:24.187674,Investigation completed. Findings documented in internal tracker 17.,ANA-03,False,Resolved,"[""ALT-CSE-01-00846""]"
CAS-CSE-01-0190,CSE-01,2024-10-19 19:11:05.838271,2024-10-19 22:36:51.258108,Investigation completed. Findings documented in internal tracker 33.,ANA-02,True,Resolved,"[""ALT-CSE-01-00849""]"
CAS-CSE-01-0191,CSE-01,2024-12-05 11:07:50.866905,2024-12-05 11:50:56.296843,Investigation completed. Findings documented in internal tracker 7.,ANA-01,True,Resolved,"[""ALT-CSE-01-00856""]"
CAS-CSE-01-0192,CSE-01,2024-11-19 03:40:37.820657,2024-11-19 04:31:10.428910,Investigation completed. Findings documented in internal tracker 22.,ANA-02,False,Resolved,"[""ALT-CSE-01-00864""]"
CAS-CSE-01-0193,CSE-01,2024-12-06 09:36:22.118286,2024-12-06 09:50:14.251822,Investigation completed. Findings documented in internal tracker 11.,ANA-02,False,Resolved,"[""ALT-CSE-01-00868""]"
CAS-CSE-01-0194,CSE-01,2024-10-15 13:40:42.856415,2024-10-15 14:25:01.922983,Investigation completed. Findings documented in internal tracker 15.,ANA-03,False,Resolved,"[""ALT-CSE-01-00870""]"
CAS-CSE-01-0195,CSE-01,2024-10-29 02:12:18.226033,2024-10-29 04:45:37.191742,Investigation completed. Findings documented in internal tracker 27.,ANA-01,False,Resolved,"[""ALT-CSE-01-00875""]"
CAS-CSE-01-0196,CSE-01,2024-12-10 10:29:29.150666,2024-12-10 10:58:09.757462,Investigation completed. Findings documented in internal tracker 29.,ANA-05,True,Resolved,"[""ALT-CSE-01-00886""]"
CAS-CSE-01-0197,CSE-01,2024-10-03 08:09:57.197861,2024-10-03 09:40:29.187573,Investigation completed. Findings documented in internal tracker 26.,ANA-05,False,Resolved,"[""ALT-CSE-01-00888""]"
CAS-CSE-01-0198,CSE-01,2024-12-04 03:51:49.002543,2024-12-04 04:07:47.097003,Investigation completed. Findings documented in internal tracker 25.,ANA-01,True,Resolved,"[""ALT-CSE-01-00894""]"
CAS-CSE-01-0199,CSE-01,2024-10-08 22:23:59.800645,2024-10-09 00:32:36.853647,Investigation completed. Findings documented in internal tracker 39.,ANA-03,False,Resolved,"[""ALT-CSE-01-00895""]"
CAS-CSE-01-0200,CSE-01,2024-10-29 01:17:59.789198,2024-10-29 02:22:36.635883,Investigation completed. Findings documented in internal tracker 36.,ANA-04,False,Resolved,"[""ALT-CSE-01-00903""]"
CAS-CSE-01-0201,CSE-01,2024-12-17 08:35:11.595185,2024-12-17 09:39:12.944158,Investigation completed. Findings documented in internal tracker 26.,ANA-05,False,Resolved,"[""ALT-CSE-01-00910""]"
CAS-CSE-01-0202,CSE-01,2024-11-17 09:05:47.923865,2024-11-17 12:05:15.054302,Investigation completed. Findings documented in internal tracker 7.,ANA-01,True,Resolved,"[""ALT-CSE-01-00912""]"
CAS-CSE-01-0203,CSE-01,2024-10-11 10:20:13.971675,2024-10-11 10:49:48.103202,Investigation completed. Findings documented in internal tracker 34.,ANA-03,True,Resolved,"[""ALT-CSE-01-00916""]"
CAS-CSE-01-0204,CSE-01,2024-10-03 15:51:17.479747,2024-10-03 16:13:29.799457,Investigation completed. Findings documented in internal tracker 39.,ANA-01,False,Resolved,"[""ALT-CSE-01-00918""]"
CAS-CSE-01-0205,CSE-01,2024-12-23 04:38:35.969494,2024-12-23 06:59:31.309260,Investigation completed. Findings documented in internal tracker 1.,ANA-01,False,Resolved,"[""ALT-CSE-01-00921""]"
CAS-CSE-01-0206,CSE-01,2024-11-15 07:46:25.379239,2024-11-15 09:15:55.739901,Investigation completed. Findings documented in internal tracker 10.,ANA-01,False,Resolved,"[""ALT-CSE-01-00927""]"
CAS-CSE-01-0207,CSE-01,2024-12-29 07:43:50.383275,2024-12-29 08:16:19.289902,Investigation completed. Findings documented in internal tracker 22.,ANA-03,False,Resolved,"[""ALT-CSE-01-00928""]"
CAS-CSE-01-0208,CSE-01,2024-11-10 17:59:04.420931,2024-11-10 18:36:38.741829,Investigation completed. Findings documented in internal tracker 25.,ANA-03,True,Resolved,"[""ALT-CSE-01-00933""]"
CAS-CSE-01-0209,CSE-01,2024-12-20 14:07:52.985497,2024-12-20 14:41:22.069284,Investigation completed. Findings documented in internal tracker 38.,ANA-03,False,Resolved,"[""ALT-CSE-01-00935""]"
CAS-CSE-01-0210,CSE-01,2024-11-24 17:51:18.001859,2024-11-24 19:40:44.925131,Investigation completed. Findings documented in internal tracker 29.,ANA-05,False,Resolved,"[""ALT-CSE-01-00943""]"
CAS-CSE-01-0211,CSE-01,2024-12-10 09:50:26.288255,2024-12-10 12:15:09.691509,Investigation completed. Findings documented in internal tracker 31.,ANA-02,True,Resolved,"[""ALT-CSE-01-00955""]"
CAS-CSE-01-0212,CSE-01,2024-11-12 15:48:53.459375,2024-11-12 16:22:26.169824,Investigation completed. Findings documented in internal tracker 20.,ANA-05,True,Resolved,"[""ALT-CSE-01-00957""]"
CAS-CSE-01-0213,CSE-01,2024-11-02 18:08:14.877646,2024-11-02 18:50:16.268392,Investigation completed. Findings documented in internal tracker 1.,ANA-04,False,Resolved,"[""ALT-CSE-01-00958""]"
CAS-CSE-01-0214,CSE-01,2024-12-22 23:12:37.847889,2024-12-22 23:58:12.189641,Investigation completed. Findings documented in internal tracker 18.,ANA-01,False,Resolved,"[""ALT-CSE-01-00963""]"
CAS-CSE-01-0215,CSE-01,2024-11-05 10:35:20.195376,2024-11-05 11:14:31.391908,Investigation completed. Findings documented in internal tracker 1.,ANA-02,True,Resolved,"[""ALT-CSE-01-00966""]"
CAS-CSE-01-0216,CSE-01,2024-10-12 14:03:26.557926,2024-10-12 14:47:56.231294,Investigation completed. Findings documented in internal tracker 36.,ANA-03,False,Resolved,"[""ALT-CSE-01-00980""]"
CAS-CSE-01-0217,CSE-01,2024-12-20 10:52:56.713972,2024-12-20 11:29:47.966155,Investigation completed. Findings documented in internal tracker 21.,ANA-01,True,Resolved,"[""ALT-CSE-01-00985""]"
CAS-CSE-01-0218,CSE-01,2024-10-14 11:49:24.494054,2024-10-14 13:43:17.463430,Investigation completed. Findings documented in internal tracker 1.,ANA-05,False,Resolved,"[""ALT-CSE-01-00986""]"
CAS-CSE-01-0219,CSE-01,2024-12-19 07:34:00.007375,2024-12-19 09:29:17.461031,Investigation completed. Findings documented in internal tracker 25.,ANA-04,False,Resolved,"[""ALT-CSE-01-00987""]"
CAS-CSE-01-0220,CSE-01,2024-11-23 12:44:09.631248,2024-11-23 14:31:27.412015,Investigation completed. Findings documented in internal tracker 23.,ANA-05,False,Resolved,"[""ALT-CSE-01-00993""]"
CAS-CSE-01-0221,CSE-01,2024-10-02 11:26:30.863883,2024-10-02 12:09:51.303335,Investigation completed. Findings documented in internal tracker 13.,ANA-03,False,Resolved,"[""ALT-CSE-01-00994""]"
CAS-CSE-01-0222,CSE-01,2024-10-11 14:30:41.360517,2024-10-11 15:01:27.214845,Investigation completed. Findings documented in internal tracker 19.,ANA-03,False,Resolved,"[""ALT-CSE-01-01007""]"
CAS-CSE-01-0223,CSE-01,2024-10-23 08:44:47.272836,2024-10-23 11:26:45.566120,Investigation completed. Findings documented in internal tracker 15.,ANA-02,False,Resolved,"[""ALT-CSE-01-01010""]"
CAS-CSE-01-0224,CSE-01,2024-12-13 17:40:20.813467,2024-12-13 19:07:08.535547,Investigation completed. Findings documented in internal tracker 31.,ANA-05,False,Resolved,"[""ALT-CSE-01-01011""]"
CAS-CSE-01-0225,CSE-01,2024-10-04 23:35:54.568084,2024-10-05 00:37:08.630633,Investigation completed. Findings documented in internal tracker 39.,ANA-01,False,Resolved,"[""ALT-CSE-01-01014""]"
CAS-CSE-01-0226,CSE-01,2024-10-26 21:56:31.457668,2024-10-26 22:36:04.874976,Investigation completed. Findings documented in internal tracker 33.,ANA-01,False,Resolved,"[""ALT-CSE-01-01015""]"
CAS-CSE-01-0227,CSE-01,2024-10-21 03:42:39.040169,2024-10-21 04:32:43.603228,Investigation completed. Findings documented in internal tracker 1.,ANA-05,True,Resolved,"[""ALT-CSE-01-01016""]"
CAS-CSE-01-0228,CSE-01,2024-11-30 03:53:47.184897,2024-11-30 05:38:22.483870,Investigation completed. Findings documented in internal tracker 18.,ANA-05,True,Resolved,"[""ALT-CSE-01-01018""]"
CAS-CSE-01-0229,CSE-01,2024-12-17 12:26:24.443391,2024-12-17 12:45:42.765286,Investigation completed. Findings documented in internal tracker 28.,ANA-01,False,Resolved,"[""ALT-CSE-01-01019""]"
CAS-CSE-01-0230,CSE-01,2024-12-25 22:05:07.015346,2024-12-25 22:45:18.849619,Investigation completed. Findings documented in internal tracker 26.,ANA-01,True,Resolved,"[""ALT-CSE-01-01028""]"
CAS-CSE-01-0231,CSE-01,2024-10-26 15:08:18.584504,2024-10-26 15:48:05.847263,Investigation completed. Findings documented in internal tracker 36.,ANA-05,False,Resolved,"[""ALT-CSE-01-01029""]"
CAS-CSE-01-0232,CSE-01,2024-10-14 01:05:29.425872,2024-10-14 01:45:21.322591,Investigation completed. Findings documented in internal tracker 25.,ANA-05,False,Resolved,"[""ALT-CSE-01-01036""]"
CAS-CSE-01-0233,CSE-01,2024-11-20 13:08:24.308650,2024-11-20 15:05:48.774687,Investigation completed. Findings documented in internal tracker 15.,ANA-01,False,Resolved,"[""ALT-CSE-01-01041""]"
CAS-CSE-01-0234,CSE-01,2024-11-23 15:23:52.696186,2024-11-23 16:19:28.959708,Investigation completed. Findings documented in internal tracker 19.,ANA-01,False,Resolved,"[""ALT-CSE-01-01044""]"
CAS-CSE-01-0235,CSE-01,2024-11-26 02:54:07.986330,2024-11-26 06:08:08.225760,Investigation completed. Findings documented in internal tracker 0.,ANA-02,True,Resolved,"[""ALT-CSE-01-01059""]"
CAS-CSE-01-0236,CSE-01,2024-12-09 11:44:38.169760,2024-12-09 12:36:34.193545,Investigation completed. Findings documented in internal tracker 33.,ANA-05,False,Resolved,"[""ALT-CSE-01-01064""]"
CAS-CSE-01-0237,CSE-01,2024-10-18 04:23:13.228068,2024-10-18 06:28:44.520924,Investigation completed. Findings documented in internal tracker 37.,ANA-01,True,Resolved,"[""ALT-CSE-01-01074""]"
CAS-CSE-01-0238,CSE-01,2024-12-18 16:32:30.575726,2024-12-18 18:52:09.803658,Investigation completed. Findings documented in internal tracker 12.,ANA-02,False,Resolved,"[""ALT-CSE-01-01075""]"
CAS-CSE-01-0239,CSE-01,2024-10-31 14:51:51.999382,2024-10-31 15:54:39.127199,Investigation completed. Findings documented in internal tracker 3.,ANA-01,True,Resolved,"[""ALT-CSE-01-01076""]"
CAS-CSE-01-0240,CSE-01,2024-11-18 07:26:37.941242,2024-11-18 08:03:46.727903,Investigation completed. Findings documented in internal tracker 13.,ANA-03,True,Resolved,"[""ALT-CSE-01-01077""]"
CAS-CSE-01-0241,CSE-01,2024-11-18 12:52:35.921937,2024-11-18 14:48:07.465944,Investigation completed. Findings documented in internal tracker 11.,ANA-03,False,Resolved,"[""ALT-CSE-01-01078""]"
CAS-CSE-01-0242,CSE-01,2024-12-08 08:03:38.918291,2024-12-08 08:44:53.190334,Investigation completed. Findings documented in internal tracker 16.,ANA-01,False,Resolved,"[""ALT-CSE-01-01090""]"
CAS-CSE-01-0243,CSE-01,2024-11-13 08:33:05.824518,2024-11-13 08:53:21.810951,Investigation completed. Findings documented in internal tracker 30.,ANA-02,True,Resolved,"[""ALT-CSE-01-01092""]"
CAS-CSE-01-0244,CSE-01,2024-10-11 09:10:50.924062,2024-10-11 11:05:37.957872,Investigation completed. Findings documented in internal tracker 36.,ANA-03,False,Resolved,"[""ALT-CSE-01-01099""]"
CAS-CSE-01-0245,CSE-01,2024-10-31 16:05:56.141491,2024-10-31 17:10:13.795451,Investigation completed. Findings documented in internal tracker 16.,ANA-01,False,Resolved,"[""ALT-CSE-01-01102""]"
CAS-CSE-01-0246,CSE-01,2024-12-03 01:39:56.289303,2024-12-03 03:19:39.813036,Investigation completed. Findings documented in internal tracker 37.,ANA-04,False,Resolved,"[""ALT-CSE-01-01111""]"
CAS-CSE-01-0247,CSE-01,2024-12-15 09:03:57.782458,2024-12-15 09:34:08.372652,Investigation completed. Findings documented in internal tracker 22.,ANA-03,False,Resolved,"[""ALT-CSE-01-01115""]"
CAS-CSE-01-0248,CSE-01,2024-11-23 10:48:52.483850,2024-11-23 13:10:59.292850,Investigation completed. Findings documented in internal tracker 20.,ANA-03,False,Resolved,"[""ALT-CSE-01-01117""]"
CAS-CSE-01-0249,CSE-01,2024-12-10 22:08:55.476826,2024-12-10 22:43:45.717790,Investigation completed. Findings documented in internal tracker 37.,ANA-01,False,Resolved,"[""ALT-CSE-01-01118""]"
CAS-CSE-01-0250,CSE-01,2024-10-17 10:32:06.643234,2024-10-17 11:08:01.262162,Investigation completed. Findings documented in internal tracker 19.,ANA-04,True,Resolved,"[""ALT-CSE-01-01121""]"
CAS-CSE-01-0251,CSE-01,2024-10-12 08:31:09.592358,2024-10-12 11:11:03.324531,Investigation completed. Findings documented in internal tracker 38.,ANA-04,False,Resolved,"[""ALT-CSE-01-01142""]"
CAS-CSE-01-0252,CSE-01,2024-12-21 10:57:13.766435,2024-12-21 11:35:38.965386,Investigation completed. Findings documented in internal tracker 20.,ANA-01,True,Resolved,"[""ALT-CSE-01-01145""]"
CAS-CSE-01-0253,CSE-01,2024-11-14 02:57:32.778699,2024-11-14 04:06:13.744152,Investigation completed. Findings documented in internal tracker 36.,ANA-04,False,Resolved,"[""ALT-CSE-01-01146""]"
CAS-CSE-01-0254,CSE-01,2024-12-15 19:57:37.457097,2024-12-15 20:17:44.887059,Investigation completed. Findings documented in internal tracker 16.,ANA-03,False,Resolved,"[""ALT-CSE-01-01147""]"
CAS-CSE-01-0255,CSE-01,2024-10-05 11:41:05.453353,2024-10-05 11:53:32.429687,Investigation completed. Findings documented in internal tracker 38.,ANA-04,False,Resolved,"[""ALT-CSE-01-01151""]"
CAS-CSE-01-0256,CSE-01,2024-11-12 14:59:59.451612,2024-11-12 15:41:14.254750,Investigation completed. Findings documented in internal tracker 30.,ANA-02,False,Resolved,"[""ALT-CSE-01-01153""]"
CAS-CSE-01-0257,CSE-01,2024-11-24 04:29:19.182294,2024-11-24 04:57:50.369335,Investigation completed. Findings documented in internal tracker 10.,ANA-05,False,Resolved,"[""ALT-CSE-01-01155""]"
CAS-CSE-01-0258,CSE-01,2024-12-11 00:16:12.925331,2024-12-11 02:23:32.285785,Investigation completed. Findings documented in internal tracker 14.,ANA-02,False,Resolved,"[""ALT-CSE-01-01162""]"
CAS-CSE-01-0259,CSE-01,2024-10-04 08:46:13.112426,2024-10-04 09:27:19.056172,Investigation completed. Findings documented in internal tracker 25.,ANA-01,False,Resolved,"[""ALT-CSE-01-01165""]"
CAS-CSE-01-0260,CSE-01,2024-12-10 01:12:13.315425,2024-12-10 01:50:48.935589,Investigation completed. Findings documented in internal tracker 14.,ANA-02,True,Resolved,"[""ALT-CSE-01-01169""]"
CAS-CSE-01-0261,CSE-01,2024-11-20 03:19:03.338896,2024-11-20 03:59:15.866964,Investigation completed. Findings documented in internal tracker 11.,ANA-02,False,Resolved,"[""ALT-CSE-01-01175""]"
CAS-CSE-01-0262,CSE-01,2024-11-24 00:03:43.346476,2024-11-24 00:36:25.425886,Investigation completed. Findings documented in internal tracker 10.,ANA-03,False,Resolved,"[""ALT-CSE-01-01180""]"
CAS-CSE-01-0263,CSE-01,2024-11-20 09:08:40.933545,2024-11-20 09:49:16.311546,Investigation completed. Findings documented in internal tracker 5.,ANA-04,False,Resolved,"[""ALT-CSE-01-01188""]"
CAS-CSE-01-0264,CSE-01,2024-11-18 15:41:20.923564,2024-11-18 16:17:12.624362,Investigation completed. Findings documented in internal tracker 15.,ANA-05,False,Resolved,"[""ALT-CSE-01-01192""]"
CAS-CSE-01-0265,CSE-01,2024-11-18 08:24:45.404969,2024-11-18 09:49:10.029333,Investigation completed. Findings documented in internal tracker 22.,ANA-05,True,Resolved,"[""ALT-CSE-01-01195""]"
CAS-CSE-01-0266,CSE-01,2024-10-09 00:41:28.862370,2024-10-09 03:09:09.359623,Investigation completed. Findings documented in internal tracker 35.,ANA-01,True,Resolved,"[""ALT-CSE-01-01208""]"
CAS-CSE-01-0267,CSE-01,2024-12-09 19:17:44.845658,2024-12-09 19:48:51.999115,Investigation completed. Findings documented in internal tracker 30.,ANA-03,False,Resolved,"[""ALT-CSE-01-01211""]"
CAS-CSE-01-0268,CSE-01,2024-10-29 15:18:19.530112,2024-10-29 16:57:12.022762,Investigation completed. Findings documented in internal tracker 23.,ANA-03,False,Resolved,"[""ALT-CSE-01-01214""]"
CAS-CSE-01-0269,CSE-01,2024-12-10 11:33:38.421115,2024-12-10 14:01:22.367355,Investigation completed. Findings documented in internal tracker 11.,ANA-04,False,Resolved,"[""ALT-CSE-01-01216""]"
CAS-CSE-01-0270,CSE-01,2024-11-07 05:41:07.095489,2024-11-07 06:22:28.095318,Investigation completed. Findings documented in internal tracker 6.,ANA-04,False,Resolved,"[""ALT-CSE-01-01218""]"
CAS-CSE-01-0271,CSE-01,2024-11-06 03:04:51.399985,2024-11-06 04:50:22.094820,Investigation completed. Findings documented in internal tracker 15.,ANA-05,False,Resolved,"[""ALT-CSE-01-01220""]"
CAS-CSE-01-0272,CSE-01,2024-11-01 10:28:39.802911,2024-11-01 11:47:47.017071,Investigation completed. Findings documented in internal tracker 18.,ANA-04,False,Resolved,"[""ALT-CSE-01-01223""]"
CAS-CSE-01-0273,CSE-01,2024-12-29 18:52:14.008385,2024-12-29 20:18:36.743104,Investigation completed. Findings documented in internal tracker 6.,ANA-02,False,Resolved,"[""ALT-CSE-01-01231""]"
CAS-CSE-01-0274,CSE-01,2024-10-06 21:10:52.254439,2024-10-06 21:52:06.297146,Investigation completed. Findings documented in internal tracker 18.,ANA-01,False,Resolved,"[""ALT-CSE-01-01242""]"
CAS-CSE-01-0275,CSE-01,2024-11-20 11:12:24.870952,2024-11-20 12:11:21.436972,Investigation completed. Findings documented in internal tracker 33.,ANA-02,True,Resolved,"[""ALT-CSE-01-01243""]"
CAS-CSE-01-0276,CSE-01,2024-10-12 22:52:52.137800,2024-10-12 23:45:17.646930,Investigation completed. Findings documented in internal tracker 31.,ANA-04,True,Resolved,"[""ALT-CSE-01-01250""]"
CAS-CSE-01-0277,CSE-01,2024-11-20 09:05:09.148021,2024-11-20 11:01:40.544977,Investigation completed. Findings documented in internal tracker 20.,ANA-01,False,Resolved,"[""ALT-CSE-01-01253""]"
CAS-CSE-01-0278,CSE-01,2024-12-01 19:58:30.224664,2024-12-01 20:33:28.482388,Investigation completed. Findings documented in internal tracker 26.,ANA-01,False,Resolved,"[""ALT-CSE-01-01254""]"
CAS-CSE-01-0279,CSE-01,2024-11-03 09:19:27.744679,2024-11-03 09:52:53.630230,Investigation completed. Findings documented in internal tracker 0.,ANA-02,True,Resolved,"[""ALT-CSE-01-01259""]"
CAS-CSE-01-0280,CSE-01,2024-10-22 07:07:58.567525,2024-10-22 07:37:28.032500,Investigation completed. Findings documented in internal tracker 15.,ANA-05,True,Resolved,"[""ALT-CSE-01-01267""]"
CAS-CSE-01-0281,CSE-01,2024-11-21 06:51:40.482619,2024-11-21 07:23:57.748840,Investigation completed. Findings documented in internal tracker 17.,ANA-01,False,Resolved,"[""ALT-CSE-01-01269""]"
CAS-CSE-01-0282,CSE-01,2024-11-28 20:06:39.566333,2024-11-28 22:32:22.290880,Investigation completed. Findings documented in internal tracker 27.,ANA-01,False,Resolved,"[""ALT-CSE-01-01270""]"
CAS-CSE-01-0283,CSE-01,2024-10-27 10:24:38.716698,2024-10-27 10:56:35.069016,Investigation completed. Findings documented in internal tracker 8.,ANA-05,False,Resolved,"[""ALT-CSE-01-01275""]"
CAS-CSE-01-0284,CSE-01,2024-10-13 17:05:22.115313,2024-10-13 17:43:51.330925,Investigation completed. Findings documented in internal tracker 1.,ANA-05,True,Resolved,"[""ALT-CSE-01-01276""]"
CAS-CSE-01-0285,CSE-01,2024-12-11 23:43:36.694310,2024-12-12 01:09:11.035291,Investigation completed. Findings documented in internal tracker 21.,ANA-05,False,Resolved,"[""ALT-CSE-01-01277""]"
CAS-CSE-01-0286,CSE-01,2024-10-04 14:31:08.993764,2024-10-04 15:20:04.477669,Investigation completed. Findings documented in internal tracker 35.,ANA-05,False,Resolved,"[""ALT-CSE-01-01278""]"
CAS-CSE-01-0287,CSE-01,2024-11-20 19:58:01.247438,2024-11-20 20:15:41.795332,Investigation completed. Findings documented in internal tracker 26.,ANA-04,False,Resolved,"[""ALT-CSE-01-01281""]"
CAS-CSE-01-0288,CSE-01,2024-12-24 12:42:47.222750,2024-12-24 13:36:38.531571,Investigation completed. Findings documented in internal tracker 24.,ANA-01,False,Resolved,"[""ALT-CSE-01-01282""]"
CAS-CSE-01-0289,CSE-01,2024-11-02 21:25:40.703320,2024-11-02 22:00:17.426741,Investigation completed. Findings documented in internal tracker 37.,ANA-01,False,Resolved,"[""ALT-CSE-01-01284""]"
CAS-CSE-01-0290,CSE-01,2024-10-19 11:39:43.608188,2024-10-19 14:58:15.635932,Investigation completed. Findings documented in internal tracker 0.,ANA-05,False,Resolved,"[""ALT-CSE-01-01294""]"
CAS-CSE-01-0291,CSE-01,2024-12-19 19:34:06.811717,2024-12-19 19:53:08.803098,Investigation completed. Findings documented in internal tracker 17.,ANA-02,False,Resolved,"[""ALT-CSE-01-01295""]"
CAS-CSE-01-0292,CSE-01,2024-12-28 00:51:59.546175,2024-12-28 01:10:08.685738,Investigation completed. Findings documented in internal tracker 9.,ANA-03,False,Resolved,"[""ALT-CSE-01-01298""]"
CAS-CSE-01-0293,CSE-01,2024-10-15 21:30:19.903472,2024-10-15 22:19:51.348570,Investigation completed. Findings documented in internal tracker 17.,ANA-01,False,Resolved,"[""ALT-CSE-01-01302""]"
CAS-CSE-01-0294,CSE-01,2024-12-17 22:54:00.279219,2024-12-17 23:20:14.311187,Investigation completed. Findings documented in internal tracker 29.,ANA-03,False,Resolved,"[""ALT-CSE-01-01318""]"
CAS-CSE-01-0295,CSE-01,2024-12-11 21:04:51.056139,2024-12-11 21:54:33.137703,Investigation completed. Findings documented in internal tracker 13.,ANA-05,False,Resolved,"[""ALT-CSE-01-01321""]"
CAS-CSE-01-0296,CSE-01,2024-11-24 23:45:34.157782,2024-11-25 00:28:28.774658,Investigation completed. Findings documented in internal tracker 27.,ANA-03,True,Resolved,"[""ALT-CSE-01-01324""]"
CAS-CSE-01-0297,CSE-01,2024-10-29 04:39:11.978781,2024-10-29 06:39:30.067870,Investigation completed. Findings documented in internal tracker 1.,ANA-02,True,Resolved,"[""ALT-CSE-01-01325""]"
CAS-CSE-01-0298,CSE-01,2024-12-28 01:45:56.456714,2024-12-28 03:28:27.265984,Investigation completed. Findings documented in internal tracker 39.,ANA-02,False,Resolved,"[""ALT-CSE-01-01327""]"
CAS-CSE-01-0299,CSE-01,2024-10-08 13:34:02.555543,2024-10-08 14:23:06.476440,Investigation completed. Findings documented in internal tracker 31.,ANA-05,False,Resolved,"[""ALT-CSE-01-01328""]"
CAS-CSE-01-0300,CSE-01,2024-11-05 21:41:26.368139,2024-11-05 22:28:02.392600,Investigation completed. Findings documented in internal tracker 22.,ANA-02,False,Resolved,"[""ALT-CSE-01-01330""]"
CAS-CSE-01-0301,CSE-01,2024-11-27 12:49:14.499010,2024-11-27 14:17:29.109190,Investigation completed. Findings documented in internal tracker 10.,ANA-03,True,Resolved,"[""ALT-CSE-01-01338""]"
CAS-CSE-01-0302,CSE-01,2024-11-18 21:47:32.453148,2024-11-18 22:01:06.384149,Investigation completed. Findings documented in internal tracker 13.,ANA-02,True,Resolved,"[""ALT-CSE-01-01342""]"
CAS-CSE-01-0303,CSE-01,2024-11-27 04:09:18.366930,2024-11-27 06:54:08.881236,Investigation completed. Findings documented in internal tracker 13.,ANA-04,False,Resolved,"[""ALT-CSE-01-01343""]"
CAS-CSE-01-0304,CSE-01,2024-10-27 22:17:16.637562,2024-10-27 22:59:03.422769,Investigation completed. Findings documented in internal tracker 19.,ANA-03,False,Resolved,"[""ALT-CSE-01-01356""]"
CAS-CSE-01-0305,CSE-01,2024-11-19 13:08:45.664760,2024-11-19 13:50:41.329171,Investigation completed. Findings documented in internal tracker 21.,ANA-03,False,Resolved,"[""ALT-CSE-01-01357""]"
CAS-CSE-01-0306,CSE-01,2024-11-30 23:28:59.696614,2024-12-01 00:11:00.301350,Investigation completed. Findings documented in internal tracker 16.,ANA-05,False,Resolved,"[""ALT-CSE-01-01365""]"
CAS-CSE-01-0307,CSE-01,2024-11-06 05:54:08.409862,2024-11-06 06:51:18.025310,Investigation completed. Findings documented in internal tracker 11.,ANA-03,False,Resolved,"[""ALT-CSE-01-01366""]"
CAS-CSE-01-0308,CSE-01,2024-11-20 09:12:54.808818,2024-11-20 10:57:57.748476,Investigation completed. Findings documented in internal tracker 36.,ANA-03,False,Resolved,"[""ALT-CSE-01-01368""]"
CAS-CSE-01-0309,CSE-01,2024-12-01 20:49:37.217825,2024-12-01 21:44:46.504872,Investigation completed. Findings documented in internal tracker 23.,ANA-03,True,Resolved,"[""ALT-CSE-01-01369""]"
CAS-CSE-01-0310,CSE-01,2024-10-08 19:16:54.902369,2024-10-08 20:49:13.659480,Investigation completed. Findings documented in internal tracker 34.,ANA-02,False,Resolved,"[""ALT-CSE-01-01370""]"
CAS-CSE-01-0311,CSE-01,2024-11-26 23:03:33.954085,2024-11-26 23:57:17.255838,Investigation completed. Findings documented in internal tracker 36.,ANA-03,False,Resolved,"[""ALT-CSE-01-01378""]"
CAS-CSE-01-0312,CSE-01,2024-11-25 15:20:15.512941,2024-11-25 15:57:31.834055,Investigation completed. Findings documented in internal tracker 0.,ANA-02,False,Resolved,"[""ALT-CSE-01-01383""]"
CAS-CSE-01-0313,CSE-01,2024-12-13 07:10:18.732822,2024-12-13 09:41:20.950197,Investigation completed. Findings documented in internal tracker 22.,ANA-03,False,Resolved,"[""ALT-CSE-01-01384""]"
CAS-CSE-01-0314,CSE-01,2024-12-15 08:17:17.348275,2024-12-15 09:47:56.031978,Investigation completed. Findings documented in internal tracker 38.,ANA-03,False,Resolved,"[""ALT-CSE-01-01385""]"
CAS-CSE-01-0315,CSE-01,2024-11-06 04:33:54.589290,2024-11-06 05:23:00.160782,Investigation completed. Findings documented in internal tracker 32.,ANA-05,False,Resolved,"[""ALT-CSE-01-01386""]"
CAS-CSE-01-0316,CSE-01,2024-10-06 15:10:27.566334,2024-10-06 15:34:42.094389,Investigation completed. Findings documented in internal tracker 37.,ANA-05,True,Resolved,"[""ALT-CSE-01-01387""]"
CAS-CSE-01-0317,CSE-01,2024-10-13 00:30:32.026036,2024-10-13 01:20:27.397939,Investigation completed. Findings documented in internal tracker 3.,ANA-01,False,Resolved,"[""ALT-CSE-01-01390""]"
CAS-CSE-01-0318,CSE-01,2024-11-21 05:33:44.183829,2024-11-21 07:23:38.649981,Investigation completed. Findings documented in internal tracker 3.,ANA-01,False,Resolved,"[""ALT-CSE-01-01391""]"
CAS-CSE-01-0319,CSE-01,2024-11-02 08:12:13.459206,2024-11-02 09:03:22.040170,Investigation completed. Findings documented in internal tracker 39.,ANA-03,False,Resolved,"[""ALT-CSE-01-01393""]"
CAS-CSE-01-0320,CSE-01,2024-11-05 01:27:34.614034,2024-11-05 02:59:01.666220,Investigation completed. Findings documented in internal tracker 7.,ANA-03,False,Resolved,"[""ALT-CSE-01-01407""]"
CAS-CSE-01-0321,CSE-01,2024-10-26 14:24:23.983304,2024-10-26 16:46:16.121166,Investigation completed. Findings documented in internal tracker 0.,ANA-01,True,Resolved,"[""ALT-CSE-01-01415""]"
CAS-CSE-01-0322,CSE-01,2024-10-24 22:05:54.125355,2024-10-24 23:02:42.626485,Investigation completed. Findings documented in internal tracker 25.,ANA-03,True,Resolved,"[""ALT-CSE-01-01418""]"
CAS-CSE-01-0323,CSE-01,2024-10-06 03:20:40.072606,2024-10-06 03:40:47.929015,Investigation completed. Findings documented in internal tracker 39.,ANA-02,False,Resolved,"[""ALT-CSE-01-01420""]"
CAS-CSE-01-0324,CSE-01,2024-10-28 03:51:59.547394,2024-10-28 05:28:30.004484,Investigation completed. Findings documented in internal tracker 0.,ANA-02,False,Resolved,"[""ALT-CSE-01-01421""]"
CAS-CSE-01-0325,CSE-01,2024-10-14 02:07:38.513441,2024-10-14 02:54:51.872238,Investigation completed. Findings documented in internal tracker 13.,ANA-03,False,Resolved,"[""ALT-CSE-01-01428""]"
CAS-CSE-01-0326,CSE-01,2024-11-23 21:12:13.434723,2024-11-23 21:34:19.848306,Investigation completed. Findings documented in internal tracker 38.,ANA-05,False,Resolved,"[""ALT-CSE-01-01429""]"
CAS-CSE-01-0327,CSE-01,2024-11-26 14:19:41.588890,2024-11-26 16:51:52.672890,Investigation completed. Findings documented in internal tracker 31.,ANA-02,True,Resolved,"[""ALT-CSE-01-01441""]"
CAS-CSE-01-0328,CSE-01,2024-11-08 14:24:39.198379,2024-11-08 14:42:19.665025,Investigation completed. Findings documented in internal tracker 29.,ANA-04,False,Resolved,"[""ALT-CSE-01-01442""]"
CAS-CSE-01-0329,CSE-01,2024-10-01 22:16:16.428237,2024-10-02 00:08:49.363672,Investigation completed. Findings documented in internal tracker 21.,ANA-02,False,Resolved,"[""ALT-CSE-01-01444""]"
CAS-CSE-01-0330,CSE-01,2024-12-27 02:58:23.352486,2024-12-27 04:05:43.601120,Investigation completed. Findings documented in internal tracker 0.,ANA-05,False,Resolved,"[""ALT-CSE-01-01446""]"
CAS-CSE-01-0331,CSE-01,2024-10-02 20:11:00.715046,2024-10-02 21:45:22.584650,Investigation completed. Findings documented in internal tracker 13.,ANA-04,False,Resolved,"[""ALT-CSE-01-01448""]"
CAS-CSE-01-0332,CSE-01,2024-11-17 19:41:11.764113,2024-11-17 21:13:03.655008,Investigation completed. Findings documented in internal tracker 5.,ANA-01,False,Resolved,"[""ALT-CSE-01-01451""]"
CAS-CSE-01-0333,CSE-01,2024-11-11 19:41:52.048754,2024-11-11 20:18:35.484981,Investigation completed. Findings documented in internal tracker 4.,ANA-03,True,Resolved,"[""ALT-CSE-01-01454""]"
CAS-CSE-01-0334,CSE-01,2024-11-20 19:38:47.408344,2024-11-20 20:15:01.091059,Investigation completed. Findings documented in internal tracker 9.,ANA-01,False,Resolved,"[""ALT-CSE-01-01455""]"
CAS-CSE-01-0335,CSE-01,2024-12-10 05:20:38.710711,2024-12-10 05:54:42.275469,Investigation completed. Findings documented in internal tracker 4.,ANA-02,False,Resolved,"[""ALT-CSE-01-01463""]"
CAS-CSE-01-0336,CSE-01,2024-10-25 12:49:17.284387,2024-10-25 14:20:19.550585,Investigation completed. Findings documented in internal tracker 19.,ANA-01,False,Resolved,"[""ALT-CSE-01-01469""]"
CAS-CSE-01-0337,CSE-01,2024-12-18 08:25:21.735113,2024-12-18 09:25:43.473777,Investigation completed. Findings documented in internal tracker 12.,ANA-01,False,Resolved,"[""ALT-CSE-01-01473""]"
CAS-CSE-01-0338,CSE-01,2024-11-13 14:44:15.681122,2024-11-13 15:13:18.535192,Investigation completed. Findings documented in internal tracker 22.,ANA-01,False,Resolved,"[""ALT-CSE-01-01491""]"
CAS-CSE-01-0339,CSE-01,2024-11-25 02:43:32.565659,2024-11-25 03:16:53.380141,Investigation completed. Findings documented in internal tracker 8.,ANA-05,False,Resolved,"[""ALT-CSE-01-01492""]"
CAS-CSE-01-0340,CSE-01,2024-10-03 16:13:15.597880,2024-10-03 16:52:57.396021,Investigation completed. Findings documented in internal tracker 21.,ANA-04,False,Resolved,"[""ALT-CSE-01-01499""]"
CAS-CSE-01-0341,CSE-01,2024-12-17 14:46:34.062100,2024-12-17 15:26:52.437476,Investigation completed. Findings documented in internal tracker 9.,ANA-01,False,Resolved,"[""ALT-CSE-01-01503""]"
CAS-CSE-01-0342,CSE-01,2024-11-24 07:28:03.396148,2024-11-24 08:13:26.738716,Investigation completed. Findings documented in internal tracker 10.,ANA-05,False,Resolved,"[""ALT-CSE-01-01505""]"
CAS-CSE-01-0343,CSE-01,2024-11-14 02:00:03.101348,2024-11-14 04:51:36.751898,Investigation completed. Findings documented in internal tracker 21.,ANA-01,False,Resolved,"[""ALT-CSE-01-01508""]"
CAS-CSE-01-0344,CSE-01,2024-10-28 15:46:39.525496,2024-10-28 15:46:54.365467,Investigation completed. Findings documented in internal tracker 17.,ANA-04,False,Resolved,"[""ALT-CSE-01-01510""]"
CAS-CSE-01-0345,CSE-01,2024-10-16 22:32:34.505236,2024-10-16 23:11:19.413635,Investigation completed. Findings documented in internal tracker 16.,ANA-04,False,Resolved,"[""ALT-CSE-01-01516""]"
CAS-CSE-01-0346,CSE-01,2024-12-10 19:33:15.656960,2024-12-10 20:54:11.033615,Investigation completed. Findings documented in internal tracker 22.,ANA-04,False,Resolved,"[""ALT-CSE-01-01519""]"
CAS-CSE-01-0347,CSE-01,2024-12-13 22:23:43.311476,2024-12-14 00:11:12.440514,Investigation completed. Findings documented in internal tracker 21.,ANA-01,False,Resolved,"[""ALT-CSE-01-01534""]"
CAS-CSE-01-0348,CSE-01,2024-11-02 23:03:21.207961,2024-11-03 00:24:45.638956,Investigation completed. Findings documented in internal tracker 10.,ANA-04,False,Resolved,"[""ALT-CSE-01-01536""]"
CAS-CSE-01-0349,CSE-01,2024-10-19 07:23:02.160843,2024-10-19 07:57:57.405310,Investigation completed. Findings documented in internal tracker 15.,ANA-01,False,Resolved,"[""ALT-CSE-01-01540""]"
CAS-CSE-01-0350,CSE-01,2024-10-04 23:52:21.797635,2024-10-05 00:37:26.458659,Investigation completed. Findings documented in internal tracker 25.,ANA-04,False,Resolved,"[""ALT-CSE-01-01543""]"
CAS-CSE-01-0351,CSE-01,2024-12-22 04:41:07.529748,2024-12-22 06:59:19.116546,Investigation completed. Findings documented in internal tracker 21.,ANA-05,False,Resolved,"[""ALT-CSE-01-01551""]"
CAS-CSE-01-0352,CSE-01,2024-10-27 20:42:59.966188,2024-10-27 20:52:55.891055,Investigation completed. Findings documented in internal tracker 37.,ANA-05,True,Resolved,"[""ALT-CSE-01-01553""]"
CAS-CSE-01-0353,CSE-01,2024-12-18 04:28:30.768688,2024-12-18 05:24:45.026333,Investigation completed. Findings documented in internal tracker 37.,ANA-04,False,Resolved,"[""ALT-CSE-01-01554""]"
CAS-CSE-01-0354,CSE-01,2024-12-21 00:50:29.756669,2024-12-21 01:31:07.364407,Investigation completed. Findings documented in internal tracker 22.,ANA-04,False,Resolved,"[""ALT-CSE-01-01555""]"
CAS-CSE-01-0355,CSE-01,2024-11-18 05:51:29.732514,2024-11-18 06:26:21.982395,Investigation completed. Findings documented in internal tracker 37.,ANA-05,False,Resolved,"[""ALT-CSE-01-01556""]"
CAS-CSE-01-0356,CSE-01,2024-10-25 18:56:53.446656,2024-10-25 19:41:36.978260,Investigation completed. Findings documented in internal tracker 0.,ANA-03,False,Resolved,"[""ALT-CSE-01-01558""]"
CAS-CSE-01-0357,CSE-01,2024-11-03 16:29:38.911536,2024-11-03 17:10:06.403859,Investigation completed. Findings documented in internal tracker 22.,ANA-01,False,Resolved,"[""ALT-CSE-01-01560""]"
CAS-CSE-01-0358,CSE-01,2024-11-09 05:19:46.397061,2024-11-09 06:03:23.813439,Investigation completed. Findings documented in internal tracker 18.,ANA-03,False,Resolved,"[""ALT-CSE-01-01563""]"
CAS-CSE-01-0359,CSE-01,2024-11-27 00:49:03.293865,2024-11-27 01:53:09.733784,Investigation completed. Findings documented in internal tracker 20.,ANA-01,False,Resolved,"[""ALT-CSE-01-01564""]"
CAS-CSE-01-0360,CSE-01,2024-12-13 09:34:29.604865,2024-12-13 10:10:19.049002,Investigation completed. Findings documented in internal tracker 14.,ANA-03,True,Resolved,"[""ALT-CSE-01-01569""]"
CAS-CSE-01-0361,CSE-01,2024-10-23 10:45:08.893105,2024-10-23 11:30:50.560084,Investigation completed. Findings documented in internal tracker 23.,ANA-02,False,Resolved,"[""ALT-CSE-01-01574""]"
CAS-CSE-01-0362,CSE-01,2024-10-30 02:01:17.546670,2024-10-30 03:07:31.704100,Investigation completed. Findings documented in internal tracker 21.,ANA-02,False,Resolved,"[""ALT-CSE-01-01576""]"
CAS-CSE-01-0363,CSE-01,2024-12-18 18:21:56.018249,2024-12-18 20:14:38.670792,Investigation completed. Findings documented in internal tracker 11.,ANA-01,False,Resolved,"[""ALT-CSE-01-01577""]"
CAS-CSE-01-0364,CSE-01,2024-10-15 14:56:22.355636,2024-10-15 15:27:41.537770,Investigation completed. Findings documented in internal tracker 37.,ANA-02,False,Resolved,"[""ALT-CSE-01-01578""]"
CAS-CSE-01-0365,CSE-01,2024-12-21 21:07:57.589932,2024-12-21 22:42:28.176843,Investigation completed. Findings documented in internal tracker 31.,ANA-03,True,Resolved,"[""ALT-CSE-01-01583""]"
CAS-CSE-01-0366,CSE-01,2024-10-14 20:30:30.632255,2024-10-14 21:05:29.752796,Investigation completed. Findings documented in internal tracker 24.,ANA-01,False,Resolved,"[""ALT-CSE-01-01586""]"
CAS-CSE-01-0367,CSE-01,2024-10-18 00:06:38.341219,2024-10-18 01:53:22.327792,Investigation completed. Findings documented in internal tracker 38.,ANA-04,True,Resolved,"[""ALT-CSE-01-01587""]"
CAS-CSE-01-0368,CSE-01,2024-11-26 14:08:35.337794,2024-11-26 16:07:56.928934,Investigation completed. Findings documented in internal tracker 6.,ANA-02,False,Resolved,"[""ALT-CSE-01-01589""]"
CAS-CSE-01-0369,CSE-01,2024-12-27 01:28:41.289720,2024-12-27 03:27:41.304853,Investigation completed. Findings documented in internal tracker 35.,ANA-01,False,Resolved,"[""ALT-CSE-01-01592""]"
CAS-CSE-01-0370,CSE-01,2024-11-19 06:54:33.163710,2024-11-19 07:51:04.116434,Investigation completed. Findings documented in internal tracker 1.,ANA-01,False,Resolved,"[""ALT-CSE-01-01596""]"
CAS-CSE-01-0371,CSE-01,2024-10-29 02:29:32.435481,2024-10-29 03:07:33.356188,Investigation completed. Findings documented in internal tracker 36.,ANA-05,False,Resolved,"[""ALT-CSE-01-01599""]"
CAS-CSE-01-0372,CSE-01,2024-11-18 16:26:39.151958,2024-11-18 18:29:10.236379,Investigation completed. Findings documented in internal tracker 31.,ANA-05,False,Resolved,"[""ALT-CSE-01-01603""]"
CAS-CSE-01-0373,CSE-01,2024-12-17 07:48:32.623048,2024-12-17 08:18:49.283258,Investigation completed. Findings documented in internal tracker 33.,ANA-04,False,Resolved,"[""ALT-CSE-01-01604""]"
CAS-CSE-01-0374,CSE-01,2024-10-17 20:45:37.097034,2024-10-17 21:22:01.866288,Investigation completed. Findings documented in internal tracker 32.,ANA-03,False,Resolved,"[""ALT-CSE-01-01611""]"
CAS-CSE-01-0375,CSE-01,2024-10-05 21:01:16.314397,2024-10-05 22:02:51.431515,Investigation completed. Findings documented in internal tracker 24.,ANA-03,False,Resolved,"[""ALT-CSE-01-01619""]"
CAS-CSE-01-0376,CSE-01,2024-11-06 01:24:04.108617,2024-11-06 02:13:02.246820,Investigation completed. Findings documented in internal tracker 11.,ANA-05,False,Resolved,"[""ALT-CSE-01-01627""]"
CAS-CSE-01-0377,CSE-01,2024-10-23 04:48:42.927472,2024-10-23 05:09:03.001766,Investigation completed. Findings documented in internal tracker 17.,ANA-01,False,Resolved,"[""ALT-CSE-01-01632""]"
CAS-CSE-01-0378,CSE-01,2024-10-29 20:58:41.885415,2024-10-29 21:41:45.368700,Investigation completed. Findings documented in internal tracker 9.,ANA-02,False,Resolved,"[""ALT-CSE-01-01639""]"
CAS-CSE-01-0379,CSE-01,2024-10-14 21:53:27.620502,2024-10-14 22:49:39.847506,Investigation completed. Findings documented in internal tracker 34.,ANA-05,True,Resolved,"[""ALT-CSE-01-01640""]"
CAS-CSE-01-0380,CSE-01,2024-12-07 04:24:26.483955,2024-12-07 04:45:39.236629,Investigation completed. Findings documented in internal tracker 8.,ANA-05,True,Resolved,"[""ALT-CSE-01-01645""]"
CAS-CSE-01-0381,CSE-01,2024-10-03 03:59:42.637664,2024-10-03 06:01:47.922903,Investigation completed. Findings documented in internal tracker 4.,ANA-04,False,Resolved,"[""ALT-CSE-01-01646""]"
CAS-CSE-01-0382,CSE-01,2024-12-29 00:02:03.193176,2024-12-29 00:32:11.917237,Investigation completed. Findings documented in internal tracker 15.,ANA-01,True,Resolved,"[""ALT-CSE-01-01647""]"
CAS-CSE-01-0383,CSE-01,2024-10-31 16:51:59.757473,2024-10-31 17:26:58.210386,Investigation completed. Findings documented in internal tracker 14.,ANA-03,False,Resolved,"[""ALT-CSE-01-01654""]"
CAS-CSE-01-0384,CSE-01,2024-12-22 17:36:42.173853,2024-12-22 18:20:11.277037,Investigation completed. Findings documented in internal tracker 33.,ANA-04,False,Resolved,"[""ALT-CSE-01-01656""]"
CAS-CSE-01-0385,CSE-01,2024-11-15 19:26:01.545944,2024-11-15 19:56:52.267740,Investigation completed. Findings documented in internal tracker 6.,ANA-04,False,Resolved,"[""ALT-CSE-01-01657""]"
CAS-CSE-01-0386,CSE-01,2024-11-02 15:04:05.649629,2024-11-02 18:05:46.850941,Investigation completed. Findings documented in internal tracker 33.,ANA-01,False,Resolved,"[""ALT-CSE-01-01658""]"
CAS-CSE-01-0387,CSE-01,2024-11-20 12:47:49.194959,2024-11-20 13:29:43.139299,Investigation completed. Findings documented in internal tracker 10.,ANA-03,False,Resolved,"[""ALT-CSE-01-01669""]"
CAS-CSE-01-0388,CSE-01,2024-12-02 19:12:46.594608,2024-12-02 19:54:45.134352,Investigation completed. Findings documented in internal tracker 33.,ANA-02,True,Resolved,"[""ALT-CSE-01-01670""]"
CAS-CSE-01-0389,CSE-01,2024-11-10 22:45:58.571099,2024-11-10 23:36:59.508109,Investigation completed. Findings documented in internal tracker 35.,ANA-04,False,Resolved,"[""ALT-CSE-01-01671""]"
CAS-CSE-01-0390,CSE-01,2024-10-10 07:22:05.880889,2024-10-10 09:53:59.664995,Investigation completed. Findings documented in internal tracker 30.,ANA-03,False,Resolved,"[""ALT-CSE-01-01672""]"
CAS-CSE-01-0391,CSE-01,2024-10-31 02:30:45.127738,2024-10-31 04:20:27.122033,Investigation completed. Findings documented in internal tracker 1.,ANA-05,True,Resolved,"[""ALT-CSE-01-01675""]"
CAS-CSE-01-0392,CSE-01,2024-11-26 20:54:35.151383,2024-11-26 21:22:45.728044,Investigation completed. Findings documented in internal tracker 21.,ANA-02,True,Resolved,"[""ALT-CSE-01-01676""]"
CAS-CSE-01-0393,CSE-01,2024-10-05 15:39:23.277283,2024-10-05 17:55:59.743571,Investigation completed. Findings documented in internal tracker 22.,ANA-03,False,Resolved,"[""ALT-CSE-01-01677""]"
CAS-CSE-01-0394,CSE-01,2024-12-05 15:16:57.968460,2024-12-05 15:56:53.531726,Investigation completed. Findings documented in internal tracker 28.,ANA-02,True,Resolved,"[""ALT-CSE-01-01678""]"
CAS-CSE-01-0395,CSE-01,2024-12-27 18:58:07.395737,2024-12-27 19:34:49.411848,Investigation completed. Findings documented in internal tracker 29.,ANA-01,False,Resolved,"[""ALT-CSE-01-01680""]"
CAS-CSE-01-0396,CSE-01,2024-11-29 05:15:42.165550,2024-11-29 07:01:34.873294,Investigation completed. Findings documented in internal tracker 22.,ANA-01,False,Resolved,"[""ALT-CSE-01-01685""]"
CAS-CSE-01-0397,CSE-01,2024-12-16 17:36:29.335511,2024-12-16 19:34:14.082374,Investigation completed. Findings documented in internal tracker 30.,ANA-05,False,Resolved,"[""ALT-CSE-01-01688""]"
CAS-CSE-01-0398,CSE-01,2024-11-26 22:52:24.488212,2024-11-26 23:23:07.025740,Investigation completed. Findings documented in internal tracker 3.,ANA-04,False,Resolved,"[""ALT-CSE-01-01689""]"
CAS-CSE-01-0399,CSE-01,2024-11-22 17:56:12.908999,2024-11-22 18:30:20.532538,Investigation completed. Findings documented in internal tracker 4.,ANA-04,False,Resolved,"[""ALT-CSE-01-01707""]"
CAS-CSE-01-0400,CSE-01,2024-11-01 00:53:37.414603,2024-11-01 01:36:00.224254,Investigation completed. Findings documented in internal tracker 13.,ANA-01,False,Resolved,"[""ALT-CSE-01-01708""]"
CAS-CSE-01-0401,CSE-01,2024-10-16 20:16:40.910036,2024-10-16 20:55:09.932045,Investigation completed. Findings documented in internal tracker 17.,ANA-05,False,Resolved,"[""ALT-CSE-01-01715""]"
CAS-CSE-01-0402,CSE-01,2024-11-08 20:49:30.463331,2024-11-08 22:55:44.371485,Investigation completed. Findings documented in internal tracker 24.,ANA-02,False,Resolved,"[""ALT-CSE-01-01717""]"
CAS-CSE-01-0403,CSE-01,2024-12-02 17:28:19.294338,2024-12-02 19:59:45.462883,Investigation completed. Findings documented in internal tracker 39.,ANA-02,False,Resolved,"[""ALT-CSE-01-01727""]"
CAS-CSE-01-0404,CSE-01,2024-10-18 22:16:27.708583,2024-10-18 22:52:05.529839,Investigation completed. Findings documented in internal tracker 14.,ANA-02,False,Resolved,"[""ALT-CSE-01-01733""]"
CAS-CSE-01-0405,CSE-01,2024-11-29 20:59:45.487130,2024-11-29 21:11:11.781005,Investigation completed. Findings documented in internal tracker 23.,ANA-05,False,Resolved,"[""ALT-CSE-01-01738""]"
CAS-CSE-01-0406,CSE-01,2024-12-02 22:07:31.842948,2024-12-02 22:58:12.546619,Investigation completed. Findings documented in internal tracker 2.,ANA-02,True,Resolved,"[""ALT-CSE-01-01743""]"
CAS-CSE-01-0407,CSE-01,2024-12-19 02:17:56.933078,2024-12-19 04:34:31.955644,Investigation completed. Findings documented in internal tracker 17.,ANA-05,True,Resolved,"[""ALT-CSE-01-01747""]"
CAS-CSE-01-0408,CSE-01,2024-10-13 21:34:30.307447,2024-10-14 00:06:22.252284,Investigation completed. Findings documented in internal tracker 23.,ANA-02,False,Resolved,"[""ALT-CSE-01-01760""]"
CAS-CSE-01-0409,CSE-01,2024-12-13 02:21:03.680350,2024-12-13 03:05:47.663042,Investigation completed. Findings documented in internal tracker 3.,ANA-01,False,Resolved,"[""ALT-CSE-01-01764""]"
CAS-CSE-01-0410,CSE-01,2024-10-16 18:21:25.216760,2024-10-16 20:08:02.354459,Investigation completed. Findings documented in internal tracker 19.,ANA-02,True,Resolved,"[""ALT-CSE-01-01765""]"
CAS-CSE-01-0411,CSE-01,2024-12-01 04:53:26.797198,2024-12-01 05:48:31.398598,Investigation completed. Findings documented in internal tracker 24.,ANA-04,False,Resolved,"[""ALT-CSE-01-01769""]"
CAS-CSE-01-0412,CSE-01,2024-11-24 06:58:33.762799,2024-11-24 07:44:28.114127,Investigation completed. Findings documented in internal tracker 16.,ANA-01,False,Resolved,"[""ALT-CSE-01-01770""]"
CAS-CSE-01-0413,CSE-01,2024-11-10 16:05:19.748748,2024-11-10 18:15:29.054202,Investigation completed. Findings documented in internal tracker 31.,ANA-05,False,Resolved,"[""ALT-CSE-01-01773""]"
CAS-CSE-01-0414,CSE-01,2024-10-21 02:44:50.127514,2024-10-21 03:23:54.872416,Investigation completed. Findings documented in internal tracker 1.,ANA-04,True,Resolved,"[""ALT-CSE-01-01782""]"
CAS-CSE-01-0415,CSE-01,2024-11-20 06:38:59.019289,2024-11-20 09:13:25.719080,Investigation completed. Findings documented in internal tracker 24.,ANA-04,False,Resolved,"[""ALT-CSE-01-01789""]"
CAS-CSE-01-0416,CSE-01,2024-11-28 13:07:40.613755,2024-11-28 14:49:47.813275,Investigation completed. Findings documented in internal tracker 32.,ANA-02,True,Resolved,"[""ALT-CSE-01-01791""]"
CAS-CSE-01-0417,CSE-01,2024-12-27 19:36:25.214991,2024-12-27 20:54:20.659296,Investigation completed. Findings documented in internal tracker 29.,ANA-02,False,Resolved,"[""ALT-CSE-01-01808""]"
CAS-CSE-01-0418,CSE-01,2024-11-05 03:51:24.580251,2024-11-05 04:48:25.036174,Investigation completed. Findings documented in internal tracker 8.,ANA-03,False,Resolved,"[""ALT-CSE-01-01821""]"
CAS-CSE-01-0419,CSE-01,2024-11-26 18:48:28.813526,2024-11-26 20:01:08.059246,Investigation completed. Findings documented in internal tracker 10.,ANA-01,False,Resolved,"[""ALT-CSE-01-01825""]"
CAS-CSE-01-0420,CSE-01,2024-11-11 10:02:37.114722,2024-11-11 11:16:19.356027,Investigation completed. Findings documented in internal tracker 4.,ANA-02,False,Resolved,"[""ALT-CSE-01-01827""]"
CAS-CSE-01-0421,CSE-01,2024-10-04 08:18:54.851121,2024-10-04 09:32:39.418288,Investigation completed. Findings documented in internal tracker 17.,ANA-02,False,Resolved,"[""ALT-CSE-01-01828""]"
CAS-CSE-01-0422,CSE-01,2024-11-05 03:09:02.781560,2024-11-05 04:52:42.986626,Investigation completed. Findings documented in internal tracker 13.,ANA-01,False,Resolved,"[""ALT-CSE-01-01838""]"
CAS-CSE-01-0423,CSE-01,2024-12-15 23:10:18.561030,2024-12-15 23:51:35.435198,Investigation completed. Findings documented in internal tracker 33.,ANA-02,False,Resolved,"[""ALT-CSE-01-01840""]"
CAS-CSE-01-0424,CSE-01,2024-10-15 02:04:12.032640,2024-10-15 02:32:56.553119,Investigation completed. Findings documented in internal tracker 25.,ANA-05,False,Resolved,"[""ALT-CSE-01-01845""]"
CAS-CSE-01-0425,CSE-01,2024-12-22 21:06:56.946970,2024-12-22 21:49:08.999456,Investigation completed. Findings documented in internal tracker 17.,ANA-03,True,Resolved,"[""ALT-CSE-01-01866""]"
CAS-CSE-01-0426,CSE-01,2024-11-10 11:39:57.970932,2024-11-10 13:11:27.834770,Investigation completed. Findings documented in internal tracker 7.,ANA-05,True,Resolved,"[""ALT-CSE-01-01872""]"
CAS-CSE-01-0427,CSE-01,2024-11-10 21:23:57.568704,2024-11-10 22:07:32.085167,Investigation completed. Findings documented in internal tracker 30.,ANA-01,False,Resolved,"[""ALT-CSE-01-01885""]"
CAS-CSE-01-0428,CSE-01,2024-10-25 16:10:59.482871,2024-10-25 16:44:15.310997,Investigation completed. Findings documented in internal tracker 6.,ANA-05,False,Resolved,"[""ALT-CSE-01-01895""]"
CAS-CSE-01-0429,CSE-01,2024-11-12 01:43:49.446534,2024-11-12 02:01:11.355176,Investigation completed. Findings documented in internal tracker 8.,ANA-05,False,Resolved,"[""ALT-CSE-01-01907""]"
CAS-CSE-01-0430,CSE-01,2024-11-12 12:16:01.186784,2024-11-12 13:02:51.581636,Investigation completed. Findings documented in internal tracker 13.,ANA-03,True,Resolved,"[""ALT-CSE-01-01912""]"
CAS-CSE-01-0431,CSE-01,2024-10-05 21:35:19.798888,2024-10-05 22:07:21.990579,Investigation completed. Findings documented in internal tracker 32.,ANA-05,True,Resolved,"[""ALT-CSE-01-01914""]"
CAS-CSE-01-0432,CSE-01,2024-11-11 05:55:44.661204,2024-11-11 06:58:11.055034,Investigation completed. Findings documented in internal tracker 28.,ANA-03,False,Resolved,"[""ALT-CSE-01-01916""]"
CAS-CSE-01-0433,CSE-01,2024-11-20 04:55:51.545116,2024-11-20 07:47:04.874776,Investigation completed. Findings documented in internal tracker 36.,ANA-01,False,Resolved,"[""ALT-CSE-01-01932""]"
CAS-CSE-01-0434,CSE-01,2024-10-13 07:13:28.883129,2024-10-13 07:58:57.774323,Investigation completed. Findings documented in internal tracker 0.,ANA-05,False,Resolved,"[""ALT-CSE-01-01938""]"
CAS-CSE-01-0435,CSE-01,2024-10-17 01:31:15.108215,2024-10-17 02:21:54.037087,Investigation completed. Findings documented in internal tracker 34.,ANA-05,False,Resolved,"[""ALT-CSE-01-01940""]"
CAS-CSE-01-0436,CSE-01,2024-11-23 12:41:01.097107,2024-11-23 13:58:49.347698,Investigation completed. Findings documented in internal tracker 24.,ANA-03,False,Resolved,"[""ALT-CSE-01-01941""]"
CAS-CSE-01-0437,CSE-01,2024-10-24 22:12:40.385206,2024-10-24 23:12:07.245738,Investigation completed. Findings documented in internal tracker 8.,ANA-02,False,Resolved,"[""ALT-CSE-01-01948""]"
CAS-CSE-01-0438,CSE-01,2024-10-14 06:35:27.180205,2024-10-14 08:01:38.807918,Investigation completed. Findings documented in internal tracker 34.,ANA-04,False,Resolved,"[""ALT-CSE-01-01950""]"
CAS-CSE-01-0439,CSE-01,2024-11-10 10:06:15.500870,2024-11-10 10:49:35.945729,Investigation completed. Findings documented in internal tracker 15.,ANA-04,False,Resolved,"[""ALT-CSE-01-01962""]"
CAS-CSE-01-0440,CSE-01,2024-12-19 13:23:39.621775,2024-12-19 13:44:31.389220,Investigation completed. Findings documented in internal tracker 12.,ANA-04,False,Resolved,"[""ALT-CSE-01-01965""]"
CAS-CSE-01-0441,CSE-01,2024-11-24 16:27:59.637151,2024-11-24 17:04:26.753767,Investigation completed. Findings documented in internal tracker 5.,ANA-03,True,Resolved,"[""ALT-CSE-01-01972""]"
CAS-CSE-01-0442,CSE-01,2024-10-22 07:22:54.643641,2024-10-22 07:55:22.241175,Investigation completed. Findings documented in internal tracker 35.,ANA-05,False,Resolved,"[""ALT-CSE-01-01983""]"
CAS-CSE-01-0443,CSE-01,2024-11-07 19:29:36.950383,2024-11-07 20:37:22.523855,Investigation completed. Findings documented in internal tracker 14.,ANA-04,False,Resolved,"[""ALT-CSE-01-02009""]"
CAS-CSE-01-0444,CSE-01,2024-12-25 01:02:43.907181,2024-12-25 02:00:06.629643,Investigation completed. Findings documented in internal tracker 10.,ANA-01,True,Resolved,"[""ALT-CSE-01-02011""]"
CAS-CSE-01-0445,CSE-01,2024-11-10 18:52:15.390501,2024-11-10 19:35:54.754910,Investigation completed. Findings documented in internal tracker 35.,ANA-03,True,Resolved,"[""ALT-CSE-01-02022""]"
CAS-CSE-01-0446,CSE-01,2024-10-15 09:49:03.475463,2024-10-15 10:36:14.109292,Investigation completed. Findings documented in internal tracker 10.,ANA-03,True,Resolved,"[""ALT-CSE-01-02024""]"
CAS-CSE-01-0447,CSE-01,2024-10-14 21:17:18.798898,2024-10-14 21:59:02.252144,Investigation completed. Findings documented in internal tracker 37.,ANA-05,False,Resolved,"[""ALT-CSE-01-02032""]"
CAS-CSE-01-0448,CSE-01,2024-12-27 14:57:11.356832,2024-12-27 15:46:08.569200,Investigation completed. Findings documented in internal tracker 22.,ANA-04,False,Resolved,"[""ALT-CSE-01-02034""]"
CAS-CSE-01-0449,CSE-01,2024-10-07 15:41:54.149389,2024-10-07 18:48:57.056478,Investigation completed. Findings documented in internal tracker 26.,ANA-05,False,Resolved,"[""ALT-CSE-01-02036""]"
CAS-CSE-01-0450,CSE-01,2024-10-07 18:32:41.277796,2024-10-07 20:16:45.840459,Investigation completed. Findings documented in internal tracker 14.,ANA-02,False,Resolved,"[""ALT-CSE-01-02041""]"
CAS-CSE-01-0451,CSE-01,2024-10-18 17:15:20.155210,2024-10-18 18:53:49.695664,Investigation completed. Findings documented in internal tracker 30.,ANA-03,False,Resolved,"[""ALT-CSE-01-02046""]"
CAS-CSE-01-0452,CSE-01,2024-12-14 12:48:24.713848,2024-12-14 13:04:12.768230,Investigation completed. Findings documented in internal tracker 30.,ANA-03,True,Resolved,"[""ALT-CSE-01-02048""]"
CAS-CSE-01-0453,CSE-01,2024-11-28 20:01:15.577403,2024-11-28 20:44:51.353991,Investigation completed. Findings documented in internal tracker 7.,ANA-02,False,Resolved,"[""ALT-CSE-01-02050""]"
CAS-CSE-01-0454,CSE-01,2024-10-08 09:45:16.780007,2024-10-08 11:51:16.081475,Investigation completed. Findings documented in internal tracker 21.,ANA-04,False,Resolved,"[""ALT-CSE-01-02054""]"
CAS-CSE-01-0455,CSE-01,2024-12-01 23:33:24.734279,2024-12-02 00:22:46.243601,Investigation completed. Findings documented in internal tracker 10.,ANA-01,False,Resolved,"[""ALT-CSE-01-02055""]"
CAS-CSE-01-0456,CSE-01,2024-10-28 07:13:13.218181,2024-10-28 08:06:50.387000,Investigation completed. Findings documented in internal tracker 33.,ANA-05,True,Resolved,"[""ALT-CSE-01-02063""]"
CAS-CSE-01-0457,CSE-01,2024-10-03 12:09:33.512976,2024-10-03 13:28:13.622587,Investigation completed. Findings documented in internal tracker 37.,ANA-01,False,Resolved,"[""ALT-CSE-01-02067""]"
CAS-CSE-01-0458,CSE-01,2024-11-07 23:20:27.027196,2024-11-08 00:28:06.574218,Investigation completed. Findings documented in internal tracker 30.,ANA-01,False,Resolved,"[""ALT-CSE-01-02069""]"
CAS-CSE-01-0459,CSE-01,2024-10-16 17:59:16.336377,2024-10-16 18:55:42.653064,Investigation completed. Findings documented in internal tracker 24.,ANA-04,False,Resolved,"[""ALT-CSE-01-02070""]"
CAS-CSE-01-0460,CSE-01,2024-11-06 00:19:29.689465,2024-11-06 01:15:55.527430,Investigation completed. Findings documented in internal tracker 11.,ANA-04,True,Resolved,"[""ALT-CSE-01-02071""]"
CAS-CSE-01-0461,CSE-01,2024-10-14 19:55:09.037987,2024-10-14 21:03:54.782362,Investigation completed. Findings documented in internal tracker 35.,ANA-04,True,Resolved,"[""ALT-CSE-01-02074""]"
CAS-CSE-01-0462,CSE-01,2024-12-27 08:47:10.679004,2024-12-27 09:20:00.124821,Investigation completed. Findings documented in internal tracker 31.,ANA-02,False,Resolved,"[""ALT-CSE-01-02075""]"
CAS-CSE-01-0463,CSE-01,2024-11-16 18:59:38.210324,2024-11-16 20:25:21.446979,Investigation completed. Findings documented in internal tracker 37.,ANA-02,False,Resolved,"[""ALT-CSE-01-02085""]"
CAS-CSE-01-0464,CSE-01,2024-12-08 11:33:21.205129,2024-12-08 12:29:29.471504,Investigation completed. Findings documented in internal tracker 7.,ANA-01,True,Resolved,"[""ALT-CSE-01-02088""]"
CAS-CSE-01-0465,CSE-01,2024-10-25 19:47:59.748752,2024-10-25 21:29:56.638148,Investigation completed. Findings documented in internal tracker 4.,ANA-03,False,Resolved,"[""ALT-CSE-01-02089""]"
CAS-CSE-01-0466,CSE-01,2024-12-10 08:30:02.175149,2024-12-10 09:17:58.466043,Investigation completed. Findings documented in internal tracker 21.,ANA-03,False,Resolved,"[""ALT-CSE-01-02092""]"
CAS-CSE-01-0467,CSE-01,2024-10-24 12:37:37.503919,2024-10-24 13:20:20.977391,Investigation completed. Findings documented in internal tracker 9.,ANA-01,False,Resolved,"[""ALT-CSE-01-02102""]"
CAS-CSE-01-0468,CSE-01,2024-10-26 14:25:20.904509,2024-10-26 15:02:22.286332,Investigation completed. Findings documented in internal tracker 37.,ANA-04,True,Resolved,"[""ALT-CSE-01-02112""]"
CAS-CSE-01-0469,CSE-01,2024-11-24 05:06:15.581831,2024-11-24 05:37:49.860454,Investigation completed. Findings documented in internal tracker 33.,ANA-04,False,Resolved,"[""ALT-CSE-01-02118""]"
CAS-CSE-01-0470,CSE-01,2024-12-12 12:16:04.069404,2024-12-12 13:02:07.651407,Investigation completed. Findings documented in internal tracker 10.,ANA-05,False,Resolved,"[""ALT-CSE-01-02129""]"
CAS-CSE-01-0471,CSE-01,2024-12-06 02:16:58.988898,2024-12-06 03:06:41.099856,Investigation completed. Findings documented in internal tracker 33.,ANA-01,False,Resolved,"[""ALT-CSE-01-02131""]"
CAS-CSE-01-0472,CSE-01,2024-10-31 00:29:44.638754,2024-10-31 02:16:15.370888,Investigation completed. Findings documented in internal tracker 35.,ANA-04,True,Resolved,"[""ALT-CSE-01-02134""]"
CAS-CSE-01-0473,CSE-01,2024-11-30 12:15:17.818624,2024-11-30 13:00:40.470148,Investigation completed. Findings documented in internal tracker 27.,ANA-03,False,Resolved,"[""ALT-CSE-01-02144""]"
CAS-CSE-01-0474,CSE-01,2024-10-21 18:49:25.453705,2024-10-21 19:35:44.066847,Investigation completed. Findings documented in internal tracker 10.,ANA-02,False,Resolved,"[""ALT-CSE-01-02145""]"
CAS-CSE-01-0475,CSE-01,2024-11-14 00:26:08.400691,2024-11-14 02:27:34.691530,Investigation completed. Findings documented in internal tracker 24.,ANA-01,False,Resolved,"[""ALT-CSE-01-02147""]"
CAS-CSE-01-0476,CSE-01,2024-11-11 21:44:42.154856,2024-11-11 22:20:06.339925,Investigation completed. Findings documented in internal tracker 35.,ANA-03,False,Resolved,"[""ALT-CSE-01-02149""]"
CAS-CSE-01-0477,CSE-01,2024-12-06 23:59:19.973108,2024-12-07 00:39:13.213251,Investigation completed. Findings documented in internal tracker 0.,ANA-04,False,Resolved,"[""ALT-CSE-01-02158""]"
CAS-CSE-01-0478,CSE-01,2024-12-17 21:23:02.708049,2024-12-17 23:03:37.777986,Investigation completed. Findings documented in internal tracker 3.,ANA-04,True,Resolved,"[""ALT-CSE-01-02160""]"
CAS-CSE-01-0479,CSE-01,2024-10-08 23:46:55.671536,2024-10-09 02:07:18.300139,Investigation completed. Findings documented in internal tracker 23.,ANA-03,True,Resolved,"[""ALT-CSE-01-02167""]"
CAS-CSE-01-0480,CSE-01,2024-10-22 08:27:14.625353,2024-10-22 08:57:51.313299,Investigation completed. Findings documented in internal tracker 17.,ANA-03,False,Resolved,"[""ALT-CSE-01-02174""]"
CAS-CSE-01-0481,CSE-01,2024-12-02 01:42:21.687084,2024-12-02 02:05:34.125009,Investigation completed. Findings documented in internal tracker 11.,ANA-04,True,Resolved,"[""ALT-CSE-01-02180""]"
CAS-CSE-01-0482,CSE-01,2024-10-05 06:53:34.006906,2024-10-05 07:40:18.245020,Investigation completed. Findings documented in internal tracker 11.,ANA-03,True,Resolved,"[""ALT-CSE-01-02182""]"
CAS-CSE-01-0483,CSE-01,2024-12-04 08:42:21.939580,2024-12-04 09:05:40.779285,Investigation completed. Findings documented in internal tracker 13.,ANA-04,False,Resolved,"[""ALT-CSE-01-02184""]"
CAS-CSE-01-0484,CSE-01,2024-11-02 08:02:27.740830,2024-11-02 08:44:11.379036,Investigation completed. Findings documented in internal tracker 13.,ANA-01,False,Resolved,"[""ALT-CSE-01-02190""]"
CAS-CSE-01-0485,CSE-01,2024-10-19 14:18:38.493438,2024-10-19 15:52:18.232379,Investigation completed. Findings documented in internal tracker 15.,ANA-01,False,Resolved,"[""ALT-CSE-01-02192""]"
CAS-CSE-01-0486,CSE-01,2024-12-05 16:15:20.525653,2024-12-05 18:31:49.560427,Investigation completed. Findings documented in internal tracker 18.,ANA-03,False,Resolved,"[""ALT-CSE-01-02203""]"
CAS-CSE-01-0487,CSE-01,2024-12-01 17:10:48.344531,2024-12-01 18:14:20.856585,Investigation completed. Findings documented in internal tracker 1.,ANA-02,False,Resolved,"[""ALT-CSE-01-02208""]"
CAS-CSE-01-0488,CSE-01,2024-10-29 06:54:36.935662,2024-10-29 07:46:59.100396,Investigation completed. Findings documented in internal tracker 25.,ANA-04,False,Resolved,"[""ALT-CSE-01-02213""]"
CAS-CSE-01-0489,CSE-01,2024-10-05 01:20:56.193528,2024-10-05 03:06:24.209347,Investigation completed. Findings documented in internal tracker 38.,ANA-03,False,Resolved,"[""ALT-CSE-01-02215""]"
CAS-CSE-01-0490,CSE-01,2024-11-07 11:48:58.874195,2024-11-07 12:35:57.291354,Investigation completed. Findings documented in internal tracker 4.,ANA-05,False,Resolved,"[""ALT-CSE-01-02218""]"
CAS-CSE-01-0491,CSE-01,2024-10-24 19:29:53.161801,2024-10-24 20:11:15.324704,Investigation completed. Findings documented in internal tracker 36.,ANA-05,True,Resolved,"[""ALT-CSE-01-02225""]"
CAS-CSE-01-0492,CSE-01,2024-12-25 13:03:02.726993,2024-12-25 14:01:49.674242,Investigation completed. Findings documented in internal tracker 12.,ANA-01,False,Resolved,"[""ALT-CSE-01-02235""]"
CAS-CSE-01-0493,CSE-01,2024-11-24 17:42:38.410395,2024-11-24 18:30:35.714151,Investigation completed. Findings documented in internal tracker 30.,ANA-01,False,Resolved,"[""ALT-CSE-01-02238""]"
CAS-CSE-01-0494,CSE-01,2024-10-01 17:40:10.726908,2024-10-01 20:09:56.874280,Investigation completed. Findings documented in internal tracker 0.,ANA-03,False,Resolved,"[""ALT-CSE-01-02244""]"
CAS-CSE-01-0495,CSE-01,2024-11-01 00:02:51.307751,2024-11-01 00:08:13.108457,Investigation completed. Findings documented in internal tracker 5.,ANA-02,True,Resolved,"[""ALT-CSE-01-02247""]"
CAS-CSE-01-0496,CSE-01,2024-10-04 16:14:48.509114,2024-10-04 16:54:33.278551,Investigation completed. Findings documented in internal tracker 14.,ANA-02,False,Resolved,"[""ALT-CSE-01-02250""]"
CAS-CSE-01-0497,CSE-01,2024-12-16 13:41:54.545263,2024-12-16 15:34:02.895010,Investigation completed. Findings documented in internal tracker 12.,ANA-04,True,Resolved,"[""ALT-CSE-01-02254""]"
CAS-CSE-01-0498,CSE-01,2024-11-03 17:41:58.200015,2024-11-03 19:51:09.127652,Investigation completed. Findings documented in internal tracker 37.,ANA-04,False,Resolved,"[""ALT-CSE-01-02262""]"
CAS-CSE-01-0499,CSE-01,2024-11-30 19:18:36.801182,2024-11-30 20:11:41.283732,Investigation completed. Findings documented in internal tracker 10.,ANA-01,True,Resolved,"[""ALT-CSE-01-02264""]"
CAS-CSE-01-0500,CSE-01,2024-10-31 22:53:14.201079,2024-10-31 23:54:15.963433,Investigation completed. Findings documented in internal tracker 9.,ANA-01,False,Resolved,"[""ALT-CSE-01-02270""]"
CAS-CSE-01-0501,CSE-01,2024-11-02 13:36:13.275241,2024-11-02 14:19:03.058878,Investigation completed. Findings documented in internal tracker 34.,ANA-02,False,Resolved,"[""ALT-CSE-01-02272""]"
CAS-CSE-01-0502,CSE-01,2024-10-21 13:15:01.929242,2024-10-21 13:47:27.929915,Investigation completed. Findings documented in internal tracker 19.,ANA-02,False,Resolved,"[""ALT-CSE-01-02273""]"
CAS-CSE-01-0503,CSE-01,2024-12-21 14:23:07.161471,2024-12-21 17:04:33.086999,Investigation completed. Findings documented in internal tracker 13.,ANA-04,False,Resolved,"[""ALT-CSE-01-02281""]"
CAS-CSE-01-0504,CSE-01,2024-12-15 16:52:59.445977,2024-12-15 17:59:28.770210,Investigation completed. Findings documented in internal tracker 0.,ANA-01,False,Resolved,"[""ALT-CSE-01-02292""]"
CAS-CSE-01-0505,CSE-01,2024-11-11 05:59:23.208084,2024-11-11 06:41:45.372521,Investigation completed. Findings documented in internal tracker 21.,ANA-04,False,Resolved,"[""ALT-CSE-01-02294""]"
CAS-CSE-01-0506,CSE-01,2024-11-07 00:53:20.822017,2024-11-07 02:47:08.479382,Investigation completed. Findings documented in internal tracker 9.,ANA-02,False,Resolved,"[""ALT-CSE-01-02298""]"
CAS-CSE-01-0507,CSE-01,2024-11-17 10:20:07.817620,2024-11-17 11:09:24.849255,Investigation completed. Findings documented in internal tracker 2.,ANA-01,False,Resolved,"[""ALT-CSE-01-02301""]"
CAS-CSE-01-0508,CSE-01,2024-11-10 23:16:47.644200,2024-11-11 00:47:40.730060,Investigation completed. Findings documented in internal tracker 5.,ANA-05,False,Resolved,"[""ALT-CSE-01-02305""]"
CAS-CSE-01-0509,CSE-01,2024-10-27 05:47:56.248299,2024-10-27 06:52:00.010672,Investigation completed. Findings documented in internal tracker 0.,ANA-01,False,Resolved,"[""ALT-CSE-01-02318""]"
CAS-CSE-01-0510,CSE-01,2024-11-15 15:22:54.887860,2024-11-15 16:07:28.873678,Investigation completed. Findings documented in internal tracker 28.,ANA-03,False,Resolved,"[""ALT-CSE-01-02320""]"
CAS-CSE-01-0511,CSE-01,2024-11-15 01:38:34.943556,2024-11-15 03:55:27.162024,Investigation completed. Findings documented in internal tracker 5.,ANA-04,False,Resolved,"[""ALT-CSE-01-02321""]"
CAS-CSE-01-0512,CSE-01,2024-11-08 20:58:18.834317,2024-11-09 00:12:00.496861,Investigation completed. Findings documented in internal tracker 6.,ANA-04,False,Resolved,"[""ALT-CSE-01-02329""]"
CAS-CSE-01-0513,CSE-01,2024-12-01 01:41:08.655131,2024-12-01 01:51:50.259247,Investigation completed. Findings documented in internal tracker 20.,ANA-01,False,Resolved,"[""ALT-CSE-01-02330""]"
CAS-CSE-01-0514,CSE-01,2024-12-08 11:45:51.946003,2024-12-08 13:08:07.083112,Investigation completed. Findings documented in internal tracker 27.,ANA-03,True,Resolved,"[""ALT-CSE-01-02333""]"
CAS-CSE-01-0515,CSE-01,2024-11-02 11:30:39.047481,2024-11-02 13:11:03.596598,Investigation completed. Findings documented in internal tracker 11.,ANA-03,False,Resolved,"[""ALT-CSE-01-02335""]"
CAS-CSE-01-0516,CSE-01,2024-11-10 16:10:58.287339,2024-11-10 18:59:34.092292,Investigation completed. Findings documented in internal tracker 15.,ANA-02,False,Resolved,"[""ALT-CSE-01-02339""]"
CAS-CSE-01-0517,CSE-01,2024-10-23 08:39:37.120878,2024-10-23 09:20:48.208032,Investigation completed. Findings documented in internal tracker 4.,ANA-05,False,Resolved,"[""ALT-CSE-01-02344""]"
CAS-CSE-01-0518,CSE-01,2024-11-25 23:19:25.549441,2024-11-25 23:51:55.329599,Investigation completed. Findings documented in internal tracker 27.,ANA-01,False,Resolved,"[""ALT-CSE-01-02346""]"
CAS-CSE-01-0519,CSE-01,2024-12-28 07:56:48.899327,2024-12-28 09:29:16.274519,Investigation completed. Findings documented in internal tracker 37.,ANA-01,True,Resolved,"[""ALT-CSE-01-02348""]"
CAS-CSE-01-0520,CSE-01,2024-12-06 16:40:48.780243,2024-12-06 17:10:33.348978,Investigation completed. Findings documented in internal tracker 35.,ANA-04,False,Resolved,"[""ALT-CSE-01-02349""]"
CAS-CSE-01-0521,CSE-01,2024-10-19 14:20:56.110561,2024-10-19 16:56:05.036180,Investigation completed. Findings documented in internal tracker 16.,ANA-01,False,Resolved,"[""ALT-CSE-01-02352""]"
CAS-CSE-01-0522,CSE-01,2024-11-01 01:05:01.368746,2024-11-01 01:54:49.774057,Investigation completed. Findings documented in internal tracker 8.,ANA-03,True,Resolved,"[""ALT-CSE-01-02353""]"
CAS-CSE-01-0523,CSE-01,2024-12-24 12:46:19.340972,2024-12-24 13:22:39.782498,Investigation completed. Findings documented in internal tracker 15.,ANA-05,False,Resolved,"[""ALT-CSE-01-02355""]"
CAS-CSE-01-0524,CSE-01,2024-11-12 21:46:13.054225,2024-11-12 23:41:35.192944,Investigation completed. Findings documented in internal tracker 29.,ANA-05,True,Resolved,"[""ALT-CSE-01-02356""]"
CAS-CSE-01-0525,CSE-01,2024-11-05 18:23:44.553935,2024-11-05 19:11:37.940532,Investigation completed. Findings documented in internal tracker 23.,ANA-02,False,Resolved,"[""ALT-CSE-01-02359""]"
CAS-CSE-01-0526,CSE-01,2024-12-26 03:55:27.450702,2024-12-26 04:22:45.045802,Investigation completed. Findings documented in internal tracker 32.,ANA-03,False,Resolved,"[""ALT-CSE-01-02360""]"
CAS-CSE-01-0527,CSE-01,2024-11-12 17:51:55.985832,2024-11-12 18:42:42.951849,Investigation completed. Findings documented in internal tracker 25.,ANA-03,False,Resolved,"[""ALT-CSE-01-02361""]"
CAS-CSE-01-0528,CSE-01,2024-10-14 15:30:29.920181,2024-10-14 16:28:58.611198,Investigation completed. Findings documented in internal tracker 13.,ANA-04,False,Resolved,"[""ALT-CSE-01-02365""]"
CAS-CSE-01-0529,CSE-01,2024-10-08 14:42:10.996463,2024-10-08 16:01:05.170439,Investigation completed. Findings documented in internal tracker 26.,ANA-05,True,Resolved,"[""ALT-CSE-01-02366""]"
CAS-CSE-01-0530,CSE-01,2024-10-28 01:42:47.817452,2024-10-28 03:34:40.955582,Investigation completed. Findings documented in internal tracker 6.,ANA-05,True,Resolved,"[""ALT-CSE-01-02371""]"
CAS-CSE-01-0531,CSE-01,2024-12-12 22:34:37.724016,2024-12-12 23:16:33.975688,Investigation completed. Findings documented in internal tracker 5.,ANA-04,False,Resolved,"[""ALT-CSE-01-02374""]"
CAS-CSE-01-0532,CSE-01,2024-10-23 14:20:44.528170,2024-10-23 15:11:06.971752,Investigation completed. Findings documented in internal tracker 20.,ANA-01,True,Resolved,"[""ALT-CSE-01-02376""]"
CAS-CSE-01-0533,CSE-01,2024-12-24 23:21:54.384447,2024-12-24 23:50:47.392049,Investigation completed. Findings documented in internal tracker 8.,ANA-04,True,Resolved,"[""ALT-CSE-01-02386""]"
CAS-CSE-01-0534,CSE-01,2024-11-12 02:10:43.562777,2024-11-12 03:00:46.928055,Investigation completed. Findings documented in internal tracker 29.,ANA-02,False,Resolved,"[""ALT-CSE-01-02387""]"
CAS-CSE-01-0535,CSE-01,2024-11-26 23:29:54.996805,2024-11-27 01:10:15.830086,Investigation completed. Findings documented in internal tracker 9.,ANA-05,False,Resolved,"[""ALT-CSE-01-02393""]"
CAS-CSE-01-0536,CSE-01,2024-10-29 00:30:27.611439,2024-10-29 01:04:36.983967,Investigation completed. Findings documented in internal tracker 34.,ANA-04,False,Resolved,"[""ALT-CSE-01-02396""]"
CAS-CSE-01-0537,CSE-01,2024-11-15 03:29:13.598923,2024-11-15 05:14:32.439332,Investigation completed. Findings documented in internal tracker 34.,ANA-04,False,Resolved,"[""ALT-CSE-01-02401""]"
CAS-CSE-01-0538,CSE-01,2024-11-23 14:07:22.364922,2024-11-23 15:03:10.361362,Investigation completed. Findings documented in internal tracker 2.,ANA-04,False,Resolved,"[""ALT-CSE-01-02402""]"
CAS-CSE-01-0539,CSE-01,2024-11-30 13:36:42.842426,2024-11-30 15:10:07.117908,Investigation completed. Findings documented in internal tracker 12.,ANA-04,False,Resolved,"[""ALT-CSE-01-02403""]"
CAS-CSE-01-0540,CSE-01,2024-10-13 12:38:15.700953,2024-10-13 12:58:08.590466,Investigation completed. Findings documented in internal tracker 12.,ANA-03,True,Resolved,"[""ALT-CSE-01-02408""]"
CAS-CSE-01-0541,CSE-01,2024-12-05 13:33:57.345238,2024-12-05 16:20:44.532335,Investigation completed. Findings documented in internal tracker 12.,ANA-01,True,Resolved,"[""ALT-CSE-01-02414""]"
CAS-CSE-01-0542,CSE-01,2024-10-20 03:17:04.672109,2024-10-20 05:13:38.363733,Investigation completed. Findings documented in internal tracker 33.,ANA-03,False,Resolved,"[""ALT-CSE-01-02425""]"
CAS-CSE-01-0543,CSE-01,2024-11-26 02:49:49.940301,2024-11-26 03:31:08.119420,Investigation completed. Findings documented in internal tracker 35.,ANA-05,False,Resolved,"[""ALT-CSE-01-02428""]"
CAS-CSE-01-0544,CSE-01,2024-11-12 16:38:38.739028,2024-11-12 17:20:08.025928,Investigation completed. Findings documented in internal tracker 35.,ANA-05,False,Resolved,"[""ALT-CSE-01-02440""]"
CAS-CSE-01-0545,CSE-01,2024-11-01 09:48:17.343054,2024-11-01 10:17:10.624494,Investigation completed. Findings documented in internal tracker 32.,ANA-01,False,Resolved,"[""ALT-CSE-01-02452""]"
CAS-CSE-01-0546,CSE-01,2024-12-07 13:57:55.196442,2024-12-07 15:13:28.974026,Investigation completed. Findings documented in internal tracker 15.,ANA-01,False,Resolved,"[""ALT-CSE-01-02457""]"
CAS-CSE-01-0547,CSE-01,2024-12-19 07:40:59.254681,2024-12-19 09:35:17.302583,Investigation completed. Findings documented in internal tracker 8.,ANA-02,False,Resolved,"[""ALT-CSE-01-02459""]"
CAS-CSE-01-0548,CSE-01,2024-12-26 05:48:28.588243,2024-12-26 08:33:48.324222,Investigation completed. Findings documented in internal tracker 20.,ANA-05,False,Resolved,"[""ALT-CSE-01-02465""]"
CAS-CSE-01-0549,CSE-01,2024-11-09 23:16:33.431242,2024-11-10 00:00:22.077326,Investigation completed. Findings documented in internal tracker 15.,ANA-05,False,Resolved,"[""ALT-CSE-01-02472""]"
CAS-CSE-01-0550,CSE-01,2024-11-14 14:11:10.695800,2024-11-14 14:40:31.750592,Investigation completed. Findings documented in internal tracker 18.,ANA-03,False,Resolved,"[""ALT-CSE-01-02473""]"
CAS-CSE-01-0551,CSE-01,2024-12-11 04:18:09.427116,2024-12-11 04:53:42.487700,Investigation completed. Findings documented in internal tracker 21.,ANA-03,False,Resolved,"[""ALT-CSE-01-02481""]"
CAS-CSE-01-0552,CSE-01,2024-12-07 01:12:09.197927,2024-12-07 02:03:01.630873,Investigation completed. Findings documented in internal tracker 5.,ANA-01,False,Resolved,"[""ALT-CSE-01-02482""]"
CAS-CSE-01-0553,CSE-01,2024-11-14 11:10:48.828653,2024-11-14 11:19:08.934163,Investigation completed. Findings documented in internal tracker 34.,ANA-05,False,Resolved,"[""ALT-CSE-01-02485""]"
CAS-CSE-01-0554,CSE-01,2024-12-29 04:53:18.975476,2024-12-29 06:57:18.900543,Investigation completed. Findings documented in internal tracker 26.,ANA-04,True,Resolved,"[""ALT-CSE-01-02486""]"
CAS-CSE-01-0555,CSE-01,2024-11-28 11:34:53.625793,2024-11-28 14:16:56.826409,Investigation completed. Findings documented in internal tracker 8.,ANA-02,True,Resolved,"[""ALT-CSE-01-02494""]"
CAS-CSE-01-0556,CSE-01,2024-12-17 10:32:30.363781,2024-12-17 11:04:18.786324,Investigation completed. Findings documented in internal tracker 8.,ANA-01,True,Resolved,"[""ALT-CSE-01-02505""]"
CAS-CSE-01-0557,CSE-01,2024-10-29 12:14:56.537911,2024-10-29 13:49:57.422301,Investigation completed. Findings documented in internal tracker 0.,ANA-05,True,Resolved,"[""ALT-CSE-01-02508""]"
CAS-CSE-01-0558,CSE-01,2024-10-29 14:09:44.887028,2024-10-29 14:49:59.298869,Investigation completed. Findings documented in internal tracker 16.,ANA-02,False,Resolved,"[""ALT-CSE-01-02511""]"
CAS-CSE-01-0559,CSE-01,2024-10-18 23:55:21.514590,2024-10-19 00:26:17.644104,Investigation completed. Findings documented in internal tracker 20.,ANA-02,False,Resolved,"[""ALT-CSE-01-02524""]"
CAS-CSE-01-0560,CSE-01,2024-11-20 14:58:41.733838,2024-11-20 15:49:19.016927,Investigation completed. Findings documented in internal tracker 28.,ANA-02,True,Resolved,"[""ALT-CSE-01-02539""]"
CAS-CSE-01-0561,CSE-01,2024-12-24 07:45:30.411207,2024-12-24 08:37:38.313640,Investigation completed. Findings documented in internal tracker 39.,ANA-03,True,Resolved,"[""ALT-CSE-01-02540""]"
CAS-CSE-01-0562,CSE-01,2024-11-03 16:42:59.304042,2024-11-03 18:43:28.176109,Investigation completed. Findings documented in internal tracker 23.,ANA-02,False,Resolved,"[""ALT-CSE-01-02542""]"
CAS-CSE-01-0563,CSE-01,2024-10-11 00:17:03.259984,2024-10-11 01:05:35.666866,Investigation completed. Findings documented in internal tracker 2.,ANA-04,False,Resolved,"[""ALT-CSE-01-02543""]"
CAS-CSE-01-0564,CSE-01,2024-12-17 00:03:33.150384,2024-12-17 00:33:44.496529,Investigation completed. Findings documented in internal tracker 37.,ANA-03,False,Resolved,"[""ALT-CSE-01-02554""]"
CAS-CSE-01-0565,CSE-01,2024-11-25 17:12:49.223376,2024-11-25 17:56:29.162243,Investigation completed. Findings documented in internal tracker 13.,ANA-04,False,Resolved,"[""ALT-CSE-01-02556""]"
CAS-CSE-01-0566,CSE-01,2024-11-28 21:11:33.317417,2024-11-28 21:56:41.776490,Investigation completed. Findings documented in internal tracker 28.,ANA-01,False,Resolved,"[""ALT-CSE-01-02561""]"
CAS-CSE-01-0567,CSE-01,2024-11-13 08:03:31.461559,2024-11-13 10:05:25.170910,Investigation completed. Findings documented in internal tracker 7.,ANA-02,False,Resolved,"[""ALT-CSE-01-02563""]"
CAS-CSE-01-0568,CSE-01,2024-11-08 07:09:23.880325,2024-11-08 08:14:27.326411,Investigation completed. Findings documented in internal tracker 8.,ANA-01,False,Resolved,"[""ALT-CSE-01-02564""]"
CAS-CSE-01-0569,CSE-01,2024-10-23 19:01:27.111563,2024-10-23 21:08:22.443722,Investigation completed. Findings documented in internal tracker 5.,ANA-05,False,Resolved,"[""ALT-CSE-01-02566""]"
CAS-CSE-01-0570,CSE-01,2024-12-05 21:37:26.923907,2024-12-05 23:09:30.518113,Investigation completed. Findings documented in internal tracker 16.,ANA-02,False,Resolved,"[""ALT-CSE-01-02575""]"
CAS-CSE-01-0571,CSE-01,2024-11-01 12:58:53.893493,2024-11-01 13:31:37.906186,Investigation completed. Findings documented in internal tracker 28.,ANA-01,False,Resolved,"[""ALT-CSE-01-02582""]"
CAS-CSE-01-0572,CSE-01,2024-11-12 10:25:52.007101,2024-11-12 10:46:33.438980,Investigation completed. Findings documented in internal tracker 13.,ANA-04,False,Resolved,"[""ALT-CSE-01-02585""]"
CAS-CSE-01-0573,CSE-01,2024-10-26 03:30:29.286399,2024-10-26 04:11:26.922188,Investigation completed. Findings documented in internal tracker 6.,ANA-02,True,Resolved,"[""ALT-CSE-01-02588""]"
CAS-CSE-01-0574,CSE-01,2024-10-19 10:37:11.734240,2024-10-19 11:01:00.879843,Investigation completed. Findings documented in internal tracker 15.,ANA-02,True,Resolved,"[""ALT-CSE-01-02589""]"
CAS-CSE-01-0575,CSE-01,2024-11-08 01:34:19.558502,2024-11-08 02:12:05.466277,Investigation completed. Findings documented in internal tracker 19.,ANA-03,False,Resolved,"[""ALT-CSE-01-02593""]"
CAS-CSE-01-0576,CSE-01,2024-12-06 14:55:35.568023,2024-12-06 17:19:09.900375,Investigation completed. Findings documented in internal tracker 12.,ANA-03,False,Resolved,"[""ALT-CSE-01-02594""]"
CAS-CSE-01-0577,CSE-01,2024-12-08 00:15:58.374005,2024-12-08 02:59:41.577486,Investigation completed. Findings documented in internal tracker 11.,ANA-05,False,Resolved,"[""ALT-CSE-01-02606""]"
CAS-CSE-01-0578,CSE-01,2024-10-18 04:45:01.405481,2024-10-18 05:24:19.725055,Investigation completed. Findings documented in internal tracker 35.,ANA-01,False,Resolved,"[""ALT-CSE-01-02620""]"
CAS-CSE-01-0579,CSE-01,2024-11-29 14:42:54.912619,2024-11-29 15:30:49.841679,Investigation completed. Findings documented in internal tracker 37.,ANA-01,False,Resolved,"[""ALT-CSE-01-02625""]"
CAS-CSE-01-0580,CSE-01,2024-11-19 06:44:36.502619,2024-11-19 08:24:00.982265,Investigation completed. Findings documented in internal tracker 15.,ANA-03,True,Resolved,"[""ALT-CSE-01-02626""]"
CAS-CSE-01-0581,CSE-01,2024-10-22 04:28:10.286162,2024-10-22 05:00:41.272693,Investigation completed. Findings documented in internal tracker 6.,ANA-02,False,Resolved,"[""ALT-CSE-01-02630""]"
CAS-CSE-01-0582,CSE-01,2024-12-19 09:54:30.870633,2024-12-19 10:45:47.187164,Investigation completed. Findings documented in internal tracker 28.,ANA-01,True,Resolved,"[""ALT-CSE-01-02635""]"
CAS-CSE-01-0583,CSE-01,2024-10-29 05:27:33.403836,2024-10-29 07:28:45.109105,Investigation completed. Findings documented in internal tracker 22.,ANA-02,False,Resolved,"[""ALT-CSE-01-02637""]"
CAS-CSE-01-0584,CSE-01,2024-12-06 07:27:00.880068,2024-12-06 08:13:57.679469,Investigation completed. Findings documented in internal tracker 18.,ANA-01,True,Resolved,"[""ALT-CSE-01-02643""]"
CAS-CSE-01-0585,CSE-01,2024-12-02 22:18:14.074448,2024-12-03 00:23:51.265799,Investigation completed. Findings documented in internal tracker 20.,ANA-04,False,Resolved,"[""ALT-CSE-01-02645""]"
CAS-CSE-01-0586,CSE-01,2024-12-22 20:50:43.736941,2024-12-22 23:06:32.208388,Investigation completed. Findings documented in internal tracker 11.,ANA-03,True,Resolved,"[""ALT-CSE-01-02651""]"
CAS-CSE-01-0587,CSE-01,2024-10-01 04:25:33.368656,2024-10-01 04:49:11.325017,Investigation completed. Findings documented in internal tracker 12.,ANA-04,True,Resolved,"[""ALT-CSE-01-02654""]"
CAS-CSE-01-0588,CSE-01,2024-11-15 18:19:20.131714,2024-11-15 19:06:48.773570,Investigation completed. Findings documented in internal tracker 27.,ANA-03,False,Resolved,"[""ALT-CSE-01-02659""]"
CAS-CSE-01-0589,CSE-01,2024-12-29 16:41:41.834076,2024-12-29 17:34:01.287606,Investigation completed. Findings documented in internal tracker 3.,ANA-05,False,Resolved,"[""ALT-CSE-01-02667""]"
CAS-CSE-01-0590,CSE-01,2024-10-21 11:36:20.793764,2024-10-21 12:28:25.962457,Investigation completed. Findings documented in internal tracker 38.,ANA-05,False,Resolved,"[""ALT-CSE-01-02669""]"
CAS-CSE-01-0591,CSE-01,2024-11-23 02:32:48.330919,2024-11-23 04:46:23.956882,Investigation completed. Findings documented in internal tracker 27.,ANA-03,False,Resolved,"[""ALT-CSE-01-02676""]"
CAS-CSE-01-0592,CSE-01,2024-10-24 15:18:56.710560,2024-10-24 17:41:11.046067,Investigation completed. Findings documented in internal tracker 3.,ANA-03,False,Resolved,"[""ALT-CSE-01-02680""]"
CAS-CSE-01-0593,CSE-01,2024-10-29 11:08:45.627450,2024-10-29 11:51:06.272491,Investigation completed. Findings documented in internal tracker 38.,ANA-04,False,Resolved,"[""ALT-CSE-01-02683""]"
CAS-CSE-01-0594,CSE-01,2024-10-04 12:25:30.352996,2024-10-04 13:32:30.754117,Investigation completed. Findings documented in internal tracker 14.,ANA-05,False,Resolved,"[""ALT-CSE-01-02689""]"
CAS-CSE-01-0595,CSE-01,2024-10-16 13:06:45.543220,2024-10-16 14:04:53.747199,Investigation completed. Findings documented in internal tracker 23.,ANA-02,False,Resolved,"[""ALT-CSE-01-02696""]"
CAS-CSE-01-0596,CSE-01,2024-10-05 01:49:43.689934,2024-10-05 03:39:55.272895,Investigation completed. Findings documented in internal tracker 3.,ANA-04,False,Resolved,"[""ALT-CSE-01-02709""]"
CAS-CSE-01-0597,CSE-01,2024-10-18 06:51:38.547793,2024-10-18 07:25:11.284341,Investigation completed. Findings documented in internal tracker 26.,ANA-02,False,Resolved,"[""ALT-CSE-01-02715""]"
CAS-CSE-01-0598,CSE-01,2024-12-03 07:52:18.783178,2024-12-03 08:26:37.944722,Investigation completed. Findings documented in internal tracker 39.,ANA-01,False,Resolved,"[""ALT-CSE-01-02718""]"
CAS-CSE-01-0599,CSE-01,2024-12-21 06:43:29.407133,2024-12-21 07:05:28.211487,Investigation completed. Findings documented in internal tracker 34.,ANA-04,False,Resolved,"[""ALT-CSE-01-02726""]"
CAS-CSE-01-0600,CSE-01,2024-10-13 05:30:44.854652,2024-10-13 06:12:10.388613,Investigation completed. Findings documented in internal tracker 17.,ANA-04,False,Resolved,"[""ALT-CSE-01-02727""]"
CAS-CSE-01-0601,CSE-01,2024-11-01 21:54:54.113374,2024-11-01 22:31:47.921299,Investigation completed. Findings documented in internal tracker 9.,ANA-04,False,Resolved,"[""ALT-CSE-01-02758""]"
CAS-CSE-01-0602,CSE-01,2024-12-22 18:01:12.820560,2024-12-22 18:31:17.992336,Investigation completed. Findings documented in internal tracker 21.,ANA-01,True,Resolved,"[""ALT-CSE-01-02759""]"
CAS-CSE-01-0603,CSE-01,2024-10-24 12:06:30.687021,2024-10-24 12:23:35.139522,Investigation completed. Findings documented in internal tracker 30.,ANA-03,False,Resolved,"[""ALT-CSE-01-02772""]"
CAS-CSE-01-0604,CSE-01,2024-12-25 21:36:37.289643,2024-12-25 22:14:34.507531,Investigation completed. Findings documented in internal tracker 12.,ANA-05,False,Resolved,"[""ALT-CSE-01-02774""]"
CAS-CSE-01-0605,CSE-01,2024-10-18 21:17:52.087302,2024-10-18 21:57:23.501612,Investigation completed. Findings documented in internal tracker 32.,ANA-02,False,Resolved,"[""ALT-CSE-01-02776""]"
CAS-CSE-01-0606,CSE-01,2024-10-24 07:12:20.300798,2024-10-24 07:45:01.520200,Investigation completed. Findings documented in internal tracker 2.,ANA-04,False,Resolved,"[""ALT-CSE-01-02785""]"
CAS-CSE-01-0607,CSE-01,2024-11-01 05:55:51.324485,2024-11-01 06:33:43.284255,Investigation completed. Findings documented in internal tracker 7.,ANA-04,False,Resolved,"[""ALT-CSE-01-02792""]"
CAS-CSE-01-0608,CSE-01,2024-12-29 17:21:12.252590,2024-12-29 17:58:09.003364,Investigation completed. Findings documented in internal tracker 16.,ANA-02,False,Resolved,"[""ALT-CSE-01-02800""]"
CAS-CSE-01-0609,CSE-01,2024-10-22 20:04:27.533277,2024-10-22 20:28:52.217896,Investigation completed. Findings documented in internal tracker 25.,ANA-02,False,Resolved,"[""ALT-CSE-01-02804""]"
CAS-CSE-01-0610,CSE-01,2024-11-21 06:57:25.579126,2024-11-21 07:53:10.470823,Investigation completed. Findings documented in internal tracker 0.,ANA-05,True,Resolved,"[""ALT-CSE-01-02805""]"
CAS-CSE-01-0611,CSE-01,2024-12-16 11:25:27.823453,2024-12-16 12:46:55.701314,Investigation completed. Findings documented in internal tracker 20.,ANA-05,False,Resolved,"[""ALT-CSE-01-02814""]"
CAS-CSE-01-0612,CSE-01,2024-10-18 15:24:17.210546,2024-10-18 17:08:31.513543,Investigation completed. Findings documented in internal tracker 2.,ANA-02,False,Resolved,"[""ALT-CSE-01-02819""]"
CAS-CSE-01-0613,CSE-01,2024-12-03 10:12:05.963946,2024-12-03 12:08:39.871320,Investigation completed. Findings documented in internal tracker 38.,ANA-02,True,Resolved,"[""ALT-CSE-01-02823""]"
CAS-CSE-01-0614,CSE-01,2024-12-07 19:10:03.916251,2024-12-07 19:50:26.047739,Investigation completed. Findings documented in internal tracker 19.,ANA-03,True,Resolved,"[""ALT-CSE-01-02825""]"
CAS-CSE-01-0615,CSE-01,2024-12-09 21:10:39.469382,2024-12-09 23:34:52.027026,Investigation completed. Findings documented in internal tracker 11.,ANA-03,False,Resolved,"[""ALT-CSE-01-02826""]"
CAS-CSE-01-0616,CSE-01,2024-10-13 02:59:36.628560,2024-10-13 03:57:19.301563,Investigation completed. Findings documented in internal tracker 7.,ANA-04,False,Resolved,"[""ALT-CSE-01-02829""]"
CAS-CSE-01-0617,CSE-01,2024-11-24 22:21:07.511672,2024-11-24 23:05:46.622917,Investigation completed. Findings documented in internal tracker 36.,ANA-01,True,Resolved,"[""ALT-CSE-01-02832""]"
CAS-CSE-01-0618,CSE-01,2024-10-13 07:24:52.444097,2024-10-13 09:47:55.141559,Investigation completed. Findings documented in internal tracker 4.,ANA-02,False,Resolved,"[""ALT-CSE-01-02836""]"
CAS-CSE-01-0619,CSE-01,2024-10-24 08:53:25.667428,2024-10-24 09:45:39.993605,Investigation completed. Findings documented in internal tracker 28.,ANA-04,True,Resolved,"[""ALT-CSE-01-02844""]"
CAS-CSE-01-0620,CSE-01,2024-11-17 18:01:08.309151,2024-11-17 19:56:21.819279,Investigation completed. Findings documented in internal tracker 2.,ANA-03,False,Resolved,"[""ALT-CSE-01-02846""]"
CAS-CSE-01-0621,CSE-01,2024-12-21 15:49:09.331234,2024-12-21 16:20:04.998021,Investigation completed. Findings documented in internal tracker 22.,ANA-01,True,Resolved,"[""ALT-CSE-01-02849""]"
CAS-CSE-01-0622,CSE-01,2024-11-24 10:22:06.791813,2024-11-24 11:06:43.377796,Investigation completed. Findings documented in internal tracker 20.,ANA-02,True,Resolved,"[""ALT-CSE-01-02851""]"
CAS-CSE-01-0623,CSE-01,2024-12-10 01:23:43.753671,2024-12-10 02:18:58.760908,Investigation completed. Findings documented in internal tracker 30.,ANA-03,False,Resolved,"[""ALT-CSE-01-02857""]"
CAS-CSE-01-0624,CSE-01,2024-11-24 17:20:06.830065,2024-11-24 19:50:00.198886,Investigation completed. Findings documented in internal tracker 22.,ANA-04,True,Resolved,"[""ALT-CSE-01-02858""]"
CAS-CSE-01-0625,CSE-01,2024-10-12 05:28:54.311211,2024-10-12 06:06:42.010395,Investigation completed. Findings documented in internal tracker 11.,ANA-02,False,Resolved,"[""ALT-CSE-01-02864""]"
CAS-CSE-01-0626,CSE-01,2024-12-09 13:55:19.274011,2024-12-09 14:39:27.406102,Investigation completed. Findings documented in internal tracker 33.,ANA-01,False,Resolved,"[""ALT-CSE-01-02868""]"
CAS-CSE-01-0627,CSE-01,2024-10-29 18:50:50.176115,2024-10-29 19:19:00.732823,Investigation completed. Findings documented in internal tracker 20.,ANA-05,True,Resolved,"[""ALT-CSE-01-02870""]"
CAS-CSE-01-0628,CSE-01,2024-11-25 12:41:40.332289,2024-11-25 12:57:54.356719,Investigation completed. Findings documented in internal tracker 23.,ANA-04,False,Resolved,"[""ALT-CSE-01-02876""]"
CAS-CSE-01-0629,CSE-01,2024-11-27 06:20:16.926210,2024-11-27 06:36:22.057809,Investigation completed. Findings documented in internal tracker 5.,ANA-05,True,Resolved,"[""ALT-CSE-01-02877""]"
CAS-CSE-01-0630,CSE-01,2024-12-12 14:50:01.665239,2024-12-12 17:46:49.525698,Investigation completed. Findings documented in internal tracker 20.,ANA-05,False,Resolved,"[""ALT-CSE-01-02880""]"
CAS-CSE-01-0631,CSE-01,2024-12-06 17:45:58.459889,2024-12-06 18:18:07.291142,Investigation completed. Findings documented in internal tracker 7.,ANA-01,False,Resolved,"[""ALT-CSE-01-02881""]"
CAS-CSE-01-0632,CSE-01,2024-12-03 00:35:55.581142,2024-12-03 00:58:55.347854,Investigation completed. Findings documented in internal tracker 16.,ANA-01,False,Resolved,"[""ALT-CSE-01-02883""]"
CAS-CSE-01-0633,CSE-01,2024-11-15 06:58:43.943551,2024-11-15 07:58:54.076733,Investigation completed. Findings documented in internal tracker 12.,ANA-04,False,Resolved,"[""ALT-CSE-01-02893""]"
CAS-CSE-01-0634,CSE-01,2024-10-24 20:12:17.263405,2024-10-24 22:42:58.746860,Investigation completed. Findings documented in internal tracker 28.,ANA-03,False,Resolved,"[""ALT-CSE-01-02895""]"
CAS-CSE-01-0635,CSE-01,2024-11-23 10:00:54.446822,2024-11-23 10:45:10.965479,Investigation completed. Findings documented in internal tracker 27.,ANA-05,False,Resolved,"[""ALT-CSE-01-02907""]"
CAS-CSE-01-0636,CSE-01,2024-11-04 03:24:44.462589,2024-11-04 04:09:45.427616,Investigation completed. Findings documented in internal tracker 6.,ANA-02,False,Resolved,"[""ALT-CSE-01-02916""]"
CAS-CSE-01-0637,CSE-01,2024-11-01 21:09:56.816342,2024-11-02 00:12:48.056105,Investigation completed. Findings documented in internal tracker 26.,ANA-03,False,Resolved,"[""ALT-CSE-01-02924""]"
CAS-CSE-01-0638,CSE-01,2024-10-06 07:21:26.825796,2024-10-06 09:48:13.389359,Investigation completed. Findings documented in internal tracker 35.,ANA-02,True,Resolved,"[""ALT-CSE-01-02925""]"
CAS-CSE-01-0639,CSE-01,2024-12-10 16:18:33.617801,2024-12-10 19:00:02.154768,Investigation completed. Findings documented in internal tracker 9.,ANA-01,False,Resolved,"[""ALT-CSE-01-02927""]"
CAS-CSE-01-0640,CSE-01,2024-11-26 22:25:33.712453,2024-11-26 23:33:48.158069,Investigation completed. Findings documented in internal tracker 21.,ANA-01,False,Resolved,"[""ALT-CSE-01-02933""]"
CAS-CSE-01-0641,CSE-01,2024-12-02 03:24:16.948839,2024-12-02 04:02:43.802708,Investigation completed. Findings documented in internal tracker 3.,ANA-01,True,Resolved,"[""ALT-CSE-01-02938""]"
CAS-CSE-01-0642,CSE-01,2024-11-12 15:47:16.859867,2024-11-12 17:52:02.155185,Investigation completed. Findings documented in internal tracker 15.,ANA-05,False,Resolved,"[""ALT-CSE-01-02945""]"
CAS-CSE-01-0643,CSE-01,2024-12-28 20:50:25.569848,2024-12-28 21:21:37.898392,Investigation completed. Findings documented in internal tracker 32.,ANA-05,False,Resolved,"[""ALT-CSE-01-02961""]"
CAS-CSE-01-0644,CSE-01,2024-10-16 16:13:06.406225,2024-10-16 16:46:59.836760,Investigation completed. Findings documented in internal tracker 0.,ANA-03,False,Resolved,"[""ALT-CSE-01-02966""]"
CAS-CSE-01-0645,CSE-01,2024-10-23 07:32:51.804268,2024-10-23 08:45:34.816653,Investigation completed. Findings documented in internal tracker 12.,ANA-05,False,Resolved,"[""ALT-CSE-01-02967""]"
CAS-CSE-01-0646,CSE-01,2024-12-08 08:29:05.176201,2024-12-08 09:21:47.035167,Investigation completed. Findings documented in internal tracker 14.,ANA-05,False,Resolved,"[""ALT-CSE-01-02970""]"
CAS-CSE-01-0647,CSE-01,2024-10-22 19:00:36.931722,2024-10-22 19:49:59.375213,Investigation completed. Findings documented in internal tracker 35.,ANA-04,False,Resolved,"[""ALT-CSE-01-02975""]"
CAS-CSE-01-0648,CSE-01,2024-10-07 22:15:56.053136,2024-10-08 01:08:24.777271,Investigation completed. Findings documented in internal tracker 5.,ANA-05,False,Resolved,"[""ALT-CSE-01-02977""]"
CAS-CSE-01-0649,CSE-01,2024-10-23 20:39:06.525028,2024-10-23 21:38:17.211266,Investigation completed. Findings documented in internal tracker 22.,ANA-02,False,Resolved,"[""ALT-CSE-01-02978""]"
CAS-CSE-01-0650,CSE-01,2024-11-01 20:40:37.736946,2024-11-01 21:19:38.009721,Investigation completed. Findings documented in internal tracker 15.,ANA-02,False,Resolved,"[""ALT-CSE-01-02980""]"
CAS-CSE-01-0651,CSE-01,2024-10-05 06:58:43.570020,2024-10-05 07:47:03.343173,Investigation completed. Findings documented in internal tracker 23.,ANA-04,False,Resolved,"[""ALT-CSE-01-02991""]"
CAS-CSE-01-0652,CSE-01,2024-10-31 15:57:17.980501,2024-10-31 16:54:32.663822,Investigation completed. Findings documented in internal tracker 18.,ANA-03,True,Resolved,"[""ALT-CSE-01-03008""]"
CAS-CSE-01-0653,CSE-01,2024-11-30 12:27:22.772041,2024-11-30 13:33:07.124581,Investigation completed. Findings documented in internal tracker 0.,ANA-01,True,Resolved,"[""ALT-CSE-01-03011""]"
CAS-CSE-01-0654,CSE-01,2024-11-22 08:18:17.541759,2024-11-22 08:55:36.194519,Investigation completed. Findings documented in internal tracker 32.,ANA-04,False,Resolved,"[""ALT-CSE-01-03012""]"
CAS-CSE-01-0655,CSE-01,2024-11-13 10:39:46.469962,2024-11-13 10:56:23.443687,Investigation completed. Findings documented in internal tracker 18.,ANA-01,True,Resolved,"[""ALT-CSE-01-03016""]"
CAS-CSE-01-0656,CSE-01,2024-11-17 23:09:27.733459,2024-11-18 01:04:31.170684,Investigation completed. Findings documented in internal tracker 34.,ANA-05,False,Resolved,"[""ALT-CSE-01-03017""]"
CAS-CSE-01-0657,CSE-01,2024-12-09 01:17:36.982825,2024-12-09 03:03:01.777601,Investigation completed. Findings documented in internal tracker 14.,ANA-01,False,Resolved,"[""ALT-CSE-01-03028""]"
CAS-CSE-01-0658,CSE-01,2024-11-14 05:42:48.091000,2024-11-14 06:44:48.682782,Investigation completed. Findings documented in internal tracker 2.,ANA-02,False,Resolved,"[""ALT-CSE-01-03030""]"
CAS-CSE-01-0659,CSE-01,2024-10-27 07:45:04.626121,2024-10-27 09:49:46.315170,Investigation completed. Findings documented in internal tracker 34.,ANA-04,True,Resolved,"[""ALT-CSE-01-03031""]"
CAS-CSE-01-0660,CSE-01,2024-11-28 15:58:17.481325,2024-11-28 19:08:52.241518,Investigation completed. Findings documented in internal tracker 27.,ANA-01,False,Resolved,"[""ALT-CSE-01-03032""]"
CAS-CSE-01-0661,CSE-01,2024-11-07 23:30:26.533501,2024-11-07 23:59:48.567517,Investigation completed. Findings documented in internal tracker 16.,ANA-03,True,Resolved,"[""ALT-CSE-01-03035""]"
CAS-CSE-01-0662,CSE-01,2024-10-16 01:04:51.843103,2024-10-16 03:34:16.136657,Investigation completed. Findings documented in internal tracker 26.,ANA-04,True,Resolved,"[""ALT-CSE-01-03038""]"
CAS-CSE-01-0663,CSE-01,2024-10-02 02:05:38.988594,2024-10-02 02:29:14.068741,Investigation completed. Findings documented in internal tracker 28.,ANA-03,False,Resolved,"[""ALT-CSE-01-03041""]"
CAS-CSE-01-0664,CSE-01,2024-11-05 08:35:27.478887,2024-11-05 09:00:49.934950,Investigation completed. Findings documented in internal tracker 36.,ANA-02,False,Resolved,"[""ALT-CSE-01-03044""]"
CAS-CSE-01-0665,CSE-01,2024-12-22 07:16:22.187341,2024-12-22 09:08:36.527007,Investigation completed. Findings documented in internal tracker 15.,ANA-03,False,Resolved,"[""ALT-CSE-01-03046""]"
CAS-CSE-01-0666,CSE-01,2024-11-04 17:49:10.492819,2024-11-04 18:14:27.924760,Investigation completed. Findings documented in internal tracker 16.,ANA-04,False,Resolved,"[""ALT-CSE-01-03049""]"
CAS-CSE-01-0667,CSE-01,2024-11-24 18:54:45.646148,2024-11-24 19:16:02.447492,Investigation completed. Findings documented in internal tracker 34.,ANA-05,False,Resolved,"[""ALT-CSE-01-03062""]"
CAS-CSE-01-0668,CSE-01,2024-11-06 06:21:54.227317,2024-11-06 07:29:02.119607,Investigation completed. Findings documented in internal tracker 26.,ANA-04,True,Resolved,"[""ALT-CSE-01-03074""]"
CAS-CSE-01-0669,CSE-01,2024-12-02 01:32:58.028788,2024-12-02 01:58:05.788847,Investigation completed. Findings documented in internal tracker 1.,ANA-02,False,Resolved,"[""ALT-CSE-01-03075""]"
CAS-CSE-01-0670,CSE-01,2024-11-25 12:38:37.044729,2024-11-25 15:24:24.791144,Investigation completed. Findings documented in internal tracker 21.,ANA-02,False,Resolved,"[""ALT-CSE-01-03081""]"
CAS-CSE-01-0671,CSE-01,2024-10-23 06:23:08.819418,2024-10-23 06:55:16.938107,Investigation completed. Findings documented in internal tracker 16.,ANA-01,True,Resolved,"[""ALT-CSE-01-03088""]"
CAS-CSE-01-0672,CSE-01,2024-12-05 15:01:18.082651,2024-12-05 15:40:59.357104,Investigation completed. Findings documented in internal tracker 30.,ANA-03,False,Resolved,"[""ALT-CSE-01-03089""]"
CAS-CSE-01-0673,CSE-01,2024-11-19 20:37:32.948471,2024-11-19 22:15:08.399348,Investigation completed. Findings documented in internal tracker 13.,ANA-05,False,Resolved,"[""ALT-CSE-01-03091""]"
CAS-CSE-01-0674,CSE-01,2024-11-02 05:28:02.031816,2024-11-02 06:21:06.683438,Investigation completed. Findings documented in internal tracker 27.,ANA-02,False,Resolved,"[""ALT-CSE-01-03096""]"
CAS-CSE-01-0675,CSE-01,2024-12-17 14:29:35.674087,2024-12-17 16:46:33.966048,Investigation completed. Findings documented in internal tracker 12.,ANA-02,True,Resolved,"[""ALT-CSE-01-03099""]"
CAS-CSE-01-0676,CSE-01,2024-12-24 09:38:11.722846,2024-12-24 10:36:04.417299,Investigation completed. Findings documented in internal tracker 31.,ANA-02,False,Resolved,"[""ALT-CSE-01-03100""]"
CAS-CSE-01-0677,CSE-01,2024-10-29 00:05:41.415783,2024-10-29 01:43:21.232359,Investigation completed. Findings documented in internal tracker 8.,ANA-01,False,Resolved,"[""ALT-CSE-01-03102""]"
CAS-CSE-01-0678,CSE-01,2024-12-15 10:28:41.441375,2024-12-15 12:09:24.211863,Investigation completed. Findings documented in internal tracker 31.,ANA-02,False,Resolved,"[""ALT-CSE-01-03110""]"
CAS-CSE-01-0679,CSE-01,2024-11-13 02:01:03.974431,2024-11-13 02:58:37.572000,Investigation completed. Findings documented in internal tracker 32.,ANA-04,True,Resolved,"[""ALT-CSE-01-03115""]"
CAS-CSE-01-0680,CSE-01,2024-11-15 00:31:58.705739,2024-11-15 01:40:05.863641,Investigation completed. Findings documented in internal tracker 15.,ANA-01,True,Resolved,"[""ALT-CSE-01-03119""]"
CAS-CSE-01-0681,CSE-01,2024-11-05 19:03:37.466932,2024-11-05 21:39:48.908395,Investigation completed. Findings documented in internal tracker 16.,ANA-01,False,Resolved,"[""ALT-CSE-01-03122""]"
CAS-CSE-01-0682,CSE-01,2024-11-06 16:09:02.908784,2024-11-06 16:47:39.768223,Investigation completed. Findings documented in internal tracker 31.,ANA-03,False,Resolved,"[""ALT-CSE-01-03125""]"
CAS-CSE-01-0683,CSE-01,2024-10-24 13:10:17.493259,2024-10-24 14:27:06.219193,Investigation completed. Findings documented in internal tracker 26.,ANA-05,True,Resolved,"[""ALT-CSE-01-03128""]"
CAS-CSE-01-0684,CSE-01,2024-10-10 04:37:14.416757,2024-10-10 05:21:57.727643,Investigation completed. Findings documented in internal tracker 16.,ANA-04,True,Resolved,"[""ALT-CSE-01-03135""]"
CAS-CSE-01-0685,CSE-01,2024-11-10 00:44:01.480934,2024-11-10 01:18:20.183044,Investigation completed. Findings documented in internal tracker 7.,ANA-02,True,Resolved,"[""ALT-CSE-01-03150""]"
CAS-CSE-01-0686,CSE-01,2024-11-09 18:47:53.893815,2024-11-09 19:12:50.647270,Investigation completed. Findings documented in internal tracker 19.,ANA-03,False,Resolved,"[""ALT-CSE-01-03151""]"
CAS-CSE-01-0687,CSE-01,2024-10-21 07:33:19.229744,2024-10-21 09:17:32.739036,Investigation completed. Findings documented in internal tracker 19.,ANA-01,False,Resolved,"[""ALT-CSE-01-03158""]"
CAS-CSE-01-0688,CSE-01,2024-11-25 13:34:35.829048,2024-11-25 14:06:15.749402,Investigation completed. Findings documented in internal tracker 16.,ANA-01,True,Resolved,"[""ALT-CSE-01-03167""]"
CAS-CSE-01-0689,CSE-01,2024-11-18 01:46:09.037125,2024-11-18 03:46:20.678883,Investigation completed. Findings documented in internal tracker 12.,ANA-03,False,Resolved,"[""ALT-CSE-01-03171""]"
CAS-CSE-01-0690,CSE-01,2024-11-13 23:15:47.233752,2024-11-13 23:44:12.925142,Investigation completed. Findings documented in internal tracker 31.,ANA-01,True,Resolved,"[""ALT-CSE-01-03174""]"
CAS-CSE-01-0691,CSE-01,2024-12-06 07:56:58.169330,2024-12-06 08:45:42.301106,Investigation completed. Findings documented in internal tracker 38.,ANA-03,True,Resolved,"[""ALT-CSE-01-03177""]"
CAS-CSE-01-0692,CSE-01,2024-10-19 21:57:15.651649,2024-10-19 22:38:26.209194,Investigation completed. Findings documented in internal tracker 15.,ANA-02,True,Resolved,"[""ALT-CSE-01-03178""]"
CAS-CSE-01-0693,CSE-01,2024-11-30 16:00:46.164797,2024-11-30 16:37:08.873679,Investigation completed. Findings documented in internal tracker 14.,ANA-04,False,Resolved,"[""ALT-CSE-01-03179""]"
CAS-CSE-01-0694,CSE-01,2024-11-11 22:42:32.503442,2024-11-11 23:16:41.049757,Investigation completed. Findings documented in internal tracker 39.,ANA-04,True,Resolved,"[""ALT-CSE-01-03184""]"
CAS-CSE-01-0695,CSE-01,2024-11-22 14:22:01.558248,2024-11-22 15:00:33.899701,Investigation completed. Findings documented in internal tracker 29.,ANA-04,False,Resolved,"[""ALT-CSE-01-03186""]"
CAS-CSE-01-0696,CSE-01,2024-12-10 04:12:10.028479,2024-12-10 04:28:47.659329,Investigation completed. Findings documented in internal tracker 26.,ANA-03,False,Resolved,"[""ALT-CSE-01-03187""]"
CAS-CSE-01-0697,CSE-01,2024-12-20 17:54:14.934056,2024-12-20 18:35:56.005332,Investigation completed. Findings documented in internal tracker 3.,ANA-01,False,Resolved,"[""ALT-CSE-01-03188""]"
CAS-CSE-01-0698,CSE-01,2024-12-22 09:40:52.547844,2024-12-22 11:31:50.372264,Investigation completed. Findings documented in internal tracker 6.,ANA-04,False,Resolved,"[""ALT-CSE-01-03196""]"
