case_id,cse_id,opened_at,closed_at,investigation_text,investigator_id,escalated,resolution,alert_ids
CAS-CSE-06-0001,CSE-06,2024-11-11T05:27:43.648290,2024-11-11T06:24:55.845446,Air traffic dispatch telemetry check for ALT-CSE-06-00000. Signal latency inside safety margins.,AERO-SOC-3,False,Resolved,"[""ALT-CSE-06-00000""]"
CAS-CSE-06-0002,CSE-06,2024-11-23T18:24:39.803095,2024-11-23T19:20:22.014083,Air traffic dispatch telemetry check for ALT-CSE-06-00006. Signal latency inside safety margins.,AERO-SOC-2,False,Resolved,"[""ALT-CSE-06-00006""]"
CAS-CSE-06-0003,CSE-06,2024-12-06T12:57:25.570018,2024-12-06T13:38:44.778536,Air traffic dispatch telemetry check for ALT-CSE-06-00010. Signal latency inside safety margins.,AERO-SOC-2,False,Resolved,"[""ALT-CSE-06-00010""]"
CAS-CSE-06-0004,CSE-06,2024-12-27T05:13:55.996715,2024-12-27T06:02:17.097214,Air traffic dispatch telemetry check for ALT-CSE-06-00031. Signal latency inside safety margins.,AERO-SOC-1,False,Resolved,"[""ALT-CSE-06-00031""]"
CAS-CSE-06-0005,CSE-06,2024-11-01T04:40:39.344854,2024-11-01T05:24:13.964123,Air traffic dispatch telemetry check for ALT-CSE-06-00033. Signal latency inside safety margins.,AERO-SOC-4,False,Resolved,"[""ALT-CSE-06-00033""]"
CAS-CSE-06-0006,CSE-06,2024-11-12T10:33:42.043510,2024-11-12T11:10:44.434289,Air traffic dispatch telemetry check for ALT-CSE-06-00041. Signal latency inside safety margins.,AERO-SOC-3,False,Resolved,"[""ALT-CSE-06-00041""]"
CAS-CSE-06-0007,CSE-06,2024-12-13T03:39:19.923374,2024-12-13T04:03:22.983460,Air traffic dispatch telemetry check for ALT-CSE-06-00042. Signal latency inside safety margins.,AERO-SOC-3,False,Resolved,"[""ALT-CSE-06-00042""]"
CAS-CSE-06-0008,CSE-06,2024-10-22T12:46:54.206023,2024-10-22T13:21:32.150696,Air traffic dispatch telemetry check for ALT-CSE-06-00046. Signal latency inside safety margins.,AERO-SOC-3,False,Resolved,"[""ALT-CSE-06-00046""]"
CAS-CSE-06-0009,CSE-06,2024-10-25T16:57:55.854411,2024-10-25T17:47:22.957868,Air traffic dispatch telemetry check for ALT-CSE-06-00053. Signal latency inside safety margins.,AERO-SOC-4,False,Resolved,"[""ALT-CSE-06-00053""]"
CAS-CSE-06-0010,CSE-06,2024-10-27T03:48:57.739125,2024-10-27T04:18:42.088276,Air traffic dispatch telemetry check for ALT-CSE-06-00055. Signal latency inside safety margins.,AERO-SOC-1,False,Resolved,"[""ALT-CSE-06-00055""]"
CAS-CSE-06-0011,CSE-06,2024-12-23T21:36:06.697476,2024-12-23T21:54:28.372321,Air traffic dispatch telemetry check for ALT-CSE-06-00057. Signal latency inside safety margins.,AERO-SOC-2,False,Resolved,"[""ALT-CSE-06-00057""]"
CAS-CSE-06-0012,CSE-06,2024-11-19T13:25:52.067077,2024-11-19T14:35:38.519035,Air traffic dispatch telemetry check for ALT-CSE-06-00061. Signal latency inside safety margins.,AERO-SOC-4,False,Resolved,"[""ALT-CSE-06-00061""]"
CAS-CSE-06-0013,CSE-06,2024-12-17T19:22:21.945487,2024-12-17T19:51:12.878368,Air traffic dispatch telemetry check for ALT-CSE-06-00062. Signal latency inside safety margins.,AERO-SOC-2,True,Resolved,"[""ALT-CSE-06-00062""]"
CAS-CSE-06-0014,CSE-06,2024-10-18T10:06:59.431687,2024-10-18T11:06:47.196948,Air traffic dispatch telemetry check for ALT-CSE-06-00069. Signal latency inside safety margins.,AERO-SOC-1,False,Resolved,"[""ALT-CSE-06-00069""]"
CAS-CSE-06-0015,CSE-06,2024-11-19T10:16:07.485683,2024-11-19T11:09:36.994603,Air traffic dispatch telemetry check for ALT-CSE-06-00075. Signal latency inside safety margins.,AERO-SOC-1,False,Resolved,"[""ALT-CSE-06-00075""]"
CAS-CSE-06-0016,CSE-06,2024-10-05T01:56:34.786582,2024-10-05T02:46:23.374773,Air traffic dispatch telemetry check for ALT-CSE-06-00083. Signal latency inside safety margins.,AERO-SOC-3,False,Resolved,"[""ALT-CSE-06-00083""]"
CAS-CSE-06-0017,CSE-06,2024-12-02T16:05:54.342382,2024-12-02T16:52:06.932189,Air traffic dispatch telemetry check for ALT-CSE-06-00094. Signal latency inside safety margins.,AERO-SOC-3,False,Resolved,"[""ALT-CSE-06-00094""]"
CAS-CSE-06-0018,CSE-06,2024-12-23T05:23:05.775909,2024-12-23T06:29:57.299070,Air traffic dispatch telemetry check for ALT-CSE-06-00097. Signal latency inside safety margins.,AERO-SOC-2,False,Resolved,"[""ALT-CSE-06-00097""]"
CAS-CSE-06-0019,CSE-06,2024-11-10T15:33:41.960245,2024-11-10T16:19:06.405330,Air traffic dispatch telemetry check for ALT-CSE-06-00099. Signal latency inside safety margins.,AERO-SOC-3,False,Resolved,"[""ALT-CSE-06-00099""]"
CAS-CSE-06-0020,CSE-06,2024-10-05T16:30:56.654723,2024-10-05T17:53:56.037892,Air traffic dispatch telemetry check for ALT-CSE-06-00107. Signal latency inside safety margins.,AERO-SOC-2,True,Resolved,"[""ALT-CSE-06-00107""]"
CAS-CSE-06-0021,CSE-06,2024-11-04T01:59:25.269128,2024-11-04T02:19:26.909893,Air traffic dispatch telemetry check for ALT-CSE-06-00109. Signal latency inside safety margins.,AERO-SOC-2,False,Resolved,"[""ALT-CSE-06-00109""]"
CAS-CSE-06-0022,CSE-06,2024-12-22T09:56:58.044003,2024-12-22T10:40:31.929629,Air traffic dispatch telemetry check for ALT-CSE-06-00114. Signal latency inside safety margins.,AERO-SOC-2,False,Resolved,"[""ALT-CSE-06-00114""]"
CAS-CSE-06-0023,CSE-06,2024-10-18T03:12:08.386020,2024-10-18T04:07:52.243343,Air traffic dispatch telemetry check for ALT-CSE-06-00118. Signal latency inside safety margins.,AERO-SOC-3,False,Resolved,"[""ALT-CSE-06-00118""]"
CAS-CSE-06-0024,CSE-06,2024-11-21T14:12:19.202221,2024-11-21T14:46:02.356922,Air traffic dispatch telemetry check for ALT-CSE-06-00119. Signal latency inside safety margins.,AERO-SOC-4,False,Resolved,"[""ALT-CSE-06-00119""]"
CAS-CSE-06-0025,CSE-06,2024-11-25T13:08:37.729471,2024-11-25T13:59:10.664975,Air traffic dispatch telemetry check for ALT-CSE-06-00125. Signal latency inside safety margins.,AERO-SOC-4,False,Resolved,"[""ALT-CSE-06-00125""]"
CAS-CSE-06-0026,CSE-06,2024-11-20T17:09:43.264287,2024-11-20T17:30:24.610678,Air traffic dispatch telemetry check for ALT-CSE-06-00131. Signal latency inside safety margins.,AERO-SOC-2,False,Resolved,"[""ALT-CSE-06-00131""]"
CAS-CSE-06-0027,CSE-06,2024-11-21T16:41:54.896779,2024-11-21T17:50:14.307151,Air traffic dispatch telemetry check for ALT-CSE-06-00135. Signal latency inside safety margins.,AERO-SOC-3,False,Resolved,"[""ALT-CSE-06-00135""]"
CAS-CSE-06-0028,CSE-06,2024-11-12T10:18:43.946380,2024-11-12T10:35:19.853067,Air traffic dispatch telemetry check for ALT-CSE-06-00158. Signal latency inside safety margins.,AERO-SOC-1,False,Resolved,"[""ALT-CSE-06-00158""]"
CAS-CSE-06-0029,CSE-06,2024-10-02T14:54:26.328851,2024-10-02T15:38:41.957231,Air traffic dispatch telemetry check for ALT-CSE-06-00159. Signal latency inside safety margins.,AERO-SOC-1,False,Resolved,"[""ALT-CSE-06-00159""]"
CAS-CSE-06-0030,CSE-06,2024-12-28T02:30:10.838560,2024-12-28T02:59:40.865527,Air traffic dispatch telemetry check for ALT-CSE-06-00162. Signal latency inside safety margins.,AERO-SOC-1,False,Resolved,"[""ALT-CSE-06-00162""]"
CAS-CSE-06-0031,CSE-06,2024-12-03T22:36:29.239870,2024-12-03T23:25:21.274968,Air traffic dispatch telemetry check for ALT-CSE-06-00174. Signal latency inside safety margins.,AERO-SOC-4,False,Resolved,"[""ALT-CSE-06-00174""]"
CAS-CSE-06-0032,CSE-06,2024-11-03T05:30:36.564689,2024-11-03T05:58:41.602473,Air traffic dispatch telemetry check for ALT-CSE-06-00176. Signal latency inside safety margins.,AERO-SOC-3,False,Resolved,"[""ALT-CSE-06-00176""]"
CAS-CSE-06-0033,CSE-06,2024-12-12T04:37:09.740447,2024-12-12T05:48:28.143655,Air traffic dispatch telemetry check for ALT-CSE-06-00190. Signal latency inside safety margins.,AERO-SOC-4,False,Resolved,"[""ALT-CSE-06-00190""]"
CAS-CSE-06-0034,CSE-06,2024-10-11T12:37:47.393517,2024-10-11T13:36:49.226976,Air traffic dispatch telemetry check for ALT-CSE-06-00193. Signal latency inside safety margins.,AERO-SOC-4,True,Resolved,"[""ALT-CSE-06-00193""]"
CAS-CSE-06-0035,CSE-06,2024-12-24T16:28:24.509933,2024-12-24T17:38:19.155719,Air traffic dispatch telemetry check for ALT-CSE-06-00194. Signal latency inside safety margins.,AERO-SOC-4,False,Resolved,"[""ALT-CSE-06-00194""]"
CAS-CSE-06-0036,CSE-06,2024-10-12T15:17:36.512174,2024-10-12T16:36:49.251016,Air traffic dispatch telemetry check for ALT-CSE-06-00196. Signal latency inside safety margins.,AERO-SOC-4,False,Resolved,"[""ALT-CSE-06-00196""]"
CAS-CSE-06-0037,CSE-06,2024-12-16T03:05:32.828347,2024-12-16T03:59:52.944122,Air traffic dispatch telemetry check for ALT-CSE-06-00204. Signal latency inside safety margins.,AERO-SOC-4,False,Resolved,"[""ALT-CSE-06-00204""]"
CAS-CSE-06-0038,CSE-06,2024-11-11T04:09:46.310749,2024-11-11T04:52:19.300655,Air traffic dispatch telemetry check for ALT-CSE-06-00212. Signal latency inside safety margins.,AERO-SOC-2,False,Resolved,"[""ALT-CSE-06-00212""]"
CAS-CSE-06-0039,CSE-06,2024-12-25T13:58:31.458818,2024-12-25T15:15:13.476162,Air traffic dispatch telemetry check for ALT-CSE-06-00216. Signal latency inside safety margins.,AERO-SOC-1,False,Resolved,"[""ALT-CSE-06-00216""]"
CAS-CSE-06-0040,CSE-06,2024-12-01T23:21:41.674268,2024-12-02T00:08:40.946680,Air traffic dispatch telemetry check for ALT-CSE-06-00220. Signal latency inside safety margins.,AERO-SOC-4,False,Resolved,"[""ALT-CSE-06-00220""]"
CAS-CSE-06-0041,CSE-06,2024-12-16T18:36:59.312527,2024-12-16T19:42:17.049450,Air traffic dispatch telemetry check for ALT-CSE-06-00221. Signal latency inside safety margins.,AERO-SOC-2,False,Resolved,"[""ALT-CSE-06-00221""]"
CAS-CSE-06-0042,CSE-06,2024-12-28T03:18:33.266329,2024-12-28T04:01:34.942194,Air traffic dispatch telemetry check for ALT-CSE-06-00228. Signal latency inside safety margins.,AERO-SOC-2,False,Resolved,"[""ALT-CSE-06-00228""]"
CAS-CSE-06-0043,CSE-06,2024-12-08T07:05:50.357197,2024-12-08T07:45:05.711334,Air traffic dispatch telemetry check for ALT-CSE-06-00230. Signal latency inside safety margins.,AERO-SOC-1,False,Resolved,"[""ALT-CSE-06-00230""]"
CAS-CSE-06-0044,CSE-06,2024-10-18T10:06:07.474401,2024-10-18T10:47:33.831891,Air traffic dispatch telemetry check for ALT-CSE-06-00232. Signal latency inside safety margins.,AERO-SOC-4,False,Resolved,"[""ALT-CSE-06-00232""]"
CAS-CSE-06-0045,CSE-06,2024-12-10T16:18:37.209467,2024-12-10T16:41:36.839946,Air traffic dispatch telemetry check for ALT-CSE-06-00234. Signal latency inside safety margins.,AERO-SOC-1,False,Resolved,"[""ALT-CSE-06-00234""]"
CAS-CSE-06-0046,CSE-06,2024-10-01T18:02:06.934636,2024-10-01T18:35:55.904232,Air traffic dispatch telemetry check for ALT-CSE-06-00235. Signal latency inside safety margins.,AERO-SOC-4,False,Resolved,"[""ALT-CSE-06-00235""]"
CAS-CSE-06-0047,CSE-06,2024-10-03T02:39:40.586828,2024-10-03T03:08:00.971495,Air traffic dispatch telemetry check for ALT-CSE-06-00237. Signal latency inside safety margins.,AERO-SOC-1,False,Resolved,"[""ALT-CSE-06-00237""]"
CAS-CSE-06-0048,CSE-06,2024-12-22T18:47:56.387442,2024-12-22T19:10:29.678470,Air traffic dispatch telemetry check for ALT-CSE-06-00242. Signal latency inside safety margins.,AERO-SOC-4,False,Resolved,"[""ALT-CSE-06-00242""]"
CAS-CSE-06-0049,CSE-06,2024-10-11T01:12:40.232444,2024-10-11T02:35:44.466469,Air traffic dispatch telemetry check for ALT-CSE-06-00243. Signal latency inside safety margins.,AERO-SOC-2,False,Resolved,"[""ALT-CSE-06-00243""]"
CAS-CSE-06-0050,CSE-06,2024-11-06T21:39:22.871055,2024-11-06T22:20:28.993708,Air traffic dispatch telemetry check for ALT-CSE-06-00252. Signal latency inside safety margins.,AERO-SOC-3,False,Resolved,"[""ALT-CSE-06-00252""]"
CAS-CSE-06-0051,CSE-06,2024-12-29T03:43:13.533832,2024-12-29T04:44:58.124507,Air traffic dispatch telemetry check for ALT-CSE-06-00259. Signal latency inside safety margins.,AERO-SOC-4,False,Resolved,"[""ALT-CSE-06-00259""]"
CAS-CSE-06-0052,CSE-06,2024-12-11T17:05:15.025416,2024-12-11T17:35:03.437757,Air traffic dispatch telemetry check for ALT-CSE-06-00266. Signal latency inside safety margins.,AERO-SOC-1,False,Resolved,"[""ALT-CSE-06-00266""]"
CAS-CSE-06-0053,CSE-06,2024-11-13T18:21:25.822787,2024-11-13T19:19:02.371894,Air traffic dispatch telemetry check for ALT-CSE-06-00268. Signal latency inside safety margins.,AERO-SOC-2,False,Resolved,"[""ALT-CSE-06-00268""]"
CAS-CSE-06-0054,CSE-06,2024-10-28T02:29:00.130389,2024-10-28T03:08:01.288657,Air traffic dispatch telemetry check for ALT-CSE-06-00274. Signal latency inside safety margins.,AERO-SOC-4,False,Resolved,"[""ALT-CSE-06-00274""]"
CAS-CSE-06-0055,CSE-06,2024-10-16T18:00:54.500908,2024-10-16T19:02:52.350792,Air traffic dispatch telemetry check for ALT-CSE-06-00276. Signal latency inside safety margins.,AERO-SOC-3,False,Resolved,"[""ALT-CSE-06-00276""]"
CAS-CSE-06-0056,CSE-06,2024-10-14T06:51:06.185984,2024-10-14T07:26:25.123446,Air traffic dispatch telemetry check for ALT-CSE-06-00277. Signal latency inside safety margins.,AERO-SOC-3,True,Resolved,"[""ALT-CSE-06-00277""]"
CAS-CSE-06-0057,CSE-06,2024-11-13T01:14:26.127827,2024-11-13T02:11:53.458323,Air traffic dispatch telemetry check for ALT-CSE-06-00278. Signal latency inside safety margins.,AERO-SOC-3,False,Resolved,"[""ALT-CSE-06-00278""]"
CAS-CSE-06-0058,CSE-06,2024-11-30T00:52:28.128019,2024-11-30T02:04:00.536973,Air traffic dispatch telemetry check for ALT-CSE-06-00285. Signal latency inside safety margins.,AERO-SOC-4,False,Resolved,"[""ALT-CSE-06-00285""]"
CAS-CSE-06-0059,CSE-06,2024-10-16T22:44:03.444569,2024-10-16T23:25:37.325069,Air traffic dispatch telemetry check for ALT-CSE-06-00287. Signal latency inside safety margins.,AERO-SOC-2,False,Resolved,"[""ALT-CSE-06-00287""]"
CAS-CSE-06-0060,CSE-06,2024-12-02T02:25:36.650764,2024-12-02T03:18:04.020463,Air traffic dispatch telemetry check for ALT-CSE-06-00300. Signal latency inside safety margins.,AERO-SOC-3,False,Resolved,"[""ALT-CSE-06-00300""]"
CAS-CSE-06-0061,CSE-06,2024-10-14T12:58:00.639580,2024-10-14T13:25:10.397773,Air traffic dispatch telemetry check for ALT-CSE-06-00301. Signal latency inside safety margins.,AERO-SOC-1,False,Resolved,"[""ALT-CSE-06-00301""]"
CAS-CSE-06-0062,CSE-06,2024-12-16T16:34:16.221679,2024-12-16T17:54:28.813411,Air traffic dispatch telemetry check for ALT-CSE-06-00303. Signal latency inside safety margins.,AERO-SOC-4,False,Resolved,"[""ALT-CSE-06-00303""]"
CAS-CSE-06-0063,CSE-06,2024-12-23T10:46:45.881565,2024-12-23T11:22:49.493591,Air traffic dispatch telemetry check for ALT-CSE-06-00304. Signal latency inside safety margins.,AERO-SOC-1,False,Resolved,"[""ALT-CSE-06-00304""]"
CAS-CSE-06-0064,CSE-06,2024-11-15T11:19:47.099283,2024-11-15T11:58:20.723240,Air traffic dispatch telemetry check for ALT-CSE-06-00312. Signal latency inside safety margins.,AERO-SOC-4,False,Resolved,"[""ALT-CSE-06-00312""]"
CAS-CSE-06-0065,CSE-06,2024-11-13T07:17:56.515548,2024-11-13T07:47:04.356072,Air traffic dispatch telemetry check for ALT-CSE-06-00313. Signal latency inside safety margins.,AERO-SOC-1,False,Resolved,"[""ALT-CSE-06-00313""]"
CAS-CSE-06-0066,CSE-06,2024-12-17T23:00:33.182874,2024-12-18T00:12:43.119994,Air traffic dispatch telemetry check for ALT-CSE-06-00314. Signal latency inside safety margins.,AERO-SOC-2,False,Resolved,"[""ALT-CSE-06-00314""]"
CAS-CSE-06-0067,CSE-06,2024-11-08T09:17:05.350522,2024-11-08T09:42:34.792354,Air traffic dispatch telemetry check for ALT-CSE-06-00315. Signal latency inside safety margins.,AERO-SOC-3,False,Resolved,"[""ALT-CSE-06-00315""]"
CAS-CSE-06-0068,CSE-06,2024-10-04T14:59:48.563586,2024-10-04T15:55:52.298344,Air traffic dispatch telemetry check for ALT-CSE-06-00316. Signal latency inside safety margins.,AERO-SOC-2,False,Resolved,"[""ALT-CSE-06-00316""]"
CAS-CSE-06-0069,CSE-06,2024-11-08T04:47:28.342526,2024-11-08T05:46:27.037073,Air traffic dispatch telemetry check for ALT-CSE-06-00317. Signal latency inside safety margins.,AERO-SOC-4,False,Resolved,"[""ALT-CSE-06-00317""]"
CAS-CSE-06-0070,CSE-06,2024-11-16T11:37:24.726849,2024-11-16T12:54:32.186822,Air traffic dispatch telemetry check for ALT-CSE-06-00342. Signal latency inside safety margins.,AERO-SOC-2,False,Resolved,"[""ALT-CSE-06-00342""]"
CAS-CSE-06-0071,CSE-06,2024-12-20T04:03:33.187773,2024-12-20T05:08:43.134360,Air traffic dispatch telemetry check for ALT-CSE-06-00348. Signal latency inside safety margins.,AERO-SOC-4,True,Resolved,"[""ALT-CSE-06-00348""]"
CAS-CSE-06-0072,CSE-06,2024-10-05T13:32:20.577785,2024-10-05T14:41:35.574099,Air traffic dispatch telemetry check for ALT-CSE-06-00355. Signal latency inside safety margins.,AERO-SOC-2,False,Resolved,"[""ALT-CSE-06-00355""]"
CAS-CSE-06-0073,CSE-06,2024-10-17T07:07:24.868811,2024-10-17T08:07:01.387863,Air traffic dispatch telemetry check for ALT-CSE-06-00362. Signal latency inside safety margins.,AERO-SOC-1,False,Resolved,"[""ALT-CSE-06-00362""]"
CAS-CSE-06-0074,CSE-06,2024-12-26T22:56:29.163512,2024-12-27T00:12:05.068944,Air traffic dispatch telemetry check for ALT-CSE-06-00367. Signal latency inside safety margins.,AERO-SOC-1,False,Resolved,"[""ALT-CSE-06-00367""]"
CAS-CSE-06-0075,CSE-06,2024-12-03T08:14:59.186540,2024-12-03T08:33:32.585831,Air traffic dispatch telemetry check for ALT-CSE-06-00369. Signal latency inside safety margins.,AERO-SOC-1,False,Resolved,"[""ALT-CSE-06-00369""]"
CAS-CSE-06-0076,CSE-06,2024-12-29T05:24:48.398131,2024-12-29T05:58:38.710905,Air traffic dispatch telemetry check for ALT-CSE-06-00373. Signal latency inside safety margins.,AERO-SOC-2,False,Resolved,"[""ALT-CSE-06-00373""]"
CAS-CSE-06-0077,CSE-06,2024-10-17T08:59:03.856605,2024-10-17T09:50:19.759139,Air traffic dispatch telemetry check for ALT-CSE-06-00376. Signal latency inside safety margins.,AERO-SOC-1,False,Resolved,"[""ALT-CSE-06-00376""]"
CAS-CSE-06-0078,CSE-06,2024-12-09T03:08:44.998719,2024-12-09T03:35:31.687481,Air traffic dispatch telemetry check for ALT-CSE-06-00377. Signal latency inside safety margins.,AERO-SOC-4,False,Resolved,"[""ALT-CSE-06-00377""]"
CAS-CSE-06-0079,CSE-06,2024-11-01T02:38:08.157782,2024-11-01T03:36:39.322002,Air traffic dispatch telemetry check for ALT-CSE-06-00378. Signal latency inside safety margins.,AERO-SOC-3,False,Resolved,"[""ALT-CSE-06-00378""]"
CAS-CSE-06-0080,CSE-06,2024-11-23T19:09:12.626366,2024-11-23T19:34:08.149269,Air traffic dispatch telemetry check for ALT-CSE-06-00380. Signal latency inside safety margins.,AERO-SOC-3,False,Resolved,"[""ALT-CSE-06-00380""]"
CAS-CSE-06-0081,CSE-06,2024-10-22T14:13:50.395451,2024-10-22T15:19:55.617478,Air traffic dispatch telemetry check for ALT-CSE-06-00383. Signal latency inside safety margins.,AERO-SOC-3,False,Resolved,"[""ALT-CSE-06-00383""]"
CAS-CSE-06-0082,CSE-06,2024-11-06T08:10:38.667375,2024-11-06T09:26:16.360704,Air traffic dispatch telemetry check for ALT-CSE-06-00389. Signal latency inside safety margins.,AERO-SOC-4,False,Resolved,"[""ALT-CSE-06-00389""]"
CAS-CSE-06-0083,CSE-06,2024-10-01T19:22:33.504116,2024-10-01T20:23:59.676327,Air traffic dispatch telemetry check for ALT-CSE-06-00402. Signal latency inside safety margins.,AERO-SOC-3,False,Resolved,"[""ALT-CSE-06-00402""]"
CAS-CSE-06-0084,CSE-06,2024-11-18T22:40:36.117962,2024-11-18T23:17:51.432339,Air traffic dispatch telemetry check for ALT-CSE-06-00404. Signal latency inside safety margins.,AERO-SOC-4,False,Resolved,"[""ALT-CSE-06-00404""]"
CAS-CSE-06-0085,CSE-06,2024-12-09T20:17:11.966175,2024-12-09T21:24:37.893038,Air traffic dispatch telemetry check for ALT-CSE-06-00406. Signal latency inside safety margins.,AERO-SOC-3,False,Resolved,"[""ALT-CSE-06-00406""]"
CAS-CSE-06-0086,CSE-06,2024-11-30T18:39:09.782286,2024-11-30T19:43:47.683299,Air traffic dispatch telemetry check for ALT-CSE-06-00413. Signal latency inside safety margins.,AERO-SOC-4,False,Resolved,"[""ALT-CSE-06-00413""]"
CAS-CSE-06-0087,CSE-06,2024-10-30T16:42:32.551016,2024-10-30T17:22:51.825365,Air traffic dispatch telemetry check for ALT-CSE-06-00415. Signal latency inside safety margins.,AERO-SOC-1,False,Resolved,"[""ALT-CSE-06-00415""]"
CAS-CSE-06-0088,CSE-06,2024-12-25T01:01:49.305168,2024-12-25T01:20:48.571066,Air traffic dispatch telemetry check for ALT-CSE-06-00417. Signal latency inside safety margins.,AERO-SOC-4,False,Resolved,"[""ALT-CSE-06-00417""]"
CAS-CSE-06-0089,CSE-06,2024-12-29T06:43:39.343758,2024-12-29T07:25:04.445029,Air traffic dispatch telemetry check for ALT-CSE-06-00422. Signal latency inside safety margins.,AERO-SOC-2,False,Resolved,"[""ALT-CSE-06-00422""]"
CAS-CSE-06-0090,CSE-06,2024-11-06T09:19:09.037246,2024-11-06T10:01:05.872185,Air traffic dispatch telemetry check for ALT-CSE-06-00425. Signal latency inside safety margins.,AERO-SOC-3,False,Resolved,"[""ALT-CSE-06-00425""]"
CAS-CSE-06-0091,CSE-06,2024-10-31T10:03:54.207257,2024-10-31T11:12:01.137311,Air traffic dispatch telemetry check for ALT-CSE-06-00426. Signal latency inside safety margins.,AERO-SOC-3,False,Resolved,"[""ALT-CSE-06-00426""]"
CAS-CSE-06-0092,CSE-06,2024-12-29T13:14:10.032720,2024-12-29T14:07:04.455258,Air traffic dispatch telemetry check for ALT-CSE-06-00428. Signal latency inside safety margins.,AERO-SOC-1,False,Resolved,"[""ALT-CSE-06-00428""]"
CAS-CSE-06-0093,CSE-06,2024-10-16T14:33:31.715773,2024-10-16T15:02:16.618467,Air traffic dispatch telemetry check for ALT-CSE-06-00429. Signal latency inside safety margins.,AERO-SOC-2,False,Resolved,"[""ALT-CSE-06-00429""]"
CAS-CSE-06-0094,CSE-06,2024-10-30T17:22:53.588192,2024-10-30T18:18:17.671141,Air traffic dispatch telemetry check for ALT-CSE-06-00439. Signal latency inside safety margins.,AERO-SOC-3,False,Resolved,"[""ALT-CSE-06-00439""]"
CAS-CSE-06-0095,CSE-06,2024-11-20T03:12:10.219693,2024-11-20T04:30:31.189557,Air traffic dispatch telemetry check for ALT-CSE-06-00442. Signal latency inside safety margins.,AERO-SOC-3,False,Resolved,"[""ALT-CSE-06-00442""]"
CAS-CSE-06-0096,CSE-06,2024-12-04T19:34:00.079875,2024-12-04T20:28:15.018293,Air traffic dispatch telemetry check for ALT-CSE-06-00447. Signal latency inside safety margins.,AERO-SOC-4,False,Resolved,"[""ALT-CSE-06-00447""]"
CAS-CSE-06-0097,CSE-06,2024-10-10T05:43:51.700510,2024-10-10T07:06:23.119343,Air traffic dispatch telemetry check for ALT-CSE-06-00448. Signal latency inside safety margins.,AERO-SOC-2,False,Resolved,"[""ALT-CSE-06-00448""]"
CAS-CSE-06-0098,CSE-06,2024-11-12T12:05:20.844650,2024-11-12T13:09:08.986918,Air traffic dispatch telemetry check for ALT-CSE-06-00456. Signal latency inside safety margins.,AERO-SOC-3,False,Resolved,"[""ALT-CSE-06-00456""]"
CAS-CSE-06-0099,CSE-06,2024-12-18T21:39:01.947694,2024-12-18T22:02:45.010376,Air traffic dispatch telemetry check for ALT-CSE-06-00457. Signal latency inside safety margins.,AERO-SOC-1,False,Resolved,"[""ALT-CSE-06-00457""]"
CAS-CSE-06-0100,CSE-06,2024-11-14T12:21:32.421723,2024-11-14T12:49:20.554459,Air traffic dispatch telemetry check for ALT-CSE-06-00462. Signal latency inside safety margins.,AERO-SOC-1,False,Resolved,"[""ALT-CSE-06-00462""]"
CAS-CSE-06-0101,CSE-06,2024-10-12T04:05:22.431339,2024-10-12T04:46:58.207193,Air traffic dispatch telemetry check for ALT-CSE-06-00464. Signal latency inside safety margins.,AERO-SOC-3,False,Resolved,"[""ALT-CSE-06-00464""]"
CAS-CSE-06-0102,CSE-06,2024-11-12T09:42:35.782455,2024-11-12T10:39:23.748247,Air traffic dispatch telemetry check for ALT-CSE-06-00475. Signal latency inside safety margins.,AERO-SOC-3,False,Resolved,"[""ALT-CSE-06-00475""]"
CAS-CSE-06-0103,CSE-06,2024-11-20T13:27:12.888967,2024-11-20T14:03:49.884943,Air traffic dispatch telemetry check for ALT-CSE-06-00488. Signal latency inside safety margins.,AERO-SOC-4,False,Resolved,"[""ALT-CSE-06-00488""]"
CAS-CSE-06-0104,CSE-06,2024-10-22T12:53:10.377968,2024-10-22T13:45:58.638988,Air traffic dispatch telemetry check for ALT-CSE-06-00491. Signal latency inside safety margins.,AERO-SOC-1,False,Resolved,"[""ALT-CSE-06-00491""]"
CAS-CSE-06-0105,CSE-06,2024-10-13T09:33:56.326152,2024-10-13T10:55:24.063957,Air traffic dispatch telemetry check for ALT-CSE-06-00494. Signal latency inside safety margins.,AERO-SOC-1,False,Resolved,"[""ALT-CSE-06-00494""]"
CAS-CSE-06-0106,CSE-06,2024-12-18T17:01:22.457663,2024-12-18T17:52:06.572581,Air traffic dispatch telemetry check for ALT-CSE-06-00497. Signal latency inside safety margins.,AERO-SOC-2,False,Resolved,"[""ALT-CSE-06-00497""]"
CAS-CSE-06-0107,CSE-06,2024-10-08T14:52:05.179818,2024-10-08T15:26:32.721788,Air traffic dispatch telemetry check for ALT-CSE-06-00502. Signal latency inside safety margins.,AERO-SOC-3,True,Resolved,"[""ALT-CSE-06-00502""]"
CAS-CSE-06-0108,CSE-06,2024-10-26T15:43:20.519369,2024-10-26T16:10:22.894585,Air traffic dispatch telemetry check for ALT-CSE-06-00506. Signal latency inside safety margins.,AERO-SOC-2,False,Resolved,"[""ALT-CSE-06-00506""]"
CAS-CSE-06-0109,CSE-06,2024-11-05T12:03:23.374275,2024-11-05T13:11:46.988582,Air traffic dispatch telemetry check for ALT-CSE-06-00509. Signal latency inside safety margins.,AERO-SOC-4,False,Resolved,"[""ALT-CSE-06-00509""]"
CAS-CSE-06-0110,CSE-06,2024-10-12T19:29:49.478774,2024-10-12T20:22:52.976197,Air traffic dispatch telemetry check for ALT-CSE-06-00531. Signal latency inside safety margins.,AERO-SOC-3,False,Resolved,"[""ALT-CSE-06-00531""]"
CAS-CSE-06-0111,CSE-06,2024-10-06T18:38:23.923238,2024-10-06T19:09:28.304508,Air traffic dispatch telemetry check for ALT-CSE-06-00543. Signal latency inside safety margins.,AERO-SOC-2,False,Resolved,"[""ALT-CSE-06-00543""]"
CAS-CSE-06-0112,CSE-06,2024-12-02T19:43:25.148554,2024-12-02T20:20:09.450400,Air traffic dispatch telemetry check for ALT-CSE-06-00547. Signal latency inside safety margins.,AERO-SOC-3,False,Resolved,"[""ALT-CSE-06-00547""]"
CAS-CSE-06-0113,CSE-06,2024-12-28T08:53:34.885037,2024-12-28T09:32:45.041282,Air traffic dispatch telemetry check for ALT-CSE-06-00548. Signal latency inside safety margins.,AERO-SOC-3,True,Resolved,"[""ALT-CSE-06-00548""]"
CAS-CSE-06-0114,CSE-06,2024-11-24T10:31:11.928154,2024-11-24T11:03:09.708721,Air traffic dispatch telemetry check for ALT-CSE-06-00552. Signal latency inside safety margins.,AERO-SOC-3,False,Resolved,"[""ALT-CSE-06-00552""]"
CAS-CSE-06-0115,CSE-06,2024-12-21T16:59:47.475463,2024-12-21T17:43:23.724367,Air traffic dispatch telemetry check for ALT-CSE-06-00556. Signal latency inside safety margins.,AERO-SOC-3,False,Resolved,"[""ALT-CSE-06-00556""]"
CAS-CSE-06-0116,CSE-06,2024-11-06T18:56:44.463605,2024-11-06T19:36:55.886377,Air traffic dispatch telemetry check for ALT-CSE-06-00558. Signal latency inside safety margins.,AERO-SOC-3,False,Resolved,"[""ALT-CSE-06-00558""]"
CAS-CSE-06-0117,CSE-06,2024-11-26T11:15:10.273645,2024-11-26T12:26:30.208567,Air traffic dispatch telemetry check for ALT-CSE-06-00564. Signal latency inside safety margins.,AERO-SOC-2,False,Resolved,"[""ALT-CSE-06-00564""]"
CAS-CSE-06-0118,CSE-06,2024-12-04T13:28:08.058220,2024-12-04T13:59:57.845854,Air traffic dispatch telemetry check for ALT-CSE-06-00566. Signal latency inside safety margins.,AERO-SOC-3,False,Resolved,"[""ALT-CSE-06-00566""]"
CAS-CSE-06-0119,CSE-06,2024-11-03T12:17:25.097694,2024-11-03T12:43:12.137534,Air traffic dispatch telemetry check for ALT-CSE-06-00568. Signal latency inside safety margins.,AERO-SOC-3,False,Resolved,"[""ALT-CSE-06-00568""]"
CAS-CSE-06-0120,CSE-06,2024-11-21T22:31:37.321515,2024-11-21T23:09:20.444842,Air traffic dispatch telemetry check for ALT-CSE-06-00572. Signal latency inside safety margins.,AERO-SOC-1,False,Resolved,"[""ALT-CSE-06-00572""]"
CAS-CSE-06-0121,CSE-06,2024-11-16T02:41:30.502294,2024-11-16T03:48:54.386216,Air traffic dispatch telemetry check for ALT-CSE-06-00576. Signal latency inside safety margins.,AERO-SOC-3,False,Resolved,"[""ALT-CSE-06-00576""]"
CAS-CSE-06-0122,CSE-06,2024-11-23T17:42:28.694395,2024-11-23T19:00:10.537006,Air traffic dispatch telemetry check for ALT-CSE-06-00579. Signal latency inside safety margins.,AERO-SOC-2,False,Resolved,"[""ALT-CSE-06-00579""]"
CAS-CSE-06-0123,CSE-06,2024-10-01T20:57:16.912825,2024-10-01T21:49:26.273887,Air traffic dispatch telemetry check for ALT-CSE-06-00581. Signal latency inside safety margins.,AERO-SOC-4,False,Resolved,"[""ALT-CSE-06-00581""]"
CAS-CSE-06-0124,CSE-06,2024-12-11T07:08:11.325549,2024-12-11T08:03:06.036746,Air traffic dispatch telemetry check for ALT-CSE-06-00582. Signal latency inside safety margins.,AERO-SOC-1,False,Resolved,"[""ALT-CSE-06-00582""]"
CAS-CSE-06-0125,CSE-06,2024-10-08T19:08:04.507342,2024-10-08T19:29:06.706520,Air traffic dispatch telemetry check for ALT-CSE-06-00588. Signal latency inside safety margins.,AERO-SOC-1,False,Resolved,"[""ALT-CSE-06-00588""]"
CAS-CSE-06-0126,CSE-06,2024-12-11T14:36:49.462722,2024-12-11T15:58:30.253108,Air traffic dispatch telemetry check for ALT-CSE-06-00613. Signal latency inside safety margins.,AERO-SOC-1,False,Resolved,"[""ALT-CSE-06-00613""]"
CAS-CSE-06-0127,CSE-06,2024-12-20T19:19:06.364166,2024-12-20T19:55:33.874326,Air traffic dispatch telemetry check for ALT-CSE-06-00623. Signal latency inside safety margins.,AERO-SOC-4,False,Resolved,"[""ALT-CSE-06-00623""]"
CAS-CSE-06-0128,CSE-06,2024-12-11T15:17:05.283290,2024-12-11T15:43:20.871353,Air traffic dispatch telemetry check for ALT-CSE-06-00626. Signal latency inside safety margins.,AERO-SOC-2,False,Resolved,"[""ALT-CSE-06-00626""]"
CAS-CSE-06-0129,CSE-06,2024-12-22T22:47:58.491833,2024-12-22T23:13:18.944064,Air traffic dispatch telemetry check for ALT-CSE-06-00627. Signal latency inside safety margins.,AERO-SOC-2,False,Resolved,"[""ALT-CSE-06-00627""]"
CAS-CSE-06-0130,CSE-06,2024-12-08T19:57:00.474625,2024-12-08T21:15:09.012960,Air traffic dispatch telemetry check for ALT-CSE-06-00631. Signal latency inside safety margins.,AERO-SOC-3,False,Resolved,"[""ALT-CSE-06-00631""]"
CAS-CSE-06-0131,CSE-06,2024-11-30T18:53:08.928946,2024-11-30T19:39:24.278770,Air traffic dispatch telemetry check for ALT-CSE-06-00634. Signal latency inside safety margins.,AERO-SOC-2,False,Resolved,"[""ALT-CSE-06-00634""]"
CAS-CSE-06-0132,CSE-06,2024-12-29T16:52:34.422035,2024-12-29T17:23:24.381648,Air traffic dispatch telemetry check for ALT-CSE-06-00642. Signal latency inside safety margins.,AERO-SOC-4,False,Resolved,"[""ALT-CSE-06-00642""]"
CAS-CSE-06-0133,CSE-06,2024-10-31T08:34:31.600190,2024-10-31T09:02:33.289429,Air traffic dispatch telemetry check for ALT-CSE-06-00659. Signal latency inside safety margins.,AERO-SOC-2,False,Resolved,"[""ALT-CSE-06-00659""]"
CAS-CSE-06-0134,CSE-06,2024-11-30T08:19:07.831758,2024-11-30T09:21:31.380622,Air traffic dispatch telemetry check for ALT-CSE-06-00668. Signal latency inside safety margins.,AERO-SOC-3,False,Resolved,"[""ALT-CSE-06-00668""]"
CAS-CSE-06-0135,CSE-06,2024-11-02T04:49:14.154769,2024-11-02T05:25:25.491341,Air traffic dispatch telemetry check for ALT-CSE-06-00670. Signal latency inside safety margins.,AERO-SOC-4,False,Resolved,"[""ALT-CSE-06-00670""]"
CAS-CSE-06-0136,CSE-06,2024-12-16T11:52:06.815005,2024-12-16T12:53:35.046812,Air traffic dispatch telemetry check for ALT-CSE-06-00672. Signal latency inside safety margins.,AERO-SOC-2,False,Resolved,"[""ALT-CSE-06-00672""]"
CAS-CSE-06-0137,CSE-06,2024-12-13T02:42:46.079998,2024-12-13T03:22:30.850018,Air traffic dispatch telemetry check for ALT-CSE-06-00673. Signal latency inside safety margins.,AERO-SOC-3,False,Resolved,"[""ALT-CSE-06-00673""]"
CAS-CSE-06-0138,CSE-06,2024-11-21T01:26:45.411104,2024-11-21T02:10:02.642102,Air traffic dispatch telemetry check for ALT-CSE-06-00674. Signal latency inside safety margins.,AERO-SOC-3,False,Resolved,"[""ALT-CSE-06-00674""]"
CAS-CSE-06-0139,CSE-06,2024-12-20T02:59:43.912351,2024-12-20T04:08:01.459436,Air traffic dispatch telemetry check for ALT-CSE-06-00676. Signal latency inside safety margins.,AERO-SOC-1,False,Resolved,"[""ALT-CSE-06-00676""]"
CAS-CSE-06-0140,CSE-06,2024-12-20T14:53:33.397764,2024-12-20T15:24:34.307696,Air traffic dispatch telemetry check for ALT-CSE-06-00677. Signal latency inside safety margins.,AERO-SOC-2,False,Resolved,"[""ALT-CSE-06-00677""]"
CAS-CSE-06-0141,CSE-06,2024-12-27T13:04:17.249166,2024-12-27T14:00:54.943805,Air traffic dispatch telemetry check for ALT-CSE-06-00682. Signal latency inside safety margins.,AERO-SOC-3,False,Resolved,"[""ALT-CSE-06-00682""]"
CAS-CSE-06-0142,CSE-06,2024-10-10T16:29:50.504698,2024-10-10T17:34:34.027082,Air traffic dispatch telemetry check for ALT-CSE-06-00686. Signal latency inside safety margins.,AERO-SOC-3,False,Resolved,"[""ALT-CSE-06-00686""]"
CAS-CSE-06-0143,CSE-06,2024-12-26T22:11:33.133332,2024-12-26T23:28:15.355906,Air traffic dispatch telemetry check for ALT-CSE-06-00688. Signal latency inside safety margins.,AERO-SOC-2,False,Resolved,"[""ALT-CSE-06-00688""]"
CAS-CSE-06-0144,CSE-06,2024-10-30T16:43:37.597991,2024-10-30T17:31:00.170173,Air traffic dispatch telemetry check for ALT-CSE-06-00697. Signal latency inside safety margins.,AERO-SOC-3,False,Resolved,"[""ALT-CSE-06-00697""]"
CAS-CSE-06-0145,CSE-06,2024-11-24T04:06:29.556119,2024-11-24T04:53:27.778562,Air traffic dispatch telemetry check for ALT-CSE-06-00698. Signal latency inside safety margins.,AERO-SOC-1,False,Resolved,"[""ALT-CSE-06-00698""]"
CAS-CSE-06-0146,CSE-06,2024-11-27T14:59:07.617739,2024-11-27T15:43:42.905837,Air traffic dispatch telemetry check for ALT-CSE-06-00706. Signal latency inside safety margins.,AERO-SOC-1,False,Resolved,"[""ALT-CSE-06-00706""]"
CAS-CSE-06-0147,CSE-06,2024-10-26T05:30:38.969979,2024-10-26T06:16:25.922241,Air traffic dispatch telemetry check for ALT-CSE-06-00715. Signal latency inside safety margins.,AERO-SOC-1,False,Resolved,"[""ALT-CSE-06-00715""]"
CAS-CSE-06-0148,CSE-06,2024-10-16T20:00:41.553843,2024-10-16T20:26:20.210454,Air traffic dispatch telemetry check for ALT-CSE-06-00723. Signal latency inside safety margins.,AERO-SOC-4,False,Resolved,"[""ALT-CSE-06-00723""]"
CAS-CSE-06-0149,CSE-06,2024-10-09T22:51:19.844738,2024-10-10T00:07:08.693780,Air traffic dispatch telemetry check for ALT-CSE-06-00732. Signal latency inside safety margins.,AERO-SOC-1,False,Resolved,"[""ALT-CSE-06-00732""]"
CAS-CSE-06-0150,CSE-06,2024-11-18T04:29:03.160005,2024-11-18T05:39:14.829223,Air traffic dispatch telemetry check for ALT-CSE-06-00733. Signal latency inside safety margins.,AERO-SOC-1,True,Resolved,"[""ALT-CSE-06-00733""]"
CAS-CSE-06-0151,CSE-06,2024-10-04T06:19:25.002339,2024-10-04T06:46:23.908563,Air traffic dispatch telemetry check for ALT-CSE-06-00734. Signal latency inside safety margins.,AERO-SOC-1,False,Resolved,"[""ALT-CSE-06-00734""]"
CAS-CSE-06-0152,CSE-06,2024-11-22T00:45:03.099091,2024-11-22T01:58:40.979994,Air traffic dispatch telemetry check for ALT-CSE-06-00740. Signal latency inside safety margins.,AERO-SOC-3,False,Resolved,"[""ALT-CSE-06-00740""]"
CAS-CSE-06-0153,CSE-06,2024-12-15T21:56:43.444457,2024-12-15T23:02:20.864955,Air traffic dispatch telemetry check for ALT-CSE-06-00747. Signal latency inside safety margins.,AERO-SOC-2,False,Resolved,"[""ALT-CSE-06-00747""]"
CAS-CSE-06-0154,CSE-06,2024-10-25T21:19:57.576091,2024-10-25T21:55:14.801084,Air traffic dispatch telemetry check for ALT-CSE-06-00754. Signal latency inside safety margins.,AERO-SOC-3,False,Resolved,"[""ALT-CSE-06-00754""]"
CAS-CSE-06-0155,CSE-06,2024-12-13T13:29:40.515907,2024-12-13T14:17:41.855360,Air traffic dispatch telemetry check for ALT-CSE-06-00763. Signal latency inside safety margins.,AERO-SOC-2,False,Resolved,"[""ALT-CSE-06-00763""]"
CAS-CSE-06-0156,CSE-06,2024-11-29T03:49:13.658485,2024-11-29T05:04:13.421208,Air traffic dispatch telemetry check for ALT-CSE-06-00766. Signal latency inside safety margins.,AERO-SOC-3,False,Resolved,"[""ALT-CSE-06-00766""]"
CAS-CSE-06-0157,CSE-06,2024-12-08T23:55:11.249806,2024-12-09T01:11:58.399495,Air traffic dispatch telemetry check for ALT-CSE-06-00773. Signal latency inside safety margins.,AERO-SOC-4,False,Resolved,"[""ALT-CSE-06-00773""]"
CAS-CSE-06-0158,CSE-06,2024-10-07T16:35:46.141496,2024-10-07T17:45:08.469695,Air traffic dispatch telemetry check for ALT-CSE-06-00775. Signal latency inside safety margins.,AERO-SOC-1,False,Resolved,"[""ALT-CSE-06-00775""]"
CAS-CSE-06-0159,CSE-06,2024-11-15T08:35:39.723153,2024-11-15T09:44:22.294819,Air traffic dispatch telemetry check for ALT-CSE-06-00780. Signal latency inside safety margins.,AERO-SOC-4,False,Resolved,"[""ALT-CSE-06-00780""]"
CAS-CSE-06-0160,CSE-06,2024-12-06T17:50:29.770694,2024-12-06T18:35:15.093860,Air traffic dispatch telemetry check for ALT-CSE-06-00781. Signal latency inside safety margins.,AERO-SOC-3,False,Resolved,"[""ALT-CSE-06-00781""]"
CAS-CSE-06-0161,CSE-06,2024-10-15T10:06:10.206244,2024-10-15T11:03:23.224246,Air traffic dispatch telemetry check for ALT-CSE-06-00789. Signal latency inside safety margins.,AERO-SOC-1,False,Resolved,"[""ALT-CSE-06-00789""]"
CAS-CSE-06-0162,CSE-06,2024-11-08T23:48:23.116147,2024-11-09T00:42:49.190416,Air traffic dispatch telemetry check for ALT-CSE-06-00790. Signal latency inside safety margins.,AERO-SOC-2,False,Resolved,"[""ALT-CSE-06-00790""]"
CAS-CSE-06-0163,CSE-06,2024-11-04T05:49:49.094138,2024-11-04T06:38:50.681152,Air traffic dispatch telemetry check for ALT-CSE-06-00798. Signal latency inside safety margins.,AERO-SOC-3,False,Resolved,"[""ALT-CSE-06-00798""]"
CAS-CSE-06-0164,CSE-06,2024-10-25T02:53:14.148574,2024-10-25T03:42:54.449958,Air traffic dispatch telemetry check for ALT-CSE-06-00803. Signal latency inside safety margins.,AERO-SOC-2,False,Resolved,"[""ALT-CSE-06-00803""]"
CAS-CSE-06-0165,CSE-06,2024-12-27T17:23:13.468887,2024-12-27T18:33:46.796688,Air traffic dispatch telemetry check for ALT-CSE-06-00806. Signal latency inside safety margins.,AERO-SOC-2,False,Resolved,"[""ALT-CSE-06-00806""]"
CAS-CSE-06-0166,CSE-06,2024-10-27T18:42:03.246365,2024-10-27T19:43:13.487602,Air traffic dispatch telemetry check for ALT-CSE-06-00811. Signal latency inside safety margins.,AERO-SOC-3,False,Resolved,"[""ALT-CSE-06-00811""]"
CAS-CSE-06-0167,CSE-06,2024-11-12T03:37:11.258829,2024-11-12T04:16:19.844456,Air traffic dispatch telemetry check for ALT-CSE-06-00812. Signal latency inside safety margins.,AERO-SOC-1,False,Resolved,"[""ALT-CSE-06-00812""]"
CAS-CSE-06-0168,CSE-06,2024-12-25T03:16:51.775989,2024-12-25T04:08:19.345684,Air traffic dispatch telemetry check for ALT-CSE-06-00816. Signal latency inside safety margins.,AERO-SOC-2,False,Resolved,"[""ALT-CSE-06-00816""]"
CAS-CSE-06-0169,CSE-06,2024-11-16T16:39:01.095669,2024-11-16T17:37:10.076682,Air traffic dispatch telemetry check for ALT-CSE-06-00817. Signal latency inside safety margins.,AERO-SOC-2,False,Resolved,"[""ALT-CSE-06-00817""]"
CAS-CSE-06-0170,CSE-06,2024-11-11T04:56:16.640592,2024-11-11T05:48:39.144343,Air traffic dispatch telemetry check for ALT-CSE-06-00826. Signal latency inside safety margins.,AERO-SOC-4,False,Resolved,"[""ALT-CSE-06-00826""]"
CAS-CSE-06-0171,CSE-06,2024-10-13T15:13:15.707943,2024-10-13T15:45:18.617840,Air traffic dispatch telemetry check for ALT-CSE-06-00827. Signal latency inside safety margins.,AERO-SOC-4,False,Resolved,"[""ALT-CSE-06-00827""]"
CAS-CSE-06-0172,CSE-06,2024-11-28T21:47:12.464620,2024-11-28T22:32:37.280074,Air traffic dispatch telemetry check for ALT-CSE-06-00830. Signal latency inside safety margins.,AERO-SOC-2,False,Resolved,"[""ALT-CSE-06-00830""]"
CAS-CSE-06-0173,CSE-06,2024-11-20T04:13:41.818719,2024-11-20T04:42:58.349348,Air traffic dispatch telemetry check for ALT-CSE-06-00831. Signal latency inside safety margins.,AERO-SOC-3,False,Resolved,"[""ALT-CSE-06-00831""]"
CAS-CSE-06-0174,CSE-06,2024-10-11T12:41:56.043426,2024-10-11T13:35:28.823902,Air traffic dispatch telemetry check for ALT-CSE-06-00832. Signal latency inside safety margins.,AERO-SOC-2,False,Resolved,"[""ALT-CSE-06-00832""]"
CAS-CSE-06-0175,CSE-06,2024-11-23T21:48:31.037012,2024-11-23T22:47:56.331333,Air traffic dispatch telemetry check for ALT-CSE-06-00833. Signal latency inside safety margins.,AERO-SOC-4,False,Resolved,"[""ALT-CSE-06-00833""]"
CAS-CSE-06-0176,CSE-06,2024-10-31T22:23:34.808049,2024-10-31T23:33:54.479698,Air traffic dispatch telemetry check for ALT-CSE-06-00834. Signal latency inside safety margins.,AERO-SOC-2,False,Resolved,"[""ALT-CSE-06-00834""]"
CAS-CSE-06-0177,CSE-06,2024-10-15T03:38:26.281333,2024-10-15T04:41:45.360539,Air traffic dispatch telemetry check for ALT-CSE-06-00835. Signal latency inside safety margins.,AERO-SOC-4,False,Resolved,"[""ALT-CSE-06-00835""]"
CAS-CSE-06-0178,CSE-06,2024-10-24T00:47:49.706166,2024-10-24T01:57:54.982849,Air traffic dispatch telemetry check for ALT-CSE-06-00836. Signal latency inside safety margins.,AERO-SOC-3,False,Resolved,"[""ALT-CSE-06-00836""]"
CAS-CSE-06-0179,CSE-06,2024-10-24T00:52:01.178664,2024-10-24T01:39:23.484600,Air traffic dispatch telemetry check for ALT-CSE-06-00843. Signal latency inside safety margins.,AERO-SOC-3,True,Resolved,"[""ALT-CSE-06-00843""]"
CAS-CSE-06-0180,CSE-06,2024-10-11T22:41:35.517588,2024-10-11T23:25:32.872541,Air traffic dispatch telemetry check for ALT-CSE-06-00847. Signal latency inside safety margins.,AERO-SOC-4,False,Resolved,"[""ALT-CSE-06-00847""]"
CAS-CSE-06-0181,CSE-06,2024-10-08T02:25:51.529137,2024-10-08T03:26:39.159981,Air traffic dispatch telemetry check for ALT-CSE-06-00853. Signal latency inside safety margins.,AERO-SOC-2,False,Resolved,"[""ALT-CSE-06-00853""]"
CAS-CSE-06-0182,CSE-06,2024-12-23T10:13:01.303208,2024-12-23T10:36:09.117787,Air traffic dispatch telemetry check for ALT-CSE-06-00854. Signal latency inside safety margins.,AERO-SOC-3,False,Resolved,"[""ALT-CSE-06-00854""]"
CAS-CSE-06-0183,CSE-06,2024-12-26T08:35:20.855518,2024-12-26T09:16:49.636140,Air traffic dispatch telemetry check for ALT-CSE-06-00855. Signal latency inside safety margins.,AERO-SOC-3,False,Resolved,"[""ALT-CSE-06-00855""]"
CAS-CSE-06-0184,CSE-06,2024-12-22T22:20:24.457998,2024-12-22T23:12:32.403190,Air traffic dispatch telemetry check for ALT-CSE-06-00856. Signal latency inside safety margins.,AERO-SOC-2,False,Resolved,"[""ALT-CSE-06-00856""]"
CAS-CSE-06-0185,CSE-06,2024-10-19T11:16:29.215639,2024-10-19T12:05:51.638911,Air traffic dispatch telemetry check for ALT-CSE-06-00858. Signal latency inside safety margins.,AERO-SOC-1,False,Resolved,"[""ALT-CSE-06-00858""]"
CAS-CSE-06-0186,CSE-06,2024-10-10T04:31:17.756187,2024-10-10T05:41:42.028503,Air traffic dispatch telemetry check for ALT-CSE-06-00864. Signal latency inside safety margins.,AERO-SOC-3,False,Resolved,"[""ALT-CSE-06-00864""]"
CAS-CSE-06-0187,CSE-06,2024-10-12T17:24:26.350809,2024-10-12T18:39:49.620307,Air traffic dispatch telemetry check for ALT-CSE-06-00874. Signal latency inside safety margins.,AERO-SOC-2,False,Resolved,"[""ALT-CSE-06-00874""]"
CAS-CSE-06-0188,CSE-06,2024-12-01T22:48:48.635424,2024-12-01T23:40:21.936995,Air traffic dispatch telemetry check for ALT-CSE-06-00875. Signal latency inside safety margins.,AERO-SOC-4,False,Resolved,"[""ALT-CSE-06-00875""]"
CAS-CSE-06-0189,CSE-06,2024-10-16T17:25:26.649842,2024-10-16T18:27:25.621485,Air traffic dispatch telemetry check for ALT-CSE-06-00883. Signal latency inside safety margins.,AERO-SOC-4,False,Resolved,"[""ALT-CSE-06-00883""]"
CAS-CSE-06-0190,CSE-06,2024-12-20T16:30:39.036725,2024-12-20T17:18:21.493183,Air traffic dispatch telemetry check for ALT-CSE-06-00884. Signal latency inside safety margins.,AERO-SOC-2,False,Resolved,"[""ALT-CSE-06-00884""]"
CAS-CSE-06-0191,CSE-06,2024-10-06T17:19:08.786193,2024-10-06T17:58:33.385780,Air traffic dispatch telemetry check for ALT-CSE-06-00890. Signal latency inside safety margins.,AERO-SOC-4,False,Resolved,"[""ALT-CSE-06-00890""]"
CAS-CSE-06-0192,CSE-06,2024-12-07T23:54:49.374388,2024-12-08T00:28:53.905888,Air traffic dispatch telemetry check for ALT-CSE-06-00895. Signal latency inside safety margins.,AERO-SOC-1,False,Resolved,"[""ALT-CSE-06-00895""]"
CAS-CSE-06-0193,CSE-06,2024-12-20T16:32:37.305251,2024-12-20T17:51:20.511334,Air traffic dispatch telemetry check for ALT-CSE-06-00897. Signal latency inside safety margins.,AERO-SOC-2,False,Resolved,"[""ALT-CSE-06-00897""]"
CAS-CSE-06-0194,CSE-06,2024-10-25T19:33:48.870838,2024-10-25T20:23:06.932950,Air traffic dispatch telemetry check for ALT-CSE-06-00901. Signal latency inside safety margins.,AERO-SOC-2,False,Resolved,"[""ALT-CSE-06-00901""]"
CAS-CSE-06-0195,CSE-06,2024-12-18T15:02:43.059940,2024-12-18T15:55:03.142116,Air traffic dispatch telemetry check for ALT-CSE-06-00904. Signal latency inside safety margins.,AERO-SOC-1,False,Resolved,"[""ALT-CSE-06-00904""]"
CAS-CSE-06-0196,CSE-06,2024-12-29T04:14:37.816441,2024-12-29T05:24:06.632221,Air traffic dispatch telemetry check for ALT-CSE-06-00905. Signal latency inside safety margins.,AERO-SOC-2,False,Resolved,"[""ALT-CSE-06-00905""]"
CAS-CSE-06-0197,CSE-06,2024-12-03T02:09:48.453223,2024-12-03T03:27:46.519452,Air traffic dispatch telemetry check for ALT-CSE-06-00910. Signal latency inside safety margins.,AERO-SOC-2,False,Resolved,"[""ALT-CSE-06-00910""]"
CAS-CSE-06-0198,CSE-06,2024-12-27T04:32:50.837963,2024-12-27T05:15:07.637491,Air traffic dispatch telemetry check for ALT-CSE-06-00911. Signal latency inside safety margins.,AERO-SOC-2,False,Resolved,"[""ALT-CSE-06-00911""]"
CAS-CSE-06-0199,CSE-06,2024-12-21T13:05:12.359983,2024-12-21T13:37:52.913294,Air traffic dispatch telemetry check for ALT-CSE-06-00913. Signal latency inside safety margins.,AERO-SOC-2,False,Resolved,"[""ALT-CSE-06-00913""]"
CAS-CSE-06-0200,CSE-06,2024-12-25T11:13:43.118544,2024-12-25T11:38:03.276140,Air traffic dispatch telemetry check for ALT-CSE-06-00918. Signal latency inside safety margins.,AERO-SOC-4,False,Resolved,"[""ALT-CSE-06-00918""]"
CAS-CSE-06-0201,CSE-06,2024-10-02T21:09:36.647267,2024-10-02T22:24:59.141333,Air traffic dispatch telemetry check for ALT-CSE-06-00922. Signal latency inside safety margins.,AERO-SOC-3,False,Resolved,"[""ALT-CSE-06-00922""]"
CAS-CSE-06-0202,CSE-06,2024-10-21T20:53:39.702586,2024-10-21T21:16:25.096101,Air traffic dispatch telemetry check for ALT-CSE-06-00925. Signal latency inside safety margins.,AERO-SOC-1,False,Resolved,"[""ALT-CSE-06-00925""]"
CAS-CSE-06-0203,CSE-06,2024-11-14T03:35:36.299466,2024-11-14T04:41:53.658517,Air traffic dispatch telemetry check for ALT-CSE-06-00927. Signal latency inside safety margins.,AERO-SOC-3,False,Resolved,"[""ALT-CSE-06-00927""]"
CAS-CSE-06-0204,CSE-06,2024-10-29T12:43:03.069128,2024-10-29T13:29:26.475836,Air traffic dispatch telemetry check for ALT-CSE-06-00929. Signal latency inside safety margins.,AERO-SOC-1,False,Resolved,"[""ALT-CSE-06-00929""]"
CAS-CSE-06-0205,CSE-06,2024-10-23T14:02:47.065545,2024-10-23T15:09:43.609175,Air traffic dispatch telemetry check for ALT-CSE-06-00948. Signal latency inside safety margins.,AERO-SOC-1,False,Resolved,"[""ALT-CSE-06-00948""]"
CAS-CSE-06-0206,CSE-06,2024-10-07T14:44:19.576353,2024-10-07T15:31:50.111925,Air traffic dispatch telemetry check for ALT-CSE-06-00949. Signal latency inside safety margins.,AERO-SOC-2,False,Resolved,"[""ALT-CSE-06-00949""]"
CAS-CSE-06-0207,CSE-06,2024-10-29T21:18:53.931528,2024-10-29T22:23:51.349608,Air traffic dispatch telemetry check for ALT-CSE-06-00951. Signal latency inside safety margins.,AERO-SOC-3,False,Resolved,"[""ALT-CSE-06-00951""]"
CAS-CSE-06-0208,CSE-06,2024-11-27T21:06:03.768613,2024-11-27T22:18:42.565261,Air traffic dispatch telemetry check for ALT-CSE-06-00952. Signal latency inside safety margins.,AERO-SOC-1,False,Resolved,"[""ALT-CSE-06-00952""]"
CAS-CSE-06-0209,CSE-06,2024-10-29T16:46:17.731197,2024-10-29T17:18:03.584627,Air traffic dispatch telemetry check for ALT-CSE-06-00960. Signal latency inside safety margins.,AERO-SOC-1,False,Resolved,"[""ALT-CSE-06-00960""]"
CAS-CSE-06-0210,CSE-06,2024-11-14T15:45:59.260611,2024-11-14T16:24:27.348725,Air traffic dispatch telemetry check for ALT-CSE-06-00964. Signal latency inside safety margins.,AERO-SOC-4,False,Resolved,"[""ALT-CSE-06-00964""]"
CAS-CSE-06-0211,CSE-06,2024-10-11T02:22:27.167604,2024-10-11T03:00:06.450476,Air traffic dispatch telemetry check for ALT-CSE-06-00966. Signal latency inside safety margins.,AERO-SOC-1,False,Resolved,"[""ALT-CSE-06-00966""]"
CAS-CSE-06-0212,CSE-06,2024-10-14T22:20:07.524466,2024-10-14T22:49:00.394219,Air traffic dispatch telemetry check for ALT-CSE-06-00971. Signal latency inside safety margins.,AERO-SOC-1,False,Resolved,"[""ALT-CSE-06-00971""]"
CAS-CSE-06-0213,CSE-06,2024-11-10T05:16:35.598310,2024-11-10T06:24:49.757432,Air traffic dispatch telemetry check for ALT-CSE-06-00973. Signal latency inside safety margins.,AERO-SOC-1,False,Resolved,"[""ALT-CSE-06-00973""]"
CAS-CSE-06-0214,CSE-06,2024-11-24T19:31:01.067232,2024-11-24T20:25:29.719863,Air traffic dispatch telemetry check for ALT-CSE-06-00982. Signal latency inside safety margins.,AERO-SOC-2,False,Resolved,"[""ALT-CSE-06-00982""]"
CAS-CSE-06-0215,CSE-06,2024-11-20T09:56:47.540980,2024-11-20T10:32:34.887576,Air traffic dispatch telemetry check for ALT-CSE-06-00984. Signal latency inside safety margins.,AERO-SOC-1,False,Resolved,"[""ALT-CSE-06-00984""]"
CAS-CSE-06-0216,CSE-06,2024-11-17T17:24:47.691227,2024-11-17T17:50:56.546021,Air traffic dispatch telemetry check for ALT-CSE-06-00988. Signal latency inside safety margins.,AERO-SOC-3,False,Resolved,"[""ALT-CSE-06-00988""]"
CAS-CSE-06-0217,CSE-06,2024-10-05T02:17:48.801582,2024-10-05T03:19:18.274305,Air traffic dispatch telemetry check for ALT-CSE-06-00989. Signal latency inside safety margins.,AERO-SOC-1,False,Resolved,"[""ALT-CSE-06-00989""]"
CAS-CSE-06-0218,CSE-06,2024-10-24T22:33:51.069065,2024-10-24T23:49:09.770175,Air traffic dispatch telemetry check for ALT-CSE-06-00992. Signal latency inside safety margins.,AERO-SOC-2,False,Resolved,"[""ALT-CSE-06-00992""]"
CAS-CSE-06-0219,CSE-06,2024-11-18T10:38:17.727289,2024-11-18T11:08:27.790806,Air traffic dispatch telemetry check for ALT-CSE-06-00993. Signal latency inside safety margins.,AERO-SOC-4,False,Resolved,"[""ALT-CSE-06-00993""]"
CAS-CSE-06-0220,CSE-06,2024-11-28T04:50:24.210760,2024-11-28T05:22:54.433127,Air traffic dispatch telemetry check for ALT-CSE-06-00997. Signal latency inside safety margins.,AERO-SOC-1,False,Resolved,"[""ALT-CSE-06-00997""]"
CAS-CSE-06-0221,CSE-06,2024-12-13T14:53:40.845112,2024-12-13T16:01:21.373721,Air traffic dispatch telemetry check for ALT-CSE-06-01003. Signal latency inside safety margins.,AERO-SOC-2,False,Resolved,"[""ALT-CSE-06-01003""]"
CAS-CSE-06-0222,CSE-06,2024-11-25T19:01:12.412253,2024-11-25T19:25:59.231333,Air traffic dispatch telemetry check for ALT-CSE-06-01006. Signal latency inside safety margins.,AERO-SOC-1,False,Resolved,"[""ALT-CSE-06-01006""]"
CAS-CSE-06-0223,CSE-06,2024-10-14T03:36:44.187925,2024-10-14T04:50:12.671893,Air traffic dispatch telemetry check for ALT-CSE-06-01017. Signal latency inside safety margins.,AERO-SOC-2,False,Resolved,"[""ALT-CSE-06-01017""]"
CAS-CSE-06-0224,CSE-06,2024-10-08T10:02:27.171947,2024-10-08T10:47:27.101238,Air traffic dispatch telemetry check for ALT-CSE-06-01023. Signal latency inside safety margins.,AERO-SOC-4,False,Resolved,"[""ALT-CSE-06-01023""]"
CAS-CSE-06-0225,CSE-06,2024-12-17T14:27:04.207974,2024-12-17T15:42:35.906580,Air traffic dispatch telemetry check for ALT-CSE-06-01026. Signal latency inside safety margins.,AERO-SOC-4,False,Resolved,"[""ALT-CSE-06-01026""]"
CAS-CSE-06-0226,CSE-06,2024-10-18T08:58:10.942282,2024-10-18T10:08:39.444397,Air traffic dispatch telemetry check for ALT-CSE-06-01033. Signal latency inside safety margins.,AERO-SOC-4,False,Resolved,"[""ALT-CSE-06-01033""]"
CAS-CSE-06-0227,CSE-06,2024-11-25T04:42:05.044026,2024-11-25T05:19:16.967843,Air traffic dispatch telemetry check for ALT-CSE-06-01034. Signal latency inside safety margins.,AERO-SOC-3,False,Resolved,"[""ALT-CSE-06-01034""]"
CAS-CSE-06-0228,CSE-06,2024-11-08T22:00:19.969691,2024-11-08T22:22:57.329184,Air traffic dispatch telemetry check for ALT-CSE-06-01043. Signal latency inside safety margins.,AERO-SOC-3,False,Resolved,"[""ALT-CSE-06-01043""]"
CAS-CSE-06-0229,CSE-06,2024-10-05T09:05:36.853099,2024-10-05T09:55:07.935417,Air traffic dispatch telemetry check for ALT-CSE-06-01047. Signal latency inside safety margins.,AERO-SOC-3,False,Resolved,"[""ALT-CSE-06-01047""]"
CAS-CSE-06-0230,CSE-06,2024-11-23T12:13:41.276968,2024-11-23T13:26:59.782041,Air traffic dispatch telemetry check for ALT-CSE-06-01050. Signal latency inside safety margins.,AERO-SOC-2,False,Resolved,"[""ALT-CSE-06-01050""]"
CAS-CSE-06-0231,CSE-06,2024-11-20T02:33:24.855925,2024-11-20T02:52:49.229859,Air traffic dispatch telemetry check for ALT-CSE-06-01051. Signal latency inside safety margins.,AERO-SOC-4,False,Resolved,"[""ALT-CSE-06-01051""]"
CAS-CSE-06-0232,CSE-06,2024-11-30T10:35:09.960893,2024-11-30T11:42:18.293062,Air traffic dispatch telemetry check for ALT-CSE-06-01052. Signal latency inside safety margins.,AERO-SOC-4,False,Resolved,"[""ALT-CSE-06-01052""]"
CAS-CSE-06-0233,CSE-06,2024-11-11T09:16:05.480368,2024-11-11T10:08:07.652615,Air traffic dispatch telemetry check for ALT-CSE-06-01058. Signal latency inside safety margins.,AERO-SOC-3,True,Resolved,"[""ALT-CSE-06-01058""]"
CAS-CSE-06-0234,CSE-06,2024-10-17T23:47:49.825353,2024-10-18T00:19:48.646764,Air traffic dispatch telemetry check for ALT-CSE-06-01059. Signal latency inside safety margins.,AERO-SOC-1,False,Resolved,"[""ALT-CSE-06-01059""]"
CAS-CSE-06-0235,CSE-06,2024-11-24T13:45:53.735614,2024-11-24T14:54:06.716068,Air traffic dispatch telemetry check for ALT-CSE-06-01060. Signal latency inside safety margins.,AERO-SOC-3,False,Resolved,"[""ALT-CSE-06-01060""]"
CAS-CSE-06-0236,CSE-06,2024-10-10T16:52:19.179795,2024-10-10T17:31:20.628987,Air traffic dispatch telemetry check for ALT-CSE-06-01069. Signal latency inside safety margins.,AERO-SOC-4,False,Resolved,"[""ALT-CSE-06-01069""]"
CAS-CSE-06-0237,CSE-06,2024-12-27T03:26:30.745901,2024-12-27T04:37:35.862232,Air traffic dispatch telemetry check for ALT-CSE-06-01070. Signal latency inside safety margins.,AERO-SOC-3,False,Resolved,"[""ALT-CSE-06-01070""]"
CAS-CSE-06-0238,CSE-06,2024-10-15T16:00:21.092560,2024-10-15T16:47:55.378170,Air traffic dispatch telemetry check for ALT-CSE-06-01075. Signal latency inside safety margins.,AERO-SOC-2,False,Resolved,"[""ALT-CSE-06-01075""]"
CAS-CSE-06-0239,CSE-06,2024-11-10T07:37:01.836667,2024-11-10T08:49:02.136626,Air traffic dispatch telemetry check for ALT-CSE-06-01079. Signal latency inside safety margins.,AERO-SOC-4,False,Resolved,"[""ALT-CSE-06-01079""]"
CAS-CSE-06-0240,CSE-06,2024-12-11T09:09:30.680620,2024-12-11T10:07:28.095277,Air traffic dispatch telemetry check for ALT-CSE-06-01082. Signal latency inside safety margins.,AERO-SOC-4,False,Resolved,"[""ALT-CSE-06-01082""]"
CAS-CSE-06-0241,CSE-06,2024-10-08T16:02:16.582872,2024-10-08T16:59:24.471067,Air traffic dispatch telemetry check for ALT-CSE-06-01086. Signal latency inside safety margins.,AERO-SOC-3,False,Resolved,"[""ALT-CSE-06-01086""]"
CAS-CSE-06-0242,CSE-06,2024-12-14T16:05:43.995000,2024-12-14T16:39:55.161583,Air traffic dispatch telemetry check for ALT-CSE-06-01094. Signal latency inside safety margins.,AERO-SOC-3,False,Resolved,"[""ALT-CSE-06-01094""]"
CAS-CSE-06-0243,CSE-06,2024-11-19T10:52:03.604048,2024-11-19T11:41:06.739690,Air traffic dispatch telemetry check for ALT-CSE-06-01095. Signal latency inside safety margins.,AERO-SOC-3,False,Resolved,"[""ALT-CSE-06-01095""]"
CAS-CSE-06-0244,CSE-06,2024-10-24T04:15:58.410954,2024-10-24T05:36:30.807867,Air traffic dispatch telemetry check for ALT-CSE-06-01097. Signal latency inside safety margins.,AERO-SOC-1,False,Resolved,"[""ALT-CSE-06-01097""]"
CAS-CSE-06-0245,CSE-06,2024-11-02T11:49:58.918469,2024-11-02T12:23:24.348922,Air traffic dispatch telemetry check for ALT-CSE-06-01100. Signal latency inside safety margins.,AERO-SOC-1,False,Resolved,"[""ALT-CSE-06-01100""]"
CAS-CSE-06-0246,CSE-06,2024-12-09T11:54:37.208403,2024-12-09T12:46:17.037565,Air traffic dispatch telemetry check for ALT-CSE-06-01102. Signal latency inside safety margins.,AERO-SOC-1,False,Resolved,"[""ALT-CSE-06-01102""]"
CAS-CSE-06-0247,CSE-06,2024-10-20T13:55:50.588593,2024-10-20T15:07:46.232073,Air traffic dispatch telemetry check for ALT-CSE-06-01112. Signal latency inside safety margins.,AERO-SOC-3,False,Resolved,"[""ALT-CSE-06-01112""]"
CAS-CSE-06-0248,CSE-06,2024-10-14T23:47:50.128546,2024-10-15T00:13:25.215119,Air traffic dispatch telemetry check for ALT-CSE-06-01119. Signal latency inside safety margins.,AERO-SOC-2,False,Resolved,"[""ALT-CSE-06-01119""]"
CAS-CSE-06-0249,CSE-06,2024-10-15T10:37:05.980965,2024-10-15T11:36:02.571078,Air traffic dispatch telemetry check for ALT-CSE-06-01121. Signal latency inside safety margins.,AERO-SOC-4,False,Resolved,"[""ALT-CSE-06-01121""]"
CAS-CSE-06-0250,CSE-06,2024-11-24T18:00:37.881277,2024-11-24T19:16:23.613406,Air traffic dispatch telemetry check for ALT-CSE-06-01131. Signal latency inside safety margins.,AERO-SOC-1,False,Resolved,"[""ALT-CSE-06-01131""]"
CAS-CSE-06-0251,CSE-06,2024-10-04T19:09:47.622773,2024-10-04T20:20:46.664631,Air traffic dispatch telemetry check for ALT-CSE-06-01132. Signal latency inside safety margins.,AERO-SOC-3,False,Resolved,"[""ALT-CSE-06-01132""]"
CAS-CSE-06-0252,CSE-06,2024-10-07T06:36:45.035279,2024-10-07T07:56:49.895613,Air traffic dispatch telemetry check for ALT-CSE-06-01134. Signal latency inside safety margins.,AERO-SOC-3,False,Resolved,"[""ALT-CSE-06-01134""]"
CAS-CSE-06-0253,CSE-06,2024-12-24T02:30:04.950378,2024-12-24T03:35:15.850125,Air traffic dispatch telemetry check for ALT-CSE-06-01136. Signal latency inside safety margins.,AERO-SOC-2,False,Resolved,"[""ALT-CSE-06-01136""]"
CAS-CSE-06-0254,CSE-06,2024-11-26T23:07:48.058733,2024-11-27T00:28:53.360976,Air traffic dispatch telemetry check for ALT-CSE-06-01144. Signal latency inside safety margins.,AERO-SOC-4,False,Resolved,"[""ALT-CSE-06-01144""]"
CAS-CSE-06-0255,CSE-06,2024-12-25T18:26:00.692351,2024-12-25T19:48:51.272940,Air traffic dispatch telemetry check for ALT-CSE-06-01145. Signal latency inside safety margins.,AERO-SOC-3,False,Resolved,"[""ALT-CSE-06-01145""]"
CAS-CSE-06-0256,CSE-06,2024-10-07T12:50:44.070927,2024-10-07T13:37:50.526707,Air traffic dispatch telemetry check for ALT-CSE-06-01149. Signal latency inside safety margins.,AERO-SOC-3,False,Resolved,"[""ALT-CSE-06-01149""]"
CAS-CSE-06-0257,CSE-06,2024-10-13T04:46:53.379932,2024-10-13T05:27:42.366351,Air traffic dispatch telemetry check for ALT-CSE-06-01151. Signal latency inside safety margins.,AERO-SOC-2,False,Resolved,"[""ALT-CSE-06-01151""]"
CAS-CSE-06-0258,CSE-06,2024-10-02T05:22:55.487445,2024-10-02T06:20:42.821213,Air traffic dispatch telemetry check for ALT-CSE-06-01153. Signal latency inside safety margins.,AERO-SOC-2,False,Resolved,"[""ALT-CSE-06-01153""]"
CAS-CSE-06-0259,CSE-06,2024-12-26T16:52:15.084953,2024-12-26T17:35:46.372387,Air traffic dispatch telemetry check for ALT-CSE-06-01161. Signal latency inside safety margins.,AERO-SOC-1,False,Resolved,"[""ALT-CSE-06-01161""]"
CAS-CSE-06-0260,CSE-06,2024-10-20T14:49:41.577332,2024-10-20T15:52:21.020603,Air traffic dispatch telemetry check for ALT-CSE-06-01162. Signal latency inside safety margins.,AERO-SOC-1,False,Resolved,"[""ALT-CSE-06-01162""]"
CAS-CSE-06-0261,CSE-06,2024-11-07T03:19:05.589232,2024-11-07T04:04:41.967087,Air traffic dispatch telemetry check for ALT-CSE-06-01163. Signal latency inside safety margins.,AERO-SOC-1,False,Resolved,"[""ALT-CSE-06-01163""]"
CAS-CSE-06-0262,CSE-06,2024-11-04T14:08:28.668814,2024-11-04T14:38:32.966731,Air traffic dispatch telemetry check for ALT-CSE-06-01165. Signal latency inside safety margins.,AERO-SOC-1,False,Resolved,"[""ALT-CSE-06-01165""]"
CAS-CSE-06-0263,CSE-06,2024-10-20T11:01:34.507201,2024-10-20T12:00:12.189473,Air traffic dispatch telemetry check for ALT-CSE-06-01176. Signal latency inside safety margins.,AERO-SOC-2,False,Resolved,"[""ALT-CSE-06-01176""]"
CAS-CSE-06-0264,CSE-06,2024-11-10T11:44:49.984769,2024-11-10T12:31:59.979321,Air traffic dispatch telemetry check for ALT-CSE-06-01183. Signal latency inside safety margins.,AERO-SOC-3,False,Resolved,"[""ALT-CSE-06-01183""]"
CAS-CSE-06-0265,CSE-06,2024-11-20T05:19:07.462455,2024-11-20T06:09:00.738405,Air traffic dispatch telemetry check for ALT-CSE-06-01185. Signal latency inside safety margins.,AERO-SOC-3,True,Resolved,"[""ALT-CSE-06-01185""]"
CAS-CSE-06-0266,CSE-06,2024-12-28T17:43:47.261588,2024-12-28T18:13:07.194219,Air traffic dispatch telemetry check for ALT-CSE-06-01187. Signal latency inside safety margins.,AERO-SOC-4,False,Resolved,"[""ALT-CSE-06-01187""]"
CAS-CSE-06-0267,CSE-06,2024-12-09T20:45:03.870101,2024-12-09T21:39:36.985469,Air traffic dispatch telemetry check for ALT-CSE-06-01195. Signal latency inside safety margins.,AERO-SOC-2,False,Resolved,"[""ALT-CSE-06-01195""]"
CAS-CSE-06-0268,CSE-06,2024-12-14T11:03:12.194223,2024-12-14T11:55:47.160282,Air traffic dispatch telemetry check for ALT-CSE-06-01200. Signal latency inside safety margins.,AERO-SOC-2,False,Resolved,"[""ALT-CSE-06-01200""]"
CAS-CSE-06-0269,CSE-06,2024-11-08T00:31:08.690677,2024-11-08T01:27:42.723388,Air traffic dispatch telemetry check for ALT-CSE-06-01210. Signal latency inside safety margins.,AERO-SOC-4,False,Resolved,"[""ALT-CSE-06-01210""]"
CAS-CSE-06-0270,CSE-06,2024-11-24T12:41:16.258269,2024-11-24T13:16:14.103507,Air traffic dispatch telemetry check for ALT-CSE-06-01215. Signal latency inside safety margins.,AERO-SOC-4,False,Resolved,"[""ALT-CSE-06-01215""]"
CAS-CSE-06-0271,CSE-06,2024-11-28T18:52:19.432153,2024-11-28T20:06:07.630192,Air traffic dispatch telemetry check for ALT-CSE-06-01221. Signal latency inside safety margins.,AERO-SOC-2,False,Resolved,"[""ALT-CSE-06-01221""]"
CAS-CSE-06-0272,CSE-06,2024-10-22T06:01:26.750390,2024-10-22T07:13:15.207175,Air traffic dispatch telemetry check for ALT-CSE-06-01227. Signal latency inside safety margins.,AERO-SOC-4,False,Resolved,"[""ALT-CSE-06-01227""]"
CAS-CSE-06-0273,CSE-06,2024-11-13T05:38:57.463071,2024-11-13T06:23:55.591651,Air traffic dispatch telemetry check for ALT-CSE-06-01233. Signal latency inside safety margins.,AERO-SOC-1,True,Resolved,"[""ALT-CSE-06-01233""]"
CAS-CSE-06-0274,CSE-06,2024-11-24T15:17:28.360507,2024-11-24T15:41:23.358016,Air traffic dispatch telemetry check for ALT-CSE-06-01236. Signal latency inside safety margins.,AERO-SOC-3,False,Resolved,"[""ALT-CSE-06-01236""]"
CAS-CSE-06-0275,CSE-06,2024-10-21T12:42:28.257418,2024-10-21T13:01:24.377228,Air traffic dispatch telemetry check for ALT-CSE-06-01238. Signal latency inside safety margins.,AERO-SOC-1,False,Resolved,"[""ALT-CSE-06-01238""]"
CAS-CSE-06-0276,CSE-06,2024-12-25T12:23:24.125661,2024-12-25T13:42:53.871306,Air traffic dispatch telemetry check for ALT-CSE-06-01256. Signal latency inside safety margins.,AERO-SOC-2,False,Resolved,"[""ALT-CSE-06-01256""]"
CAS-CSE-06-0277,CSE-06,2024-11-04T21:41:59.770609,2024-11-04T22:10:35.936069,Air traffic dispatch telemetry check for ALT-CSE-06-01262. Signal latency inside safety margins.,AERO-SOC-1,False,Resolved,"[""ALT-CSE-06-01262""]"
CAS-CSE-06-0278,CSE-06,2024-11-18T04:15:46.959556,2024-11-18T05:02:52.059981,Air traffic dispatch telemetry check for ALT-CSE-06-01269. Signal latency inside safety margins.,AERO-SOC-4,False,Resolved,"[""ALT-CSE-06-01269""]"
CAS-CSE-06-0279,CSE-06,2024-12-03T17:51:14.436919,2024-12-03T18:34:11.972944,Air traffic dispatch telemetry check for ALT-CSE-06-01270. Signal latency inside safety margins.,AERO-SOC-4,False,Resolved,"[""ALT-CSE-06-01270""]"
CAS-CSE-06-0280,CSE-06,2024-12-21T04:28:14.131534,2024-12-21T05:04:57.016517,Air traffic dispatch telemetry check for ALT-CSE-06-01283. Signal latency inside safety margins.,AERO-SOC-3,False,Resolved,"[""ALT-CSE-06-01283""]"
CAS-CSE-06-0281,CSE-06,2024-10-15T16:02:52.729081,2024-10-15T17:15:23.702069,Air traffic dispatch telemetry check for ALT-CSE-06-01288. Signal latency inside safety margins.,AERO-SOC-1,False,Resolved,"[""ALT-CSE-06-01288""]"
CAS-CSE-06-0282,CSE-06,2024-12-22T14:59:10.778198,2024-12-22T16:06:06.837802,Air traffic dispatch telemetry check for ALT-CSE-06-01290. Signal latency inside safety margins.,AERO-SOC-3,False,Resolved,"[""ALT-CSE-06-01290""]"
CAS-CSE-06-0283,CSE-06,2024-12-26T07:49:57.614616,2024-12-26T08:53:38.871134,Air traffic dispatch telemetry check for ALT-CSE-06-01296. Signal latency inside safety margins.,AERO-SOC-2,False,Resolved,"[""ALT-CSE-06-01296""]"
CAS-CSE-06-0284,CSE-06,2024-10-01T15:22:25.713971,2024-10-01T16:04:14.786598,Air traffic dispatch telemetry check for ALT-CSE-06-01297. Signal latency inside safety margins.,AERO-SOC-1,False,Resolved,"[""ALT-CSE-06-01297""]"
CAS-CSE-06-0285,CSE-06,2024-11-02T09:15:09.965333,2024-11-02T09:38:40.324114,Air traffic dispatch telemetry check for ALT-CSE-06-01303. Signal latency inside safety margins.,AERO-SOC-3,False,Resolved,"[""ALT-CSE-06-01303""]"
CAS-CSE-06-0286,CSE-06,2024-10-01T21:33:19.208760,2024-10-01T22:13:26.665404,Air traffic dispatch telemetry check for ALT-CSE-06-01305. Signal latency inside safety margins.,AERO-SOC-2,False,Resolved,"[""ALT-CSE-06-01305""]"
CAS-CSE-06-0287,CSE-06,2024-10-28T14:36:26.957516,2024-10-28T15:18:20.178258,Air traffic dispatch telemetry check for ALT-CSE-06-01306. Signal latency inside safety margins.,AERO-SOC-2,False,Resolved,"[""ALT-CSE-06-01306""]"
CAS-CSE-06-0288,CSE-06,2024-11-24T02:17:00.446314,2024-11-24T03:34:44.903590,Air traffic dispatch telemetry check for ALT-CSE-06-01308. Signal latency inside safety margins.,AERO-SOC-3,False,Resolved,"[""ALT-CSE-06-01308""]"
CAS-CSE-06-0289,CSE-06,2024-10-13T20:13:23.261329,2024-10-13T20:55:55.193220,Air traffic dispatch telemetry check for ALT-CSE-06-01309. Signal latency inside safety margins.,AERO-SOC-4,False,Resolved,"[""ALT-CSE-06-01309""]"
CAS-CSE-06-0290,CSE-06,2024-12-03T14:37:53.204837,2024-12-03T15:22:56.899736,Air traffic dispatch telemetry check for ALT-CSE-06-01312. Signal latency inside safety margins.,AERO-SOC-3,False,Resolved,"[""ALT-CSE-06-01312""]"
CAS-CSE-06-0291,CSE-06,2024-12-28T13:07:12.013659,2024-12-28T14:24:10.623087,Air traffic dispatch telemetry check for ALT-CSE-06-01313. Signal latency inside safety margins.,AERO-SOC-4,False,Resolved,"[""ALT-CSE-06-01313""]"
CAS-CSE-06-0292,CSE-06,2024-10-27T22:39:24.593916,2024-10-27T23:38:26.449391,Air traffic dispatch telemetry check for ALT-CSE-06-01314. Signal latency inside safety margins.,AERO-SOC-3,False,Resolved,"[""ALT-CSE-06-01314""]"
CAS-CSE-06-0293,CSE-06,2024-12-09T03:31:03.891139,2024-12-09T04:00:23.017706,Air traffic dispatch telemetry check for ALT-CSE-06-01323. Signal latency inside safety margins.,AERO-SOC-3,False,Resolved,"[""ALT-CSE-06-01323""]"
CAS-CSE-06-0294,CSE-06,2024-12-01T03:26:22.183480,2024-12-01T04:02:37.830921,Air traffic dispatch telemetry check for ALT-CSE-06-01324. Signal latency inside safety margins.,AERO-SOC-3,False,Resolved,"[""ALT-CSE-06-01324""]"
CAS-CSE-06-0295,CSE-06,2024-12-25T16:24:18.264260,2024-12-25T17:00:18.546082,Air traffic dispatch telemetry check for ALT-CSE-06-01328. Signal latency inside safety margins.,AERO-SOC-1,False,Resolved,"[""ALT-CSE-06-01328""]"
CAS-CSE-06-0296,CSE-06,2024-11-10T01:50:31.456021,2024-11-10T02:47:48.041227,Air traffic dispatch telemetry check for ALT-CSE-06-01335. Signal latency inside safety margins.,AERO-SOC-2,False,Resolved,"[""ALT-CSE-06-01335""]"
CAS-CSE-06-0297,CSE-06,2024-10-22T09:19:10.728031,2024-10-22T09:49:07.789718,Air traffic dispatch telemetry check for ALT-CSE-06-01337. Signal latency inside safety margins.,AERO-SOC-4,False,Resolved,"[""ALT-CSE-06-01337""]"
CAS-CSE-06-0298,CSE-06,2024-11-19T07:47:30.454780,2024-11-19T09:10:23.948605,Air traffic dispatch telemetry check for ALT-CSE-06-01344. Signal latency inside safety margins.,AERO-SOC-1,False,Resolved,"[""ALT-CSE-06-01344""]"
CAS-CSE-06-0299,CSE-06,2024-12-17T08:33:22.123437,2024-12-17T09:09:25.024118,Air traffic dispatch telemetry check for ALT-CSE-06-01345. Signal latency inside safety margins.,AERO-SOC-1,False,Resolved,"[""ALT-CSE-06-01345""]"
CAS-CSE-06-0300,CSE-06,2024-12-20T23:08:40.936804,2024-12-21T00:00:22.070795,Air traffic dispatch telemetry check for ALT-CSE-06-01346. Signal latency inside safety margins.,AERO-SOC-3,False,Resolved,"[""ALT-CSE-06-01346""]"
CAS-CSE-06-0301,CSE-06,2024-11-04T01:21:09.535468,2024-11-04T02:06:52.951264,Air traffic dispatch telemetry check for ALT-CSE-06-01356. Signal latency inside safety margins.,AERO-SOC-2,False,Resolved,"[""ALT-CSE-06-01356""]"
CAS-CSE-06-0302,CSE-06,2024-10-08T18:10:47.380263,2024-10-08T18:58:04.188305,Air traffic dispatch telemetry check for ALT-CSE-06-01363. Signal latency inside safety margins.,AERO-SOC-4,False,Resolved,"[""ALT-CSE-06-01363""]"
CAS-CSE-06-0303,CSE-06,2024-11-30T14:53:23.337582,2024-11-30T15:11:57.762808,Air traffic dispatch telemetry check for ALT-CSE-06-01364. Signal latency inside safety margins.,AERO-SOC-3,False,Resolved,"[""ALT-CSE-06-01364""]"
CAS-CSE-06-0304,CSE-06,2024-10-14T21:17:57.907394,2024-10-14T21:39:18.023047,Air traffic dispatch telemetry check for ALT-CSE-06-01365. Signal latency inside safety margins.,AERO-SOC-4,False,Resolved,"[""ALT-CSE-06-01365""]"
CAS-CSE-06-0305,CSE-06,2024-11-15T18:07:25.855104,2024-11-15T18:44:12.532068,Air traffic dispatch telemetry check for ALT-CSE-06-01366. Signal latency inside safety margins.,AERO-SOC-2,False,Resolved,"[""ALT-CSE-06-01366""]"
CAS-CSE-06-0306,CSE-06,2024-12-21T11:12:43.433754,2024-12-21T11:58:16.364636,Air traffic dispatch telemetry check for ALT-CSE-06-01367. Signal latency inside safety margins.,AERO-SOC-1,False,Resolved,"[""ALT-CSE-06-01367""]"
CAS-CSE-06-0307,CSE-06,2024-12-07T20:44:27.886073,2024-12-07T21:18:56.400109,Air traffic dispatch telemetry check for ALT-CSE-06-01370. Signal latency inside safety margins.,AERO-SOC-1,False,Resolved,"[""ALT-CSE-06-01370""]"
CAS-CSE-06-0308,CSE-06,2024-11-19T00:53:45.994826,2024-11-19T01:34:33.506189,Air traffic dispatch telemetry check for ALT-CSE-06-01371. Signal latency inside safety margins.,AERO-SOC-2,False,Resolved,"[""ALT-CSE-06-01371""]"
CAS-CSE-06-0309,CSE-06,2024-12-29T06:11:36.068417,2024-12-29T07:30:27.707540,Air traffic dispatch telemetry check for ALT-CSE-06-01379. Signal latency inside safety margins.,AERO-SOC-4,False,Resolved,"[""ALT-CSE-06-01379""]"
CAS-CSE-06-0310,CSE-06,2024-11-14T07:50:15.696350,2024-11-14T08:22:05.053513,Air traffic dispatch telemetry check for ALT-CSE-06-01388. Signal latency inside safety margins.,AERO-SOC-4,False,Resolved,"[""ALT-CSE-06-01388""]"
CAS-CSE-06-0311,CSE-06,2024-12-08T19:16:24.559571,2024-12-08T19:54:51.453823,Air traffic dispatch telemetry check for ALT-CSE-06-01394. Signal latency inside safety margins.,AERO-SOC-2,False,Resolved,"[""ALT-CSE-06-01394""]"
CAS-CSE-06-0312,CSE-06,2024-11-04T20:10:56.153489,2024-11-04T21:14:31.080973,Air traffic dispatch telemetry check for ALT-CSE-06-01398. Signal latency inside safety margins.,AERO-SOC-2,False,Resolved,"[""ALT-CSE-06-01398""]"
CAS-CSE-06-0313,CSE-06,2024-12-05T08:42:51.484909,2024-12-05T09:02:37.539351,Air traffic dispatch telemetry check for ALT-CSE-06-01399. Signal latency inside safety margins.,AERO-SOC-1,False,Resolved,"[""ALT-CSE-06-01399""]"
CAS-CSE-06-0314,CSE-06,2024-11-14T07:19:42.706737,2024-11-14T08:10:59.437470,Air traffic dispatch telemetry check for ALT-CSE-06-01407. Signal latency inside safety margins.,AERO-SOC-2,False,Resolved,"[""ALT-CSE-06-01407""]"
CAS-CSE-06-0315,CSE-06,2024-10-28T22:42:31.864314,2024-10-28T23:35:37.541198,Air traffic dispatch telemetry check for ALT-CSE-06-01411. Signal latency inside safety margins.,AERO-SOC-3,False,Resolved,"[""ALT-CSE-06-01411""]"
CAS-CSE-06-0316,CSE-06,2024-12-10T20:38:28.441129,2024-12-10T21:23:07.331634,Air traffic dispatch telemetry check for ALT-CSE-06-01415. Signal latency inside safety margins.,AERO-SOC-2,False,Resolved,"[""ALT-CSE-06-01415""]"
CAS-CSE-06-0317,CSE-06,2024-10-19T07:33:26.297392,2024-10-19T08:53:00.068744,Air traffic dispatch telemetry check for ALT-CSE-06-01420. Signal latency inside safety margins.,AERO-SOC-4,False,Resolved,"[""ALT-CSE-06-01420""]"
CAS-CSE-06-0318,CSE-06,2024-11-28T05:35:21.789004,2024-11-28T07:00:33.673454,Air traffic dispatch telemetry check for ALT-CSE-06-01424. Signal latency inside safety margins.,AERO-SOC-2,False,Resolved,"[""ALT-CSE-06-01424""]"
CAS-CSE-06-0319,CSE-06,2024-11-27T10:14:05.123453,2024-11-27T11:06:01.489524,Air traffic dispatch telemetry check for ALT-CSE-06-01427. Signal latency inside safety margins.,AERO-SOC-4,False,Resolved,"[""ALT-CSE-06-01427""]"
CAS-CSE-06-0320,CSE-06,2024-12-14T20:57:37.008470,2024-12-14T21:27:46.460121,Air traffic dispatch telemetry check for ALT-CSE-06-01430. Signal latency inside safety margins.,AERO-SOC-1,False,Resolved,"[""ALT-CSE-06-01430""]"
CAS-CSE-06-0321,CSE-06,2024-10-12T08:53:14.488236,2024-10-12T10:11:43.173284,Air traffic dispatch telemetry check for ALT-CSE-06-01437. Signal latency inside safety margins.,AERO-SOC-4,False,Resolved,"[""ALT-CSE-06-01437""]"
CAS-CSE-06-0322,CSE-06,2024-10-19T19:47:12.396952,2024-10-19T20:20:08.724638,Air traffic dispatch telemetry check for ALT-CSE-06-01439. Signal latency inside safety margins.,AERO-SOC-4,False,Resolved,"[""ALT-CSE-06-01439""]"
CAS-CSE-06-0323,CSE-06,2024-10-30T23:52:45.927967,2024-10-31T00:44:51.309013,Air traffic dispatch telemetry check for ALT-CSE-06-01448. Signal latency inside safety margins.,AERO-SOC-3,False,Resolved,"[""ALT-CSE-06-01448""]"
CAS-CSE-06-0324,CSE-06,2024-12-13T19:19:37.970269,2024-12-13T19:45:05.989801,Air traffic dispatch telemetry check for ALT-CSE-06-01450. Signal latency inside safety margins.,AERO-SOC-2,False,Resolved,"[""ALT-CSE-06-01450""]"
CAS-CSE-06-0325,CSE-06,2024-12-25T07:25:52.888605,2024-12-25T07:49:58.681814,Air traffic dispatch telemetry check for ALT-CSE-06-01455. Signal latency inside safety margins.,AERO-SOC-2,False,Resolved,"[""ALT-CSE-06-01455""]"
CAS-CSE-06-0326,CSE-06,2024-11-29T01:23:59.422512,2024-11-29T01:56:05.475306,Air traffic dispatch telemetry check for ALT-CSE-06-01469. Signal latency inside safety margins.,AERO-SOC-3,False,Resolved,"[""ALT-CSE-06-01469""]"
CAS-CSE-06-0327,CSE-06,2024-10-16T08:17:35.086374,2024-10-16T08:54:58.877863,Air traffic dispatch telemetry check for ALT-CSE-06-01475. Signal latency inside safety margins.,AERO-SOC-3,False,Resolved,"[""ALT-CSE-06-01475""]"
CAS-CSE-06-0328,CSE-06,2024-10-22T07:54:10.462068,2024-10-22T09:07:14.897175,Air traffic dispatch telemetry check for ALT-CSE-06-01477. Signal latency inside safety margins.,AERO-SOC-1,False,Resolved,"[""ALT-CSE-06-01477""]"
CAS-CSE-06-0329,CSE-06,2024-12-11T17:56:32.600210,2024-12-11T19:14:27.665322,Air traffic dispatch telemetry check for ALT-CSE-06-01484. Signal latency inside safety margins.,AERO-SOC-1,False,Resolved,"[""ALT-CSE-06-01484""]"
CAS-CSE-06-0330,CSE-06,2024-12-11T22:28:00.501892,2024-12-11T23:32:12.268191,Air traffic dispatch telemetry check for ALT-CSE-06-01489. Signal latency inside safety margins.,AERO-SOC-1,False,Resolved,"[""ALT-CSE-06-01489""]"
CAS-CSE-06-0331,CSE-06,2024-11-23T09:37:59.833410,2024-11-23T10:24:52.104918,Air traffic dispatch telemetry check for ALT-CSE-06-01492. Signal latency inside safety margins.,AERO-SOC-2,False,Resolved,"[""ALT-CSE-06-01492""]"
CAS-CSE-06-0332,CSE-06,2024-11-05T21:27:39.853003,2024-11-05T21:51:51.921709,Air traffic dispatch telemetry check for ALT-CSE-06-01494. Signal latency inside safety margins.,AERO-SOC-4,False,Resolved,"[""ALT-CSE-06-01494""]"
CAS-CSE-06-0333,CSE-06,2024-12-01T18:14:58.395252,2024-12-01T19:37:33.468531,Air traffic dispatch telemetry check for ALT-CSE-06-01495. Signal latency inside safety margins.,AERO-SOC-1,False,Resolved,"[""ALT-CSE-06-01495""]"
CAS-CSE-06-0334,CSE-06,2024-12-18T00:49:03.683535,2024-12-18T02:07:08.141525,Air traffic dispatch telemetry check for ALT-CSE-06-01496. Signal latency inside safety margins.,AERO-SOC-4,False,Resolved,"[""ALT-CSE-06-01496""]"
CAS-CSE-06-0335,CSE-06,2024-10-20T22:36:26.428181,2024-10-20T23:59:18.456009,Air traffic dispatch telemetry check for ALT-CSE-06-01498. Signal latency inside safety margins.,AERO-SOC-1,False,Resolved,"[""ALT-CSE-06-01498""]"
CAS-CSE-06-0336,CSE-06,2024-10-19T18:25:21.494214,2024-10-19T19:43:34.493729,Air traffic dispatch telemetry check for ALT-CSE-06-01500. Signal latency inside safety margins.,AERO-SOC-2,False,Resolved,"[""ALT-CSE-06-01500""]"
CAS-CSE-06-0337,CSE-06,2024-11-26T22:12:28.209345,2024-11-26T22:44:22.062350,Air traffic dispatch telemetry check for ALT-CSE-06-01501. Signal latency inside safety margins.,AERO-SOC-2,False,Resolved,"[""ALT-CSE-06-01501""]"
CAS-CSE-06-0338,CSE-06,2024-10-23T16:19:30.214418,2024-10-23T16:58:28.341457,Air traffic dispatch telemetry check for ALT-CSE-06-01505. Signal latency inside safety margins.,AERO-SOC-4,False,Resolved,"[""ALT-CSE-06-01505""]"
CAS-CSE-06-0339,CSE-06,2024-10-13T03:36:51.600369,2024-10-13T04:15:16.877146,Air traffic dispatch telemetry check for ALT-CSE-06-01506. Signal latency inside safety margins.,AERO-SOC-4,False,Resolved,"[""ALT-CSE-06-01506""]"
CAS-CSE-06-0340,CSE-06,2024-11-16T11:23:27.263881,2024-11-16T12:37:48.583091,Air traffic dispatch telemetry check for ALT-CSE-06-01508. Signal latency inside safety margins.,AERO-SOC-3,False,Resolved,"[""ALT-CSE-06-01508""]"
CAS-CSE-06-0341,CSE-06,2024-12-07T00:48:43.492454,2024-12-07T01:21:08.910211,Air traffic dispatch telemetry check for ALT-CSE-06-01509. Signal latency inside safety margins.,AERO-SOC-4,False,Resolved,"[""ALT-CSE-06-01509""]"
CAS-CSE-06-0342,CSE-06,2024-10-22T18:11:22.148864,2024-10-22T18:43:04.830576,Air traffic dispatch telemetry check for ALT-CSE-06-01511. Signal latency inside safety margins.,AERO-SOC-3,False,Resolved,"[""ALT-CSE-06-01511""]"
CAS-CSE-06-0343,CSE-06,2024-10-29T22:00:18.811984,2024-10-29T23:16:29.042042,Air traffic dispatch telemetry check for ALT-CSE-06-01517. Signal latency inside safety margins.,AERO-SOC-4,False,Resolved,"[""ALT-CSE-06-01517""]"
CAS-CSE-06-0344,CSE-06,2024-12-23T11:27:06.242962,2024-12-23T12:36:43.887941,Air traffic dispatch telemetry check for ALT-CSE-06-01520. Signal latency inside safety margins.,AERO-SOC-4,False,Resolved,"[""ALT-CSE-06-01520""]"
CAS-CSE-06-0345,CSE-06,2024-10-24T08:38:10.048935,2024-10-24T09:47:57.306756,Air traffic dispatch telemetry check for ALT-CSE-06-01521. Signal latency inside safety margins.,AERO-SOC-3,False,Resolved,"[""ALT-CSE-06-01521""]"
CAS-CSE-06-0346,CSE-06,2024-11-19T01:11:59.704703,2024-11-19T02:23:21.644977,Air traffic dispatch telemetry check for ALT-CSE-06-01526. Signal latency inside safety margins.,AERO-SOC-2,False,Resolved,"[""ALT-CSE-06-01526""]"
CAS-CSE-06-0347,CSE-06,2024-10-14T00:50:21.192726,2024-10-14T02:10:10.411719,Air traffic dispatch telemetry check for ALT-CSE-06-01528. Signal latency inside safety margins.,AERO-SOC-4,False,Resolved,"[""ALT-CSE-06-01528""]"
CAS-CSE-06-0348,CSE-06,2024-11-25T01:30:17.541233,2024-11-25T02:33:34.835992,Air traffic dispatch telemetry check for ALT-CSE-06-01540. Signal latency inside safety margins.,AERO-SOC-3,False,Resolved,"[""ALT-CSE-06-01540""]"
CAS-CSE-06-0349,CSE-06,2024-12-03T02:16:23.755649,2024-12-03T03:32:52.095157,Air traffic dispatch telemetry check for ALT-CSE-06-01541. Signal latency inside safety margins.,AERO-SOC-1,False,Resolved,"[""ALT-CSE-06-01541""]"
CAS-CSE-06-0350,CSE-06,2024-10-04T02:56:11.825480,2024-10-04T03:41:34.632811,Air traffic dispatch telemetry check for ALT-CSE-06-01547. Signal latency inside safety margins.,AERO-SOC-1,False,Resolved,"[""ALT-CSE-06-01547""]"
CAS-CSE-06-0351,CSE-06,2024-12-09T20:31:14.461061,2024-12-09T21:40:48.197425,Air traffic dispatch telemetry check for ALT-CSE-06-01549. Signal latency inside safety margins.,AERO-SOC-2,False,Resolved,"[""ALT-CSE-06-01549""]"
CAS-CSE-06-0352,CSE-06,2024-11-04T13:42:55.872322,2024-11-04T14:34:59.942103,Air traffic dispatch telemetry check for ALT-CSE-06-01557. Signal latency inside safety margins.,AERO-SOC-1,False,Resolved,"[""ALT-CSE-06-01557""]"
CAS-CSE-06-0353,CSE-06,2024-12-28T03:02:57.705916,2024-12-28T04:01:02.340733,Air traffic dispatch telemetry check for ALT-CSE-06-01560. Signal latency inside safety margins.,AERO-SOC-4,False,Resolved,"[""ALT-CSE-06-01560""]"
CAS-CSE-06-0354,CSE-06,2024-11-30T18:11:05.507880,2024-11-30T19:12:46.872947,Air traffic dispatch telemetry check for ALT-CSE-06-01563. Signal latency inside safety margins.,AERO-SOC-1,False,Resolved,"[""ALT-CSE-06-01563""]"
CAS-CSE-06-0355,CSE-06,2024-11-21T16:35:20.662949,2024-11-21T17:27:46.003878,Air traffic dispatch telemetry check for ALT-CSE-06-01566. Signal latency inside safety margins.,AERO-SOC-3,False,Resolved,"[""ALT-CSE-06-01566""]"
CAS-CSE-06-0356,CSE-06,2024-12-07T05:53:58.706087,2024-12-07T06:56:22.329400,Air traffic dispatch telemetry check for ALT-CSE-06-01567. Signal latency inside safety margins.,AERO-SOC-2,False,Resolved,"[""ALT-CSE-06-01567""]"
CAS-CSE-06-0357,CSE-06,2024-11-09T18:10:38.469721,2024-11-09T18:57:18.291109,Air traffic dispatch telemetry check for ALT-CSE-06-01573. Signal latency inside safety margins.,AERO-SOC-2,False,Resolved,"[""ALT-CSE-06-01573""]"
CAS-CSE-06-0358,CSE-06,2024-10-18T04:20:09.639851,2024-10-18T05:25:50.669142,Air traffic dispatch telemetry check for ALT-CSE-06-01584. Signal latency inside safety margins.,AERO-SOC-1,False,Resolved,"[""ALT-CSE-06-01584""]"
CAS-CSE-06-0359,CSE-06,2024-10-01T20:28:48.565004,2024-10-01T20:57:47.635686,Air traffic dispatch telemetry check for ALT-CSE-06-01591. Signal latency inside safety margins.,AERO-SOC-1,False,Resolved,"[""ALT-CSE-06-01591""]"
CAS-CSE-06-0360,CSE-06,2024-10-17T11:32:39.103314,2024-10-17T12:02:23.719858,Air traffic dispatch telemetry check for ALT-CSE-06-01594. Signal latency inside safety margins.,AERO-SOC-2,False,Resolved,"[""ALT-CSE-06-01594""]"
CAS-CSE-06-0361,CSE-06,2024-11-14T07:13:32.724547,2024-11-14T07:52:25.591852,Air traffic dispatch telemetry check for ALT-CSE-06-01612. Signal latency inside safety margins.,AERO-SOC-2,False,Resolved,"[""ALT-CSE-06-01612""]"
CAS-CSE-06-0362,CSE-06,2024-10-21T04:50:40.180397,2024-10-21T05:58:10.650951,Air traffic dispatch telemetry check for ALT-CSE-06-01614. Signal latency inside safety margins.,AERO-SOC-3,False,Resolved,"[""ALT-CSE-06-01614""]"
CAS-CSE-06-0363,CSE-06,2024-11-23T20:09:19.984999,2024-11-23T21:25:51.430661,Air traffic dispatch telemetry check for ALT-CSE-06-01621. Signal latency inside safety margins.,AERO-SOC-4,False,Resolved,"[""ALT-CSE-06-01621""]"
CAS-CSE-06-0364,CSE-06,2024-12-02T06:40:52.312056,2024-12-02T07:48:00.198491,Air traffic dispatch telemetry check for ALT-CSE-06-01623. Signal latency inside safety margins.,AERO-SOC-3,False,Resolved,"[""ALT-CSE-06-01623""]"
CAS-CSE-06-0365,CSE-06,2024-11-18T23:31:56.640049,2024-11-19T00:47:51.487284,Air traffic dispatch telemetry check for ALT-CSE-06-01624. Signal latency inside safety margins.,AERO-SOC-1,False,Resolved,"[""ALT-CSE-06-01624""]"
CAS-CSE-06-0366,CSE-06,2024-12-11T02:54:56.768430,2024-12-11T03:35:51.109265,Air traffic dispatch telemetry check for ALT-CSE-06-01626. Signal latency inside safety margins.,AERO-SOC-2,False,Resolved,"[""ALT-CSE-06-01626""]"
CAS-CSE-06-0367,CSE-06,2024-12-26T23:46:47.847355,2024-12-27T00:25:25.359913,Air traffic dispatch telemetry check for ALT-CSE-06-01635. Signal latency inside safety margins.,AERO-SOC-3,False,Resolved,"[""ALT-CSE-06-01635""]"
CAS-CSE-06-0368,CSE-06,2024-11-13T07:03:08.252771,2024-11-13T07:35:10.427367,Air traffic dispatch telemetry check for ALT-CSE-06-01639. Signal latency inside safety margins.,AERO-SOC-3,False,Resolved,"[""ALT-CSE-06-01639""]"
CAS-CSE-06-0369,CSE-06,2024-11-09T14:07:03.040935,2024-11-09T15:20:41.744440,Air traffic dispatch telemetry check for ALT-CSE-06-01642. Signal latency inside safety margins.,AERO-SOC-4,False,Resolved,"[""ALT-CSE-06-01642""]"
CAS-CSE-06-0370,CSE-06,2024-12-07T15:10:57.941107,2024-12-07T15:41:41.745543,Air traffic dispatch telemetry check for ALT-CSE-06-01646. Signal latency inside safety margins.,AERO-SOC-2,False,Resolved,"[""ALT-CSE-06-01646""]"
CAS-CSE-06-0371,CSE-06,2024-11-19T02:35:42.967561,2024-11-19T03:14:59.598845,Air traffic dispatch telemetry check for ALT-CSE-06-01647. Signal latency inside safety margins.,AERO-SOC-1,False,Resolved,"[""ALT-CSE-06-01647""]"
CAS-CSE-06-0372,CSE-06,2024-12-16T07:33:32.076980,2024-12-16T08:14:42.292974,Air traffic dispatch telemetry check for ALT-CSE-06-01658. Signal latency inside safety margins.,AERO-SOC-4,False,Resolved,"[""ALT-CSE-06-01658""]"
CAS-CSE-06-0373,CSE-06,2024-10-14T17:09:16.152839,2024-10-14T17:48:39.381479,Air traffic dispatch telemetry check for ALT-CSE-06-01660. Signal latency inside safety margins.,AERO-SOC-1,False,Resolved,"[""ALT-CSE-06-01660""]"
CAS-CSE-06-0374,CSE-06,2024-12-04T07:40:31.987610,2024-12-04T07:59:46.689403,Air traffic dispatch telemetry check for ALT-CSE-06-01665. Signal latency inside safety margins.,AERO-SOC-2,False,Resolved,"[""ALT-CSE-06-01665""]"
CAS-CSE-06-0375,CSE-06,2024-10-19T06:42:54.734731,2024-10-19T07:28:02.342868,Air traffic dispatch telemetry check for ALT-CSE-06-01667. Signal latency inside safety margins.,AERO-SOC-3,False,Resolved,"[""ALT-CSE-06-01667""]"
CAS-CSE-06-0376,CSE-06,2024-12-07T01:00:07.489137,2024-12-07T01:52:26.318851,Air traffic dispatch telemetry check for ALT-CSE-06-01668. Signal latency inside safety margins.,AERO-SOC-4,False,Resolved,"[""ALT-CSE-06-01668""]"
CAS-CSE-06-0377,CSE-06,2024-12-23T21:20:00.655660,2024-12-23T22:16:32.110253,Air traffic dispatch telemetry check for ALT-CSE-06-01669. Signal latency inside safety margins.,AERO-SOC-3,False,Resolved,"[""ALT-CSE-06-01669""]"
CAS-CSE-06-0378,CSE-06,2024-12-19T04:14:44.900339,2024-12-19T05:22:12.212135,Air traffic dispatch telemetry check for ALT-CSE-06-01670. Signal latency inside safety margins.,AERO-SOC-3,False,Resolved,"[""ALT-CSE-06-01670""]"
CAS-CSE-06-0379,CSE-06,2024-10-25T15:52:11.769892,2024-10-25T16:43:06.464964,Air traffic dispatch telemetry check for ALT-CSE-06-01672. Signal latency inside safety margins.,AERO-SOC-3,False,Resolved,"[""ALT-CSE-06-01672""]"
CAS-CSE-06-0380,CSE-06,2024-11-08T02:04:44.304701,2024-11-08T02:39:01.301449,Air traffic dispatch telemetry check for ALT-CSE-06-01674. Signal latency inside safety margins.,AERO-SOC-4,False,Resolved,"[""ALT-CSE-06-01674""]"
CAS-CSE-06-0381,CSE-06,2024-10-19T04:03:49.704872,2024-10-19T05:13:14.228959,Air traffic dispatch telemetry check for ALT-CSE-06-01682. Signal latency inside safety margins.,AERO-SOC-1,False,Resolved,"[""ALT-CSE-06-01682""]"
CAS-CSE-06-0382,CSE-06,2024-10-15T16:30:56.548135,2024-10-15T17:28:03.572678,Air traffic dispatch telemetry check for ALT-CSE-06-01687. Signal latency inside safety margins.,AERO-SOC-2,False,Resolved,"[""ALT-CSE-06-01687""]"
CAS-CSE-06-0383,CSE-06,2024-10-24T14:42:03.498020,2024-10-24T15:01:38.740642,Air traffic dispatch telemetry check for ALT-CSE-06-01692. Signal latency inside safety margins.,AERO-SOC-1,False,Resolved,"[""ALT-CSE-06-01692""]"
CAS-CSE-06-0384,CSE-06,2024-10-29T22:47:59.846318,2024-10-29T23:43:21.807351,Air traffic dispatch telemetry check for ALT-CSE-06-01698. Signal latency inside safety margins.,AERO-SOC-1,False,Resolved,"[""ALT-CSE-06-01698""]"
CAS-CSE-06-0385,CSE-06,2024-11-06T16:04:30.169018,2024-11-06T17:21:12.633335,Air traffic dispatch telemetry check for ALT-CSE-06-01706. Signal latency inside safety margins.,AERO-SOC-2,False,Resolved,"[""ALT-CSE-06-01706""]"
CAS-CSE-06-0386,CSE-06,2024-11-13T14:31:38.524898,2024-11-13T15:23:28.554186,Air traffic dispatch telemetry check for ALT-CSE-06-01712. Signal latency inside safety margins.,AERO-SOC-3,False,Resolved,"[""ALT-CSE-06-01712""]"
CAS-CSE-06-0387,CSE-06,2024-11-04T12:54:07.108587,2024-11-04T13:46:15.808551,Air traffic dispatch telemetry check for ALT-CSE-06-01713. Signal latency inside safety margins.,AERO-SOC-1,False,Resolved,"[""ALT-CSE-06-01713""]"
CAS-CSE-06-0388,CSE-06,2024-11-18T22:06:05.766447,2024-11-18T23:18:31.255469,Air traffic dispatch telemetry check for ALT-CSE-06-01714. Signal latency inside safety margins.,AERO-SOC-4,False,Resolved,"[""ALT-CSE-06-01714""]"
CAS-CSE-06-0389,CSE-06,2024-10-30T02:13:31.489090,2024-10-30T02:47:24.106065,Air traffic dispatch telemetry check for ALT-CSE-06-01715. Signal latency inside safety margins.,AERO-SOC-3,False,Resolved,"[""ALT-CSE-06-01715""]"
CAS-CSE-06-0390,CSE-06,2024-10-06T10:41:34.256873,2024-10-06T11:48:14.010677,Air traffic dispatch telemetry check for ALT-CSE-06-01725. Signal latency inside safety margins.,AERO-SOC-1,False,Resolved,"[""ALT-CSE-06-01725""]"
CAS-CSE-06-0391,CSE-06,2024-11-04T01:46:20.742530,2024-11-04T03:09:44.296543,Air traffic dispatch telemetry check for ALT-CSE-06-01732. Signal latency inside safety margins.,AERO-SOC-2,False,Resolved,"[""ALT-CSE-06-01732""]"
CAS-CSE-06-0392,CSE-06,2024-12-04T04:09:50.584195,2024-12-04T04:51:12.460227,Air traffic dispatch telemetry check for ALT-CSE-06-01733. Signal latency inside safety margins.,AERO-SOC-1,False,Resolved,"[""ALT-CSE-06-01733""]"
CAS-CSE-06-0393,CSE-06,2024-11-01T23:07:25.603015,2024-11-01T23:38:57.549486,Air traffic dispatch telemetry check for ALT-CSE-06-01741. Signal latency inside safety margins.,AERO-SOC-1,True,Resolved,"[""ALT-CSE-06-01741""]"
CAS-CSE-06-0394,CSE-06,2024-11-08T01:02:25.204651,2024-11-08T01:29:50.423817,Air traffic dispatch telemetry check for ALT-CSE-06-01743. Signal latency inside safety margins.,AERO-SOC-3,False,Resolved,"[""ALT-CSE-06-01743""]"
CAS-CSE-06-0395,CSE-06,2024-12-19T07:56:08.587837,2024-12-19T09:01:52.694971,Air traffic dispatch telemetry check for ALT-CSE-06-01748. Signal latency inside safety margins.,AERO-SOC-3,False,Resolved,"[""ALT-CSE-06-01748""]"
CAS-CSE-06-0396,CSE-06,2024-12-18T23:24:31.288906,2024-12-19T00:43:50.197215,Air traffic dispatch telemetry check for ALT-CSE-06-01749. Signal latency inside safety margins.,AERO-SOC-1,False,Resolved,"[""ALT-CSE-06-01749""]"
CAS-CSE-06-0397,CSE-06,2024-12-29T18:50:52.378632,2024-12-29T20:12:55.515357,Air traffic dispatch telemetry check for ALT-CSE-06-01751. Signal latency inside safety margins.,AERO-SOC-4,False,Resolved,"[""ALT-CSE-06-01751""]"
CAS-CSE-06-0398,CSE-06,2024-10-21T18:21:50.698028,2024-10-21T19:22:52.052048,Air traffic dispatch telemetry check for ALT-CSE-06-01755. Signal latency inside safety margins.,AERO-SOC-4,False,Resolved,"[""ALT-CSE-06-01755""]"
CAS-CSE-06-0399,CSE-06,2024-12-15T11:52:15.194011,2024-12-15T13:05:34.138614,Air traffic dispatch telemetry check for ALT-CSE-06-01757. Signal latency inside safety margins.,AERO-SOC-1,False,Resolved,"[""ALT-CSE-06-01757""]"
CAS-CSE-06-0400,CSE-06,2024-10-08T13:14:02.122222,2024-10-08T13:53:55.608018,Air traffic dispatch telemetry check for ALT-CSE-06-01764. Signal latency inside safety margins.,AERO-SOC-4,False,Resolved,"[""ALT-CSE-06-01764""]"
CAS-CSE-06-0401,CSE-06,2024-12-11T07:23:28.134831,2024-12-11T08:24:20.945007,Air traffic dispatch telemetry check for ALT-CSE-06-01765. Signal latency inside safety margins.,AERO-SOC-1,False,Resolved,"[""ALT-CSE-06-01765""]"
CAS-CSE-06-0402,CSE-06,2024-12-03T03:58:18.363220,2024-12-03T04:25:21.868841,Air traffic dispatch telemetry check for ALT-CSE-06-01772. Signal latency inside safety margins.,AERO-SOC-1,False,Resolved,"[""ALT-CSE-06-01772""]"
CAS-CSE-06-0403,CSE-06,2024-10-16T00:02:20.458076,2024-10-16T00:34:40.314842,Air traffic dispatch telemetry check for ALT-CSE-06-01773. Signal latency inside safety margins.,AERO-SOC-3,False,Resolved,"[""ALT-CSE-06-01773""]"
CAS-CSE-06-0404,CSE-06,2024-10-13T17:05:18.874503,2024-10-13T18:06:04.856753,Air traffic dispatch telemetry check for ALT-CSE-06-01775. Signal latency inside safety margins.,AERO-SOC-4,False,Resolved,"[""ALT-CSE-06-01775""]"
CAS-CSE-06-0405,CSE-06,2024-12-14T12:16:25.323641,2024-12-14T13:01:31.353621,Air traffic dispatch telemetry check for ALT-CSE-06-01776. Signal latency inside safety margins.,AERO-SOC-2,False,Resolved,"[""ALT-CSE-06-01776""]"
CAS-CSE-06-0406,CSE-06,2024-10-26T03:06:04.636553,2024-10-26T03:49:31.930554,Air traffic dispatch telemetry check for ALT-CSE-06-01779. Signal latency inside safety margins.,AERO-SOC-4,False,Resolved,"[""ALT-CSE-06-01779""]"
CAS-CSE-06-0407,CSE-06,2024-12-23T12:16:49.532143,2024-12-23T13:37:42.556030,Air traffic dispatch telemetry check for ALT-CSE-06-01780. Signal latency inside safety margins.,AERO-SOC-4,False,Resolved,"[""ALT-CSE-06-01780""]"
CAS-CSE-06-0408,CSE-06,2024-10-27T11:56:45.680053,2024-10-27T12:48:06.250959,Air traffic dispatch telemetry check for ALT-CSE-06-01785. Signal latency inside safety margins.,AERO-SOC-4,False,Resolved,"[""ALT-CSE-06-01785""]"
CAS-CSE-06-0409,CSE-06,2024-12-25T23:00:35.753304,2024-12-25T23:46:05.839940,Air traffic dispatch telemetry check for ALT-CSE-06-01788. Signal latency inside safety margins.,AERO-SOC-1,False,Resolved,"[""ALT-CSE-06-01788""]"
CAS-CSE-06-0410,CSE-06,2024-11-22T07:00:36.934697,2024-11-22T07:49:13.073305,Air traffic dispatch telemetry check for ALT-CSE-06-01792. Signal latency inside safety margins.,AERO-SOC-1,False,Resolved,"[""ALT-CSE-06-01792""]"
CAS-CSE-06-0411,CSE-06,2024-11-08T03:13:45.241671,2024-11-08T03:54:55.587864,Air traffic dispatch telemetry check for ALT-CSE-06-01794. Signal latency inside safety margins.,AERO-SOC-2,False,Resolved,"[""ALT-CSE-06-01794""]"
CAS-CSE-06-0412,CSE-06,2024-12-06T13:20:43.345802,2024-12-06T14:20:17.335229,Air traffic dispatch telemetry check for ALT-CSE-06-01803. Signal latency inside safety margins.,AERO-SOC-1,False,Resolved,"[""ALT-CSE-06-01803""]"
CAS-CSE-06-0413,CSE-06,2024-10-04T17:49:42.592117,2024-10-04T19:05:27.835078,Air traffic dispatch telemetry check for ALT-CSE-06-01804. Signal latency inside safety margins.,AERO-SOC-2,False,Resolved,"[""ALT-CSE-06-01804""]"
CAS-CSE-06-0414,CSE-06,2024-10-12T10:55:28.989587,2024-10-12T12:04:18.768588,Air traffic dispatch telemetry check for ALT-CSE-06-01805. Signal latency inside safety margins.,AERO-SOC-2,False,Resolved,"[""ALT-CSE-06-01805""]"
CAS-CSE-06-0415,CSE-06,2024-12-17T10:00:18.878348,2024-12-17T10:52:58.507440,Air traffic dispatch telemetry check for ALT-CSE-06-01811. Signal latency inside safety margins.,AERO-SOC-1,False,Resolved,"[""ALT-CSE-06-01811""]"
CAS-CSE-06-0416,CSE-06,2024-11-08T13:47:35.862731,2024-11-08T14:59:36.241320,Air traffic dispatch telemetry check for ALT-CSE-06-01824. Signal latency inside safety margins.,AERO-SOC-3,False,Resolved,"[""ALT-CSE-06-01824""]"
CAS-CSE-06-0417,CSE-06,2024-10-15T07:09:14.987162,2024-10-15T07:55:20.512926,Air traffic dispatch telemetry check for ALT-CSE-06-01827. Signal latency inside safety margins.,AERO-SOC-1,False,Resolved,"[""ALT-CSE-06-01827""]"
CAS-CSE-06-0418,CSE-06,2024-10-24T15:27:15.388681,2024-10-24T16:02:07.419925,Air traffic dispatch telemetry check for ALT-CSE-06-01829. Signal latency inside safety margins.,AERO-SOC-4,False,Resolved,"[""ALT-CSE-06-01829""]"
CAS-CSE-06-0419,CSE-06,2024-10-07T06:11:09.291838,2024-10-07T07:09:55.953534,Air traffic dispatch telemetry check for ALT-CSE-06-01834. Signal latency inside safety margins.,AERO-SOC-4,False,Resolved,"[""ALT-CSE-06-01834""]"
CAS-CSE-06-0420,CSE-06,2024-12-23T09:42:22.304136,2024-12-23T10:13:42.428815,Air traffic dispatch telemetry check for ALT-CSE-06-01835. Signal latency inside safety margins.,AERO-SOC-2,False,Resolved,"[""ALT-CSE-06-01835""]"
CAS-CSE-06-0421,CSE-06,2024-11-03T03:27:45.533450,2024-11-03T04:21:07.948877,Air traffic dispatch telemetry check for ALT-CSE-06-01843. Signal latency inside safety margins.,AERO-SOC-1,False,Resolved,"[""ALT-CSE-06-01843""]"
CAS-CSE-06-0422,CSE-06,2024-10-07T10:30:52.823734,2024-10-07T11:54:21.862325,Air traffic dispatch telemetry check for ALT-CSE-06-01844. Signal latency inside safety margins.,AERO-SOC-3,False,Resolved,"[""ALT-CSE-06-01844""]"
CAS-CSE-06-0423,CSE-06,2024-12-04T12:34:13.100907,2024-12-04T13:10:39.564695,Air traffic dispatch telemetry check for ALT-CSE-06-01846. Signal latency inside safety margins.,AERO-SOC-2,False,Resolved,"[""ALT-CSE-06-01846""]"
CAS-CSE-06-0424,CSE-06,2024-12-24T01:51:46.584790,2024-12-24T02:32:18.448284,Air traffic dispatch telemetry check for ALT-CSE-06-01848. Signal latency inside safety margins.,AERO-SOC-4,False,Resolved,"[""ALT-CSE-06-01848""]"
CAS-CSE-06-0425,CSE-06,2024-12-14T13:54:14.100915,2024-12-14T15:12:16.848742,Air traffic dispatch telemetry check for ALT-CSE-06-01849. Signal latency inside safety margins.,AERO-SOC-3,False,Resolved,"[""ALT-CSE-06-01849""]"
CAS-CSE-06-0426,CSE-06,2024-12-13T17:12:26.542737,2024-12-13T18:30:23.177779,Air traffic dispatch telemetry check for ALT-CSE-06-01853. Signal latency inside safety margins.,AERO-SOC-4,False,Resolved,"[""ALT-CSE-06-01853""]"
CAS-CSE-06-0427,CSE-06,2024-11-02T18:37:21.178714,2024-11-02T19:26:52.571408,Air traffic dispatch telemetry check for ALT-CSE-06-01856. Signal latency inside safety margins.,AERO-SOC-1,False,Resolved,"[""ALT-CSE-06-01856""]"
CAS-CSE-06-0428,CSE-06,2024-12-01T10:25:29.685287,2024-12-01T11:45:57.810582,Air traffic dispatch telemetry check for ALT-CSE-06-01857. Signal latency inside safety margins.,AERO-SOC-1,False,Resolved,"[""ALT-CSE-06-01857""]"
CAS-CSE-06-0429,CSE-06,2024-11-02T06:26:22.089758,2024-11-02T07:41:26.273071,Air traffic dispatch telemetry check for ALT-CSE-06-01861. Signal latency inside safety margins.,AERO-SOC-2,False,Resolved,"[""ALT-CSE-06-01861""]"
CAS-CSE-06-0430,CSE-06,2024-12-22T12:05:51.841249,2024-12-22T12:45:10.271635,Air traffic dispatch telemetry check for ALT-CSE-06-01862. Signal latency inside safety margins.,AERO-SOC-2,False,Resolved,"[""ALT-CSE-06-01862""]"
CAS-CSE-06-0431,CSE-06,2024-12-01T21:23:33.773198,2024-12-01T22:45:10.454779,Air traffic dispatch telemetry check for ALT-CSE-06-01873. Signal latency inside safety margins.,AERO-SOC-3,False,Resolved,"[""ALT-CSE-06-01873""]"
CAS-CSE-06-0432,CSE-06,2024-12-26T15:22:57.553664,2024-12-26T16:10:27.694017,Air traffic dispatch telemetry check for ALT-CSE-06-01874. Signal latency inside safety margins.,AERO-SOC-1,False,Resolved,"[""ALT-CSE-06-01874""]"
CAS-CSE-06-0433,CSE-06,2024-12-23T07:20:00.331306,2024-12-23T08:26:11.994307,Air traffic dispatch telemetry check for ALT-CSE-06-01876. Signal latency inside safety margins.,AERO-SOC-2,False,Resolved,"[""ALT-CSE-06-01876""]"
CAS-CSE-06-0434,CSE-06,2024-12-04T10:36:57.187378,2024-12-04T11:21:26.766745,Air traffic dispatch telemetry check for ALT-CSE-06-01879. Signal latency inside safety margins.,AERO-SOC-2,False,Resolved,"[""ALT-CSE-06-01879""]"
CAS-CSE-06-0435,CSE-06,2024-12-16T11:15:42.311759,2024-12-16T12:38:16.607379,Air traffic dispatch telemetry check for ALT-CSE-06-01882. Signal latency inside safety margins.,AERO-SOC-3,False,Resolved,"[""ALT-CSE-06-01882""]"
CAS-CSE-06-0436,CSE-06,2024-10-14T21:40:20.189865,2024-10-14T22:10:10.760436,Air traffic dispatch telemetry check for ALT-CSE-06-01883. Signal latency inside safety margins.,AERO-SOC-4,False,Resolved,"[""ALT-CSE-06-01883""]"
CAS-CSE-06-0437,CSE-06,2024-10-05T10:14:19.012924,2024-10-05T10:57:13.056662,Air traffic dispatch telemetry check for ALT-CSE-06-01889. Signal latency inside safety margins.,AERO-SOC-1,False,Resolved,"[""ALT-CSE-06-01889""]"
CAS-CSE-06-0438,CSE-06,2024-10-27T13:56:32.722605,2024-10-27T14:33:40.677256,Air traffic dispatch telemetry check for ALT-CSE-06-01892. Signal latency inside safety margins.,AERO-SOC-4,False,Resolved,"[""ALT-CSE-06-01892""]"
CAS-CSE-06-0439,CSE-06,2024-11-28T15:32:20.490138,2024-11-28T16:38:57.389400,Air traffic dispatch telemetry check for ALT-CSE-06-01910. Signal latency inside safety margins.,AERO-SOC-2,False,Resolved,"[""ALT-CSE-06-01910""]"
CAS-CSE-06-0440,CSE-06,2024-10-18T06:02:38.768372,2024-10-18T06:50:45.940411,Air traffic dispatch telemetry check for ALT-CSE-06-01915. Signal latency inside safety margins.,AERO-SOC-3,False,Resolved,"[""ALT-CSE-06-01915""]"
CAS-CSE-06-0441,CSE-06,2024-10-09T20:08:25.786429,2024-10-09T21:13:14.036149,Air traffic dispatch telemetry check for ALT-CSE-06-01917. Signal latency inside safety margins.,AERO-SOC-4,False,Resolved,"[""ALT-CSE-06-01917""]"
CAS-CSE-06-0442,CSE-06,2024-11-27T05:31:19.623537,2024-11-27T06:05:35.485237,Air traffic dispatch telemetry check for ALT-CSE-06-01919. Signal latency inside safety margins.,AERO-SOC-1,False,Resolved,"[""ALT-CSE-06-01919""]"
CAS-CSE-06-0443,CSE-06,2024-10-28T14:50:06.800488,2024-10-28T15:22:52.892314,Air traffic dispatch telemetry check for ALT-CSE-06-01922. Signal latency inside safety margins.,AERO-SOC-1,False,Resolved,"[""ALT-CSE-06-01922""]"
CAS-CSE-06-0444,CSE-06,2024-10-15T12:43:22.187106,2024-10-15T13:55:27.812340,Air traffic dispatch telemetry check for ALT-CSE-06-01931. Signal latency inside safety margins.,AERO-SOC-2,False,Resolved,"[""ALT-CSE-06-01931""]"
CAS-CSE-06-0445,CSE-06,2024-10-13T20:36:30.194367,2024-10-13T21:27:55.786260,Air traffic dispatch telemetry check for ALT-CSE-06-01932. Signal latency inside safety margins.,AERO-SOC-3,False,Resolved,"[""ALT-CSE-06-01932""]"
CAS-CSE-06-0446,CSE-06,2024-12-13T14:59:26.421369,2024-12-13T15:38:48.955351,Air traffic dispatch telemetry check for ALT-CSE-06-01944. Signal latency inside safety margins.,AERO-SOC-4,False,Resolved,"[""ALT-CSE-06-01944""]"
CAS-CSE-06-0447,CSE-06,2024-12-06T23:36:37.613509,2024-12-06T23:57:32.686548,Air traffic dispatch telemetry check for ALT-CSE-06-01970. Signal latency inside safety margins.,AERO-SOC-1,False,Resolved,"[""ALT-CSE-06-01970""]"
CAS-CSE-06-0448,CSE-06,2024-11-01T22:38:16.283638,2024-11-01T23:04:34.635568,Air traffic dispatch telemetry check for ALT-CSE-06-01971. Signal latency inside safety margins.,AERO-SOC-4,False,Resolved,"[""ALT-CSE-06-01971""]"
CAS-CSE-06-0449,CSE-06,2024-12-02T02:13:26.499008,2024-12-02T03:12:05.038012,Air traffic dispatch telemetry check for ALT-CSE-06-01972. Signal latency inside safety margins.,AERO-SOC-4,False,Resolved,"[""ALT-CSE-06-01972""]"
CAS-CSE-06-0450,CSE-06,2024-12-12T13:34:01.205213,2024-12-12T14:33:50.547779,Air traffic dispatch telemetry check for ALT-CSE-06-01975. Signal latency inside safety margins.,AERO-SOC-2,False,Resolved,"[""ALT-CSE-06-01975""]"
CAS-CSE-06-0451,CSE-06,2024-11-01T05:31:10.396415,2024-11-01T06:25:31.048159,Air traffic dispatch telemetry check for ALT-CSE-06-01976. Signal latency inside safety margins.,AERO-SOC-4,False,Resolved,"[""ALT-CSE-06-01976""]"
CAS-CSE-06-0452,CSE-06,2024-12-08T07:34:39.789630,2024-12-08T08:04:05.244769,Air traffic dispatch telemetry check for ALT-CSE-06-01979. Signal latency inside safety margins.,AERO-SOC-3,False,Resolved,"[""ALT-CSE-06-01979""]"
CAS-CSE-06-0453,CSE-06,2024-12-26T00:08:13.299928,2024-12-26T01:05:25.508038,Air traffic dispatch telemetry check for ALT-CSE-06-01984. Signal latency inside safety margins.,AERO-SOC-4,False,Resolved,"[""ALT-CSE-06-01984""]"
CAS-CSE-06-0454,CSE-06,2024-10-21T07:51:42.817552,2024-10-21T09:10:39.094859,Air traffic dispatch telemetry check for ALT-CSE-06-01993. Signal latency inside safety margins.,AERO-SOC-1,False,Resolved,"[""ALT-CSE-06-01993""]"
CAS-CSE-06-0455,CSE-06,2024-12-20T21:47:21.518573,2024-12-20T22:40:17.646642,Air traffic dispatch telemetry check for ALT-CSE-06-01994. Signal latency inside safety margins.,AERO-SOC-3,False,Resolved,"[""ALT-CSE-06-01994""]"
CAS-CSE-06-0456,CSE-06,2024-11-28T21:52:17.181534,2024-11-28T22:15:33.188802,Air traffic dispatch telemetry check for ALT-CSE-06-01996. Signal latency inside safety margins.,AERO-SOC-1,False,Resolved,"[""ALT-CSE-06-01996""]"
CAS-CSE-06-0457,CSE-06,2024-10-02T22:40:11.838982,2024-10-02T23:54:19.999793,Air traffic dispatch telemetry check for ALT-CSE-06-02006. Signal latency inside safety margins.,AERO-SOC-4,False,Resolved,"[""ALT-CSE-06-02006""]"
CAS-CSE-06-0458,CSE-06,2024-10-18T17:34:49.576476,2024-10-18T18:31:55.469551,Air traffic dispatch telemetry check for ALT-CSE-06-02008. Signal latency inside safety margins.,AERO-SOC-2,False,Resolved,"[""ALT-CSE-06-02008""]"
CAS-CSE-06-0459,CSE-06,2024-11-12T19:02:29.412557,2024-11-12T19:52:58.245680,Air traffic dispatch telemetry check for ALT-CSE-06-02014. Signal latency inside safety margins.,AERO-SOC-3,False,Resolved,"[""ALT-CSE-06-02014""]"
CAS-CSE-06-0460,CSE-06,2024-12-19T17:35:01.869045,2024-12-19T18:42:35.427688,Air traffic dispatch telemetry check for ALT-CSE-06-02016. Signal latency inside safety margins.,AERO-SOC-3,False,Resolved,"[""ALT-CSE-06-02016""]"
CAS-CSE-06-0461,CSE-06,2024-10-23T06:24:47.916150,2024-10-23T07:13:58.916464,Air traffic dispatch telemetry check for ALT-CSE-06-02019. Signal latency inside safety margins.,AERO-SOC-1,False,Resolved,"[""ALT-CSE-06-02019""]"
CAS-CSE-06-0462,CSE-06,2024-11-15T11:34:17.452097,2024-11-15T12:40:54.317977,Air traffic dispatch telemetry check for ALT-CSE-06-02022. Signal latency inside safety margins.,AERO-SOC-1,False,Resolved,"[""ALT-CSE-06-02022""]"
CAS-CSE-06-0463,CSE-06,2024-12-12T18:13:00.253611,2024-12-12T18:32:19.747328,Air traffic dispatch telemetry check for ALT-CSE-06-02023. Signal latency inside safety margins.,AERO-SOC-4,False,Resolved,"[""ALT-CSE-06-02023""]"
CAS-CSE-06-0464,CSE-06,2024-12-15T04:42:47.607857,2024-12-15T05:27:39.315517,Air traffic dispatch telemetry check for ALT-CSE-06-02027. Signal latency inside safety margins.,AERO-SOC-4,False,Resolved,"[""ALT-CSE-06-02027""]"
CAS-CSE-06-0465,CSE-06,2024-10-26T16:34:34.177619,2024-10-26T17:27:54.935587,Air traffic dispatch telemetry check for ALT-CSE-06-02029. Signal latency inside safety margins.,AERO-SOC-3,False,Resolved,"[""ALT-CSE-06-02029""]"
CAS-CSE-06-0466,CSE-06,2024-12-10T09:24:32.342466,2024-12-10T09:53:28.692955,Air traffic dispatch telemetry check for ALT-CSE-06-02031. Signal latency inside safety margins.,AERO-SOC-1,False,Resolved,"[""ALT-CSE-06-02031""]"
CAS-CSE-06-0467,CSE-06,2024-10-20T05:21:20.107789,2024-10-20T06:28:04.696786,Air traffic dispatch telemetry check for ALT-CSE-06-02039. Signal latency inside safety margins.,AERO-SOC-1,False,Resolved,"[""ALT-CSE-06-02039""]"
CAS-CSE-06-0468,CSE-06,2024-12-16T21:24:57.757149,2024-12-16T22:03:08.793076,Air traffic dispatch telemetry check for ALT-CSE-06-02040. Signal latency inside safety margins.,AERO-SOC-2,False,Resolved,"[""ALT-CSE-06-02040""]"
CAS-CSE-06-0469,CSE-06,2024-11-16T11:00:13.241034,2024-11-16T12:02:46.297075,Air traffic dispatch telemetry check for ALT-CSE-06-02042. Signal latency inside safety margins.,AERO-SOC-1,False,Resolved,"[""ALT-CSE-06-02042""]"
CAS-CSE-06-0470,CSE-06,2024-12-14T03:36:57.203030,2024-12-14T04:54:08.742515,Air traffic dispatch telemetry check for ALT-CSE-06-02043. Signal latency inside safety margins.,AERO-SOC-3,False,Resolved,"[""ALT-CSE-06-02043""]"
CAS-CSE-06-0471,CSE-06,2024-12-20T16:12:25.950105,2024-12-20T17:00:54.420431,Air traffic dispatch telemetry check for ALT-CSE-06-02048. Signal latency inside safety margins.,AERO-SOC-3,False,Resolved,"[""ALT-CSE-06-02048""]"
CAS-CSE-06-0472,CSE-06,2024-11-05T21:05:31.211385,2024-11-05T22:02:58.779812,Air traffic dispatch telemetry check for ALT-CSE-06-02049. Signal latency inside safety margins.,AERO-SOC-4,False,Resolved,"[""ALT-CSE-06-02049""]"
CAS-CSE-06-0473,CSE-06,2024-12-16T18:51:55.304831,2024-12-16T19:40:26.582952,Air traffic dispatch telemetry check for ALT-CSE-06-02050. Signal latency inside safety margins.,AERO-SOC-1,False,Resolved,"[""ALT-CSE-06-02050""]"
CAS-CSE-06-0474,CSE-06,2024-11-15T12:35:11.785996,2024-11-15T13:04:02.088685,Air traffic dispatch telemetry check for ALT-CSE-06-02059. Signal latency inside safety margins.,AERO-SOC-3,False,Resolved,"[""ALT-CSE-06-02059""]"
CAS-CSE-06-0475,CSE-06,2024-12-04T02:19:41.413718,2024-12-04T03:08:16.985055,Air traffic dispatch telemetry check for ALT-CSE-06-02062. Signal latency inside safety margins.,AERO-SOC-1,False,Resolved,"[""ALT-CSE-06-02062""]"
CAS-CSE-06-0476,CSE-06,2024-11-28T12:24:31.863331,2024-11-28T13:48:47.598402,Air traffic dispatch telemetry check for ALT-CSE-06-02063. Signal latency inside safety margins.,AERO-SOC-2,False,Resolved,"[""ALT-CSE-06-02063""]"
CAS-CSE-06-0477,CSE-06,2024-10-29T17:13:16.589725,2024-10-29T17:45:33.125836,Air traffic dispatch telemetry check for ALT-CSE-06-02064. Signal latency inside safety margins.,AERO-SOC-2,False,Resolved,"[""ALT-CSE-06-02064""]"
CAS-CSE-06-0478,CSE-06,2024-12-11T10:34:06.521978,2024-12-11T11:01:44.392230,Air traffic dispatch telemetry check for ALT-CSE-06-02069. Signal latency inside safety margins.,AERO-SOC-1,False,Resolved,"[""ALT-CSE-06-02069""]"
CAS-CSE-06-0479,CSE-06,2024-10-08T23:29:25.223210,2024-10-09T00:29:03.315108,Air traffic dispatch telemetry check for ALT-CSE-06-02077. Signal latency inside safety margins.,AERO-SOC-1,False,Resolved,"[""ALT-CSE-06-02077""]"
CAS-CSE-06-0480,CSE-06,2024-10-15T18:37:41.589062,2024-10-15T19:43:02.569649,Air traffic dispatch telemetry check for ALT-CSE-06-02080. Signal latency inside safety margins.,AERO-SOC-1,False,Resolved,"[""ALT-CSE-06-02080""]"
CAS-CSE-06-0481,CSE-06,2024-11-09T06:41:38.104526,2024-11-09T07:42:21.439312,Air traffic dispatch telemetry check for ALT-CSE-06-02086. Signal latency inside safety margins.,AERO-SOC-4,True,Resolved,"[""ALT-CSE-06-02086""]"
CAS-CSE-06-0482,CSE-06,2024-12-08T22:52:04.386397,2024-12-09T00:09:59.940252,Air traffic dispatch telemetry check for ALT-CSE-06-02087. Signal latency inside safety margins.,AERO-SOC-2,False,Resolved,"[""ALT-CSE-06-02087""]"
CAS-CSE-06-0483,CSE-06,2024-12-03T12:05:02.077514,2024-12-03T13:09:44.614558,Air traffic dispatch telemetry check for ALT-CSE-06-02091. Signal latency inside safety margins.,AERO-SOC-1,False,Resolved,"[""ALT-CSE-06-02091""]"
