alert_id,cse_id,severity,created_at,acknowledged_at,closed_at,status,case_id,asset_id,escalated
ALT-CSE-09-00000,CSE-09,LOW,2024-11-26T16:47:13,2024-11-26T16:59:45.455871,2024-11-26T18:14:28.537763,CLOSED,CAS-CSE-09-0001,ID-GATEWAY-AUTH-01,False
ALT-CSE-09-00001,CSE-09,HIGH,2024-11-29T10:20:39,2024-11-29T10:27:20.487427,2024-11-29T11:29:13.786028,CLOSED,,CITIZEN-PORTAL-WEB,False
ALT-CSE-09-00002,CSE-09,MEDIUM,2024-12-06T23:07:23,2024-12-06T23:22:01.825879,2024-12-07T00:53:38.250671,CLOSED,,UID-VAULT-DB,False
ALT-CSE-09-00003,CSE-09,LOW,2024-11-28T12:34:02,2024-11-28T12:41:21.644032,2024-11-28T13:58:04.233467,CLOSED,,GOV-SEC-FW-01,False
ALT-CSE-09-00004,CSE-09,MEDIUM,2024-10-13T07:01:02,2024-10-13T07:12:01.433161,2024-10-13T07:55:09.106665,CLOSED,,GOV-SEC-FW-01,False
ALT-CSE-09-00005,CSE-09,LOW,2024-12-28T04:51:25,2024-12-28T05:04:16.659159,2024-12-28T05:54:45.262242,CLOSED,,UID-VAULT-DB,False
ALT-CSE-09-00006,CSE-09,HIGH,2024-11-29T14:27:05,2024-11-29T14:40:43.193092,2024-11-29T15:23:31.951789,CLOSED,,GOV-SEC-FW-01,False
ALT-CSE-09-00007,CSE-09,MEDIUM,2024-12-19T17:34:33,2024-12-19T17:41:24.285114,2024-12-19T18:47:29.027724,CLOSED,,GOV-SEC-FW-01,False
ALT-CSE-09-00008,CSE-09,CRITICAL,2024-10-31T00:39:37,2024-10-31T00:42:15.443397,2024-10-31T01:33:25.695611,CLOSED,CAS-CSE-09-0002,ID-GATEWAY-AUTH-01,False
ALT-CSE-09-00009,CSE-09,MEDIUM,2024-10-17T20:18:24,2024-10-17T20:32:06.292294,2024-10-17T21:44:37.781162,CLOSED,,ID-GATEWAY-AUTH-01,False
ALT-CSE-09-00010,CSE-09,CRITICAL,2024-10-11T08:39:49,2024-10-11T08:48:21.816888,2024-10-11T09:46:55.425671,CLOSED,CAS-CSE-09-0003,UID-VAULT-DB,False
ALT-CSE-09-00011,CSE-09,HIGH,2024-11-22T08:06:40,2024-11-22T08:11:49.336441,2024-11-22T09:38:11.145633,CLOSED,CAS-CSE-09-0004,CITIZEN-PORTAL-WEB,False
ALT-CSE-09-00012,CSE-09,LOW,2024-12-22T07:04:20,2024-12-22T07:18:23.102696,2024-12-22T08:37:21.710817,CLOSED,,ID-GATEWAY-AUTH-01,False
ALT-CSE-09-00013,CSE-09,HIGH,2024-11-22T13:19:41,2024-11-22T13:30:16.687845,2024-11-22T14:49:38.371657,CLOSED,,ID-GATEWAY-AUTH-01,False
ALT-CSE-09-00014,CSE-09,HIGH,2024-11-06T10:10:37,2024-11-06T10:16:47.723879,2024-11-06T11:21:56.651689,CLOSED,,ID-GATEWAY-AUTH-01,False
ALT-CSE-09-00015,CSE-09,LOW,2024-11-15T11:04:29,2024-11-15T11:15:51.250901,2024-11-15T12:27:11.892505,CLOSED,,GOV-SEC-FW-01,False
ALT-CSE-09-00016,CSE-09,CRITICAL,2024-10-04T14:38:03,2024-10-04T14:53:00.163408,2024-10-04T16:13:38.813303,CLOSED,CAS-CSE-09-0005,ID-GATEWAY-AUTH-01,False
ALT-CSE-09-00017,CSE-09,CRITICAL,2024-10-14T19:35:31,2024-10-14T19:49:05.309285,2024-10-14T21:22:06.983769,CLOSED,,GOV-SEC-FW-01,False
ALT-CSE-09-00018,CSE-09,CRITICAL,2024-10-16T22:27:33,2024-10-16T22:36:49.583441,2024-10-16T23:51:54.911551,CLOSED,CAS-CSE-09-0006,CITIZEN-PORTAL-WEB,False
ALT-CSE-09-00019,CSE-09,HIGH,2024-12-09T14:35:44,2024-12-09T14:47:33.178151,2024-12-09T15:58:36.377180,CLOSED,,UID-VAULT-DB,False
ALT-CSE-09-00020,CSE-09,CRITICAL,2024-11-17T04:34:14,2024-11-17T04:44:36.668872,2024-11-17T05:52:09.464844,CLOSED,CAS-CSE-09-0007,CITIZEN-PORTAL-WEB,False
ALT-CSE-09-00021,CSE-09,MEDIUM,2024-11-20T01:57:24,2024-11-20T02:08:59.340628,2024-11-20T02:45:00.241801,CLOSED,,CITIZEN-PORTAL-WEB,False
ALT-CSE-09-00022,CSE-09,LOW,2024-11-06T23:15:28,2024-11-06T23:29:21.302278,2024-11-07T00:50:07.461064,CLOSED,,GOV-SEC-FW-01,False
ALT-CSE-09-00023,CSE-09,MEDIUM,2024-10-19T05:22:14,2024-10-19T05:28:49.586940,2024-10-19T06:12:58.926560,CLOSED,,UID-VAULT-DB,False
ALT-CSE-09-00024,CSE-09,HIGH,2024-11-25T20:23:10,2024-11-25T20:27:29.814129,2024-11-25T21:33:43.440198,CLOSED,,CITIZEN-PORTAL-WEB,False
ALT-CSE-09-00025,CSE-09,MEDIUM,2024-11-18T07:54:13,2024-11-18T08:00:09.937139,2024-11-18T09:30:09.704132,CLOSED,,CITIZEN-PORTAL-WEB,False
ALT-CSE-09-00026,CSE-09,HIGH,2024-10-27T20:49:48,2024-10-27T21:02:51.903877,2024-10-27T22:02:56.291396,CLOSED,,CITIZEN-PORTAL-WEB,False
ALT-CSE-09-00027,CSE-09,MEDIUM,2024-12-08T23:14:36,2024-12-08T23:19:15.958425,2024-12-09T00:59:29.937750,CLOSED,,GOV-SEC-FW-01,False
ALT-CSE-09-00028,CSE-09,LOW,2024-10-16T01:58:18,2024-10-16T02:02:55.835314,2024-10-16T03:04:34.603247,CLOSED,,CITIZEN-PORTAL-WEB,False
ALT-CSE-09-00029,CSE-09,MEDIUM,2024-11-03T09:48:57,2024-11-03T10:00:48.801166,2024-11-03T11:08:57.375346,CLOSED,,ID-GATEWAY-AUTH-01,False
ALT-CSE-09-00030,CSE-09,MEDIUM,2024-10-25T10:12:00,2024-10-25T10:26:46.663888,2024-10-25T11:09:32.133655,CLOSED,,GOV-SEC-FW-01,False
ALT-CSE-09-00031,CSE-09,LOW,2024-12-24T09:01:30,2024-12-24T09:13:39.970809,2024-12-24T09:50:32.314977,CLOSED,,UID-VAULT-DB,False
ALT-CSE-09-00032,CSE-09,CRITICAL,2024-10-20T05:20:07,2024-10-20T05:29:25.858300,2024-10-20T07:03:57.450065,CLOSED,,UID-VAULT-DB,False
ALT-CSE-09-00033,CSE-09,MEDIUM,2024-12-22T17:51:17,2024-12-22T17:58:34.016963,2024-12-22T19:21:48.644137,CLOSED,,CITIZEN-PORTAL-WEB,False
ALT-CSE-09-00034,CSE-09,CRITICAL,2024-10-10T10:13:48,2024-10-10T10:17:53.742385,2024-10-10T11:19:20.399817,CLOSED,,UID-VAULT-DB,False
ALT-CSE-09-00035,CSE-09,LOW,2024-11-14T10:47:55,2024-11-14T10:56:37.747730,2024-11-14T11:43:10.620490,CLOSED,,UID-VAULT-DB,False
ALT-CSE-09-00036,CSE-09,HIGH,2024-11-29T02:41:37,2024-11-29T02:47:58.671280,2024-11-29T03:21:53.973782,CLOSED,,UID-VAULT-DB,False
ALT-CSE-09-00037,CSE-09,HIGH,2024-12-26T10:25:24,2024-12-26T10:35:33.944337,2024-12-26T11:23:32.728098,CLOSED,,ID-GATEWAY-AUTH-01,False
ALT-CSE-09-00038,CSE-09,HIGH,2024-11-26T10:51:28,2024-11-26T10:54:37.483193,2024-11-26T11:37:56.731423,CLOSED,CAS-CSE-09-0008,ID-GATEWAY-AUTH-01,True
ALT-CSE-09-00039,CSE-09,MEDIUM,2024-10-29T05:50:26,2024-10-29T05:58:47.587369,2024-10-29T07:30:57.409048,CLOSED,,ID-GATEWAY-AUTH-01,False
ALT-CSE-09-00040,CSE-09,HIGH,2024-12-16T09:45:01,2024-12-16T09:49:48.547760,2024-12-16T11:31:24.471035,CLOSED,,GOV-SEC-FW-01,False
ALT-CSE-09-00041,CSE-09,MEDIUM,2024-11-01T15:57:46,2024-11-01T16:12:39.887650,2024-11-01T16:40:14.354093,CLOSED,,UID-VAULT-DB,False
ALT-CSE-09-00042,CSE-09,LOW,2024-12-04T08:37:04,2024-12-04T08:45:09.317424,2024-12-04T10:25:32.356133,CLOSED,,CITIZEN-PORTAL-WEB,False
ALT-CSE-09-00043,CSE-09,CRITICAL,2024-11-06T21:10:17,2024-11-06T21:21:11.298832,2024-11-06T22:32:04.281732,CLOSED,CAS-CSE-09-0009,GOV-SEC-FW-01,False
ALT-CSE-09-00044,CSE-09,MEDIUM,2024-11-09T21:40:30,2024-11-09T21:47:23.766785,2024-11-09T22:26:39.533426,CLOSED,,CITIZEN-PORTAL-WEB,False
ALT-CSE-09-00045,CSE-09,MEDIUM,2024-10-14T16:52:01,2024-10-14T17:04:56.193159,2024-10-14T18:18:05.673750,CLOSED,CAS-CSE-09-0010,GOV-SEC-FW-01,False
ALT-CSE-09-00046,CSE-09,MEDIUM,2024-10-11T09:35:52,2024-10-11T09:46:30.627195,2024-10-11T11:00:59.446576,CLOSED,,UID-VAULT-DB,False
ALT-CSE-09-00047,CSE-09,HIGH,2024-10-17T02:15:16,2024-10-17T02:26:22.855740,2024-10-17T04:02:28.172999,CLOSED,,UID-VAULT-DB,False
ALT-CSE-09-00048,CSE-09,HIGH,2024-12-26T16:45:53,2024-12-26T16:56:55.652364,2024-12-26T18:11:59.613198,CLOSED,,UID-VAULT-DB,False
ALT-CSE-09-00049,CSE-09,CRITICAL,2024-12-29T02:43:16,2024-12-29T02:52:06.535836,2024-12-29T03:46:26.378799,CLOSED,CAS-CSE-09-0011,GOV-SEC-FW-01,False
ALT-CSE-09-00050,CSE-09,LOW,2024-12-28T13:37:32,2024-12-28T13:52:07.743474,2024-12-28T14:28:52.212863,CLOSED,,ID-GATEWAY-AUTH-01,False
ALT-CSE-09-00051,CSE-09,MEDIUM,2024-12-20T03:47:34,2024-12-20T03:50:01.930677,2024-12-20T04:46:25.092819,CLOSED,,GOV-SEC-FW-01,False
ALT-CSE-09-00052,CSE-09,LOW,2024-10-10T12:33:52,2024-10-10T12:45:16.869956,2024-10-10T13:29:59.361331,CLOSED,,ID-GATEWAY-AUTH-01,False
ALT-CSE-09-00053,CSE-09,MEDIUM,2024-10-01T11:07:46,2024-10-01T11:16:32.210578,2024-10-01T12:03:16.166782,CLOSED,,UID-VAULT-DB,False
ALT-CSE-09-00054,CSE-09,CRITICAL,2024-11-18T22:21:19,2024-11-18T22:32:36.892704,2024-11-18T23:51:30.796501,CLOSED,CAS-CSE-09-0012,GOV-SEC-FW-01,False
ALT-CSE-09-00055,CSE-09,MEDIUM,2024-10-08T20:40:04,2024-10-08T20:44:21.405784,2024-10-08T22:27:32.028626,CLOSED,,CITIZEN-PORTAL-WEB,False
ALT-CSE-09-00056,CSE-09,CRITICAL,2024-12-09T05:50:01,2024-12-09T05:53:05.454899,2024-12-09T07:12:00.616159,CLOSED,,CITIZEN-PORTAL-WEB,False
ALT-CSE-09-00057,CSE-09,MEDIUM,2024-11-07T10:02:15,2024-11-07T10:05:06.374600,2024-11-07T11:00:32.997975,CLOSED,,ID-GATEWAY-AUTH-01,False
ALT-CSE-09-00058,CSE-09,HIGH,2024-11-18T07:02:38,2024-11-18T07:15:08.966492,2024-11-18T08:01:54.689953,CLOSED,,CITIZEN-PORTAL-WEB,False
ALT-CSE-09-00059,CSE-09,LOW,2024-12-11T05:22:44,2024-12-11T05:33:39.143314,2024-12-11T06:44:13.919761,CLOSED,,UID-VAULT-DB,False
ALT-CSE-09-00060,CSE-09,LOW,2024-11-16T20:16:24,2024-11-16T20:27:52.793983,2024-11-16T21:24:10.060333,CLOSED,,ID-GATEWAY-AUTH-01,False
ALT-CSE-09-00061,CSE-09,LOW,2024-12-11T00:09:43,2024-12-11T00:13:01.329056,2024-12-11T00:55:20.502072,CLOSED,,GOV-SEC-FW-01,False
ALT-CSE-09-00062,CSE-09,LOW,2024-12-28T18:43:16,2024-12-28T18:48:07.851152,2024-12-28T19:46:46.494870,CLOSED,CAS-CSE-09-0013,CITIZEN-PORTAL-WEB,True
ALT-CSE-09-00063,CSE-09,MEDIUM,2024-12-06T18:01:30,2024-12-06T18:16:23.721099,2024-12-06T19:40:02.720622,CLOSED,,UID-VAULT-DB,False
ALT-CSE-09-00064,CSE-09,MEDIUM,2024-11-26T15:33:38,2024-11-26T15:47:10.408993,2024-11-26T16:51:35.061388,CLOSED,,CITIZEN-PORTAL-WEB,False
ALT-CSE-09-00065,CSE-09,MEDIUM,2024-10-11T17:43:22,2024-10-11T17:48:23.261393,2024-10-11T18:42:58.260505,CLOSED,,UID-VAULT-DB,False
ALT-CSE-09-00066,CSE-09,HIGH,2024-10-27T20:19:27,2024-10-27T20:21:33.559029,2024-10-27T21:36:50.909476,CLOSED,,CITIZEN-PORTAL-WEB,False
ALT-CSE-09-00067,CSE-09,HIGH,2024-10-03T22:48:04,2024-10-03T23:00:13.217998,2024-10-04T00:12:53.714321,CLOSED,,GOV-SEC-FW-01,False
ALT-CSE-09-00068,CSE-09,HIGH,2024-10-06T10:06:01,2024-10-06T10:16:38.948542,2024-10-06T10:54:01.948446,CLOSED,,ID-GATEWAY-AUTH-01,False
ALT-CSE-09-00069,CSE-09,MEDIUM,2024-10-09T05:52:09,2024-10-09T06:03:33.377083,2024-10-09T06:32:55.421622,CLOSED,,ID-GATEWAY-AUTH-01,False
ALT-CSE-09-00070,CSE-09,HIGH,2024-12-07T11:35:54,2024-12-07T11:41:09.324264,2024-12-07T13:00:32.878540,CLOSED,,CITIZEN-PORTAL-WEB,False
ALT-CSE-09-00071,CSE-09,MEDIUM,2024-11-27T03:00:10,2024-11-27T03:05:45.541783,2024-11-27T04:41:20.518954,CLOSED,CAS-CSE-09-0014,UID-VAULT-DB,True
ALT-CSE-09-00072,CSE-09,LOW,2024-11-18T22:29:43,2024-11-18T22:36:44.514920,2024-11-18T23:35:05.280471,CLOSED,,UID-VAULT-DB,False
ALT-CSE-09-00073,CSE-09,LOW,2024-10-04T10:32:05,2024-10-04T10:42:05.617848,2024-10-04T11:43:44.769918,CLOSED,,CITIZEN-PORTAL-WEB,False
ALT-CSE-09-00074,CSE-09,MEDIUM,2024-12-05T03:57:07,2024-12-05T04:05:04.469578,2024-12-05T05:18:47.214505,CLOSED,,CITIZEN-PORTAL-WEB,False
ALT-CSE-09-00075,CSE-09,LOW,2024-11-01T18:30:24,2024-11-01T18:43:47.273337,2024-11-01T19:59:08.743437,CLOSED,CAS-CSE-09-0015,UID-VAULT-DB,False
ALT-CSE-09-00076,CSE-09,LOW,2024-12-14T23:12:50,2024-12-14T23:25:57.698035,2024-12-15T00:54:54.859299,CLOSED,,GOV-SEC-FW-01,False
ALT-CSE-09-00077,CSE-09,HIGH,2024-10-14T13:47:19,2024-10-14T13:53:08.778866,2024-10-14T14:33:56.200560,CLOSED,,ID-GATEWAY-AUTH-01,False
ALT-CSE-09-00078,CSE-09,LOW,2024-11-28T21:55:12,2024-11-28T22:08:52.275336,2024-11-28T23:05:34.606835,CLOSED,,CITIZEN-PORTAL-WEB,False
ALT-CSE-09-00079,CSE-09,MEDIUM,2024-12-16T02:49:25,2024-12-16T03:02:12.427299,2024-12-16T04:14:23.345043,CLOSED,,UID-VAULT-DB,False
ALT-CSE-09-00080,CSE-09,MEDIUM,2024-12-15T02:52:00,2024-12-15T03:04:55.253225,2024-12-15T03:33:09.438955,CLOSED,,CITIZEN-PORTAL-WEB,False
ALT-CSE-09-00081,CSE-09,MEDIUM,2024-12-25T00:15:37,2024-12-25T00:20:32.937019,2024-12-25T01:47:16.009513,CLOSED,CAS-CSE-09-0016,UID-VAULT-DB,False
ALT-CSE-09-00082,CSE-09,HIGH,2024-11-14T21:51:27,2024-11-14T22:01:53.305858,2024-11-14T22:37:20.340829,CLOSED,,CITIZEN-PORTAL-WEB,False
ALT-CSE-09-00083,CSE-09,HIGH,2024-11-16T18:23:44,2024-11-16T18:36:34.788447,2024-11-16T20:11:26.939977,CLOSED,,ID-GATEWAY-AUTH-01,False
ALT-CSE-09-00084,CSE-09,LOW,2024-10-05T03:41:04,2024-10-05T03:43:22.800681,2024-10-05T05:27:49.520934,CLOSED,,ID-GATEWAY-AUTH-01,False
ALT-CSE-09-00085,CSE-09,MEDIUM,2024-10-26T16:14:33,2024-10-26T16:21:59.845426,2024-10-26T17:57:07.185555,CLOSED,,GOV-SEC-FW-01,False
ALT-CSE-09-00086,CSE-09,LOW,2024-11-06T20:00:08,2024-11-06T20:07:39.826724,2024-11-06T21:29:48.565538,CLOSED,CAS-CSE-09-0017,CITIZEN-PORTAL-WEB,False
ALT-CSE-09-00087,CSE-09,CRITICAL,2024-12-07T18:25:29,2024-12-07T18:30:13.101040,2024-12-07T19:57:55.542420,CLOSED,,CITIZEN-PORTAL-WEB,False
ALT-CSE-09-00088,CSE-09,LOW,2024-11-04T21:42:11,2024-11-04T21:45:06.871262,2024-11-04T22:28:00.576295,CLOSED,,GOV-SEC-FW-01,False
ALT-CSE-09-00089,CSE-09,HIGH,2024-11-22T05:41:56,2024-11-22T05:53:21.590820,2024-11-22T06:47:28.082804,CLOSED,,ID-GATEWAY-AUTH-01,False
ALT-CSE-09-00090,CSE-09,CRITICAL,2024-12-25T17:52:50,2024-12-25T18:00:07.425205,2024-12-25T19:38:03.516434,CLOSED,CAS-CSE-09-0018,UID-VAULT-DB,False
ALT-CSE-09-00091,CSE-09,MEDIUM,2024-12-09T18:38:32,2024-12-09T18:42:56.402644,2024-12-09T20:02:38.067575,CLOSED,CAS-CSE-09-0019,GOV-SEC-FW-01,True
ALT-CSE-09-00092,CSE-09,HIGH,2024-10-22T13:12:37,2024-10-22T13:26:54.573972,2024-10-22T13:58:36.085663,CLOSED,,GOV-SEC-FW-01,False
ALT-CSE-09-00093,CSE-09,MEDIUM,2024-12-29T17:43:02,2024-12-29T17:50:04.773962,2024-12-29T19:16:31.315947,CLOSED,,UID-VAULT-DB,False
ALT-CSE-09-00094,CSE-09,LOW,2024-11-28T19:47:39,2024-11-28T20:00:26.507715,2024-11-28T20:35:57.657260,CLOSED,CAS-CSE-09-0020,GOV-SEC-FW-01,True
ALT-CSE-09-00095,CSE-09,LOW,2024-11-05T03:16:40,2024-11-05T03:23:46.808614,2024-11-05T04:32:18.093674,CLOSED,,ID-GATEWAY-AUTH-01,False
ALT-CSE-09-00096,CSE-09,HIGH,2024-10-22T06:04:48,2024-10-22T06:11:40.061173,2024-10-22T07:44:00.950696,CLOSED,,UID-VAULT-DB,False
ALT-CSE-09-00097,CSE-09,HIGH,2024-10-01T08:29:57,2024-10-01T08:37:35.174449,2024-10-01T09:53:11.094592,CLOSED,,CITIZEN-PORTAL-WEB,False
ALT-CSE-09-00098,CSE-09,MEDIUM,2024-12-16T08:50:45,2024-12-16T08:55:58.638745,2024-12-16T10:33:38.030983,CLOSED,,CITIZEN-PORTAL-WEB,False
ALT-CSE-09-00099,CSE-09,LOW,2024-12-16T17:24:03,2024-12-16T17:27:09.794179,2024-12-16T18:36:18.858167,CLOSED,,CITIZEN-PORTAL-WEB,False
ALT-CSE-09-00100,CSE-09,LOW,2024-12-03T11:29:04,2024-12-03T11:42:14.822041,2024-12-03T12:52:01.939470,CLOSED,,GOV-SEC-FW-01,False
ALT-CSE-09-00101,CSE-09,LOW,2024-11-23T02:31:06,2024-11-23T02:42:48.725690,2024-11-23T03:21:41.323213,CLOSED,,ID-GATEWAY-AUTH-01,False
ALT-CSE-09-00102,CSE-09,LOW,2024-12-15T05:56:42,2024-12-15T06:07:37.721918,2024-12-15T07:08:47.660871,CLOSED,,UID-VAULT-DB,False
ALT-CSE-09-00103,CSE-09,HIGH,2024-11-04T10:41:37,2024-11-04T10:55:52.886247,2024-11-04T12:00:41.707508,CLOSED,,ID-GATEWAY-AUTH-01,False
ALT-CSE-09-00104,CSE-09,MEDIUM,2024-11-20T17:57:22,2024-11-20T18:09:48.517431,2024-11-20T19:00:04.728882,CLOSED,,UID-VAULT-DB,False
ALT-CSE-09-00105,CSE-09,MEDIUM,2024-11-04T14:37:10,2024-11-04T14:45:57.227223,2024-11-04T15:44:18.523981,CLOSED,,ID-GATEWAY-AUTH-01,False
ALT-CSE-09-00106,CSE-09,HIGH,2024-11-19T20:48:57,2024-11-19T20:55:09.573056,2024-11-19T22:18:46.942906,CLOSED,,UID-VAULT-DB,False
ALT-CSE-09-00107,CSE-09,MEDIUM,2024-12-16T04:11:10,2024-12-16T04:19:54.056399,2024-12-16T05:15:07.086932,CLOSED,,GOV-SEC-FW-01,False
ALT-CSE-09-00108,CSE-09,CRITICAL,2024-10-20T00:02:46,2024-10-20T00:06:56.243684,2024-10-20T01:21:34.079706,CLOSED,CAS-CSE-09-0021,GOV-SEC-FW-01,False
ALT-CSE-09-00109,CSE-09,MEDIUM,2024-11-03T11:16:06,2024-11-03T11:30:38.337817,2024-11-03T12:54:12.063866,CLOSED,,CITIZEN-PORTAL-WEB,False
ALT-CSE-09-00110,CSE-09,LOW,2024-11-02T08:21:01,2024-11-02T08:26:10.218261,2024-11-02T09:16:27.048647,CLOSED,,ID-GATEWAY-AUTH-01,False
ALT-CSE-09-00111,CSE-09,MEDIUM,2024-11-30T06:23:33,2024-11-30T06:36:58.374494,2024-11-30T08:08:45.228807,CLOSED,,ID-GATEWAY-AUTH-01,False
ALT-CSE-09-00112,CSE-09,CRITICAL,2024-12-15T11:13:22,2024-12-15T11:27:27.980736,2024-12-15T11:53:29.303115,CLOSED,CAS-CSE-09-0022,UID-VAULT-DB,False
ALT-CSE-09-00113,CSE-09,CRITICAL,2024-10-20T04:42:40,2024-10-20T04:49:19.740180,2024-10-20T06:14:32.311819,CLOSED,CAS-CSE-09-0023,ID-GATEWAY-AUTH-01,False
ALT-CSE-09-00114,CSE-09,HIGH,2024-12-02T16:46:57,2024-12-02T16:52:58.646842,2024-12-02T17:57:30.613946,CLOSED,,GOV-SEC-FW-01,False
ALT-CSE-09-00115,CSE-09,MEDIUM,2024-12-13T13:23:11,2024-12-13T13:37:49.494338,2024-12-13T14:08:03.137024,CLOSED,,UID-VAULT-DB,False
ALT-CSE-09-00116,CSE-09,LOW,2024-10-01T06:31:57,2024-10-01T06:34:14.073864,2024-10-01T08:17:15.722022,CLOSED,,CITIZEN-PORTAL-WEB,False
ALT-CSE-09-00117,CSE-09,HIGH,2024-10-30T10:30:58,2024-10-30T10:44:48.950166,2024-10-30T11:32:56.446868,CLOSED,,CITIZEN-PORTAL-WEB,False
ALT-CSE-09-00118,CSE-09,CRITICAL,2024-10-25T23:46:15,2024-10-25T23:57:31.424786,2024-10-26T01:04:28.108108,CLOSED,CAS-CSE-09-0024,GOV-SEC-FW-01,False
ALT-CSE-09-00119,CSE-09,LOW,2024-11-10T11:30:40,2024-11-10T11:45:23.942274,2024-11-10T13:02:42.819554,CLOSED,,ID-GATEWAY-AUTH-01,False
ALT-CSE-09-00120,CSE-09,LOW,2024-10-09T00:42:41,2024-10-09T00:48:44.993392,2024-10-09T01:58:48.972515,CLOSED,,CITIZEN-PORTAL-WEB,False
ALT-CSE-09-00121,CSE-09,LOW,2024-12-12T22:26:35,2024-12-12T22:37:39.917541,2024-12-13T00:12:40.994369,CLOSED,CAS-CSE-09-0025,CITIZEN-PORTAL-WEB,False
ALT-CSE-09-00122,CSE-09,MEDIUM,2024-11-08T22:01:40,2024-11-08T22:05:08.496347,2024-11-08T22:54:43.840823,CLOSED,,GOV-SEC-FW-01,False
ALT-CSE-09-00123,CSE-09,LOW,2024-11-11T17:27:52,2024-11-11T17:39:19.325255,2024-11-11T18:13:32.459828,CLOSED,,ID-GATEWAY-AUTH-01,False
ALT-CSE-09-00124,CSE-09,LOW,2024-11-15T18:50:09,2024-11-15T18:58:07.152241,2024-11-15T19:55:23.532152,CLOSED,,GOV-SEC-FW-01,False
ALT-CSE-09-00125,CSE-09,HIGH,2024-11-05T00:33:14,2024-11-05T00:36:01.088245,2024-11-05T02:07:41.932518,CLOSED,,ID-GATEWAY-AUTH-01,False
ALT-CSE-09-00126,CSE-09,LOW,2024-10-10T20:46:31,2024-10-10T20:49:11.972139,2024-10-10T21:33:57.099909,CLOSED,,GOV-SEC-FW-01,False
ALT-CSE-09-00127,CSE-09,MEDIUM,2024-12-03T06:45:23,2024-12-03T06:54:03.939899,2024-12-03T07:48:46.473528,CLOSED,,GOV-SEC-FW-01,False
ALT-CSE-09-00128,CSE-09,CRITICAL,2024-10-01T12:13:03,2024-10-01T12:22:01.776634,2024-10-01T13:49:08.308607,CLOSED,CAS-CSE-09-0026,GOV-SEC-FW-01,False
ALT-CSE-09-00129,CSE-09,CRITICAL,2024-12-03T20:35:46,2024-12-03T20:37:49.114360,2024-12-03T22:21:02.811298,CLOSED,CAS-CSE-09-0027,CITIZEN-PORTAL-WEB,False
ALT-CSE-09-00130,CSE-09,CRITICAL,2024-11-08T05:08:39,2024-11-08T05:23:04.681489,2024-11-08T06:34:04.908611,CLOSED,CAS-CSE-09-0028,UID-VAULT-DB,True
ALT-CSE-09-00131,CSE-09,MEDIUM,2024-12-02T07:31:12,2024-12-02T07:34:06.093795,2024-12-02T09:17:54.494701,CLOSED,,GOV-SEC-FW-01,False
ALT-CSE-09-00132,CSE-09,HIGH,2024-11-13T19:41:52,2024-11-13T19:49:02.281651,2024-11-13T20:43:58.949883,CLOSED,CAS-CSE-09-0029,GOV-SEC-FW-01,True
ALT-CSE-09-00133,CSE-09,MEDIUM,2024-12-09T03:55:08,2024-12-09T04:07:52.212678,2024-12-09T05:02:04.533510,CLOSED,,GOV-SEC-FW-01,False
ALT-CSE-09-00134,CSE-09,MEDIUM,2024-10-12T12:14:48,2024-10-12T12:19:13.585847,2024-10-12T13:21:34.952687,CLOSED,,CITIZEN-PORTAL-WEB,False
ALT-CSE-09-00135,CSE-09,LOW,2024-11-09T12:06:16,2024-11-09T12:12:44.494325,2024-11-09T12:56:56.814580,CLOSED,,CITIZEN-PORTAL-WEB,False
ALT-CSE-09-00136,CSE-09,MEDIUM,2024-12-04T13:19:20,2024-12-04T13:25:58.741349,2024-12-04T14:26:44.992937,CLOSED,,GOV-SEC-FW-01,False
ALT-CSE-09-00137,CSE-09,CRITICAL,2024-12-20T20:20:43,2024-12-20T20:29:14.561598,2024-12-20T21:07:28.035556,CLOSED,CAS-CSE-09-0030,ID-GATEWAY-AUTH-01,True
ALT-CSE-09-00138,CSE-09,LOW,2024-10-18T01:38:03,2024-10-18T01:46:05.351486,2024-10-18T02:34:26.592361,CLOSED,,ID-GATEWAY-AUTH-01,False
ALT-CSE-09-00139,CSE-09,LOW,2024-12-04T09:57:03,2024-12-04T10:10:42.832611,2024-12-04T11:16:58.806660,CLOSED,,GOV-SEC-FW-01,False
ALT-CSE-09-00140,CSE-09,CRITICAL,2024-11-01T03:40:07,2024-11-01T03:43:08.628649,2024-11-01T04:29:11.201503,CLOSED,,ID-GATEWAY-AUTH-01,False
ALT-CSE-09-00141,CSE-09,MEDIUM,2024-11-05T18:12:17,2024-11-05T18:14:23.111804,2024-11-05T19:23:38.797672,CLOSED,,ID-GATEWAY-AUTH-01,False
ALT-CSE-09-00142,CSE-09,MEDIUM,2024-11-15T01:59:40,2024-11-15T02:02:03.767429,2024-11-15T03:11:31.130440,CLOSED,,CITIZEN-PORTAL-WEB,False
ALT-CSE-09-00143,CSE-09,CRITICAL,2024-12-03T08:46:53,2024-12-03T08:56:27.617507,2024-12-03T09:39:10.486459,CLOSED,CAS-CSE-09-0031,GOV-SEC-FW-01,False
ALT-CSE-09-00144,CSE-09,LOW,2024-11-27T18:14:18,2024-11-27T18:19:47.235454,2024-11-27T18:54:21.632136,CLOSED,,CITIZEN-PORTAL-WEB,False
ALT-CSE-09-00145,CSE-09,HIGH,2024-11-29T14:30:26,2024-11-29T14:43:20.169143,2024-11-29T16:04:28.448684,CLOSED,,ID-GATEWAY-AUTH-01,False
ALT-CSE-09-00146,CSE-09,MEDIUM,2024-12-09T14:22:33,2024-12-09T14:34:14.595826,2024-12-09T15:06:16.365316,CLOSED,,ID-GATEWAY-AUTH-01,False
ALT-CSE-09-00147,CSE-09,LOW,2024-11-24T00:18:08,2024-11-24T00:31:56.804215,2024-11-24T02:06:38.134412,CLOSED,,CITIZEN-PORTAL-WEB,False
ALT-CSE-09-00148,CSE-09,LOW,2024-11-05T09:50:39,2024-11-05T09:55:18.157808,2024-11-05T11:24:42.103444,CLOSED,,CITIZEN-PORTAL-WEB,False
ALT-CSE-09-00149,CSE-09,MEDIUM,2024-10-04T08:45:10,2024-10-04T08:50:41.381903,2024-10-04T10:04:24.937601,CLOSED,,ID-GATEWAY-AUTH-01,False
ALT-CSE-09-00150,CSE-09,CRITICAL,2024-11-11T13:10:29,2024-11-11T13:20:33.850994,2024-11-11T14:41:00.749007,CLOSED,CAS-CSE-09-0032,CITIZEN-PORTAL-WEB,True
ALT-CSE-09-00151,CSE-09,MEDIUM,2024-11-21T22:15:55,2024-11-21T22:29:20.747498,2024-11-21T23:23:05.841124,CLOSED,,GOV-SEC-FW-01,False
ALT-CSE-09-00152,CSE-09,MEDIUM,2024-10-15T21:42:05,2024-10-15T21:44:07.908154,2024-10-15T23:16:24.608718,CLOSED,CAS-CSE-09-0033,GOV-SEC-FW-01,False
ALT-CSE-09-00153,CSE-09,MEDIUM,2024-12-24T19:24:49,2024-12-24T19:30:07.574614,2024-12-24T20:14:31.986153,CLOSED,,UID-VAULT-DB,False
ALT-CSE-09-00154,CSE-09,HIGH,2024-10-24T15:33:54,2024-10-24T15:40:56.878517,2024-10-24T17:03:19.717230,CLOSED,,ID-GATEWAY-AUTH-01,False
ALT-CSE-09-00155,CSE-09,MEDIUM,2024-10-24T15:04:24,2024-10-24T15:07:00.908128,2024-10-24T16:36:49.509863,CLOSED,,CITIZEN-PORTAL-WEB,False
ALT-CSE-09-00156,CSE-09,CRITICAL,2024-12-29T03:33:57,2024-12-29T03:42:23.284581,2024-12-29T05:22:45.454270,CLOSED,CAS-CSE-09-0034,GOV-SEC-FW-01,False
ALT-CSE-09-00157,CSE-09,HIGH,2024-11-09T17:37:54,2024-11-09T17:50:28.139107,2024-11-09T18:48:21.890931,CLOSED,,CITIZEN-PORTAL-WEB,False
ALT-CSE-09-00158,CSE-09,LOW,2024-12-03T18:03:58,2024-12-03T18:18:31.734591,2024-12-03T18:53:56.595680,CLOSED,CAS-CSE-09-0035,CITIZEN-PORTAL-WEB,False
ALT-CSE-09-00159,CSE-09,LOW,2024-11-21T21:25:20,2024-11-21T21:35:25.847289,2024-11-21T22:51:47.123378,CLOSED,,CITIZEN-PORTAL-WEB,False
ALT-CSE-09-00160,CSE-09,MEDIUM,2024-10-07T06:14:54,2024-10-07T06:18:47.852940,2024-10-07T07:19:04.266469,CLOSED,,ID-GATEWAY-AUTH-01,False
ALT-CSE-09-00161,CSE-09,LOW,2024-12-08T06:20:28,2024-12-08T06:34:03.461478,2024-12-08T07:41:10.767879,CLOSED,,UID-VAULT-DB,False
ALT-CSE-09-00162,CSE-09,HIGH,2024-11-04T13:52:54,2024-11-04T14:00:14.487903,2024-11-04T15:26:57.138565,CLOSED,,UID-VAULT-DB,False
ALT-CSE-09-00163,CSE-09,MEDIUM,2024-12-16T14:06:50,2024-12-16T14:21:18.856685,2024-12-16T15:52:01.422289,CLOSED,,ID-GATEWAY-AUTH-01,False
ALT-CSE-09-00164,CSE-09,HIGH,2024-10-24T23:36:16,2024-10-24T23:39:34.423667,2024-10-25T00:35:35.723447,CLOSED,,ID-GATEWAY-AUTH-01,False
ALT-CSE-09-00165,CSE-09,CRITICAL,2024-12-12T09:54:51,2024-12-12T09:59:33.355862,2024-12-12T11:04:42.550543,CLOSED,,GOV-SEC-FW-01,False
ALT-CSE-09-00166,CSE-09,LOW,2024-11-20T20:47:23,2024-11-20T20:58:03.429384,2024-11-20T22:03:15.088196,CLOSED,,ID-GATEWAY-AUTH-01,False
ALT-CSE-09-00167,CSE-09,HIGH,2024-11-04T12:25:43,2024-11-04T12:35:36.607754,2024-11-04T13:19:36.304091,CLOSED,,GOV-SEC-FW-01,False
ALT-CSE-09-00168,CSE-09,LOW,2024-11-12T04:25:34,2024-11-12T04:30:39.791485,2024-11-12T05:19:45.742551,CLOSED,,CITIZEN-PORTAL-WEB,False
ALT-CSE-09-00169,CSE-09,HIGH,2024-10-05T07:31:46,2024-10-05T07:37:18.990633,2024-10-05T08:53:03.303098,CLOSED,,GOV-SEC-FW-01,False
ALT-CSE-09-00170,CSE-09,LOW,2024-12-04T03:08:25,2024-12-04T03:21:40.797544,2024-12-04T04:00:59.776392,CLOSED,,GOV-SEC-FW-01,False
ALT-CSE-09-00171,CSE-09,LOW,2024-11-22T13:26:45,2024-11-22T13:38:22.161641,2024-11-22T15:02:02.959292,CLOSED,,UID-VAULT-DB,False
ALT-CSE-09-00172,CSE-09,LOW,2024-11-02T16:41:27,2024-11-02T16:49:14.854938,2024-11-02T18:04:08.782409,CLOSED,,CITIZEN-PORTAL-WEB,False
ALT-CSE-09-00173,CSE-09,MEDIUM,2024-11-08T02:32:52,2024-11-08T02:39:30.458033,2024-11-08T04:02:41.019819,CLOSED,,CITIZEN-PORTAL-WEB,False
ALT-CSE-09-00174,CSE-09,CRITICAL,2024-12-04T11:07:36,2024-12-04T11:11:37.168040,2024-12-04T12:11:49.549771,CLOSED,CAS-CSE-09-0036,ID-GATEWAY-AUTH-01,False
ALT-CSE-09-00175,CSE-09,HIGH,2024-10-26T03:03:01,2024-10-26T03:07:52.750713,2024-10-26T04:32:40.576354,CLOSED,,UID-VAULT-DB,False
ALT-CSE-09-00176,CSE-09,LOW,2024-11-17T13:03:16,2024-11-17T13:05:25.673189,2024-11-17T14:22:00.312096,CLOSED,,UID-VAULT-DB,False
ALT-CSE-09-00177,CSE-09,HIGH,2024-11-21T16:14:24,2024-11-21T16:24:58.047635,2024-11-21T17:20:36.440129,CLOSED,,UID-VAULT-DB,False
ALT-CSE-09-00178,CSE-09,MEDIUM,2024-12-21T15:44:08,2024-12-21T15:46:57.973207,2024-12-21T17:30:10.839116,CLOSED,,CITIZEN-PORTAL-WEB,False
ALT-CSE-09-00179,CSE-09,HIGH,2024-10-08T07:09:59,2024-10-08T07:21:45.125741,2024-10-08T08:15:14.675790,CLOSED,,UID-VAULT-DB,False
ALT-CSE-09-00180,CSE-09,LOW,2024-10-16T14:03:28,2024-10-16T14:14:38.788836,2024-10-16T15:40:19.278991,CLOSED,,ID-GATEWAY-AUTH-01,False
ALT-CSE-09-00181,CSE-09,HIGH,2024-11-12T08:59:54,2024-11-12T09:09:46.169416,2024-11-12T10:05:21.696221,CLOSED,,GOV-SEC-FW-01,False
ALT-CSE-09-00182,CSE-09,LOW,2024-11-04T16:16:09,2024-11-04T16:18:41.987733,2024-11-04T17:31:20.349476,CLOSED,,CITIZEN-PORTAL-WEB,False
ALT-CSE-09-00183,CSE-09,LOW,2024-10-06T11:42:59,2024-10-06T11:57:13.668751,2024-10-06T12:57:58.318905,CLOSED,,GOV-SEC-FW-01,False
ALT-CSE-09-00184,CSE-09,LOW,2024-12-13T12:41:20,2024-12-13T12:50:27.049062,2024-12-13T13:57:13.361771,CLOSED,,CITIZEN-PORTAL-WEB,False
ALT-CSE-09-00185,CSE-09,HIGH,2024-12-10T14:29:03,2024-12-10T14:34:13.348629,2024-12-10T16:18:22.584086,CLOSED,,GOV-SEC-FW-01,False
ALT-CSE-09-00186,CSE-09,MEDIUM,2024-12-27T14:23:16,2024-12-27T14:30:54.975594,2024-12-27T16:06:54.325351,CLOSED,,ID-GATEWAY-AUTH-01,False
ALT-CSE-09-00187,CSE-09,LOW,2024-11-18T03:00:52,2024-11-18T03:06:16.867967,2024-11-18T03:49:49.440627,CLOSED,,CITIZEN-PORTAL-WEB,False
ALT-CSE-09-00188,CSE-09,CRITICAL,2024-10-27T11:36:38,2024-10-27T11:50:44.951724,2024-10-27T12:47:03.266509,CLOSED,CAS-CSE-09-0037,GOV-SEC-FW-01,True
ALT-CSE-09-00189,CSE-09,HIGH,2024-12-26T23:16:18,2024-12-26T23:23:24.957637,2024-12-27T00:54:30.087345,CLOSED,,UID-VAULT-DB,False
ALT-CSE-09-00190,CSE-09,LOW,2024-10-29T22:37:46,2024-10-29T22:50:18.898778,2024-10-29T23:36:19.173581,CLOSED,CAS-CSE-09-0038,GOV-SEC-FW-01,False
ALT-CSE-09-00191,CSE-09,MEDIUM,2024-12-01T12:20:55,2024-12-01T12:26:24.405073,2024-12-01T14:02:52.436242,CLOSED,,ID-GATEWAY-AUTH-01,False
ALT-CSE-09-00192,CSE-09,MEDIUM,2024-12-05T13:24:41,2024-12-05T13:29:02.735344,2024-12-05T14:23:19.579652,CLOSED,,CITIZEN-PORTAL-WEB,False
ALT-CSE-09-00193,CSE-09,HIGH,2024-11-28T04:40:31,2024-11-28T04:48:43.619289,2024-11-28T05:23:48.570226,CLOSED,,ID-GATEWAY-AUTH-01,False
ALT-CSE-09-00194,CSE-09,CRITICAL,2024-11-01T23:50:20,2024-11-01T23:56:56.143061,2024-11-02T01:40:08.542273,CLOSED,CAS-CSE-09-0039,UID-VAULT-DB,False
ALT-CSE-09-00195,CSE-09,MEDIUM,2024-12-01T22:41:36,2024-12-01T22:51:24.714339,2024-12-01T23:47:26.015974,CLOSED,,ID-GATEWAY-AUTH-01,False
ALT-CSE-09-00196,CSE-09,CRITICAL,2024-12-14T09:20:57,2024-12-14T09:23:31.755559,2024-12-14T10:54:33.569959,CLOSED,,CITIZEN-PORTAL-WEB,False
ALT-CSE-09-00197,CSE-09,LOW,2024-12-27T16:28:35,2024-12-27T16:30:59.761265,2024-12-27T17:18:35.241284,CLOSED,,CITIZEN-PORTAL-WEB,False
ALT-CSE-09-00198,CSE-09,HIGH,2024-10-21T02:25:22,2024-10-21T02:39:58.317333,2024-10-21T03:16:54.191462,CLOSED,,ID-GATEWAY-AUTH-01,False
ALT-CSE-09-00199,CSE-09,MEDIUM,2024-10-27T01:02:44,2024-10-27T01:15:47.580235,2024-10-27T02:44:08.395429,CLOSED,,GOV-SEC-FW-01,False
ALT-CSE-09-00200,CSE-09,HIGH,2024-10-25T01:10:35,2024-10-25T01:20:25.498507,2024-10-25T02:54:09.037219,CLOSED,,UID-VAULT-DB,False
ALT-CSE-09-00201,CSE-09,MEDIUM,2024-12-04T08:27:51,2024-12-04T08:31:28.088511,2024-12-04T09:09:47.741828,CLOSED,,ID-GATEWAY-AUTH-01,False
ALT-CSE-09-00202,CSE-09,HIGH,2024-11-23T14:22:15,2024-11-23T14:36:53.799918,2024-11-23T15:04:01.539968,CLOSED,,GOV-SEC-FW-01,False
ALT-CSE-09-00203,CSE-09,LOW,2024-10-03T16:21:18,2024-10-03T16:32:01.299997,2024-10-03T17:51:55.115343,CLOSED,CAS-CSE-09-0040,CITIZEN-PORTAL-WEB,False
ALT-CSE-09-00204,CSE-09,HIGH,2024-11-06T16:45:28,2024-11-06T16:55:18.231798,2024-11-06T17:42:37.306328,CLOSED,,GOV-SEC-FW-01,False
ALT-CSE-09-00205,CSE-09,LOW,2024-10-12T21:35:34,2024-10-12T21:47:16.986451,2024-10-12T22:17:42.341913,CLOSED,,GOV-SEC-FW-01,False
ALT-CSE-09-00206,CSE-09,LOW,2024-10-19T08:34:05,2024-10-19T08:47:35.336261,2024-10-19T09:31:08.616345,CLOSED,,CITIZEN-PORTAL-WEB,False
ALT-CSE-09-00207,CSE-09,LOW,2024-11-09T16:46:06,2024-11-09T16:54:24.557784,2024-11-09T18:06:30.025282,CLOSED,,UID-VAULT-DB,False
ALT-CSE-09-00208,CSE-09,HIGH,2024-10-15T22:33:57,2024-10-15T22:45:06.354996,2024-10-16T00:17:24.370776,CLOSED,,CITIZEN-PORTAL-WEB,False
ALT-CSE-09-00209,CSE-09,MEDIUM,2024-11-11T19:42:51,2024-11-11T19:54:35.976307,2024-11-11T20:53:32.997862,CLOSED,,UID-VAULT-DB,False
ALT-CSE-09-00210,CSE-09,LOW,2024-11-30T23:58:04,2024-12-01T00:04:39.554493,2024-12-01T01:47:51.550252,CLOSED,,GOV-SEC-FW-01,False
ALT-CSE-09-00211,CSE-09,HIGH,2024-12-24T05:10:36,2024-12-24T05:13:28.148933,2024-12-24T06:04:32.011166,CLOSED,,UID-VAULT-DB,False
ALT-CSE-09-00212,CSE-09,HIGH,2024-11-14T07:14:42,2024-11-14T07:25:36.101523,2024-11-14T08:23:06.159424,CLOSED,,CITIZEN-PORTAL-WEB,False
ALT-CSE-09-00213,CSE-09,LOW,2024-12-06T22:53:05,2024-12-06T22:57:06.470636,2024-12-07T00:38:16.890739,CLOSED,,UID-VAULT-DB,False
ALT-CSE-09-00214,CSE-09,HIGH,2024-11-08T16:41:08,2024-11-08T16:46:23.837473,2024-11-08T17:27:10.362409,CLOSED,,GOV-SEC-FW-01,False
ALT-CSE-09-00215,CSE-09,HIGH,2024-12-20T19:27:34,2024-12-20T19:42:23.330030,2024-12-20T20:25:58.043241,CLOSED,,CITIZEN-PORTAL-WEB,False
ALT-CSE-09-00216,CSE-09,MEDIUM,2024-11-27T06:28:50,2024-11-27T06:37:04.023839,2024-11-27T07:44:31.264780,CLOSED,,ID-GATEWAY-AUTH-01,False
ALT-CSE-09-00217,CSE-09,MEDIUM,2024-11-07T13:13:17,2024-11-07T13:19:03.095060,2024-11-07T14:31:07.095161,CLOSED,,ID-GATEWAY-AUTH-01,False
ALT-CSE-09-00218,CSE-09,LOW,2024-10-24T16:40:12,2024-10-24T16:47:05.509471,2024-10-24T17:52:37.889062,CLOSED,,CITIZEN-PORTAL-WEB,False
ALT-CSE-09-00219,CSE-09,CRITICAL,2024-10-12T04:47:43,2024-10-12T05:02:38.335245,2024-10-12T05:54:10.865344,CLOSED,CAS-CSE-09-0041,GOV-SEC-FW-01,True
ALT-CSE-09-00220,CSE-09,LOW,2024-10-22T13:18:47,2024-10-22T13:26:23.838812,2024-10-22T14:35:05.264889,CLOSED,,UID-VAULT-DB,False
ALT-CSE-09-00221,CSE-09,CRITICAL,2024-11-30T23:39:21,2024-11-30T23:43:13.186313,2024-12-01T01:13:26.034475,CLOSED,CAS-CSE-09-0042,CITIZEN-PORTAL-WEB,False
ALT-CSE-09-00222,CSE-09,MEDIUM,2024-12-12T07:01:15,2024-12-12T07:05:14.209602,2024-12-12T07:53:38.073390,CLOSED,,GOV-SEC-FW-01,False
ALT-CSE-09-00223,CSE-09,CRITICAL,2024-12-01T09:46:57,2024-12-01T09:50:47.091685,2024-12-01T11:28:07.175218,CLOSED,CAS-CSE-09-0043,CITIZEN-PORTAL-WEB,False
ALT-CSE-09-00224,CSE-09,MEDIUM,2024-10-24T03:52:29,2024-10-24T04:07:24.716153,2024-10-24T04:39:50.169951,CLOSED,,GOV-SEC-FW-01,False
ALT-CSE-09-00225,CSE-09,LOW,2024-11-05T22:58:03,2024-11-05T23:03:29.625406,2024-11-06T00:44:57.828007,CLOSED,,UID-VAULT-DB,False
ALT-CSE-09-00226,CSE-09,HIGH,2024-10-14T17:25:12,2024-10-14T17:28:08.019743,2024-10-14T18:27:35.548401,CLOSED,,GOV-SEC-FW-01,False
ALT-CSE-09-00227,CSE-09,MEDIUM,2024-11-04T20:42:20,2024-11-04T20:44:48.053017,2024-11-04T21:32:59.393831,CLOSED,,ID-GATEWAY-AUTH-01,False
ALT-CSE-09-00228,CSE-09,HIGH,2024-11-27T08:27:43,2024-11-27T08:36:43.689434,2024-11-27T10:03:58.924348,CLOSED,,ID-GATEWAY-AUTH-01,False
ALT-CSE-09-00229,CSE-09,LOW,2024-11-04T10:02:14,2024-11-04T10:12:34.398642,2024-11-04T10:46:35.767565,CLOSED,,ID-GATEWAY-AUTH-01,False
ALT-CSE-09-00230,CSE-09,HIGH,2024-10-13T20:18:44,2024-10-13T20:25:29.795062,2024-10-13T21:30:12.976651,CLOSED,,UID-VAULT-DB,False
ALT-CSE-09-00231,CSE-09,LOW,2024-10-11T23:39:28,2024-10-11T23:46:12.157843,2024-10-12T01:24:05.324064,CLOSED,,GOV-SEC-FW-01,False
ALT-CSE-09-00232,CSE-09,LOW,2024-10-19T00:36:17,2024-10-19T00:42:53.914205,2024-10-19T01:59:19.681730,CLOSED,,GOV-SEC-FW-01,False
ALT-CSE-09-00233,CSE-09,MEDIUM,2024-10-03T00:26:38,2024-10-03T00:32:40.357074,2024-10-03T01:12:42.970940,CLOSED,,ID-GATEWAY-AUTH-01,False
ALT-CSE-09-00234,CSE-09,CRITICAL,2024-11-04T23:36:58,2024-11-04T23:48:07.613685,2024-11-05T00:27:58.339289,CLOSED,CAS-CSE-09-0044,UID-VAULT-DB,False
ALT-CSE-09-00235,CSE-09,LOW,2024-12-15T00:22:39,2024-12-15T00:33:48.234525,2024-12-15T02:04:26.938463,CLOSED,,ID-GATEWAY-AUTH-01,False
ALT-CSE-09-00236,CSE-09,CRITICAL,2024-10-23T22:33:39,2024-10-23T22:47:10.609373,2024-10-23T23:25:59.019158,CLOSED,CAS-CSE-09-0045,GOV-SEC-FW-01,False
ALT-CSE-09-00237,CSE-09,HIGH,2024-11-27T22:11:24,2024-11-27T22:13:24.514713,2024-11-27T23:54:02.826333,CLOSED,,GOV-SEC-FW-01,False
ALT-CSE-09-00238,CSE-09,LOW,2024-11-15T12:35:15,2024-11-15T12:38:54.227192,2024-11-15T13:19:45.797546,CLOSED,,GOV-SEC-FW-01,False
ALT-CSE-09-00239,CSE-09,LOW,2024-10-18T13:58:55,2024-10-18T14:10:58.986734,2024-10-18T15:10:33.488026,CLOSED,,CITIZEN-PORTAL-WEB,False
ALT-CSE-09-00240,CSE-09,LOW,2024-12-03T11:40:51,2024-12-03T11:50:15.291172,2024-12-03T13:11:57.889575,CLOSED,,GOV-SEC-FW-01,False
ALT-CSE-09-00241,CSE-09,MEDIUM,2024-10-07T03:03:40,2024-10-07T03:08:17.872049,2024-10-07T04:04:48.051258,CLOSED,,UID-VAULT-DB,False
ALT-CSE-09-00242,CSE-09,MEDIUM,2024-10-12T07:10:37,2024-10-12T07:17:26.035240,2024-10-12T08:21:28.680276,CLOSED,,CITIZEN-PORTAL-WEB,False
ALT-CSE-09-00243,CSE-09,LOW,2024-10-20T11:10:52,2024-10-20T11:23:22.858283,2024-10-20T12:47:43.310790,CLOSED,,GOV-SEC-FW-01,False
ALT-CSE-09-00244,CSE-09,MEDIUM,2024-10-07T11:13:14,2024-10-07T11:16:31.563901,2024-10-07T12:47:42.653525,CLOSED,,ID-GATEWAY-AUTH-01,False
ALT-CSE-09-00245,CSE-09,LOW,2024-11-23T17:56:01,2024-11-23T18:05:23.482288,2024-11-23T18:47:18.050418,CLOSED,,CITIZEN-PORTAL-WEB,False
ALT-CSE-09-00246,CSE-09,MEDIUM,2024-11-09T12:53:42,2024-11-09T13:01:41.950379,2024-11-09T14:14:51.110122,CLOSED,,GOV-SEC-FW-01,False
ALT-CSE-09-00247,CSE-09,LOW,2024-11-28T16:24:00,2024-11-28T16:33:15.653050,2024-11-28T18:09:34.753325,CLOSED,CAS-CSE-09-0046,UID-VAULT-DB,True
ALT-CSE-09-00248,CSE-09,LOW,2024-12-09T19:22:22,2024-12-09T19:31:10.859782,2024-12-09T20:09:42.607011,CLOSED,,CITIZEN-PORTAL-WEB,False
ALT-CSE-09-00249,CSE-09,HIGH,2024-12-01T00:57:46,2024-12-01T01:12:19.155774,2024-12-01T01:46:31.092435,CLOSED,,CITIZEN-PORTAL-WEB,False
ALT-CSE-09-00250,CSE-09,LOW,2024-10-03T05:54:31,2024-10-03T05:56:59.246062,2024-10-03T06:51:04.992815,CLOSED,,ID-GATEWAY-AUTH-01,False
ALT-CSE-09-00251,CSE-09,MEDIUM,2024-11-02T00:11:00,2024-11-02T00:19:18.330655,2024-11-02T01:07:33.989064,CLOSED,,ID-GATEWAY-AUTH-01,False
ALT-CSE-09-00252,CSE-09,LOW,2024-11-17T22:14:38,2024-11-17T22:21:03.313561,2024-11-17T22:57:15.713301,CLOSED,,CITIZEN-PORTAL-WEB,False
ALT-CSE-09-00253,CSE-09,MEDIUM,2024-10-22T08:29:27,2024-10-22T08:37:26.753681,2024-10-22T09:20:47.046390,CLOSED,,ID-GATEWAY-AUTH-01,False
ALT-CSE-09-00254,CSE-09,MEDIUM,2024-12-02T11:31:05,2024-12-02T11:34:31.985797,2024-12-02T12:32:20.518659,CLOSED,,UID-VAULT-DB,False
ALT-CSE-09-00255,CSE-09,LOW,2024-12-14T01:14:32,2024-12-14T01:23:05.270005,2024-12-14T02:38:41.430690,CLOSED,,CITIZEN-PORTAL-WEB,False
ALT-CSE-09-00256,CSE-09,MEDIUM,2024-11-24T10:48:37,2024-11-24T10:51:55.508529,2024-11-24T11:30:42.177199,CLOSED,,GOV-SEC-FW-01,False
ALT-CSE-09-00257,CSE-09,HIGH,2024-10-17T08:14:12,2024-10-17T08:20:38.583934,2024-10-17T09:30:09.526367,CLOSED,,UID-VAULT-DB,False
ALT-CSE-09-00258,CSE-09,MEDIUM,2024-10-13T05:07:22,2024-10-13T05:17:48.243823,2024-10-13T06:05:42.104854,CLOSED,,UID-VAULT-DB,False
ALT-CSE-09-00259,CSE-09,MEDIUM,2024-10-07T12:06:34,2024-10-07T12:09:17.491269,2024-10-07T13:02:34.026732,CLOSED,,UID-VAULT-DB,False
ALT-CSE-09-00260,CSE-09,LOW,2024-10-09T20:26:29,2024-10-09T20:40:30.612640,2024-10-09T21:24:10.875342,CLOSED,,UID-VAULT-DB,False
ALT-CSE-09-00261,CSE-09,HIGH,2024-11-26T23:16:24,2024-11-26T23:24:48.252472,2024-11-27T01:01:24.492724,CLOSED,,UID-VAULT-DB,False
ALT-CSE-09-00262,CSE-09,HIGH,2024-11-05T10:20:07,2024-11-05T10:32:36.102352,2024-11-05T11:33:14.478652,CLOSED,,GOV-SEC-FW-01,False
ALT-CSE-09-00263,CSE-09,HIGH,2024-12-14T09:58:07,2024-12-14T10:08:29.159370,2024-12-14T10:56:56.275407,CLOSED,,GOV-SEC-FW-01,False
ALT-CSE-09-00264,CSE-09,LOW,2024-12-27T21:54:33,2024-12-27T22:04:21.281858,2024-12-27T23:39:32.643013,CLOSED,,CITIZEN-PORTAL-WEB,False
ALT-CSE-09-00265,CSE-09,HIGH,2024-12-19T08:51:35,2024-12-19T09:06:26.863942,2024-12-19T09:44:10.863352,CLOSED,,UID-VAULT-DB,False
ALT-CSE-09-00266,CSE-09,MEDIUM,2024-12-04T19:07:17,2024-12-04T19:19:33.431366,2024-12-04T19:54:32.598638,CLOSED,,CITIZEN-PORTAL-WEB,False
ALT-CSE-09-00267,CSE-09,MEDIUM,2024-11-27T11:03:08,2024-11-27T11:16:05.449116,2024-11-27T12:12:36.537290,CLOSED,,GOV-SEC-FW-01,False
ALT-CSE-09-00268,CSE-09,LOW,2024-10-08T13:26:07,2024-10-08T13:35:25.624903,2024-10-08T14:20:53.121203,CLOSED,,CITIZEN-PORTAL-WEB,False
ALT-CSE-09-00269,CSE-09,HIGH,2024-11-24T16:54:05,2024-11-24T17:01:11.754150,2024-11-24T17:35:09.991549,CLOSED,,ID-GATEWAY-AUTH-01,False
ALT-CSE-09-00270,CSE-09,MEDIUM,2024-12-23T00:38:47,2024-12-23T00:51:30.763840,2024-12-23T02:13:59.410661,CLOSED,,GOV-SEC-FW-01,False
ALT-CSE-09-00271,CSE-09,HIGH,2024-10-12T16:49:24,2024-10-12T17:02:58.190389,2024-10-12T17:47:38.669925,CLOSED,,CITIZEN-PORTAL-WEB,False
ALT-CSE-09-00272,CSE-09,CRITICAL,2024-12-29T10:40:06,2024-12-29T10:53:59.403464,2024-12-29T11:46:58.528955,CLOSED,,GOV-SEC-FW-01,False
ALT-CSE-09-00273,CSE-09,LOW,2024-12-18T01:23:44,2024-12-18T01:34:15.506018,2024-12-18T02:05:39.798198,CLOSED,,CITIZEN-PORTAL-WEB,False
ALT-CSE-09-00274,CSE-09,MEDIUM,2024-11-17T08:08:01,2024-11-17T08:21:25.999509,2024-11-17T08:48:50.484401,CLOSED,,UID-VAULT-DB,False
ALT-CSE-09-00275,CSE-09,CRITICAL,2024-10-21T05:19:10,2024-10-21T05:32:38.961098,2024-10-21T06:15:27.939929,CLOSED,CAS-CSE-09-0047,GOV-SEC-FW-01,False
ALT-CSE-09-00276,CSE-09,MEDIUM,2024-10-16T09:05:39,2024-10-16T09:07:45.000872,2024-10-16T10:16:33.349831,CLOSED,CAS-CSE-09-0048,CITIZEN-PORTAL-WEB,True
ALT-CSE-09-00277,CSE-09,MEDIUM,2024-11-27T05:10:30,2024-11-27T05:15:39.018882,2024-11-27T06:40:40.452644,CLOSED,,ID-GATEWAY-AUTH-01,False
ALT-CSE-09-00278,CSE-09,MEDIUM,2024-10-22T02:57:01,2024-10-22T03:04:42.467571,2024-10-22T04:16:15.457433,CLOSED,,UID-VAULT-DB,False
ALT-CSE-09-00279,CSE-09,HIGH,2024-12-28T16:36:42,2024-12-28T16:48:49.702271,2024-12-28T18:00:06.305792,CLOSED,CAS-CSE-09-0049,GOV-SEC-FW-01,True
ALT-CSE-09-00280,CSE-09,HIGH,2024-12-25T20:21:16,2024-12-25T20:27:45.277264,2024-12-25T21:04:17.530852,CLOSED,,CITIZEN-PORTAL-WEB,False
ALT-CSE-09-00281,CSE-09,HIGH,2024-11-22T20:52:15,2024-11-22T21:03:57.521500,2024-11-22T21:37:00.158188,CLOSED,,GOV-SEC-FW-01,False
ALT-CSE-09-00282,CSE-09,CRITICAL,2024-11-12T15:02:26,2024-11-12T15:13:23.558784,2024-11-12T16:26:11.127815,CLOSED,CAS-CSE-09-0050,UID-VAULT-DB,False
ALT-CSE-09-00283,CSE-09,LOW,2024-11-06T02:07:13,2024-11-06T02:20:35.266587,2024-11-06T03:41:42.302969,CLOSED,,UID-VAULT-DB,False
ALT-CSE-09-00284,CSE-09,MEDIUM,2024-11-29T06:07:10,2024-11-29T06:12:52.641149,2024-11-29T07:00:30.837603,CLOSED,,UID-VAULT-DB,False
ALT-CSE-09-00285,CSE-09,LOW,2024-12-04T13:44:07,2024-12-04T13:49:32.776622,2024-12-04T15:07:38.791190,CLOSED,,UID-VAULT-DB,False
ALT-CSE-09-00286,CSE-09,LOW,2024-10-07T19:10:38,2024-10-07T19:22:18.349889,2024-10-07T20:23:13.482455,CLOSED,,UID-VAULT-DB,False
ALT-CSE-09-00287,CSE-09,MEDIUM,2024-10-08T15:56:36,2024-10-08T16:11:10.602082,2024-10-08T17:17:15.938764,CLOSED,CAS-CSE-09-0051,ID-GATEWAY-AUTH-01,False
ALT-CSE-09-00288,CSE-09,LOW,2024-11-27T03:28:43,2024-11-27T03:38:42.958906,2024-11-27T04:53:27.732544,CLOSED,,GOV-SEC-FW-01,False
ALT-CSE-09-00289,CSE-09,HIGH,2024-11-23T18:56:44,2024-11-23T18:58:52.578916,2024-11-23T19:44:45.599650,CLOSED,,ID-GATEWAY-AUTH-01,False
ALT-CSE-09-00290,CSE-09,MEDIUM,2024-10-18T21:11:30,2024-10-18T21:20:16.675857,2024-10-18T22:13:56.552876,CLOSED,CAS-CSE-09-0052,GOV-SEC-FW-01,False
ALT-CSE-09-00291,CSE-09,MEDIUM,2024-11-14T09:33:49,2024-11-14T09:48:11.472648,2024-11-14T10:55:02.202561,CLOSED,,CITIZEN-PORTAL-WEB,False
ALT-CSE-09-00292,CSE-09,MEDIUM,2024-10-24T00:27:57,2024-10-24T00:40:23.703244,2024-10-24T01:52:19.087210,CLOSED,,CITIZEN-PORTAL-WEB,False
ALT-CSE-09-00293,CSE-09,LOW,2024-12-01T12:28:08,2024-12-01T12:32:47.514573,2024-12-01T13:55:38.639281,CLOSED,,UID-VAULT-DB,False
ALT-CSE-09-00294,CSE-09,LOW,2024-12-09T03:53:25,2024-12-09T04:05:52.388588,2024-12-09T05:00:42.548530,CLOSED,,GOV-SEC-FW-01,False
ALT-CSE-09-00295,CSE-09,MEDIUM,2024-12-10T13:54:52,2024-12-10T14:00:42.921006,2024-12-10T14:46:03.474684,CLOSED,,CITIZEN-PORTAL-WEB,False
ALT-CSE-09-00296,CSE-09,CRITICAL,2024-11-29T20:46:13,2024-11-29T20:56:20.747545,2024-11-29T22:16:31.325185,CLOSED,,ID-GATEWAY-AUTH-01,False
ALT-CSE-09-00297,CSE-09,HIGH,2024-11-15T19:46:31,2024-11-15T19:56:58.391584,2024-11-15T21:21:12.013361,CLOSED,,UID-VAULT-DB,False
ALT-CSE-09-00298,CSE-09,MEDIUM,2024-10-14T14:48:39,2024-10-14T15:02:37.362110,2024-10-14T15:42:38.763707,CLOSED,,CITIZEN-PORTAL-WEB,False
ALT-CSE-09-00299,CSE-09,HIGH,2024-12-21T02:20:23,2024-12-21T02:24:50.449926,2024-12-21T03:35:21.607827,CLOSED,,UID-VAULT-DB,False
ALT-CSE-09-00300,CSE-09,LOW,2024-11-29T08:36:28,2024-11-29T08:46:14.337940,2024-11-29T09:57:23.535804,CLOSED,,GOV-SEC-FW-01,False
ALT-CSE-09-00301,CSE-09,CRITICAL,2024-10-12T18:53:30,2024-10-12T19:00:10.102665,2024-10-12T19:55:06.963504,CLOSED,CAS-CSE-09-0053,GOV-SEC-FW-01,False
ALT-CSE-09-00302,CSE-09,HIGH,2024-12-09T16:59:56,2024-12-09T17:06:22.063929,2024-12-09T18:23:41.086081,CLOSED,,GOV-SEC-FW-01,False
ALT-CSE-09-00303,CSE-09,HIGH,2024-11-16T04:18:27,2024-11-16T04:32:03.479796,2024-11-16T05:06:34.944570,CLOSED,,CITIZEN-PORTAL-WEB,False
ALT-CSE-09-00304,CSE-09,LOW,2024-12-04T05:20:43,2024-12-04T05:33:20.111809,2024-12-04T06:54:32.727592,CLOSED,,UID-VAULT-DB,False
ALT-CSE-09-00305,CSE-09,LOW,2024-10-21T19:23:43,2024-10-21T19:31:14.263320,2024-10-21T20:14:25.000801,CLOSED,,ID-GATEWAY-AUTH-01,False
ALT-CSE-09-00306,CSE-09,CRITICAL,2024-12-27T22:32:58,2024-12-27T22:46:29.303065,2024-12-28T00:06:13.041955,CLOSED,CAS-CSE-09-0054,GOV-SEC-FW-01,True
ALT-CSE-09-00307,CSE-09,HIGH,2024-10-02T05:13:55,2024-10-02T05:21:12.706034,2024-10-02T06:56:12.978937,CLOSED,,CITIZEN-PORTAL-WEB,False
ALT-CSE-09-00308,CSE-09,HIGH,2024-11-17T20:13:53,2024-11-17T20:24:01.537394,2024-11-17T21:46:28.258862,CLOSED,,GOV-SEC-FW-01,False
ALT-CSE-09-00309,CSE-09,LOW,2024-10-17T03:26:28,2024-10-17T03:38:54.519471,2024-10-17T04:25:33.210924,CLOSED,,UID-VAULT-DB,False
ALT-CSE-09-00310,CSE-09,CRITICAL,2024-10-10T22:54:01,2024-10-10T23:02:24.993520,2024-10-11T00:26:24.302294,CLOSED,CAS-CSE-09-0055,CITIZEN-PORTAL-WEB,False
ALT-CSE-09-00311,CSE-09,LOW,2024-12-01T13:47:28,2024-12-01T13:51:05.059076,2024-12-01T14:42:51.463432,CLOSED,CAS-CSE-09-0056,GOV-SEC-FW-01,False
ALT-CSE-09-00312,CSE-09,MEDIUM,2024-10-12T03:53:08,2024-10-12T04:05:15.071793,2024-10-12T05:23:31.496924,CLOSED,,ID-GATEWAY-AUTH-01,False
ALT-CSE-09-00313,CSE-09,HIGH,2024-11-03T07:46:29,2024-11-03T07:57:03.991476,2024-11-03T09:08:13.583819,CLOSED,,CITIZEN-PORTAL-WEB,False
ALT-CSE-09-00314,CSE-09,MEDIUM,2024-12-14T13:56:05,2024-12-14T14:02:51.061261,2024-12-14T15:02:00.720957,CLOSED,,GOV-SEC-FW-01,False
ALT-CSE-09-00315,CSE-09,LOW,2024-12-19T22:48:16,2024-12-19T22:51:58.613644,2024-12-20T00:22:01.832967,CLOSED,,GOV-SEC-FW-01,False
ALT-CSE-09-00316,CSE-09,LOW,2024-10-28T16:25:30,2024-10-28T16:34:32.864397,2024-10-28T17:48:05.747541,CLOSED,,UID-VAULT-DB,False
ALT-CSE-09-00317,CSE-09,HIGH,2024-10-09T22:01:46,2024-10-09T22:09:41.078280,2024-10-09T23:20:12.000676,CLOSED,,CITIZEN-PORTAL-WEB,False
ALT-CSE-09-00318,CSE-09,LOW,2024-12-15T22:51:53,2024-12-15T23:05:08.471082,2024-12-16T00:28:19.719849,CLOSED,,CITIZEN-PORTAL-WEB,False
ALT-CSE-09-00319,CSE-09,CRITICAL,2024-12-18T07:41:49,2024-12-18T07:49:38.809255,2024-12-18T08:31:19.966221,CLOSED,CAS-CSE-09-0057,GOV-SEC-FW-01,False
ALT-CSE-09-00320,CSE-09,HIGH,2024-12-08T14:58:44,2024-12-08T15:02:01.984606,2024-12-08T16:35:04.870919,CLOSED,,UID-VAULT-DB,False
ALT-CSE-09-00321,CSE-09,MEDIUM,2024-10-03T01:35:53,2024-10-03T01:39:32.381563,2024-10-03T03:23:45.840870,CLOSED,CAS-CSE-09-0058,UID-VAULT-DB,False
ALT-CSE-09-00322,CSE-09,MEDIUM,2024-11-02T19:56:29,2024-11-02T20:01:16.507676,2024-11-02T21:14:24.309619,CLOSED,,UID-VAULT-DB,False
ALT-CSE-09-00323,CSE-09,HIGH,2024-11-21T05:16:25,2024-11-21T05:24:11.122041,2024-11-21T06:45:42.348275,CLOSED,,GOV-SEC-FW-01,False
ALT-CSE-09-00324,CSE-09,MEDIUM,2024-10-23T10:26:08,2024-10-23T10:40:53.484003,2024-10-23T11:16:00.458735,CLOSED,,ID-GATEWAY-AUTH-01,False
ALT-CSE-09-00325,CSE-09,HIGH,2024-10-09T23:43:14,2024-10-09T23:56:09.028076,2024-10-10T00:45:00.093633,CLOSED,,CITIZEN-PORTAL-WEB,False
ALT-CSE-09-00326,CSE-09,LOW,2024-10-04T20:09:26,2024-10-04T20:18:28.108656,2024-10-04T21:32:11.744799,CLOSED,,CITIZEN-PORTAL-WEB,False
ALT-CSE-09-00327,CSE-09,HIGH,2024-12-17T03:42:43,2024-12-17T03:46:24.830392,2024-12-17T04:57:59.400633,CLOSED,CAS-CSE-09-0059,CITIZEN-PORTAL-WEB,False
ALT-CSE-09-00328,CSE-09,LOW,2024-12-22T05:03:05,2024-12-22T05:13:28.315945,2024-12-22T06:51:23.475810,CLOSED,,ID-GATEWAY-AUTH-01,False
ALT-CSE-09-00329,CSE-09,MEDIUM,2024-11-25T12:46:44,2024-11-25T12:55:11.543386,2024-11-25T13:29:23.471731,CLOSED,,ID-GATEWAY-AUTH-01,False
ALT-CSE-09-00330,CSE-09,LOW,2024-10-18T13:39:01,2024-10-18T13:48:54.745063,2024-10-18T14:40:53.558313,CLOSED,,GOV-SEC-FW-01,False
ALT-CSE-09-00331,CSE-09,MEDIUM,2024-11-20T07:48:58,2024-11-20T07:51:21.085648,2024-11-20T09:20:18.734166,CLOSED,CAS-CSE-09-0060,UID-VAULT-DB,False
ALT-CSE-09-00332,CSE-09,CRITICAL,2024-10-01T19:31:36,2024-10-01T19:34:17.984015,2024-10-01T20:36:05.434945,CLOSED,CAS-CSE-09-0061,ID-GATEWAY-AUTH-01,True
ALT-CSE-09-00333,CSE-09,LOW,2024-10-07T02:12:30,2024-10-07T02:18:47.331396,2024-10-07T02:59:34.636788,CLOSED,,CITIZEN-PORTAL-WEB,False
ALT-CSE-09-00334,CSE-09,HIGH,2024-10-04T19:24:06,2024-10-04T19:28:54.543447,2024-10-04T21:07:59.921327,CLOSED,,CITIZEN-PORTAL-WEB,False
ALT-CSE-09-00335,CSE-09,LOW,2024-11-25T20:53:26,2024-11-25T20:57:29.949396,2024-11-25T21:40:23.048955,CLOSED,,CITIZEN-PORTAL-WEB,False
ALT-CSE-09-00336,CSE-09,MEDIUM,2024-12-06T14:22:41,2024-12-06T14:30:59.589147,2024-12-06T15:26:56.969625,CLOSED,,GOV-SEC-FW-01,False
ALT-CSE-09-00337,CSE-09,LOW,2024-10-03T10:19:02,2024-10-03T10:30:28.889898,2024-10-03T12:03:59.111703,CLOSED,,CITIZEN-PORTAL-WEB,False
ALT-CSE-09-00338,CSE-09,HIGH,2024-10-21T20:19:16,2024-10-21T20:23:03.047266,2024-10-21T21:47:05.715401,CLOSED,,UID-VAULT-DB,False
ALT-CSE-09-00339,CSE-09,LOW,2024-10-13T17:06:12,2024-10-13T17:10:18.717959,2024-10-13T18:49:18.140977,CLOSED,,CITIZEN-PORTAL-WEB,False
ALT-CSE-09-00340,CSE-09,MEDIUM,2024-10-11T00:47:08,2024-10-11T00:51:23.045338,2024-10-11T01:30:44.192998,CLOSED,,CITIZEN-PORTAL-WEB,False
ALT-CSE-09-00341,CSE-09,LOW,2024-11-13T06:58:47,2024-11-13T07:11:13.895063,2024-11-13T08:30:32.707175,CLOSED,,UID-VAULT-DB,False
ALT-CSE-09-00342,CSE-09,CRITICAL,2024-12-18T17:34:52,2024-12-18T17:42:50.282945,2024-12-18T19:18:24.705359,CLOSED,CAS-CSE-09-0062,ID-GATEWAY-AUTH-01,False
ALT-CSE-09-00343,CSE-09,HIGH,2024-11-26T08:54:07,2024-11-26T09:00:52.692296,2024-11-26T10:04:53.855199,CLOSED,,ID-GATEWAY-AUTH-01,False
ALT-CSE-09-00344,CSE-09,CRITICAL,2024-10-19T18:42:31,2024-10-19T18:55:37.347399,2024-10-19T20:05:04.492190,CLOSED,,GOV-SEC-FW-01,False
ALT-CSE-09-00345,CSE-09,LOW,2024-11-24T18:45:31,2024-11-24T18:48:27.739832,2024-11-24T19:28:04.479991,CLOSED,,CITIZEN-PORTAL-WEB,False
ALT-CSE-09-00346,CSE-09,MEDIUM,2024-10-21T16:06:35,2024-10-21T16:16:38.079085,2024-10-21T16:54:25.291077,CLOSED,,ID-GATEWAY-AUTH-01,False
ALT-CSE-09-00347,CSE-09,MEDIUM,2024-11-07T21:18:53,2024-11-07T21:28:02.838210,2024-11-07T22:48:21.512262,CLOSED,,GOV-SEC-FW-01,False
ALT-CSE-09-00348,CSE-09,LOW,2024-12-21T00:18:26,2024-12-21T00:25:35.537797,2024-12-21T01:57:31.845269,CLOSED,,CITIZEN-PORTAL-WEB,False
ALT-CSE-09-00349,CSE-09,HIGH,2024-11-27T12:29:49,2024-11-27T12:38:21.699594,2024-11-27T13:32:09.829827,CLOSED,,CITIZEN-PORTAL-WEB,False
ALT-CSE-09-00350,CSE-09,MEDIUM,2024-10-30T14:37:47,2024-10-30T14:52:36.686711,2024-10-30T15:36:36.806873,CLOSED,,CITIZEN-PORTAL-WEB,False
ALT-CSE-09-00351,CSE-09,CRITICAL,2024-11-23T14:49:21,2024-11-23T15:02:42.877535,2024-11-23T16:01:43.074459,CLOSED,,CITIZEN-PORTAL-WEB,False
ALT-CSE-09-00352,CSE-09,LOW,2024-11-08T01:45:42,2024-11-08T01:57:32.524644,2024-11-08T03:31:45.855201,CLOSED,,CITIZEN-PORTAL-WEB,False
ALT-CSE-09-00353,CSE-09,HIGH,2024-10-27T12:49:07,2024-10-27T12:59:20.303316,2024-10-27T14:18:43.823113,CLOSED,,ID-GATEWAY-AUTH-01,False
ALT-CSE-09-00354,CSE-09,HIGH,2024-12-05T21:22:02,2024-12-05T21:34:14.548348,2024-12-05T22:15:05.367306,CLOSED,,CITIZEN-PORTAL-WEB,False
ALT-CSE-09-00355,CSE-09,LOW,2024-10-30T00:36:29,2024-10-30T00:39:29.921993,2024-10-30T01:47:46.480716,CLOSED,,GOV-SEC-FW-01,False
ALT-CSE-09-00356,CSE-09,MEDIUM,2024-12-07T12:19:48,2024-12-07T12:28:33.376686,2024-12-07T13:47:04.844439,CLOSED,,ID-GATEWAY-AUTH-01,False
ALT-CSE-09-00357,CSE-09,MEDIUM,2024-11-01T05:50:17,2024-11-01T05:56:10.005869,2024-11-01T06:51:53.647457,CLOSED,,UID-VAULT-DB,False
ALT-CSE-09-00358,CSE-09,HIGH,2024-10-21T03:26:28,2024-10-21T03:40:42.243613,2024-10-21T05:07:35.966084,CLOSED,,CITIZEN-PORTAL-WEB,False
ALT-CSE-09-00359,CSE-09,LOW,2024-12-16T08:05:59,2024-12-16T08:13:45.169312,2024-12-16T09:42:32.963246,CLOSED,,ID-GATEWAY-AUTH-01,False
ALT-CSE-09-00360,CSE-09,MEDIUM,2024-11-21T03:19:50,2024-11-21T03:30:32.311573,2024-11-21T04:04:24.184896,CLOSED,,CITIZEN-PORTAL-WEB,False
ALT-CSE-09-00361,CSE-09,MEDIUM,2024-10-12T16:50:03,2024-10-12T16:55:21.241124,2024-10-12T18:18:55.007668,CLOSED,,ID-GATEWAY-AUTH-01,False
ALT-CSE-09-00362,CSE-09,LOW,2024-10-26T02:47:50,2024-10-26T02:59:10.436959,2024-10-26T04:17:38.533186,CLOSED,,UID-VAULT-DB,False
ALT-CSE-09-00363,CSE-09,MEDIUM,2024-11-24T12:48:22,2024-11-24T12:59:30.818326,2024-11-24T14:01:43.540711,CLOSED,,ID-GATEWAY-AUTH-01,False
ALT-CSE-09-00364,CSE-09,HIGH,2024-11-24T01:56:11,2024-11-24T02:01:45.447782,2024-11-24T03:03:28.627957,CLOSED,,ID-GATEWAY-AUTH-01,False
ALT-CSE-09-00365,CSE-09,HIGH,2024-12-17T06:53:55,2024-12-17T07:00:17.163341,2024-12-17T08:25:33.896304,CLOSED,,CITIZEN-PORTAL-WEB,False
ALT-CSE-09-00366,CSE-09,MEDIUM,2024-11-05T13:11:21,2024-11-05T13:13:46.101856,2024-11-05T13:52:30.948937,CLOSED,,CITIZEN-PORTAL-WEB,False
ALT-CSE-09-00367,CSE-09,MEDIUM,2024-11-14T21:49:42,2024-11-14T21:52:28.148329,2024-11-14T23:00:35.745401,CLOSED,,CITIZEN-PORTAL-WEB,False
ALT-CSE-09-00368,CSE-09,MEDIUM,2024-12-07T12:33:44,2024-12-07T12:45:31.349350,2024-12-07T13:37:07.012149,CLOSED,,UID-VAULT-DB,False
ALT-CSE-09-00369,CSE-09,LOW,2024-12-21T22:52:42,2024-12-21T23:01:57.881878,2024-12-22T00:15:59.153632,CLOSED,,CITIZEN-PORTAL-WEB,False
ALT-CSE-09-00370,CSE-09,HIGH,2024-11-30T14:29:39,2024-11-30T14:40:01.764292,2024-11-30T15:27:27.903248,CLOSED,,GOV-SEC-FW-01,False
ALT-CSE-09-00371,CSE-09,MEDIUM,2024-11-17T23:11:54,2024-11-17T23:22:23.775603,2024-11-18T00:21:58.431143,CLOSED,,ID-GATEWAY-AUTH-01,False
ALT-CSE-09-00372,CSE-09,MEDIUM,2024-10-26T10:05:18,2024-10-26T10:18:32.078901,2024-10-26T11:29:20.273962,CLOSED,,CITIZEN-PORTAL-WEB,False
ALT-CSE-09-00373,CSE-09,LOW,2024-12-15T15:34:16,2024-12-15T15:38:38.322272,2024-12-15T16:18:48.879363,CLOSED,,CITIZEN-PORTAL-WEB,False
ALT-CSE-09-00374,CSE-09,MEDIUM,2024-10-25T02:42:41,2024-10-25T02:50:19.705760,2024-10-25T03:49:04.855793,CLOSED,,UID-VAULT-DB,False
ALT-CSE-09-00375,CSE-09,MEDIUM,2024-10-05T16:01:30,2024-10-05T16:13:45.190122,2024-10-05T17:16:33.695221,CLOSED,,UID-VAULT-DB,False
ALT-CSE-09-00376,CSE-09,LOW,2024-12-03T17:43:22,2024-12-03T17:57:39.344256,2024-12-03T18:48:09.204994,CLOSED,CAS-CSE-09-0063,CITIZEN-PORTAL-WEB,False
ALT-CSE-09-00377,CSE-09,CRITICAL,2024-12-01T22:58:47,2024-12-01T23:09:28.865775,2024-12-02T00:27:33.156552,CLOSED,CAS-CSE-09-0064,CITIZEN-PORTAL-WEB,False
ALT-CSE-09-00378,CSE-09,MEDIUM,2024-11-22T23:22:37,2024-11-22T23:25:55.599097,2024-11-23T00:52:33.528486,CLOSED,,ID-GATEWAY-AUTH-01,False
ALT-CSE-09-00379,CSE-09,HIGH,2024-12-26T16:11:37,2024-12-26T16:25:23.363498,2024-12-26T17:39:16.735531,CLOSED,,UID-VAULT-DB,False
ALT-CSE-09-00380,CSE-09,HIGH,2024-11-21T21:16:38,2024-11-21T21:19:49.987311,2024-11-21T22:05:05.672481,CLOSED,CAS-CSE-09-0065,CITIZEN-PORTAL-WEB,False
ALT-CSE-09-00381,CSE-09,HIGH,2024-10-28T01:55:47,2024-10-28T02:04:02.536797,2024-10-28T02:58:53.972090,CLOSED,,GOV-SEC-FW-01,False
ALT-CSE-09-00382,CSE-09,MEDIUM,2024-10-16T08:38:39,2024-10-16T08:44:41.708135,2024-10-16T10:04:05.313403,CLOSED,,GOV-SEC-FW-01,False
ALT-CSE-09-00383,CSE-09,HIGH,2024-10-26T13:21:47,2024-10-26T13:26:20.605726,2024-10-26T15:05:53.992301,CLOSED,,GOV-SEC-FW-01,False
ALT-CSE-09-00384,CSE-09,HIGH,2024-11-15T18:14:38,2024-11-15T18:19:38.583005,2024-11-15T20:03:29.548760,CLOSED,,ID-GATEWAY-AUTH-01,False
ALT-CSE-09-00385,CSE-09,HIGH,2024-12-10T11:03:26,2024-12-10T11:15:06.225251,2024-12-10T12:38:35.264580,CLOSED,,GOV-SEC-FW-01,False
ALT-CSE-09-00386,CSE-09,MEDIUM,2024-12-18T19:59:11,2024-12-18T20:09:40.281195,2024-12-18T21:04:18.738019,CLOSED,,UID-VAULT-DB,False
ALT-CSE-09-00387,CSE-09,HIGH,2024-12-18T04:29:51,2024-12-18T04:37:48.233806,2024-12-18T05:11:18.263037,CLOSED,CAS-CSE-09-0066,UID-VAULT-DB,False
ALT-CSE-09-00388,CSE-09,HIGH,2024-10-04T06:21:48,2024-10-04T06:24:32.301576,2024-10-04T07:33:51.495021,CLOSED,,UID-VAULT-DB,False
ALT-CSE-09-00389,CSE-09,HIGH,2024-11-15T01:03:33,2024-11-15T01:15:47.269013,2024-11-15T01:45:57.848071,CLOSED,,CITIZEN-PORTAL-WEB,False
ALT-CSE-09-00390,CSE-09,CRITICAL,2024-11-26T11:08:19,2024-11-26T11:10:40.565555,2024-11-26T12:45:11.110717,CLOSED,CAS-CSE-09-0067,GOV-SEC-FW-01,False
ALT-CSE-09-00391,CSE-09,LOW,2024-11-19T01:39:31,2024-11-19T01:45:05.683537,2024-11-19T03:17:16.106437,CLOSED,,CITIZEN-PORTAL-WEB,False
ALT-CSE-09-00392,CSE-09,HIGH,2024-10-26T18:18:58,2024-10-26T18:27:07.592661,2024-10-26T19:33:12.827643,CLOSED,,GOV-SEC-FW-01,False
ALT-CSE-09-00393,CSE-09,MEDIUM,2024-10-17T22:20:01,2024-10-17T22:22:40.716221,2024-10-18T00:01:17.219151,CLOSED,,UID-VAULT-DB,False
ALT-CSE-09-00394,CSE-09,MEDIUM,2024-10-04T21:05:01,2024-10-04T21:13:37.199951,2024-10-04T22:51:00.882919,CLOSED,,GOV-SEC-FW-01,False
ALT-CSE-09-00395,CSE-09,CRITICAL,2024-10-22T12:27:28,2024-10-22T12:31:50.923015,2024-10-22T13:25:13.373313,CLOSED,CAS-CSE-09-0068,UID-VAULT-DB,False
ALT-CSE-09-00396,CSE-09,MEDIUM,2024-11-22T13:00:27,2024-11-22T13:04:18.513716,2024-11-22T14:29:02.656611,CLOSED,,GOV-SEC-FW-01,False
ALT-CSE-09-00397,CSE-09,CRITICAL,2024-10-18T11:27:28,2024-10-18T11:34:23.917161,2024-10-18T12:56:21.679691,CLOSED,CAS-CSE-09-0069,ID-GATEWAY-AUTH-01,True
ALT-CSE-09-00398,CSE-09,MEDIUM,2024-12-27T07:32:10,2024-12-27T07:37:36.407105,2024-12-27T09:09:39.270963,CLOSED,,CITIZEN-PORTAL-WEB,False
ALT-CSE-09-00399,CSE-09,MEDIUM,2024-10-01T07:19:47,2024-10-01T07:29:52.528757,2024-10-01T09:06:45.552818,CLOSED,,ID-GATEWAY-AUTH-01,False
ALT-CSE-09-00400,CSE-09,MEDIUM,2024-11-20T00:39:48,2024-11-20T00:45:01.851079,2024-11-20T01:21:38.970397,CLOSED,,ID-GATEWAY-AUTH-01,False
ALT-CSE-09-00401,CSE-09,LOW,2024-10-15T12:09:44,2024-10-15T12:17:49.853581,2024-10-15T13:48:29.113093,CLOSED,,ID-GATEWAY-AUTH-01,False
ALT-CSE-09-00402,CSE-09,MEDIUM,2024-10-15T23:44:50,2024-10-15T23:51:33.850025,2024-10-16T00:40:22.732840,CLOSED,,UID-VAULT-DB,False
ALT-CSE-09-00403,CSE-09,MEDIUM,2024-12-05T12:57:14,2024-12-05T12:59:59.519248,2024-12-05T13:56:09.871738,CLOSED,,GOV-SEC-FW-01,False
ALT-CSE-09-00404,CSE-09,HIGH,2024-11-29T00:02:59,2024-11-29T00:14:20.945903,2024-11-29T00:45:01.082311,CLOSED,,CITIZEN-PORTAL-WEB,False
ALT-CSE-09-00405,CSE-09,LOW,2024-12-19T14:30:02,2024-12-19T14:33:07.962141,2024-12-19T15:44:04.083675,CLOSED,,CITIZEN-PORTAL-WEB,False
ALT-CSE-09-00406,CSE-09,LOW,2024-11-21T11:08:19,2024-11-21T11:22:41.164335,2024-11-21T12:50:31.465783,CLOSED,CAS-CSE-09-0070,CITIZEN-PORTAL-WEB,False
ALT-CSE-09-00407,CSE-09,LOW,2024-10-27T09:19:37,2024-10-27T09:30:49.024000,2024-10-27T10:54:15.101119,CLOSED,,ID-GATEWAY-AUTH-01,False
ALT-CSE-09-00408,CSE-09,HIGH,2024-10-09T22:42:03,2024-10-09T22:54:50.382521,2024-10-09T23:43:40.209724,CLOSED,,ID-GATEWAY-AUTH-01,False
ALT-CSE-09-00409,CSE-09,MEDIUM,2024-11-08T06:26:48,2024-11-08T06:39:05.082904,2024-11-08T07:57:20.645856,CLOSED,,ID-GATEWAY-AUTH-01,False
ALT-CSE-09-00410,CSE-09,MEDIUM,2024-12-12T11:01:57,2024-12-12T11:06:05.992602,2024-12-12T12:41:02.759620,CLOSED,,CITIZEN-PORTAL-WEB,False
ALT-CSE-09-00411,CSE-09,CRITICAL,2024-12-04T09:15:17,2024-12-04T09:27:30.434968,2024-12-04T10:39:47.193114,CLOSED,CAS-CSE-09-0071,GOV-SEC-FW-01,False
ALT-CSE-09-00412,CSE-09,MEDIUM,2024-11-26T22:42:26,2024-11-26T22:50:44.350576,2024-11-27T00:15:15.882716,CLOSED,,UID-VAULT-DB,False
ALT-CSE-09-00413,CSE-09,CRITICAL,2024-12-18T02:00:21,2024-12-18T02:06:50.029597,2024-12-18T03:19:10.804838,CLOSED,CAS-CSE-09-0072,ID-GATEWAY-AUTH-01,False
ALT-CSE-09-00414,CSE-09,MEDIUM,2024-10-01T11:42:08,2024-10-01T11:50:53.087581,2024-10-01T13:06:56.651079,CLOSED,,ID-GATEWAY-AUTH-01,False
ALT-CSE-09-00415,CSE-09,HIGH,2024-12-03T11:20:27,2024-12-03T11:28:55.090892,2024-12-03T12:23:22.460038,CLOSED,,GOV-SEC-FW-01,False
ALT-CSE-09-00416,CSE-09,MEDIUM,2024-11-07T00:29:14,2024-11-07T00:43:59.673173,2024-11-07T02:02:38.064775,CLOSED,,CITIZEN-PORTAL-WEB,False
ALT-CSE-09-00417,CSE-09,CRITICAL,2024-12-21T11:35:39,2024-12-21T11:42:06.925946,2024-12-21T13:08:34.199635,CLOSED,CAS-CSE-09-0073,GOV-SEC-FW-01,False
ALT-CSE-09-00418,CSE-09,HIGH,2024-10-02T12:17:00,2024-10-02T12:26:57.800595,2024-10-02T13:37:34.724771,CLOSED,CAS-CSE-09-0074,UID-VAULT-DB,False
ALT-CSE-09-00419,CSE-09,MEDIUM,2024-11-21T19:20:55,2024-11-21T19:24:43.643132,2024-11-21T20:09:39.058147,CLOSED,,ID-GATEWAY-AUTH-01,False
ALT-CSE-09-00420,CSE-09,MEDIUM,2024-12-16T22:49:35,2024-12-16T23:01:09.428098,2024-12-17T00:22:58.969956,CLOSED,,GOV-SEC-FW-01,False
ALT-CSE-09-00421,CSE-09,HIGH,2024-11-14T06:18:28,2024-11-14T06:29:53.218649,2024-11-14T08:03:01.093813,CLOSED,,UID-VAULT-DB,False
ALT-CSE-09-00422,CSE-09,LOW,2024-12-13T09:13:19,2024-12-13T09:26:51.836637,2024-12-13T09:53:32.665705,CLOSED,,ID-GATEWAY-AUTH-01,False
ALT-CSE-09-00423,CSE-09,LOW,2024-10-28T07:02:43,2024-10-28T07:05:33.601219,2024-10-28T08:41:26.918365,CLOSED,,GOV-SEC-FW-01,False
ALT-CSE-09-00424,CSE-09,LOW,2024-11-09T15:14:10,2024-11-09T15:23:38.611669,2024-11-09T16:28:52.417119,CLOSED,CAS-CSE-09-0075,GOV-SEC-FW-01,True
ALT-CSE-09-00425,CSE-09,CRITICAL,2024-12-05T04:04:54,2024-12-05T04:13:17.141045,2024-12-05T04:59:51.343834,CLOSED,CAS-CSE-09-0076,ID-GATEWAY-AUTH-01,False
ALT-CSE-09-00426,CSE-09,HIGH,2024-12-18T15:13:49,2024-12-18T15:24:29.142957,2024-12-18T16:05:39.114389,CLOSED,,GOV-SEC-FW-01,False
ALT-CSE-09-00427,CSE-09,HIGH,2024-12-12T01:23:39,2024-12-12T01:36:14.839051,2024-12-12T02:47:09.287795,CLOSED,,CITIZEN-PORTAL-WEB,False
ALT-CSE-09-00428,CSE-09,LOW,2024-10-31T12:30:52,2024-10-31T12:41:28.767982,2024-10-31T13:57:30.522633,CLOSED,,CITIZEN-PORTAL-WEB,False
ALT-CSE-09-00429,CSE-09,MEDIUM,2024-11-27T05:37:02,2024-11-27T05:46:07.708067,2024-11-27T06:47:14.088796,CLOSED,CAS-CSE-09-0077,CITIZEN-PORTAL-WEB,False
ALT-CSE-09-00430,CSE-09,MEDIUM,2024-11-06T22:07:01,2024-11-06T22:12:22.512919,2024-11-06T23:14:38.459267,CLOSED,,ID-GATEWAY-AUTH-01,False
ALT-CSE-09-00431,CSE-09,HIGH,2024-10-14T00:22:31,2024-10-14T00:27:29.756872,2024-10-14T01:53:20.746838,CLOSED,,ID-GATEWAY-AUTH-01,False
ALT-CSE-09-00432,CSE-09,HIGH,2024-12-15T06:17:35,2024-12-15T06:23:20.108199,2024-12-15T06:57:56.336798,CLOSED,,UID-VAULT-DB,False
ALT-CSE-09-00433,CSE-09,HIGH,2024-12-14T03:40:12,2024-12-14T03:43:46.412592,2024-12-14T04:49:10.553132,CLOSED,,UID-VAULT-DB,False
ALT-CSE-09-00434,CSE-09,HIGH,2024-11-23T20:55:44,2024-11-23T21:07:00.946364,2024-11-23T21:40:41.030831,CLOSED,,UID-VAULT-DB,False
ALT-CSE-09-00435,CSE-09,LOW,2024-10-04T18:04:57,2024-10-04T18:14:05.854274,2024-10-04T19:17:24.133399,CLOSED,,GOV-SEC-FW-01,False
ALT-CSE-09-00436,CSE-09,LOW,2024-12-28T17:49:26,2024-12-28T18:03:29.641107,2024-12-28T19:37:42.908304,CLOSED,,ID-GATEWAY-AUTH-01,False
ALT-CSE-09-00437,CSE-09,HIGH,2024-11-14T23:34:21,2024-11-14T23:37:00.497399,2024-11-15T00:23:47.850454,CLOSED,,UID-VAULT-DB,False
ALT-CSE-09-00438,CSE-09,HIGH,2024-10-16T02:35:19,2024-10-16T02:46:23.684925,2024-10-16T03:56:24.532127,CLOSED,,CITIZEN-PORTAL-WEB,False
ALT-CSE-09-00439,CSE-09,LOW,2024-11-30T09:36:57,2024-11-30T09:45:19.491359,2024-11-30T10:39:35.597934,CLOSED,,CITIZEN-PORTAL-WEB,False
ALT-CSE-09-00440,CSE-09,HIGH,2024-12-19T15:39:08,2024-12-19T15:52:22.229750,2024-12-19T16:41:42.544836,CLOSED,,ID-GATEWAY-AUTH-01,False
ALT-CSE-09-00441,CSE-09,MEDIUM,2024-10-08T19:00:23,2024-10-08T19:12:55.238525,2024-10-08T20:14:48.424440,CLOSED,,ID-GATEWAY-AUTH-01,False
ALT-CSE-09-00442,CSE-09,CRITICAL,2024-10-14T12:23:03,2024-10-14T12:29:29.564834,2024-10-14T13:13:40.189581,CLOSED,CAS-CSE-09-0078,UID-VAULT-DB,True
ALT-CSE-09-00443,CSE-09,LOW,2024-11-17T13:00:53,2024-11-17T13:11:00.340490,2024-11-17T14:09:52.827063,CLOSED,,CITIZEN-PORTAL-WEB,False
ALT-CSE-09-00444,CSE-09,HIGH,2024-11-01T03:26:19,2024-11-01T03:40:27.520974,2024-11-01T04:54:22.985497,CLOSED,,GOV-SEC-FW-01,False
ALT-CSE-09-00445,CSE-09,LOW,2024-10-01T09:23:46,2024-10-01T09:26:40.339387,2024-10-01T11:08:56.490225,CLOSED,,UID-VAULT-DB,False
ALT-CSE-09-00446,CSE-09,HIGH,2024-12-18T01:09:48,2024-12-18T01:12:08.288706,2024-12-18T02:23:11.424763,CLOSED,CAS-CSE-09-0079,UID-VAULT-DB,False
ALT-CSE-09-00447,CSE-09,MEDIUM,2024-12-03T00:26:12,2024-12-03T00:34:44.991464,2024-12-03T02:04:11.155916,CLOSED,,CITIZEN-PORTAL-WEB,False
ALT-CSE-09-00448,CSE-09,HIGH,2024-11-27T12:07:30,2024-11-27T12:21:25.616609,2024-11-27T12:53:27.043232,CLOSED,,UID-VAULT-DB,False
ALT-CSE-09-00449,CSE-09,HIGH,2024-11-22T09:58:41,2024-11-22T10:02:34.657167,2024-11-22T11:48:29.833389,CLOSED,,ID-GATEWAY-AUTH-01,False
ALT-CSE-09-00450,CSE-09,HIGH,2024-12-27T06:26:42,2024-12-27T06:34:20.465579,2024-12-27T07:41:47.573151,CLOSED,,CITIZEN-PORTAL-WEB,False
ALT-CSE-09-00451,CSE-09,LOW,2024-11-13T14:16:53,2024-11-13T14:24:32.594719,2024-11-13T15:49:25.657179,CLOSED,,CITIZEN-PORTAL-WEB,False
ALT-CSE-09-00452,CSE-09,LOW,2024-10-24T07:07:14,2024-10-24T07:20:49.712264,2024-10-24T08:02:03.763661,CLOSED,,ID-GATEWAY-AUTH-01,False
ALT-CSE-09-00453,CSE-09,LOW,2024-12-10T03:10:56,2024-12-10T03:23:19.295050,2024-12-10T04:35:14.090760,CLOSED,CAS-CSE-09-0080,ID-GATEWAY-AUTH-01,True
ALT-CSE-09-00454,CSE-09,CRITICAL,2024-10-24T02:43:39,2024-10-24T02:53:32.916427,2024-10-24T03:28:00.025471,CLOSED,CAS-CSE-09-0081,UID-VAULT-DB,False
ALT-CSE-09-00455,CSE-09,LOW,2024-12-07T11:35:04,2024-12-07T11:40:22.108979,2024-12-07T13:08:34.246583,CLOSED,,CITIZEN-PORTAL-WEB,False
ALT-CSE-09-00456,CSE-09,MEDIUM,2024-10-15T21:18:16,2024-10-15T21:23:34.983840,2024-10-15T22:09:41.979591,CLOSED,,GOV-SEC-FW-01,False
ALT-CSE-09-00457,CSE-09,LOW,2024-12-14T00:57:05,2024-12-14T01:04:41.749818,2024-12-14T01:37:47.992522,CLOSED,,ID-GATEWAY-AUTH-01,False
ALT-CSE-09-00458,CSE-09,LOW,2024-12-29T22:37:20,2024-12-29T22:43:41.019563,2024-12-30T00:07:28.698661,CLOSED,,CITIZEN-PORTAL-WEB,False
ALT-CSE-09-00459,CSE-09,MEDIUM,2024-12-01T07:04:36,2024-12-01T07:14:42.419864,2024-12-01T08:06:14.073951,CLOSED,,GOV-SEC-FW-01,False
ALT-CSE-09-00460,CSE-09,MEDIUM,2024-11-25T23:54:12,2024-11-25T23:59:10.373788,2024-11-26T00:56:33.933066,CLOSED,,CITIZEN-PORTAL-WEB,False
ALT-CSE-09-00461,CSE-09,LOW,2024-11-12T03:42:39,2024-11-12T03:54:57.043814,2024-11-12T04:23:36.611313,CLOSED,,UID-VAULT-DB,False
ALT-CSE-09-00462,CSE-09,LOW,2024-12-09T04:56:17,2024-12-09T05:02:30.140057,2024-12-09T06:15:26.157595,CLOSED,CAS-CSE-09-0082,CITIZEN-PORTAL-WEB,False
ALT-CSE-09-00463,CSE-09,MEDIUM,2024-10-15T08:57:21,2024-10-15T09:09:27.799908,2024-10-15T10:10:43.178654,CLOSED,,GOV-SEC-FW-01,False
ALT-CSE-09-00464,CSE-09,LOW,2024-11-17T05:39:57,2024-11-17T05:45:43.886104,2024-11-17T06:36:19.382662,CLOSED,,GOV-SEC-FW-01,False
ALT-CSE-09-00465,CSE-09,LOW,2024-10-11T14:39:22,2024-10-11T14:52:28.190786,2024-10-11T16:13:31.112075,CLOSED,,GOV-SEC-FW-01,False
ALT-CSE-09-00466,CSE-09,MEDIUM,2024-12-09T01:00:18,2024-12-09T01:06:01.491149,2024-12-09T02:06:05.002513,CLOSED,,UID-VAULT-DB,False
ALT-CSE-09-00467,CSE-09,HIGH,2024-12-05T13:35:22,2024-12-05T13:48:47.591299,2024-12-05T15:25:21.567347,CLOSED,,CITIZEN-PORTAL-WEB,False
ALT-CSE-09-00468,CSE-09,MEDIUM,2024-11-16T17:56:37,2024-11-16T18:00:13.676017,2024-11-16T19:10:10.704749,CLOSED,,CITIZEN-PORTAL-WEB,False
ALT-CSE-09-00469,CSE-09,LOW,2024-11-08T14:44:56,2024-11-08T14:56:40.333237,2024-11-08T16:22:53.698778,CLOSED,,GOV-SEC-FW-01,False
ALT-CSE-09-00470,CSE-09,LOW,2024-10-24T06:47:01,2024-10-24T06:58:24.056713,2024-10-24T07:30:29.407070,CLOSED,CAS-CSE-09-0083,GOV-SEC-FW-01,False
ALT-CSE-09-00471,CSE-09,MEDIUM,2024-11-19T15:03:14,2024-11-19T15:08:22.323667,2024-11-19T15:46:28.358532,CLOSED,,CITIZEN-PORTAL-WEB,False
ALT-CSE-09-00472,CSE-09,LOW,2024-10-25T18:00:19,2024-10-25T18:11:12.056805,2024-10-25T19:03:55.020700,CLOSED,,UID-VAULT-DB,False
ALT-CSE-09-00473,CSE-09,MEDIUM,2024-12-06T05:21:43,2024-12-06T05:27:01.090603,2024-12-06T06:54:46.037048,CLOSED,,GOV-SEC-FW-01,False
ALT-CSE-09-00474,CSE-09,LOW,2024-12-02T05:04:43,2024-12-02T05:08:24.208867,2024-12-02T06:16:57.330930,CLOSED,,ID-GATEWAY-AUTH-01,False
ALT-CSE-09-00475,CSE-09,MEDIUM,2024-12-11T03:14:28,2024-12-11T03:20:59.106468,2024-12-11T04:19:43.180049,CLOSED,,CITIZEN-PORTAL-WEB,False
ALT-CSE-09-00476,CSE-09,LOW,2024-11-28T18:45:43,2024-11-28T18:59:01.409942,2024-11-28T20:01:45.951389,CLOSED,CAS-CSE-09-0084,ID-GATEWAY-AUTH-01,False
ALT-CSE-09-00477,CSE-09,LOW,2024-11-29T04:17:04,2024-11-29T04:31:24.127768,2024-11-29T05:39:50.697164,CLOSED,,CITIZEN-PORTAL-WEB,False
ALT-CSE-09-00478,CSE-09,MEDIUM,2024-12-13T21:37:38,2024-12-13T21:52:35.106028,2024-12-13T23:24:42.078824,CLOSED,,UID-VAULT-DB,False
ALT-CSE-09-00479,CSE-09,HIGH,2024-10-09T01:10:48,2024-10-09T01:23:41.860857,2024-10-09T02:25:46.199345,CLOSED,,UID-VAULT-DB,False
ALT-CSE-09-00480,CSE-09,HIGH,2024-11-17T03:11:32,2024-11-17T03:22:29.410343,2024-11-17T03:52:44.915438,CLOSED,,UID-VAULT-DB,False
ALT-CSE-09-00481,CSE-09,HIGH,2024-10-16T21:27:38,2024-10-16T21:34:10.063339,2024-10-16T22:21:31.990132,CLOSED,,UID-VAULT-DB,False
ALT-CSE-09-00482,CSE-09,MEDIUM,2024-11-23T21:46:06,2024-11-23T22:00:08.461319,2024-11-23T23:28:13.469494,CLOSED,,CITIZEN-PORTAL-WEB,False
ALT-CSE-09-00483,CSE-09,MEDIUM,2024-11-27T04:26:42,2024-11-27T04:35:40.618126,2024-11-27T05:55:27.578669,CLOSED,,GOV-SEC-FW-01,False
ALT-CSE-09-00484,CSE-09,HIGH,2024-11-21T21:40:44,2024-11-21T21:54:30.850447,2024-11-21T23:14:07.180726,CLOSED,,UID-VAULT-DB,False
ALT-CSE-09-00485,CSE-09,LOW,2024-12-12T00:51:43,2024-12-12T01:00:01.299221,2024-12-12T02:28:04.919130,CLOSED,,CITIZEN-PORTAL-WEB,False
ALT-CSE-09-00486,CSE-09,LOW,2024-11-22T13:12:16,2024-11-22T13:24:47.932666,2024-11-22T14:42:41.808484,CLOSED,,ID-GATEWAY-AUTH-01,False
ALT-CSE-09-00487,CSE-09,HIGH,2024-10-14T14:06:07,2024-10-14T14:16:42.411870,2024-10-14T15:49:59.628219,CLOSED,,ID-GATEWAY-AUTH-01,False
ALT-CSE-09-00488,CSE-09,MEDIUM,2024-11-01T22:12:28,2024-11-01T22:26:33.580314,2024-11-01T23:34:22.073440,CLOSED,,UID-VAULT-DB,False
ALT-CSE-09-00489,CSE-09,MEDIUM,2024-12-18T04:14:23,2024-12-18T04:23:32.602298,2024-12-18T05:41:01.662958,CLOSED,,UID-VAULT-DB,False
ALT-CSE-09-00490,CSE-09,HIGH,2024-11-13T21:29:12,2024-11-13T21:31:37.079402,2024-11-13T22:33:39.173853,CLOSED,,UID-VAULT-DB,False
ALT-CSE-09-00491,CSE-09,MEDIUM,2024-10-13T10:52:05,2024-10-13T11:01:07.523043,2024-10-13T12:25:50.055954,CLOSED,,ID-GATEWAY-AUTH-01,False
ALT-CSE-09-00492,CSE-09,LOW,2024-10-21T18:50:09,2024-10-21T18:52:42.542191,2024-10-21T20:01:57.391841,CLOSED,,ID-GATEWAY-AUTH-01,False
ALT-CSE-09-00493,CSE-09,HIGH,2024-12-01T20:50:24,2024-12-01T20:59:40.739397,2024-12-01T22:00:01.651857,CLOSED,,ID-GATEWAY-AUTH-01,False
ALT-CSE-09-00494,CSE-09,MEDIUM,2024-12-16T12:54:06,2024-12-16T13:07:28.345918,2024-12-16T14:19:17.878498,CLOSED,,ID-GATEWAY-AUTH-01,False
ALT-CSE-09-00495,CSE-09,HIGH,2024-10-08T06:23:50,2024-10-08T06:32:11.872064,2024-10-08T07:28:14.645454,CLOSED,,CITIZEN-PORTAL-WEB,False
ALT-CSE-09-00496,CSE-09,HIGH,2024-11-17T07:57:00,2024-11-17T08:04:53.710829,2024-11-17T09:07:48.944413,CLOSED,,GOV-SEC-FW-01,False
ALT-CSE-09-00497,CSE-09,CRITICAL,2024-12-02T20:12:18,2024-12-02T20:19:51.131002,2024-12-02T21:46:53.053713,CLOSED,CAS-CSE-09-0085,ID-GATEWAY-AUTH-01,True
ALT-CSE-09-00498,CSE-09,HIGH,2024-10-13T21:44:44,2024-10-13T21:50:20.362736,2024-10-13T23:28:18.426406,CLOSED,,UID-VAULT-DB,False
ALT-CSE-09-00499,CSE-09,MEDIUM,2024-12-16T19:34:55,2024-12-16T19:39:52.425113,2024-12-16T20:39:15.900230,CLOSED,,UID-VAULT-DB,False
ALT-CSE-09-00500,CSE-09,MEDIUM,2024-10-31T06:41:08,2024-10-31T06:46:29.679639,2024-10-31T08:01:40.568349,CLOSED,,CITIZEN-PORTAL-WEB,False
ALT-CSE-09-00501,CSE-09,HIGH,2024-11-17T17:46:06,2024-11-17T17:58:05.334500,2024-11-17T18:54:45.537187,CLOSED,,ID-GATEWAY-AUTH-01,False
ALT-CSE-09-00502,CSE-09,CRITICAL,2024-10-27T19:07:14,2024-10-27T19:19:07.478312,2024-10-27T20:01:24.684135,CLOSED,CAS-CSE-09-0086,ID-GATEWAY-AUTH-01,False
ALT-CSE-09-00503,CSE-09,MEDIUM,2024-10-17T14:28:54,2024-10-17T14:36:15.297196,2024-10-17T16:10:25.923465,CLOSED,,GOV-SEC-FW-01,False
ALT-CSE-09-00504,CSE-09,MEDIUM,2024-12-22T09:06:04,2024-12-22T09:08:34.527846,2024-12-22T10:17:41.500665,CLOSED,,ID-GATEWAY-AUTH-01,False
ALT-CSE-09-00505,CSE-09,MEDIUM,2024-11-20T04:33:39,2024-11-20T04:46:24.579400,2024-11-20T05:45:53.482525,CLOSED,,GOV-SEC-FW-01,False
ALT-CSE-09-00506,CSE-09,HIGH,2024-11-01T04:32:04,2024-11-01T04:42:16.081074,2024-11-01T05:15:35.506852,CLOSED,,UID-VAULT-DB,False
ALT-CSE-09-00507,CSE-09,LOW,2024-12-17T07:56:24,2024-12-17T08:00:04.300995,2024-12-17T08:40:34.458267,CLOSED,,CITIZEN-PORTAL-WEB,False
ALT-CSE-09-00508,CSE-09,LOW,2024-10-14T15:24:37,2024-10-14T15:29:29.869121,2024-10-14T16:34:06.009807,CLOSED,,ID-GATEWAY-AUTH-01,False
ALT-CSE-09-00509,CSE-09,HIGH,2024-11-06T01:36:24,2024-11-06T01:50:14.065355,2024-11-06T03:06:11.972083,CLOSED,,UID-VAULT-DB,False
ALT-CSE-09-00510,CSE-09,HIGH,2024-10-02T04:21:24,2024-10-02T04:26:06.644811,2024-10-02T05:18:04.320504,CLOSED,,ID-GATEWAY-AUTH-01,False
ALT-CSE-09-00511,CSE-09,LOW,2024-10-10T06:46:11,2024-10-10T06:53:15.043634,2024-10-10T07:56:19.344165,CLOSED,,UID-VAULT-DB,False
ALT-CSE-09-00512,CSE-09,MEDIUM,2024-11-09T14:39:16,2024-11-09T14:44:38.672650,2024-11-09T15:53:40.135699,CLOSED,,ID-GATEWAY-AUTH-01,False
ALT-CSE-09-00513,CSE-09,MEDIUM,2024-12-17T20:36:56,2024-12-17T20:51:33.146338,2024-12-17T22:17:49.848507,CLOSED,,ID-GATEWAY-AUTH-01,False
ALT-CSE-09-00514,CSE-09,HIGH,2024-10-23T11:07:41,2024-10-23T11:11:24.619288,2024-10-23T12:53:12.402667,CLOSED,,CITIZEN-PORTAL-WEB,False
ALT-CSE-09-00515,CSE-09,LOW,2024-10-24T19:52:05,2024-10-24T19:56:29.782569,2024-10-24T21:12:57.187110,CLOSED,,UID-VAULT-DB,False
ALT-CSE-09-00516,CSE-09,CRITICAL,2024-10-19T20:01:02,2024-10-19T20:04:05.006755,2024-10-19T21:31:35.999022,CLOSED,CAS-CSE-09-0087,CITIZEN-PORTAL-WEB,False
ALT-CSE-09-00517,CSE-09,CRITICAL,2024-11-10T04:13:40,2024-11-10T04:17:17.612619,2024-11-10T05:47:40.220352,CLOSED,CAS-CSE-09-0088,GOV-SEC-FW-01,False
ALT-CSE-09-00518,CSE-09,LOW,2024-12-19T08:17:47,2024-12-19T08:32:23.878868,2024-12-19T09:02:59.256077,CLOSED,,ID-GATEWAY-AUTH-01,False
ALT-CSE-09-00519,CSE-09,MEDIUM,2024-11-15T02:28:10,2024-11-15T02:35:35.997858,2024-11-15T03:23:12.624917,CLOSED,,ID-GATEWAY-AUTH-01,False
ALT-CSE-09-00520,CSE-09,MEDIUM,2024-12-12T00:41:57,2024-12-12T00:51:28.095947,2024-12-12T01:42:41.266651,CLOSED,,GOV-SEC-FW-01,False
ALT-CSE-09-00521,CSE-09,MEDIUM,2024-12-22T06:44:42,2024-12-22T06:53:07.498300,2024-12-22T07:43:20.396617,CLOSED,,ID-GATEWAY-AUTH-01,False
ALT-CSE-09-00522,CSE-09,MEDIUM,2024-10-12T01:51:33,2024-10-12T01:56:29.495369,2024-10-12T03:23:41.378994,CLOSED,,ID-GATEWAY-AUTH-01,False
ALT-CSE-09-00523,CSE-09,MEDIUM,2024-10-24T22:01:24,2024-10-24T22:05:27.932474,2024-10-24T23:11:52.201760,CLOSED,,UID-VAULT-DB,False
ALT-CSE-09-00524,CSE-09,MEDIUM,2024-12-23T14:05:34,2024-12-23T14:12:35.399761,2024-12-23T15:06:59.188886,CLOSED,,GOV-SEC-FW-01,False
ALT-CSE-09-00525,CSE-09,CRITICAL,2024-10-19T07:37:44,2024-10-19T07:48:31.978469,2024-10-19T09:15:45.649089,CLOSED,CAS-CSE-09-0089,CITIZEN-PORTAL-WEB,False
ALT-CSE-09-00526,CSE-09,MEDIUM,2024-12-24T10:24:43,2024-12-24T10:27:33.617992,2024-12-24T11:43:36.296466,CLOSED,,GOV-SEC-FW-01,False
ALT-CSE-09-00527,CSE-09,HIGH,2024-10-28T11:33:25,2024-10-28T11:46:32.722064,2024-10-28T12:33:58.037793,CLOSED,,GOV-SEC-FW-01,False
ALT-CSE-09-00528,CSE-09,HIGH,2024-11-08T18:21:30,2024-11-08T18:35:56.212285,2024-11-08T19:33:15.752888,CLOSED,,GOV-SEC-FW-01,False
ALT-CSE-09-00529,CSE-09,HIGH,2024-11-25T02:06:38,2024-11-25T02:20:03.444265,2024-11-25T03:40:43.700142,CLOSED,,GOV-SEC-FW-01,False
ALT-CSE-09-00530,CSE-09,LOW,2024-12-04T12:27:20,2024-12-04T12:41:15.147181,2024-12-04T13:30:36.409169,CLOSED,,ID-GATEWAY-AUTH-01,False
ALT-CSE-09-00531,CSE-09,HIGH,2024-12-19T13:35:16,2024-12-19T13:48:01.207887,2024-12-19T15:06:35.511261,CLOSED,,CITIZEN-PORTAL-WEB,False
ALT-CSE-09-00532,CSE-09,LOW,2024-12-01T21:26:26,2024-12-01T21:38:32.866938,2024-12-01T23:00:10.588539,CLOSED,,UID-VAULT-DB,False
ALT-CSE-09-00533,CSE-09,HIGH,2024-10-04T18:22:15,2024-10-04T18:24:42.723778,2024-10-04T19:24:39.951738,CLOSED,,GOV-SEC-FW-01,False
ALT-CSE-09-00534,CSE-09,LOW,2024-12-01T15:59:23,2024-12-01T16:10:55.371305,2024-12-01T16:55:02.799431,CLOSED,,UID-VAULT-DB,False
ALT-CSE-09-00535,CSE-09,LOW,2024-11-11T12:48:18,2024-11-11T12:50:52.959751,2024-11-11T14:16:29.909087,CLOSED,,GOV-SEC-FW-01,False
ALT-CSE-09-00536,CSE-09,LOW,2024-12-22T23:45:58,2024-12-22T23:48:33.238670,2024-12-23T00:50:08.939189,CLOSED,,GOV-SEC-FW-01,False
ALT-CSE-09-00537,CSE-09,MEDIUM,2024-10-12T23:32:21,2024-10-12T23:41:50.620150,2024-10-13T00:17:50.734685,CLOSED,,ID-GATEWAY-AUTH-01,False
ALT-CSE-09-00538,CSE-09,HIGH,2024-11-15T18:43:03,2024-11-15T18:52:17.236903,2024-11-15T19:33:32.697449,CLOSED,,ID-GATEWAY-AUTH-01,False
ALT-CSE-09-00539,CSE-09,CRITICAL,2024-11-19T12:30:06,2024-11-19T12:33:45.918607,2024-11-19T14:00:33.226128,CLOSED,CAS-CSE-09-0090,CITIZEN-PORTAL-WEB,False
ALT-CSE-09-00540,CSE-09,LOW,2024-11-01T11:47:41,2024-11-01T12:01:01.841025,2024-11-01T13:08:54.130240,CLOSED,,UID-VAULT-DB,False
ALT-CSE-09-00541,CSE-09,HIGH,2024-10-22T20:20:11,2024-10-22T20:27:05.307934,2024-10-22T22:02:10.221835,CLOSED,CAS-CSE-09-0091,ID-GATEWAY-AUTH-01,False
ALT-CSE-09-00542,CSE-09,CRITICAL,2024-10-03T19:08:43,2024-10-03T19:12:14.719039,2024-10-03T20:44:26.666171,CLOSED,CAS-CSE-09-0092,UID-VAULT-DB,False
ALT-CSE-09-00543,CSE-09,LOW,2024-11-14T11:34:30,2024-11-14T11:46:49.321235,2024-11-14T13:17:54.873584,CLOSED,,GOV-SEC-FW-01,False
ALT-CSE-09-00544,CSE-09,MEDIUM,2024-11-07T06:52:25,2024-11-07T07:01:33.414313,2024-11-07T07:56:05.168223,CLOSED,,GOV-SEC-FW-01,False
ALT-CSE-09-00545,CSE-09,LOW,2024-12-16T04:36:44,2024-12-16T04:45:39.304081,2024-12-16T06:04:24.488139,CLOSED,CAS-CSE-09-0093,GOV-SEC-FW-01,False
ALT-CSE-09-00546,CSE-09,HIGH,2024-10-14T19:57:26,2024-10-14T20:09:16.770085,2024-10-14T20:51:38.334433,CLOSED,,UID-VAULT-DB,False
ALT-CSE-09-00547,CSE-09,MEDIUM,2024-12-05T00:01:41,2024-12-05T00:15:55.481789,2024-12-05T01:39:49.609298,CLOSED,,GOV-SEC-FW-01,False
ALT-CSE-09-00548,CSE-09,CRITICAL,2024-11-25T07:42:47,2024-11-25T07:52:59.275782,2024-11-25T09:06:21.755874,CLOSED,,CITIZEN-PORTAL-WEB,False
ALT-CSE-09-00549,CSE-09,MEDIUM,2024-12-27T15:48:47,2024-12-27T16:00:52.245162,2024-12-27T17:22:31.255167,CLOSED,,GOV-SEC-FW-01,False
ALT-CSE-09-00550,CSE-09,MEDIUM,2024-11-07T06:32:19,2024-11-07T06:40:53.588260,2024-11-07T07:29:31.580869,CLOSED,,GOV-SEC-FW-01,False
ALT-CSE-09-00551,CSE-09,LOW,2024-12-15T09:36:06,2024-12-15T09:46:52.065151,2024-12-15T10:51:21.074580,CLOSED,CAS-CSE-09-0094,UID-VAULT-DB,True
ALT-CSE-09-00552,CSE-09,MEDIUM,2024-10-18T14:20:45,2024-10-18T14:26:21.155411,2024-10-18T15:20:52.982225,CLOSED,,ID-GATEWAY-AUTH-01,False
ALT-CSE-09-00553,CSE-09,CRITICAL,2024-11-22T19:58:57,2024-11-22T20:09:47.288061,2024-11-22T21:43:17.702935,CLOSED,CAS-CSE-09-0095,GOV-SEC-FW-01,False
ALT-CSE-09-00554,CSE-09,HIGH,2024-12-06T10:20:46,2024-12-06T10:30:34.840397,2024-12-06T11:57:51.796790,CLOSED,,UID-VAULT-DB,False
ALT-CSE-09-00555,CSE-09,MEDIUM,2024-10-12T20:19:45,2024-10-12T20:33:52.803869,2024-10-12T21:04:41.464969,CLOSED,,GOV-SEC-FW-01,False
ALT-CSE-09-00556,CSE-09,HIGH,2024-12-21T07:37:51,2024-12-21T07:48:16.139345,2024-12-21T08:59:38.651150,CLOSED,,CITIZEN-PORTAL-WEB,False
ALT-CSE-09-00557,CSE-09,HIGH,2024-10-16T01:45:18,2024-10-16T01:48:43.079426,2024-10-16T03:34:22.548901,CLOSED,,GOV-SEC-FW-01,False
ALT-CSE-09-00558,CSE-09,MEDIUM,2024-10-26T13:42:51,2024-10-26T13:47:29.735605,2024-10-26T14:24:09.556246,CLOSED,,ID-GATEWAY-AUTH-01,False
ALT-CSE-09-00559,CSE-09,LOW,2024-12-07T15:23:17,2024-12-07T15:25:41.661326,2024-12-07T16:07:26.155434,CLOSED,,GOV-SEC-FW-01,False
ALT-CSE-09-00560,CSE-09,LOW,2024-12-03T11:25:20,2024-12-03T11:33:29.147231,2024-12-03T12:42:13.804489,CLOSED,,GOV-SEC-FW-01,False
ALT-CSE-09-00561,CSE-09,HIGH,2024-10-19T21:11:24,2024-10-19T21:16:20.963739,2024-10-19T22:18:32.735804,CLOSED,,GOV-SEC-FW-01,False
ALT-CSE-09-00562,CSE-09,MEDIUM,2024-12-07T01:27:07,2024-12-07T01:29:32.945768,2024-12-07T02:57:39.594853,CLOSED,,ID-GATEWAY-AUTH-01,False
ALT-CSE-09-00563,CSE-09,MEDIUM,2024-11-21T01:02:27,2024-11-21T01:07:17.918535,2024-11-21T02:11:35.193313,CLOSED,,CITIZEN-PORTAL-WEB,False
ALT-CSE-09-00564,CSE-09,CRITICAL,2024-12-06T12:53:35,2024-12-06T13:08:32.746952,2024-12-06T14:41:08.564769,CLOSED,,GOV-SEC-FW-01,False
ALT-CSE-09-00565,CSE-09,HIGH,2024-10-29T20:55:15,2024-10-29T21:09:49.986097,2024-10-29T22:02:13.049610,CLOSED,,UID-VAULT-DB,False
ALT-CSE-09-00566,CSE-09,LOW,2024-10-01T21:54:09,2024-10-01T22:04:28.368549,2024-10-01T22:48:18.028984,CLOSED,,GOV-SEC-FW-01,False
ALT-CSE-09-00567,CSE-09,LOW,2024-11-14T08:00:20,2024-11-14T08:05:08.278145,2024-11-14T09:12:00.916847,CLOSED,,GOV-SEC-FW-01,False
ALT-CSE-09-00568,CSE-09,HIGH,2024-12-19T20:45:40,2024-12-19T20:49:14.317696,2024-12-19T21:28:24.863991,CLOSED,CAS-CSE-09-0096,UID-VAULT-DB,True
ALT-CSE-09-00569,CSE-09,MEDIUM,2024-11-21T12:54:20,2024-11-21T13:04:17.216433,2024-11-21T13:38:16.532691,CLOSED,,ID-GATEWAY-AUTH-01,False
ALT-CSE-09-00570,CSE-09,HIGH,2024-12-19T20:28:31,2024-12-19T20:33:50.525154,2024-12-19T21:29:12.837192,CLOSED,,GOV-SEC-FW-01,False
ALT-CSE-09-00571,CSE-09,HIGH,2024-10-16T07:25:25,2024-10-16T07:39:58.681347,2024-10-16T08:27:55.749356,CLOSED,,CITIZEN-PORTAL-WEB,False
ALT-CSE-09-00572,CSE-09,MEDIUM,2024-10-09T00:57:16,2024-10-09T01:01:43.898031,2024-10-09T02:32:01.814895,CLOSED,,CITIZEN-PORTAL-WEB,False
ALT-CSE-09-00573,CSE-09,LOW,2024-12-07T17:00:50,2024-12-07T17:05:37.255804,2024-12-07T17:44:41.559176,CLOSED,,ID-GATEWAY-AUTH-01,False
ALT-CSE-09-00574,CSE-09,HIGH,2024-11-05T04:40:22,2024-11-05T04:43:04.118573,2024-11-05T05:23:47.322798,CLOSED,,UID-VAULT-DB,False
ALT-CSE-09-00575,CSE-09,LOW,2024-10-24T00:26:28,2024-10-24T00:33:16.432372,2024-10-24T01:08:37.387140,CLOSED,,ID-GATEWAY-AUTH-01,False
ALT-CSE-09-00576,CSE-09,CRITICAL,2024-10-10T01:48:28,2024-10-10T02:03:02.872471,2024-10-10T02:55:28.613861,CLOSED,CAS-CSE-09-0097,GOV-SEC-FW-01,False
ALT-CSE-09-00577,CSE-09,CRITICAL,2024-10-22T11:30:30,2024-10-22T11:40:42.222815,2024-10-22T12:11:54.386040,CLOSED,CAS-CSE-09-0098,CITIZEN-PORTAL-WEB,False
ALT-CSE-09-00578,CSE-09,MEDIUM,2024-10-16T17:17:07,2024-10-16T17:20:46.951031,2024-10-16T18:22:46.487799,CLOSED,,ID-GATEWAY-AUTH-01,False
ALT-CSE-09-00579,CSE-09,HIGH,2024-11-01T05:57:46,2024-11-01T06:01:39.292622,2024-11-01T07:16:37.366943,CLOSED,CAS-CSE-09-0099,UID-VAULT-DB,False
ALT-CSE-09-00580,CSE-09,CRITICAL,2024-11-17T23:58:14,2024-11-18T00:02:41.227669,2024-11-18T01:46:30.576840,CLOSED,,GOV-SEC-FW-01,False
ALT-CSE-09-00581,CSE-09,LOW,2024-11-12T08:56:52,2024-11-12T08:59:09.299621,2024-11-12T10:32:41.639649,CLOSED,,GOV-SEC-FW-01,False
ALT-CSE-09-00582,CSE-09,HIGH,2024-12-16T08:34:57,2024-12-16T08:38:23.764109,2024-12-16T09:22:33.863423,CLOSED,,CITIZEN-PORTAL-WEB,False
ALT-CSE-09-00583,CSE-09,CRITICAL,2024-11-20T07:27:21,2024-11-20T07:29:35.870573,2024-11-20T08:22:37.925482,CLOSED,CAS-CSE-09-0100,UID-VAULT-DB,False
ALT-CSE-09-00584,CSE-09,MEDIUM,2024-10-02T14:28:25,2024-10-02T14:32:56.552894,2024-10-02T16:02:41.852644,CLOSED,,CITIZEN-PORTAL-WEB,False
ALT-CSE-09-00585,CSE-09,HIGH,2024-11-25T13:32:04,2024-11-25T13:35:38.243574,2024-11-25T14:48:01.023071,CLOSED,,CITIZEN-PORTAL-WEB,False
ALT-CSE-09-00586,CSE-09,MEDIUM,2024-10-18T17:55:19,2024-10-18T18:10:01.417007,2024-10-18T19:28:08.823235,CLOSED,,GOV-SEC-FW-01,False
ALT-CSE-09-00587,CSE-09,MEDIUM,2024-10-11T20:46:49,2024-10-11T21:00:04.722134,2024-10-11T21:44:55.011532,CLOSED,,UID-VAULT-DB,False
ALT-CSE-09-00588,CSE-09,LOW,2024-10-22T19:00:55,2024-10-22T19:13:42.175563,2024-10-22T19:49:44.464773,CLOSED,CAS-CSE-09-0101,CITIZEN-PORTAL-WEB,True
ALT-CSE-09-00589,CSE-09,MEDIUM,2024-10-25T05:57:47,2024-10-25T06:09:13.479304,2024-10-25T07:14:48.929975,CLOSED,,UID-VAULT-DB,False
ALT-CSE-09-00590,CSE-09,LOW,2024-11-19T04:03:27,2024-11-19T04:17:12.618787,2024-11-19T05:04:23.003902,CLOSED,,CITIZEN-PORTAL-WEB,False
ALT-CSE-09-00591,CSE-09,MEDIUM,2024-10-03T18:11:19,2024-10-03T18:20:20.492358,2024-10-03T19:03:46.611579,CLOSED,CAS-CSE-09-0102,UID-VAULT-DB,False
ALT-CSE-09-00592,CSE-09,MEDIUM,2024-11-20T18:24:20,2024-11-20T18:28:16.474625,2024-11-20T19:29:43.010430,CLOSED,,ID-GATEWAY-AUTH-01,False
ALT-CSE-09-00593,CSE-09,MEDIUM,2024-12-12T05:26:13,2024-12-12T05:32:53.739797,2024-12-12T07:12:54.118184,CLOSED,,UID-VAULT-DB,False
ALT-CSE-09-00594,CSE-09,HIGH,2024-12-20T04:19:15,2024-12-20T04:26:29.773939,2024-12-20T05:02:11.464313,CLOSED,,CITIZEN-PORTAL-WEB,False
ALT-CSE-09-00595,CSE-09,LOW,2024-12-16T00:28:47,2024-12-16T00:37:03.371029,2024-12-16T01:22:32.529534,CLOSED,,CITIZEN-PORTAL-WEB,False
ALT-CSE-09-00596,CSE-09,CRITICAL,2024-10-06T21:29:09,2024-10-06T21:43:53.362320,2024-10-06T22:21:20.846703,CLOSED,CAS-CSE-09-0103,GOV-SEC-FW-01,False
ALT-CSE-09-00597,CSE-09,LOW,2024-12-10T15:04:43,2024-12-10T15:10:42.342101,2024-12-10T16:46:25.789998,CLOSED,,UID-VAULT-DB,False
ALT-CSE-09-00598,CSE-09,MEDIUM,2024-11-11T11:25:43,2024-11-11T11:30:28.050156,2024-11-11T12:19:16.322731,CLOSED,,CITIZEN-PORTAL-WEB,False
ALT-CSE-09-00599,CSE-09,LOW,2024-11-27T02:39:15,2024-11-27T02:45:40.307510,2024-11-27T03:30:35.523332,CLOSED,,UID-VAULT-DB,False
ALT-CSE-09-00600,CSE-09,MEDIUM,2024-10-22T15:38:00,2024-10-22T15:45:16.320910,2024-10-22T17:02:09.386266,CLOSED,,UID-VAULT-DB,False
ALT-CSE-09-00601,CSE-09,MEDIUM,2024-11-07T01:40:35,2024-11-07T01:50:12.049066,2024-11-07T03:08:43.520311,CLOSED,,CITIZEN-PORTAL-WEB,False
ALT-CSE-09-00602,CSE-09,HIGH,2024-12-02T03:48:51,2024-12-02T04:01:03.624902,2024-12-02T05:37:42.521222,CLOSED,,CITIZEN-PORTAL-WEB,False
ALT-CSE-09-00603,CSE-09,MEDIUM,2024-11-07T16:39:53,2024-11-07T16:49:58.978998,2024-11-07T17:38:48.311778,CLOSED,CAS-CSE-09-0104,ID-GATEWAY-AUTH-01,False
ALT-CSE-09-00604,CSE-09,CRITICAL,2024-12-03T16:09:05,2024-12-03T16:22:09.624274,2024-12-03T16:56:12.149315,CLOSED,CAS-CSE-09-0105,ID-GATEWAY-AUTH-01,False
ALT-CSE-09-00605,CSE-09,MEDIUM,2024-10-18T16:34:00,2024-10-18T16:36:31.246271,2024-10-18T17:47:03.559695,CLOSED,,ID-GATEWAY-AUTH-01,False
ALT-CSE-09-00606,CSE-09,MEDIUM,2024-12-06T23:34:24,2024-12-06T23:45:52.985783,2024-12-07T00:31:28.208243,CLOSED,,ID-GATEWAY-AUTH-01,False
ALT-CSE-09-00607,CSE-09,LOW,2024-12-25T01:05:42,2024-12-25T01:20:22.202374,2024-12-25T02:22:43.506696,CLOSED,,UID-VAULT-DB,False
ALT-CSE-09-00608,CSE-09,LOW,2024-10-25T01:03:57,2024-10-25T01:15:39.584675,2024-10-25T02:12:53.977743,CLOSED,CAS-CSE-09-0106,CITIZEN-PORTAL-WEB,False
ALT-CSE-09-00609,CSE-09,MEDIUM,2024-10-29T04:16:33,2024-10-29T04:26:30.571447,2024-10-29T05:07:25.239301,CLOSED,CAS-CSE-09-0107,CITIZEN-PORTAL-WEB,True
ALT-CSE-09-00610,CSE-09,LOW,2024-10-10T19:56:52,2024-10-10T20:03:10.906688,2024-10-10T21:46:05.491752,CLOSED,,CITIZEN-PORTAL-WEB,False
ALT-CSE-09-00611,CSE-09,MEDIUM,2024-10-20T01:40:54,2024-10-20T01:43:00.800218,2024-10-20T02:59:56.128889,CLOSED,CAS-CSE-09-0108,CITIZEN-PORTAL-WEB,False
ALT-CSE-09-00612,CSE-09,MEDIUM,2024-11-14T04:08:15,2024-11-14T04:12:50.344317,2024-11-14T05:10:57.819341,CLOSED,,GOV-SEC-FW-01,False
ALT-CSE-09-00613,CSE-09,MEDIUM,2024-11-11T20:34:26,2024-11-11T20:37:45.863386,2024-11-11T22:08:47.504061,CLOSED,,GOV-SEC-FW-01,False
ALT-CSE-09-00614,CSE-09,MEDIUM,2024-10-08T21:27:48,2024-10-08T21:40:31.138126,2024-10-08T22:53:48.606832,CLOSED,,GOV-SEC-FW-01,False
ALT-CSE-09-00615,CSE-09,HIGH,2024-11-15T04:02:44,2024-11-15T04:16:42.020642,2024-11-15T05:27:37.733878,CLOSED,CAS-CSE-09-0109,CITIZEN-PORTAL-WEB,True
ALT-CSE-09-00616,CSE-09,MEDIUM,2024-11-27T18:23:01,2024-11-27T18:34:13.031844,2024-11-27T19:46:16.175521,CLOSED,,UID-VAULT-DB,False
ALT-CSE-09-00617,CSE-09,LOW,2024-12-17T16:48:28,2024-12-17T16:56:49.894075,2024-12-17T18:04:45.030290,CLOSED,,GOV-SEC-FW-01,False
ALT-CSE-09-00618,CSE-09,MEDIUM,2024-12-25T05:15:03,2024-12-25T05:24:07.997218,2024-12-25T06:54:20.985989,CLOSED,,CITIZEN-PORTAL-WEB,False
ALT-CSE-09-00619,CSE-09,MEDIUM,2024-12-04T22:27:41,2024-12-04T22:36:02.790137,2024-12-04T23:46:47.459224,CLOSED,CAS-CSE-09-0110,GOV-SEC-FW-01,False
ALT-CSE-09-00620,CSE-09,MEDIUM,2024-10-05T00:49:16,2024-10-05T00:58:38.516074,2024-10-05T01:41:31.608741,CLOSED,,GOV-SEC-FW-01,False
ALT-CSE-09-00621,CSE-09,MEDIUM,2024-10-08T11:13:59,2024-10-08T11:21:35.498194,2024-10-08T12:39:01.464726,CLOSED,CAS-CSE-09-0111,CITIZEN-PORTAL-WEB,False
ALT-CSE-09-00622,CSE-09,MEDIUM,2024-10-26T13:36:49,2024-10-26T13:48:30.546655,2024-10-26T14:21:55.667825,CLOSED,,GOV-SEC-FW-01,False
ALT-CSE-09-00623,CSE-09,LOW,2024-10-15T19:54:25,2024-10-15T20:00:39.449360,2024-10-15T21:26:26.400528,CLOSED,,CITIZEN-PORTAL-WEB,False
ALT-CSE-09-00624,CSE-09,MEDIUM,2024-10-26T06:36:17,2024-10-26T06:46:22.255360,2024-10-26T08:15:25.610657,CLOSED,,CITIZEN-PORTAL-WEB,False
ALT-CSE-09-00625,CSE-09,LOW,2024-12-17T00:44:46,2024-12-17T00:47:02.256623,2024-12-17T02:34:20.367081,CLOSED,,UID-VAULT-DB,False
ALT-CSE-09-00626,CSE-09,CRITICAL,2024-11-17T15:37:04,2024-11-17T15:48:03.208317,2024-11-17T16:20:06.781051,CLOSED,CAS-CSE-09-0112,ID-GATEWAY-AUTH-01,True
ALT-CSE-09-00627,CSE-09,CRITICAL,2024-10-13T10:08:18,2024-10-13T10:22:56.178544,2024-10-13T11:33:42.409909,CLOSED,CAS-CSE-09-0113,GOV-SEC-FW-01,False
ALT-CSE-09-00628,CSE-09,HIGH,2024-12-08T04:10:13,2024-12-08T04:23:21.336677,2024-12-08T05:44:23.683885,CLOSED,,CITIZEN-PORTAL-WEB,False
ALT-CSE-09-00629,CSE-09,MEDIUM,2024-11-27T01:49:36,2024-11-27T02:01:46.652371,2024-11-27T02:51:48.645577,CLOSED,,CITIZEN-PORTAL-WEB,False
ALT-CSE-09-00630,CSE-09,LOW,2024-11-19T01:25:23,2024-11-19T01:31:33.619636,2024-11-19T02:11:47.775099,CLOSED,CAS-CSE-09-0114,GOV-SEC-FW-01,False
ALT-CSE-09-00631,CSE-09,MEDIUM,2024-11-06T02:27:59,2024-11-06T02:33:02.182247,2024-11-06T03:35:54.829034,CLOSED,,ID-GATEWAY-AUTH-01,False
ALT-CSE-09-00632,CSE-09,HIGH,2024-11-27T14:11:42,2024-11-27T14:16:30.202754,2024-11-27T15:32:38.262963,CLOSED,,ID-GATEWAY-AUTH-01,False
ALT-CSE-09-00633,CSE-09,LOW,2024-12-01T02:11:13,2024-12-01T02:26:00.813940,2024-12-01T03:27:54.420525,CLOSED,,CITIZEN-PORTAL-WEB,False
ALT-CSE-09-00634,CSE-09,MEDIUM,2024-10-09T08:38:22,2024-10-09T08:50:04.436906,2024-10-09T09:38:08.313788,CLOSED,,GOV-SEC-FW-01,False
ALT-CSE-09-00635,CSE-09,HIGH,2024-11-30T19:42:52,2024-11-30T19:47:23.606173,2024-11-30T20:53:41.942041,CLOSED,,UID-VAULT-DB,False
ALT-CSE-09-00636,CSE-09,LOW,2024-12-23T01:36:48,2024-12-23T01:40:51.917735,2024-12-23T03:12:53.711673,CLOSED,,GOV-SEC-FW-01,False
ALT-CSE-09-00637,CSE-09,MEDIUM,2024-10-21T07:06:29,2024-10-21T07:19:36.287628,2024-10-21T08:27:49.855530,CLOSED,,CITIZEN-PORTAL-WEB,False
ALT-CSE-09-00638,CSE-09,HIGH,2024-10-13T14:51:00,2024-10-13T15:00:29.417079,2024-10-13T16:13:33.972407,CLOSED,,CITIZEN-PORTAL-WEB,False
ALT-CSE-09-00639,CSE-09,MEDIUM,2024-10-29T00:57:35,2024-10-29T01:02:36.460876,2024-10-29T01:51:15.882137,CLOSED,,ID-GATEWAY-AUTH-01,False
ALT-CSE-09-00640,CSE-09,HIGH,2024-12-24T14:36:49,2024-12-24T14:45:45.755549,2024-12-24T15:46:34.227746,CLOSED,,UID-VAULT-DB,False
ALT-CSE-09-00641,CSE-09,MEDIUM,2024-10-27T21:00:26,2024-10-27T21:13:35.025136,2024-10-27T22:16:20.404210,CLOSED,,GOV-SEC-FW-01,False
ALT-CSE-09-00642,CSE-09,HIGH,2024-10-25T19:35:26,2024-10-25T19:49:23.335372,2024-10-25T20:20:18.545731,CLOSED,,CITIZEN-PORTAL-WEB,False
ALT-CSE-09-00643,CSE-09,CRITICAL,2024-10-24T06:02:22,2024-10-24T06:11:30.360466,2024-10-24T07:21:15.633160,CLOSED,CAS-CSE-09-0115,GOV-SEC-FW-01,False
ALT-CSE-09-00644,CSE-09,LOW,2024-12-16T16:24:12,2024-12-16T16:34:16.043954,2024-12-16T17:32:33.652224,CLOSED,,GOV-SEC-FW-01,False
ALT-CSE-09-00645,CSE-09,HIGH,2024-11-12T19:42:05,2024-11-12T19:56:06.120804,2024-11-12T20:45:08.342457,CLOSED,,ID-GATEWAY-AUTH-01,False
ALT-CSE-09-00646,CSE-09,MEDIUM,2024-11-06T08:55:30,2024-11-06T09:01:02.581114,2024-11-06T10:22:54.938740,CLOSED,,CITIZEN-PORTAL-WEB,False
ALT-CSE-09-00647,CSE-09,CRITICAL,2024-12-02T07:15:04,2024-12-02T07:27:44.510292,2024-12-02T08:59:07.897803,CLOSED,CAS-CSE-09-0116,UID-VAULT-DB,True
ALT-CSE-09-00648,CSE-09,CRITICAL,2024-12-20T16:16:18,2024-12-20T16:22:20.090453,2024-12-20T17:31:32.579485,CLOSED,CAS-CSE-09-0117,UID-VAULT-DB,False
ALT-CSE-09-00649,CSE-09,MEDIUM,2024-12-16T05:45:14,2024-12-16T05:58:28.372626,2024-12-16T06:47:37.089222,CLOSED,,UID-VAULT-DB,False
ALT-CSE-09-00650,CSE-09,HIGH,2024-12-25T19:12:09,2024-12-25T19:18:06.435003,2024-12-25T20:36:46.381332,CLOSED,,ID-GATEWAY-AUTH-01,False
ALT-CSE-09-00651,CSE-09,LOW,2024-10-28T23:50:42,2024-10-28T23:55:34.004679,2024-10-29T01:04:08.000475,CLOSED,,UID-VAULT-DB,False
ALT-CSE-09-00652,CSE-09,HIGH,2024-10-21T13:02:27,2024-10-21T13:12:51.569543,2024-10-21T13:57:37.260085,CLOSED,,ID-GATEWAY-AUTH-01,False
ALT-CSE-09-00653,CSE-09,LOW,2024-10-12T19:04:15,2024-10-12T19:16:39.357543,2024-10-12T20:03:47.126007,CLOSED,,UID-VAULT-DB,False
ALT-CSE-09-00654,CSE-09,MEDIUM,2024-10-07T14:03:58,2024-10-07T14:18:44.772769,2024-10-07T15:09:35.389132,CLOSED,,GOV-SEC-FW-01,False
ALT-CSE-09-00655,CSE-09,LOW,2024-10-19T14:25:50,2024-10-19T14:30:40.686698,2024-10-19T15:31:48.523896,CLOSED,,GOV-SEC-FW-01,False
ALT-CSE-09-00656,CSE-09,MEDIUM,2024-10-22T03:09:11,2024-10-22T03:11:25.832522,2024-10-22T03:51:32.056563,CLOSED,CAS-CSE-09-0118,CITIZEN-PORTAL-WEB,False
ALT-CSE-09-00657,CSE-09,MEDIUM,2024-12-28T01:44:21,2024-12-28T01:58:45.738818,2024-12-28T03:15:01.278174,CLOSED,,GOV-SEC-FW-01,False
ALT-CSE-09-00658,CSE-09,HIGH,2024-12-24T15:16:42,2024-12-24T15:26:26.914350,2024-12-24T16:09:15.961948,CLOSED,,ID-GATEWAY-AUTH-01,False
ALT-CSE-09-00659,CSE-09,MEDIUM,2024-11-12T09:50:29,2024-11-12T09:56:55.424193,2024-11-12T11:20:17.879451,CLOSED,,CITIZEN-PORTAL-WEB,False
ALT-CSE-09-00660,CSE-09,MEDIUM,2024-11-14T04:51:32,2024-11-14T05:00:58.064839,2024-11-14T06:37:23.887772,CLOSED,,ID-GATEWAY-AUTH-01,False
ALT-CSE-09-00661,CSE-09,LOW,2024-11-26T21:20:10,2024-11-26T21:32:27.677711,2024-11-26T22:12:54.670667,CLOSED,,CITIZEN-PORTAL-WEB,False
ALT-CSE-09-00662,CSE-09,CRITICAL,2024-12-01T04:32:37,2024-12-01T04:45:22.939226,2024-12-01T05:36:37.977364,CLOSED,CAS-CSE-09-0119,GOV-SEC-FW-01,False
ALT-CSE-09-00663,CSE-09,CRITICAL,2024-10-14T17:28:55,2024-10-14T17:33:46.119355,2024-10-14T18:34:39.391524,CLOSED,,GOV-SEC-FW-01,False
ALT-CSE-09-00664,CSE-09,HIGH,2024-10-01T19:00:53,2024-10-01T19:10:03.896786,2024-10-01T20:08:12.886751,CLOSED,,GOV-SEC-FW-01,False
ALT-CSE-09-00665,CSE-09,MEDIUM,2024-12-28T21:14:36,2024-12-28T21:28:32.785334,2024-12-28T21:59:51.161137,CLOSED,,CITIZEN-PORTAL-WEB,False
ALT-CSE-09-00666,CSE-09,MEDIUM,2024-11-28T12:20:55,2024-11-28T12:34:52.704311,2024-11-28T13:08:30.966996,CLOSED,,UID-VAULT-DB,False
ALT-CSE-09-00667,CSE-09,MEDIUM,2024-12-13T17:30:14,2024-12-13T17:33:14.161166,2024-12-13T18:28:11.914280,CLOSED,,UID-VAULT-DB,False
ALT-CSE-09-00668,CSE-09,MEDIUM,2024-10-28T10:01:44,2024-10-28T10:11:07.229641,2024-10-28T10:42:22.441766,CLOSED,,UID-VAULT-DB,False
ALT-CSE-09-00669,CSE-09,LOW,2024-12-25T11:31:26,2024-12-25T11:42:27.616579,2024-12-25T12:13:52.665180,CLOSED,,UID-VAULT-DB,False
ALT-CSE-09-00670,CSE-09,MEDIUM,2024-11-09T11:50:28,2024-11-09T12:01:34.702470,2024-11-09T12:30:42.047571,CLOSED,,ID-GATEWAY-AUTH-01,False
ALT-CSE-09-00671,CSE-09,HIGH,2024-11-24T14:14:11,2024-11-24T14:19:30.741740,2024-11-24T15:40:20.538634,CLOSED,,UID-VAULT-DB,False
ALT-CSE-09-00672,CSE-09,HIGH,2024-11-28T02:32:20,2024-11-28T02:39:31.731143,2024-11-28T04:06:56.985357,CLOSED,,ID-GATEWAY-AUTH-01,False
ALT-CSE-09-00673,CSE-09,MEDIUM,2024-11-30T17:09:23,2024-11-30T17:21:22.658001,2024-11-30T18:23:52.389933,CLOSED,,GOV-SEC-FW-01,False
ALT-CSE-09-00674,CSE-09,HIGH,2024-12-14T08:09:51,2024-12-14T08:20:14.970580,2024-12-14T09:18:58.923318,CLOSED,,GOV-SEC-FW-01,False
ALT-CSE-09-00675,CSE-09,MEDIUM,2024-12-01T17:42:28,2024-12-01T17:55:58.531312,2024-12-01T19:09:10.364449,CLOSED,CAS-CSE-09-0120,ID-GATEWAY-AUTH-01,False
ALT-CSE-09-00676,CSE-09,HIGH,2024-12-27T05:12:16,2024-12-27T05:17:33.031947,2024-12-27T06:20:23.693390,CLOSED,,CITIZEN-PORTAL-WEB,False
ALT-CSE-09-00677,CSE-09,MEDIUM,2024-11-21T07:34:37,2024-11-21T07:40:45.570480,2024-11-21T08:37:43.334410,CLOSED,,ID-GATEWAY-AUTH-01,False
ALT-CSE-09-00678,CSE-09,MEDIUM,2024-12-16T17:30:28,2024-12-16T17:33:44.492808,2024-12-16T19:09:09.806957,CLOSED,,UID-VAULT-DB,False
ALT-CSE-09-00679,CSE-09,LOW,2024-12-12T19:04:11,2024-12-12T19:18:40.397346,2024-12-12T20:06:23.808050,CLOSED,,CITIZEN-PORTAL-WEB,False
ALT-CSE-09-00680,CSE-09,LOW,2024-12-04T16:40:27,2024-12-04T16:45:35.314828,2024-12-04T17:24:16.468862,CLOSED,,UID-VAULT-DB,False
ALT-CSE-09-00681,CSE-09,HIGH,2024-11-05T20:37:37,2024-11-05T20:48:17.095978,2024-11-05T21:52:31.507384,CLOSED,,UID-VAULT-DB,False
ALT-CSE-09-00682,CSE-09,MEDIUM,2024-12-12T14:34:00,2024-12-12T14:46:43.924224,2024-12-12T15:50:23.615004,CLOSED,,UID-VAULT-DB,False
ALT-CSE-09-00683,CSE-09,HIGH,2024-10-15T13:05:57,2024-10-15T13:08:18.438813,2024-10-15T14:28:36.781530,CLOSED,,ID-GATEWAY-AUTH-01,False
ALT-CSE-09-00684,CSE-09,HIGH,2024-10-15T14:56:35,2024-10-15T15:07:31.052214,2024-10-15T16:33:10.124164,CLOSED,,CITIZEN-PORTAL-WEB,False
ALT-CSE-09-00685,CSE-09,HIGH,2024-12-17T03:45:19,2024-12-17T03:51:57.840519,2024-12-17T05:22:52.430780,CLOSED,,UID-VAULT-DB,False
ALT-CSE-09-00686,CSE-09,MEDIUM,2024-12-17T09:08:26,2024-12-17T09:22:39.256842,2024-12-17T09:50:38.394525,CLOSED,,UID-VAULT-DB,False
ALT-CSE-09-00687,CSE-09,LOW,2024-10-01T18:19:47,2024-10-01T18:29:57.795426,2024-10-01T19:39:56.380163,CLOSED,CAS-CSE-09-0121,UID-VAULT-DB,False
ALT-CSE-09-00688,CSE-09,MEDIUM,2024-10-13T04:35:45,2024-10-13T04:45:22.758319,2024-10-13T06:02:29.385627,CLOSED,,CITIZEN-PORTAL-WEB,False
ALT-CSE-09-00689,CSE-09,HIGH,2024-12-27T19:37:44,2024-12-27T19:51:51.391815,2024-12-27T20:56:12.118326,CLOSED,,CITIZEN-PORTAL-WEB,False
ALT-CSE-09-00690,CSE-09,HIGH,2024-12-18T09:49:37,2024-12-18T09:52:53.968564,2024-12-18T10:44:00.030549,CLOSED,,CITIZEN-PORTAL-WEB,False
ALT-CSE-09-00691,CSE-09,CRITICAL,2024-10-25T08:46:00,2024-10-25T08:59:18.470738,2024-10-25T10:13:31.762844,CLOSED,CAS-CSE-09-0122,ID-GATEWAY-AUTH-01,False
ALT-CSE-09-00692,CSE-09,CRITICAL,2024-12-24T21:50:27,2024-12-24T22:01:07.893047,2024-12-24T23:02:12.696939,CLOSED,CAS-CSE-09-0123,CITIZEN-PORTAL-WEB,False
ALT-CSE-09-00693,CSE-09,MEDIUM,2024-10-02T07:17:00,2024-10-02T07:29:10.954103,2024-10-02T08:11:51.372102,CLOSED,,GOV-SEC-FW-01,False
ALT-CSE-09-00694,CSE-09,CRITICAL,2024-12-29T20:20:24,2024-12-29T20:29:39.204074,2024-12-29T21:51:50.167851,CLOSED,CAS-CSE-09-0124,CITIZEN-PORTAL-WEB,False
ALT-CSE-09-00695,CSE-09,HIGH,2024-10-21T01:28:09,2024-10-21T01:38:04.603400,2024-10-21T02:15:58.807019,CLOSED,,CITIZEN-PORTAL-WEB,False
ALT-CSE-09-00696,CSE-09,MEDIUM,2024-11-07T03:24:41,2024-11-07T03:28:24.190185,2024-11-07T04:21:33.742493,CLOSED,,UID-VAULT-DB,False
ALT-CSE-09-00697,CSE-09,MEDIUM,2024-11-03T09:41:38,2024-11-03T09:43:58.647038,2024-11-03T10:51:58.366196,CLOSED,,UID-VAULT-DB,False
ALT-CSE-09-00698,CSE-09,LOW,2024-12-18T03:57:03,2024-12-18T04:04:00.503456,2024-12-18T04:37:53.147171,CLOSED,,CITIZEN-PORTAL-WEB,False
ALT-CSE-09-00699,CSE-09,HIGH,2024-11-23T09:31:48,2024-11-23T09:40:04.377570,2024-11-23T10:16:57.041921,CLOSED,,UID-VAULT-DB,False
ALT-CSE-09-00700,CSE-09,HIGH,2024-12-22T14:55:26,2024-12-22T15:05:54.525265,2024-12-22T16:34:58.598306,CLOSED,,GOV-SEC-FW-01,False
ALT-CSE-09-00701,CSE-09,HIGH,2024-10-04T05:48:27,2024-10-04T05:56:18.645925,2024-10-04T07:01:31.164515,CLOSED,,GOV-SEC-FW-01,False
ALT-CSE-09-00702,CSE-09,MEDIUM,2024-10-15T01:21:10,2024-10-15T01:26:16.082081,2024-10-15T02:14:43.628763,CLOSED,,UID-VAULT-DB,False
ALT-CSE-09-00703,CSE-09,HIGH,2024-12-26T17:11:34,2024-12-26T17:23:25.877789,2024-12-26T18:43:59.323312,CLOSED,,UID-VAULT-DB,False
ALT-CSE-09-00704,CSE-09,MEDIUM,2024-11-09T01:44:56,2024-11-09T01:49:56.414612,2024-11-09T02:42:28.271511,CLOSED,,CITIZEN-PORTAL-WEB,False
ALT-CSE-09-00705,CSE-09,MEDIUM,2024-10-06T03:38:09,2024-10-06T03:51:25.177508,2024-10-06T04:29:00.421466,CLOSED,,UID-VAULT-DB,False
ALT-CSE-09-00706,CSE-09,HIGH,2024-10-15T04:40:25,2024-10-15T04:53:51.157013,2024-10-15T05:52:00.634408,CLOSED,,GOV-SEC-FW-01,False
ALT-CSE-09-00707,CSE-09,MEDIUM,2024-12-09T13:55:10,2024-12-09T14:07:23.498014,2024-12-09T15:21:09.458968,CLOSED,,UID-VAULT-DB,False
ALT-CSE-09-00708,CSE-09,CRITICAL,2024-12-23T21:05:34,2024-12-23T21:19:10.139884,2024-12-23T22:53:26.354872,CLOSED,CAS-CSE-09-0125,ID-GATEWAY-AUTH-01,False
ALT-CSE-09-00709,CSE-09,CRITICAL,2024-10-15T03:43:52,2024-10-15T03:50:10.661294,2024-10-15T05:12:17.593738,CLOSED,,GOV-SEC-FW-01,False
ALT-CSE-09-00710,CSE-09,MEDIUM,2024-11-06T12:56:24,2024-11-06T13:00:43.812322,2024-11-06T14:03:55.224905,CLOSED,,GOV-SEC-FW-01,False
ALT-CSE-09-00711,CSE-09,LOW,2024-11-15T11:29:45,2024-11-15T11:33:11.468026,2024-11-15T12:18:44.380181,CLOSED,CAS-CSE-09-0126,CITIZEN-PORTAL-WEB,False
ALT-CSE-09-00712,CSE-09,HIGH,2024-12-18T17:42:52,2024-12-18T17:53:11.583478,2024-12-18T19:28:27.519097,CLOSED,,ID-GATEWAY-AUTH-01,False
ALT-CSE-09-00713,CSE-09,MEDIUM,2024-12-13T18:25:29,2024-12-13T18:36:36.320921,2024-12-13T19:46:29.236610,CLOSED,,UID-VAULT-DB,False
ALT-CSE-09-00714,CSE-09,CRITICAL,2024-11-04T00:23:24,2024-11-04T00:27:12.691373,2024-11-04T02:08:56.613180,CLOSED,,CITIZEN-PORTAL-WEB,False
ALT-CSE-09-00715,CSE-09,MEDIUM,2024-11-17T13:41:14,2024-11-17T13:48:17.600438,2024-11-17T15:17:59.078686,CLOSED,,GOV-SEC-FW-01,False
ALT-CSE-09-00716,CSE-09,HIGH,2024-11-13T15:36:01,2024-11-13T15:38:20.157308,2024-11-13T16:44:59.182761,CLOSED,,CITIZEN-PORTAL-WEB,False
ALT-CSE-09-00717,CSE-09,MEDIUM,2024-11-11T09:12:10,2024-11-11T09:18:33.510325,2024-11-11T10:23:20.440095,CLOSED,CAS-CSE-09-0127,CITIZEN-PORTAL-WEB,False
ALT-CSE-09-00718,CSE-09,MEDIUM,2024-11-28T20:04:02,2024-11-28T20:06:54.964441,2024-11-28T21:52:04.393786,CLOSED,,ID-GATEWAY-AUTH-01,False
ALT-CSE-09-00719,CSE-09,MEDIUM,2024-12-29T02:45:04,2024-12-29T02:56:47.350046,2024-12-29T04:29:55.302898,CLOSED,,GOV-SEC-FW-01,False
ALT-CSE-09-00720,CSE-09,LOW,2024-10-26T20:09:42,2024-10-26T20:11:56.058138,2024-10-26T21:55:00.081544,CLOSED,,UID-VAULT-DB,False
ALT-CSE-09-00721,CSE-09,CRITICAL,2024-10-29T09:02:28,2024-10-29T09:04:58.146482,2024-10-29T09:44:49.046270,CLOSED,CAS-CSE-09-0128,GOV-SEC-FW-01,True
ALT-CSE-09-00722,CSE-09,CRITICAL,2024-12-17T17:44:13,2024-12-17T17:54:56.479280,2024-12-17T18:34:57.231606,CLOSED,CAS-CSE-09-0129,GOV-SEC-FW-01,False
ALT-CSE-09-00723,CSE-09,LOW,2024-10-29T21:26:02,2024-10-29T21:34:31.962470,2024-10-29T22:58:59.999318,CLOSED,,UID-VAULT-DB,False
ALT-CSE-09-00724,CSE-09,HIGH,2024-11-08T13:55:26,2024-11-08T14:04:00.487238,2024-11-08T14:59:34.530172,CLOSED,,UID-VAULT-DB,False
ALT-CSE-09-00725,CSE-09,MEDIUM,2024-11-13T21:41:24,2024-11-13T21:44:06.265799,2024-11-13T22:27:01.557703,CLOSED,,ID-GATEWAY-AUTH-01,False
ALT-CSE-09-00726,CSE-09,HIGH,2024-12-18T10:38:33,2024-12-18T10:47:30.614012,2024-12-18T11:23:35.584405,CLOSED,,ID-GATEWAY-AUTH-01,False
ALT-CSE-09-00727,CSE-09,HIGH,2024-12-29T05:17:11,2024-12-29T05:29:23.060783,2024-12-29T06:58:43.245998,CLOSED,,ID-GATEWAY-AUTH-01,False
ALT-CSE-09-00728,CSE-09,LOW,2024-10-12T15:03:19,2024-10-12T15:14:48.907102,2024-10-12T15:56:19.972562,CLOSED,,GOV-SEC-FW-01,False
ALT-CSE-09-00729,CSE-09,CRITICAL,2024-11-13T18:23:40,2024-11-13T18:34:52.394470,2024-11-13T19:24:19.692993,CLOSED,CAS-CSE-09-0130,ID-GATEWAY-AUTH-01,False
ALT-CSE-09-00730,CSE-09,MEDIUM,2024-10-14T22:19:13,2024-10-14T22:30:29.191590,2024-10-15T00:05:38.138204,CLOSED,,CITIZEN-PORTAL-WEB,False
ALT-CSE-09-00731,CSE-09,LOW,2024-11-30T11:11:51,2024-11-30T11:25:09.147536,2024-11-30T12:28:06.193300,CLOSED,,UID-VAULT-DB,False
ALT-CSE-09-00732,CSE-09,MEDIUM,2024-10-12T17:04:56,2024-10-12T17:10:11.423954,2024-10-12T18:28:08.778632,CLOSED,CAS-CSE-09-0131,CITIZEN-PORTAL-WEB,False
ALT-CSE-09-00733,CSE-09,CRITICAL,2024-10-19T16:26:58,2024-10-19T16:35:56.643400,2024-10-19T17:22:55.469325,CLOSED,CAS-CSE-09-0132,GOV-SEC-FW-01,True
ALT-CSE-09-00734,CSE-09,MEDIUM,2024-12-06T14:59:02,2024-12-06T15:07:06.323513,2024-12-06T16:30:41.892436,CLOSED,,UID-VAULT-DB,False
ALT-CSE-09-00735,CSE-09,CRITICAL,2024-12-28T01:50:17,2024-12-28T02:02:53.407485,2024-12-28T03:37:30.493188,CLOSED,CAS-CSE-09-0133,UID-VAULT-DB,True
ALT-CSE-09-00736,CSE-09,HIGH,2024-11-09T21:08:51,2024-11-09T21:23:02.750683,2024-11-09T22:28:12.291301,CLOSED,,UID-VAULT-DB,False
ALT-CSE-09-00737,CSE-09,LOW,2024-10-23T10:01:02,2024-10-23T10:12:04.990415,2024-10-23T11:46:12.272244,CLOSED,,ID-GATEWAY-AUTH-01,False
ALT-CSE-09-00738,CSE-09,MEDIUM,2024-10-23T02:48:43,2024-10-23T02:54:07.175610,2024-10-23T04:33:57.892473,CLOSED,CAS-CSE-09-0134,GOV-SEC-FW-01,False
ALT-CSE-09-00739,CSE-09,MEDIUM,2024-10-24T17:03:48,2024-10-24T17:08:46.568129,2024-10-24T18:14:21.478253,CLOSED,,GOV-SEC-FW-01,False
ALT-CSE-09-00740,CSE-09,LOW,2024-12-17T21:09:55,2024-12-17T21:22:19.700899,2024-12-17T22:43:47.837211,CLOSED,,GOV-SEC-FW-01,False
ALT-CSE-09-00741,CSE-09,HIGH,2024-10-16T02:36:03,2024-10-16T02:50:52.439097,2024-10-16T04:14:38.416148,CLOSED,,ID-GATEWAY-AUTH-01,False
ALT-CSE-09-00742,CSE-09,LOW,2024-10-04T21:35:23,2024-10-04T21:48:26.695715,2024-10-04T23:15:21.287577,CLOSED,CAS-CSE-09-0135,ID-GATEWAY-AUTH-01,False
ALT-CSE-09-00743,CSE-09,LOW,2024-11-11T04:02:47,2024-11-11T04:17:38.146644,2024-11-11T04:52:28.084516,CLOSED,,UID-VAULT-DB,False
ALT-CSE-09-00744,CSE-09,MEDIUM,2024-11-15T00:38:16,2024-11-15T00:41:17.946052,2024-11-15T02:24:43.685447,CLOSED,,GOV-SEC-FW-01,False
ALT-CSE-09-00745,CSE-09,HIGH,2024-10-22T12:29:36,2024-10-22T12:39:25.997451,2024-10-22T13:26:58.010213,CLOSED,,CITIZEN-PORTAL-WEB,False
ALT-CSE-09-00746,CSE-09,HIGH,2024-10-01T21:38:26,2024-10-01T21:51:56.408170,2024-10-01T23:09:10.444679,CLOSED,,ID-GATEWAY-AUTH-01,False
ALT-CSE-09-00747,CSE-09,CRITICAL,2024-11-06T14:26:11,2024-11-06T14:40:34.716370,2024-11-06T15:44:41.640322,CLOSED,,ID-GATEWAY-AUTH-01,False
ALT-CSE-09-00748,CSE-09,CRITICAL,2024-11-03T15:42:43,2024-11-03T15:52:09.048411,2024-11-03T16:57:59.850798,CLOSED,CAS-CSE-09-0136,GOV-SEC-FW-01,False
ALT-CSE-09-00749,CSE-09,HIGH,2024-10-14T12:22:27,2024-10-14T12:36:52.100464,2024-10-14T13:18:42.166388,CLOSED,,ID-GATEWAY-AUTH-01,False
ALT-CSE-09-00750,CSE-09,HIGH,2024-10-24T04:04:35,2024-10-24T04:09:16.929567,2024-10-24T05:22:04.731426,CLOSED,CAS-CSE-09-0137,ID-GATEWAY-AUTH-01,False
ALT-CSE-09-00751,CSE-09,MEDIUM,2024-10-13T10:03:39,2024-10-13T10:12:13.355689,2024-10-13T11:23:00.831139,CLOSED,,GOV-SEC-FW-01,False
ALT-CSE-09-00752,CSE-09,CRITICAL,2024-12-07T00:23:06,2024-12-07T00:36:32.120956,2024-12-07T01:23:48.960220,CLOSED,,CITIZEN-PORTAL-WEB,False
ALT-CSE-09-00753,CSE-09,HIGH,2024-12-12T19:20:54,2024-12-12T19:22:55.927886,2024-12-12T20:04:29.908906,CLOSED,,GOV-SEC-FW-01,False
ALT-CSE-09-00754,CSE-09,LOW,2024-12-25T16:14:48,2024-12-25T16:24:19.311559,2024-12-25T17:22:55.498517,CLOSED,,CITIZEN-PORTAL-WEB,False
ALT-CSE-09-00755,CSE-09,HIGH,2024-10-25T03:03:10,2024-10-25T03:08:20.369875,2024-10-25T04:03:50.131422,CLOSED,,CITIZEN-PORTAL-WEB,False
ALT-CSE-09-00756,CSE-09,CRITICAL,2024-10-09T07:42:50,2024-10-09T07:56:38.861121,2024-10-09T09:01:38.276638,CLOSED,,UID-VAULT-DB,False
ALT-CSE-09-00757,CSE-09,CRITICAL,2024-11-17T06:16:24,2024-11-17T06:25:31.773388,2024-11-17T08:02:06.316409,CLOSED,CAS-CSE-09-0138,ID-GATEWAY-AUTH-01,False
ALT-CSE-09-00758,CSE-09,LOW,2024-12-17T03:06:52,2024-12-17T03:20:48.014396,2024-12-17T04:05:44.414200,CLOSED,,UID-VAULT-DB,False
ALT-CSE-09-00759,CSE-09,CRITICAL,2024-11-13T14:20:46,2024-11-13T14:35:09.852867,2024-11-13T16:03:23.992045,CLOSED,,ID-GATEWAY-AUTH-01,False
ALT-CSE-09-00760,CSE-09,MEDIUM,2024-11-21T10:41:06,2024-11-21T10:44:03.023603,2024-11-21T11:27:41.435811,CLOSED,,CITIZEN-PORTAL-WEB,False
ALT-CSE-09-00761,CSE-09,MEDIUM,2024-10-28T02:09:28,2024-10-28T02:19:32.918019,2024-10-28T02:54:18.279893,CLOSED,CAS-CSE-09-0139,ID-GATEWAY-AUTH-01,False
ALT-CSE-09-00762,CSE-09,CRITICAL,2024-12-10T18:17:58,2024-12-10T18:30:22.158753,2024-12-10T19:57:55.846702,CLOSED,CAS-CSE-09-0140,CITIZEN-PORTAL-WEB,False
ALT-CSE-09-00763,CSE-09,LOW,2024-10-20T15:23:42,2024-10-20T15:28:48.852010,2024-10-20T16:42:21.976922,CLOSED,,ID-GATEWAY-AUTH-01,False
ALT-CSE-09-00764,CSE-09,CRITICAL,2024-11-22T02:39:14,2024-11-22T02:51:49.445242,2024-11-22T03:23:42.937735,CLOSED,CAS-CSE-09-0141,UID-VAULT-DB,False
ALT-CSE-09-00765,CSE-09,MEDIUM,2024-10-18T09:16:40,2024-10-18T09:30:14.654554,2024-10-18T10:47:40.512107,CLOSED,,ID-GATEWAY-AUTH-01,False
ALT-CSE-09-00766,CSE-09,LOW,2024-10-25T01:00:15,2024-10-25T01:13:57.767564,2024-10-25T02:13:35.350345,CLOSED,,UID-VAULT-DB,False
ALT-CSE-09-00767,CSE-09,MEDIUM,2024-12-15T04:19:11,2024-12-15T04:30:45.658927,2024-12-15T06:07:29.057170,CLOSED,CAS-CSE-09-0142,CITIZEN-PORTAL-WEB,False
ALT-CSE-09-00768,CSE-09,CRITICAL,2024-12-19T12:10:01,2024-12-19T12:19:07.125424,2024-12-19T13:27:59.090875,CLOSED,,ID-GATEWAY-AUTH-01,False
ALT-CSE-09-00769,CSE-09,LOW,2024-12-28T19:47:55,2024-12-28T19:55:59.219423,2024-12-28T21:11:42.072184,CLOSED,,GOV-SEC-FW-01,False
ALT-CSE-09-00770,CSE-09,MEDIUM,2024-10-20T01:19:14,2024-10-20T01:22:07.828993,2024-10-20T02:18:29.683050,CLOSED,,GOV-SEC-FW-01,False
ALT-CSE-09-00771,CSE-09,HIGH,2024-11-06T20:33:51,2024-11-06T20:40:37.745311,2024-11-06T21:29:20.000621,CLOSED,,CITIZEN-PORTAL-WEB,False
ALT-CSE-09-00772,CSE-09,HIGH,2024-10-07T17:31:32,2024-10-07T17:42:15.570265,2024-10-07T18:19:35.101873,CLOSED,,UID-VAULT-DB,False
ALT-CSE-09-00773,CSE-09,CRITICAL,2024-10-03T21:39:26,2024-10-03T21:51:53.057532,2024-10-03T22:36:59.183281,CLOSED,CAS-CSE-09-0143,UID-VAULT-DB,False
ALT-CSE-09-00774,CSE-09,HIGH,2024-11-02T16:56:24,2024-11-02T16:59:19.928437,2024-11-02T17:39:12.670358,CLOSED,,CITIZEN-PORTAL-WEB,False
ALT-CSE-09-00775,CSE-09,HIGH,2024-10-09T18:48:11,2024-10-09T18:52:25.910002,2024-10-09T19:41:17.008966,CLOSED,,GOV-SEC-FW-01,False
ALT-CSE-09-00776,CSE-09,MEDIUM,2024-12-21T01:29:05,2024-12-21T01:34:32.692299,2024-12-21T02:18:02.165129,CLOSED,,UID-VAULT-DB,False
ALT-CSE-09-00777,CSE-09,MEDIUM,2024-10-11T22:34:45,2024-10-11T22:38:26.863413,2024-10-12T00:21:47.392349,CLOSED,,ID-GATEWAY-AUTH-01,False
ALT-CSE-09-00778,CSE-09,MEDIUM,2024-11-22T02:13:44,2024-11-22T02:24:17.258357,2024-11-22T03:58:46.657132,CLOSED,,ID-GATEWAY-AUTH-01,False
ALT-CSE-09-00779,CSE-09,MEDIUM,2024-11-01T13:46:14,2024-11-01T13:51:03.132227,2024-11-01T15:10:19.276197,CLOSED,,GOV-SEC-FW-01,False
ALT-CSE-09-00780,CSE-09,MEDIUM,2024-12-18T17:19:50,2024-12-18T17:29:25.453683,2024-12-18T18:41:46.214835,CLOSED,,GOV-SEC-FW-01,False
ALT-CSE-09-00781,CSE-09,MEDIUM,2024-10-27T16:51:04,2024-10-27T16:58:34.433211,2024-10-27T18:22:13.437315,CLOSED,,GOV-SEC-FW-01,False
ALT-CSE-09-00782,CSE-09,LOW,2024-11-16T16:51:11,2024-11-16T16:55:58.452075,2024-11-16T18:06:46.648893,CLOSED,,ID-GATEWAY-AUTH-01,False
ALT-CSE-09-00783,CSE-09,LOW,2024-10-20T13:58:40,2024-10-20T14:13:08.068291,2024-10-20T14:52:06.312717,CLOSED,CAS-CSE-09-0144,UID-VAULT-DB,False
ALT-CSE-09-00784,CSE-09,LOW,2024-12-23T13:04:10,2024-12-23T13:11:35.994504,2024-12-23T13:56:40.900438,CLOSED,,UID-VAULT-DB,False
ALT-CSE-09-00785,CSE-09,LOW,2024-10-12T14:08:59,2024-10-12T14:23:27.685810,2024-10-12T15:46:41.387025,CLOSED,,UID-VAULT-DB,False
ALT-CSE-09-00786,CSE-09,MEDIUM,2024-12-29T06:35:40,2024-12-29T06:49:09.188491,2024-12-29T07:21:25.795316,CLOSED,,CITIZEN-PORTAL-WEB,False
ALT-CSE-09-00787,CSE-09,LOW,2024-10-25T16:08:34,2024-10-25T16:17:49.904058,2024-10-25T17:18:07.814011,CLOSED,,UID-VAULT-DB,False
ALT-CSE-09-00788,CSE-09,HIGH,2024-12-15T16:12:53,2024-12-15T16:16:29.727753,2024-12-15T17:53:01.182819,CLOSED,CAS-CSE-09-0145,CITIZEN-PORTAL-WEB,False
ALT-CSE-09-00789,CSE-09,HIGH,2024-10-03T15:05:49,2024-10-03T15:14:05.269182,2024-10-03T16:11:47.417062,CLOSED,,CITIZEN-PORTAL-WEB,False
ALT-CSE-09-00790,CSE-09,MEDIUM,2024-11-17T07:07:58,2024-11-17T07:22:02.956252,2024-11-17T08:07:40.671811,CLOSED,,ID-GATEWAY-AUTH-01,False
ALT-CSE-09-00791,CSE-09,LOW,2024-11-06T04:56:48,2024-11-06T05:06:19.659280,2024-11-06T06:00:20.998471,CLOSED,,UID-VAULT-DB,False
ALT-CSE-09-00792,CSE-09,LOW,2024-11-15T02:31:33,2024-11-15T02:46:16.620561,2024-11-15T04:02:16.483904,CLOSED,CAS-CSE-09-0146,ID-GATEWAY-AUTH-01,False
ALT-CSE-09-00793,CSE-09,HIGH,2024-12-15T04:46:16,2024-12-15T04:50:29.203928,2024-12-15T05:28:27.818026,CLOSED,,ID-GATEWAY-AUTH-01,False
ALT-CSE-09-00794,CSE-09,LOW,2024-10-04T18:32:58,2024-10-04T18:39:36.670077,2024-10-04T20:05:18.339226,CLOSED,,UID-VAULT-DB,False
ALT-CSE-09-00795,CSE-09,LOW,2024-11-09T23:47:29,2024-11-09T23:57:53.435610,2024-11-10T01:07:45.759217,CLOSED,CAS-CSE-09-0147,UID-VAULT-DB,False
ALT-CSE-09-00796,CSE-09,CRITICAL,2024-12-07T19:00:18,2024-12-07T19:03:43.111106,2024-12-07T20:43:16.184448,CLOSED,CAS-CSE-09-0148,UID-VAULT-DB,False
ALT-CSE-09-00797,CSE-09,MEDIUM,2024-12-15T15:29:57,2024-12-15T15:40:55.657414,2024-12-15T16:50:25.019564,CLOSED,,GOV-SEC-FW-01,False
ALT-CSE-09-00798,CSE-09,CRITICAL,2024-12-04T12:50:50,2024-12-04T13:02:20.949347,2024-12-04T14:01:10.296444,CLOSED,,GOV-SEC-FW-01,False
ALT-CSE-09-00799,CSE-09,LOW,2024-11-20T04:09:10,2024-11-20T04:12:17.338420,2024-11-20T05:15:39.166335,CLOSED,,CITIZEN-PORTAL-WEB,False
ALT-CSE-09-00800,CSE-09,HIGH,2024-10-19T18:45:07,2024-10-19T18:51:58.915679,2024-10-19T20:30:44.197533,CLOSED,,CITIZEN-PORTAL-WEB,False
ALT-CSE-09-00801,CSE-09,MEDIUM,2024-12-21T00:54:15,2024-12-21T01:07:17.018701,2024-12-21T01:53:23.509983,CLOSED,,GOV-SEC-FW-01,False
ALT-CSE-09-00802,CSE-09,LOW,2024-12-29T07:55:54,2024-12-29T07:58:34.059944,2024-12-29T08:46:44.650609,CLOSED,CAS-CSE-09-0149,CITIZEN-PORTAL-WEB,False
ALT-CSE-09-00803,CSE-09,MEDIUM,2024-10-23T17:44:29,2024-10-23T17:49:03.554907,2024-10-23T19:14:30.657474,CLOSED,,CITIZEN-PORTAL-WEB,False
ALT-CSE-09-00804,CSE-09,MEDIUM,2024-10-11T06:03:59,2024-10-11T06:13:06.529819,2024-10-11T07:29:04.544064,CLOSED,,CITIZEN-PORTAL-WEB,False
ALT-CSE-09-00805,CSE-09,LOW,2024-10-22T06:32:39,2024-10-22T06:34:49.796869,2024-10-22T08:13:29.428827,CLOSED,,CITIZEN-PORTAL-WEB,False
ALT-CSE-09-00806,CSE-09,CRITICAL,2024-10-07T22:14:43,2024-10-07T22:26:27.042370,2024-10-07T23:52:24.840071,CLOSED,CAS-CSE-09-0150,CITIZEN-PORTAL-WEB,False
ALT-CSE-09-00807,CSE-09,HIGH,2024-12-03T19:12:00,2024-12-03T19:22:03.728947,2024-12-03T20:24:16.220756,CLOSED,,CITIZEN-PORTAL-WEB,False
ALT-CSE-09-00808,CSE-09,MEDIUM,2024-10-12T13:29:21,2024-10-12T13:39:38.231325,2024-10-12T14:17:26.495481,CLOSED,,CITIZEN-PORTAL-WEB,False
ALT-CSE-09-00809,CSE-09,MEDIUM,2024-12-18T00:29:38,2024-12-18T00:37:48.676204,2024-12-18T01:45:35.243964,CLOSED,,GOV-SEC-FW-01,False
ALT-CSE-09-00810,CSE-09,HIGH,2024-12-09T11:23:02,2024-12-09T11:33:30.739454,2024-12-09T12:59:51.445058,CLOSED,,GOV-SEC-FW-01,False
ALT-CSE-09-00811,CSE-09,CRITICAL,2024-10-09T02:20:35,2024-10-09T02:33:58.257289,2024-10-09T04:04:46.603789,CLOSED,CAS-CSE-09-0151,GOV-SEC-FW-01,False
ALT-CSE-09-00812,CSE-09,MEDIUM,2024-11-28T22:11:49,2024-11-28T22:21:46.338829,2024-11-28T22:53:08.604952,CLOSED,,CITIZEN-PORTAL-WEB,False
ALT-CSE-09-00813,CSE-09,LOW,2024-10-30T02:22:09,2024-10-30T02:27:08.296703,2024-10-30T03:13:12.023077,CLOSED,,UID-VAULT-DB,False
ALT-CSE-09-00814,CSE-09,LOW,2024-10-06T04:21:26,2024-10-06T04:28:45.844163,2024-10-06T05:55:15.333630,CLOSED,,ID-GATEWAY-AUTH-01,False
ALT-CSE-09-00815,CSE-09,LOW,2024-11-07T14:26:58,2024-11-07T14:40:38.928849,2024-11-07T15:27:09.225757,CLOSED,,UID-VAULT-DB,False
ALT-CSE-09-00816,CSE-09,MEDIUM,2024-11-21T11:17:08,2024-11-21T11:21:39.762168,2024-11-21T12:47:28.583648,CLOSED,,UID-VAULT-DB,False
ALT-CSE-09-00817,CSE-09,HIGH,2024-10-04T19:07:28,2024-10-04T19:16:13.217889,2024-10-04T20:23:51.618633,CLOSED,,UID-VAULT-DB,False
ALT-CSE-09-00818,CSE-09,LOW,2024-12-15T03:51:20,2024-12-15T04:05:37.559810,2024-12-15T04:52:16.641365,CLOSED,,ID-GATEWAY-AUTH-01,False
ALT-CSE-09-00819,CSE-09,CRITICAL,2024-10-27T20:19:54,2024-10-27T20:22:39.432333,2024-10-27T21:42:25.637092,CLOSED,CAS-CSE-09-0152,CITIZEN-PORTAL-WEB,False
ALT-CSE-09-00820,CSE-09,MEDIUM,2024-12-08T09:09:54,2024-12-08T09:18:09.148469,2024-12-08T10:27:17.968494,CLOSED,,CITIZEN-PORTAL-WEB,False
ALT-CSE-09-00821,CSE-09,MEDIUM,2024-10-22T01:11:22,2024-10-22T01:17:04.862012,2024-10-22T03:00:13.461907,CLOSED,CAS-CSE-09-0153,CITIZEN-PORTAL-WEB,False
ALT-CSE-09-00822,CSE-09,LOW,2024-12-04T11:11:21,2024-12-04T11:25:56.554414,2024-12-04T12:47:38.772625,CLOSED,,GOV-SEC-FW-01,False
ALT-CSE-09-00823,CSE-09,MEDIUM,2024-10-01T17:26:34,2024-10-01T17:39:09.080583,2024-10-01T18:58:05.532089,CLOSED,,UID-VAULT-DB,False
ALT-CSE-09-00824,CSE-09,CRITICAL,2024-11-21T17:45:29,2024-11-21T17:55:41.972332,2024-11-21T18:51:19.031714,CLOSED,CAS-CSE-09-0154,GOV-SEC-FW-01,True
ALT-CSE-09-00825,CSE-09,HIGH,2024-10-08T01:10:01,2024-10-08T01:22:57.753762,2024-10-08T02:42:02.312076,CLOSED,,CITIZEN-PORTAL-WEB,False
ALT-CSE-09-00826,CSE-09,MEDIUM,2024-12-08T19:27:32,2024-12-08T19:35:38.285866,2024-12-08T20:46:33.828792,CLOSED,CAS-CSE-09-0155,CITIZEN-PORTAL-WEB,False
ALT-CSE-09-00827,CSE-09,CRITICAL,2024-10-03T16:26:44,2024-10-03T16:35:15.344136,2024-10-03T18:06:08.916196,CLOSED,CAS-CSE-09-0156,CITIZEN-PORTAL-WEB,True
ALT-CSE-09-00828,CSE-09,MEDIUM,2024-11-12T06:57:37,2024-11-12T07:07:33.997356,2024-11-12T08:37:40.606663,CLOSED,,GOV-SEC-FW-01,False
ALT-CSE-09-00829,CSE-09,MEDIUM,2024-11-29T04:32:38,2024-11-29T04:45:16.057857,2024-11-29T06:04:22.353376,CLOSED,,GOV-SEC-FW-01,False
ALT-CSE-09-00830,CSE-09,MEDIUM,2024-11-16T21:22:06,2024-11-16T21:33:42.971506,2024-11-16T22:02:22.888641,CLOSED,,UID-VAULT-DB,False
ALT-CSE-09-00831,CSE-09,HIGH,2024-12-06T17:32:36,2024-12-06T17:35:03.692619,2024-12-06T19:17:02.788378,CLOSED,CAS-CSE-09-0157,ID-GATEWAY-AUTH-01,False
ALT-CSE-09-00832,CSE-09,HIGH,2024-11-22T01:12:15,2024-11-22T01:19:41.426099,2024-11-22T02:52:41.008315,CLOSED,,UID-VAULT-DB,False
ALT-CSE-09-00833,CSE-09,HIGH,2024-12-14T19:30:08,2024-12-14T19:45:04.704082,2024-12-14T20:46:53.661468,CLOSED,,GOV-SEC-FW-01,False
ALT-CSE-09-00834,CSE-09,LOW,2024-12-16T19:28:36,2024-12-16T19:35:44.562079,2024-12-16T20:40:43.252758,CLOSED,,CITIZEN-PORTAL-WEB,False
ALT-CSE-09-00835,CSE-09,LOW,2024-11-13T15:07:25,2024-11-13T15:11:10.401770,2024-11-13T15:47:33.304028,CLOSED,,UID-VAULT-DB,False
ALT-CSE-09-00836,CSE-09,CRITICAL,2024-10-12T20:29:43,2024-10-12T20:31:49.865370,2024-10-12T21:47:39.223491,CLOSED,CAS-CSE-09-0158,CITIZEN-PORTAL-WEB,False
ALT-CSE-09-00837,CSE-09,LOW,2024-12-18T10:12:23,2024-12-18T10:16:48.339448,2024-12-18T11:15:14.137014,CLOSED,,CITIZEN-PORTAL-WEB,False
ALT-CSE-09-00838,CSE-09,MEDIUM,2024-11-02T02:17:36,2024-11-02T02:31:23.643968,2024-11-02T03:18:23.387410,CLOSED,,UID-VAULT-DB,False
ALT-CSE-09-00839,CSE-09,MEDIUM,2024-10-30T09:50:27,2024-10-30T09:57:38.127318,2024-10-30T11:35:30.627990,CLOSED,,UID-VAULT-DB,False
ALT-CSE-09-00840,CSE-09,MEDIUM,2024-10-03T17:47:32,2024-10-03T17:58:10.278779,2024-10-03T19:12:32.083448,CLOSED,CAS-CSE-09-0159,ID-GATEWAY-AUTH-01,False
ALT-CSE-09-00841,CSE-09,HIGH,2024-11-18T04:54:10,2024-11-18T05:02:23.330011,2024-11-18T06:10:00.639780,CLOSED,,GOV-SEC-FW-01,False
ALT-CSE-09-00842,CSE-09,MEDIUM,2024-11-16T21:48:13,2024-11-16T21:52:53.338163,2024-11-16T22:57:41.487427,CLOSED,,CITIZEN-PORTAL-WEB,False
ALT-CSE-09-00843,CSE-09,MEDIUM,2024-11-25T01:51:19,2024-11-25T02:02:22.859727,2024-11-25T02:34:02.447460,CLOSED,CAS-CSE-09-0160,UID-VAULT-DB,False
ALT-CSE-09-00844,CSE-09,MEDIUM,2024-10-06T11:03:43,2024-10-06T11:08:53.202494,2024-10-06T12:30:41.901947,CLOSED,,GOV-SEC-FW-01,False
ALT-CSE-09-00845,CSE-09,LOW,2024-10-07T02:54:55,2024-10-07T03:06:25.061645,2024-10-07T03:59:59.915671,CLOSED,,UID-VAULT-DB,False
ALT-CSE-09-00846,CSE-09,CRITICAL,2024-10-30T08:15:20,2024-10-30T08:18:34.690173,2024-10-30T09:46:38.622066,CLOSED,CAS-CSE-09-0161,GOV-SEC-FW-01,False
ALT-CSE-09-00847,CSE-09,CRITICAL,2024-10-03T12:47:33,2024-10-03T13:00:29.422640,2024-10-03T13:34:43.334186,CLOSED,CAS-CSE-09-0162,ID-GATEWAY-AUTH-01,True
ALT-CSE-09-00848,CSE-09,LOW,2024-11-30T07:57:17,2024-11-30T08:10:34.737191,2024-11-30T08:53:26.387567,CLOSED,,GOV-SEC-FW-01,False
ALT-CSE-09-00849,CSE-09,MEDIUM,2024-12-24T22:49:07,2024-12-24T22:56:04.517968,2024-12-24T23:54:00.138609,CLOSED,CAS-CSE-09-0163,CITIZEN-PORTAL-WEB,True
ALT-CSE-09-00850,CSE-09,CRITICAL,2024-12-14T08:24:59,2024-12-14T08:39:54.320922,2024-12-14T09:19:48.304510,CLOSED,CAS-CSE-09-0164,GOV-SEC-FW-01,False
ALT-CSE-09-00851,CSE-09,MEDIUM,2024-12-14T22:52:41,2024-12-14T23:01:20.366159,2024-12-14T23:38:18.184110,CLOSED,,ID-GATEWAY-AUTH-01,False
ALT-CSE-09-00852,CSE-09,CRITICAL,2024-10-24T19:35:30,2024-10-24T19:45:43.878288,2024-10-24T21:11:31.527142,CLOSED,CAS-CSE-09-0165,CITIZEN-PORTAL-WEB,False
ALT-CSE-09-00853,CSE-09,LOW,2024-10-30T11:01:22,2024-10-30T11:06:08.533274,2024-10-30T12:22:08.940619,CLOSED,,UID-VAULT-DB,False
ALT-CSE-09-00854,CSE-09,MEDIUM,2024-10-17T04:11:54,2024-10-17T04:22:38.552049,2024-10-17T05:36:49.948061,CLOSED,,UID-VAULT-DB,False
ALT-CSE-09-00855,CSE-09,MEDIUM,2024-11-18T18:51:34,2024-11-18T19:00:36.235238,2024-11-18T20:34:41.154440,CLOSED,,GOV-SEC-FW-01,False
ALT-CSE-09-00856,CSE-09,MEDIUM,2024-10-21T05:15:44,2024-10-21T05:20:42.662078,2024-10-21T06:25:36.565976,CLOSED,,ID-GATEWAY-AUTH-01,False
ALT-CSE-09-00857,CSE-09,LOW,2024-12-29T01:19:16,2024-12-29T01:32:54.486287,2024-12-29T02:39:38.427233,CLOSED,,ID-GATEWAY-AUTH-01,False
ALT-CSE-09-00858,CSE-09,LOW,2024-11-18T22:49:28,2024-11-18T23:01:39.440875,2024-11-19T00:09:37.155938,CLOSED,CAS-CSE-09-0166,GOV-SEC-FW-01,False
ALT-CSE-09-00859,CSE-09,HIGH,2024-10-16T12:44:11,2024-10-16T12:50:33.523810,2024-10-16T13:52:10.788553,CLOSED,,ID-GATEWAY-AUTH-01,False
ALT-CSE-09-00860,CSE-09,LOW,2024-10-30T02:25:36,2024-10-30T02:36:01.390833,2024-10-30T03:44:29.269091,CLOSED,,UID-VAULT-DB,False
ALT-CSE-09-00861,CSE-09,LOW,2024-12-14T03:13:44,2024-12-14T03:27:56.679687,2024-12-14T04:55:03.448573,CLOSED,,ID-GATEWAY-AUTH-01,False
ALT-CSE-09-00862,CSE-09,LOW,2024-12-09T12:08:23,2024-12-09T12:11:05.382943,2024-12-09T13:08:25.079909,CLOSED,,UID-VAULT-DB,False
ALT-CSE-09-00863,CSE-09,MEDIUM,2024-12-03T06:24:55,2024-12-03T06:34:29.499031,2024-12-03T07:49:26.094880,CLOSED,CAS-CSE-09-0167,CITIZEN-PORTAL-WEB,False
ALT-CSE-09-00864,CSE-09,LOW,2024-11-26T04:49:54,2024-11-26T04:56:03.194906,2024-11-26T05:37:32.653389,CLOSED,,ID-GATEWAY-AUTH-01,False
ALT-CSE-09-00865,CSE-09,CRITICAL,2024-10-01T11:49:47,2024-10-01T12:00:39.008025,2024-10-01T13:06:43.528215,CLOSED,CAS-CSE-09-0168,CITIZEN-PORTAL-WEB,True
ALT-CSE-09-00866,CSE-09,CRITICAL,2024-10-01T05:09:43,2024-10-01T05:17:07.528185,2024-10-01T06:24:10.282556,CLOSED,CAS-CSE-09-0169,GOV-SEC-FW-01,False
ALT-CSE-09-00867,CSE-09,MEDIUM,2024-12-10T12:02:44,2024-12-10T12:07:03.192380,2024-12-10T13:50:31.441286,CLOSED,,GOV-SEC-FW-01,False
ALT-CSE-09-00868,CSE-09,HIGH,2024-11-11T09:49:27,2024-11-11T09:53:15.888994,2024-11-11T10:57:02.023170,CLOSED,,ID-GATEWAY-AUTH-01,False
ALT-CSE-09-00869,CSE-09,MEDIUM,2024-11-25T06:34:58,2024-11-25T06:41:36.468726,2024-11-25T07:52:01.232659,CLOSED,,CITIZEN-PORTAL-WEB,False
ALT-CSE-09-00870,CSE-09,HIGH,2024-12-22T18:54:01,2024-12-22T19:02:05.368880,2024-12-22T20:01:38.501808,CLOSED,,GOV-SEC-FW-01,False
ALT-CSE-09-00871,CSE-09,MEDIUM,2024-10-07T22:40:53,2024-10-07T22:54:15.473895,2024-10-07T23:29:30.218917,CLOSED,,CITIZEN-PORTAL-WEB,False
ALT-CSE-09-00872,CSE-09,MEDIUM,2024-10-19T12:50:51,2024-10-19T12:54:55.178815,2024-10-19T14:31:54.000470,CLOSED,,UID-VAULT-DB,False
ALT-CSE-09-00873,CSE-09,LOW,2024-11-28T10:10:22,2024-11-28T10:15:54.232567,2024-11-28T11:44:33.364898,CLOSED,,CITIZEN-PORTAL-WEB,False
ALT-CSE-09-00874,CSE-09,HIGH,2024-11-25T10:47:52,2024-11-25T10:51:40.407800,2024-11-25T11:40:40.664123,CLOSED,,CITIZEN-PORTAL-WEB,False
ALT-CSE-09-00875,CSE-09,HIGH,2024-10-18T01:54:08,2024-10-18T01:56:33.295595,2024-10-18T03:26:01.391997,CLOSED,CAS-CSE-09-0170,ID-GATEWAY-AUTH-01,False
ALT-CSE-09-00876,CSE-09,LOW,2024-11-21T18:31:25,2024-11-21T18:37:46.393561,2024-11-21T19:26:46.732515,CLOSED,,UID-VAULT-DB,False
ALT-CSE-09-00877,CSE-09,MEDIUM,2024-12-24T04:55:13,2024-12-24T05:02:13.807189,2024-12-24T05:53:06.405512,CLOSED,,CITIZEN-PORTAL-WEB,False
ALT-CSE-09-00878,CSE-09,MEDIUM,2024-10-11T22:09:17,2024-10-11T22:20:34.867300,2024-10-11T23:44:08.501546,CLOSED,,GOV-SEC-FW-01,False
ALT-CSE-09-00879,CSE-09,MEDIUM,2024-11-06T19:01:51,2024-11-06T19:06:25.333421,2024-11-06T20:13:44.635326,CLOSED,,GOV-SEC-FW-01,False
ALT-CSE-09-00880,CSE-09,MEDIUM,2024-10-15T16:03:35,2024-10-15T16:18:14.768749,2024-10-15T17:27:20.063831,CLOSED,,GOV-SEC-FW-01,False
ALT-CSE-09-00881,CSE-09,MEDIUM,2024-11-11T04:55:02,2024-11-11T05:08:23.457896,2024-11-11T06:38:34.127977,CLOSED,,GOV-SEC-FW-01,False
ALT-CSE-09-00882,CSE-09,MEDIUM,2024-12-19T11:42:49,2024-12-19T11:44:59.596486,2024-12-19T13:22:52.138144,CLOSED,,GOV-SEC-FW-01,False
ALT-CSE-09-00883,CSE-09,MEDIUM,2024-11-26T15:32:15,2024-11-26T15:42:18.689406,2024-11-26T16:51:39.575418,CLOSED,,GOV-SEC-FW-01,False
ALT-CSE-09-00884,CSE-09,MEDIUM,2024-11-05T22:54:26,2024-11-05T22:56:33.479820,2024-11-05T23:49:49.731276,CLOSED,,GOV-SEC-FW-01,False
ALT-CSE-09-00885,CSE-09,CRITICAL,2024-10-03T07:26:49,2024-10-03T07:31:20.427221,2024-10-03T08:10:50.257958,CLOSED,,GOV-SEC-FW-01,False
ALT-CSE-09-00886,CSE-09,HIGH,2024-11-26T17:57:15,2024-11-26T17:59:39.786321,2024-11-26T19:18:33.063169,CLOSED,,GOV-SEC-FW-01,False
ALT-CSE-09-00887,CSE-09,MEDIUM,2024-12-25T08:59:03,2024-12-25T09:12:45.762998,2024-12-25T10:01:04.330280,CLOSED,,CITIZEN-PORTAL-WEB,False
ALT-CSE-09-00888,CSE-09,LOW,2024-12-12T13:11:05,2024-12-12T13:24:47.649501,2024-12-12T14:28:35.158525,CLOSED,CAS-CSE-09-0171,CITIZEN-PORTAL-WEB,False
ALT-CSE-09-00889,CSE-09,LOW,2024-11-23T01:52:23,2024-11-23T01:57:12.826180,2024-11-23T03:09:23.701026,CLOSED,,CITIZEN-PORTAL-WEB,False
ALT-CSE-09-00890,CSE-09,MEDIUM,2024-11-02T14:14:20,2024-11-02T14:18:08.669707,2024-11-02T15:12:34.837465,CLOSED,,CITIZEN-PORTAL-WEB,False
ALT-CSE-09-00891,CSE-09,HIGH,2024-11-17T22:09:40,2024-11-17T22:13:33.882969,2024-11-17T23:47:07.259715,CLOSED,,CITIZEN-PORTAL-WEB,False
ALT-CSE-09-00892,CSE-09,HIGH,2024-12-23T07:48:05,2024-12-23T07:50:13.475907,2024-12-23T09:37:40.768287,CLOSED,,CITIZEN-PORTAL-WEB,False
ALT-CSE-09-00893,CSE-09,MEDIUM,2024-10-06T19:16:50,2024-10-06T19:23:19.145621,2024-10-06T20:42:46.479426,CLOSED,,GOV-SEC-FW-01,False
ALT-CSE-09-00894,CSE-09,LOW,2024-11-16T22:07:28,2024-11-16T22:21:27.982422,2024-11-16T23:22:21.241292,CLOSED,,UID-VAULT-DB,False
ALT-CSE-09-00895,CSE-09,HIGH,2024-12-17T12:56:33,2024-12-17T13:04:24.590714,2024-12-17T13:51:19.109366,CLOSED,,ID-GATEWAY-AUTH-01,False
ALT-CSE-09-00896,CSE-09,MEDIUM,2024-12-25T21:01:44,2024-12-25T21:16:35.463219,2024-12-25T22:27:18.673888,CLOSED,,UID-VAULT-DB,False
ALT-CSE-09-00897,CSE-09,CRITICAL,2024-10-23T22:38:50,2024-10-23T22:42:37.169356,2024-10-23T23:22:28.445960,CLOSED,CAS-CSE-09-0172,ID-GATEWAY-AUTH-01,False
ALT-CSE-09-00898,CSE-09,CRITICAL,2024-10-03T00:58:45,2024-10-03T01:05:50.503112,2024-10-03T02:42:42.186885,CLOSED,CAS-CSE-09-0173,GOV-SEC-FW-01,True
ALT-CSE-09-00899,CSE-09,HIGH,2024-10-07T12:29:26,2024-10-07T12:39:50.934054,2024-10-07T13:35:04.010658,CLOSED,,CITIZEN-PORTAL-WEB,False
ALT-CSE-09-00900,CSE-09,MEDIUM,2024-10-09T00:08:10,2024-10-09T00:19:22.604872,2024-10-09T01:53:28.060588,CLOSED,,ID-GATEWAY-AUTH-01,False
ALT-CSE-09-00901,CSE-09,MEDIUM,2024-11-10T21:40:54,2024-11-10T21:44:33.514717,2024-11-10T22:40:29.083915,CLOSED,,CITIZEN-PORTAL-WEB,False
ALT-CSE-09-00902,CSE-09,MEDIUM,2024-11-27T18:01:44,2024-11-27T18:07:43.107351,2024-11-27T19:14:47.661108,CLOSED,,ID-GATEWAY-AUTH-01,False
ALT-CSE-09-00903,CSE-09,LOW,2024-10-17T00:04:52,2024-10-17T00:19:47.520553,2024-10-17T00:50:38.217631,CLOSED,,ID-GATEWAY-AUTH-01,False
ALT-CSE-09-00904,CSE-09,MEDIUM,2024-10-10T22:27:40,2024-10-10T22:37:21.620705,2024-10-10T23:35:55.627045,CLOSED,,GOV-SEC-FW-01,False
ALT-CSE-09-00905,CSE-09,CRITICAL,2024-12-21T11:58:46,2024-12-21T12:07:22.797241,2024-12-21T12:51:06.072698,CLOSED,CAS-CSE-09-0174,CITIZEN-PORTAL-WEB,False
ALT-CSE-09-00906,CSE-09,LOW,2024-12-23T05:20:37,2024-12-23T05:33:10.744605,2024-12-23T06:29:03.128144,CLOSED,,CITIZEN-PORTAL-WEB,False
ALT-CSE-09-00907,CSE-09,HIGH,2024-12-04T09:07:46,2024-12-04T09:15:22.617508,2024-12-04T10:13:39.947329,CLOSED,CAS-CSE-09-0175,GOV-SEC-FW-01,False
ALT-CSE-09-00908,CSE-09,LOW,2024-12-23T00:35:09,2024-12-23T00:40:53.480317,2024-12-23T01:30:45.034985,CLOSED,,ID-GATEWAY-AUTH-01,False
ALT-CSE-09-00909,CSE-09,HIGH,2024-12-04T10:31:40,2024-12-04T10:35:29.091887,2024-12-04T11:28:45.898316,CLOSED,,UID-VAULT-DB,False
ALT-CSE-09-00910,CSE-09,MEDIUM,2024-11-27T23:54:32,2024-11-28T00:02:40.109175,2024-11-28T00:50:15.598827,CLOSED,,UID-VAULT-DB,False
ALT-CSE-09-00911,CSE-09,MEDIUM,2024-10-15T13:55:02,2024-10-15T14:04:26.156583,2024-10-15T14:53:42.814510,CLOSED,,GOV-SEC-FW-01,False
ALT-CSE-09-00912,CSE-09,CRITICAL,2024-10-31T03:40:38,2024-10-31T03:43:45.958517,2024-10-31T04:48:44.813881,CLOSED,CAS-CSE-09-0176,UID-VAULT-DB,True
ALT-CSE-09-00913,CSE-09,MEDIUM,2024-10-23T10:40:27,2024-10-23T10:43:32.050532,2024-10-23T11:34:18.728927,CLOSED,,ID-GATEWAY-AUTH-01,False
ALT-CSE-09-00914,CSE-09,HIGH,2024-12-29T23:13:19,2024-12-29T23:18:54.570783,2024-12-29T23:59:41.439278,CLOSED,,CITIZEN-PORTAL-WEB,False
ALT-CSE-09-00915,CSE-09,CRITICAL,2024-10-23T15:50:33,2024-10-23T16:00:37.853757,2024-10-23T17:21:15.424164,CLOSED,CAS-CSE-09-0177,GOV-SEC-FW-01,False
ALT-CSE-09-00916,CSE-09,CRITICAL,2024-10-07T11:36:08,2024-10-07T11:46:47.699332,2024-10-07T13:18:05.350017,CLOSED,CAS-CSE-09-0178,ID-GATEWAY-AUTH-01,True
ALT-CSE-09-00917,CSE-09,MEDIUM,2024-12-13T07:38:45,2024-12-13T07:46:57.115771,2024-12-13T08:24:18.163413,CLOSED,,GOV-SEC-FW-01,False
ALT-CSE-09-00918,CSE-09,LOW,2024-10-16T09:50:56,2024-10-16T09:54:11.811326,2024-10-16T11:37:16.560120,CLOSED,,UID-VAULT-DB,False
ALT-CSE-09-00919,CSE-09,CRITICAL,2024-12-06T21:42:25,2024-12-06T21:45:25.318377,2024-12-06T23:30:31.754029,CLOSED,CAS-CSE-09-0179,UID-VAULT-DB,False
ALT-CSE-09-00920,CSE-09,LOW,2024-12-04T02:43:03,2024-12-04T02:57:43.823495,2024-12-04T03:45:12.045347,CLOSED,CAS-CSE-09-0180,GOV-SEC-FW-01,False
ALT-CSE-09-00921,CSE-09,LOW,2024-12-02T23:33:49,2024-12-02T23:43:56.989515,2024-12-03T00:47:00.942385,CLOSED,,GOV-SEC-FW-01,False
ALT-CSE-09-00922,CSE-09,LOW,2024-11-18T05:54:17,2024-11-18T06:02:36.180185,2024-11-18T07:34:26.866972,CLOSED,,UID-VAULT-DB,False
ALT-CSE-09-00923,CSE-09,MEDIUM,2024-11-22T08:11:36,2024-11-22T08:19:44.916252,2024-11-22T09:02:11.004766,CLOSED,,UID-VAULT-DB,False
ALT-CSE-09-00924,CSE-09,LOW,2024-11-06T03:31:55,2024-11-06T03:43:10.782434,2024-11-06T05:11:07.846143,CLOSED,,UID-VAULT-DB,False
ALT-CSE-09-00925,CSE-09,MEDIUM,2024-12-29T21:23:57,2024-12-29T21:28:29.994197,2024-12-29T22:45:14.041436,CLOSED,,CITIZEN-PORTAL-WEB,False
ALT-CSE-09-00926,CSE-09,CRITICAL,2024-11-25T16:31:26,2024-11-25T16:41:38.907654,2024-11-25T17:42:46.924459,CLOSED,CAS-CSE-09-0181,CITIZEN-PORTAL-WEB,False
ALT-CSE-09-00927,CSE-09,HIGH,2024-11-29T11:10:54,2024-11-29T11:15:02.094592,2024-11-29T12:00:25.696210,CLOSED,,CITIZEN-PORTAL-WEB,False
ALT-CSE-09-00928,CSE-09,MEDIUM,2024-10-28T17:42:30,2024-10-28T17:54:32.644007,2024-10-28T18:56:43.335622,CLOSED,CAS-CSE-09-0182,CITIZEN-PORTAL-WEB,True
ALT-CSE-09-00929,CSE-09,MEDIUM,2024-12-22T12:48:41,2024-12-22T12:58:12.571847,2024-12-22T13:53:41.581051,CLOSED,,CITIZEN-PORTAL-WEB,False
ALT-CSE-09-00930,CSE-09,HIGH,2024-10-01T04:11:58,2024-10-01T04:16:47.129168,2024-10-01T05:54:24.271385,CLOSED,,CITIZEN-PORTAL-WEB,False
ALT-CSE-09-00931,CSE-09,HIGH,2024-10-19T10:24:45,2024-10-19T10:33:38.172993,2024-10-19T11:28:24.917064,CLOSED,,CITIZEN-PORTAL-WEB,False
ALT-CSE-09-00932,CSE-09,MEDIUM,2024-10-11T04:28:22,2024-10-11T04:38:04.622786,2024-10-11T05:12:53.974895,CLOSED,,UID-VAULT-DB,False
ALT-CSE-09-00933,CSE-09,HIGH,2024-10-30T02:07:48,2024-10-30T02:14:45.843697,2024-10-30T03:36:47.925140,CLOSED,,GOV-SEC-FW-01,False
ALT-CSE-09-00934,CSE-09,LOW,2024-10-28T07:11:46,2024-10-28T07:25:13.886939,2024-10-28T08:16:03.353833,CLOSED,,UID-VAULT-DB,False
ALT-CSE-09-00935,CSE-09,MEDIUM,2024-11-17T06:13:34,2024-11-17T06:20:16.170460,2024-11-17T07:54:40.370256,CLOSED,,ID-GATEWAY-AUTH-01,False
ALT-CSE-09-00936,CSE-09,CRITICAL,2024-12-01T23:38:21,2024-12-01T23:46:09.178701,2024-12-02T00:46:34.608343,CLOSED,CAS-CSE-09-0183,ID-GATEWAY-AUTH-01,False
ALT-CSE-09-00937,CSE-09,MEDIUM,2024-10-18T11:19:44,2024-10-18T11:30:22.849569,2024-10-18T12:10:01.011757,CLOSED,,ID-GATEWAY-AUTH-01,False
ALT-CSE-09-00938,CSE-09,MEDIUM,2024-10-05T10:01:55,2024-10-05T10:07:39.754810,2024-10-05T10:42:21.546221,CLOSED,CAS-CSE-09-0184,ID-GATEWAY-AUTH-01,False
ALT-CSE-09-00939,CSE-09,MEDIUM,2024-12-06T21:11:25,2024-12-06T21:15:41.436557,2024-12-06T22:34:47.520254,CLOSED,,ID-GATEWAY-AUTH-01,False
ALT-CSE-09-00940,CSE-09,MEDIUM,2024-11-16T12:16:09,2024-11-16T12:30:02.937566,2024-11-16T13:08:40.103570,CLOSED,CAS-CSE-09-0185,GOV-SEC-FW-01,True
ALT-CSE-09-00941,CSE-09,MEDIUM,2024-11-09T08:22:05,2024-11-09T08:29:41.750325,2024-11-09T10:11:44.723166,CLOSED,,GOV-SEC-FW-01,False
ALT-CSE-09-00942,CSE-09,HIGH,2024-11-29T01:20:31,2024-11-29T01:26:08.205249,2024-11-29T02:55:50.674953,CLOSED,,GOV-SEC-FW-01,False
ALT-CSE-09-00943,CSE-09,CRITICAL,2024-12-11T19:55:16,2024-12-11T20:09:20.083460,2024-12-11T20:41:46.197183,CLOSED,CAS-CSE-09-0186,UID-VAULT-DB,False
ALT-CSE-09-00944,CSE-09,MEDIUM,2024-10-20T17:21:57,2024-10-20T17:26:20.701694,2024-10-20T18:58:18.098843,CLOSED,,UID-VAULT-DB,False
ALT-CSE-09-00945,CSE-09,LOW,2024-12-02T07:58:35,2024-12-02T08:05:46.734357,2024-12-02T09:16:20.556940,CLOSED,,ID-GATEWAY-AUTH-01,False
ALT-CSE-09-00946,CSE-09,CRITICAL,2024-12-06T04:41:12,2024-12-06T04:48:11.698622,2024-12-06T05:50:29.055766,CLOSED,CAS-CSE-09-0187,GOV-SEC-FW-01,False
ALT-CSE-09-00947,CSE-09,MEDIUM,2024-12-25T23:25:34,2024-12-25T23:36:45.357417,2024-12-26T00:27:35.002511,CLOSED,,ID-GATEWAY-AUTH-01,False
ALT-CSE-09-00948,CSE-09,HIGH,2024-11-22T19:40:23,2024-11-22T19:46:05.548132,2024-11-22T21:23:16.343672,CLOSED,,CITIZEN-PORTAL-WEB,False
ALT-CSE-09-00949,CSE-09,HIGH,2024-12-16T14:56:18,2024-12-16T15:05:41.571957,2024-12-16T16:03:06.755099,CLOSED,,UID-VAULT-DB,False
ALT-CSE-09-00950,CSE-09,HIGH,2024-11-07T00:49:23,2024-11-07T00:55:03.325732,2024-11-07T02:35:13.945028,CLOSED,,CITIZEN-PORTAL-WEB,False
ALT-CSE-09-00951,CSE-09,MEDIUM,2024-11-03T05:48:01,2024-11-03T06:00:29.648009,2024-11-03T06:45:52.033342,CLOSED,CAS-CSE-09-0188,GOV-SEC-FW-01,True
ALT-CSE-09-00952,CSE-09,MEDIUM,2024-11-09T09:39:53,2024-11-09T09:50:31.946950,2024-11-09T11:13:30.863407,CLOSED,,GOV-SEC-FW-01,False
ALT-CSE-09-00953,CSE-09,LOW,2024-11-21T22:51:56,2024-11-21T22:59:33.300543,2024-11-22T00:40:25.843767,CLOSED,,ID-GATEWAY-AUTH-01,False
ALT-CSE-09-00954,CSE-09,MEDIUM,2024-11-14T11:05:42,2024-11-14T11:17:58.259396,2024-11-14T12:40:09.745571,CLOSED,,GOV-SEC-FW-01,False
ALT-CSE-09-00955,CSE-09,MEDIUM,2024-10-30T16:28:49,2024-10-30T16:36:02.576502,2024-10-30T17:49:55.151280,CLOSED,,UID-VAULT-DB,False
ALT-CSE-09-00956,CSE-09,LOW,2024-12-08T00:55:27,2024-12-08T01:05:01.511727,2024-12-08T02:35:35.140921,CLOSED,,GOV-SEC-FW-01,False
ALT-CSE-09-00957,CSE-09,HIGH,2024-10-28T18:35:58,2024-10-28T18:48:25.801683,2024-10-28T20:25:31.323359,CLOSED,,CITIZEN-PORTAL-WEB,False
ALT-CSE-09-00958,CSE-09,CRITICAL,2024-11-25T08:19:07,2024-11-25T08:29:14.888323,2024-11-25T09:33:47.871046,CLOSED,CAS-CSE-09-0189,CITIZEN-PORTAL-WEB,False
ALT-CSE-09-00959,CSE-09,HIGH,2024-11-18T16:05:28,2024-11-18T16:16:53.131506,2024-11-18T16:51:50.612604,CLOSED,CAS-CSE-09-0190,CITIZEN-PORTAL-WEB,False
ALT-CSE-09-00960,CSE-09,CRITICAL,2024-11-08T20:19:15,2024-11-08T20:25:06.337904,2024-11-08T21:22:54.102771,CLOSED,CAS-CSE-09-0191,ID-GATEWAY-AUTH-01,False
ALT-CSE-09-00961,CSE-09,MEDIUM,2024-10-10T02:44:26,2024-10-10T02:54:41.333297,2024-10-10T04:12:39.910632,CLOSED,,UID-VAULT-DB,False
ALT-CSE-09-00962,CSE-09,CRITICAL,2024-11-15T00:03:25,2024-11-15T00:17:15.462380,2024-11-15T00:47:41.721665,CLOSED,CAS-CSE-09-0192,CITIZEN-PORTAL-WEB,True
ALT-CSE-09-00963,CSE-09,HIGH,2024-10-18T04:29:21,2024-10-18T04:34:06.520587,2024-10-18T06:16:31.471635,CLOSED,CAS-CSE-09-0193,GOV-SEC-FW-01,False
ALT-CSE-09-00964,CSE-09,MEDIUM,2024-10-26T12:52:58,2024-10-26T13:03:08.015026,2024-10-26T13:52:22.442168,CLOSED,,UID-VAULT-DB,False
ALT-CSE-09-00965,CSE-09,CRITICAL,2024-11-01T13:44:28,2024-11-01T13:58:46.282417,2024-11-01T15:09:31.231895,CLOSED,CAS-CSE-09-0194,UID-VAULT-DB,False
ALT-CSE-09-00966,CSE-09,LOW,2024-11-19T22:01:45,2024-11-19T22:14:45.605463,2024-11-19T23:51:42.285238,CLOSED,,GOV-SEC-FW-01,False
ALT-CSE-09-00967,CSE-09,MEDIUM,2024-11-17T11:00:53,2024-11-17T11:09:17.459672,2024-11-17T12:11:05.933435,CLOSED,,UID-VAULT-DB,False
ALT-CSE-09-00968,CSE-09,MEDIUM,2024-10-29T14:08:20,2024-10-29T14:11:52.953542,2024-10-29T15:58:05.429690,CLOSED,,UID-VAULT-DB,False
ALT-CSE-09-00969,CSE-09,MEDIUM,2024-10-14T14:13:30,2024-10-14T14:20:58.789604,2024-10-14T15:10:42.561210,CLOSED,,ID-GATEWAY-AUTH-01,False
ALT-CSE-09-00970,CSE-09,HIGH,2024-12-28T19:11:09,2024-12-28T19:20:23.676569,2024-12-28T20:31:38.011341,CLOSED,,GOV-SEC-FW-01,False
ALT-CSE-09-00971,CSE-09,HIGH,2024-12-24T21:32:44,2024-12-24T21:38:50.323229,2024-12-24T22:27:44.927195,CLOSED,,UID-VAULT-DB,False
ALT-CSE-09-00972,CSE-09,MEDIUM,2024-11-04T20:25:53,2024-11-04T20:36:43.311398,2024-11-04T21:07:12.722454,CLOSED,,CITIZEN-PORTAL-WEB,False
ALT-CSE-09-00973,CSE-09,HIGH,2024-11-23T20:36:43,2024-11-23T20:45:07.567690,2024-11-23T21:33:12.795860,CLOSED,,CITIZEN-PORTAL-WEB,False
ALT-CSE-09-00974,CSE-09,MEDIUM,2024-11-25T22:10:58,2024-11-25T22:19:08.874600,2024-11-25T23:05:09.838448,CLOSED,,ID-GATEWAY-AUTH-01,False
ALT-CSE-09-00975,CSE-09,HIGH,2024-11-16T05:29:08,2024-11-16T05:34:28.352472,2024-11-16T06:46:37.317272,CLOSED,,UID-VAULT-DB,False
ALT-CSE-09-00976,CSE-09,HIGH,2024-11-21T05:19:11,2024-11-21T05:29:47.127672,2024-11-21T06:30:33.758522,CLOSED,CAS-CSE-09-0195,GOV-SEC-FW-01,True
ALT-CSE-09-00977,CSE-09,LOW,2024-12-23T02:36:29,2024-12-23T02:45:04.753977,2024-12-23T04:12:27.836537,CLOSED,,GOV-SEC-FW-01,False
ALT-CSE-09-00978,CSE-09,HIGH,2024-11-06T04:19:31,2024-11-06T04:22:45.053657,2024-11-06T05:01:19.170243,CLOSED,CAS-CSE-09-0196,UID-VAULT-DB,False
ALT-CSE-09-00979,CSE-09,MEDIUM,2024-12-28T13:49:48,2024-12-28T13:58:39.188778,2024-12-28T15:13:22.833783,CLOSED,,CITIZEN-PORTAL-WEB,False
ALT-CSE-09-00980,CSE-09,MEDIUM,2024-12-19T21:41:10,2024-12-19T21:43:13.377833,2024-12-19T22:31:57.490650,CLOSED,,CITIZEN-PORTAL-WEB,False
ALT-CSE-09-00981,CSE-09,LOW,2024-12-27T00:22:41,2024-12-27T00:31:51.619060,2024-12-27T01:10:18.244483,CLOSED,,ID-GATEWAY-AUTH-01,False
ALT-CSE-09-00982,CSE-09,MEDIUM,2024-12-26T00:48:38,2024-12-26T00:52:44.029965,2024-12-26T02:01:44.914244,CLOSED,,GOV-SEC-FW-01,False
ALT-CSE-09-00983,CSE-09,HIGH,2024-10-03T18:33:53,2024-10-03T18:39:57.441836,2024-10-03T20:09:37.427925,CLOSED,CAS-CSE-09-0197,ID-GATEWAY-AUTH-01,False
ALT-CSE-09-00984,CSE-09,MEDIUM,2024-10-03T19:00:07,2024-10-03T19:06:58.939725,2024-10-03T19:53:21.000986,CLOSED,,ID-GATEWAY-AUTH-01,False
ALT-CSE-09-00985,CSE-09,MEDIUM,2024-12-27T22:01:50,2024-12-27T22:08:26.094885,2024-12-27T23:34:43.727631,CLOSED,,UID-VAULT-DB,False
ALT-CSE-09-00986,CSE-09,LOW,2024-10-06T15:33:00,2024-10-06T15:36:11.336627,2024-10-06T17:16:14.357482,CLOSED,,CITIZEN-PORTAL-WEB,False
ALT-CSE-09-00987,CSE-09,LOW,2024-10-02T15:42:50,2024-10-02T15:54:02.156273,2024-10-02T17:10:42.032446,CLOSED,,UID-VAULT-DB,False
ALT-CSE-09-00988,CSE-09,LOW,2024-10-16T17:44:14,2024-10-16T17:46:41.931761,2024-10-16T18:29:06.026135,CLOSED,,ID-GATEWAY-AUTH-01,False
ALT-CSE-09-00989,CSE-09,MEDIUM,2024-11-10T07:30:34,2024-11-10T07:40:20.054907,2024-11-10T08:43:12.950321,CLOSED,CAS-CSE-09-0198,CITIZEN-PORTAL-WEB,False
ALT-CSE-09-00990,CSE-09,CRITICAL,2024-10-22T04:26:56,2024-10-22T04:39:00.956014,2024-10-22T05:32:50.192748,CLOSED,CAS-CSE-09-0199,CITIZEN-PORTAL-WEB,False
ALT-CSE-09-00991,CSE-09,LOW,2024-12-02T09:45:23,2024-12-02T09:53:23.428530,2024-12-02T10:40:28.981189,CLOSED,,GOV-SEC-FW-01,False
ALT-CSE-09-00992,CSE-09,HIGH,2024-11-22T05:40:40,2024-11-22T05:48:40.908157,2024-11-22T07:16:03.180272,CLOSED,CAS-CSE-09-0200,CITIZEN-PORTAL-WEB,True
ALT-CSE-09-00993,CSE-09,MEDIUM,2024-12-28T13:34:43,2024-12-28T13:39:04.637971,2024-12-28T14:18:32.600515,CLOSED,,ID-GATEWAY-AUTH-01,False
ALT-CSE-09-00994,CSE-09,MEDIUM,2024-12-18T03:38:36,2024-12-18T03:42:24.475788,2024-12-18T05:17:50.143778,CLOSED,,ID-GATEWAY-AUTH-01,False
ALT-CSE-09-00995,CSE-09,LOW,2024-10-18T03:35:39,2024-10-18T03:44:04.239800,2024-10-18T05:19:30.334772,CLOSED,,ID-GATEWAY-AUTH-01,False
ALT-CSE-09-00996,CSE-09,LOW,2024-10-28T00:34:47,2024-10-28T00:44:21.757936,2024-10-28T01:46:07.328917,CLOSED,,UID-VAULT-DB,False
ALT-CSE-09-00997,CSE-09,CRITICAL,2024-11-09T21:22:53,2024-11-09T21:29:35.046471,2024-11-09T22:37:17.708890,CLOSED,CAS-CSE-09-0201,GOV-SEC-FW-01,False
ALT-CSE-09-00998,CSE-09,LOW,2024-10-19T09:48:57,2024-10-19T09:59:06.016410,2024-10-19T11:02:58.778008,CLOSED,,CITIZEN-PORTAL-WEB,False
ALT-CSE-09-00999,CSE-09,HIGH,2024-12-19T17:08:21,2024-12-19T17:20:38.693634,2024-12-19T18:25:42.374018,CLOSED,,UID-VAULT-DB,False
ALT-CSE-09-01000,CSE-09,MEDIUM,2024-10-31T20:07:07,2024-10-31T20:20:12.682404,2024-10-31T21:54:04.748737,CLOSED,,CITIZEN-PORTAL-WEB,False
ALT-CSE-09-01001,CSE-09,MEDIUM,2024-12-10T01:13:30,2024-12-10T01:23:49.502219,2024-12-10T01:59:15.546349,CLOSED,,GOV-SEC-FW-01,False
ALT-CSE-09-01002,CSE-09,CRITICAL,2024-10-26T00:24:00,2024-10-26T00:26:20.010718,2024-10-26T01:14:31.944831,CLOSED,CAS-CSE-09-0202,UID-VAULT-DB,False
ALT-CSE-09-01003,CSE-09,HIGH,2024-10-12T23:39:05,2024-10-12T23:49:08.413188,2024-10-13T00:51:06.455833,CLOSED,,UID-VAULT-DB,False
ALT-CSE-09-01004,CSE-09,LOW,2024-10-20T16:00:31,2024-10-20T16:06:49.527923,2024-10-20T16:52:42.781914,CLOSED,,CITIZEN-PORTAL-WEB,False
ALT-CSE-09-01005,CSE-09,HIGH,2024-10-11T12:25:16,2024-10-11T12:28:43.390565,2024-10-11T13:09:08.846409,CLOSED,,UID-VAULT-DB,False
ALT-CSE-09-01006,CSE-09,HIGH,2024-10-12T13:33:16,2024-10-12T13:44:46.234196,2024-10-12T15:19:49.380216,CLOSED,CAS-CSE-09-0203,CITIZEN-PORTAL-WEB,False
ALT-CSE-09-01007,CSE-09,HIGH,2024-11-17T14:05:06,2024-11-17T14:09:57.161562,2024-11-17T15:20:13.815661,CLOSED,,GOV-SEC-FW-01,False
ALT-CSE-09-01008,CSE-09,MEDIUM,2024-10-13T20:11:29,2024-10-13T20:17:50.947911,2024-10-13T21:44:16.294946,CLOSED,,CITIZEN-PORTAL-WEB,False
ALT-CSE-09-01009,CSE-09,LOW,2024-11-29T03:57:31,2024-11-29T04:01:12.052644,2024-11-29T04:56:44.985157,CLOSED,,UID-VAULT-DB,False
ALT-CSE-09-01010,CSE-09,CRITICAL,2024-10-07T04:33:58,2024-10-07T04:44:01.461798,2024-10-07T06:10:55.408206,CLOSED,CAS-CSE-09-0204,CITIZEN-PORTAL-WEB,True
ALT-CSE-09-01011,CSE-09,MEDIUM,2024-12-23T10:59:08,2024-12-23T11:05:23.521583,2024-12-23T12:45:21.237883,CLOSED,,CITIZEN-PORTAL-WEB,False
ALT-CSE-09-01012,CSE-09,HIGH,2024-12-06T07:18:00,2024-12-06T07:29:05.029728,2024-12-06T08:21:21.072132,CLOSED,,GOV-SEC-FW-01,False
ALT-CSE-09-01013,CSE-09,LOW,2024-11-27T09:05:05,2024-11-27T09:19:23.783895,2024-11-27T10:37:37.679809,CLOSED,,UID-VAULT-DB,False
ALT-CSE-09-01014,CSE-09,MEDIUM,2024-11-10T09:00:36,2024-11-10T09:09:35.988045,2024-11-10T09:47:34.966222,CLOSED,,UID-VAULT-DB,False
ALT-CSE-09-01015,CSE-09,HIGH,2024-10-06T23:35:39,2024-10-06T23:43:11.533797,2024-10-07T01:16:51.940726,CLOSED,,GOV-SEC-FW-01,False
ALT-CSE-09-01016,CSE-09,LOW,2024-12-16T09:53:30,2024-12-16T09:57:13.760659,2024-12-16T10:36:36.363657,CLOSED,,UID-VAULT-DB,False
ALT-CSE-09-01017,CSE-09,HIGH,2024-10-19T01:48:52,2024-10-19T01:51:31.096226,2024-10-19T03:16:11.026775,CLOSED,,GOV-SEC-FW-01,False
ALT-CSE-09-01018,CSE-09,HIGH,2024-10-17T20:54:52,2024-10-17T21:06:18.030973,2024-10-17T22:30:01.049148,CLOSED,,CITIZEN-PORTAL-WEB,False
ALT-CSE-09-01019,CSE-09,MEDIUM,2024-11-27T09:32:05,2024-11-27T09:39:58.121975,2024-11-27T10:45:46.005230,CLOSED,CAS-CSE-09-0205,CITIZEN-PORTAL-WEB,True
ALT-CSE-09-01020,CSE-09,CRITICAL,2024-10-26T16:55:12,2024-10-26T16:57:45.831216,2024-10-26T18:20:12.024284,CLOSED,CAS-CSE-09-0206,GOV-SEC-FW-01,False
ALT-CSE-09-01021,CSE-09,MEDIUM,2024-11-20T10:40:25,2024-11-20T10:45:08.963493,2024-11-20T11:40:35.263151,CLOSED,,GOV-SEC-FW-01,False
ALT-CSE-09-01022,CSE-09,CRITICAL,2024-12-04T14:41:21,2024-12-04T14:45:56.114836,2024-12-04T16:12:29.423695,CLOSED,CAS-CSE-09-0207,CITIZEN-PORTAL-WEB,False
ALT-CSE-09-01023,CSE-09,LOW,2024-11-05T17:15:47,2024-11-05T17:25:15.910125,2024-11-05T18:10:51.789860,CLOSED,,CITIZEN-PORTAL-WEB,False
ALT-CSE-09-01024,CSE-09,CRITICAL,2024-12-19T01:36:56,2024-12-19T01:49:43.961019,2024-12-19T02:43:37.330553,CLOSED,CAS-CSE-09-0208,CITIZEN-PORTAL-WEB,False
ALT-CSE-09-01025,CSE-09,CRITICAL,2024-11-01T17:55:41,2024-11-01T18:03:53.692698,2024-11-01T19:34:59.561412,CLOSED,CAS-CSE-09-0209,CITIZEN-PORTAL-WEB,True
ALT-CSE-09-01026,CSE-09,LOW,2024-12-15T06:17:25,2024-12-15T06:21:09.448343,2024-12-15T08:02:35.269510,CLOSED,,ID-GATEWAY-AUTH-01,False
ALT-CSE-09-01027,CSE-09,MEDIUM,2024-11-27T19:39:07,2024-11-27T19:49:42.620219,2024-11-27T20:44:26.975915,CLOSED,,CITIZEN-PORTAL-WEB,False
ALT-CSE-09-01028,CSE-09,LOW,2024-10-11T17:35:23,2024-10-11T17:43:39.602095,2024-10-11T18:25:01.905116,CLOSED,,GOV-SEC-FW-01,False
ALT-CSE-09-01029,CSE-09,HIGH,2024-11-19T22:02:02,2024-11-19T22:16:00.774355,2024-11-19T22:49:17.109303,CLOSED,,CITIZEN-PORTAL-WEB,False
ALT-CSE-09-01030,CSE-09,CRITICAL,2024-11-12T20:10:19,2024-11-12T20:20:29.477626,2024-11-12T21:13:01.866396,CLOSED,,CITIZEN-PORTAL-WEB,False
ALT-CSE-09-01031,CSE-09,MEDIUM,2024-10-12T14:35:35,2024-10-12T14:49:37.231255,2024-10-12T15:58:40.052486,CLOSED,,UID-VAULT-DB,False
ALT-CSE-09-01032,CSE-09,MEDIUM,2024-11-23T21:46:03,2024-11-23T21:49:06.211527,2024-11-23T22:26:19.226803,CLOSED,,UID-VAULT-DB,False
ALT-CSE-09-01033,CSE-09,LOW,2024-10-11T03:18:57,2024-10-11T03:21:02.252380,2024-10-11T05:03:35.646617,CLOSED,CAS-CSE-09-0210,GOV-SEC-FW-01,False
ALT-CSE-09-01034,CSE-09,HIGH,2024-10-18T13:43:22,2024-10-18T13:50:35.616373,2024-10-18T15:32:38.309942,CLOSED,,ID-GATEWAY-AUTH-01,False
ALT-CSE-09-01035,CSE-09,HIGH,2024-11-17T13:21:03,2024-11-17T13:34:05.970173,2024-11-17T14:36:24.836926,CLOSED,,GOV-SEC-FW-01,False
ALT-CSE-09-01036,CSE-09,HIGH,2024-12-26T17:17:57,2024-12-26T17:25:19.272443,2024-12-26T19:02:50.121015,CLOSED,,GOV-SEC-FW-01,False
ALT-CSE-09-01037,CSE-09,CRITICAL,2024-10-04T21:11:47,2024-10-04T21:22:46.521193,2024-10-04T22:51:58.968578,CLOSED,CAS-CSE-09-0211,ID-GATEWAY-AUTH-01,False
ALT-CSE-09-01038,CSE-09,LOW,2024-12-05T17:45:33,2024-12-05T17:53:59.130388,2024-12-05T19:25:14.113355,CLOSED,,GOV-SEC-FW-01,False
ALT-CSE-09-01039,CSE-09,LOW,2024-12-02T11:45:24,2024-12-02T11:48:49.412857,2024-12-02T12:48:26.401831,CLOSED,,CITIZEN-PORTAL-WEB,False
ALT-CSE-09-01040,CSE-09,HIGH,2024-12-28T13:04:57,2024-12-28T13:08:25.424873,2024-12-28T14:53:22.937873,CLOSED,,GOV-SEC-FW-01,False
ALT-CSE-09-01041,CSE-09,LOW,2024-12-07T03:57:55,2024-12-07T04:04:06.203182,2024-12-07T05:27:55.689125,CLOSED,,CITIZEN-PORTAL-WEB,False
ALT-CSE-09-01042,CSE-09,MEDIUM,2024-11-02T06:31:57,2024-11-02T06:45:15.082959,2024-11-02T08:16:34.975465,CLOSED,,ID-GATEWAY-AUTH-01,False
ALT-CSE-09-01043,CSE-09,LOW,2024-12-02T13:37:40,2024-12-02T13:51:45.514145,2024-12-02T15:10:59.341555,CLOSED,,ID-GATEWAY-AUTH-01,False
ALT-CSE-09-01044,CSE-09,HIGH,2024-10-28T07:31:16,2024-10-28T07:44:57.060299,2024-10-28T08:31:38.768925,CLOSED,CAS-CSE-09-0212,UID-VAULT-DB,False
ALT-CSE-09-01045,CSE-09,LOW,2024-10-12T00:37:05,2024-10-12T00:43:49.137517,2024-10-12T02:11:50.156693,CLOSED,,ID-GATEWAY-AUTH-01,False
ALT-CSE-09-01046,CSE-09,MEDIUM,2024-12-14T13:34:27,2024-12-14T13:42:35.192183,2024-12-14T14:26:03.171296,CLOSED,,CITIZEN-PORTAL-WEB,False
ALT-CSE-09-01047,CSE-09,CRITICAL,2024-12-01T21:48:25,2024-12-01T22:02:25.120556,2024-12-01T23:22:29.269153,CLOSED,,UID-VAULT-DB,False
ALT-CSE-09-01048,CSE-09,MEDIUM,2024-10-11T06:51:19,2024-10-11T07:03:21.014393,2024-10-11T07:43:03.554870,CLOSED,,CITIZEN-PORTAL-WEB,False
ALT-CSE-09-01049,CSE-09,LOW,2024-11-08T20:53:33,2024-11-08T21:01:30.670122,2024-11-08T21:33:41.159651,CLOSED,,ID-GATEWAY-AUTH-01,False
ALT-CSE-09-01050,CSE-09,LOW,2024-11-12T05:39:12,2024-11-12T05:53:59.375075,2024-11-12T07:09:17.668374,CLOSED,,ID-GATEWAY-AUTH-01,False
ALT-CSE-09-01051,CSE-09,MEDIUM,2024-12-11T10:13:17,2024-12-11T10:15:29.297130,2024-12-11T11:36:53.192288,CLOSED,CAS-CSE-09-0213,ID-GATEWAY-AUTH-01,False
ALT-CSE-09-01052,CSE-09,MEDIUM,2024-12-15T04:03:15,2024-12-15T04:07:44.002076,2024-12-15T05:03:06.659882,CLOSED,,GOV-SEC-FW-01,False
ALT-CSE-09-01053,CSE-09,HIGH,2024-11-04T06:39:10,2024-11-04T06:43:33.898225,2024-11-04T07:21:14.029618,CLOSED,,GOV-SEC-FW-01,False
ALT-CSE-09-01054,CSE-09,MEDIUM,2024-11-26T14:35:35,2024-11-26T14:45:34.254445,2024-11-26T15:54:47.343570,CLOSED,CAS-CSE-09-0214,UID-VAULT-DB,True
ALT-CSE-09-01055,CSE-09,LOW,2024-12-28T22:52:31,2024-12-28T23:00:32.197398,2024-12-29T00:13:22.369459,CLOSED,,ID-GATEWAY-AUTH-01,False
ALT-CSE-09-01056,CSE-09,HIGH,2024-10-25T01:33:06,2024-10-25T01:45:00.833007,2024-10-25T02:14:50.281239,CLOSED,,UID-VAULT-DB,False
ALT-CSE-09-01057,CSE-09,MEDIUM,2024-10-03T05:55:17,2024-10-03T06:04:21.395629,2024-10-03T07:41:20.696661,CLOSED,,UID-VAULT-DB,False
ALT-CSE-09-01058,CSE-09,MEDIUM,2024-12-12T19:09:45,2024-12-12T19:21:06.465080,2024-12-12T20:58:39.851310,CLOSED,CAS-CSE-09-0215,ID-GATEWAY-AUTH-01,False
ALT-CSE-09-01059,CSE-09,MEDIUM,2024-10-01T12:22:33,2024-10-01T12:32:52.467190,2024-10-01T13:35:03.939572,CLOSED,,ID-GATEWAY-AUTH-01,False
ALT-CSE-09-01060,CSE-09,MEDIUM,2024-12-22T03:12:34,2024-12-22T03:14:49.404731,2024-12-22T04:34:55.042941,CLOSED,,UID-VAULT-DB,False
ALT-CSE-09-01061,CSE-09,LOW,2024-11-11T01:19:26,2024-11-11T01:33:36.848877,2024-11-11T02:51:33.959119,CLOSED,,CITIZEN-PORTAL-WEB,False
ALT-CSE-09-01062,CSE-09,CRITICAL,2024-12-24T06:07:54,2024-12-24T06:12:22.349277,2024-12-24T07:27:53.101701,CLOSED,CAS-CSE-09-0216,CITIZEN-PORTAL-WEB,False
ALT-CSE-09-01063,CSE-09,MEDIUM,2024-12-12T15:57:03,2024-12-12T15:59:24.684484,2024-12-12T17:14:53.049386,CLOSED,,UID-VAULT-DB,False
ALT-CSE-09-01064,CSE-09,MEDIUM,2024-12-22T16:45:33,2024-12-22T16:49:04.494793,2024-12-22T18:15:30.344521,CLOSED,,GOV-SEC-FW-01,False
ALT-CSE-09-01065,CSE-09,LOW,2024-10-05T18:56:17,2024-10-05T19:09:53.030086,2024-10-05T19:45:13.295610,CLOSED,,CITIZEN-PORTAL-WEB,False
ALT-CSE-09-01066,CSE-09,MEDIUM,2024-11-14T14:03:36,2024-11-14T14:09:09.901818,2024-11-14T15:43:31.949665,CLOSED,,CITIZEN-PORTAL-WEB,False
ALT-CSE-09-01067,CSE-09,MEDIUM,2024-12-14T22:20:15,2024-12-14T22:28:32.095392,2024-12-14T23:22:16.079235,CLOSED,,GOV-SEC-FW-01,False
ALT-CSE-09-01068,CSE-09,MEDIUM,2024-12-21T21:33:00,2024-12-21T21:44:51.135460,2024-12-21T22:36:40.028033,CLOSED,,ID-GATEWAY-AUTH-01,False
ALT-CSE-09-01069,CSE-09,LOW,2024-10-17T23:08:26,2024-10-17T23:12:22.568928,2024-10-17T23:54:33.880871,CLOSED,,ID-GATEWAY-AUTH-01,False
ALT-CSE-09-01070,CSE-09,HIGH,2024-11-16T15:55:37,2024-11-16T16:07:16.689688,2024-11-16T17:13:36.770732,CLOSED,CAS-CSE-09-0217,ID-GATEWAY-AUTH-01,True
ALT-CSE-09-01071,CSE-09,MEDIUM,2024-10-20T09:10:18,2024-10-20T09:18:19.128165,2024-10-20T10:32:53.712447,CLOSED,,UID-VAULT-DB,False
ALT-CSE-09-01072,CSE-09,MEDIUM,2024-11-23T23:15:37,2024-11-23T23:19:55.472208,2024-11-24T00:30:21.598474,CLOSED,CAS-CSE-09-0218,GOV-SEC-FW-01,True
ALT-CSE-09-01073,CSE-09,MEDIUM,2024-10-29T19:36:10,2024-10-29T19:49:20.441591,2024-10-29T21:17:25.698134,CLOSED,,CITIZEN-PORTAL-WEB,False
ALT-CSE-09-01074,CSE-09,LOW,2024-10-06T14:04:37,2024-10-06T14:11:13.461057,2024-10-06T15:41:27.591111,CLOSED,,ID-GATEWAY-AUTH-01,False
ALT-CSE-09-01075,CSE-09,LOW,2024-10-18T18:07:41,2024-10-18T18:16:09.115642,2024-10-18T19:15:43.002163,CLOSED,,CITIZEN-PORTAL-WEB,False
ALT-CSE-09-01076,CSE-09,MEDIUM,2024-11-26T03:13:02,2024-11-26T03:24:39.282124,2024-11-26T04:46:14.585465,CLOSED,,ID-GATEWAY-AUTH-01,False
ALT-CSE-09-01077,CSE-09,LOW,2024-10-20T15:50:36,2024-10-20T16:03:06.031978,2024-10-20T17:39:37.798271,CLOSED,,ID-GATEWAY-AUTH-01,False
ALT-CSE-09-01078,CSE-09,CRITICAL,2024-10-27T16:32:42,2024-10-27T16:36:45.082045,2024-10-27T17:55:06.476802,CLOSED,CAS-CSE-09-0219,CITIZEN-PORTAL-WEB,True
ALT-CSE-09-01079,CSE-09,HIGH,2024-10-08T16:40:03,2024-10-08T16:51:09.307458,2024-10-08T18:09:04.932964,CLOSED,,CITIZEN-PORTAL-WEB,False
ALT-CSE-09-01080,CSE-09,LOW,2024-10-22T02:07:33,2024-10-22T02:12:57.546678,2024-10-22T03:10:55.881588,CLOSED,,ID-GATEWAY-AUTH-01,False
ALT-CSE-09-01081,CSE-09,HIGH,2024-12-12T01:01:02,2024-12-12T01:11:20.381637,2024-12-12T01:48:32.664154,CLOSED,,UID-VAULT-DB,False
ALT-CSE-09-01082,CSE-09,MEDIUM,2024-10-14T05:04:18,2024-10-14T05:16:34.955028,2024-10-14T06:11:51.204686,CLOSED,,UID-VAULT-DB,False
ALT-CSE-09-01083,CSE-09,LOW,2024-12-08T05:26:47,2024-12-08T05:40:21.692929,2024-12-08T07:11:39.207746,CLOSED,CAS-CSE-09-0220,UID-VAULT-DB,True
ALT-CSE-09-01084,CSE-09,MEDIUM,2024-11-26T12:52:51,2024-11-26T13:01:55.907940,2024-11-26T13:49:30.305472,CLOSED,,CITIZEN-PORTAL-WEB,False
ALT-CSE-09-01085,CSE-09,CRITICAL,2024-12-27T11:10:00,2024-12-27T11:18:28.561452,2024-12-27T12:24:09.343841,CLOSED,CAS-CSE-09-0221,GOV-SEC-FW-01,False
ALT-CSE-09-01086,CSE-09,CRITICAL,2024-10-25T20:00:38,2024-10-25T20:11:45.553864,2024-10-25T21:07:49.994071,CLOSED,CAS-CSE-09-0222,CITIZEN-PORTAL-WEB,True
ALT-CSE-09-01087,CSE-09,MEDIUM,2024-11-18T02:03:01,2024-11-18T02:17:16.455727,2024-11-18T03:24:32.238264,CLOSED,,GOV-SEC-FW-01,False
ALT-CSE-09-01088,CSE-09,MEDIUM,2024-11-13T08:35:07,2024-11-13T08:44:24.175817,2024-11-13T09:19:57.254777,CLOSED,,ID-GATEWAY-AUTH-01,False
ALT-CSE-09-01089,CSE-09,MEDIUM,2024-10-12T20:35:47,2024-10-12T20:48:17.425685,2024-10-12T21:56:50.355116,CLOSED,,UID-VAULT-DB,False
ALT-CSE-09-01090,CSE-09,HIGH,2024-10-22T14:40:21,2024-10-22T14:46:42.484940,2024-10-22T15:37:01.562065,CLOSED,,UID-VAULT-DB,False
ALT-CSE-09-01091,CSE-09,HIGH,2024-12-04T03:53:19,2024-12-04T03:58:57.206545,2024-12-04T05:14:38.894879,CLOSED,,ID-GATEWAY-AUTH-01,False
ALT-CSE-09-01092,CSE-09,HIGH,2024-10-09T05:26:31,2024-10-09T05:34:48.514314,2024-10-09T06:10:35.806817,CLOSED,,UID-VAULT-DB,False
ALT-CSE-09-01093,CSE-09,HIGH,2024-10-05T13:26:02,2024-10-05T13:31:03.150154,2024-10-05T14:57:05.620193,CLOSED,,CITIZEN-PORTAL-WEB,False
ALT-CSE-09-01094,CSE-09,MEDIUM,2024-11-25T17:42:32,2024-11-25T17:51:01.775299,2024-11-25T19:08:46.344023,CLOSED,,CITIZEN-PORTAL-WEB,False
ALT-CSE-09-01095,CSE-09,MEDIUM,2024-12-24T17:51:14,2024-12-24T17:54:47.970326,2024-12-24T19:38:34.786844,CLOSED,,ID-GATEWAY-AUTH-01,False
ALT-CSE-09-01096,CSE-09,HIGH,2024-12-08T05:23:04,2024-12-08T05:29:19.333821,2024-12-08T06:24:08.825351,CLOSED,,UID-VAULT-DB,False
ALT-CSE-09-01097,CSE-09,MEDIUM,2024-12-12T18:42:25,2024-12-12T18:55:05.612366,2024-12-12T20:29:37.656182,CLOSED,,UID-VAULT-DB,False
ALT-CSE-09-01098,CSE-09,LOW,2024-12-05T20:28:32,2024-12-05T20:31:11.690316,2024-12-05T21:33:33.728989,CLOSED,,UID-VAULT-DB,False
ALT-CSE-09-01099,CSE-09,MEDIUM,2024-10-02T05:35:34,2024-10-02T05:48:58.709203,2024-10-02T07:21:36.524159,CLOSED,,ID-GATEWAY-AUTH-01,False
ALT-CSE-09-01100,CSE-09,MEDIUM,2024-10-10T06:52:55,2024-10-10T07:03:24.268588,2024-10-10T08:09:56.713256,CLOSED,,UID-VAULT-DB,False
ALT-CSE-09-01101,CSE-09,LOW,2024-10-17T01:49:54,2024-10-17T02:02:53.328353,2024-10-17T02:51:08.158768,CLOSED,,GOV-SEC-FW-01,False
ALT-CSE-09-01102,CSE-09,MEDIUM,2024-11-04T18:28:53,2024-11-04T18:38:21.646645,2024-11-04T19:48:22.453098,CLOSED,,CITIZEN-PORTAL-WEB,False
ALT-CSE-09-01103,CSE-09,HIGH,2024-10-20T23:10:11,2024-10-20T23:23:04.697875,2024-10-21T00:23:51.464197,CLOSED,,ID-GATEWAY-AUTH-01,False
ALT-CSE-09-01104,CSE-09,HIGH,2024-11-13T03:52:03,2024-11-13T04:04:30.229176,2024-11-13T05:27:28.425475,CLOSED,,UID-VAULT-DB,False
ALT-CSE-09-01105,CSE-09,MEDIUM,2024-12-25T08:16:36,2024-12-25T08:24:06.166816,2024-12-25T09:01:06.246199,CLOSED,,ID-GATEWAY-AUTH-01,False
ALT-CSE-09-01106,CSE-09,MEDIUM,2024-12-06T04:40:44,2024-12-06T04:50:46.088953,2024-12-06T06:25:05.794921,CLOSED,,ID-GATEWAY-AUTH-01,False
ALT-CSE-09-01107,CSE-09,HIGH,2024-11-19T00:16:41,2024-11-19T00:22:55.604496,2024-11-19T01:13:03.836803,CLOSED,,CITIZEN-PORTAL-WEB,False
ALT-CSE-09-01108,CSE-09,MEDIUM,2024-12-20T15:21:16,2024-12-20T15:35:52.430898,2024-12-20T16:36:54.344432,CLOSED,,ID-GATEWAY-AUTH-01,False
ALT-CSE-09-01109,CSE-09,CRITICAL,2024-10-08T03:17:20,2024-10-08T03:23:05.760749,2024-10-08T04:01:40.865968,CLOSED,CAS-CSE-09-0223,UID-VAULT-DB,False
ALT-CSE-09-01110,CSE-09,CRITICAL,2024-11-21T12:30:45,2024-11-21T12:37:40.705747,2024-11-21T13:24:01.198553,CLOSED,CAS-CSE-09-0224,GOV-SEC-FW-01,False
ALT-CSE-09-01111,CSE-09,MEDIUM,2024-12-16T22:25:07,2024-12-16T22:38:03.414848,2024-12-16T23:36:48.742192,CLOSED,,ID-GATEWAY-AUTH-01,False
ALT-CSE-09-01112,CSE-09,HIGH,2024-11-16T00:29:07,2024-11-16T00:39:50.883664,2024-11-16T02:13:22.369799,CLOSED,,ID-GATEWAY-AUTH-01,False
ALT-CSE-09-01113,CSE-09,MEDIUM,2024-12-12T07:59:06,2024-12-12T08:11:43.783168,2024-12-12T08:39:34.897308,CLOSED,,ID-GATEWAY-AUTH-01,False
ALT-CSE-09-01114,CSE-09,MEDIUM,2024-10-10T16:36:00,2024-10-10T16:47:50.267788,2024-10-10T17:51:43.738335,CLOSED,CAS-CSE-09-0225,ID-GATEWAY-AUTH-01,False
ALT-CSE-09-01115,CSE-09,HIGH,2024-11-06T10:51:06,2024-11-06T10:56:51.340631,2024-11-06T12:39:12.875902,CLOSED,,CITIZEN-PORTAL-WEB,False
ALT-CSE-09-01116,CSE-09,CRITICAL,2024-12-16T22:07:45,2024-12-16T22:14:15.099064,2024-12-16T23:32:59.838022,CLOSED,CAS-CSE-09-0226,CITIZEN-PORTAL-WEB,False
ALT-CSE-09-01117,CSE-09,MEDIUM,2024-11-13T18:12:47,2024-11-13T18:25:18.478938,2024-11-13T19:56:31.456031,CLOSED,,CITIZEN-PORTAL-WEB,False
ALT-CSE-09-01118,CSE-09,HIGH,2024-10-11T01:06:40,2024-10-11T01:10:11.498531,2024-10-11T02:01:12.079067,CLOSED,,UID-VAULT-DB,False
ALT-CSE-09-01119,CSE-09,MEDIUM,2024-11-05T13:32:23,2024-11-05T13:36:53.843213,2024-11-05T15:19:23.403783,CLOSED,,ID-GATEWAY-AUTH-01,False
ALT-CSE-09-01120,CSE-09,MEDIUM,2024-11-21T11:06:42,2024-11-21T11:15:53.346119,2024-11-21T11:48:48.079843,CLOSED,,UID-VAULT-DB,False
ALT-CSE-09-01121,CSE-09,LOW,2024-12-21T03:00:29,2024-12-21T03:06:40.902295,2024-12-21T04:22:58.480109,CLOSED,,CITIZEN-PORTAL-WEB,False
ALT-CSE-09-01122,CSE-09,LOW,2024-10-15T00:05:42,2024-10-15T00:19:40.283210,2024-10-15T01:43:42.711336,CLOSED,,GOV-SEC-FW-01,False
ALT-CSE-09-01123,CSE-09,CRITICAL,2024-12-11T15:01:36,2024-12-11T15:06:31.216508,2024-12-11T16:20:06.794511,CLOSED,CAS-CSE-09-0227,UID-VAULT-DB,False
ALT-CSE-09-01124,CSE-09,HIGH,2024-10-07T07:57:09,2024-10-07T08:05:14.475315,2024-10-07T08:49:32.651159,CLOSED,,ID-GATEWAY-AUTH-01,False
ALT-CSE-09-01125,CSE-09,HIGH,2024-11-07T01:58:39,2024-11-07T02:12:14.794524,2024-11-07T03:18:46.834417,CLOSED,,UID-VAULT-DB,False
ALT-CSE-09-01126,CSE-09,HIGH,2024-12-13T16:09:59,2024-12-13T16:23:00.904075,2024-12-13T17:01:43.089063,CLOSED,,GOV-SEC-FW-01,False
ALT-CSE-09-01127,CSE-09,MEDIUM,2024-11-25T00:10:19,2024-11-25T00:21:35.295931,2024-11-25T01:43:06.095496,CLOSED,,ID-GATEWAY-AUTH-01,False
ALT-CSE-09-01128,CSE-09,MEDIUM,2024-11-19T04:50:19,2024-11-19T05:01:55.388868,2024-11-19T06:10:02.723147,CLOSED,,ID-GATEWAY-AUTH-01,False
ALT-CSE-09-01129,CSE-09,LOW,2024-12-10T07:07:24,2024-12-10T07:15:48.273735,2024-12-10T08:00:56.202581,CLOSED,,CITIZEN-PORTAL-WEB,False
ALT-CSE-09-01130,CSE-09,HIGH,2024-12-25T20:27:53,2024-12-25T20:39:20.260071,2024-12-25T21:42:45.245679,CLOSED,,ID-GATEWAY-AUTH-01,False
ALT-CSE-09-01131,CSE-09,HIGH,2024-10-02T07:08:41,2024-10-02T07:14:24.177129,2024-10-02T07:57:45.356761,CLOSED,,ID-GATEWAY-AUTH-01,False
ALT-CSE-09-01132,CSE-09,CRITICAL,2024-11-04T06:10:16,2024-11-04T06:17:53.497141,2024-11-04T07:16:02.453119,CLOSED,CAS-CSE-09-0228,ID-GATEWAY-AUTH-01,False
ALT-CSE-09-01133,CSE-09,HIGH,2024-12-06T17:25:41,2024-12-06T17:36:14.081062,2024-12-06T19:15:02.141928,CLOSED,,UID-VAULT-DB,False
ALT-CSE-09-01134,CSE-09,LOW,2024-10-27T14:44:27,2024-10-27T14:54:43.272759,2024-10-27T16:28:04.575338,CLOSED,,ID-GATEWAY-AUTH-01,False
ALT-CSE-09-01135,CSE-09,MEDIUM,2024-10-07T16:28:41,2024-10-07T16:36:15.288686,2024-10-07T18:01:41.083855,CLOSED,,ID-GATEWAY-AUTH-01,False
ALT-CSE-09-01136,CSE-09,LOW,2024-10-13T23:16:05,2024-10-13T23:28:34.455976,2024-10-14T00:34:16.335659,CLOSED,,GOV-SEC-FW-01,False
ALT-CSE-09-01137,CSE-09,HIGH,2024-11-02T23:18:29,2024-11-02T23:25:39.115657,2024-11-03T00:29:38.167442,CLOSED,CAS-CSE-09-0229,CITIZEN-PORTAL-WEB,True
ALT-CSE-09-01138,CSE-09,CRITICAL,2024-10-17T17:38:04,2024-10-17T17:50:20.226791,2024-10-17T18:21:26.723840,CLOSED,CAS-CSE-09-0230,ID-GATEWAY-AUTH-01,False
ALT-CSE-09-01139,CSE-09,HIGH,2024-12-13T00:44:05,2024-12-13T00:51:14.209420,2024-12-13T01:58:25.897343,CLOSED,,GOV-SEC-FW-01,False
ALT-CSE-09-01140,CSE-09,LOW,2024-12-14T02:26:33,2024-12-14T02:33:02.721728,2024-12-14T04:07:13.342438,CLOSED,,UID-VAULT-DB,False
ALT-CSE-09-01141,CSE-09,LOW,2024-10-04T15:15:48,2024-10-04T15:25:31.501976,2024-10-04T16:07:51.245966,CLOSED,,UID-VAULT-DB,False
ALT-CSE-09-01142,CSE-09,HIGH,2024-10-21T07:36:00,2024-10-21T07:38:35.337280,2024-10-21T09:07:10.289183,CLOSED,,GOV-SEC-FW-01,False
ALT-CSE-09-01143,CSE-09,LOW,2024-10-22T18:06:10,2024-10-22T18:17:39.648675,2024-10-22T19:17:57.003155,CLOSED,,UID-VAULT-DB,False
ALT-CSE-09-01144,CSE-09,MEDIUM,2024-11-06T05:42:31,2024-11-06T05:46:43.139427,2024-11-06T07:28:26.574984,CLOSED,,GOV-SEC-FW-01,False
ALT-CSE-09-01145,CSE-09,LOW,2024-12-07T03:31:31,2024-12-07T03:45:28.335961,2024-12-07T04:32:37.400444,CLOSED,,ID-GATEWAY-AUTH-01,False
ALT-CSE-09-01146,CSE-09,LOW,2024-12-04T00:35:59,2024-12-04T00:44:39.401987,2024-12-04T02:21:55.433634,CLOSED,,GOV-SEC-FW-01,False
ALT-CSE-09-01147,CSE-09,MEDIUM,2024-10-23T18:13:35,2024-10-23T18:25:20.260113,2024-10-23T19:42:12.223013,CLOSED,,GOV-SEC-FW-01,False
ALT-CSE-09-01148,CSE-09,LOW,2024-12-02T22:19:02,2024-12-02T22:28:07.455010,2024-12-03T00:06:07.402434,CLOSED,,GOV-SEC-FW-01,False
ALT-CSE-09-01149,CSE-09,LOW,2024-11-07T00:08:17,2024-11-07T00:23:14.658733,2024-11-07T00:55:27.204202,CLOSED,,GOV-SEC-FW-01,False
ALT-CSE-09-01150,CSE-09,CRITICAL,2024-11-15T23:54:09,2024-11-16T00:00:43.684437,2024-11-16T01:21:07.713270,CLOSED,CAS-CSE-09-0231,CITIZEN-PORTAL-WEB,False
ALT-CSE-09-01151,CSE-09,HIGH,2024-12-23T08:12:04,2024-12-23T08:26:56.770458,2024-12-23T09:37:49.419819,CLOSED,,ID-GATEWAY-AUTH-01,False
ALT-CSE-09-01152,CSE-09,LOW,2024-11-09T10:43:40,2024-11-09T10:55:17.493633,2024-11-09T11:39:03.354417,CLOSED,CAS-CSE-09-0232,UID-VAULT-DB,True
ALT-CSE-09-01153,CSE-09,LOW,2024-12-20T04:56:18,2024-12-20T05:01:23.367071,2024-12-20T06:19:35.996304,CLOSED,,UID-VAULT-DB,False
ALT-CSE-09-01154,CSE-09,LOW,2024-11-22T16:55:26,2024-11-22T16:58:27.511987,2024-11-22T18:21:48.308657,CLOSED,CAS-CSE-09-0233,CITIZEN-PORTAL-WEB,False
ALT-CSE-09-01155,CSE-09,MEDIUM,2024-11-24T13:17:43,2024-11-24T13:22:36.924679,2024-11-24T14:51:04.445894,CLOSED,CAS-CSE-09-0234,ID-GATEWAY-AUTH-01,False
ALT-CSE-09-01156,CSE-09,CRITICAL,2024-10-24T14:53:58,2024-10-24T15:03:36.634175,2024-10-24T15:46:26.333443,CLOSED,CAS-CSE-09-0235,UID-VAULT-DB,False
ALT-CSE-09-01157,CSE-09,MEDIUM,2024-11-09T00:54:57,2024-11-09T01:07:50.195039,2024-11-09T02:06:17.699412,CLOSED,,GOV-SEC-FW-01,False
ALT-CSE-09-01158,CSE-09,LOW,2024-11-02T13:10:43,2024-11-02T13:17:01.794313,2024-11-02T14:28:21.313105,CLOSED,,ID-GATEWAY-AUTH-01,False
ALT-CSE-09-01159,CSE-09,HIGH,2024-10-13T21:12:30,2024-10-13T21:25:38.917424,2024-10-13T22:17:39.441895,CLOSED,,UID-VAULT-DB,False
ALT-CSE-09-01160,CSE-09,MEDIUM,2024-12-01T14:39:54,2024-12-01T14:53:41.845947,2024-12-01T15:47:31.134785,CLOSED,,UID-VAULT-DB,False
ALT-CSE-09-01161,CSE-09,LOW,2024-10-17T00:50:47,2024-10-17T01:02:24.749962,2024-10-17T01:43:54.723180,CLOSED,,CITIZEN-PORTAL-WEB,False
ALT-CSE-09-01162,CSE-09,LOW,2024-12-12T10:00:45,2024-12-12T10:11:20.340269,2024-12-12T11:42:36.380042,CLOSED,,UID-VAULT-DB,False
ALT-CSE-09-01163,CSE-09,LOW,2024-12-02T01:56:03,2024-12-02T02:06:44.313780,2024-12-02T03:22:33.853512,CLOSED,CAS-CSE-09-0236,ID-GATEWAY-AUTH-01,False
ALT-CSE-09-01164,CSE-09,MEDIUM,2024-12-27T07:14:56,2024-12-27T07:19:39.569431,2024-12-27T08:34:12.218405,CLOSED,,ID-GATEWAY-AUTH-01,False
ALT-CSE-09-01165,CSE-09,MEDIUM,2024-11-30T04:47:14,2024-11-30T04:57:12.619275,2024-11-30T06:27:27.907600,CLOSED,,ID-GATEWAY-AUTH-01,False
ALT-CSE-09-01166,CSE-09,HIGH,2024-11-29T14:16:32,2024-11-29T14:25:16.592009,2024-11-29T15:58:01.596489,CLOSED,,CITIZEN-PORTAL-WEB,False
ALT-CSE-09-01167,CSE-09,CRITICAL,2024-11-19T01:30:44,2024-11-19T01:41:17.358341,2024-11-19T02:52:58.382523,CLOSED,CAS-CSE-09-0237,UID-VAULT-DB,False
ALT-CSE-09-01168,CSE-09,CRITICAL,2024-10-30T06:10:43,2024-10-30T06:20:04.823742,2024-10-30T07:14:01.154630,CLOSED,CAS-CSE-09-0238,GOV-SEC-FW-01,False
ALT-CSE-09-01169,CSE-09,CRITICAL,2024-11-21T08:33:43,2024-11-21T08:44:31.960547,2024-11-21T09:14:52.903714,CLOSED,CAS-CSE-09-0239,GOV-SEC-FW-01,False
ALT-CSE-09-01170,CSE-09,HIGH,2024-12-06T03:07:20,2024-12-06T03:10:18.440712,2024-12-06T04:44:58.334322,CLOSED,,CITIZEN-PORTAL-WEB,False
ALT-CSE-09-01171,CSE-09,HIGH,2024-12-07T00:04:20,2024-12-07T00:15:55.580388,2024-12-07T01:15:02.298038,CLOSED,CAS-CSE-09-0240,UID-VAULT-DB,False
ALT-CSE-09-01172,CSE-09,CRITICAL,2024-12-01T21:17:14,2024-12-01T21:21:11.556278,2024-12-01T22:22:11.113232,CLOSED,,GOV-SEC-FW-01,False
ALT-CSE-09-01173,CSE-09,HIGH,2024-11-16T10:28:59,2024-11-16T10:36:22.247082,2024-11-16T12:16:23.418851,CLOSED,,ID-GATEWAY-AUTH-01,False
ALT-CSE-09-01174,CSE-09,MEDIUM,2024-12-09T17:32:05,2024-12-09T17:46:05.237205,2024-12-09T19:13:29.452063,CLOSED,,UID-VAULT-DB,False
ALT-CSE-09-01175,CSE-09,MEDIUM,2024-12-25T02:11:46,2024-12-25T02:26:02.930706,2024-12-25T03:34:03.178560,CLOSED,CAS-CSE-09-0241,CITIZEN-PORTAL-WEB,False
ALT-CSE-09-01176,CSE-09,MEDIUM,2024-12-28T00:43:58,2024-12-28T00:47:19.551001,2024-12-28T02:03:50.428621,CLOSED,,CITIZEN-PORTAL-WEB,False
ALT-CSE-09-01177,CSE-09,HIGH,2024-11-20T22:39:26,2024-11-20T22:50:02.996757,2024-11-21T00:09:10.055071,CLOSED,,CITIZEN-PORTAL-WEB,False
ALT-CSE-09-01178,CSE-09,LOW,2024-12-27T07:03:45,2024-12-27T07:12:48.444786,2024-12-27T08:44:19.836589,CLOSED,,GOV-SEC-FW-01,False
ALT-CSE-09-01179,CSE-09,MEDIUM,2024-10-10T05:33:41,2024-10-10T05:41:55.630647,2024-10-10T07:05:08.748584,CLOSED,,ID-GATEWAY-AUTH-01,False
ALT-CSE-09-01180,CSE-09,LOW,2024-11-05T18:19:36,2024-11-05T18:32:26.520617,2024-11-05T19:37:30.585903,CLOSED,,GOV-SEC-FW-01,False
ALT-CSE-09-01181,CSE-09,HIGH,2024-12-08T08:42:45,2024-12-08T08:47:16.190693,2024-12-08T10:28:27.981954,CLOSED,,GOV-SEC-FW-01,False
ALT-CSE-09-01182,CSE-09,LOW,2024-12-11T16:21:40,2024-12-11T16:25:41.595487,2024-12-11T17:43:37.544052,CLOSED,,GOV-SEC-FW-01,False
ALT-CSE-09-01183,CSE-09,LOW,2024-10-06T21:50:22,2024-10-06T22:03:30.390851,2024-10-06T23:28:00.418179,CLOSED,,CITIZEN-PORTAL-WEB,False
ALT-CSE-09-01184,CSE-09,LOW,2024-10-15T22:34:35,2024-10-15T22:45:16.857956,2024-10-15T23:36:59.695439,CLOSED,,UID-VAULT-DB,False
ALT-CSE-09-01185,CSE-09,CRITICAL,2024-10-26T10:31:12,2024-10-26T10:38:05.537916,2024-10-26T11:23:48.975254,CLOSED,CAS-CSE-09-0242,UID-VAULT-DB,False
ALT-CSE-09-01186,CSE-09,LOW,2024-12-13T23:47:39,2024-12-13T23:54:32.197564,2024-12-14T00:33:28.266553,CLOSED,,ID-GATEWAY-AUTH-01,False
ALT-CSE-09-01187,CSE-09,HIGH,2024-11-03T15:08:06,2024-11-03T15:18:28.952474,2024-11-03T16:24:21.714817,CLOSED,,GOV-SEC-FW-01,False
ALT-CSE-09-01188,CSE-09,LOW,2024-12-25T08:46:11,2024-12-25T08:57:10.563309,2024-12-25T09:45:57.248616,CLOSED,,UID-VAULT-DB,False
ALT-CSE-09-01189,CSE-09,LOW,2024-12-10T01:41:00,2024-12-10T01:53:51.043790,2024-12-10T02:48:59.947154,CLOSED,,UID-VAULT-DB,False
ALT-CSE-09-01190,CSE-09,MEDIUM,2024-12-01T08:30:19,2024-12-01T08:43:23.494124,2024-12-01T09:32:52.506207,CLOSED,CAS-CSE-09-0243,CITIZEN-PORTAL-WEB,False
ALT-CSE-09-01191,CSE-09,LOW,2024-11-04T15:39:00,2024-11-04T15:52:16.100669,2024-11-04T17:27:51.781261,CLOSED,,UID-VAULT-DB,False
ALT-CSE-09-01192,CSE-09,LOW,2024-11-09T23:42:33,2024-11-09T23:49:12.929277,2024-11-10T00:36:33.829758,CLOSED,,GOV-SEC-FW-01,False
ALT-CSE-09-01193,CSE-09,HIGH,2024-11-20T17:41:17,2024-11-20T17:53:44.785161,2024-11-20T19:18:45.386348,CLOSED,,UID-VAULT-DB,False
ALT-CSE-09-01194,CSE-09,MEDIUM,2024-12-16T17:02:34,2024-12-16T17:08:03.487204,2024-12-16T17:56:04.403353,CLOSED,,CITIZEN-PORTAL-WEB,False
ALT-CSE-09-01195,CSE-09,LOW,2024-12-26T22:06:59,2024-12-26T22:10:35.459766,2024-12-26T23:48:57.821034,CLOSED,,ID-GATEWAY-AUTH-01,False
ALT-CSE-09-01196,CSE-09,HIGH,2024-10-02T11:00:36,2024-10-02T11:04:25.088087,2024-10-02T12:39:44.560933,CLOSED,,GOV-SEC-FW-01,False
ALT-CSE-09-01197,CSE-09,MEDIUM,2024-11-03T14:16:27,2024-11-03T14:25:54.827757,2024-11-03T15:08:20.546192,CLOSED,,UID-VAULT-DB,False
ALT-CSE-09-01198,CSE-09,MEDIUM,2024-10-22T05:07:02,2024-10-22T05:20:15.406298,2024-10-22T06:31:55.050782,CLOSED,,UID-VAULT-DB,False
ALT-CSE-09-01199,CSE-09,MEDIUM,2024-12-09T11:21:56,2024-12-09T11:34:17.893748,2024-12-09T13:02:55.540233,CLOSED,,ID-GATEWAY-AUTH-01,False
ALT-CSE-09-01200,CSE-09,MEDIUM,2024-12-17T14:44:17,2024-12-17T14:53:15.112013,2024-12-17T16:02:14.459279,CLOSED,,UID-VAULT-DB,False
ALT-CSE-09-01201,CSE-09,LOW,2024-11-27T23:17:35,2024-11-27T23:31:06.683346,2024-11-28T00:55:16.598603,CLOSED,,ID-GATEWAY-AUTH-01,False
ALT-CSE-09-01202,CSE-09,HIGH,2024-10-11T02:29:20,2024-10-11T02:38:18.306592,2024-10-11T04:08:55.918144,CLOSED,,ID-GATEWAY-AUTH-01,False
ALT-CSE-09-01203,CSE-09,CRITICAL,2024-11-06T10:04:58,2024-11-06T10:18:32.041196,2024-11-06T11:28:08.612754,CLOSED,CAS-CSE-09-0244,GOV-SEC-FW-01,False
ALT-CSE-09-01204,CSE-09,LOW,2024-12-24T10:57:43,2024-12-24T11:11:41.329505,2024-12-24T12:41:06.587800,CLOSED,,UID-VAULT-DB,False
ALT-CSE-09-01205,CSE-09,LOW,2024-11-13T00:43:16,2024-11-13T00:57:47.224193,2024-11-13T01:52:08.807472,CLOSED,,GOV-SEC-FW-01,False
ALT-CSE-09-01206,CSE-09,LOW,2024-10-10T22:24:28,2024-10-10T22:39:01.384995,2024-10-10T23:44:10.457528,CLOSED,,UID-VAULT-DB,False
ALT-CSE-09-01207,CSE-09,MEDIUM,2024-10-02T03:20:43,2024-10-02T03:34:29.763671,2024-10-02T04:45:55.920629,CLOSED,,ID-GATEWAY-AUTH-01,False
ALT-CSE-09-01208,CSE-09,MEDIUM,2024-10-11T06:57:51,2024-10-11T07:11:13.556372,2024-10-11T07:44:02.781741,CLOSED,,ID-GATEWAY-AUTH-01,False
ALT-CSE-09-01209,CSE-09,LOW,2024-10-05T09:26:02,2024-10-05T09:34:22.000304,2024-10-05T10:31:06.616165,CLOSED,,ID-GATEWAY-AUTH-01,False
ALT-CSE-09-01210,CSE-09,MEDIUM,2024-11-12T09:59:42,2024-11-12T10:09:31.939412,2024-11-12T10:59:59.959500,CLOSED,,ID-GATEWAY-AUTH-01,False
ALT-CSE-09-01211,CSE-09,MEDIUM,2024-11-13T00:45:31,2024-11-13T00:54:27.103895,2024-11-13T02:31:44.983838,CLOSED,,UID-VAULT-DB,False
ALT-CSE-09-01212,CSE-09,MEDIUM,2024-11-03T12:20:06,2024-11-03T12:23:30.679827,2024-11-03T14:01:08.424519,CLOSED,CAS-CSE-09-0245,GOV-SEC-FW-01,False
ALT-CSE-09-01213,CSE-09,CRITICAL,2024-12-05T03:23:40,2024-12-05T03:33:33.817835,2024-12-05T04:12:18.842591,CLOSED,CAS-CSE-09-0246,CITIZEN-PORTAL-WEB,True
ALT-CSE-09-01214,CSE-09,MEDIUM,2024-12-24T12:26:56,2024-12-24T12:34:19.090872,2024-12-24T13:39:59.020368,CLOSED,,GOV-SEC-FW-01,False
ALT-CSE-09-01215,CSE-09,HIGH,2024-11-16T22:21:18,2024-11-16T22:29:41.798880,2024-11-17T00:01:05.641441,CLOSED,,ID-GATEWAY-AUTH-01,False
ALT-CSE-09-01216,CSE-09,MEDIUM,2024-10-18T07:51:40,2024-10-18T07:56:58.456474,2024-10-18T09:37:48.735285,CLOSED,,ID-GATEWAY-AUTH-01,False
ALT-CSE-09-01217,CSE-09,LOW,2024-11-15T07:45:53,2024-11-15T07:48:27.687258,2024-11-15T08:59:45.277418,CLOSED,,GOV-SEC-FW-01,False
ALT-CSE-09-01218,CSE-09,CRITICAL,2024-10-23T15:27:43,2024-10-23T15:37:11.654044,2024-10-23T16:13:51.425281,CLOSED,,UID-VAULT-DB,False
ALT-CSE-09-01219,CSE-09,LOW,2024-10-20T05:12:13,2024-10-20T05:17:20.118524,2024-10-20T06:59:11.610371,CLOSED,,CITIZEN-PORTAL-WEB,False
ALT-CSE-09-01220,CSE-09,CRITICAL,2024-11-17T09:58:43,2024-11-17T10:06:14.986597,2024-11-17T11:26:20.208576,CLOSED,CAS-CSE-09-0247,CITIZEN-PORTAL-WEB,False
ALT-CSE-09-01221,CSE-09,MEDIUM,2024-10-15T12:42:11,2024-10-15T12:47:11.734341,2024-10-15T13:42:56.885647,CLOSED,,UID-VAULT-DB,False
ALT-CSE-09-01222,CSE-09,HIGH,2024-10-13T07:48:27,2024-10-13T08:00:09.078906,2024-10-13T09:10:14.504728,CLOSED,,GOV-SEC-FW-01,False
ALT-CSE-09-01223,CSE-09,HIGH,2024-11-10T23:04:33,2024-11-10T23:07:42.484800,2024-11-11T00:08:23.220157,CLOSED,,CITIZEN-PORTAL-WEB,False
ALT-CSE-09-01224,CSE-09,LOW,2024-12-15T08:14:58,2024-12-15T08:26:39.531988,2024-12-15T09:19:36.572898,CLOSED,,GOV-SEC-FW-01,False
ALT-CSE-09-01225,CSE-09,MEDIUM,2024-10-17T19:34:32,2024-10-17T19:39:53.811323,2024-10-17T21:21:33.711781,CLOSED,CAS-CSE-09-0248,ID-GATEWAY-AUTH-01,False
ALT-CSE-09-01226,CSE-09,MEDIUM,2024-10-08T13:36:15,2024-10-08T13:46:05.931814,2024-10-08T14:23:33.174128,CLOSED,,CITIZEN-PORTAL-WEB,False
ALT-CSE-09-01227,CSE-09,CRITICAL,2024-11-13T15:38:54,2024-11-13T15:42:30.153637,2024-11-13T17:18:18.030131,CLOSED,,ID-GATEWAY-AUTH-01,False
ALT-CSE-09-01228,CSE-09,LOW,2024-12-18T18:23:09,2024-12-18T18:29:48.785722,2024-12-18T19:40:08.554176,CLOSED,CAS-CSE-09-0249,GOV-SEC-FW-01,False
ALT-CSE-09-01229,CSE-09,LOW,2024-11-24T04:43:17,2024-11-24T04:52:06.871613,2024-11-24T06:32:51.935426,CLOSED,,ID-GATEWAY-AUTH-01,False
ALT-CSE-09-01230,CSE-09,LOW,2024-11-06T18:04:49,2024-11-06T18:09:37.746731,2024-11-06T19:48:50.785700,CLOSED,,UID-VAULT-DB,False
ALT-CSE-09-01231,CSE-09,MEDIUM,2024-11-03T17:04:02,2024-11-03T17:14:33.913526,2024-11-03T18:52:23.288968,CLOSED,,CITIZEN-PORTAL-WEB,False
ALT-CSE-09-01232,CSE-09,HIGH,2024-10-07T09:24:05,2024-10-07T09:37:30.933569,2024-10-07T10:57:23.217555,CLOSED,,GOV-SEC-FW-01,False
ALT-CSE-09-01233,CSE-09,LOW,2024-12-10T05:48:43,2024-12-10T06:01:34.684998,2024-12-10T07:31:41.079485,CLOSED,,UID-VAULT-DB,False
ALT-CSE-09-01234,CSE-09,HIGH,2024-10-19T23:59:30,2024-10-20T00:11:39.488714,2024-10-20T01:15:51.668946,CLOSED,,CITIZEN-PORTAL-WEB,False
ALT-CSE-09-01235,CSE-09,LOW,2024-10-03T01:43:19,2024-10-03T01:55:57.480473,2024-10-03T03:15:33.041884,CLOSED,,CITIZEN-PORTAL-WEB,False
ALT-CSE-09-01236,CSE-09,LOW,2024-10-24T17:45:55,2024-10-24T18:00:32.154953,2024-10-24T19:13:16.627506,CLOSED,CAS-CSE-09-0250,GOV-SEC-FW-01,False
ALT-CSE-09-01237,CSE-09,LOW,2024-11-08T17:30:59,2024-11-08T17:43:35.528102,2024-11-08T18:38:13.361811,CLOSED,,UID-VAULT-DB,False
ALT-CSE-09-01238,CSE-09,LOW,2024-12-06T14:24:15,2024-12-06T14:30:56.473937,2024-12-06T15:40:00.202493,CLOSED,,GOV-SEC-FW-01,False
ALT-CSE-09-01239,CSE-09,HIGH,2024-11-04T14:00:48,2024-11-04T14:14:02.422875,2024-11-04T15:20:53.704702,CLOSED,,ID-GATEWAY-AUTH-01,False
ALT-CSE-09-01240,CSE-09,MEDIUM,2024-12-09T19:12:22,2024-12-09T19:22:58.649808,2024-12-09T19:54:01.140009,CLOSED,,CITIZEN-PORTAL-WEB,False
ALT-CSE-09-01241,CSE-09,HIGH,2024-10-08T19:26:35,2024-10-08T19:35:33.451243,2024-10-08T20:08:43.159803,CLOSED,,UID-VAULT-DB,False
ALT-CSE-09-01242,CSE-09,LOW,2024-11-10T00:49:01,2024-11-10T00:53:58.159483,2024-11-10T02:14:23.844021,CLOSED,,CITIZEN-PORTAL-WEB,False
ALT-CSE-09-01243,CSE-09,HIGH,2024-10-23T01:51:10,2024-10-23T01:57:51.062452,2024-10-23T02:42:53.952510,CLOSED,,CITIZEN-PORTAL-WEB,False
ALT-CSE-09-01244,CSE-09,MEDIUM,2024-12-06T09:34:31,2024-12-06T09:45:49.462180,2024-12-06T11:24:19.074014,CLOSED,,UID-VAULT-DB,False
ALT-CSE-09-01245,CSE-09,CRITICAL,2024-12-16T03:42:58,2024-12-16T03:45:42.722448,2024-12-16T04:37:29.409280,CLOSED,CAS-CSE-09-0251,ID-GATEWAY-AUTH-01,False
ALT-CSE-09-01246,CSE-09,HIGH,2024-12-16T18:21:53,2024-12-16T18:24:40.240713,2024-12-16T19:03:24.934524,CLOSED,,UID-VAULT-DB,False
ALT-CSE-09-01247,CSE-09,MEDIUM,2024-10-01T09:27:29,2024-10-01T09:39:35.398852,2024-10-01T10:58:44.359595,CLOSED,,GOV-SEC-FW-01,False
ALT-CSE-09-01248,CSE-09,HIGH,2024-12-26T07:46:12,2024-12-26T07:52:38.048986,2024-12-26T08:59:04.972638,CLOSED,,GOV-SEC-FW-01,False
ALT-CSE-09-01249,CSE-09,LOW,2024-12-23T14:07:47,2024-12-23T14:11:03.045611,2024-12-23T15:49:01.437763,CLOSED,,UID-VAULT-DB,False
ALT-CSE-09-01250,CSE-09,HIGH,2024-11-17T17:46:09,2024-11-17T17:48:46.751104,2024-11-17T18:26:59.414487,CLOSED,,CITIZEN-PORTAL-WEB,False
ALT-CSE-09-01251,CSE-09,HIGH,2024-12-18T08:48:45,2024-12-18T08:51:55.625127,2024-12-18T10:05:19.973943,CLOSED,,GOV-SEC-FW-01,False
ALT-CSE-09-01252,CSE-09,HIGH,2024-12-01T20:37:19,2024-12-01T20:45:23.889891,2024-12-01T21:18:07.837281,CLOSED,,UID-VAULT-DB,False
ALT-CSE-09-01253,CSE-09,LOW,2024-11-27T23:45:22,2024-11-27T23:56:06.163246,2024-11-28T01:32:36.643807,CLOSED,,UID-VAULT-DB,False
ALT-CSE-09-01254,CSE-09,MEDIUM,2024-12-10T07:16:24,2024-12-10T07:26:05.018315,2024-12-10T08:37:15.309252,CLOSED,,GOV-SEC-FW-01,False
ALT-CSE-09-01255,CSE-09,LOW,2024-12-14T13:42:38,2024-12-14T13:45:38.965505,2024-12-14T14:23:23.527566,CLOSED,,UID-VAULT-DB,False
ALT-CSE-09-01256,CSE-09,HIGH,2024-10-19T05:02:48,2024-10-19T05:07:28.468715,2024-10-19T05:56:20.808959,CLOSED,,CITIZEN-PORTAL-WEB,False
ALT-CSE-09-01257,CSE-09,HIGH,2024-11-13T03:29:53,2024-11-13T03:43:34.791297,2024-11-13T04:56:52.698927,CLOSED,,ID-GATEWAY-AUTH-01,False
ALT-CSE-09-01258,CSE-09,MEDIUM,2024-11-30T12:34:54,2024-11-30T12:37:15.065236,2024-11-30T13:16:53.675705,CLOSED,,UID-VAULT-DB,False
ALT-CSE-09-01259,CSE-09,CRITICAL,2024-12-04T01:38:59,2024-12-04T01:47:27.259480,2024-12-04T03:13:40.296197,CLOSED,CAS-CSE-09-0252,ID-GATEWAY-AUTH-01,False
ALT-CSE-09-01260,CSE-09,HIGH,2024-10-18T11:02:00,2024-10-18T11:05:10.051943,2024-10-18T12:36:18.772638,CLOSED,,GOV-SEC-FW-01,False
ALT-CSE-09-01261,CSE-09,MEDIUM,2024-12-04T08:54:29,2024-12-04T09:04:47.510256,2024-12-04T09:37:18.245230,CLOSED,,GOV-SEC-FW-01,False
ALT-CSE-09-01262,CSE-09,MEDIUM,2024-12-19T22:08:36,2024-12-19T22:11:22.345255,2024-12-19T22:52:34.127489,CLOSED,CAS-CSE-09-0253,UID-VAULT-DB,False
ALT-CSE-09-01263,CSE-09,HIGH,2024-11-27T05:49:33,2024-11-27T06:01:52.552514,2024-11-27T07:01:27.771939,CLOSED,,CITIZEN-PORTAL-WEB,False
ALT-CSE-09-01264,CSE-09,HIGH,2024-10-20T18:51:22,2024-10-20T18:53:24.248673,2024-10-20T20:18:12.643364,CLOSED,,GOV-SEC-FW-01,False
ALT-CSE-09-01265,CSE-09,LOW,2024-12-05T22:55:43,2024-12-05T23:07:50.801516,2024-12-05T23:37:46.533064,CLOSED,,GOV-SEC-FW-01,False
ALT-CSE-09-01266,CSE-09,MEDIUM,2024-12-20T13:28:25,2024-12-20T13:37:04.515585,2024-12-20T14:38:11.773810,CLOSED,,UID-VAULT-DB,False
ALT-CSE-09-01267,CSE-09,MEDIUM,2024-10-12T15:55:03,2024-10-12T16:09:27.103762,2024-10-12T17:15:53.438430,CLOSED,,UID-VAULT-DB,False
ALT-CSE-09-01268,CSE-09,MEDIUM,2024-10-19T11:06:10,2024-10-19T11:09:04.119124,2024-10-19T12:52:41.809613,CLOSED,,ID-GATEWAY-AUTH-01,False
ALT-CSE-09-01269,CSE-09,MEDIUM,2024-11-26T20:05:41,2024-11-26T20:19:39.250936,2024-11-26T21:38:00.058034,CLOSED,,CITIZEN-PORTAL-WEB,False
ALT-CSE-09-01270,CSE-09,HIGH,2024-10-31T22:59:36,2024-10-31T23:13:25.219759,2024-11-01T00:00:38.123233,CLOSED,CAS-CSE-09-0254,ID-GATEWAY-AUTH-01,False
ALT-CSE-09-01271,CSE-09,HIGH,2024-11-30T22:24:36,2024-11-30T22:34:55.166536,2024-11-30T23:24:50.790923,CLOSED,,GOV-SEC-FW-01,False
ALT-CSE-09-01272,CSE-09,HIGH,2024-12-25T10:39:47,2024-12-25T10:51:40.437751,2024-12-25T11:41:15.424971,CLOSED,,CITIZEN-PORTAL-WEB,False
ALT-CSE-09-01273,CSE-09,CRITICAL,2024-12-01T05:38:47,2024-12-01T05:42:23.240252,2024-12-01T06:26:18.158995,CLOSED,CAS-CSE-09-0255,ID-GATEWAY-AUTH-01,False
ALT-CSE-09-01274,CSE-09,LOW,2024-12-21T16:16:24,2024-12-21T16:21:38.671177,2024-12-21T17:46:28.876663,CLOSED,,UID-VAULT-DB,False
ALT-CSE-09-01275,CSE-09,HIGH,2024-12-13T21:30:35,2024-12-13T21:37:13.712660,2024-12-13T23:15:19.822707,CLOSED,,UID-VAULT-DB,False
ALT-CSE-09-01276,CSE-09,MEDIUM,2024-12-01T18:34:43,2024-12-01T18:43:06.273803,2024-12-01T20:20:13.671821,CLOSED,,UID-VAULT-DB,False
ALT-CSE-09-01277,CSE-09,MEDIUM,2024-12-19T19:19:45,2024-12-19T19:32:00.456284,2024-12-19T20:15:48.852545,CLOSED,,UID-VAULT-DB,False
ALT-CSE-09-01278,CSE-09,CRITICAL,2024-12-03T15:13:34,2024-12-03T15:16:47.266849,2024-12-03T16:42:54.297018,CLOSED,CAS-CSE-09-0256,GOV-SEC-FW-01,False
ALT-CSE-09-01279,CSE-09,CRITICAL,2024-11-05T21:15:17,2024-11-05T21:26:18.129976,2024-11-05T22:30:26.851843,CLOSED,CAS-CSE-09-0257,CITIZEN-PORTAL-WEB,True
ALT-CSE-09-01280,CSE-09,MEDIUM,2024-11-17T16:25:11,2024-11-17T16:35:50.434244,2024-11-17T17:50:46.902220,CLOSED,,ID-GATEWAY-AUTH-01,False
ALT-CSE-09-01281,CSE-09,MEDIUM,2024-11-04T09:42:44,2024-11-04T09:53:54.255200,2024-11-04T10:35:34.993140,CLOSED,,GOV-SEC-FW-01,False
ALT-CSE-09-01282,CSE-09,HIGH,2024-10-24T23:17:05,2024-10-24T23:28:35.092180,2024-10-25T00:28:01.769039,CLOSED,,GOV-SEC-FW-01,False
ALT-CSE-09-01283,CSE-09,MEDIUM,2024-10-28T05:47:17,2024-10-28T05:57:17.703655,2024-10-28T07:13:31.828245,CLOSED,,CITIZEN-PORTAL-WEB,False
ALT-CSE-09-01284,CSE-09,MEDIUM,2024-10-06T03:00:11,2024-10-06T03:05:21.840571,2024-10-06T04:45:01.765259,CLOSED,,GOV-SEC-FW-01,False
ALT-CSE-09-01285,CSE-09,MEDIUM,2024-12-10T12:30:48,2024-12-10T12:41:41.163818,2024-12-10T14:07:30.257467,CLOSED,,UID-VAULT-DB,False
ALT-CSE-09-01286,CSE-09,MEDIUM,2024-10-22T04:46:57,2024-10-22T04:54:34.553493,2024-10-22T06:26:34.200566,CLOSED,,CITIZEN-PORTAL-WEB,False
ALT-CSE-09-01287,CSE-09,MEDIUM,2024-12-16T02:53:54,2024-12-16T03:05:18.903785,2024-12-16T03:45:54.367637,CLOSED,,CITIZEN-PORTAL-WEB,False
ALT-CSE-09-01288,CSE-09,CRITICAL,2024-11-21T11:21:14,2024-11-21T11:24:00.015209,2024-11-21T12:29:18.261828,CLOSED,CAS-CSE-09-0258,ID-GATEWAY-AUTH-01,True
ALT-CSE-09-01289,CSE-09,HIGH,2024-11-30T17:13:26,2024-11-30T17:17:20.110196,2024-11-30T18:49:58.979649,CLOSED,,ID-GATEWAY-AUTH-01,False
ALT-CSE-09-01290,CSE-09,MEDIUM,2024-10-11T14:12:11,2024-10-11T14:15:48.443588,2024-10-11T15:16:29.584844,CLOSED,,ID-GATEWAY-AUTH-01,False
ALT-CSE-09-01291,CSE-09,HIGH,2024-11-11T00:26:34,2024-11-11T00:37:40.195416,2024-11-11T02:08:59.689430,CLOSED,,ID-GATEWAY-AUTH-01,False
ALT-CSE-09-01292,CSE-09,LOW,2024-10-30T06:47:37,2024-10-30T06:59:38.312700,2024-10-30T08:29:04.834967,CLOSED,,UID-VAULT-DB,False
ALT-CSE-09-01293,CSE-09,LOW,2024-11-25T00:18:12,2024-11-25T00:31:32.907436,2024-11-25T02:00:29.940011,CLOSED,,GOV-SEC-FW-01,False
ALT-CSE-09-01294,CSE-09,HIGH,2024-11-28T22:52:36,2024-11-28T22:56:33.379757,2024-11-29T00:01:53.845002,CLOSED,,CITIZEN-PORTAL-WEB,False
ALT-CSE-09-01295,CSE-09,MEDIUM,2024-11-18T04:53:23,2024-11-18T05:01:31.034216,2024-11-18T05:47:58.240167,CLOSED,,UID-VAULT-DB,False
ALT-CSE-09-01296,CSE-09,LOW,2024-10-22T15:25:23,2024-10-22T15:37:46.655068,2024-10-22T16:40:57.245035,CLOSED,,ID-GATEWAY-AUTH-01,False
ALT-CSE-09-01297,CSE-09,LOW,2024-11-08T18:19:01,2024-11-08T18:31:45.266387,2024-11-08T19:13:25.932479,CLOSED,,CITIZEN-PORTAL-WEB,False
ALT-CSE-09-01298,CSE-09,HIGH,2024-10-15T05:14:39,2024-10-15T05:28:33.427366,2024-10-15T06:47:57.991498,CLOSED,CAS-CSE-09-0259,UID-VAULT-DB,False
ALT-CSE-09-01299,CSE-09,CRITICAL,2024-12-28T07:52:45,2024-12-28T07:56:09.384096,2024-12-28T08:36:23.101507,CLOSED,CAS-CSE-09-0260,UID-VAULT-DB,True
ALT-CSE-09-01300,CSE-09,MEDIUM,2024-10-12T12:28:45,2024-10-12T12:39:17.073577,2024-10-12T13:13:43.581522,CLOSED,,UID-VAULT-DB,False
ALT-CSE-09-01301,CSE-09,MEDIUM,2024-12-07T11:27:03,2024-12-07T11:35:11.315991,2024-12-07T12:36:33.128902,CLOSED,,GOV-SEC-FW-01,False
ALT-CSE-09-01302,CSE-09,CRITICAL,2024-10-31T12:16:25,2024-10-31T12:25:42.440097,2024-10-31T13:47:47.631684,CLOSED,CAS-CSE-09-0261,CITIZEN-PORTAL-WEB,False
ALT-CSE-09-01303,CSE-09,LOW,2024-12-29T23:11:09,2024-12-29T23:17:39.922727,2024-12-30T00:01:57.709541,CLOSED,,UID-VAULT-DB,False
ALT-CSE-09-01304,CSE-09,LOW,2024-12-10T01:38:31,2024-12-10T01:46:04.322556,2024-12-10T02:43:54.335026,CLOSED,,CITIZEN-PORTAL-WEB,False
ALT-CSE-09-01305,CSE-09,MEDIUM,2024-10-16T01:58:27,2024-10-16T02:11:58.248800,2024-10-16T03:17:42.324296,CLOSED,,GOV-SEC-FW-01,False
ALT-CSE-09-01306,CSE-09,HIGH,2024-12-19T01:09:40,2024-12-19T01:21:15.532858,2024-12-19T02:48:50.171778,CLOSED,CAS-CSE-09-0262,ID-GATEWAY-AUTH-01,True
ALT-CSE-09-01307,CSE-09,LOW,2024-11-16T20:39:52,2024-11-16T20:46:19.306877,2024-11-16T22:19:01.173691,CLOSED,,CITIZEN-PORTAL-WEB,False
ALT-CSE-09-01308,CSE-09,LOW,2024-12-29T23:47:41,2024-12-30T00:01:29.696442,2024-12-30T00:51:38.468332,CLOSED,,ID-GATEWAY-AUTH-01,False
ALT-CSE-09-01309,CSE-09,MEDIUM,2024-10-06T01:08:29,2024-10-06T01:22:20.976024,2024-10-06T02:10:32.054670,CLOSED,,CITIZEN-PORTAL-WEB,False
ALT-CSE-09-01310,CSE-09,LOW,2024-10-14T15:50:30,2024-10-14T16:00:02.607197,2024-10-14T17:05:27.405318,CLOSED,,GOV-SEC-FW-01,False
ALT-CSE-09-01311,CSE-09,HIGH,2024-12-03T21:31:47,2024-12-03T21:35:24.723888,2024-12-03T23:07:27.630891,CLOSED,,CITIZEN-PORTAL-WEB,False
ALT-CSE-09-01312,CSE-09,LOW,2024-11-19T09:10:56,2024-11-19T09:18:43.940009,2024-11-19T10:16:19.866363,CLOSED,,CITIZEN-PORTAL-WEB,False
ALT-CSE-09-01313,CSE-09,CRITICAL,2024-11-25T05:44:57,2024-11-25T05:53:52.358209,2024-11-25T07:10:58.508152,CLOSED,CAS-CSE-09-0263,CITIZEN-PORTAL-WEB,False
ALT-CSE-09-01314,CSE-09,CRITICAL,2024-10-21T21:00:22,2024-10-21T21:05:23.198102,2024-10-21T22:16:36.033412,CLOSED,CAS-CSE-09-0264,GOV-SEC-FW-01,False
ALT-CSE-09-01315,CSE-09,LOW,2024-12-27T19:24:31,2024-12-27T19:38:13.574543,2024-12-27T20:48:07.259115,CLOSED,,GOV-SEC-FW-01,False
ALT-CSE-09-01316,CSE-09,LOW,2024-10-02T16:45:10,2024-10-02T16:48:35.738225,2024-10-02T18:14:01.078458,CLOSED,,GOV-SEC-FW-01,False
ALT-CSE-09-01317,CSE-09,HIGH,2024-12-10T20:07:32,2024-12-10T20:17:09.964410,2024-12-10T21:00:35.747554,CLOSED,,CITIZEN-PORTAL-WEB,False
ALT-CSE-09-01318,CSE-09,LOW,2024-10-25T18:19:37,2024-10-25T18:33:59.343388,2024-10-25T19:12:27.644135,CLOSED,,CITIZEN-PORTAL-WEB,False
ALT-CSE-09-01319,CSE-09,LOW,2024-11-17T21:56:53,2024-11-17T22:04:14.799798,2024-11-17T23:02:10.918132,CLOSED,,CITIZEN-PORTAL-WEB,False
ALT-CSE-09-01320,CSE-09,HIGH,2024-11-24T15:44:22,2024-11-24T15:52:41.284106,2024-11-24T16:51:03.205666,CLOSED,,UID-VAULT-DB,False
ALT-CSE-09-01321,CSE-09,MEDIUM,2024-12-16T18:54:23,2024-12-16T18:58:34.796076,2024-12-16T19:56:30.325243,CLOSED,,GOV-SEC-FW-01,False
ALT-CSE-09-01322,CSE-09,LOW,2024-11-11T12:14:01,2024-11-11T12:16:10.980749,2024-11-11T13:17:40.064782,CLOSED,,CITIZEN-PORTAL-WEB,False
ALT-CSE-09-01323,CSE-09,MEDIUM,2024-12-02T14:34:37,2024-12-02T14:40:23.124585,2024-12-02T15:33:11.783011,CLOSED,CAS-CSE-09-0265,ID-GATEWAY-AUTH-01,False
ALT-CSE-09-01324,CSE-09,HIGH,2024-11-06T07:34:11,2024-11-06T07:38:07.023305,2024-11-06T09:17:28.147262,CLOSED,,UID-VAULT-DB,False
ALT-CSE-09-01325,CSE-09,HIGH,2024-11-14T02:14:14,2024-11-14T02:24:34.687074,2024-11-14T02:56:26.787188,CLOSED,CAS-CSE-09-0266,UID-VAULT-DB,False
ALT-CSE-09-01326,CSE-09,HIGH,2024-12-06T23:08:32,2024-12-06T23:12:36.810475,2024-12-07T00:00:08.934597,CLOSED,,UID-VAULT-DB,False
ALT-CSE-09-01327,CSE-09,LOW,2024-11-16T16:33:40,2024-11-16T16:41:54.137454,2024-11-16T17:48:57.191928,CLOSED,,UID-VAULT-DB,False
ALT-CSE-09-01328,CSE-09,HIGH,2024-11-01T22:00:57,2024-11-01T22:09:16.731017,2024-11-01T23:23:17.553791,CLOSED,,ID-GATEWAY-AUTH-01,False
ALT-CSE-09-01329,CSE-09,HIGH,2024-11-15T04:31:23,2024-11-15T04:40:02.746428,2024-11-15T05:53:30.475999,CLOSED,CAS-CSE-09-0267,UID-VAULT-DB,True
ALT-CSE-09-01330,CSE-09,MEDIUM,2024-12-19T12:55:37,2024-12-19T13:06:14.069758,2024-12-19T13:51:11.785041,CLOSED,,UID-VAULT-DB,False
ALT-CSE-09-01331,CSE-09,LOW,2024-11-05T14:57:32,2024-11-05T15:02:50.213790,2024-11-05T16:20:49.740521,CLOSED,,CITIZEN-PORTAL-WEB,False
ALT-CSE-09-01332,CSE-09,MEDIUM,2024-12-26T19:53:12,2024-12-26T20:04:25.508815,2024-12-26T21:11:01.619147,CLOSED,CAS-CSE-09-0268,CITIZEN-PORTAL-WEB,False
ALT-CSE-09-01333,CSE-09,MEDIUM,2024-10-03T08:26:27,2024-10-03T08:28:44.256956,2024-10-03T10:00:06.149500,CLOSED,,CITIZEN-PORTAL-WEB,False
ALT-CSE-09-01334,CSE-09,HIGH,2024-11-25T16:41:32,2024-11-25T16:52:25.949593,2024-11-25T18:08:05.599047,CLOSED,,CITIZEN-PORTAL-WEB,False
ALT-CSE-09-01335,CSE-09,MEDIUM,2024-11-29T15:52:12,2024-11-29T15:56:26.493109,2024-11-29T16:40:18.589004,CLOSED,CAS-CSE-09-0269,UID-VAULT-DB,True
ALT-CSE-09-01336,CSE-09,LOW,2024-12-16T16:22:56,2024-12-16T16:33:24.257839,2024-12-16T17:02:59.971801,CLOSED,,ID-GATEWAY-AUTH-01,False
ALT-CSE-09-01337,CSE-09,HIGH,2024-11-05T09:28:19,2024-11-05T09:39:15.955536,2024-11-05T10:50:19.633290,CLOSED,,ID-GATEWAY-AUTH-01,False
ALT-CSE-09-01338,CSE-09,MEDIUM,2024-10-01T14:52:04,2024-10-01T15:00:24.633397,2024-10-01T16:06:17.175013,CLOSED,,ID-GATEWAY-AUTH-01,False
ALT-CSE-09-01339,CSE-09,HIGH,2024-10-25T17:48:29,2024-10-25T17:50:59.525817,2024-10-25T19:17:21.848116,CLOSED,,ID-GATEWAY-AUTH-01,False
ALT-CSE-09-01340,CSE-09,MEDIUM,2024-11-13T19:47:24,2024-11-13T19:50:32.171319,2024-11-13T20:36:31.101372,CLOSED,,UID-VAULT-DB,False
ALT-CSE-09-01341,CSE-09,MEDIUM,2024-12-07T18:47:23,2024-12-07T18:58:57.347267,2024-12-07T20:33:09.780607,CLOSED,,GOV-SEC-FW-01,False
ALT-CSE-09-01342,CSE-09,HIGH,2024-12-01T20:13:11,2024-12-01T20:17:18.347285,2024-12-01T21:50:51.991198,CLOSED,,UID-VAULT-DB,False
ALT-CSE-09-01343,CSE-09,MEDIUM,2024-12-21T02:26:06,2024-12-21T02:30:44.526349,2024-12-21T03:06:17.126915,CLOSED,,GOV-SEC-FW-01,False
ALT-CSE-09-01344,CSE-09,HIGH,2024-11-23T23:34:44,2024-11-23T23:48:24.828490,2024-11-24T00:32:24.583332,CLOSED,,ID-GATEWAY-AUTH-01,False
ALT-CSE-09-01345,CSE-09,MEDIUM,2024-12-07T00:03:55,2024-12-07T00:06:56.204465,2024-12-07T01:50:41.360879,CLOSED,,UID-VAULT-DB,False
ALT-CSE-09-01346,CSE-09,LOW,2024-10-24T11:47:02,2024-10-24T11:59:23.571448,2024-10-24T13:34:25.325897,CLOSED,,GOV-SEC-FW-01,False
ALT-CSE-09-01347,CSE-09,HIGH,2024-12-20T07:19:07,2024-12-20T07:30:17.426629,2024-12-20T09:02:00.620006,CLOSED,,CITIZEN-PORTAL-WEB,False
ALT-CSE-09-01348,CSE-09,HIGH,2024-11-11T10:44:41,2024-11-11T10:47:31.505777,2024-11-11T11:40:45.747645,CLOSED,,GOV-SEC-FW-01,False
ALT-CSE-09-01349,CSE-09,MEDIUM,2024-11-03T22:44:23,2024-11-03T22:50:35.492606,2024-11-04T00:04:49.564978,CLOSED,,ID-GATEWAY-AUTH-01,False
ALT-CSE-09-01350,CSE-09,HIGH,2024-12-12T00:45:41,2024-12-12T01:00:19.828343,2024-12-12T01:41:25.859405,CLOSED,,ID-GATEWAY-AUTH-01,False
ALT-CSE-09-01351,CSE-09,LOW,2024-12-20T12:33:30,2024-12-20T12:37:35.392322,2024-12-20T13:21:41.577818,CLOSED,,UID-VAULT-DB,False
ALT-CSE-09-01352,CSE-09,MEDIUM,2024-11-14T09:15:25,2024-11-14T09:20:24.668240,2024-11-14T10:48:30.110093,CLOSED,,UID-VAULT-DB,False
ALT-CSE-09-01353,CSE-09,MEDIUM,2024-10-24T17:59:29,2024-10-24T18:01:31.313331,2024-10-24T19:32:54.770602,CLOSED,,CITIZEN-PORTAL-WEB,False
ALT-CSE-09-01354,CSE-09,LOW,2024-11-29T19:49:12,2024-11-29T19:53:33.472891,2024-11-29T21:27:32.299462,CLOSED,,ID-GATEWAY-AUTH-01,False
ALT-CSE-09-01355,CSE-09,MEDIUM,2024-12-13T10:30:37,2024-12-13T10:43:01.160203,2024-12-13T11:52:45.962034,CLOSED,,ID-GATEWAY-AUTH-01,False
ALT-CSE-09-01356,CSE-09,HIGH,2024-10-22T15:08:21,2024-10-22T15:23:19.004118,2024-10-22T16:47:00.289946,CLOSED,,ID-GATEWAY-AUTH-01,False
ALT-CSE-09-01357,CSE-09,MEDIUM,2024-12-10T08:41:42,2024-12-10T08:56:32.223713,2024-12-10T09:35:54.481162,CLOSED,,GOV-SEC-FW-01,False
ALT-CSE-09-01358,CSE-09,LOW,2024-11-01T17:10:29,2024-11-01T17:20:38.102580,2024-11-01T18:44:48.200880,CLOSED,CAS-CSE-09-0270,CITIZEN-PORTAL-WEB,False
ALT-CSE-09-01359,CSE-09,MEDIUM,2024-10-30T18:56:39,2024-10-30T19:02:57.669658,2024-10-30T20:08:59.443939,CLOSED,,ID-GATEWAY-AUTH-01,False
ALT-CSE-09-01360,CSE-09,MEDIUM,2024-10-25T04:56:02,2024-10-25T04:59:43.722421,2024-10-25T05:45:13.562297,CLOSED,,GOV-SEC-FW-01,False
ALT-CSE-09-01361,CSE-09,MEDIUM,2024-10-10T01:19:38,2024-10-10T01:30:46.959090,2024-10-10T02:44:10.097198,CLOSED,,UID-VAULT-DB,False
ALT-CSE-09-01362,CSE-09,MEDIUM,2024-10-05T22:57:20,2024-10-05T23:01:19.680495,2024-10-06T00:33:00.449025,CLOSED,,ID-GATEWAY-AUTH-01,False
ALT-CSE-09-01363,CSE-09,MEDIUM,2024-10-16T06:34:47,2024-10-16T06:37:00.659761,2024-10-16T07:37:55.751430,CLOSED,,ID-GATEWAY-AUTH-01,False
ALT-CSE-09-01364,CSE-09,CRITICAL,2024-12-06T09:55:17,2024-12-06T10:01:18.383918,2024-12-06T10:44:27.016500,CLOSED,CAS-CSE-09-0271,ID-GATEWAY-AUTH-01,False
ALT-CSE-09-01365,CSE-09,CRITICAL,2024-11-12T15:47:22,2024-11-12T15:50:48.561261,2024-11-12T17:12:59.800296,CLOSED,,ID-GATEWAY-AUTH-01,False
ALT-CSE-09-01366,CSE-09,MEDIUM,2024-11-07T14:59:21,2024-11-07T15:08:43.795359,2024-11-07T16:20:34.818469,CLOSED,,UID-VAULT-DB,False
ALT-CSE-09-01367,CSE-09,CRITICAL,2024-11-15T08:22:20,2024-11-15T08:31:58.557704,2024-11-15T09:18:33.241233,CLOSED,CAS-CSE-09-0272,CITIZEN-PORTAL-WEB,False
ALT-CSE-09-01368,CSE-09,HIGH,2024-10-10T18:58:38,2024-10-10T19:02:19.758757,2024-10-10T20:24:27.473887,CLOSED,,UID-VAULT-DB,False
ALT-CSE-09-01369,CSE-09,HIGH,2024-11-30T22:07:47,2024-11-30T22:14:07.135850,2024-11-30T22:49:37.697508,CLOSED,CAS-CSE-09-0273,ID-GATEWAY-AUTH-01,False
ALT-CSE-09-01370,CSE-09,CRITICAL,2024-10-20T02:51:50,2024-10-20T03:02:55.931146,2024-10-20T04:05:01.184891,CLOSED,CAS-CSE-09-0274,CITIZEN-PORTAL-WEB,False
ALT-CSE-09-01371,CSE-09,HIGH,2024-10-01T18:55:58,2024-10-01T19:08:19.075222,2024-10-01T20:34:45.423938,CLOSED,,ID-GATEWAY-AUTH-01,False
ALT-CSE-09-01372,CSE-09,MEDIUM,2024-11-29T23:47:12,2024-11-29T23:52:05.499159,2024-11-30T01:11:59.425705,CLOSED,,GOV-SEC-FW-01,False
ALT-CSE-09-01373,CSE-09,LOW,2024-12-01T18:52:45,2024-12-01T19:01:08.942757,2024-12-01T20:36:58.070171,CLOSED,,ID-GATEWAY-AUTH-01,False
ALT-CSE-09-01374,CSE-09,LOW,2024-10-02T08:55:01,2024-10-02T09:06:54.110700,2024-10-02T10:06:22.009027,CLOSED,CAS-CSE-09-0275,GOV-SEC-FW-01,False
ALT-CSE-09-01375,CSE-09,MEDIUM,2024-11-15T05:23:09,2024-11-15T05:30:33.879878,2024-11-15T06:07:03.819098,CLOSED,CAS-CSE-09-0276,GOV-SEC-FW-01,True
ALT-CSE-09-01376,CSE-09,HIGH,2024-11-21T18:00:32,2024-11-21T18:02:48.694092,2024-11-21T19:21:16.718720,CLOSED,,ID-GATEWAY-AUTH-01,False
ALT-CSE-09-01377,CSE-09,LOW,2024-11-13T19:28:46,2024-11-13T19:34:59.980028,2024-11-13T20:12:03.519720,CLOSED,,CITIZEN-PORTAL-WEB,False
ALT-CSE-09-01378,CSE-09,MEDIUM,2024-10-19T10:23:37,2024-10-19T10:37:51.005585,2024-10-19T11:59:27.656232,CLOSED,,UID-VAULT-DB,False
ALT-CSE-09-01379,CSE-09,MEDIUM,2024-12-25T01:10:20,2024-12-25T01:13:24.480620,2024-12-25T02:49:43.563615,CLOSED,,UID-VAULT-DB,False
ALT-CSE-09-01380,CSE-09,LOW,2024-10-02T12:31:39,2024-10-02T12:46:07.974388,2024-10-02T14:07:13.181416,CLOSED,,CITIZEN-PORTAL-WEB,False
ALT-CSE-09-01381,CSE-09,CRITICAL,2024-10-08T13:52:38,2024-10-08T14:02:03.546016,2024-10-08T15:00:05.250539,CLOSED,CAS-CSE-09-0277,CITIZEN-PORTAL-WEB,False
ALT-CSE-09-01382,CSE-09,MEDIUM,2024-11-17T15:37:15,2024-11-17T15:45:57.166867,2024-11-17T17:21:34.973551,CLOSED,,GOV-SEC-FW-01,False
ALT-CSE-09-01383,CSE-09,MEDIUM,2024-10-23T16:49:45,2024-10-23T16:59:07.534260,2024-10-23T17:55:45.771638,CLOSED,,UID-VAULT-DB,False
ALT-CSE-09-01384,CSE-09,CRITICAL,2024-11-25T03:06:53,2024-11-25T03:16:16.027441,2024-11-25T04:22:02.149211,CLOSED,CAS-CSE-09-0278,ID-GATEWAY-AUTH-01,False
ALT-CSE-09-01385,CSE-09,MEDIUM,2024-11-23T19:13:23,2024-11-23T19:20:49.902576,2024-11-23T20:03:06.818595,CLOSED,,CITIZEN-PORTAL-WEB,False
ALT-CSE-09-01386,CSE-09,MEDIUM,2024-11-14T16:31:04,2024-11-14T16:38:25.386326,2024-11-14T17:17:12.060550,CLOSED,,CITIZEN-PORTAL-WEB,False
ALT-CSE-09-01387,CSE-09,LOW,2024-10-27T15:55:15,2024-10-27T16:03:49.917404,2024-10-27T16:45:24.849885,CLOSED,,CITIZEN-PORTAL-WEB,False
ALT-CSE-09-01388,CSE-09,CRITICAL,2024-10-31T09:59:59,2024-10-31T10:11:17.440217,2024-10-31T11:08:11.844177,CLOSED,CAS-CSE-09-0279,UID-VAULT-DB,False
ALT-CSE-09-01389,CSE-09,LOW,2024-11-24T14:52:08,2024-11-24T15:05:40.505221,2024-11-24T15:38:27.229180,CLOSED,,CITIZEN-PORTAL-WEB,False
ALT-CSE-09-01390,CSE-09,LOW,2024-10-20T05:43:54,2024-10-20T05:54:14.947962,2024-10-20T07:05:11.427947,CLOSED,,CITIZEN-PORTAL-WEB,False
ALT-CSE-09-01391,CSE-09,CRITICAL,2024-11-06T01:27:46,2024-11-06T01:30:25.508075,2024-11-06T02:50:49.617901,CLOSED,CAS-CSE-09-0280,GOV-SEC-FW-01,False
ALT-CSE-09-01392,CSE-09,MEDIUM,2024-11-08T14:05:47,2024-11-08T14:14:33.460230,2024-11-08T14:55:16.227100,CLOSED,,ID-GATEWAY-AUTH-01,False
ALT-CSE-09-01393,CSE-09,MEDIUM,2024-12-12T15:13:39,2024-12-12T15:28:15.759962,2024-12-12T16:36:28.720628,CLOSED,,GOV-SEC-FW-01,False
ALT-CSE-09-01394,CSE-09,HIGH,2024-10-12T08:57:32,2024-10-12T09:10:03.396996,2024-10-12T10:30:20.583501,CLOSED,,GOV-SEC-FW-01,False
ALT-CSE-09-01395,CSE-09,MEDIUM,2024-10-14T20:54:51,2024-10-14T21:02:12.702726,2024-10-14T22:29:14.609660,CLOSED,,UID-VAULT-DB,False
ALT-CSE-09-01396,CSE-09,HIGH,2024-12-10T12:30:28,2024-12-10T12:36:48.765599,2024-12-10T13:37:26.138266,CLOSED,,CITIZEN-PORTAL-WEB,False
ALT-CSE-09-01397,CSE-09,HIGH,2024-12-04T02:47:34,2024-12-04T02:56:56.947529,2024-12-04T03:36:08.206593,CLOSED,,GOV-SEC-FW-01,False
ALT-CSE-09-01398,CSE-09,MEDIUM,2024-12-17T00:20:07,2024-12-17T00:23:32.084384,2024-12-17T01:41:42.584557,CLOSED,,GOV-SEC-FW-01,False
ALT-CSE-09-01399,CSE-09,LOW,2024-10-28T10:52:52,2024-10-28T11:01:28.776841,2024-10-28T12:33:35.335873,CLOSED,,UID-VAULT-DB,False
ALT-CSE-09-01400,CSE-09,LOW,2024-10-20T22:24:42,2024-10-20T22:32:23.236907,2024-10-20T23:59:30.870856,CLOSED,,ID-GATEWAY-AUTH-01,False
ALT-CSE-09-01401,CSE-09,HIGH,2024-10-23T15:02:37,2024-10-23T15:11:54.417230,2024-10-23T15:50:55.029200,CLOSED,,ID-GATEWAY-AUTH-01,False
ALT-CSE-09-01402,CSE-09,MEDIUM,2024-11-08T18:46:44,2024-11-08T18:57:44.267312,2024-11-08T20:31:55.010158,CLOSED,,GOV-SEC-FW-01,False
ALT-CSE-09-01403,CSE-09,MEDIUM,2024-11-18T07:41:36,2024-11-18T07:45:10.170668,2024-11-18T09:23:57.116685,CLOSED,,CITIZEN-PORTAL-WEB,False
ALT-CSE-09-01404,CSE-09,HIGH,2024-12-16T16:52:16,2024-12-16T16:54:22.658849,2024-12-16T18:17:06.709040,CLOSED,,ID-GATEWAY-AUTH-01,False
ALT-CSE-09-01405,CSE-09,MEDIUM,2024-10-12T07:42:41,2024-10-12T07:50:02.375815,2024-10-12T08:29:03.091596,CLOSED,,CITIZEN-PORTAL-WEB,False
ALT-CSE-09-01406,CSE-09,MEDIUM,2024-10-04T18:21:32,2024-10-04T18:30:18.940775,2024-10-04T19:57:12.950133,CLOSED,,CITIZEN-PORTAL-WEB,False
ALT-CSE-09-01407,CSE-09,MEDIUM,2024-12-05T07:07:08,2024-12-05T07:21:21.018770,2024-12-05T07:47:52.821968,CLOSED,,UID-VAULT-DB,False
ALT-CSE-09-01408,CSE-09,LOW,2024-11-11T03:13:37,2024-11-11T03:19:14.210959,2024-11-11T04:05:20.686996,CLOSED,,UID-VAULT-DB,False
ALT-CSE-09-01409,CSE-09,MEDIUM,2024-10-25T16:00:49,2024-10-25T16:03:26.816465,2024-10-25T17:31:35.674897,CLOSED,,GOV-SEC-FW-01,False
ALT-CSE-09-01410,CSE-09,CRITICAL,2024-10-07T13:05:45,2024-10-07T13:12:59.168915,2024-10-07T14:25:19.230265,CLOSED,CAS-CSE-09-0281,GOV-SEC-FW-01,False
ALT-CSE-09-01411,CSE-09,MEDIUM,2024-10-13T17:36:00,2024-10-13T17:49:14.858930,2024-10-13T19:16:40.956031,CLOSED,,CITIZEN-PORTAL-WEB,False
ALT-CSE-09-01412,CSE-09,MEDIUM,2024-11-10T03:02:11,2024-11-10T03:12:49.776476,2024-11-10T04:34:52.101769,CLOSED,,CITIZEN-PORTAL-WEB,False
ALT-CSE-09-01413,CSE-09,MEDIUM,2024-12-20T12:17:23,2024-12-20T12:20:58.884137,2024-12-20T13:34:06.210644,CLOSED,,UID-VAULT-DB,False
ALT-CSE-09-01414,CSE-09,LOW,2024-10-31T17:07:38,2024-10-31T17:17:44.591959,2024-10-31T18:07:40.061032,CLOSED,,ID-GATEWAY-AUTH-01,False
ALT-CSE-09-01415,CSE-09,HIGH,2024-11-07T08:39:50,2024-11-07T08:45:44.176875,2024-11-07T09:47:11.187882,CLOSED,,CITIZEN-PORTAL-WEB,False
ALT-CSE-09-01416,CSE-09,CRITICAL,2024-12-10T01:52:20,2024-12-10T01:59:50.666693,2024-12-10T02:55:03.025723,CLOSED,CAS-CSE-09-0282,UID-VAULT-DB,False
ALT-CSE-09-01417,CSE-09,LOW,2024-11-30T02:57:18,2024-11-30T03:01:16.389951,2024-11-30T04:39:58.142318,CLOSED,CAS-CSE-09-0283,GOV-SEC-FW-01,False
ALT-CSE-09-01418,CSE-09,MEDIUM,2024-10-30T04:15:58,2024-10-30T04:18:22.017467,2024-10-30T05:33:36.350236,CLOSED,,ID-GATEWAY-AUTH-01,False
ALT-CSE-09-01419,CSE-09,LOW,2024-12-09T08:22:05,2024-12-09T08:26:41.361878,2024-12-09T10:00:00.869476,CLOSED,,CITIZEN-PORTAL-WEB,False
ALT-CSE-09-01420,CSE-09,HIGH,2024-10-21T04:48:01,2024-10-21T04:51:55.094476,2024-10-21T06:07:25.613875,CLOSED,,CITIZEN-PORTAL-WEB,False
ALT-CSE-09-01421,CSE-09,HIGH,2024-10-17T12:17:12,2024-10-17T12:24:10.615869,2024-10-17T13:37:18.088347,CLOSED,,CITIZEN-PORTAL-WEB,False
ALT-CSE-09-01422,CSE-09,MEDIUM,2024-12-23T09:13:41,2024-12-23T09:27:24.035844,2024-12-23T10:44:30.990206,CLOSED,,CITIZEN-PORTAL-WEB,False
ALT-CSE-09-01423,CSE-09,MEDIUM,2024-12-23T15:26:47,2024-12-23T15:34:31.805471,2024-12-23T16:15:43.535272,CLOSED,,UID-VAULT-DB,False
ALT-CSE-09-01424,CSE-09,HIGH,2024-10-24T22:43:33,2024-10-24T22:50:04.814486,2024-10-24T23:31:28.436233,CLOSED,,ID-GATEWAY-AUTH-01,False
ALT-CSE-09-01425,CSE-09,MEDIUM,2024-11-05T01:28:42,2024-11-05T01:40:33.311687,2024-11-05T03:17:08.897460,CLOSED,,CITIZEN-PORTAL-WEB,False
ALT-CSE-09-01426,CSE-09,CRITICAL,2024-11-14T17:05:00,2024-11-14T17:11:01.458400,2024-11-14T18:46:38.433821,CLOSED,CAS-CSE-09-0284,GOV-SEC-FW-01,False
ALT-CSE-09-01427,CSE-09,MEDIUM,2024-12-08T22:57:59,2024-12-08T23:08:09.062686,2024-12-09T00:16:12.338290,CLOSED,,CITIZEN-PORTAL-WEB,False
ALT-CSE-09-01428,CSE-09,CRITICAL,2024-10-14T08:47:28,2024-10-14T08:56:16.698448,2024-10-14T09:40:29.823826,CLOSED,CAS-CSE-09-0285,ID-GATEWAY-AUTH-01,False
ALT-CSE-09-01429,CSE-09,CRITICAL,2024-12-25T15:23:58,2024-12-25T15:28:42.609076,2024-12-25T16:59:19.157147,CLOSED,CAS-CSE-09-0286,GOV-SEC-FW-01,True
ALT-CSE-09-01430,CSE-09,LOW,2024-12-16T01:39:45,2024-12-16T01:54:43.577395,2024-12-16T02:40:06.674820,CLOSED,,ID-GATEWAY-AUTH-01,False
ALT-CSE-09-01431,CSE-09,LOW,2024-10-03T05:11:42,2024-10-03T05:23:22.299950,2024-10-03T05:52:12.257947,CLOSED,,GOV-SEC-FW-01,False
ALT-CSE-09-01432,CSE-09,CRITICAL,2024-10-07T18:37:23,2024-10-07T18:47:56.924371,2024-10-07T19:33:35.903912,CLOSED,CAS-CSE-09-0287,CITIZEN-PORTAL-WEB,False
ALT-CSE-09-01433,CSE-09,HIGH,2024-10-06T04:24:05,2024-10-06T04:29:04.023973,2024-10-06T05:12:14.638259,CLOSED,,CITIZEN-PORTAL-WEB,False
ALT-CSE-09-01434,CSE-09,CRITICAL,2024-10-25T01:25:09,2024-10-25T01:28:56.562964,2024-10-25T02:18:31.155138,CLOSED,CAS-CSE-09-0288,ID-GATEWAY-AUTH-01,False
ALT-CSE-09-01435,CSE-09,MEDIUM,2024-12-08T04:06:39,2024-12-08T04:17:16.754278,2024-12-08T05:38:01.280289,CLOSED,,UID-VAULT-DB,False
ALT-CSE-09-01436,CSE-09,LOW,2024-10-05T23:23:08,2024-10-05T23:35:24.499581,2024-10-06T00:16:47.671240,CLOSED,,CITIZEN-PORTAL-WEB,False
ALT-CSE-09-01437,CSE-09,HIGH,2024-10-16T23:30:43,2024-10-16T23:35:51.963025,2024-10-17T00:29:06.562817,CLOSED,CAS-CSE-09-0289,ID-GATEWAY-AUTH-01,False
ALT-CSE-09-01438,CSE-09,MEDIUM,2024-12-19T06:13:56,2024-12-19T06:25:49.576895,2024-12-19T07:33:39.027569,CLOSED,,CITIZEN-PORTAL-WEB,False
ALT-CSE-09-01439,CSE-09,HIGH,2024-11-12T03:01:13,2024-11-12T03:11:54.725705,2024-11-12T04:02:08.143834,CLOSED,,GOV-SEC-FW-01,False
ALT-CSE-09-01440,CSE-09,CRITICAL,2024-12-18T12:52:13,2024-12-18T13:02:02.733918,2024-12-18T13:54:23.273839,CLOSED,CAS-CSE-09-0290,CITIZEN-PORTAL-WEB,False
ALT-CSE-09-01441,CSE-09,HIGH,2024-12-16T09:30:11,2024-12-16T09:39:24.037571,2024-12-16T10:19:02.263919,CLOSED,,UID-VAULT-DB,False
ALT-CSE-09-01442,CSE-09,MEDIUM,2024-10-16T19:53:03,2024-10-16T19:59:57.156894,2024-10-16T21:03:12.581631,CLOSED,,UID-VAULT-DB,False
ALT-CSE-09-01443,CSE-09,HIGH,2024-10-13T00:06:51,2024-10-13T00:17:01.286546,2024-10-13T00:59:37.407974,CLOSED,CAS-CSE-09-0291,GOV-SEC-FW-01,False
ALT-CSE-09-01444,CSE-09,CRITICAL,2024-11-13T06:03:46,2024-11-13T06:18:41.451593,2024-11-13T06:56:23.491361,CLOSED,CAS-CSE-09-0292,UID-VAULT-DB,False
ALT-CSE-09-01445,CSE-09,MEDIUM,2024-10-25T06:05:47,2024-10-25T06:08:27.848977,2024-10-25T07:42:09.714247,CLOSED,,UID-VAULT-DB,False
ALT-CSE-09-01446,CSE-09,MEDIUM,2024-11-29T19:30:51,2024-11-29T19:38:47.508883,2024-11-29T20:55:14.225210,CLOSED,,ID-GATEWAY-AUTH-01,False
ALT-CSE-09-01447,CSE-09,LOW,2024-12-27T05:10:16,2024-12-27T05:14:57.927704,2024-12-27T06:35:41.685890,CLOSED,,ID-GATEWAY-AUTH-01,False
ALT-CSE-09-01448,CSE-09,HIGH,2024-12-17T12:33:33,2024-12-17T12:43:10.255955,2024-12-17T13:43:43.111305,CLOSED,,UID-VAULT-DB,False
ALT-CSE-09-01449,CSE-09,MEDIUM,2024-11-02T20:27:31,2024-11-02T20:32:36.511692,2024-11-02T21:59:00.785216,CLOSED,,CITIZEN-PORTAL-WEB,False
ALT-CSE-09-01450,CSE-09,HIGH,2024-10-07T18:41:25,2024-10-07T18:51:29.844469,2024-10-07T20:18:25.083227,CLOSED,,UID-VAULT-DB,False
ALT-CSE-09-01451,CSE-09,LOW,2024-11-21T15:58:18,2024-11-21T16:02:05.034118,2024-11-21T17:27:46.603559,CLOSED,,GOV-SEC-FW-01,False
ALT-CSE-09-01452,CSE-09,HIGH,2024-11-02T02:29:00,2024-11-02T02:40:21.615890,2024-11-02T04:15:14.216271,CLOSED,,UID-VAULT-DB,False
ALT-CSE-09-01453,CSE-09,CRITICAL,2024-11-20T22:50:45,2024-11-20T23:01:01.064547,2024-11-20T23:41:00.400568,CLOSED,CAS-CSE-09-0293,GOV-SEC-FW-01,False
ALT-CSE-09-01454,CSE-09,LOW,2024-12-29T23:29:26,2024-12-29T23:40:35.089734,2024-12-30T00:21:01.851948,CLOSED,,ID-GATEWAY-AUTH-01,False
ALT-CSE-09-01455,CSE-09,MEDIUM,2024-10-27T18:35:01,2024-10-27T18:48:29.349725,2024-10-27T19:52:16.067628,CLOSED,,UID-VAULT-DB,False
ALT-CSE-09-01456,CSE-09,MEDIUM,2024-11-22T09:01:12,2024-11-22T09:15:28.306969,2024-11-22T10:28:57.390657,CLOSED,,UID-VAULT-DB,False
ALT-CSE-09-01457,CSE-09,MEDIUM,2024-12-18T10:15:23,2024-12-18T10:17:42.998695,2024-12-18T11:03:43.254513,CLOSED,,CITIZEN-PORTAL-WEB,False
ALT-CSE-09-01458,CSE-09,LOW,2024-12-13T08:27:18,2024-12-13T08:31:43.819692,2024-12-13T09:45:31.092813,CLOSED,,CITIZEN-PORTAL-WEB,False
ALT-CSE-09-01459,CSE-09,MEDIUM,2024-12-07T23:15:51,2024-12-07T23:19:04.543024,2024-12-08T00:00:16.420434,CLOSED,,CITIZEN-PORTAL-WEB,False
ALT-CSE-09-01460,CSE-09,MEDIUM,2024-12-27T14:28:28,2024-12-27T14:43:24.118014,2024-12-27T15:50:47.642076,CLOSED,,GOV-SEC-FW-01,False
ALT-CSE-09-01461,CSE-09,MEDIUM,2024-10-11T01:14:53,2024-10-11T01:21:51.280070,2024-10-11T01:58:05.218429,CLOSED,CAS-CSE-09-0294,ID-GATEWAY-AUTH-01,True
ALT-CSE-09-01462,CSE-09,MEDIUM,2024-11-17T19:57:40,2024-11-17T20:01:16.897082,2024-11-17T21:47:39.858022,CLOSED,,CITIZEN-PORTAL-WEB,False
ALT-CSE-09-01463,CSE-09,LOW,2024-12-17T20:46:16,2024-12-17T20:55:33.387963,2024-12-17T22:05:44.714144,CLOSED,,CITIZEN-PORTAL-WEB,False
ALT-CSE-09-01464,CSE-09,LOW,2024-12-28T08:20:20,2024-12-28T08:25:08.551729,2024-12-28T09:05:54.252168,CLOSED,,ID-GATEWAY-AUTH-01,False
ALT-CSE-09-01465,CSE-09,MEDIUM,2024-10-05T20:45:13,2024-10-05T20:56:23.049450,2024-10-05T22:10:06.352924,CLOSED,,GOV-SEC-FW-01,False
ALT-CSE-09-01466,CSE-09,HIGH,2024-11-07T12:39:16,2024-11-07T12:49:55.044060,2024-11-07T14:08:30.361633,CLOSED,,UID-VAULT-DB,False
ALT-CSE-09-01467,CSE-09,LOW,2024-12-28T18:50:01,2024-12-28T19:00:11.117062,2024-12-28T19:57:20.499402,CLOSED,CAS-CSE-09-0295,UID-VAULT-DB,False
ALT-CSE-09-01468,CSE-09,CRITICAL,2024-12-01T04:05:28,2024-12-01T04:16:50.369273,2024-12-01T05:20:38.670973,CLOSED,CAS-CSE-09-0296,GOV-SEC-FW-01,False
ALT-CSE-09-01469,CSE-09,HIGH,2024-10-19T00:12:03,2024-10-19T00:26:26.712057,2024-10-19T01:39:05.471758,CLOSED,,GOV-SEC-FW-01,False
ALT-CSE-09-01470,CSE-09,CRITICAL,2024-12-03T20:11:51,2024-12-03T20:26:48.333594,2024-12-03T21:28:02.652541,CLOSED,CAS-CSE-09-0297,CITIZEN-PORTAL-WEB,False
ALT-CSE-09-01471,CSE-09,MEDIUM,2024-10-17T13:56:54,2024-10-17T14:09:57.036245,2024-10-17T15:16:57.309438,CLOSED,,GOV-SEC-FW-01,False
ALT-CSE-09-01472,CSE-09,MEDIUM,2024-12-18T09:45:55,2024-12-18T09:51:24.243348,2024-12-18T10:30:46.510250,CLOSED,,CITIZEN-PORTAL-WEB,False
ALT-CSE-09-01473,CSE-09,MEDIUM,2024-12-11T17:12:43,2024-12-11T17:26:42.483284,2024-12-11T18:07:38.835479,CLOSED,,UID-VAULT-DB,False
ALT-CSE-09-01474,CSE-09,MEDIUM,2024-11-14T13:22:59,2024-11-14T13:33:38.355506,2024-11-14T14:13:53.597280,CLOSED,,UID-VAULT-DB,False
ALT-CSE-09-01475,CSE-09,HIGH,2024-12-09T14:02:18,2024-12-09T14:06:36.158618,2024-12-09T15:46:15.557146,CLOSED,CAS-CSE-09-0298,UID-VAULT-DB,True
ALT-CSE-09-01476,CSE-09,HIGH,2024-11-10T05:23:37,2024-11-10T05:36:13.361053,2024-11-10T07:09:19.409955,CLOSED,,CITIZEN-PORTAL-WEB,False
ALT-CSE-09-01477,CSE-09,MEDIUM,2024-12-06T12:27:19,2024-12-06T12:36:59.620667,2024-12-06T13:18:23.438560,CLOSED,,UID-VAULT-DB,False
ALT-CSE-09-01478,CSE-09,MEDIUM,2024-12-10T19:09:47,2024-12-10T19:13:30.726971,2024-12-10T20:15:02.281237,CLOSED,,ID-GATEWAY-AUTH-01,False
ALT-CSE-09-01479,CSE-09,HIGH,2024-10-29T14:39:06,2024-10-29T14:49:04.974038,2024-10-29T16:29:05.935912,CLOSED,,GOV-SEC-FW-01,False
ALT-CSE-09-01480,CSE-09,HIGH,2024-10-12T06:39:45,2024-10-12T06:45:14.353013,2024-10-12T08:03:51.515497,CLOSED,,ID-GATEWAY-AUTH-01,False
ALT-CSE-09-01481,CSE-09,MEDIUM,2024-10-06T03:23:55,2024-10-06T03:28:15.387006,2024-10-06T04:27:10.995980,CLOSED,,GOV-SEC-FW-01,False
ALT-CSE-09-01482,CSE-09,HIGH,2024-12-15T20:08:13,2024-12-15T20:11:39.747409,2024-12-15T21:00:17.556859,CLOSED,,CITIZEN-PORTAL-WEB,False
ALT-CSE-09-01483,CSE-09,CRITICAL,2024-11-30T19:42:17,2024-11-30T19:47:29.672859,2024-11-30T20:51:31.856211,CLOSED,CAS-CSE-09-0299,GOV-SEC-FW-01,True
ALT-CSE-09-01484,CSE-09,HIGH,2024-11-11T03:01:43,2024-11-11T03:06:43.546611,2024-11-11T04:32:44.690429,CLOSED,,GOV-SEC-FW-01,False
ALT-CSE-09-01485,CSE-09,HIGH,2024-10-26T15:34:12,2024-10-26T15:44:12.297781,2024-10-26T16:31:16.740113,CLOSED,,UID-VAULT-DB,False
ALT-CSE-09-01486,CSE-09,MEDIUM,2024-12-09T09:11:53,2024-12-09T09:18:17.371101,2024-12-09T09:57:28.698054,CLOSED,,UID-VAULT-DB,False
ALT-CSE-09-01487,CSE-09,CRITICAL,2024-12-05T14:14:33,2024-12-05T14:28:02.884386,2024-12-05T15:34:19.029928,CLOSED,CAS-CSE-09-0300,ID-GATEWAY-AUTH-01,True
ALT-CSE-09-01488,CSE-09,MEDIUM,2024-11-16T01:45:40,2024-11-16T01:57:00.871819,2024-11-16T03:16:55.975536,CLOSED,,CITIZEN-PORTAL-WEB,False
ALT-CSE-09-01489,CSE-09,MEDIUM,2024-10-01T04:41:45,2024-10-01T04:52:39.939250,2024-10-01T05:39:36.550438,CLOSED,,ID-GATEWAY-AUTH-01,False
ALT-CSE-09-01490,CSE-09,CRITICAL,2024-10-30T06:52:57,2024-10-30T06:55:03.495153,2024-10-30T07:48:04.643494,CLOSED,,CITIZEN-PORTAL-WEB,False
ALT-CSE-09-01491,CSE-09,MEDIUM,2024-12-18T01:33:20,2024-12-18T01:40:52.014186,2024-12-18T02:34:12.076206,CLOSED,CAS-CSE-09-0301,UID-VAULT-DB,False
ALT-CSE-09-01492,CSE-09,CRITICAL,2024-12-18T18:38:20,2024-12-18T18:53:14.334539,2024-12-18T19:24:42.386925,CLOSED,CAS-CSE-09-0302,CITIZEN-PORTAL-WEB,False
ALT-CSE-09-01493,CSE-09,MEDIUM,2024-10-08T08:15:26,2024-10-08T08:21:59.908816,2024-10-08T09:01:18.674971,CLOSED,,CITIZEN-PORTAL-WEB,False
ALT-CSE-09-01494,CSE-09,CRITICAL,2024-11-20T06:30:36,2024-11-20T06:43:46.191645,2024-11-20T07:13:28.041954,CLOSED,CAS-CSE-09-0303,UID-VAULT-DB,True
ALT-CSE-09-01495,CSE-09,LOW,2024-10-18T15:48:27,2024-10-18T15:54:13.393604,2024-10-18T17:20:04.820568,CLOSED,,GOV-SEC-FW-01,False
ALT-CSE-09-01496,CSE-09,LOW,2024-11-07T13:57:04,2024-11-07T14:07:33.071144,2024-11-07T15:31:57.743941,CLOSED,,CITIZEN-PORTAL-WEB,False
ALT-CSE-09-01497,CSE-09,MEDIUM,2024-12-28T18:53:32,2024-12-28T18:56:34.763602,2024-12-28T20:38:29.918735,CLOSED,CAS-CSE-09-0304,CITIZEN-PORTAL-WEB,False
ALT-CSE-09-01498,CSE-09,MEDIUM,2024-11-02T06:38:01,2024-11-02T06:49:17.119242,2024-11-02T07:39:52.954969,CLOSED,,ID-GATEWAY-AUTH-01,False
ALT-CSE-09-01499,CSE-09,LOW,2024-10-03T19:15:59,2024-10-03T19:28:11.066053,2024-10-03T20:09:36.913173,CLOSED,,CITIZEN-PORTAL-WEB,False
ALT-CSE-09-01500,CSE-09,MEDIUM,2024-11-12T11:22:39,2024-11-12T11:29:02.258665,2024-11-12T12:44:44.115894,CLOSED,,CITIZEN-PORTAL-WEB,False
ALT-CSE-09-01501,CSE-09,MEDIUM,2024-11-26T15:47:32,2024-11-26T15:59:23.497223,2024-11-26T17:31:12.905074,CLOSED,CAS-CSE-09-0305,GOV-SEC-FW-01,False
ALT-CSE-09-01502,CSE-09,MEDIUM,2024-12-22T05:28:52,2024-12-22T05:33:17.809989,2024-12-22T07:10:14.541858,CLOSED,CAS-CSE-09-0306,ID-GATEWAY-AUTH-01,False
ALT-CSE-09-01503,CSE-09,CRITICAL,2024-12-20T01:27:51,2024-12-20T01:35:07.682675,2024-12-20T03:15:09.453307,CLOSED,CAS-CSE-09-0307,ID-GATEWAY-AUTH-01,True
ALT-CSE-09-01504,CSE-09,MEDIUM,2024-10-22T02:24:40,2024-10-22T02:36:02.997460,2024-10-22T03:06:54.715304,CLOSED,,GOV-SEC-FW-01,False
ALT-CSE-09-01505,CSE-09,LOW,2024-12-13T22:10:34,2024-12-13T22:22:20.992785,2024-12-13T23:20:12.863219,CLOSED,,GOV-SEC-FW-01,False
ALT-CSE-09-01506,CSE-09,MEDIUM,2024-12-26T19:16:38,2024-12-26T19:28:36.672228,2024-12-26T20:24:31.586672,CLOSED,,ID-GATEWAY-AUTH-01,False
ALT-CSE-09-01507,CSE-09,LOW,2024-11-13T05:47:02,2024-11-13T05:51:53.734229,2024-11-13T06:46:06.103753,CLOSED,,CITIZEN-PORTAL-WEB,False
ALT-CSE-09-01508,CSE-09,LOW,2024-10-12T20:40:08,2024-10-12T20:51:51.403172,2024-10-12T22:16:29.988613,CLOSED,,UID-VAULT-DB,False
ALT-CSE-09-01509,CSE-09,LOW,2024-12-10T06:21:57,2024-12-10T06:30:47.226659,2024-12-10T07:10:02.190431,CLOSED,,UID-VAULT-DB,False
ALT-CSE-09-01510,CSE-09,MEDIUM,2024-10-23T00:15:33,2024-10-23T00:18:59.677241,2024-10-23T01:09:51.161911,CLOSED,,CITIZEN-PORTAL-WEB,False
ALT-CSE-09-01511,CSE-09,MEDIUM,2024-12-20T08:14:12,2024-12-20T08:28:57.786540,2024-12-20T09:56:33.328769,CLOSED,,GOV-SEC-FW-01,False
ALT-CSE-09-01512,CSE-09,HIGH,2024-12-11T14:45:49,2024-12-11T14:58:50.365251,2024-12-11T16:02:00.970317,CLOSED,,UID-VAULT-DB,False
ALT-CSE-09-01513,CSE-09,MEDIUM,2024-11-19T22:46:16,2024-11-19T22:56:24.197197,2024-11-19T23:42:27.565716,CLOSED,,CITIZEN-PORTAL-WEB,False
ALT-CSE-09-01514,CSE-09,MEDIUM,2024-12-16T17:11:01,2024-12-16T17:23:10.446379,2024-12-16T18:38:51.096409,CLOSED,,GOV-SEC-FW-01,False
ALT-CSE-09-01515,CSE-09,MEDIUM,2024-12-07T14:48:59,2024-12-07T15:01:25.122865,2024-12-07T16:10:37.874287,CLOSED,CAS-CSE-09-0308,CITIZEN-PORTAL-WEB,True
ALT-CSE-09-01516,CSE-09,MEDIUM,2024-12-25T11:02:38,2024-12-25T11:14:15.665331,2024-12-25T11:58:56.521764,CLOSED,CAS-CSE-09-0309,GOV-SEC-FW-01,False
ALT-CSE-09-01517,CSE-09,MEDIUM,2024-12-23T07:51:56,2024-12-23T07:58:11.150173,2024-12-23T09:35:12.761245,CLOSED,,GOV-SEC-FW-01,False
ALT-CSE-09-01518,CSE-09,LOW,2024-11-29T11:34:55,2024-11-29T11:46:49.983007,2024-11-29T13:09:20.384200,CLOSED,,UID-VAULT-DB,False
ALT-CSE-09-01519,CSE-09,MEDIUM,2024-12-24T07:47:10,2024-12-24T07:55:55.623591,2024-12-24T08:47:29.981384,CLOSED,,CITIZEN-PORTAL-WEB,False
ALT-CSE-09-01520,CSE-09,CRITICAL,2024-11-18T00:53:14,2024-11-18T01:01:07.289958,2024-11-18T02:15:57.846693,CLOSED,CAS-CSE-09-0310,CITIZEN-PORTAL-WEB,False
ALT-CSE-09-01521,CSE-09,HIGH,2024-11-24T19:24:22,2024-11-24T19:37:40.857861,2024-11-24T20:50:39.450886,CLOSED,,CITIZEN-PORTAL-WEB,False
ALT-CSE-09-01522,CSE-09,MEDIUM,2024-11-01T02:02:45,2024-11-01T02:15:16.309756,2024-11-01T03:16:10.955393,CLOSED,,GOV-SEC-FW-01,False
ALT-CSE-09-01523,CSE-09,HIGH,2024-12-13T20:59:32,2024-12-13T21:14:24.183469,2024-12-13T21:58:34.397461,CLOSED,,GOV-SEC-FW-01,False
ALT-CSE-09-01524,CSE-09,MEDIUM,2024-10-24T22:16:49,2024-10-24T22:28:42.760652,2024-10-24T23:38:13.524582,CLOSED,,ID-GATEWAY-AUTH-01,False
ALT-CSE-09-01525,CSE-09,LOW,2024-11-12T22:49:21,2024-11-12T22:56:20.814227,2024-11-13T00:03:43.676156,CLOSED,,ID-GATEWAY-AUTH-01,False
ALT-CSE-09-01526,CSE-09,CRITICAL,2024-12-21T10:40:47,2024-12-21T10:53:11.129156,2024-12-21T12:24:55.923131,CLOSED,CAS-CSE-09-0311,CITIZEN-PORTAL-WEB,False
ALT-CSE-09-01527,CSE-09,MEDIUM,2024-11-05T22:27:49,2024-11-05T22:34:29.943860,2024-11-06T00:13:50.408273,CLOSED,,CITIZEN-PORTAL-WEB,False
ALT-CSE-09-01528,CSE-09,HIGH,2024-12-22T04:48:58,2024-12-22T04:54:26.197036,2024-12-22T06:20:23.387865,CLOSED,,UID-VAULT-DB,False
ALT-CSE-09-01529,CSE-09,CRITICAL,2024-10-04T23:53:06,2024-10-05T00:03:54.299311,2024-10-05T01:10:22.428327,CLOSED,CAS-CSE-09-0312,ID-GATEWAY-AUTH-01,False
ALT-CSE-09-01530,CSE-09,MEDIUM,2024-12-26T21:07:23,2024-12-26T21:11:48.852039,2024-12-26T22:44:57.521156,CLOSED,,GOV-SEC-FW-01,False
ALT-CSE-09-01531,CSE-09,MEDIUM,2024-10-04T01:38:03,2024-10-04T01:42:03.311310,2024-10-04T03:11:30.519747,CLOSED,,GOV-SEC-FW-01,False
ALT-CSE-09-01532,CSE-09,CRITICAL,2024-10-21T01:02:14,2024-10-21T01:07:38.894047,2024-10-21T02:25:58.016244,CLOSED,CAS-CSE-09-0313,CITIZEN-PORTAL-WEB,False
ALT-CSE-09-01533,CSE-09,CRITICAL,2024-12-22T12:32:42,2024-12-22T12:36:03.006116,2024-12-22T14:13:29.225050,CLOSED,,UID-VAULT-DB,False
ALT-CSE-09-01534,CSE-09,HIGH,2024-10-15T19:57:19,2024-10-15T20:05:13.569873,2024-10-15T20:53:23.055820,CLOSED,,GOV-SEC-FW-01,False
ALT-CSE-09-01535,CSE-09,HIGH,2024-10-28T02:20:53,2024-10-28T02:23:24.179815,2024-10-28T03:03:29.233540,CLOSED,,ID-GATEWAY-AUTH-01,False
ALT-CSE-09-01536,CSE-09,HIGH,2024-12-05T22:15:40,2024-12-05T22:19:11.090858,2024-12-05T23:17:02.779734,CLOSED,,ID-GATEWAY-AUTH-01,False
ALT-CSE-09-01537,CSE-09,LOW,2024-12-23T12:55:13,2024-12-23T13:02:59.030088,2024-12-23T13:43:15.009867,CLOSED,,CITIZEN-PORTAL-WEB,False
ALT-CSE-09-01538,CSE-09,MEDIUM,2024-12-14T11:59:22,2024-12-14T12:11:56.914696,2024-12-14T13:32:31.078159,CLOSED,,ID-GATEWAY-AUTH-01,False
ALT-CSE-09-01539,CSE-09,HIGH,2024-11-21T03:31:34,2024-11-21T03:36:38.290626,2024-11-21T04:27:07.342905,CLOSED,,GOV-SEC-FW-01,False
ALT-CSE-09-01540,CSE-09,MEDIUM,2024-10-21T02:05:50,2024-10-21T02:14:57.354032,2024-10-21T02:46:11.129156,CLOSED,,GOV-SEC-FW-01,False
ALT-CSE-09-01541,CSE-09,LOW,2024-11-15T01:12:16,2024-11-15T01:15:42.551220,2024-11-15T02:40:57.344073,CLOSED,,UID-VAULT-DB,False
ALT-CSE-09-01542,CSE-09,MEDIUM,2024-11-06T13:59:09,2024-11-06T14:04:43.453862,2024-11-06T15:10:36.838933,CLOSED,,GOV-SEC-FW-01,False
ALT-CSE-09-01543,CSE-09,HIGH,2024-11-28T17:22:15,2024-11-28T17:35:39.087357,2024-11-28T18:21:08.824781,CLOSED,,UID-VAULT-DB,False
ALT-CSE-09-01544,CSE-09,MEDIUM,2024-10-09T09:30:21,2024-10-09T09:33:45.934739,2024-10-09T10:59:36.295617,CLOSED,,GOV-SEC-FW-01,False
ALT-CSE-09-01545,CSE-09,HIGH,2024-12-18T01:45:47,2024-12-18T01:53:43.847376,2024-12-18T03:29:26.508014,CLOSED,,ID-GATEWAY-AUTH-01,False
ALT-CSE-09-01546,CSE-09,LOW,2024-10-15T05:13:08,2024-10-15T05:26:11.302322,2024-10-15T06:00:05.754138,CLOSED,,ID-GATEWAY-AUTH-01,False
ALT-CSE-09-01547,CSE-09,LOW,2024-10-17T20:48:15,2024-10-17T20:51:58.108280,2024-10-17T21:30:14.828636,CLOSED,,ID-GATEWAY-AUTH-01,False
ALT-CSE-09-01548,CSE-09,MEDIUM,2024-11-28T17:56:36,2024-11-28T18:04:56.769841,2024-11-28T19:44:28.592595,CLOSED,,GOV-SEC-FW-01,False
ALT-CSE-09-01549,CSE-09,MEDIUM,2024-10-11T08:08:45,2024-10-11T08:17:44.896075,2024-10-11T09:16:29.029808,CLOSED,,GOV-SEC-FW-01,False
ALT-CSE-09-01550,CSE-09,MEDIUM,2024-10-27T00:44:45,2024-10-27T00:53:46.474011,2024-10-27T02:08:24.439027,CLOSED,,ID-GATEWAY-AUTH-01,False
ALT-CSE-09-01551,CSE-09,HIGH,2024-12-06T20:40:54,2024-12-06T20:43:35.571320,2024-12-06T21:37:10.161491,CLOSED,,GOV-SEC-FW-01,False
ALT-CSE-09-01552,CSE-09,CRITICAL,2024-10-13T22:56:26,2024-10-13T23:07:01.929348,2024-10-13T23:58:12.255832,CLOSED,CAS-CSE-09-0314,GOV-SEC-FW-01,False
ALT-CSE-09-01553,CSE-09,CRITICAL,2024-12-01T09:22:27,2024-12-01T09:32:27.128158,2024-12-01T10:51:08.344553,CLOSED,CAS-CSE-09-0315,GOV-SEC-FW-01,False
ALT-CSE-09-01554,CSE-09,MEDIUM,2024-10-05T07:03:41,2024-10-05T07:07:39.923930,2024-10-05T08:15:57.599275,CLOSED,,GOV-SEC-FW-01,False
ALT-CSE-09-01555,CSE-09,LOW,2024-12-13T19:24:31,2024-12-13T19:37:56.508346,2024-12-13T20:18:08.128544,CLOSED,,ID-GATEWAY-AUTH-01,False
ALT-CSE-09-01556,CSE-09,HIGH,2024-12-18T20:07:28,2024-12-18T20:20:47.864868,2024-12-18T21:50:04.693240,CLOSED,,UID-VAULT-DB,False
ALT-CSE-09-01557,CSE-09,HIGH,2024-11-22T23:39:44,2024-11-22T23:48:40.396322,2024-11-23T00:58:24.858819,CLOSED,,ID-GATEWAY-AUTH-01,False
ALT-CSE-09-01558,CSE-09,MEDIUM,2024-11-30T00:38:22,2024-11-30T00:49:12.933229,2024-11-30T01:30:29.949244,CLOSED,,GOV-SEC-FW-01,False
ALT-CSE-09-01559,CSE-09,MEDIUM,2024-11-01T23:26:01,2024-11-01T23:29:24.960170,2024-11-02T00:12:42.307128,CLOSED,CAS-CSE-09-0316,ID-GATEWAY-AUTH-01,False
ALT-CSE-09-01560,CSE-09,LOW,2024-10-03T09:02:50,2024-10-03T09:05:14.606356,2024-10-03T10:21:16.844580,CLOSED,,UID-VAULT-DB,False
ALT-CSE-09-01561,CSE-09,CRITICAL,2024-10-12T21:03:54,2024-10-12T21:16:13.245438,2024-10-12T22:08:56.191951,CLOSED,CAS-CSE-09-0317,UID-VAULT-DB,False
ALT-CSE-09-01562,CSE-09,LOW,2024-10-30T09:25:38,2024-10-30T09:37:01.661589,2024-10-30T10:41:26.663372,CLOSED,,ID-GATEWAY-AUTH-01,False
ALT-CSE-09-01563,CSE-09,MEDIUM,2024-11-28T21:21:26,2024-11-28T21:36:22.377947,2024-11-28T22:34:37.838362,CLOSED,,GOV-SEC-FW-01,False
ALT-CSE-09-01564,CSE-09,MEDIUM,2024-12-21T19:54:07,2024-12-21T20:05:47.398442,2024-12-21T21:39:28.402790,CLOSED,,CITIZEN-PORTAL-WEB,False
ALT-CSE-09-01565,CSE-09,HIGH,2024-10-16T20:58:16,2024-10-16T21:11:43.616194,2024-10-16T22:23:32.056876,CLOSED,,UID-VAULT-DB,False
ALT-CSE-09-01566,CSE-09,HIGH,2024-12-28T14:17:50,2024-12-28T14:31:48.503191,2024-12-28T15:29:17.205738,CLOSED,,ID-GATEWAY-AUTH-01,False
ALT-CSE-09-01567,CSE-09,HIGH,2024-10-03T08:36:17,2024-10-03T08:45:35.635755,2024-10-03T09:23:55.924848,CLOSED,CAS-CSE-09-0318,ID-GATEWAY-AUTH-01,False
ALT-CSE-09-01568,CSE-09,MEDIUM,2024-12-17T01:28:00,2024-12-17T01:36:58.905652,2024-12-17T03:02:35.000426,CLOSED,,GOV-SEC-FW-01,False
ALT-CSE-09-01569,CSE-09,LOW,2024-11-19T15:39:31,2024-11-19T15:43:20.301776,2024-11-19T16:21:13.963327,CLOSED,CAS-CSE-09-0319,CITIZEN-PORTAL-WEB,True
ALT-CSE-09-01570,CSE-09,CRITICAL,2024-11-01T01:26:02,2024-11-01T01:33:46.418302,2024-11-01T03:10:30.301763,CLOSED,CAS-CSE-09-0320,CITIZEN-PORTAL-WEB,False
ALT-CSE-09-01571,CSE-09,LOW,2024-10-08T17:16:38,2024-10-08T17:28:15.259156,2024-10-08T18:23:26.475444,CLOSED,,UID-VAULT-DB,False
ALT-CSE-09-01572,CSE-09,CRITICAL,2024-11-17T19:51:08,2024-11-17T20:05:23.354715,2024-11-17T21:28:39.410852,CLOSED,CAS-CSE-09-0321,UID-VAULT-DB,False
ALT-CSE-09-01573,CSE-09,MEDIUM,2024-10-14T02:52:44,2024-10-14T02:58:45.409699,2024-10-14T03:49:09.253752,CLOSED,,ID-GATEWAY-AUTH-01,False
ALT-CSE-09-01574,CSE-09,CRITICAL,2024-12-04T08:44:35,2024-12-04T08:53:54.472168,2024-12-04T09:52:41.253941,CLOSED,,ID-GATEWAY-AUTH-01,False
ALT-CSE-09-01575,CSE-09,LOW,2024-12-13T22:34:26,2024-12-13T22:43:08.830135,2024-12-13T23:15:51.242934,CLOSED,,GOV-SEC-FW-01,False
ALT-CSE-09-01576,CSE-09,LOW,2024-12-01T07:55:22,2024-12-01T08:05:04.635026,2024-12-01T09:15:50.300187,CLOSED,,GOV-SEC-FW-01,False
ALT-CSE-09-01577,CSE-09,MEDIUM,2024-11-16T22:03:18,2024-11-16T22:06:56.125179,2024-11-16T23:31:16.986586,CLOSED,,GOV-SEC-FW-01,False
ALT-CSE-09-01578,CSE-09,CRITICAL,2024-12-23T01:42:08,2024-12-23T01:46:34.466519,2024-12-23T02:45:00.802283,CLOSED,CAS-CSE-09-0322,ID-GATEWAY-AUTH-01,False
ALT-CSE-09-01579,CSE-09,MEDIUM,2024-10-27T09:26:00,2024-10-27T09:32:26.616334,2024-10-27T10:18:50.315129,CLOSED,,GOV-SEC-FW-01,False
ALT-CSE-09-01580,CSE-09,LOW,2024-11-29T00:44:28,2024-11-29T00:54:06.004702,2024-11-29T02:24:29.316452,CLOSED,,UID-VAULT-DB,False
ALT-CSE-09-01581,CSE-09,CRITICAL,2024-12-02T05:17:47,2024-12-02T05:31:03.916599,2024-12-02T06:37:57.190799,CLOSED,CAS-CSE-09-0323,ID-GATEWAY-AUTH-01,False
ALT-CSE-09-01582,CSE-09,HIGH,2024-11-30T21:46:36,2024-11-30T21:50:18.065247,2024-11-30T22:47:39.729730,CLOSED,,GOV-SEC-FW-01,False
ALT-CSE-09-01583,CSE-09,MEDIUM,2024-11-10T11:00:19,2024-11-10T11:12:45.112838,2024-11-10T12:21:12.232824,CLOSED,,CITIZEN-PORTAL-WEB,False
ALT-CSE-09-01584,CSE-09,HIGH,2024-12-03T13:55:09,2024-12-03T14:01:19.912008,2024-12-03T15:40:28.375131,CLOSED,,UID-VAULT-DB,False
ALT-CSE-09-01585,CSE-09,MEDIUM,2024-11-12T00:37:46,2024-11-12T00:50:16.589909,2024-11-12T02:05:00.653191,CLOSED,,UID-VAULT-DB,False
ALT-CSE-09-01586,CSE-09,MEDIUM,2024-10-21T09:30:47,2024-10-21T09:42:43.015429,2024-10-21T10:41:12.088446,CLOSED,,ID-GATEWAY-AUTH-01,False
ALT-CSE-09-01587,CSE-09,MEDIUM,2024-10-18T02:16:05,2024-10-18T02:26:59.281806,2024-10-18T03:13:27.666439,CLOSED,,CITIZEN-PORTAL-WEB,False
ALT-CSE-09-01588,CSE-09,MEDIUM,2024-11-26T04:30:19,2024-11-26T04:33:22.220393,2024-11-26T05:28:00.725075,CLOSED,,CITIZEN-PORTAL-WEB,False
ALT-CSE-09-01589,CSE-09,LOW,2024-11-29T21:14:23,2024-11-29T21:29:00.281254,2024-11-29T22:28:37.412089,CLOSED,,GOV-SEC-FW-01,False
ALT-CSE-09-01590,CSE-09,MEDIUM,2024-10-10T05:31:29,2024-10-10T05:45:34.554302,2024-10-10T06:41:16.425463,CLOSED,,GOV-SEC-FW-01,False
ALT-CSE-09-01591,CSE-09,MEDIUM,2024-11-17T07:51:45,2024-11-17T07:56:56.761237,2024-11-17T08:31:46.422631,CLOSED,,UID-VAULT-DB,False
ALT-CSE-09-01592,CSE-09,LOW,2024-10-15T11:58:55,2024-10-15T12:10:07.103043,2024-10-15T12:54:35.129547,CLOSED,,UID-VAULT-DB,False
ALT-CSE-09-01593,CSE-09,CRITICAL,2024-12-10T16:34:19,2024-12-10T16:39:10.369962,2024-12-10T17:59:49.043265,CLOSED,,GOV-SEC-FW-01,False
ALT-CSE-09-01594,CSE-09,MEDIUM,2024-12-04T23:24:46,2024-12-04T23:36:51.191210,2024-12-05T00:24:43.547813,CLOSED,,CITIZEN-PORTAL-WEB,False
ALT-CSE-09-01595,CSE-09,CRITICAL,2024-11-05T02:01:26,2024-11-05T02:14:03.619659,2024-11-05T03:11:50.472252,CLOSED,CAS-CSE-09-0324,GOV-SEC-FW-01,False
ALT-CSE-09-01596,CSE-09,LOW,2024-12-14T16:58:29,2024-12-14T17:03:33.475886,2024-12-14T18:19:06.889779,CLOSED,,UID-VAULT-DB,False
ALT-CSE-09-01597,CSE-09,HIGH,2024-12-24T22:59:24,2024-12-24T23:10:29.482278,2024-12-25T00:30:22.192093,CLOSED,,UID-VAULT-DB,False
ALT-CSE-09-01598,CSE-09,MEDIUM,2024-12-03T00:00:34,2024-12-03T00:05:00.068503,2024-12-03T01:41:05.505216,CLOSED,,GOV-SEC-FW-01,False
ALT-CSE-09-01599,CSE-09,LOW,2024-10-25T22:59:11,2024-10-25T23:10:55.070981,2024-10-26T00:09:23.293252,CLOSED,,CITIZEN-PORTAL-WEB,False
ALT-CSE-09-01600,CSE-09,MEDIUM,2024-10-13T23:43:20,2024-10-13T23:48:31.852243,2024-10-14T00:25:41.595569,CLOSED,,UID-VAULT-DB,False
ALT-CSE-09-01601,CSE-09,MEDIUM,2024-10-25T14:40:42,2024-10-25T14:54:22.725037,2024-10-25T15:30:06.233084,CLOSED,,GOV-SEC-FW-01,False
ALT-CSE-09-01602,CSE-09,HIGH,2024-10-30T00:39:19,2024-10-30T00:42:39.828917,2024-10-30T01:42:28.757851,CLOSED,,UID-VAULT-DB,False
ALT-CSE-09-01603,CSE-09,HIGH,2024-10-19T01:45:42,2024-10-19T01:48:16.009578,2024-10-19T03:09:35.379398,CLOSED,,ID-GATEWAY-AUTH-01,False
ALT-CSE-09-01604,CSE-09,CRITICAL,2024-12-28T18:04:16,2024-12-28T18:16:30.194468,2024-12-28T19:01:32.966357,CLOSED,,GOV-SEC-FW-01,False
ALT-CSE-09-01605,CSE-09,HIGH,2024-11-14T08:56:31,2024-11-14T09:09:29.946664,2024-11-14T09:39:44.231680,CLOSED,,CITIZEN-PORTAL-WEB,False
ALT-CSE-09-01606,CSE-09,HIGH,2024-11-28T13:23:51,2024-11-28T13:37:09.529581,2024-11-28T14:57:18.260593,CLOSED,CAS-CSE-09-0325,UID-VAULT-DB,False
ALT-CSE-09-01607,CSE-09,MEDIUM,2024-11-07T15:15:21,2024-11-07T15:30:14.356049,2024-11-07T16:30:13.033954,CLOSED,,GOV-SEC-FW-01,False
ALT-CSE-09-01608,CSE-09,LOW,2024-12-02T23:35:18,2024-12-02T23:40:30.721922,2024-12-03T00:15:42.328110,CLOSED,,GOV-SEC-FW-01,False
ALT-CSE-09-01609,CSE-09,MEDIUM,2024-11-29T21:11:55,2024-11-29T21:14:52.577361,2024-11-29T22:53:50.479777,CLOSED,,UID-VAULT-DB,False
ALT-CSE-09-01610,CSE-09,HIGH,2024-10-18T04:05:19,2024-10-18T04:14:22.981807,2024-10-18T05:29:40.673374,CLOSED,,ID-GATEWAY-AUTH-01,False
ALT-CSE-09-01611,CSE-09,HIGH,2024-12-15T22:39:25,2024-12-15T22:51:19.477435,2024-12-16T00:14:16.105413,CLOSED,,ID-GATEWAY-AUTH-01,False
ALT-CSE-09-01612,CSE-09,CRITICAL,2024-11-30T08:45:42,2024-11-30T08:48:15.773619,2024-11-30T10:35:10.591954,CLOSED,CAS-CSE-09-0326,GOV-SEC-FW-01,False
ALT-CSE-09-01613,CSE-09,LOW,2024-10-13T13:18:39,2024-10-13T13:24:15.469269,2024-10-13T14:19:20.585376,CLOSED,,ID-GATEWAY-AUTH-01,False
ALT-CSE-09-01614,CSE-09,MEDIUM,2024-11-17T07:33:14,2024-11-17T07:42:01.616305,2024-11-17T09:11:53.498747,CLOSED,,ID-GATEWAY-AUTH-01,False
ALT-CSE-09-01615,CSE-09,HIGH,2024-11-02T00:57:51,2024-11-02T01:04:06.673733,2024-11-02T01:40:58.162394,CLOSED,,CITIZEN-PORTAL-WEB,False
ALT-CSE-09-01616,CSE-09,MEDIUM,2024-10-29T16:24:31,2024-10-29T16:38:05.690866,2024-10-29T17:13:16.612720,CLOSED,CAS-CSE-09-0327,GOV-SEC-FW-01,False
ALT-CSE-09-01617,CSE-09,MEDIUM,2024-12-10T14:53:21,2024-12-10T15:03:00.208623,2024-12-10T15:50:32.278042,CLOSED,CAS-CSE-09-0328,GOV-SEC-FW-01,False
ALT-CSE-09-01618,CSE-09,CRITICAL,2024-10-19T15:55:13,2024-10-19T15:57:58.859500,2024-10-19T16:54:58.493714,CLOSED,CAS-CSE-09-0329,ID-GATEWAY-AUTH-01,False
ALT-CSE-09-01619,CSE-09,HIGH,2024-10-02T09:18:03,2024-10-02T09:28:30.665955,2024-10-02T10:05:12.649695,CLOSED,CAS-CSE-09-0330,ID-GATEWAY-AUTH-01,False
ALT-CSE-09-01620,CSE-09,CRITICAL,2024-12-17T23:43:29,2024-12-17T23:51:38.474299,2024-12-18T00:58:21.517045,CLOSED,CAS-CSE-09-0331,CITIZEN-PORTAL-WEB,True
ALT-CSE-09-01621,CSE-09,LOW,2024-11-11T22:41:53,2024-11-11T22:51:54.641625,2024-11-11T23:55:27.821470,CLOSED,,CITIZEN-PORTAL-WEB,False
ALT-CSE-09-01622,CSE-09,HIGH,2024-10-21T20:15:51,2024-10-21T20:22:44.088883,2024-10-21T21:09:17.682167,CLOSED,,ID-GATEWAY-AUTH-01,False
ALT-CSE-09-01623,CSE-09,HIGH,2024-11-04T02:23:15,2024-11-04T02:28:39.635938,2024-11-04T03:11:19.167556,CLOSED,,ID-GATEWAY-AUTH-01,False
ALT-CSE-09-01624,CSE-09,LOW,2024-10-31T18:26:16,2024-10-31T18:32:13.607344,2024-10-31T19:15:55.002247,CLOSED,,GOV-SEC-FW-01,False
ALT-CSE-09-01625,CSE-09,HIGH,2024-11-21T05:48:33,2024-11-21T05:51:36.278969,2024-11-21T06:59:28.581945,CLOSED,CAS-CSE-09-0332,GOV-SEC-FW-01,False
ALT-CSE-09-01626,CSE-09,MEDIUM,2024-10-05T11:46:45,2024-10-05T11:51:12.607507,2024-10-05T12:35:31.253166,CLOSED,,CITIZEN-PORTAL-WEB,False
ALT-CSE-09-01627,CSE-09,MEDIUM,2024-10-25T01:10:37,2024-10-25T01:21:32.075182,2024-10-25T02:46:46.702692,CLOSED,,UID-VAULT-DB,False
ALT-CSE-09-01628,CSE-09,HIGH,2024-10-07T14:55:25,2024-10-07T15:07:31.012524,2024-10-07T15:58:12.131323,CLOSED,,ID-GATEWAY-AUTH-01,False
ALT-CSE-09-01629,CSE-09,HIGH,2024-10-13T06:14:09,2024-10-13T06:19:37.140140,2024-10-13T07:42:23.517470,CLOSED,,GOV-SEC-FW-01,False
ALT-CSE-09-01630,CSE-09,MEDIUM,2024-10-29T11:30:16,2024-10-29T11:42:08.255856,2024-10-29T12:42:00.827690,CLOSED,,CITIZEN-PORTAL-WEB,False
ALT-CSE-09-01631,CSE-09,MEDIUM,2024-11-18T00:24:15,2024-11-18T00:28:41.109889,2024-11-18T01:59:28.453377,CLOSED,,UID-VAULT-DB,False
ALT-CSE-09-01632,CSE-09,MEDIUM,2024-12-15T05:16:31,2024-12-15T05:31:15.418804,2024-12-15T06:57:27.175744,CLOSED,,GOV-SEC-FW-01,False
ALT-CSE-09-01633,CSE-09,MEDIUM,2024-10-11T05:00:27,2024-10-11T05:10:41.226512,2024-10-11T06:49:51.922874,CLOSED,,ID-GATEWAY-AUTH-01,False
ALT-CSE-09-01634,CSE-09,LOW,2024-10-02T10:54:07,2024-10-02T11:08:38.195274,2024-10-02T12:16:22.399246,CLOSED,,UID-VAULT-DB,False
ALT-CSE-09-01635,CSE-09,HIGH,2024-10-12T19:43:36,2024-10-12T19:48:08.745229,2024-10-12T21:26:52.947795,CLOSED,,GOV-SEC-FW-01,False
ALT-CSE-09-01636,CSE-09,MEDIUM,2024-10-03T17:04:01,2024-10-03T17:10:54.682161,2024-10-03T18:05:49.562943,CLOSED,CAS-CSE-09-0333,ID-GATEWAY-AUTH-01,True
ALT-CSE-09-01637,CSE-09,LOW,2024-10-10T01:36:32,2024-10-10T01:40:34.935779,2024-10-10T02:58:03.175482,CLOSED,,UID-VAULT-DB,False
ALT-CSE-09-01638,CSE-09,HIGH,2024-12-09T12:58:25,2024-12-09T13:07:28.289075,2024-12-09T14:14:55.507299,CLOSED,,GOV-SEC-FW-01,False
ALT-CSE-09-01639,CSE-09,CRITICAL,2024-11-09T11:51:54,2024-11-09T11:57:04.712491,2024-11-09T13:06:30.473507,CLOSED,CAS-CSE-09-0334,UID-VAULT-DB,False
ALT-CSE-09-01640,CSE-09,LOW,2024-12-15T16:49:07,2024-12-15T16:58:11.655597,2024-12-15T17:44:54.531731,CLOSED,,UID-VAULT-DB,False
ALT-CSE-09-01641,CSE-09,MEDIUM,2024-11-12T14:44:39,2024-11-12T14:54:43.281831,2024-11-12T16:17:59.637100,CLOSED,CAS-CSE-09-0335,UID-VAULT-DB,False
ALT-CSE-09-01642,CSE-09,CRITICAL,2024-12-13T10:29:54,2024-12-13T10:36:56.787587,2024-12-13T11:34:59.874710,CLOSED,CAS-CSE-09-0336,ID-GATEWAY-AUTH-01,True
ALT-CSE-09-01643,CSE-09,LOW,2024-10-08T19:52:33,2024-10-08T19:55:04.783109,2024-10-08T21:12:19.888865,CLOSED,,CITIZEN-PORTAL-WEB,False
ALT-CSE-09-01644,CSE-09,HIGH,2024-10-09T06:39:55,2024-10-09T06:50:18.037093,2024-10-09T07:40:01.718634,CLOSED,,GOV-SEC-FW-01,False
ALT-CSE-09-01645,CSE-09,MEDIUM,2024-12-04T16:02:10,2024-12-04T16:11:56.757175,2024-12-04T17:15:35.794723,CLOSED,,UID-VAULT-DB,False
ALT-CSE-09-01646,CSE-09,HIGH,2024-11-12T10:37:35,2024-11-12T10:39:59.390221,2024-11-12T12:22:30.798061,CLOSED,,GOV-SEC-FW-01,False
ALT-CSE-09-01647,CSE-09,HIGH,2024-11-23T02:51:32,2024-11-23T02:58:28.475928,2024-11-23T03:56:37.005538,CLOSED,,UID-VAULT-DB,False
ALT-CSE-09-01648,CSE-09,HIGH,2024-10-30T10:13:08,2024-10-30T10:25:37.564293,2024-10-30T11:42:13.427135,CLOSED,,GOV-SEC-FW-01,False
ALT-CSE-09-01649,CSE-09,MEDIUM,2024-12-28T12:52:49,2024-12-28T12:56:22.293201,2024-12-28T13:40:56.071532,CLOSED,,CITIZEN-PORTAL-WEB,False
ALT-CSE-09-01650,CSE-09,CRITICAL,2024-12-05T12:58:52,2024-12-05T13:08:00.953567,2024-12-05T14:27:12.647370,CLOSED,,UID-VAULT-DB,False
ALT-CSE-09-01651,CSE-09,MEDIUM,2024-10-06T21:01:20,2024-10-06T21:10:17.979669,2024-10-06T22:04:53.246375,CLOSED,CAS-CSE-09-0337,GOV-SEC-FW-01,True
ALT-CSE-09-01652,CSE-09,LOW,2024-12-20T00:07:26,2024-12-20T00:10:17.950629,2024-12-20T01:34:09.090452,CLOSED,,GOV-SEC-FW-01,False
ALT-CSE-09-01653,CSE-09,MEDIUM,2024-11-03T09:49:51,2024-11-03T09:54:20.242827,2024-11-03T11:16:46.587085,CLOSED,,UID-VAULT-DB,False
ALT-CSE-09-01654,CSE-09,LOW,2024-12-11T21:38:00,2024-12-11T21:43:32.448724,2024-12-11T23:05:15.623661,CLOSED,CAS-CSE-09-0338,CITIZEN-PORTAL-WEB,False
ALT-CSE-09-01655,CSE-09,CRITICAL,2024-12-23T21:24:52,2024-12-23T21:32:34.729604,2024-12-23T22:18:23.808593,CLOSED,CAS-CSE-09-0339,GOV-SEC-FW-01,True
ALT-CSE-09-01656,CSE-09,LOW,2024-11-23T00:35:21,2024-11-23T00:40:47.617320,2024-11-23T01:39:14.152192,CLOSED,,GOV-SEC-FW-01,False
ALT-CSE-09-01657,CSE-09,CRITICAL,2024-10-13T07:18:42,2024-10-13T07:27:50.444561,2024-10-13T08:24:01.037078,CLOSED,CAS-CSE-09-0340,UID-VAULT-DB,False
ALT-CSE-09-01658,CSE-09,HIGH,2024-11-01T22:48:16,2024-11-01T23:01:34.187400,2024-11-01T23:40:52.202619,CLOSED,,GOV-SEC-FW-01,False
ALT-CSE-09-01659,CSE-09,MEDIUM,2024-12-04T04:20:36,2024-12-04T04:35:00.144686,2024-12-04T05:42:34.731660,CLOSED,,UID-VAULT-DB,False
ALT-CSE-09-01660,CSE-09,HIGH,2024-12-03T12:32:42,2024-12-03T12:41:18.848929,2024-12-03T14:02:31.495189,CLOSED,,ID-GATEWAY-AUTH-01,False
ALT-CSE-09-01661,CSE-09,HIGH,2024-10-12T08:54:41,2024-10-12T09:08:02.814441,2024-10-12T10:01:28.388474,CLOSED,,UID-VAULT-DB,False
ALT-CSE-09-01662,CSE-09,MEDIUM,2024-10-15T04:52:43,2024-10-15T04:58:53.838816,2024-10-15T05:50:09.930169,CLOSED,,CITIZEN-PORTAL-WEB,False
ALT-CSE-09-01663,CSE-09,CRITICAL,2024-11-16T22:36:29,2024-11-16T22:44:51.453129,2024-11-17T00:25:58.286895,CLOSED,CAS-CSE-09-0341,UID-VAULT-DB,True
ALT-CSE-09-01664,CSE-09,MEDIUM,2024-11-29T00:09:00,2024-11-29T00:23:58.199181,2024-11-29T01:29:53.463542,CLOSED,,GOV-SEC-FW-01,False
ALT-CSE-09-01665,CSE-09,CRITICAL,2024-10-10T12:51:41,2024-10-10T12:58:57.409686,2024-10-10T13:47:20.414920,CLOSED,,CITIZEN-PORTAL-WEB,False
ALT-CSE-09-01666,CSE-09,MEDIUM,2024-11-13T02:03:25,2024-11-13T02:15:39.415574,2024-11-13T02:58:11.504129,CLOSED,,CITIZEN-PORTAL-WEB,False
ALT-CSE-09-01667,CSE-09,LOW,2024-12-12T01:33:02,2024-12-12T01:45:05.138332,2024-12-12T02:41:19.798546,CLOSED,,UID-VAULT-DB,False
ALT-CSE-09-01668,CSE-09,HIGH,2024-10-27T15:12:00,2024-10-27T15:17:12.817341,2024-10-27T16:18:07.166799,CLOSED,,GOV-SEC-FW-01,False
ALT-CSE-09-01669,CSE-09,HIGH,2024-12-28T02:53:53,2024-12-28T03:02:02.705057,2024-12-28T04:17:47.931937,CLOSED,,CITIZEN-PORTAL-WEB,False
ALT-CSE-09-01670,CSE-09,MEDIUM,2024-11-07T10:26:17,2024-11-07T10:31:53.822928,2024-11-07T11:25:17.205923,CLOSED,,CITIZEN-PORTAL-WEB,False
ALT-CSE-09-01671,CSE-09,HIGH,2024-11-08T01:42:02,2024-11-08T01:53:54.467249,2024-11-08T03:29:35.591662,CLOSED,,GOV-SEC-FW-01,False
ALT-CSE-09-01672,CSE-09,CRITICAL,2024-10-15T22:41:43,2024-10-15T22:54:27.034128,2024-10-15T23:32:02.441852,CLOSED,CAS-CSE-09-0342,CITIZEN-PORTAL-WEB,True
ALT-CSE-09-01673,CSE-09,CRITICAL,2024-11-19T11:56:41,2024-11-19T12:03:47.861522,2024-11-19T13:10:45.637897,CLOSED,CAS-CSE-09-0343,CITIZEN-PORTAL-WEB,False
ALT-CSE-09-01674,CSE-09,MEDIUM,2024-10-30T22:03:54,2024-10-30T22:10:21.436644,2024-10-30T23:12:12.085547,CLOSED,CAS-CSE-09-0344,CITIZEN-PORTAL-WEB,False
ALT-CSE-09-01675,CSE-09,MEDIUM,2024-12-11T20:06:37,2024-12-11T20:17:16.543180,2024-12-11T21:33:20.665398,CLOSED,,UID-VAULT-DB,False
ALT-CSE-09-01676,CSE-09,HIGH,2024-12-26T04:11:39,2024-12-26T04:20:57.249503,2024-12-26T05:03:34.833880,CLOSED,CAS-CSE-09-0345,UID-VAULT-DB,False
ALT-CSE-09-01677,CSE-09,MEDIUM,2024-11-21T17:39:24,2024-11-21T17:43:32.567072,2024-11-21T18:57:27.928675,CLOSED,,UID-VAULT-DB,False
ALT-CSE-09-01678,CSE-09,CRITICAL,2024-12-19T01:20:23,2024-12-19T01:24:02.621689,2024-12-19T02:53:53.897046,CLOSED,CAS-CSE-09-0346,ID-GATEWAY-AUTH-01,False
ALT-CSE-09-01679,CSE-09,HIGH,2024-11-21T03:51:40,2024-11-21T04:02:28.972433,2024-11-21T05:20:56.724399,CLOSED,,ID-GATEWAY-AUTH-01,False
ALT-CSE-09-01680,CSE-09,HIGH,2024-12-28T22:27:16,2024-12-28T22:30:18.180775,2024-12-28T23:32:55.791651,CLOSED,,UID-VAULT-DB,False
ALT-CSE-09-01681,CSE-09,LOW,2024-10-17T08:34:05,2024-10-17T08:44:53.723387,2024-10-17T10:09:56.158413,CLOSED,,UID-VAULT-DB,False
ALT-CSE-09-01682,CSE-09,LOW,2024-10-03T23:17:59,2024-10-03T23:24:23.089553,2024-10-04T00:42:00.920823,CLOSED,,UID-VAULT-DB,False
ALT-CSE-09-01683,CSE-09,HIGH,2024-11-20T03:19:46,2024-11-20T03:32:35.066046,2024-11-20T04:20:28.642235,CLOSED,,GOV-SEC-FW-01,False
ALT-CSE-09-01684,CSE-09,LOW,2024-10-30T14:30:20,2024-10-30T14:33:53.111994,2024-10-30T15:20:07.192372,CLOSED,,UID-VAULT-DB,False
ALT-CSE-09-01685,CSE-09,HIGH,2024-10-10T20:30:58,2024-10-10T20:42:21.350881,2024-10-10T22:06:46.443868,CLOSED,,ID-GATEWAY-AUTH-01,False
ALT-CSE-09-01686,CSE-09,MEDIUM,2024-10-31T00:06:17,2024-10-31T00:16:27.963260,2024-10-31T01:30:33.727869,CLOSED,,ID-GATEWAY-AUTH-01,False
ALT-CSE-09-01687,CSE-09,LOW,2024-10-05T01:55:55,2024-10-05T02:08:52.567883,2024-10-05T02:39:37.431317,CLOSED,,ID-GATEWAY-AUTH-01,False
ALT-CSE-09-01688,CSE-09,MEDIUM,2024-11-07T18:10:30,2024-11-07T18:17:39.731056,2024-11-07T19:30:10.652222,CLOSED,,UID-VAULT-DB,False
ALT-CSE-09-01689,CSE-09,MEDIUM,2024-10-04T11:15:30,2024-10-04T11:29:32.422718,2024-10-04T12:44:56.654653,CLOSED,,CITIZEN-PORTAL-WEB,False
ALT-CSE-09-01690,CSE-09,HIGH,2024-10-18T21:42:44,2024-10-18T21:56:05.754711,2024-10-18T23:14:03.486488,CLOSED,,GOV-SEC-FW-01,False
ALT-CSE-09-01691,CSE-09,LOW,2024-11-19T13:52:05,2024-11-19T14:05:26.492090,2024-11-19T14:47:00.893386,CLOSED,,ID-GATEWAY-AUTH-01,False
ALT-CSE-09-01692,CSE-09,MEDIUM,2024-11-20T07:31:56,2024-11-20T07:36:03.904860,2024-11-20T08:32:27.720249,CLOSED,,ID-GATEWAY-AUTH-01,False
ALT-CSE-09-01693,CSE-09,MEDIUM,2024-10-20T03:22:20,2024-10-20T03:31:38.574584,2024-10-20T04:37:30.162430,CLOSED,,CITIZEN-PORTAL-WEB,False
ALT-CSE-09-01694,CSE-09,LOW,2024-11-25T00:56:16,2024-11-25T00:58:16.774412,2024-11-25T02:01:00.534548,CLOSED,,GOV-SEC-FW-01,False
ALT-CSE-09-01695,CSE-09,LOW,2024-12-07T01:18:56,2024-12-07T01:26:14.948889,2024-12-07T02:25:11.936555,CLOSED,,UID-VAULT-DB,False
ALT-CSE-09-01696,CSE-09,MEDIUM,2024-10-25T14:08:17,2024-10-25T14:11:41.140409,2024-10-25T15:46:04.215149,CLOSED,,ID-GATEWAY-AUTH-01,False
ALT-CSE-09-01697,CSE-09,LOW,2024-11-10T04:41:04,2024-11-10T04:55:17.310309,2024-11-10T05:21:54.487403,CLOSED,,GOV-SEC-FW-01,False
ALT-CSE-09-01698,CSE-09,LOW,2024-12-16T05:58:01,2024-12-16T06:10:51.637115,2024-12-16T07:24:54.723981,CLOSED,,UID-VAULT-DB,False
ALT-CSE-09-01699,CSE-09,HIGH,2024-12-23T20:43:47,2024-12-23T20:47:44.755822,2024-12-23T21:45:41.342439,CLOSED,,ID-GATEWAY-AUTH-01,False
ALT-CSE-09-01700,CSE-09,HIGH,2024-10-25T18:30:42,2024-10-25T18:35:35.652323,2024-10-25T20:02:10.743841,CLOSED,,GOV-SEC-FW-01,False
ALT-CSE-09-01701,CSE-09,HIGH,2024-10-19T05:48:04,2024-10-19T05:54:08.138215,2024-10-19T07:21:13.524009,CLOSED,,GOV-SEC-FW-01,False
ALT-CSE-09-01702,CSE-09,HIGH,2024-10-12T03:17:09,2024-10-12T03:24:05.013498,2024-10-12T04:19:59.176755,CLOSED,,UID-VAULT-DB,False
ALT-CSE-09-01703,CSE-09,MEDIUM,2024-10-26T14:16:18,2024-10-26T14:23:07.363790,2024-10-26T15:49:56.250915,CLOSED,,GOV-SEC-FW-01,False
ALT-CSE-09-01704,CSE-09,HIGH,2024-10-08T02:28:21,2024-10-08T02:40:08.793750,2024-10-08T03:52:38.093868,CLOSED,,CITIZEN-PORTAL-WEB,False
ALT-CSE-09-01705,CSE-09,HIGH,2024-10-30T21:11:06,2024-10-30T21:18:17.999872,2024-10-30T21:55:25.126251,CLOSED,,CITIZEN-PORTAL-WEB,False
ALT-CSE-09-01706,CSE-09,CRITICAL,2024-10-27T20:08:51,2024-10-27T20:12:20.034075,2024-10-27T21:08:29.948040,CLOSED,CAS-CSE-09-0347,ID-GATEWAY-AUTH-01,False
ALT-CSE-09-01707,CSE-09,LOW,2024-10-11T09:58:20,2024-10-11T10:08:22.021908,2024-10-11T11:18:16.839371,CLOSED,,UID-VAULT-DB,False
ALT-CSE-09-01708,CSE-09,LOW,2024-11-10T12:49:45,2024-11-10T13:02:05.249634,2024-11-10T14:23:39.853588,CLOSED,,UID-VAULT-DB,False
ALT-CSE-09-01709,CSE-09,CRITICAL,2024-11-24T08:25:54,2024-11-24T08:40:25.815889,2024-11-24T09:23:04.174715,CLOSED,CAS-CSE-09-0348,GOV-SEC-FW-01,True
ALT-CSE-09-01710,CSE-09,HIGH,2024-12-29T19:20:54,2024-12-29T19:34:13.559261,2024-12-29T20:10:23.835888,CLOSED,,CITIZEN-PORTAL-WEB,False
ALT-CSE-09-01711,CSE-09,MEDIUM,2024-11-18T05:59:18,2024-11-18T06:10:36.279973,2024-11-18T07:27:53.046516,CLOSED,,CITIZEN-PORTAL-WEB,False
ALT-CSE-09-01712,CSE-09,LOW,2024-10-23T04:20:39,2024-10-23T04:30:28.163389,2024-10-23T06:03:22.575097,CLOSED,,CITIZEN-PORTAL-WEB,False
ALT-CSE-09-01713,CSE-09,MEDIUM,2024-10-08T16:38:08,2024-10-08T16:47:45.567061,2024-10-08T18:01:46.159856,CLOSED,,CITIZEN-PORTAL-WEB,False
ALT-CSE-09-01714,CSE-09,MEDIUM,2024-12-17T02:32:06,2024-12-17T02:35:20.616040,2024-12-17T04:11:09.283666,CLOSED,CAS-CSE-09-0349,CITIZEN-PORTAL-WEB,False
ALT-CSE-09-01715,CSE-09,HIGH,2024-10-24T17:53:45,2024-10-24T18:06:34.905929,2024-10-24T18:36:10.249603,CLOSED,,CITIZEN-PORTAL-WEB,False
ALT-CSE-09-01716,CSE-09,HIGH,2024-12-23T12:28:31,2024-12-23T12:38:35.587799,2024-12-23T14:08:05.751237,CLOSED,,UID-VAULT-DB,False
ALT-CSE-09-01717,CSE-09,LOW,2024-11-10T15:49:57,2024-11-10T15:52:38.037241,2024-11-10T17:33:28.054236,CLOSED,CAS-CSE-09-0350,CITIZEN-PORTAL-WEB,False
ALT-CSE-09-01718,CSE-09,CRITICAL,2024-12-10T22:27:22,2024-12-10T22:31:14.703655,2024-12-10T23:54:59.850829,CLOSED,CAS-CSE-09-0351,CITIZEN-PORTAL-WEB,False
ALT-CSE-09-01719,CSE-09,LOW,2024-12-22T18:08:51,2024-12-22T18:19:50.775532,2024-12-22T19:02:18.156292,CLOSED,,ID-GATEWAY-AUTH-01,False
ALT-CSE-09-01720,CSE-09,LOW,2024-10-27T06:50:06,2024-10-27T06:56:13.469527,2024-10-27T08:14:03.714973,CLOSED,,ID-GATEWAY-AUTH-01,False
ALT-CSE-09-01721,CSE-09,MEDIUM,2024-11-17T13:04:56,2024-11-17T13:14:46.518547,2024-11-17T13:48:15.041053,CLOSED,CAS-CSE-09-0352,UID-VAULT-DB,False
ALT-CSE-09-01722,CSE-09,CRITICAL,2024-10-29T04:11:48,2024-10-29T04:14:20.758579,2024-10-29T05:25:19.904376,CLOSED,CAS-CSE-09-0353,CITIZEN-PORTAL-WEB,False
ALT-CSE-09-01723,CSE-09,CRITICAL,2024-10-06T21:12:19,2024-10-06T21:17:02.840593,2024-10-06T22:35:19.781789,CLOSED,CAS-CSE-09-0354,CITIZEN-PORTAL-WEB,False
ALT-CSE-09-01724,CSE-09,CRITICAL,2024-11-21T09:22:47,2024-11-21T09:26:08.179805,2024-11-21T10:58:45.168367,CLOSED,CAS-CSE-09-0355,ID-GATEWAY-AUTH-01,False
ALT-CSE-09-01725,CSE-09,MEDIUM,2024-10-05T20:52:56,2024-10-05T21:05:48.909813,2024-10-05T21:35:32.903656,CLOSED,,UID-VAULT-DB,False
ALT-CSE-09-01726,CSE-09,MEDIUM,2024-10-04T07:40:46,2024-10-04T07:53:45.504654,2024-10-04T08:51:56.573698,CLOSED,,CITIZEN-PORTAL-WEB,False
ALT-CSE-09-01727,CSE-09,CRITICAL,2024-10-21T03:55:46,2024-10-21T04:04:07.245485,2024-10-21T05:13:19.788992,CLOSED,CAS-CSE-09-0356,UID-VAULT-DB,False
ALT-CSE-09-01728,CSE-09,HIGH,2024-12-14T13:04:13,2024-12-14T13:15:05.362380,2024-12-14T13:55:27.085744,CLOSED,CAS-CSE-09-0357,GOV-SEC-FW-01,True
ALT-CSE-09-01729,CSE-09,LOW,2024-12-14T23:12:00,2024-12-14T23:18:54.973251,2024-12-15T01:01:37.036414,CLOSED,,ID-GATEWAY-AUTH-01,False
ALT-CSE-09-01730,CSE-09,CRITICAL,2024-10-03T07:02:07,2024-10-03T07:09:21.873243,2024-10-03T08:49:46.615764,CLOSED,CAS-CSE-09-0358,UID-VAULT-DB,False
ALT-CSE-09-01731,CSE-09,CRITICAL,2024-11-14T17:45:45,2024-11-14T18:00:27.859535,2024-11-14T18:35:23.627466,CLOSED,CAS-CSE-09-0359,CITIZEN-PORTAL-WEB,False
ALT-CSE-09-01732,CSE-09,LOW,2024-11-16T13:21:12,2024-11-16T13:31:24.591032,2024-11-16T14:02:18.236873,CLOSED,,UID-VAULT-DB,False
ALT-CSE-09-01733,CSE-09,LOW,2024-11-29T02:15:01,2024-11-29T02:28:17.071899,2024-11-29T03:24:39.889119,CLOSED,,GOV-SEC-FW-01,False
ALT-CSE-09-01734,CSE-09,MEDIUM,2024-10-28T06:09:06,2024-10-28T06:21:43.039131,2024-10-28T07:57:05.961499,CLOSED,,ID-GATEWAY-AUTH-01,False
ALT-CSE-09-01735,CSE-09,MEDIUM,2024-12-08T08:55:21,2024-12-08T09:07:39.227947,2024-12-08T09:52:29.789187,CLOSED,,ID-GATEWAY-AUTH-01,False
ALT-CSE-09-01736,CSE-09,MEDIUM,2024-11-12T10:32:46,2024-11-12T10:43:02.598292,2024-11-12T12:06:39.219771,CLOSED,,UID-VAULT-DB,False
ALT-CSE-09-01737,CSE-09,CRITICAL,2024-10-30T18:45:57,2024-10-30T18:55:24.667494,2024-10-30T19:32:31.816841,CLOSED,CAS-CSE-09-0360,CITIZEN-PORTAL-WEB,False
ALT-CSE-09-01738,CSE-09,HIGH,2024-10-07T09:43:01,2024-10-07T09:57:02.804783,2024-10-07T10:46:21.011086,CLOSED,,UID-VAULT-DB,False
ALT-CSE-09-01739,CSE-09,LOW,2024-10-06T23:52:55,2024-10-07T00:05:32.159664,2024-10-07T00:43:01.848145,CLOSED,,UID-VAULT-DB,False
ALT-CSE-09-01740,CSE-09,HIGH,2024-10-19T05:34:24,2024-10-19T05:48:32.206150,2024-10-19T06:38:27.490390,CLOSED,,UID-VAULT-DB,False
ALT-CSE-09-01741,CSE-09,CRITICAL,2024-12-18T16:42:21,2024-12-18T16:55:54.081739,2024-12-18T18:14:32.532791,CLOSED,CAS-CSE-09-0361,CITIZEN-PORTAL-WEB,True
ALT-CSE-09-01742,CSE-09,CRITICAL,2024-11-15T08:02:22,2024-11-15T08:06:01.334263,2024-11-15T09:37:10.224891,CLOSED,CAS-CSE-09-0362,GOV-SEC-FW-01,False
ALT-CSE-09-01743,CSE-09,MEDIUM,2024-12-07T10:13:16,2024-12-07T10:27:47.263920,2024-12-07T11:24:46.853439,CLOSED,,GOV-SEC-FW-01,False
ALT-CSE-09-01744,CSE-09,MEDIUM,2024-10-29T01:45:41,2024-10-29T01:58:46.126850,2024-10-29T02:48:57.976773,CLOSED,,GOV-SEC-FW-01,False
ALT-CSE-09-01745,CSE-09,LOW,2024-12-08T09:15:42,2024-12-08T09:18:24.012193,2024-12-08T10:46:16.122787,CLOSED,,CITIZEN-PORTAL-WEB,False
ALT-CSE-09-01746,CSE-09,HIGH,2024-12-10T06:15:44,2024-12-10T06:23:41.851141,2024-12-10T07:54:58.871721,CLOSED,,ID-GATEWAY-AUTH-01,False
ALT-CSE-09-01747,CSE-09,LOW,2024-10-28T06:59:12,2024-10-28T07:07:19.960484,2024-10-28T08:36:56.255595,CLOSED,CAS-CSE-09-0363,CITIZEN-PORTAL-WEB,False
ALT-CSE-09-01748,CSE-09,MEDIUM,2024-11-15T07:18:15,2024-11-15T07:28:13.298514,2024-11-15T08:55:00.477724,CLOSED,,GOV-SEC-FW-01,False
ALT-CSE-09-01749,CSE-09,HIGH,2024-10-02T03:08:10,2024-10-02T03:22:08.201673,2024-10-02T04:10:24.809044,CLOSED,,ID-GATEWAY-AUTH-01,False
ALT-CSE-09-01750,CSE-09,HIGH,2024-11-01T15:22:58,2024-11-01T15:28:54.881056,2024-11-01T16:35:50.702686,CLOSED,,ID-GATEWAY-AUTH-01,False
ALT-CSE-09-01751,CSE-09,MEDIUM,2024-12-14T04:45:49,2024-12-14T04:48:37.529078,2024-12-14T05:53:46.692967,CLOSED,,ID-GATEWAY-AUTH-01,False
ALT-CSE-09-01752,CSE-09,LOW,2024-12-01T12:43:25,2024-12-01T12:53:59.266033,2024-12-01T13:28:36.825009,CLOSED,,GOV-SEC-FW-01,False
ALT-CSE-09-01753,CSE-09,HIGH,2024-12-19T02:45:07,2024-12-19T02:51:22.514189,2024-12-19T03:28:55.735393,CLOSED,,UID-VAULT-DB,False
ALT-CSE-09-01754,CSE-09,LOW,2024-12-18T09:11:42,2024-12-18T09:18:11.044780,2024-12-18T10:18:12.222533,CLOSED,,GOV-SEC-FW-01,False
ALT-CSE-09-01755,CSE-09,MEDIUM,2024-10-23T10:20:29,2024-10-23T10:27:16.599708,2024-10-23T11:29:38.970533,CLOSED,,CITIZEN-PORTAL-WEB,False
ALT-CSE-09-01756,CSE-09,CRITICAL,2024-10-18T06:29:53,2024-10-18T06:33:36.467566,2024-10-18T07:26:11.667898,CLOSED,CAS-CSE-09-0364,UID-VAULT-DB,False
ALT-CSE-09-01757,CSE-09,LOW,2024-11-25T19:03:05,2024-11-25T19:14:03.573968,2024-11-25T19:52:16.785161,CLOSED,,ID-GATEWAY-AUTH-01,False
ALT-CSE-09-01758,CSE-09,CRITICAL,2024-10-15T18:23:36,2024-10-15T18:38:18.931061,2024-10-15T20:06:52.582625,CLOSED,CAS-CSE-09-0365,UID-VAULT-DB,False
ALT-CSE-09-01759,CSE-09,CRITICAL,2024-11-21T04:48:53,2024-11-21T05:00:58.782567,2024-11-21T05:38:51.491649,CLOSED,CAS-CSE-09-0366,CITIZEN-PORTAL-WEB,False
ALT-CSE-09-01760,CSE-09,MEDIUM,2024-12-16T08:11:10,2024-12-16T08:20:17.327530,2024-12-16T08:57:22.987815,CLOSED,,ID-GATEWAY-AUTH-01,False
ALT-CSE-09-01761,CSE-09,MEDIUM,2024-11-09T20:40:42,2024-11-09T20:55:10.889824,2024-11-09T22:20:15.437622,CLOSED,,GOV-SEC-FW-01,False
ALT-CSE-09-01762,CSE-09,MEDIUM,2024-10-10T20:34:01,2024-10-10T20:39:45.174357,2024-10-10T22:23:25.441358,CLOSED,,CITIZEN-PORTAL-WEB,False
ALT-CSE-09-01763,CSE-09,HIGH,2024-12-07T20:39:58,2024-12-07T20:46:54.847605,2024-12-07T22:29:23.732913,CLOSED,,GOV-SEC-FW-01,False
ALT-CSE-09-01764,CSE-09,LOW,2024-11-18T17:57:40,2024-11-18T18:03:10.342365,2024-11-18T18:59:16.856355,CLOSED,,UID-VAULT-DB,False
ALT-CSE-09-01765,CSE-09,MEDIUM,2024-12-26T20:10:27,2024-12-26T20:20:18.413709,2024-12-26T21:10:26.767294,CLOSED,,GOV-SEC-FW-01,False
ALT-CSE-09-01766,CSE-09,MEDIUM,2024-11-02T15:42:38,2024-11-02T15:44:49.648561,2024-11-02T16:50:11.530883,CLOSED,,ID-GATEWAY-AUTH-01,False
ALT-CSE-09-01767,CSE-09,HIGH,2024-10-05T07:14:44,2024-10-05T07:20:35.654038,2024-10-05T08:32:36.521714,CLOSED,,ID-GATEWAY-AUTH-01,False
ALT-CSE-09-01768,CSE-09,HIGH,2024-12-11T14:03:00,2024-12-11T14:05:53.704138,2024-12-11T15:45:15.099514,CLOSED,,CITIZEN-PORTAL-WEB,False
ALT-CSE-09-01769,CSE-09,LOW,2024-11-24T13:34:35,2024-11-24T13:44:16.344174,2024-11-24T15:13:53.689098,CLOSED,,CITIZEN-PORTAL-WEB,False
ALT-CSE-09-01770,CSE-09,LOW,2024-12-24T12:49:35,2024-12-24T12:52:54.958372,2024-12-24T14:12:56.702450,CLOSED,,UID-VAULT-DB,False
ALT-CSE-09-01771,CSE-09,LOW,2024-12-11T09:38:56,2024-12-11T09:50:15.814587,2024-12-11T11:27:30.754157,CLOSED,,ID-GATEWAY-AUTH-01,False
ALT-CSE-09-01772,CSE-09,HIGH,2024-10-11T15:29:59,2024-10-11T15:40:58.743295,2024-10-11T16:42:57.714334,CLOSED,,CITIZEN-PORTAL-WEB,False
ALT-CSE-09-01773,CSE-09,MEDIUM,2024-12-27T05:17:55,2024-12-27T05:20:13.854881,2024-12-27T06:06:32.085318,CLOSED,CAS-CSE-09-0367,UID-VAULT-DB,False
ALT-CSE-09-01774,CSE-09,MEDIUM,2024-12-04T10:02:15,2024-12-04T10:10:32.723858,2024-12-04T11:14:10.924920,CLOSED,CAS-CSE-09-0368,CITIZEN-PORTAL-WEB,False
ALT-CSE-09-01775,CSE-09,HIGH,2024-11-05T08:58:04,2024-11-05T09:08:43.211909,2024-11-05T10:22:27.737975,CLOSED,,ID-GATEWAY-AUTH-01,False
ALT-CSE-09-01776,CSE-09,MEDIUM,2024-12-09T09:08:36,2024-12-09T09:18:35.684667,2024-12-09T10:33:37.944773,CLOSED,,GOV-SEC-FW-01,False
ALT-CSE-09-01777,CSE-09,MEDIUM,2024-12-01T03:27:33,2024-12-01T03:38:45.594094,2024-12-01T05:15:14.948548,CLOSED,,ID-GATEWAY-AUTH-01,False
ALT-CSE-09-01778,CSE-09,HIGH,2024-11-27T21:46:00,2024-11-27T21:57:24.558848,2024-11-27T22:58:48.788471,CLOSED,CAS-CSE-09-0369,GOV-SEC-FW-01,False
ALT-CSE-09-01779,CSE-09,CRITICAL,2024-10-09T20:53:00,2024-10-09T20:55:25.215474,2024-10-09T21:40:36.940767,CLOSED,CAS-CSE-09-0370,GOV-SEC-FW-01,False
ALT-CSE-09-01780,CSE-09,MEDIUM,2024-10-18T17:15:22,2024-10-18T17:26:55.134396,2024-10-18T18:37:55.922242,CLOSED,,GOV-SEC-FW-01,False
ALT-CSE-09-01781,CSE-09,LOW,2024-11-07T10:50:57,2024-11-07T11:05:48.258814,2024-11-07T12:11:01.198102,CLOSED,,GOV-SEC-FW-01,False
ALT-CSE-09-01782,CSE-09,HIGH,2024-12-22T20:25:20,2024-12-22T20:33:24.193861,2024-12-22T21:49:25.169384,CLOSED,,UID-VAULT-DB,False
ALT-CSE-09-01783,CSE-09,MEDIUM,2024-12-27T19:59:57,2024-12-27T20:03:13.514971,2024-12-27T21:19:16.123743,CLOSED,,GOV-SEC-FW-01,False
ALT-CSE-09-01784,CSE-09,LOW,2024-10-13T09:43:48,2024-10-13T09:56:03.958687,2024-10-13T10:57:13.417064,CLOSED,,ID-GATEWAY-AUTH-01,False
ALT-CSE-09-01785,CSE-09,LOW,2024-12-23T20:54:57,2024-12-23T21:03:35.502331,2024-12-23T22:34:27.181170,CLOSED,,UID-VAULT-DB,False
ALT-CSE-09-01786,CSE-09,MEDIUM,2024-12-04T09:30:17,2024-12-04T09:34:59.226656,2024-12-04T10:44:28.813033,CLOSED,,ID-GATEWAY-AUTH-01,False
ALT-CSE-09-01787,CSE-09,LOW,2024-10-16T22:15:47,2024-10-16T22:23:23.133030,2024-10-16T23:33:15.096776,CLOSED,,GOV-SEC-FW-01,False
ALT-CSE-09-01788,CSE-09,HIGH,2024-11-26T22:28:53,2024-11-26T22:36:03.067113,2024-11-26T23:16:36.483890,CLOSED,,UID-VAULT-DB,False
ALT-CSE-09-01789,CSE-09,HIGH,2024-10-10T12:06:44,2024-10-10T12:14:51.777139,2024-10-10T12:52:09.192970,CLOSED,,UID-VAULT-DB,False
ALT-CSE-09-01790,CSE-09,MEDIUM,2024-11-12T04:21:09,2024-11-12T04:23:35.249157,2024-11-12T06:03:04.150921,CLOSED,,CITIZEN-PORTAL-WEB,False
ALT-CSE-09-01791,CSE-09,MEDIUM,2024-10-27T02:05:12,2024-10-27T02:15:57.665682,2024-10-27T03:02:18.352587,CLOSED,,UID-VAULT-DB,False
ALT-CSE-09-01792,CSE-09,LOW,2024-11-07T05:46:15,2024-11-07T06:00:32.108883,2024-11-07T07:28:38.959242,CLOSED,,GOV-SEC-FW-01,False
ALT-CSE-09-01793,CSE-09,LOW,2024-12-20T20:21:12,2024-12-20T20:30:37.458953,2024-12-20T21:41:41.448291,CLOSED,,GOV-SEC-FW-01,False
ALT-CSE-09-01794,CSE-09,MEDIUM,2024-12-02T02:42:34,2024-12-02T02:54:12.220569,2024-12-02T04:17:04.482799,CLOSED,,GOV-SEC-FW-01,False
ALT-CSE-09-01795,CSE-09,MEDIUM,2024-10-25T00:08:38,2024-10-25T00:13:27.479069,2024-10-25T00:53:04.177155,CLOSED,CAS-CSE-09-0371,UID-VAULT-DB,True
ALT-CSE-09-01796,CSE-09,MEDIUM,2024-10-12T13:33:49,2024-10-12T13:39:30.405001,2024-10-12T14:40:55.604952,CLOSED,,GOV-SEC-FW-01,False
ALT-CSE-09-01797,CSE-09,CRITICAL,2024-10-17T16:35:02,2024-10-17T16:38:18.540557,2024-10-17T17:41:36.887901,CLOSED,CAS-CSE-09-0372,ID-GATEWAY-AUTH-01,False
ALT-CSE-09-01798,CSE-09,LOW,2024-11-18T17:27:54,2024-11-18T17:38:37.314529,2024-11-18T18:25:21.204448,CLOSED,,GOV-SEC-FW-01,False
ALT-CSE-09-01799,CSE-09,MEDIUM,2024-12-17T17:13:16,2024-12-17T17:21:20.201034,2024-12-17T18:08:44.335373,CLOSED,,GOV-SEC-FW-01,False
ALT-CSE-09-01800,CSE-09,CRITICAL,2024-10-08T16:01:23,2024-10-08T16:13:54.466901,2024-10-08T16:53:26.329666,CLOSED,CAS-CSE-09-0373,ID-GATEWAY-AUTH-01,False
ALT-CSE-09-01801,CSE-09,MEDIUM,2024-10-23T19:18:13,2024-10-23T19:26:20.241062,2024-10-23T20:30:14.323590,CLOSED,,ID-GATEWAY-AUTH-01,False
ALT-CSE-09-01802,CSE-09,LOW,2024-10-21T15:15:47,2024-10-21T15:19:13.112107,2024-10-21T16:08:16.899255,CLOSED,,GOV-SEC-FW-01,False
ALT-CSE-09-01803,CSE-09,HIGH,2024-10-11T04:52:57,2024-10-11T04:57:42.182816,2024-10-11T06:23:59.529985,CLOSED,,UID-VAULT-DB,False
ALT-CSE-09-01804,CSE-09,MEDIUM,2024-10-26T04:53:57,2024-10-26T05:03:29.644696,2024-10-26T05:50:00.323435,CLOSED,,CITIZEN-PORTAL-WEB,False
ALT-CSE-09-01805,CSE-09,LOW,2024-10-17T03:07:50,2024-10-17T03:15:39.844006,2024-10-17T03:59:38.196788,CLOSED,,UID-VAULT-DB,False
ALT-CSE-09-01806,CSE-09,MEDIUM,2024-11-11T04:51:39,2024-11-11T04:55:12.950049,2024-11-11T05:51:44.017387,CLOSED,CAS-CSE-09-0374,GOV-SEC-FW-01,False
ALT-CSE-09-01807,CSE-09,MEDIUM,2024-10-12T01:03:35,2024-10-12T01:09:42.802899,2024-10-12T02:20:27.267185,CLOSED,,UID-VAULT-DB,False
ALT-CSE-09-01808,CSE-09,HIGH,2024-11-27T07:38:56,2024-11-27T07:52:03.566929,2024-11-27T08:20:15.970316,CLOSED,,UID-VAULT-DB,False
ALT-CSE-09-01809,CSE-09,CRITICAL,2024-12-02T08:51:13,2024-12-02T08:58:56.574460,2024-12-02T10:02:47.923609,CLOSED,CAS-CSE-09-0375,CITIZEN-PORTAL-WEB,False
ALT-CSE-09-01810,CSE-09,MEDIUM,2024-12-02T09:36:54,2024-12-02T09:50:08.323946,2024-12-02T10:58:58.309748,CLOSED,,UID-VAULT-DB,False
ALT-CSE-09-01811,CSE-09,LOW,2024-12-08T16:17:00,2024-12-08T16:26:54.120686,2024-12-08T17:36:53.888046,CLOSED,,CITIZEN-PORTAL-WEB,False
ALT-CSE-09-01812,CSE-09,LOW,2024-11-20T17:38:43,2024-11-20T17:41:08.898409,2024-11-20T18:26:06.626511,CLOSED,,GOV-SEC-FW-01,False
ALT-CSE-09-01813,CSE-09,MEDIUM,2024-12-02T14:59:38,2024-12-02T15:12:08.364130,2024-12-02T16:06:11.810632,CLOSED,,GOV-SEC-FW-01,False
ALT-CSE-09-01814,CSE-09,LOW,2024-12-12T22:28:01,2024-12-12T22:33:39.071077,2024-12-13T00:15:17.965843,CLOSED,,UID-VAULT-DB,False
ALT-CSE-09-01815,CSE-09,LOW,2024-11-25T01:11:47,2024-11-25T01:23:13.975720,2024-11-25T02:15:39.554691,CLOSED,,ID-GATEWAY-AUTH-01,False
ALT-CSE-09-01816,CSE-09,LOW,2024-11-03T05:34:12,2024-11-03T05:38:17.054286,2024-11-03T07:12:42.131568,CLOSED,,GOV-SEC-FW-01,False
ALT-CSE-09-01817,CSE-09,CRITICAL,2024-12-15T07:11:14,2024-12-15T07:24:03.736169,2024-12-15T08:53:08.081342,CLOSED,CAS-CSE-09-0376,ID-GATEWAY-AUTH-01,True
ALT-CSE-09-01818,CSE-09,MEDIUM,2024-12-15T09:28:18,2024-12-15T09:42:07.100260,2024-12-15T10:22:52.915916,CLOSED,,GOV-SEC-FW-01,False
ALT-CSE-09-01819,CSE-09,CRITICAL,2024-11-04T04:09:18,2024-11-04T04:18:30.919159,2024-11-04T05:20:43.071720,CLOSED,CAS-CSE-09-0377,CITIZEN-PORTAL-WEB,False
ALT-CSE-09-01820,CSE-09,HIGH,2024-12-21T17:32:27,2024-12-21T17:44:03.676880,2024-12-21T18:42:30.643050,CLOSED,,CITIZEN-PORTAL-WEB,False
ALT-CSE-09-01821,CSE-09,LOW,2024-12-29T14:31:22,2024-12-29T14:39:54.071743,2024-12-29T15:39:08.343797,CLOSED,CAS-CSE-09-0378,CITIZEN-PORTAL-WEB,False
ALT-CSE-09-01822,CSE-09,MEDIUM,2024-10-31T19:13:16,2024-10-31T19:15:50.069050,2024-10-31T20:19:18.033161,CLOSED,,ID-GATEWAY-AUTH-01,False
ALT-CSE-09-01823,CSE-09,MEDIUM,2024-12-22T00:33:29,2024-12-22T00:43:20.305190,2024-12-22T01:21:59.982510,CLOSED,,ID-GATEWAY-AUTH-01,False
ALT-CSE-09-01824,CSE-09,HIGH,2024-12-14T00:12:37,2024-12-14T00:25:02.277881,2024-12-14T01:58:08.455174,CLOSED,,CITIZEN-PORTAL-WEB,False
ALT-CSE-09-01825,CSE-09,MEDIUM,2024-10-09T00:23:24,2024-10-09T00:25:48.971300,2024-10-09T01:56:15.891465,CLOSED,,UID-VAULT-DB,False
ALT-CSE-09-01826,CSE-09,LOW,2024-10-15T03:36:15,2024-10-15T03:41:23.953054,2024-10-15T04:22:46.354536,CLOSED,CAS-CSE-09-0379,CITIZEN-PORTAL-WEB,False
ALT-CSE-09-01827,CSE-09,MEDIUM,2024-12-26T20:05:10,2024-12-26T20:11:54.013428,2024-12-26T21:15:40.420441,CLOSED,,ID-GATEWAY-AUTH-01,False
ALT-CSE-09-01828,CSE-09,MEDIUM,2024-11-12T20:03:13,2024-11-12T20:17:58.424799,2024-11-12T21:43:58.524335,CLOSED,,GOV-SEC-FW-01,False
ALT-CSE-09-01829,CSE-09,LOW,2024-11-03T08:32:24,2024-11-03T08:46:30.639959,2024-11-03T10:12:18.417381,CLOSED,,CITIZEN-PORTAL-WEB,False
ALT-CSE-09-01830,CSE-09,LOW,2024-12-26T20:07:58,2024-12-26T20:12:15.479838,2024-12-26T21:57:56.380385,CLOSED,,CITIZEN-PORTAL-WEB,False
ALT-CSE-09-01831,CSE-09,MEDIUM,2024-11-29T15:15:10,2024-11-29T15:20:12.626800,2024-11-29T16:39:35.711083,CLOSED,,UID-VAULT-DB,False
ALT-CSE-09-01832,CSE-09,LOW,2024-12-04T12:37:10,2024-12-04T12:50:18.823834,2024-12-04T14:07:55.756809,CLOSED,,GOV-SEC-FW-01,False
ALT-CSE-09-01833,CSE-09,LOW,2024-12-03T18:37:40,2024-12-03T18:47:24.675135,2024-12-03T19:48:25.820811,CLOSED,,GOV-SEC-FW-01,False
ALT-CSE-09-01834,CSE-09,LOW,2024-11-03T11:21:06,2024-11-03T11:34:54.940855,2024-11-03T12:48:29.292885,CLOSED,,CITIZEN-PORTAL-WEB,False
ALT-CSE-09-01835,CSE-09,HIGH,2024-11-24T06:39:39,2024-11-24T06:45:54.501088,2024-11-24T07:25:51.908754,CLOSED,,ID-GATEWAY-AUTH-01,False
ALT-CSE-09-01836,CSE-09,LOW,2024-11-10T05:40:02,2024-11-10T05:52:37.499422,2024-11-10T07:11:22.176046,CLOSED,,ID-GATEWAY-AUTH-01,False
ALT-CSE-09-01837,CSE-09,HIGH,2024-12-24T00:50:42,2024-12-24T01:03:50.504006,2024-12-24T01:43:28.062252,CLOSED,,GOV-SEC-FW-01,False
ALT-CSE-09-01838,CSE-09,LOW,2024-12-07T02:21:46,2024-12-07T02:27:47.581652,2024-12-07T03:49:04.778091,CLOSED,,GOV-SEC-FW-01,False
ALT-CSE-09-01839,CSE-09,LOW,2024-10-28T11:30:45,2024-10-28T11:36:49.085372,2024-10-28T12:30:04.063368,CLOSED,,GOV-SEC-FW-01,False
ALT-CSE-09-01840,CSE-09,HIGH,2024-10-23T12:45:17,2024-10-23T12:59:08.867231,2024-10-23T14:33:10.514832,CLOSED,,ID-GATEWAY-AUTH-01,False
ALT-CSE-09-01841,CSE-09,MEDIUM,2024-11-16T09:31:49,2024-11-16T09:37:26.002865,2024-11-16T11:05:16.276009,CLOSED,,UID-VAULT-DB,False
ALT-CSE-09-01842,CSE-09,HIGH,2024-11-06T12:33:06,2024-11-06T12:41:51.327425,2024-11-06T13:31:51.558677,CLOSED,,GOV-SEC-FW-01,False
ALT-CSE-09-01843,CSE-09,MEDIUM,2024-10-01T10:11:20,2024-10-01T10:16:06.367851,2024-10-01T11:41:46.508752,CLOSED,CAS-CSE-09-0380,GOV-SEC-FW-01,False
ALT-CSE-09-01844,CSE-09,HIGH,2024-10-23T02:00:07,2024-10-23T02:07:04.794846,2024-10-23T03:41:51.354512,CLOSED,,GOV-SEC-FW-01,False
ALT-CSE-09-01845,CSE-09,MEDIUM,2024-10-20T11:09:49,2024-10-20T11:21:33.436037,2024-10-20T12:30:49.474412,CLOSED,,CITIZEN-PORTAL-WEB,False
ALT-CSE-09-01846,CSE-09,LOW,2024-12-29T01:12:47,2024-12-29T01:24:24.066966,2024-12-29T02:27:18.670568,CLOSED,,GOV-SEC-FW-01,False
ALT-CSE-09-01847,CSE-09,CRITICAL,2024-11-03T04:35:26,2024-11-03T04:43:42.605247,2024-11-03T05:31:42.307160,CLOSED,CAS-CSE-09-0381,UID-VAULT-DB,True
ALT-CSE-09-01848,CSE-09,CRITICAL,2024-10-08T06:12:50,2024-10-08T06:19:37.816220,2024-10-08T07:04:16.977987,CLOSED,CAS-CSE-09-0382,ID-GATEWAY-AUTH-01,False
ALT-CSE-09-01849,CSE-09,HIGH,2024-10-30T14:12:37,2024-10-30T14:23:15.553757,2024-10-30T15:27:34.695551,CLOSED,,UID-VAULT-DB,False
ALT-CSE-09-01850,CSE-09,CRITICAL,2024-10-28T06:07:07,2024-10-28T06:09:41.951524,2024-10-28T07:42:54.143347,CLOSED,CAS-CSE-09-0383,UID-VAULT-DB,True
ALT-CSE-09-01851,CSE-09,HIGH,2024-12-11T21:26:11,2024-12-11T21:38:40.724055,2024-12-11T23:12:04.870400,CLOSED,,UID-VAULT-DB,False
ALT-CSE-09-01852,CSE-09,LOW,2024-12-02T08:50:55,2024-12-02T09:04:52.818437,2024-12-02T09:32:59.953738,CLOSED,CAS-CSE-09-0384,ID-GATEWAY-AUTH-01,False
ALT-CSE-09-01853,CSE-09,LOW,2024-10-15T17:02:58,2024-10-15T17:07:21.088415,2024-10-15T17:53:05.267047,CLOSED,,CITIZEN-PORTAL-WEB,False
ALT-CSE-09-01854,CSE-09,MEDIUM,2024-10-06T11:49:06,2024-10-06T11:51:59.995276,2024-10-06T12:46:55.649669,CLOSED,,GOV-SEC-FW-01,False
ALT-CSE-09-01855,CSE-09,MEDIUM,2024-11-14T13:34:45,2024-11-14T13:48:47.233458,2024-11-14T15:07:46.717210,CLOSED,CAS-CSE-09-0385,CITIZEN-PORTAL-WEB,True
ALT-CSE-09-01856,CSE-09,HIGH,2024-10-31T22:24:15,2024-10-31T22:26:35.146865,2024-10-31T23:50:05.008961,CLOSED,,GOV-SEC-FW-01,False
ALT-CSE-09-01857,CSE-09,CRITICAL,2024-10-03T07:15:53,2024-10-03T07:23:19.196026,2024-10-03T08:09:04.247832,CLOSED,CAS-CSE-09-0386,GOV-SEC-FW-01,False
ALT-CSE-09-01858,CSE-09,CRITICAL,2024-10-24T04:58:57,2024-10-24T05:05:51.599021,2024-10-24T06:11:25.030220,CLOSED,CAS-CSE-09-0387,CITIZEN-PORTAL-WEB,False
ALT-CSE-09-01859,CSE-09,MEDIUM,2024-12-07T14:44:48,2024-12-07T14:50:34.337875,2024-12-07T15:36:49.691009,CLOSED,,UID-VAULT-DB,False
ALT-CSE-09-01860,CSE-09,LOW,2024-11-25T13:29:11,2024-11-25T13:33:21.126936,2024-11-25T14:57:51.743246,CLOSED,,UID-VAULT-DB,False
ALT-CSE-09-01861,CSE-09,MEDIUM,2024-11-09T20:03:57,2024-11-09T20:17:04.595710,2024-11-09T21:05:32.615027,CLOSED,,UID-VAULT-DB,False
ALT-CSE-09-01862,CSE-09,LOW,2024-10-19T19:41:55,2024-10-19T19:55:09.248712,2024-10-19T21:29:56.505934,CLOSED,,GOV-SEC-FW-01,False
ALT-CSE-09-01863,CSE-09,MEDIUM,2024-10-29T10:26:20,2024-10-29T10:29:05.129704,2024-10-29T11:14:46.155552,CLOSED,,UID-VAULT-DB,False
ALT-CSE-09-01864,CSE-09,LOW,2024-12-12T20:41:37,2024-12-12T20:53:39.854036,2024-12-12T22:31:25.015503,CLOSED,,GOV-SEC-FW-01,False
ALT-CSE-09-01865,CSE-09,MEDIUM,2024-10-10T04:29:22,2024-10-10T04:38:36.052356,2024-10-10T06:17:49.909134,CLOSED,,ID-GATEWAY-AUTH-01,False
ALT-CSE-09-01866,CSE-09,LOW,2024-12-09T21:01:23,2024-12-09T21:03:41.224323,2024-12-09T21:56:13.073963,CLOSED,,GOV-SEC-FW-01,False
ALT-CSE-09-01867,CSE-09,LOW,2024-12-27T05:11:44,2024-12-27T05:18:00.316393,2024-12-27T05:52:53.689955,CLOSED,,UID-VAULT-DB,False
ALT-CSE-09-01868,CSE-09,MEDIUM,2024-10-19T10:32:19,2024-10-19T10:37:59.624575,2024-10-19T11:59:27.586435,CLOSED,,GOV-SEC-FW-01,False
ALT-CSE-09-01869,CSE-09,MEDIUM,2024-10-03T13:42:26,2024-10-03T13:57:11.690405,2024-10-03T14:43:10.796105,CLOSED,,CITIZEN-PORTAL-WEB,False
ALT-CSE-09-01870,CSE-09,LOW,2024-11-28T01:46:58,2024-11-28T01:52:18.333705,2024-11-28T03:17:07.546162,CLOSED,,GOV-SEC-FW-01,False
ALT-CSE-09-01871,CSE-09,MEDIUM,2024-12-11T09:06:00,2024-12-11T09:15:45.587953,2024-12-11T10:07:25.025110,CLOSED,,UID-VAULT-DB,False
ALT-CSE-09-01872,CSE-09,LOW,2024-11-13T16:24:38,2024-11-13T16:29:08.434994,2024-11-13T17:29:26.310448,CLOSED,,GOV-SEC-FW-01,False
ALT-CSE-09-01873,CSE-09,HIGH,2024-11-16T19:50:56,2024-11-16T19:55:54.069522,2024-11-16T21:36:42.863943,CLOSED,,GOV-SEC-FW-01,False
ALT-CSE-09-01874,CSE-09,HIGH,2024-12-27T08:37:48,2024-12-27T08:41:45.025809,2024-12-27T10:01:23.365423,CLOSED,,UID-VAULT-DB,False
ALT-CSE-09-01875,CSE-09,MEDIUM,2024-11-24T13:49:49,2024-11-24T14:03:32.643878,2024-11-24T15:09:50.341373,CLOSED,,UID-VAULT-DB,False
ALT-CSE-09-01876,CSE-09,MEDIUM,2024-10-01T22:43:26,2024-10-01T22:57:37.726465,2024-10-01T23:49:26.278078,CLOSED,,GOV-SEC-FW-01,False
ALT-CSE-09-01877,CSE-09,CRITICAL,2024-10-09T09:28:53,2024-10-09T09:37:19.889886,2024-10-09T10:26:00.963166,CLOSED,CAS-CSE-09-0388,GOV-SEC-FW-01,False
ALT-CSE-09-01878,CSE-09,LOW,2024-10-14T23:08:43,2024-10-14T23:13:06.597911,2024-10-15T00:42:36.835879,CLOSED,,CITIZEN-PORTAL-WEB,False
ALT-CSE-09-01879,CSE-09,LOW,2024-11-04T11:48:30,2024-11-04T11:56:27.973417,2024-11-04T12:46:50.113650,CLOSED,,CITIZEN-PORTAL-WEB,False
ALT-CSE-09-01880,CSE-09,MEDIUM,2024-11-12T21:42:26,2024-11-12T21:56:44.635476,2024-11-12T22:58:55.435912,CLOSED,,CITIZEN-PORTAL-WEB,False
ALT-CSE-09-01881,CSE-09,CRITICAL,2024-10-07T01:26:31,2024-10-07T01:36:11.488662,2024-10-07T02:11:18.163801,CLOSED,CAS-CSE-09-0389,GOV-SEC-FW-01,False
ALT-CSE-09-01882,CSE-09,LOW,2024-12-29T08:30:37,2024-12-29T08:38:21.656939,2024-12-29T10:04:09.884741,CLOSED,,ID-GATEWAY-AUTH-01,False
ALT-CSE-09-01883,CSE-09,MEDIUM,2024-11-01T14:57:50,2024-11-01T15:05:14.828321,2024-11-01T15:44:41.114256,CLOSED,,GOV-SEC-FW-01,False
ALT-CSE-09-01884,CSE-09,MEDIUM,2024-10-10T22:38:35,2024-10-10T22:41:17.603330,2024-10-11T00:14:19.387954,CLOSED,,UID-VAULT-DB,False
ALT-CSE-09-01885,CSE-09,MEDIUM,2024-12-23T19:11:05,2024-12-23T19:13:15.352380,2024-12-23T20:41:19.915056,CLOSED,,UID-VAULT-DB,False
ALT-CSE-09-01886,CSE-09,HIGH,2024-10-10T00:25:11,2024-10-10T00:32:07.880250,2024-10-10T02:02:35.028139,CLOSED,,GOV-SEC-FW-01,False
ALT-CSE-09-01887,CSE-09,MEDIUM,2024-12-06T03:13:16,2024-12-06T03:26:10.570614,2024-12-06T04:03:34.350290,CLOSED,,GOV-SEC-FW-01,False
ALT-CSE-09-01888,CSE-09,MEDIUM,2024-12-22T05:10:50,2024-12-22T05:20:15.627992,2024-12-22T06:44:59.670512,CLOSED,,ID-GATEWAY-AUTH-01,False
ALT-CSE-09-01889,CSE-09,LOW,2024-10-01T02:02:05,2024-10-01T02:11:21.487429,2024-10-01T03:27:56.681352,CLOSED,,GOV-SEC-FW-01,False
ALT-CSE-09-01890,CSE-09,MEDIUM,2024-11-26T07:37:41,2024-11-26T07:50:26.442146,2024-11-26T08:50:20.897057,CLOSED,,UID-VAULT-DB,False
ALT-CSE-09-01891,CSE-09,LOW,2024-11-23T12:08:36,2024-11-23T12:21:55.581592,2024-11-23T13:37:22.341826,CLOSED,,CITIZEN-PORTAL-WEB,False
ALT-CSE-09-01892,CSE-09,MEDIUM,2024-11-09T01:44:40,2024-11-09T01:50:29.201331,2024-11-09T03:20:47.940988,CLOSED,,ID-GATEWAY-AUTH-01,False
ALT-CSE-09-01893,CSE-09,HIGH,2024-10-31T20:17:01,2024-10-31T20:22:46.276916,2024-10-31T22:02:21.827286,CLOSED,,GOV-SEC-FW-01,False
ALT-CSE-09-01894,CSE-09,MEDIUM,2024-11-08T06:02:41,2024-11-08T06:11:43.129525,2024-11-08T07:17:28.150327,CLOSED,,CITIZEN-PORTAL-WEB,False
ALT-CSE-09-01895,CSE-09,LOW,2024-12-09T01:45:22,2024-12-09T01:53:12.613461,2024-12-09T02:50:52.101333,CLOSED,CAS-CSE-09-0390,CITIZEN-PORTAL-WEB,False
ALT-CSE-09-01896,CSE-09,MEDIUM,2024-10-10T16:59:35,2024-10-10T17:06:35.222128,2024-10-10T17:46:54.919922,CLOSED,CAS-CSE-09-0391,UID-VAULT-DB,True
ALT-CSE-09-01897,CSE-09,HIGH,2024-12-01T15:39:16,2024-12-01T15:48:45.101936,2024-12-01T16:30:18.894705,CLOSED,,GOV-SEC-FW-01,False
ALT-CSE-09-01898,CSE-09,HIGH,2024-10-11T02:50:13,2024-10-11T02:59:01.555681,2024-10-11T03:38:00.270429,CLOSED,CAS-CSE-09-0392,GOV-SEC-FW-01,False
ALT-CSE-09-01899,CSE-09,HIGH,2024-12-13T00:19:03,2024-12-13T00:33:38.203754,2024-12-13T02:06:38.587322,CLOSED,,ID-GATEWAY-AUTH-01,False
ALT-CSE-09-01900,CSE-09,HIGH,2024-10-24T19:34:39,2024-10-24T19:36:45.363264,2024-10-24T21:07:25.743411,CLOSED,,ID-GATEWAY-AUTH-01,False
ALT-CSE-09-01901,CSE-09,LOW,2024-10-15T13:41:41,2024-10-15T13:44:46.836611,2024-10-15T15:23:17.787484,CLOSED,,ID-GATEWAY-AUTH-01,False
ALT-CSE-09-01902,CSE-09,LOW,2024-11-15T00:41:20,2024-11-15T00:48:15.653701,2024-11-15T01:21:54.336900,CLOSED,,UID-VAULT-DB,False
ALT-CSE-09-01903,CSE-09,CRITICAL,2024-10-05T07:13:56,2024-10-05T07:23:02.031939,2024-10-05T08:05:14.634808,CLOSED,CAS-CSE-09-0393,CITIZEN-PORTAL-WEB,False
ALT-CSE-09-01904,CSE-09,CRITICAL,2024-10-01T09:42:25,2024-10-01T09:56:04.376110,2024-10-01T10:24:35.548691,CLOSED,CAS-CSE-09-0394,ID-GATEWAY-AUTH-01,False
ALT-CSE-09-01905,CSE-09,MEDIUM,2024-10-28T05:32:46,2024-10-28T05:40:05.317244,2024-10-28T06:58:06.888895,CLOSED,,CITIZEN-PORTAL-WEB,False
ALT-CSE-09-01906,CSE-09,HIGH,2024-10-26T16:17:28,2024-10-26T16:22:51.534105,2024-10-26T17:39:54.821498,CLOSED,,UID-VAULT-DB,False
ALT-CSE-09-01907,CSE-09,HIGH,2024-12-22T04:47:30,2024-12-22T04:53:41.603774,2024-12-22T06:23:16.509923,CLOSED,,CITIZEN-PORTAL-WEB,False
ALT-CSE-09-01908,CSE-09,HIGH,2024-11-29T07:11:12,2024-11-29T07:17:05.699829,2024-11-29T08:04:36.623559,CLOSED,CAS-CSE-09-0395,GOV-SEC-FW-01,False
ALT-CSE-09-01909,CSE-09,CRITICAL,2024-12-14T02:38:55,2024-12-14T02:44:16.035163,2024-12-14T04:24:42.602710,CLOSED,CAS-CSE-09-0396,CITIZEN-PORTAL-WEB,False
ALT-CSE-09-01910,CSE-09,HIGH,2024-12-02T04:29:27,2024-12-02T04:39:11.823388,2024-12-02T06:15:10.991027,CLOSED,,GOV-SEC-FW-01,False
ALT-CSE-09-01911,CSE-09,HIGH,2024-11-30T12:51:44,2024-11-30T12:58:55.313603,2024-11-30T13:55:07.282638,CLOSED,,GOV-SEC-FW-01,False
ALT-CSE-09-01912,CSE-09,HIGH,2024-11-13T23:34:07,2024-11-13T23:45:33.711116,2024-11-14T00:45:59.627964,CLOSED,,GOV-SEC-FW-01,False
ALT-CSE-09-01913,CSE-09,HIGH,2024-11-14T04:34:14,2024-11-14T04:43:03.149068,2024-11-14T06:12:46.358625,CLOSED,,UID-VAULT-DB,False
ALT-CSE-09-01914,CSE-09,HIGH,2024-11-21T07:58:23,2024-11-21T08:10:34.062131,2024-11-21T09:44:48.181224,CLOSED,CAS-CSE-09-0397,CITIZEN-PORTAL-WEB,True
ALT-CSE-09-01915,CSE-09,CRITICAL,2024-12-03T23:21:16,2024-12-03T23:30:43.301012,2024-12-04T00:33:50.982715,CLOSED,CAS-CSE-09-0398,GOV-SEC-FW-01,False
ALT-CSE-09-01916,CSE-09,MEDIUM,2024-10-20T04:21:44,2024-10-20T04:23:52.643803,2024-10-20T05:07:11.244405,CLOSED,,CITIZEN-PORTAL-WEB,False
ALT-CSE-09-01917,CSE-09,HIGH,2024-10-23T20:40:18,2024-10-23T20:46:56.299886,2024-10-23T22:28:24.851146,CLOSED,CAS-CSE-09-0399,CITIZEN-PORTAL-WEB,False
ALT-CSE-09-01918,CSE-09,MEDIUM,2024-12-10T03:06:03,2024-12-10T03:16:29.779186,2024-12-10T04:12:29.989448,CLOSED,CAS-CSE-09-0400,UID-VAULT-DB,False
ALT-CSE-09-01919,CSE-09,HIGH,2024-10-20T10:46:04,2024-10-20T10:55:00.641399,2024-10-20T11:35:07.249458,CLOSED,,ID-GATEWAY-AUTH-01,False
ALT-CSE-09-01920,CSE-09,MEDIUM,2024-10-21T09:47:48,2024-10-21T09:50:37.086248,2024-10-21T11:29:39.504977,CLOSED,,CITIZEN-PORTAL-WEB,False
ALT-CSE-09-01921,CSE-09,CRITICAL,2024-10-30T02:46:16,2024-10-30T02:54:24.329251,2024-10-30T03:45:34.620128,CLOSED,CAS-CSE-09-0401,CITIZEN-PORTAL-WEB,False
ALT-CSE-09-01922,CSE-09,CRITICAL,2024-12-20T05:51:37,2024-12-20T06:03:31.817233,2024-12-20T06:58:49.764628,CLOSED,CAS-CSE-09-0402,GOV-SEC-FW-01,False
ALT-CSE-09-01923,CSE-09,HIGH,2024-12-14T09:37:33,2024-12-14T09:43:44.701189,2024-12-14T10:44:03.122807,CLOSED,,ID-GATEWAY-AUTH-01,False
ALT-CSE-09-01924,CSE-09,LOW,2024-11-17T23:51:45,2024-11-18T00:01:57.137851,2024-11-18T00:37:26.328969,CLOSED,,ID-GATEWAY-AUTH-01,False
ALT-CSE-09-01925,CSE-09,LOW,2024-12-19T10:02:43,2024-12-19T10:11:22.084189,2024-12-19T11:22:41.159840,CLOSED,,CITIZEN-PORTAL-WEB,False
ALT-CSE-09-01926,CSE-09,HIGH,2024-11-21T10:51:16,2024-11-21T10:54:34.633738,2024-11-21T11:34:06.334169,CLOSED,,ID-GATEWAY-AUTH-01,False
ALT-CSE-09-01927,CSE-09,HIGH,2024-12-23T00:38:45,2024-12-23T00:52:20.381194,2024-12-23T01:58:31.327323,CLOSED,,CITIZEN-PORTAL-WEB,False
ALT-CSE-09-01928,CSE-09,HIGH,2024-11-27T05:29:02,2024-11-27T05:39:39.252057,2024-11-27T06:10:09.944165,CLOSED,,CITIZEN-PORTAL-WEB,False
ALT-CSE-09-01929,CSE-09,MEDIUM,2024-10-25T20:43:43,2024-10-25T20:58:03.417289,2024-10-25T22:22:06.102986,CLOSED,CAS-CSE-09-0403,GOV-SEC-FW-01,False
ALT-CSE-09-01930,CSE-09,MEDIUM,2024-12-18T05:27:52,2024-12-18T05:35:49.544262,2024-12-18T07:09:52.108676,CLOSED,,UID-VAULT-DB,False
ALT-CSE-09-01931,CSE-09,LOW,2024-10-30T09:28:28,2024-10-30T09:31:06.720628,2024-10-30T11:07:17.973611,CLOSED,,UID-VAULT-DB,False
ALT-CSE-09-01932,CSE-09,LOW,2024-12-13T10:16:46,2024-12-13T10:25:47.459965,2024-12-13T11:55:27.345008,CLOSED,,CITIZEN-PORTAL-WEB,False
ALT-CSE-09-01933,CSE-09,CRITICAL,2024-10-15T00:27:25,2024-10-15T00:31:36.382617,2024-10-15T02:05:46.394836,CLOSED,CAS-CSE-09-0404,GOV-SEC-FW-01,False
ALT-CSE-09-01934,CSE-09,MEDIUM,2024-11-14T07:09:27,2024-11-14T07:22:41.776210,2024-11-14T08:30:15.330409,CLOSED,,UID-VAULT-DB,False
ALT-CSE-09-01935,CSE-09,LOW,2024-10-27T00:22:55,2024-10-27T00:36:41.175791,2024-10-27T01:52:10.340931,CLOSED,,ID-GATEWAY-AUTH-01,False
ALT-CSE-09-01936,CSE-09,HIGH,2024-11-11T13:20:29,2024-11-11T13:24:24.680986,2024-11-11T15:03:49.321701,CLOSED,,GOV-SEC-FW-01,False
ALT-CSE-09-01937,CSE-09,LOW,2024-11-08T19:49:29,2024-11-08T19:55:23.021264,2024-11-08T21:10:06.515280,CLOSED,CAS-CSE-09-0405,UID-VAULT-DB,False
ALT-CSE-09-01938,CSE-09,LOW,2024-11-20T10:16:24,2024-11-20T10:21:46.246139,2024-11-20T10:59:36.352358,CLOSED,,CITIZEN-PORTAL-WEB,False
ALT-CSE-09-01939,CSE-09,LOW,2024-12-10T05:08:31,2024-12-10T05:20:53.393401,2024-12-10T06:28:09.893236,CLOSED,,UID-VAULT-DB,False
ALT-CSE-09-01940,CSE-09,LOW,2024-12-16T23:22:55,2024-12-16T23:30:14.294215,2024-12-17T00:24:18.851903,CLOSED,,GOV-SEC-FW-01,False
ALT-CSE-09-01941,CSE-09,HIGH,2024-11-21T21:23:13,2024-11-21T21:37:26.963381,2024-11-21T22:19:54.770597,CLOSED,,ID-GATEWAY-AUTH-01,False
ALT-CSE-09-01942,CSE-09,HIGH,2024-11-08T06:49:36,2024-11-08T07:00:06.213593,2024-11-08T07:36:42.194028,CLOSED,,ID-GATEWAY-AUTH-01,False
ALT-CSE-09-01943,CSE-09,LOW,2024-12-23T15:27:50,2024-12-23T15:34:45.709222,2024-12-23T16:17:27.607177,CLOSED,,UID-VAULT-DB,False
ALT-CSE-09-01944,CSE-09,HIGH,2024-12-23T17:50:09,2024-12-23T18:02:01.888967,2024-12-23T18:57:06.338930,CLOSED,,ID-GATEWAY-AUTH-01,False
ALT-CSE-09-01945,CSE-09,LOW,2024-10-06T16:20:43,2024-10-06T16:29:31.232118,2024-10-06T17:47:10.805498,CLOSED,,ID-GATEWAY-AUTH-01,False
ALT-CSE-09-01946,CSE-09,HIGH,2024-10-28T15:52:40,2024-10-28T16:00:25.235688,2024-10-28T17:04:58.833766,CLOSED,CAS-CSE-09-0406,ID-GATEWAY-AUTH-01,False
ALT-CSE-09-01947,CSE-09,MEDIUM,2024-10-09T14:32:50,2024-10-09T14:40:38.006492,2024-10-09T15:49:34.634602,CLOSED,CAS-CSE-09-0407,GOV-SEC-FW-01,True
ALT-CSE-09-01948,CSE-09,CRITICAL,2024-11-05T17:59:51,2024-11-05T18:10:18.802081,2024-11-05T18:40:27.206172,CLOSED,CAS-CSE-09-0408,ID-GATEWAY-AUTH-01,False
ALT-CSE-09-01949,CSE-09,MEDIUM,2024-10-26T03:28:06,2024-10-26T03:40:05.058978,2024-10-26T04:20:09.367624,CLOSED,,CITIZEN-PORTAL-WEB,False
ALT-CSE-09-01950,CSE-09,LOW,2024-10-15T16:37:31,2024-10-15T16:51:35.880349,2024-10-15T17:30:50.502079,CLOSED,,GOV-SEC-FW-01,False
ALT-CSE-09-01951,CSE-09,LOW,2024-11-27T05:36:46,2024-11-27T05:44:31.458690,2024-11-27T06:52:25.485568,CLOSED,,GOV-SEC-FW-01,False
ALT-CSE-09-01952,CSE-09,MEDIUM,2024-12-29T20:11:11,2024-12-29T20:14:07.164618,2024-12-29T21:37:41.422948,CLOSED,,UID-VAULT-DB,False
ALT-CSE-09-01953,CSE-09,MEDIUM,2024-12-03T09:48:44,2024-12-03T09:56:11.054036,2024-12-03T11:37:48.023946,CLOSED,,UID-VAULT-DB,False
ALT-CSE-09-01954,CSE-09,CRITICAL,2024-10-28T11:13:38,2024-10-28T11:17:46.282501,2024-10-28T12:37:40.541052,CLOSED,CAS-CSE-09-0409,CITIZEN-PORTAL-WEB,False
ALT-CSE-09-01955,CSE-09,HIGH,2024-10-24T09:55:34,2024-10-24T10:06:47.495082,2024-10-24T10:36:31.747674,CLOSED,,ID-GATEWAY-AUTH-01,False
ALT-CSE-09-01956,CSE-09,HIGH,2024-12-10T03:08:04,2024-12-10T03:16:46.362493,2024-12-10T04:44:23.371850,CLOSED,,CITIZEN-PORTAL-WEB,False
ALT-CSE-09-01957,CSE-09,MEDIUM,2024-11-21T03:23:11,2024-11-21T03:36:50.307375,2024-11-21T04:15:17.589385,CLOSED,,GOV-SEC-FW-01,False
ALT-CSE-09-01958,CSE-09,MEDIUM,2024-12-27T13:25:50,2024-12-27T13:36:08.441242,2024-12-27T14:51:42.442808,CLOSED,,UID-VAULT-DB,False
ALT-CSE-09-01959,CSE-09,LOW,2024-12-02T06:26:50,2024-12-02T06:41:13.595815,2024-12-02T07:35:55.611111,CLOSED,,ID-GATEWAY-AUTH-01,False
ALT-CSE-09-01960,CSE-09,LOW,2024-12-20T18:59:46,2024-12-20T19:11:59.673268,2024-12-20T20:04:45.955756,CLOSED,,CITIZEN-PORTAL-WEB,False
ALT-CSE-09-01961,CSE-09,HIGH,2024-11-03T05:33:39,2024-11-03T05:39:04.620231,2024-11-03T06:53:16.476227,CLOSED,,GOV-SEC-FW-01,False
ALT-CSE-09-01962,CSE-09,HIGH,2024-12-04T14:01:53,2024-12-04T14:09:33.558365,2024-12-04T15:30:06.481425,CLOSED,,GOV-SEC-FW-01,False
ALT-CSE-09-01963,CSE-09,LOW,2024-12-29T12:56:50,2024-12-29T13:06:41.834809,2024-12-29T14:16:14.010411,CLOSED,,CITIZEN-PORTAL-WEB,False
ALT-CSE-09-01964,CSE-09,HIGH,2024-11-01T02:16:45,2024-11-01T02:23:06.129108,2024-11-01T04:01:28.796294,CLOSED,,CITIZEN-PORTAL-WEB,False
ALT-CSE-09-01965,CSE-09,LOW,2024-12-19T07:02:09,2024-12-19T07:07:32.467825,2024-12-19T08:29:49.068288,CLOSED,,CITIZEN-PORTAL-WEB,False
ALT-CSE-09-01966,CSE-09,MEDIUM,2024-10-08T12:41:13,2024-10-08T12:55:55.012426,2024-10-08T13:28:04.128637,CLOSED,,CITIZEN-PORTAL-WEB,False
ALT-CSE-09-01967,CSE-09,MEDIUM,2024-11-05T16:30:08,2024-11-05T16:42:56.921579,2024-11-05T17:25:14.579524,CLOSED,,UID-VAULT-DB,False
ALT-CSE-09-01968,CSE-09,MEDIUM,2024-12-23T01:30:56,2024-12-23T01:41:32.551062,2024-12-23T03:17:54.149879,CLOSED,,UID-VAULT-DB,False
ALT-CSE-09-01969,CSE-09,MEDIUM,2024-11-18T07:13:51,2024-11-18T07:26:45.904390,2024-11-18T08:05:15.850972,CLOSED,,ID-GATEWAY-AUTH-01,False
ALT-CSE-09-01970,CSE-09,MEDIUM,2024-10-12T20:03:06,2024-10-12T20:15:38.627767,2024-10-12T20:53:31.753918,CLOSED,,GOV-SEC-FW-01,False
ALT-CSE-09-01971,CSE-09,HIGH,2024-10-08T17:20:08,2024-10-08T17:33:37.947419,2024-10-08T18:17:42.564355,CLOSED,CAS-CSE-09-0410,ID-GATEWAY-AUTH-01,False
ALT-CSE-09-01972,CSE-09,MEDIUM,2024-10-05T08:28:47,2024-10-05T08:41:09.003225,2024-10-05T09:53:25.537947,CLOSED,,CITIZEN-PORTAL-WEB,False
ALT-CSE-09-01973,CSE-09,MEDIUM,2024-11-22T16:26:35,2024-11-22T16:30:00.047463,2024-11-22T17:53:15.130083,CLOSED,,GOV-SEC-FW-01,False
ALT-CSE-09-01974,CSE-09,HIGH,2024-11-29T03:10:01,2024-11-29T03:16:19.024981,2024-11-29T04:08:54.226055,CLOSED,,GOV-SEC-FW-01,False
ALT-CSE-09-01975,CSE-09,CRITICAL,2024-11-14T00:59:33,2024-11-14T01:12:43.534706,2024-11-14T02:41:04.864848,CLOSED,CAS-CSE-09-0411,UID-VAULT-DB,False
ALT-CSE-09-01976,CSE-09,HIGH,2024-11-12T09:13:46,2024-11-12T09:24:31.079701,2024-11-12T09:56:06.697930,CLOSED,,CITIZEN-PORTAL-WEB,False
ALT-CSE-09-01977,CSE-09,MEDIUM,2024-10-22T02:16:02,2024-10-22T02:23:18.152398,2024-10-22T03:06:58.537670,CLOSED,,CITIZEN-PORTAL-WEB,False
ALT-CSE-09-01978,CSE-09,HIGH,2024-12-25T18:53:28,2024-12-25T19:00:25.003526,2024-12-25T19:37:39.489213,CLOSED,,GOV-SEC-FW-01,False
ALT-CSE-09-01979,CSE-09,MEDIUM,2024-10-02T22:45:34,2024-10-02T22:56:55.107176,2024-10-02T23:35:19.351122,CLOSED,,CITIZEN-PORTAL-WEB,False
ALT-CSE-09-01980,CSE-09,LOW,2024-11-22T17:12:49,2024-11-22T17:22:37.600468,2024-11-22T18:57:42.517032,CLOSED,,GOV-SEC-FW-01,False
ALT-CSE-09-01981,CSE-09,MEDIUM,2024-10-07T14:47:29,2024-10-07T14:50:02.369070,2024-10-07T16:10:39.703060,CLOSED,,GOV-SEC-FW-01,False
ALT-CSE-09-01982,CSE-09,HIGH,2024-12-09T02:28:44,2024-12-09T02:35:10.081256,2024-12-09T03:23:12.211541,CLOSED,,ID-GATEWAY-AUTH-01,False
ALT-CSE-09-01983,CSE-09,LOW,2024-12-01T00:56:50,2024-12-01T01:05:15.447044,2024-12-01T01:51:58.619825,CLOSED,,CITIZEN-PORTAL-WEB,False
ALT-CSE-09-01984,CSE-09,MEDIUM,2024-12-15T20:07:45,2024-12-15T20:12:07.299572,2024-12-15T20:58:01.623823,CLOSED,,ID-GATEWAY-AUTH-01,False
ALT-CSE-09-01985,CSE-09,LOW,2024-11-20T10:42:00,2024-11-20T10:50:22.816576,2024-11-20T11:47:33.660163,CLOSED,CAS-CSE-09-0412,UID-VAULT-DB,False
ALT-CSE-09-01986,CSE-09,MEDIUM,2024-10-19T04:58:50,2024-10-19T05:12:48.839662,2024-10-19T06:09:54.606552,CLOSED,,GOV-SEC-FW-01,False
ALT-CSE-09-01987,CSE-09,MEDIUM,2024-11-02T09:38:25,2024-11-02T09:50:01.832030,2024-11-02T10:24:36.288574,CLOSED,CAS-CSE-09-0413,ID-GATEWAY-AUTH-01,False
ALT-CSE-09-01988,CSE-09,HIGH,2024-12-02T15:25:43,2024-12-02T15:30:00.263127,2024-12-02T17:08:03.613058,CLOSED,,CITIZEN-PORTAL-WEB,False
ALT-CSE-09-01989,CSE-09,HIGH,2024-12-13T16:26:47,2024-12-13T16:34:55.177367,2024-12-13T17:13:06.637756,CLOSED,,GOV-SEC-FW-01,False
ALT-CSE-09-01990,CSE-09,MEDIUM,2024-11-16T18:26:36,2024-11-16T18:29:42.492751,2024-11-16T19:49:07.930235,CLOSED,,UID-VAULT-DB,False
ALT-CSE-09-01991,CSE-09,MEDIUM,2024-10-09T23:45:54,2024-10-09T23:50:02.834669,2024-10-10T00:39:27.065422,CLOSED,,ID-GATEWAY-AUTH-01,False
ALT-CSE-09-01992,CSE-09,MEDIUM,2024-11-15T19:17:03,2024-11-15T19:29:01.183205,2024-11-15T20:33:40.697785,CLOSED,,ID-GATEWAY-AUTH-01,False
ALT-CSE-09-01993,CSE-09,LOW,2024-10-11T02:07:35,2024-10-11T02:22:14.871862,2024-10-11T03:15:28.032569,CLOSED,,UID-VAULT-DB,False
ALT-CSE-09-01994,CSE-09,HIGH,2024-10-09T01:50:38,2024-10-09T01:53:41.740329,2024-10-09T03:04:35.430242,CLOSED,,GOV-SEC-FW-01,False
ALT-CSE-09-01995,CSE-09,LOW,2024-12-25T12:52:40,2024-12-25T12:57:12.101853,2024-12-25T14:02:49.572274,CLOSED,,GOV-SEC-FW-01,False
ALT-CSE-09-01996,CSE-09,HIGH,2024-11-28T02:17:07,2024-11-28T02:19:32.303846,2024-11-28T03:02:58.810269,CLOSED,,GOV-SEC-FW-01,False
ALT-CSE-09-01997,CSE-09,CRITICAL,2024-10-28T18:10:31,2024-10-28T18:17:56.736375,2024-10-28T18:59:59.450593,CLOSED,CAS-CSE-09-0414,UID-VAULT-DB,False
ALT-CSE-09-01998,CSE-09,CRITICAL,2024-10-14T16:04:59,2024-10-14T16:07:16.501157,2024-10-14T17:45:51.889268,CLOSED,CAS-CSE-09-0415,CITIZEN-PORTAL-WEB,False
ALT-CSE-09-01999,CSE-09,MEDIUM,2024-10-25T08:19:59,2024-10-25T08:34:09.052461,2024-10-25T09:00:48.890316,CLOSED,,ID-GATEWAY-AUTH-01,False
ALT-CSE-09-02000,CSE-09,CRITICAL,2024-12-26T22:11:03,2024-12-26T22:21:05.695025,2024-12-26T23:54:45.289088,CLOSED,CAS-CSE-09-0416,CITIZEN-PORTAL-WEB,True
ALT-CSE-09-02001,CSE-09,HIGH,2024-12-27T23:11:07,2024-12-27T23:22:19.249657,2024-12-28T00:22:40.904490,CLOSED,,UID-VAULT-DB,False
ALT-CSE-09-02002,CSE-09,CRITICAL,2024-11-28T17:35:43,2024-11-28T17:38:58.904492,2024-11-28T18:47:56.063152,CLOSED,CAS-CSE-09-0417,GOV-SEC-FW-01,False
ALT-CSE-09-02003,CSE-09,HIGH,2024-12-03T11:23:21,2024-12-03T11:35:38.531619,2024-12-03T12:11:05.659307,CLOSED,,GOV-SEC-FW-01,False
ALT-CSE-09-02004,CSE-09,MEDIUM,2024-10-31T07:40:46,2024-10-31T07:54:47.153077,2024-10-31T09:04:42.402380,CLOSED,,GOV-SEC-FW-01,False
ALT-CSE-09-02005,CSE-09,MEDIUM,2024-10-30T02:41:31,2024-10-30T02:44:48.078115,2024-10-30T03:51:36.091202,CLOSED,,UID-VAULT-DB,False
ALT-CSE-09-02006,CSE-09,MEDIUM,2024-11-19T23:07:45,2024-11-19T23:17:13.689977,2024-11-20T00:27:20.339110,CLOSED,,UID-VAULT-DB,False
ALT-CSE-09-02007,CSE-09,MEDIUM,2024-10-11T17:17:20,2024-10-11T17:24:37.923423,2024-10-11T18:06:08.374376,CLOSED,,ID-GATEWAY-AUTH-01,False
ALT-CSE-09-02008,CSE-09,HIGH,2024-11-05T14:59:09,2024-11-05T15:08:40.120402,2024-11-05T16:05:14.931716,CLOSED,,GOV-SEC-FW-01,False
ALT-CSE-09-02009,CSE-09,LOW,2024-10-27T20:28:42,2024-10-27T20:36:22.252398,2024-10-27T21:42:04.478449,CLOSED,,CITIZEN-PORTAL-WEB,False
ALT-CSE-09-02010,CSE-09,MEDIUM,2024-10-08T11:00:21,2024-10-08T11:06:21.398951,2024-10-08T12:36:26.717171,CLOSED,,ID-GATEWAY-AUTH-01,False
ALT-CSE-09-02011,CSE-09,LOW,2024-11-23T15:10:43,2024-11-23T15:17:34.637910,2024-11-23T16:47:05.367888,CLOSED,,CITIZEN-PORTAL-WEB,False
ALT-CSE-09-02012,CSE-09,MEDIUM,2024-11-14T14:32:21,2024-11-14T14:45:37.408481,2024-11-14T15:15:31.414269,CLOSED,CAS-CSE-09-0418,ID-GATEWAY-AUTH-01,False
ALT-CSE-09-02013,CSE-09,LOW,2024-10-11T18:51:42,2024-10-11T18:55:59.475074,2024-10-11T20:28:48.935627,CLOSED,,ID-GATEWAY-AUTH-01,False
ALT-CSE-09-02014,CSE-09,MEDIUM,2024-12-15T03:00:41,2024-12-15T03:09:39.273470,2024-12-15T03:44:16.805497,CLOSED,,ID-GATEWAY-AUTH-01,False
ALT-CSE-09-02015,CSE-09,CRITICAL,2024-10-14T06:03:02,2024-10-14T06:11:45.621682,2024-10-14T07:30:11.405422,CLOSED,CAS-CSE-09-0419,UID-VAULT-DB,False
ALT-CSE-09-02016,CSE-09,LOW,2024-11-26T15:39:17,2024-11-26T15:52:08.103769,2024-11-26T16:20:15.225801,CLOSED,,CITIZEN-PORTAL-WEB,False
ALT-CSE-09-02017,CSE-09,CRITICAL,2024-12-29T00:36:36,2024-12-29T00:48:24.329855,2024-12-29T02:08:55.235236,CLOSED,CAS-CSE-09-0420,GOV-SEC-FW-01,False
ALT-CSE-09-02018,CSE-09,CRITICAL,2024-12-06T00:50:05,2024-12-06T00:57:26.465273,2024-12-06T02:00:31.329992,CLOSED,CAS-CSE-09-0421,CITIZEN-PORTAL-WEB,False
ALT-CSE-09-02019,CSE-09,HIGH,2024-10-17T23:31:54,2024-10-17T23:34:38.547768,2024-10-18T00:14:32.498313,CLOSED,,GOV-SEC-FW-01,False
ALT-CSE-09-02020,CSE-09,MEDIUM,2024-11-18T14:03:13,2024-11-18T14:11:03.717185,2024-11-18T15:04:47.023947,CLOSED,CAS-CSE-09-0422,GOV-SEC-FW-01,False
ALT-CSE-09-02021,CSE-09,MEDIUM,2024-12-22T22:10:02,2024-12-22T22:14:23.866355,2024-12-22T23:38:57.593477,CLOSED,,CITIZEN-PORTAL-WEB,False
ALT-CSE-09-02022,CSE-09,MEDIUM,2024-11-09T07:53:50,2024-11-09T08:03:10.391646,2024-11-09T09:36:16.999161,CLOSED,,ID-GATEWAY-AUTH-01,False
ALT-CSE-09-02023,CSE-09,HIGH,2024-10-21T16:01:52,2024-10-21T16:06:38.055788,2024-10-21T17:03:04.159512,CLOSED,,UID-VAULT-DB,False
ALT-CSE-09-02024,CSE-09,LOW,2024-11-03T20:50:54,2024-11-03T20:55:37.067478,2024-11-03T21:48:37.595795,CLOSED,,ID-GATEWAY-AUTH-01,False
ALT-CSE-09-02025,CSE-09,CRITICAL,2024-10-23T11:25:46,2024-10-23T11:29:18.706370,2024-10-23T12:17:25.977842,CLOSED,CAS-CSE-09-0423,GOV-SEC-FW-01,False
ALT-CSE-09-02026,CSE-09,MEDIUM,2024-11-13T07:50:48,2024-11-13T07:59:04.785100,2024-11-13T09:40:02.047221,CLOSED,,ID-GATEWAY-AUTH-01,False
ALT-CSE-09-02027,CSE-09,MEDIUM,2024-10-01T13:55:05,2024-10-01T13:58:44.435301,2024-10-01T14:40:32.735642,CLOSED,CAS-CSE-09-0424,CITIZEN-PORTAL-WEB,False
ALT-CSE-09-02028,CSE-09,MEDIUM,2024-12-07T17:35:26,2024-12-07T17:43:21.668987,2024-12-07T18:42:21.396505,CLOSED,,UID-VAULT-DB,False
ALT-CSE-09-02029,CSE-09,CRITICAL,2024-10-30T17:44:45,2024-10-30T17:47:58.405908,2024-10-30T18:53:58.382188,CLOSED,CAS-CSE-09-0425,GOV-SEC-FW-01,False
ALT-CSE-09-02030,CSE-09,LOW,2024-12-06T01:51:39,2024-12-06T01:55:47.260234,2024-12-06T02:38:01.639969,CLOSED,CAS-CSE-09-0426,ID-GATEWAY-AUTH-01,False
ALT-CSE-09-02031,CSE-09,MEDIUM,2024-12-28T13:41:00,2024-12-28T13:51:28.848850,2024-12-28T14:27:34.583303,CLOSED,,ID-GATEWAY-AUTH-01,False
ALT-CSE-09-02032,CSE-09,CRITICAL,2024-10-22T19:17:01,2024-10-22T19:28:13.422482,2024-10-22T20:47:39.098940,CLOSED,CAS-CSE-09-0427,CITIZEN-PORTAL-WEB,True
ALT-CSE-09-02033,CSE-09,MEDIUM,2024-11-04T23:09:29,2024-11-04T23:13:40.698649,2024-11-05T00:47:00.330616,CLOSED,,ID-GATEWAY-AUTH-01,False
ALT-CSE-09-02034,CSE-09,LOW,2024-11-20T12:46:15,2024-11-20T12:57:25.048635,2024-11-20T13:35:48.205052,CLOSED,,ID-GATEWAY-AUTH-01,False
ALT-CSE-09-02035,CSE-09,HIGH,2024-12-26T20:38:21,2024-12-26T20:47:54.703564,2024-12-26T21:47:14.310211,CLOSED,,CITIZEN-PORTAL-WEB,False
ALT-CSE-09-02036,CSE-09,HIGH,2024-10-19T05:03:36,2024-10-19T05:14:34.470316,2024-10-19T06:38:51.851499,CLOSED,,UID-VAULT-DB,False
ALT-CSE-09-02037,CSE-09,HIGH,2024-11-20T13:23:47,2024-11-20T13:26:59.749773,2024-11-20T15:07:55.331267,CLOSED,,UID-VAULT-DB,False
ALT-CSE-09-02038,CSE-09,CRITICAL,2024-10-31T06:45:55,2024-10-31T06:49:18.394496,2024-10-31T08:35:53.546572,CLOSED,,GOV-SEC-FW-01,False
ALT-CSE-09-02039,CSE-09,HIGH,2024-12-25T16:02:01,2024-12-25T16:09:51.486699,2024-12-25T16:47:59.960449,CLOSED,,GOV-SEC-FW-01,False
ALT-CSE-09-02040,CSE-09,CRITICAL,2024-12-05T02:10:15,2024-12-05T02:14:59.819558,2024-12-05T03:49:28.368024,CLOSED,CAS-CSE-09-0428,CITIZEN-PORTAL-WEB,False
ALT-CSE-09-02041,CSE-09,HIGH,2024-10-21T19:15:54,2024-10-21T19:26:05.459140,2024-10-21T20:36:50.112416,CLOSED,,GOV-SEC-FW-01,False
ALT-CSE-09-02042,CSE-09,LOW,2024-12-10T13:23:31,2024-12-10T13:30:01.915732,2024-12-10T14:49:39.270110,CLOSED,,ID-GATEWAY-AUTH-01,False
ALT-CSE-09-02043,CSE-09,HIGH,2024-12-10T10:40:00,2024-12-10T10:51:40.085207,2024-12-10T11:42:12.061414,CLOSED,CAS-CSE-09-0429,ID-GATEWAY-AUTH-01,False
ALT-CSE-09-02044,CSE-09,CRITICAL,2024-11-26T01:44:47,2024-11-26T01:57:04.484527,2024-11-26T03:12:45.665699,CLOSED,CAS-CSE-09-0430,ID-GATEWAY-AUTH-01,False
ALT-CSE-09-02045,CSE-09,MEDIUM,2024-10-04T04:17:16,2024-10-04T04:26:35.355915,2024-10-04T05:18:12.654719,CLOSED,,CITIZEN-PORTAL-WEB,False
ALT-CSE-09-02046,CSE-09,LOW,2024-11-23T22:21:01,2024-11-23T22:33:01.702265,2024-11-23T23:34:27.547423,CLOSED,,GOV-SEC-FW-01,False
ALT-CSE-09-02047,CSE-09,HIGH,2024-10-04T00:36:58,2024-10-04T00:43:32.205419,2024-10-04T01:24:13.514240,CLOSED,,CITIZEN-PORTAL-WEB,False
ALT-CSE-09-02048,CSE-09,HIGH,2024-11-04T14:28:12,2024-11-04T14:42:59.623788,2024-11-04T16:10:34.129744,CLOSED,,UID-VAULT-DB,False
ALT-CSE-09-02049,CSE-09,LOW,2024-10-25T16:13:00,2024-10-25T16:18:25.888307,2024-10-25T17:33:35.597893,CLOSED,,UID-VAULT-DB,False
ALT-CSE-09-02050,CSE-09,HIGH,2024-10-19T10:35:39,2024-10-19T10:47:48.811910,2024-10-19T11:38:02.109851,CLOSED,,GOV-SEC-FW-01,False
ALT-CSE-09-02051,CSE-09,CRITICAL,2024-12-10T04:40:15,2024-12-10T04:52:06.737242,2024-12-10T05:59:53.876403,CLOSED,CAS-CSE-09-0431,GOV-SEC-FW-01,False
ALT-CSE-09-02052,CSE-09,MEDIUM,2024-11-03T04:11:33,2024-11-03T04:21:07.679624,2024-11-03T04:56:27.435822,CLOSED,,ID-GATEWAY-AUTH-01,False
ALT-CSE-09-02053,CSE-09,LOW,2024-10-19T18:16:09,2024-10-19T18:20:34.287856,2024-10-19T19:41:13.921098,CLOSED,,UID-VAULT-DB,False
ALT-CSE-09-02054,CSE-09,LOW,2024-12-05T07:40:51,2024-12-05T07:52:50.279772,2024-12-05T09:25:23.289839,CLOSED,,CITIZEN-PORTAL-WEB,False
ALT-CSE-09-02055,CSE-09,LOW,2024-12-12T16:13:01,2024-12-12T16:23:13.297333,2024-12-12T17:50:29.582250,CLOSED,,GOV-SEC-FW-01,False
ALT-CSE-09-02056,CSE-09,HIGH,2024-12-11T21:29:55,2024-12-11T21:39:49.659159,2024-12-11T22:30:39.981435,CLOSED,,UID-VAULT-DB,False
ALT-CSE-09-02057,CSE-09,HIGH,2024-11-29T23:06:23,2024-11-29T23:16:15.833065,2024-11-30T00:25:08.839189,CLOSED,,UID-VAULT-DB,False
ALT-CSE-09-02058,CSE-09,LOW,2024-12-19T13:50:31,2024-12-19T13:58:01.273924,2024-12-19T15:02:54.908516,CLOSED,,ID-GATEWAY-AUTH-01,False
ALT-CSE-09-02059,CSE-09,LOW,2024-10-11T03:51:21,2024-10-11T03:58:27.184005,2024-10-11T05:25:31.231743,CLOSED,,ID-GATEWAY-AUTH-01,False
ALT-CSE-09-02060,CSE-09,CRITICAL,2024-10-21T20:45:14,2024-10-21T20:48:38.222302,2024-10-21T21:44:18.932707,CLOSED,,ID-GATEWAY-AUTH-01,False
ALT-CSE-09-02061,CSE-09,HIGH,2024-10-26T15:12:48,2024-10-26T15:25:36.238461,2024-10-26T16:10:21.814487,CLOSED,CAS-CSE-09-0432,CITIZEN-PORTAL-WEB,False
ALT-CSE-09-02062,CSE-09,MEDIUM,2024-12-29T01:01:08,2024-12-29T01:11:19.254588,2024-12-29T02:22:55.363326,CLOSED,,UID-VAULT-DB,False
ALT-CSE-09-02063,CSE-09,LOW,2024-10-19T03:23:14,2024-10-19T03:26:29.167968,2024-10-19T04:55:20.795191,CLOSED,,CITIZEN-PORTAL-WEB,False
ALT-CSE-09-02064,CSE-09,HIGH,2024-11-28T09:06:06,2024-11-28T09:15:17.040131,2024-11-28T10:02:02.417610,CLOSED,,ID-GATEWAY-AUTH-01,False
ALT-CSE-09-02065,CSE-09,MEDIUM,2024-12-03T04:07:08,2024-12-03T04:18:16.680330,2024-12-03T05:07:47.965990,CLOSED,,UID-VAULT-DB,False
ALT-CSE-09-02066,CSE-09,MEDIUM,2024-12-27T19:49:05,2024-12-27T19:54:06.279865,2024-12-27T20:33:37.596939,CLOSED,,CITIZEN-PORTAL-WEB,False
ALT-CSE-09-02067,CSE-09,HIGH,2024-12-05T09:54:55,2024-12-05T09:59:21.328368,2024-12-05T10:45:48.984887,CLOSED,,ID-GATEWAY-AUTH-01,False
ALT-CSE-09-02068,CSE-09,LOW,2024-10-02T05:38:26,2024-10-02T05:47:04.629852,2024-10-02T07:27:16.822125,CLOSED,,CITIZEN-PORTAL-WEB,False
ALT-CSE-09-02069,CSE-09,MEDIUM,2024-12-01T09:40:54,2024-12-01T09:48:59.465987,2024-12-01T11:15:19.829053,CLOSED,,UID-VAULT-DB,False
ALT-CSE-09-02070,CSE-09,MEDIUM,2024-11-14T15:16:08,2024-11-14T15:18:59.602216,2024-11-14T16:22:30.092934,CLOSED,,CITIZEN-PORTAL-WEB,False
ALT-CSE-09-02071,CSE-09,MEDIUM,2024-12-18T10:43:58,2024-12-18T10:49:37.324154,2024-12-18T12:17:02.625670,CLOSED,,ID-GATEWAY-AUTH-01,False
ALT-CSE-09-02072,CSE-09,CRITICAL,2024-11-20T13:36:13,2024-11-20T13:40:00.581434,2024-11-20T14:35:20.610665,CLOSED,CAS-CSE-09-0433,CITIZEN-PORTAL-WEB,False
ALT-CSE-09-02073,CSE-09,LOW,2024-12-21T18:29:38,2024-12-21T18:41:25.010578,2024-12-21T19:18:27.167959,CLOSED,,GOV-SEC-FW-01,False
ALT-CSE-09-02074,CSE-09,MEDIUM,2024-12-27T00:35:56,2024-12-27T00:48:04.351941,2024-12-27T02:14:30.585552,CLOSED,,ID-GATEWAY-AUTH-01,False
ALT-CSE-09-02075,CSE-09,CRITICAL,2024-11-08T06:58:10,2024-11-08T07:09:19.969609,2024-11-08T08:09:11.082259,CLOSED,CAS-CSE-09-0434,GOV-SEC-FW-01,False
ALT-CSE-09-02076,CSE-09,HIGH,2024-12-04T12:28:09,2024-12-04T12:35:43.417374,2024-12-04T13:59:11.395670,CLOSED,,GOV-SEC-FW-01,False
ALT-CSE-09-02077,CSE-09,MEDIUM,2024-12-13T08:16:48,2024-12-13T08:21:56.389768,2024-12-13T09:26:42.299355,CLOSED,,UID-VAULT-DB,False
ALT-CSE-09-02078,CSE-09,MEDIUM,2024-11-02T07:58:53,2024-11-02T08:07:44.807348,2024-11-02T08:39:59.496140,CLOSED,,ID-GATEWAY-AUTH-01,False
ALT-CSE-09-02079,CSE-09,MEDIUM,2024-10-30T14:03:27,2024-10-30T14:15:34.030586,2024-10-30T15:15:04.788618,CLOSED,,UID-VAULT-DB,False
ALT-CSE-09-02080,CSE-09,CRITICAL,2024-11-22T19:42:20,2024-11-22T19:55:35.027779,2024-11-22T21:27:36.155608,CLOSED,CAS-CSE-09-0435,GOV-SEC-FW-01,False
ALT-CSE-09-02081,CSE-09,CRITICAL,2024-12-17T00:24:05,2024-12-17T00:36:58.069946,2024-12-17T01:42:29.700653,CLOSED,CAS-CSE-09-0436,ID-GATEWAY-AUTH-01,False
ALT-CSE-09-02082,CSE-09,HIGH,2024-11-23T05:52:51,2024-11-23T05:58:27.991090,2024-11-23T07:14:23.308919,CLOSED,,UID-VAULT-DB,False
ALT-CSE-09-02083,CSE-09,HIGH,2024-10-30T07:01:17,2024-10-30T07:14:08.740686,2024-10-30T07:51:44.568669,CLOSED,,CITIZEN-PORTAL-WEB,False
ALT-CSE-09-02084,CSE-09,MEDIUM,2024-12-11T04:23:26,2024-12-11T04:28:45.830994,2024-12-11T06:03:03.592914,CLOSED,,ID-GATEWAY-AUTH-01,False
ALT-CSE-09-02085,CSE-09,CRITICAL,2024-10-20T18:53:00,2024-10-20T19:02:18.811986,2024-10-20T19:55:32.840734,CLOSED,CAS-CSE-09-0437,CITIZEN-PORTAL-WEB,False
ALT-CSE-09-02086,CSE-09,LOW,2024-12-15T12:57:35,2024-12-15T13:12:26.624862,2024-12-15T13:51:27.508315,CLOSED,,UID-VAULT-DB,False
ALT-CSE-09-02087,CSE-09,CRITICAL,2024-11-18T17:35:31,2024-11-18T17:39:26.540848,2024-11-18T18:27:24.685333,CLOSED,,UID-VAULT-DB,False
ALT-CSE-09-02088,CSE-09,CRITICAL,2024-12-07T12:36:20,2024-12-07T12:48:34.941981,2024-12-07T13:45:51.465966,CLOSED,CAS-CSE-09-0438,GOV-SEC-FW-01,False
ALT-CSE-09-02089,CSE-09,HIGH,2024-12-02T08:21:32,2024-12-02T08:27:52.631502,2024-12-02T09:26:05.696366,CLOSED,,CITIZEN-PORTAL-WEB,False
ALT-CSE-09-02090,CSE-09,MEDIUM,2024-11-22T13:52:26,2024-11-22T13:55:09.472874,2024-11-22T15:36:15.027029,CLOSED,,GOV-SEC-FW-01,False
ALT-CSE-09-02091,CSE-09,CRITICAL,2024-10-28T16:30:28,2024-10-28T16:38:37.964361,2024-10-28T17:45:27.977800,CLOSED,CAS-CSE-09-0439,GOV-SEC-FW-01,False
ALT-CSE-09-02092,CSE-09,MEDIUM,2024-11-12T21:16:41,2024-11-12T21:24:02.256100,2024-11-12T23:04:35.610337,CLOSED,,CITIZEN-PORTAL-WEB,False
ALT-CSE-09-02093,CSE-09,LOW,2024-10-28T11:35:10,2024-10-28T11:43:24.986597,2024-10-28T12:50:35.905110,CLOSED,,GOV-SEC-FW-01,False
ALT-CSE-09-02094,CSE-09,LOW,2024-10-22T16:29:20,2024-10-22T16:41:40.611932,2024-10-22T17:10:56.392692,CLOSED,,CITIZEN-PORTAL-WEB,False
ALT-CSE-09-02095,CSE-09,CRITICAL,2024-12-04T12:36:26,2024-12-04T12:47:35.515630,2024-12-04T13:29:43.223521,CLOSED,,GOV-SEC-FW-01,False
ALT-CSE-09-02096,CSE-09,LOW,2024-12-28T19:30:42,2024-12-28T19:41:38.108857,2024-12-28T20:27:53.949341,CLOSED,,CITIZEN-PORTAL-WEB,False
ALT-CSE-09-02097,CSE-09,LOW,2024-12-21T00:52:18,2024-12-21T01:03:37.537611,2024-12-21T01:43:53.875730,CLOSED,,UID-VAULT-DB,False
ALT-CSE-09-02098,CSE-09,MEDIUM,2024-12-10T09:46:54,2024-12-10T09:54:20.424373,2024-12-10T11:18:48.431504,CLOSED,,GOV-SEC-FW-01,False
ALT-CSE-09-02099,CSE-09,LOW,2024-11-01T19:15:25,2024-11-01T19:18:58.118059,2024-11-01T21:01:04.567775,CLOSED,,UID-VAULT-DB,False
ALT-CSE-09-02100,CSE-09,HIGH,2024-11-14T18:20:34,2024-11-14T18:28:00.565370,2024-11-14T19:23:47.284821,CLOSED,,CITIZEN-PORTAL-WEB,False
ALT-CSE-09-02101,CSE-09,MEDIUM,2024-10-22T13:16:05,2024-10-22T13:30:33.234219,2024-10-22T14:30:29.129364,CLOSED,,ID-GATEWAY-AUTH-01,False
ALT-CSE-09-02102,CSE-09,LOW,2024-10-27T15:45:05,2024-10-27T15:52:13.091169,2024-10-27T16:38:50.792893,CLOSED,,ID-GATEWAY-AUTH-01,False
ALT-CSE-09-02103,CSE-09,HIGH,2024-11-14T20:19:47,2024-11-14T20:24:20.744657,2024-11-14T21:17:10.645950,CLOSED,,ID-GATEWAY-AUTH-01,False
ALT-CSE-09-02104,CSE-09,CRITICAL,2024-10-23T03:46:54,2024-10-23T03:58:45.714391,2024-10-23T05:00:34.480083,CLOSED,CAS-CSE-09-0440,ID-GATEWAY-AUTH-01,False
ALT-CSE-09-02105,CSE-09,CRITICAL,2024-10-04T05:56:24,2024-10-04T06:08:17.066052,2024-10-04T07:13:11.217220,CLOSED,CAS-CSE-09-0441,GOV-SEC-FW-01,False
ALT-CSE-09-02106,CSE-09,LOW,2024-11-02T07:24:00,2024-11-02T07:38:28.575893,2024-11-02T08:13:28.821893,CLOSED,,GOV-SEC-FW-01,False
ALT-CSE-09-02107,CSE-09,MEDIUM,2024-11-26T02:28:17,2024-11-26T02:41:23.846407,2024-11-26T04:06:04.172976,CLOSED,,ID-GATEWAY-AUTH-01,False
ALT-CSE-09-02108,CSE-09,LOW,2024-11-03T17:57:47,2024-11-03T18:08:37.315528,2024-11-03T18:40:43.727632,CLOSED,,CITIZEN-PORTAL-WEB,False
ALT-CSE-09-02109,CSE-09,LOW,2024-10-18T19:11:35,2024-10-18T19:15:18.065607,2024-10-18T20:27:06.701804,CLOSED,,ID-GATEWAY-AUTH-01,False
ALT-CSE-09-02110,CSE-09,MEDIUM,2024-11-25T18:14:37,2024-11-25T18:26:35.349058,2024-11-25T19:17:22.999536,CLOSED,,CITIZEN-PORTAL-WEB,False
ALT-CSE-09-02111,CSE-09,MEDIUM,2024-11-13T06:12:38,2024-11-13T06:15:33.917560,2024-11-13T07:11:44.567013,CLOSED,,GOV-SEC-FW-01,False
ALT-CSE-09-02112,CSE-09,HIGH,2024-10-03T01:24:10,2024-10-03T01:28:38.579986,2024-10-03T02:21:48.850162,CLOSED,CAS-CSE-09-0442,CITIZEN-PORTAL-WEB,True
ALT-CSE-09-02113,CSE-09,MEDIUM,2024-12-22T21:08:43,2024-12-22T21:13:01.766981,2024-12-22T22:28:08.200519,CLOSED,,GOV-SEC-FW-01,False
ALT-CSE-09-02114,CSE-09,LOW,2024-11-22T05:03:09,2024-11-22T05:14:35.334132,2024-11-22T06:20:04.469810,CLOSED,,CITIZEN-PORTAL-WEB,False
ALT-CSE-09-02115,CSE-09,CRITICAL,2024-11-18T01:49:49,2024-11-18T01:58:50.068154,2024-11-18T03:03:51.405020,CLOSED,CAS-CSE-09-0443,CITIZEN-PORTAL-WEB,False
ALT-CSE-09-02116,CSE-09,HIGH,2024-11-07T16:02:12,2024-11-07T16:05:42.488477,2024-11-07T16:47:56.049666,CLOSED,,CITIZEN-PORTAL-WEB,False
ALT-CSE-09-02117,CSE-09,MEDIUM,2024-12-07T00:03:25,2024-12-07T00:09:29.065957,2024-12-07T01:52:38.661230,CLOSED,,ID-GATEWAY-AUTH-01,False
ALT-CSE-09-02118,CSE-09,CRITICAL,2024-11-11T05:06:45,2024-11-11T05:16:35.901019,2024-11-11T05:59:03.868218,CLOSED,CAS-CSE-09-0444,GOV-SEC-FW-01,False
ALT-CSE-09-02119,CSE-09,LOW,2024-10-14T12:18:19,2024-10-14T12:29:47.937356,2024-10-14T13:57:22.593357,CLOSED,,GOV-SEC-FW-01,False
ALT-CSE-09-02120,CSE-09,MEDIUM,2024-11-29T11:20:34,2024-11-29T11:29:04.369215,2024-11-29T13:04:30.619193,CLOSED,,ID-GATEWAY-AUTH-01,False
ALT-CSE-09-02121,CSE-09,MEDIUM,2024-10-02T13:37:40,2024-10-02T13:40:48.982942,2024-10-02T14:49:58.308388,CLOSED,,UID-VAULT-DB,False
ALT-CSE-09-02122,CSE-09,MEDIUM,2024-10-11T11:23:27,2024-10-11T11:25:31.280776,2024-10-11T13:08:16.593809,CLOSED,,ID-GATEWAY-AUTH-01,False
ALT-CSE-09-02123,CSE-09,LOW,2024-12-10T16:50:48,2024-12-10T16:58:01.276506,2024-12-10T17:37:51.823307,CLOSED,CAS-CSE-09-0445,GOV-SEC-FW-01,False
ALT-CSE-09-02124,CSE-09,MEDIUM,2024-10-16T22:23:51,2024-10-16T22:31:43.555731,2024-10-16T23:43:37.885889,CLOSED,CAS-CSE-09-0446,GOV-SEC-FW-01,False
ALT-CSE-09-02125,CSE-09,HIGH,2024-12-06T08:52:05,2024-12-06T08:57:56.174695,2024-12-06T10:41:57.474209,CLOSED,,ID-GATEWAY-AUTH-01,False
ALT-CSE-09-02126,CSE-09,MEDIUM,2024-10-01T17:33:07,2024-10-01T17:37:27.678959,2024-10-01T18:30:16.892674,CLOSED,,UID-VAULT-DB,False
ALT-CSE-09-02127,CSE-09,CRITICAL,2024-11-10T18:37:01,2024-11-10T18:41:13.448032,2024-11-10T19:58:12.987857,CLOSED,CAS-CSE-09-0447,ID-GATEWAY-AUTH-01,False
ALT-CSE-09-02128,CSE-09,LOW,2024-10-29T12:55:49,2024-10-29T13:01:08.421875,2024-10-29T14:10:49.624239,CLOSED,CAS-CSE-09-0448,UID-VAULT-DB,True
ALT-CSE-09-02129,CSE-09,HIGH,2024-12-10T08:23:30,2024-12-10T08:38:14.581447,2024-12-10T09:39:04.234882,CLOSED,,ID-GATEWAY-AUTH-01,False
ALT-CSE-09-02130,CSE-09,LOW,2024-10-25T00:41:30,2024-10-25T00:53:56.758536,2024-10-25T01:47:50.270982,CLOSED,CAS-CSE-09-0449,UID-VAULT-DB,False
ALT-CSE-09-02131,CSE-09,LOW,2024-11-23T14:36:53,2024-11-23T14:45:30.258205,2024-11-23T15:43:16.348837,CLOSED,,CITIZEN-PORTAL-WEB,False
ALT-CSE-09-02132,CSE-09,LOW,2024-12-12T09:09:03,2024-12-12T09:22:53.846725,2024-12-12T10:05:32.689492,CLOSED,,ID-GATEWAY-AUTH-01,False
ALT-CSE-09-02133,CSE-09,HIGH,2024-10-28T10:01:11,2024-10-28T10:11:55.695179,2024-10-28T11:02:38.416741,CLOSED,,UID-VAULT-DB,False
ALT-CSE-09-02134,CSE-09,LOW,2024-12-05T19:05:50,2024-12-05T19:11:17.377377,2024-12-05T19:58:51.661177,CLOSED,,ID-GATEWAY-AUTH-01,False
ALT-CSE-09-02135,CSE-09,LOW,2024-10-10T10:47:26,2024-10-10T11:01:05.055188,2024-10-10T11:41:20.401236,CLOSED,,UID-VAULT-DB,False
ALT-CSE-09-02136,CSE-09,HIGH,2024-12-11T05:24:22,2024-12-11T05:29:10.903255,2024-12-11T06:05:13.723919,CLOSED,,ID-GATEWAY-AUTH-01,False
ALT-CSE-09-02137,CSE-09,CRITICAL,2024-11-27T09:31:48,2024-11-27T09:46:23.258854,2024-11-27T10:27:02.375349,CLOSED,CAS-CSE-09-0450,GOV-SEC-FW-01,True
ALT-CSE-09-02138,CSE-09,CRITICAL,2024-12-01T14:09:39,2024-12-01T14:14:27.121640,2024-12-01T15:34:37.421896,CLOSED,CAS-CSE-09-0451,GOV-SEC-FW-01,True
ALT-CSE-09-02139,CSE-09,CRITICAL,2024-12-08T14:07:09,2024-12-08T14:11:27.384609,2024-12-08T15:43:50.587016,CLOSED,CAS-CSE-09-0452,CITIZEN-PORTAL-WEB,False
ALT-CSE-09-02140,CSE-09,CRITICAL,2024-11-21T18:56:08,2024-11-21T19:03:24.292475,2024-11-21T20:35:14.900789,CLOSED,CAS-CSE-09-0453,CITIZEN-PORTAL-WEB,False
ALT-CSE-09-02141,CSE-09,LOW,2024-10-28T21:06:27,2024-10-28T21:15:42.782753,2024-10-28T22:27:14.991163,CLOSED,,ID-GATEWAY-AUTH-01,False
ALT-CSE-09-02142,CSE-09,MEDIUM,2024-12-12T09:32:21,2024-12-12T09:35:11.537155,2024-12-12T11:06:55.993346,CLOSED,,ID-GATEWAY-AUTH-01,False
ALT-CSE-09-02143,CSE-09,LOW,2024-12-06T21:09:50,2024-12-06T21:18:51.383771,2024-12-06T21:55:23.134571,CLOSED,,CITIZEN-PORTAL-WEB,False
ALT-CSE-09-02144,CSE-09,LOW,2024-10-24T02:45:37,2024-10-24T02:56:26.144802,2024-10-24T04:30:57.063359,CLOSED,,UID-VAULT-DB,False
ALT-CSE-09-02145,CSE-09,MEDIUM,2024-10-27T20:32:40,2024-10-27T20:40:55.987777,2024-10-27T22:22:21.517456,CLOSED,,GOV-SEC-FW-01,False
ALT-CSE-09-02146,CSE-09,MEDIUM,2024-10-24T00:21:09,2024-10-24T00:30:13.540926,2024-10-24T01:51:00.586490,CLOSED,,CITIZEN-PORTAL-WEB,False
ALT-CSE-09-02147,CSE-09,CRITICAL,2024-10-26T11:26:17,2024-10-26T11:39:52.050137,2024-10-26T12:40:54.936248,CLOSED,CAS-CSE-09-0454,CITIZEN-PORTAL-WEB,False
ALT-CSE-09-02148,CSE-09,MEDIUM,2024-12-16T15:37:42,2024-12-16T15:46:26.551634,2024-12-16T16:29:08.928074,CLOSED,,CITIZEN-PORTAL-WEB,False
ALT-CSE-09-02149,CSE-09,MEDIUM,2024-10-06T19:00:09,2024-10-06T19:12:09.595253,2024-10-06T19:56:10.074540,CLOSED,,UID-VAULT-DB,False
ALT-CSE-09-02150,CSE-09,HIGH,2024-10-03T22:51:02,2024-10-03T22:59:34.723708,2024-10-04T00:28:08.748243,CLOSED,CAS-CSE-09-0455,ID-GATEWAY-AUTH-01,False
ALT-CSE-09-02151,CSE-09,CRITICAL,2024-11-25T20:03:19,2024-11-25T20:06:39.861834,2024-11-25T21:33:39.112679,CLOSED,CAS-CSE-09-0456,ID-GATEWAY-AUTH-01,False
ALT-CSE-09-02152,CSE-09,MEDIUM,2024-11-01T04:05:31,2024-11-01T04:16:53.523326,2024-11-01T05:08:38.549781,CLOSED,,GOV-SEC-FW-01,False
ALT-CSE-09-02153,CSE-09,MEDIUM,2024-10-25T03:39:31,2024-10-25T03:43:13.406363,2024-10-25T04:47:30.293843,CLOSED,,GOV-SEC-FW-01,False
ALT-CSE-09-02154,CSE-09,LOW,2024-10-22T02:06:17,2024-10-22T02:15:17.564504,2024-10-22T02:59:09.744697,CLOSED,CAS-CSE-09-0457,CITIZEN-PORTAL-WEB,False
ALT-CSE-09-02155,CSE-09,MEDIUM,2024-11-25T07:47:41,2024-11-25T08:01:38.516428,2024-11-25T09:36:07.470854,CLOSED,,CITIZEN-PORTAL-WEB,False
ALT-CSE-09-02156,CSE-09,MEDIUM,2024-10-03T22:57:50,2024-10-03T23:02:48.579254,2024-10-04T00:44:30.328182,CLOSED,,ID-GATEWAY-AUTH-01,False
ALT-CSE-09-02157,CSE-09,LOW,2024-12-15T19:20:11,2024-12-15T19:24:51.131137,2024-12-15T21:00:57.215653,CLOSED,,CITIZEN-PORTAL-WEB,False
ALT-CSE-09-02158,CSE-09,LOW,2024-10-05T04:07:48,2024-10-05T04:17:28.253263,2024-10-05T05:04:15.459878,CLOSED,,UID-VAULT-DB,False
ALT-CSE-09-02159,CSE-09,CRITICAL,2024-12-11T14:39:09,2024-12-11T14:41:38.011880,2024-12-11T15:50:13.637028,CLOSED,CAS-CSE-09-0458,CITIZEN-PORTAL-WEB,False
ALT-CSE-09-02160,CSE-09,MEDIUM,2024-10-05T22:54:35,2024-10-05T23:07:16.406267,2024-10-05T23:47:08.533274,CLOSED,,ID-GATEWAY-AUTH-01,False
ALT-CSE-09-02161,CSE-09,CRITICAL,2024-10-25T01:12:38,2024-10-25T01:20:48.243728,2024-10-25T01:56:07.811695,CLOSED,CAS-CSE-09-0459,CITIZEN-PORTAL-WEB,False
ALT-CSE-09-02162,CSE-09,MEDIUM,2024-10-13T18:53:33,2024-10-13T19:00:53.109464,2024-10-13T20:41:49.402122,CLOSED,,GOV-SEC-FW-01,False
ALT-CSE-09-02163,CSE-09,HIGH,2024-12-25T14:21:45,2024-12-25T14:35:31.342186,2024-12-25T15:17:11.013536,CLOSED,,ID-GATEWAY-AUTH-01,False
ALT-CSE-09-02164,CSE-09,MEDIUM,2024-12-07T07:44:51,2024-12-07T07:49:43.789622,2024-12-07T09:27:26.270889,CLOSED,,ID-GATEWAY-AUTH-01,False
ALT-CSE-09-02165,CSE-09,LOW,2024-12-24T01:42:22,2024-12-24T01:44:33.851609,2024-12-24T02:27:17.635678,CLOSED,,ID-GATEWAY-AUTH-01,False
ALT-CSE-09-02166,CSE-09,HIGH,2024-10-08T06:08:39,2024-10-08T06:14:42.401686,2024-10-08T07:22:12.952465,CLOSED,,ID-GATEWAY-AUTH-01,False
ALT-CSE-09-02167,CSE-09,HIGH,2024-11-30T19:51:52,2024-11-30T20:00:32.633415,2024-11-30T20:45:07.479128,CLOSED,,UID-VAULT-DB,False
ALT-CSE-09-02168,CSE-09,LOW,2024-12-23T16:10:43,2024-12-23T16:14:57.666421,2024-12-23T17:36:54.146417,CLOSED,,CITIZEN-PORTAL-WEB,False
ALT-CSE-09-02169,CSE-09,MEDIUM,2024-10-15T08:35:17,2024-10-15T08:48:12.634946,2024-10-15T10:00:05.208334,CLOSED,,ID-GATEWAY-AUTH-01,False
ALT-CSE-09-02170,CSE-09,LOW,2024-12-09T19:22:36,2024-12-09T19:30:01.717044,2024-12-09T20:41:47.770839,CLOSED,,CITIZEN-PORTAL-WEB,False
ALT-CSE-09-02171,CSE-09,HIGH,2024-10-27T16:37:30,2024-10-27T16:52:21.663078,2024-10-27T17:34:54.420332,CLOSED,,ID-GATEWAY-AUTH-01,False
ALT-CSE-09-02172,CSE-09,LOW,2024-11-03T10:15:59,2024-11-03T10:22:01.660929,2024-11-03T11:21:29.953872,CLOSED,CAS-CSE-09-0460,UID-VAULT-DB,False
ALT-CSE-09-02173,CSE-09,MEDIUM,2024-11-11T22:25:25,2024-11-11T22:28:14.572379,2024-11-12T00:08:01.448168,CLOSED,,GOV-SEC-FW-01,False
ALT-CSE-09-02174,CSE-09,LOW,2024-12-24T08:55:32,2024-12-24T09:09:13.224793,2024-12-24T09:49:06.665832,CLOSED,,ID-GATEWAY-AUTH-01,False
ALT-CSE-09-02175,CSE-09,HIGH,2024-10-03T14:55:24,2024-10-03T15:04:16.877825,2024-10-03T15:56:39.912224,CLOSED,,UID-VAULT-DB,False
ALT-CSE-09-02176,CSE-09,HIGH,2024-10-28T19:15:47,2024-10-28T19:25:56.595603,2024-10-28T21:00:20.758116,CLOSED,,CITIZEN-PORTAL-WEB,False
ALT-CSE-09-02177,CSE-09,CRITICAL,2024-12-11T04:51:57,2024-12-11T05:02:37.750929,2024-12-11T06:12:32.213523,CLOSED,CAS-CSE-09-0461,GOV-SEC-FW-01,False
ALT-CSE-09-02178,CSE-09,MEDIUM,2024-12-27T02:31:11,2024-12-27T02:44:40.149146,2024-12-27T04:15:26.006910,CLOSED,,CITIZEN-PORTAL-WEB,False
ALT-CSE-09-02179,CSE-09,HIGH,2024-12-28T21:44:28,2024-12-28T21:55:48.127413,2024-12-28T23:30:31.295385,CLOSED,,CITIZEN-PORTAL-WEB,False
ALT-CSE-09-02180,CSE-09,HIGH,2024-11-28T19:59:38,2024-11-28T20:04:40.900344,2024-11-28T21:30:36.806299,CLOSED,,GOV-SEC-FW-01,False
ALT-CSE-09-02181,CSE-09,LOW,2024-10-12T02:52:36,2024-10-12T02:56:05.526836,2024-10-12T04:40:15.380154,CLOSED,,CITIZEN-PORTAL-WEB,False
ALT-CSE-09-02182,CSE-09,MEDIUM,2024-10-12T19:22:44,2024-10-12T19:26:00.049611,2024-10-12T21:03:45.036459,CLOSED,,UID-VAULT-DB,False
ALT-CSE-09-02183,CSE-09,HIGH,2024-10-27T08:16:28,2024-10-27T08:22:29.270836,2024-10-27T09:40:40.892204,CLOSED,,ID-GATEWAY-AUTH-01,False
ALT-CSE-09-02184,CSE-09,HIGH,2024-12-08T10:22:57,2024-12-08T10:34:24.666199,2024-12-08T11:42:05.436053,CLOSED,,ID-GATEWAY-AUTH-01,False
ALT-CSE-09-02185,CSE-09,MEDIUM,2024-12-03T05:48:59,2024-12-03T05:59:36.463499,2024-12-03T06:34:54.348163,CLOSED,,ID-GATEWAY-AUTH-01,False
ALT-CSE-09-02186,CSE-09,LOW,2024-11-26T09:09:01,2024-11-26T09:13:08.398299,2024-11-26T10:53:57.823714,CLOSED,,CITIZEN-PORTAL-WEB,False
ALT-CSE-09-02187,CSE-09,MEDIUM,2024-12-22T07:57:20,2024-12-22T08:05:42.940328,2024-12-22T08:47:16.815106,CLOSED,,ID-GATEWAY-AUTH-01,False
ALT-CSE-09-02188,CSE-09,MEDIUM,2024-10-18T12:39:18,2024-10-18T12:46:59.612720,2024-10-18T13:40:01.124342,CLOSED,,GOV-SEC-FW-01,False
ALT-CSE-09-02189,CSE-09,CRITICAL,2024-12-16T09:11:22,2024-12-16T09:16:52.903763,2024-12-16T10:20:37.394868,CLOSED,CAS-CSE-09-0462,GOV-SEC-FW-01,False
ALT-CSE-09-02190,CSE-09,MEDIUM,2024-11-12T08:43:22,2024-11-12T08:47:21.427742,2024-11-12T09:51:54.450446,CLOSED,CAS-CSE-09-0463,UID-VAULT-DB,False
ALT-CSE-09-02191,CSE-09,HIGH,2024-12-13T17:25:04,2024-12-13T17:34:32.906012,2024-12-13T18:29:54.437943,CLOSED,,UID-VAULT-DB,False
ALT-CSE-09-02192,CSE-09,LOW,2024-10-31T21:01:48,2024-10-31T21:04:56.179944,2024-10-31T22:36:55.478654,CLOSED,,GOV-SEC-FW-01,False
ALT-CSE-09-02193,CSE-09,CRITICAL,2024-10-02T16:26:27,2024-10-02T16:32:21.651664,2024-10-02T17:13:48.216078,CLOSED,CAS-CSE-09-0464,UID-VAULT-DB,False
ALT-CSE-09-02194,CSE-09,HIGH,2024-12-27T22:27:20,2024-12-27T22:39:44.669285,2024-12-28T00:00:39.117529,CLOSED,CAS-CSE-09-0465,UID-VAULT-DB,False
ALT-CSE-09-02195,CSE-09,MEDIUM,2024-10-07T21:56:37,2024-10-07T22:01:49.123256,2024-10-07T23:11:03.117002,CLOSED,,UID-VAULT-DB,False
ALT-CSE-09-02196,CSE-09,LOW,2024-10-14T04:24:12,2024-10-14T04:36:57.315458,2024-10-14T05:17:56.425078,CLOSED,,CITIZEN-PORTAL-WEB,False
ALT-CSE-09-02197,CSE-09,MEDIUM,2024-11-07T00:04:38,2024-11-07T00:13:20.308047,2024-11-07T00:55:43.944849,CLOSED,,UID-VAULT-DB,False
ALT-CSE-09-02198,CSE-09,LOW,2024-12-13T23:07:29,2024-12-13T23:17:17.501709,2024-12-14T00:54:35.212996,CLOSED,CAS-CSE-09-0466,UID-VAULT-DB,False
ALT-CSE-09-02199,CSE-09,LOW,2024-11-10T03:31:52,2024-11-10T03:38:18.348526,2024-11-10T05:03:11.327030,CLOSED,,GOV-SEC-FW-01,False
ALT-CSE-09-02200,CSE-09,MEDIUM,2024-11-25T04:41:15,2024-11-25T04:49:48.268001,2024-11-25T05:23:15.891955,CLOSED,,CITIZEN-PORTAL-WEB,False
ALT-CSE-09-02201,CSE-09,HIGH,2024-10-25T18:34:17,2024-10-25T18:46:06.487932,2024-10-25T19:24:03.815272,CLOSED,,CITIZEN-PORTAL-WEB,False
ALT-CSE-09-02202,CSE-09,HIGH,2024-11-03T14:28:20,2024-11-03T14:33:17.944944,2024-11-03T16:03:10.625209,CLOSED,,ID-GATEWAY-AUTH-01,False
ALT-CSE-09-02203,CSE-09,HIGH,2024-12-08T19:39:40,2024-12-08T19:53:11.940501,2024-12-08T20:34:09.179559,CLOSED,,CITIZEN-PORTAL-WEB,False
ALT-CSE-09-02204,CSE-09,MEDIUM,2024-10-09T21:15:19,2024-10-09T21:21:55.209302,2024-10-09T22:04:09.116512,CLOSED,,UID-VAULT-DB,False
ALT-CSE-09-02205,CSE-09,HIGH,2024-11-25T23:50:46,2024-11-25T23:56:56.091391,2024-11-26T01:34:01.548070,CLOSED,,UID-VAULT-DB,False
ALT-CSE-09-02206,CSE-09,HIGH,2024-11-26T02:57:50,2024-11-26T03:09:51.368319,2024-11-26T03:47:30.244921,CLOSED,,UID-VAULT-DB,False
ALT-CSE-09-02207,CSE-09,MEDIUM,2024-10-17T07:20:34,2024-10-17T07:25:45.633497,2024-10-17T08:16:09.333511,CLOSED,,ID-GATEWAY-AUTH-01,False
ALT-CSE-09-02208,CSE-09,MEDIUM,2024-10-01T14:14:37,2024-10-01T14:26:57.638319,2024-10-01T15:39:43.199621,CLOSED,,ID-GATEWAY-AUTH-01,False
ALT-CSE-09-02209,CSE-09,LOW,2024-11-13T20:40:23,2024-11-13T20:54:59.018342,2024-11-13T22:28:35.590648,CLOSED,,ID-GATEWAY-AUTH-01,False
ALT-CSE-09-02210,CSE-09,HIGH,2024-10-02T00:06:41,2024-10-02T00:18:52.493100,2024-10-02T01:39:22.122281,CLOSED,CAS-CSE-09-0467,ID-GATEWAY-AUTH-01,False
ALT-CSE-09-02211,CSE-09,HIGH,2024-10-04T22:47:37,2024-10-04T22:51:07.911170,2024-10-05T00:27:32.338396,CLOSED,,ID-GATEWAY-AUTH-01,False
ALT-CSE-09-02212,CSE-09,CRITICAL,2024-12-20T00:07:21,2024-12-20T00:10:53.337377,2024-12-20T01:24:49.116804,CLOSED,CAS-CSE-09-0468,GOV-SEC-FW-01,False
ALT-CSE-09-02213,CSE-09,MEDIUM,2024-11-15T15:12:41,2024-11-15T15:27:26.732361,2024-11-15T15:54:36.540873,CLOSED,,GOV-SEC-FW-01,False
ALT-CSE-09-02214,CSE-09,LOW,2024-12-07T03:17:04,2024-12-07T03:23:28.075367,2024-12-07T05:00:31.553576,CLOSED,CAS-CSE-09-0469,ID-GATEWAY-AUTH-01,False
ALT-CSE-09-02215,CSE-09,CRITICAL,2024-12-17T07:22:06,2024-12-17T07:34:57.100400,2024-12-17T08:14:56.590053,CLOSED,CAS-CSE-09-0470,ID-GATEWAY-AUTH-01,True
ALT-CSE-09-02216,CSE-09,MEDIUM,2024-12-23T02:40:47,2024-12-23T02:46:23.586824,2024-12-23T03:50:39.480268,CLOSED,,ID-GATEWAY-AUTH-01,False
ALT-CSE-09-02217,CSE-09,MEDIUM,2024-10-18T21:39:42,2024-10-18T21:43:54.780335,2024-10-18T22:29:04.349082,CLOSED,CAS-CSE-09-0471,UID-VAULT-DB,True
ALT-CSE-09-02218,CSE-09,MEDIUM,2024-12-25T18:19:03,2024-12-25T18:25:06.925852,2024-12-25T19:46:01.533033,CLOSED,,GOV-SEC-FW-01,False
ALT-CSE-09-02219,CSE-09,HIGH,2024-10-26T14:11:01,2024-10-26T14:21:35.868277,2024-10-26T15:24:34.125101,CLOSED,,CITIZEN-PORTAL-WEB,False
ALT-CSE-09-02220,CSE-09,CRITICAL,2024-11-15T17:07:02,2024-11-15T17:16:17.414751,2024-11-15T18:11:49.687106,CLOSED,CAS-CSE-09-0472,UID-VAULT-DB,False
ALT-CSE-09-02221,CSE-09,LOW,2024-11-12T12:55:57,2024-11-12T13:10:42.116734,2024-11-12T13:56:09.587434,CLOSED,,GOV-SEC-FW-01,False
ALT-CSE-09-02222,CSE-09,LOW,2024-10-28T15:40:34,2024-10-28T15:43:27.759906,2024-10-28T17:28:41.834677,CLOSED,,ID-GATEWAY-AUTH-01,False
ALT-CSE-09-02223,CSE-09,HIGH,2024-10-29T03:22:31,2024-10-29T03:30:27.828634,2024-10-29T04:46:58.420658,CLOSED,,UID-VAULT-DB,False
ALT-CSE-09-02224,CSE-09,MEDIUM,2024-12-26T14:08:01,2024-12-26T14:14:29.913265,2024-12-26T15:52:10.843271,CLOSED,,GOV-SEC-FW-01,False
ALT-CSE-09-02225,CSE-09,LOW,2024-12-26T21:14:13,2024-12-26T21:28:21.551734,2024-12-26T22:03:22.858336,CLOSED,,GOV-SEC-FW-01,False
ALT-CSE-09-02226,CSE-09,MEDIUM,2024-12-01T19:23:14,2024-12-01T19:34:13.654113,2024-12-01T20:30:55.696833,CLOSED,,GOV-SEC-FW-01,False
ALT-CSE-09-02227,CSE-09,LOW,2024-12-03T20:59:46,2024-12-03T21:14:27.385927,2024-12-03T22:47:53.617383,CLOSED,,GOV-SEC-FW-01,False
ALT-CSE-09-02228,CSE-09,MEDIUM,2024-12-04T19:53:27,2024-12-04T20:06:57.943950,2024-12-04T21:06:21.532482,CLOSED,,GOV-SEC-FW-01,False
ALT-CSE-09-02229,CSE-09,MEDIUM,2024-12-26T12:17:01,2024-12-26T12:26:26.512352,2024-12-26T13:07:01.845955,CLOSED,,ID-GATEWAY-AUTH-01,False
ALT-CSE-09-02230,CSE-09,LOW,2024-12-15T04:25:09,2024-12-15T04:27:35.257101,2024-12-15T06:05:13.535322,CLOSED,,ID-GATEWAY-AUTH-01,False
ALT-CSE-09-02231,CSE-09,HIGH,2024-10-15T23:09:16,2024-10-15T23:16:07.760404,2024-10-16T00:51:31.042144,CLOSED,,UID-VAULT-DB,False
ALT-CSE-09-02232,CSE-09,HIGH,2024-11-03T18:37:07,2024-11-03T18:46:43.114468,2024-11-03T19:20:42.243522,CLOSED,,CITIZEN-PORTAL-WEB,False
ALT-CSE-09-02233,CSE-09,CRITICAL,2024-10-05T13:18:09,2024-10-05T13:29:34.010392,2024-10-05T14:54:44.917031,CLOSED,,GOV-SEC-FW-01,False
ALT-CSE-09-02234,CSE-09,MEDIUM,2024-11-08T21:12:04,2024-11-08T21:25:38.843350,2024-11-08T22:05:52.877377,CLOSED,,CITIZEN-PORTAL-WEB,False
ALT-CSE-09-02235,CSE-09,MEDIUM,2024-11-08T18:20:17,2024-11-08T18:34:10.984521,2024-11-08T19:38:53.816628,CLOSED,,GOV-SEC-FW-01,False
ALT-CSE-09-02236,CSE-09,HIGH,2024-10-07T06:51:08,2024-10-07T06:57:36.777957,2024-10-07T07:35:48.126319,CLOSED,CAS-CSE-09-0473,GOV-SEC-FW-01,False
ALT-CSE-09-02237,CSE-09,HIGH,2024-11-29T09:26:22,2024-11-29T09:39:19.211173,2024-11-29T11:09:27.787725,CLOSED,,ID-GATEWAY-AUTH-01,False
ALT-CSE-09-02238,CSE-09,CRITICAL,2024-10-20T06:20:53,2024-10-20T06:34:24.738604,2024-10-20T07:31:00.466421,CLOSED,,CITIZEN-PORTAL-WEB,False
ALT-CSE-09-02239,CSE-09,LOW,2024-12-08T16:21:17,2024-12-08T16:36:03.332996,2024-12-08T18:07:58.582299,CLOSED,,GOV-SEC-FW-01,False
ALT-CSE-09-02240,CSE-09,HIGH,2024-11-02T19:07:18,2024-11-02T19:17:58.351916,2024-11-02T20:44:10.576142,CLOSED,,UID-VAULT-DB,False
ALT-CSE-09-02241,CSE-09,MEDIUM,2024-11-17T23:20:22,2024-11-17T23:32:24.119679,2024-11-18T00:11:59.248810,CLOSED,,ID-GATEWAY-AUTH-01,False
ALT-CSE-09-02242,CSE-09,LOW,2024-12-20T20:00:02,2024-12-20T20:11:07.764776,2024-12-20T21:07:52.620841,CLOSED,,UID-VAULT-DB,False
ALT-CSE-09-02243,CSE-09,LOW,2024-11-06T04:40:09,2024-11-06T04:44:41.252103,2024-11-06T05:30:18.420452,CLOSED,,GOV-SEC-FW-01,False
ALT-CSE-09-02244,CSE-09,MEDIUM,2024-10-29T05:57:40,2024-10-29T06:04:01.239245,2024-10-29T06:46:49.093998,CLOSED,,CITIZEN-PORTAL-WEB,False
ALT-CSE-09-02245,CSE-09,HIGH,2024-11-17T00:43:29,2024-11-17T00:48:09.907043,2024-11-17T02:08:36.807349,CLOSED,,UID-VAULT-DB,False
ALT-CSE-09-02246,CSE-09,LOW,2024-10-09T02:27:29,2024-10-09T02:40:23.046964,2024-10-09T03:42:49.112404,CLOSED,,UID-VAULT-DB,False
ALT-CSE-09-02247,CSE-09,CRITICAL,2024-12-24T15:19:10,2024-12-24T15:33:31.204469,2024-12-24T16:46:22.560452,CLOSED,CAS-CSE-09-0474,GOV-SEC-FW-01,False
ALT-CSE-09-02248,CSE-09,MEDIUM,2024-10-18T03:52:40,2024-10-18T04:07:25.779059,2024-10-18T05:04:48.601020,CLOSED,,CITIZEN-PORTAL-WEB,False
ALT-CSE-09-02249,CSE-09,MEDIUM,2024-12-14T10:32:37,2024-12-14T10:38:42.178917,2024-12-14T12:08:29.226355,CLOSED,,UID-VAULT-DB,False
ALT-CSE-09-02250,CSE-09,MEDIUM,2024-12-03T19:57:39,2024-12-03T20:00:28.915976,2024-12-03T20:49:31.018612,CLOSED,,GOV-SEC-FW-01,False
ALT-CSE-09-02251,CSE-09,MEDIUM,2024-11-09T10:08:08,2024-11-09T10:17:16.539266,2024-11-09T11:14:57.128876,CLOSED,,CITIZEN-PORTAL-WEB,False
ALT-CSE-09-02252,CSE-09,CRITICAL,2024-12-27T13:20:38,2024-12-27T13:25:01.723704,2024-12-27T14:26:36.870160,CLOSED,,UID-VAULT-DB,False
ALT-CSE-09-02253,CSE-09,MEDIUM,2024-12-15T18:39:20,2024-12-15T18:52:24.243171,2024-12-15T20:09:00.580978,CLOSED,,GOV-SEC-FW-01,False
ALT-CSE-09-02254,CSE-09,MEDIUM,2024-11-17T20:33:28,2024-11-17T20:41:06.502552,2024-11-17T21:48:29.767608,CLOSED,,UID-VAULT-DB,False
ALT-CSE-09-02255,CSE-09,CRITICAL,2024-10-13T05:39:32,2024-10-13T05:51:19.859409,2024-10-13T06:19:45.326323,CLOSED,CAS-CSE-09-0475,CITIZEN-PORTAL-WEB,False
ALT-CSE-09-02256,CSE-09,MEDIUM,2024-12-25T14:32:37,2024-12-25T14:44:32.444211,2024-12-25T15:57:51.069665,CLOSED,,CITIZEN-PORTAL-WEB,False
ALT-CSE-09-02257,CSE-09,CRITICAL,2024-10-31T01:46:18,2024-10-31T01:53:15.892690,2024-10-31T03:04:41.378411,CLOSED,CAS-CSE-09-0476,ID-GATEWAY-AUTH-01,True
ALT-CSE-09-02258,CSE-09,LOW,2024-10-31T07:33:37,2024-10-31T07:42:06.224886,2024-10-31T09:00:32.149553,CLOSED,CAS-CSE-09-0477,ID-GATEWAY-AUTH-01,False
ALT-CSE-09-02259,CSE-09,HIGH,2024-10-27T05:04:37,2024-10-27T05:10:43.618341,2024-10-27T06:37:29.088069,CLOSED,,UID-VAULT-DB,False
ALT-CSE-09-02260,CSE-09,LOW,2024-12-26T10:57:03,2024-12-26T11:04:23.793511,2024-12-26T12:14:55.948020,CLOSED,,UID-VAULT-DB,False
ALT-CSE-09-02261,CSE-09,HIGH,2024-10-23T06:20:51,2024-10-23T06:28:14.018816,2024-10-23T07:53:21.152550,CLOSED,,CITIZEN-PORTAL-WEB,False
ALT-CSE-09-02262,CSE-09,MEDIUM,2024-10-09T02:20:34,2024-10-09T02:28:23.050604,2024-10-09T03:16:56.917221,CLOSED,,UID-VAULT-DB,False
ALT-CSE-09-02263,CSE-09,CRITICAL,2024-10-27T14:37:35,2024-10-27T14:50:18.671648,2024-10-27T16:18:34.883631,CLOSED,CAS-CSE-09-0478,GOV-SEC-FW-01,True
ALT-CSE-09-02264,CSE-09,HIGH,2024-12-06T11:44:20,2024-12-06T11:54:14.696099,2024-12-06T13:04:21.043360,CLOSED,,UID-VAULT-DB,False
ALT-CSE-09-02265,CSE-09,MEDIUM,2024-11-24T09:36:37,2024-11-24T09:42:50.831097,2024-11-24T11:24:02.812797,CLOSED,CAS-CSE-09-0479,CITIZEN-PORTAL-WEB,False
ALT-CSE-09-02266,CSE-09,HIGH,2024-11-27T00:44:05,2024-11-27T00:51:28.434846,2024-11-27T01:39:09.348773,CLOSED,,GOV-SEC-FW-01,False
ALT-CSE-09-02267,CSE-09,LOW,2024-10-11T19:35:56,2024-10-11T19:41:21.176744,2024-10-11T20:50:30.803161,CLOSED,,GOV-SEC-FW-01,False
ALT-CSE-09-02268,CSE-09,LOW,2024-12-22T18:52:49,2024-12-22T19:04:07.457300,2024-12-22T19:35:52.279133,CLOSED,,GOV-SEC-FW-01,False
ALT-CSE-09-02269,CSE-09,CRITICAL,2024-12-20T18:55:14,2024-12-20T19:08:10.012378,2024-12-20T20:23:19.082125,CLOSED,CAS-CSE-09-0480,GOV-SEC-FW-01,False
ALT-CSE-09-02270,CSE-09,MEDIUM,2024-12-15T09:11:24,2024-12-15T09:21:55.279617,2024-12-15T09:55:06.530543,CLOSED,,GOV-SEC-FW-01,False
ALT-CSE-09-02271,CSE-09,HIGH,2024-10-12T05:17:20,2024-10-12T05:26:50.991708,2024-10-12T06:06:16.915023,CLOSED,,ID-GATEWAY-AUTH-01,False
ALT-CSE-09-02272,CSE-09,LOW,2024-10-22T18:02:41,2024-10-22T18:09:35.337977,2024-10-22T18:58:00.692401,CLOSED,,UID-VAULT-DB,False
ALT-CSE-09-02273,CSE-09,MEDIUM,2024-12-20T06:22:47,2024-12-20T06:32:14.923962,2024-12-20T07:55:28.804450,CLOSED,,UID-VAULT-DB,False
ALT-CSE-09-02274,CSE-09,MEDIUM,2024-11-18T16:36:00,2024-11-18T16:40:44.258017,2024-11-18T18:03:05.572228,CLOSED,,GOV-SEC-FW-01,False
ALT-CSE-09-02275,CSE-09,HIGH,2024-12-28T11:27:45,2024-12-28T11:30:58.991113,2024-12-28T12:34:24.794382,CLOSED,CAS-CSE-09-0481,ID-GATEWAY-AUTH-01,False
ALT-CSE-09-02276,CSE-09,HIGH,2024-12-19T02:23:16,2024-12-19T02:29:29.043591,2024-12-19T03:07:16.877062,CLOSED,,GOV-SEC-FW-01,False
ALT-CSE-09-02277,CSE-09,CRITICAL,2024-12-17T22:49:50,2024-12-17T23:00:53.531110,2024-12-18T00:25:09.785681,CLOSED,CAS-CSE-09-0482,GOV-SEC-FW-01,False
ALT-CSE-09-02278,CSE-09,CRITICAL,2024-12-08T14:50:47,2024-12-08T15:00:13.660947,2024-12-08T16:31:16.750356,CLOSED,CAS-CSE-09-0483,CITIZEN-PORTAL-WEB,False
ALT-CSE-09-02279,CSE-09,LOW,2024-11-09T03:12:38,2024-11-09T03:25:34.160844,2024-11-09T04:58:52.353623,CLOSED,,CITIZEN-PORTAL-WEB,False
ALT-CSE-09-02280,CSE-09,MEDIUM,2024-11-01T01:37:15,2024-11-01T01:42:17.478398,2024-11-01T03:02:32.154363,CLOSED,,CITIZEN-PORTAL-WEB,False
ALT-CSE-09-02281,CSE-09,LOW,2024-11-26T05:16:56,2024-11-26T05:31:42.869884,2024-11-26T06:14:56.521555,CLOSED,,GOV-SEC-FW-01,False
ALT-CSE-09-02282,CSE-09,LOW,2024-11-25T10:20:03,2024-11-25T10:33:45.295214,2024-11-25T11:25:02.747584,CLOSED,,GOV-SEC-FW-01,False
ALT-CSE-09-02283,CSE-09,MEDIUM,2024-12-11T11:06:29,2024-12-11T11:16:59.571090,2024-12-11T12:16:36.749013,CLOSED,,GOV-SEC-FW-01,False
ALT-CSE-09-02284,CSE-09,MEDIUM,2024-12-28T18:59:52,2024-12-28T19:12:40.513260,2024-12-28T20:19:05.505438,CLOSED,,CITIZEN-PORTAL-WEB,False
ALT-CSE-09-02285,CSE-09,MEDIUM,2024-10-26T21:27:39,2024-10-26T21:34:12.856316,2024-10-26T22:46:19.051719,CLOSED,,ID-GATEWAY-AUTH-01,False
ALT-CSE-09-02286,CSE-09,LOW,2024-12-12T16:01:10,2024-12-12T16:07:43.906309,2024-12-12T17:39:08.154496,CLOSED,,ID-GATEWAY-AUTH-01,False
ALT-CSE-09-02287,CSE-09,CRITICAL,2024-11-10T14:29:45,2024-11-10T14:40:14.461808,2024-11-10T15:44:54.109566,CLOSED,CAS-CSE-09-0484,CITIZEN-PORTAL-WEB,False
ALT-CSE-09-02288,CSE-09,HIGH,2024-10-28T16:54:03,2024-10-28T17:08:09.376897,2024-10-28T17:50:20.930205,CLOSED,,CITIZEN-PORTAL-WEB,False
ALT-CSE-09-02289,CSE-09,MEDIUM,2024-10-31T07:51:45,2024-10-31T07:56:03.478086,2024-10-31T09:13:24.815559,CLOSED,,UID-VAULT-DB,False
ALT-CSE-09-02290,CSE-09,LOW,2024-11-07T03:13:49,2024-11-07T03:19:10.020996,2024-11-07T04:30:59.356166,CLOSED,,CITIZEN-PORTAL-WEB,False
ALT-CSE-09-02291,CSE-09,HIGH,2024-10-23T12:41:27,2024-10-23T12:48:47.871812,2024-10-23T13:53:53.501705,CLOSED,,UID-VAULT-DB,False
ALT-CSE-09-02292,CSE-09,MEDIUM,2024-10-22T01:37:34,2024-10-22T01:43:24.746732,2024-10-22T02:37:00.133108,CLOSED,,GOV-SEC-FW-01,False
ALT-CSE-09-02293,CSE-09,CRITICAL,2024-12-07T20:04:23,2024-12-07T20:19:07.043544,2024-12-07T21:25:24.897384,CLOSED,CAS-CSE-09-0485,UID-VAULT-DB,False
ALT-CSE-09-02294,CSE-09,CRITICAL,2024-11-10T15:32:34,2024-11-10T15:38:33.944814,2024-11-10T17:16:03.423267,CLOSED,CAS-CSE-09-0486,GOV-SEC-FW-01,True
ALT-CSE-09-02295,CSE-09,HIGH,2024-11-28T12:11:25,2024-11-28T12:15:22.676842,2024-11-28T13:48:35.844043,CLOSED,,CITIZEN-PORTAL-WEB,False
ALT-CSE-09-02296,CSE-09,CRITICAL,2024-12-27T04:09:33,2024-12-27T04:13:59.072538,2024-12-27T05:04:58.729747,CLOSED,CAS-CSE-09-0487,UID-VAULT-DB,False
ALT-CSE-09-02297,CSE-09,MEDIUM,2024-11-05T04:00:28,2024-11-05T04:04:09.406241,2024-11-05T05:12:54.463353,CLOSED,,UID-VAULT-DB,False
ALT-CSE-09-02298,CSE-09,MEDIUM,2024-11-03T08:35:59,2024-11-03T08:48:28.298811,2024-11-03T09:23:39.252941,CLOSED,CAS-CSE-09-0488,CITIZEN-PORTAL-WEB,False
ALT-CSE-09-02299,CSE-09,CRITICAL,2024-12-16T16:33:20,2024-12-16T16:37:48.928946,2024-12-16T17:53:02.336802,CLOSED,CAS-CSE-09-0489,GOV-SEC-FW-01,True
ALT-CSE-09-02300,CSE-09,LOW,2024-10-02T06:06:06,2024-10-02T06:15:59.513189,2024-10-02T07:42:08.879053,CLOSED,,UID-VAULT-DB,False
ALT-CSE-09-02301,CSE-09,LOW,2024-11-26T02:24:08,2024-11-26T02:29:31.560293,2024-11-26T03:59:36.032951,CLOSED,,UID-VAULT-DB,False
ALT-CSE-09-02302,CSE-09,HIGH,2024-11-29T03:52:28,2024-11-29T04:00:28.187520,2024-11-29T04:54:21.866610,CLOSED,,ID-GATEWAY-AUTH-01,False
ALT-CSE-09-02303,CSE-09,HIGH,2024-10-06T20:25:36,2024-10-06T20:35:47.818105,2024-10-06T21:11:24.491647,CLOSED,,CITIZEN-PORTAL-WEB,False
ALT-CSE-09-02304,CSE-09,LOW,2024-12-01T23:08:09,2024-12-01T23:18:17.528207,2024-12-02T00:43:58.083827,CLOSED,,UID-VAULT-DB,False
ALT-CSE-09-02305,CSE-09,LOW,2024-12-09T03:46:24,2024-12-09T03:50:06.720708,2024-12-09T04:52:22.229633,CLOSED,,GOV-SEC-FW-01,False
ALT-CSE-09-02306,CSE-09,CRITICAL,2024-12-15T18:46:38,2024-12-15T19:01:06.358949,2024-12-15T19:56:33.653102,CLOSED,CAS-CSE-09-0490,UID-VAULT-DB,True
ALT-CSE-09-02307,CSE-09,LOW,2024-11-02T19:41:59,2024-11-02T19:54:32.750898,2024-11-02T20:50:47.210641,CLOSED,,CITIZEN-PORTAL-WEB,False
ALT-CSE-09-02308,CSE-09,LOW,2024-11-01T14:40:31,2024-11-01T14:54:20.122014,2024-11-01T15:50:20.705016,CLOSED,CAS-CSE-09-0491,CITIZEN-PORTAL-WEB,False
ALT-CSE-09-02309,CSE-09,MEDIUM,2024-11-15T03:37:48,2024-11-15T03:45:16.934571,2024-11-15T04:19:26.730618,CLOSED,,GOV-SEC-FW-01,False
ALT-CSE-09-02310,CSE-09,LOW,2024-11-06T14:54:17,2024-11-06T15:03:11.420692,2024-11-06T15:44:00.333632,CLOSED,,UID-VAULT-DB,False
ALT-CSE-09-02311,CSE-09,CRITICAL,2024-10-16T20:08:06,2024-10-16T20:11:03.537474,2024-10-16T21:33:22.148500,CLOSED,CAS-CSE-09-0492,UID-VAULT-DB,False
ALT-CSE-09-02312,CSE-09,HIGH,2024-10-11T20:24:45,2024-10-11T20:27:55.258546,2024-10-11T21:26:18.564076,CLOSED,,CITIZEN-PORTAL-WEB,False
ALT-CSE-09-02313,CSE-09,MEDIUM,2024-12-28T10:13:32,2024-12-28T10:26:03.381679,2024-12-28T11:04:55.412680,CLOSED,,CITIZEN-PORTAL-WEB,False
ALT-CSE-09-02314,CSE-09,HIGH,2024-12-08T03:16:53,2024-12-08T03:30:58.750676,2024-12-08T04:38:54.168932,CLOSED,,UID-VAULT-DB,False
ALT-CSE-09-02315,CSE-09,CRITICAL,2024-10-15T11:24:04,2024-10-15T11:29:26.753301,2024-10-15T13:00:23.892776,CLOSED,CAS-CSE-09-0493,GOV-SEC-FW-01,False
ALT-CSE-09-02316,CSE-09,HIGH,2024-10-08T00:12:54,2024-10-08T00:27:00.385896,2024-10-08T01:50:15.993382,CLOSED,,GOV-SEC-FW-01,False
ALT-CSE-09-02317,CSE-09,MEDIUM,2024-12-25T06:17:47,2024-12-25T06:22:22.331980,2024-12-25T07:27:55.972398,CLOSED,,GOV-SEC-FW-01,False
ALT-CSE-09-02318,CSE-09,MEDIUM,2024-12-05T07:48:53,2024-12-05T08:00:35.389258,2024-12-05T08:57:17.181435,CLOSED,CAS-CSE-09-0494,CITIZEN-PORTAL-WEB,False
ALT-CSE-09-02319,CSE-09,LOW,2024-11-04T18:15:58,2024-11-04T18:29:19.815615,2024-11-04T19:00:54.718196,CLOSED,,ID-GATEWAY-AUTH-01,False
ALT-CSE-09-02320,CSE-09,HIGH,2024-11-28T21:55:14,2024-11-28T21:59:23.271697,2024-11-28T22:52:24.025479,CLOSED,,ID-GATEWAY-AUTH-01,False
ALT-CSE-09-02321,CSE-09,LOW,2024-12-15T10:49:10,2024-12-15T10:54:05.782632,2024-12-15T12:17:27.036746,CLOSED,,GOV-SEC-FW-01,False
ALT-CSE-09-02322,CSE-09,LOW,2024-11-11T13:22:53,2024-11-11T13:27:22.833666,2024-11-11T14:25:16.543832,CLOSED,,GOV-SEC-FW-01,False
ALT-CSE-09-02323,CSE-09,HIGH,2024-11-28T04:57:28,2024-11-28T05:11:39.621007,2024-11-28T06:03:22.764029,CLOSED,,UID-VAULT-DB,False
ALT-CSE-09-02324,CSE-09,CRITICAL,2024-10-13T05:26:48,2024-10-13T05:38:06.799025,2024-10-13T06:49:01.248888,CLOSED,CAS-CSE-09-0495,GOV-SEC-FW-01,False
ALT-CSE-09-02325,CSE-09,LOW,2024-10-30T16:25:14,2024-10-30T16:33:21.281556,2024-10-30T17:30:38.647045,CLOSED,,CITIZEN-PORTAL-WEB,False
ALT-CSE-09-02326,CSE-09,HIGH,2024-12-10T05:50:49,2024-12-10T05:53:46.433923,2024-12-10T07:30:51.632878,CLOSED,,CITIZEN-PORTAL-WEB,False
ALT-CSE-09-02327,CSE-09,CRITICAL,2024-12-20T18:46:34,2024-12-20T18:59:32.881922,2024-12-20T19:27:48.936323,CLOSED,CAS-CSE-09-0496,ID-GATEWAY-AUTH-01,False
ALT-CSE-09-02328,CSE-09,MEDIUM,2024-10-24T03:01:17,2024-10-24T03:03:48.242102,2024-10-24T04:26:17.561726,CLOSED,CAS-CSE-09-0497,GOV-SEC-FW-01,False
ALT-CSE-09-02329,CSE-09,MEDIUM,2024-12-14T04:52:35,2024-12-14T05:00:58.989638,2024-12-14T05:59:18.894942,CLOSED,,ID-GATEWAY-AUTH-01,False
ALT-CSE-09-02330,CSE-09,MEDIUM,2024-11-17T08:55:41,2024-11-17T09:01:24.110777,2024-11-17T10:12:12.469031,CLOSED,,GOV-SEC-FW-01,False
ALT-CSE-09-02331,CSE-09,LOW,2024-10-29T06:49:24,2024-10-29T07:04:11.612761,2024-10-29T07:49:10.638081,CLOSED,,CITIZEN-PORTAL-WEB,False
ALT-CSE-09-02332,CSE-09,CRITICAL,2024-11-15T17:07:05,2024-11-15T17:21:28.566388,2024-11-15T18:27:02.303631,CLOSED,CAS-CSE-09-0498,UID-VAULT-DB,False
ALT-CSE-09-02333,CSE-09,CRITICAL,2024-11-30T19:27:33,2024-11-30T19:41:57.856250,2024-11-30T20:52:58.550538,CLOSED,CAS-CSE-09-0499,UID-VAULT-DB,False
ALT-CSE-09-02334,CSE-09,MEDIUM,2024-10-10T20:45:34,2024-10-10T20:48:20.524162,2024-10-10T21:57:32.637070,CLOSED,CAS-CSE-09-0500,CITIZEN-PORTAL-WEB,False
ALT-CSE-09-02335,CSE-09,MEDIUM,2024-10-24T05:10:08,2024-10-24T05:13:05.937661,2024-10-24T06:27:00.749072,CLOSED,,CITIZEN-PORTAL-WEB,False
ALT-CSE-09-02336,CSE-09,HIGH,2024-10-27T01:39:46,2024-10-27T01:51:08.398434,2024-10-27T02:53:23.795946,CLOSED,,GOV-SEC-FW-01,False
ALT-CSE-09-02337,CSE-09,MEDIUM,2024-11-16T18:12:51,2024-11-16T18:27:19.281502,2024-11-16T19:23:15.223862,CLOSED,,UID-VAULT-DB,False
ALT-CSE-09-02338,CSE-09,LOW,2024-10-15T02:38:22,2024-10-15T02:47:22.874433,2024-10-15T03:25:32.654070,CLOSED,,GOV-SEC-FW-01,False
ALT-CSE-09-02339,CSE-09,CRITICAL,2024-10-04T01:12:48,2024-10-04T01:17:59.476881,2024-10-04T02:46:10.311814,CLOSED,,GOV-SEC-FW-01,False
ALT-CSE-09-02340,CSE-09,MEDIUM,2024-10-31T01:22:15,2024-10-31T01:26:09.708066,2024-10-31T02:23:41.186333,CLOSED,,CITIZEN-PORTAL-WEB,False
ALT-CSE-09-02341,CSE-09,MEDIUM,2024-12-19T15:26:41,2024-12-19T15:36:32.706316,2024-12-19T16:07:35.061076,CLOSED,,UID-VAULT-DB,False
ALT-CSE-09-02342,CSE-09,MEDIUM,2024-12-06T17:03:38,2024-12-06T17:09:35.902766,2024-12-06T18:11:53.443776,CLOSED,,CITIZEN-PORTAL-WEB,False
ALT-CSE-09-02343,CSE-09,MEDIUM,2024-10-27T16:40:05,2024-10-27T16:53:50.598361,2024-10-27T17:21:12.705147,CLOSED,,CITIZEN-PORTAL-WEB,False
ALT-CSE-09-02344,CSE-09,LOW,2024-12-05T16:37:08,2024-12-05T16:40:36.199889,2024-12-05T18:03:29.683956,CLOSED,,UID-VAULT-DB,False
ALT-CSE-09-02345,CSE-09,MEDIUM,2024-12-26T20:29:19,2024-12-26T20:42:24.267243,2024-12-26T21:38:57.252850,CLOSED,,UID-VAULT-DB,False
ALT-CSE-09-02346,CSE-09,LOW,2024-12-09T18:37:52,2024-12-09T18:41:12.022286,2024-12-09T20:15:09.429713,CLOSED,,ID-GATEWAY-AUTH-01,False
ALT-CSE-09-02347,CSE-09,MEDIUM,2024-11-02T06:34:34,2024-11-02T06:47:20.135289,2024-11-02T08:16:46.114835,CLOSED,,UID-VAULT-DB,False
ALT-CSE-09-02348,CSE-09,HIGH,2024-12-27T06:15:56,2024-12-27T06:24:22.591821,2024-12-27T07:53:33.081678,CLOSED,,CITIZEN-PORTAL-WEB,False
ALT-CSE-09-02349,CSE-09,LOW,2024-10-23T00:38:44,2024-10-23T00:47:04.534479,2024-10-23T02:08:33.284829,CLOSED,CAS-CSE-09-0501,GOV-SEC-FW-01,True
ALT-CSE-09-02350,CSE-09,MEDIUM,2024-12-20T12:45:50,2024-12-20T12:54:09.984461,2024-12-20T13:40:00.009100,CLOSED,,GOV-SEC-FW-01,False
ALT-CSE-09-02351,CSE-09,HIGH,2024-12-21T04:55:45,2024-12-21T05:05:43.546404,2024-12-21T06:15:27.263356,CLOSED,,UID-VAULT-DB,False
ALT-CSE-09-02352,CSE-09,MEDIUM,2024-12-06T02:55:49,2024-12-06T03:06:49.093123,2024-12-06T03:57:45.271811,CLOSED,,GOV-SEC-FW-01,False
ALT-CSE-09-02353,CSE-09,CRITICAL,2024-12-11T13:58:16,2024-12-11T14:01:57.412363,2024-12-11T15:39:38.832069,CLOSED,CAS-CSE-09-0502,CITIZEN-PORTAL-WEB,True
ALT-CSE-09-02354,CSE-09,CRITICAL,2024-10-19T15:02:04,2024-10-19T15:13:34.563885,2024-10-19T16:37:19.601587,CLOSED,CAS-CSE-09-0503,ID-GATEWAY-AUTH-01,False
ALT-CSE-09-02355,CSE-09,LOW,2024-12-24T14:39:13,2024-12-24T14:53:15.386390,2024-12-24T16:18:35.828599,CLOSED,,CITIZEN-PORTAL-WEB,False
ALT-CSE-09-02356,CSE-09,HIGH,2024-12-15T14:27:06,2024-12-15T14:33:12.823218,2024-12-15T15:18:54.689695,CLOSED,CAS-CSE-09-0504,UID-VAULT-DB,True
ALT-CSE-09-02357,CSE-09,LOW,2024-11-23T15:49:56,2024-11-23T16:02:03.424946,2024-11-23T16:59:12.536857,CLOSED,,ID-GATEWAY-AUTH-01,False
ALT-CSE-09-02358,CSE-09,HIGH,2024-10-28T22:51:37,2024-10-28T22:54:08.510472,2024-10-29T00:23:06.352905,CLOSED,,GOV-SEC-FW-01,False
ALT-CSE-09-02359,CSE-09,CRITICAL,2024-10-21T21:33:51,2024-10-21T21:39:18.614154,2024-10-21T23:21:53.408417,CLOSED,CAS-CSE-09-0505,ID-GATEWAY-AUTH-01,False
ALT-CSE-09-02360,CSE-09,LOW,2024-10-23T23:29:15,2024-10-23T23:38:16.779994,2024-10-24T01:16:18.365635,CLOSED,,CITIZEN-PORTAL-WEB,False
ALT-CSE-09-02361,CSE-09,HIGH,2024-11-23T07:06:39,2024-11-23T07:19:20.730469,2024-11-23T07:53:59.912437,CLOSED,CAS-CSE-09-0506,GOV-SEC-FW-01,False
ALT-CSE-09-02362,CSE-09,MEDIUM,2024-10-16T05:44:06,2024-10-16T05:53:20.135326,2024-10-16T07:04:55.791356,CLOSED,,GOV-SEC-FW-01,False
ALT-CSE-09-02363,CSE-09,LOW,2024-12-10T05:30:37,2024-12-10T05:45:05.534613,2024-12-10T06:29:00.974236,CLOSED,,GOV-SEC-FW-01,False
ALT-CSE-09-02364,CSE-09,CRITICAL,2024-10-07T08:07:21,2024-10-07T08:20:52.119631,2024-10-07T09:32:19.716337,CLOSED,CAS-CSE-09-0507,ID-GATEWAY-AUTH-01,False
ALT-CSE-09-02365,CSE-09,MEDIUM,2024-12-13T13:10:04,2024-12-13T13:21:47.464198,2024-12-13T14:29:43.906431,CLOSED,CAS-CSE-09-0508,UID-VAULT-DB,True
ALT-CSE-09-02366,CSE-09,MEDIUM,2024-10-06T09:35:38,2024-10-06T09:45:48.236973,2024-10-06T10:52:57.678826,CLOSED,,GOV-SEC-FW-01,False
ALT-CSE-09-02367,CSE-09,HIGH,2024-11-09T07:02:36,2024-11-09T07:15:47.036620,2024-11-09T08:13:36.538832,CLOSED,,CITIZEN-PORTAL-WEB,False
ALT-CSE-09-02368,CSE-09,HIGH,2024-10-03T22:30:14,2024-10-03T22:37:30.764519,2024-10-03T23:25:52.199895,CLOSED,,ID-GATEWAY-AUTH-01,False
ALT-CSE-09-02369,CSE-09,MEDIUM,2024-10-07T00:13:20,2024-10-07T00:27:06.350546,2024-10-07T01:50:29.473597,CLOSED,,ID-GATEWAY-AUTH-01,False
ALT-CSE-09-02370,CSE-09,MEDIUM,2024-11-16T19:01:12,2024-11-16T19:10:08.657666,2024-11-16T20:24:09.657442,CLOSED,CAS-CSE-09-0509,ID-GATEWAY-AUTH-01,False
ALT-CSE-09-02371,CSE-09,MEDIUM,2024-12-18T23:17:28,2024-12-18T23:20:11.510604,2024-12-19T00:33:19.884300,CLOSED,,ID-GATEWAY-AUTH-01,False
ALT-CSE-09-02372,CSE-09,LOW,2024-10-04T11:08:10,2024-10-04T11:13:23.890593,2024-10-04T12:38:56.941119,CLOSED,,UID-VAULT-DB,False
ALT-CSE-09-02373,CSE-09,LOW,2024-11-22T11:39:48,2024-11-22T11:50:14.735738,2024-11-22T12:24:20.283127,CLOSED,,UID-VAULT-DB,False
ALT-CSE-09-02374,CSE-09,MEDIUM,2024-11-04T17:06:16,2024-11-04T17:20:23.971370,2024-11-04T18:29:25.646734,CLOSED,,GOV-SEC-FW-01,False
ALT-CSE-09-02375,CSE-09,MEDIUM,2024-10-30T05:34:16,2024-10-30T05:39:16.322210,2024-10-30T06:20:16.292949,CLOSED,,ID-GATEWAY-AUTH-01,False
ALT-CSE-09-02376,CSE-09,MEDIUM,2024-10-02T10:45:29,2024-10-02T10:48:40.496155,2024-10-02T12:06:52.523132,CLOSED,,ID-GATEWAY-AUTH-01,False
ALT-CSE-09-02377,CSE-09,HIGH,2024-10-30T15:43:11,2024-10-30T15:56:48.921512,2024-10-30T16:25:39.918515,CLOSED,CAS-CSE-09-0510,ID-GATEWAY-AUTH-01,False
ALT-CSE-09-02378,CSE-09,LOW,2024-11-18T20:47:59,2024-11-18T21:01:50.253375,2024-11-18T21:38:30.365437,CLOSED,,CITIZEN-PORTAL-WEB,False
ALT-CSE-09-02379,CSE-09,HIGH,2024-10-11T17:18:30,2024-10-11T17:30:36.149931,2024-10-11T18:14:55.185076,CLOSED,,UID-VAULT-DB,False
ALT-CSE-09-02380,CSE-09,MEDIUM,2024-12-14T16:34:03,2024-12-14T16:36:34.641760,2024-12-14T17:37:54.013173,CLOSED,,ID-GATEWAY-AUTH-01,False
ALT-CSE-09-02381,CSE-09,LOW,2024-11-26T20:16:30,2024-11-26T20:26:12.459053,2024-11-26T21:28:47.943214,CLOSED,,GOV-SEC-FW-01,False
ALT-CSE-09-02382,CSE-09,MEDIUM,2024-12-10T22:11:42,2024-12-10T22:26:19.528939,2024-12-10T23:25:22.763123,CLOSED,,CITIZEN-PORTAL-WEB,False
ALT-CSE-09-02383,CSE-09,LOW,2024-11-17T13:34:20,2024-11-17T13:42:54.226223,2024-11-17T14:22:22.683328,CLOSED,,CITIZEN-PORTAL-WEB,False
ALT-CSE-09-02384,CSE-09,CRITICAL,2024-10-31T20:15:43,2024-10-31T20:27:45.527656,2024-10-31T21:47:39.905484,CLOSED,CAS-CSE-09-0511,UID-VAULT-DB,False
ALT-CSE-09-02385,CSE-09,HIGH,2024-11-21T03:20:31,2024-11-21T03:30:53.795979,2024-11-21T04:15:31.196004,CLOSED,,CITIZEN-PORTAL-WEB,False
ALT-CSE-09-02386,CSE-09,CRITICAL,2024-12-08T03:21:39,2024-12-08T03:29:24.901320,2024-12-08T04:06:32.903324,CLOSED,CAS-CSE-09-0512,CITIZEN-PORTAL-WEB,False
ALT-CSE-09-02387,CSE-09,CRITICAL,2024-10-21T16:57:08,2024-10-21T17:08:53.230506,2024-10-21T18:01:35.464974,CLOSED,CAS-CSE-09-0513,GOV-SEC-FW-01,False
ALT-CSE-09-02388,CSE-09,LOW,2024-12-05T00:47:58,2024-12-05T00:54:16.081607,2024-12-05T01:39:59.163288,CLOSED,,UID-VAULT-DB,False
ALT-CSE-09-02389,CSE-09,MEDIUM,2024-11-20T22:26:47,2024-11-20T22:34:59.594364,2024-11-20T23:31:05.596691,CLOSED,,GOV-SEC-FW-01,False
ALT-CSE-09-02390,CSE-09,HIGH,2024-12-10T05:52:30,2024-12-10T06:00:41.532509,2024-12-10T07:08:12.128919,CLOSED,,ID-GATEWAY-AUTH-01,False
ALT-CSE-09-02391,CSE-09,MEDIUM,2024-11-03T14:17:49,2024-11-03T14:25:44.931690,2024-11-03T16:00:08.215947,CLOSED,,CITIZEN-PORTAL-WEB,False
ALT-CSE-09-02392,CSE-09,LOW,2024-12-05T00:56:21,2024-12-05T00:59:01.108814,2024-12-05T02:19:58.080883,CLOSED,,GOV-SEC-FW-01,False
ALT-CSE-09-02393,CSE-09,HIGH,2024-11-11T12:43:47,2024-11-11T12:46:46.634379,2024-11-11T14:11:09.769310,CLOSED,CAS-CSE-09-0514,CITIZEN-PORTAL-WEB,False
ALT-CSE-09-02394,CSE-09,CRITICAL,2024-10-02T18:15:23,2024-10-02T18:24:48.174069,2024-10-02T19:10:30.482231,CLOSED,CAS-CSE-09-0515,UID-VAULT-DB,False
ALT-CSE-09-02395,CSE-09,HIGH,2024-11-14T05:25:16,2024-11-14T05:32:24.739736,2024-11-14T06:12:48.662303,CLOSED,,CITIZEN-PORTAL-WEB,False
ALT-CSE-09-02396,CSE-09,HIGH,2024-10-05T02:11:12,2024-10-05T02:21:42.771109,2024-10-05T03:52:26.469607,CLOSED,,UID-VAULT-DB,False
ALT-CSE-09-02397,CSE-09,MEDIUM,2024-10-08T21:15:04,2024-10-08T21:27:09.420095,2024-10-08T22:41:14.816839,CLOSED,CAS-CSE-09-0516,GOV-SEC-FW-01,True
ALT-CSE-09-02398,CSE-09,HIGH,2024-12-21T20:50:18,2024-12-21T21:01:34.258901,2024-12-21T22:14:11.742749,CLOSED,,GOV-SEC-FW-01,False
ALT-CSE-09-02399,CSE-09,MEDIUM,2024-12-22T15:53:48,2024-12-22T16:00:55.420656,2024-12-22T16:39:32.731776,CLOSED,,ID-GATEWAY-AUTH-01,False
ALT-CSE-09-02400,CSE-09,HIGH,2024-11-23T20:10:44,2024-11-23T20:23:25.992910,2024-11-23T21:29:37.666518,CLOSED,CAS-CSE-09-0517,UID-VAULT-DB,True
ALT-CSE-09-02401,CSE-09,MEDIUM,2024-11-30T08:46:48,2024-11-30T08:52:14.267020,2024-11-30T09:53:40.744960,CLOSED,,CITIZEN-PORTAL-WEB,False
ALT-CSE-09-02402,CSE-09,LOW,2024-12-19T03:14:07,2024-12-19T03:27:10.456798,2024-12-19T05:00:49.072860,CLOSED,,CITIZEN-PORTAL-WEB,False
ALT-CSE-09-02403,CSE-09,LOW,2024-11-22T00:59:41,2024-11-22T01:13:19.296881,2024-11-22T02:31:21.149301,CLOSED,,UID-VAULT-DB,False
ALT-CSE-09-02404,CSE-09,LOW,2024-11-22T20:02:07,2024-11-22T20:12:33.752038,2024-11-22T21:21:03.950841,CLOSED,,CITIZEN-PORTAL-WEB,False
ALT-CSE-09-02405,CSE-09,MEDIUM,2024-12-12T11:32:53,2024-12-12T11:36:44.225589,2024-12-12T12:22:46.138377,CLOSED,CAS-CSE-09-0518,CITIZEN-PORTAL-WEB,False
ALT-CSE-09-02406,CSE-09,LOW,2024-11-09T13:17:32,2024-11-09T13:25:43.816125,2024-11-09T14:01:41.823467,CLOSED,,CITIZEN-PORTAL-WEB,False
ALT-CSE-09-02407,CSE-09,MEDIUM,2024-12-03T23:11:23,2024-12-03T23:17:38.100491,2024-12-04T00:40:19.681985,CLOSED,,UID-VAULT-DB,False
ALT-CSE-09-02408,CSE-09,LOW,2024-10-21T08:50:51,2024-10-21T08:56:19.378133,2024-10-21T09:59:36.648806,CLOSED,,CITIZEN-PORTAL-WEB,False
ALT-CSE-09-02409,CSE-09,MEDIUM,2024-12-29T21:17:58,2024-12-29T21:20:00.888478,2024-12-29T22:10:56.256212,CLOSED,,CITIZEN-PORTAL-WEB,False
ALT-CSE-09-02410,CSE-09,LOW,2024-10-07T08:50:14,2024-10-07T09:00:55.289004,2024-10-07T10:18:46.836376,CLOSED,CAS-CSE-09-0519,GOV-SEC-FW-01,False
ALT-CSE-09-02411,CSE-09,HIGH,2024-11-24T22:31:20,2024-11-24T22:43:53.036867,2024-11-24T23:58:28.937915,CLOSED,,CITIZEN-PORTAL-WEB,False
ALT-CSE-09-02412,CSE-09,MEDIUM,2024-12-12T21:33:21,2024-12-12T21:41:21.776014,2024-12-12T22:20:21.553529,CLOSED,,CITIZEN-PORTAL-WEB,False
ALT-CSE-09-02413,CSE-09,MEDIUM,2024-10-02T06:24:30,2024-10-02T06:35:20.063782,2024-10-02T07:25:18.292564,CLOSED,CAS-CSE-09-0520,UID-VAULT-DB,True
ALT-CSE-09-02414,CSE-09,MEDIUM,2024-10-08T19:30:27,2024-10-08T19:43:49.439855,2024-10-08T20:57:05.484694,CLOSED,,ID-GATEWAY-AUTH-01,False
ALT-CSE-09-02415,CSE-09,MEDIUM,2024-10-12T18:04:31,2024-10-12T18:12:06.673077,2024-10-12T19:23:15.228558,CLOSED,,GOV-SEC-FW-01,False
ALT-CSE-09-02416,CSE-09,MEDIUM,2024-10-14T09:05:17,2024-10-14T09:16:15.275780,2024-10-14T10:33:26.075913,CLOSED,,GOV-SEC-FW-01,False
ALT-CSE-09-02417,CSE-09,MEDIUM,2024-11-13T18:11:27,2024-11-13T18:14:08.747067,2024-11-13T19:18:28.501979,CLOSED,,UID-VAULT-DB,False
ALT-CSE-09-02418,CSE-09,MEDIUM,2024-12-11T22:50:06,2024-12-11T23:02:43.047546,2024-12-12T00:36:58.086580,CLOSED,,CITIZEN-PORTAL-WEB,False
ALT-CSE-09-02419,CSE-09,MEDIUM,2024-12-26T11:25:28,2024-12-26T11:35:19.072742,2024-12-26T12:31:50.103350,CLOSED,,ID-GATEWAY-AUTH-01,False
ALT-CSE-09-02420,CSE-09,CRITICAL,2024-12-07T11:21:28,2024-12-07T11:24:48.293418,2024-12-07T12:18:13.988273,CLOSED,CAS-CSE-09-0521,ID-GATEWAY-AUTH-01,False
ALT-CSE-09-02421,CSE-09,MEDIUM,2024-11-14T00:44:13,2024-11-14T00:56:13.099099,2024-11-14T02:25:29.475936,CLOSED,CAS-CSE-09-0522,GOV-SEC-FW-01,False
ALT-CSE-09-02422,CSE-09,LOW,2024-10-06T11:23:48,2024-10-06T11:36:44.958218,2024-10-06T12:54:11.957384,CLOSED,,ID-GATEWAY-AUTH-01,False
ALT-CSE-09-02423,CSE-09,LOW,2024-11-28T07:47:28,2024-11-28T07:55:51.921802,2024-11-28T09:31:50.376829,CLOSED,,CITIZEN-PORTAL-WEB,False
ALT-CSE-09-02424,CSE-09,CRITICAL,2024-12-20T09:23:16,2024-12-20T09:29:26.311304,2024-12-20T10:10:51.738369,CLOSED,CAS-CSE-09-0523,GOV-SEC-FW-01,False
ALT-CSE-09-02425,CSE-09,MEDIUM,2024-10-15T21:27:49,2024-10-15T21:41:48.993622,2024-10-15T23:16:48.157063,CLOSED,,ID-GATEWAY-AUTH-01,False
ALT-CSE-09-02426,CSE-09,MEDIUM,2024-10-23T17:06:52,2024-10-23T17:17:24.702198,2024-10-23T18:49:53.162015,CLOSED,,CITIZEN-PORTAL-WEB,False
ALT-CSE-09-02427,CSE-09,HIGH,2024-11-09T02:25:07,2024-11-09T02:39:36.937928,2024-11-09T04:14:07.481596,CLOSED,,CITIZEN-PORTAL-WEB,False
ALT-CSE-09-02428,CSE-09,HIGH,2024-12-26T07:22:16,2024-12-26T07:27:57.805641,2024-12-26T08:35:44.067605,CLOSED,,ID-GATEWAY-AUTH-01,False
ALT-CSE-09-02429,CSE-09,MEDIUM,2024-11-18T08:31:26,2024-11-18T08:39:35.182602,2024-11-18T09:30:16.861493,CLOSED,,UID-VAULT-DB,False
ALT-CSE-09-02430,CSE-09,CRITICAL,2024-10-14T03:39:10,2024-10-14T03:44:07.571262,2024-10-14T04:57:17.775944,CLOSED,CAS-CSE-09-0524,ID-GATEWAY-AUTH-01,False
ALT-CSE-09-02431,CSE-09,CRITICAL,2024-11-22T18:31:55,2024-11-22T18:40:19.872339,2024-11-22T20:13:54.138043,CLOSED,CAS-CSE-09-0525,UID-VAULT-DB,False
ALT-CSE-09-02432,CSE-09,CRITICAL,2024-12-29T18:41:23,2024-12-29T18:43:29.072992,2024-12-29T19:44:10.693881,CLOSED,,GOV-SEC-FW-01,False
ALT-CSE-09-02433,CSE-09,HIGH,2024-10-11T01:21:56,2024-10-11T01:31:41.867715,2024-10-11T02:19:47.638476,CLOSED,,GOV-SEC-FW-01,False
ALT-CSE-09-02434,CSE-09,LOW,2024-12-19T13:40:01,2024-12-19T13:52:07.330877,2024-12-19T15:26:56.139602,CLOSED,,UID-VAULT-DB,False
ALT-CSE-09-02435,CSE-09,MEDIUM,2024-12-18T19:49:21,2024-12-18T20:00:33.430878,2024-12-18T21:15:10.212947,CLOSED,,UID-VAULT-DB,False
ALT-CSE-09-02436,CSE-09,LOW,2024-10-31T02:58:10,2024-10-31T03:08:54.166482,2024-10-31T04:03:12.981048,CLOSED,CAS-CSE-09-0526,CITIZEN-PORTAL-WEB,False
ALT-CSE-09-02437,CSE-09,HIGH,2024-10-12T18:30:41,2024-10-12T18:32:45.255622,2024-10-12T19:54:12.026632,CLOSED,,GOV-SEC-FW-01,False
ALT-CSE-09-02438,CSE-09,LOW,2024-12-04T05:03:30,2024-12-04T05:11:27.558486,2024-12-04T06:26:17.171947,CLOSED,,UID-VAULT-DB,False
ALT-CSE-09-02439,CSE-09,MEDIUM,2024-11-10T00:17:00,2024-11-10T00:22:04.356838,2024-11-10T00:57:55.669412,CLOSED,,GOV-SEC-FW-01,False
ALT-CSE-09-02440,CSE-09,HIGH,2024-12-07T10:09:50,2024-12-07T10:16:23.187312,2024-12-07T11:07:30.225465,CLOSED,,CITIZEN-PORTAL-WEB,False
ALT-CSE-09-02441,CSE-09,LOW,2024-11-20T17:44:37,2024-11-20T17:52:56.567547,2024-11-20T18:54:05.482282,CLOSED,,UID-VAULT-DB,False
ALT-CSE-09-02442,CSE-09,HIGH,2024-12-24T15:24:26,2024-12-24T15:29:42.435242,2024-12-24T17:12:58.843655,CLOSED,,GOV-SEC-FW-01,False
ALT-CSE-09-02443,CSE-09,LOW,2024-10-28T13:00:39,2024-10-28T13:04:31.744239,2024-10-28T14:20:02.268312,CLOSED,CAS-CSE-09-0527,GOV-SEC-FW-01,True
ALT-CSE-09-02444,CSE-09,LOW,2024-11-14T19:04:57,2024-11-14T19:18:58.906727,2024-11-14T20:36:31.219929,CLOSED,,GOV-SEC-FW-01,False
ALT-CSE-09-02445,CSE-09,MEDIUM,2024-12-09T10:07:36,2024-12-09T10:14:03.536502,2024-12-09T11:53:49.712495,CLOSED,,UID-VAULT-DB,False
ALT-CSE-09-02446,CSE-09,MEDIUM,2024-10-20T02:50:21,2024-10-20T03:03:30.965615,2024-10-20T03:54:35.775240,CLOSED,,CITIZEN-PORTAL-WEB,False
ALT-CSE-09-02447,CSE-09,HIGH,2024-12-16T10:33:12,2024-12-16T10:46:46.699106,2024-12-16T11:29:37.853919,CLOSED,,GOV-SEC-FW-01,False
ALT-CSE-09-02448,CSE-09,CRITICAL,2024-10-08T23:55:59,2024-10-09T00:01:46.163408,2024-10-09T01:15:50.348732,CLOSED,CAS-CSE-09-0528,GOV-SEC-FW-01,False
ALT-CSE-09-02449,CSE-09,CRITICAL,2024-11-15T13:04:59,2024-11-15T13:15:45.988664,2024-11-15T13:49:30.210445,CLOSED,CAS-CSE-09-0529,ID-GATEWAY-AUTH-01,False
ALT-CSE-09-02450,CSE-09,MEDIUM,2024-10-14T22:51:27,2024-10-14T23:03:31.992285,2024-10-14T23:34:46.283816,CLOSED,,ID-GATEWAY-AUTH-01,False
ALT-CSE-09-02451,CSE-09,MEDIUM,2024-10-31T17:45:42,2024-10-31T17:49:22.251325,2024-10-31T18:29:55.777714,CLOSED,,UID-VAULT-DB,False
ALT-CSE-09-02452,CSE-09,MEDIUM,2024-11-29T20:10:22,2024-11-29T20:21:15.315166,2024-11-29T21:48:54.559851,CLOSED,,GOV-SEC-FW-01,False
ALT-CSE-09-02453,CSE-09,CRITICAL,2024-10-31T17:14:55,2024-10-31T17:21:30.144573,2024-10-31T18:14:55.162282,CLOSED,CAS-CSE-09-0530,ID-GATEWAY-AUTH-01,True
ALT-CSE-09-02454,CSE-09,MEDIUM,2024-10-05T15:27:06,2024-10-05T15:29:20.311403,2024-10-05T16:31:10.592671,CLOSED,,GOV-SEC-FW-01,False
ALT-CSE-09-02455,CSE-09,MEDIUM,2024-12-25T12:16:31,2024-12-25T12:21:05.913377,2024-12-25T13:47:02.500577,CLOSED,,CITIZEN-PORTAL-WEB,False
ALT-CSE-09-02456,CSE-09,HIGH,2024-10-28T08:51:53,2024-10-28T09:03:43.091884,2024-10-28T10:34:30.268121,CLOSED,,CITIZEN-PORTAL-WEB,False
ALT-CSE-09-02457,CSE-09,LOW,2024-11-07T15:33:21,2024-11-07T15:46:45.418742,2024-11-07T17:18:01.579118,CLOSED,CAS-CSE-09-0531,CITIZEN-PORTAL-WEB,False
ALT-CSE-09-02458,CSE-09,LOW,2024-12-15T21:17:23,2024-12-15T21:29:21.463559,2024-12-15T22:43:30.874689,CLOSED,,GOV-SEC-FW-01,False
ALT-CSE-09-02459,CSE-09,LOW,2024-12-26T22:19:02,2024-12-26T22:25:12.639659,2024-12-26T22:59:32.090415,CLOSED,CAS-CSE-09-0532,GOV-SEC-FW-01,False
ALT-CSE-09-02460,CSE-09,CRITICAL,2024-11-03T00:11:55,2024-11-03T00:19:06.958816,2024-11-03T01:27:48.133813,CLOSED,CAS-CSE-09-0533,UID-VAULT-DB,False
ALT-CSE-09-02461,CSE-09,MEDIUM,2024-11-25T17:14:24,2024-11-25T17:25:04.514255,2024-11-25T18:53:53.866497,CLOSED,CAS-CSE-09-0534,UID-VAULT-DB,False
ALT-CSE-09-02462,CSE-09,LOW,2024-12-08T21:42:22,2024-12-08T21:47:44.973478,2024-12-08T22:31:43.132312,CLOSED,,ID-GATEWAY-AUTH-01,False
ALT-CSE-09-02463,CSE-09,MEDIUM,2024-11-27T04:49:44,2024-11-27T05:03:35.740221,2024-11-27T06:07:00.510636,CLOSED,,ID-GATEWAY-AUTH-01,False
ALT-CSE-09-02464,CSE-09,MEDIUM,2024-10-21T22:31:21,2024-10-21T22:42:05.849502,2024-10-22T00:05:37.188373,CLOSED,,ID-GATEWAY-AUTH-01,False
ALT-CSE-09-02465,CSE-09,HIGH,2024-10-05T01:20:23,2024-10-05T01:30:40.336128,2024-10-05T02:05:35.947907,CLOSED,,CITIZEN-PORTAL-WEB,False
ALT-CSE-09-02466,CSE-09,MEDIUM,2024-10-10T17:03:21,2024-10-10T17:12:14.066421,2024-10-10T17:59:41.007907,CLOSED,,ID-GATEWAY-AUTH-01,False
ALT-CSE-09-02467,CSE-09,HIGH,2024-10-06T18:38:08,2024-10-06T18:40:10.577073,2024-10-06T19:18:08.184381,CLOSED,,GOV-SEC-FW-01,False
ALT-CSE-09-02468,CSE-09,HIGH,2024-12-10T14:13:29,2024-12-10T14:26:19.931781,2024-12-10T15:56:35.853074,CLOSED,,GOV-SEC-FW-01,False
ALT-CSE-09-02469,CSE-09,HIGH,2024-10-23T00:36:36,2024-10-23T00:47:53.313616,2024-10-23T01:58:38.417340,CLOSED,,ID-GATEWAY-AUTH-01,False
ALT-CSE-09-02470,CSE-09,HIGH,2024-10-09T13:03:30,2024-10-09T13:06:44.306635,2024-10-09T14:43:56.490770,CLOSED,,CITIZEN-PORTAL-WEB,False
ALT-CSE-09-02471,CSE-09,LOW,2024-10-25T00:19:12,2024-10-25T00:22:40.163734,2024-10-25T01:55:56.628624,CLOSED,,CITIZEN-PORTAL-WEB,False
ALT-CSE-09-02472,CSE-09,LOW,2024-11-30T04:34:15,2024-11-30T04:47:20.853866,2024-11-30T05:50:34.842883,CLOSED,,ID-GATEWAY-AUTH-01,False
ALT-CSE-09-02473,CSE-09,MEDIUM,2024-12-25T02:07:19,2024-12-25T02:12:49.950007,2024-12-25T03:39:26.227515,CLOSED,,UID-VAULT-DB,False
ALT-CSE-09-02474,CSE-09,HIGH,2024-12-16T03:56:09,2024-12-16T03:59:26.388301,2024-12-16T05:45:16.426484,CLOSED,,GOV-SEC-FW-01,False
ALT-CSE-09-02475,CSE-09,CRITICAL,2024-11-16T04:02:32,2024-11-16T04:05:04.263180,2024-11-16T05:21:32.281959,CLOSED,,GOV-SEC-FW-01,False
ALT-CSE-09-02476,CSE-09,LOW,2024-11-28T22:27:09,2024-11-28T22:31:21.919039,2024-11-28T23:20:05.039072,CLOSED,,ID-GATEWAY-AUTH-01,False
ALT-CSE-09-02477,CSE-09,LOW,2024-11-01T10:19:48,2024-11-01T10:24:33.131260,2024-11-01T11:50:03.321175,CLOSED,CAS-CSE-09-0535,GOV-SEC-FW-01,False
ALT-CSE-09-02478,CSE-09,LOW,2024-11-28T07:48:07,2024-11-28T07:57:12.750596,2024-11-28T09:25:27.534953,CLOSED,,GOV-SEC-FW-01,False
ALT-CSE-09-02479,CSE-09,HIGH,2024-11-28T10:04:31,2024-11-28T10:15:20.261626,2024-11-28T11:48:42.156581,CLOSED,,UID-VAULT-DB,False
ALT-CSE-09-02480,CSE-09,HIGH,2024-11-15T10:23:22,2024-11-15T10:27:09.050814,2024-11-15T11:33:26.416521,CLOSED,,UID-VAULT-DB,False
ALT-CSE-09-02481,CSE-09,LOW,2024-12-02T09:18:42,2024-12-02T09:25:52.827820,2024-12-02T11:03:46.199573,CLOSED,CAS-CSE-09-0536,ID-GATEWAY-AUTH-01,True
ALT-CSE-09-02482,CSE-09,HIGH,2024-11-30T14:47:18,2024-11-30T14:59:26.118186,2024-11-30T16:15:09.098072,CLOSED,,UID-VAULT-DB,False
ALT-CSE-09-02483,CSE-09,CRITICAL,2024-11-18T12:56:01,2024-11-18T13:06:47.161233,2024-11-18T14:12:30.057341,CLOSED,CAS-CSE-09-0537,CITIZEN-PORTAL-WEB,False
ALT-CSE-09-02484,CSE-09,LOW,2024-11-15T03:06:45,2024-11-15T03:11:52.074640,2024-11-15T04:48:49.935135,CLOSED,,CITIZEN-PORTAL-WEB,False
ALT-CSE-09-02485,CSE-09,LOW,2024-10-04T06:41:48,2024-10-04T06:45:36.039122,2024-10-04T07:22:02.833399,CLOSED,,GOV-SEC-FW-01,False
ALT-CSE-09-02486,CSE-09,HIGH,2024-12-29T12:36:06,2024-12-29T12:47:05.985839,2024-12-29T13:24:41.448347,CLOSED,,UID-VAULT-DB,False
ALT-CSE-09-02487,CSE-09,LOW,2024-10-17T12:29:57,2024-10-17T12:43:13.692358,2024-10-17T13:45:00.744079,CLOSED,,GOV-SEC-FW-01,False
ALT-CSE-09-02488,CSE-09,LOW,2024-12-25T08:03:25,2024-12-25T08:16:43.994710,2024-12-25T09:29:07.974486,CLOSED,,UID-VAULT-DB,False
ALT-CSE-09-02489,CSE-09,MEDIUM,2024-10-10T00:45:57,2024-10-10T00:49:27.218321,2024-10-10T01:39:49.813107,CLOSED,,GOV-SEC-FW-01,False
ALT-CSE-09-02490,CSE-09,MEDIUM,2024-11-06T14:49:08,2024-11-06T15:03:10.905933,2024-11-06T15:53:32.846958,CLOSED,,UID-VAULT-DB,False
ALT-CSE-09-02491,CSE-09,MEDIUM,2024-12-19T18:15:03,2024-12-19T18:25:51.251798,2024-12-19T19:53:22.953037,CLOSED,,ID-GATEWAY-AUTH-01,False
ALT-CSE-09-02492,CSE-09,LOW,2024-10-14T16:46:23,2024-10-14T16:58:10.877622,2024-10-14T17:46:52.418505,CLOSED,,CITIZEN-PORTAL-WEB,False
ALT-CSE-09-02493,CSE-09,HIGH,2024-10-09T16:56:30,2024-10-09T17:04:51.105662,2024-10-09T18:05:34.501542,CLOSED,CAS-CSE-09-0538,ID-GATEWAY-AUTH-01,False
ALT-CSE-09-02494,CSE-09,HIGH,2024-11-12T23:34:39,2024-11-12T23:47:00.872117,2024-11-13T00:39:18.294188,CLOSED,,GOV-SEC-FW-01,False
ALT-CSE-09-02495,CSE-09,MEDIUM,2024-12-01T01:13:58,2024-12-01T01:23:20.336575,2024-12-01T02:12:44.273727,CLOSED,,GOV-SEC-FW-01,False
ALT-CSE-09-02496,CSE-09,LOW,2024-10-29T22:36:34,2024-10-29T22:49:08.005425,2024-10-30T00:05:53.848770,CLOSED,,ID-GATEWAY-AUTH-01,False
ALT-CSE-09-02497,CSE-09,LOW,2024-11-29T03:48:21,2024-11-29T03:58:45.500483,2024-11-29T04:57:11.798191,CLOSED,,CITIZEN-PORTAL-WEB,False
ALT-CSE-09-02498,CSE-09,MEDIUM,2024-12-25T01:53:32,2024-12-25T01:58:42.877050,2024-12-25T03:34:38.615759,CLOSED,,UID-VAULT-DB,False
ALT-CSE-09-02499,CSE-09,MEDIUM,2024-12-27T14:52:53,2024-12-27T14:56:06.814290,2024-12-27T15:47:26.698244,CLOSED,,CITIZEN-PORTAL-WEB,False
ALT-CSE-09-02500,CSE-09,LOW,2024-11-08T18:39:41,2024-11-08T18:46:47.102184,2024-11-08T20:29:08.639093,CLOSED,,CITIZEN-PORTAL-WEB,False
ALT-CSE-09-02501,CSE-09,HIGH,2024-12-26T03:18:46,2024-12-26T03:24:24.073640,2024-12-26T04:52:18.411697,CLOSED,,CITIZEN-PORTAL-WEB,False
ALT-CSE-09-02502,CSE-09,LOW,2024-10-01T07:50:23,2024-10-01T08:02:11.716000,2024-10-01T09:10:39.364334,CLOSED,,CITIZEN-PORTAL-WEB,False
ALT-CSE-09-02503,CSE-09,HIGH,2024-10-10T09:35:27,2024-10-10T09:42:46.451737,2024-10-10T10:56:10.453327,CLOSED,,GOV-SEC-FW-01,False
ALT-CSE-09-02504,CSE-09,MEDIUM,2024-10-01T02:23:27,2024-10-01T02:31:20.175911,2024-10-01T03:41:56.734164,CLOSED,,GOV-SEC-FW-01,False
ALT-CSE-09-02505,CSE-09,HIGH,2024-10-28T08:51:16,2024-10-28T08:58:31.098272,2024-10-28T09:39:21.031982,CLOSED,,CITIZEN-PORTAL-WEB,False
ALT-CSE-09-02506,CSE-09,LOW,2024-10-18T20:27:18,2024-10-18T20:42:12.155678,2024-10-18T22:07:43.297386,CLOSED,,CITIZEN-PORTAL-WEB,False
ALT-CSE-09-02507,CSE-09,MEDIUM,2024-10-14T22:20:03,2024-10-14T22:28:47.839934,2024-10-14T23:44:50.128527,CLOSED,,UID-VAULT-DB,False
ALT-CSE-09-02508,CSE-09,MEDIUM,2024-11-24T12:47:48,2024-11-24T12:57:58.287557,2024-11-24T13:36:14.324890,CLOSED,,CITIZEN-PORTAL-WEB,False
ALT-CSE-09-02509,CSE-09,MEDIUM,2024-10-20T00:55:37,2024-10-20T01:01:16.216531,2024-10-20T02:28:17.344306,CLOSED,,GOV-SEC-FW-01,False
ALT-CSE-09-02510,CSE-09,CRITICAL,2024-11-19T04:01:12,2024-11-19T04:09:11.581517,2024-11-19T05:45:35.177087,CLOSED,CAS-CSE-09-0539,UID-VAULT-DB,False
ALT-CSE-09-02511,CSE-09,HIGH,2024-11-23T12:20:24,2024-11-23T12:27:40.398413,2024-11-23T13:57:47.184207,CLOSED,,ID-GATEWAY-AUTH-01,False
ALT-CSE-09-02512,CSE-09,LOW,2024-12-27T07:48:06,2024-12-27T07:59:58.167565,2024-12-27T08:56:26.854854,CLOSED,,UID-VAULT-DB,False
ALT-CSE-09-02513,CSE-09,LOW,2024-11-30T18:11:17,2024-11-30T18:21:46.263176,2024-11-30T19:39:43.117047,CLOSED,CAS-CSE-09-0540,UID-VAULT-DB,False
ALT-CSE-09-02514,CSE-09,LOW,2024-12-10T23:46:46,2024-12-10T23:56:35.730741,2024-12-11T00:38:04.005172,CLOSED,,ID-GATEWAY-AUTH-01,False
ALT-CSE-09-02515,CSE-09,CRITICAL,2024-12-06T05:30:57,2024-12-06T05:42:40.937227,2024-12-06T07:20:36.966538,CLOSED,CAS-CSE-09-0541,ID-GATEWAY-AUTH-01,True
ALT-CSE-09-02516,CSE-09,HIGH,2024-12-16T17:42:59,2024-12-16T17:57:33.667594,2024-12-16T18:28:28.493608,CLOSED,,GOV-SEC-FW-01,False
ALT-CSE-09-02517,CSE-09,MEDIUM,2024-10-19T07:57:14,2024-10-19T08:03:52.089350,2024-10-19T08:57:37.891069,CLOSED,,GOV-SEC-FW-01,False
ALT-CSE-09-02518,CSE-09,MEDIUM,2024-12-14T10:07:16,2024-12-14T10:14:12.781636,2024-12-14T11:55:27.002142,CLOSED,,GOV-SEC-FW-01,False
ALT-CSE-09-02519,CSE-09,LOW,2024-11-07T18:31:43,2024-11-07T18:33:43.091788,2024-11-07T19:48:45.178876,CLOSED,,CITIZEN-PORTAL-WEB,False
ALT-CSE-09-02520,CSE-09,HIGH,2024-10-19T03:57:10,2024-10-19T04:11:58.845364,2024-10-19T04:44:38.858559,CLOSED,,UID-VAULT-DB,False
ALT-CSE-09-02521,CSE-09,MEDIUM,2024-12-07T07:38:21,2024-12-07T07:52:44.347198,2024-12-07T08:23:03.313328,CLOSED,,CITIZEN-PORTAL-WEB,False
ALT-CSE-09-02522,CSE-09,CRITICAL,2024-12-19T09:40:54,2024-12-19T09:53:46.538755,2024-12-19T10:37:48.633701,CLOSED,CAS-CSE-09-0542,GOV-SEC-FW-01,True
ALT-CSE-09-02523,CSE-09,HIGH,2024-12-13T04:08:36,2024-12-13T04:14:39.330946,2024-12-13T05:58:16.828886,CLOSED,,CITIZEN-PORTAL-WEB,False
ALT-CSE-09-02524,CSE-09,HIGH,2024-10-15T14:34:51,2024-10-15T14:48:53.323344,2024-10-15T16:01:56.027807,CLOSED,CAS-CSE-09-0543,CITIZEN-PORTAL-WEB,False
ALT-CSE-09-02525,CSE-09,MEDIUM,2024-10-30T09:13:00,2024-10-30T09:20:08.121298,2024-10-30T11:01:49.223440,CLOSED,,GOV-SEC-FW-01,False
ALT-CSE-09-02526,CSE-09,LOW,2024-11-21T18:48:20,2024-11-21T19:00:57.651616,2024-11-21T20:03:49.625494,CLOSED,,ID-GATEWAY-AUTH-01,False
ALT-CSE-09-02527,CSE-09,LOW,2024-11-17T14:05:41,2024-11-17T14:08:38.273709,2024-11-17T15:25:50.667160,CLOSED,,UID-VAULT-DB,False
ALT-CSE-09-02528,CSE-09,HIGH,2024-10-18T05:20:23,2024-10-18T05:34:00.767718,2024-10-18T06:55:41.032360,CLOSED,,ID-GATEWAY-AUTH-01,False
ALT-CSE-09-02529,CSE-09,CRITICAL,2024-10-06T10:18:05,2024-10-06T10:25:20.323788,2024-10-06T11:44:11.425483,CLOSED,CAS-CSE-09-0544,ID-GATEWAY-AUTH-01,False
ALT-CSE-09-02530,CSE-09,CRITICAL,2024-12-17T12:33:18,2024-12-17T12:42:08.745785,2024-12-17T14:11:04.187280,CLOSED,,CITIZEN-PORTAL-WEB,False
ALT-CSE-09-02531,CSE-09,LOW,2024-12-14T08:25:20,2024-12-14T08:39:57.559263,2024-12-14T09:05:26.674878,CLOSED,,ID-GATEWAY-AUTH-01,False
ALT-CSE-09-02532,CSE-09,MEDIUM,2024-11-17T20:41:37,2024-11-17T20:48:41.306998,2024-11-17T22:19:58.842086,CLOSED,,ID-GATEWAY-AUTH-01,False
ALT-CSE-09-02533,CSE-09,CRITICAL,2024-12-23T05:55:46,2024-12-23T06:10:13.460340,2024-12-23T07:43:47.075455,CLOSED,CAS-CSE-09-0545,UID-VAULT-DB,False
ALT-CSE-09-02534,CSE-09,HIGH,2024-10-29T16:42:35,2024-10-29T16:56:56.702806,2024-10-29T17:31:02.713611,CLOSED,,CITIZEN-PORTAL-WEB,False
ALT-CSE-09-02535,CSE-09,HIGH,2024-12-23T13:52:57,2024-12-23T14:01:58.109693,2024-12-23T14:39:21.972108,CLOSED,,GOV-SEC-FW-01,False
ALT-CSE-09-02536,CSE-09,CRITICAL,2024-11-02T21:52:16,2024-11-02T21:58:07.350893,2024-11-02T23:21:51.169185,CLOSED,CAS-CSE-09-0546,UID-VAULT-DB,False
ALT-CSE-09-02537,CSE-09,HIGH,2024-10-01T06:23:01,2024-10-01T06:32:47.958393,2024-10-01T08:01:59.320051,CLOSED,,CITIZEN-PORTAL-WEB,False
ALT-CSE-09-02538,CSE-09,HIGH,2024-10-15T13:40:07,2024-10-15T13:46:59.598164,2024-10-15T15:05:21.100128,CLOSED,,GOV-SEC-FW-01,False
ALT-CSE-09-02539,CSE-09,LOW,2024-11-20T21:18:49,2024-11-20T21:25:32.493751,2024-11-20T22:12:28.739950,CLOSED,CAS-CSE-09-0547,GOV-SEC-FW-01,True
ALT-CSE-09-02540,CSE-09,LOW,2024-10-05T17:11:15,2024-10-05T17:17:07.252710,2024-10-05T18:26:31.235817,CLOSED,,CITIZEN-PORTAL-WEB,False
ALT-CSE-09-02541,CSE-09,MEDIUM,2024-10-13T18:06:25,2024-10-13T18:08:47.109822,2024-10-13T19:14:39.288281,CLOSED,,GOV-SEC-FW-01,False
ALT-CSE-09-02542,CSE-09,CRITICAL,2024-11-01T00:09:07,2024-11-01T00:23:18.450313,2024-11-01T01:44:59.091456,CLOSED,CAS-CSE-09-0548,CITIZEN-PORTAL-WEB,True
ALT-CSE-09-02543,CSE-09,HIGH,2024-12-02T07:27:57,2024-12-02T07:41:06.580827,2024-12-02T08:17:35.633340,CLOSED,,CITIZEN-PORTAL-WEB,False
ALT-CSE-09-02544,CSE-09,LOW,2024-11-08T12:34:25,2024-11-08T12:40:45.422473,2024-11-08T13:32:32.148249,CLOSED,,CITIZEN-PORTAL-WEB,False
ALT-CSE-09-02545,CSE-09,CRITICAL,2024-12-20T10:32:44,2024-12-20T10:39:04.989422,2024-12-20T11:47:42.323695,CLOSED,CAS-CSE-09-0549,UID-VAULT-DB,False
ALT-CSE-09-02546,CSE-09,MEDIUM,2024-12-15T02:36:53,2024-12-15T02:43:04.625211,2024-12-15T03:35:53.716730,CLOSED,,CITIZEN-PORTAL-WEB,False
ALT-CSE-09-02547,CSE-09,LOW,2024-12-19T08:37:19,2024-12-19T08:48:13.040576,2024-12-19T09:41:03.513183,CLOSED,,GOV-SEC-FW-01,False
ALT-CSE-09-02548,CSE-09,MEDIUM,2024-11-28T05:37:45,2024-11-28T05:49:05.669287,2024-11-28T07:08:01.837471,CLOSED,,GOV-SEC-FW-01,False
ALT-CSE-09-02549,CSE-09,HIGH,2024-11-05T08:53:06,2024-11-05T09:00:24.588999,2024-11-05T09:44:57.205558,CLOSED,,ID-GATEWAY-AUTH-01,False
ALT-CSE-09-02550,CSE-09,LOW,2024-10-26T08:27:24,2024-10-26T08:40:31.808962,2024-10-26T10:10:05.606337,CLOSED,,CITIZEN-PORTAL-WEB,False
ALT-CSE-09-02551,CSE-09,LOW,2024-11-09T08:17:42,2024-11-09T08:28:07.468531,2024-11-09T09:29:37.400251,CLOSED,,GOV-SEC-FW-01,False
ALT-CSE-09-02552,CSE-09,MEDIUM,2024-10-01T20:26:19,2024-10-01T20:30:30.703977,2024-10-01T22:00:28.831817,CLOSED,,ID-GATEWAY-AUTH-01,False
ALT-CSE-09-02553,CSE-09,CRITICAL,2024-10-26T11:17:46,2024-10-26T11:22:07.358404,2024-10-26T12:53:41.567389,CLOSED,CAS-CSE-09-0550,CITIZEN-PORTAL-WEB,True
ALT-CSE-09-02554,CSE-09,CRITICAL,2024-10-17T06:36:56,2024-10-17T06:45:40.744718,2024-10-17T07:46:09.130235,CLOSED,CAS-CSE-09-0551,CITIZEN-PORTAL-WEB,False
ALT-CSE-09-02555,CSE-09,HIGH,2024-12-18T05:55:02,2024-12-18T06:02:57.415276,2024-12-18T07:07:26.868065,CLOSED,,GOV-SEC-FW-01,False
ALT-CSE-09-02556,CSE-09,HIGH,2024-11-22T16:19:34,2024-11-22T16:23:52.203357,2024-11-22T17:57:43.535146,CLOSED,,GOV-SEC-FW-01,False
ALT-CSE-09-02557,CSE-09,LOW,2024-12-10T18:20:37,2024-12-10T18:33:01.122288,2024-12-10T19:02:05.732628,CLOSED,,GOV-SEC-FW-01,False
ALT-CSE-09-02558,CSE-09,MEDIUM,2024-12-19T04:51:58,2024-12-19T05:03:33.171996,2024-12-19T05:57:44.603292,CLOSED,,GOV-SEC-FW-01,False
ALT-CSE-09-02559,CSE-09,CRITICAL,2024-11-08T13:21:51,2024-11-08T13:34:35.361377,2024-11-08T14:37:54.747024,CLOSED,CAS-CSE-09-0552,ID-GATEWAY-AUTH-01,False
ALT-CSE-09-02560,CSE-09,MEDIUM,2024-11-04T05:51:54,2024-11-04T06:06:03.699164,2024-11-04T07:38:49.010798,CLOSED,,GOV-SEC-FW-01,False
ALT-CSE-09-02561,CSE-09,HIGH,2024-10-08T17:48:23,2024-10-08T17:56:35.903796,2024-10-08T19:10:50.236146,CLOSED,,UID-VAULT-DB,False
ALT-CSE-09-02562,CSE-09,MEDIUM,2024-11-25T21:40:19,2024-11-25T21:44:27.056040,2024-11-25T22:30:04.685601,CLOSED,,ID-GATEWAY-AUTH-01,False
ALT-CSE-09-02563,CSE-09,MEDIUM,2024-11-20T01:48:57,2024-11-20T01:57:25.012615,2024-11-20T03:37:13.520234,CLOSED,CAS-CSE-09-0553,GOV-SEC-FW-01,False
ALT-CSE-09-02564,CSE-09,CRITICAL,2024-11-29T14:27:03,2024-11-29T14:29:37.157458,2024-11-29T16:02:05.025436,CLOSED,CAS-CSE-09-0554,ID-GATEWAY-AUTH-01,True
ALT-CSE-09-02565,CSE-09,LOW,2024-10-12T12:15:22,2024-10-12T12:29:52.751726,2024-10-12T13:52:46.329554,CLOSED,,ID-GATEWAY-AUTH-01,False
ALT-CSE-09-02566,CSE-09,LOW,2024-10-16T23:06:36,2024-10-16T23:16:11.580778,2024-10-17T00:11:09.508005,CLOSED,,GOV-SEC-FW-01,False
ALT-CSE-09-02567,CSE-09,CRITICAL,2024-12-25T23:25:49,2024-12-25T23:27:54.720069,2024-12-26T01:08:41.196611,CLOSED,CAS-CSE-09-0555,UID-VAULT-DB,True
ALT-CSE-09-02568,CSE-09,LOW,2024-12-09T00:13:57,2024-12-09T00:27:33.837425,2024-12-09T01:03:22.175759,CLOSED,,ID-GATEWAY-AUTH-01,False
ALT-CSE-09-02569,CSE-09,HIGH,2024-11-26T15:55:20,2024-11-26T16:02:39.820027,2024-11-26T17:25:44.229615,CLOSED,,ID-GATEWAY-AUTH-01,False
ALT-CSE-09-02570,CSE-09,LOW,2024-11-08T09:25:11,2024-11-08T09:35:22.034475,2024-11-08T10:12:10.182809,CLOSED,,CITIZEN-PORTAL-WEB,False
ALT-CSE-09-02571,CSE-09,CRITICAL,2024-12-20T08:46:46,2024-12-20T08:49:18.545035,2024-12-20T10:21:16.449686,CLOSED,CAS-CSE-09-0556,CITIZEN-PORTAL-WEB,False
ALT-CSE-09-02572,CSE-09,LOW,2024-11-30T17:51:50,2024-11-30T17:59:25.576040,2024-11-30T18:58:30.184590,CLOSED,,CITIZEN-PORTAL-WEB,False
ALT-CSE-09-02573,CSE-09,LOW,2024-10-15T20:31:03,2024-10-15T20:40:13.986999,2024-10-15T22:03:49.534979,CLOSED,,GOV-SEC-FW-01,False
ALT-CSE-09-02574,CSE-09,LOW,2024-11-25T11:52:51,2024-11-25T12:00:06.243554,2024-11-25T13:17:56.125201,CLOSED,,GOV-SEC-FW-01,False
ALT-CSE-09-02575,CSE-09,CRITICAL,2024-12-11T12:32:14,2024-12-11T12:41:52.662644,2024-12-11T13:19:22.613628,CLOSED,CAS-CSE-09-0557,CITIZEN-PORTAL-WEB,False
ALT-CSE-09-02576,CSE-09,MEDIUM,2024-12-04T11:12:44,2024-12-04T11:20:00.260130,2024-12-04T11:56:35.391495,CLOSED,,CITIZEN-PORTAL-WEB,False
ALT-CSE-09-02577,CSE-09,CRITICAL,2024-12-27T03:59:19,2024-12-27T04:07:19.503880,2024-12-27T05:07:45.720549,CLOSED,,GOV-SEC-FW-01,False
ALT-CSE-09-02578,CSE-09,MEDIUM,2024-12-25T13:49:49,2024-12-25T13:53:58.819706,2024-12-25T15:27:33.470640,CLOSED,,ID-GATEWAY-AUTH-01,False
ALT-CSE-09-02579,CSE-09,LOW,2024-11-07T15:51:27,2024-11-07T16:00:12.213989,2024-11-07T16:38:35.800994,CLOSED,,ID-GATEWAY-AUTH-01,False
ALT-CSE-09-02580,CSE-09,LOW,2024-12-12T01:09:23,2024-12-12T01:20:12.363448,2024-12-12T02:16:59.788607,CLOSED,,ID-GATEWAY-AUTH-01,False
ALT-CSE-09-02581,CSE-09,CRITICAL,2024-11-17T03:07:44,2024-11-17T03:11:20.687361,2024-11-17T03:51:06.591964,CLOSED,CAS-CSE-09-0558,UID-VAULT-DB,True
ALT-CSE-09-02582,CSE-09,HIGH,2024-12-16T13:48:49,2024-12-16T14:00:02.863161,2024-12-16T15:06:07.754486,CLOSED,,UID-VAULT-DB,False
ALT-CSE-09-02583,CSE-09,LOW,2024-12-22T06:57:01,2024-12-22T07:00:16.740914,2024-12-22T07:49:59.703843,CLOSED,,GOV-SEC-FW-01,False
ALT-CSE-09-02584,CSE-09,CRITICAL,2024-12-19T10:48:02,2024-12-19T10:57:29.282761,2024-12-19T12:29:08.174492,CLOSED,CAS-CSE-09-0559,CITIZEN-PORTAL-WEB,False
ALT-CSE-09-02585,CSE-09,HIGH,2024-12-01T11:04:44,2024-12-01T11:11:27.892433,2024-12-01T12:06:36.569948,CLOSED,,UID-VAULT-DB,False
ALT-CSE-09-02586,CSE-09,LOW,2024-11-04T20:18:03,2024-11-04T20:21:32.938035,2024-11-04T22:03:46.485891,CLOSED,,UID-VAULT-DB,False
ALT-CSE-09-02587,CSE-09,HIGH,2024-11-26T08:58:30,2024-11-26T09:03:37.127983,2024-11-26T10:27:42.007497,CLOSED,,UID-VAULT-DB,False
ALT-CSE-09-02588,CSE-09,MEDIUM,2024-12-24T18:40:53,2024-12-24T18:46:32.376555,2024-12-24T19:52:36.616074,CLOSED,,UID-VAULT-DB,False
ALT-CSE-09-02589,CSE-09,LOW,2024-12-15T20:01:33,2024-12-15T20:12:06.272574,2024-12-15T21:39:07.127548,CLOSED,,CITIZEN-PORTAL-WEB,False
ALT-CSE-09-02590,CSE-09,HIGH,2024-11-18T10:23:42,2024-11-18T10:27:24.668521,2024-11-18T11:56:16.651387,CLOSED,,GOV-SEC-FW-01,False
ALT-CSE-09-02591,CSE-09,MEDIUM,2024-11-28T07:09:25,2024-11-28T07:18:22.461826,2024-11-28T08:39:44.906710,CLOSED,,CITIZEN-PORTAL-WEB,False
ALT-CSE-09-02592,CSE-09,HIGH,2024-11-21T11:56:45,2024-11-21T12:07:39.789200,2024-11-21T12:39:34.462888,CLOSED,CAS-CSE-09-0560,UID-VAULT-DB,False
ALT-CSE-09-02593,CSE-09,CRITICAL,2024-11-05T20:27:52,2024-11-05T20:39:22.689919,2024-11-05T21:47:18.848937,CLOSED,,UID-VAULT-DB,False
ALT-CSE-09-02594,CSE-09,MEDIUM,2024-12-14T00:49:18,2024-12-14T00:55:30.945354,2024-12-14T02:32:12.823407,CLOSED,CAS-CSE-09-0561,ID-GATEWAY-AUTH-01,True
ALT-CSE-09-02595,CSE-09,MEDIUM,2024-11-22T04:49:29,2024-11-22T05:02:11.189259,2024-11-22T05:32:08.727522,CLOSED,,CITIZEN-PORTAL-WEB,False
ALT-CSE-09-02596,CSE-09,LOW,2024-11-09T13:23:17,2024-11-09T13:33:29.043307,2024-11-09T14:52:34.399579,CLOSED,CAS-CSE-09-0562,CITIZEN-PORTAL-WEB,True
ALT-CSE-09-02597,CSE-09,HIGH,2024-10-12T10:51:01,2024-10-12T10:55:09.314981,2024-10-12T12:27:19.680852,CLOSED,,GOV-SEC-FW-01,False
ALT-CSE-09-02598,CSE-09,CRITICAL,2024-11-20T12:40:43,2024-11-20T12:48:06.229446,2024-11-20T13:38:06.884962,CLOSED,CAS-CSE-09-0563,UID-VAULT-DB,True
ALT-CSE-09-02599,CSE-09,HIGH,2024-12-06T15:47:13,2024-12-06T15:56:35.352151,2024-12-06T16:34:30.197185,CLOSED,,UID-VAULT-DB,False
ALT-CSE-09-02600,CSE-09,LOW,2024-11-24T17:46:39,2024-11-24T17:58:34.279574,2024-11-24T19:18:50.188374,CLOSED,CAS-CSE-09-0564,CITIZEN-PORTAL-WEB,False
ALT-CSE-09-02601,CSE-09,HIGH,2024-12-05T15:26:46,2024-12-05T15:31:07.938591,2024-12-05T16:44:50.764678,CLOSED,,GOV-SEC-FW-01,False
ALT-CSE-09-02602,CSE-09,LOW,2024-11-28T13:10:01,2024-11-28T13:12:53.378360,2024-11-28T14:47:58.049120,CLOSED,,CITIZEN-PORTAL-WEB,False
ALT-CSE-09-02603,CSE-09,LOW,2024-10-28T03:04:43,2024-10-28T03:14:21.116020,2024-10-28T04:17:56.720761,CLOSED,,UID-VAULT-DB,False
ALT-CSE-09-02604,CSE-09,LOW,2024-11-06T23:56:06,2024-11-07T00:01:34.644964,2024-11-07T01:02:42.462615,CLOSED,,GOV-SEC-FW-01,False
ALT-CSE-09-02605,CSE-09,LOW,2024-11-15T21:53:19,2024-11-15T22:02:06.982281,2024-11-15T22:50:55.303999,CLOSED,,UID-VAULT-DB,False
ALT-CSE-09-02606,CSE-09,CRITICAL,2024-11-16T16:28:11,2024-11-16T16:31:23.656520,2024-11-16T17:12:32.281388,CLOSED,CAS-CSE-09-0565,ID-GATEWAY-AUTH-01,False
ALT-CSE-09-02607,CSE-09,LOW,2024-10-03T02:52:31,2024-10-03T02:56:30.341131,2024-10-03T03:53:36.738968,CLOSED,,ID-GATEWAY-AUTH-01,False
ALT-CSE-09-02608,CSE-09,HIGH,2024-12-22T18:24:26,2024-12-22T18:38:08.634246,2024-12-22T19:49:01.571473,CLOSED,CAS-CSE-09-0566,CITIZEN-PORTAL-WEB,False
ALT-CSE-09-02609,CSE-09,LOW,2024-12-16T05:58:23,2024-12-16T06:10:59.946608,2024-12-16T07:01:00.916033,CLOSED,,UID-VAULT-DB,False
ALT-CSE-09-02610,CSE-09,MEDIUM,2024-10-17T16:56:40,2024-10-17T17:00:36.899704,2024-10-17T17:41:42.139520,CLOSED,,GOV-SEC-FW-01,False
ALT-CSE-09-02611,CSE-09,LOW,2024-10-06T10:41:24,2024-10-06T10:54:12.965420,2024-10-06T12:26:37.704850,CLOSED,,UID-VAULT-DB,False
ALT-CSE-09-02612,CSE-09,HIGH,2024-12-08T14:58:43,2024-12-08T15:05:12.771036,2024-12-08T15:52:16.270594,CLOSED,CAS-CSE-09-0567,ID-GATEWAY-AUTH-01,False
ALT-CSE-09-02613,CSE-09,HIGH,2024-12-01T15:38:03,2024-12-01T15:49:36.040491,2024-12-01T17:24:52.751688,CLOSED,,GOV-SEC-FW-01,False
ALT-CSE-09-02614,CSE-09,HIGH,2024-12-05T03:29:27,2024-12-05T03:39:27.315553,2024-12-05T04:40:05.358837,CLOSED,,CITIZEN-PORTAL-WEB,False
ALT-CSE-09-02615,CSE-09,HIGH,2024-10-24T07:18:29,2024-10-24T07:27:11.595454,2024-10-24T08:55:51.956926,CLOSED,CAS-CSE-09-0568,UID-VAULT-DB,False
ALT-CSE-09-02616,CSE-09,HIGH,2024-11-11T21:02:15,2024-11-11T21:06:46.580241,2024-11-11T22:04:45.910713,CLOSED,,GOV-SEC-FW-01,False
ALT-CSE-09-02617,CSE-09,HIGH,2024-11-26T17:14:32,2024-11-26T17:21:35.713776,2024-11-26T18:48:01.187474,CLOSED,,UID-VAULT-DB,False
ALT-CSE-09-02618,CSE-09,LOW,2024-11-11T13:03:36,2024-11-11T13:09:54.706137,2024-11-11T14:17:12.790146,CLOSED,,CITIZEN-PORTAL-WEB,False
ALT-CSE-09-02619,CSE-09,LOW,2024-10-05T08:35:20,2024-10-05T08:49:53.483826,2024-10-05T10:24:37.499195,CLOSED,,UID-VAULT-DB,False
ALT-CSE-09-02620,CSE-09,CRITICAL,2024-12-09T22:12:23,2024-12-09T22:20:41.287423,2024-12-09T23:53:54.686322,CLOSED,CAS-CSE-09-0569,GOV-SEC-FW-01,False
ALT-CSE-09-02621,CSE-09,MEDIUM,2024-10-12T23:58:02,2024-10-13T00:04:27.720589,2024-10-13T00:47:51.779940,CLOSED,,CITIZEN-PORTAL-WEB,False
ALT-CSE-09-02622,CSE-09,LOW,2024-10-22T00:07:12,2024-10-22T00:18:42.215413,2024-10-22T01:31:49.680798,CLOSED,,ID-GATEWAY-AUTH-01,False
ALT-CSE-09-02623,CSE-09,MEDIUM,2024-10-08T16:12:58,2024-10-08T16:25:57.030484,2024-10-08T16:53:00.140721,CLOSED,,GOV-SEC-FW-01,False
ALT-CSE-09-02624,CSE-09,HIGH,2024-10-19T02:16:11,2024-10-19T02:30:55.627125,2024-10-19T03:25:35.633162,CLOSED,CAS-CSE-09-0570,UID-VAULT-DB,True
ALT-CSE-09-02625,CSE-09,HIGH,2024-10-06T12:05:18,2024-10-06T12:17:02.580496,2024-10-06T13:53:08.651468,CLOSED,,CITIZEN-PORTAL-WEB,False
ALT-CSE-09-02626,CSE-09,MEDIUM,2024-10-09T05:33:56,2024-10-09T05:45:17.863145,2024-10-09T07:02:46.196800,CLOSED,,UID-VAULT-DB,False
ALT-CSE-09-02627,CSE-09,MEDIUM,2024-10-23T13:43:52,2024-10-23T13:53:10.304488,2024-10-23T14:34:31.281118,CLOSED,,ID-GATEWAY-AUTH-01,False
ALT-CSE-09-02628,CSE-09,LOW,2024-10-25T01:34:35,2024-10-25T01:47:07.748121,2024-10-25T03:12:51.208833,CLOSED,,UID-VAULT-DB,False
ALT-CSE-09-02629,CSE-09,MEDIUM,2024-12-08T06:15:54,2024-12-08T06:23:50.443113,2024-12-08T07:17:09.342961,CLOSED,,GOV-SEC-FW-01,False
ALT-CSE-09-02630,CSE-09,LOW,2024-10-23T21:29:49,2024-10-23T21:40:21.465049,2024-10-23T23:04:22.823207,CLOSED,,GOV-SEC-FW-01,False
ALT-CSE-09-02631,CSE-09,MEDIUM,2024-12-23T21:54:15,2024-12-23T21:58:17.841755,2024-12-23T22:39:25.808470,CLOSED,,UID-VAULT-DB,False
ALT-CSE-09-02632,CSE-09,HIGH,2024-10-09T01:37:28,2024-10-09T01:39:59.077127,2024-10-09T03:15:09.745728,CLOSED,,GOV-SEC-FW-01,False
ALT-CSE-09-02633,CSE-09,MEDIUM,2024-12-03T02:04:45,2024-12-03T02:08:11.215582,2024-12-03T03:27:25.328018,CLOSED,,UID-VAULT-DB,False
ALT-CSE-09-02634,CSE-09,LOW,2024-10-04T15:49:42,2024-10-04T16:04:40.434493,2024-10-04T17:13:10.183342,CLOSED,,UID-VAULT-DB,False
ALT-CSE-09-02635,CSE-09,CRITICAL,2024-12-10T22:48:29,2024-12-10T23:01:12.164295,2024-12-10T23:38:35.959770,CLOSED,CAS-CSE-09-0571,ID-GATEWAY-AUTH-01,False
ALT-CSE-09-02636,CSE-09,HIGH,2024-12-04T16:45:17,2024-12-04T16:58:54.888800,2024-12-04T17:34:56.326395,CLOSED,,GOV-SEC-FW-01,False
ALT-CSE-09-02637,CSE-09,LOW,2024-11-02T20:23:34,2024-11-02T20:29:42.332919,2024-11-02T22:11:00.493527,CLOSED,,UID-VAULT-DB,False
ALT-CSE-09-02638,CSE-09,MEDIUM,2024-10-23T22:46:01,2024-10-23T22:53:32.241315,2024-10-24T00:19:53.597412,CLOSED,,ID-GATEWAY-AUTH-01,False
ALT-CSE-09-02639,CSE-09,MEDIUM,2024-12-23T12:29:38,2024-12-23T12:42:10.198540,2024-12-23T13:57:25.288121,CLOSED,,GOV-SEC-FW-01,False
ALT-CSE-09-02640,CSE-09,MEDIUM,2024-11-12T12:49:51,2024-11-12T12:54:35.548406,2024-11-12T14:34:55.081119,CLOSED,,ID-GATEWAY-AUTH-01,False
ALT-CSE-09-02641,CSE-09,CRITICAL,2024-10-05T20:25:56,2024-10-05T20:32:08.439495,2024-10-05T21:44:27.928741,CLOSED,CAS-CSE-09-0572,ID-GATEWAY-AUTH-01,False
ALT-CSE-09-02642,CSE-09,LOW,2024-10-02T23:49:03,2024-10-02T23:52:26.691742,2024-10-03T01:04:08.630387,CLOSED,,ID-GATEWAY-AUTH-01,False
ALT-CSE-09-02643,CSE-09,MEDIUM,2024-10-01T03:47:24,2024-10-01T03:55:21.729536,2024-10-01T05:25:53.300302,CLOSED,,GOV-SEC-FW-01,False
ALT-CSE-09-02644,CSE-09,MEDIUM,2024-12-29T22:42:01,2024-12-29T22:53:26.037636,2024-12-30T00:10:36.100178,CLOSED,,UID-VAULT-DB,False
ALT-CSE-09-02645,CSE-09,MEDIUM,2024-12-06T15:29:29,2024-12-06T15:38:01.960853,2024-12-06T17:10:45.531074,CLOSED,,GOV-SEC-FW-01,False
ALT-CSE-09-02646,CSE-09,LOW,2024-12-12T18:24:50,2024-12-12T18:33:35.372599,2024-12-12T19:16:40.408197,CLOSED,CAS-CSE-09-0573,CITIZEN-PORTAL-WEB,False
ALT-CSE-09-02647,CSE-09,HIGH,2024-12-23T02:10:56,2024-12-23T02:19:08.783922,2024-12-23T03:33:10.388888,CLOSED,,ID-GATEWAY-AUTH-01,False
ALT-CSE-09-02648,CSE-09,MEDIUM,2024-11-19T12:23:08,2024-11-19T12:34:37.417701,2024-11-19T13:21:25.432512,CLOSED,,GOV-SEC-FW-01,False
ALT-CSE-09-02649,CSE-09,HIGH,2024-10-29T20:20:45,2024-10-29T20:30:07.938908,2024-10-29T22:08:06.130655,CLOSED,,ID-GATEWAY-AUTH-01,False
ALT-CSE-09-02650,CSE-09,MEDIUM,2024-12-14T14:12:17,2024-12-14T14:25:02.882405,2024-12-14T15:45:42.285518,CLOSED,,GOV-SEC-FW-01,False
ALT-CSE-09-02651,CSE-09,HIGH,2024-11-29T09:55:40,2024-11-29T09:59:49.817386,2024-11-29T10:48:40.339659,CLOSED,,GOV-SEC-FW-01,False
ALT-CSE-09-02652,CSE-09,LOW,2024-12-27T21:24:56,2024-12-27T21:33:38.746703,2024-12-27T22:56:36.811880,CLOSED,,UID-VAULT-DB,False
ALT-CSE-09-02653,CSE-09,LOW,2024-12-23T07:33:06,2024-12-23T07:39:30.265478,2024-12-23T08:55:46.256147,CLOSED,,CITIZEN-PORTAL-WEB,False
ALT-CSE-09-02654,CSE-09,MEDIUM,2024-11-23T23:04:51,2024-11-23T23:12:31.146459,2024-11-23T23:57:58.233587,CLOSED,,ID-GATEWAY-AUTH-01,False
ALT-CSE-09-02655,CSE-09,MEDIUM,2024-10-04T11:29:57,2024-10-04T11:34:20.396462,2024-10-04T12:19:40.914076,CLOSED,,GOV-SEC-FW-01,False
ALT-CSE-09-02656,CSE-09,LOW,2024-10-20T01:36:01,2024-10-20T01:38:04.227801,2024-10-20T02:34:52.363227,CLOSED,CAS-CSE-09-0574,CITIZEN-PORTAL-WEB,False
ALT-CSE-09-02657,CSE-09,HIGH,2024-10-19T06:19:26,2024-10-19T06:27:40.362935,2024-10-19T08:02:52.633323,CLOSED,,GOV-SEC-FW-01,False
ALT-CSE-09-02658,CSE-09,HIGH,2024-10-06T18:09:49,2024-10-06T18:15:37.601449,2024-10-06T19:04:09.165455,CLOSED,,GOV-SEC-FW-01,False
ALT-CSE-09-02659,CSE-09,LOW,2024-11-16T01:14:38,2024-11-16T01:25:07.337565,2024-11-16T02:47:58.252883,CLOSED,CAS-CSE-09-0575,ID-GATEWAY-AUTH-01,False
ALT-CSE-09-02660,CSE-09,MEDIUM,2024-11-23T22:56:24,2024-11-23T23:05:29.258867,2024-11-24T00:09:08.275489,CLOSED,,GOV-SEC-FW-01,False
ALT-CSE-09-02661,CSE-09,HIGH,2024-10-16T21:51:01,2024-10-16T21:56:29.173975,2024-10-16T22:32:09.269332,CLOSED,,CITIZEN-PORTAL-WEB,False
ALT-CSE-09-02662,CSE-09,LOW,2024-12-14T16:08:17,2024-12-14T16:18:31.767960,2024-12-14T17:39:20.150156,CLOSED,,CITIZEN-PORTAL-WEB,False
ALT-CSE-09-02663,CSE-09,MEDIUM,2024-10-26T22:58:11,2024-10-26T23:06:50.885533,2024-10-26T23:48:33.807693,CLOSED,,GOV-SEC-FW-01,False
ALT-CSE-09-02664,CSE-09,CRITICAL,2024-10-07T17:14:55,2024-10-07T17:19:15.796109,2024-10-07T18:20:29.047553,CLOSED,CAS-CSE-09-0576,CITIZEN-PORTAL-WEB,False
ALT-CSE-09-02665,CSE-09,CRITICAL,2024-11-01T16:30:19,2024-11-01T16:41:02.634139,2024-11-01T17:48:22.268936,CLOSED,CAS-CSE-09-0577,CITIZEN-PORTAL-WEB,False
ALT-CSE-09-02666,CSE-09,LOW,2024-12-07T04:32:11,2024-12-07T04:34:21.431671,2024-12-07T05:33:18.679459,CLOSED,,UID-VAULT-DB,False
ALT-CSE-09-02667,CSE-09,LOW,2024-10-11T14:52:40,2024-10-11T15:00:11.453778,2024-10-11T16:30:08.718725,CLOSED,,ID-GATEWAY-AUTH-01,False
ALT-CSE-09-02668,CSE-09,HIGH,2024-12-28T22:29:22,2024-12-28T22:43:45.028423,2024-12-28T23:50:53.600599,CLOSED,,ID-GATEWAY-AUTH-01,False
ALT-CSE-09-02669,CSE-09,CRITICAL,2024-10-01T00:28:08,2024-10-01T00:37:52.705985,2024-10-01T01:58:53.358029,CLOSED,CAS-CSE-09-0578,CITIZEN-PORTAL-WEB,True
ALT-CSE-09-02670,CSE-09,HIGH,2024-10-22T23:05:16,2024-10-22T23:13:13.384907,2024-10-22T23:50:36.559655,CLOSED,,CITIZEN-PORTAL-WEB,False
ALT-CSE-09-02671,CSE-09,MEDIUM,2024-12-04T07:58:04,2024-12-04T08:08:04.845601,2024-12-04T09:06:23.890381,CLOSED,CAS-CSE-09-0579,GOV-SEC-FW-01,False
ALT-CSE-09-02672,CSE-09,MEDIUM,2024-11-12T19:10:42,2024-11-12T19:16:09.939806,2024-11-12T20:40:36.409785,CLOSED,CAS-CSE-09-0580,GOV-SEC-FW-01,True
ALT-CSE-09-02673,CSE-09,HIGH,2024-10-03T07:06:31,2024-10-03T07:13:56.977445,2024-10-03T08:45:42.342489,CLOSED,,GOV-SEC-FW-01,False
ALT-CSE-09-02674,CSE-09,HIGH,2024-10-26T15:11:03,2024-10-26T15:14:26.193642,2024-10-26T16:14:27.827948,CLOSED,,UID-VAULT-DB,False
ALT-CSE-09-02675,CSE-09,CRITICAL,2024-12-09T05:17:02,2024-12-09T05:24:53.208438,2024-12-09T06:37:04.586463,CLOSED,CAS-CSE-09-0581,GOV-SEC-FW-01,True
ALT-CSE-09-02676,CSE-09,CRITICAL,2024-10-07T14:55:55,2024-10-07T15:09:59.962870,2024-10-07T15:36:26.473933,CLOSED,CAS-CSE-09-0582,UID-VAULT-DB,True
ALT-CSE-09-02677,CSE-09,CRITICAL,2024-12-10T10:58:13,2024-12-10T11:12:59.239693,2024-12-10T11:57:14.514723,CLOSED,CAS-CSE-09-0583,ID-GATEWAY-AUTH-01,False
ALT-CSE-09-02678,CSE-09,MEDIUM,2024-11-14T15:47:26,2024-11-14T15:53:46.879230,2024-11-14T17:14:42.707084,CLOSED,,UID-VAULT-DB,False
ALT-CSE-09-02679,CSE-09,HIGH,2024-12-22T10:00:31,2024-12-22T10:10:29.552903,2024-12-22T11:19:01.267119,CLOSED,,CITIZEN-PORTAL-WEB,False
ALT-CSE-09-02680,CSE-09,MEDIUM,2024-11-19T20:52:57,2024-11-19T21:05:39.194022,2024-11-19T22:01:52.268647,CLOSED,,CITIZEN-PORTAL-WEB,False
ALT-CSE-09-02681,CSE-09,LOW,2024-10-08T10:18:14,2024-10-08T10:29:44.778437,2024-10-08T11:09:15.998592,CLOSED,,UID-VAULT-DB,False
ALT-CSE-09-02682,CSE-09,MEDIUM,2024-11-14T19:39:36,2024-11-14T19:45:53.871275,2024-11-14T20:24:34.107493,CLOSED,,CITIZEN-PORTAL-WEB,False
ALT-CSE-09-02683,CSE-09,MEDIUM,2024-11-22T11:01:34,2024-11-22T11:03:42.867758,2024-11-22T12:50:25.671219,CLOSED,,GOV-SEC-FW-01,False
ALT-CSE-09-02684,CSE-09,MEDIUM,2024-10-06T21:48:26,2024-10-06T21:58:59.515836,2024-10-06T22:35:30.800253,CLOSED,,CITIZEN-PORTAL-WEB,False
ALT-CSE-09-02685,CSE-09,MEDIUM,2024-11-11T07:53:31,2024-11-11T08:03:22.528844,2024-11-11T09:22:15.235481,CLOSED,,ID-GATEWAY-AUTH-01,False
ALT-CSE-09-02686,CSE-09,HIGH,2024-10-26T23:41:38,2024-10-26T23:48:13.536053,2024-10-27T00:37:43.095641,CLOSED,,UID-VAULT-DB,False
ALT-CSE-09-02687,CSE-09,MEDIUM,2024-11-24T19:36:32,2024-11-24T19:50:23.622067,2024-11-24T21:07:08.903564,CLOSED,,UID-VAULT-DB,False
ALT-CSE-09-02688,CSE-09,MEDIUM,2024-11-09T10:33:45,2024-11-09T10:36:32.799744,2024-11-09T11:29:55.609386,CLOSED,,GOV-SEC-FW-01,False
ALT-CSE-09-02689,CSE-09,HIGH,2024-12-10T13:11:51,2024-12-10T13:19:58.018455,2024-12-10T14:32:10.619206,CLOSED,,ID-GATEWAY-AUTH-01,False
ALT-CSE-09-02690,CSE-09,MEDIUM,2024-11-09T00:33:28,2024-11-09T00:38:16.884231,2024-11-09T01:31:10.015215,CLOSED,,CITIZEN-PORTAL-WEB,False
ALT-CSE-09-02691,CSE-09,MEDIUM,2024-11-17T21:59:12,2024-11-17T22:12:06.334922,2024-11-17T22:41:44.377459,CLOSED,,ID-GATEWAY-AUTH-01,False
ALT-CSE-09-02692,CSE-09,HIGH,2024-11-08T16:37:58,2024-11-08T16:41:02.054094,2024-11-08T18:12:53.718248,CLOSED,CAS-CSE-09-0584,UID-VAULT-DB,False
ALT-CSE-09-02693,CSE-09,MEDIUM,2024-11-11T22:03:35,2024-11-11T22:15:35.844124,2024-11-11T22:54:33.444587,CLOSED,,GOV-SEC-FW-01,False
ALT-CSE-09-02694,CSE-09,MEDIUM,2024-10-10T02:23:50,2024-10-10T02:30:18.834171,2024-10-10T03:24:53.714982,CLOSED,,GOV-SEC-FW-01,False
ALT-CSE-09-02695,CSE-09,HIGH,2024-12-06T08:26:25,2024-12-06T08:36:57.875613,2024-12-06T10:13:49.292463,CLOSED,,UID-VAULT-DB,False
ALT-CSE-09-02696,CSE-09,HIGH,2024-10-08T13:31:58,2024-10-08T13:36:50.407116,2024-10-08T15:14:43.897789,CLOSED,,CITIZEN-PORTAL-WEB,False
ALT-CSE-09-02697,CSE-09,MEDIUM,2024-10-01T12:18:03,2024-10-01T12:22:35.098905,2024-10-01T13:57:42.748359,CLOSED,,ID-GATEWAY-AUTH-01,False
ALT-CSE-09-02698,CSE-09,MEDIUM,2024-11-17T04:31:27,2024-11-17T04:36:15.832037,2024-11-17T05:35:23.996607,CLOSED,,CITIZEN-PORTAL-WEB,False
ALT-CSE-09-02699,CSE-09,LOW,2024-11-23T22:53:08,2024-11-23T23:06:06.414572,2024-11-24T00:17:07.299132,CLOSED,,CITIZEN-PORTAL-WEB,False
ALT-CSE-09-02700,CSE-09,MEDIUM,2024-10-27T02:17:31,2024-10-27T02:19:42.625616,2024-10-27T04:01:52.193769,CLOSED,,ID-GATEWAY-AUTH-01,False
ALT-CSE-09-02701,CSE-09,HIGH,2024-12-19T19:49:36,2024-12-19T20:01:34.839470,2024-12-19T20:59:23.497611,CLOSED,,UID-VAULT-DB,False
ALT-CSE-09-02702,CSE-09,LOW,2024-12-08T04:36:01,2024-12-08T04:39:50.081768,2024-12-08T06:07:05.821091,CLOSED,,CITIZEN-PORTAL-WEB,False
ALT-CSE-09-02703,CSE-09,LOW,2024-11-29T10:52:09,2024-11-29T10:57:00.462529,2024-11-29T12:15:04.453745,CLOSED,,UID-VAULT-DB,False
ALT-CSE-09-02704,CSE-09,MEDIUM,2024-11-01T09:04:38,2024-11-01T09:13:01.863054,2024-11-01T10:48:38.297152,CLOSED,CAS-CSE-09-0585,GOV-SEC-FW-01,False
ALT-CSE-09-02705,CSE-09,LOW,2024-10-23T10:23:00,2024-10-23T10:34:07.295772,2024-10-23T11:10:15.433889,CLOSED,,GOV-SEC-FW-01,False
ALT-CSE-09-02706,CSE-09,MEDIUM,2024-10-20T14:29:00,2024-10-20T14:32:37.752762,2024-10-20T15:34:51.427378,CLOSED,,CITIZEN-PORTAL-WEB,False
ALT-CSE-09-02707,CSE-09,LOW,2024-11-02T18:00:10,2024-11-02T18:09:16.231095,2024-11-02T19:10:24.688244,CLOSED,,GOV-SEC-FW-01,False
ALT-CSE-09-02708,CSE-09,MEDIUM,2024-11-11T21:22:18,2024-11-11T21:36:12.648009,2024-11-11T22:35:32.575428,CLOSED,,CITIZEN-PORTAL-WEB,False
ALT-CSE-09-02709,CSE-09,MEDIUM,2024-11-13T11:21:29,2024-11-13T11:28:25.394337,2024-11-13T12:24:16.124424,CLOSED,,GOV-SEC-FW-01,False
ALT-CSE-09-02710,CSE-09,CRITICAL,2024-10-08T07:58:24,2024-10-08T08:10:33.763363,2024-10-08T09:36:40.214366,CLOSED,CAS-CSE-09-0586,GOV-SEC-FW-01,False
ALT-CSE-09-02711,CSE-09,MEDIUM,2024-11-29T10:57:01,2024-11-29T10:59:01.507229,2024-11-29T12:22:23.579481,CLOSED,,CITIZEN-PORTAL-WEB,False
ALT-CSE-09-02712,CSE-09,MEDIUM,2024-10-23T02:25:13,2024-10-23T02:32:04.070421,2024-10-23T03:45:44.057146,CLOSED,,GOV-SEC-FW-01,False
ALT-CSE-09-02713,CSE-09,HIGH,2024-10-28T17:26:36,2024-10-28T17:31:20.194142,2024-10-28T18:19:48.263134,CLOSED,,CITIZEN-PORTAL-WEB,False
ALT-CSE-09-02714,CSE-09,MEDIUM,2024-10-04T05:26:29,2024-10-04T05:33:28.025570,2024-10-04T06:36:55.827492,CLOSED,,ID-GATEWAY-AUTH-01,False
ALT-CSE-09-02715,CSE-09,MEDIUM,2024-11-27T23:22:31,2024-11-27T23:26:12.195331,2024-11-28T00:02:37.932184,CLOSED,,UID-VAULT-DB,False
ALT-CSE-09-02716,CSE-09,LOW,2024-12-18T20:01:11,2024-12-18T20:15:22.822265,2024-12-18T21:02:45.014898,CLOSED,,ID-GATEWAY-AUTH-01,False
ALT-CSE-09-02717,CSE-09,LOW,2024-10-05T12:53:35,2024-10-05T12:57:14.341014,2024-10-05T13:33:46.421384,CLOSED,,GOV-SEC-FW-01,False
ALT-CSE-09-02718,CSE-09,HIGH,2024-10-22T22:00:42,2024-10-22T22:03:43.910354,2024-10-22T22:45:09.517223,CLOSED,,CITIZEN-PORTAL-WEB,False
ALT-CSE-09-02719,CSE-09,MEDIUM,2024-11-30T20:29:10,2024-11-30T20:32:33.342432,2024-11-30T21:10:37.308090,CLOSED,,ID-GATEWAY-AUTH-01,False
ALT-CSE-09-02720,CSE-09,MEDIUM,2024-10-12T18:05:55,2024-10-12T18:20:11.010563,2024-10-12T19:28:48.468591,CLOSED,,ID-GATEWAY-AUTH-01,False
ALT-CSE-09-02721,CSE-09,MEDIUM,2024-12-25T03:33:24,2024-12-25T03:46:05.270249,2024-12-25T04:29:08.923582,CLOSED,,ID-GATEWAY-AUTH-01,False
ALT-CSE-09-02722,CSE-09,MEDIUM,2024-12-14T00:07:44,2024-12-14T00:21:28.683608,2024-12-14T00:51:27.956801,CLOSED,,ID-GATEWAY-AUTH-01,False
ALT-CSE-09-02723,CSE-09,HIGH,2024-10-18T22:44:53,2024-10-18T22:53:43.709492,2024-10-19T00:03:49.291784,CLOSED,,GOV-SEC-FW-01,False
ALT-CSE-09-02724,CSE-09,HIGH,2024-12-15T11:18:41,2024-12-15T11:32:31.850210,2024-12-15T12:26:11.979764,CLOSED,,GOV-SEC-FW-01,False
ALT-CSE-09-02725,CSE-09,HIGH,2024-10-30T17:56:47,2024-10-30T17:59:07.228628,2024-10-30T19:46:07.049962,CLOSED,,CITIZEN-PORTAL-WEB,False
ALT-CSE-09-02726,CSE-09,LOW,2024-10-05T04:07:22,2024-10-05T04:19:43.666669,2024-10-05T05:03:26.966983,CLOSED,,CITIZEN-PORTAL-WEB,False
ALT-CSE-09-02727,CSE-09,LOW,2024-12-13T03:22:53,2024-12-13T03:35:18.885856,2024-12-13T04:53:03.539171,CLOSED,,CITIZEN-PORTAL-WEB,False
ALT-CSE-09-02728,CSE-09,CRITICAL,2024-12-12T23:32:50,2024-12-12T23:43:16.588651,2024-12-13T01:03:10.399503,CLOSED,CAS-CSE-09-0587,ID-GATEWAY-AUTH-01,False
ALT-CSE-09-02729,CSE-09,HIGH,2024-11-01T08:26:02,2024-11-01T08:32:14.418512,2024-11-01T10:08:51.404004,CLOSED,,CITIZEN-PORTAL-WEB,False
ALT-CSE-09-02730,CSE-09,LOW,2024-10-12T04:39:02,2024-10-12T04:42:41.833051,2024-10-12T05:52:14.648906,CLOSED,,UID-VAULT-DB,False
ALT-CSE-09-02731,CSE-09,MEDIUM,2024-12-03T07:50:36,2024-12-03T08:04:59.710314,2024-12-03T09:26:30.280484,CLOSED,,GOV-SEC-FW-01,False
ALT-CSE-09-02732,CSE-09,LOW,2024-10-26T14:52:06,2024-10-26T14:56:55.619758,2024-10-26T16:11:23.919348,CLOSED,,ID-GATEWAY-AUTH-01,False
ALT-CSE-09-02733,CSE-09,MEDIUM,2024-10-25T17:18:28,2024-10-25T17:29:25.888834,2024-10-25T18:31:28.922136,CLOSED,,UID-VAULT-DB,False
ALT-CSE-09-02734,CSE-09,HIGH,2024-12-26T03:11:43,2024-12-26T03:19:36.110246,2024-12-26T04:33:54.816921,CLOSED,,UID-VAULT-DB,False
ALT-CSE-09-02735,CSE-09,HIGH,2024-10-08T18:00:57,2024-10-08T18:04:05.015280,2024-10-08T18:41:44.294663,CLOSED,,UID-VAULT-DB,False
ALT-CSE-09-02736,CSE-09,LOW,2024-10-20T18:22:22,2024-10-20T18:36:35.416752,2024-10-20T19:54:21.303632,CLOSED,,UID-VAULT-DB,False
ALT-CSE-09-02737,CSE-09,MEDIUM,2024-11-23T18:33:19,2024-11-23T18:39:39.450626,2024-11-23T19:20:55.049892,CLOSED,,GOV-SEC-FW-01,False
ALT-CSE-09-02738,CSE-09,CRITICAL,2024-11-03T22:15:33,2024-11-03T22:24:35.193195,2024-11-03T23:00:41.863098,CLOSED,CAS-CSE-09-0588,GOV-SEC-FW-01,False
ALT-CSE-09-02739,CSE-09,MEDIUM,2024-10-07T01:24:50,2024-10-07T01:29:14.366522,2024-10-07T02:30:50.825708,CLOSED,,CITIZEN-PORTAL-WEB,False
ALT-CSE-09-02740,CSE-09,HIGH,2024-12-27T06:44:39,2024-12-27T06:54:00.065956,2024-12-27T08:11:37.825428,CLOSED,,GOV-SEC-FW-01,False
ALT-CSE-09-02741,CSE-09,MEDIUM,2024-11-16T20:16:32,2024-11-16T20:24:31.945257,2024-11-16T21:47:40.859735,CLOSED,,ID-GATEWAY-AUTH-01,False
ALT-CSE-09-02742,CSE-09,LOW,2024-12-06T07:35:06,2024-12-06T07:41:42.571967,2024-12-06T09:08:12.613845,CLOSED,,ID-GATEWAY-AUTH-01,False
ALT-CSE-09-02743,CSE-09,CRITICAL,2024-11-14T06:34:40,2024-11-14T06:38:08.428062,2024-11-14T07:46:55.964180,CLOSED,CAS-CSE-09-0589,GOV-SEC-FW-01,False
ALT-CSE-09-02744,CSE-09,MEDIUM,2024-10-08T04:02:41,2024-10-08T04:16:27.463151,2024-10-08T05:47:05.544465,CLOSED,,GOV-SEC-FW-01,False
ALT-CSE-09-02745,CSE-09,HIGH,2024-11-27T18:13:48,2024-11-27T18:16:53.441734,2024-11-27T19:41:24.054912,CLOSED,CAS-CSE-09-0590,CITIZEN-PORTAL-WEB,False
ALT-CSE-09-02746,CSE-09,MEDIUM,2024-11-24T19:56:17,2024-11-24T19:58:58.665404,2024-11-24T20:59:14.134657,CLOSED,,GOV-SEC-FW-01,False
ALT-CSE-09-02747,CSE-09,MEDIUM,2024-11-26T05:28:35,2024-11-26T05:31:57.960219,2024-11-26T06:41:32.103638,CLOSED,,UID-VAULT-DB,False
ALT-CSE-09-02748,CSE-09,HIGH,2024-10-17T03:31:41,2024-10-17T03:46:32.149253,2024-10-17T04:24:36.640651,CLOSED,,UID-VAULT-DB,False
ALT-CSE-09-02749,CSE-09,HIGH,2024-10-19T00:41:01,2024-10-19T00:45:52.897915,2024-10-19T01:21:16.354882,CLOSED,,CITIZEN-PORTAL-WEB,False
ALT-CSE-09-02750,CSE-09,LOW,2024-10-14T12:01:28,2024-10-14T12:10:34.196927,2024-10-14T12:57:21.840213,CLOSED,,ID-GATEWAY-AUTH-01,False
ALT-CSE-09-02751,CSE-09,CRITICAL,2024-12-04T00:38:53,2024-12-04T00:47:04.612386,2024-12-04T02:27:14.927052,CLOSED,CAS-CSE-09-0591,ID-GATEWAY-AUTH-01,False
ALT-CSE-09-02752,CSE-09,HIGH,2024-12-21T12:42:47,2024-12-21T12:45:31.640812,2024-12-21T13:48:09.000045,CLOSED,CAS-CSE-09-0592,UID-VAULT-DB,False
ALT-CSE-09-02753,CSE-09,HIGH,2024-10-31T18:27:44,2024-10-31T18:32:38.024677,2024-10-31T19:51:08.469903,CLOSED,,UID-VAULT-DB,False
ALT-CSE-09-02754,CSE-09,MEDIUM,2024-12-06T03:49:50,2024-12-06T03:52:06.331505,2024-12-06T05:05:09.557159,CLOSED,,ID-GATEWAY-AUTH-01,False
ALT-CSE-09-02755,CSE-09,HIGH,2024-11-15T05:02:53,2024-11-15T05:07:28.427745,2024-11-15T06:19:39.280996,CLOSED,,UID-VAULT-DB,False
ALT-CSE-09-02756,CSE-09,LOW,2024-11-27T22:18:17,2024-11-27T22:29:56.606953,2024-11-27T23:18:07.627646,CLOSED,,UID-VAULT-DB,False
ALT-CSE-09-02757,CSE-09,CRITICAL,2024-12-20T05:32:01,2024-12-20T05:41:48.294276,2024-12-20T06:31:30.307470,CLOSED,CAS-CSE-09-0593,GOV-SEC-FW-01,False
ALT-CSE-09-02758,CSE-09,LOW,2024-11-22T02:38:17,2024-11-22T02:51:48.490936,2024-11-22T04:16:44.209482,CLOSED,,ID-GATEWAY-AUTH-01,False
ALT-CSE-09-02759,CSE-09,MEDIUM,2024-10-02T20:02:51,2024-10-02T20:17:50.995259,2024-10-02T21:05:23.063558,CLOSED,,UID-VAULT-DB,False
ALT-CSE-09-02760,CSE-09,LOW,2024-12-15T13:39:01,2024-12-15T13:41:08.127838,2024-12-15T15:04:25.510961,CLOSED,,CITIZEN-PORTAL-WEB,False
ALT-CSE-09-02761,CSE-09,MEDIUM,2024-10-18T02:20:32,2024-10-18T02:35:24.343841,2024-10-18T03:32:18.829425,CLOSED,,GOV-SEC-FW-01,False
ALT-CSE-09-02762,CSE-09,HIGH,2024-11-03T22:59:39,2024-11-03T23:03:46.189476,2024-11-04T00:36:45.315714,CLOSED,,GOV-SEC-FW-01,False
ALT-CSE-09-02763,CSE-09,LOW,2024-11-24T03:36:28,2024-11-24T03:46:55.677287,2024-11-24T04:24:43.320900,CLOSED,,UID-VAULT-DB,False
ALT-CSE-09-02764,CSE-09,HIGH,2024-10-03T00:43:14,2024-10-03T00:48:32.968292,2024-10-03T01:53:38.203874,CLOSED,,ID-GATEWAY-AUTH-01,False
ALT-CSE-09-02765,CSE-09,HIGH,2024-10-21T15:56:28,2024-10-21T15:59:44.077427,2024-10-21T16:53:10.002090,CLOSED,,ID-GATEWAY-AUTH-01,False
ALT-CSE-09-02766,CSE-09,MEDIUM,2024-10-05T11:34:15,2024-10-05T11:45:13.780826,2024-10-05T12:34:56.992333,CLOSED,,CITIZEN-PORTAL-WEB,False
ALT-CSE-09-02767,CSE-09,CRITICAL,2024-12-19T20:23:34,2024-12-19T20:32:26.892826,2024-12-19T21:28:15.406120,CLOSED,,ID-GATEWAY-AUTH-01,False
ALT-CSE-09-02768,CSE-09,CRITICAL,2024-10-02T14:23:03,2024-10-02T14:34:05.305280,2024-10-02T15:19:31.607672,CLOSED,,ID-GATEWAY-AUTH-01,False
ALT-CSE-09-02769,CSE-09,MEDIUM,2024-10-26T06:47:47,2024-10-26T07:01:18.454112,2024-10-26T08:11:13.816283,CLOSED,,ID-GATEWAY-AUTH-01,False
ALT-CSE-09-02770,CSE-09,CRITICAL,2024-12-09T07:48:05,2024-12-09T08:00:43.034975,2024-12-09T08:50:22.467010,CLOSED,CAS-CSE-09-0594,GOV-SEC-FW-01,False
ALT-CSE-09-02771,CSE-09,MEDIUM,2024-12-01T12:59:59,2024-12-01T13:03:44.449320,2024-12-01T14:29:50.696700,CLOSED,,CITIZEN-PORTAL-WEB,False
ALT-CSE-09-02772,CSE-09,HIGH,2024-11-01T06:38:14,2024-11-01T06:49:17.931128,2024-11-01T07:27:42.712401,CLOSED,,ID-GATEWAY-AUTH-01,False
ALT-CSE-09-02773,CSE-09,MEDIUM,2024-11-20T03:04:48,2024-11-20T03:11:50.677535,2024-11-20T04:32:56.947712,CLOSED,,CITIZEN-PORTAL-WEB,False
ALT-CSE-09-02774,CSE-09,HIGH,2024-12-26T20:39:58,2024-12-26T20:45:41.666740,2024-12-26T21:20:48.190188,CLOSED,,CITIZEN-PORTAL-WEB,False
ALT-CSE-09-02775,CSE-09,MEDIUM,2024-11-01T04:19:37,2024-11-01T04:23:21.126632,2024-11-01T05:13:58.886414,CLOSED,CAS-CSE-09-0595,CITIZEN-PORTAL-WEB,False
ALT-CSE-09-02776,CSE-09,LOW,2024-12-11T09:01:50,2024-12-11T09:11:19.859665,2024-12-11T10:24:20.315336,CLOSED,,ID-GATEWAY-AUTH-01,False
ALT-CSE-09-02777,CSE-09,MEDIUM,2024-12-19T22:31:05,2024-12-19T22:42:48.161597,2024-12-19T23:32:10.907993,CLOSED,,UID-VAULT-DB,False
ALT-CSE-09-02778,CSE-09,MEDIUM,2024-11-27T06:52:56,2024-11-27T06:59:45.933665,2024-11-27T08:15:30.483137,CLOSED,,ID-GATEWAY-AUTH-01,False
ALT-CSE-09-02779,CSE-09,HIGH,2024-11-14T08:36:32,2024-11-14T08:46:00.105480,2024-11-14T10:12:08.161751,CLOSED,,ID-GATEWAY-AUTH-01,False
ALT-CSE-09-02780,CSE-09,MEDIUM,2024-10-31T18:58:37,2024-10-31T19:02:59.747310,2024-10-31T20:33:01.611999,CLOSED,,ID-GATEWAY-AUTH-01,False
ALT-CSE-09-02781,CSE-09,LOW,2024-12-24T12:41:02,2024-12-24T12:52:28.244539,2024-12-24T14:25:44.133514,CLOSED,,UID-VAULT-DB,False
ALT-CSE-09-02782,CSE-09,HIGH,2024-10-26T10:11:47,2024-10-26T10:25:33.554952,2024-10-26T11:45:39.832467,CLOSED,,UID-VAULT-DB,False
ALT-CSE-09-02783,CSE-09,LOW,2024-12-10T15:12:52,2024-12-10T15:15:15.263715,2024-12-10T16:52:44.727281,CLOSED,,GOV-SEC-FW-01,False
ALT-CSE-09-02784,CSE-09,MEDIUM,2024-10-12T20:48:57,2024-10-12T21:01:52.602143,2024-10-12T22:17:46.805128,CLOSED,,UID-VAULT-DB,False
ALT-CSE-09-02785,CSE-09,CRITICAL,2024-11-09T06:48:52,2024-11-09T06:59:28.557643,2024-11-09T08:26:07.536672,CLOSED,CAS-CSE-09-0596,UID-VAULT-DB,True
ALT-CSE-09-02786,CSE-09,MEDIUM,2024-11-15T02:31:57,2024-11-15T02:41:15.820670,2024-11-15T04:12:41.701224,CLOSED,,GOV-SEC-FW-01,False
ALT-CSE-09-02787,CSE-09,MEDIUM,2024-10-27T16:49:20,2024-10-27T16:54:43.781087,2024-10-27T17:42:55.855919,CLOSED,CAS-CSE-09-0597,GOV-SEC-FW-01,False
ALT-CSE-09-02788,CSE-09,CRITICAL,2024-12-12T15:09:55,2024-12-12T15:16:57.232321,2024-12-12T16:22:17.833453,CLOSED,,CITIZEN-PORTAL-WEB,False
ALT-CSE-09-02789,CSE-09,MEDIUM,2024-10-14T11:39:23,2024-10-14T11:49:13.598138,2024-10-14T13:02:48.755219,CLOSED,,ID-GATEWAY-AUTH-01,False
ALT-CSE-09-02790,CSE-09,HIGH,2024-10-19T16:03:16,2024-10-19T16:14:34.548120,2024-10-19T17:47:02.343438,CLOSED,,GOV-SEC-FW-01,False
ALT-CSE-09-02791,CSE-09,CRITICAL,2024-12-17T04:37:42,2024-12-17T04:41:40.567386,2024-12-17T05:48:44.910520,CLOSED,CAS-CSE-09-0598,GOV-SEC-FW-01,False
ALT-CSE-09-02792,CSE-09,LOW,2024-12-19T13:09:46,2024-12-19T13:23:54.218971,2024-12-19T13:56:01.567480,CLOSED,,CITIZEN-PORTAL-WEB,False
ALT-CSE-09-02793,CSE-09,MEDIUM,2024-10-11T14:08:13,2024-10-11T14:22:46.134006,2024-10-11T15:38:40.682459,CLOSED,CAS-CSE-09-0599,CITIZEN-PORTAL-WEB,False
ALT-CSE-09-02794,CSE-09,MEDIUM,2024-12-17T17:28:31,2024-12-17T17:39:05.329081,2024-12-17T18:48:37.468683,CLOSED,,CITIZEN-PORTAL-WEB,False
ALT-CSE-09-02795,CSE-09,HIGH,2024-12-11T21:37:19,2024-12-11T21:47:15.234764,2024-12-11T22:18:27.650600,CLOSED,,ID-GATEWAY-AUTH-01,False
ALT-CSE-09-02796,CSE-09,CRITICAL,2024-10-09T09:34:09,2024-10-09T09:47:33.169336,2024-10-09T10:26:23.072722,CLOSED,CAS-CSE-09-0600,UID-VAULT-DB,False
ALT-CSE-09-02797,CSE-09,CRITICAL,2024-12-09T01:47:07,2024-12-09T01:50:43.425051,2024-12-09T03:24:06.748289,CLOSED,CAS-CSE-09-0601,ID-GATEWAY-AUTH-01,False
ALT-CSE-09-02798,CSE-09,HIGH,2024-12-21T16:40:16,2024-12-21T16:50:55.849110,2024-12-21T18:27:57.458951,CLOSED,,UID-VAULT-DB,False
ALT-CSE-09-02799,CSE-09,MEDIUM,2024-10-15T04:34:49,2024-10-15T04:38:07.406974,2024-10-15T05:41:38.379436,CLOSED,,CITIZEN-PORTAL-WEB,False
ALT-CSE-09-02800,CSE-09,CRITICAL,2024-12-11T04:23:39,2024-12-11T04:36:34.564452,2024-12-11T05:52:54.334304,CLOSED,CAS-CSE-09-0602,GOV-SEC-FW-01,True
ALT-CSE-09-02801,CSE-09,LOW,2024-11-24T13:18:24,2024-11-24T13:32:09.340715,2024-11-24T14:53:28.210367,CLOSED,,ID-GATEWAY-AUTH-01,False
ALT-CSE-09-02802,CSE-09,LOW,2024-12-13T02:04:23,2024-12-13T02:12:38.759823,2024-12-13T03:07:33.011097,CLOSED,,CITIZEN-PORTAL-WEB,False
ALT-CSE-09-02803,CSE-09,MEDIUM,2024-10-04T04:47:43,2024-10-04T04:49:44.260740,2024-10-04T06:29:10.085229,CLOSED,,GOV-SEC-FW-01,False
ALT-CSE-09-02804,CSE-09,LOW,2024-10-16T04:12:12,2024-10-16T04:22:57.101767,2024-10-16T05:04:37.115604,CLOSED,,UID-VAULT-DB,False
ALT-CSE-09-02805,CSE-09,HIGH,2024-10-19T23:23:43,2024-10-19T23:29:39.349915,2024-10-20T00:05:00.931194,CLOSED,,ID-GATEWAY-AUTH-01,False
ALT-CSE-09-02806,CSE-09,LOW,2024-12-06T18:10:10,2024-12-06T18:23:39.515047,2024-12-06T18:57:54.888497,CLOSED,,CITIZEN-PORTAL-WEB,False
ALT-CSE-09-02807,CSE-09,LOW,2024-12-07T22:14:21,2024-12-07T22:18:36.466077,2024-12-07T23:10:16.204876,CLOSED,CAS-CSE-09-0603,CITIZEN-PORTAL-WEB,True
ALT-CSE-09-02808,CSE-09,LOW,2024-10-02T12:26:11,2024-10-02T12:39:03.193611,2024-10-02T13:13:07.446682,CLOSED,,ID-GATEWAY-AUTH-01,False
ALT-CSE-09-02809,CSE-09,CRITICAL,2024-12-23T03:05:10,2024-12-23T03:16:55.281618,2024-12-23T04:41:06.196495,CLOSED,CAS-CSE-09-0604,CITIZEN-PORTAL-WEB,False
ALT-CSE-09-02810,CSE-09,MEDIUM,2024-12-12T04:54:05,2024-12-12T04:56:30.347903,2024-12-12T06:14:39.769116,CLOSED,,ID-GATEWAY-AUTH-01,False
ALT-CSE-09-02811,CSE-09,MEDIUM,2024-10-14T12:38:33,2024-10-14T12:53:12.885039,2024-10-14T14:03:59.464084,CLOSED,,CITIZEN-PORTAL-WEB,False
ALT-CSE-09-02812,CSE-09,CRITICAL,2024-11-04T01:48:11,2024-11-04T01:52:34.564147,2024-11-04T03:08:09.448219,CLOSED,,ID-GATEWAY-AUTH-01,False
ALT-CSE-09-02813,CSE-09,MEDIUM,2024-11-15T15:36:57,2024-11-15T15:49:12.316348,2024-11-15T16:38:18.323320,CLOSED,,UID-VAULT-DB,False
ALT-CSE-09-02814,CSE-09,HIGH,2024-12-09T16:57:01,2024-12-09T16:59:31.184007,2024-12-09T17:51:22.953166,CLOSED,,CITIZEN-PORTAL-WEB,False
ALT-CSE-09-02815,CSE-09,MEDIUM,2024-11-22T00:35:29,2024-11-22T00:43:28.036232,2024-11-22T01:26:09.948532,CLOSED,,GOV-SEC-FW-01,False
ALT-CSE-09-02816,CSE-09,LOW,2024-12-27T09:12:34,2024-12-27T09:23:28.517855,2024-12-27T10:24:19.616060,CLOSED,,GOV-SEC-FW-01,False
ALT-CSE-09-02817,CSE-09,HIGH,2024-11-17T15:39:03,2024-11-17T15:44:19.527927,2024-11-17T16:41:58.424241,CLOSED,,GOV-SEC-FW-01,False
ALT-CSE-09-02818,CSE-09,HIGH,2024-11-06T06:51:54,2024-11-06T07:04:25.609316,2024-11-06T08:03:15.188146,CLOSED,,GOV-SEC-FW-01,False
ALT-CSE-09-02819,CSE-09,MEDIUM,2024-12-20T02:33:21,2024-12-20T02:45:37.232724,2024-12-20T04:12:15.190747,CLOSED,CAS-CSE-09-0605,GOV-SEC-FW-01,False
ALT-CSE-09-02820,CSE-09,MEDIUM,2024-12-17T20:32:30,2024-12-17T20:37:14.336328,2024-12-17T22:00:31.255281,CLOSED,,GOV-SEC-FW-01,False
ALT-CSE-09-02821,CSE-09,MEDIUM,2024-10-04T21:51:16,2024-10-04T22:01:09.499949,2024-10-04T22:36:31.404746,CLOSED,,ID-GATEWAY-AUTH-01,False
ALT-CSE-09-02822,CSE-09,HIGH,2024-12-27T17:20:41,2024-12-27T17:31:04.145009,2024-12-27T18:45:34.981142,CLOSED,,ID-GATEWAY-AUTH-01,False
ALT-CSE-09-02823,CSE-09,LOW,2024-10-22T15:57:08,2024-10-22T16:08:18.000546,2024-10-22T16:48:41.128073,CLOSED,,CITIZEN-PORTAL-WEB,False
ALT-CSE-09-02824,CSE-09,CRITICAL,2024-12-03T04:29:44,2024-12-03T04:31:44.072848,2024-12-03T06:18:36.021964,CLOSED,,ID-GATEWAY-AUTH-01,False
ALT-CSE-09-02825,CSE-09,MEDIUM,2024-12-12T19:14:16,2024-12-12T19:23:21.299939,2024-12-12T20:40:39.925944,CLOSED,,CITIZEN-PORTAL-WEB,False
ALT-CSE-09-02826,CSE-09,MEDIUM,2024-11-06T23:46:10,2024-11-06T23:48:16.640346,2024-11-07T01:05:23.833599,CLOSED,,CITIZEN-PORTAL-WEB,False
ALT-CSE-09-02827,CSE-09,MEDIUM,2024-10-22T22:07:40,2024-10-22T22:11:37.028182,2024-10-22T23:03:07.305749,CLOSED,,CITIZEN-PORTAL-WEB,False
ALT-CSE-09-02828,CSE-09,HIGH,2024-11-04T18:29:14,2024-11-04T18:34:27.111763,2024-11-04T19:22:52.166643,CLOSED,,GOV-SEC-FW-01,False
ALT-CSE-09-02829,CSE-09,HIGH,2024-12-10T08:51:47,2024-12-10T08:56:16.839058,2024-12-10T10:03:08.865293,CLOSED,,CITIZEN-PORTAL-WEB,False
ALT-CSE-09-02830,CSE-09,HIGH,2024-11-10T14:07:36,2024-11-10T14:20:48.263924,2024-11-10T15:46:14.746384,CLOSED,,UID-VAULT-DB,False
ALT-CSE-09-02831,CSE-09,LOW,2024-12-08T02:24:57,2024-12-08T02:27:04.507817,2024-12-08T03:34:06.474553,CLOSED,,ID-GATEWAY-AUTH-01,False
ALT-CSE-09-02832,CSE-09,MEDIUM,2024-12-13T11:19:45,2024-12-13T11:34:01.091232,2024-12-13T12:01:00.904892,CLOSED,,UID-VAULT-DB,False
ALT-CSE-09-02833,CSE-09,CRITICAL,2024-10-15T07:03:58,2024-10-15T07:18:53.843979,2024-10-15T07:49:37.268922,CLOSED,,GOV-SEC-FW-01,False
ALT-CSE-09-02834,CSE-09,HIGH,2024-11-06T06:54:17,2024-11-06T07:04:57.984211,2024-11-06T08:42:04.154008,CLOSED,,UID-VAULT-DB,False
ALT-CSE-09-02835,CSE-09,MEDIUM,2024-11-22T21:33:01,2024-11-22T21:46:21.819769,2024-11-22T22:20:42.838028,CLOSED,,CITIZEN-PORTAL-WEB,False
ALT-CSE-09-02836,CSE-09,MEDIUM,2024-12-22T19:46:40,2024-12-22T19:59:01.430910,2024-12-22T21:08:51.356994,CLOSED,,UID-VAULT-DB,False
ALT-CSE-09-02837,CSE-09,MEDIUM,2024-11-10T07:43:13,2024-11-10T07:51:58.885145,2024-11-10T08:54:59.818623,CLOSED,,CITIZEN-PORTAL-WEB,False
ALT-CSE-09-02838,CSE-09,LOW,2024-11-04T10:17:32,2024-11-04T10:32:25.189704,2024-11-04T11:16:47.529777,CLOSED,,CITIZEN-PORTAL-WEB,False
ALT-CSE-09-02839,CSE-09,MEDIUM,2024-12-03T19:36:55,2024-12-03T19:50:42.202762,2024-12-03T20:43:13.776202,CLOSED,,CITIZEN-PORTAL-WEB,False
ALT-CSE-09-02840,CSE-09,HIGH,2024-12-08T16:29:23,2024-12-08T16:43:30.839754,2024-12-08T17:47:20.075779,CLOSED,,ID-GATEWAY-AUTH-01,False
ALT-CSE-09-02841,CSE-09,HIGH,2024-12-26T22:45:37,2024-12-26T22:59:21.015617,2024-12-27T00:26:46.938834,CLOSED,,GOV-SEC-FW-01,False
ALT-CSE-09-02842,CSE-09,LOW,2024-10-07T19:44:07,2024-10-07T19:53:57.130939,2024-10-07T21:23:24.334057,CLOSED,,UID-VAULT-DB,False
ALT-CSE-09-02843,CSE-09,HIGH,2024-12-21T20:23:28,2024-12-21T20:33:56.999644,2024-12-21T21:42:35.427856,CLOSED,,ID-GATEWAY-AUTH-01,False
ALT-CSE-09-02844,CSE-09,HIGH,2024-11-06T04:46:47,2024-11-06T04:48:56.914505,2024-11-06T06:21:20.460811,CLOSED,,GOV-SEC-FW-01,False
ALT-CSE-09-02845,CSE-09,HIGH,2024-11-30T23:56:00,2024-12-01T00:04:46.954549,2024-12-01T01:29:10.692428,CLOSED,,CITIZEN-PORTAL-WEB,False
ALT-CSE-09-02846,CSE-09,LOW,2024-12-27T06:58:26,2024-12-27T07:02:42.594277,2024-12-27T07:43:49.747554,CLOSED,,CITIZEN-PORTAL-WEB,False
ALT-CSE-09-02847,CSE-09,LOW,2024-11-07T03:49:39,2024-11-07T03:55:14.181013,2024-11-07T04:50:32.191477,CLOSED,,CITIZEN-PORTAL-WEB,False
ALT-CSE-09-02848,CSE-09,CRITICAL,2024-10-29T05:49:09,2024-10-29T05:57:00.590468,2024-10-29T07:33:54.887278,CLOSED,CAS-CSE-09-0606,GOV-SEC-FW-01,False
ALT-CSE-09-02849,CSE-09,LOW,2024-10-22T05:39:29,2024-10-22T05:54:27.307860,2024-10-22T07:01:15.646592,CLOSED,,ID-GATEWAY-AUTH-01,False
ALT-CSE-09-02850,CSE-09,MEDIUM,2024-11-23T19:13:28,2024-11-23T19:19:23.484841,2024-11-23T21:00:17.532023,CLOSED,,ID-GATEWAY-AUTH-01,False
ALT-CSE-09-02851,CSE-09,LOW,2024-11-10T23:41:51,2024-11-10T23:48:41.890224,2024-11-11T01:26:27.901328,CLOSED,,ID-GATEWAY-AUTH-01,False
ALT-CSE-09-02852,CSE-09,HIGH,2024-10-03T15:51:35,2024-10-03T16:01:21.582174,2024-10-03T17:10:40.905486,CLOSED,CAS-CSE-09-0607,ID-GATEWAY-AUTH-01,True
ALT-CSE-09-02853,CSE-09,MEDIUM,2024-10-11T02:31:22,2024-10-11T02:38:34.534804,2024-10-11T04:10:05.397847,CLOSED,CAS-CSE-09-0608,GOV-SEC-FW-01,False
ALT-CSE-09-02854,CSE-09,HIGH,2024-10-19T07:46:25,2024-10-19T07:52:30.701395,2024-10-19T09:24:27.250607,CLOSED,,ID-GATEWAY-AUTH-01,False
ALT-CSE-09-02855,CSE-09,HIGH,2024-12-24T19:12:41,2024-12-24T19:18:27.023014,2024-12-24T20:23:53.076125,CLOSED,CAS-CSE-09-0609,UID-VAULT-DB,True
ALT-CSE-09-02856,CSE-09,HIGH,2024-12-26T20:08:36,2024-12-26T20:18:32.119398,2024-12-26T21:42:56.802328,CLOSED,CAS-CSE-09-0610,UID-VAULT-DB,False
ALT-CSE-09-02857,CSE-09,MEDIUM,2024-12-03T11:18:28,2024-12-03T11:31:11.598780,2024-12-03T12:59:14.621082,CLOSED,,GOV-SEC-FW-01,False
ALT-CSE-09-02858,CSE-09,MEDIUM,2024-11-21T17:27:34,2024-11-21T17:34:27.719839,2024-11-21T19:16:07.912240,CLOSED,,UID-VAULT-DB,False
ALT-CSE-09-02859,CSE-09,HIGH,2024-11-18T12:35:23,2024-11-18T12:45:59.101519,2024-11-18T13:33:58.279719,CLOSED,CAS-CSE-09-0611,CITIZEN-PORTAL-WEB,False
ALT-CSE-09-02860,CSE-09,HIGH,2024-12-11T06:28:43,2024-12-11T06:43:36.621609,2024-12-11T07:12:18.019477,CLOSED,CAS-CSE-09-0612,CITIZEN-PORTAL-WEB,False
ALT-CSE-09-02861,CSE-09,HIGH,2024-12-12T05:19:14,2024-12-12T05:25:53.962621,2024-12-12T07:01:08.080419,CLOSED,,ID-GATEWAY-AUTH-01,False
ALT-CSE-09-02862,CSE-09,CRITICAL,2024-10-31T04:22:49,2024-10-31T04:31:16.632664,2024-10-31T05:08:31.230801,CLOSED,,GOV-SEC-FW-01,False
ALT-CSE-09-02863,CSE-09,LOW,2024-10-21T15:35:52,2024-10-21T15:47:48.113148,2024-10-21T16:45:23.580414,CLOSED,,CITIZEN-PORTAL-WEB,False
ALT-CSE-09-02864,CSE-09,HIGH,2024-12-12T17:56:13,2024-12-12T18:01:29.510774,2024-12-12T19:27:42.185202,CLOSED,CAS-CSE-09-0613,CITIZEN-PORTAL-WEB,False
ALT-CSE-09-02865,CSE-09,CRITICAL,2024-12-24T08:10:46,2024-12-24T08:15:22.680211,2024-12-24T08:58:06.384990,CLOSED,CAS-CSE-09-0614,ID-GATEWAY-AUTH-01,False
ALT-CSE-09-02866,CSE-09,LOW,2024-10-28T15:09:22,2024-10-28T15:18:03.500942,2024-10-28T16:32:18.373767,CLOSED,,ID-GATEWAY-AUTH-01,False
ALT-CSE-09-02867,CSE-09,LOW,2024-10-07T07:51:20,2024-10-07T08:01:22.791707,2024-10-07T08:40:17.274080,CLOSED,,GOV-SEC-FW-01,False
ALT-CSE-09-02868,CSE-09,LOW,2024-12-04T05:07:56,2024-12-04T05:17:39.485471,2024-12-04T06:01:33.252733,CLOSED,,CITIZEN-PORTAL-WEB,False
ALT-CSE-09-02869,CSE-09,CRITICAL,2024-11-12T01:24:25,2024-11-12T01:26:45.197072,2024-11-12T03:12:14.736437,CLOSED,,ID-GATEWAY-AUTH-01,False
ALT-CSE-09-02870,CSE-09,CRITICAL,2024-11-01T09:39:57,2024-11-01T09:52:38.055310,2024-11-01T11:07:28.821008,CLOSED,CAS-CSE-09-0615,UID-VAULT-DB,False
ALT-CSE-09-02871,CSE-09,HIGH,2024-11-23T09:41:06,2024-11-23T09:52:38.673130,2024-11-23T10:38:49.689766,CLOSED,,UID-VAULT-DB,False
ALT-CSE-09-02872,CSE-09,CRITICAL,2024-12-02T22:24:32,2024-12-02T22:28:54.904788,2024-12-02T23:10:15.050994,CLOSED,CAS-CSE-09-0616,GOV-SEC-FW-01,True
ALT-CSE-09-02873,CSE-09,HIGH,2024-10-15T18:26:11,2024-10-15T18:32:32.374757,2024-10-15T20:09:25.755961,CLOSED,,ID-GATEWAY-AUTH-01,False
ALT-CSE-09-02874,CSE-09,MEDIUM,2024-11-21T09:51:37,2024-11-21T09:57:22.493044,2024-11-21T10:38:22.917287,CLOSED,,ID-GATEWAY-AUTH-01,False
ALT-CSE-09-02875,CSE-09,HIGH,2024-10-30T22:51:07,2024-10-30T23:01:29.100380,2024-10-30T23:59:53.005343,CLOSED,,UID-VAULT-DB,False
ALT-CSE-09-02876,CSE-09,LOW,2024-12-28T21:54:08,2024-12-28T22:01:11.481484,2024-12-28T23:39:40.420009,CLOSED,,CITIZEN-PORTAL-WEB,False
ALT-CSE-09-02877,CSE-09,MEDIUM,2024-12-28T08:23:48,2024-12-28T08:34:59.651203,2024-12-28T09:15:33.893925,CLOSED,,ID-GATEWAY-AUTH-01,False
ALT-CSE-09-02878,CSE-09,CRITICAL,2024-10-31T20:16:12,2024-10-31T20:19:55.208963,2024-10-31T21:32:06.394742,CLOSED,CAS-CSE-09-0617,UID-VAULT-DB,False
ALT-CSE-09-02879,CSE-09,LOW,2024-12-09T01:21:51,2024-12-09T01:35:44.025642,2024-12-09T02:28:11.528020,CLOSED,,ID-GATEWAY-AUTH-01,False
ALT-CSE-09-02880,CSE-09,HIGH,2024-10-03T23:40:14,2024-10-03T23:53:50.905315,2024-10-04T00:56:52.073797,CLOSED,,CITIZEN-PORTAL-WEB,False
ALT-CSE-09-02881,CSE-09,MEDIUM,2024-10-02T11:44:53,2024-10-02T11:49:24.887982,2024-10-02T12:59:06.879027,CLOSED,,CITIZEN-PORTAL-WEB,False
ALT-CSE-09-02882,CSE-09,LOW,2024-10-27T10:27:35,2024-10-27T10:37:58.259322,2024-10-27T11:27:45.512235,CLOSED,,ID-GATEWAY-AUTH-01,False
ALT-CSE-09-02883,CSE-09,MEDIUM,2024-11-25T15:57:45,2024-11-25T16:03:58.730630,2024-11-25T17:45:05.311667,CLOSED,,GOV-SEC-FW-01,False
ALT-CSE-09-02884,CSE-09,MEDIUM,2024-11-15T15:59:48,2024-11-15T16:03:29.693470,2024-11-15T17:00:30.336819,CLOSED,,CITIZEN-PORTAL-WEB,False
ALT-CSE-09-02885,CSE-09,MEDIUM,2024-12-07T07:06:02,2024-12-07T07:19:12.333418,2024-12-07T08:32:57.372197,CLOSED,CAS-CSE-09-0618,CITIZEN-PORTAL-WEB,True
ALT-CSE-09-02886,CSE-09,LOW,2024-12-22T02:32:50,2024-12-22T02:46:22.584524,2024-12-22T03:54:09.993010,CLOSED,CAS-CSE-09-0619,ID-GATEWAY-AUTH-01,True
ALT-CSE-09-02887,CSE-09,MEDIUM,2024-10-11T14:36:50,2024-10-11T14:51:03.908548,2024-10-11T15:53:22.390035,CLOSED,,GOV-SEC-FW-01,False
ALT-CSE-09-02888,CSE-09,MEDIUM,2024-12-20T16:48:51,2024-12-20T17:02:21.966993,2024-12-20T17:38:14.142297,CLOSED,,ID-GATEWAY-AUTH-01,False
ALT-CSE-09-02889,CSE-09,HIGH,2024-12-10T23:16:59,2024-12-10T23:21:23.024489,2024-12-11T00:44:07.557363,CLOSED,,CITIZEN-PORTAL-WEB,False
ALT-CSE-09-02890,CSE-09,LOW,2024-10-07T06:06:32,2024-10-07T06:15:04.239654,2024-10-07T07:38:47.310685,CLOSED,,CITIZEN-PORTAL-WEB,False
ALT-CSE-09-02891,CSE-09,MEDIUM,2024-11-14T15:28:57,2024-11-14T15:32:32.052531,2024-11-14T16:44:14.204327,CLOSED,,CITIZEN-PORTAL-WEB,False
ALT-CSE-09-02892,CSE-09,LOW,2024-11-02T02:49:59,2024-11-02T02:58:10.973997,2024-11-02T03:36:56.032389,CLOSED,,UID-VAULT-DB,False
ALT-CSE-09-02893,CSE-09,MEDIUM,2024-11-20T21:39:20,2024-11-20T21:43:39.883053,2024-11-20T22:24:28.355977,CLOSED,,GOV-SEC-FW-01,False
ALT-CSE-09-02894,CSE-09,HIGH,2024-12-09T07:34:43,2024-12-09T07:40:21.879597,2024-12-09T08:27:22.966530,CLOSED,,UID-VAULT-DB,False
ALT-CSE-09-02895,CSE-09,HIGH,2024-11-19T12:31:05,2024-11-19T12:43:26.023248,2024-11-19T13:41:58.139654,CLOSED,,GOV-SEC-FW-01,False
ALT-CSE-09-02896,CSE-09,LOW,2024-10-12T17:03:05,2024-10-12T17:08:58.354948,2024-10-12T17:51:36.915978,CLOSED,,UID-VAULT-DB,False
ALT-CSE-09-02897,CSE-09,LOW,2024-10-13T14:40:15,2024-10-13T14:53:15.001010,2024-10-13T15:27:02.930109,CLOSED,,UID-VAULT-DB,False
ALT-CSE-09-02898,CSE-09,HIGH,2024-11-11T00:12:01,2024-11-11T00:22:54.799131,2024-11-11T01:53:50.739435,CLOSED,,UID-VAULT-DB,False
ALT-CSE-09-02899,CSE-09,CRITICAL,2024-10-08T07:06:45,2024-10-08T07:18:41.397359,2024-10-08T08:01:29.660442,CLOSED,CAS-CSE-09-0620,CITIZEN-PORTAL-WEB,False
