alert_id,cse_id,severity,created_at,acknowledged_at,closed_at,status,case_id,asset_id,escalated
ALT-CSE-07-00000,CSE-07,CRITICAL,2024-11-28T22:09:23,2024-11-28T22:11:22.250061,2024-11-28T22:14:24.281107,CLOSED,CAS-CSE-07-0001,DB-SERVER-07,False
ALT-CSE-07-00001,CSE-07,CRITICAL,2024-12-28T00:51:06,2024-12-28T00:51:44.504563,2024-12-28T00:56:17.625778,CLOSED,CAS-CSE-07-0002,DB-SERVER-07,False
ALT-CSE-07-00002,CSE-07,CRITICAL,2024-11-06T03:53:15,2024-11-06T03:54:36.984807,2024-11-06T03:58:36.152925,CLOSED,,ENDPOINT-07,False
ALT-CSE-07-00003,CSE-07,CRITICAL,2024-12-13T11:17:49,2024-12-13T11:18:54.577469,2024-12-13T11:22:41.872906,CLOSED,CAS-CSE-07-0003,ENDPOINT-07,False
ALT-CSE-07-00004,CSE-07,CRITICAL,2024-10-19T20:04:37,2024-10-19T20:05:51.193648,2024-10-19T20:09:46.217512,CLOSED,,DB-SERVER-07,False
ALT-CSE-07-00005,CSE-07,CRITICAL,2024-12-04T09:42:07,2024-12-04T09:43:52.287609,2024-12-04T09:47:16.171295,CLOSED,,DB-SERVER-07,False
ALT-CSE-07-00006,CSE-07,CRITICAL,2024-11-07T06:05:04,2024-11-07T06:06:24.461021,2024-11-07T06:10:27.324489,CLOSED,,DB-SERVER-07,False
ALT-CSE-07-00007,CSE-07,CRITICAL,2024-10-17T23:08:02,2024-10-17T23:09:22.328283,2024-10-17T23:13:09.620185,CLOSED,CAS-CSE-07-0004,WEB-SERVER-07,False
ALT-CSE-07-00008,CSE-07,CRITICAL,2024-10-18T21:31:10,2024-10-18T21:31:48.530757,2024-10-18T21:36:29.827337,CLOSED,,WEB-SERVER-07,False
ALT-CSE-07-00009,CSE-07,CRITICAL,2024-12-04T02:13:35,2024-12-04T02:14:39.402738,2024-12-04T02:19:01.568286,CLOSED,CAS-CSE-07-0005,FIREWALL-07,False
ALT-CSE-07-00010,CSE-07,CRITICAL,2024-12-19T04:37:59,2024-12-19T04:39:31.606853,2024-12-19T04:43:16.415451,CLOSED,CAS-CSE-07-0006,DB-SERVER-07,False
ALT-CSE-07-00011,CSE-07,CRITICAL,2024-12-01T12:51:11,2024-12-01T12:53:06.443263,2024-12-01T12:56:43.788118,CLOSED,CAS-CSE-07-0007,DB-SERVER-07,False
ALT-CSE-07-00012,CSE-07,CRITICAL,2024-12-08T08:41:24,2024-12-08T08:42:50.346248,2024-12-08T08:46:35.931284,CLOSED,CAS-CSE-07-0008,ENDPOINT-07,False
ALT-CSE-07-00013,CSE-07,CRITICAL,2024-10-09T16:27:44,2024-10-09T16:29:28.320433,2024-10-09T16:33:10.374015,CLOSED,CAS-CSE-07-0009,WEB-SERVER-07,False
ALT-CSE-07-00014,CSE-07,CRITICAL,2024-12-05T06:04:50,2024-12-05T06:06:10.138283,2024-12-05T06:10:15.072043,CLOSED,CAS-CSE-07-0010,DB-SERVER-07,False
ALT-CSE-07-00015,CSE-07,CRITICAL,2024-10-18T21:29:05,2024-10-18T21:31:00.402319,2024-10-18T21:34:14.256498,CLOSED,,ENDPOINT-07,False
ALT-CSE-07-00016,CSE-07,CRITICAL,2024-10-25T10:28:32,2024-10-25T10:30:17.646713,2024-10-25T10:33:50.942511,CLOSED,,DB-SERVER-07,False
ALT-CSE-07-00017,CSE-07,CRITICAL,2024-10-23T14:11:47,2024-10-23T14:13:43.700912,2024-10-23T14:17:06.156400,CLOSED,CAS-CSE-07-0011,ENDPOINT-07,False
ALT-CSE-07-00018,CSE-07,CRITICAL,2024-10-23T04:58:17,2024-10-23T04:58:48.594575,2024-10-23T05:03:34.366931,CLOSED,CAS-CSE-07-0012,ENDPOINT-07,False
ALT-CSE-07-00019,CSE-07,CRITICAL,2024-12-01T22:07:47,2024-12-01T22:08:55.235541,2024-12-01T22:13:03.883913,CLOSED,CAS-CSE-07-0013,FIREWALL-07,False
ALT-CSE-07-00020,CSE-07,CRITICAL,2024-10-11T00:43:46,2024-10-11T00:44:39.229501,2024-10-11T00:48:58.272219,CLOSED,CAS-CSE-07-0014,FIREWALL-07,False
ALT-CSE-07-00021,CSE-07,CRITICAL,2024-11-19T23:57:46,2024-11-19T23:59:43.293526,2024-11-20T00:02:53.987261,CLOSED,CAS-CSE-07-0015,FIREWALL-07,False
ALT-CSE-07-00022,CSE-07,CRITICAL,2024-10-14T11:35:11,2024-10-14T11:36:28.300171,2024-10-14T11:40:18.510295,CLOSED,CAS-CSE-07-0016,FIREWALL-07,False
ALT-CSE-07-00023,CSE-07,CRITICAL,2024-12-10T22:03:18,2024-12-10T22:05:15.040420,2024-12-10T22:08:41.621385,CLOSED,,ENDPOINT-07,False
ALT-CSE-07-00024,CSE-07,CRITICAL,2024-12-18T17:10:00,2024-12-18T17:11:14.947282,2024-12-18T17:15:07.211140,CLOSED,CAS-CSE-07-0017,FIREWALL-07,False
ALT-CSE-07-00025,CSE-07,CRITICAL,2024-10-29T14:59:11,2024-10-29T15:00:38.725652,2024-10-29T15:04:20.516799,CLOSED,CAS-CSE-07-0018,FIREWALL-07,False
ALT-CSE-07-00026,CSE-07,CRITICAL,2024-10-31T21:08:14,2024-10-31T21:09:11.494836,2024-10-31T21:13:17.714592,CLOSED,CAS-CSE-07-0019,ENDPOINT-07,False
ALT-CSE-07-00027,CSE-07,CRITICAL,2024-11-29T04:01:56,2024-11-29T04:03:40.307825,2024-11-29T04:07:11.571437,CLOSED,CAS-CSE-07-0020,WEB-SERVER-07,False
ALT-CSE-07-00028,CSE-07,CRITICAL,2024-11-27T05:39:10,2024-11-27T05:40:44.850296,2024-11-27T05:44:24.443060,CLOSED,CAS-CSE-07-0021,DB-SERVER-07,False
ALT-CSE-07-00029,CSE-07,CRITICAL,2024-11-13T13:36:18,2024-11-13T13:37:37.828455,2024-11-13T13:41:21.110714,CLOSED,CAS-CSE-07-0022,DB-SERVER-07,False
ALT-CSE-07-00030,CSE-07,CRITICAL,2024-12-28T18:20:29,2024-12-28T18:21:54.798194,2024-12-28T18:25:36.391979,CLOSED,,FIREWALL-07,False
ALT-CSE-07-00031,CSE-07,CRITICAL,2024-12-22T09:01:49,2024-12-22T09:03:27.490340,2024-12-22T09:07:03.261970,CLOSED,CAS-CSE-07-0023,ENDPOINT-07,False
ALT-CSE-07-00032,CSE-07,CRITICAL,2024-11-17T04:58:08,2024-11-17T04:59:45.832568,2024-11-17T05:03:23.482052,CLOSED,,WEB-SERVER-07,False
ALT-CSE-07-00033,CSE-07,CRITICAL,2024-10-20T22:46:34,2024-10-20T22:47:51.586390,2024-10-20T22:51:39.580430,CLOSED,CAS-CSE-07-0024,FIREWALL-07,False
ALT-CSE-07-00034,CSE-07,CRITICAL,2024-12-16T21:06:46,2024-12-16T21:07:58.088938,2024-12-16T21:12:05.011518,CLOSED,CAS-CSE-07-0025,DB-SERVER-07,False
ALT-CSE-07-00035,CSE-07,CRITICAL,2024-12-26T01:16:30,2024-12-26T01:18:11.718258,2024-12-26T01:21:51.676947,CLOSED,CAS-CSE-07-0026,ENDPOINT-07,False
ALT-CSE-07-00036,CSE-07,CRITICAL,2024-12-16T06:34:42,2024-12-16T06:35:41.584422,2024-12-16T06:39:55.175799,CLOSED,CAS-CSE-07-0027,DB-SERVER-07,False
ALT-CSE-07-00037,CSE-07,CRITICAL,2024-12-03T11:12:58,2024-12-03T11:14:37.935006,2024-12-03T11:18:08.501976,CLOSED,CAS-CSE-07-0028,DB-SERVER-07,False
ALT-CSE-07-00038,CSE-07,CRITICAL,2024-12-08T08:33:42,2024-12-08T08:34:20.297198,2024-12-08T08:38:42.062515,CLOSED,,WEB-SERVER-07,False
ALT-CSE-07-00039,CSE-07,CRITICAL,2024-11-02T00:41:03,2024-11-02T00:42:12.979410,2024-11-02T00:46:16.383937,CLOSED,CAS-CSE-07-0029,DB-SERVER-07,False
ALT-CSE-07-00040,CSE-07,CRITICAL,2024-10-09T22:13:06,2024-10-09T22:14:17.952941,2024-10-09T22:18:28.342964,CLOSED,,WEB-SERVER-07,False
ALT-CSE-07-00041,CSE-07,CRITICAL,2024-10-13T22:53:18,2024-10-13T22:53:49.298414,2024-10-13T22:58:27.470970,CLOSED,CAS-CSE-07-0030,FIREWALL-07,False
ALT-CSE-07-00042,CSE-07,CRITICAL,2024-10-22T11:18:21,2024-10-22T11:18:59.412192,2024-10-22T11:23:42.937924,CLOSED,,WEB-SERVER-07,False
ALT-CSE-07-00043,CSE-07,CRITICAL,2024-10-14T02:48:21,2024-10-14T02:49:48.478350,2024-10-14T02:53:22.175106,CLOSED,CAS-CSE-07-0031,FIREWALL-07,False
ALT-CSE-07-00044,CSE-07,CRITICAL,2024-11-10T06:58:49,2024-11-10T06:59:20.908170,2024-11-10T07:04:04.810780,CLOSED,CAS-CSE-07-0032,ENDPOINT-07,False
ALT-CSE-07-00045,CSE-07,CRITICAL,2024-11-14T13:01:28,2024-11-14T13:02:48.129577,2024-11-14T13:06:31.620299,CLOSED,CAS-CSE-07-0033,DB-SERVER-07,False
ALT-CSE-07-00046,CSE-07,CRITICAL,2024-12-10T12:13:02,2024-12-10T12:14:42.332749,2024-12-10T12:18:26.948457,CLOSED,CAS-CSE-07-0034,WEB-SERVER-07,False
ALT-CSE-07-00047,CSE-07,CRITICAL,2024-10-30T12:57:43,2024-10-30T12:59:09.552026,2024-10-30T13:03:15.244425,CLOSED,,WEB-SERVER-07,False
ALT-CSE-07-00048,CSE-07,CRITICAL,2024-11-03T09:32:04,2024-11-03T09:33:30.430617,2024-11-03T09:37:12.772390,CLOSED,CAS-CSE-07-0035,ENDPOINT-07,False
ALT-CSE-07-00049,CSE-07,CRITICAL,2024-11-22T04:32:14,2024-11-22T04:33:34.845532,2024-11-22T04:37:35.462814,CLOSED,CAS-CSE-07-0036,DB-SERVER-07,False
ALT-CSE-07-00050,CSE-07,CRITICAL,2024-12-17T06:21:32,2024-12-17T06:22:14.976670,2024-12-17T06:26:44.449379,CLOSED,CAS-CSE-07-0037,ENDPOINT-07,False
ALT-CSE-07-00051,CSE-07,CRITICAL,2024-12-23T14:29:27,2024-12-23T14:29:58.175453,2024-12-23T14:34:26.988162,CLOSED,CAS-CSE-07-0038,FIREWALL-07,False
ALT-CSE-07-00052,CSE-07,CRITICAL,2024-11-14T12:39:13,2024-11-14T12:41:11.801707,2024-11-14T12:44:52.749815,CLOSED,CAS-CSE-07-0039,WEB-SERVER-07,False
ALT-CSE-07-00053,CSE-07,CRITICAL,2024-12-12T01:29:48,2024-12-12T01:31:21.656516,2024-12-12T01:35:00.290821,CLOSED,CAS-CSE-07-0040,DB-SERVER-07,False
ALT-CSE-07-00054,CSE-07,CRITICAL,2024-12-09T11:07:42,2024-12-09T11:09:12.763175,2024-12-09T11:12:43.650057,CLOSED,,FIREWALL-07,False
ALT-CSE-07-00055,CSE-07,CRITICAL,2024-10-02T08:45:59,2024-10-02T08:47:04.575887,2024-10-02T08:51:09.930910,CLOSED,CAS-CSE-07-0041,WEB-SERVER-07,False
ALT-CSE-07-00056,CSE-07,CRITICAL,2024-11-30T19:51:45,2024-11-30T19:52:27.647413,2024-11-30T19:57:02.546232,CLOSED,CAS-CSE-07-0042,FIREWALL-07,False
ALT-CSE-07-00057,CSE-07,CRITICAL,2024-10-28T01:30:18,2024-10-28T01:31:50.478371,2024-10-28T01:35:28.061011,CLOSED,,FIREWALL-07,False
ALT-CSE-07-00058,CSE-07,CRITICAL,2024-10-16T23:34:44,2024-10-16T23:35:38.127296,2024-10-16T23:40:05.013921,CLOSED,CAS-CSE-07-0043,FIREWALL-07,False
ALT-CSE-07-00059,CSE-07,CRITICAL,2024-10-26T17:10:05,2024-10-26T17:10:49.047799,2024-10-26T17:15:20.612003,CLOSED,CAS-CSE-07-0044,FIREWALL-07,False
ALT-CSE-07-00060,CSE-07,CRITICAL,2024-10-19T21:37:51,2024-10-19T21:38:33.903681,2024-10-19T21:43:09.782881,CLOSED,,FIREWALL-07,False
ALT-CSE-07-00061,CSE-07,CRITICAL,2024-10-21T13:26:01,2024-10-21T13:27:20.813800,2024-10-21T13:31:05.675105,CLOSED,CAS-CSE-07-0045,DB-SERVER-07,False
ALT-CSE-07-00062,CSE-07,CRITICAL,2024-12-28T23:26:22,2024-12-28T23:27:58.305558,2024-12-28T23:31:48.763243,CLOSED,CAS-CSE-07-0046,DB-SERVER-07,False
ALT-CSE-07-00063,CSE-07,CRITICAL,2024-11-17T14:20:19,2024-11-17T14:21:41.526602,2024-11-17T14:25:45.811664,CLOSED,,ENDPOINT-07,False
ALT-CSE-07-00064,CSE-07,CRITICAL,2024-11-03T11:13:22,2024-11-03T11:13:53.664791,2024-11-03T11:18:22.347871,CLOSED,CAS-CSE-07-0047,DB-SERVER-07,False
ALT-CSE-07-00065,CSE-07,CRITICAL,2024-12-20T03:05:12,2024-12-20T03:06:37.441491,2024-12-20T03:10:09.804205,CLOSED,CAS-CSE-07-0048,WEB-SERVER-07,False
ALT-CSE-07-00066,CSE-07,CRITICAL,2024-10-28T18:28:31,2024-10-28T18:29:49.246845,2024-10-28T18:33:41.807662,CLOSED,,WEB-SERVER-07,False
ALT-CSE-07-00067,CSE-07,CRITICAL,2024-12-22T02:57:12,2024-12-22T02:59:00.345124,2024-12-22T03:02:07.158362,CLOSED,,WEB-SERVER-07,False
ALT-CSE-07-00068,CSE-07,CRITICAL,2024-10-24T14:11:54,2024-10-24T14:13:41.779274,2024-10-24T14:17:01.042681,CLOSED,CAS-CSE-07-0049,DB-SERVER-07,False
ALT-CSE-07-00069,CSE-07,CRITICAL,2024-11-01T23:53:23,2024-11-01T23:54:26.886285,2024-11-01T23:58:29.317233,CLOSED,CAS-CSE-07-0050,WEB-SERVER-07,False
ALT-CSE-07-00070,CSE-07,CRITICAL,2024-12-12T00:52:53,2024-12-12T00:53:26.207353,2024-12-12T00:57:59.749199,CLOSED,CAS-CSE-07-0051,DB-SERVER-07,False
ALT-CSE-07-00071,CSE-07,CRITICAL,2024-11-04T04:10:07,2024-11-04T04:11:49.235604,2024-11-04T04:15:16.838951,CLOSED,CAS-CSE-07-0052,WEB-SERVER-07,False
ALT-CSE-07-00072,CSE-07,CRITICAL,2024-12-29T13:27:56,2024-12-29T13:29:34.542940,2024-12-29T13:33:01.355909,CLOSED,CAS-CSE-07-0053,WEB-SERVER-07,False
ALT-CSE-07-00073,CSE-07,CRITICAL,2024-12-18T21:11:45,2024-12-18T21:13:12.320667,2024-12-18T21:16:45.439354,CLOSED,CAS-CSE-07-0054,ENDPOINT-07,False
ALT-CSE-07-00074,CSE-07,CRITICAL,2024-10-26T17:57:34,2024-10-26T17:58:07.552811,2024-10-26T18:02:48.826916,CLOSED,CAS-CSE-07-0055,WEB-SERVER-07,False
ALT-CSE-07-00075,CSE-07,CRITICAL,2024-12-07T19:02:48,2024-12-07T19:03:32.045653,2024-12-07T19:07:56.866764,CLOSED,CAS-CSE-07-0056,WEB-SERVER-07,False
ALT-CSE-07-00076,CSE-07,CRITICAL,2024-12-23T16:55:56,2024-12-23T16:56:38.536933,2024-12-23T17:01:11.008511,CLOSED,CAS-CSE-07-0057,FIREWALL-07,False
ALT-CSE-07-00077,CSE-07,CRITICAL,2024-10-02T04:11:08,2024-10-02T04:12:57.979041,2024-10-02T04:16:04.672729,CLOSED,CAS-CSE-07-0058,DB-SERVER-07,False
ALT-CSE-07-00078,CSE-07,CRITICAL,2024-10-19T04:06:30,2024-10-19T04:07:34.502718,2024-10-19T04:11:44.911027,CLOSED,CAS-CSE-07-0059,FIREWALL-07,False
ALT-CSE-07-00079,CSE-07,CRITICAL,2024-12-17T02:17:16,2024-12-17T02:18:38.540935,2024-12-17T02:22:27.561470,CLOSED,CAS-CSE-07-0060,WEB-SERVER-07,False
ALT-CSE-07-00080,CSE-07,CRITICAL,2024-11-12T02:11:45,2024-11-12T02:12:30.801035,2024-11-12T02:16:58.566969,CLOSED,,WEB-SERVER-07,False
ALT-CSE-07-00081,CSE-07,CRITICAL,2024-12-27T07:35:05,2024-12-27T07:35:51.905543,2024-12-27T07:40:14.666692,CLOSED,CAS-CSE-07-0061,DB-SERVER-07,False
ALT-CSE-07-00082,CSE-07,CRITICAL,2024-11-09T05:11:43,2024-11-09T05:12:24.118653,2024-11-09T05:16:53.993124,CLOSED,,ENDPOINT-07,False
ALT-CSE-07-00083,CSE-07,CRITICAL,2024-12-04T21:49:24,2024-12-04T21:50:34.208953,2024-12-04T21:54:48.162785,CLOSED,CAS-CSE-07-0062,ENDPOINT-07,False
ALT-CSE-07-00084,CSE-07,CRITICAL,2024-10-18T06:11:10,2024-10-18T06:12:33.736136,2024-10-18T06:16:07.421983,CLOSED,CAS-CSE-07-0063,DB-SERVER-07,False
ALT-CSE-07-00085,CSE-07,CRITICAL,2024-10-14T14:52:59,2024-10-14T14:54:13.532526,2024-10-14T14:58:08.842389,CLOSED,,ENDPOINT-07,False
ALT-CSE-07-00086,CSE-07,CRITICAL,2024-12-12T22:02:55,2024-12-12T22:04:25.613077,2024-12-12T22:08:13.326404,CLOSED,,WEB-SERVER-07,False
ALT-CSE-07-00087,CSE-07,CRITICAL,2024-11-21T17:54:57,2024-11-21T17:56:56.740957,2024-11-21T18:00:13.394392,CLOSED,,WEB-SERVER-07,False
ALT-CSE-07-00088,CSE-07,CRITICAL,2024-12-12T04:01:42,2024-12-12T04:03:08.534166,2024-12-12T04:06:57.385495,CLOSED,,ENDPOINT-07,False
ALT-CSE-07-00089,CSE-07,CRITICAL,2024-10-09T13:38:49,2024-10-09T13:39:45.209966,2024-10-09T13:44:01.223627,CLOSED,CAS-CSE-07-0064,WEB-SERVER-07,False
ALT-CSE-07-00090,CSE-07,CRITICAL,2024-11-14T04:05:36,2024-11-14T04:06:25.904974,2024-11-14T04:10:51.047930,CLOSED,CAS-CSE-07-0065,FIREWALL-07,False
ALT-CSE-07-00091,CSE-07,CRITICAL,2024-11-12T08:14:01,2024-11-12T08:14:53.830815,2024-11-12T08:19:13.558033,CLOSED,CAS-CSE-07-0066,WEB-SERVER-07,False
ALT-CSE-07-00092,CSE-07,CRITICAL,2024-10-08T06:13:01,2024-10-08T06:13:47.318322,2024-10-08T06:18:16.677150,CLOSED,CAS-CSE-07-0067,WEB-SERVER-07,False
ALT-CSE-07-00093,CSE-07,CRITICAL,2024-12-14T01:31:39,2024-12-14T01:32:54.926197,2024-12-14T01:36:48.217600,CLOSED,CAS-CSE-07-0068,FIREWALL-07,False
ALT-CSE-07-00094,CSE-07,CRITICAL,2024-10-26T17:28:52,2024-10-26T17:30:06.761359,2024-10-26T17:33:56.912585,CLOSED,CAS-CSE-07-0069,WEB-SERVER-07,False
ALT-CSE-07-00095,CSE-07,CRITICAL,2024-11-07T01:10:26,2024-11-07T01:11:46.030878,2024-11-07T01:15:29.316982,CLOSED,CAS-CSE-07-0070,ENDPOINT-07,False
ALT-CSE-07-00096,CSE-07,CRITICAL,2024-12-21T02:57:51,2024-12-21T02:58:46.757470,2024-12-21T03:02:59.765205,CLOSED,CAS-CSE-07-0071,DB-SERVER-07,False
ALT-CSE-07-00097,CSE-07,CRITICAL,2024-11-10T18:11:29,2024-11-10T18:12:13.148571,2024-11-10T18:16:39.402217,CLOSED,,DB-SERVER-07,False
ALT-CSE-07-00098,CSE-07,CRITICAL,2024-10-05T20:03:44,2024-10-05T20:04:35.609186,2024-10-05T20:08:52.965525,CLOSED,CAS-CSE-07-0072,DB-SERVER-07,False
ALT-CSE-07-00099,CSE-07,CRITICAL,2024-11-07T15:14:14,2024-11-07T15:15:41.620188,2024-11-07T15:19:29.046791,CLOSED,CAS-CSE-07-0073,WEB-SERVER-07,False
ALT-CSE-07-00100,CSE-07,CRITICAL,2024-11-05T09:33:45,2024-11-05T09:35:34.021864,2024-11-05T09:38:50.537260,CLOSED,CAS-CSE-07-0074,ENDPOINT-07,False
ALT-CSE-07-00101,CSE-07,CRITICAL,2024-11-12T20:57:27,2024-11-12T20:59:12.289426,2024-11-12T21:02:48.387632,CLOSED,CAS-CSE-07-0075,DB-SERVER-07,False
ALT-CSE-07-00102,CSE-07,CRITICAL,2024-12-26T10:54:05,2024-12-26T10:55:53.957150,2024-12-26T10:59:16.057326,CLOSED,CAS-CSE-07-0076,FIREWALL-07,False
ALT-CSE-07-00103,CSE-07,CRITICAL,2024-12-15T15:46:29,2024-12-15T15:47:01.827996,2024-12-15T15:51:48.894518,CLOSED,CAS-CSE-07-0077,FIREWALL-07,False
ALT-CSE-07-00104,CSE-07,CRITICAL,2024-11-10T12:07:10,2024-11-10T12:08:18.980027,2024-11-10T12:12:08.356305,CLOSED,CAS-CSE-07-0078,FIREWALL-07,False
ALT-CSE-07-00105,CSE-07,CRITICAL,2024-11-12T18:10:50,2024-11-12T18:11:56.598106,2024-11-12T18:16:03.993947,CLOSED,,WEB-SERVER-07,False
ALT-CSE-07-00106,CSE-07,CRITICAL,2024-12-19T02:04:26,2024-12-19T02:05:56.789530,2024-12-19T02:09:37.806702,CLOSED,CAS-CSE-07-0079,DB-SERVER-07,False
ALT-CSE-07-00107,CSE-07,CRITICAL,2024-11-16T03:50:11,2024-11-16T03:50:48.145697,2024-11-16T03:55:02.657679,CLOSED,CAS-CSE-07-0080,FIREWALL-07,False
ALT-CSE-07-00108,CSE-07,CRITICAL,2024-11-16T05:25:52,2024-11-16T05:27:49.694359,2024-11-16T05:31:03.592468,CLOSED,CAS-CSE-07-0081,DB-SERVER-07,False
ALT-CSE-07-00109,CSE-07,CRITICAL,2024-12-05T18:03:33,2024-12-05T18:05:17.127122,2024-12-05T18:08:49.149164,CLOSED,,WEB-SERVER-07,False
ALT-CSE-07-00110,CSE-07,CRITICAL,2024-12-02T03:34:23,2024-12-02T03:35:57.289661,2024-12-02T03:39:30.959310,CLOSED,,WEB-SERVER-07,False
ALT-CSE-07-00111,CSE-07,CRITICAL,2024-10-14T13:32:17,2024-10-14T13:34:08.312084,2024-10-14T13:37:25.988946,CLOSED,CAS-CSE-07-0082,ENDPOINT-07,False
ALT-CSE-07-00112,CSE-07,CRITICAL,2024-10-13T06:53:47,2024-10-13T06:55:09.658478,2024-10-13T06:59:06.714242,CLOSED,CAS-CSE-07-0083,DB-SERVER-07,False
ALT-CSE-07-00113,CSE-07,CRITICAL,2024-12-05T15:28:38,2024-12-05T15:30:18.002882,2024-12-05T15:33:48.665628,CLOSED,CAS-CSE-07-0084,ENDPOINT-07,False
ALT-CSE-07-00114,CSE-07,CRITICAL,2024-11-18T18:01:24,2024-11-18T18:03:16.773169,2024-11-18T18:06:38.025724,CLOSED,CAS-CSE-07-0085,ENDPOINT-07,False
ALT-CSE-07-00115,CSE-07,CRITICAL,2024-10-19T17:25:39,2024-10-19T17:26:09.009164,2024-10-19T17:30:35.650787,CLOSED,CAS-CSE-07-0086,WEB-SERVER-07,False
ALT-CSE-07-00116,CSE-07,CRITICAL,2024-10-18T00:50:21,2024-10-18T00:51:43.095907,2024-10-18T00:55:17.240500,CLOSED,,FIREWALL-07,False
ALT-CSE-07-00117,CSE-07,CRITICAL,2024-12-08T15:45:10,2024-12-08T15:46:50.298112,2024-12-08T15:50:30.803061,CLOSED,,FIREWALL-07,False
ALT-CSE-07-00118,CSE-07,CRITICAL,2024-12-23T18:12:01,2024-12-23T18:12:51.537227,2024-12-23T18:17:03.880573,CLOSED,CAS-CSE-07-0087,WEB-SERVER-07,False
ALT-CSE-07-00119,CSE-07,CRITICAL,2024-11-28T17:01:16,2024-11-28T17:03:11.774820,2024-11-28T17:06:36.381071,CLOSED,CAS-CSE-07-0088,WEB-SERVER-07,False
ALT-CSE-07-00120,CSE-07,CRITICAL,2024-11-09T12:47:51,2024-11-09T12:49:31.675839,2024-11-09T12:53:23.667619,CLOSED,CAS-CSE-07-0089,WEB-SERVER-07,False
ALT-CSE-07-00121,CSE-07,CRITICAL,2024-12-07T08:50:13,2024-12-07T08:51:49.208192,2024-12-07T08:55:27.807232,CLOSED,CAS-CSE-07-0090,FIREWALL-07,False
ALT-CSE-07-00122,CSE-07,CRITICAL,2024-12-11T19:14:27,2024-12-11T19:15:31.001780,2024-12-11T19:19:40.573907,CLOSED,CAS-CSE-07-0091,WEB-SERVER-07,False
ALT-CSE-07-00123,CSE-07,CRITICAL,2024-10-08T14:03:39,2024-10-08T14:04:13.548761,2024-10-08T14:08:48.803457,CLOSED,CAS-CSE-07-0092,FIREWALL-07,False
ALT-CSE-07-00124,CSE-07,CRITICAL,2024-11-28T13:13:53,2024-11-28T13:15:16.094271,2024-11-28T13:18:56.380184,CLOSED,,FIREWALL-07,False
ALT-CSE-07-00125,CSE-07,CRITICAL,2024-12-22T15:30:32,2024-12-22T15:31:18.327360,2024-12-22T15:35:35.551967,CLOSED,CAS-CSE-07-0093,WEB-SERVER-07,False
ALT-CSE-07-00126,CSE-07,CRITICAL,2024-10-16T09:13:39,2024-10-16T09:14:48.288782,2024-10-16T09:18:55.625338,CLOSED,CAS-CSE-07-0094,DB-SERVER-07,False
ALT-CSE-07-00127,CSE-07,CRITICAL,2024-10-20T14:48:23,2024-10-20T14:49:54.130370,2024-10-20T14:53:47.998781,CLOSED,CAS-CSE-07-0095,DB-SERVER-07,False
ALT-CSE-07-00128,CSE-07,CRITICAL,2024-11-22T20:18:42,2024-11-22T20:19:48.657980,2024-11-22T20:24:05.755404,CLOSED,CAS-CSE-07-0096,FIREWALL-07,False
ALT-CSE-07-00129,CSE-07,CRITICAL,2024-11-23T22:53:42,2024-11-23T22:55:18.075077,2024-11-23T22:58:52.191439,CLOSED,CAS-CSE-07-0097,ENDPOINT-07,False
ALT-CSE-07-00130,CSE-07,CRITICAL,2024-12-21T09:09:16,2024-12-21T09:10:47.830438,2024-12-21T09:14:38.967319,CLOSED,CAS-CSE-07-0098,FIREWALL-07,False
ALT-CSE-07-00131,CSE-07,CRITICAL,2024-11-12T15:45:22,2024-11-12T15:45:53.575702,2024-11-12T15:50:25.780413,CLOSED,CAS-CSE-07-0099,DB-SERVER-07,False
ALT-CSE-07-00132,CSE-07,CRITICAL,2024-10-19T05:51:53,2024-10-19T05:53:51.050246,2024-10-19T05:57:00.328220,CLOSED,CAS-CSE-07-0100,WEB-SERVER-07,False
ALT-CSE-07-00133,CSE-07,CRITICAL,2024-12-11T15:53:42,2024-12-11T15:54:23.722169,2024-12-11T15:58:44.140547,CLOSED,,ENDPOINT-07,False
ALT-CSE-07-00134,CSE-07,CRITICAL,2024-11-28T00:57:25,2024-11-28T00:58:23.944230,2024-11-28T01:02:41.818748,CLOSED,CAS-CSE-07-0101,FIREWALL-07,False
ALT-CSE-07-00135,CSE-07,CRITICAL,2024-11-28T10:01:04,2024-11-28T10:02:13.077607,2024-11-28T10:06:10.651372,CLOSED,CAS-CSE-07-0102,WEB-SERVER-07,False
ALT-CSE-07-00136,CSE-07,CRITICAL,2024-10-24T20:11:49,2024-10-24T20:12:39.090949,2024-10-24T20:17:05.261366,CLOSED,CAS-CSE-07-0103,WEB-SERVER-07,False
ALT-CSE-07-00137,CSE-07,CRITICAL,2024-11-19T02:04:39,2024-11-19T02:05:42.598813,2024-11-19T02:09:34.801759,CLOSED,,WEB-SERVER-07,False
ALT-CSE-07-00138,CSE-07,CRITICAL,2024-11-16T10:03:35,2024-11-16T10:04:57.517453,2024-11-16T10:08:39.175069,CLOSED,,DB-SERVER-07,False
ALT-CSE-07-00139,CSE-07,CRITICAL,2024-12-18T11:55:44,2024-12-18T11:56:30.176799,2024-12-18T12:00:53.073596,CLOSED,CAS-CSE-07-0104,WEB-SERVER-07,False
ALT-CSE-07-00140,CSE-07,CRITICAL,2024-11-16T22:35:25,2024-11-16T22:36:25.541344,2024-11-16T22:40:36.611556,CLOSED,CAS-CSE-07-0105,ENDPOINT-07,False
ALT-CSE-07-00141,CSE-07,CRITICAL,2024-10-22T08:18:19,2024-10-22T08:20:05.324730,2024-10-22T08:23:55.572673,CLOSED,CAS-CSE-07-0106,WEB-SERVER-07,False
ALT-CSE-07-00142,CSE-07,CRITICAL,2024-12-28T22:46:30,2024-12-28T22:47:38.942096,2024-12-28T22:51:32.977279,CLOSED,CAS-CSE-07-0107,ENDPOINT-07,False
ALT-CSE-07-00143,CSE-07,CRITICAL,2024-12-21T08:50:21,2024-12-21T08:52:11.748787,2024-12-21T08:55:27.144914,CLOSED,CAS-CSE-07-0108,DB-SERVER-07,False
ALT-CSE-07-00144,CSE-07,CRITICAL,2024-10-06T05:21:51,2024-10-06T05:22:35.551581,2024-10-06T05:27:05.435081,CLOSED,,WEB-SERVER-07,False
ALT-CSE-07-00145,CSE-07,CRITICAL,2024-11-25T08:47:49,2024-11-25T08:49:04.714622,2024-11-25T08:53:12.340480,CLOSED,CAS-CSE-07-0109,DB-SERVER-07,False
ALT-CSE-07-00146,CSE-07,CRITICAL,2024-10-15T16:32:12,2024-10-15T16:33:01.379893,2024-10-15T16:37:06.406085,CLOSED,CAS-CSE-07-0110,ENDPOINT-07,False
ALT-CSE-07-00147,CSE-07,CRITICAL,2024-11-30T17:45:33,2024-11-30T17:46:55.226009,2024-11-30T17:50:55.854465,CLOSED,CAS-CSE-07-0111,ENDPOINT-07,False
ALT-CSE-07-00148,CSE-07,CRITICAL,2024-10-26T13:38:39,2024-10-26T13:40:06.657908,2024-10-26T13:43:56.877309,CLOSED,CAS-CSE-07-0112,ENDPOINT-07,False
ALT-CSE-07-00149,CSE-07,CRITICAL,2024-12-12T02:18:08,2024-12-12T02:19:01.700169,2024-12-12T02:23:23.489172,CLOSED,CAS-CSE-07-0113,DB-SERVER-07,False
ALT-CSE-07-00150,CSE-07,CRITICAL,2024-10-10T00:23:45,2024-10-10T00:25:41.496205,2024-10-10T00:29:01.025993,CLOSED,CAS-CSE-07-0114,ENDPOINT-07,False
ALT-CSE-07-00151,CSE-07,CRITICAL,2024-10-25T23:51:11,2024-10-25T23:52:00.611528,2024-10-25T23:56:20.584935,CLOSED,,WEB-SERVER-07,False
ALT-CSE-07-00152,CSE-07,CRITICAL,2024-11-15T14:09:37,2024-11-15T14:10:23.935556,2024-11-15T14:14:50.579849,CLOSED,CAS-CSE-07-0115,DB-SERVER-07,False
ALT-CSE-07-00153,CSE-07,CRITICAL,2024-12-13T09:00:47,2024-12-13T09:01:50.416241,2024-12-13T09:05:57.375183,CLOSED,CAS-CSE-07-0116,ENDPOINT-07,False
ALT-CSE-07-00154,CSE-07,CRITICAL,2024-11-11T08:56:08,2024-11-11T08:57:10.244317,2024-11-11T09:01:41.541757,CLOSED,CAS-CSE-07-0117,WEB-SERVER-07,False
ALT-CSE-07-00155,CSE-07,CRITICAL,2024-11-09T01:58:10,2024-11-09T01:59:35.816232,2024-11-09T02:03:02.385676,CLOSED,CAS-CSE-07-0118,ENDPOINT-07,False
ALT-CSE-07-00156,CSE-07,CRITICAL,2024-12-12T18:01:19,2024-12-12T18:01:49.731682,2024-12-12T18:06:22.235835,CLOSED,,ENDPOINT-07,False
ALT-CSE-07-00157,CSE-07,CRITICAL,2024-12-05T16:07:56,2024-12-05T16:09:04.762527,2024-12-05T16:12:56.732953,CLOSED,CAS-CSE-07-0119,ENDPOINT-07,False
ALT-CSE-07-00158,CSE-07,CRITICAL,2024-12-04T04:00:09,2024-12-04T04:01:19.660683,2024-12-04T04:05:17.918025,CLOSED,CAS-CSE-07-0120,FIREWALL-07,False
ALT-CSE-07-00159,CSE-07,CRITICAL,2024-12-19T08:56:25,2024-12-19T08:57:24.289980,2024-12-19T09:01:45.767042,CLOSED,CAS-CSE-07-0121,DB-SERVER-07,False
ALT-CSE-07-00160,CSE-07,CRITICAL,2024-11-04T11:50:47,2024-11-04T11:51:55.118313,2024-11-04T11:56:02.145163,CLOSED,CAS-CSE-07-0122,FIREWALL-07,False
ALT-CSE-07-00161,CSE-07,CRITICAL,2024-10-05T13:04:53,2024-10-05T13:06:04.564467,2024-10-05T13:10:13.016831,CLOSED,,FIREWALL-07,False
ALT-CSE-07-00162,CSE-07,CRITICAL,2024-12-06T12:38:26,2024-12-06T12:40:16.599633,2024-12-06T12:43:17.991306,CLOSED,CAS-CSE-07-0123,ENDPOINT-07,False
ALT-CSE-07-00163,CSE-07,CRITICAL,2024-10-03T09:34:42,2024-10-03T09:35:55.802992,2024-10-03T09:39:52.696797,CLOSED,,DB-SERVER-07,False
ALT-CSE-07-00164,CSE-07,CRITICAL,2024-10-30T05:10:13,2024-10-30T05:11:18.247101,2024-10-30T05:15:18.328785,CLOSED,CAS-CSE-07-0124,DB-SERVER-07,False
ALT-CSE-07-00165,CSE-07,CRITICAL,2024-12-15T09:42:06,2024-12-15T09:43:21.630707,2024-12-15T09:47:29.919003,CLOSED,CAS-CSE-07-0125,WEB-SERVER-07,False
ALT-CSE-07-00166,CSE-07,CRITICAL,2024-10-15T17:20:39,2024-10-15T17:22:00.399382,2024-10-15T17:25:56.908523,CLOSED,,ENDPOINT-07,False
ALT-CSE-07-00167,CSE-07,CRITICAL,2024-10-31T16:25:49,2024-10-31T16:27:32.986393,2024-10-31T16:31:09.107981,CLOSED,,WEB-SERVER-07,False
ALT-CSE-07-00168,CSE-07,CRITICAL,2024-11-22T04:21:08,2024-11-22T04:22:09.248857,2024-11-22T04:26:30.701683,CLOSED,CAS-CSE-07-0126,ENDPOINT-07,False
ALT-CSE-07-00169,CSE-07,CRITICAL,2024-11-21T07:03:56,2024-11-21T07:05:33.852629,2024-11-21T07:09:00.634905,CLOSED,CAS-CSE-07-0127,DB-SERVER-07,False
ALT-CSE-07-00170,CSE-07,CRITICAL,2024-10-14T22:04:32,2024-10-14T22:06:30.522848,2024-10-14T22:09:53.477379,CLOSED,CAS-CSE-07-0128,DB-SERVER-07,False
ALT-CSE-07-00171,CSE-07,CRITICAL,2024-11-09T09:12:20,2024-11-09T09:13:20.264883,2024-11-09T09:17:19.992885,CLOSED,CAS-CSE-07-0129,DB-SERVER-07,False
ALT-CSE-07-00172,CSE-07,CRITICAL,2024-10-15T10:08:47,2024-10-15T10:10:07.650504,2024-10-15T10:14:05.317151,CLOSED,,WEB-SERVER-07,False
ALT-CSE-07-00173,CSE-07,CRITICAL,2024-10-19T21:00:27,2024-10-19T21:01:11.034310,2024-10-19T21:05:39.558262,CLOSED,CAS-CSE-07-0130,WEB-SERVER-07,False
ALT-CSE-07-00174,CSE-07,CRITICAL,2024-11-01T16:40:48,2024-11-01T16:41:25.700651,2024-11-01T16:46:22.216925,CLOSED,CAS-CSE-07-0131,FIREWALL-07,False
ALT-CSE-07-00175,CSE-07,CRITICAL,2024-11-26T12:56:19,2024-11-26T12:58:10.100109,2024-11-26T13:01:31.416791,CLOSED,CAS-CSE-07-0132,FIREWALL-07,False
ALT-CSE-07-00176,CSE-07,CRITICAL,2024-11-25T09:50:03,2024-11-25T09:50:56.945131,2024-11-25T09:55:14.887941,CLOSED,CAS-CSE-07-0133,DB-SERVER-07,False
ALT-CSE-07-00177,CSE-07,CRITICAL,2024-10-20T07:01:14,2024-10-20T07:02:55.857372,2024-10-20T07:06:23.240364,CLOSED,,DB-SERVER-07,False
ALT-CSE-07-00178,CSE-07,CRITICAL,2024-12-12T00:31:37,2024-12-12T00:33:18.195623,2024-12-12T00:36:54.105257,CLOSED,CAS-CSE-07-0134,DB-SERVER-07,False
ALT-CSE-07-00179,CSE-07,CRITICAL,2024-12-28T19:17:03,2024-12-28T19:18:47.995260,2024-12-28T19:22:17.968321,CLOSED,CAS-CSE-07-0135,DB-SERVER-07,False
ALT-CSE-07-00180,CSE-07,CRITICAL,2024-12-09T16:55:32,2024-12-09T16:57:14.684181,2024-12-09T17:00:44.714510,CLOSED,CAS-CSE-07-0136,FIREWALL-07,False
ALT-CSE-07-00181,CSE-07,CRITICAL,2024-11-05T14:06:55,2024-11-05T14:08:52.718904,2024-11-05T14:12:06.950863,CLOSED,CAS-CSE-07-0137,DB-SERVER-07,False
ALT-CSE-07-00182,CSE-07,CRITICAL,2024-10-07T04:59:12,2024-10-07T04:59:58.162865,2024-10-07T05:04:17.759087,CLOSED,CAS-CSE-07-0138,WEB-SERVER-07,False
ALT-CSE-07-00183,CSE-07,CRITICAL,2024-11-16T11:57:37,2024-11-16T11:59:19.553201,2024-11-16T12:02:21.664348,CLOSED,CAS-CSE-07-0139,WEB-SERVER-07,False
ALT-CSE-07-00184,CSE-07,CRITICAL,2024-11-22T09:48:38,2024-11-22T09:50:19.846350,2024-11-22T09:53:44.045342,CLOSED,CAS-CSE-07-0140,ENDPOINT-07,False
ALT-CSE-07-00185,CSE-07,CRITICAL,2024-12-25T23:14:50,2024-12-25T23:15:24.714317,2024-12-25T23:20:00.998434,CLOSED,CAS-CSE-07-0141,WEB-SERVER-07,False
ALT-CSE-07-00186,CSE-07,CRITICAL,2024-12-11T23:15:00,2024-12-11T23:16:40.073472,2024-12-11T23:19:59.990070,CLOSED,,DB-SERVER-07,False
ALT-CSE-07-00187,CSE-07,CRITICAL,2024-12-02T04:20:13,2024-12-02T04:21:29.783400,2024-12-02T04:25:32.366283,CLOSED,CAS-CSE-07-0142,ENDPOINT-07,False
ALT-CSE-07-00188,CSE-07,CRITICAL,2024-11-26T06:30:51,2024-11-26T06:32:37.750490,2024-11-26T06:36:12.469350,CLOSED,CAS-CSE-07-0143,ENDPOINT-07,False
ALT-CSE-07-00189,CSE-07,CRITICAL,2024-12-26T00:12:36,2024-12-26T00:14:02.241837,2024-12-26T00:17:29.660567,CLOSED,CAS-CSE-07-0144,WEB-SERVER-07,False
ALT-CSE-07-00190,CSE-07,CRITICAL,2024-12-17T09:17:41,2024-12-17T09:19:36.488232,2024-12-17T09:22:57.731705,CLOSED,CAS-CSE-07-0145,DB-SERVER-07,False
ALT-CSE-07-00191,CSE-07,CRITICAL,2024-12-19T10:49:10,2024-12-19T10:49:55.579891,2024-12-19T10:54:23.213943,CLOSED,,DB-SERVER-07,False
ALT-CSE-07-00192,CSE-07,CRITICAL,2024-12-09T23:32:19,2024-12-09T23:33:46.898960,2024-12-09T23:37:21.222648,CLOSED,CAS-CSE-07-0146,ENDPOINT-07,False
ALT-CSE-07-00193,CSE-07,CRITICAL,2024-11-18T08:19:42,2024-11-18T08:20:40.816184,2024-11-18T08:25:05.335139,CLOSED,CAS-CSE-07-0147,WEB-SERVER-07,False
ALT-CSE-07-00194,CSE-07,CRITICAL,2024-10-02T22:30:32,2024-10-02T22:32:11.695663,2024-10-02T22:35:47.456992,CLOSED,CAS-CSE-07-0148,WEB-SERVER-07,False
ALT-CSE-07-00195,CSE-07,CRITICAL,2024-11-11T23:09:34,2024-11-11T23:10:58.826808,2024-11-11T23:14:46.716856,CLOSED,CAS-CSE-07-0149,ENDPOINT-07,False
ALT-CSE-07-00196,CSE-07,CRITICAL,2024-10-19T18:54:25,2024-10-19T18:55:30.306332,2024-10-19T18:59:49.845345,CLOSED,CAS-CSE-07-0150,WEB-SERVER-07,False
ALT-CSE-07-00197,CSE-07,CRITICAL,2024-11-26T22:42:59,2024-11-26T22:43:49.710930,2024-11-26T22:48:09.089782,CLOSED,CAS-CSE-07-0151,FIREWALL-07,False
ALT-CSE-07-00198,CSE-07,CRITICAL,2024-11-20T00:43:03,2024-11-20T00:43:46.344950,2024-11-20T00:47:59.825230,CLOSED,CAS-CSE-07-0152,WEB-SERVER-07,False
ALT-CSE-07-00199,CSE-07,CRITICAL,2024-11-14T11:20:17,2024-11-14T11:22:01.178272,2024-11-14T11:25:42.869464,CLOSED,CAS-CSE-07-0153,WEB-SERVER-07,False
ALT-CSE-07-00200,CSE-07,CRITICAL,2024-11-16T08:24:25,2024-11-16T08:25:26.352418,2024-11-16T08:29:45.701882,CLOSED,CAS-CSE-07-0154,ENDPOINT-07,False
ALT-CSE-07-00201,CSE-07,CRITICAL,2024-11-04T15:37:56,2024-11-04T15:39:44.239842,2024-11-04T15:43:07.333776,CLOSED,CAS-CSE-07-0155,DB-SERVER-07,False
ALT-CSE-07-00202,CSE-07,CRITICAL,2024-11-11T18:02:11,2024-11-11T18:03:14.650567,2024-11-11T18:07:40.008583,CLOSED,CAS-CSE-07-0156,ENDPOINT-07,False
ALT-CSE-07-00203,CSE-07,CRITICAL,2024-10-21T18:05:41,2024-10-21T18:06:22.913484,2024-10-21T18:10:57.200864,CLOSED,,DB-SERVER-07,False
ALT-CSE-07-00204,CSE-07,CRITICAL,2024-10-06T00:12:13,2024-10-06T00:13:42.224640,2024-10-06T00:17:33.848124,CLOSED,CAS-CSE-07-0157,WEB-SERVER-07,False
ALT-CSE-07-00205,CSE-07,CRITICAL,2024-10-01T05:54:08,2024-10-01T05:54:59.002558,2024-10-01T05:59:20.085892,CLOSED,CAS-CSE-07-0158,DB-SERVER-07,False
ALT-CSE-07-00206,CSE-07,CRITICAL,2024-10-02T03:26:19,2024-10-02T03:26:53.832567,2024-10-02T03:31:28.838482,CLOSED,,WEB-SERVER-07,False
ALT-CSE-07-00207,CSE-07,CRITICAL,2024-11-02T00:56:08,2024-11-02T00:58:00.672320,2024-11-02T01:01:30.228303,CLOSED,CAS-CSE-07-0159,FIREWALL-07,False
ALT-CSE-07-00208,CSE-07,CRITICAL,2024-12-07T23:08:04,2024-12-07T23:08:41.185027,2024-12-07T23:13:17.251410,CLOSED,CAS-CSE-07-0160,WEB-SERVER-07,False
ALT-CSE-07-00209,CSE-07,CRITICAL,2024-11-19T00:35:30,2024-11-19T00:37:16.032417,2024-11-19T00:40:49.334221,CLOSED,CAS-CSE-07-0161,DB-SERVER-07,False
ALT-CSE-07-00210,CSE-07,CRITICAL,2024-12-15T18:19:05,2024-12-15T18:19:49.531858,2024-12-15T18:24:22.039468,CLOSED,CAS-CSE-07-0162,FIREWALL-07,False
ALT-CSE-07-00211,CSE-07,CRITICAL,2024-11-15T22:11:54,2024-11-15T22:13:43.947641,2024-11-15T22:17:00.183252,CLOSED,CAS-CSE-07-0163,DB-SERVER-07,False
ALT-CSE-07-00212,CSE-07,CRITICAL,2024-10-31T15:02:08,2024-10-31T15:02:50.718286,2024-10-31T15:07:25.348276,CLOSED,,FIREWALL-07,False
ALT-CSE-07-00213,CSE-07,CRITICAL,2024-12-02T00:29:25,2024-12-02T00:31:05.242311,2024-12-02T00:34:33.553335,CLOSED,CAS-CSE-07-0164,DB-SERVER-07,False
ALT-CSE-07-00214,CSE-07,CRITICAL,2024-11-12T16:28:53,2024-11-12T16:29:30.468923,2024-11-12T16:33:47.882589,CLOSED,,ENDPOINT-07,False
ALT-CSE-07-00215,CSE-07,CRITICAL,2024-12-06T10:29:06,2024-12-06T10:30:43.864209,2024-12-06T10:34:09.936991,CLOSED,CAS-CSE-07-0165,DB-SERVER-07,False
ALT-CSE-07-00216,CSE-07,CRITICAL,2024-12-29T16:52:07,2024-12-29T16:52:57.055419,2024-12-29T16:57:16.860586,CLOSED,CAS-CSE-07-0166,ENDPOINT-07,False
ALT-CSE-07-00217,CSE-07,CRITICAL,2024-10-13T17:03:52,2024-10-13T17:04:34.773625,2024-10-13T17:09:07.432976,CLOSED,CAS-CSE-07-0167,DB-SERVER-07,False
ALT-CSE-07-00218,CSE-07,CRITICAL,2024-10-01T00:01:36,2024-10-01T00:02:15.620251,2024-10-01T00:06:55.699793,CLOSED,,DB-SERVER-07,False
ALT-CSE-07-00219,CSE-07,CRITICAL,2024-11-12T07:23:43,2024-11-12T07:24:49.759599,2024-11-12T07:28:50.144903,CLOSED,CAS-CSE-07-0168,WEB-SERVER-07,False
ALT-CSE-07-00220,CSE-07,CRITICAL,2024-10-22T13:34:41,2024-10-22T13:35:15.752883,2024-10-22T13:39:59.601767,CLOSED,,FIREWALL-07,False
ALT-CSE-07-00221,CSE-07,CRITICAL,2024-11-04T10:26:59,2024-11-04T10:27:55.149384,2024-11-04T10:32:21.448392,CLOSED,CAS-CSE-07-0169,WEB-SERVER-07,False
ALT-CSE-07-00222,CSE-07,CRITICAL,2024-11-15T06:09:39,2024-11-15T06:10:12.692216,2024-11-15T06:15:18.514610,CLOSED,CAS-CSE-07-0170,FIREWALL-07,False
ALT-CSE-07-00223,CSE-07,CRITICAL,2024-10-09T10:42:25,2024-10-09T10:43:56.757966,2024-10-09T10:47:44.046027,CLOSED,CAS-CSE-07-0171,WEB-SERVER-07,False
ALT-CSE-07-00224,CSE-07,CRITICAL,2024-10-30T10:13:38,2024-10-30T10:15:01.027227,2024-10-30T10:19:06.569958,CLOSED,CAS-CSE-07-0172,DB-SERVER-07,False
ALT-CSE-07-00225,CSE-07,CRITICAL,2024-10-16T00:02:52,2024-10-16T00:04:00.133161,2024-10-16T00:08:11.880619,CLOSED,CAS-CSE-07-0173,ENDPOINT-07,False
ALT-CSE-07-00226,CSE-07,CRITICAL,2024-12-10T22:34:25,2024-12-10T22:36:09.234678,2024-12-10T22:39:30.644246,CLOSED,CAS-CSE-07-0174,DB-SERVER-07,False
ALT-CSE-07-00227,CSE-07,CRITICAL,2024-12-08T15:42:43,2024-12-08T15:44:13.330188,2024-12-08T15:47:44.783097,CLOSED,CAS-CSE-07-0175,WEB-SERVER-07,False
ALT-CSE-07-00228,CSE-07,CRITICAL,2024-10-07T17:06:00,2024-10-07T17:06:57.762707,2024-10-07T17:11:12.739164,CLOSED,CAS-CSE-07-0176,ENDPOINT-07,False
ALT-CSE-07-00229,CSE-07,CRITICAL,2024-10-09T16:18:48,2024-10-09T16:19:37.440478,2024-10-09T16:24:05.749242,CLOSED,CAS-CSE-07-0177,FIREWALL-07,False
ALT-CSE-07-00230,CSE-07,CRITICAL,2024-11-26T20:34:15,2024-11-26T20:36:13.304237,2024-11-26T20:39:39.451481,CLOSED,CAS-CSE-07-0178,DB-SERVER-07,False
ALT-CSE-07-00231,CSE-07,CRITICAL,2024-11-17T23:37:40,2024-11-17T23:38:35.139667,2024-11-17T23:42:53.499234,CLOSED,CAS-CSE-07-0179,DB-SERVER-07,False
ALT-CSE-07-00232,CSE-07,CRITICAL,2024-10-14T19:18:35,2024-10-14T19:19:40.676085,2024-10-14T19:23:53.537046,CLOSED,CAS-CSE-07-0180,WEB-SERVER-07,False
ALT-CSE-07-00233,CSE-07,CRITICAL,2024-10-22T12:08:20,2024-10-22T12:10:02.754879,2024-10-22T12:13:35.102053,CLOSED,CAS-CSE-07-0181,ENDPOINT-07,False
ALT-CSE-07-00234,CSE-07,CRITICAL,2024-10-15T10:32:20,2024-10-15T10:34:09.233213,2024-10-15T10:37:36.926072,CLOSED,CAS-CSE-07-0182,DB-SERVER-07,False
ALT-CSE-07-00235,CSE-07,CRITICAL,2024-12-11T15:50:05,2024-12-11T15:50:52.509787,2024-12-11T15:55:20.902751,CLOSED,,WEB-SERVER-07,False
ALT-CSE-07-00236,CSE-07,CRITICAL,2024-11-25T11:26:59,2024-11-25T11:27:36.553351,2024-11-25T11:32:28.444895,CLOSED,CAS-CSE-07-0183,FIREWALL-07,False
ALT-CSE-07-00237,CSE-07,CRITICAL,2024-12-17T12:46:00,2024-12-17T12:47:48.769087,2024-12-17T12:51:12.984833,CLOSED,CAS-CSE-07-0184,FIREWALL-07,False
ALT-CSE-07-00238,CSE-07,CRITICAL,2024-11-15T09:39:15,2024-11-15T09:40:27.481760,2024-11-15T09:44:35.689842,CLOSED,CAS-CSE-07-0185,FIREWALL-07,False
ALT-CSE-07-00239,CSE-07,CRITICAL,2024-10-10T13:14:21,2024-10-10T13:14:57.570184,2024-10-10T13:19:30.290861,CLOSED,CAS-CSE-07-0186,DB-SERVER-07,False
ALT-CSE-07-00240,CSE-07,CRITICAL,2024-12-20T03:45:48,2024-12-20T03:46:56.253005,2024-12-20T03:51:08.838759,CLOSED,CAS-CSE-07-0187,DB-SERVER-07,False
ALT-CSE-07-00241,CSE-07,CRITICAL,2024-10-12T17:11:38,2024-10-12T17:12:35.178559,2024-10-12T17:16:58.364838,CLOSED,CAS-CSE-07-0188,ENDPOINT-07,False
ALT-CSE-07-00242,CSE-07,CRITICAL,2024-12-16T12:52:44,2024-12-16T12:53:19.233069,2024-12-16T12:57:58.897262,CLOSED,,ENDPOINT-07,False
ALT-CSE-07-00243,CSE-07,CRITICAL,2024-10-23T08:16:14,2024-10-23T08:18:05.678815,2024-10-23T08:21:29.191677,CLOSED,CAS-CSE-07-0189,DB-SERVER-07,False
ALT-CSE-07-00244,CSE-07,CRITICAL,2024-11-05T07:19:56,2024-11-05T07:21:38.093156,2024-11-05T07:25:02.165219,CLOSED,CAS-CSE-07-0190,FIREWALL-07,False
ALT-CSE-07-00245,CSE-07,CRITICAL,2024-10-12T20:58:50,2024-10-12T21:00:41.833579,2024-10-12T21:04:12.712663,CLOSED,CAS-CSE-07-0191,ENDPOINT-07,False
ALT-CSE-07-00246,CSE-07,CRITICAL,2024-11-02T17:51:06,2024-11-02T17:52:35.717346,2024-11-02T17:56:12.892445,CLOSED,,FIREWALL-07,False
ALT-CSE-07-00247,CSE-07,CRITICAL,2024-10-21T01:44:59,2024-10-21T01:46:55.574040,2024-10-21T01:49:58.602319,CLOSED,CAS-CSE-07-0192,FIREWALL-07,False
ALT-CSE-07-00248,CSE-07,CRITICAL,2024-12-19T18:47:49,2024-12-19T18:49:21.059826,2024-12-19T18:52:59.028062,CLOSED,CAS-CSE-07-0193,FIREWALL-07,False
ALT-CSE-07-00249,CSE-07,CRITICAL,2024-12-29T08:53:46,2024-12-29T08:55:25.131843,2024-12-29T08:59:01.739570,CLOSED,CAS-CSE-07-0194,ENDPOINT-07,False
ALT-CSE-07-00250,CSE-07,CRITICAL,2024-11-07T18:02:27,2024-11-07T18:04:25.001288,2024-11-07T18:07:38.368045,CLOSED,CAS-CSE-07-0195,DB-SERVER-07,False
ALT-CSE-07-00251,CSE-07,CRITICAL,2024-11-27T19:07:49,2024-11-27T19:08:42.616476,2024-11-27T19:12:54.634394,CLOSED,CAS-CSE-07-0196,DB-SERVER-07,False
ALT-CSE-07-00252,CSE-07,CRITICAL,2024-10-15T09:36:47,2024-10-15T09:38:14.003646,2024-10-15T09:41:50.840833,CLOSED,CAS-CSE-07-0197,FIREWALL-07,False
ALT-CSE-07-00253,CSE-07,CRITICAL,2024-12-09T06:43:59,2024-12-09T06:45:51.996584,2024-12-09T06:49:27.124028,CLOSED,CAS-CSE-07-0198,WEB-SERVER-07,False
ALT-CSE-07-00254,CSE-07,CRITICAL,2024-12-02T04:01:21,2024-12-02T04:02:11.368485,2024-12-02T04:06:37.226458,CLOSED,CAS-CSE-07-0199,ENDPOINT-07,False
ALT-CSE-07-00255,CSE-07,CRITICAL,2024-10-22T09:50:19,2024-10-22T09:51:15.260567,2024-10-22T09:55:31.939927,CLOSED,CAS-CSE-07-0200,ENDPOINT-07,False
ALT-CSE-07-00256,CSE-07,CRITICAL,2024-12-19T16:16:55,2024-12-19T16:17:25.340883,2024-12-19T16:22:19.203761,CLOSED,,DB-SERVER-07,False
ALT-CSE-07-00257,CSE-07,CRITICAL,2024-11-01T00:21:06,2024-11-01T00:22:31.747635,2024-11-01T00:26:21.130663,CLOSED,CAS-CSE-07-0201,WEB-SERVER-07,False
ALT-CSE-07-00258,CSE-07,CRITICAL,2024-11-22T00:24:31,2024-11-22T00:26:24.465428,2024-11-22T00:29:55.988543,CLOSED,CAS-CSE-07-0202,WEB-SERVER-07,False
ALT-CSE-07-00259,CSE-07,CRITICAL,2024-10-31T22:39:17,2024-10-31T22:40:58.163167,2024-10-31T22:44:31.561818,CLOSED,,DB-SERVER-07,False
ALT-CSE-07-00260,CSE-07,CRITICAL,2024-12-13T05:12:45,2024-12-13T05:13:23.036788,2024-12-13T05:18:00.950834,CLOSED,,ENDPOINT-07,False
ALT-CSE-07-00261,CSE-07,CRITICAL,2024-11-06T01:07:42,2024-11-06T01:08:34.050681,2024-11-06T01:13:09.656417,CLOSED,CAS-CSE-07-0203,WEB-SERVER-07,False
ALT-CSE-07-00262,CSE-07,CRITICAL,2024-11-08T12:52:38,2024-11-08T12:53:12.078510,2024-11-08T12:57:42.797041,CLOSED,,FIREWALL-07,False
ALT-CSE-07-00263,CSE-07,CRITICAL,2024-12-01T05:58:41,2024-12-01T06:00:39.639825,2024-12-01T06:03:40.835152,CLOSED,CAS-CSE-07-0204,DB-SERVER-07,False
ALT-CSE-07-00264,CSE-07,CRITICAL,2024-12-04T23:08:50,2024-12-04T23:10:42.987567,2024-12-04T23:13:53.678311,CLOSED,CAS-CSE-07-0205,FIREWALL-07,False
ALT-CSE-07-00265,CSE-07,CRITICAL,2024-12-03T16:18:55,2024-12-03T16:20:32.504418,2024-12-03T16:24:21.004987,CLOSED,CAS-CSE-07-0206,WEB-SERVER-07,False
ALT-CSE-07-00266,CSE-07,CRITICAL,2024-11-07T21:00:13,2024-11-07T21:01:52.776391,2024-11-07T21:05:19.313862,CLOSED,CAS-CSE-07-0207,DB-SERVER-07,False
ALT-CSE-07-00267,CSE-07,CRITICAL,2024-11-01T14:30:48,2024-11-01T14:31:40.849597,2024-11-01T14:36:05.337073,CLOSED,CAS-CSE-07-0208,ENDPOINT-07,False
ALT-CSE-07-00268,CSE-07,CRITICAL,2024-10-20T15:55:00,2024-10-20T15:56:02.842920,2024-10-20T16:00:10.223395,CLOSED,,FIREWALL-07,False
ALT-CSE-07-00269,CSE-07,CRITICAL,2024-12-12T10:04:04,2024-12-12T10:05:18.708323,2024-12-12T10:09:09.336339,CLOSED,CAS-CSE-07-0209,DB-SERVER-07,False
ALT-CSE-07-00270,CSE-07,CRITICAL,2024-11-29T11:12:32,2024-11-29T11:13:42.001715,2024-11-29T11:17:36.413169,CLOSED,CAS-CSE-07-0210,FIREWALL-07,False
ALT-CSE-07-00271,CSE-07,CRITICAL,2024-11-25T01:46:20,2024-11-25T01:47:18.487154,2024-11-25T01:51:30.534962,CLOSED,,ENDPOINT-07,False
ALT-CSE-07-00272,CSE-07,CRITICAL,2024-11-21T15:25:27,2024-11-21T15:26:45.870602,2024-11-21T15:30:42.946081,CLOSED,CAS-CSE-07-0211,WEB-SERVER-07,False
ALT-CSE-07-00273,CSE-07,CRITICAL,2024-11-28T23:59:53,2024-11-29T00:00:51.076516,2024-11-29T00:04:51.469387,CLOSED,CAS-CSE-07-0212,DB-SERVER-07,False
ALT-CSE-07-00274,CSE-07,CRITICAL,2024-10-05T17:33:57,2024-10-05T17:35:07.777882,2024-10-05T17:39:17.352003,CLOSED,,ENDPOINT-07,False
ALT-CSE-07-00275,CSE-07,CRITICAL,2024-10-31T09:55:38,2024-10-31T09:56:57.255549,2024-10-31T10:00:57.621440,CLOSED,,DB-SERVER-07,False
ALT-CSE-07-00276,CSE-07,CRITICAL,2024-11-21T23:56:48,2024-11-21T23:57:49.410467,2024-11-22T00:01:56.098004,CLOSED,CAS-CSE-07-0213,FIREWALL-07,False
ALT-CSE-07-00277,CSE-07,CRITICAL,2024-10-06T08:56:45,2024-10-06T08:58:33.361421,2024-10-06T09:02:04.649700,CLOSED,CAS-CSE-07-0214,DB-SERVER-07,False
ALT-CSE-07-00278,CSE-07,CRITICAL,2024-11-23T07:40:07,2024-11-23T07:41:30.221374,2024-11-23T07:45:13.424925,CLOSED,CAS-CSE-07-0215,DB-SERVER-07,False
ALT-CSE-07-00279,CSE-07,CRITICAL,2024-12-21T16:40:12,2024-12-21T16:41:56.083252,2024-12-21T16:45:11.313574,CLOSED,CAS-CSE-07-0216,DB-SERVER-07,False
ALT-CSE-07-00280,CSE-07,CRITICAL,2024-12-25T06:41:29,2024-12-25T06:43:15.043571,2024-12-25T06:46:38.747592,CLOSED,CAS-CSE-07-0217,FIREWALL-07,False
ALT-CSE-07-00281,CSE-07,CRITICAL,2024-10-21T09:47:44,2024-10-21T09:49:16.504967,2024-10-21T09:52:56.015582,CLOSED,CAS-CSE-07-0218,WEB-SERVER-07,False
ALT-CSE-07-00282,CSE-07,CRITICAL,2024-12-15T04:41:22,2024-12-15T04:42:32.338247,2024-12-15T04:46:39.259198,CLOSED,CAS-CSE-07-0219,DB-SERVER-07,False
ALT-CSE-07-00283,CSE-07,CRITICAL,2024-11-12T06:40:55,2024-11-12T06:41:36.713152,2024-11-12T06:46:05.259989,CLOSED,,ENDPOINT-07,False
ALT-CSE-07-00284,CSE-07,CRITICAL,2024-11-12T14:59:43,2024-11-12T15:01:06.132964,2024-11-12T15:04:46.167947,CLOSED,CAS-CSE-07-0220,DB-SERVER-07,False
ALT-CSE-07-00285,CSE-07,CRITICAL,2024-11-10T12:31:23,2024-11-10T12:32:01.940179,2024-11-10T12:36:34.527804,CLOSED,CAS-CSE-07-0221,ENDPOINT-07,False
ALT-CSE-07-00286,CSE-07,CRITICAL,2024-11-19T22:14:19,2024-11-19T22:15:38.879543,2024-11-19T22:19:31.075004,CLOSED,,ENDPOINT-07,False
ALT-CSE-07-00287,CSE-07,CRITICAL,2024-10-30T08:36:07,2024-10-30T08:37:34.392556,2024-10-30T08:41:03.422604,CLOSED,CAS-CSE-07-0222,DB-SERVER-07,False
ALT-CSE-07-00288,CSE-07,CRITICAL,2024-10-01T11:37:23,2024-10-01T11:38:35.609318,2024-10-01T11:42:35.553348,CLOSED,CAS-CSE-07-0223,WEB-SERVER-07,False
ALT-CSE-07-00289,CSE-07,CRITICAL,2024-11-20T00:17:00,2024-11-20T00:18:42.417675,2024-11-20T00:21:58.595386,CLOSED,CAS-CSE-07-0224,ENDPOINT-07,False
ALT-CSE-07-00290,CSE-07,CRITICAL,2024-12-14T16:39:39,2024-12-14T16:40:39.961456,2024-12-14T16:45:06.186292,CLOSED,,WEB-SERVER-07,False
ALT-CSE-07-00291,CSE-07,CRITICAL,2024-10-15T21:40:25,2024-10-15T21:41:44.325874,2024-10-15T21:45:33.208700,CLOSED,,FIREWALL-07,False
ALT-CSE-07-00292,CSE-07,CRITICAL,2024-12-01T17:24:42,2024-12-01T17:25:51.944000,2024-12-01T17:29:45.394039,CLOSED,CAS-CSE-07-0225,FIREWALL-07,False
ALT-CSE-07-00293,CSE-07,CRITICAL,2024-10-20T13:48:33,2024-10-20T13:49:50.399088,2024-10-20T13:53:30.829687,CLOSED,CAS-CSE-07-0226,WEB-SERVER-07,False
ALT-CSE-07-00294,CSE-07,CRITICAL,2024-12-15T05:50:34,2024-12-15T05:51:55.240793,2024-12-15T05:56:00.877849,CLOSED,CAS-CSE-07-0227,ENDPOINT-07,False
ALT-CSE-07-00295,CSE-07,CRITICAL,2024-10-04T20:30:37,2024-10-04T20:31:20.274629,2024-10-04T20:35:45.241631,CLOSED,CAS-CSE-07-0228,WEB-SERVER-07,False
ALT-CSE-07-00296,CSE-07,CRITICAL,2024-11-12T15:27:15,2024-11-12T15:28:22.825738,2024-11-12T15:32:19.843478,CLOSED,CAS-CSE-07-0229,ENDPOINT-07,False
ALT-CSE-07-00297,CSE-07,CRITICAL,2024-10-29T17:58:24,2024-10-29T17:59:13.015161,2024-10-29T18:03:57.056910,CLOSED,,ENDPOINT-07,False
ALT-CSE-07-00298,CSE-07,CRITICAL,2024-11-30T17:05:36,2024-11-30T17:06:45.082925,2024-11-30T17:10:36.745475,CLOSED,CAS-CSE-07-0230,ENDPOINT-07,False
ALT-CSE-07-00299,CSE-07,CRITICAL,2024-12-03T18:17:12,2024-12-03T18:18:21.008559,2024-12-03T18:22:30.718752,CLOSED,CAS-CSE-07-0231,ENDPOINT-07,False
ALT-CSE-07-00300,CSE-07,CRITICAL,2024-10-25T11:37:17,2024-10-25T11:38:42.648478,2024-10-25T11:42:35.320392,CLOSED,CAS-CSE-07-0232,ENDPOINT-07,False
ALT-CSE-07-00301,CSE-07,CRITICAL,2024-10-20T18:29:32,2024-10-20T18:30:34.805972,2024-10-20T18:34:48.393491,CLOSED,CAS-CSE-07-0233,DB-SERVER-07,False
ALT-CSE-07-00302,CSE-07,CRITICAL,2024-12-01T12:10:01,2024-12-01T12:11:42.286136,2024-12-01T12:15:15.516534,CLOSED,,WEB-SERVER-07,False
ALT-CSE-07-00303,CSE-07,CRITICAL,2024-11-20T04:24:32,2024-11-20T04:25:24.429564,2024-11-20T04:29:47.241158,CLOSED,,FIREWALL-07,False
ALT-CSE-07-00304,CSE-07,CRITICAL,2024-12-19T11:59:49,2024-12-19T12:01:24.874651,2024-12-19T12:05:06.246663,CLOSED,,FIREWALL-07,False
ALT-CSE-07-00305,CSE-07,CRITICAL,2024-10-26T07:02:13,2024-10-26T07:03:44.289462,2024-10-26T07:07:30.115037,CLOSED,CAS-CSE-07-0234,FIREWALL-07,False
ALT-CSE-07-00306,CSE-07,CRITICAL,2024-12-20T21:12:30,2024-12-20T21:13:34.334747,2024-12-20T21:17:47.000574,CLOSED,,WEB-SERVER-07,False
ALT-CSE-07-00307,CSE-07,CRITICAL,2024-12-19T18:55:00,2024-12-19T18:55:34.760284,2024-12-19T19:00:04.981372,CLOSED,CAS-CSE-07-0235,ENDPOINT-07,False
ALT-CSE-07-00308,CSE-07,CRITICAL,2024-10-03T12:56:48,2024-10-03T12:58:13.061925,2024-10-03T13:02:09.725988,CLOSED,CAS-CSE-07-0236,FIREWALL-07,False
ALT-CSE-07-00309,CSE-07,CRITICAL,2024-11-25T09:51:30,2024-11-25T09:53:12.417800,2024-11-25T09:56:49.278833,CLOSED,,WEB-SERVER-07,False
ALT-CSE-07-00310,CSE-07,CRITICAL,2024-12-27T19:42:39,2024-12-27T19:44:28.334932,2024-12-27T19:47:51.649137,CLOSED,CAS-CSE-07-0237,WEB-SERVER-07,False
ALT-CSE-07-00311,CSE-07,CRITICAL,2024-12-17T01:22:52,2024-12-17T01:24:22.724282,2024-12-17T01:28:00.605594,CLOSED,CAS-CSE-07-0238,ENDPOINT-07,False
ALT-CSE-07-00312,CSE-07,CRITICAL,2024-12-06T10:40:27,2024-12-06T10:41:46.690245,2024-12-06T10:45:41.927409,CLOSED,CAS-CSE-07-0239,ENDPOINT-07,False
ALT-CSE-07-00313,CSE-07,CRITICAL,2024-11-02T23:19:48,2024-11-02T23:20:53.542262,2024-11-02T23:24:57.455253,CLOSED,CAS-CSE-07-0240,FIREWALL-07,False
ALT-CSE-07-00314,CSE-07,CRITICAL,2024-11-21T03:02:56,2024-11-21T03:04:12.581435,2024-11-21T03:07:47.382340,CLOSED,CAS-CSE-07-0241,DB-SERVER-07,False
ALT-CSE-07-00315,CSE-07,CRITICAL,2024-10-26T02:42:00,2024-10-26T02:42:38.421412,2024-10-26T02:47:15.826351,CLOSED,CAS-CSE-07-0242,FIREWALL-07,False
ALT-CSE-07-00316,CSE-07,CRITICAL,2024-12-16T04:06:16,2024-12-16T04:08:13.695045,2024-12-16T04:11:10.541996,CLOSED,CAS-CSE-07-0243,DB-SERVER-07,False
ALT-CSE-07-00317,CSE-07,CRITICAL,2024-11-22T04:00:22,2024-11-22T04:01:22.618343,2024-11-22T04:05:34.962402,CLOSED,CAS-CSE-07-0244,FIREWALL-07,False
ALT-CSE-07-00318,CSE-07,CRITICAL,2024-12-13T01:21:27,2024-12-13T01:22:07.413957,2024-12-13T01:26:23.801782,CLOSED,CAS-CSE-07-0245,ENDPOINT-07,False
ALT-CSE-07-00319,CSE-07,CRITICAL,2024-10-05T02:47:00,2024-10-05T02:48:15.568267,2024-10-05T02:52:06.257566,CLOSED,,FIREWALL-07,False
ALT-CSE-07-00320,CSE-07,CRITICAL,2024-11-23T11:20:51,2024-11-23T11:21:32.688243,2024-11-23T11:26:08.202375,CLOSED,CAS-CSE-07-0246,FIREWALL-07,False
ALT-CSE-07-00321,CSE-07,CRITICAL,2024-11-26T22:18:19,2024-11-26T22:20:17.091707,2024-11-26T22:23:36.664889,CLOSED,CAS-CSE-07-0247,DB-SERVER-07,False
ALT-CSE-07-00322,CSE-07,CRITICAL,2024-12-23T20:54:30,2024-12-23T20:55:18.547782,2024-12-23T20:59:35.792811,CLOSED,CAS-CSE-07-0248,FIREWALL-07,False
ALT-CSE-07-00323,CSE-07,CRITICAL,2024-11-09T04:31:36,2024-11-09T04:32:23.990654,2024-11-09T04:37:16.634890,CLOSED,CAS-CSE-07-0249,DB-SERVER-07,False
ALT-CSE-07-00324,CSE-07,CRITICAL,2024-11-10T17:32:21,2024-11-10T17:34:01.215259,2024-11-10T17:37:29.184506,CLOSED,,FIREWALL-07,False
ALT-CSE-07-00325,CSE-07,CRITICAL,2024-11-09T22:26:26,2024-11-09T22:27:19.308825,2024-11-09T22:31:19.914489,CLOSED,CAS-CSE-07-0250,DB-SERVER-07,False
ALT-CSE-07-00326,CSE-07,CRITICAL,2024-10-13T17:04:38,2024-10-13T17:05:47.239107,2024-10-13T17:09:50.540917,CLOSED,CAS-CSE-07-0251,ENDPOINT-07,False
ALT-CSE-07-00327,CSE-07,CRITICAL,2024-12-28T13:53:06,2024-12-28T13:54:46.653507,2024-12-28T13:58:12.830099,CLOSED,CAS-CSE-07-0252,FIREWALL-07,False
ALT-CSE-07-00328,CSE-07,CRITICAL,2024-11-11T13:34:23,2024-11-11T13:35:51.737736,2024-11-11T13:39:34.480889,CLOSED,CAS-CSE-07-0253,DB-SERVER-07,False
ALT-CSE-07-00329,CSE-07,CRITICAL,2024-11-15T16:03:54,2024-11-15T16:04:54.580201,2024-11-15T16:08:57.614337,CLOSED,CAS-CSE-07-0254,WEB-SERVER-07,False
ALT-CSE-07-00330,CSE-07,CRITICAL,2024-11-25T18:24:49,2024-11-25T18:26:38.767622,2024-11-25T18:30:08.580260,CLOSED,CAS-CSE-07-0255,FIREWALL-07,False
ALT-CSE-07-00331,CSE-07,CRITICAL,2024-10-07T15:09:13,2024-10-07T15:10:22.969775,2024-10-07T15:14:34.929011,CLOSED,CAS-CSE-07-0256,FIREWALL-07,False
ALT-CSE-07-00332,CSE-07,CRITICAL,2024-10-14T15:53:10,2024-10-14T15:55:01.944206,2024-10-14T15:58:24.505555,CLOSED,CAS-CSE-07-0257,FIREWALL-07,False
ALT-CSE-07-00333,CSE-07,CRITICAL,2024-12-27T19:26:48,2024-12-27T19:27:30.743363,2024-12-27T19:32:14.021448,CLOSED,CAS-CSE-07-0258,DB-SERVER-07,False
ALT-CSE-07-00334,CSE-07,CRITICAL,2024-12-02T01:34:35,2024-12-02T01:35:15.112436,2024-12-02T01:39:49.357973,CLOSED,CAS-CSE-07-0259,WEB-SERVER-07,False
ALT-CSE-07-00335,CSE-07,CRITICAL,2024-12-10T12:30:21,2024-12-10T12:31:12.926462,2024-12-10T12:35:34.134221,CLOSED,CAS-CSE-07-0260,DB-SERVER-07,False
ALT-CSE-07-00336,CSE-07,CRITICAL,2024-10-29T11:27:46,2024-10-29T11:28:56.391095,2024-10-29T11:32:57.820477,CLOSED,CAS-CSE-07-0261,FIREWALL-07,False
ALT-CSE-07-00337,CSE-07,CRITICAL,2024-10-25T16:09:41,2024-10-25T16:10:55.409518,2024-10-25T16:14:53.819498,CLOSED,CAS-CSE-07-0262,FIREWALL-07,False
ALT-CSE-07-00338,CSE-07,CRITICAL,2024-12-29T11:24:37,2024-12-29T11:26:18.502728,2024-12-29T11:29:52.274302,CLOSED,,WEB-SERVER-07,False
ALT-CSE-07-00339,CSE-07,CRITICAL,2024-11-19T03:44:54,2024-11-19T03:46:12.746504,2024-11-19T03:49:51.816942,CLOSED,CAS-CSE-07-0263,FIREWALL-07,False
ALT-CSE-07-00340,CSE-07,CRITICAL,2024-10-05T14:29:34,2024-10-05T14:31:05.111217,2024-10-05T14:34:51.410134,CLOSED,CAS-CSE-07-0264,ENDPOINT-07,False
ALT-CSE-07-00341,CSE-07,CRITICAL,2024-11-04T15:17:38,2024-11-04T15:18:08.202109,2024-11-04T15:23:00.722466,CLOSED,,WEB-SERVER-07,False
ALT-CSE-07-00342,CSE-07,CRITICAL,2024-10-01T06:59:49,2024-10-01T07:00:53.188675,2024-10-01T07:04:52.050036,CLOSED,CAS-CSE-07-0265,FIREWALL-07,False
ALT-CSE-07-00343,CSE-07,CRITICAL,2024-11-03T05:30:46,2024-11-03T05:32:40.890650,2024-11-03T05:36:12.331868,CLOSED,,FIREWALL-07,False
ALT-CSE-07-00344,CSE-07,CRITICAL,2024-11-18T00:42:46,2024-11-18T00:44:37.908736,2024-11-18T00:47:59.312931,CLOSED,CAS-CSE-07-0266,WEB-SERVER-07,False
ALT-CSE-07-00345,CSE-07,CRITICAL,2024-10-17T06:42:45,2024-10-17T06:44:35.217661,2024-10-17T06:47:46.057214,CLOSED,CAS-CSE-07-0267,WEB-SERVER-07,False
ALT-CSE-07-00346,CSE-07,CRITICAL,2024-10-25T11:42:12,2024-10-25T11:43:11.396843,2024-10-25T11:47:30.310836,CLOSED,CAS-CSE-07-0268,DB-SERVER-07,False
ALT-CSE-07-00347,CSE-07,CRITICAL,2024-11-11T09:42:36,2024-11-11T09:43:43.521341,2024-11-11T09:47:58.127780,CLOSED,,WEB-SERVER-07,False
ALT-CSE-07-00348,CSE-07,CRITICAL,2024-12-12T21:11:31,2024-12-12T21:12:18.498500,2024-12-12T21:16:29.674728,CLOSED,CAS-CSE-07-0269,FIREWALL-07,False
ALT-CSE-07-00349,CSE-07,CRITICAL,2024-12-08T16:06:07,2024-12-08T16:07:35.886231,2024-12-08T16:11:06.316135,CLOSED,,DB-SERVER-07,False
ALT-CSE-07-00350,CSE-07,CRITICAL,2024-11-26T04:04:31,2024-11-26T04:05:47.012211,2024-11-26T04:09:43.836494,CLOSED,CAS-CSE-07-0270,ENDPOINT-07,False
ALT-CSE-07-00351,CSE-07,CRITICAL,2024-12-27T04:20:09,2024-12-27T04:20:53.063483,2024-12-27T04:25:28.453446,CLOSED,CAS-CSE-07-0271,ENDPOINT-07,False
ALT-CSE-07-00352,CSE-07,CRITICAL,2024-12-06T17:36:59,2024-12-06T17:38:05.817018,2024-12-06T17:42:15.265908,CLOSED,,DB-SERVER-07,False
ALT-CSE-07-00353,CSE-07,CRITICAL,2024-11-28T18:05:57,2024-11-28T18:06:31.793460,2024-11-28T18:10:59.780718,CLOSED,CAS-CSE-07-0272,ENDPOINT-07,False
ALT-CSE-07-00354,CSE-07,CRITICAL,2024-12-02T09:12:14,2024-12-02T09:13:08.916405,2024-12-02T09:17:52.008522,CLOSED,CAS-CSE-07-0273,ENDPOINT-07,False
ALT-CSE-07-00355,CSE-07,CRITICAL,2024-12-17T23:38:13,2024-12-17T23:38:52.603923,2024-12-17T23:43:21.888871,CLOSED,,ENDPOINT-07,False
ALT-CSE-07-00356,CSE-07,CRITICAL,2024-12-04T16:44:38,2024-12-04T16:45:31.293722,2024-12-04T16:49:43.150116,CLOSED,CAS-CSE-07-0274,ENDPOINT-07,False
ALT-CSE-07-00357,CSE-07,CRITICAL,2024-11-30T22:34:40,2024-11-30T22:36:31.611567,2024-11-30T22:39:45.005951,CLOSED,CAS-CSE-07-0275,ENDPOINT-07,False
ALT-CSE-07-00358,CSE-07,CRITICAL,2024-10-16T21:10:54,2024-10-16T21:12:13.679974,2024-10-16T21:16:23.330539,CLOSED,CAS-CSE-07-0276,FIREWALL-07,False
ALT-CSE-07-00359,CSE-07,CRITICAL,2024-12-11T01:32:08,2024-12-11T01:33:42.654029,2024-12-11T01:37:05.259300,CLOSED,CAS-CSE-07-0277,WEB-SERVER-07,False
ALT-CSE-07-00360,CSE-07,CRITICAL,2024-10-22T11:36:08,2024-10-22T11:36:58.741409,2024-10-22T11:41:19.003486,CLOSED,CAS-CSE-07-0278,WEB-SERVER-07,False
ALT-CSE-07-00361,CSE-07,CRITICAL,2024-10-22T17:13:07,2024-10-22T17:14:21.662987,2024-10-22T17:18:09.761752,CLOSED,CAS-CSE-07-0279,DB-SERVER-07,False
ALT-CSE-07-00362,CSE-07,CRITICAL,2024-12-18T23:51:41,2024-12-18T23:53:29.785180,2024-12-18T23:56:42.455203,CLOSED,CAS-CSE-07-0280,ENDPOINT-07,False
ALT-CSE-07-00363,CSE-07,CRITICAL,2024-11-13T04:23:05,2024-11-13T04:25:04.465479,2024-11-13T04:28:12.074800,CLOSED,CAS-CSE-07-0281,DB-SERVER-07,False
ALT-CSE-07-00364,CSE-07,CRITICAL,2024-11-02T02:29:35,2024-11-02T02:30:25.019490,2024-11-02T02:34:40.100801,CLOSED,CAS-CSE-07-0282,DB-SERVER-07,False
ALT-CSE-07-00365,CSE-07,CRITICAL,2024-12-15T23:14:46,2024-12-15T23:16:18.071357,2024-12-15T23:19:49.889646,CLOSED,CAS-CSE-07-0283,FIREWALL-07,False
ALT-CSE-07-00366,CSE-07,CRITICAL,2024-12-08T11:25:06,2024-12-08T11:25:46.310218,2024-12-08T11:30:29.768406,CLOSED,CAS-CSE-07-0284,DB-SERVER-07,False
ALT-CSE-07-00367,CSE-07,CRITICAL,2024-11-11T06:14:41,2024-11-11T06:16:32.143062,2024-11-11T06:20:08.448186,CLOSED,,FIREWALL-07,False
ALT-CSE-07-00368,CSE-07,CRITICAL,2024-12-28T22:38:21,2024-12-28T22:38:53.437760,2024-12-28T22:43:31.569703,CLOSED,CAS-CSE-07-0285,WEB-SERVER-07,False
ALT-CSE-07-00369,CSE-07,CRITICAL,2024-10-22T03:15:21,2024-10-22T03:16:29.814593,2024-10-22T03:20:40.985529,CLOSED,,ENDPOINT-07,False
ALT-CSE-07-00370,CSE-07,CRITICAL,2024-12-14T03:10:26,2024-12-14T03:12:09.246152,2024-12-14T03:15:44.578114,CLOSED,CAS-CSE-07-0286,ENDPOINT-07,False
ALT-CSE-07-00371,CSE-07,CRITICAL,2024-10-02T19:28:05,2024-10-02T19:29:57.115182,2024-10-02T19:33:29.858869,CLOSED,CAS-CSE-07-0287,FIREWALL-07,False
ALT-CSE-07-00372,CSE-07,CRITICAL,2024-10-31T03:22:28,2024-10-31T03:24:01.577568,2024-10-31T03:27:38.293213,CLOSED,CAS-CSE-07-0288,ENDPOINT-07,False
ALT-CSE-07-00373,CSE-07,CRITICAL,2024-12-26T23:11:42,2024-12-26T23:12:23.758690,2024-12-26T23:17:06.113184,CLOSED,CAS-CSE-07-0289,DB-SERVER-07,False
ALT-CSE-07-00374,CSE-07,CRITICAL,2024-11-20T09:04:42,2024-11-20T09:06:09.721808,2024-11-20T09:10:00.737172,CLOSED,CAS-CSE-07-0290,ENDPOINT-07,False
ALT-CSE-07-00375,CSE-07,CRITICAL,2024-12-29T08:59:51,2024-12-29T09:00:39.915356,2024-12-29T09:04:51.829350,CLOSED,CAS-CSE-07-0291,WEB-SERVER-07,False
ALT-CSE-07-00376,CSE-07,CRITICAL,2024-11-22T06:41:46,2024-11-22T06:43:27.014932,2024-11-22T06:47:04.525061,CLOSED,CAS-CSE-07-0292,WEB-SERVER-07,False
ALT-CSE-07-00377,CSE-07,CRITICAL,2024-11-13T08:41:43,2024-11-13T08:42:41.580478,2024-11-13T08:46:46.593617,CLOSED,CAS-CSE-07-0293,FIREWALL-07,False
ALT-CSE-07-00378,CSE-07,CRITICAL,2024-12-19T13:13:34,2024-12-19T13:14:48.216345,2024-12-19T13:18:47.129799,CLOSED,CAS-CSE-07-0294,ENDPOINT-07,False
ALT-CSE-07-00379,CSE-07,CRITICAL,2024-12-28T12:37:41,2024-12-28T12:39:40.060012,2024-12-28T12:42:54.506998,CLOSED,,FIREWALL-07,False
ALT-CSE-07-00380,CSE-07,CRITICAL,2024-10-18T19:17:26,2024-10-18T19:18:50.067994,2024-10-18T19:22:40.238904,CLOSED,CAS-CSE-07-0295,WEB-SERVER-07,False
ALT-CSE-07-00381,CSE-07,CRITICAL,2024-12-10T07:40:16,2024-12-10T07:41:25.661614,2024-12-10T07:45:48.587864,CLOSED,CAS-CSE-07-0296,FIREWALL-07,False
ALT-CSE-07-00382,CSE-07,CRITICAL,2024-12-22T16:22:57,2024-12-22T16:24:04.913348,2024-12-22T16:27:49.608512,CLOSED,CAS-CSE-07-0297,DB-SERVER-07,False
ALT-CSE-07-00383,CSE-07,CRITICAL,2024-12-22T17:28:25,2024-12-22T17:29:47.429236,2024-12-22T17:33:34.796967,CLOSED,CAS-CSE-07-0298,FIREWALL-07,False
ALT-CSE-07-00384,CSE-07,CRITICAL,2024-10-19T22:47:07,2024-10-19T22:47:54.157505,2024-10-19T22:52:24.068926,CLOSED,CAS-CSE-07-0299,ENDPOINT-07,False
ALT-CSE-07-00385,CSE-07,CRITICAL,2024-12-24T17:49:20,2024-12-24T17:50:52.763796,2024-12-24T17:54:48.032132,CLOSED,,WEB-SERVER-07,False
ALT-CSE-07-00386,CSE-07,CRITICAL,2024-11-20T00:39:54,2024-11-20T00:41:21.301363,2024-11-20T00:44:52.485888,CLOSED,CAS-CSE-07-0300,ENDPOINT-07,False
ALT-CSE-07-00387,CSE-07,CRITICAL,2024-12-14T18:53:42,2024-12-14T18:54:39.768969,2024-12-14T18:58:54.259662,CLOSED,CAS-CSE-07-0301,DB-SERVER-07,False
ALT-CSE-07-00388,CSE-07,CRITICAL,2024-12-06T13:31:45,2024-12-06T13:33:07.679494,2024-12-06T13:36:42.738609,CLOSED,CAS-CSE-07-0302,WEB-SERVER-07,False
ALT-CSE-07-00389,CSE-07,CRITICAL,2024-11-22T04:31:09,2024-11-22T04:32:38.698296,2024-11-22T04:36:29.090942,CLOSED,CAS-CSE-07-0303,FIREWALL-07,False
ALT-CSE-07-00390,CSE-07,CRITICAL,2024-10-15T17:25:47,2024-10-15T17:27:04.808834,2024-10-15T17:31:01.698013,CLOSED,CAS-CSE-07-0304,WEB-SERVER-07,False
ALT-CSE-07-00391,CSE-07,CRITICAL,2024-10-12T14:37:12,2024-10-12T14:38:33.464021,2024-10-12T14:42:23.753817,CLOSED,CAS-CSE-07-0305,FIREWALL-07,False
ALT-CSE-07-00392,CSE-07,CRITICAL,2024-11-02T06:50:55,2024-11-02T06:52:20.173528,2024-11-02T06:56:06.822211,CLOSED,,FIREWALL-07,False
ALT-CSE-07-00393,CSE-07,CRITICAL,2024-10-22T06:25:48,2024-10-22T06:26:32.603469,2024-10-22T06:30:52.493654,CLOSED,CAS-CSE-07-0306,FIREWALL-07,False
ALT-CSE-07-00394,CSE-07,CRITICAL,2024-11-29T01:14:49,2024-11-29T01:15:33.873815,2024-11-29T01:19:59.672363,CLOSED,,ENDPOINT-07,False
ALT-CSE-07-00395,CSE-07,CRITICAL,2024-12-26T19:32:40,2024-12-26T19:34:39.814501,2024-12-26T19:37:40.944282,CLOSED,,ENDPOINT-07,False
ALT-CSE-07-00396,CSE-07,CRITICAL,2024-11-24T19:16:59,2024-11-24T19:18:12.001909,2024-11-24T19:21:56.967168,CLOSED,CAS-CSE-07-0307,WEB-SERVER-07,False
ALT-CSE-07-00397,CSE-07,CRITICAL,2024-12-21T02:50:09,2024-12-21T02:51:54.188723,2024-12-21T02:55:17.360269,CLOSED,CAS-CSE-07-0308,FIREWALL-07,False
ALT-CSE-07-00398,CSE-07,CRITICAL,2024-12-22T11:17:59,2024-12-22T11:19:06.397768,2024-12-22T11:23:12.371210,CLOSED,CAS-CSE-07-0309,WEB-SERVER-07,False
ALT-CSE-07-00399,CSE-07,CRITICAL,2024-12-09T13:07:52,2024-12-09T13:09:26.398132,2024-12-09T13:12:49.119437,CLOSED,CAS-CSE-07-0310,DB-SERVER-07,False
ALT-CSE-07-00400,CSE-07,CRITICAL,2024-12-01T17:29:06,2024-12-01T17:30:05.710430,2024-12-01T17:34:21.034681,CLOSED,CAS-CSE-07-0311,ENDPOINT-07,False
ALT-CSE-07-00401,CSE-07,CRITICAL,2024-10-11T05:37:03,2024-10-11T05:38:57.043528,2024-10-11T05:42:20.480549,CLOSED,,DB-SERVER-07,False
ALT-CSE-07-00402,CSE-07,CRITICAL,2024-12-25T05:46:47,2024-12-25T05:48:37.038735,2024-12-25T05:52:00.030749,CLOSED,CAS-CSE-07-0312,FIREWALL-07,False
ALT-CSE-07-00403,CSE-07,CRITICAL,2024-10-23T02:08:14,2024-10-23T02:08:54.575519,2024-10-23T02:13:03.919509,CLOSED,CAS-CSE-07-0313,DB-SERVER-07,False
ALT-CSE-07-00404,CSE-07,CRITICAL,2024-10-20T10:38:42,2024-10-20T10:39:58.100678,2024-10-20T10:43:57.579115,CLOSED,CAS-CSE-07-0314,ENDPOINT-07,False
ALT-CSE-07-00405,CSE-07,CRITICAL,2024-12-20T21:47:30,2024-12-20T21:48:00.895076,2024-12-20T21:52:37.797924,CLOSED,CAS-CSE-07-0315,FIREWALL-07,False
ALT-CSE-07-00406,CSE-07,CRITICAL,2024-12-13T15:38:30,2024-12-13T15:39:29.411225,2024-12-13T15:43:35.256759,CLOSED,CAS-CSE-07-0316,FIREWALL-07,False
ALT-CSE-07-00407,CSE-07,CRITICAL,2024-11-09T03:41:33,2024-11-09T03:43:19.357600,2024-11-09T03:46:40.859353,CLOSED,CAS-CSE-07-0317,FIREWALL-07,False
ALT-CSE-07-00408,CSE-07,CRITICAL,2024-11-02T18:36:41,2024-11-02T18:37:57.875044,2024-11-02T18:41:54.356626,CLOSED,CAS-CSE-07-0318,FIREWALL-07,False
ALT-CSE-07-00409,CSE-07,CRITICAL,2024-10-23T19:02:11,2024-10-23T19:02:48.681475,2024-10-23T19:07:09.013221,CLOSED,CAS-CSE-07-0319,FIREWALL-07,False
ALT-CSE-07-00410,CSE-07,CRITICAL,2024-12-07T23:51:28,2024-12-07T23:52:12.274968,2024-12-07T23:56:41.758029,CLOSED,,ENDPOINT-07,False
ALT-CSE-07-00411,CSE-07,CRITICAL,2024-10-04T11:30:18,2024-10-04T11:31:49.569473,2024-10-04T11:35:22.320414,CLOSED,CAS-CSE-07-0320,FIREWALL-07,False
ALT-CSE-07-00412,CSE-07,CRITICAL,2024-11-27T10:46:01,2024-11-27T10:46:54.364463,2024-11-27T10:51:25.550185,CLOSED,CAS-CSE-07-0321,WEB-SERVER-07,False
ALT-CSE-07-00413,CSE-07,CRITICAL,2024-11-23T01:46:26,2024-11-23T01:47:20.007333,2024-11-23T01:51:44.620504,CLOSED,CAS-CSE-07-0322,DB-SERVER-07,False
ALT-CSE-07-00414,CSE-07,CRITICAL,2024-10-23T11:02:51,2024-10-23T11:04:36.054237,2024-10-23T11:07:51.151409,CLOSED,CAS-CSE-07-0323,DB-SERVER-07,False
ALT-CSE-07-00415,CSE-07,CRITICAL,2024-10-11T23:06:13,2024-10-11T23:07:11.794319,2024-10-11T23:11:13.581505,CLOSED,,ENDPOINT-07,False
ALT-CSE-07-00416,CSE-07,CRITICAL,2024-12-04T04:40:24,2024-12-04T04:41:51.026953,2024-12-04T04:45:31.813411,CLOSED,CAS-CSE-07-0324,DB-SERVER-07,False
ALT-CSE-07-00417,CSE-07,CRITICAL,2024-11-19T10:25:46,2024-11-19T10:27:24.925639,2024-11-19T10:31:02.191878,CLOSED,CAS-CSE-07-0325,WEB-SERVER-07,False
ALT-CSE-07-00418,CSE-07,CRITICAL,2024-12-16T00:48:47,2024-12-16T00:49:52.723597,2024-12-16T00:53:58.424341,CLOSED,CAS-CSE-07-0326,ENDPOINT-07,False
ALT-CSE-07-00419,CSE-07,CRITICAL,2024-12-04T13:01:27,2024-12-04T13:02:55.160661,2024-12-04T13:06:42.873455,CLOSED,CAS-CSE-07-0327,DB-SERVER-07,False
ALT-CSE-07-00420,CSE-07,CRITICAL,2024-10-28T17:19:47,2024-10-28T17:21:19.913185,2024-10-28T17:24:53.289964,CLOSED,,DB-SERVER-07,False
ALT-CSE-07-00421,CSE-07,CRITICAL,2024-12-03T08:22:37,2024-12-03T08:24:22.802526,2024-12-03T08:27:41.223744,CLOSED,CAS-CSE-07-0328,DB-SERVER-07,False
ALT-CSE-07-00422,CSE-07,CRITICAL,2024-12-27T03:14:01,2024-12-27T03:14:55.276071,2024-12-27T03:19:18.474541,CLOSED,CAS-CSE-07-0329,ENDPOINT-07,False
ALT-CSE-07-00423,CSE-07,CRITICAL,2024-12-06T01:40:35,2024-12-06T01:42:22.576776,2024-12-06T01:45:59.679855,CLOSED,,ENDPOINT-07,False
ALT-CSE-07-00424,CSE-07,CRITICAL,2024-11-21T15:13:47,2024-11-21T15:15:04.544398,2024-11-21T15:18:59.708946,CLOSED,,DB-SERVER-07,False
ALT-CSE-07-00425,CSE-07,CRITICAL,2024-12-29T06:36:42,2024-12-29T06:37:37.774456,2024-12-29T06:41:50.063235,CLOSED,CAS-CSE-07-0330,FIREWALL-07,False
ALT-CSE-07-00426,CSE-07,CRITICAL,2024-11-16T06:01:58,2024-11-16T06:03:47.337959,2024-11-16T06:07:13.424949,CLOSED,CAS-CSE-07-0331,ENDPOINT-07,False
ALT-CSE-07-00427,CSE-07,CRITICAL,2024-10-25T04:16:55,2024-10-25T04:17:50.470380,2024-10-25T04:22:03.706931,CLOSED,CAS-CSE-07-0332,FIREWALL-07,False
ALT-CSE-07-00428,CSE-07,CRITICAL,2024-10-01T12:50:25,2024-10-01T12:51:38.329818,2024-10-01T12:55:25.007867,CLOSED,,WEB-SERVER-07,False
ALT-CSE-07-00429,CSE-07,CRITICAL,2024-12-26T06:24:23,2024-12-26T06:26:14.961692,2024-12-26T06:29:28.531217,CLOSED,CAS-CSE-07-0333,WEB-SERVER-07,False
ALT-CSE-07-00430,CSE-07,CRITICAL,2024-10-06T22:01:01,2024-10-06T22:02:43.656413,2024-10-06T22:06:26.311746,CLOSED,,FIREWALL-07,False
ALT-CSE-07-00431,CSE-07,CRITICAL,2024-12-20T22:29:23,2024-12-20T22:31:17.985413,2024-12-20T22:34:33.033020,CLOSED,CAS-CSE-07-0334,DB-SERVER-07,False
ALT-CSE-07-00432,CSE-07,CRITICAL,2024-11-08T00:23:45,2024-11-08T00:25:36.313053,2024-11-08T00:29:06.673870,CLOSED,CAS-CSE-07-0335,ENDPOINT-07,False
ALT-CSE-07-00433,CSE-07,CRITICAL,2024-11-04T07:28:35,2024-11-04T07:29:52.461046,2024-11-04T07:34:00.614997,CLOSED,CAS-CSE-07-0336,ENDPOINT-07,False
ALT-CSE-07-00434,CSE-07,CRITICAL,2024-11-07T09:18:35,2024-11-07T09:19:34.582322,2024-11-07T09:23:55.164322,CLOSED,CAS-CSE-07-0337,FIREWALL-07,False
ALT-CSE-07-00435,CSE-07,CRITICAL,2024-10-08T21:50:49,2024-10-08T21:52:11.501175,2024-10-08T21:55:58.183777,CLOSED,CAS-CSE-07-0338,WEB-SERVER-07,False
ALT-CSE-07-00436,CSE-07,CRITICAL,2024-11-10T13:24:53,2024-11-10T13:25:27.702503,2024-11-10T13:30:03.486216,CLOSED,CAS-CSE-07-0339,DB-SERVER-07,False
ALT-CSE-07-00437,CSE-07,CRITICAL,2024-12-03T03:04:18,2024-12-03T03:05:44.534994,2024-12-03T03:09:15.959786,CLOSED,CAS-CSE-07-0340,FIREWALL-07,False
ALT-CSE-07-00438,CSE-07,CRITICAL,2024-12-22T19:10:38,2024-12-22T19:11:48.432870,2024-12-22T19:15:42.735243,CLOSED,CAS-CSE-07-0341,DB-SERVER-07,False
ALT-CSE-07-00439,CSE-07,CRITICAL,2024-10-20T10:59:55,2024-10-20T11:01:18.642462,2024-10-20T11:05:03.307259,CLOSED,CAS-CSE-07-0342,FIREWALL-07,False
ALT-CSE-07-00440,CSE-07,CRITICAL,2024-11-16T06:24:39,2024-11-16T06:26:25.640665,2024-11-16T06:29:38.911756,CLOSED,CAS-CSE-07-0343,DB-SERVER-07,False
ALT-CSE-07-00441,CSE-07,CRITICAL,2024-12-01T02:01:29,2024-12-01T02:03:10.899032,2024-12-01T02:06:41.911319,CLOSED,CAS-CSE-07-0344,DB-SERVER-07,False
ALT-CSE-07-00442,CSE-07,CRITICAL,2024-11-15T08:53:30,2024-11-15T08:55:11.103347,2024-11-15T08:58:41.114902,CLOSED,,FIREWALL-07,False
ALT-CSE-07-00443,CSE-07,CRITICAL,2024-11-23T16:59:21,2024-11-23T17:00:21.927701,2024-11-23T17:04:32.694195,CLOSED,CAS-CSE-07-0345,WEB-SERVER-07,False
ALT-CSE-07-00444,CSE-07,CRITICAL,2024-11-21T01:20:07,2024-11-21T01:21:08.276085,2024-11-21T01:25:14.793109,CLOSED,CAS-CSE-07-0346,DB-SERVER-07,False
ALT-CSE-07-00445,CSE-07,CRITICAL,2024-11-21T13:52:57,2024-11-21T13:53:35.922572,2024-11-21T13:58:19.956339,CLOSED,CAS-CSE-07-0347,FIREWALL-07,False
ALT-CSE-07-00446,CSE-07,CRITICAL,2024-10-28T16:24:18,2024-10-28T16:25:21.690459,2024-10-28T16:29:26.972533,CLOSED,CAS-CSE-07-0348,WEB-SERVER-07,False
ALT-CSE-07-00447,CSE-07,CRITICAL,2024-11-07T06:25:00,2024-11-07T06:25:54.190708,2024-11-07T06:30:19.492163,CLOSED,,ENDPOINT-07,False
ALT-CSE-07-00448,CSE-07,CRITICAL,2024-12-11T15:31:53,2024-12-11T15:33:22.512803,2024-12-11T15:36:57.218563,CLOSED,CAS-CSE-07-0349,FIREWALL-07,False
ALT-CSE-07-00449,CSE-07,CRITICAL,2024-10-25T12:22:16,2024-10-25T12:23:37.002435,2024-10-25T12:27:25.016955,CLOSED,CAS-CSE-07-0350,FIREWALL-07,False
ALT-CSE-07-00450,CSE-07,CRITICAL,2024-10-18T12:26:36,2024-10-18T12:27:56.263589,2024-10-18T12:31:37.627175,CLOSED,CAS-CSE-07-0351,DB-SERVER-07,False
ALT-CSE-07-00451,CSE-07,CRITICAL,2024-11-29T15:19:36,2024-11-29T15:20:24.600875,2024-11-29T15:25:01.613134,CLOSED,CAS-CSE-07-0352,FIREWALL-07,False
ALT-CSE-07-00452,CSE-07,CRITICAL,2024-12-22T12:31:39,2024-12-22T12:32:31.510935,2024-12-22T12:37:05.455009,CLOSED,,ENDPOINT-07,False
ALT-CSE-07-00453,CSE-07,CRITICAL,2024-11-15T07:56:14,2024-11-15T07:57:17.742268,2024-11-15T08:01:30.281827,CLOSED,CAS-CSE-07-0353,WEB-SERVER-07,False
ALT-CSE-07-00454,CSE-07,CRITICAL,2024-10-12T19:07:11,2024-10-12T19:07:52.639392,2024-10-12T19:12:03.567357,CLOSED,CAS-CSE-07-0354,WEB-SERVER-07,False
ALT-CSE-07-00455,CSE-07,CRITICAL,2024-10-14T01:58:50,2024-10-14T02:00:02.098524,2024-10-14T02:03:54.314165,CLOSED,CAS-CSE-07-0355,ENDPOINT-07,False
ALT-CSE-07-00456,CSE-07,CRITICAL,2024-12-17T18:06:55,2024-12-17T18:07:43.907289,2024-12-17T18:12:16.183451,CLOSED,CAS-CSE-07-0356,WEB-SERVER-07,False
ALT-CSE-07-00457,CSE-07,CRITICAL,2024-10-29T19:11:15,2024-10-29T19:12:56.474447,2024-10-29T19:16:26.812037,CLOSED,CAS-CSE-07-0357,DB-SERVER-07,False
ALT-CSE-07-00458,CSE-07,CRITICAL,2024-12-09T00:56:12,2024-12-09T00:57:46.227391,2024-12-09T01:01:04.264637,CLOSED,CAS-CSE-07-0358,WEB-SERVER-07,False
ALT-CSE-07-00459,CSE-07,CRITICAL,2024-12-16T10:40:57,2024-12-16T10:42:44.138192,2024-12-16T10:46:16.164315,CLOSED,CAS-CSE-07-0359,DB-SERVER-07,False
ALT-CSE-07-00460,CSE-07,CRITICAL,2024-12-17T05:49:19,2024-12-17T05:50:45.550193,2024-12-17T05:54:35.077324,CLOSED,CAS-CSE-07-0360,FIREWALL-07,False
ALT-CSE-07-00461,CSE-07,CRITICAL,2024-12-26T12:22:26,2024-12-26T12:23:52.206123,2024-12-26T12:27:34.115691,CLOSED,CAS-CSE-07-0361,WEB-SERVER-07,False
ALT-CSE-07-00462,CSE-07,CRITICAL,2024-12-01T10:40:36,2024-12-01T10:41:55.967244,2024-12-01T10:45:40.723634,CLOSED,CAS-CSE-07-0362,FIREWALL-07,False
ALT-CSE-07-00463,CSE-07,CRITICAL,2024-12-20T20:49:50,2024-12-20T20:51:12.720407,2024-12-20T20:55:14.271463,CLOSED,CAS-CSE-07-0363,WEB-SERVER-07,False
ALT-CSE-07-00464,CSE-07,CRITICAL,2024-11-22T16:02:30,2024-11-22T16:03:39.431243,2024-11-22T16:07:41.546571,CLOSED,CAS-CSE-07-0364,ENDPOINT-07,False
ALT-CSE-07-00465,CSE-07,CRITICAL,2024-12-22T21:02:15,2024-12-22T21:03:40.120984,2024-12-22T21:07:29.020764,CLOSED,CAS-CSE-07-0365,DB-SERVER-07,False
ALT-CSE-07-00466,CSE-07,CRITICAL,2024-10-06T21:00:38,2024-10-06T21:02:23.112717,2024-10-06T21:05:57.434997,CLOSED,CAS-CSE-07-0366,FIREWALL-07,False
ALT-CSE-07-00467,CSE-07,CRITICAL,2024-11-20T21:46:09,2024-11-20T21:46:40.704130,2024-11-20T21:51:19.315178,CLOSED,,FIREWALL-07,False
ALT-CSE-07-00468,CSE-07,CRITICAL,2024-12-05T11:32:35,2024-12-05T11:34:31.798687,2024-12-05T11:38:07.359318,CLOSED,CAS-CSE-07-0367,WEB-SERVER-07,False
ALT-CSE-07-00469,CSE-07,CRITICAL,2024-11-30T19:20:53,2024-11-30T19:22:44.567725,2024-11-30T19:25:55.916678,CLOSED,,DB-SERVER-07,False
ALT-CSE-07-00470,CSE-07,CRITICAL,2024-10-30T02:48:41,2024-10-30T02:49:21.654034,2024-10-30T02:53:47.072839,CLOSED,CAS-CSE-07-0368,WEB-SERVER-07,False
ALT-CSE-07-00471,CSE-07,CRITICAL,2024-11-13T12:18:04,2024-11-13T12:19:32.837632,2024-11-13T12:23:05.612513,CLOSED,CAS-CSE-07-0369,ENDPOINT-07,False
ALT-CSE-07-00472,CSE-07,CRITICAL,2024-10-11T14:35:39,2024-10-11T14:37:07.626657,2024-10-11T14:40:54.650577,CLOSED,CAS-CSE-07-0370,DB-SERVER-07,False
ALT-CSE-07-00473,CSE-07,CRITICAL,2024-10-12T21:41:47,2024-10-12T21:42:39.475547,2024-10-12T21:47:06.686228,CLOSED,,DB-SERVER-07,False
ALT-CSE-07-00474,CSE-07,CRITICAL,2024-10-25T20:30:16,2024-10-25T20:32:14.918538,2024-10-25T20:35:11.820691,CLOSED,CAS-CSE-07-0371,WEB-SERVER-07,False
ALT-CSE-07-00475,CSE-07,CRITICAL,2024-10-15T12:04:12,2024-10-15T12:05:24.945244,2024-10-15T12:09:13.444522,CLOSED,CAS-CSE-07-0372,FIREWALL-07,False
ALT-CSE-07-00476,CSE-07,CRITICAL,2024-11-29T09:35:19,2024-11-29T09:35:52.711229,2024-11-29T09:40:24.802871,CLOSED,CAS-CSE-07-0373,WEB-SERVER-07,False
ALT-CSE-07-00477,CSE-07,CRITICAL,2024-12-17T10:52:43,2024-12-17T10:54:34.015058,2024-12-17T10:58:00.436066,CLOSED,,ENDPOINT-07,False
ALT-CSE-07-00478,CSE-07,CRITICAL,2024-10-05T21:53:03,2024-10-05T21:54:16.223287,2024-10-05T21:58:17.673451,CLOSED,CAS-CSE-07-0374,WEB-SERVER-07,False
ALT-CSE-07-00479,CSE-07,CRITICAL,2024-12-23T07:29:59,2024-12-23T07:31:14.379241,2024-12-23T07:35:06.219975,CLOSED,CAS-CSE-07-0375,ENDPOINT-07,False
ALT-CSE-07-00480,CSE-07,CRITICAL,2024-11-08T11:21:59,2024-11-08T11:22:43.435802,2024-11-08T11:27:07.046818,CLOSED,CAS-CSE-07-0376,FIREWALL-07,False
ALT-CSE-07-00481,CSE-07,CRITICAL,2024-10-21T12:35:17,2024-10-21T12:36:43.292950,2024-10-21T12:40:27.093412,CLOSED,CAS-CSE-07-0377,DB-SERVER-07,False
ALT-CSE-07-00482,CSE-07,CRITICAL,2024-12-13T13:33:16,2024-12-13T13:34:18.627897,2024-12-13T13:38:07.517975,CLOSED,CAS-CSE-07-0378,DB-SERVER-07,False
ALT-CSE-07-00483,CSE-07,CRITICAL,2024-10-28T18:30:54,2024-10-28T18:31:46.776948,2024-10-28T18:35:57.872386,CLOSED,,FIREWALL-07,False
ALT-CSE-07-00484,CSE-07,CRITICAL,2024-12-18T04:20:29,2024-12-18T04:21:01.133347,2024-12-18T04:25:25.933667,CLOSED,CAS-CSE-07-0379,FIREWALL-07,False
ALT-CSE-07-00485,CSE-07,CRITICAL,2024-11-16T13:11:33,2024-11-16T13:13:01.709256,2024-11-16T13:16:47.943086,CLOSED,,ENDPOINT-07,False
ALT-CSE-07-00486,CSE-07,CRITICAL,2024-11-10T06:52:56,2024-11-10T06:54:36.925080,2024-11-10T06:57:58.295739,CLOSED,CAS-CSE-07-0380,FIREWALL-07,False
ALT-CSE-07-00487,CSE-07,CRITICAL,2024-11-08T00:11:40,2024-11-08T00:12:20.982337,2024-11-08T00:16:52.016402,CLOSED,,ENDPOINT-07,False
ALT-CSE-07-00488,CSE-07,CRITICAL,2024-11-04T06:13:26,2024-11-04T06:14:19.412954,2024-11-04T06:18:31.390254,CLOSED,CAS-CSE-07-0381,ENDPOINT-07,False
ALT-CSE-07-00489,CSE-07,CRITICAL,2024-12-06T02:38:58,2024-12-06T02:40:36.468399,2024-12-06T02:44:14.099195,CLOSED,,DB-SERVER-07,False
ALT-CSE-07-00490,CSE-07,CRITICAL,2024-10-20T15:02:59,2024-10-20T15:04:19.893033,2024-10-20T15:08:03.005448,CLOSED,,WEB-SERVER-07,False
ALT-CSE-07-00491,CSE-07,CRITICAL,2024-11-07T21:20:22,2024-11-07T21:22:05.485740,2024-11-07T21:25:29.427539,CLOSED,CAS-CSE-07-0382,ENDPOINT-07,False
ALT-CSE-07-00492,CSE-07,CRITICAL,2024-10-02T18:10:22,2024-10-02T18:11:44.587485,2024-10-02T18:15:25.758806,CLOSED,CAS-CSE-07-0383,FIREWALL-07,False
ALT-CSE-07-00493,CSE-07,CRITICAL,2024-12-01T20:41:13,2024-12-01T20:41:56.027115,2024-12-01T20:46:38.390041,CLOSED,CAS-CSE-07-0384,ENDPOINT-07,False
ALT-CSE-07-00494,CSE-07,CRITICAL,2024-10-30T10:59:56,2024-10-30T11:01:44.578291,2024-10-30T11:04:54.244557,CLOSED,CAS-CSE-07-0385,ENDPOINT-07,False
ALT-CSE-07-00495,CSE-07,CRITICAL,2024-12-03T06:53:50,2024-12-03T06:54:22.845771,2024-12-03T06:58:52.586804,CLOSED,CAS-CSE-07-0386,ENDPOINT-07,False
ALT-CSE-07-00496,CSE-07,CRITICAL,2024-12-19T01:48:17,2024-12-19T01:49:48.093461,2024-12-19T01:53:36.403037,CLOSED,,WEB-SERVER-07,False
ALT-CSE-07-00497,CSE-07,CRITICAL,2024-12-29T15:32:50,2024-12-29T15:34:07.601476,2024-12-29T15:38:06.868304,CLOSED,CAS-CSE-07-0387,DB-SERVER-07,False
ALT-CSE-07-00498,CSE-07,CRITICAL,2024-11-30T05:33:13,2024-11-30T05:33:53.162988,2024-11-30T05:38:27.597557,CLOSED,CAS-CSE-07-0388,DB-SERVER-07,False
ALT-CSE-07-00499,CSE-07,CRITICAL,2024-11-20T07:21:15,2024-11-20T07:22:40.013424,2024-11-20T07:26:29.127174,CLOSED,CAS-CSE-07-0389,ENDPOINT-07,False
ALT-CSE-07-00500,CSE-07,CRITICAL,2024-12-20T11:08:11,2024-12-20T11:08:53.944898,2024-12-20T11:13:14.323090,CLOSED,CAS-CSE-07-0390,DB-SERVER-07,False
ALT-CSE-07-00501,CSE-07,CRITICAL,2024-10-15T23:59:12,2024-10-16T00:00:11.542831,2024-10-16T00:04:05.850686,CLOSED,CAS-CSE-07-0391,DB-SERVER-07,False
ALT-CSE-07-00502,CSE-07,CRITICAL,2024-10-02T20:19:24,2024-10-02T20:20:54.989034,2024-10-02T20:24:37.360424,CLOSED,CAS-CSE-07-0392,WEB-SERVER-07,False
ALT-CSE-07-00503,CSE-07,CRITICAL,2024-11-24T09:02:30,2024-11-24T09:03:07.237681,2024-11-24T09:07:51.580790,CLOSED,CAS-CSE-07-0393,WEB-SERVER-07,False
ALT-CSE-07-00504,CSE-07,CRITICAL,2024-11-26T23:33:46,2024-11-26T23:34:57.244688,2024-11-26T23:38:53.467233,CLOSED,CAS-CSE-07-0394,FIREWALL-07,False
ALT-CSE-07-00505,CSE-07,CRITICAL,2024-11-07T01:11:33,2024-11-07T01:12:21.753686,2024-11-07T01:16:45.523510,CLOSED,CAS-CSE-07-0395,WEB-SERVER-07,False
ALT-CSE-07-00506,CSE-07,CRITICAL,2024-10-23T00:40:21,2024-10-23T00:41:43.600257,2024-10-23T00:45:25.746696,CLOSED,CAS-CSE-07-0396,WEB-SERVER-07,False
ALT-CSE-07-00507,CSE-07,CRITICAL,2024-12-26T15:44:17,2024-12-26T15:45:53.909513,2024-12-26T15:49:18.693991,CLOSED,CAS-CSE-07-0397,FIREWALL-07,False
ALT-CSE-07-00508,CSE-07,CRITICAL,2024-11-28T09:33:23,2024-11-28T09:35:05.786390,2024-11-28T09:38:28.754447,CLOSED,,WEB-SERVER-07,False
ALT-CSE-07-00509,CSE-07,CRITICAL,2024-10-08T11:38:59,2024-10-08T11:40:50.386255,2024-10-08T11:44:17.147553,CLOSED,CAS-CSE-07-0398,FIREWALL-07,False
ALT-CSE-07-00510,CSE-07,CRITICAL,2024-12-03T23:13:46,2024-12-03T23:14:33.997345,2024-12-03T23:19:10.345546,CLOSED,CAS-CSE-07-0399,WEB-SERVER-07,False
ALT-CSE-07-00511,CSE-07,CRITICAL,2024-11-22T04:18:43,2024-11-22T04:19:37.735313,2024-11-22T04:23:51.840493,CLOSED,CAS-CSE-07-0400,DB-SERVER-07,False
ALT-CSE-07-00512,CSE-07,CRITICAL,2024-12-24T23:44:17,2024-12-24T23:46:14.336832,2024-12-24T23:49:33.342937,CLOSED,CAS-CSE-07-0401,WEB-SERVER-07,False
ALT-CSE-07-00513,CSE-07,CRITICAL,2024-12-12T20:31:02,2024-12-12T20:31:38.094598,2024-12-12T20:36:12.575111,CLOSED,,DB-SERVER-07,False
ALT-CSE-07-00514,CSE-07,CRITICAL,2024-10-20T21:19:03,2024-10-20T21:20:01.991576,2024-10-20T21:24:31.811308,CLOSED,,FIREWALL-07,False
ALT-CSE-07-00515,CSE-07,CRITICAL,2024-10-21T23:48:13,2024-10-21T23:49:12.366026,2024-10-21T23:53:15.065216,CLOSED,CAS-CSE-07-0402,ENDPOINT-07,False
ALT-CSE-07-00516,CSE-07,CRITICAL,2024-10-02T23:49:12,2024-10-02T23:50:06.526703,2024-10-02T23:54:30.575117,CLOSED,CAS-CSE-07-0403,DB-SERVER-07,False
ALT-CSE-07-00517,CSE-07,CRITICAL,2024-11-09T17:18:08,2024-11-09T17:20:07.171075,2024-11-09T17:23:22.857918,CLOSED,CAS-CSE-07-0404,FIREWALL-07,False
ALT-CSE-07-00518,CSE-07,CRITICAL,2024-12-18T08:26:25,2024-12-18T08:27:54.176403,2024-12-18T08:31:52.935254,CLOSED,,WEB-SERVER-07,False
ALT-CSE-07-00519,CSE-07,CRITICAL,2024-12-13T11:40:28,2024-12-13T11:41:23.918296,2024-12-13T11:46:03.875835,CLOSED,CAS-CSE-07-0405,ENDPOINT-07,False
ALT-CSE-07-00520,CSE-07,CRITICAL,2024-11-04T12:36:16,2024-11-04T12:37:24.346281,2024-11-04T12:41:29.915729,CLOSED,CAS-CSE-07-0406,DB-SERVER-07,False
ALT-CSE-07-00521,CSE-07,CRITICAL,2024-11-02T12:28:05,2024-11-02T12:28:47.074061,2024-11-02T12:33:21.786852,CLOSED,CAS-CSE-07-0407,FIREWALL-07,False
ALT-CSE-07-00522,CSE-07,CRITICAL,2024-11-01T12:54:09,2024-11-01T12:55:15.218369,2024-11-01T12:59:10.640556,CLOSED,CAS-CSE-07-0408,DB-SERVER-07,False
ALT-CSE-07-00523,CSE-07,CRITICAL,2024-12-07T07:43:10,2024-12-07T07:44:49.088149,2024-12-07T07:48:25.017335,CLOSED,CAS-CSE-07-0409,WEB-SERVER-07,False
ALT-CSE-07-00524,CSE-07,CRITICAL,2024-10-19T02:07:53,2024-10-19T02:08:56.988549,2024-10-19T02:12:51.700919,CLOSED,CAS-CSE-07-0410,WEB-SERVER-07,False
ALT-CSE-07-00525,CSE-07,CRITICAL,2024-10-29T20:03:05,2024-10-29T20:03:50.633476,2024-10-29T20:08:11.232973,CLOSED,,DB-SERVER-07,False
ALT-CSE-07-00526,CSE-07,CRITICAL,2024-10-21T18:53:07,2024-10-21T18:54:37.450261,2024-10-21T18:58:05.102294,CLOSED,CAS-CSE-07-0411,DB-SERVER-07,False
ALT-CSE-07-00527,CSE-07,CRITICAL,2024-11-13T11:18:41,2024-11-13T11:20:40.361483,2024-11-13T11:23:45.267446,CLOSED,CAS-CSE-07-0412,ENDPOINT-07,False
ALT-CSE-07-00528,CSE-07,CRITICAL,2024-10-30T14:44:12,2024-10-30T14:45:58.635668,2024-10-30T14:49:40.426044,CLOSED,CAS-CSE-07-0413,WEB-SERVER-07,False
ALT-CSE-07-00529,CSE-07,CRITICAL,2024-10-07T23:03:11,2024-10-07T23:05:08.289640,2024-10-07T23:08:21.634998,CLOSED,,WEB-SERVER-07,False
ALT-CSE-07-00530,CSE-07,CRITICAL,2024-10-18T23:41:28,2024-10-18T23:43:17.209713,2024-10-18T23:46:43.294983,CLOSED,CAS-CSE-07-0414,DB-SERVER-07,False
ALT-CSE-07-00531,CSE-07,CRITICAL,2024-10-19T07:10:37,2024-10-19T07:11:52.451159,2024-10-19T07:15:46.191876,CLOSED,,WEB-SERVER-07,False
ALT-CSE-07-00532,CSE-07,CRITICAL,2024-10-23T10:07:50,2024-10-23T10:08:29.234718,2024-10-23T10:13:03.042911,CLOSED,CAS-CSE-07-0415,WEB-SERVER-07,False
ALT-CSE-07-00533,CSE-07,CRITICAL,2024-11-18T12:14:10,2024-11-18T12:14:53.408157,2024-11-18T12:19:12.247461,CLOSED,CAS-CSE-07-0416,ENDPOINT-07,False
ALT-CSE-07-00534,CSE-07,CRITICAL,2024-10-20T03:12:27,2024-10-20T03:13:11.249011,2024-10-20T03:17:53.334693,CLOSED,CAS-CSE-07-0417,WEB-SERVER-07,False
ALT-CSE-07-00535,CSE-07,CRITICAL,2024-10-24T18:38:11,2024-10-24T18:39:29.518106,2024-10-24T18:43:13.913044,CLOSED,CAS-CSE-07-0418,DB-SERVER-07,False
ALT-CSE-07-00536,CSE-07,CRITICAL,2024-10-23T15:06:56,2024-10-23T15:08:10.219665,2024-10-23T15:12:12.773593,CLOSED,CAS-CSE-07-0419,FIREWALL-07,False
ALT-CSE-07-00537,CSE-07,CRITICAL,2024-11-09T00:58:34,2024-11-09T00:59:42.624256,2024-11-09T01:03:43.789272,CLOSED,,FIREWALL-07,False
ALT-CSE-07-00538,CSE-07,CRITICAL,2024-12-04T13:01:05,2024-12-04T13:01:54.126439,2024-12-04T13:06:16.063000,CLOSED,,ENDPOINT-07,False
ALT-CSE-07-00539,CSE-07,CRITICAL,2024-11-16T11:47:45,2024-11-16T11:49:14.209781,2024-11-16T11:52:51.520523,CLOSED,,FIREWALL-07,False
ALT-CSE-07-00540,CSE-07,CRITICAL,2024-12-23T16:27:34,2024-12-23T16:28:13.121699,2024-12-23T16:32:39.797411,CLOSED,,DB-SERVER-07,False
ALT-CSE-07-00541,CSE-07,CRITICAL,2024-12-24T22:30:39,2024-12-24T22:32:13.283283,2024-12-24T22:35:54.698526,CLOSED,CAS-CSE-07-0420,DB-SERVER-07,False
ALT-CSE-07-00542,CSE-07,CRITICAL,2024-10-14T19:40:54,2024-10-14T19:42:15.546553,2024-10-14T19:46:05.127336,CLOSED,,DB-SERVER-07,False
ALT-CSE-07-00543,CSE-07,CRITICAL,2024-10-04T04:16:21,2024-10-04T04:18:18.060713,2024-10-04T04:21:47.680748,CLOSED,CAS-CSE-07-0421,FIREWALL-07,False
ALT-CSE-07-00544,CSE-07,CRITICAL,2024-10-02T05:23:56,2024-10-02T05:25:22.833585,2024-10-02T05:29:05.525223,CLOSED,CAS-CSE-07-0422,WEB-SERVER-07,False
ALT-CSE-07-00545,CSE-07,CRITICAL,2024-11-19T00:36:02,2024-11-19T00:37:35.425098,2024-11-19T00:40:52.185946,CLOSED,CAS-CSE-07-0423,DB-SERVER-07,False
ALT-CSE-07-00546,CSE-07,CRITICAL,2024-11-24T06:42:25,2024-11-24T06:43:44.991772,2024-11-24T06:47:41.187751,CLOSED,,WEB-SERVER-07,False
ALT-CSE-07-00547,CSE-07,CRITICAL,2024-12-03T09:33:02,2024-12-03T09:33:46.226302,2024-12-03T09:38:11.051650,CLOSED,CAS-CSE-07-0424,WEB-SERVER-07,False
ALT-CSE-07-00548,CSE-07,CRITICAL,2024-11-04T19:19:43,2024-11-04T19:21:25.665489,2024-11-04T19:24:51.165182,CLOSED,CAS-CSE-07-0425,FIREWALL-07,False
ALT-CSE-07-00549,CSE-07,CRITICAL,2024-10-19T09:17:01,2024-10-19T09:17:34.285733,2024-10-19T09:22:02.557598,CLOSED,CAS-CSE-07-0426,DB-SERVER-07,False
ALT-CSE-07-00550,CSE-07,CRITICAL,2024-11-20T15:04:32,2024-11-20T15:05:06.242205,2024-11-20T15:09:45.741132,CLOSED,CAS-CSE-07-0427,DB-SERVER-07,False
ALT-CSE-07-00551,CSE-07,CRITICAL,2024-12-25T12:20:12,2024-12-25T12:21:07.106280,2024-12-25T12:25:18.422093,CLOSED,CAS-CSE-07-0428,ENDPOINT-07,False
ALT-CSE-07-00552,CSE-07,CRITICAL,2024-10-25T13:57:53,2024-10-25T13:59:07.044039,2024-10-25T14:03:14.319800,CLOSED,,FIREWALL-07,False
ALT-CSE-07-00553,CSE-07,CRITICAL,2024-10-14T10:49:25,2024-10-14T10:50:13.854822,2024-10-14T10:54:54.399595,CLOSED,CAS-CSE-07-0429,DB-SERVER-07,False
ALT-CSE-07-00554,CSE-07,CRITICAL,2024-10-16T08:18:56,2024-10-16T08:20:14.223042,2024-10-16T08:24:06.778706,CLOSED,CAS-CSE-07-0430,DB-SERVER-07,False
ALT-CSE-07-00555,CSE-07,CRITICAL,2024-11-26T00:12:44,2024-11-26T00:13:41.374397,2024-11-26T00:17:56.652472,CLOSED,CAS-CSE-07-0431,FIREWALL-07,False
ALT-CSE-07-00556,CSE-07,CRITICAL,2024-11-16T03:56:26,2024-11-16T03:58:11.039484,2024-11-16T04:01:49.690164,CLOSED,CAS-CSE-07-0432,WEB-SERVER-07,False
ALT-CSE-07-00557,CSE-07,CRITICAL,2024-10-08T17:57:22,2024-10-08T17:58:16.787835,2024-10-08T18:02:25.249601,CLOSED,CAS-CSE-07-0433,WEB-SERVER-07,False
ALT-CSE-07-00558,CSE-07,CRITICAL,2024-11-26T12:41:39,2024-11-26T12:42:59.164153,2024-11-26T12:46:55.139857,CLOSED,,WEB-SERVER-07,False
ALT-CSE-07-00559,CSE-07,CRITICAL,2024-12-26T01:02:53,2024-12-26T01:04:34.759710,2024-12-26T01:08:09.410551,CLOSED,CAS-CSE-07-0434,DB-SERVER-07,False
ALT-CSE-07-00560,CSE-07,CRITICAL,2024-10-17T08:15:21,2024-10-17T08:16:48.941230,2024-10-17T08:20:22.618356,CLOSED,CAS-CSE-07-0435,DB-SERVER-07,False
ALT-CSE-07-00561,CSE-07,CRITICAL,2024-12-18T15:23:08,2024-12-18T15:23:43.565467,2024-12-18T15:28:21.613235,CLOSED,CAS-CSE-07-0436,ENDPOINT-07,False
ALT-CSE-07-00562,CSE-07,CRITICAL,2024-12-12T22:58:31,2024-12-12T23:00:26.047304,2024-12-12T23:03:44.925387,CLOSED,CAS-CSE-07-0437,WEB-SERVER-07,False
ALT-CSE-07-00563,CSE-07,CRITICAL,2024-10-04T22:10:42,2024-10-04T22:11:27.145278,2024-10-04T22:15:56.282141,CLOSED,CAS-CSE-07-0438,FIREWALL-07,False
ALT-CSE-07-00564,CSE-07,CRITICAL,2024-12-17T18:35:34,2024-12-17T18:37:09.681315,2024-12-17T18:40:49.254994,CLOSED,,FIREWALL-07,False
ALT-CSE-07-00565,CSE-07,CRITICAL,2024-12-08T02:42:09,2024-12-08T02:43:14.782763,2024-12-08T02:47:15.718565,CLOSED,CAS-CSE-07-0439,FIREWALL-07,False
ALT-CSE-07-00566,CSE-07,CRITICAL,2024-11-03T18:36:51,2024-11-03T18:38:40.482375,2024-11-03T18:42:00.787126,CLOSED,CAS-CSE-07-0440,DB-SERVER-07,False
ALT-CSE-07-00567,CSE-07,CRITICAL,2024-10-13T13:31:08,2024-10-13T13:31:54.946403,2024-10-13T13:36:10.658886,CLOSED,CAS-CSE-07-0441,FIREWALL-07,False
ALT-CSE-07-00568,CSE-07,CRITICAL,2024-11-18T00:02:27,2024-11-18T00:03:33.755149,2024-11-18T00:07:49.401635,CLOSED,CAS-CSE-07-0442,FIREWALL-07,False
ALT-CSE-07-00569,CSE-07,CRITICAL,2024-11-17T17:48:58,2024-11-17T17:49:44.918718,2024-11-17T17:54:18.651871,CLOSED,CAS-CSE-07-0443,FIREWALL-07,False
ALT-CSE-07-00570,CSE-07,CRITICAL,2024-10-09T10:35:16,2024-10-09T10:37:11.945665,2024-10-09T10:40:23.753844,CLOSED,CAS-CSE-07-0444,WEB-SERVER-07,False
ALT-CSE-07-00571,CSE-07,CRITICAL,2024-11-03T13:59:30,2024-11-03T14:00:51.940538,2024-11-03T14:04:25.102734,CLOSED,,FIREWALL-07,False
ALT-CSE-07-00572,CSE-07,CRITICAL,2024-12-28T03:31:18,2024-12-28T03:33:03.180302,2024-12-28T03:36:24.244136,CLOSED,CAS-CSE-07-0445,ENDPOINT-07,False
ALT-CSE-07-00573,CSE-07,CRITICAL,2024-12-23T13:02:45,2024-12-23T13:04:16.537890,2024-12-23T13:08:05.523838,CLOSED,CAS-CSE-07-0446,FIREWALL-07,False
ALT-CSE-07-00574,CSE-07,CRITICAL,2024-12-04T04:04:27,2024-12-04T04:06:15.950623,2024-12-04T04:09:43.398525,CLOSED,CAS-CSE-07-0447,ENDPOINT-07,False
ALT-CSE-07-00575,CSE-07,CRITICAL,2024-12-14T08:01:19,2024-12-14T08:02:18.988516,2024-12-14T08:06:36.832004,CLOSED,CAS-CSE-07-0448,DB-SERVER-07,False
ALT-CSE-07-00576,CSE-07,CRITICAL,2024-10-20T02:00:51,2024-10-20T02:01:44.023322,2024-10-20T02:05:56.342040,CLOSED,CAS-CSE-07-0449,FIREWALL-07,False
ALT-CSE-07-00577,CSE-07,CRITICAL,2024-12-15T15:45:53,2024-12-15T15:47:21.636907,2024-12-15T15:51:02.629775,CLOSED,,WEB-SERVER-07,False
ALT-CSE-07-00578,CSE-07,CRITICAL,2024-10-02T22:04:07,2024-10-02T22:05:54.903178,2024-10-02T22:09:24.497178,CLOSED,,WEB-SERVER-07,False
ALT-CSE-07-00579,CSE-07,CRITICAL,2024-11-14T21:15:14,2024-11-14T21:16:19.408426,2024-11-14T21:20:30.003233,CLOSED,CAS-CSE-07-0450,DB-SERVER-07,False
ALT-CSE-07-00580,CSE-07,CRITICAL,2024-12-25T10:39:41,2024-12-25T10:41:09.020101,2024-12-25T10:44:30.247893,CLOSED,CAS-CSE-07-0451,DB-SERVER-07,False
ALT-CSE-07-00581,CSE-07,CRITICAL,2024-10-10T16:28:55,2024-10-10T16:30:30.732713,2024-10-10T16:33:56.203621,CLOSED,CAS-CSE-07-0452,FIREWALL-07,False
ALT-CSE-07-00582,CSE-07,CRITICAL,2024-12-24T17:30:24,2024-12-24T17:31:29.663701,2024-12-24T17:35:33.486809,CLOSED,CAS-CSE-07-0453,FIREWALL-07,False
ALT-CSE-07-00583,CSE-07,CRITICAL,2024-11-11T14:03:49,2024-11-11T14:05:08.367428,2024-11-11T14:09:03.278267,CLOSED,CAS-CSE-07-0454,DB-SERVER-07,False
ALT-CSE-07-00584,CSE-07,CRITICAL,2024-11-08T07:34:38,2024-11-08T07:36:34.671897,2024-11-08T07:39:55.535460,CLOSED,CAS-CSE-07-0455,FIREWALL-07,False
ALT-CSE-07-00585,CSE-07,CRITICAL,2024-11-07T18:06:28,2024-11-07T18:07:14.968385,2024-11-07T18:11:40.735591,CLOSED,CAS-CSE-07-0456,ENDPOINT-07,False
ALT-CSE-07-00586,CSE-07,CRITICAL,2024-10-07T23:19:03,2024-10-07T23:19:48.061498,2024-10-07T23:24:29.170199,CLOSED,CAS-CSE-07-0457,ENDPOINT-07,False
ALT-CSE-07-00587,CSE-07,CRITICAL,2024-12-15T20:26:14,2024-12-15T20:27:32.570853,2024-12-15T20:31:13.131362,CLOSED,CAS-CSE-07-0458,FIREWALL-07,False
ALT-CSE-07-00588,CSE-07,CRITICAL,2024-10-28T13:46:30,2024-10-28T13:47:20.364915,2024-10-28T13:51:55.786500,CLOSED,CAS-CSE-07-0459,ENDPOINT-07,False
ALT-CSE-07-00589,CSE-07,CRITICAL,2024-12-09T09:58:03,2024-12-09T09:58:58.701434,2024-12-09T10:03:07.789094,CLOSED,CAS-CSE-07-0460,DB-SERVER-07,False
ALT-CSE-07-00590,CSE-07,CRITICAL,2024-11-19T18:03:05,2024-11-19T18:04:47.400125,2024-11-19T18:08:07.230703,CLOSED,CAS-CSE-07-0461,ENDPOINT-07,False
ALT-CSE-07-00591,CSE-07,CRITICAL,2024-10-17T12:54:20,2024-10-17T12:55:32.515957,2024-10-17T12:59:38.648664,CLOSED,CAS-CSE-07-0462,DB-SERVER-07,False
ALT-CSE-07-00592,CSE-07,CRITICAL,2024-11-17T07:52:10,2024-11-17T07:53:26.707603,2024-11-17T07:57:20.979058,CLOSED,CAS-CSE-07-0463,ENDPOINT-07,False
ALT-CSE-07-00593,CSE-07,CRITICAL,2024-12-23T09:28:39,2024-12-23T09:29:27.341799,2024-12-23T09:33:48.405633,CLOSED,CAS-CSE-07-0464,DB-SERVER-07,False
ALT-CSE-07-00594,CSE-07,CRITICAL,2024-10-18T10:16:29,2024-10-18T10:18:10.397268,2024-10-18T10:21:39.616490,CLOSED,CAS-CSE-07-0465,WEB-SERVER-07,False
ALT-CSE-07-00595,CSE-07,CRITICAL,2024-12-20T15:55:51,2024-12-20T15:56:25.716055,2024-12-20T16:01:19.227230,CLOSED,CAS-CSE-07-0466,FIREWALL-07,False
ALT-CSE-07-00596,CSE-07,CRITICAL,2024-11-10T00:34:01,2024-11-10T00:35:48.419437,2024-11-10T00:39:16.481699,CLOSED,CAS-CSE-07-0467,ENDPOINT-07,False
ALT-CSE-07-00597,CSE-07,CRITICAL,2024-12-23T09:05:57,2024-12-23T09:07:33.517638,2024-12-23T09:11:06.976757,CLOSED,,ENDPOINT-07,False
ALT-CSE-07-00598,CSE-07,CRITICAL,2024-12-12T11:12:42,2024-12-12T11:13:18.646601,2024-12-12T11:17:59.880457,CLOSED,CAS-CSE-07-0468,WEB-SERVER-07,False
ALT-CSE-07-00599,CSE-07,CRITICAL,2024-11-19T18:14:19,2024-11-19T18:14:57.166774,2024-11-19T18:19:13.808297,CLOSED,CAS-CSE-07-0469,DB-SERVER-07,False
ALT-CSE-07-00600,CSE-07,CRITICAL,2024-10-19T03:23:03,2024-10-19T03:25:01.374751,2024-10-19T03:28:20.414920,CLOSED,CAS-CSE-07-0470,FIREWALL-07,False
ALT-CSE-07-00601,CSE-07,CRITICAL,2024-10-14T23:51:59,2024-10-14T23:53:49.454594,2024-10-14T23:57:06.620216,CLOSED,,ENDPOINT-07,False
ALT-CSE-07-00602,CSE-07,CRITICAL,2024-12-10T23:21:18,2024-12-10T23:22:40.432953,2024-12-10T23:26:11.113252,CLOSED,CAS-CSE-07-0471,DB-SERVER-07,False
ALT-CSE-07-00603,CSE-07,CRITICAL,2024-11-08T07:59:53,2024-11-08T08:01:00.649890,2024-11-08T08:04:57.982278,CLOSED,CAS-CSE-07-0472,DB-SERVER-07,False
ALT-CSE-07-00604,CSE-07,CRITICAL,2024-12-18T11:00:48,2024-12-18T11:02:42.634631,2024-12-18T11:06:01.425418,CLOSED,,FIREWALL-07,False
ALT-CSE-07-00605,CSE-07,CRITICAL,2024-12-01T23:23:40,2024-12-01T23:25:13.385891,2024-12-01T23:28:37.168299,CLOSED,CAS-CSE-07-0473,DB-SERVER-07,False
ALT-CSE-07-00606,CSE-07,CRITICAL,2024-11-27T17:24:47,2024-11-27T17:26:22.008078,2024-11-27T17:30:07.010748,CLOSED,CAS-CSE-07-0474,ENDPOINT-07,False
ALT-CSE-07-00607,CSE-07,CRITICAL,2024-11-13T01:05:04,2024-11-13T01:06:42.606187,2024-11-13T01:10:32.731554,CLOSED,CAS-CSE-07-0475,DB-SERVER-07,False
ALT-CSE-07-00608,CSE-07,CRITICAL,2024-11-09T11:23:26,2024-11-09T11:24:19.402661,2024-11-09T11:28:33.279784,CLOSED,CAS-CSE-07-0476,WEB-SERVER-07,False
ALT-CSE-07-00609,CSE-07,CRITICAL,2024-12-22T02:40:40,2024-12-22T02:41:20.846743,2024-12-22T02:45:46.954344,CLOSED,CAS-CSE-07-0477,WEB-SERVER-07,False
ALT-CSE-07-00610,CSE-07,CRITICAL,2024-11-17T15:17:34,2024-11-17T15:18:36.557001,2024-11-17T15:22:35.972618,CLOSED,CAS-CSE-07-0478,ENDPOINT-07,False
ALT-CSE-07-00611,CSE-07,CRITICAL,2024-11-13T08:22:21,2024-11-13T08:23:52.444962,2024-11-13T08:27:30.252971,CLOSED,CAS-CSE-07-0479,FIREWALL-07,False
ALT-CSE-07-00612,CSE-07,CRITICAL,2024-10-24T21:33:20,2024-10-24T21:34:36.833940,2024-10-24T21:38:56.505431,CLOSED,CAS-CSE-07-0480,FIREWALL-07,False
ALT-CSE-07-00613,CSE-07,CRITICAL,2024-10-17T18:22:15,2024-10-17T18:23:57.270265,2024-10-17T18:27:39.216763,CLOSED,CAS-CSE-07-0481,FIREWALL-07,False
ALT-CSE-07-00614,CSE-07,CRITICAL,2024-11-03T18:34:23,2024-11-03T18:35:10.256490,2024-11-03T18:39:43.039179,CLOSED,,ENDPOINT-07,False
ALT-CSE-07-00615,CSE-07,CRITICAL,2024-10-23T13:37:55,2024-10-23T13:38:48.428089,2024-10-23T13:43:03.996444,CLOSED,CAS-CSE-07-0482,ENDPOINT-07,False
ALT-CSE-07-00616,CSE-07,CRITICAL,2024-10-14T23:26:42,2024-10-14T23:28:39.791542,2024-10-14T23:31:49.234783,CLOSED,CAS-CSE-07-0483,ENDPOINT-07,False
ALT-CSE-07-00617,CSE-07,CRITICAL,2024-10-29T20:54:44,2024-10-29T20:56:13.245642,2024-10-29T20:59:59.921250,CLOSED,CAS-CSE-07-0484,DB-SERVER-07,False
ALT-CSE-07-00618,CSE-07,CRITICAL,2024-10-02T23:56:08,2024-10-02T23:58:00.813125,2024-10-03T00:01:22.400188,CLOSED,CAS-CSE-07-0485,FIREWALL-07,False
ALT-CSE-07-00619,CSE-07,CRITICAL,2024-11-12T05:44:27,2024-11-12T05:46:23.722096,2024-11-12T05:49:56.003341,CLOSED,CAS-CSE-07-0486,ENDPOINT-07,False
ALT-CSE-07-00620,CSE-07,CRITICAL,2024-10-20T19:17:53,2024-10-20T19:19:50.947656,2024-10-20T19:23:19.537549,CLOSED,CAS-CSE-07-0487,FIREWALL-07,False
ALT-CSE-07-00621,CSE-07,CRITICAL,2024-12-25T14:45:57,2024-12-25T14:47:45.088651,2024-12-25T14:51:05.783870,CLOSED,CAS-CSE-07-0488,WEB-SERVER-07,False
ALT-CSE-07-00622,CSE-07,CRITICAL,2024-12-23T16:23:59,2024-12-23T16:25:39.282576,2024-12-23T16:29:01.309012,CLOSED,CAS-CSE-07-0489,FIREWALL-07,False
ALT-CSE-07-00623,CSE-07,CRITICAL,2024-11-12T20:15:24,2024-11-12T20:15:59.149665,2024-11-12T20:20:39.920750,CLOSED,CAS-CSE-07-0490,ENDPOINT-07,False
ALT-CSE-07-00624,CSE-07,CRITICAL,2024-10-05T13:42:09,2024-10-05T13:42:56.649107,2024-10-05T13:47:11.041628,CLOSED,CAS-CSE-07-0491,WEB-SERVER-07,False
ALT-CSE-07-00625,CSE-07,CRITICAL,2024-12-11T11:28:38,2024-12-11T11:29:35.855396,2024-12-11T11:33:43.448585,CLOSED,CAS-CSE-07-0492,FIREWALL-07,False
ALT-CSE-07-00626,CSE-07,CRITICAL,2024-10-27T11:35:23,2024-10-27T11:37:18.928566,2024-10-27T11:40:28.443467,CLOSED,CAS-CSE-07-0493,DB-SERVER-07,False
ALT-CSE-07-00627,CSE-07,CRITICAL,2024-11-05T13:23:08,2024-11-05T13:23:42.612843,2024-11-05T13:28:17.996468,CLOSED,CAS-CSE-07-0494,WEB-SERVER-07,False
ALT-CSE-07-00628,CSE-07,CRITICAL,2024-12-27T08:58:39,2024-12-27T09:00:06.529506,2024-12-27T09:03:35.377754,CLOSED,CAS-CSE-07-0495,WEB-SERVER-07,False
ALT-CSE-07-00629,CSE-07,CRITICAL,2024-12-21T18:29:57,2024-12-21T18:31:28.202559,2024-12-21T18:35:10.114283,CLOSED,CAS-CSE-07-0496,WEB-SERVER-07,False
ALT-CSE-07-00630,CSE-07,CRITICAL,2024-10-01T10:40:47,2024-10-01T10:41:32.508744,2024-10-01T10:46:05.299356,CLOSED,CAS-CSE-07-0497,FIREWALL-07,False
ALT-CSE-07-00631,CSE-07,CRITICAL,2024-11-03T12:28:56,2024-11-03T12:30:48.832139,2024-11-03T12:34:01.889815,CLOSED,CAS-CSE-07-0498,WEB-SERVER-07,False
ALT-CSE-07-00632,CSE-07,CRITICAL,2024-10-03T07:22:01,2024-10-03T07:23:25.726430,2024-10-03T07:27:18.817305,CLOSED,CAS-CSE-07-0499,FIREWALL-07,False
ALT-CSE-07-00633,CSE-07,CRITICAL,2024-11-14T21:16:10,2024-11-14T21:17:04.464358,2024-11-14T21:21:27.073141,CLOSED,CAS-CSE-07-0500,DB-SERVER-07,False
ALT-CSE-07-00634,CSE-07,CRITICAL,2024-10-01T07:25:32,2024-10-01T07:26:50.527960,2024-10-01T07:30:32.225399,CLOSED,CAS-CSE-07-0501,WEB-SERVER-07,False
ALT-CSE-07-00635,CSE-07,CRITICAL,2024-12-24T06:55:19,2024-12-24T06:56:27.439790,2024-12-24T07:00:21.892344,CLOSED,CAS-CSE-07-0502,FIREWALL-07,False
ALT-CSE-07-00636,CSE-07,CRITICAL,2024-12-15T06:33:13,2024-12-15T06:34:25.859840,2024-12-15T06:38:21.179029,CLOSED,CAS-CSE-07-0503,DB-SERVER-07,False
ALT-CSE-07-00637,CSE-07,CRITICAL,2024-10-19T06:16:00,2024-10-19T06:17:13.410735,2024-10-19T06:21:01.463254,CLOSED,CAS-CSE-07-0504,FIREWALL-07,False
ALT-CSE-07-00638,CSE-07,CRITICAL,2024-10-31T02:45:11,2024-10-31T02:46:32.700461,2024-10-31T02:50:36.621644,CLOSED,CAS-CSE-07-0505,ENDPOINT-07,False
ALT-CSE-07-00639,CSE-07,CRITICAL,2024-12-20T18:13:00,2024-12-20T18:14:42.610839,2024-12-20T18:18:19.092695,CLOSED,,FIREWALL-07,False
ALT-CSE-07-00640,CSE-07,CRITICAL,2024-11-30T04:42:35,2024-11-30T04:44:32.599649,2024-11-30T04:47:35.830386,CLOSED,CAS-CSE-07-0506,DB-SERVER-07,False
ALT-CSE-07-00641,CSE-07,CRITICAL,2024-11-09T11:12:26,2024-11-09T11:14:09.026176,2024-11-09T11:17:30.356612,CLOSED,CAS-CSE-07-0507,ENDPOINT-07,False
ALT-CSE-07-00642,CSE-07,CRITICAL,2024-12-17T04:37:35,2024-12-17T04:38:54.573263,2024-12-17T04:42:31.479341,CLOSED,,WEB-SERVER-07,False
ALT-CSE-07-00643,CSE-07,CRITICAL,2024-11-03T18:41:33,2024-11-03T18:42:16.799666,2024-11-03T18:46:35.616767,CLOSED,CAS-CSE-07-0508,ENDPOINT-07,False
ALT-CSE-07-00644,CSE-07,CRITICAL,2024-12-05T20:01:54,2024-12-05T20:03:46.913585,2024-12-05T20:07:05.244143,CLOSED,CAS-CSE-07-0509,ENDPOINT-07,False
ALT-CSE-07-00645,CSE-07,CRITICAL,2024-12-16T22:30:49,2024-12-16T22:32:45.554675,2024-12-16T22:35:49.323483,CLOSED,CAS-CSE-07-0510,FIREWALL-07,False
ALT-CSE-07-00646,CSE-07,CRITICAL,2024-12-26T07:49:13,2024-12-26T07:49:51.687500,2024-12-26T07:54:18.126980,CLOSED,CAS-CSE-07-0511,FIREWALL-07,False
ALT-CSE-07-00647,CSE-07,CRITICAL,2024-10-22T04:11:23,2024-10-22T04:13:00.370271,2024-10-22T04:16:44.278866,CLOSED,,ENDPOINT-07,False
ALT-CSE-07-00648,CSE-07,CRITICAL,2024-10-26T10:01:44,2024-10-26T10:03:18.379313,2024-10-26T10:07:28.966886,CLOSED,,FIREWALL-07,False
ALT-CSE-07-00649,CSE-07,CRITICAL,2024-10-28T14:26:53,2024-10-28T14:28:31.477629,2024-10-28T14:32:09.255568,CLOSED,CAS-CSE-07-0512,WEB-SERVER-07,False
ALT-CSE-07-00650,CSE-07,CRITICAL,2024-12-11T06:50:10,2024-12-11T06:51:19.569863,2024-12-11T06:55:23.722505,CLOSED,,FIREWALL-07,False
ALT-CSE-07-00651,CSE-07,CRITICAL,2024-10-21T12:32:43,2024-10-21T12:34:26.935651,2024-10-21T12:37:59.250812,CLOSED,CAS-CSE-07-0513,ENDPOINT-07,False
ALT-CSE-07-00652,CSE-07,CRITICAL,2024-12-23T17:52:40,2024-12-23T17:54:34.326235,2024-12-23T17:57:34.127350,CLOSED,,FIREWALL-07,False
ALT-CSE-07-00653,CSE-07,CRITICAL,2024-11-02T03:47:17,2024-11-02T03:49:07.187689,2024-11-02T03:52:42.907094,CLOSED,CAS-CSE-07-0514,FIREWALL-07,False
ALT-CSE-07-00654,CSE-07,CRITICAL,2024-12-19T05:15:31,2024-12-19T05:17:17.899363,2024-12-19T05:20:38.404103,CLOSED,CAS-CSE-07-0515,ENDPOINT-07,False
ALT-CSE-07-00655,CSE-07,CRITICAL,2024-11-13T01:12:53,2024-11-13T01:13:44.593584,2024-11-13T01:18:13.449897,CLOSED,CAS-CSE-07-0516,FIREWALL-07,False
ALT-CSE-07-00656,CSE-07,CRITICAL,2024-10-22T13:01:15,2024-10-22T13:02:12.584100,2024-10-22T13:06:35.221840,CLOSED,CAS-CSE-07-0517,DB-SERVER-07,False
ALT-CSE-07-00657,CSE-07,CRITICAL,2024-11-11T14:01:10,2024-11-11T14:01:57.113397,2024-11-11T14:06:14.924277,CLOSED,CAS-CSE-07-0518,WEB-SERVER-07,False
ALT-CSE-07-00658,CSE-07,CRITICAL,2024-10-08T01:02:46,2024-10-08T01:04:12.599366,2024-10-08T01:07:57.784049,CLOSED,CAS-CSE-07-0519,WEB-SERVER-07,False
ALT-CSE-07-00659,CSE-07,CRITICAL,2024-11-02T23:41:46,2024-11-02T23:43:13.448709,2024-11-02T23:46:59.160120,CLOSED,,WEB-SERVER-07,False
ALT-CSE-07-00660,CSE-07,CRITICAL,2024-10-26T15:12:03,2024-10-26T15:12:34.041491,2024-10-26T15:17:19.205538,CLOSED,CAS-CSE-07-0520,FIREWALL-07,False
ALT-CSE-07-00661,CSE-07,CRITICAL,2024-11-03T03:47:34,2024-11-03T03:49:22.097261,2024-11-03T03:52:41.938690,CLOSED,CAS-CSE-07-0521,ENDPOINT-07,False
ALT-CSE-07-00662,CSE-07,CRITICAL,2024-10-24T01:26:04,2024-10-24T01:27:22.298891,2024-10-24T01:31:21.270230,CLOSED,CAS-CSE-07-0522,WEB-SERVER-07,False
ALT-CSE-07-00663,CSE-07,CRITICAL,2024-12-17T22:20:24,2024-12-17T22:21:55.885523,2024-12-17T22:25:40.932836,CLOSED,CAS-CSE-07-0523,DB-SERVER-07,False
ALT-CSE-07-00664,CSE-07,CRITICAL,2024-12-23T14:29:04,2024-12-23T14:30:35.328550,2024-12-23T14:34:08.209278,CLOSED,CAS-CSE-07-0524,DB-SERVER-07,False
ALT-CSE-07-00665,CSE-07,CRITICAL,2024-11-03T22:23:57,2024-11-03T22:25:26.044986,2024-11-03T22:29:18.698031,CLOSED,CAS-CSE-07-0525,DB-SERVER-07,False
ALT-CSE-07-00666,CSE-07,CRITICAL,2024-12-26T17:00:16,2024-12-26T17:02:00.494325,2024-12-26T17:05:21.533343,CLOSED,CAS-CSE-07-0526,FIREWALL-07,False
ALT-CSE-07-00667,CSE-07,CRITICAL,2024-10-05T11:45:35,2024-10-05T11:46:14.418682,2024-10-05T11:50:50.044329,CLOSED,CAS-CSE-07-0527,ENDPOINT-07,False
ALT-CSE-07-00668,CSE-07,CRITICAL,2024-10-28T03:20:35,2024-10-28T03:22:00.221180,2024-10-28T03:25:35.792382,CLOSED,CAS-CSE-07-0528,FIREWALL-07,False
ALT-CSE-07-00669,CSE-07,CRITICAL,2024-12-13T06:44:59,2024-12-13T06:45:55.964785,2024-12-13T06:50:14.159755,CLOSED,CAS-CSE-07-0529,DB-SERVER-07,False
ALT-CSE-07-00670,CSE-07,CRITICAL,2024-10-19T00:42:39,2024-10-19T00:44:06.329263,2024-10-19T00:47:34.811181,CLOSED,CAS-CSE-07-0530,WEB-SERVER-07,False
ALT-CSE-07-00671,CSE-07,CRITICAL,2024-10-21T17:48:20,2024-10-21T17:49:35.103811,2024-10-21T17:53:33.612720,CLOSED,CAS-CSE-07-0531,DB-SERVER-07,False
ALT-CSE-07-00672,CSE-07,CRITICAL,2024-11-11T23:59:32,2024-11-12T00:01:31.115290,2024-11-12T00:04:51.789931,CLOSED,,DB-SERVER-07,False
ALT-CSE-07-00673,CSE-07,CRITICAL,2024-11-01T23:16:34,2024-11-01T23:17:48.539023,2024-11-01T23:21:25.935037,CLOSED,CAS-CSE-07-0532,DB-SERVER-07,False
ALT-CSE-07-00674,CSE-07,CRITICAL,2024-11-17T20:58:27,2024-11-17T21:00:10.214342,2024-11-17T21:03:37.768529,CLOSED,CAS-CSE-07-0533,FIREWALL-07,False
ALT-CSE-07-00675,CSE-07,CRITICAL,2024-11-10T22:42:14,2024-11-10T22:43:34.951261,2024-11-10T22:47:36.283231,CLOSED,,WEB-SERVER-07,False
ALT-CSE-07-00676,CSE-07,CRITICAL,2024-10-14T05:11:21,2024-10-14T05:13:00.153310,2024-10-14T05:16:31.407455,CLOSED,CAS-CSE-07-0534,DB-SERVER-07,False
ALT-CSE-07-00677,CSE-07,CRITICAL,2024-11-12T15:22:20,2024-11-12T15:23:07.279509,2024-11-12T15:27:48.289883,CLOSED,CAS-CSE-07-0535,ENDPOINT-07,False
ALT-CSE-07-00678,CSE-07,CRITICAL,2024-12-14T05:01:28,2024-12-14T05:02:45.958934,2024-12-14T05:06:46.652398,CLOSED,CAS-CSE-07-0536,WEB-SERVER-07,False
ALT-CSE-07-00679,CSE-07,CRITICAL,2024-11-26T19:15:15,2024-11-26T19:16:08.651777,2024-11-26T19:20:31.094852,CLOSED,CAS-CSE-07-0537,WEB-SERVER-07,False
ALT-CSE-07-00680,CSE-07,CRITICAL,2024-10-24T06:49:44,2024-10-24T06:50:44.910328,2024-10-24T06:54:58.928225,CLOSED,CAS-CSE-07-0538,ENDPOINT-07,False
ALT-CSE-07-00681,CSE-07,CRITICAL,2024-11-18T17:22:34,2024-11-18T17:23:08.195194,2024-11-18T17:27:48.604655,CLOSED,CAS-CSE-07-0539,ENDPOINT-07,False
ALT-CSE-07-00682,CSE-07,CRITICAL,2024-10-09T02:48:06,2024-10-09T02:49:54.293980,2024-10-09T02:53:18.746507,CLOSED,CAS-CSE-07-0540,WEB-SERVER-07,False
ALT-CSE-07-00683,CSE-07,CRITICAL,2024-10-13T11:41:03,2024-10-13T11:42:34.226412,2024-10-13T11:46:16.745691,CLOSED,CAS-CSE-07-0541,WEB-SERVER-07,False
ALT-CSE-07-00684,CSE-07,CRITICAL,2024-12-19T17:20:26,2024-12-19T17:21:28.459535,2024-12-19T17:25:19.719695,CLOSED,CAS-CSE-07-0542,WEB-SERVER-07,False
ALT-CSE-07-00685,CSE-07,CRITICAL,2024-12-08T05:32:03,2024-12-08T05:33:56.504222,2024-12-08T05:36:58.005306,CLOSED,CAS-CSE-07-0543,FIREWALL-07,False
ALT-CSE-07-00686,CSE-07,CRITICAL,2024-11-30T18:15:22,2024-11-30T18:15:57.998903,2024-11-30T18:20:34.142452,CLOSED,CAS-CSE-07-0544,DB-SERVER-07,False
ALT-CSE-07-00687,CSE-07,CRITICAL,2024-11-30T18:37:22,2024-11-30T18:38:05.647281,2024-11-30T18:42:42.489275,CLOSED,CAS-CSE-07-0545,WEB-SERVER-07,False
ALT-CSE-07-00688,CSE-07,CRITICAL,2024-12-22T15:08:53,2024-12-22T15:10:26.076090,2024-12-22T15:14:06.619774,CLOSED,CAS-CSE-07-0546,ENDPOINT-07,False
ALT-CSE-07-00689,CSE-07,CRITICAL,2024-12-27T04:17:40,2024-12-27T04:19:02.224973,2024-12-27T04:22:41.151601,CLOSED,CAS-CSE-07-0547,FIREWALL-07,False
ALT-CSE-07-00690,CSE-07,CRITICAL,2024-11-23T08:45:04,2024-11-23T08:45:50.590430,2024-11-23T08:50:16.059033,CLOSED,CAS-CSE-07-0548,ENDPOINT-07,False
ALT-CSE-07-00691,CSE-07,CRITICAL,2024-10-19T21:01:51,2024-10-19T21:02:52.250757,2024-10-19T21:07:06.620433,CLOSED,CAS-CSE-07-0549,FIREWALL-07,False
ALT-CSE-07-00692,CSE-07,CRITICAL,2024-12-27T08:51:56,2024-12-27T08:52:56.742986,2024-12-27T08:57:12.294508,CLOSED,CAS-CSE-07-0550,DB-SERVER-07,False
ALT-CSE-07-00693,CSE-07,CRITICAL,2024-10-10T23:26:05,2024-10-10T23:27:20.460576,2024-10-10T23:31:20.801458,CLOSED,CAS-CSE-07-0551,ENDPOINT-07,False
ALT-CSE-07-00694,CSE-07,CRITICAL,2024-12-02T04:35:36,2024-12-02T04:36:55.195753,2024-12-02T04:40:43.912359,CLOSED,CAS-CSE-07-0552,FIREWALL-07,False
ALT-CSE-07-00695,CSE-07,CRITICAL,2024-12-19T08:31:36,2024-12-19T08:32:37.195209,2024-12-19T08:36:54.030361,CLOSED,CAS-CSE-07-0553,WEB-SERVER-07,False
ALT-CSE-07-00696,CSE-07,CRITICAL,2024-12-26T00:37:36,2024-12-26T00:39:12.953804,2024-12-26T00:42:59.341731,CLOSED,CAS-CSE-07-0554,WEB-SERVER-07,False
ALT-CSE-07-00697,CSE-07,CRITICAL,2024-10-08T04:25:51,2024-10-08T04:26:38.005486,2024-10-08T04:31:11.004873,CLOSED,CAS-CSE-07-0555,DB-SERVER-07,False
ALT-CSE-07-00698,CSE-07,CRITICAL,2024-12-17T20:53:07,2024-12-17T20:54:13.604752,2024-12-17T20:58:08.547693,CLOSED,CAS-CSE-07-0556,FIREWALL-07,False
ALT-CSE-07-00699,CSE-07,CRITICAL,2024-11-16T17:46:44,2024-11-16T17:47:26.530571,2024-11-16T17:51:56.375908,CLOSED,,WEB-SERVER-07,False
ALT-CSE-07-00700,CSE-07,CRITICAL,2024-11-26T05:17:39,2024-11-26T05:18:51.457119,2024-11-26T05:22:39.953416,CLOSED,CAS-CSE-07-0557,DB-SERVER-07,False
ALT-CSE-07-00701,CSE-07,CRITICAL,2024-12-06T17:15:30,2024-12-06T17:17:16.562278,2024-12-06T17:20:52.093843,CLOSED,CAS-CSE-07-0558,DB-SERVER-07,False
ALT-CSE-07-00702,CSE-07,CRITICAL,2024-12-26T21:30:07,2024-12-26T21:31:12.178368,2024-12-26T21:35:05.209701,CLOSED,CAS-CSE-07-0559,ENDPOINT-07,False
ALT-CSE-07-00703,CSE-07,CRITICAL,2024-10-15T09:37:37,2024-10-15T09:39:25.389778,2024-10-15T09:42:55.647192,CLOSED,CAS-CSE-07-0560,FIREWALL-07,False
ALT-CSE-07-00704,CSE-07,CRITICAL,2024-10-05T07:36:17,2024-10-05T07:37:25.063799,2024-10-05T07:41:24.046920,CLOSED,CAS-CSE-07-0561,FIREWALL-07,False
ALT-CSE-07-00705,CSE-07,CRITICAL,2024-12-19T19:22:42,2024-12-19T19:24:24.571103,2024-12-19T19:27:38.318854,CLOSED,CAS-CSE-07-0562,ENDPOINT-07,False
ALT-CSE-07-00706,CSE-07,CRITICAL,2024-12-17T02:35:25,2024-12-17T02:36:10.510449,2024-12-17T02:40:36.688774,CLOSED,,DB-SERVER-07,False
ALT-CSE-07-00707,CSE-07,CRITICAL,2024-10-31T12:00:45,2024-10-31T12:01:31.785669,2024-10-31T12:05:58.714129,CLOSED,CAS-CSE-07-0563,FIREWALL-07,False
ALT-CSE-07-00708,CSE-07,CRITICAL,2024-12-12T03:38:33,2024-12-12T03:39:57.345570,2024-12-12T03:43:49.625137,CLOSED,,WEB-SERVER-07,False
ALT-CSE-07-00709,CSE-07,CRITICAL,2024-12-25T13:51:01,2024-12-25T13:52:49.247999,2024-12-25T13:56:09.293346,CLOSED,CAS-CSE-07-0564,DB-SERVER-07,False
ALT-CSE-07-00710,CSE-07,CRITICAL,2024-11-15T08:29:47,2024-11-15T08:30:34.898268,2024-11-15T08:35:00.861152,CLOSED,CAS-CSE-07-0565,FIREWALL-07,False
ALT-CSE-07-00711,CSE-07,CRITICAL,2024-10-19T15:08:00,2024-10-19T15:09:29.653503,2024-10-19T15:13:12.379566,CLOSED,CAS-CSE-07-0566,WEB-SERVER-07,False
ALT-CSE-07-00712,CSE-07,CRITICAL,2024-12-02T21:07:39,2024-12-02T21:08:33.656559,2024-12-02T21:12:43.451509,CLOSED,,WEB-SERVER-07,False
ALT-CSE-07-00713,CSE-07,CRITICAL,2024-10-08T08:26:30,2024-10-08T08:28:13.766075,2024-10-08T08:31:29.590081,CLOSED,CAS-CSE-07-0567,FIREWALL-07,False
ALT-CSE-07-00714,CSE-07,CRITICAL,2024-12-09T10:22:59,2024-12-09T10:24:15.735340,2024-12-09T10:28:12.775892,CLOSED,,ENDPOINT-07,False
ALT-CSE-07-00715,CSE-07,CRITICAL,2024-11-21T20:16:06,2024-11-21T20:17:06.287268,2024-11-21T20:21:19.047883,CLOSED,,WEB-SERVER-07,False
ALT-CSE-07-00716,CSE-07,CRITICAL,2024-11-09T21:25:50,2024-11-09T21:27:45.531293,2024-11-09T21:31:13.837161,CLOSED,CAS-CSE-07-0568,FIREWALL-07,False
ALT-CSE-07-00717,CSE-07,CRITICAL,2024-11-04T00:04:05,2024-11-04T00:06:00.770592,2024-11-04T00:09:01.441908,CLOSED,CAS-CSE-07-0569,ENDPOINT-07,False
ALT-CSE-07-00718,CSE-07,CRITICAL,2024-11-28T02:38:20,2024-11-28T02:39:59.793868,2024-11-28T02:43:37.365266,CLOSED,CAS-CSE-07-0570,DB-SERVER-07,False
ALT-CSE-07-00719,CSE-07,CRITICAL,2024-12-29T19:15:22,2024-12-29T19:17:21.868611,2024-12-29T19:20:37.654469,CLOSED,CAS-CSE-07-0571,FIREWALL-07,False
ALT-CSE-07-00720,CSE-07,CRITICAL,2024-12-21T00:20:25,2024-12-21T00:21:48.373319,2024-12-21T00:25:32.009556,CLOSED,CAS-CSE-07-0572,WEB-SERVER-07,False
ALT-CSE-07-00721,CSE-07,CRITICAL,2024-11-22T05:01:00,2024-11-22T05:01:47.817323,2024-11-22T05:05:55.883320,CLOSED,,ENDPOINT-07,False
ALT-CSE-07-00722,CSE-07,CRITICAL,2024-12-21T15:54:16,2024-12-21T15:55:17.190407,2024-12-21T15:59:27.185687,CLOSED,CAS-CSE-07-0573,DB-SERVER-07,False
ALT-CSE-07-00723,CSE-07,CRITICAL,2024-11-11T22:33:32,2024-11-11T22:35:11.459864,2024-11-11T22:38:52.384752,CLOSED,CAS-CSE-07-0574,WEB-SERVER-07,False
ALT-CSE-07-00724,CSE-07,CRITICAL,2024-10-30T10:13:18,2024-10-30T10:15:03.110616,2024-10-30T10:18:30.497656,CLOSED,CAS-CSE-07-0575,FIREWALL-07,False
ALT-CSE-07-00725,CSE-07,CRITICAL,2024-10-04T03:21:17,2024-10-04T03:22:26.749017,2024-10-04T03:26:32.760976,CLOSED,CAS-CSE-07-0576,DB-SERVER-07,False
ALT-CSE-07-00726,CSE-07,CRITICAL,2024-12-02T16:37:05,2024-12-02T16:37:58.744584,2024-12-02T16:42:32.095678,CLOSED,CAS-CSE-07-0577,FIREWALL-07,False
ALT-CSE-07-00727,CSE-07,CRITICAL,2024-10-31T19:12:18,2024-10-31T19:14:01.505365,2024-10-31T19:17:41.451143,CLOSED,CAS-CSE-07-0578,FIREWALL-07,False
ALT-CSE-07-00728,CSE-07,CRITICAL,2024-11-30T04:53:12,2024-11-30T04:54:58.220065,2024-11-30T04:58:19.149889,CLOSED,CAS-CSE-07-0579,WEB-SERVER-07,False
ALT-CSE-07-00729,CSE-07,CRITICAL,2024-10-14T03:55:45,2024-10-14T03:56:27.075374,2024-10-14T04:00:42.270884,CLOSED,CAS-CSE-07-0580,FIREWALL-07,False
ALT-CSE-07-00730,CSE-07,CRITICAL,2024-10-19T07:49:50,2024-10-19T07:50:53.495656,2024-10-19T07:55:08.487498,CLOSED,CAS-CSE-07-0581,FIREWALL-07,False
ALT-CSE-07-00731,CSE-07,CRITICAL,2024-11-30T07:22:34,2024-11-30T07:24:31.174030,2024-11-30T07:27:35.638562,CLOSED,CAS-CSE-07-0582,WEB-SERVER-07,False
ALT-CSE-07-00732,CSE-07,CRITICAL,2024-12-25T10:25:22,2024-12-25T10:26:29.604747,2024-12-25T10:30:25.145747,CLOSED,CAS-CSE-07-0583,WEB-SERVER-07,False
ALT-CSE-07-00733,CSE-07,CRITICAL,2024-10-21T02:50:02,2024-10-21T02:51:23.089984,2024-10-21T02:55:17.865405,CLOSED,CAS-CSE-07-0584,DB-SERVER-07,False
ALT-CSE-07-00734,CSE-07,CRITICAL,2024-11-17T08:19:38,2024-11-17T08:20:42.450488,2024-11-17T08:24:56.121520,CLOSED,CAS-CSE-07-0585,ENDPOINT-07,False
ALT-CSE-07-00735,CSE-07,CRITICAL,2024-11-15T07:30:18,2024-11-15T07:31:57.701461,2024-11-15T07:35:14.600227,CLOSED,CAS-CSE-07-0586,ENDPOINT-07,False
ALT-CSE-07-00736,CSE-07,CRITICAL,2024-12-05T10:54:23,2024-12-05T10:54:53.457509,2024-12-05T10:59:56.406220,CLOSED,CAS-CSE-07-0587,DB-SERVER-07,False
ALT-CSE-07-00737,CSE-07,CRITICAL,2024-12-19T00:55:19,2024-12-19T00:56:45.650358,2024-12-19T01:00:19.443428,CLOSED,CAS-CSE-07-0588,DB-SERVER-07,False
ALT-CSE-07-00738,CSE-07,CRITICAL,2024-11-01T13:05:18,2024-11-01T13:06:51.137904,2024-11-01T13:10:34.061082,CLOSED,CAS-CSE-07-0589,WEB-SERVER-07,False
ALT-CSE-07-00739,CSE-07,CRITICAL,2024-10-09T05:49:04,2024-10-09T05:50:03.011994,2024-10-09T05:54:25.160568,CLOSED,CAS-CSE-07-0590,DB-SERVER-07,False
ALT-CSE-07-00740,CSE-07,CRITICAL,2024-11-01T11:12:21,2024-11-01T11:13:58.169729,2024-11-01T11:17:31.386232,CLOSED,,FIREWALL-07,False
ALT-CSE-07-00741,CSE-07,CRITICAL,2024-12-18T21:52:27,2024-12-18T21:53:13.619984,2024-12-18T21:57:38.729724,CLOSED,CAS-CSE-07-0591,DB-SERVER-07,False
ALT-CSE-07-00742,CSE-07,CRITICAL,2024-12-24T11:08:49,2024-12-24T11:09:38.239671,2024-12-24T11:14:07.217886,CLOSED,CAS-CSE-07-0592,DB-SERVER-07,False
ALT-CSE-07-00743,CSE-07,CRITICAL,2024-10-03T04:44:21,2024-10-03T04:46:03.710701,2024-10-03T04:49:33.167316,CLOSED,CAS-CSE-07-0593,ENDPOINT-07,False
ALT-CSE-07-00744,CSE-07,CRITICAL,2024-12-22T08:53:50,2024-12-22T08:54:38.091329,2024-12-22T08:59:10.589934,CLOSED,CAS-CSE-07-0594,DB-SERVER-07,False
ALT-CSE-07-00745,CSE-07,CRITICAL,2024-12-25T07:35:50,2024-12-25T07:37:04.763757,2024-12-25T07:40:56.654327,CLOSED,,DB-SERVER-07,False
ALT-CSE-07-00746,CSE-07,CRITICAL,2024-12-01T15:52:06,2024-12-01T15:53:12.780267,2024-12-01T15:57:04.063222,CLOSED,,WEB-SERVER-07,False
ALT-CSE-07-00747,CSE-07,CRITICAL,2024-12-07T06:14:44,2024-12-07T06:15:51.432445,2024-12-07T06:19:56.683076,CLOSED,CAS-CSE-07-0595,FIREWALL-07,False
ALT-CSE-07-00748,CSE-07,CRITICAL,2024-10-17T09:20:08,2024-10-17T09:21:42.599396,2024-10-17T09:25:22.455024,CLOSED,,ENDPOINT-07,False
ALT-CSE-07-00749,CSE-07,CRITICAL,2024-10-23T14:36:36,2024-10-23T14:38:30.708170,2024-10-23T14:41:30.418204,CLOSED,CAS-CSE-07-0596,WEB-SERVER-07,False
ALT-CSE-07-00750,CSE-07,CRITICAL,2024-11-10T01:38:41,2024-11-10T01:39:16.002201,2024-11-10T01:43:38.804100,CLOSED,CAS-CSE-07-0597,WEB-SERVER-07,False
ALT-CSE-07-00751,CSE-07,CRITICAL,2024-12-17T02:10:42,2024-12-17T02:12:22.785901,2024-12-17T02:15:57.786261,CLOSED,CAS-CSE-07-0598,DB-SERVER-07,False
ALT-CSE-07-00752,CSE-07,CRITICAL,2024-11-01T22:35:29,2024-11-01T22:37:03.198457,2024-11-01T22:40:41.939155,CLOSED,CAS-CSE-07-0599,FIREWALL-07,False
ALT-CSE-07-00753,CSE-07,CRITICAL,2024-12-23T13:00:07,2024-12-23T13:01:24.358971,2024-12-23T13:05:14.632758,CLOSED,CAS-CSE-07-0600,ENDPOINT-07,False
ALT-CSE-07-00754,CSE-07,CRITICAL,2024-10-18T11:32:58,2024-10-18T11:34:14.809295,2024-10-18T11:38:04.626290,CLOSED,,FIREWALL-07,False
ALT-CSE-07-00755,CSE-07,CRITICAL,2024-10-25T07:35:10,2024-10-25T07:36:04.439536,2024-10-25T07:40:31.393360,CLOSED,CAS-CSE-07-0601,WEB-SERVER-07,False
ALT-CSE-07-00756,CSE-07,CRITICAL,2024-12-23T16:27:53,2024-12-23T16:29:12.282425,2024-12-23T16:33:19.842459,CLOSED,,FIREWALL-07,False
ALT-CSE-07-00757,CSE-07,CRITICAL,2024-11-18T08:08:10,2024-11-18T08:08:43.758890,2024-11-18T08:13:21.575394,CLOSED,CAS-CSE-07-0602,ENDPOINT-07,False
ALT-CSE-07-00758,CSE-07,CRITICAL,2024-10-30T13:01:37,2024-10-30T13:03:13.481945,2024-10-30T13:07:00.615832,CLOSED,CAS-CSE-07-0603,ENDPOINT-07,False
ALT-CSE-07-00759,CSE-07,CRITICAL,2024-11-13T16:02:52,2024-11-13T16:04:07.505262,2024-11-13T16:08:12.309017,CLOSED,,FIREWALL-07,False
ALT-CSE-07-00760,CSE-07,CRITICAL,2024-10-24T05:42:06,2024-10-24T05:43:22.490494,2024-10-24T05:47:06.726307,CLOSED,CAS-CSE-07-0604,ENDPOINT-07,False
ALT-CSE-07-00761,CSE-07,CRITICAL,2024-12-29T13:38:47,2024-12-29T13:40:10.459167,2024-12-29T13:44:07.066879,CLOSED,CAS-CSE-07-0605,WEB-SERVER-07,False
ALT-CSE-07-00762,CSE-07,CRITICAL,2024-11-22T03:23:32,2024-11-22T03:25:06.366376,2024-11-22T03:28:43.877968,CLOSED,CAS-CSE-07-0606,ENDPOINT-07,False
ALT-CSE-07-00763,CSE-07,CRITICAL,2024-12-18T00:39:03,2024-12-18T00:40:50.103838,2024-12-18T00:44:15.587910,CLOSED,CAS-CSE-07-0607,WEB-SERVER-07,False
ALT-CSE-07-00764,CSE-07,CRITICAL,2024-10-26T00:26:11,2024-10-26T00:26:46.091474,2024-10-26T00:31:46.727106,CLOSED,CAS-CSE-07-0608,WEB-SERVER-07,False
ALT-CSE-07-00765,CSE-07,CRITICAL,2024-12-21T16:17:07,2024-12-21T16:18:25.831422,2024-12-21T16:22:23.076506,CLOSED,CAS-CSE-07-0609,DB-SERVER-07,False
ALT-CSE-07-00766,CSE-07,CRITICAL,2024-10-08T07:09:54,2024-10-08T07:11:03.409629,2024-10-08T07:14:58.313597,CLOSED,CAS-CSE-07-0610,ENDPOINT-07,False
ALT-CSE-07-00767,CSE-07,CRITICAL,2024-12-10T08:08:57,2024-12-10T08:09:56.899554,2024-12-10T08:14:15.243189,CLOSED,,FIREWALL-07,False
ALT-CSE-07-00768,CSE-07,CRITICAL,2024-12-26T19:18:02,2024-12-26T19:19:30.051374,2024-12-26T19:22:50.744157,CLOSED,CAS-CSE-07-0611,DB-SERVER-07,False
ALT-CSE-07-00769,CSE-07,CRITICAL,2024-10-21T08:16:11,2024-10-21T08:16:42.942133,2024-10-21T08:21:14.687504,CLOSED,CAS-CSE-07-0612,DB-SERVER-07,False
ALT-CSE-07-00770,CSE-07,CRITICAL,2024-10-12T11:24:28,2024-10-12T11:25:29.107881,2024-10-12T11:29:23.459120,CLOSED,CAS-CSE-07-0613,FIREWALL-07,False
ALT-CSE-07-00771,CSE-07,CRITICAL,2024-12-03T16:28:07,2024-12-03T16:29:36.492870,2024-12-03T16:33:00.984736,CLOSED,,FIREWALL-07,False
ALT-CSE-07-00772,CSE-07,CRITICAL,2024-12-07T18:38:21,2024-12-07T18:39:24.053744,2024-12-07T18:43:46.321763,CLOSED,CAS-CSE-07-0614,WEB-SERVER-07,False
ALT-CSE-07-00773,CSE-07,CRITICAL,2024-11-29T11:52:11,2024-11-29T11:54:05.746170,2024-11-29T11:57:03.266145,CLOSED,CAS-CSE-07-0615,ENDPOINT-07,False
ALT-CSE-07-00774,CSE-07,CRITICAL,2024-11-26T14:22:32,2024-11-26T14:23:27.408360,2024-11-26T14:27:49.999126,CLOSED,,WEB-SERVER-07,False
ALT-CSE-07-00775,CSE-07,CRITICAL,2024-10-27T06:16:43,2024-10-27T06:18:17.594489,2024-10-27T06:22:07.897303,CLOSED,CAS-CSE-07-0616,ENDPOINT-07,False
ALT-CSE-07-00776,CSE-07,CRITICAL,2024-10-19T04:45:49,2024-10-19T04:47:34.306512,2024-10-19T04:50:52.845221,CLOSED,CAS-CSE-07-0617,FIREWALL-07,False
ALT-CSE-07-00777,CSE-07,CRITICAL,2024-11-30T03:27:57,2024-11-30T03:29:47.153532,2024-11-30T03:33:03.819870,CLOSED,CAS-CSE-07-0618,WEB-SERVER-07,False
ALT-CSE-07-00778,CSE-07,CRITICAL,2024-10-07T02:33:50,2024-10-07T02:34:48.300425,2024-10-07T02:39:18.526825,CLOSED,,DB-SERVER-07,False
ALT-CSE-07-00779,CSE-07,CRITICAL,2024-12-14T22:02:50,2024-12-14T22:04:31.203694,2024-12-14T22:08:17.729248,CLOSED,CAS-CSE-07-0619,WEB-SERVER-07,False
ALT-CSE-07-00780,CSE-07,CRITICAL,2024-11-09T15:06:42,2024-11-09T15:08:32.730245,2024-11-09T15:11:45.115074,CLOSED,,DB-SERVER-07,False
ALT-CSE-07-00781,CSE-07,CRITICAL,2024-10-25T15:42:15,2024-10-25T15:44:10.794305,2024-10-25T15:47:28.126009,CLOSED,CAS-CSE-07-0620,WEB-SERVER-07,False
ALT-CSE-07-00782,CSE-07,CRITICAL,2024-12-06T18:39:27,2024-12-06T18:40:12.689310,2024-12-06T18:44:48.717972,CLOSED,CAS-CSE-07-0621,ENDPOINT-07,False
ALT-CSE-07-00783,CSE-07,CRITICAL,2024-10-29T16:53:38,2024-10-29T16:55:02.893600,2024-10-29T16:58:53.064285,CLOSED,CAS-CSE-07-0622,WEB-SERVER-07,False
ALT-CSE-07-00784,CSE-07,CRITICAL,2024-10-17T14:18:01,2024-10-17T14:19:17.421267,2024-10-17T14:23:01.444406,CLOSED,CAS-CSE-07-0623,ENDPOINT-07,False
ALT-CSE-07-00785,CSE-07,CRITICAL,2024-10-08T00:19:01,2024-10-08T00:19:50.376986,2024-10-08T00:24:12.409985,CLOSED,CAS-CSE-07-0624,ENDPOINT-07,False
ALT-CSE-07-00786,CSE-07,CRITICAL,2024-11-02T10:38:06,2024-11-02T10:39:17.654219,2024-11-02T10:43:36.702349,CLOSED,CAS-CSE-07-0625,WEB-SERVER-07,False
ALT-CSE-07-00787,CSE-07,CRITICAL,2024-10-20T21:36:10,2024-10-20T21:36:46.145285,2024-10-20T21:41:08.580347,CLOSED,CAS-CSE-07-0626,DB-SERVER-07,False
ALT-CSE-07-00788,CSE-07,CRITICAL,2024-10-27T15:58:48,2024-10-27T16:00:44.537049,2024-10-27T16:04:10.080892,CLOSED,CAS-CSE-07-0627,DB-SERVER-07,False
ALT-CSE-07-00789,CSE-07,CRITICAL,2024-11-15T02:21:07,2024-11-15T02:22:48.527117,2024-11-15T02:26:25.092103,CLOSED,CAS-CSE-07-0628,ENDPOINT-07,False
ALT-CSE-07-00790,CSE-07,CRITICAL,2024-10-15T12:08:07,2024-10-15T12:10:03.329489,2024-10-15T12:12:52.930590,CLOSED,CAS-CSE-07-0629,ENDPOINT-07,False
ALT-CSE-07-00791,CSE-07,CRITICAL,2024-11-04T09:06:01,2024-11-04T09:07:19.664745,2024-11-04T09:11:18.958696,CLOSED,CAS-CSE-07-0630,WEB-SERVER-07,False
ALT-CSE-07-00792,CSE-07,CRITICAL,2024-12-21T19:53:51,2024-12-21T19:54:38.747207,2024-12-21T19:58:55.343078,CLOSED,CAS-CSE-07-0631,ENDPOINT-07,False
ALT-CSE-07-00793,CSE-07,CRITICAL,2024-10-09T12:59:27,2024-10-09T13:00:12.293630,2024-10-09T13:04:49.625932,CLOSED,CAS-CSE-07-0632,DB-SERVER-07,False
ALT-CSE-07-00794,CSE-07,CRITICAL,2024-12-13T13:38:01,2024-12-13T13:39:31.321777,2024-12-13T13:42:59.669518,CLOSED,CAS-CSE-07-0633,WEB-SERVER-07,False
ALT-CSE-07-00795,CSE-07,CRITICAL,2024-12-05T20:32:40,2024-12-05T20:34:35.571891,2024-12-05T20:37:35.890784,CLOSED,CAS-CSE-07-0634,WEB-SERVER-07,False
ALT-CSE-07-00796,CSE-07,CRITICAL,2024-10-02T06:23:40,2024-10-02T06:25:18.421923,2024-10-02T06:28:52.983520,CLOSED,CAS-CSE-07-0635,FIREWALL-07,False
ALT-CSE-07-00797,CSE-07,CRITICAL,2024-12-25T07:34:37,2024-12-25T07:36:20.580977,2024-12-25T07:39:35.123491,CLOSED,CAS-CSE-07-0636,DB-SERVER-07,False
ALT-CSE-07-00798,CSE-07,CRITICAL,2024-10-02T12:16:48,2024-10-02T12:18:25.926863,2024-10-02T12:21:53.194912,CLOSED,CAS-CSE-07-0637,ENDPOINT-07,False
ALT-CSE-07-00799,CSE-07,CRITICAL,2024-12-29T23:26:32,2024-12-29T23:28:09.860181,2024-12-29T23:31:38.980197,CLOSED,CAS-CSE-07-0638,FIREWALL-07,False
ALT-CSE-07-00800,CSE-07,CRITICAL,2024-10-13T12:32:27,2024-10-13T12:34:24.776982,2024-10-13T12:37:39.703345,CLOSED,CAS-CSE-07-0639,DB-SERVER-07,False
ALT-CSE-07-00801,CSE-07,CRITICAL,2024-10-10T03:28:31,2024-10-10T03:29:29.510330,2024-10-10T03:33:41.708233,CLOSED,,WEB-SERVER-07,False
ALT-CSE-07-00802,CSE-07,CRITICAL,2024-12-10T05:13:19,2024-12-10T05:14:18.901852,2024-12-10T05:18:24.229041,CLOSED,CAS-CSE-07-0640,WEB-SERVER-07,False
ALT-CSE-07-00803,CSE-07,CRITICAL,2024-11-05T14:40:14,2024-11-05T14:41:36.838145,2024-11-05T14:45:19.469481,CLOSED,CAS-CSE-07-0641,FIREWALL-07,False
ALT-CSE-07-00804,CSE-07,CRITICAL,2024-11-10T22:11:45,2024-11-10T22:12:30.679254,2024-11-10T22:16:53.505053,CLOSED,CAS-CSE-07-0642,FIREWALL-07,False
ALT-CSE-07-00805,CSE-07,CRITICAL,2024-11-28T04:02:12,2024-11-28T04:02:43.993828,2024-11-28T04:07:31.538440,CLOSED,CAS-CSE-07-0643,WEB-SERVER-07,False
ALT-CSE-07-00806,CSE-07,CRITICAL,2024-12-13T19:35:19,2024-12-13T19:36:16.286500,2024-12-13T19:40:27.196171,CLOSED,CAS-CSE-07-0644,DB-SERVER-07,False
ALT-CSE-07-00807,CSE-07,CRITICAL,2024-11-01T12:17:54,2024-11-01T12:18:49.614462,2024-11-01T12:22:54.406731,CLOSED,CAS-CSE-07-0645,ENDPOINT-07,False
ALT-CSE-07-00808,CSE-07,CRITICAL,2024-12-19T15:48:36,2024-12-19T15:50:10.159509,2024-12-19T15:53:39.096003,CLOSED,CAS-CSE-07-0646,ENDPOINT-07,False
ALT-CSE-07-00809,CSE-07,CRITICAL,2024-11-15T12:30:35,2024-11-15T12:31:30.361140,2024-11-15T12:35:56.691410,CLOSED,CAS-CSE-07-0647,DB-SERVER-07,False
ALT-CSE-07-00810,CSE-07,CRITICAL,2024-12-27T11:25:41,2024-12-27T11:26:56.663573,2024-12-27T11:31:00.693391,CLOSED,,WEB-SERVER-07,False
ALT-CSE-07-00811,CSE-07,CRITICAL,2024-11-30T18:28:58,2024-11-30T18:29:50.593532,2024-11-30T18:34:05.769001,CLOSED,CAS-CSE-07-0648,WEB-SERVER-07,False
ALT-CSE-07-00812,CSE-07,CRITICAL,2024-11-03T12:57:16,2024-11-03T12:57:57.224831,2024-11-03T13:02:29.330009,CLOSED,,DB-SERVER-07,False
ALT-CSE-07-00813,CSE-07,CRITICAL,2024-11-17T03:48:13,2024-11-17T03:49:31.145729,2024-11-17T03:53:30.351692,CLOSED,CAS-CSE-07-0649,WEB-SERVER-07,False
ALT-CSE-07-00814,CSE-07,CRITICAL,2024-10-07T11:32:20,2024-10-07T11:34:14.236454,2024-10-07T11:37:23.093632,CLOSED,CAS-CSE-07-0650,DB-SERVER-07,False
ALT-CSE-07-00815,CSE-07,CRITICAL,2024-12-11T18:43:49,2024-12-11T18:45:08.784768,2024-12-11T18:49:06.154833,CLOSED,CAS-CSE-07-0651,ENDPOINT-07,False
ALT-CSE-07-00816,CSE-07,CRITICAL,2024-11-20T09:30:10,2024-11-20T09:31:49.214039,2024-11-20T09:35:15.754459,CLOSED,CAS-CSE-07-0652,DB-SERVER-07,False
ALT-CSE-07-00817,CSE-07,CRITICAL,2024-11-11T09:19:15,2024-11-11T09:20:31.738228,2024-11-11T09:24:19.558332,CLOSED,,DB-SERVER-07,False
ALT-CSE-07-00818,CSE-07,CRITICAL,2024-10-15T10:33:12,2024-10-15T10:34:50.104117,2024-10-15T10:38:35.312423,CLOSED,CAS-CSE-07-0653,ENDPOINT-07,False
ALT-CSE-07-00819,CSE-07,CRITICAL,2024-12-16T12:35:12,2024-12-16T12:36:16.861054,2024-12-16T12:40:12.766990,CLOSED,CAS-CSE-07-0654,WEB-SERVER-07,False
ALT-CSE-07-00820,CSE-07,CRITICAL,2024-10-27T20:51:58,2024-10-27T20:53:17.817055,2024-10-27T20:57:13.115720,CLOSED,CAS-CSE-07-0655,ENDPOINT-07,False
ALT-CSE-07-00821,CSE-07,CRITICAL,2024-10-22T17:26:29,2024-10-22T17:28:27.952428,2024-10-22T17:31:50.067318,CLOSED,CAS-CSE-07-0656,ENDPOINT-07,False
ALT-CSE-07-00822,CSE-07,CRITICAL,2024-10-04T19:14:53,2024-10-04T19:16:07.202705,2024-10-04T19:20:13.213240,CLOSED,CAS-CSE-07-0657,WEB-SERVER-07,False
ALT-CSE-07-00823,CSE-07,CRITICAL,2024-11-17T02:42:02,2024-11-17T02:43:00.503084,2024-11-17T02:47:06.242441,CLOSED,CAS-CSE-07-0658,ENDPOINT-07,False
ALT-CSE-07-00824,CSE-07,CRITICAL,2024-12-15T01:06:29,2024-12-15T01:08:09.426749,2024-12-15T01:11:46.224313,CLOSED,CAS-CSE-07-0659,WEB-SERVER-07,False
ALT-CSE-07-00825,CSE-07,CRITICAL,2024-12-01T19:44:49,2024-12-01T19:46:07.232577,2024-12-01T19:49:56.254334,CLOSED,CAS-CSE-07-0660,DB-SERVER-07,False
ALT-CSE-07-00826,CSE-07,CRITICAL,2024-10-18T18:01:16,2024-10-18T18:02:05.460637,2024-10-18T18:06:15.889069,CLOSED,CAS-CSE-07-0661,DB-SERVER-07,False
ALT-CSE-07-00827,CSE-07,CRITICAL,2024-10-10T09:32:11,2024-10-10T09:33:32.843865,2024-10-10T09:37:15.687534,CLOSED,CAS-CSE-07-0662,WEB-SERVER-07,False
ALT-CSE-07-00828,CSE-07,CRITICAL,2024-12-25T06:09:25,2024-12-25T06:10:24.635171,2024-12-25T06:14:37.658386,CLOSED,CAS-CSE-07-0663,ENDPOINT-07,False
ALT-CSE-07-00829,CSE-07,CRITICAL,2024-11-03T08:40:21,2024-11-03T08:41:37.141944,2024-11-03T08:45:34.162871,CLOSED,,FIREWALL-07,False
ALT-CSE-07-00830,CSE-07,CRITICAL,2024-12-26T06:11:51,2024-12-26T06:12:38.703852,2024-12-26T06:16:58.473596,CLOSED,CAS-CSE-07-0664,DB-SERVER-07,False
ALT-CSE-07-00831,CSE-07,CRITICAL,2024-10-30T01:14:46,2024-10-30T01:16:41.802771,2024-10-30T01:20:12.793198,CLOSED,CAS-CSE-07-0665,DB-SERVER-07,False
ALT-CSE-07-00832,CSE-07,CRITICAL,2024-12-26T05:47:00,2024-12-26T05:48:00.828184,2024-12-26T05:52:07.879546,CLOSED,,ENDPOINT-07,False
ALT-CSE-07-00833,CSE-07,CRITICAL,2024-10-20T21:46:24,2024-10-20T21:48:15.972159,2024-10-20T21:51:22.214516,CLOSED,CAS-CSE-07-0666,WEB-SERVER-07,False
ALT-CSE-07-00834,CSE-07,CRITICAL,2024-12-06T23:27:15,2024-12-06T23:28:06.481908,2024-12-06T23:32:32.546865,CLOSED,CAS-CSE-07-0667,DB-SERVER-07,False
ALT-CSE-07-00835,CSE-07,CRITICAL,2024-11-24T15:41:55,2024-11-24T15:43:04.177090,2024-11-24T15:47:09.424997,CLOSED,CAS-CSE-07-0668,WEB-SERVER-07,False
ALT-CSE-07-00836,CSE-07,CRITICAL,2024-11-20T17:31:06,2024-11-20T17:32:14.665863,2024-11-20T17:36:19.619486,CLOSED,CAS-CSE-07-0669,ENDPOINT-07,False
ALT-CSE-07-00837,CSE-07,CRITICAL,2024-11-15T11:51:19,2024-11-15T11:53:10.523814,2024-11-15T11:56:27.526774,CLOSED,CAS-CSE-07-0670,FIREWALL-07,False
ALT-CSE-07-00838,CSE-07,CRITICAL,2024-11-25T02:37:57,2024-11-25T02:38:32.396190,2024-11-25T02:43:27.309479,CLOSED,CAS-CSE-07-0671,FIREWALL-07,False
ALT-CSE-07-00839,CSE-07,CRITICAL,2024-11-27T06:55:03,2024-11-27T06:55:33.224627,2024-11-27T07:00:16.804594,CLOSED,,DB-SERVER-07,False
ALT-CSE-07-00840,CSE-07,CRITICAL,2024-12-12T00:30:54,2024-12-12T00:31:41.351400,2024-12-12T00:35:59.081520,CLOSED,CAS-CSE-07-0672,FIREWALL-07,False
ALT-CSE-07-00841,CSE-07,CRITICAL,2024-11-28T01:21:53,2024-11-28T01:22:39.197863,2024-11-28T01:27:11.402464,CLOSED,CAS-CSE-07-0673,WEB-SERVER-07,False
ALT-CSE-07-00842,CSE-07,CRITICAL,2024-12-17T05:14:06,2024-12-17T05:15:20.249571,2024-12-17T05:19:15.522792,CLOSED,CAS-CSE-07-0674,FIREWALL-07,False
ALT-CSE-07-00843,CSE-07,CRITICAL,2024-10-26T23:50:32,2024-10-26T23:51:53.737763,2024-10-26T23:55:33.562807,CLOSED,CAS-CSE-07-0675,ENDPOINT-07,False
ALT-CSE-07-00844,CSE-07,CRITICAL,2024-12-24T13:49:36,2024-12-24T13:50:24.733937,2024-12-24T13:54:43.686552,CLOSED,CAS-CSE-07-0676,DB-SERVER-07,False
ALT-CSE-07-00845,CSE-07,CRITICAL,2024-10-03T16:33:13,2024-10-03T16:34:10.355760,2024-10-03T16:38:34.130802,CLOSED,CAS-CSE-07-0677,ENDPOINT-07,False
ALT-CSE-07-00846,CSE-07,CRITICAL,2024-11-29T19:02:51,2024-11-29T19:03:56.678364,2024-11-29T19:08:14.800056,CLOSED,,FIREWALL-07,False
ALT-CSE-07-00847,CSE-07,CRITICAL,2024-10-02T18:13:35,2024-10-02T18:14:11.478151,2024-10-02T18:18:59.072696,CLOSED,CAS-CSE-07-0678,WEB-SERVER-07,False
ALT-CSE-07-00848,CSE-07,CRITICAL,2024-10-14T06:27:29,2024-10-14T06:28:17.036444,2024-10-14T06:32:44.624923,CLOSED,CAS-CSE-07-0679,DB-SERVER-07,False
ALT-CSE-07-00849,CSE-07,CRITICAL,2024-10-06T14:06:15,2024-10-06T14:07:30.437095,2024-10-06T14:11:33.736595,CLOSED,CAS-CSE-07-0680,DB-SERVER-07,False
ALT-CSE-07-00850,CSE-07,CRITICAL,2024-10-09T19:56:37,2024-10-09T19:57:12.738222,2024-10-09T20:01:45.266620,CLOSED,CAS-CSE-07-0681,DB-SERVER-07,False
ALT-CSE-07-00851,CSE-07,CRITICAL,2024-12-26T00:28:00,2024-12-26T00:29:04.319844,2024-12-26T00:33:15.600117,CLOSED,CAS-CSE-07-0682,WEB-SERVER-07,False
ALT-CSE-07-00852,CSE-07,CRITICAL,2024-11-28T05:03:48,2024-11-28T05:05:22.826984,2024-11-28T05:09:15.266549,CLOSED,,FIREWALL-07,False
ALT-CSE-07-00853,CSE-07,CRITICAL,2024-12-04T13:14:08,2024-12-04T13:15:07.708960,2024-12-04T13:19:12.416331,CLOSED,CAS-CSE-07-0683,FIREWALL-07,False
ALT-CSE-07-00854,CSE-07,CRITICAL,2024-10-05T11:00:03,2024-10-05T11:02:00.296898,2024-10-05T11:05:07.779323,CLOSED,CAS-CSE-07-0684,WEB-SERVER-07,False
ALT-CSE-07-00855,CSE-07,CRITICAL,2024-10-01T20:03:55,2024-10-01T20:04:28.190179,2024-10-01T20:09:17.469463,CLOSED,CAS-CSE-07-0685,DB-SERVER-07,False
ALT-CSE-07-00856,CSE-07,CRITICAL,2024-12-05T11:49:23,2024-12-05T11:51:21.461157,2024-12-05T11:54:54.058589,CLOSED,CAS-CSE-07-0686,ENDPOINT-07,False
ALT-CSE-07-00857,CSE-07,CRITICAL,2024-12-21T09:13:52,2024-12-21T09:15:09.645141,2024-12-21T09:19:07.473177,CLOSED,CAS-CSE-07-0687,DB-SERVER-07,False
ALT-CSE-07-00858,CSE-07,CRITICAL,2024-10-06T11:42:44,2024-10-06T11:43:29.933221,2024-10-06T11:47:55.108127,CLOSED,,ENDPOINT-07,False
ALT-CSE-07-00859,CSE-07,CRITICAL,2024-12-06T16:43:38,2024-12-06T16:44:08.063813,2024-12-06T16:48:39.775541,CLOSED,CAS-CSE-07-0688,DB-SERVER-07,False
ALT-CSE-07-00860,CSE-07,CRITICAL,2024-11-23T01:43:15,2024-11-23T01:44:45.054750,2024-11-23T01:48:19.000798,CLOSED,CAS-CSE-07-0689,DB-SERVER-07,False
ALT-CSE-07-00861,CSE-07,CRITICAL,2024-12-04T04:27:11,2024-12-04T04:27:56.712358,2024-12-04T04:32:40.870149,CLOSED,CAS-CSE-07-0690,FIREWALL-07,False
ALT-CSE-07-00862,CSE-07,CRITICAL,2024-10-30T08:49:38,2024-10-30T08:50:23.994684,2024-10-30T08:54:48.732417,CLOSED,,DB-SERVER-07,False
ALT-CSE-07-00863,CSE-07,CRITICAL,2024-10-04T21:05:27,2024-10-04T21:06:49.644603,2024-10-04T21:10:32.835259,CLOSED,CAS-CSE-07-0691,ENDPOINT-07,False
ALT-CSE-07-00864,CSE-07,CRITICAL,2024-12-06T14:17:53,2024-12-06T14:18:42.598770,2024-12-06T14:23:01.372127,CLOSED,CAS-CSE-07-0692,WEB-SERVER-07,False
ALT-CSE-07-00865,CSE-07,CRITICAL,2024-10-15T12:31:30,2024-10-15T12:32:20.646582,2024-10-15T12:36:32.841289,CLOSED,CAS-CSE-07-0693,WEB-SERVER-07,False
ALT-CSE-07-00866,CSE-07,CRITICAL,2024-12-23T12:13:42,2024-12-23T12:15:34.008266,2024-12-23T12:18:55.694262,CLOSED,CAS-CSE-07-0694,ENDPOINT-07,False
ALT-CSE-07-00867,CSE-07,CRITICAL,2024-10-16T22:42:53,2024-10-16T22:44:00.639730,2024-10-16T22:48:01.787728,CLOSED,CAS-CSE-07-0695,WEB-SERVER-07,False
ALT-CSE-07-00868,CSE-07,CRITICAL,2024-12-29T07:10:44,2024-12-29T07:11:16.896149,2024-12-29T07:15:56.765415,CLOSED,CAS-CSE-07-0696,ENDPOINT-07,False
ALT-CSE-07-00869,CSE-07,CRITICAL,2024-12-21T13:57:50,2024-12-21T13:58:25.627053,2024-12-21T14:03:04.524573,CLOSED,CAS-CSE-07-0697,DB-SERVER-07,False
ALT-CSE-07-00870,CSE-07,CRITICAL,2024-11-15T10:07:43,2024-11-15T10:08:14.452955,2024-11-15T10:13:09.594480,CLOSED,CAS-CSE-07-0698,FIREWALL-07,False
ALT-CSE-07-00871,CSE-07,CRITICAL,2024-12-15T07:19:24,2024-12-15T07:20:19.112516,2024-12-15T07:24:36.774111,CLOSED,CAS-CSE-07-0699,WEB-SERVER-07,False
ALT-CSE-07-00872,CSE-07,CRITICAL,2024-10-06T22:27:54,2024-10-06T22:28:39.641330,2024-10-06T22:33:08.064526,CLOSED,CAS-CSE-07-0700,WEB-SERVER-07,False
ALT-CSE-07-00873,CSE-07,CRITICAL,2024-10-31T02:51:39,2024-10-31T02:52:59.170765,2024-10-31T02:56:38.922616,CLOSED,,FIREWALL-07,False
ALT-CSE-07-00874,CSE-07,CRITICAL,2024-10-18T20:36:34,2024-10-18T20:37:12.525809,2024-10-18T20:41:29.135310,CLOSED,,FIREWALL-07,False
ALT-CSE-07-00875,CSE-07,CRITICAL,2024-11-12T06:49:26,2024-11-12T06:50:06.894314,2024-11-12T06:54:41.246008,CLOSED,CAS-CSE-07-0701,DB-SERVER-07,False
ALT-CSE-07-00876,CSE-07,CRITICAL,2024-10-27T16:50:14,2024-10-27T16:51:37.263111,2024-10-27T16:55:10.882373,CLOSED,CAS-CSE-07-0702,WEB-SERVER-07,False
ALT-CSE-07-00877,CSE-07,CRITICAL,2024-10-23T20:53:32,2024-10-23T20:55:07.018816,2024-10-23T20:58:43.645771,CLOSED,CAS-CSE-07-0703,DB-SERVER-07,False
ALT-CSE-07-00878,CSE-07,CRITICAL,2024-10-30T03:07:32,2024-10-30T03:08:59.707006,2024-10-30T03:12:51.970930,CLOSED,CAS-CSE-07-0704,WEB-SERVER-07,False
ALT-CSE-07-00879,CSE-07,CRITICAL,2024-12-13T15:14:15,2024-12-13T15:14:53.734728,2024-12-13T15:19:38.051693,CLOSED,CAS-CSE-07-0705,ENDPOINT-07,False
ALT-CSE-07-00880,CSE-07,CRITICAL,2024-10-02T20:18:24,2024-10-02T20:19:06.444530,2024-10-02T20:23:40.334360,CLOSED,,WEB-SERVER-07,False
ALT-CSE-07-00881,CSE-07,CRITICAL,2024-10-08T17:01:29,2024-10-08T17:02:48.210045,2024-10-08T17:06:52.726590,CLOSED,CAS-CSE-07-0706,ENDPOINT-07,False
ALT-CSE-07-00882,CSE-07,CRITICAL,2024-10-22T03:06:36,2024-10-22T03:07:33.078585,2024-10-22T03:11:41.788156,CLOSED,CAS-CSE-07-0707,ENDPOINT-07,False
ALT-CSE-07-00883,CSE-07,CRITICAL,2024-11-23T15:16:56,2024-11-23T15:17:53.943123,2024-11-23T15:22:08.718993,CLOSED,CAS-CSE-07-0708,DB-SERVER-07,False
ALT-CSE-07-00884,CSE-07,CRITICAL,2024-11-07T18:22:54,2024-11-07T18:24:10.718080,2024-11-07T18:27:59.307089,CLOSED,CAS-CSE-07-0709,DB-SERVER-07,False
ALT-CSE-07-00885,CSE-07,CRITICAL,2024-11-16T00:30:35,2024-11-16T00:31:41.146239,2024-11-16T00:35:52.539270,CLOSED,CAS-CSE-07-0710,WEB-SERVER-07,False
ALT-CSE-07-00886,CSE-07,CRITICAL,2024-11-29T15:35:22,2024-11-29T15:36:29.404283,2024-11-29T15:40:27.176249,CLOSED,,WEB-SERVER-07,False
ALT-CSE-07-00887,CSE-07,CRITICAL,2024-10-08T09:08:23,2024-10-08T09:10:03.188440,2024-10-08T09:13:42.698802,CLOSED,CAS-CSE-07-0711,ENDPOINT-07,False
ALT-CSE-07-00888,CSE-07,CRITICAL,2024-10-28T07:50:41,2024-10-28T07:52:20.989552,2024-10-28T07:55:49.914606,CLOSED,,FIREWALL-07,False
ALT-CSE-07-00889,CSE-07,CRITICAL,2024-12-13T18:40:31,2024-12-13T18:41:03.033607,2024-12-13T18:45:16.695754,CLOSED,,FIREWALL-07,False
ALT-CSE-07-00890,CSE-07,CRITICAL,2024-12-27T03:15:03,2024-12-27T03:16:11.110222,2024-12-27T03:20:13.645165,CLOSED,,WEB-SERVER-07,False
ALT-CSE-07-00891,CSE-07,CRITICAL,2024-11-25T05:12:39,2024-11-25T05:13:31.268537,2024-11-25T05:17:45.775530,CLOSED,CAS-CSE-07-0712,FIREWALL-07,False
ALT-CSE-07-00892,CSE-07,CRITICAL,2024-10-03T21:19:58,2024-10-03T21:21:08.110733,2024-10-03T21:25:10.604512,CLOSED,CAS-CSE-07-0713,WEB-SERVER-07,False
ALT-CSE-07-00893,CSE-07,CRITICAL,2024-11-19T02:37:22,2024-11-19T02:38:18.175618,2024-11-19T02:42:30.122998,CLOSED,CAS-CSE-07-0714,DB-SERVER-07,False
ALT-CSE-07-00894,CSE-07,CRITICAL,2024-12-05T08:58:38,2024-12-05T09:00:37.233994,2024-12-05T09:03:51.399152,CLOSED,CAS-CSE-07-0715,ENDPOINT-07,False
ALT-CSE-07-00895,CSE-07,CRITICAL,2024-12-04T23:41:09,2024-12-04T23:42:18.351340,2024-12-04T23:46:20.960954,CLOSED,CAS-CSE-07-0716,FIREWALL-07,False
ALT-CSE-07-00896,CSE-07,CRITICAL,2024-10-03T12:57:12,2024-10-03T12:59:06.188444,2024-10-03T13:02:26.555401,CLOSED,CAS-CSE-07-0717,FIREWALL-07,False
ALT-CSE-07-00897,CSE-07,CRITICAL,2024-12-15T17:06:20,2024-12-15T17:08:15.667286,2024-12-15T17:11:38.755356,CLOSED,,WEB-SERVER-07,False
ALT-CSE-07-00898,CSE-07,CRITICAL,2024-12-23T05:21:33,2024-12-23T05:22:21.510039,2024-12-23T05:26:57.972198,CLOSED,,FIREWALL-07,False
ALT-CSE-07-00899,CSE-07,CRITICAL,2024-11-11T13:43:24,2024-11-11T13:45:16.958237,2024-11-11T13:48:29.620696,CLOSED,,WEB-SERVER-07,False
ALT-CSE-07-00900,CSE-07,CRITICAL,2024-12-08T12:44:37,2024-12-08T12:46:26.762518,2024-12-08T12:49:49.744057,CLOSED,CAS-CSE-07-0718,ENDPOINT-07,False
ALT-CSE-07-00901,CSE-07,CRITICAL,2024-10-23T04:56:56,2024-10-23T04:57:46.564150,2024-10-23T05:02:21.241128,CLOSED,CAS-CSE-07-0719,FIREWALL-07,False
ALT-CSE-07-00902,CSE-07,CRITICAL,2024-11-17T19:02:33,2024-11-17T19:04:27.611066,2024-11-17T19:07:29.131472,CLOSED,CAS-CSE-07-0720,WEB-SERVER-07,False
ALT-CSE-07-00903,CSE-07,CRITICAL,2024-11-24T21:28:04,2024-11-24T21:29:13.763841,2024-11-24T21:33:36.759209,CLOSED,,ENDPOINT-07,False
ALT-CSE-07-00904,CSE-07,CRITICAL,2024-11-06T08:18:24,2024-11-06T08:19:03.032441,2024-11-06T08:23:10.704651,CLOSED,CAS-CSE-07-0721,ENDPOINT-07,False
ALT-CSE-07-00905,CSE-07,CRITICAL,2024-11-09T09:24:23,2024-11-09T09:26:04.551299,2024-11-09T09:29:38.708579,CLOSED,CAS-CSE-07-0722,FIREWALL-07,False
ALT-CSE-07-00906,CSE-07,CRITICAL,2024-10-03T17:04:47,2024-10-03T17:06:04.956405,2024-10-03T17:09:56.066345,CLOSED,CAS-CSE-07-0723,WEB-SERVER-07,False
ALT-CSE-07-00907,CSE-07,CRITICAL,2024-12-13T05:32:13,2024-12-13T05:33:33.522765,2024-12-13T05:37:08.842282,CLOSED,CAS-CSE-07-0724,WEB-SERVER-07,False
ALT-CSE-07-00908,CSE-07,CRITICAL,2024-10-02T03:14:48,2024-10-02T03:16:05.294691,2024-10-02T03:20:02.136272,CLOSED,CAS-CSE-07-0725,WEB-SERVER-07,False
ALT-CSE-07-00909,CSE-07,CRITICAL,2024-10-25T23:44:00,2024-10-25T23:45:44.914087,2024-10-25T23:49:00.761764,CLOSED,CAS-CSE-07-0726,WEB-SERVER-07,False
ALT-CSE-07-00910,CSE-07,CRITICAL,2024-11-02T18:51:57,2024-11-02T18:53:52.561005,2024-11-02T18:57:17.060888,CLOSED,,ENDPOINT-07,False
ALT-CSE-07-00911,CSE-07,CRITICAL,2024-10-01T02:09:26,2024-10-01T02:10:13.811564,2024-10-01T02:14:44.112133,CLOSED,CAS-CSE-07-0727,ENDPOINT-07,False
ALT-CSE-07-00912,CSE-07,CRITICAL,2024-11-20T08:13:59,2024-11-20T08:15:55.300622,2024-11-20T08:19:01.239456,CLOSED,CAS-CSE-07-0728,WEB-SERVER-07,False
ALT-CSE-07-00913,CSE-07,CRITICAL,2024-11-25T15:31:56,2024-11-25T15:32:52.253465,2024-11-25T15:36:58.672390,CLOSED,CAS-CSE-07-0729,FIREWALL-07,False
ALT-CSE-07-00914,CSE-07,CRITICAL,2024-11-05T19:59:48,2024-11-05T20:00:48.217633,2024-11-05T20:04:59.976350,CLOSED,,FIREWALL-07,False
ALT-CSE-07-00915,CSE-07,CRITICAL,2024-11-12T23:37:13,2024-11-12T23:38:03.314423,2024-11-12T23:42:21.448551,CLOSED,CAS-CSE-07-0730,FIREWALL-07,False
ALT-CSE-07-00916,CSE-07,CRITICAL,2024-10-20T21:46:36,2024-10-20T21:48:08.631726,2024-10-20T21:51:36.529392,CLOSED,CAS-CSE-07-0731,ENDPOINT-07,False
ALT-CSE-07-00917,CSE-07,CRITICAL,2024-12-07T02:03:50,2024-12-07T02:04:24.746518,2024-12-07T02:09:00.521663,CLOSED,,DB-SERVER-07,False
ALT-CSE-07-00918,CSE-07,CRITICAL,2024-11-11T17:57:35,2024-11-11T17:58:47.562334,2024-11-11T18:02:32.976363,CLOSED,CAS-CSE-07-0732,WEB-SERVER-07,False
ALT-CSE-07-00919,CSE-07,CRITICAL,2024-11-15T02:16:27,2024-11-15T02:17:50.951961,2024-11-15T02:21:57.114537,CLOSED,CAS-CSE-07-0733,WEB-SERVER-07,False
ALT-CSE-07-00920,CSE-07,CRITICAL,2024-10-17T14:01:20,2024-10-17T14:02:20.094404,2024-10-17T14:06:24.036159,CLOSED,CAS-CSE-07-0734,DB-SERVER-07,False
ALT-CSE-07-00921,CSE-07,CRITICAL,2024-10-10T02:54:05,2024-10-10T02:56:00.984212,2024-10-10T02:59:17.297103,CLOSED,CAS-CSE-07-0735,DB-SERVER-07,False
ALT-CSE-07-00922,CSE-07,CRITICAL,2024-11-30T04:56:09,2024-11-30T04:56:49.088467,2024-11-30T05:01:13.903548,CLOSED,CAS-CSE-07-0736,ENDPOINT-07,False
ALT-CSE-07-00923,CSE-07,CRITICAL,2024-11-16T08:49:36,2024-11-16T08:50:08.026465,2024-11-16T08:54:47.503019,CLOSED,,WEB-SERVER-07,False
ALT-CSE-07-00924,CSE-07,CRITICAL,2024-10-14T13:16:14,2024-10-14T13:17:58.848792,2024-10-14T13:21:34.524777,CLOSED,CAS-CSE-07-0737,ENDPOINT-07,False
ALT-CSE-07-00925,CSE-07,CRITICAL,2024-12-21T00:21:53,2024-12-21T00:23:22.462290,2024-12-21T00:26:57.538728,CLOSED,CAS-CSE-07-0738,WEB-SERVER-07,False
ALT-CSE-07-00926,CSE-07,CRITICAL,2024-10-06T15:29:16,2024-10-06T15:30:52.425782,2024-10-06T15:34:20.648586,CLOSED,CAS-CSE-07-0739,WEB-SERVER-07,False
ALT-CSE-07-00927,CSE-07,CRITICAL,2024-11-12T15:34:13,2024-11-12T15:36:05.202271,2024-11-12T15:39:33.021923,CLOSED,CAS-CSE-07-0740,WEB-SERVER-07,False
ALT-CSE-07-00928,CSE-07,CRITICAL,2024-12-03T12:29:52,2024-12-03T12:30:44.532233,2024-12-03T12:35:20.875579,CLOSED,CAS-CSE-07-0741,ENDPOINT-07,False
ALT-CSE-07-00929,CSE-07,CRITICAL,2024-10-14T01:59:51,2024-10-14T02:00:53.726605,2024-10-14T02:05:00.368263,CLOSED,,DB-SERVER-07,False
ALT-CSE-07-00930,CSE-07,CRITICAL,2024-12-06T20:09:53,2024-12-06T20:11:05.639944,2024-12-06T20:15:30.564450,CLOSED,CAS-CSE-07-0742,ENDPOINT-07,False
ALT-CSE-07-00931,CSE-07,CRITICAL,2024-11-08T17:04:24,2024-11-08T17:06:23.412938,2024-11-08T17:09:38.231368,CLOSED,CAS-CSE-07-0743,ENDPOINT-07,False
ALT-CSE-07-00932,CSE-07,CRITICAL,2024-12-10T20:00:01,2024-12-10T20:01:37.686583,2024-12-10T20:05:10.454138,CLOSED,CAS-CSE-07-0744,ENDPOINT-07,False
ALT-CSE-07-00933,CSE-07,CRITICAL,2024-10-16T11:19:24,2024-10-16T11:20:52.634516,2024-10-16T11:24:37.862436,CLOSED,CAS-CSE-07-0745,WEB-SERVER-07,False
ALT-CSE-07-00934,CSE-07,CRITICAL,2024-10-28T14:14:31,2024-10-28T14:15:07.809207,2024-10-28T14:19:52.917809,CLOSED,CAS-CSE-07-0746,WEB-SERVER-07,False
ALT-CSE-07-00935,CSE-07,CRITICAL,2024-12-29T16:32:25,2024-12-29T16:33:48.074867,2024-12-29T16:37:49.178594,CLOSED,CAS-CSE-07-0747,WEB-SERVER-07,False
ALT-CSE-07-00936,CSE-07,CRITICAL,2024-12-12T16:32:18,2024-12-12T16:33:48.765146,2024-12-12T16:37:39.358659,CLOSED,CAS-CSE-07-0748,FIREWALL-07,False
ALT-CSE-07-00937,CSE-07,CRITICAL,2024-12-12T11:54:28,2024-12-12T11:55:36.720789,2024-12-12T11:59:48.516074,CLOSED,CAS-CSE-07-0749,ENDPOINT-07,False
ALT-CSE-07-00938,CSE-07,CRITICAL,2024-10-16T15:15:29,2024-10-16T15:16:44.900585,2024-10-16T15:20:43.540215,CLOSED,CAS-CSE-07-0750,ENDPOINT-07,False
ALT-CSE-07-00939,CSE-07,CRITICAL,2024-12-22T17:48:49,2024-12-22T17:50:41.966281,2024-12-22T17:53:53.733740,CLOSED,CAS-CSE-07-0751,WEB-SERVER-07,False
ALT-CSE-07-00940,CSE-07,CRITICAL,2024-10-13T21:11:10,2024-10-13T21:12:08.546755,2024-10-13T21:16:25.762662,CLOSED,CAS-CSE-07-0752,WEB-SERVER-07,False
ALT-CSE-07-00941,CSE-07,CRITICAL,2024-10-24T08:45:30,2024-10-24T08:46:54.453183,2024-10-24T08:50:37.376147,CLOSED,CAS-CSE-07-0753,ENDPOINT-07,False
ALT-CSE-07-00942,CSE-07,CRITICAL,2024-11-24T03:55:55,2024-11-24T03:56:56.661438,2024-11-24T04:01:04.783040,CLOSED,CAS-CSE-07-0754,ENDPOINT-07,False
ALT-CSE-07-00943,CSE-07,CRITICAL,2024-12-08T23:41:41,2024-12-08T23:43:21.991987,2024-12-08T23:46:47.699011,CLOSED,,WEB-SERVER-07,False
ALT-CSE-07-00944,CSE-07,CRITICAL,2024-10-24T05:04:18,2024-10-24T05:05:48.737475,2024-10-24T05:09:12.122883,CLOSED,CAS-CSE-07-0755,WEB-SERVER-07,False
ALT-CSE-07-00945,CSE-07,CRITICAL,2024-11-12T01:18:46,2024-11-12T01:20:45.057109,2024-11-12T01:23:34.741440,CLOSED,CAS-CSE-07-0756,FIREWALL-07,False
ALT-CSE-07-00946,CSE-07,CRITICAL,2024-12-14T06:56:37,2024-12-14T06:58:12.148383,2024-12-14T07:02:03.215972,CLOSED,CAS-CSE-07-0757,ENDPOINT-07,False
ALT-CSE-07-00947,CSE-07,CRITICAL,2024-11-12T05:57:43,2024-11-12T05:58:36.053224,2024-11-12T06:02:52.768538,CLOSED,CAS-CSE-07-0758,FIREWALL-07,False
ALT-CSE-07-00948,CSE-07,CRITICAL,2024-11-20T03:29:54,2024-11-20T03:31:36.001230,2024-11-20T03:35:09.033329,CLOSED,,ENDPOINT-07,False
ALT-CSE-07-00949,CSE-07,CRITICAL,2024-12-21T19:07:31,2024-12-21T19:09:29.094086,2024-12-21T19:12:43.838397,CLOSED,CAS-CSE-07-0759,DB-SERVER-07,False
ALT-CSE-07-00950,CSE-07,CRITICAL,2024-12-08T07:34:51,2024-12-08T07:36:04.100330,2024-12-08T07:39:53.474645,CLOSED,CAS-CSE-07-0760,DB-SERVER-07,False
ALT-CSE-07-00951,CSE-07,CRITICAL,2024-10-27T13:35:57,2024-10-27T13:37:11.045331,2024-10-27T13:41:08.414845,CLOSED,CAS-CSE-07-0761,WEB-SERVER-07,False
ALT-CSE-07-00952,CSE-07,CRITICAL,2024-10-04T07:46:00,2024-10-04T07:46:40.374591,2024-10-04T07:51:24.872879,CLOSED,CAS-CSE-07-0762,ENDPOINT-07,False
ALT-CSE-07-00953,CSE-07,CRITICAL,2024-10-04T23:01:30,2024-10-04T23:02:26.825105,2024-10-04T23:06:37.105716,CLOSED,CAS-CSE-07-0763,ENDPOINT-07,False
ALT-CSE-07-00954,CSE-07,CRITICAL,2024-12-07T04:17:30,2024-12-07T04:19:20.950765,2024-12-07T04:22:28.609595,CLOSED,CAS-CSE-07-0764,WEB-SERVER-07,False
ALT-CSE-07-00955,CSE-07,CRITICAL,2024-11-10T00:34:27,2024-11-10T00:36:02.396616,2024-11-10T00:39:20.715428,CLOSED,CAS-CSE-07-0765,WEB-SERVER-07,False
ALT-CSE-07-00956,CSE-07,CRITICAL,2024-10-04T21:11:06,2024-10-04T21:11:48.769046,2024-10-04T21:16:01.021537,CLOSED,,DB-SERVER-07,False
ALT-CSE-07-00957,CSE-07,CRITICAL,2024-11-06T07:45:29,2024-11-06T07:47:05.583804,2024-11-06T07:50:36.051262,CLOSED,,FIREWALL-07,False
ALT-CSE-07-00958,CSE-07,CRITICAL,2024-11-19T03:53:49,2024-11-19T03:55:13.082504,2024-11-19T03:59:09.021168,CLOSED,CAS-CSE-07-0766,ENDPOINT-07,False
ALT-CSE-07-00959,CSE-07,CRITICAL,2024-10-31T02:10:13,2024-10-31T02:11:29.864578,2024-10-31T02:15:40.150266,CLOSED,CAS-CSE-07-0767,ENDPOINT-07,False
ALT-CSE-07-00960,CSE-07,HIGH,2024-10-18T04:32:08,2024-10-18T04:33:48.722952,2024-10-18T04:55:45.996672,CLOSED,,FIREWALL-07,False
ALT-CSE-07-00961,CSE-07,LOW,2024-12-16T08:34:25,2024-12-16T08:35:53.675995,2024-12-16T08:58:30.062155,CLOSED,,ENDPOINT-07,False
ALT-CSE-07-00962,CSE-07,LOW,2024-11-19T09:54:41,2024-11-19T09:55:36.370153,2024-11-19T10:13:02.207050,CLOSED,,FIREWALL-07,False
ALT-CSE-07-00963,CSE-07,MEDIUM,2024-10-01T04:45:10,2024-10-01T04:45:55.921284,2024-10-01T05:06:46.665375,CLOSED,,DB-SERVER-07,False
ALT-CSE-07-00964,CSE-07,HIGH,2024-12-16T05:52:26,2024-12-16T05:53:29.710570,2024-12-16T06:15:06.980300,CLOSED,,DB-SERVER-07,False
ALT-CSE-07-00965,CSE-07,HIGH,2024-10-16T05:49:18,2024-10-16T05:50:26.518319,2024-10-16T06:03:11.592638,CLOSED,,FIREWALL-07,False
ALT-CSE-07-00966,CSE-07,LOW,2024-11-06T08:46:40,2024-11-06T08:48:17.163185,2024-11-06T08:59:58.028160,CLOSED,,DB-SERVER-07,False
ALT-CSE-07-00967,CSE-07,LOW,2024-10-20T00:29:00,2024-10-20T00:30:08.956952,2024-10-20T00:48:49.092527,CLOSED,,ENDPOINT-07,False
ALT-CSE-07-00968,CSE-07,HIGH,2024-12-03T16:31:28,2024-12-03T16:32:19.218030,2024-12-03T16:48:57.303254,CLOSED,,FIREWALL-07,False
ALT-CSE-07-00969,CSE-07,MEDIUM,2024-12-04T23:46:44,2024-12-04T23:48:01.408865,2024-12-05T00:02:04.584376,CLOSED,,DB-SERVER-07,False
ALT-CSE-07-00970,CSE-07,MEDIUM,2024-12-01T01:07:11,2024-12-01T01:08:29.465301,2024-12-01T01:30:59.875385,CLOSED,,DB-SERVER-07,False
ALT-CSE-07-00971,CSE-07,HIGH,2024-11-14T04:31:25,2024-11-14T04:32:25.886567,2024-11-14T04:45:29.228787,CLOSED,,FIREWALL-07,False
ALT-CSE-07-00972,CSE-07,LOW,2024-10-03T03:37:10,2024-10-03T03:39:08.657746,2024-10-03T04:08:52.340285,CLOSED,,WEB-SERVER-07,False
ALT-CSE-07-00973,CSE-07,LOW,2024-10-10T22:14:39,2024-10-10T22:16:31.057638,2024-10-10T22:28:57.156895,CLOSED,,ENDPOINT-07,False
ALT-CSE-07-00974,CSE-07,HIGH,2024-12-06T17:15:14,2024-12-06T17:17:02.058206,2024-12-06T17:34:39.059012,CLOSED,,ENDPOINT-07,False
ALT-CSE-07-00975,CSE-07,LOW,2024-11-03T17:05:03,2024-11-03T17:06:16.454916,2024-11-03T17:24:15.363634,CLOSED,,WEB-SERVER-07,False
ALT-CSE-07-00976,CSE-07,HIGH,2024-12-13T03:28:31,2024-12-13T03:29:29.876932,2024-12-13T03:47:03.595544,CLOSED,,DB-SERVER-07,False
ALT-CSE-07-00977,CSE-07,LOW,2024-10-27T05:33:17,2024-10-27T05:34:35.708438,2024-10-27T05:54:25.721741,CLOSED,,ENDPOINT-07,False
ALT-CSE-07-00978,CSE-07,LOW,2024-12-08T15:53:13,2024-12-08T15:54:27.673087,2024-12-08T16:14:55.485625,CLOSED,,DB-SERVER-07,False
ALT-CSE-07-00979,CSE-07,LOW,2024-10-28T10:59:34,2024-10-28T11:00:47.242842,2024-10-28T11:22:10.104884,CLOSED,,ENDPOINT-07,False
ALT-CSE-07-00980,CSE-07,HIGH,2024-10-31T18:54:16,2024-10-31T18:55:41.463991,2024-10-31T19:08:06.695098,CLOSED,,DB-SERVER-07,False
ALT-CSE-07-00981,CSE-07,LOW,2024-10-23T23:19:15,2024-10-23T23:20:49.654124,2024-10-23T23:38:05.283792,CLOSED,,DB-SERVER-07,False
ALT-CSE-07-00982,CSE-07,MEDIUM,2024-12-26T01:04:48,2024-12-26T01:05:32.499511,2024-12-26T01:27:53.637362,CLOSED,,ENDPOINT-07,False
ALT-CSE-07-00983,CSE-07,MEDIUM,2024-11-25T19:10:46,2024-11-25T19:11:30.260786,2024-11-25T19:28:08.115712,CLOSED,,DB-SERVER-07,False
ALT-CSE-07-00984,CSE-07,MEDIUM,2024-11-04T17:29:54,2024-11-04T17:31:50.390776,2024-11-04T17:49:35.841632,CLOSED,,DB-SERVER-07,False
ALT-CSE-07-00985,CSE-07,HIGH,2024-11-14T00:48:25,2024-11-14T00:49:02.533118,2024-11-14T01:07:21.478366,CLOSED,,DB-SERVER-07,False
ALT-CSE-07-00986,CSE-07,HIGH,2024-10-14T17:26:29,2024-10-14T17:27:24.390175,2024-10-14T17:40:36.772222,CLOSED,,WEB-SERVER-07,False
ALT-CSE-07-00987,CSE-07,LOW,2024-11-19T11:46:19,2024-11-19T11:47:01.331741,2024-11-19T12:06:13.022668,CLOSED,,FIREWALL-07,False
ALT-CSE-07-00988,CSE-07,LOW,2024-12-11T02:46:28,2024-12-11T02:48:26.958487,2024-12-11T03:08:44.655447,CLOSED,,WEB-SERVER-07,False
ALT-CSE-07-00989,CSE-07,MEDIUM,2024-11-22T19:49:48,2024-11-22T19:51:42.620758,2024-11-22T20:09:18.408018,CLOSED,,FIREWALL-07,False
ALT-CSE-07-00990,CSE-07,HIGH,2024-11-09T11:46:52,2024-11-09T11:48:16.303560,2024-11-09T12:07:45.971868,CLOSED,,DB-SERVER-07,False
ALT-CSE-07-00991,CSE-07,LOW,2024-10-09T19:43:11,2024-10-09T19:44:57.294886,2024-10-09T20:04:01.104009,CLOSED,,DB-SERVER-07,False
ALT-CSE-07-00992,CSE-07,MEDIUM,2024-10-21T13:10:01,2024-10-21T13:11:43.533882,2024-10-21T13:23:04.473498,CLOSED,,DB-SERVER-07,False
ALT-CSE-07-00993,CSE-07,MEDIUM,2024-12-22T00:10:37,2024-12-22T00:11:57.896373,2024-12-22T00:34:51.484836,CLOSED,,ENDPOINT-07,False
ALT-CSE-07-00994,CSE-07,LOW,2024-11-11T15:56:36,2024-11-11T15:57:10.818439,2024-11-11T16:15:09.134515,CLOSED,,DB-SERVER-07,False
ALT-CSE-07-00995,CSE-07,LOW,2024-11-29T01:19:50,2024-11-29T01:21:05.476634,2024-11-29T01:28:26.275326,CLOSED,,ENDPOINT-07,False
ALT-CSE-07-00996,CSE-07,LOW,2024-11-15T11:27:29,2024-11-15T11:28:57.125944,2024-11-15T11:53:55.248432,CLOSED,,FIREWALL-07,False
ALT-CSE-07-00997,CSE-07,LOW,2024-12-20T11:12:31,2024-12-20T11:13:43.437253,2024-12-20T11:31:37.582883,CLOSED,,ENDPOINT-07,False
ALT-CSE-07-00998,CSE-07,HIGH,2024-10-10T20:19:43,2024-10-10T20:21:15.492984,2024-10-10T20:48:26.562001,CLOSED,,DB-SERVER-07,False
ALT-CSE-07-00999,CSE-07,HIGH,2024-11-10T13:34:59,2024-11-10T13:36:07.094431,2024-11-10T13:51:26.730660,CLOSED,,FIREWALL-07,False
ALT-CSE-07-01000,CSE-07,HIGH,2024-12-07T12:43:19,2024-12-07T12:44:12.759528,2024-12-07T12:58:49.397424,CLOSED,,ENDPOINT-07,False
ALT-CSE-07-01001,CSE-07,HIGH,2024-11-05T05:41:15,2024-11-05T05:42:47.714297,2024-11-05T06:08:36.585556,CLOSED,,WEB-SERVER-07,False
ALT-CSE-07-01002,CSE-07,HIGH,2024-10-21T05:25:26,2024-10-21T05:26:28.209683,2024-10-21T05:38:25.495703,CLOSED,CAS-CSE-07-0768,DB-SERVER-07,False
ALT-CSE-07-01003,CSE-07,HIGH,2024-12-25T12:47:11,2024-12-25T12:48:21.175908,2024-12-25T13:10:43.504560,CLOSED,,FIREWALL-07,False
ALT-CSE-07-01004,CSE-07,MEDIUM,2024-11-22T04:14:26,2024-11-22T04:15:18.020089,2024-11-22T04:34:40.677400,CLOSED,,ENDPOINT-07,False
ALT-CSE-07-01005,CSE-07,HIGH,2024-12-09T11:49:14,2024-12-09T11:50:40.947086,2024-12-09T12:07:22.280323,CLOSED,,WEB-SERVER-07,False
ALT-CSE-07-01006,CSE-07,MEDIUM,2024-12-29T09:51:49,2024-12-29T09:52:32.412197,2024-12-29T10:16:50.254076,CLOSED,,DB-SERVER-07,False
ALT-CSE-07-01007,CSE-07,LOW,2024-11-25T07:32:01,2024-11-25T07:32:40.733637,2024-11-25T07:50:04.150436,CLOSED,CAS-CSE-07-0769,FIREWALL-07,False
ALT-CSE-07-01008,CSE-07,LOW,2024-11-15T15:59:55,2024-11-15T16:01:06.570433,2024-11-15T16:21:13.674274,CLOSED,,DB-SERVER-07,False
ALT-CSE-07-01009,CSE-07,HIGH,2024-10-16T20:24:41,2024-10-16T20:26:14.527693,2024-10-16T20:48:05.795133,CLOSED,CAS-CSE-07-0770,WEB-SERVER-07,False
ALT-CSE-07-01010,CSE-07,LOW,2024-10-02T03:25:32,2024-10-02T03:26:12.980247,2024-10-02T03:42:56.593972,CLOSED,,WEB-SERVER-07,False
ALT-CSE-07-01011,CSE-07,MEDIUM,2024-10-08T14:41:09,2024-10-08T14:42:24.811602,2024-10-08T14:54:24.750670,CLOSED,,WEB-SERVER-07,False
ALT-CSE-07-01012,CSE-07,MEDIUM,2024-10-06T10:47:24,2024-10-06T10:47:56.639357,2024-10-06T11:08:53.089493,CLOSED,,FIREWALL-07,False
ALT-CSE-07-01013,CSE-07,HIGH,2024-10-11T04:10:52,2024-10-11T04:11:36.455921,2024-10-11T04:27:04.585956,CLOSED,,WEB-SERVER-07,False
ALT-CSE-07-01014,CSE-07,HIGH,2024-11-25T21:02:17,2024-11-25T21:03:36.601779,2024-11-25T21:18:07.117055,CLOSED,,DB-SERVER-07,False
ALT-CSE-07-01015,CSE-07,MEDIUM,2024-12-24T03:23:22,2024-12-24T03:24:18.222665,2024-12-24T03:43:48.809633,CLOSED,,FIREWALL-07,False
ALT-CSE-07-01016,CSE-07,MEDIUM,2024-12-25T11:34:32,2024-12-25T11:35:37.652746,2024-12-25T11:54:08.310492,CLOSED,,DB-SERVER-07,False
ALT-CSE-07-01017,CSE-07,LOW,2024-12-22T05:53:10,2024-12-22T05:54:59.911651,2024-12-22T06:14:58.108881,CLOSED,,WEB-SERVER-07,False
ALT-CSE-07-01018,CSE-07,MEDIUM,2024-10-13T23:58:44,2024-10-13T23:59:19.564871,2024-10-14T00:15:43.018878,CLOSED,,DB-SERVER-07,False
ALT-CSE-07-01019,CSE-07,HIGH,2024-11-02T05:33:23,2024-11-02T05:34:02.701695,2024-11-02T06:03:39.585014,CLOSED,,ENDPOINT-07,False
ALT-CSE-07-01020,CSE-07,HIGH,2024-11-08T13:53:58,2024-11-08T13:55:43.665328,2024-11-08T14:08:54.072222,CLOSED,,DB-SERVER-07,False
ALT-CSE-07-01021,CSE-07,LOW,2024-12-08T16:50:41,2024-12-08T16:51:29.008854,2024-12-08T17:12:56.094379,CLOSED,CAS-CSE-07-0771,DB-SERVER-07,False
ALT-CSE-07-01022,CSE-07,MEDIUM,2024-12-11T07:18:34,2024-12-11T07:19:20.185234,2024-12-11T07:41:49.380217,CLOSED,,WEB-SERVER-07,False
ALT-CSE-07-01023,CSE-07,MEDIUM,2024-11-19T04:49:07,2024-11-19T04:49:53.063707,2024-11-19T05:02:49.857744,CLOSED,,DB-SERVER-07,False
ALT-CSE-07-01024,CSE-07,HIGH,2024-12-19T03:07:37,2024-12-19T03:09:12.707985,2024-12-19T03:22:40.123231,CLOSED,,FIREWALL-07,False
ALT-CSE-07-01025,CSE-07,MEDIUM,2024-10-12T20:44:39,2024-10-12T20:45:26.363338,2024-10-12T21:06:45.609574,CLOSED,,WEB-SERVER-07,False
ALT-CSE-07-01026,CSE-07,HIGH,2024-12-06T23:31:52,2024-12-06T23:32:44.688835,2024-12-06T23:52:35.068335,CLOSED,CAS-CSE-07-0772,FIREWALL-07,False
ALT-CSE-07-01027,CSE-07,MEDIUM,2024-12-16T02:22:59,2024-12-16T02:23:46.710004,2024-12-16T02:39:17.733960,CLOSED,CAS-CSE-07-0773,WEB-SERVER-07,False
ALT-CSE-07-01028,CSE-07,HIGH,2024-11-07T01:52:53,2024-11-07T01:54:41.473014,2024-11-07T02:15:26.104394,CLOSED,CAS-CSE-07-0774,ENDPOINT-07,False
ALT-CSE-07-01029,CSE-07,MEDIUM,2024-11-29T11:23:13,2024-11-29T11:25:01.086541,2024-11-29T11:47:07.004527,CLOSED,,DB-SERVER-07,False
ALT-CSE-07-01030,CSE-07,LOW,2024-10-16T09:54:49,2024-10-16T09:56:03.808344,2024-10-16T10:11:59.252340,CLOSED,,FIREWALL-07,False
ALT-CSE-07-01031,CSE-07,LOW,2024-12-08T20:34:17,2024-12-08T20:36:01.439982,2024-12-08T20:52:07.606716,CLOSED,CAS-CSE-07-0775,FIREWALL-07,False
ALT-CSE-07-01032,CSE-07,LOW,2024-10-26T04:35:37,2024-10-26T04:36:37.538902,2024-10-26T04:56:41.588497,CLOSED,,DB-SERVER-07,False
ALT-CSE-07-01033,CSE-07,HIGH,2024-10-24T07:51:31,2024-10-24T07:52:51.132907,2024-10-24T08:19:52.714347,CLOSED,,DB-SERVER-07,False
ALT-CSE-07-01034,CSE-07,HIGH,2024-10-26T01:05:42,2024-10-26T01:07:30.401131,2024-10-26T01:19:52.773722,CLOSED,,ENDPOINT-07,False
ALT-CSE-07-01035,CSE-07,MEDIUM,2024-11-11T23:36:36,2024-11-11T23:37:34.160673,2024-11-12T00:05:51.986183,CLOSED,,FIREWALL-07,False
ALT-CSE-07-01036,CSE-07,HIGH,2024-10-15T21:14:51,2024-10-15T21:16:16.457988,2024-10-15T21:34:44.485482,CLOSED,,WEB-SERVER-07,False
ALT-CSE-07-01037,CSE-07,HIGH,2024-11-13T23:49:02,2024-11-13T23:50:56.876534,2024-11-14T00:15:38.309092,CLOSED,,WEB-SERVER-07,False
ALT-CSE-07-01038,CSE-07,HIGH,2024-12-06T21:10:09,2024-12-06T21:11:10.898562,2024-12-06T21:34:24.537895,CLOSED,,DB-SERVER-07,False
ALT-CSE-07-01039,CSE-07,HIGH,2024-10-09T09:12:49,2024-10-09T09:13:38.967253,2024-10-09T09:41:58.737961,CLOSED,,ENDPOINT-07,False
ALT-CSE-07-01040,CSE-07,HIGH,2024-12-05T18:51:03,2024-12-05T18:52:25.877265,2024-12-05T19:03:47.694705,CLOSED,,WEB-SERVER-07,False
ALT-CSE-07-01041,CSE-07,MEDIUM,2024-11-13T14:21:48,2024-11-13T14:22:47.176143,2024-11-13T14:42:05.241972,CLOSED,,DB-SERVER-07,False
ALT-CSE-07-01042,CSE-07,HIGH,2024-11-09T19:41:15,2024-11-09T19:42:13.505325,2024-11-09T20:02:54.429295,CLOSED,,ENDPOINT-07,False
ALT-CSE-07-01043,CSE-07,LOW,2024-10-08T20:57:24,2024-10-08T20:58:47.734354,2024-10-08T21:26:17.794848,CLOSED,,FIREWALL-07,False
ALT-CSE-07-01044,CSE-07,LOW,2024-10-09T19:53:16,2024-10-09T19:54:52.489366,2024-10-09T20:15:11.315106,CLOSED,,DB-SERVER-07,False
ALT-CSE-07-01045,CSE-07,MEDIUM,2024-12-14T06:58:56,2024-12-14T07:00:06.476468,2024-12-14T07:19:26.122468,CLOSED,,DB-SERVER-07,False
ALT-CSE-07-01046,CSE-07,HIGH,2024-12-01T03:04:09,2024-12-01T03:04:39.495034,2024-12-01T03:20:37.213731,CLOSED,,DB-SERVER-07,False
ALT-CSE-07-01047,CSE-07,LOW,2024-12-25T18:18:21,2024-12-25T18:18:56.362102,2024-12-25T18:39:24.398428,CLOSED,,DB-SERVER-07,False
ALT-CSE-07-01048,CSE-07,HIGH,2024-11-26T17:09:50,2024-11-26T17:10:36.397005,2024-11-26T17:34:53.930143,CLOSED,,FIREWALL-07,False
ALT-CSE-07-01049,CSE-07,MEDIUM,2024-10-21T11:04:38,2024-10-21T11:06:17.454489,2024-10-21T11:22:44.827868,CLOSED,,WEB-SERVER-07,False
ALT-CSE-07-01050,CSE-07,HIGH,2024-10-29T10:41:27,2024-10-29T10:42:22.917726,2024-10-29T11:00:05.608158,CLOSED,,DB-SERVER-07,False
ALT-CSE-07-01051,CSE-07,LOW,2024-12-09T20:10:40,2024-12-09T20:11:11.453261,2024-12-09T20:34:31.424678,CLOSED,,DB-SERVER-07,False
ALT-CSE-07-01052,CSE-07,LOW,2024-12-13T04:19:09,2024-12-13T04:20:37.463915,2024-12-13T04:35:46.170646,CLOSED,,WEB-SERVER-07,False
ALT-CSE-07-01053,CSE-07,HIGH,2024-11-17T07:44:59,2024-11-17T07:45:31.340174,2024-11-17T08:01:41.936680,CLOSED,,WEB-SERVER-07,False
ALT-CSE-07-01054,CSE-07,HIGH,2024-10-13T07:52:36,2024-10-13T07:53:54.790573,2024-10-13T08:07:16.182194,CLOSED,,FIREWALL-07,False
ALT-CSE-07-01055,CSE-07,MEDIUM,2024-11-12T02:34:26,2024-11-12T02:35:59.475485,2024-11-12T02:53:37.223231,CLOSED,,ENDPOINT-07,False
ALT-CSE-07-01056,CSE-07,LOW,2024-12-08T04:21:58,2024-12-08T04:22:46.197249,2024-12-08T04:38:27.810206,CLOSED,,WEB-SERVER-07,False
ALT-CSE-07-01057,CSE-07,HIGH,2024-10-25T22:01:40,2024-10-25T22:02:26.928852,2024-10-25T22:30:45.190934,CLOSED,,FIREWALL-07,False
ALT-CSE-07-01058,CSE-07,HIGH,2024-11-11T14:51:50,2024-11-11T14:53:41.999560,2024-11-11T15:04:42.290084,CLOSED,,ENDPOINT-07,False
ALT-CSE-07-01059,CSE-07,MEDIUM,2024-12-25T16:09:43,2024-12-25T16:10:22.107606,2024-12-25T16:24:03.472011,CLOSED,,ENDPOINT-07,False
ALT-CSE-07-01060,CSE-07,LOW,2024-11-16T16:07:06,2024-11-16T16:08:23.064595,2024-11-16T16:27:48.975323,CLOSED,,WEB-SERVER-07,False
ALT-CSE-07-01061,CSE-07,MEDIUM,2024-10-03T07:33:06,2024-10-03T07:34:11.126962,2024-10-03T08:01:19.815977,CLOSED,,FIREWALL-07,False
ALT-CSE-07-01062,CSE-07,MEDIUM,2024-12-19T09:51:16,2024-12-19T09:52:49.872962,2024-12-19T10:10:25.411283,CLOSED,,WEB-SERVER-07,False
ALT-CSE-07-01063,CSE-07,HIGH,2024-10-28T00:39:37,2024-10-28T00:40:24.100093,2024-10-28T00:52:25.628099,CLOSED,,WEB-SERVER-07,False
ALT-CSE-07-01064,CSE-07,MEDIUM,2024-11-16T08:23:00,2024-11-16T08:24:30.635920,2024-11-16T08:44:24.102431,CLOSED,,DB-SERVER-07,False
ALT-CSE-07-01065,CSE-07,HIGH,2024-10-05T10:12:52,2024-10-05T10:14:26.227980,2024-10-05T10:32:09.623262,CLOSED,,DB-SERVER-07,False
ALT-CSE-07-01066,CSE-07,LOW,2024-10-26T04:53:45,2024-10-26T04:55:44.245992,2024-10-26T05:14:20.383641,CLOSED,,FIREWALL-07,False
ALT-CSE-07-01067,CSE-07,HIGH,2024-11-27T01:35:28,2024-11-27T01:35:58.247346,2024-11-27T01:53:52.401859,CLOSED,,ENDPOINT-07,False
ALT-CSE-07-01068,CSE-07,MEDIUM,2024-11-06T23:35:10,2024-11-06T23:35:51.323084,2024-11-06T23:48:00.907537,CLOSED,,WEB-SERVER-07,False
ALT-CSE-07-01069,CSE-07,HIGH,2024-11-30T00:19:38,2024-11-30T00:20:20.573242,2024-11-30T00:33:37.605385,CLOSED,,ENDPOINT-07,False
ALT-CSE-07-01070,CSE-07,MEDIUM,2024-12-17T03:37:59,2024-12-17T03:39:03.625257,2024-12-17T03:54:24.700927,CLOSED,,ENDPOINT-07,False
ALT-CSE-07-01071,CSE-07,HIGH,2024-12-04T16:31:49,2024-12-04T16:32:34.117378,2024-12-04T16:56:23.025826,CLOSED,,WEB-SERVER-07,False
ALT-CSE-07-01072,CSE-07,LOW,2024-10-25T08:43:02,2024-10-25T08:44:34.813988,2024-10-25T09:02:44.596331,CLOSED,CAS-CSE-07-0776,DB-SERVER-07,False
ALT-CSE-07-01073,CSE-07,MEDIUM,2024-11-18T02:56:57,2024-11-18T02:58:10.392402,2024-11-18T03:19:15.013386,CLOSED,,ENDPOINT-07,False
ALT-CSE-07-01074,CSE-07,HIGH,2024-11-09T08:06:21,2024-11-09T08:07:54.157176,2024-11-09T08:23:48.630223,CLOSED,,WEB-SERVER-07,False
ALT-CSE-07-01075,CSE-07,HIGH,2024-10-19T23:17:01,2024-10-19T23:17:35.908134,2024-10-19T23:34:51.003220,CLOSED,,ENDPOINT-07,False
ALT-CSE-07-01076,CSE-07,LOW,2024-11-17T06:27:01,2024-11-17T06:28:53.651350,2024-11-17T06:39:57.488329,CLOSED,,DB-SERVER-07,False
ALT-CSE-07-01077,CSE-07,LOW,2024-12-23T10:31:48,2024-12-23T10:32:59.198334,2024-12-23T10:50:35.898737,CLOSED,,FIREWALL-07,False
ALT-CSE-07-01078,CSE-07,MEDIUM,2024-10-17T07:06:18,2024-10-17T07:08:12.796375,2024-10-17T07:23:30.378230,CLOSED,,DB-SERVER-07,False
ALT-CSE-07-01079,CSE-07,MEDIUM,2024-12-28T03:21:56,2024-12-28T03:23:19.019754,2024-12-28T03:49:57.427571,CLOSED,,ENDPOINT-07,False
ALT-CSE-07-01080,CSE-07,LOW,2024-11-09T18:57:59,2024-11-09T18:59:22.608386,2024-11-09T19:12:01.780506,CLOSED,,DB-SERVER-07,False
ALT-CSE-07-01081,CSE-07,HIGH,2024-10-27T00:02:24,2024-10-27T00:04:11.062213,2024-10-27T00:28:32.751284,CLOSED,,DB-SERVER-07,False
ALT-CSE-07-01082,CSE-07,LOW,2024-11-19T01:54:11,2024-11-19T01:55:34.294572,2024-11-19T02:18:49.997839,CLOSED,,ENDPOINT-07,False
ALT-CSE-07-01083,CSE-07,MEDIUM,2024-10-23T21:01:36,2024-10-23T21:02:28.345310,2024-10-23T21:24:12.339831,CLOSED,,DB-SERVER-07,False
ALT-CSE-07-01084,CSE-07,LOW,2024-11-21T17:21:46,2024-11-21T17:22:20.271237,2024-11-21T17:40:38.720564,CLOSED,,DB-SERVER-07,False
ALT-CSE-07-01085,CSE-07,HIGH,2024-12-09T00:20:29,2024-12-09T00:22:12.529351,2024-12-09T00:41:36.878543,CLOSED,,FIREWALL-07,False
ALT-CSE-07-01086,CSE-07,HIGH,2024-10-12T07:57:55,2024-10-12T07:59:28.194290,2024-10-12T08:22:07.586924,CLOSED,,FIREWALL-07,False
ALT-CSE-07-01087,CSE-07,LOW,2024-10-02T11:23:34,2024-10-02T11:24:19.845803,2024-10-02T11:39:55.376438,CLOSED,,ENDPOINT-07,False
ALT-CSE-07-01088,CSE-07,MEDIUM,2024-12-26T19:28:41,2024-12-26T19:30:23.998727,2024-12-26T19:41:35.856712,CLOSED,,ENDPOINT-07,False
ALT-CSE-07-01089,CSE-07,LOW,2024-11-20T03:09:55,2024-11-20T03:11:11.481183,2024-11-20T03:32:56.223030,CLOSED,,WEB-SERVER-07,False
ALT-CSE-07-01090,CSE-07,HIGH,2024-12-26T12:01:05,2024-12-26T12:02:15.252239,2024-12-26T12:15:07.853716,CLOSED,,ENDPOINT-07,False
ALT-CSE-07-01091,CSE-07,LOW,2024-10-28T05:39:48,2024-10-28T05:40:32.498286,2024-10-28T06:05:17.390283,CLOSED,,FIREWALL-07,False
ALT-CSE-07-01092,CSE-07,HIGH,2024-11-26T17:40:40,2024-11-26T17:41:49.836174,2024-11-26T17:53:00.715973,CLOSED,CAS-CSE-07-0777,WEB-SERVER-07,False
ALT-CSE-07-01093,CSE-07,MEDIUM,2024-12-06T07:54:08,2024-12-06T07:54:42.075835,2024-12-06T08:15:40.222418,CLOSED,,ENDPOINT-07,False
ALT-CSE-07-01094,CSE-07,MEDIUM,2024-12-18T07:30:45,2024-12-18T07:31:35.739675,2024-12-18T07:46:40.700269,CLOSED,,FIREWALL-07,False
ALT-CSE-07-01095,CSE-07,HIGH,2024-12-11T09:04:32,2024-12-11T09:05:26.841320,2024-12-11T09:33:32.296303,CLOSED,,ENDPOINT-07,False
ALT-CSE-07-01096,CSE-07,HIGH,2024-11-21T08:20:24,2024-11-21T08:21:48.935634,2024-11-21T08:43:36.297509,CLOSED,,ENDPOINT-07,False
ALT-CSE-07-01097,CSE-07,HIGH,2024-12-15T06:41:00,2024-12-15T06:41:38.287633,2024-12-15T06:58:53.237493,CLOSED,,ENDPOINT-07,False
ALT-CSE-07-01098,CSE-07,HIGH,2024-11-14T18:05:19,2024-11-14T18:07:16.865634,2024-11-14T18:23:00.195168,CLOSED,,FIREWALL-07,False
ALT-CSE-07-01099,CSE-07,MEDIUM,2024-11-18T10:50:27,2024-11-18T10:51:53.885953,2024-11-18T11:14:29.807110,CLOSED,,WEB-SERVER-07,False
ALT-CSE-07-01100,CSE-07,MEDIUM,2024-11-04T05:20:38,2024-11-04T05:22:21.286313,2024-11-04T05:39:32.355651,CLOSED,,WEB-SERVER-07,False
ALT-CSE-07-01101,CSE-07,HIGH,2024-12-24T02:19:51,2024-12-24T02:20:40.714335,2024-12-24T02:41:43.982678,CLOSED,,ENDPOINT-07,False
ALT-CSE-07-01102,CSE-07,MEDIUM,2024-11-26T09:33:44,2024-11-26T09:35:31.914867,2024-11-26T09:54:00.941845,CLOSED,,FIREWALL-07,False
ALT-CSE-07-01103,CSE-07,HIGH,2024-10-23T07:52:54,2024-10-23T07:54:47.090340,2024-10-23T08:19:22.695290,CLOSED,,WEB-SERVER-07,False
ALT-CSE-07-01104,CSE-07,LOW,2024-11-05T23:51:51,2024-11-05T23:53:07.783788,2024-11-06T00:11:33.068264,CLOSED,,ENDPOINT-07,False
ALT-CSE-07-01105,CSE-07,HIGH,2024-12-13T14:35:41,2024-12-13T14:36:26.480831,2024-12-13T14:58:16.099687,CLOSED,,ENDPOINT-07,False
ALT-CSE-07-01106,CSE-07,HIGH,2024-11-30T07:16:27,2024-11-30T07:17:12.707612,2024-11-30T07:40:35.593209,CLOSED,,FIREWALL-07,False
ALT-CSE-07-01107,CSE-07,MEDIUM,2024-10-10T03:21:53,2024-10-10T03:23:45.617119,2024-10-10T03:41:23.547627,CLOSED,,ENDPOINT-07,False
ALT-CSE-07-01108,CSE-07,HIGH,2024-11-26T08:08:36,2024-11-26T08:10:32.844336,2024-11-26T08:23:57.599428,CLOSED,,DB-SERVER-07,False
ALT-CSE-07-01109,CSE-07,HIGH,2024-10-25T05:22:08,2024-10-25T05:24:05.503152,2024-10-25T05:44:03.701812,CLOSED,,DB-SERVER-07,False
ALT-CSE-07-01110,CSE-07,MEDIUM,2024-12-28T03:22:40,2024-12-28T03:23:36.172461,2024-12-28T03:49:02.870037,CLOSED,,WEB-SERVER-07,False
ALT-CSE-07-01111,CSE-07,MEDIUM,2024-12-09T14:11:03,2024-12-09T14:12:01.071011,2024-12-09T14:29:48.610573,CLOSED,,WEB-SERVER-07,False
ALT-CSE-07-01112,CSE-07,HIGH,2024-10-01T23:43:34,2024-10-01T23:44:35.620255,2024-10-02T00:00:41.834775,CLOSED,,WEB-SERVER-07,False
ALT-CSE-07-01113,CSE-07,MEDIUM,2024-12-23T04:27:19,2024-12-23T04:29:15.332496,2024-12-23T04:48:20.214139,CLOSED,,WEB-SERVER-07,False
ALT-CSE-07-01114,CSE-07,HIGH,2024-11-03T01:57:57,2024-11-03T01:59:27.704668,2024-11-03T02:20:35.963934,CLOSED,,DB-SERVER-07,False
ALT-CSE-07-01115,CSE-07,LOW,2024-11-25T00:33:09,2024-11-25T00:34:57.114375,2024-11-25T01:00:41.937929,CLOSED,,DB-SERVER-07,False
ALT-CSE-07-01116,CSE-07,MEDIUM,2024-12-19T01:05:55,2024-12-19T01:07:48.559574,2024-12-19T01:20:45.196999,CLOSED,,FIREWALL-07,False
ALT-CSE-07-01117,CSE-07,LOW,2024-11-23T02:14:29,2024-11-23T02:16:20.748666,2024-11-23T02:31:48.113488,CLOSED,,ENDPOINT-07,False
ALT-CSE-07-01118,CSE-07,MEDIUM,2024-12-20T12:59:40,2024-12-20T13:00:57.129252,2024-12-20T13:15:53.684814,CLOSED,,FIREWALL-07,False
ALT-CSE-07-01119,CSE-07,MEDIUM,2024-11-01T06:21:45,2024-11-01T06:22:23.147439,2024-11-01T06:46:02.499781,CLOSED,,WEB-SERVER-07,False
ALT-CSE-07-01120,CSE-07,HIGH,2024-10-20T18:07:01,2024-10-20T18:08:15.076008,2024-10-20T18:36:03.923053,CLOSED,,ENDPOINT-07,False
ALT-CSE-07-01121,CSE-07,LOW,2024-11-02T15:59:53,2024-11-02T16:00:36.998470,2024-11-02T16:10:44.043219,CLOSED,,ENDPOINT-07,False
ALT-CSE-07-01122,CSE-07,MEDIUM,2024-12-04T23:17:34,2024-12-04T23:18:15.740615,2024-12-04T23:48:29.137891,CLOSED,,ENDPOINT-07,False
ALT-CSE-07-01123,CSE-07,LOW,2024-10-06T09:35:05,2024-10-06T09:35:52.319718,2024-10-06T09:45:47.376703,CLOSED,,FIREWALL-07,False
ALT-CSE-07-01124,CSE-07,LOW,2024-12-12T02:38:32,2024-12-12T02:40:25.475939,2024-12-12T03:02:25.411709,CLOSED,,WEB-SERVER-07,False
ALT-CSE-07-01125,CSE-07,LOW,2024-12-01T12:25:14,2024-12-01T12:26:31.847532,2024-12-01T12:49:22.021479,CLOSED,,FIREWALL-07,False
ALT-CSE-07-01126,CSE-07,MEDIUM,2024-12-10T16:00:08,2024-12-10T16:02:03.121319,2024-12-10T16:18:46.387609,CLOSED,,ENDPOINT-07,False
ALT-CSE-07-01127,CSE-07,LOW,2024-11-17T07:08:07,2024-11-17T07:09:01.835337,2024-11-17T07:27:59.713320,CLOSED,,FIREWALL-07,False
ALT-CSE-07-01128,CSE-07,MEDIUM,2024-10-02T17:48:58,2024-10-02T17:50:23.413165,2024-10-02T18:08:54.209945,CLOSED,,ENDPOINT-07,False
ALT-CSE-07-01129,CSE-07,LOW,2024-12-10T13:59:08,2024-12-10T14:01:03.960762,2024-12-10T14:23:18.699911,CLOSED,,ENDPOINT-07,False
ALT-CSE-07-01130,CSE-07,MEDIUM,2024-11-02T17:39:17,2024-11-02T17:40:20.483629,2024-11-02T18:01:17.751262,CLOSED,,ENDPOINT-07,False
ALT-CSE-07-01131,CSE-07,HIGH,2024-11-07T06:41:53,2024-11-07T06:42:50.301991,2024-11-07T06:50:41.914363,CLOSED,,FIREWALL-07,False
ALT-CSE-07-01132,CSE-07,LOW,2024-12-25T03:52:15,2024-12-25T03:53:44.261205,2024-12-25T04:19:44.952702,CLOSED,,ENDPOINT-07,False
ALT-CSE-07-01133,CSE-07,MEDIUM,2024-12-04T10:17:58,2024-12-04T10:19:00.760826,2024-12-04T10:34:07.165541,CLOSED,,ENDPOINT-07,False
ALT-CSE-07-01134,CSE-07,MEDIUM,2024-10-24T14:54:21,2024-10-24T14:55:51.553914,2024-10-24T15:19:35.995378,CLOSED,,ENDPOINT-07,False
ALT-CSE-07-01135,CSE-07,MEDIUM,2024-11-02T18:30:38,2024-11-02T18:31:30.495282,2024-11-02T18:57:20.803506,CLOSED,,DB-SERVER-07,False
ALT-CSE-07-01136,CSE-07,LOW,2024-11-19T00:15:30,2024-11-19T00:16:26.235280,2024-11-19T00:35:21.034976,CLOSED,,WEB-SERVER-07,False
ALT-CSE-07-01137,CSE-07,MEDIUM,2024-10-12T22:49:39,2024-10-12T22:50:34.309065,2024-10-12T23:07:43.381757,CLOSED,,FIREWALL-07,False
ALT-CSE-07-01138,CSE-07,MEDIUM,2024-10-25T09:27:30,2024-10-25T09:28:30.492102,2024-10-25T09:40:41.546640,CLOSED,,WEB-SERVER-07,False
ALT-CSE-07-01139,CSE-07,MEDIUM,2024-10-16T16:19:55,2024-10-16T16:21:48.296882,2024-10-16T16:43:13.481177,CLOSED,,DB-SERVER-07,False
ALT-CSE-07-01140,CSE-07,MEDIUM,2024-12-19T23:04:26,2024-12-19T23:04:57.482288,2024-12-19T23:20:22.283112,CLOSED,,FIREWALL-07,False
ALT-CSE-07-01141,CSE-07,MEDIUM,2024-12-18T02:24:23,2024-12-18T02:25:39.594787,2024-12-18T02:44:13.381319,CLOSED,,FIREWALL-07,False
ALT-CSE-07-01142,CSE-07,MEDIUM,2024-11-13T18:35:51,2024-11-13T18:36:30.913968,2024-11-13T18:58:59.548786,CLOSED,,ENDPOINT-07,False
ALT-CSE-07-01143,CSE-07,LOW,2024-11-04T21:32:59,2024-11-04T21:33:30.585689,2024-11-04T21:51:05.938923,CLOSED,,ENDPOINT-07,False
ALT-CSE-07-01144,CSE-07,MEDIUM,2024-12-10T06:41:13,2024-12-10T06:41:46.063417,2024-12-10T07:08:06.725344,CLOSED,,ENDPOINT-07,False
ALT-CSE-07-01145,CSE-07,LOW,2024-11-21T12:48:04,2024-11-21T12:48:51.983257,2024-11-21T13:08:08.539854,CLOSED,,DB-SERVER-07,False
ALT-CSE-07-01146,CSE-07,HIGH,2024-12-24T23:28:00,2024-12-24T23:29:03.740263,2024-12-24T23:40:11.426354,CLOSED,,ENDPOINT-07,False
ALT-CSE-07-01147,CSE-07,LOW,2024-12-17T06:56:45,2024-12-17T06:58:16.317951,2024-12-17T07:20:18.453932,CLOSED,,FIREWALL-07,False
ALT-CSE-07-01148,CSE-07,MEDIUM,2024-11-23T21:18:56,2024-11-23T21:20:15.070392,2024-11-23T21:24:53.809964,CLOSED,,ENDPOINT-07,False
ALT-CSE-07-01149,CSE-07,HIGH,2024-10-29T14:18:03,2024-10-29T14:18:42.945170,2024-10-29T14:33:07.467568,CLOSED,,DB-SERVER-07,False
ALT-CSE-07-01150,CSE-07,HIGH,2024-12-07T08:42:57,2024-12-07T08:44:43.493860,2024-12-07T09:08:00.973057,CLOSED,,WEB-SERVER-07,False
ALT-CSE-07-01151,CSE-07,MEDIUM,2024-11-06T23:06:36,2024-11-06T23:07:29.481791,2024-11-06T23:26:14.712296,CLOSED,,FIREWALL-07,False
ALT-CSE-07-01152,CSE-07,HIGH,2024-12-12T01:28:32,2024-12-12T01:29:06.629111,2024-12-12T01:48:46.881516,CLOSED,,FIREWALL-07,False
ALT-CSE-07-01153,CSE-07,HIGH,2024-10-10T16:06:56,2024-10-10T16:08:06.802017,2024-10-10T16:28:26.516237,CLOSED,,FIREWALL-07,False
ALT-CSE-07-01154,CSE-07,MEDIUM,2024-11-06T22:52:13,2024-11-06T22:53:08.583140,2024-11-06T23:10:28.387747,CLOSED,,WEB-SERVER-07,False
ALT-CSE-07-01155,CSE-07,LOW,2024-11-17T16:10:10,2024-11-17T16:11:39.081492,2024-11-17T16:28:49.292771,CLOSED,,WEB-SERVER-07,False
ALT-CSE-07-01156,CSE-07,LOW,2024-11-19T09:21:53,2024-11-19T09:23:16.077214,2024-11-19T09:42:14.360870,CLOSED,,DB-SERVER-07,False
ALT-CSE-07-01157,CSE-07,LOW,2024-12-13T03:55:03,2024-12-13T03:55:58.291695,2024-12-13T04:15:26.245446,CLOSED,,WEB-SERVER-07,False
ALT-CSE-07-01158,CSE-07,LOW,2024-11-10T10:42:02,2024-11-10T10:42:32.848209,2024-11-10T11:07:27.160859,CLOSED,,WEB-SERVER-07,False
ALT-CSE-07-01159,CSE-07,LOW,2024-10-28T12:59:06,2024-10-28T12:59:41.986504,2024-10-28T13:19:58.794970,CLOSED,,WEB-SERVER-07,False
ALT-CSE-07-01160,CSE-07,LOW,2024-11-01T20:45:26,2024-11-01T20:46:55.055383,2024-11-01T21:04:32.015800,CLOSED,,ENDPOINT-07,False
ALT-CSE-07-01161,CSE-07,MEDIUM,2024-12-18T12:41:59,2024-12-18T12:42:33.317511,2024-12-18T13:01:01.020888,CLOSED,,ENDPOINT-07,False
ALT-CSE-07-01162,CSE-07,HIGH,2024-10-09T23:38:29,2024-10-09T23:40:07.849799,2024-10-10T00:01:20.686667,CLOSED,CAS-CSE-07-0778,FIREWALL-07,False
ALT-CSE-07-01163,CSE-07,LOW,2024-12-17T20:40:37,2024-12-17T20:41:08.223765,2024-12-17T20:57:51.998206,CLOSED,,FIREWALL-07,False
ALT-CSE-07-01164,CSE-07,MEDIUM,2024-12-24T04:27:33,2024-12-24T04:28:49.323635,2024-12-24T04:48:58.421426,CLOSED,,FIREWALL-07,False
ALT-CSE-07-01165,CSE-07,LOW,2024-12-09T03:27:48,2024-12-09T03:28:27.425301,2024-12-09T03:45:57.552719,CLOSED,,DB-SERVER-07,False
ALT-CSE-07-01166,CSE-07,MEDIUM,2024-10-29T18:18:20,2024-10-29T18:19:30.739652,2024-10-29T18:37:00.282868,CLOSED,,WEB-SERVER-07,False
ALT-CSE-07-01167,CSE-07,HIGH,2024-11-26T02:00:16,2024-11-26T02:01:07.869247,2024-11-26T02:20:21.883277,CLOSED,,ENDPOINT-07,False
ALT-CSE-07-01168,CSE-07,LOW,2024-11-08T12:07:26,2024-11-08T12:08:48.256160,2024-11-08T12:29:45.416602,CLOSED,,DB-SERVER-07,False
ALT-CSE-07-01169,CSE-07,HIGH,2024-11-15T12:55:18,2024-11-15T12:56:12.593909,2024-11-15T13:10:22.671577,CLOSED,,FIREWALL-07,False
ALT-CSE-07-01170,CSE-07,LOW,2024-10-19T06:33:41,2024-10-19T06:34:18.448314,2024-10-19T06:50:21.407077,CLOSED,,FIREWALL-07,False
ALT-CSE-07-01171,CSE-07,LOW,2024-10-19T19:37:30,2024-10-19T19:38:32.720700,2024-10-19T19:57:05.084748,CLOSED,,ENDPOINT-07,False
ALT-CSE-07-01172,CSE-07,HIGH,2024-11-01T17:02:52,2024-11-01T17:03:25.640957,2024-11-01T17:17:18.172203,CLOSED,,DB-SERVER-07,False
ALT-CSE-07-01173,CSE-07,HIGH,2024-10-19T05:56:09,2024-10-19T05:57:02.332316,2024-10-19T06:29:04.779332,CLOSED,,FIREWALL-07,False
ALT-CSE-07-01174,CSE-07,LOW,2024-11-06T00:22:19,2024-11-06T00:23:05.240979,2024-11-06T00:46:14.169504,CLOSED,,DB-SERVER-07,False
ALT-CSE-07-01175,CSE-07,LOW,2024-10-05T12:44:58,2024-10-05T12:45:59.922928,2024-10-05T13:12:59.738688,CLOSED,,FIREWALL-07,False
ALT-CSE-07-01176,CSE-07,LOW,2024-11-23T11:41:35,2024-11-23T11:42:39.197982,2024-11-23T11:59:55.508553,CLOSED,,ENDPOINT-07,False
ALT-CSE-07-01177,CSE-07,HIGH,2024-10-19T13:33:14,2024-10-19T13:34:51.894517,2024-10-19T13:57:36.421104,CLOSED,,DB-SERVER-07,False
ALT-CSE-07-01178,CSE-07,LOW,2024-12-26T23:33:52,2024-12-26T23:34:35.700425,2024-12-26T23:59:08.989225,CLOSED,,FIREWALL-07,False
ALT-CSE-07-01179,CSE-07,HIGH,2024-11-11T03:45:17,2024-11-11T03:46:40.588010,2024-11-11T04:10:24.415828,CLOSED,,WEB-SERVER-07,False
ALT-CSE-07-01180,CSE-07,LOW,2024-10-22T07:05:02,2024-10-22T07:05:51.945969,2024-10-22T07:32:42.157761,CLOSED,,ENDPOINT-07,False
ALT-CSE-07-01181,CSE-07,LOW,2024-10-08T07:02:07,2024-10-08T07:02:47.911649,2024-10-08T07:30:18.922366,CLOSED,CAS-CSE-07-0779,DB-SERVER-07,False
ALT-CSE-07-01182,CSE-07,MEDIUM,2024-11-16T07:12:29,2024-11-16T07:13:13.746582,2024-11-16T07:37:03.545953,CLOSED,,FIREWALL-07,False
ALT-CSE-07-01183,CSE-07,HIGH,2024-12-21T00:19:18,2024-12-21T00:20:22.328488,2024-12-21T00:34:29.098242,CLOSED,,DB-SERVER-07,False
ALT-CSE-07-01184,CSE-07,MEDIUM,2024-10-07T10:15:33,2024-10-07T10:17:00.865946,2024-10-07T10:43:21.117762,CLOSED,,DB-SERVER-07,False
ALT-CSE-07-01185,CSE-07,HIGH,2024-12-09T09:56:06,2024-12-09T09:57:45.336517,2024-12-09T10:14:10.116878,CLOSED,CAS-CSE-07-0780,WEB-SERVER-07,False
ALT-CSE-07-01186,CSE-07,LOW,2024-10-09T16:42:53,2024-10-09T16:44:43.145239,2024-10-09T17:11:46.883344,CLOSED,,ENDPOINT-07,False
ALT-CSE-07-01187,CSE-07,HIGH,2024-10-20T22:53:36,2024-10-20T22:54:39.254207,2024-10-20T23:05:11.806057,CLOSED,,DB-SERVER-07,False
ALT-CSE-07-01188,CSE-07,MEDIUM,2024-12-03T06:05:35,2024-12-03T06:07:18.594488,2024-12-03T06:35:21.020445,CLOSED,,ENDPOINT-07,False
ALT-CSE-07-01189,CSE-07,HIGH,2024-10-02T11:03:14,2024-10-02T11:05:06.928944,2024-10-02T11:22:01.099938,CLOSED,,DB-SERVER-07,False
ALT-CSE-07-01190,CSE-07,LOW,2024-12-11T08:53:01,2024-12-11T08:54:06.947428,2024-12-11T09:20:48.039451,CLOSED,,FIREWALL-07,False
ALT-CSE-07-01191,CSE-07,MEDIUM,2024-10-18T19:21:15,2024-10-18T19:22:49.735570,2024-10-18T19:41:00.114031,CLOSED,,ENDPOINT-07,False
ALT-CSE-07-01192,CSE-07,LOW,2024-11-04T21:43:10,2024-11-04T21:44:56.091560,2024-11-04T22:10:46.544164,CLOSED,,DB-SERVER-07,False
ALT-CSE-07-01193,CSE-07,LOW,2024-11-27T11:55:40,2024-11-27T11:56:47.101945,2024-11-27T12:19:32.515058,CLOSED,,WEB-SERVER-07,False
ALT-CSE-07-01194,CSE-07,MEDIUM,2024-11-17T12:42:52,2024-11-17T12:44:40.149559,2024-11-17T12:57:25.609132,CLOSED,,WEB-SERVER-07,False
ALT-CSE-07-01195,CSE-07,HIGH,2024-10-09T18:17:37,2024-10-09T18:19:09.495651,2024-10-09T18:36:04.892167,CLOSED,,DB-SERVER-07,False
ALT-CSE-07-01196,CSE-07,MEDIUM,2024-10-20T16:54:32,2024-10-20T16:56:26.708367,2024-10-20T17:21:32.812314,CLOSED,,ENDPOINT-07,False
ALT-CSE-07-01197,CSE-07,LOW,2024-10-03T11:42:38,2024-10-03T11:44:36.012996,2024-10-03T12:00:30.775003,CLOSED,,WEB-SERVER-07,False
ALT-CSE-07-01198,CSE-07,MEDIUM,2024-11-26T01:56:06,2024-11-26T01:58:01.924158,2024-11-26T02:20:52.130359,CLOSED,,FIREWALL-07,False
ALT-CSE-07-01199,CSE-07,LOW,2024-12-19T04:58:03,2024-12-19T04:59:07.315665,2024-12-19T05:09:42.326658,CLOSED,,FIREWALL-07,False
ALT-CSE-07-01200,CSE-07,MEDIUM,2024-11-19T00:43:41,2024-11-19T00:45:36.730727,2024-11-19T01:07:05.433154,CLOSED,,ENDPOINT-07,False
ALT-CSE-07-01201,CSE-07,LOW,2024-12-14T02:36:51,2024-12-14T02:37:49.913544,2024-12-14T03:00:00.581029,CLOSED,,ENDPOINT-07,False
ALT-CSE-07-01202,CSE-07,HIGH,2024-10-08T00:28:30,2024-10-08T00:29:21.053690,2024-10-08T00:41:04.736375,CLOSED,,FIREWALL-07,False
ALT-CSE-07-01203,CSE-07,HIGH,2024-11-09T17:03:06,2024-11-09T17:03:52.511927,2024-11-09T17:17:03.531507,CLOSED,CAS-CSE-07-0781,WEB-SERVER-07,False
ALT-CSE-07-01204,CSE-07,LOW,2024-12-05T03:13:53,2024-12-05T03:14:31.432455,2024-12-05T03:30:18.978799,CLOSED,CAS-CSE-07-0782,ENDPOINT-07,False
ALT-CSE-07-01205,CSE-07,HIGH,2024-11-29T07:12:33,2024-11-29T07:13:14.247058,2024-11-29T07:30:29.504912,CLOSED,,FIREWALL-07,False
ALT-CSE-07-01206,CSE-07,HIGH,2024-10-29T23:53:06,2024-10-29T23:54:55.698981,2024-10-30T00:21:41.986769,CLOSED,,FIREWALL-07,False
ALT-CSE-07-01207,CSE-07,LOW,2024-11-14T14:53:13,2024-11-14T14:54:46.127208,2024-11-14T15:14:47.430937,CLOSED,,FIREWALL-07,False
ALT-CSE-07-01208,CSE-07,HIGH,2024-10-28T02:23:17,2024-10-28T02:24:01.070283,2024-10-28T02:31:03.521833,CLOSED,,ENDPOINT-07,False
ALT-CSE-07-01209,CSE-07,MEDIUM,2024-11-17T18:43:59,2024-11-17T18:44:45.464065,2024-11-17T19:06:58.192009,CLOSED,,ENDPOINT-07,False
ALT-CSE-07-01210,CSE-07,HIGH,2024-11-18T23:39:43,2024-11-18T23:41:03.781017,2024-11-19T00:02:25.840402,CLOSED,,DB-SERVER-07,False
ALT-CSE-07-01211,CSE-07,MEDIUM,2024-12-11T20:47:52,2024-12-11T20:48:26.652470,2024-12-11T21:14:23.153706,CLOSED,,FIREWALL-07,False
ALT-CSE-07-01212,CSE-07,HIGH,2024-12-09T19:49:54,2024-12-09T19:51:42.900671,2024-12-09T20:02:37.659726,CLOSED,,DB-SERVER-07,False
ALT-CSE-07-01213,CSE-07,HIGH,2024-12-10T21:03:01,2024-12-10T21:03:33.577172,2024-12-10T21:23:07.103238,CLOSED,,DB-SERVER-07,False
ALT-CSE-07-01214,CSE-07,MEDIUM,2024-11-09T11:13:56,2024-11-09T11:15:54.521331,2024-11-09T11:35:16.228888,CLOSED,,DB-SERVER-07,False
ALT-CSE-07-01215,CSE-07,HIGH,2024-11-09T08:02:51,2024-11-09T08:03:56.483974,2024-11-09T08:33:50.917220,CLOSED,,FIREWALL-07,False
ALT-CSE-07-01216,CSE-07,MEDIUM,2024-12-13T11:23:01,2024-12-13T11:24:52.456854,2024-12-13T11:44:36.549863,CLOSED,,DB-SERVER-07,False
ALT-CSE-07-01217,CSE-07,LOW,2024-12-23T08:46:26,2024-12-23T08:48:03.979899,2024-12-23T09:01:17.419279,CLOSED,,WEB-SERVER-07,False
ALT-CSE-07-01218,CSE-07,HIGH,2024-12-21T16:57:50,2024-12-21T16:58:54.335824,2024-12-21T17:10:29.716021,CLOSED,,FIREWALL-07,False
ALT-CSE-07-01219,CSE-07,LOW,2024-12-06T11:08:31,2024-12-06T11:09:18.012465,2024-12-06T11:26:15.271344,CLOSED,,WEB-SERVER-07,False
ALT-CSE-07-01220,CSE-07,HIGH,2024-11-06T21:17:27,2024-11-06T21:18:51.487223,2024-11-06T21:34:54.155458,CLOSED,,FIREWALL-07,False
ALT-CSE-07-01221,CSE-07,HIGH,2024-12-27T05:55:59,2024-12-27T05:57:05.448508,2024-12-27T06:05:46.747431,CLOSED,,FIREWALL-07,False
ALT-CSE-07-01222,CSE-07,HIGH,2024-10-21T00:57:47,2024-10-21T00:58:51.749260,2024-10-21T01:20:24.561107,CLOSED,,FIREWALL-07,False
ALT-CSE-07-01223,CSE-07,LOW,2024-10-17T22:00:45,2024-10-17T22:01:45.961814,2024-10-17T22:25:34.546074,CLOSED,CAS-CSE-07-0783,WEB-SERVER-07,False
ALT-CSE-07-01224,CSE-07,MEDIUM,2024-10-19T18:23:55,2024-10-19T18:25:02.648947,2024-10-19T18:48:36.048436,CLOSED,,FIREWALL-07,False
ALT-CSE-07-01225,CSE-07,LOW,2024-10-10T16:13:44,2024-10-10T16:15:12.264939,2024-10-10T16:32:41.965010,CLOSED,,FIREWALL-07,False
ALT-CSE-07-01226,CSE-07,MEDIUM,2024-11-28T00:36:45,2024-11-28T00:37:32.637473,2024-11-28T00:44:29.557150,CLOSED,,WEB-SERVER-07,False
ALT-CSE-07-01227,CSE-07,LOW,2024-12-19T14:29:37,2024-12-19T14:31:14.429510,2024-12-19T14:51:26.463248,CLOSED,,FIREWALL-07,False
ALT-CSE-07-01228,CSE-07,LOW,2024-10-03T03:16:24,2024-10-03T03:18:09.149333,2024-10-03T03:46:14.621941,CLOSED,,FIREWALL-07,False
ALT-CSE-07-01229,CSE-07,MEDIUM,2024-10-04T15:21:27,2024-10-04T15:22:36.784138,2024-10-04T15:45:08.508051,CLOSED,,FIREWALL-07,False
ALT-CSE-07-01230,CSE-07,LOW,2024-12-10T20:54:00,2024-12-10T20:54:42.809507,2024-12-10T21:17:49.125940,CLOSED,,WEB-SERVER-07,False
ALT-CSE-07-01231,CSE-07,MEDIUM,2024-10-14T11:52:47,2024-10-14T11:53:36.435621,2024-10-14T12:11:51.149178,CLOSED,,FIREWALL-07,False
ALT-CSE-07-01232,CSE-07,HIGH,2024-10-06T05:08:45,2024-10-06T05:10:12.388648,2024-10-06T05:29:43.625573,CLOSED,,DB-SERVER-07,False
ALT-CSE-07-01233,CSE-07,HIGH,2024-11-14T10:49:01,2024-11-14T10:50:13.066380,2024-11-14T11:09:21.198831,CLOSED,,FIREWALL-07,False
ALT-CSE-07-01234,CSE-07,LOW,2024-10-25T18:11:46,2024-10-25T18:13:39.502630,2024-10-25T18:45:03.898054,CLOSED,,WEB-SERVER-07,False
ALT-CSE-07-01235,CSE-07,LOW,2024-12-20T19:17:08,2024-12-20T19:18:10.904485,2024-12-20T19:36:22.891272,CLOSED,,DB-SERVER-07,False
ALT-CSE-07-01236,CSE-07,HIGH,2024-12-16T17:58:58,2024-12-16T18:00:26.488234,2024-12-16T18:15:06.886472,CLOSED,,WEB-SERVER-07,False
ALT-CSE-07-01237,CSE-07,HIGH,2024-11-28T02:54:46,2024-11-28T02:55:20.253891,2024-11-28T03:14:43.911674,CLOSED,,DB-SERVER-07,False
ALT-CSE-07-01238,CSE-07,HIGH,2024-12-20T02:40:09,2024-12-20T02:40:49.161542,2024-12-20T03:05:36.071784,CLOSED,,FIREWALL-07,False
ALT-CSE-07-01239,CSE-07,LOW,2024-10-25T10:09:35,2024-10-25T10:10:48.195674,2024-10-25T10:31:01.739123,CLOSED,,FIREWALL-07,False
ALT-CSE-07-01240,CSE-07,MEDIUM,2024-12-22T13:20:18,2024-12-22T13:22:16.200182,2024-12-22T13:44:30.954895,CLOSED,,DB-SERVER-07,False
ALT-CSE-07-01241,CSE-07,HIGH,2024-10-21T06:09:57,2024-10-21T06:11:04.425466,2024-10-21T06:27:52.339784,CLOSED,,DB-SERVER-07,False
ALT-CSE-07-01242,CSE-07,HIGH,2024-12-24T20:36:31,2024-12-24T20:37:59.577189,2024-12-24T21:07:34.718046,CLOSED,,WEB-SERVER-07,False
ALT-CSE-07-01243,CSE-07,LOW,2024-10-10T19:51:22,2024-10-10T19:52:32.526173,2024-10-10T20:09:26.214099,CLOSED,,WEB-SERVER-07,False
ALT-CSE-07-01244,CSE-07,LOW,2024-10-08T09:21:01,2024-10-08T09:22:35.865395,2024-10-08T09:38:56.199326,CLOSED,,DB-SERVER-07,False
ALT-CSE-07-01245,CSE-07,LOW,2024-12-28T17:04:23,2024-12-28T17:05:07.923937,2024-12-28T17:29:15.781869,CLOSED,,DB-SERVER-07,False
ALT-CSE-07-01246,CSE-07,MEDIUM,2024-12-02T22:12:37,2024-12-02T22:13:16.513625,2024-12-02T22:33:27.453353,CLOSED,,DB-SERVER-07,False
ALT-CSE-07-01247,CSE-07,MEDIUM,2024-12-08T09:52:13,2024-12-08T09:52:53.291938,2024-12-08T10:07:15.120981,CLOSED,,DB-SERVER-07,False
ALT-CSE-07-01248,CSE-07,HIGH,2024-12-13T13:47:54,2024-12-13T13:49:34.730329,2024-12-13T14:11:37.032881,CLOSED,,ENDPOINT-07,False
ALT-CSE-07-01249,CSE-07,MEDIUM,2024-11-21T01:01:40,2024-11-21T01:02:59.088127,2024-11-21T01:25:08.997502,CLOSED,,WEB-SERVER-07,False
ALT-CSE-07-01250,CSE-07,MEDIUM,2024-11-04T12:44:27,2024-11-04T12:45:14.741429,2024-11-04T13:08:49.755098,CLOSED,CAS-CSE-07-0784,FIREWALL-07,False
ALT-CSE-07-01251,CSE-07,LOW,2024-12-28T23:39:13,2024-12-28T23:40:16.428767,2024-12-29T00:01:53.187881,CLOSED,,FIREWALL-07,False
ALT-CSE-07-01252,CSE-07,LOW,2024-10-04T02:38:18,2024-10-04T02:39:39.975230,2024-10-04T03:02:22.327818,CLOSED,,ENDPOINT-07,False
ALT-CSE-07-01253,CSE-07,MEDIUM,2024-10-03T03:08:10,2024-10-03T03:09:42.311360,2024-10-03T03:25:00.509919,CLOSED,,ENDPOINT-07,False
ALT-CSE-07-01254,CSE-07,MEDIUM,2024-12-24T16:09:20,2024-12-24T16:11:00.685215,2024-12-24T16:27:46.563880,CLOSED,,DB-SERVER-07,False
ALT-CSE-07-01255,CSE-07,LOW,2024-10-17T01:07:23,2024-10-17T01:07:55.280966,2024-10-17T01:31:31.406057,CLOSED,,ENDPOINT-07,False
ALT-CSE-07-01256,CSE-07,HIGH,2024-11-12T23:22:54,2024-11-12T23:23:43.783142,2024-11-12T23:48:19.226569,CLOSED,,FIREWALL-07,False
ALT-CSE-07-01257,CSE-07,MEDIUM,2024-11-09T23:06:50,2024-11-09T23:08:21.982198,2024-11-09T23:25:41.750571,CLOSED,CAS-CSE-07-0785,ENDPOINT-07,False
ALT-CSE-07-01258,CSE-07,MEDIUM,2024-11-07T19:45:55,2024-11-07T19:46:43.764835,2024-11-07T20:04:56.867059,CLOSED,,DB-SERVER-07,False
ALT-CSE-07-01259,CSE-07,HIGH,2024-12-17T11:39:11,2024-12-17T11:40:39.040012,2024-12-17T12:04:34.811586,CLOSED,,DB-SERVER-07,False
ALT-CSE-07-01260,CSE-07,MEDIUM,2024-12-04T09:29:51,2024-12-04T09:31:29.658000,2024-12-04T09:55:40.070990,CLOSED,,ENDPOINT-07,False
ALT-CSE-07-01261,CSE-07,LOW,2024-10-27T19:13:49,2024-10-27T19:15:14.239551,2024-10-27T19:36:48.739428,CLOSED,,FIREWALL-07,False
ALT-CSE-07-01262,CSE-07,HIGH,2024-11-19T22:43:49,2024-11-19T22:45:19.642542,2024-11-19T23:01:10.399973,CLOSED,,DB-SERVER-07,False
ALT-CSE-07-01263,CSE-07,MEDIUM,2024-11-19T00:58:46,2024-11-19T00:59:57.900233,2024-11-19T01:21:23.637869,CLOSED,,FIREWALL-07,False
ALT-CSE-07-01264,CSE-07,LOW,2024-12-14T02:19:09,2024-12-14T02:20:16.131096,2024-12-14T02:40:35.780052,CLOSED,,WEB-SERVER-07,False
ALT-CSE-07-01265,CSE-07,MEDIUM,2024-10-18T09:42:27,2024-10-18T09:43:29.200898,2024-10-18T09:56:29.222170,CLOSED,,DB-SERVER-07,False
ALT-CSE-07-01266,CSE-07,HIGH,2024-11-10T11:44:19,2024-11-10T11:46:17.395347,2024-11-10T11:57:51.351585,CLOSED,,DB-SERVER-07,False
ALT-CSE-07-01267,CSE-07,LOW,2024-10-10T02:22:42,2024-10-10T02:24:38.606814,2024-10-10T02:45:12.932944,CLOSED,,FIREWALL-07,False
ALT-CSE-07-01268,CSE-07,HIGH,2024-10-19T15:37:25,2024-10-19T15:39:22.886331,2024-10-19T15:56:48.608258,CLOSED,,DB-SERVER-07,False
ALT-CSE-07-01269,CSE-07,LOW,2024-10-09T10:16:48,2024-10-09T10:17:24.971649,2024-10-09T10:39:34.539475,CLOSED,,DB-SERVER-07,False
ALT-CSE-07-01270,CSE-07,MEDIUM,2024-10-24T08:38:00,2024-10-24T08:39:48.347371,2024-10-24T08:50:33.674485,CLOSED,,DB-SERVER-07,False
ALT-CSE-07-01271,CSE-07,HIGH,2024-11-01T02:18:50,2024-11-01T02:20:21.560158,2024-11-01T02:34:52.557753,CLOSED,,FIREWALL-07,False
ALT-CSE-07-01272,CSE-07,LOW,2024-12-28T01:54:44,2024-12-28T01:56:14.611340,2024-12-28T02:27:22.613591,CLOSED,,ENDPOINT-07,False
ALT-CSE-07-01273,CSE-07,LOW,2024-10-10T09:01:07,2024-10-10T09:01:55.534407,2024-10-10T09:14:57.628749,CLOSED,,ENDPOINT-07,False
ALT-CSE-07-01274,CSE-07,LOW,2024-10-23T17:43:33,2024-10-23T17:44:33.471128,2024-10-23T17:57:40.598077,CLOSED,,ENDPOINT-07,False
ALT-CSE-07-01275,CSE-07,HIGH,2024-11-11T15:51:26,2024-11-11T15:52:59.938179,2024-11-11T16:07:27.909242,CLOSED,,ENDPOINT-07,False
ALT-CSE-07-01276,CSE-07,LOW,2024-12-29T20:39:44,2024-12-29T20:40:57.148671,2024-12-29T21:02:43.969412,CLOSED,,DB-SERVER-07,False
ALT-CSE-07-01277,CSE-07,MEDIUM,2024-12-18T03:16:24,2024-12-18T03:18:18.951164,2024-12-18T03:33:10.252752,CLOSED,,WEB-SERVER-07,False
ALT-CSE-07-01278,CSE-07,LOW,2024-11-03T13:22:19,2024-11-03T13:22:54.839130,2024-11-03T13:42:07.833029,CLOSED,,ENDPOINT-07,False
ALT-CSE-07-01279,CSE-07,MEDIUM,2024-11-03T16:22:44,2024-11-03T16:23:16.750041,2024-11-03T16:40:59.481914,CLOSED,,FIREWALL-07,False
ALT-CSE-07-01280,CSE-07,HIGH,2024-10-20T07:56:19,2024-10-20T07:57:28.444363,2024-10-20T08:22:44.648810,CLOSED,,DB-SERVER-07,False
ALT-CSE-07-01281,CSE-07,HIGH,2024-11-26T10:07:29,2024-11-26T10:08:45.320159,2024-11-26T10:24:43.110404,CLOSED,,FIREWALL-07,False
ALT-CSE-07-01282,CSE-07,MEDIUM,2024-10-12T22:56:52,2024-10-12T22:58:00.436965,2024-10-12T23:22:11.928410,CLOSED,,ENDPOINT-07,False
ALT-CSE-07-01283,CSE-07,MEDIUM,2024-10-29T03:01:19,2024-10-29T03:03:02.874978,2024-10-29T03:23:19.885861,CLOSED,,FIREWALL-07,False
ALT-CSE-07-01284,CSE-07,MEDIUM,2024-10-16T13:27:01,2024-10-16T13:27:50.106485,2024-10-16T13:47:04.471360,CLOSED,,DB-SERVER-07,False
ALT-CSE-07-01285,CSE-07,LOW,2024-10-05T11:26:19,2024-10-05T11:28:09.119217,2024-10-05T11:41:59.324293,CLOSED,,DB-SERVER-07,False
ALT-CSE-07-01286,CSE-07,MEDIUM,2024-12-23T00:05:35,2024-12-23T00:07:18.565900,2024-12-23T00:33:39.450370,CLOSED,,DB-SERVER-07,False
ALT-CSE-07-01287,CSE-07,HIGH,2024-12-05T15:26:48,2024-12-05T15:28:36.916834,2024-12-05T15:49:41.795024,CLOSED,,WEB-SERVER-07,False
ALT-CSE-07-01288,CSE-07,MEDIUM,2024-12-01T12:59:38,2024-12-01T13:00:11.229722,2024-12-01T13:22:44.191503,CLOSED,,ENDPOINT-07,False
ALT-CSE-07-01289,CSE-07,MEDIUM,2024-10-21T15:00:41,2024-10-21T15:02:36.084524,2024-10-21T15:21:57.267830,CLOSED,,FIREWALL-07,False
ALT-CSE-07-01290,CSE-07,LOW,2024-12-06T22:34:27,2024-12-06T22:36:22.244185,2024-12-06T22:55:17.144481,CLOSED,,ENDPOINT-07,False
ALT-CSE-07-01291,CSE-07,HIGH,2024-10-22T08:14:55,2024-10-22T08:15:41.297208,2024-10-22T08:41:41.284103,CLOSED,,ENDPOINT-07,False
ALT-CSE-07-01292,CSE-07,LOW,2024-10-09T17:17:10,2024-10-09T17:18:11.591813,2024-10-09T17:36:25.694265,CLOSED,,DB-SERVER-07,False
ALT-CSE-07-01293,CSE-07,MEDIUM,2024-10-16T16:58:12,2024-10-16T16:59:46.510711,2024-10-16T17:22:40.860864,CLOSED,,DB-SERVER-07,False
ALT-CSE-07-01294,CSE-07,MEDIUM,2024-11-01T18:12:41,2024-11-01T18:13:13.288746,2024-11-01T18:27:39.900046,CLOSED,,DB-SERVER-07,False
ALT-CSE-07-01295,CSE-07,LOW,2024-12-06T23:05:42,2024-12-06T23:06:37.552268,2024-12-06T23:25:23.640021,CLOSED,,DB-SERVER-07,False
ALT-CSE-07-01296,CSE-07,HIGH,2024-11-30T06:05:16,2024-11-30T06:06:45.203247,2024-11-30T06:13:32.471534,CLOSED,,WEB-SERVER-07,False
ALT-CSE-07-01297,CSE-07,LOW,2024-12-08T09:32:02,2024-12-08T09:33:03.573408,2024-12-08T09:50:09.122664,CLOSED,,ENDPOINT-07,False
ALT-CSE-07-01298,CSE-07,HIGH,2024-11-05T20:11:58,2024-11-05T20:13:54.653927,2024-11-05T20:29:44.691719,CLOSED,,ENDPOINT-07,False
ALT-CSE-07-01299,CSE-07,MEDIUM,2024-12-12T11:39:51,2024-12-12T11:41:07.920382,2024-12-12T11:49:57.541146,CLOSED,,ENDPOINT-07,False
ALT-CSE-07-01300,CSE-07,LOW,2024-11-05T17:08:20,2024-11-05T17:09:39.552580,2024-11-05T17:26:57.909421,CLOSED,,FIREWALL-07,False
ALT-CSE-07-01301,CSE-07,HIGH,2024-11-26T03:15:51,2024-11-26T03:16:58.801097,2024-11-26T03:34:56.677624,CLOSED,,FIREWALL-07,False
ALT-CSE-07-01302,CSE-07,LOW,2024-10-11T18:14:42,2024-10-11T18:16:14.277431,2024-10-11T18:36:54.254876,CLOSED,,ENDPOINT-07,False
ALT-CSE-07-01303,CSE-07,HIGH,2024-11-27T16:21:49,2024-11-27T16:23:17.615202,2024-11-27T16:45:13.648128,CLOSED,,ENDPOINT-07,False
ALT-CSE-07-01304,CSE-07,HIGH,2024-11-07T12:33:56,2024-11-07T12:34:28.614032,2024-11-07T12:53:06.832124,CLOSED,,ENDPOINT-07,False
ALT-CSE-07-01305,CSE-07,HIGH,2024-10-28T13:37:56,2024-10-28T13:39:18.021964,2024-10-28T13:56:30.247898,CLOSED,,FIREWALL-07,False
ALT-CSE-07-01306,CSE-07,HIGH,2024-10-05T09:12:47,2024-10-05T09:14:27.677405,2024-10-05T09:24:59.969692,CLOSED,,WEB-SERVER-07,False
ALT-CSE-07-01307,CSE-07,LOW,2024-10-17T06:08:54,2024-10-17T06:10:11.305148,2024-10-17T06:21:43.795341,CLOSED,,ENDPOINT-07,False
ALT-CSE-07-01308,CSE-07,LOW,2024-11-23T05:18:19,2024-11-23T05:19:32.594492,2024-11-23T05:48:26.133514,CLOSED,,FIREWALL-07,False
ALT-CSE-07-01309,CSE-07,MEDIUM,2024-11-04T19:26:32,2024-11-04T19:27:11.742229,2024-11-04T19:47:01.542048,CLOSED,,FIREWALL-07,False
ALT-CSE-07-01310,CSE-07,HIGH,2024-12-15T04:10:10,2024-12-15T04:11:21.004039,2024-12-15T04:32:26.035610,CLOSED,,WEB-SERVER-07,False
ALT-CSE-07-01311,CSE-07,LOW,2024-10-21T01:31:08,2024-10-21T01:32:53.907735,2024-10-21T01:50:41.758829,CLOSED,,FIREWALL-07,False
ALT-CSE-07-01312,CSE-07,HIGH,2024-11-01T13:39:30,2024-11-01T13:40:06.589677,2024-11-01T14:07:44.927809,CLOSED,,DB-SERVER-07,False
ALT-CSE-07-01313,CSE-07,MEDIUM,2024-11-19T19:58:38,2024-11-19T19:59:27.839705,2024-11-19T20:16:29.726839,CLOSED,,ENDPOINT-07,False
ALT-CSE-07-01314,CSE-07,LOW,2024-12-20T10:02:14,2024-12-20T10:03:32.696938,2024-12-20T10:30:57.027055,CLOSED,,FIREWALL-07,False
ALT-CSE-07-01315,CSE-07,HIGH,2024-11-26T15:15:36,2024-11-26T15:17:26.440094,2024-11-26T15:38:11.356124,CLOSED,,FIREWALL-07,False
ALT-CSE-07-01316,CSE-07,LOW,2024-12-13T04:44:54,2024-12-13T04:46:18.995473,2024-12-13T05:09:33.145260,CLOSED,,FIREWALL-07,False
ALT-CSE-07-01317,CSE-07,HIGH,2024-12-13T01:41:15,2024-12-13T01:41:53.652002,2024-12-13T02:03:06.705967,CLOSED,,FIREWALL-07,False
ALT-CSE-07-01318,CSE-07,LOW,2024-10-24T17:39:56,2024-10-24T17:41:39.750766,2024-10-24T17:55:09.787459,CLOSED,,DB-SERVER-07,False
ALT-CSE-07-01319,CSE-07,LOW,2024-10-03T12:40:40,2024-10-03T12:41:25.226311,2024-10-03T13:02:18.313741,CLOSED,,DB-SERVER-07,False
ALT-CSE-07-01320,CSE-07,LOW,2024-10-29T01:50:18,2024-10-29T01:51:42.863603,2024-10-29T02:07:28.125440,CLOSED,,WEB-SERVER-07,False
ALT-CSE-07-01321,CSE-07,HIGH,2024-11-06T06:52:13,2024-11-06T06:52:51.920040,2024-11-06T07:01:35.436790,CLOSED,,WEB-SERVER-07,False
ALT-CSE-07-01322,CSE-07,HIGH,2024-12-20T15:11:40,2024-12-20T15:12:16.855921,2024-12-20T15:38:43.607472,CLOSED,,WEB-SERVER-07,False
ALT-CSE-07-01323,CSE-07,LOW,2024-10-05T16:36:09,2024-10-05T16:36:55.403457,2024-10-05T16:59:56.580489,CLOSED,,ENDPOINT-07,False
ALT-CSE-07-01324,CSE-07,MEDIUM,2024-12-19T15:00:42,2024-12-19T15:01:37.717517,2024-12-19T15:23:41.924625,CLOSED,,FIREWALL-07,False
ALT-CSE-07-01325,CSE-07,HIGH,2024-12-14T06:30:17,2024-12-14T06:32:08.810276,2024-12-14T06:39:34.325877,CLOSED,,DB-SERVER-07,False
ALT-CSE-07-01326,CSE-07,HIGH,2024-10-28T06:11:44,2024-10-28T06:12:55.093938,2024-10-28T06:31:08.816222,CLOSED,,ENDPOINT-07,False
ALT-CSE-07-01327,CSE-07,MEDIUM,2024-10-07T00:55:45,2024-10-07T00:57:04.482117,2024-10-07T01:20:15.613736,CLOSED,,DB-SERVER-07,False
ALT-CSE-07-01328,CSE-07,MEDIUM,2024-11-12T12:23:21,2024-11-12T12:23:55.012892,2024-11-12T12:45:55.363773,CLOSED,,DB-SERVER-07,False
ALT-CSE-07-01329,CSE-07,LOW,2024-11-06T12:35:18,2024-11-06T12:36:19.050252,2024-11-06T12:53:53.938841,CLOSED,,WEB-SERVER-07,False
ALT-CSE-07-01330,CSE-07,HIGH,2024-12-01T20:25:39,2024-12-01T20:26:52.618404,2024-12-01T20:46:28.376658,CLOSED,,ENDPOINT-07,False
ALT-CSE-07-01331,CSE-07,HIGH,2024-10-23T01:08:09,2024-10-23T01:08:39.465045,2024-10-23T01:27:03.440701,CLOSED,,WEB-SERVER-07,False
ALT-CSE-07-01332,CSE-07,MEDIUM,2024-10-23T19:09:57,2024-10-23T19:10:27.884539,2024-10-23T19:32:37.930426,CLOSED,,DB-SERVER-07,False
ALT-CSE-07-01333,CSE-07,LOW,2024-10-26T04:06:24,2024-10-26T04:07:14.463169,2024-10-26T04:28:54.448180,CLOSED,,WEB-SERVER-07,False
ALT-CSE-07-01334,CSE-07,LOW,2024-11-28T06:38:43,2024-11-28T06:39:56.692505,2024-11-28T06:59:13.647942,CLOSED,,FIREWALL-07,False
ALT-CSE-07-01335,CSE-07,HIGH,2024-12-17T22:49:22,2024-12-17T22:50:07.450418,2024-12-17T22:57:57.640908,CLOSED,,DB-SERVER-07,False
ALT-CSE-07-01336,CSE-07,LOW,2024-10-08T17:22:31,2024-10-08T17:23:52.399744,2024-10-08T17:47:40.011247,CLOSED,,ENDPOINT-07,False
ALT-CSE-07-01337,CSE-07,LOW,2024-11-02T14:57:38,2024-11-02T14:58:43.095462,2024-11-02T15:16:08.283117,CLOSED,,FIREWALL-07,False
ALT-CSE-07-01338,CSE-07,MEDIUM,2024-10-04T08:36:36,2024-10-04T08:37:12.637000,2024-10-04T08:54:03.259233,CLOSED,CAS-CSE-07-0786,DB-SERVER-07,False
ALT-CSE-07-01339,CSE-07,LOW,2024-12-02T10:54:27,2024-12-02T10:56:18.476478,2024-12-02T11:11:24.542285,CLOSED,CAS-CSE-07-0787,ENDPOINT-07,False
ALT-CSE-07-01340,CSE-07,HIGH,2024-11-19T08:35:14,2024-11-19T08:36:47.400181,2024-11-19T08:57:58.757050,CLOSED,,ENDPOINT-07,False
ALT-CSE-07-01341,CSE-07,LOW,2024-11-29T05:40:55,2024-11-29T05:42:29.896249,2024-11-29T06:02:00.095099,CLOSED,,WEB-SERVER-07,False
ALT-CSE-07-01342,CSE-07,LOW,2024-10-19T21:56:23,2024-10-19T21:57:03.172195,2024-10-19T22:12:30.691068,CLOSED,,DB-SERVER-07,False
ALT-CSE-07-01343,CSE-07,LOW,2024-12-02T23:50:21,2024-12-02T23:51:08.224868,2024-12-03T00:06:18.650644,CLOSED,,DB-SERVER-07,False
ALT-CSE-07-01344,CSE-07,LOW,2024-11-27T09:12:17,2024-11-27T09:13:55.716856,2024-11-27T09:29:29.728082,CLOSED,,WEB-SERVER-07,False
ALT-CSE-07-01345,CSE-07,LOW,2024-11-07T09:36:01,2024-11-07T09:36:41.557342,2024-11-07T09:58:06.803849,CLOSED,,DB-SERVER-07,False
ALT-CSE-07-01346,CSE-07,LOW,2024-12-06T04:21:07,2024-12-06T04:22:53.390972,2024-12-06T04:41:39.222863,CLOSED,,ENDPOINT-07,False
ALT-CSE-07-01347,CSE-07,HIGH,2024-11-07T19:56:03,2024-11-07T19:56:34.882805,2024-11-07T20:14:35.947273,CLOSED,,ENDPOINT-07,False
ALT-CSE-07-01348,CSE-07,LOW,2024-12-01T13:32:58,2024-12-01T13:34:05.842877,2024-12-01T13:57:55.713273,CLOSED,,WEB-SERVER-07,False
ALT-CSE-07-01349,CSE-07,LOW,2024-11-27T07:00:40,2024-11-27T07:02:09.545093,2024-11-27T07:23:10.837745,CLOSED,CAS-CSE-07-0788,WEB-SERVER-07,False
ALT-CSE-07-01350,CSE-07,HIGH,2024-11-02T17:04:33,2024-11-02T17:05:23.569431,2024-11-02T17:18:07.339156,CLOSED,,FIREWALL-07,False
ALT-CSE-07-01351,CSE-07,HIGH,2024-11-07T02:57:58,2024-11-07T02:58:45.224137,2024-11-07T03:10:29.936019,CLOSED,,FIREWALL-07,False
ALT-CSE-07-01352,CSE-07,HIGH,2024-10-19T03:14:41,2024-10-19T03:15:54.205967,2024-10-19T03:34:33.409730,CLOSED,,ENDPOINT-07,False
ALT-CSE-07-01353,CSE-07,HIGH,2024-12-09T01:46:30,2024-12-09T01:47:24.511218,2024-12-09T02:05:17.715958,CLOSED,,WEB-SERVER-07,False
ALT-CSE-07-01354,CSE-07,HIGH,2024-10-17T11:14:10,2024-10-17T11:16:05.737958,2024-10-17T11:41:22.725855,CLOSED,,FIREWALL-07,False
ALT-CSE-07-01355,CSE-07,MEDIUM,2024-12-04T08:37:12,2024-12-04T08:38:14.381462,2024-12-04T08:58:21.109715,CLOSED,,WEB-SERVER-07,False
ALT-CSE-07-01356,CSE-07,HIGH,2024-10-31T06:46:52,2024-10-31T06:47:54.197282,2024-10-31T07:05:36.080015,CLOSED,,ENDPOINT-07,False
ALT-CSE-07-01357,CSE-07,HIGH,2024-12-03T20:36:28,2024-12-03T20:38:09.473125,2024-12-03T20:49:17.390784,CLOSED,,WEB-SERVER-07,False
ALT-CSE-07-01358,CSE-07,MEDIUM,2024-11-28T10:46:04,2024-11-28T10:47:38.637114,2024-11-28T11:04:37.037188,CLOSED,,WEB-SERVER-07,False
ALT-CSE-07-01359,CSE-07,LOW,2024-11-18T09:04:55,2024-11-18T09:05:26.173951,2024-11-18T09:22:46.720749,CLOSED,,ENDPOINT-07,False
ALT-CSE-07-01360,CSE-07,MEDIUM,2024-10-16T17:12:39,2024-10-16T17:14:01.006697,2024-10-16T17:38:27.971585,CLOSED,,DB-SERVER-07,False
ALT-CSE-07-01361,CSE-07,HIGH,2024-12-29T23:39:00,2024-12-29T23:40:37.731745,2024-12-29T23:58:00.979397,CLOSED,,WEB-SERVER-07,False
ALT-CSE-07-01362,CSE-07,MEDIUM,2024-11-26T01:12:48,2024-11-26T01:13:29.094984,2024-11-26T01:38:19.375489,CLOSED,,FIREWALL-07,False
ALT-CSE-07-01363,CSE-07,HIGH,2024-11-19T17:12:08,2024-11-19T17:13:40.915125,2024-11-19T17:40:44.583524,CLOSED,CAS-CSE-07-0789,FIREWALL-07,False
ALT-CSE-07-01364,CSE-07,HIGH,2024-12-05T19:14:34,2024-12-05T19:15:21.871153,2024-12-05T19:41:45.611356,CLOSED,,WEB-SERVER-07,False
ALT-CSE-07-01365,CSE-07,MEDIUM,2024-11-29T21:05:28,2024-11-29T21:07:24.899887,2024-11-29T21:25:54.307350,CLOSED,,ENDPOINT-07,False
ALT-CSE-07-01366,CSE-07,LOW,2024-12-08T08:04:34,2024-12-08T08:05:13.334334,2024-12-08T08:27:50.062302,CLOSED,,FIREWALL-07,False
ALT-CSE-07-01367,CSE-07,LOW,2024-10-16T10:30:18,2024-10-16T10:30:58.953617,2024-10-16T10:47:22.208226,CLOSED,,FIREWALL-07,False
ALT-CSE-07-01368,CSE-07,HIGH,2024-10-18T19:29:34,2024-10-18T19:30:24.366013,2024-10-18T19:43:17.091145,CLOSED,,WEB-SERVER-07,False
ALT-CSE-07-01369,CSE-07,LOW,2024-12-26T09:16:16,2024-12-26T09:17:58.399680,2024-12-26T09:37:18.633781,CLOSED,,FIREWALL-07,False
ALT-CSE-07-01370,CSE-07,HIGH,2024-11-25T20:14:30,2024-11-25T20:15:01.130058,2024-11-25T20:31:51.953700,CLOSED,,FIREWALL-07,False
ALT-CSE-07-01371,CSE-07,HIGH,2024-12-29T19:56:32,2024-12-29T19:58:03.954431,2024-12-29T20:18:17.398095,CLOSED,,WEB-SERVER-07,False
ALT-CSE-07-01372,CSE-07,HIGH,2024-11-07T11:10:07,2024-11-07T11:11:31.043985,2024-11-07T11:29:50.677097,CLOSED,,ENDPOINT-07,False
ALT-CSE-07-01373,CSE-07,LOW,2024-10-02T20:18:19,2024-10-02T20:19:48.622993,2024-10-02T20:32:16.091886,CLOSED,,WEB-SERVER-07,False
ALT-CSE-07-01374,CSE-07,LOW,2024-10-13T10:35:21,2024-10-13T10:35:51.750279,2024-10-13T10:52:54.846439,CLOSED,,ENDPOINT-07,False
ALT-CSE-07-01375,CSE-07,HIGH,2024-11-21T16:28:28,2024-11-21T16:30:10.896758,2024-11-21T16:46:01.552798,CLOSED,,FIREWALL-07,False
ALT-CSE-07-01376,CSE-07,MEDIUM,2024-10-19T22:34:44,2024-10-19T22:35:57.888440,2024-10-19T22:54:54.434491,CLOSED,,WEB-SERVER-07,False
ALT-CSE-07-01377,CSE-07,HIGH,2024-10-11T17:27:23,2024-10-11T17:28:54.535955,2024-10-11T17:37:36.033269,CLOSED,,WEB-SERVER-07,False
ALT-CSE-07-01378,CSE-07,MEDIUM,2024-10-18T16:06:21,2024-10-18T16:07:48.742917,2024-10-18T16:28:55.096097,CLOSED,,DB-SERVER-07,False
ALT-CSE-07-01379,CSE-07,HIGH,2024-12-04T22:22:00,2024-12-04T22:23:20.443486,2024-12-04T22:32:22.290407,CLOSED,,WEB-SERVER-07,False
ALT-CSE-07-01380,CSE-07,LOW,2024-12-29T05:56:52,2024-12-29T05:58:34.665173,2024-12-29T06:21:01.339903,CLOSED,,WEB-SERVER-07,False
ALT-CSE-07-01381,CSE-07,MEDIUM,2024-10-21T02:10:15,2024-10-21T02:11:21.206414,2024-10-21T02:34:57.216951,CLOSED,,DB-SERVER-07,False
ALT-CSE-07-01382,CSE-07,MEDIUM,2024-12-07T17:08:05,2024-12-07T17:09:36.936535,2024-12-07T17:30:14.432784,CLOSED,,DB-SERVER-07,False
ALT-CSE-07-01383,CSE-07,HIGH,2024-10-04T13:48:47,2024-10-04T13:49:22.534078,2024-10-04T14:08:50.540730,CLOSED,,FIREWALL-07,False
ALT-CSE-07-01384,CSE-07,MEDIUM,2024-11-17T16:39:57,2024-11-17T16:40:28.408330,2024-11-17T16:58:07.873141,CLOSED,,DB-SERVER-07,False
ALT-CSE-07-01385,CSE-07,HIGH,2024-12-04T09:18:39,2024-12-04T09:19:25.020373,2024-12-04T09:36:52.604538,CLOSED,,FIREWALL-07,False
ALT-CSE-07-01386,CSE-07,HIGH,2024-12-08T04:06:39,2024-12-08T04:07:43.630408,2024-12-08T04:26:43.840851,CLOSED,,DB-SERVER-07,False
ALT-CSE-07-01387,CSE-07,LOW,2024-10-22T19:25:18,2024-10-22T19:27:17.719642,2024-10-22T19:53:07.640331,CLOSED,,DB-SERVER-07,False
ALT-CSE-07-01388,CSE-07,LOW,2024-12-13T23:40:21,2024-12-13T23:42:04.350779,2024-12-14T00:00:15.778903,CLOSED,,DB-SERVER-07,False
ALT-CSE-07-01389,CSE-07,HIGH,2024-12-08T06:28:23,2024-12-08T06:30:21.082393,2024-12-08T06:48:44.482602,CLOSED,,ENDPOINT-07,False
ALT-CSE-07-01390,CSE-07,HIGH,2024-10-27T04:32:50,2024-10-27T04:34:38.780896,2024-10-27T04:54:38.167667,CLOSED,,WEB-SERVER-07,False
ALT-CSE-07-01391,CSE-07,HIGH,2024-12-29T18:49:38,2024-12-29T18:50:19.191449,2024-12-29T19:08:09.251444,CLOSED,,DB-SERVER-07,False
ALT-CSE-07-01392,CSE-07,MEDIUM,2024-10-24T05:30:22,2024-10-24T05:31:49.410989,2024-10-24T05:42:12.531692,CLOSED,,FIREWALL-07,False
ALT-CSE-07-01393,CSE-07,MEDIUM,2024-12-12T12:50:37,2024-12-12T12:51:34.374170,2024-12-12T13:15:16.165272,CLOSED,,FIREWALL-07,False
ALT-CSE-07-01394,CSE-07,LOW,2024-11-01T21:25:50,2024-11-01T21:27:28.085226,2024-11-01T21:48:41.824798,CLOSED,,FIREWALL-07,False
ALT-CSE-07-01395,CSE-07,HIGH,2024-10-02T02:10:37,2024-10-02T02:11:09.042756,2024-10-02T02:28:45.217489,CLOSED,,WEB-SERVER-07,False
ALT-CSE-07-01396,CSE-07,HIGH,2024-12-19T16:43:47,2024-12-19T16:44:32.570264,2024-12-19T16:57:53.046457,CLOSED,,ENDPOINT-07,False
ALT-CSE-07-01397,CSE-07,MEDIUM,2024-11-19T11:05:37,2024-11-19T11:06:52.050492,2024-11-19T11:21:38.810812,CLOSED,,FIREWALL-07,False
ALT-CSE-07-01398,CSE-07,LOW,2024-12-13T21:47:59,2024-12-13T21:49:38.126751,2024-12-13T22:07:51.573304,CLOSED,,DB-SERVER-07,False
ALT-CSE-07-01399,CSE-07,HIGH,2024-10-12T22:51:40,2024-10-12T22:52:37.497718,2024-10-12T23:11:34.038387,CLOSED,,ENDPOINT-07,False
ALT-CSE-07-01400,CSE-07,HIGH,2024-10-10T20:41:53,2024-10-10T20:42:59.937190,2024-10-10T20:55:34.499129,CLOSED,,ENDPOINT-07,False
ALT-CSE-07-01401,CSE-07,MEDIUM,2024-11-01T08:51:52,2024-11-01T08:53:36.928972,2024-11-01T09:11:12.582961,CLOSED,,WEB-SERVER-07,False
ALT-CSE-07-01402,CSE-07,MEDIUM,2024-11-08T02:12:28,2024-11-08T02:13:57.339118,2024-11-08T02:30:01.035159,CLOSED,,FIREWALL-07,False
ALT-CSE-07-01403,CSE-07,HIGH,2024-12-21T07:10:06,2024-12-21T07:11:37.417427,2024-12-21T07:24:59.239359,CLOSED,,ENDPOINT-07,False
ALT-CSE-07-01404,CSE-07,HIGH,2024-12-21T05:50:18,2024-12-21T05:51:12.340283,2024-12-21T06:19:18.570714,CLOSED,,FIREWALL-07,False
ALT-CSE-07-01405,CSE-07,MEDIUM,2024-10-10T01:33:31,2024-10-10T01:34:27.176054,2024-10-10T01:44:19.009879,CLOSED,,WEB-SERVER-07,False
ALT-CSE-07-01406,CSE-07,HIGH,2024-11-07T22:11:08,2024-11-07T22:12:00.543677,2024-11-07T22:35:09.496845,CLOSED,,ENDPOINT-07,False
ALT-CSE-07-01407,CSE-07,HIGH,2024-10-27T15:31:08,2024-10-27T15:31:52.440430,2024-10-27T15:46:20.633635,CLOSED,,ENDPOINT-07,False
ALT-CSE-07-01408,CSE-07,LOW,2024-12-08T15:44:21,2024-12-08T15:45:07.731237,2024-12-08T16:07:13.202818,CLOSED,,DB-SERVER-07,False
ALT-CSE-07-01409,CSE-07,MEDIUM,2024-10-29T19:26:45,2024-10-29T19:28:07.688459,2024-10-29T19:51:10.093521,CLOSED,,WEB-SERVER-07,False
ALT-CSE-07-01410,CSE-07,HIGH,2024-11-26T12:30:36,2024-11-26T12:31:46.037849,2024-11-26T12:45:47.572726,CLOSED,,FIREWALL-07,False
ALT-CSE-07-01411,CSE-07,HIGH,2024-11-07T11:09:06,2024-11-07T11:09:51.288386,2024-11-07T11:27:35.941215,CLOSED,,WEB-SERVER-07,False
ALT-CSE-07-01412,CSE-07,HIGH,2024-11-22T23:35:22,2024-11-22T23:36:51.869997,2024-11-22T23:52:08.987502,CLOSED,,WEB-SERVER-07,False
ALT-CSE-07-01413,CSE-07,HIGH,2024-12-17T05:03:00,2024-12-17T05:04:24.175707,2024-12-17T05:26:30.320830,CLOSED,,FIREWALL-07,False
ALT-CSE-07-01414,CSE-07,LOW,2024-12-14T13:00:17,2024-12-14T13:01:18.828322,2024-12-14T13:21:26.999766,CLOSED,,FIREWALL-07,False
ALT-CSE-07-01415,CSE-07,HIGH,2024-10-09T23:05:02,2024-10-09T23:06:37.635975,2024-10-09T23:24:44.930426,CLOSED,,ENDPOINT-07,False
ALT-CSE-07-01416,CSE-07,HIGH,2024-11-20T03:56:34,2024-11-20T03:58:07.059571,2024-11-20T04:16:15.557584,CLOSED,,ENDPOINT-07,False
ALT-CSE-07-01417,CSE-07,HIGH,2024-11-24T17:40:23,2024-11-24T17:41:46.806712,2024-11-24T17:59:12.925121,CLOSED,,DB-SERVER-07,False
ALT-CSE-07-01418,CSE-07,HIGH,2024-12-25T21:07:32,2024-12-25T21:08:10.575346,2024-12-25T21:21:59.503976,CLOSED,,ENDPOINT-07,False
ALT-CSE-07-01419,CSE-07,LOW,2024-12-04T07:34:46,2024-12-04T07:35:21.854801,2024-12-04T07:59:32.725867,CLOSED,,WEB-SERVER-07,False
ALT-CSE-07-01420,CSE-07,MEDIUM,2024-10-20T00:25:27,2024-10-20T00:26:39.850418,2024-10-20T00:53:20.376584,CLOSED,,WEB-SERVER-07,False
ALT-CSE-07-01421,CSE-07,HIGH,2024-11-19T10:19:43,2024-11-19T10:20:49.664138,2024-11-19T10:47:45.914020,CLOSED,,WEB-SERVER-07,False
ALT-CSE-07-01422,CSE-07,MEDIUM,2024-12-24T11:21:57,2024-12-24T11:22:56.172698,2024-12-24T11:44:12.715261,CLOSED,,ENDPOINT-07,False
ALT-CSE-07-01423,CSE-07,MEDIUM,2024-12-27T00:47:30,2024-12-27T00:48:30.056113,2024-12-27T01:08:05.989273,CLOSED,,DB-SERVER-07,False
ALT-CSE-07-01424,CSE-07,LOW,2024-12-24T07:57:16,2024-12-24T07:58:57.618406,2024-12-24T08:07:43.779882,CLOSED,,WEB-SERVER-07,False
ALT-CSE-07-01425,CSE-07,LOW,2024-10-16T13:28:55,2024-10-16T13:30:01.205249,2024-10-16T13:38:36.372460,CLOSED,,WEB-SERVER-07,False
ALT-CSE-07-01426,CSE-07,MEDIUM,2024-10-01T13:21:22,2024-10-01T13:22:30.771627,2024-10-01T13:48:53.730533,CLOSED,,WEB-SERVER-07,False
ALT-CSE-07-01427,CSE-07,LOW,2024-12-27T04:50:19,2024-12-27T04:52:07.552717,2024-12-27T05:17:38.787601,CLOSED,,DB-SERVER-07,False
ALT-CSE-07-01428,CSE-07,MEDIUM,2024-11-18T20:51:48,2024-11-18T20:52:20.569224,2024-11-18T21:07:19.221516,CLOSED,,DB-SERVER-07,False
ALT-CSE-07-01429,CSE-07,MEDIUM,2024-10-30T16:05:34,2024-10-30T16:07:13.040947,2024-10-30T16:17:09.559703,CLOSED,,WEB-SERVER-07,False
ALT-CSE-07-01430,CSE-07,MEDIUM,2024-11-18T04:01:47,2024-11-18T04:02:18.242049,2024-11-18T04:21:14.593245,CLOSED,CAS-CSE-07-0790,ENDPOINT-07,False
ALT-CSE-07-01431,CSE-07,MEDIUM,2024-11-07T10:29:32,2024-11-07T10:31:17.976550,2024-11-07T10:50:38.072402,CLOSED,,FIREWALL-07,False
ALT-CSE-07-01432,CSE-07,MEDIUM,2024-12-20T11:53:18,2024-12-20T11:54:11.996726,2024-12-20T12:16:12.701649,CLOSED,,DB-SERVER-07,False
ALT-CSE-07-01433,CSE-07,LOW,2024-10-06T17:53:28,2024-10-06T17:54:19.433537,2024-10-06T18:14:19.248619,CLOSED,,DB-SERVER-07,False
ALT-CSE-07-01434,CSE-07,LOW,2024-10-31T01:17:33,2024-10-31T01:18:34.778464,2024-10-31T01:43:56.280935,CLOSED,,DB-SERVER-07,False
ALT-CSE-07-01435,CSE-07,HIGH,2024-12-29T22:47:56,2024-12-29T22:49:26.002114,2024-12-29T23:10:35.303033,CLOSED,,DB-SERVER-07,False
ALT-CSE-07-01436,CSE-07,LOW,2024-12-29T10:24:59,2024-12-29T10:25:41.297096,2024-12-29T10:49:36.575567,CLOSED,CAS-CSE-07-0791,FIREWALL-07,False
ALT-CSE-07-01437,CSE-07,HIGH,2024-10-11T01:59:54,2024-10-11T02:00:41.157533,2024-10-11T02:12:06.098452,CLOSED,,DB-SERVER-07,False
ALT-CSE-07-01438,CSE-07,MEDIUM,2024-10-31T02:16:51,2024-10-31T02:17:25.456739,2024-10-31T02:39:03.043459,CLOSED,,DB-SERVER-07,False
ALT-CSE-07-01439,CSE-07,HIGH,2024-12-04T17:56:57,2024-12-04T17:58:35.586230,2024-12-04T18:12:23.596028,CLOSED,,FIREWALL-07,False
ALT-CSE-07-01440,CSE-07,HIGH,2024-10-31T00:49:30,2024-10-31T00:51:10.023477,2024-10-31T01:06:30.385489,CLOSED,,ENDPOINT-07,False
ALT-CSE-07-01441,CSE-07,LOW,2024-10-17T02:27:38,2024-10-17T02:28:14.833664,2024-10-17T02:42:17.892154,CLOSED,,WEB-SERVER-07,False
ALT-CSE-07-01442,CSE-07,LOW,2024-12-02T12:07:14,2024-12-02T12:07:45.750524,2024-12-02T12:33:31.477839,CLOSED,,FIREWALL-07,False
ALT-CSE-07-01443,CSE-07,LOW,2024-12-02T20:05:03,2024-12-02T20:06:37.884316,2024-12-02T20:24:47.707707,CLOSED,,DB-SERVER-07,False
ALT-CSE-07-01444,CSE-07,HIGH,2024-10-28T05:21:19,2024-10-28T05:22:46.406554,2024-10-28T05:45:13.856067,CLOSED,,WEB-SERVER-07,False
ALT-CSE-07-01445,CSE-07,HIGH,2024-10-08T19:53:08,2024-10-08T19:54:52.140457,2024-10-08T20:11:49.994573,CLOSED,,FIREWALL-07,False
ALT-CSE-07-01446,CSE-07,HIGH,2024-11-18T07:09:23,2024-11-18T07:10:27.566334,2024-11-18T07:30:28.340630,CLOSED,,ENDPOINT-07,False
ALT-CSE-07-01447,CSE-07,LOW,2024-10-05T20:14:28,2024-10-05T20:16:23.904477,2024-10-05T20:36:22.282393,CLOSED,,ENDPOINT-07,False
ALT-CSE-07-01448,CSE-07,LOW,2024-10-09T10:03:03,2024-10-09T10:03:50.475593,2024-10-09T10:23:02.895235,CLOSED,,FIREWALL-07,False
ALT-CSE-07-01449,CSE-07,HIGH,2024-12-14T12:24:58,2024-12-14T12:26:35.466549,2024-12-14T12:39:39.876217,CLOSED,,FIREWALL-07,False
ALT-CSE-07-01450,CSE-07,MEDIUM,2024-10-02T01:17:18,2024-10-02T01:18:30.043621,2024-10-02T01:41:16.153148,CLOSED,,ENDPOINT-07,False
ALT-CSE-07-01451,CSE-07,MEDIUM,2024-10-07T17:22:44,2024-10-07T17:24:32.733407,2024-10-07T17:43:06.635497,CLOSED,,WEB-SERVER-07,False
ALT-CSE-07-01452,CSE-07,LOW,2024-12-13T17:09:44,2024-12-13T17:11:43.442644,2024-12-13T17:29:28.349091,CLOSED,,ENDPOINT-07,False
ALT-CSE-07-01453,CSE-07,LOW,2024-11-17T08:36:53,2024-11-17T08:37:58.282035,2024-11-17T08:54:20.209728,CLOSED,,FIREWALL-07,False
ALT-CSE-07-01454,CSE-07,MEDIUM,2024-11-11T14:56:36,2024-11-11T14:57:10.602915,2024-11-11T15:14:50.479646,CLOSED,CAS-CSE-07-0792,WEB-SERVER-07,False
ALT-CSE-07-01455,CSE-07,LOW,2024-11-15T02:11:39,2024-11-15T02:12:42.060796,2024-11-15T02:34:39.115761,CLOSED,,WEB-SERVER-07,False
ALT-CSE-07-01456,CSE-07,HIGH,2024-11-06T07:39:21,2024-11-06T07:41:09.185457,2024-11-06T08:04:58.674378,CLOSED,,FIREWALL-07,False
ALT-CSE-07-01457,CSE-07,HIGH,2024-12-21T09:06:41,2024-12-21T09:08:24.658481,2024-12-21T09:31:35.997019,CLOSED,,FIREWALL-07,False
ALT-CSE-07-01458,CSE-07,MEDIUM,2024-11-13T12:26:45,2024-11-13T12:28:34.426591,2024-11-13T12:42:47.506982,CLOSED,,ENDPOINT-07,False
ALT-CSE-07-01459,CSE-07,MEDIUM,2024-10-08T12:28:07,2024-10-08T12:28:58.309360,2024-10-08T12:54:35.516152,CLOSED,,DB-SERVER-07,False
ALT-CSE-07-01460,CSE-07,LOW,2024-11-15T09:09:57,2024-11-15T09:11:32.466696,2024-11-15T09:31:41.582253,CLOSED,,ENDPOINT-07,False
ALT-CSE-07-01461,CSE-07,LOW,2024-10-15T02:25:19,2024-10-15T02:26:05.371874,2024-10-15T02:43:00.248874,CLOSED,,WEB-SERVER-07,False
ALT-CSE-07-01462,CSE-07,MEDIUM,2024-10-08T10:46:41,2024-10-08T10:48:36.914813,2024-10-08T11:16:18.065450,CLOSED,,FIREWALL-07,False
ALT-CSE-07-01463,CSE-07,MEDIUM,2024-10-17T21:18:16,2024-10-17T21:19:52.974787,2024-10-17T21:45:04.187843,CLOSED,,DB-SERVER-07,False
ALT-CSE-07-01464,CSE-07,LOW,2024-10-06T18:36:22,2024-10-06T18:36:57.755333,2024-10-06T18:48:46.505016,CLOSED,,ENDPOINT-07,False
ALT-CSE-07-01465,CSE-07,HIGH,2024-10-20T08:23:03,2024-10-20T08:23:49.273090,2024-10-20T08:43:12.838550,CLOSED,,FIREWALL-07,False
ALT-CSE-07-01466,CSE-07,HIGH,2024-12-07T01:21:17,2024-12-07T01:22:54.224666,2024-12-07T01:47:59.775275,CLOSED,,DB-SERVER-07,False
ALT-CSE-07-01467,CSE-07,LOW,2024-12-14T17:42:14,2024-12-14T17:43:48.047038,2024-12-14T18:01:18.057994,CLOSED,,FIREWALL-07,False
ALT-CSE-07-01468,CSE-07,LOW,2024-11-24T01:29:44,2024-11-24T01:30:31.187968,2024-11-24T01:54:27.580448,CLOSED,,ENDPOINT-07,False
ALT-CSE-07-01469,CSE-07,MEDIUM,2024-10-21T15:46:50,2024-10-21T15:47:47.921602,2024-10-21T15:53:03.988774,CLOSED,,DB-SERVER-07,False
ALT-CSE-07-01470,CSE-07,HIGH,2024-11-26T09:52:31,2024-11-26T09:53:25.671156,2024-11-26T10:12:27.391563,CLOSED,,WEB-SERVER-07,False
ALT-CSE-07-01471,CSE-07,LOW,2024-10-28T07:57:56,2024-10-28T07:59:33.945133,2024-10-28T08:09:18.009416,CLOSED,,FIREWALL-07,False
ALT-CSE-07-01472,CSE-07,MEDIUM,2024-10-21T23:56:52,2024-10-21T23:58:51.693534,2024-10-22T00:11:18.592456,CLOSED,,DB-SERVER-07,False
ALT-CSE-07-01473,CSE-07,HIGH,2024-11-22T01:08:26,2024-11-22T01:09:54.136605,2024-11-22T01:22:06.102920,CLOSED,,FIREWALL-07,False
ALT-CSE-07-01474,CSE-07,HIGH,2024-11-11T00:14:20,2024-11-11T00:15:44.307634,2024-11-11T00:38:13.191955,CLOSED,,ENDPOINT-07,False
ALT-CSE-07-01475,CSE-07,LOW,2024-12-23T21:35:56,2024-12-23T21:37:23.771373,2024-12-23T22:01:44.690191,CLOSED,,DB-SERVER-07,False
ALT-CSE-07-01476,CSE-07,LOW,2024-12-18T08:49:31,2024-12-18T08:50:08.020907,2024-12-18T09:05:39.194709,CLOSED,,FIREWALL-07,False
ALT-CSE-07-01477,CSE-07,HIGH,2024-12-20T12:42:10,2024-12-20T12:42:58.197596,2024-12-20T12:59:20.339256,CLOSED,,DB-SERVER-07,False
ALT-CSE-07-01478,CSE-07,HIGH,2024-12-10T13:32:45,2024-12-10T13:34:31.448733,2024-12-10T13:51:24.007120,CLOSED,,FIREWALL-07,False
ALT-CSE-07-01479,CSE-07,HIGH,2024-12-14T10:40:28,2024-12-14T10:41:27.885673,2024-12-14T11:02:41.554788,CLOSED,,FIREWALL-07,False
ALT-CSE-07-01480,CSE-07,HIGH,2024-10-10T00:54:57,2024-10-10T00:56:35.982805,2024-10-10T01:14:09.422519,CLOSED,,WEB-SERVER-07,False
ALT-CSE-07-01481,CSE-07,HIGH,2024-10-05T22:40:01,2024-10-05T22:41:00.736671,2024-10-05T22:53:46.590398,CLOSED,,FIREWALL-07,False
ALT-CSE-07-01482,CSE-07,MEDIUM,2024-12-15T19:01:24,2024-12-15T19:03:06.326669,2024-12-15T19:19:07.645023,CLOSED,,WEB-SERVER-07,False
ALT-CSE-07-01483,CSE-07,HIGH,2024-10-18T22:04:37,2024-10-18T22:05:16.376275,2024-10-18T22:20:41.978404,CLOSED,CAS-CSE-07-0793,ENDPOINT-07,False
ALT-CSE-07-01484,CSE-07,HIGH,2024-12-28T21:14:03,2024-12-28T21:15:45.794955,2024-12-28T21:34:13.874280,CLOSED,,FIREWALL-07,False
ALT-CSE-07-01485,CSE-07,LOW,2024-11-14T17:33:33,2024-11-14T17:35:26.300385,2024-11-14T17:50:09.869772,CLOSED,,ENDPOINT-07,False
ALT-CSE-07-01486,CSE-07,LOW,2024-10-10T21:25:46,2024-10-10T21:26:18.522774,2024-10-10T21:45:23.431222,CLOSED,,FIREWALL-07,False
ALT-CSE-07-01487,CSE-07,HIGH,2024-11-29T18:24:01,2024-11-29T18:24:36.998763,2024-11-29T18:42:04.066061,CLOSED,,ENDPOINT-07,False
ALT-CSE-07-01488,CSE-07,LOW,2024-10-29T10:05:49,2024-10-29T10:07:26.456458,2024-10-29T10:21:10.807914,CLOSED,,WEB-SERVER-07,False
ALT-CSE-07-01489,CSE-07,HIGH,2024-10-03T12:00:49,2024-10-03T12:02:31.620363,2024-10-03T12:19:52.987368,CLOSED,,WEB-SERVER-07,False
ALT-CSE-07-01490,CSE-07,LOW,2024-11-09T10:24:45,2024-11-09T10:26:14.637396,2024-11-09T10:45:37.161742,CLOSED,,ENDPOINT-07,False
ALT-CSE-07-01491,CSE-07,MEDIUM,2024-12-12T11:48:33,2024-12-12T11:49:11.387022,2024-12-12T12:04:45.412186,CLOSED,,WEB-SERVER-07,False
ALT-CSE-07-01492,CSE-07,MEDIUM,2024-11-05T22:11:26,2024-11-05T22:12:22.807135,2024-11-05T22:20:23.584476,CLOSED,,WEB-SERVER-07,False
ALT-CSE-07-01493,CSE-07,MEDIUM,2024-10-11T18:32:16,2024-10-11T18:33:26.801360,2024-10-11T18:51:54.182110,CLOSED,,FIREWALL-07,False
ALT-CSE-07-01494,CSE-07,HIGH,2024-12-04T06:25:55,2024-12-04T06:27:14.670043,2024-12-04T06:44:04.800286,CLOSED,,FIREWALL-07,False
ALT-CSE-07-01495,CSE-07,MEDIUM,2024-12-24T15:12:28,2024-12-24T15:13:44.389024,2024-12-24T15:23:10.364134,CLOSED,,WEB-SERVER-07,False
ALT-CSE-07-01496,CSE-07,HIGH,2024-11-24T18:14:35,2024-11-24T18:15:53.908323,2024-11-24T18:34:09.964256,CLOSED,,FIREWALL-07,False
ALT-CSE-07-01497,CSE-07,LOW,2024-12-12T08:50:23,2024-12-12T08:51:38.664953,2024-12-12T09:14:44.393167,CLOSED,,FIREWALL-07,False
ALT-CSE-07-01498,CSE-07,MEDIUM,2024-11-18T04:15:29,2024-11-18T04:17:26.550612,2024-11-18T04:33:06.826940,CLOSED,,FIREWALL-07,False
ALT-CSE-07-01499,CSE-07,HIGH,2024-11-05T03:29:43,2024-11-05T03:31:30.400151,2024-11-05T03:46:27.618993,CLOSED,,DB-SERVER-07,False
ALT-CSE-07-01500,CSE-07,HIGH,2024-12-17T12:34:01,2024-12-17T12:35:08.117911,2024-12-17T12:52:08.554812,CLOSED,,WEB-SERVER-07,False
ALT-CSE-07-01501,CSE-07,HIGH,2024-12-08T01:06:01,2024-12-08T01:07:40.470760,2024-12-08T01:25:29.881809,CLOSED,,ENDPOINT-07,False
ALT-CSE-07-01502,CSE-07,HIGH,2024-11-30T04:55:36,2024-11-30T04:57:15.397940,2024-11-30T05:19:54.846597,CLOSED,,DB-SERVER-07,False
ALT-CSE-07-01503,CSE-07,LOW,2024-10-03T03:46:52,2024-10-03T03:47:49.894481,2024-10-03T04:01:40.087715,CLOSED,,ENDPOINT-07,False
ALT-CSE-07-01504,CSE-07,LOW,2024-10-05T02:08:06,2024-10-05T02:08:53.707447,2024-10-05T02:28:03.051382,CLOSED,,ENDPOINT-07,False
ALT-CSE-07-01505,CSE-07,LOW,2024-11-21T21:45:59,2024-11-21T21:47:01.421246,2024-11-21T22:08:12.800741,CLOSED,,WEB-SERVER-07,False
ALT-CSE-07-01506,CSE-07,MEDIUM,2024-11-10T02:10:10,2024-11-10T02:11:32.865595,2024-11-10T02:24:56.490837,CLOSED,,DB-SERVER-07,False
ALT-CSE-07-01507,CSE-07,HIGH,2024-10-19T18:48:10,2024-10-19T18:49:07.094008,2024-10-19T19:17:58.468055,CLOSED,,FIREWALL-07,False
ALT-CSE-07-01508,CSE-07,LOW,2024-11-14T05:33:41,2024-11-14T05:34:27.163968,2024-11-14T05:53:22.002202,CLOSED,,DB-SERVER-07,False
ALT-CSE-07-01509,CSE-07,MEDIUM,2024-11-04T11:44:25,2024-11-04T11:45:23.237280,2024-11-04T11:59:57.327516,CLOSED,CAS-CSE-07-0794,FIREWALL-07,False
ALT-CSE-07-01510,CSE-07,LOW,2024-11-29T13:59:37,2024-11-29T14:00:29.096388,2024-11-29T14:14:25.815466,CLOSED,,DB-SERVER-07,False
ALT-CSE-07-01511,CSE-07,MEDIUM,2024-10-06T21:34:13,2024-10-06T21:36:01.196621,2024-10-06T21:56:40.021003,CLOSED,,ENDPOINT-07,False
ALT-CSE-07-01512,CSE-07,LOW,2024-12-14T06:49:32,2024-12-14T06:51:01.220802,2024-12-14T07:05:40.231085,CLOSED,,FIREWALL-07,False
ALT-CSE-07-01513,CSE-07,HIGH,2024-12-04T18:53:24,2024-12-04T18:54:11.164826,2024-12-04T19:18:29.103765,CLOSED,,FIREWALL-07,False
ALT-CSE-07-01514,CSE-07,HIGH,2024-12-15T11:09:00,2024-12-15T11:10:14.218542,2024-12-15T11:26:34.025073,CLOSED,,DB-SERVER-07,False
ALT-CSE-07-01515,CSE-07,HIGH,2024-12-01T17:00:32,2024-12-01T17:01:36.138298,2024-12-01T17:18:42.729972,CLOSED,CAS-CSE-07-0795,ENDPOINT-07,False
ALT-CSE-07-01516,CSE-07,MEDIUM,2024-10-22T10:04:15,2024-10-22T10:05:43.588828,2024-10-22T10:23:23.464242,CLOSED,,WEB-SERVER-07,False
ALT-CSE-07-01517,CSE-07,MEDIUM,2024-11-28T19:43:45,2024-11-28T19:45:43.636666,2024-11-28T19:57:15.027402,CLOSED,,ENDPOINT-07,False
ALT-CSE-07-01518,CSE-07,HIGH,2024-11-21T01:53:34,2024-11-21T01:54:49.538918,2024-11-21T02:17:22.411333,CLOSED,,WEB-SERVER-07,False
ALT-CSE-07-01519,CSE-07,LOW,2024-10-04T09:04:14,2024-10-04T09:05:39.158019,2024-10-04T09:21:10.776287,CLOSED,,WEB-SERVER-07,False
ALT-CSE-07-01520,CSE-07,HIGH,2024-10-10T03:22:21,2024-10-10T03:23:54.827465,2024-10-10T03:37:24.922768,CLOSED,,ENDPOINT-07,False
ALT-CSE-07-01521,CSE-07,HIGH,2024-11-23T16:44:47,2024-11-23T16:45:46.097571,2024-11-23T17:00:42.790216,CLOSED,,WEB-SERVER-07,False
ALT-CSE-07-01522,CSE-07,HIGH,2024-10-04T11:41:02,2024-10-04T11:42:49.171526,2024-10-04T12:01:53.310867,CLOSED,,FIREWALL-07,False
ALT-CSE-07-01523,CSE-07,MEDIUM,2024-12-23T12:24:38,2024-12-23T12:26:09.667339,2024-12-23T12:37:18.602595,CLOSED,,FIREWALL-07,False
ALT-CSE-07-01524,CSE-07,LOW,2024-11-13T06:25:31,2024-11-13T06:26:04.317697,2024-11-13T06:43:55.062358,CLOSED,,WEB-SERVER-07,False
ALT-CSE-07-01525,CSE-07,LOW,2024-10-27T05:25:04,2024-10-27T05:26:11.404093,2024-10-27T05:40:45.286338,CLOSED,,DB-SERVER-07,False
ALT-CSE-07-01526,CSE-07,HIGH,2024-10-17T03:10:45,2024-10-17T03:12:03.196637,2024-10-17T03:33:54.663131,CLOSED,,WEB-SERVER-07,False
ALT-CSE-07-01527,CSE-07,LOW,2024-10-03T09:48:50,2024-10-03T09:49:31.808458,2024-10-03T10:10:07.485371,CLOSED,,ENDPOINT-07,False
ALT-CSE-07-01528,CSE-07,MEDIUM,2024-12-29T10:58:00,2024-12-29T10:59:55.145717,2024-12-29T11:15:58.989710,CLOSED,,DB-SERVER-07,False
ALT-CSE-07-01529,CSE-07,HIGH,2024-12-17T03:39:30,2024-12-17T03:40:15.066778,2024-12-17T04:01:00.865254,CLOSED,,FIREWALL-07,False
ALT-CSE-07-01530,CSE-07,HIGH,2024-12-16T22:47:32,2024-12-16T22:48:15.878358,2024-12-16T23:08:08.402746,CLOSED,,WEB-SERVER-07,False
ALT-CSE-07-01531,CSE-07,MEDIUM,2024-10-04T11:31:49,2024-10-04T11:33:23.172026,2024-10-04T11:54:39.728892,CLOSED,,DB-SERVER-07,False
ALT-CSE-07-01532,CSE-07,MEDIUM,2024-12-29T18:24:36,2024-12-29T18:25:22.002377,2024-12-29T18:32:48.182127,CLOSED,,WEB-SERVER-07,False
ALT-CSE-07-01533,CSE-07,HIGH,2024-11-17T09:45:28,2024-11-17T09:46:39.460524,2024-11-17T10:04:00.239959,CLOSED,,ENDPOINT-07,False
ALT-CSE-07-01534,CSE-07,HIGH,2024-12-26T15:36:51,2024-12-26T15:38:13.388448,2024-12-26T16:04:53.817632,CLOSED,,DB-SERVER-07,False
ALT-CSE-07-01535,CSE-07,LOW,2024-10-27T04:54:59,2024-10-27T04:56:42.039490,2024-10-27T05:16:06.494162,CLOSED,,WEB-SERVER-07,False
ALT-CSE-07-01536,CSE-07,LOW,2024-10-25T09:31:09,2024-10-25T09:33:01.817514,2024-10-25T09:51:53.730790,CLOSED,,ENDPOINT-07,False
ALT-CSE-07-01537,CSE-07,HIGH,2024-11-06T02:06:13,2024-11-06T02:07:59.649332,2024-11-06T02:23:46.574901,CLOSED,,DB-SERVER-07,False
ALT-CSE-07-01538,CSE-07,MEDIUM,2024-11-04T20:36:13,2024-11-04T20:37:35.314739,2024-11-04T20:56:10.904100,CLOSED,,WEB-SERVER-07,False
ALT-CSE-07-01539,CSE-07,MEDIUM,2024-11-15T13:43:26,2024-11-15T13:45:01.614507,2024-11-15T14:03:29.683394,CLOSED,,DB-SERVER-07,False
ALT-CSE-07-01540,CSE-07,MEDIUM,2024-11-23T20:45:07,2024-11-23T20:45:44.808040,2024-11-23T21:08:57.974474,CLOSED,,DB-SERVER-07,False
ALT-CSE-07-01541,CSE-07,HIGH,2024-12-22T16:43:56,2024-12-22T16:45:16.129013,2024-12-22T17:03:39.979533,CLOSED,,DB-SERVER-07,False
ALT-CSE-07-01542,CSE-07,LOW,2024-12-26T09:59:01,2024-12-26T09:59:31.206491,2024-12-26T10:23:39.916309,CLOSED,,FIREWALL-07,False
ALT-CSE-07-01543,CSE-07,MEDIUM,2024-11-11T03:56:56,2024-11-11T03:57:37.393765,2024-11-11T04:18:02.561930,CLOSED,,WEB-SERVER-07,False
ALT-CSE-07-01544,CSE-07,LOW,2024-11-11T11:51:26,2024-11-11T11:52:44.495965,2024-11-11T12:10:09.565594,CLOSED,,DB-SERVER-07,False
ALT-CSE-07-01545,CSE-07,LOW,2024-10-31T08:48:09,2024-10-31T08:49:32.169055,2024-10-31T09:13:08.360940,CLOSED,CAS-CSE-07-0796,WEB-SERVER-07,False
ALT-CSE-07-01546,CSE-07,HIGH,2024-10-06T14:20:59,2024-10-06T14:22:26.898020,2024-10-06T14:39:15.868606,CLOSED,,FIREWALL-07,False
ALT-CSE-07-01547,CSE-07,MEDIUM,2024-12-21T23:26:38,2024-12-21T23:27:49.883627,2024-12-21T23:49:25.671096,CLOSED,,WEB-SERVER-07,False
ALT-CSE-07-01548,CSE-07,HIGH,2024-11-29T04:51:19,2024-11-29T04:53:14.805295,2024-11-29T05:05:43.089176,CLOSED,,WEB-SERVER-07,False
ALT-CSE-07-01549,CSE-07,HIGH,2024-11-12T07:22:28,2024-11-12T07:23:40.459529,2024-11-12T07:35:05.059392,CLOSED,CAS-CSE-07-0797,DB-SERVER-07,False
ALT-CSE-07-01550,CSE-07,MEDIUM,2024-11-14T20:09:16,2024-11-14T20:11:01.591482,2024-11-14T20:37:25.903799,CLOSED,,FIREWALL-07,False
ALT-CSE-07-01551,CSE-07,MEDIUM,2024-11-26T00:10:15,2024-11-26T00:11:44.535631,2024-11-26T00:29:05.521966,CLOSED,,FIREWALL-07,False
ALT-CSE-07-01552,CSE-07,LOW,2024-10-27T19:43:20,2024-10-27T19:45:18.217645,2024-10-27T20:05:54.048597,CLOSED,,ENDPOINT-07,False
ALT-CSE-07-01553,CSE-07,HIGH,2024-12-12T21:27:42,2024-12-12T21:28:13.026118,2024-12-12T21:41:35.975962,CLOSED,,ENDPOINT-07,False
ALT-CSE-07-01554,CSE-07,HIGH,2024-12-04T11:50:19,2024-12-04T11:51:30.871125,2024-12-04T12:09:40.202671,CLOSED,,DB-SERVER-07,False
ALT-CSE-07-01555,CSE-07,LOW,2024-11-01T10:05:04,2024-11-01T10:05:44.480796,2024-11-01T10:23:08.268125,CLOSED,,DB-SERVER-07,False
ALT-CSE-07-01556,CSE-07,HIGH,2024-12-16T16:54:00,2024-12-16T16:55:12.231472,2024-12-16T17:18:22.772055,CLOSED,,ENDPOINT-07,False
ALT-CSE-07-01557,CSE-07,HIGH,2024-10-29T08:24:37,2024-10-29T08:25:28.642240,2024-10-29T08:44:12.976852,CLOSED,,FIREWALL-07,False
ALT-CSE-07-01558,CSE-07,MEDIUM,2024-10-06T21:21:42,2024-10-06T21:22:23.452658,2024-10-06T21:45:00.126628,CLOSED,,WEB-SERVER-07,False
ALT-CSE-07-01559,CSE-07,MEDIUM,2024-11-19T04:52:53,2024-11-19T04:54:16.280461,2024-11-19T05:11:03.768977,CLOSED,,ENDPOINT-07,False
ALT-CSE-07-01560,CSE-07,HIGH,2024-11-10T08:52:03,2024-11-10T08:53:25.516887,2024-11-10T09:10:10.271442,CLOSED,,WEB-SERVER-07,False
ALT-CSE-07-01561,CSE-07,HIGH,2024-10-12T07:24:08,2024-10-12T07:24:46.266725,2024-10-12T07:42:27.923488,CLOSED,,DB-SERVER-07,False
ALT-CSE-07-01562,CSE-07,MEDIUM,2024-11-11T09:48:52,2024-11-11T09:50:34.579872,2024-11-11T09:58:54.547158,CLOSED,,WEB-SERVER-07,False
ALT-CSE-07-01563,CSE-07,HIGH,2024-10-16T18:09:32,2024-10-16T18:10:51.847577,2024-10-16T18:30:10.067692,CLOSED,,ENDPOINT-07,False
ALT-CSE-07-01564,CSE-07,HIGH,2024-10-28T23:09:05,2024-10-28T23:10:30.672166,2024-10-28T23:36:04.943249,CLOSED,,DB-SERVER-07,False
ALT-CSE-07-01565,CSE-07,LOW,2024-12-14T10:08:07,2024-12-14T10:09:52.038598,2024-12-14T10:20:38.185014,CLOSED,CAS-CSE-07-0798,DB-SERVER-07,False
ALT-CSE-07-01566,CSE-07,MEDIUM,2024-11-02T23:30:56,2024-11-02T23:32:03.026107,2024-11-02T23:56:24.880170,CLOSED,,ENDPOINT-07,False
ALT-CSE-07-01567,CSE-07,HIGH,2024-12-10T13:01:13,2024-12-10T13:02:20.308787,2024-12-10T13:22:57.144648,CLOSED,,DB-SERVER-07,False
ALT-CSE-07-01568,CSE-07,HIGH,2024-10-07T05:36:27,2024-10-07T05:37:13.380902,2024-10-07T05:55:11.506059,CLOSED,,WEB-SERVER-07,False
ALT-CSE-07-01569,CSE-07,HIGH,2024-10-06T04:53:15,2024-10-06T04:54:07.170705,2024-10-06T05:17:13.135416,CLOSED,,WEB-SERVER-07,False
ALT-CSE-07-01570,CSE-07,MEDIUM,2024-10-31T21:46:19,2024-10-31T21:47:29.837069,2024-10-31T22:07:46.597869,CLOSED,,FIREWALL-07,False
ALT-CSE-07-01571,CSE-07,MEDIUM,2024-10-03T16:02:15,2024-10-03T16:03:36.478956,2024-10-03T16:30:09.211813,CLOSED,,ENDPOINT-07,False
ALT-CSE-07-01572,CSE-07,HIGH,2024-10-14T09:54:01,2024-10-14T09:55:45.302437,2024-10-14T10:19:00.575057,CLOSED,,DB-SERVER-07,False
ALT-CSE-07-01573,CSE-07,MEDIUM,2024-12-18T21:59:44,2024-12-18T22:01:36.321951,2024-12-18T22:21:52.850581,CLOSED,,DB-SERVER-07,False
ALT-CSE-07-01574,CSE-07,MEDIUM,2024-12-11T22:22:30,2024-12-11T22:23:06.910585,2024-12-11T22:43:49.516521,CLOSED,,ENDPOINT-07,False
ALT-CSE-07-01575,CSE-07,MEDIUM,2024-11-22T13:04:22,2024-11-22T13:05:34.713811,2024-11-22T13:23:05.117710,CLOSED,,DB-SERVER-07,False
ALT-CSE-07-01576,CSE-07,LOW,2024-11-08T18:11:58,2024-11-08T18:13:27.989136,2024-11-08T18:31:03.578608,CLOSED,,FIREWALL-07,False
ALT-CSE-07-01577,CSE-07,MEDIUM,2024-11-13T12:29:31,2024-11-13T12:30:30.499301,2024-11-13T12:58:33.318006,CLOSED,,ENDPOINT-07,False
ALT-CSE-07-01578,CSE-07,HIGH,2024-11-25T10:43:18,2024-11-25T10:44:19.245450,2024-11-25T10:57:44.367333,CLOSED,,DB-SERVER-07,False
ALT-CSE-07-01579,CSE-07,LOW,2024-10-04T18:56:50,2024-10-04T18:58:48.525861,2024-10-04T19:13:48.774498,CLOSED,,WEB-SERVER-07,False
ALT-CSE-07-01580,CSE-07,HIGH,2024-10-06T11:03:36,2024-10-06T11:04:39.383929,2024-10-06T11:21:27.218275,CLOSED,,ENDPOINT-07,False
ALT-CSE-07-01581,CSE-07,HIGH,2024-11-22T06:28:07,2024-11-22T06:29:24.580924,2024-11-22T06:48:54.750714,CLOSED,,DB-SERVER-07,False
ALT-CSE-07-01582,CSE-07,LOW,2024-11-23T07:19:18,2024-11-23T07:20:53.666549,2024-11-23T07:28:05.118630,CLOSED,,FIREWALL-07,False
ALT-CSE-07-01583,CSE-07,HIGH,2024-10-16T22:30:13,2024-10-16T22:31:24.264664,2024-10-16T22:53:53.837418,CLOSED,,FIREWALL-07,False
ALT-CSE-07-01584,CSE-07,MEDIUM,2024-11-21T19:34:27,2024-11-21T19:35:45.451746,2024-11-21T19:53:53.639591,CLOSED,,FIREWALL-07,False
ALT-CSE-07-01585,CSE-07,HIGH,2024-10-14T09:13:31,2024-10-14T09:14:43.270292,2024-10-14T09:29:41.709141,CLOSED,,WEB-SERVER-07,False
ALT-CSE-07-01586,CSE-07,HIGH,2024-10-25T10:31:15,2024-10-25T10:32:23.298953,2024-10-25T10:51:51.670260,CLOSED,,FIREWALL-07,False
ALT-CSE-07-01587,CSE-07,HIGH,2024-12-18T08:09:49,2024-12-18T08:10:49.415694,2024-12-18T08:17:11.246146,CLOSED,,DB-SERVER-07,False
ALT-CSE-07-01588,CSE-07,MEDIUM,2024-11-21T18:06:35,2024-11-21T18:07:10.167348,2024-11-21T18:26:24.077676,CLOSED,CAS-CSE-07-0799,WEB-SERVER-07,False
ALT-CSE-07-01589,CSE-07,HIGH,2024-11-12T13:50:16,2024-11-12T13:51:04.082775,2024-11-12T14:10:02.787615,CLOSED,,DB-SERVER-07,False
ALT-CSE-07-01590,CSE-07,MEDIUM,2024-12-04T11:03:38,2024-12-04T11:04:56.740861,2024-12-04T11:24:46.856462,CLOSED,,DB-SERVER-07,False
ALT-CSE-07-01591,CSE-07,HIGH,2024-11-09T05:49:15,2024-11-09T05:50:12.912080,2024-11-09T06:11:38.882034,CLOSED,,DB-SERVER-07,False
ALT-CSE-07-01592,CSE-07,HIGH,2024-10-24T15:42:02,2024-10-24T15:43:35.433146,2024-10-24T15:59:24.011007,CLOSED,,FIREWALL-07,False
ALT-CSE-07-01593,CSE-07,LOW,2024-11-20T17:27:40,2024-11-20T17:28:25.653326,2024-11-20T17:47:09.370020,CLOSED,,ENDPOINT-07,False
ALT-CSE-07-01594,CSE-07,MEDIUM,2024-11-22T17:34:12,2024-11-22T17:35:34.920513,2024-11-22T17:53:03.872775,CLOSED,,WEB-SERVER-07,False
ALT-CSE-07-01595,CSE-07,HIGH,2024-12-04T16:17:30,2024-12-04T16:18:00.047362,2024-12-04T16:39:21.195741,CLOSED,,WEB-SERVER-07,False
ALT-CSE-07-01596,CSE-07,LOW,2024-11-30T22:42:51,2024-11-30T22:44:44.490902,2024-11-30T22:59:06.260061,CLOSED,,ENDPOINT-07,False
ALT-CSE-07-01597,CSE-07,LOW,2024-12-22T22:23:26,2024-12-22T22:24:55.455288,2024-12-22T22:32:38.676208,CLOSED,,WEB-SERVER-07,False
ALT-CSE-07-01598,CSE-07,HIGH,2024-11-28T20:10:59,2024-11-28T20:11:36.313925,2024-11-28T20:38:15.054171,CLOSED,,ENDPOINT-07,False
ALT-CSE-07-01599,CSE-07,MEDIUM,2024-11-21T16:59:49,2024-11-21T17:00:48.852851,2024-11-21T17:17:06.336567,CLOSED,,ENDPOINT-07,False
ALT-CSE-07-01600,CSE-07,MEDIUM,2024-10-01T18:59:36,2024-10-01T19:01:01.890569,2024-10-01T19:16:37.285402,CLOSED,,WEB-SERVER-07,False
ALT-CSE-07-01601,CSE-07,MEDIUM,2024-10-09T20:10:09,2024-10-09T20:11:32.361192,2024-10-09T20:26:39.601465,CLOSED,,WEB-SERVER-07,False
ALT-CSE-07-01602,CSE-07,MEDIUM,2024-11-14T09:20:58,2024-11-14T09:21:44.674749,2024-11-14T09:39:47.251977,CLOSED,,ENDPOINT-07,False
ALT-CSE-07-01603,CSE-07,HIGH,2024-10-26T12:17:47,2024-10-26T12:18:47.109502,2024-10-26T12:48:13.342063,CLOSED,,FIREWALL-07,False
ALT-CSE-07-01604,CSE-07,LOW,2024-10-12T19:34:54,2024-10-12T19:36:46.685685,2024-10-12T20:02:47.905526,CLOSED,,DB-SERVER-07,False
ALT-CSE-07-01605,CSE-07,HIGH,2024-10-18T07:21:21,2024-10-18T07:21:58.041005,2024-10-18T07:44:28.836263,CLOSED,CAS-CSE-07-0800,DB-SERVER-07,False
ALT-CSE-07-01606,CSE-07,HIGH,2024-12-05T09:03:03,2024-12-05T09:04:46.880004,2024-12-05T09:23:35.812035,CLOSED,,ENDPOINT-07,False
ALT-CSE-07-01607,CSE-07,MEDIUM,2024-10-03T06:56:40,2024-10-03T06:58:26.579778,2024-10-03T07:19:10.055994,CLOSED,,FIREWALL-07,False
ALT-CSE-07-01608,CSE-07,MEDIUM,2024-10-09T02:48:26,2024-10-09T02:49:47.952096,2024-10-09T03:07:50.714465,CLOSED,,FIREWALL-07,False
ALT-CSE-07-01609,CSE-07,HIGH,2024-12-21T23:55:08,2024-12-21T23:56:55.030695,2024-12-22T00:17:13.671823,CLOSED,,ENDPOINT-07,False
ALT-CSE-07-01610,CSE-07,HIGH,2024-12-29T21:41:09,2024-12-29T21:41:56.524880,2024-12-29T21:52:49.163574,CLOSED,,FIREWALL-07,False
ALT-CSE-07-01611,CSE-07,LOW,2024-12-08T23:32:08,2024-12-08T23:33:59.469685,2024-12-08T23:54:14.718311,CLOSED,,DB-SERVER-07,False
ALT-CSE-07-01612,CSE-07,LOW,2024-10-28T05:04:44,2024-10-28T05:06:23.601626,2024-10-28T05:22:00.403687,CLOSED,,DB-SERVER-07,False
ALT-CSE-07-01613,CSE-07,LOW,2024-12-18T10:35:25,2024-12-18T10:36:13.895421,2024-12-18T10:57:24.400707,CLOSED,,ENDPOINT-07,False
ALT-CSE-07-01614,CSE-07,LOW,2024-11-15T18:59:45,2024-11-15T19:00:45.479949,2024-11-15T19:16:30.791874,CLOSED,,ENDPOINT-07,False
ALT-CSE-07-01615,CSE-07,MEDIUM,2024-12-19T23:58:07,2024-12-19T23:59:58.011863,2024-12-20T00:10:01.544981,CLOSED,,DB-SERVER-07,False
ALT-CSE-07-01616,CSE-07,MEDIUM,2024-12-09T08:02:55,2024-12-09T08:04:36.086197,2024-12-09T08:30:41.355652,CLOSED,,DB-SERVER-07,False
ALT-CSE-07-01617,CSE-07,MEDIUM,2024-10-11T00:28:42,2024-10-11T00:30:17.522321,2024-10-11T00:56:42.236305,CLOSED,,ENDPOINT-07,False
ALT-CSE-07-01618,CSE-07,LOW,2024-10-16T08:39:16,2024-10-16T08:40:31.579555,2024-10-16T09:10:12.663106,CLOSED,,WEB-SERVER-07,False
ALT-CSE-07-01619,CSE-07,MEDIUM,2024-10-19T22:45:30,2024-10-19T22:46:16.239976,2024-10-19T23:01:13.694893,CLOSED,,WEB-SERVER-07,False
ALT-CSE-07-01620,CSE-07,MEDIUM,2024-12-08T02:39:20,2024-12-08T02:40:05.046385,2024-12-08T02:57:02.699263,CLOSED,,ENDPOINT-07,False
ALT-CSE-07-01621,CSE-07,HIGH,2024-12-16T23:03:25,2024-12-16T23:04:05.981800,2024-12-16T23:18:48.648512,CLOSED,,FIREWALL-07,False
ALT-CSE-07-01622,CSE-07,LOW,2024-10-16T17:14:01,2024-10-16T17:15:46.181538,2024-10-16T17:29:58.933100,CLOSED,,FIREWALL-07,False
ALT-CSE-07-01623,CSE-07,MEDIUM,2024-11-02T01:07:44,2024-11-02T01:09:28.132779,2024-11-02T01:27:29.685585,CLOSED,,ENDPOINT-07,False
ALT-CSE-07-01624,CSE-07,LOW,2024-11-26T16:00:30,2024-11-26T16:01:56.884769,2024-11-26T16:23:46.424835,CLOSED,,ENDPOINT-07,False
ALT-CSE-07-01625,CSE-07,MEDIUM,2024-10-04T00:03:28,2024-10-04T00:04:39.602560,2024-10-04T00:17:07.040583,CLOSED,,FIREWALL-07,False
ALT-CSE-07-01626,CSE-07,MEDIUM,2024-11-22T22:39:09,2024-11-22T22:39:59.491105,2024-11-22T22:51:30.941733,CLOSED,,WEB-SERVER-07,False
ALT-CSE-07-01627,CSE-07,LOW,2024-12-21T04:40:07,2024-12-21T04:40:49.411441,2024-12-21T04:54:36.885855,CLOSED,,DB-SERVER-07,False
ALT-CSE-07-01628,CSE-07,LOW,2024-12-04T18:32:51,2024-12-04T18:33:27.466437,2024-12-04T18:55:06.695207,CLOSED,,ENDPOINT-07,False
ALT-CSE-07-01629,CSE-07,MEDIUM,2024-12-21T00:16:39,2024-12-21T00:17:44.251515,2024-12-21T00:32:56.667723,CLOSED,,DB-SERVER-07,False
ALT-CSE-07-01630,CSE-07,HIGH,2024-11-26T04:58:09,2024-11-26T04:59:57.281093,2024-11-26T05:24:34.449963,CLOSED,,ENDPOINT-07,False
ALT-CSE-07-01631,CSE-07,LOW,2024-12-12T11:22:46,2024-12-12T11:23:31.184615,2024-12-12T11:38:25.337563,CLOSED,,DB-SERVER-07,False
ALT-CSE-07-01632,CSE-07,MEDIUM,2024-11-14T20:00:23,2024-11-14T20:01:27.766044,2024-11-14T20:24:53.666132,CLOSED,,DB-SERVER-07,False
ALT-CSE-07-01633,CSE-07,LOW,2024-10-24T02:26:02,2024-10-24T02:27:10.379961,2024-10-24T02:49:12.637653,CLOSED,,DB-SERVER-07,False
ALT-CSE-07-01634,CSE-07,MEDIUM,2024-10-07T06:10:28,2024-10-07T06:12:11.969459,2024-10-07T06:27:30.595648,CLOSED,,DB-SERVER-07,False
ALT-CSE-07-01635,CSE-07,LOW,2024-12-27T10:55:18,2024-12-27T10:56:45.220414,2024-12-27T11:21:02.378655,CLOSED,,ENDPOINT-07,False
ALT-CSE-07-01636,CSE-07,MEDIUM,2024-11-21T02:09:09,2024-11-21T02:10:42.884179,2024-11-21T02:32:12.531847,CLOSED,,FIREWALL-07,False
ALT-CSE-07-01637,CSE-07,LOW,2024-11-07T09:03:09,2024-11-07T09:04:53.637261,2024-11-07T09:16:43.473764,CLOSED,,FIREWALL-07,False
ALT-CSE-07-01638,CSE-07,HIGH,2024-11-08T07:30:35,2024-11-08T07:31:25.967692,2024-11-08T07:55:04.863973,CLOSED,,WEB-SERVER-07,False
ALT-CSE-07-01639,CSE-07,MEDIUM,2024-12-14T02:23:07,2024-12-14T02:25:05.350176,2024-12-14T02:47:51.077764,CLOSED,,FIREWALL-07,False
ALT-CSE-07-01640,CSE-07,MEDIUM,2024-11-16T18:52:43,2024-11-16T18:54:01.391137,2024-11-16T19:11:47.429172,CLOSED,,ENDPOINT-07,False
ALT-CSE-07-01641,CSE-07,MEDIUM,2024-12-15T13:32:34,2024-12-15T13:33:32.599868,2024-12-15T13:47:25.624998,CLOSED,,DB-SERVER-07,False
ALT-CSE-07-01642,CSE-07,MEDIUM,2024-10-11T15:40:42,2024-10-11T15:42:25.311135,2024-10-11T16:01:15.526524,CLOSED,,FIREWALL-07,False
ALT-CSE-07-01643,CSE-07,LOW,2024-11-22T12:35:20,2024-11-22T12:36:56.441745,2024-11-22T12:47:41.073902,CLOSED,,FIREWALL-07,False
ALT-CSE-07-01644,CSE-07,LOW,2024-10-24T11:48:29,2024-10-24T11:49:41.661796,2024-10-24T12:00:00.208488,CLOSED,,ENDPOINT-07,False
ALT-CSE-07-01645,CSE-07,HIGH,2024-12-22T13:27:09,2024-12-22T13:27:52.961965,2024-12-22T13:40:47.326047,CLOSED,,DB-SERVER-07,False
ALT-CSE-07-01646,CSE-07,MEDIUM,2024-12-02T06:06:02,2024-12-02T06:07:36.768030,2024-12-02T06:28:28.233590,CLOSED,,DB-SERVER-07,False
ALT-CSE-07-01647,CSE-07,LOW,2024-12-13T13:14:01,2024-12-13T13:15:04.643029,2024-12-13T13:26:39.984212,CLOSED,,FIREWALL-07,False
ALT-CSE-07-01648,CSE-07,LOW,2024-11-10T02:39:01,2024-11-10T02:40:36.732460,2024-11-10T03:02:05.354371,CLOSED,,DB-SERVER-07,False
ALT-CSE-07-01649,CSE-07,MEDIUM,2024-11-27T06:31:29,2024-11-27T06:32:52.643741,2024-11-27T06:46:47.763423,CLOSED,,ENDPOINT-07,False
ALT-CSE-07-01650,CSE-07,MEDIUM,2024-12-13T17:59:13,2024-12-13T18:00:49.279319,2024-12-13T18:12:02.090988,CLOSED,,ENDPOINT-07,False
ALT-CSE-07-01651,CSE-07,MEDIUM,2024-11-25T13:05:22,2024-11-25T13:07:04.827376,2024-11-25T13:22:51.759571,CLOSED,,WEB-SERVER-07,False
ALT-CSE-07-01652,CSE-07,MEDIUM,2024-12-26T17:01:37,2024-12-26T17:03:08.823605,2024-12-26T17:25:42.519865,CLOSED,,FIREWALL-07,False
ALT-CSE-07-01653,CSE-07,LOW,2024-10-15T14:46:44,2024-10-15T14:47:37.197667,2024-10-15T14:58:40.354346,CLOSED,,FIREWALL-07,False
ALT-CSE-07-01654,CSE-07,MEDIUM,2024-12-07T22:08:37,2024-12-07T22:09:48.758717,2024-12-07T22:23:39.246000,CLOSED,,FIREWALL-07,False
ALT-CSE-07-01655,CSE-07,LOW,2024-11-03T16:54:41,2024-11-03T16:56:29.069405,2024-11-03T17:09:28.298598,CLOSED,,FIREWALL-07,False
ALT-CSE-07-01656,CSE-07,HIGH,2024-11-03T01:47:09,2024-11-03T01:47:46.009113,2024-11-03T02:06:59.598836,CLOSED,CAS-CSE-07-0801,ENDPOINT-07,False
ALT-CSE-07-01657,CSE-07,MEDIUM,2024-11-19T04:21:47,2024-11-19T04:23:11.148472,2024-11-19T04:41:24.947369,CLOSED,,ENDPOINT-07,False
ALT-CSE-07-01658,CSE-07,LOW,2024-11-09T10:31:36,2024-11-09T10:32:43.044356,2024-11-09T10:56:50.656226,CLOSED,,ENDPOINT-07,False
ALT-CSE-07-01659,CSE-07,LOW,2024-10-21T02:31:47,2024-10-21T02:33:09.597717,2024-10-21T02:47:01.092050,CLOSED,,ENDPOINT-07,False
ALT-CSE-07-01660,CSE-07,HIGH,2024-11-25T20:41:40,2024-11-25T20:42:37.937244,2024-11-25T20:58:14.555343,CLOSED,,FIREWALL-07,False
ALT-CSE-07-01661,CSE-07,HIGH,2024-11-25T15:51:58,2024-11-25T15:52:39.405036,2024-11-25T16:04:27.107318,CLOSED,,DB-SERVER-07,False
ALT-CSE-07-01662,CSE-07,LOW,2024-12-07T08:56:50,2024-12-07T08:58:25.192893,2024-12-07T09:18:07.515418,CLOSED,,FIREWALL-07,False
ALT-CSE-07-01663,CSE-07,MEDIUM,2024-12-12T07:27:31,2024-12-12T07:29:16.845567,2024-12-12T07:45:31.581890,CLOSED,,FIREWALL-07,False
ALT-CSE-07-01664,CSE-07,LOW,2024-10-17T03:06:40,2024-10-17T03:07:58.459984,2024-10-17T03:26:46.541540,CLOSED,,WEB-SERVER-07,False
ALT-CSE-07-01665,CSE-07,MEDIUM,2024-11-18T11:00:52,2024-11-18T11:02:38.263742,2024-11-18T11:23:13.270413,CLOSED,,ENDPOINT-07,False
ALT-CSE-07-01666,CSE-07,MEDIUM,2024-11-16T06:51:31,2024-11-16T06:52:55.324564,2024-11-16T07:12:44.707982,CLOSED,,DB-SERVER-07,False
ALT-CSE-07-01667,CSE-07,MEDIUM,2024-10-17T11:25:35,2024-10-17T11:27:23.935947,2024-10-17T11:47:59.477344,CLOSED,,WEB-SERVER-07,False
ALT-CSE-07-01668,CSE-07,LOW,2024-12-03T05:20:23,2024-12-03T05:21:08.099048,2024-12-03T05:38:06.574344,CLOSED,CAS-CSE-07-0802,WEB-SERVER-07,False
ALT-CSE-07-01669,CSE-07,LOW,2024-10-15T18:30:35,2024-10-15T18:32:07.983848,2024-10-15T18:47:23.659235,CLOSED,,FIREWALL-07,False
ALT-CSE-07-01670,CSE-07,LOW,2024-12-17T10:35:45,2024-12-17T10:36:20.897234,2024-12-17T11:00:35.918753,CLOSED,,ENDPOINT-07,False
ALT-CSE-07-01671,CSE-07,MEDIUM,2024-10-19T08:57:42,2024-10-19T08:59:19.855604,2024-10-19T09:15:40.844011,CLOSED,,ENDPOINT-07,False
ALT-CSE-07-01672,CSE-07,MEDIUM,2024-11-02T15:16:29,2024-11-02T15:17:37.304316,2024-11-02T15:38:05.450069,CLOSED,,WEB-SERVER-07,False
ALT-CSE-07-01673,CSE-07,LOW,2024-11-02T12:48:01,2024-11-02T12:49:16.089521,2024-11-02T13:08:53.606247,CLOSED,,DB-SERVER-07,False
ALT-CSE-07-01674,CSE-07,LOW,2024-10-30T07:09:28,2024-10-30T07:10:02.453058,2024-10-30T07:35:40.086880,CLOSED,,WEB-SERVER-07,False
ALT-CSE-07-01675,CSE-07,LOW,2024-10-24T01:21:07,2024-10-24T01:22:33.981670,2024-10-24T01:48:22.866510,CLOSED,,WEB-SERVER-07,False
ALT-CSE-07-01676,CSE-07,MEDIUM,2024-12-23T03:44:49,2024-12-23T03:46:24.301530,2024-12-23T04:08:37.162304,CLOSED,,FIREWALL-07,False
ALT-CSE-07-01677,CSE-07,MEDIUM,2024-12-01T15:30:54,2024-12-01T15:32:40.099807,2024-12-01T15:43:19.480126,CLOSED,,ENDPOINT-07,False
ALT-CSE-07-01678,CSE-07,LOW,2024-11-07T07:37:41,2024-11-07T07:39:35.724728,2024-11-07T08:01:27.695795,CLOSED,,FIREWALL-07,False
ALT-CSE-07-01679,CSE-07,MEDIUM,2024-12-19T13:56:58,2024-12-19T13:58:04.069926,2024-12-19T14:16:28.776298,CLOSED,,ENDPOINT-07,False
ALT-CSE-07-01680,CSE-07,LOW,2024-10-14T12:08:52,2024-10-14T12:09:27.811273,2024-10-14T12:30:50.948484,CLOSED,,FIREWALL-07,False
ALT-CSE-07-01681,CSE-07,LOW,2024-12-03T21:30:40,2024-12-03T21:31:58.213926,2024-12-03T21:50:08.918857,CLOSED,,ENDPOINT-07,False
ALT-CSE-07-01682,CSE-07,MEDIUM,2024-10-19T23:04:19,2024-10-19T23:04:58.161147,2024-10-19T23:15:32.960502,CLOSED,,DB-SERVER-07,False
ALT-CSE-07-01683,CSE-07,HIGH,2024-11-11T23:10:41,2024-11-11T23:11:30.867272,2024-11-11T23:35:30.025493,CLOSED,,FIREWALL-07,False
ALT-CSE-07-01684,CSE-07,LOW,2024-10-25T12:59:11,2024-10-25T13:01:04.619672,2024-10-25T13:17:34.786473,CLOSED,,FIREWALL-07,False
ALT-CSE-07-01685,CSE-07,HIGH,2024-11-21T22:21:58,2024-11-21T22:22:48.588042,2024-11-21T22:45:11.182430,CLOSED,CAS-CSE-07-0803,WEB-SERVER-07,False
ALT-CSE-07-01686,CSE-07,HIGH,2024-10-10T12:29:41,2024-10-10T12:30:18.903584,2024-10-10T12:47:08.577754,CLOSED,,DB-SERVER-07,False
ALT-CSE-07-01687,CSE-07,HIGH,2024-11-24T07:07:06,2024-11-24T07:07:47.144305,2024-11-24T07:31:40.487471,CLOSED,,ENDPOINT-07,False
ALT-CSE-07-01688,CSE-07,MEDIUM,2024-11-29T15:26:20,2024-11-29T15:28:00.985164,2024-11-29T15:38:58.761862,CLOSED,,WEB-SERVER-07,False
ALT-CSE-07-01689,CSE-07,MEDIUM,2024-12-13T18:57:47,2024-12-13T18:59:27.772673,2024-12-13T19:17:01.773010,CLOSED,,ENDPOINT-07,False
ALT-CSE-07-01690,CSE-07,HIGH,2024-11-09T23:31:55,2024-11-09T23:33:51.274017,2024-11-09T23:49:10.644226,CLOSED,,WEB-SERVER-07,False
ALT-CSE-07-01691,CSE-07,HIGH,2024-11-12T15:59:02,2024-11-12T16:00:56.210268,2024-11-12T16:23:56.568118,CLOSED,,ENDPOINT-07,False
ALT-CSE-07-01692,CSE-07,MEDIUM,2024-11-27T00:03:42,2024-11-27T00:05:03.224748,2024-11-27T00:24:36.892723,CLOSED,,FIREWALL-07,False
ALT-CSE-07-01693,CSE-07,HIGH,2024-11-22T21:10:32,2024-11-22T21:12:09.093660,2024-11-22T21:23:53.186865,CLOSED,,ENDPOINT-07,False
ALT-CSE-07-01694,CSE-07,HIGH,2024-11-11T17:17:09,2024-11-11T17:19:00.644584,2024-11-11T17:35:22.869561,CLOSED,,DB-SERVER-07,False
ALT-CSE-07-01695,CSE-07,LOW,2024-11-25T23:04:58,2024-11-25T23:05:41.643974,2024-11-25T23:14:21.101016,CLOSED,,ENDPOINT-07,False
ALT-CSE-07-01696,CSE-07,LOW,2024-10-28T04:12:25,2024-10-28T04:13:45.865966,2024-10-28T04:27:00.154565,CLOSED,,DB-SERVER-07,False
ALT-CSE-07-01697,CSE-07,MEDIUM,2024-10-09T17:53:31,2024-10-09T17:55:24.343331,2024-10-09T18:19:20.148523,CLOSED,,FIREWALL-07,False
ALT-CSE-07-01698,CSE-07,LOW,2024-11-15T23:47:53,2024-11-15T23:49:48.998088,2024-11-16T00:04:12.530178,CLOSED,,FIREWALL-07,False
ALT-CSE-07-01699,CSE-07,LOW,2024-11-08T10:14:35,2024-11-08T10:15:25.483442,2024-11-08T10:35:59.764868,CLOSED,,DB-SERVER-07,False
ALT-CSE-07-01700,CSE-07,HIGH,2024-11-14T23:51:19,2024-11-14T23:53:11.629670,2024-11-15T00:06:54.375981,CLOSED,,WEB-SERVER-07,False
ALT-CSE-07-01701,CSE-07,LOW,2024-10-07T10:37:23,2024-10-07T10:38:05.412429,2024-10-07T10:54:00.636268,CLOSED,,WEB-SERVER-07,False
ALT-CSE-07-01702,CSE-07,MEDIUM,2024-12-03T00:31:29,2024-12-03T00:32:32.248163,2024-12-03T00:51:42.301942,CLOSED,,ENDPOINT-07,False
ALT-CSE-07-01703,CSE-07,LOW,2024-12-01T12:11:51,2024-12-01T12:13:09.131471,2024-12-01T12:37:10.016369,CLOSED,,WEB-SERVER-07,False
ALT-CSE-07-01704,CSE-07,LOW,2024-11-18T19:10:17,2024-11-18T19:11:52.404140,2024-11-18T19:32:53.397152,CLOSED,CAS-CSE-07-0804,DB-SERVER-07,False
ALT-CSE-07-01705,CSE-07,MEDIUM,2024-12-19T14:31:36,2024-12-19T14:33:05.435642,2024-12-19T14:56:47.907748,CLOSED,,DB-SERVER-07,False
ALT-CSE-07-01706,CSE-07,MEDIUM,2024-10-23T01:28:50,2024-10-23T01:30:43.652389,2024-10-23T01:49:48.394519,CLOSED,,WEB-SERVER-07,False
ALT-CSE-07-01707,CSE-07,HIGH,2024-12-18T10:44:19,2024-12-18T10:46:11.369416,2024-12-18T11:03:56.055187,CLOSED,,ENDPOINT-07,False
ALT-CSE-07-01708,CSE-07,MEDIUM,2024-12-11T01:03:02,2024-12-11T01:04:42.304115,2024-12-11T01:19:22.084433,CLOSED,,WEB-SERVER-07,False
ALT-CSE-07-01709,CSE-07,MEDIUM,2024-10-19T10:13:11,2024-10-19T10:14:34.110750,2024-10-19T10:32:28.590936,CLOSED,,WEB-SERVER-07,False
ALT-CSE-07-01710,CSE-07,HIGH,2024-10-25T20:48:21,2024-10-25T20:50:08.358012,2024-10-25T21:05:36.111573,CLOSED,,ENDPOINT-07,False
ALT-CSE-07-01711,CSE-07,LOW,2024-11-24T11:32:11,2024-11-24T11:33:55.075725,2024-11-24T11:50:41.072244,CLOSED,,WEB-SERVER-07,False
ALT-CSE-07-01712,CSE-07,LOW,2024-10-23T23:29:57,2024-10-23T23:31:53.281547,2024-10-23T23:52:04.890059,CLOSED,,FIREWALL-07,False
ALT-CSE-07-01713,CSE-07,MEDIUM,2024-11-23T18:12:16,2024-11-23T18:14:05.533218,2024-11-23T18:24:42.412802,CLOSED,,FIREWALL-07,False
ALT-CSE-07-01714,CSE-07,MEDIUM,2024-10-08T14:52:36,2024-10-08T14:53:11.518257,2024-10-08T15:13:51.612201,CLOSED,,FIREWALL-07,False
ALT-CSE-07-01715,CSE-07,MEDIUM,2024-12-10T17:21:12,2024-12-10T17:22:41.712779,2024-12-10T17:44:03.534130,CLOSED,,FIREWALL-07,False
ALT-CSE-07-01716,CSE-07,MEDIUM,2024-10-14T19:20:37,2024-10-14T19:21:14.882330,2024-10-14T19:46:03.887912,CLOSED,,ENDPOINT-07,False
ALT-CSE-07-01717,CSE-07,MEDIUM,2024-11-02T20:05:45,2024-11-02T20:07:12.033259,2024-11-02T20:31:52.853153,CLOSED,,FIREWALL-07,False
ALT-CSE-07-01718,CSE-07,LOW,2024-12-13T12:11:04,2024-12-13T12:12:56.346942,2024-12-13T12:25:53.164262,CLOSED,,WEB-SERVER-07,False
ALT-CSE-07-01719,CSE-07,MEDIUM,2024-12-14T12:36:38,2024-12-14T12:38:05.551563,2024-12-14T12:54:57.441115,CLOSED,,FIREWALL-07,False
ALT-CSE-07-01720,CSE-07,LOW,2024-10-25T19:17:51,2024-10-25T19:18:43.595163,2024-10-25T19:28:42.414081,CLOSED,,FIREWALL-07,False
ALT-CSE-07-01721,CSE-07,MEDIUM,2024-11-18T06:43:27,2024-11-18T06:44:10.592749,2024-11-18T07:05:53.436453,CLOSED,,ENDPOINT-07,False
ALT-CSE-07-01722,CSE-07,LOW,2024-11-13T04:34:50,2024-11-13T04:35:40.596077,2024-11-13T04:45:02.225807,CLOSED,,FIREWALL-07,False
ALT-CSE-07-01723,CSE-07,HIGH,2024-11-13T17:31:10,2024-11-13T17:31:54.971222,2024-11-13T17:49:25.170754,CLOSED,CAS-CSE-07-0805,ENDPOINT-07,False
ALT-CSE-07-01724,CSE-07,HIGH,2024-12-25T19:22:18,2024-12-25T19:23:52.842626,2024-12-25T19:41:04.725833,CLOSED,,DB-SERVER-07,False
ALT-CSE-07-01725,CSE-07,HIGH,2024-12-08T05:59:06,2024-12-08T06:00:56.804532,2024-12-08T06:19:39.692510,CLOSED,,WEB-SERVER-07,False
ALT-CSE-07-01726,CSE-07,HIGH,2024-10-27T11:59:41,2024-10-27T12:00:50.841691,2024-10-27T12:18:06.205406,CLOSED,,DB-SERVER-07,False
ALT-CSE-07-01727,CSE-07,HIGH,2024-11-07T05:07:52,2024-11-07T05:08:34.709653,2024-11-07T05:30:30.505980,CLOSED,,DB-SERVER-07,False
ALT-CSE-07-01728,CSE-07,HIGH,2024-12-26T18:53:28,2024-12-26T18:54:46.173990,2024-12-26T19:13:46.086081,CLOSED,,ENDPOINT-07,False
ALT-CSE-07-01729,CSE-07,LOW,2024-12-11T10:35:18,2024-12-11T10:35:56.548981,2024-12-11T10:53:36.058589,CLOSED,,FIREWALL-07,False
ALT-CSE-07-01730,CSE-07,HIGH,2024-10-19T13:06:36,2024-10-19T13:08:01.987873,2024-10-19T13:25:02.397507,CLOSED,,DB-SERVER-07,False
ALT-CSE-07-01731,CSE-07,MEDIUM,2024-11-07T03:33:32,2024-11-07T03:35:14.729169,2024-11-07T03:51:15.985673,CLOSED,,WEB-SERVER-07,False
ALT-CSE-07-01732,CSE-07,HIGH,2024-12-14T21:27:46,2024-12-14T21:28:36.027291,2024-12-14T21:50:55.497928,CLOSED,,FIREWALL-07,False
ALT-CSE-07-01733,CSE-07,HIGH,2024-11-25T21:53:56,2024-11-25T21:55:50.692294,2024-11-25T22:12:23.725259,CLOSED,,DB-SERVER-07,False
ALT-CSE-07-01734,CSE-07,MEDIUM,2024-10-12T14:08:48,2024-10-12T14:10:07.570795,2024-10-12T14:36:33.388913,CLOSED,,WEB-SERVER-07,False
ALT-CSE-07-01735,CSE-07,HIGH,2024-12-14T07:07:43,2024-12-14T07:08:47.299196,2024-12-14T07:23:16.564843,CLOSED,,FIREWALL-07,False
ALT-CSE-07-01736,CSE-07,HIGH,2024-12-26T08:10:28,2024-12-26T08:11:53.326446,2024-12-26T08:23:14.946517,CLOSED,,ENDPOINT-07,False
ALT-CSE-07-01737,CSE-07,LOW,2024-10-12T20:06:54,2024-10-12T20:08:09.686912,2024-10-12T20:32:07.901377,CLOSED,,WEB-SERVER-07,False
ALT-CSE-07-01738,CSE-07,LOW,2024-12-26T09:28:24,2024-12-26T09:29:32.378885,2024-12-26T09:54:20.045052,CLOSED,,DB-SERVER-07,False
ALT-CSE-07-01739,CSE-07,MEDIUM,2024-12-01T10:13:57,2024-12-01T10:15:44.079882,2024-12-01T10:33:48.781692,CLOSED,,DB-SERVER-07,False
ALT-CSE-07-01740,CSE-07,MEDIUM,2024-12-29T12:14:17,2024-12-29T12:15:23.717931,2024-12-29T12:38:18.003775,CLOSED,,FIREWALL-07,False
ALT-CSE-07-01741,CSE-07,HIGH,2024-10-18T09:42:38,2024-10-18T09:43:37.505930,2024-10-18T09:56:48.952858,CLOSED,,WEB-SERVER-07,False
ALT-CSE-07-01742,CSE-07,LOW,2024-12-16T04:02:39,2024-12-16T04:03:57.920305,2024-12-16T04:27:12.894813,CLOSED,,WEB-SERVER-07,False
ALT-CSE-07-01743,CSE-07,HIGH,2024-11-16T06:30:59,2024-11-16T06:32:04.958864,2024-11-16T06:47:07.897094,CLOSED,,FIREWALL-07,False
ALT-CSE-07-01744,CSE-07,HIGH,2024-11-02T15:38:45,2024-11-02T15:40:05.023139,2024-11-02T15:57:19.076065,CLOSED,CAS-CSE-07-0806,ENDPOINT-07,False
ALT-CSE-07-01745,CSE-07,HIGH,2024-12-08T12:11:11,2024-12-08T12:12:13.486304,2024-12-08T12:35:30.699087,CLOSED,,ENDPOINT-07,False
ALT-CSE-07-01746,CSE-07,MEDIUM,2024-11-18T04:38:01,2024-11-18T04:39:30.305271,2024-11-18T05:07:26.296747,CLOSED,,FIREWALL-07,False
ALT-CSE-07-01747,CSE-07,HIGH,2024-11-01T03:52:09,2024-11-01T03:53:04.962763,2024-11-01T04:21:48.505592,CLOSED,,WEB-SERVER-07,False
ALT-CSE-07-01748,CSE-07,LOW,2024-12-17T18:30:01,2024-12-17T18:30:55.152090,2024-12-17T18:58:52.162641,CLOSED,,FIREWALL-07,False
ALT-CSE-07-01749,CSE-07,HIGH,2024-11-08T00:19:05,2024-11-08T00:20:35.429231,2024-11-08T00:34:05.222526,CLOSED,,DB-SERVER-07,False
ALT-CSE-07-01750,CSE-07,LOW,2024-12-07T19:46:19,2024-12-07T19:47:42.945757,2024-12-07T20:06:29.578601,CLOSED,CAS-CSE-07-0807,WEB-SERVER-07,False
ALT-CSE-07-01751,CSE-07,HIGH,2024-11-30T19:25:19,2024-11-30T19:26:20.685325,2024-11-30T19:42:55.265210,CLOSED,CAS-CSE-07-0808,FIREWALL-07,False
ALT-CSE-07-01752,CSE-07,MEDIUM,2024-12-02T06:34:05,2024-12-02T06:35:44.437724,2024-12-02T06:52:24.688690,CLOSED,,WEB-SERVER-07,False
ALT-CSE-07-01753,CSE-07,MEDIUM,2024-11-30T06:04:02,2024-11-30T06:04:36.151167,2024-11-30T06:22:44.456191,CLOSED,,FIREWALL-07,False
ALT-CSE-07-01754,CSE-07,LOW,2024-11-14T02:48:49,2024-11-14T02:50:00.603544,2024-11-14T03:07:49.893473,CLOSED,,ENDPOINT-07,False
ALT-CSE-07-01755,CSE-07,MEDIUM,2024-11-18T09:05:26,2024-11-18T09:05:59.753473,2024-11-18T09:20:55.785881,CLOSED,,DB-SERVER-07,False
ALT-CSE-07-01756,CSE-07,HIGH,2024-11-23T12:22:35,2024-11-23T12:24:09.173814,2024-11-23T12:41:10.660267,CLOSED,CAS-CSE-07-0809,WEB-SERVER-07,False
ALT-CSE-07-01757,CSE-07,HIGH,2024-12-16T10:32:01,2024-12-16T10:33:43.246134,2024-12-16T11:01:08.140250,CLOSED,,FIREWALL-07,False
ALT-CSE-07-01758,CSE-07,HIGH,2024-11-08T02:31:05,2024-11-08T02:32:07.273682,2024-11-08T02:46:49.279288,CLOSED,,WEB-SERVER-07,False
ALT-CSE-07-01759,CSE-07,MEDIUM,2024-11-23T07:45:43,2024-11-23T07:47:41.066165,2024-11-23T08:00:36.995511,CLOSED,,WEB-SERVER-07,False
ALT-CSE-07-01760,CSE-07,MEDIUM,2024-11-30T04:58:38,2024-11-30T05:00:02.633708,2024-11-30T05:12:11.245749,CLOSED,CAS-CSE-07-0810,WEB-SERVER-07,False
ALT-CSE-07-01761,CSE-07,HIGH,2024-11-30T18:40:02,2024-11-30T18:40:56.652360,2024-11-30T19:01:32.626501,CLOSED,,DB-SERVER-07,False
ALT-CSE-07-01762,CSE-07,HIGH,2024-12-25T18:13:05,2024-12-25T18:13:54.768574,2024-12-25T18:36:09.374385,CLOSED,,ENDPOINT-07,False
ALT-CSE-07-01763,CSE-07,MEDIUM,2024-10-11T23:55:36,2024-10-11T23:56:09.622735,2024-10-12T00:17:19.507192,CLOSED,,FIREWALL-07,False
ALT-CSE-07-01764,CSE-07,HIGH,2024-11-24T09:10:06,2024-11-24T09:11:12.932850,2024-11-24T09:28:39.757956,CLOSED,,DB-SERVER-07,False
ALT-CSE-07-01765,CSE-07,LOW,2024-12-02T09:10:21,2024-12-02T09:12:07.668965,2024-12-02T09:27:27.539828,CLOSED,,DB-SERVER-07,False
ALT-CSE-07-01766,CSE-07,MEDIUM,2024-10-18T23:09:56,2024-10-18T23:11:14.456322,2024-10-18T23:29:59.916151,CLOSED,CAS-CSE-07-0811,DB-SERVER-07,False
ALT-CSE-07-01767,CSE-07,HIGH,2024-11-23T04:12:33,2024-11-23T04:13:43.952578,2024-11-23T04:34:10.146296,CLOSED,,ENDPOINT-07,False
ALT-CSE-07-01768,CSE-07,LOW,2024-11-25T20:19:10,2024-11-25T20:20:55.679257,2024-11-25T20:34:09.579902,CLOSED,,ENDPOINT-07,False
ALT-CSE-07-01769,CSE-07,MEDIUM,2024-10-14T01:22:33,2024-10-14T01:24:07.158947,2024-10-14T01:30:47.339341,CLOSED,,ENDPOINT-07,False
ALT-CSE-07-01770,CSE-07,HIGH,2024-11-19T16:06:08,2024-11-19T16:06:49.187925,2024-11-19T16:25:58.846105,CLOSED,,FIREWALL-07,False
ALT-CSE-07-01771,CSE-07,MEDIUM,2024-11-06T05:45:04,2024-11-06T05:45:43.886208,2024-11-06T05:57:18.237619,CLOSED,,DB-SERVER-07,False
ALT-CSE-07-01772,CSE-07,MEDIUM,2024-10-21T07:43:34,2024-10-21T07:44:05.946409,2024-10-21T08:04:22.258020,CLOSED,,DB-SERVER-07,False
ALT-CSE-07-01773,CSE-07,LOW,2024-10-31T16:03:48,2024-10-31T16:05:47.645128,2024-10-31T16:20:29.008647,CLOSED,,FIREWALL-07,False
ALT-CSE-07-01774,CSE-07,HIGH,2024-12-26T11:29:29,2024-12-26T11:30:13.390345,2024-12-26T11:51:36.703972,CLOSED,,FIREWALL-07,False
ALT-CSE-07-01775,CSE-07,MEDIUM,2024-11-02T08:10:06,2024-11-02T08:11:02.613512,2024-11-02T08:39:46.305883,CLOSED,,DB-SERVER-07,False
ALT-CSE-07-01776,CSE-07,MEDIUM,2024-10-05T22:01:10,2024-10-05T22:02:07.732035,2024-10-05T22:22:44.537437,CLOSED,,WEB-SERVER-07,False
ALT-CSE-07-01777,CSE-07,LOW,2024-11-16T11:02:44,2024-11-16T11:04:12.127080,2024-11-16T11:24:18.752382,CLOSED,,WEB-SERVER-07,False
ALT-CSE-07-01778,CSE-07,MEDIUM,2024-11-24T17:05:19,2024-11-24T17:06:46.868165,2024-11-24T17:30:10.074638,CLOSED,,DB-SERVER-07,False
ALT-CSE-07-01779,CSE-07,LOW,2024-12-25T06:26:00,2024-12-25T06:26:40.086797,2024-12-25T06:53:28.549499,CLOSED,,DB-SERVER-07,False
ALT-CSE-07-01780,CSE-07,MEDIUM,2024-10-26T15:29:36,2024-10-26T15:31:14.412711,2024-10-26T15:50:12.178939,CLOSED,,WEB-SERVER-07,False
ALT-CSE-07-01781,CSE-07,MEDIUM,2024-10-17T05:16:07,2024-10-17T05:18:03.833302,2024-10-17T05:33:10.779767,CLOSED,,DB-SERVER-07,False
ALT-CSE-07-01782,CSE-07,MEDIUM,2024-10-12T00:24:55,2024-10-12T00:26:07.675961,2024-10-12T00:49:04.227677,CLOSED,,WEB-SERVER-07,False
ALT-CSE-07-01783,CSE-07,MEDIUM,2024-10-17T09:33:18,2024-10-17T09:34:46.065019,2024-10-17T09:48:32.174198,CLOSED,,FIREWALL-07,False
ALT-CSE-07-01784,CSE-07,MEDIUM,2024-12-18T13:58:15,2024-12-18T13:59:19.530407,2024-12-18T14:12:11.975992,CLOSED,,WEB-SERVER-07,False
ALT-CSE-07-01785,CSE-07,LOW,2024-12-05T16:56:11,2024-12-05T16:56:56.356438,2024-12-05T17:11:06.012437,CLOSED,,WEB-SERVER-07,False
ALT-CSE-07-01786,CSE-07,MEDIUM,2024-12-14T02:32:08,2024-12-14T02:33:20.101651,2024-12-14T02:59:49.155757,CLOSED,,DB-SERVER-07,False
ALT-CSE-07-01787,CSE-07,MEDIUM,2024-11-26T07:20:22,2024-11-26T07:22:04.922409,2024-11-26T07:41:36.692486,CLOSED,,FIREWALL-07,False
ALT-CSE-07-01788,CSE-07,MEDIUM,2024-12-27T06:53:22,2024-12-27T06:55:13.093321,2024-12-27T07:21:13.859857,CLOSED,,ENDPOINT-07,False
ALT-CSE-07-01789,CSE-07,MEDIUM,2024-10-14T23:46:05,2024-10-14T23:47:02.051047,2024-10-15T00:05:37.315467,CLOSED,,WEB-SERVER-07,False
ALT-CSE-07-01790,CSE-07,MEDIUM,2024-12-27T07:35:36,2024-12-27T07:37:13.199587,2024-12-27T07:52:52.516694,CLOSED,,DB-SERVER-07,False
ALT-CSE-07-01791,CSE-07,MEDIUM,2024-10-11T21:27:25,2024-10-11T21:29:21.632548,2024-10-11T21:46:32.631018,CLOSED,,ENDPOINT-07,False
ALT-CSE-07-01792,CSE-07,LOW,2024-12-22T08:18:27,2024-12-22T08:20:26.103836,2024-12-22T08:31:18.782701,CLOSED,,ENDPOINT-07,False
ALT-CSE-07-01793,CSE-07,LOW,2024-10-06T20:53:50,2024-10-06T20:55:12.262415,2024-10-06T21:12:12.994900,CLOSED,,DB-SERVER-07,False
ALT-CSE-07-01794,CSE-07,LOW,2024-12-03T04:27:59,2024-12-03T04:29:24.855384,2024-12-03T04:47:16.528676,CLOSED,,ENDPOINT-07,False
ALT-CSE-07-01795,CSE-07,MEDIUM,2024-12-27T12:58:18,2024-12-27T12:58:48.182897,2024-12-27T13:17:09.003211,CLOSED,,FIREWALL-07,False
ALT-CSE-07-01796,CSE-07,HIGH,2024-10-17T00:28:19,2024-10-17T00:29:54.631775,2024-10-17T00:46:15.805232,CLOSED,CAS-CSE-07-0812,WEB-SERVER-07,False
ALT-CSE-07-01797,CSE-07,MEDIUM,2024-12-12T18:46:19,2024-12-12T18:48:00.879862,2024-12-12T19:03:10.663101,CLOSED,,WEB-SERVER-07,False
ALT-CSE-07-01798,CSE-07,HIGH,2024-12-02T19:50:11,2024-12-02T19:51:58.620224,2024-12-02T20:03:25.064768,CLOSED,,DB-SERVER-07,False
ALT-CSE-07-01799,CSE-07,HIGH,2024-12-12T01:06:29,2024-12-12T01:07:40.868010,2024-12-12T01:30:02.661086,CLOSED,,WEB-SERVER-07,False
ALT-CSE-07-01800,CSE-07,LOW,2024-11-21T20:59:03,2024-11-21T21:00:21.321066,2024-11-21T21:26:51.384141,CLOSED,,DB-SERVER-07,False
ALT-CSE-07-01801,CSE-07,HIGH,2024-10-07T04:35:48,2024-10-07T04:36:40.517428,2024-10-07T04:57:20.855294,CLOSED,,FIREWALL-07,False
ALT-CSE-07-01802,CSE-07,LOW,2024-10-02T04:04:16,2024-10-02T04:04:59.541085,2024-10-02T04:23:37.255757,CLOSED,,DB-SERVER-07,False
ALT-CSE-07-01803,CSE-07,HIGH,2024-10-17T05:41:23,2024-10-17T05:43:15.526186,2024-10-17T06:10:25.904136,CLOSED,,ENDPOINT-07,False
ALT-CSE-07-01804,CSE-07,MEDIUM,2024-12-24T06:37:19,2024-12-24T06:38:21.643565,2024-12-24T07:00:47.795722,CLOSED,,ENDPOINT-07,False
ALT-CSE-07-01805,CSE-07,LOW,2024-12-11T19:26:35,2024-12-11T19:27:34.207593,2024-12-11T19:46:29.834774,CLOSED,,DB-SERVER-07,False
ALT-CSE-07-01806,CSE-07,HIGH,2024-10-06T01:38:19,2024-10-06T01:39:20.981707,2024-10-06T01:55:18.104895,CLOSED,,FIREWALL-07,False
ALT-CSE-07-01807,CSE-07,LOW,2024-11-05T19:00:21,2024-11-05T19:01:02.464138,2024-11-05T19:21:43.272587,CLOSED,,FIREWALL-07,False
ALT-CSE-07-01808,CSE-07,LOW,2024-12-08T15:08:01,2024-12-08T15:09:46.976049,2024-12-08T15:34:39.749647,CLOSED,,DB-SERVER-07,False
ALT-CSE-07-01809,CSE-07,MEDIUM,2024-11-28T03:59:25,2024-11-28T04:00:46.932747,2024-11-28T04:27:25.098681,CLOSED,,FIREWALL-07,False
ALT-CSE-07-01810,CSE-07,MEDIUM,2024-11-25T00:59:58,2024-11-25T01:00:53.628699,2024-11-25T01:12:33.618745,CLOSED,,WEB-SERVER-07,False
ALT-CSE-07-01811,CSE-07,HIGH,2024-11-24T21:30:16,2024-11-24T21:31:36.460794,2024-11-24T21:44:19.101020,CLOSED,,FIREWALL-07,False
ALT-CSE-07-01812,CSE-07,HIGH,2024-12-10T20:15:33,2024-12-10T20:16:50.563738,2024-12-10T20:32:09.583284,CLOSED,,FIREWALL-07,False
ALT-CSE-07-01813,CSE-07,MEDIUM,2024-11-12T19:41:41,2024-11-12T19:42:17.014153,2024-11-12T19:57:29.975653,CLOSED,,FIREWALL-07,False
ALT-CSE-07-01814,CSE-07,HIGH,2024-10-14T23:47:48,2024-10-14T23:48:28.933721,2024-10-15T00:00:09.320914,CLOSED,,FIREWALL-07,False
ALT-CSE-07-01815,CSE-07,HIGH,2024-11-12T15:03:39,2024-11-12T15:05:04.129092,2024-11-12T15:19:51.874190,CLOSED,,FIREWALL-07,False
ALT-CSE-07-01816,CSE-07,MEDIUM,2024-12-10T16:56:28,2024-12-10T16:57:05.465724,2024-12-10T17:12:43.241884,CLOSED,,DB-SERVER-07,False
ALT-CSE-07-01817,CSE-07,LOW,2024-12-14T12:33:11,2024-12-14T12:34:52.420901,2024-12-14T12:59:22.340229,CLOSED,,ENDPOINT-07,False
ALT-CSE-07-01818,CSE-07,LOW,2024-11-15T18:49:48,2024-11-15T18:50:36.767734,2024-11-15T19:07:36.636238,CLOSED,,DB-SERVER-07,False
ALT-CSE-07-01819,CSE-07,LOW,2024-10-27T22:10:07,2024-10-27T22:10:59.178577,2024-10-27T22:31:32.451770,CLOSED,,WEB-SERVER-07,False
ALT-CSE-07-01820,CSE-07,MEDIUM,2024-12-23T10:52:41,2024-12-23T10:54:02.990715,2024-12-23T11:16:14.826034,CLOSED,,FIREWALL-07,False
ALT-CSE-07-01821,CSE-07,MEDIUM,2024-10-27T05:13:37,2024-10-27T05:15:00.534521,2024-10-27T05:27:00.981894,CLOSED,,ENDPOINT-07,False
ALT-CSE-07-01822,CSE-07,LOW,2024-12-12T14:11:29,2024-12-12T14:13:13.460202,2024-12-12T14:37:42.053027,CLOSED,,DB-SERVER-07,False
ALT-CSE-07-01823,CSE-07,MEDIUM,2024-11-09T03:02:35,2024-11-09T03:03:08.771864,2024-11-09T03:25:32.092768,CLOSED,,WEB-SERVER-07,False
ALT-CSE-07-01824,CSE-07,MEDIUM,2024-11-25T17:17:43,2024-11-25T17:18:32.133962,2024-11-25T17:31:19.642837,CLOSED,,WEB-SERVER-07,False
ALT-CSE-07-01825,CSE-07,LOW,2024-12-10T18:22:46,2024-12-10T18:23:37.399955,2024-12-10T18:48:45.464283,CLOSED,,FIREWALL-07,False
ALT-CSE-07-01826,CSE-07,MEDIUM,2024-11-09T12:07:34,2024-11-09T12:08:56.426933,2024-11-09T12:26:14.419856,CLOSED,,WEB-SERVER-07,False
ALT-CSE-07-01827,CSE-07,MEDIUM,2024-11-03T10:16:03,2024-11-03T10:17:52.031128,2024-11-03T10:41:06.929039,CLOSED,,WEB-SERVER-07,False
ALT-CSE-07-01828,CSE-07,HIGH,2024-11-05T07:35:55,2024-11-05T07:37:26.974765,2024-11-05T07:50:59.046557,CLOSED,CAS-CSE-07-0813,WEB-SERVER-07,False
ALT-CSE-07-01829,CSE-07,HIGH,2024-12-03T21:55:30,2024-12-03T21:57:01.328435,2024-12-03T22:31:24.862156,CLOSED,,DB-SERVER-07,False
ALT-CSE-07-01830,CSE-07,MEDIUM,2024-12-13T13:58:13,2024-12-13T14:00:09.728792,2024-12-13T14:14:33.794917,CLOSED,,ENDPOINT-07,False
ALT-CSE-07-01831,CSE-07,HIGH,2024-11-29T12:14:47,2024-11-29T12:16:38.178734,2024-11-29T12:30:06.954112,CLOSED,,DB-SERVER-07,False
ALT-CSE-07-01832,CSE-07,HIGH,2024-11-30T09:01:06,2024-11-30T09:02:57.245199,2024-11-30T09:19:30.543478,CLOSED,,ENDPOINT-07,False
ALT-CSE-07-01833,CSE-07,MEDIUM,2024-11-03T03:39:32,2024-11-03T03:40:24.843163,2024-11-03T03:52:01.459729,CLOSED,,ENDPOINT-07,False
ALT-CSE-07-01834,CSE-07,MEDIUM,2024-12-03T00:29:23,2024-12-03T00:30:42.977349,2024-12-03T00:50:50.848089,CLOSED,,ENDPOINT-07,False
ALT-CSE-07-01835,CSE-07,HIGH,2024-10-30T18:10:04,2024-10-30T18:11:22.484114,2024-10-30T18:25:04.169512,CLOSED,,ENDPOINT-07,False
ALT-CSE-07-01836,CSE-07,MEDIUM,2024-11-17T03:32:43,2024-11-17T03:34:34.205953,2024-11-17T03:52:51.487318,CLOSED,,FIREWALL-07,False
ALT-CSE-07-01837,CSE-07,HIGH,2024-12-05T11:12:25,2024-12-05T11:13:03.438925,2024-12-05T11:29:44.924862,CLOSED,,WEB-SERVER-07,False
ALT-CSE-07-01838,CSE-07,HIGH,2024-12-10T03:50:14,2024-12-10T03:50:49.250753,2024-12-10T04:09:26.430606,CLOSED,,FIREWALL-07,False
ALT-CSE-07-01839,CSE-07,HIGH,2024-10-06T06:56:50,2024-10-06T06:57:41.112507,2024-10-06T07:18:38.107261,CLOSED,,WEB-SERVER-07,False
ALT-CSE-07-01840,CSE-07,HIGH,2024-11-06T15:57:41,2024-11-06T15:59:19.327253,2024-11-06T16:15:09.527575,CLOSED,,WEB-SERVER-07,False
ALT-CSE-07-01841,CSE-07,HIGH,2024-11-24T10:56:21,2024-11-24T10:57:12.582749,2024-11-24T11:17:19.491445,CLOSED,,FIREWALL-07,False
ALT-CSE-07-01842,CSE-07,MEDIUM,2024-11-28T15:48:08,2024-11-28T15:49:27.126283,2024-11-28T16:09:44.953659,CLOSED,,WEB-SERVER-07,False
ALT-CSE-07-01843,CSE-07,MEDIUM,2024-10-04T08:48:20,2024-10-04T08:49:42.190746,2024-10-04T09:12:46.810588,CLOSED,,DB-SERVER-07,False
ALT-CSE-07-01844,CSE-07,MEDIUM,2024-11-09T20:04:28,2024-11-09T20:06:10.374974,2024-11-09T20:22:09.788000,CLOSED,,FIREWALL-07,False
ALT-CSE-07-01845,CSE-07,HIGH,2024-11-16T12:19:12,2024-11-16T12:21:00.225814,2024-11-16T12:35:24.813813,CLOSED,,WEB-SERVER-07,False
ALT-CSE-07-01846,CSE-07,LOW,2024-10-25T18:49:52,2024-10-25T18:51:25.993069,2024-10-25T19:02:59.522022,CLOSED,,FIREWALL-07,False
ALT-CSE-07-01847,CSE-07,MEDIUM,2024-10-27T13:23:23,2024-10-27T13:25:03.101484,2024-10-27T13:42:01.740589,CLOSED,,FIREWALL-07,False
ALT-CSE-07-01848,CSE-07,HIGH,2024-10-22T11:25:44,2024-10-22T11:26:36.489877,2024-10-22T11:57:33.209474,CLOSED,,ENDPOINT-07,False
ALT-CSE-07-01849,CSE-07,HIGH,2024-12-18T09:43:11,2024-12-18T09:45:02.372292,2024-12-18T10:03:17.708118,CLOSED,,WEB-SERVER-07,False
ALT-CSE-07-01850,CSE-07,LOW,2024-10-16T13:14:25,2024-10-16T13:15:39.749358,2024-10-16T13:30:31.116793,CLOSED,,ENDPOINT-07,False
ALT-CSE-07-01851,CSE-07,MEDIUM,2024-12-01T06:01:41,2024-12-01T06:02:54.167527,2024-12-01T06:34:23.467779,CLOSED,,FIREWALL-07,False
ALT-CSE-07-01852,CSE-07,LOW,2024-12-24T08:51:33,2024-12-24T08:52:24.145262,2024-12-24T09:13:04.860424,CLOSED,,FIREWALL-07,False
ALT-CSE-07-01853,CSE-07,MEDIUM,2024-10-14T05:07:24,2024-10-14T05:09:23.524937,2024-10-14T05:30:13.438223,CLOSED,,FIREWALL-07,False
ALT-CSE-07-01854,CSE-07,LOW,2024-10-08T03:26:30,2024-10-08T03:27:31.374225,2024-10-08T03:47:11.184418,CLOSED,,DB-SERVER-07,False
ALT-CSE-07-01855,CSE-07,HIGH,2024-12-18T06:35:45,2024-12-18T06:37:11.260696,2024-12-18T06:53:53.380364,CLOSED,,DB-SERVER-07,False
ALT-CSE-07-01856,CSE-07,LOW,2024-12-16T12:34:31,2024-12-16T12:35:35.572150,2024-12-16T12:48:57.945484,CLOSED,,FIREWALL-07,False
ALT-CSE-07-01857,CSE-07,LOW,2024-10-04T19:51:29,2024-10-04T19:52:38.274277,2024-10-04T20:11:04.119980,CLOSED,,FIREWALL-07,False
ALT-CSE-07-01858,CSE-07,LOW,2024-11-11T22:01:57,2024-11-11T22:02:36.102532,2024-11-11T22:25:43.892831,CLOSED,,ENDPOINT-07,False
ALT-CSE-07-01859,CSE-07,MEDIUM,2024-10-08T09:11:05,2024-10-08T09:12:39.352909,2024-10-08T09:28:00.366819,CLOSED,CAS-CSE-07-0814,FIREWALL-07,False
ALT-CSE-07-01860,CSE-07,HIGH,2024-12-13T20:20:19,2024-12-13T20:22:08.009095,2024-12-13T20:39:32.749824,CLOSED,CAS-CSE-07-0815,ENDPOINT-07,False
ALT-CSE-07-01861,CSE-07,LOW,2024-10-12T19:44:52,2024-10-12T19:46:03.125832,2024-10-12T20:00:56.954137,CLOSED,,DB-SERVER-07,False
ALT-CSE-07-01862,CSE-07,MEDIUM,2024-11-10T09:13:54,2024-11-10T09:15:26.155461,2024-11-10T09:27:48.152800,CLOSED,,ENDPOINT-07,False
ALT-CSE-07-01863,CSE-07,LOW,2024-11-07T18:19:54,2024-11-07T18:20:35.700618,2024-11-07T18:36:45.965541,CLOSED,,DB-SERVER-07,False
ALT-CSE-07-01864,CSE-07,HIGH,2024-10-26T23:06:22,2024-10-26T23:07:07.704356,2024-10-26T23:21:12.949118,CLOSED,,ENDPOINT-07,False
ALT-CSE-07-01865,CSE-07,HIGH,2024-11-09T11:06:09,2024-11-09T11:07:31.441934,2024-11-09T11:34:09.698619,CLOSED,,WEB-SERVER-07,False
ALT-CSE-07-01866,CSE-07,HIGH,2024-11-24T23:56:37,2024-11-24T23:57:10.759840,2024-11-25T00:15:12.315295,CLOSED,,WEB-SERVER-07,False
ALT-CSE-07-01867,CSE-07,HIGH,2024-12-14T00:07:33,2024-12-14T00:08:15.426333,2024-12-14T00:16:52.037065,CLOSED,CAS-CSE-07-0816,FIREWALL-07,False
ALT-CSE-07-01868,CSE-07,HIGH,2024-11-21T03:42:19,2024-11-21T03:43:15.989382,2024-11-21T04:01:37.064233,CLOSED,,DB-SERVER-07,False
ALT-CSE-07-01869,CSE-07,LOW,2024-12-04T22:26:52,2024-12-04T22:27:23.330494,2024-12-04T22:46:38.628940,CLOSED,,WEB-SERVER-07,False
ALT-CSE-07-01870,CSE-07,HIGH,2024-11-29T19:35:48,2024-11-29T19:37:01.376874,2024-11-29T19:57:37.745601,CLOSED,,WEB-SERVER-07,False
ALT-CSE-07-01871,CSE-07,MEDIUM,2024-11-20T04:25:00,2024-11-20T04:25:44.629438,2024-11-20T04:47:03.752851,CLOSED,,WEB-SERVER-07,False
ALT-CSE-07-01872,CSE-07,HIGH,2024-11-11T06:21:11,2024-11-11T06:22:15.308632,2024-11-11T06:43:41.700904,CLOSED,,DB-SERVER-07,False
ALT-CSE-07-01873,CSE-07,LOW,2024-11-08T21:01:45,2024-11-08T21:02:55.132507,2024-11-08T21:27:51.177894,CLOSED,,DB-SERVER-07,False
ALT-CSE-07-01874,CSE-07,HIGH,2024-10-03T01:26:28,2024-10-03T01:28:14.656493,2024-10-03T01:42:08.819991,CLOSED,,FIREWALL-07,False
ALT-CSE-07-01875,CSE-07,MEDIUM,2024-12-08T20:06:53,2024-12-08T20:07:43.243631,2024-12-08T20:29:01.886658,CLOSED,,WEB-SERVER-07,False
ALT-CSE-07-01876,CSE-07,HIGH,2024-11-14T23:34:39,2024-11-14T23:35:31.531244,2024-11-14T23:58:20.985427,CLOSED,,ENDPOINT-07,False
ALT-CSE-07-01877,CSE-07,HIGH,2024-11-08T00:53:50,2024-11-08T00:55:48.556163,2024-11-08T01:13:38.828689,CLOSED,,WEB-SERVER-07,False
ALT-CSE-07-01878,CSE-07,LOW,2024-12-29T17:45:51,2024-12-29T17:46:35.438986,2024-12-29T17:54:20.916288,CLOSED,,FIREWALL-07,False
ALT-CSE-07-01879,CSE-07,MEDIUM,2024-10-13T06:49:30,2024-10-13T06:50:56.765982,2024-10-13T07:10:45.228611,CLOSED,,ENDPOINT-07,False
ALT-CSE-07-01880,CSE-07,HIGH,2024-12-18T04:41:00,2024-12-18T04:41:52.074067,2024-12-18T05:03:24.312579,CLOSED,,DB-SERVER-07,False
ALT-CSE-07-01881,CSE-07,HIGH,2024-12-04T11:04:47,2024-12-04T11:05:54.195729,2024-12-04T11:23:43.736006,CLOSED,,ENDPOINT-07,False
ALT-CSE-07-01882,CSE-07,MEDIUM,2024-10-15T02:21:15,2024-10-15T02:21:56.954724,2024-10-15T02:43:41.447265,CLOSED,,ENDPOINT-07,False
ALT-CSE-07-01883,CSE-07,LOW,2024-10-26T08:06:14,2024-10-26T08:07:26.804712,2024-10-26T08:21:34.782843,CLOSED,,FIREWALL-07,False
ALT-CSE-07-01884,CSE-07,LOW,2024-11-05T11:39:25,2024-11-05T11:40:26.178370,2024-11-05T12:05:20.397787,CLOSED,,FIREWALL-07,False
ALT-CSE-07-01885,CSE-07,MEDIUM,2024-11-20T16:36:03,2024-11-20T16:37:05.520294,2024-11-20T17:00:43.170297,CLOSED,,WEB-SERVER-07,False
ALT-CSE-07-01886,CSE-07,HIGH,2024-12-20T15:13:27,2024-12-20T15:14:56.538409,2024-12-20T15:31:23.280941,CLOSED,,DB-SERVER-07,False
ALT-CSE-07-01887,CSE-07,HIGH,2024-11-14T08:40:14,2024-11-14T08:40:57.167768,2024-11-14T08:58:14.617254,CLOSED,,ENDPOINT-07,False
ALT-CSE-07-01888,CSE-07,LOW,2024-12-01T06:14:37,2024-12-01T06:15:08.937577,2024-12-01T06:31:12.558428,CLOSED,,ENDPOINT-07,False
ALT-CSE-07-01889,CSE-07,LOW,2024-10-27T00:51:20,2024-10-27T00:53:07.969976,2024-10-27T01:06:17.887141,CLOSED,,FIREWALL-07,False
ALT-CSE-07-01890,CSE-07,LOW,2024-10-13T10:57:39,2024-10-13T10:58:23.034528,2024-10-13T11:16:15.671647,CLOSED,,FIREWALL-07,False
ALT-CSE-07-01891,CSE-07,MEDIUM,2024-12-29T10:17:51,2024-12-29T10:18:21.675794,2024-12-29T10:41:21.752091,CLOSED,,ENDPOINT-07,False
ALT-CSE-07-01892,CSE-07,HIGH,2024-12-12T08:47:35,2024-12-12T08:49:04.160810,2024-12-12T09:04:55.297601,CLOSED,,ENDPOINT-07,False
ALT-CSE-07-01893,CSE-07,LOW,2024-12-21T18:10:26,2024-12-21T18:11:49.134154,2024-12-21T18:33:13.986376,CLOSED,,WEB-SERVER-07,False
ALT-CSE-07-01894,CSE-07,LOW,2024-11-04T08:48:10,2024-11-04T08:49:42.318972,2024-11-04T09:10:08.312740,CLOSED,,WEB-SERVER-07,False
ALT-CSE-07-01895,CSE-07,MEDIUM,2024-11-20T02:20:19,2024-11-20T02:21:13.377647,2024-11-20T02:41:56.932358,CLOSED,,FIREWALL-07,False
ALT-CSE-07-01896,CSE-07,LOW,2024-10-21T10:38:00,2024-10-21T10:38:36.296497,2024-10-21T10:56:34.552164,CLOSED,,FIREWALL-07,False
ALT-CSE-07-01897,CSE-07,LOW,2024-12-08T22:03:32,2024-12-08T22:05:28.512376,2024-12-08T22:24:02.413287,CLOSED,CAS-CSE-07-0817,WEB-SERVER-07,False
ALT-CSE-07-01898,CSE-07,MEDIUM,2024-10-24T11:27:50,2024-10-24T11:28:54.021666,2024-10-24T11:46:06.296784,CLOSED,,FIREWALL-07,False
ALT-CSE-07-01899,CSE-07,LOW,2024-11-08T03:29:49,2024-11-08T03:30:40.959976,2024-11-08T03:57:20.363371,CLOSED,,ENDPOINT-07,False
ALT-CSE-07-01900,CSE-07,LOW,2024-12-22T23:43:29,2024-12-22T23:44:46.374059,2024-12-23T00:05:16.239784,CLOSED,,ENDPOINT-07,False
ALT-CSE-07-01901,CSE-07,LOW,2024-12-06T05:14:51,2024-12-06T05:16:40.672262,2024-12-06T05:42:36.033624,CLOSED,,ENDPOINT-07,False
ALT-CSE-07-01902,CSE-07,MEDIUM,2024-10-31T17:52:37,2024-10-31T17:54:00.422153,2024-10-31T18:14:47.545625,CLOSED,,ENDPOINT-07,False
ALT-CSE-07-01903,CSE-07,LOW,2024-10-03T16:16:58,2024-10-03T16:17:49.426009,2024-10-03T16:36:43.095065,CLOSED,,WEB-SERVER-07,False
ALT-CSE-07-01904,CSE-07,MEDIUM,2024-10-25T20:59:05,2024-10-25T21:00:26.198284,2024-10-25T21:14:35.609575,CLOSED,,ENDPOINT-07,False
ALT-CSE-07-01905,CSE-07,MEDIUM,2024-10-25T13:01:58,2024-10-25T13:02:47.260931,2024-10-25T13:18:14.166534,CLOSED,,DB-SERVER-07,False
ALT-CSE-07-01906,CSE-07,MEDIUM,2024-12-25T00:17:20,2024-12-25T00:18:44.223787,2024-12-25T00:32:30.646869,CLOSED,,WEB-SERVER-07,False
ALT-CSE-07-01907,CSE-07,MEDIUM,2024-11-04T00:57:30,2024-11-04T00:58:37.945267,2024-11-04T01:27:51.240725,CLOSED,,FIREWALL-07,False
ALT-CSE-07-01908,CSE-07,LOW,2024-10-23T08:02:18,2024-10-23T08:04:13.192534,2024-10-23T08:14:47.080953,CLOSED,,FIREWALL-07,False
ALT-CSE-07-01909,CSE-07,HIGH,2024-12-04T12:26:03,2024-12-04T12:26:58.543618,2024-12-04T12:49:32.577368,CLOSED,,ENDPOINT-07,False
ALT-CSE-07-01910,CSE-07,LOW,2024-11-22T03:47:56,2024-11-22T03:48:27.052666,2024-11-22T04:05:26.156415,CLOSED,,DB-SERVER-07,False
ALT-CSE-07-01911,CSE-07,LOW,2024-11-01T00:33:30,2024-11-01T00:35:15.681753,2024-11-01T00:50:35.270450,CLOSED,,WEB-SERVER-07,False
ALT-CSE-07-01912,CSE-07,MEDIUM,2024-12-10T04:07:28,2024-12-10T04:09:23.832184,2024-12-10T04:29:11.238865,CLOSED,,DB-SERVER-07,False
ALT-CSE-07-01913,CSE-07,MEDIUM,2024-12-18T20:44:38,2024-12-18T20:45:22.261621,2024-12-18T20:59:46.739827,CLOSED,,WEB-SERVER-07,False
ALT-CSE-07-01914,CSE-07,HIGH,2024-11-08T21:20:04,2024-11-08T21:21:42.393658,2024-11-08T21:41:13.607747,CLOSED,,WEB-SERVER-07,False
ALT-CSE-07-01915,CSE-07,HIGH,2024-12-17T04:26:57,2024-12-17T04:28:44.524743,2024-12-17T04:46:10.529911,CLOSED,,ENDPOINT-07,False
ALT-CSE-07-01916,CSE-07,HIGH,2024-10-20T12:00:47,2024-10-20T12:01:19.282747,2024-10-20T12:19:03.712248,CLOSED,,FIREWALL-07,False
ALT-CSE-07-01917,CSE-07,MEDIUM,2024-12-09T00:22:45,2024-12-09T00:23:31.377773,2024-12-09T00:45:14.852820,CLOSED,,WEB-SERVER-07,False
ALT-CSE-07-01918,CSE-07,MEDIUM,2024-11-18T10:54:17,2024-11-18T10:55:52.644604,2024-11-18T11:10:45.454467,CLOSED,,DB-SERVER-07,False
ALT-CSE-07-01919,CSE-07,MEDIUM,2024-12-27T09:35:48,2024-12-27T09:37:46.276789,2024-12-27T10:01:31.810785,CLOSED,,FIREWALL-07,False
ALT-CSE-07-01920,CSE-07,LOW,2024-11-10T04:40:18,2024-11-10T04:42:09.616551,2024-11-10T04:56:13.256995,CLOSED,,FIREWALL-07,False
ALT-CSE-07-01921,CSE-07,LOW,2024-12-09T05:55:38,2024-12-09T05:56:43.731485,2024-12-09T06:19:17.176941,CLOSED,,DB-SERVER-07,False
ALT-CSE-07-01922,CSE-07,HIGH,2024-11-27T23:32:58,2024-11-27T23:34:10.586058,2024-11-27T23:54:28.105139,CLOSED,,DB-SERVER-07,False
ALT-CSE-07-01923,CSE-07,HIGH,2024-10-23T08:01:12,2024-10-23T08:01:53.972927,2024-10-23T08:26:07.825086,CLOSED,,ENDPOINT-07,False
ALT-CSE-07-01924,CSE-07,LOW,2024-10-03T09:32:56,2024-10-03T09:34:09.997853,2024-10-03T09:53:04.267364,CLOSED,,WEB-SERVER-07,False
ALT-CSE-07-01925,CSE-07,LOW,2024-10-22T19:47:31,2024-10-22T19:48:45.861339,2024-10-22T20:01:25.802230,CLOSED,,DB-SERVER-07,False
ALT-CSE-07-01926,CSE-07,HIGH,2024-10-25T14:59:10,2024-10-25T15:01:06.890216,2024-10-25T15:16:29.980288,CLOSED,,FIREWALL-07,False
ALT-CSE-07-01927,CSE-07,MEDIUM,2024-10-20T03:52:43,2024-10-20T03:54:19.644155,2024-10-20T04:16:46.760462,CLOSED,,ENDPOINT-07,False
ALT-CSE-07-01928,CSE-07,LOW,2024-10-06T07:19:13,2024-10-06T07:20:40.420259,2024-10-06T07:34:52.961293,CLOSED,,ENDPOINT-07,False
ALT-CSE-07-01929,CSE-07,HIGH,2024-11-21T03:10:19,2024-11-21T03:10:56.497446,2024-11-21T03:28:40.166747,CLOSED,,DB-SERVER-07,False
ALT-CSE-07-01930,CSE-07,LOW,2024-11-14T13:04:15,2024-11-14T13:04:54.707714,2024-11-14T13:16:37.055437,CLOSED,,DB-SERVER-07,False
ALT-CSE-07-01931,CSE-07,HIGH,2024-10-29T10:48:43,2024-10-29T10:49:55.153279,2024-10-29T11:05:57.471206,CLOSED,,FIREWALL-07,False
ALT-CSE-07-01932,CSE-07,HIGH,2024-12-09T14:31:48,2024-12-09T14:33:40.020363,2024-12-09T14:56:26.400719,CLOSED,,WEB-SERVER-07,False
ALT-CSE-07-01933,CSE-07,LOW,2024-11-10T16:06:27,2024-11-10T16:06:59.527669,2024-11-10T16:27:09.298966,CLOSED,,ENDPOINT-07,False
ALT-CSE-07-01934,CSE-07,MEDIUM,2024-10-16T17:32:11,2024-10-16T17:33:09.349201,2024-10-16T17:47:54.234310,CLOSED,,ENDPOINT-07,False
ALT-CSE-07-01935,CSE-07,HIGH,2024-12-17T10:12:20,2024-12-17T10:14:09.240883,2024-12-17T10:30:50.368206,CLOSED,,FIREWALL-07,False
ALT-CSE-07-01936,CSE-07,HIGH,2024-11-03T19:05:12,2024-11-03T19:06:23.160469,2024-11-03T19:19:12.981058,CLOSED,,DB-SERVER-07,False
ALT-CSE-07-01937,CSE-07,HIGH,2024-11-22T11:44:54,2024-11-22T11:46:48.988061,2024-11-22T12:08:49.117543,CLOSED,,DB-SERVER-07,False
ALT-CSE-07-01938,CSE-07,HIGH,2024-10-08T00:09:01,2024-10-08T00:10:42.876142,2024-10-08T00:22:01.127685,CLOSED,,WEB-SERVER-07,False
ALT-CSE-07-01939,CSE-07,LOW,2024-11-14T18:08:37,2024-11-14T18:09:34.956466,2024-11-14T18:24:56.412316,CLOSED,,WEB-SERVER-07,False
ALT-CSE-07-01940,CSE-07,LOW,2024-10-12T08:34:35,2024-10-12T08:35:19.126981,2024-10-12T08:58:23.924580,CLOSED,,WEB-SERVER-07,False
ALT-CSE-07-01941,CSE-07,HIGH,2024-11-14T08:59:21,2024-11-14T09:00:43.860986,2024-11-14T09:23:16.959294,CLOSED,,ENDPOINT-07,False
ALT-CSE-07-01942,CSE-07,LOW,2024-12-04T08:05:52,2024-12-04T08:06:58.203620,2024-12-04T08:30:03.190078,CLOSED,,DB-SERVER-07,False
ALT-CSE-07-01943,CSE-07,HIGH,2024-11-14T05:42:00,2024-11-14T05:43:28.691417,2024-11-14T06:07:28.855697,CLOSED,,WEB-SERVER-07,False
ALT-CSE-07-01944,CSE-07,MEDIUM,2024-12-12T20:26:38,2024-12-12T20:27:59.673619,2024-12-12T20:41:37.911373,CLOSED,,WEB-SERVER-07,False
ALT-CSE-07-01945,CSE-07,LOW,2024-12-25T10:59:26,2024-12-25T11:01:12.032292,2024-12-25T11:21:48.918479,CLOSED,,FIREWALL-07,False
ALT-CSE-07-01946,CSE-07,HIGH,2024-10-05T14:08:38,2024-10-05T14:10:37.135252,2024-10-05T14:29:14.707905,CLOSED,,WEB-SERVER-07,False
ALT-CSE-07-01947,CSE-07,HIGH,2024-12-07T19:58:18,2024-12-07T19:59:50.598552,2024-12-07T20:20:10.130356,CLOSED,,ENDPOINT-07,False
ALT-CSE-07-01948,CSE-07,MEDIUM,2024-12-25T13:59:40,2024-12-25T14:01:27.137331,2024-12-25T14:21:14.400796,CLOSED,,ENDPOINT-07,False
ALT-CSE-07-01949,CSE-07,LOW,2024-10-09T01:31:11,2024-10-09T01:31:50.731334,2024-10-09T01:56:22.896729,CLOSED,,ENDPOINT-07,False
ALT-CSE-07-01950,CSE-07,HIGH,2024-11-14T16:33:22,2024-11-14T16:35:17.609335,2024-11-14T16:49:04.118294,CLOSED,,WEB-SERVER-07,False
ALT-CSE-07-01951,CSE-07,HIGH,2024-11-19T19:10:34,2024-11-19T19:12:22.278517,2024-11-19T19:28:48.659620,CLOSED,,FIREWALL-07,False
ALT-CSE-07-01952,CSE-07,MEDIUM,2024-12-06T15:49:46,2024-12-06T15:51:40.653757,2024-12-06T16:08:24.970185,CLOSED,,WEB-SERVER-07,False
ALT-CSE-07-01953,CSE-07,LOW,2024-12-01T14:38:14,2024-12-01T14:39:10.455497,2024-12-01T15:02:03.232204,CLOSED,,ENDPOINT-07,False
ALT-CSE-07-01954,CSE-07,LOW,2024-12-21T06:25:12,2024-12-21T06:26:50.292623,2024-12-21T06:43:06.706401,CLOSED,,ENDPOINT-07,False
ALT-CSE-07-01955,CSE-07,MEDIUM,2024-10-01T22:24:28,2024-10-01T22:25:47.090876,2024-10-01T22:46:02.573655,CLOSED,,ENDPOINT-07,False
ALT-CSE-07-01956,CSE-07,LOW,2024-11-12T13:52:53,2024-11-12T13:53:32.813630,2024-11-12T14:16:41.729471,CLOSED,CAS-CSE-07-0818,FIREWALL-07,False
ALT-CSE-07-01957,CSE-07,HIGH,2024-11-24T11:37:48,2024-11-24T11:39:10.779519,2024-11-24T11:58:50.380464,CLOSED,,ENDPOINT-07,False
ALT-CSE-07-01958,CSE-07,LOW,2024-12-23T22:41:18,2024-12-23T22:43:09.723536,2024-12-23T23:09:51.358405,CLOSED,,DB-SERVER-07,False
ALT-CSE-07-01959,CSE-07,LOW,2024-10-18T19:45:17,2024-10-18T19:46:55.273098,2024-10-18T20:00:30.695767,CLOSED,,WEB-SERVER-07,False
ALT-CSE-07-01960,CSE-07,HIGH,2024-10-29T08:40:41,2024-10-29T08:41:56.531669,2024-10-29T08:52:58.570847,CLOSED,,ENDPOINT-07,False
ALT-CSE-07-01961,CSE-07,LOW,2024-11-09T22:44:30,2024-11-09T22:46:23.507747,2024-11-09T22:50:53.797793,CLOSED,,DB-SERVER-07,False
ALT-CSE-07-01962,CSE-07,HIGH,2024-12-08T19:57:59,2024-12-08T19:59:53.449642,2024-12-08T20:28:20.237359,CLOSED,,DB-SERVER-07,False
ALT-CSE-07-01963,CSE-07,MEDIUM,2024-11-22T22:11:34,2024-11-22T22:12:24.357077,2024-11-22T22:31:23.899042,CLOSED,,ENDPOINT-07,False
ALT-CSE-07-01964,CSE-07,HIGH,2024-11-05T00:44:49,2024-11-05T00:45:39.982789,2024-11-05T00:51:32.880328,CLOSED,,WEB-SERVER-07,False
ALT-CSE-07-01965,CSE-07,HIGH,2024-12-20T14:40:59,2024-12-20T14:42:21.204933,2024-12-20T15:01:01.497535,CLOSED,,ENDPOINT-07,False
ALT-CSE-07-01966,CSE-07,LOW,2024-10-02T12:55:50,2024-10-02T12:57:00.006053,2024-10-02T13:15:09.704240,CLOSED,,DB-SERVER-07,False
ALT-CSE-07-01967,CSE-07,MEDIUM,2024-12-22T15:47:59,2024-12-22T15:49:42.575671,2024-12-22T16:09:37.825571,CLOSED,,FIREWALL-07,False
ALT-CSE-07-01968,CSE-07,HIGH,2024-11-08T08:47:30,2024-11-08T08:48:05.215197,2024-11-08T09:04:51.215476,CLOSED,,WEB-SERVER-07,False
ALT-CSE-07-01969,CSE-07,LOW,2024-10-01T03:30:49,2024-10-01T03:32:28.102748,2024-10-01T03:50:15.354191,CLOSED,,DB-SERVER-07,False
ALT-CSE-07-01970,CSE-07,MEDIUM,2024-12-19T05:56:49,2024-12-19T05:58:05.893909,2024-12-19T06:28:28.475027,CLOSED,,DB-SERVER-07,False
ALT-CSE-07-01971,CSE-07,HIGH,2024-12-20T06:19:05,2024-12-20T06:19:56.857697,2024-12-20T06:37:45.692155,CLOSED,,ENDPOINT-07,False
ALT-CSE-07-01972,CSE-07,LOW,2024-11-09T05:21:43,2024-11-09T05:22:29.039323,2024-11-09T05:41:53.286099,CLOSED,,DB-SERVER-07,False
ALT-CSE-07-01973,CSE-07,HIGH,2024-10-31T01:13:37,2024-10-31T01:14:34.756762,2024-10-31T01:29:21.523118,CLOSED,,ENDPOINT-07,False
ALT-CSE-07-01974,CSE-07,HIGH,2024-10-22T03:50:21,2024-10-22T03:50:53.330718,2024-10-22T04:06:52.753541,CLOSED,CAS-CSE-07-0819,WEB-SERVER-07,False
ALT-CSE-07-01975,CSE-07,MEDIUM,2024-12-04T19:03:53,2024-12-04T19:05:17.058055,2024-12-04T19:26:19.308438,CLOSED,,DB-SERVER-07,False
ALT-CSE-07-01976,CSE-07,LOW,2024-12-04T04:06:36,2024-12-04T04:07:43.333927,2024-12-04T04:27:31.435079,CLOSED,,FIREWALL-07,False
ALT-CSE-07-01977,CSE-07,LOW,2024-10-23T12:28:07,2024-10-23T12:29:12.787992,2024-10-23T12:52:49.015505,CLOSED,,WEB-SERVER-07,False
ALT-CSE-07-01978,CSE-07,MEDIUM,2024-10-25T02:51:43,2024-10-25T02:53:01.856295,2024-10-25T03:04:49.345802,CLOSED,,WEB-SERVER-07,False
ALT-CSE-07-01979,CSE-07,LOW,2024-12-26T12:08:07,2024-12-26T12:09:30.446591,2024-12-26T12:31:13.966850,CLOSED,,FIREWALL-07,False
ALT-CSE-07-01980,CSE-07,MEDIUM,2024-12-27T15:13:55,2024-12-27T15:15:53.379965,2024-12-27T15:29:49.507175,CLOSED,,FIREWALL-07,False
ALT-CSE-07-01981,CSE-07,LOW,2024-11-26T10:36:03,2024-11-26T10:37:12.460892,2024-11-26T10:58:51.880689,CLOSED,,DB-SERVER-07,False
ALT-CSE-07-01982,CSE-07,LOW,2024-10-02T21:35:00,2024-10-02T21:36:54.286730,2024-10-02T21:59:47.255218,CLOSED,,ENDPOINT-07,False
ALT-CSE-07-01983,CSE-07,HIGH,2024-12-28T20:35:12,2024-12-28T20:36:13.185865,2024-12-28T20:56:43.070633,CLOSED,,DB-SERVER-07,False
ALT-CSE-07-01984,CSE-07,LOW,2024-10-10T20:49:44,2024-10-10T20:51:21.975655,2024-10-10T21:07:56.479762,CLOSED,,FIREWALL-07,False
ALT-CSE-07-01985,CSE-07,MEDIUM,2024-12-19T00:56:37,2024-12-19T00:58:35.692589,2024-12-19T01:15:55.959994,CLOSED,,DB-SERVER-07,False
ALT-CSE-07-01986,CSE-07,MEDIUM,2024-12-14T22:23:13,2024-12-14T22:24:02.486996,2024-12-14T22:37:56.221082,CLOSED,,ENDPOINT-07,False
ALT-CSE-07-01987,CSE-07,HIGH,2024-12-10T03:25:42,2024-12-10T03:26:51.462197,2024-12-10T03:43:59.856833,CLOSED,,FIREWALL-07,False
ALT-CSE-07-01988,CSE-07,HIGH,2024-11-09T08:12:20,2024-11-09T08:12:57.011794,2024-11-09T08:34:59.415994,CLOSED,,DB-SERVER-07,False
ALT-CSE-07-01989,CSE-07,HIGH,2024-10-15T07:39:15,2024-10-15T07:40:58.121707,2024-10-15T08:02:29.762165,CLOSED,,WEB-SERVER-07,False
ALT-CSE-07-01990,CSE-07,HIGH,2024-11-19T04:40:11,2024-11-19T04:41:58.064855,2024-11-19T05:01:08.642308,CLOSED,,ENDPOINT-07,False
ALT-CSE-07-01991,CSE-07,HIGH,2024-12-08T11:18:24,2024-12-08T11:20:02.532314,2024-12-08T11:34:04.679737,CLOSED,,WEB-SERVER-07,False
ALT-CSE-07-01992,CSE-07,LOW,2024-11-29T18:07:11,2024-11-29T18:08:30.653761,2024-11-29T18:29:23.695782,CLOSED,,WEB-SERVER-07,False
ALT-CSE-07-01993,CSE-07,HIGH,2024-10-22T17:25:14,2024-10-22T17:26:29.951111,2024-10-22T17:49:33.265244,CLOSED,,WEB-SERVER-07,False
ALT-CSE-07-01994,CSE-07,LOW,2024-10-19T03:04:18,2024-10-19T03:05:23.669995,2024-10-19T03:26:21.190424,CLOSED,,FIREWALL-07,False
ALT-CSE-07-01995,CSE-07,LOW,2024-12-14T08:12:59,2024-12-14T08:14:24.761145,2024-12-14T08:31:52.825148,CLOSED,,WEB-SERVER-07,False
ALT-CSE-07-01996,CSE-07,LOW,2024-11-09T18:23:34,2024-11-09T18:24:56.416382,2024-11-09T18:46:16.408102,CLOSED,,FIREWALL-07,False
ALT-CSE-07-01997,CSE-07,HIGH,2024-12-01T05:10:58,2024-12-01T05:11:33.824715,2024-12-01T05:24:30.068265,CLOSED,,ENDPOINT-07,False
ALT-CSE-07-01998,CSE-07,MEDIUM,2024-10-19T05:37:15,2024-10-19T05:38:01.455013,2024-10-19T05:50:40.467560,CLOSED,CAS-CSE-07-0820,FIREWALL-07,False
ALT-CSE-07-01999,CSE-07,LOW,2024-12-09T20:22:36,2024-12-09T20:23:48.653459,2024-12-09T20:36:26.803968,CLOSED,,WEB-SERVER-07,False
ALT-CSE-07-02000,CSE-07,HIGH,2024-10-01T04:25:36,2024-10-01T04:27:28.474645,2024-10-01T04:54:46.220923,CLOSED,,ENDPOINT-07,False
ALT-CSE-07-02001,CSE-07,HIGH,2024-10-22T04:46:17,2024-10-22T04:47:53.214015,2024-10-22T05:00:27.196944,CLOSED,CAS-CSE-07-0821,WEB-SERVER-07,False
ALT-CSE-07-02002,CSE-07,LOW,2024-10-29T03:29:23,2024-10-29T03:30:52.737744,2024-10-29T03:50:59.750542,CLOSED,CAS-CSE-07-0822,WEB-SERVER-07,False
ALT-CSE-07-02003,CSE-07,LOW,2024-10-13T22:08:14,2024-10-13T22:09:39.731322,2024-10-13T22:31:36.388551,CLOSED,,ENDPOINT-07,False
ALT-CSE-07-02004,CSE-07,MEDIUM,2024-10-03T04:51:18,2024-10-03T04:52:57.388464,2024-10-03T05:07:41.071588,CLOSED,,WEB-SERVER-07,False
ALT-CSE-07-02005,CSE-07,MEDIUM,2024-12-20T08:02:12,2024-12-20T08:04:09.345903,2024-12-20T08:18:15.858833,CLOSED,,ENDPOINT-07,False
ALT-CSE-07-02006,CSE-07,LOW,2024-11-17T11:18:50,2024-11-17T11:20:07.595893,2024-11-17T11:49:48.790217,CLOSED,,DB-SERVER-07,False
ALT-CSE-07-02007,CSE-07,LOW,2024-11-23T11:20:43,2024-11-23T11:21:58.063988,2024-11-23T11:40:02.300557,CLOSED,,DB-SERVER-07,False
ALT-CSE-07-02008,CSE-07,LOW,2024-10-20T17:14:18,2024-10-20T17:16:12.351823,2024-10-20T17:32:38.853258,CLOSED,,ENDPOINT-07,False
ALT-CSE-07-02009,CSE-07,MEDIUM,2024-12-07T07:00:11,2024-12-07T07:02:04.162842,2024-12-07T07:17:39.964515,CLOSED,,ENDPOINT-07,False
ALT-CSE-07-02010,CSE-07,HIGH,2024-11-04T23:50:05,2024-11-04T23:51:11.283115,2024-11-05T00:08:08.838287,CLOSED,,WEB-SERVER-07,False
ALT-CSE-07-02011,CSE-07,HIGH,2024-11-19T19:29:14,2024-11-19T19:29:48.412061,2024-11-19T19:45:37.721769,CLOSED,,FIREWALL-07,False
ALT-CSE-07-02012,CSE-07,HIGH,2024-11-15T06:07:16,2024-11-15T06:08:33.361277,2024-11-15T06:21:10.374024,CLOSED,,FIREWALL-07,False
ALT-CSE-07-02013,CSE-07,LOW,2024-11-08T16:30:51,2024-11-08T16:32:25.079670,2024-11-08T16:55:23.810676,CLOSED,,DB-SERVER-07,False
ALT-CSE-07-02014,CSE-07,HIGH,2024-11-23T08:17:10,2024-11-23T08:18:51.756643,2024-11-23T08:33:10.091504,CLOSED,,FIREWALL-07,False
ALT-CSE-07-02015,CSE-07,LOW,2024-12-14T12:37:07,2024-12-14T12:37:56.287069,2024-12-14T13:06:42.351369,CLOSED,,FIREWALL-07,False
ALT-CSE-07-02016,CSE-07,HIGH,2024-12-23T03:33:06,2024-12-23T03:34:39.308026,2024-12-23T03:57:46.518540,CLOSED,,WEB-SERVER-07,False
ALT-CSE-07-02017,CSE-07,HIGH,2024-12-27T20:52:34,2024-12-27T20:53:45.206077,2024-12-27T21:07:14.352436,CLOSED,,ENDPOINT-07,False
ALT-CSE-07-02018,CSE-07,LOW,2024-10-30T22:24:13,2024-10-30T22:25:50.873739,2024-10-30T22:48:28.696103,CLOSED,,FIREWALL-07,False
ALT-CSE-07-02019,CSE-07,LOW,2024-10-12T20:00:04,2024-10-12T20:00:38.115726,2024-10-12T20:16:43.621394,CLOSED,,FIREWALL-07,False
ALT-CSE-07-02020,CSE-07,MEDIUM,2024-12-13T08:32:35,2024-12-13T08:33:49.704433,2024-12-13T08:48:15.907662,CLOSED,,DB-SERVER-07,False
ALT-CSE-07-02021,CSE-07,LOW,2024-10-23T02:09:44,2024-10-23T02:10:45.963948,2024-10-23T02:29:00.830295,CLOSED,,DB-SERVER-07,False
ALT-CSE-07-02022,CSE-07,HIGH,2024-10-04T16:17:15,2024-10-04T16:18:17.709525,2024-10-04T16:44:16.765012,CLOSED,,WEB-SERVER-07,False
ALT-CSE-07-02023,CSE-07,MEDIUM,2024-10-13T13:34:34,2024-10-13T13:35:42.400697,2024-10-13T13:59:23.507020,CLOSED,,FIREWALL-07,False
ALT-CSE-07-02024,CSE-07,HIGH,2024-12-08T12:22:52,2024-12-08T12:23:36.955092,2024-12-08T12:48:39.074042,CLOSED,CAS-CSE-07-0823,ENDPOINT-07,False
ALT-CSE-07-02025,CSE-07,LOW,2024-11-28T11:05:38,2024-11-28T11:07:26.983444,2024-11-28T11:27:23.003966,CLOSED,,ENDPOINT-07,False
ALT-CSE-07-02026,CSE-07,MEDIUM,2024-10-16T23:55:34,2024-10-16T23:57:00.325429,2024-10-17T00:10:58.934538,CLOSED,,WEB-SERVER-07,False
ALT-CSE-07-02027,CSE-07,HIGH,2024-12-23T03:52:55,2024-12-23T03:54:11.664575,2024-12-23T04:13:21.996628,CLOSED,,FIREWALL-07,False
ALT-CSE-07-02028,CSE-07,HIGH,2024-10-11T09:31:36,2024-10-11T09:33:16.991213,2024-10-11T09:40:57.809640,CLOSED,,FIREWALL-07,False
ALT-CSE-07-02029,CSE-07,HIGH,2024-12-23T13:31:31,2024-12-23T13:33:16.309165,2024-12-23T13:46:07.411878,CLOSED,,WEB-SERVER-07,False
ALT-CSE-07-02030,CSE-07,LOW,2024-10-28T04:51:58,2024-10-28T04:52:54.508533,2024-10-28T05:10:23.543595,CLOSED,CAS-CSE-07-0824,WEB-SERVER-07,False
ALT-CSE-07-02031,CSE-07,MEDIUM,2024-10-07T21:09:28,2024-10-07T21:10:07.664566,2024-10-07T21:29:07.411062,CLOSED,,ENDPOINT-07,False
ALT-CSE-07-02032,CSE-07,MEDIUM,2024-11-25T22:30:02,2024-11-25T22:31:14.503621,2024-11-25T22:43:32.343247,CLOSED,,ENDPOINT-07,False
ALT-CSE-07-02033,CSE-07,LOW,2024-10-17T08:38:09,2024-10-17T08:39:17.095102,2024-10-17T08:54:52.672312,CLOSED,,WEB-SERVER-07,False
ALT-CSE-07-02034,CSE-07,LOW,2024-11-10T14:12:51,2024-11-10T14:14:43.271574,2024-11-10T14:33:45.239156,CLOSED,,DB-SERVER-07,False
ALT-CSE-07-02035,CSE-07,LOW,2024-10-12T08:34:04,2024-10-12T08:34:53.036364,2024-10-12T09:02:24.891628,CLOSED,,FIREWALL-07,False
ALT-CSE-07-02036,CSE-07,MEDIUM,2024-12-13T11:33:16,2024-12-13T11:34:01.933268,2024-12-13T11:38:16.904171,CLOSED,,DB-SERVER-07,False
ALT-CSE-07-02037,CSE-07,HIGH,2024-11-30T23:30:56,2024-11-30T23:32:36.637613,2024-11-30T23:49:30.117896,CLOSED,,WEB-SERVER-07,False
ALT-CSE-07-02038,CSE-07,MEDIUM,2024-12-01T00:13:53,2024-12-01T00:15:26.011889,2024-12-01T00:36:00.791673,CLOSED,,DB-SERVER-07,False
ALT-CSE-07-02039,CSE-07,HIGH,2024-12-06T20:07:49,2024-12-06T20:09:09.031029,2024-12-06T20:29:51.950760,CLOSED,,ENDPOINT-07,False
ALT-CSE-07-02040,CSE-07,MEDIUM,2024-10-11T14:12:08,2024-10-11T14:13:08.573373,2024-10-11T14:32:29.638595,CLOSED,,DB-SERVER-07,False
ALT-CSE-07-02041,CSE-07,HIGH,2024-11-16T20:17:02,2024-11-16T20:18:24.676020,2024-11-16T20:30:15.570801,CLOSED,,ENDPOINT-07,False
ALT-CSE-07-02042,CSE-07,MEDIUM,2024-11-19T09:54:46,2024-11-19T09:56:32.222788,2024-11-19T10:07:46.140366,CLOSED,,ENDPOINT-07,False
ALT-CSE-07-02043,CSE-07,HIGH,2024-10-07T08:51:17,2024-10-07T08:52:24.189130,2024-10-07T09:11:31.409971,CLOSED,,DB-SERVER-07,False
ALT-CSE-07-02044,CSE-07,MEDIUM,2024-11-20T04:11:45,2024-11-20T04:13:06.060287,2024-11-20T04:30:23.237031,CLOSED,,DB-SERVER-07,False
ALT-CSE-07-02045,CSE-07,MEDIUM,2024-10-21T03:41:52,2024-10-21T03:42:50.279032,2024-10-21T04:07:53.261691,CLOSED,,ENDPOINT-07,False
ALT-CSE-07-02046,CSE-07,HIGH,2024-12-27T17:45:44,2024-12-27T17:47:02.028462,2024-12-27T18:03:35.606059,CLOSED,,FIREWALL-07,False
ALT-CSE-07-02047,CSE-07,MEDIUM,2024-12-15T12:25:31,2024-12-15T12:27:26.106192,2024-12-15T12:42:51.414410,CLOSED,,DB-SERVER-07,False
ALT-CSE-07-02048,CSE-07,HIGH,2024-10-14T11:54:45,2024-10-14T11:56:05.417550,2024-10-14T12:16:31.600759,CLOSED,CAS-CSE-07-0825,DB-SERVER-07,False
ALT-CSE-07-02049,CSE-07,LOW,2024-10-02T11:55:19,2024-10-02T11:56:13.964875,2024-10-02T12:13:32.365232,CLOSED,,FIREWALL-07,False
ALT-CSE-07-02050,CSE-07,LOW,2024-12-01T19:53:32,2024-12-01T19:55:24.966689,2024-12-01T20:14:04.413436,CLOSED,,ENDPOINT-07,False
ALT-CSE-07-02051,CSE-07,LOW,2024-11-03T00:14:06,2024-11-03T00:15:56.311367,2024-11-03T00:31:11.523013,CLOSED,,WEB-SERVER-07,False
ALT-CSE-07-02052,CSE-07,MEDIUM,2024-11-02T04:22:11,2024-11-02T04:24:10.743908,2024-11-02T04:44:32.744017,CLOSED,,WEB-SERVER-07,False
ALT-CSE-07-02053,CSE-07,MEDIUM,2024-12-21T09:24:13,2024-12-21T09:25:53.618190,2024-12-21T09:35:26.420926,CLOSED,,DB-SERVER-07,False
ALT-CSE-07-02054,CSE-07,MEDIUM,2024-11-01T21:26:51,2024-11-01T21:28:26.690230,2024-11-01T21:51:14.172827,CLOSED,,DB-SERVER-07,False
ALT-CSE-07-02055,CSE-07,HIGH,2024-11-02T15:27:58,2024-11-02T15:28:39.405638,2024-11-02T15:48:40.397695,CLOSED,,DB-SERVER-07,False
ALT-CSE-07-02056,CSE-07,HIGH,2024-10-13T20:10:45,2024-10-13T20:12:05.190987,2024-10-13T20:24:45.045061,CLOSED,,FIREWALL-07,False
ALT-CSE-07-02057,CSE-07,LOW,2024-10-02T14:53:16,2024-10-02T14:53:46.437812,2024-10-02T15:16:48.472397,CLOSED,,ENDPOINT-07,False
ALT-CSE-07-02058,CSE-07,MEDIUM,2024-12-01T06:42:26,2024-12-01T06:43:52.731839,2024-12-01T07:06:58.042268,CLOSED,,FIREWALL-07,False
ALT-CSE-07-02059,CSE-07,HIGH,2024-12-03T14:54:35,2024-12-03T14:55:18.318928,2024-12-03T15:13:11.293639,CLOSED,,FIREWALL-07,False
ALT-CSE-07-02060,CSE-07,LOW,2024-10-06T21:43:55,2024-10-06T21:45:13.993004,2024-10-06T22:08:35.129829,CLOSED,,FIREWALL-07,False
ALT-CSE-07-02061,CSE-07,MEDIUM,2024-11-20T12:28:50,2024-11-20T12:30:48.446064,2024-11-20T12:59:22.803528,CLOSED,,FIREWALL-07,False
ALT-CSE-07-02062,CSE-07,LOW,2024-11-18T02:50:58,2024-11-18T02:52:25.565043,2024-11-18T03:08:36.820508,CLOSED,,DB-SERVER-07,False
ALT-CSE-07-02063,CSE-07,MEDIUM,2024-12-23T06:55:03,2024-12-23T06:56:03.417614,2024-12-23T07:16:27.366329,CLOSED,,FIREWALL-07,False
ALT-CSE-07-02064,CSE-07,MEDIUM,2024-12-16T04:00:35,2024-12-16T04:02:20.143393,2024-12-16T04:26:01.567367,CLOSED,,FIREWALL-07,False
ALT-CSE-07-02065,CSE-07,HIGH,2024-10-13T08:15:53,2024-10-13T08:17:46.158547,2024-10-13T08:35:31.251397,CLOSED,,DB-SERVER-07,False
ALT-CSE-07-02066,CSE-07,MEDIUM,2024-11-11T11:49:23,2024-11-11T11:51:09.255670,2024-11-11T12:11:26.465331,CLOSED,,FIREWALL-07,False
ALT-CSE-07-02067,CSE-07,HIGH,2024-10-28T20:49:54,2024-10-28T20:50:44.597780,2024-10-28T21:20:46.254265,CLOSED,,WEB-SERVER-07,False
ALT-CSE-07-02068,CSE-07,HIGH,2024-10-27T08:46:24,2024-10-27T08:47:57.172232,2024-10-27T09:01:59.577329,CLOSED,,WEB-SERVER-07,False
ALT-CSE-07-02069,CSE-07,LOW,2024-10-13T02:21:46,2024-10-13T02:23:24.900579,2024-10-13T02:55:37.954478,CLOSED,CAS-CSE-07-0826,WEB-SERVER-07,False
ALT-CSE-07-02070,CSE-07,LOW,2024-12-21T14:56:49,2024-12-21T14:58:24.959141,2024-12-21T15:18:34.616991,CLOSED,,ENDPOINT-07,False
ALT-CSE-07-02071,CSE-07,HIGH,2024-10-27T13:33:38,2024-10-27T13:34:33.165931,2024-10-27T13:50:01.003686,CLOSED,CAS-CSE-07-0827,DB-SERVER-07,False
ALT-CSE-07-02072,CSE-07,MEDIUM,2024-11-01T02:21:52,2024-11-01T02:23:37.871582,2024-11-01T02:43:35.588981,CLOSED,,WEB-SERVER-07,False
ALT-CSE-07-02073,CSE-07,HIGH,2024-11-01T21:42:53,2024-11-01T21:43:37.427783,2024-11-01T22:02:09.335826,CLOSED,,ENDPOINT-07,False
ALT-CSE-07-02074,CSE-07,LOW,2024-12-16T12:48:39,2024-12-16T12:49:55.717692,2024-12-16T13:07:25.234303,CLOSED,,FIREWALL-07,False
ALT-CSE-07-02075,CSE-07,MEDIUM,2024-11-05T23:37:57,2024-11-05T23:39:53.035200,2024-11-06T00:01:06.932087,CLOSED,,FIREWALL-07,False
ALT-CSE-07-02076,CSE-07,LOW,2024-10-26T00:48:51,2024-10-26T00:50:17.481418,2024-10-26T01:09:40.372933,CLOSED,,FIREWALL-07,False
ALT-CSE-07-02077,CSE-07,MEDIUM,2024-10-27T00:54:30,2024-10-27T00:55:36.964763,2024-10-27T01:16:03.843627,CLOSED,,WEB-SERVER-07,False
ALT-CSE-07-02078,CSE-07,MEDIUM,2024-11-23T11:15:20,2024-11-23T11:16:41.320808,2024-11-23T11:29:06.114123,CLOSED,,DB-SERVER-07,False
ALT-CSE-07-02079,CSE-07,MEDIUM,2024-10-20T02:49:34,2024-10-20T02:50:32.473546,2024-10-20T03:09:02.165363,CLOSED,,FIREWALL-07,False
ALT-CSE-07-02080,CSE-07,MEDIUM,2024-12-13T20:11:47,2024-12-13T20:12:44.381871,2024-12-13T20:38:05.948024,CLOSED,,DB-SERVER-07,False
ALT-CSE-07-02081,CSE-07,MEDIUM,2024-10-01T14:34:01,2024-10-01T14:35:43.430138,2024-10-01T14:52:36.673283,CLOSED,,FIREWALL-07,False
ALT-CSE-07-02082,CSE-07,HIGH,2024-11-19T01:16:27,2024-11-19T01:17:29.588084,2024-11-19T01:34:26.085068,CLOSED,,WEB-SERVER-07,False
ALT-CSE-07-02083,CSE-07,HIGH,2024-12-23T23:38:24,2024-12-23T23:40:19.669168,2024-12-23T23:59:06.299314,CLOSED,,DB-SERVER-07,False
ALT-CSE-07-02084,CSE-07,MEDIUM,2024-10-20T21:41:05,2024-10-20T21:42:18.329203,2024-10-20T22:07:23.407194,CLOSED,,WEB-SERVER-07,False
ALT-CSE-07-02085,CSE-07,MEDIUM,2024-12-06T17:57:50,2024-12-06T17:58:25.401232,2024-12-06T18:13:43.461453,CLOSED,,DB-SERVER-07,False
ALT-CSE-07-02086,CSE-07,MEDIUM,2024-10-16T13:55:53,2024-10-16T13:56:33.927982,2024-10-16T14:25:40.099751,CLOSED,,ENDPOINT-07,False
ALT-CSE-07-02087,CSE-07,LOW,2024-12-18T03:10:35,2024-12-18T03:11:35.103846,2024-12-18T03:28:56.166674,CLOSED,,DB-SERVER-07,False
ALT-CSE-07-02088,CSE-07,MEDIUM,2024-12-17T00:47:48,2024-12-17T00:49:01.537430,2024-12-17T01:02:06.318154,CLOSED,,DB-SERVER-07,False
ALT-CSE-07-02089,CSE-07,HIGH,2024-11-11T01:36:03,2024-11-11T01:37:54.337231,2024-11-11T01:58:59.738334,CLOSED,,ENDPOINT-07,False
ALT-CSE-07-02090,CSE-07,HIGH,2024-10-30T23:55:09,2024-10-30T23:56:46.139976,2024-10-31T00:15:10.359879,CLOSED,,WEB-SERVER-07,False
ALT-CSE-07-02091,CSE-07,HIGH,2024-10-26T16:19:59,2024-10-26T16:21:01.802795,2024-10-26T16:45:21.437651,CLOSED,,WEB-SERVER-07,False
ALT-CSE-07-02092,CSE-07,HIGH,2024-12-20T12:36:17,2024-12-20T12:37:05.282753,2024-12-20T12:57:59.978518,CLOSED,,FIREWALL-07,False
ALT-CSE-07-02093,CSE-07,LOW,2024-11-14T11:00:25,2024-11-14T11:02:18.028694,2024-11-14T11:15:07.315002,CLOSED,,DB-SERVER-07,False
ALT-CSE-07-02094,CSE-07,HIGH,2024-10-12T23:21:21,2024-10-12T23:23:03.154951,2024-10-12T23:46:08.455386,CLOSED,,FIREWALL-07,False
ALT-CSE-07-02095,CSE-07,LOW,2024-12-13T03:17:04,2024-12-13T03:18:51.753993,2024-12-13T03:34:56.597864,CLOSED,,ENDPOINT-07,False
ALT-CSE-07-02096,CSE-07,HIGH,2024-10-27T08:13:19,2024-10-27T08:14:21.854284,2024-10-27T08:29:12.485085,CLOSED,,DB-SERVER-07,False
ALT-CSE-07-02097,CSE-07,MEDIUM,2024-11-16T12:41:33,2024-11-16T12:42:46.921442,2024-11-16T12:56:18.869162,CLOSED,,FIREWALL-07,False
ALT-CSE-07-02098,CSE-07,LOW,2024-10-29T00:03:20,2024-10-29T00:04:31.939380,2024-10-29T00:28:50.893074,CLOSED,,FIREWALL-07,False
ALT-CSE-07-02099,CSE-07,LOW,2024-10-15T01:50:39,2024-10-15T01:51:48.998244,2024-10-15T02:04:00.549099,CLOSED,,ENDPOINT-07,False
ALT-CSE-07-02100,CSE-07,HIGH,2024-10-28T18:04:57,2024-10-28T18:06:15.468965,2024-10-28T18:21:13.012908,CLOSED,,ENDPOINT-07,False
ALT-CSE-07-02101,CSE-07,LOW,2024-12-04T06:08:27,2024-12-04T06:09:00.227433,2024-12-04T06:33:16.087114,CLOSED,,DB-SERVER-07,False
ALT-CSE-07-02102,CSE-07,HIGH,2024-10-08T01:30:53,2024-10-08T01:31:32.807631,2024-10-08T01:47:14.883278,CLOSED,,ENDPOINT-07,False
ALT-CSE-07-02103,CSE-07,HIGH,2024-10-18T04:43:07,2024-10-18T04:44:47.306532,2024-10-18T04:59:56.652587,CLOSED,,DB-SERVER-07,False
ALT-CSE-07-02104,CSE-07,MEDIUM,2024-10-03T12:25:15,2024-10-03T12:26:00.607051,2024-10-03T12:58:49.281162,CLOSED,CAS-CSE-07-0828,DB-SERVER-07,False
ALT-CSE-07-02105,CSE-07,MEDIUM,2024-11-12T04:22:27,2024-11-12T04:23:32.717010,2024-11-12T04:40:05.970362,CLOSED,,WEB-SERVER-07,False
ALT-CSE-07-02106,CSE-07,MEDIUM,2024-10-01T22:31:08,2024-10-01T22:32:11.441360,2024-10-01T22:47:10.254428,CLOSED,,WEB-SERVER-07,False
ALT-CSE-07-02107,CSE-07,HIGH,2024-10-27T22:24:36,2024-10-27T22:26:00.716108,2024-10-27T22:43:06.604144,CLOSED,,WEB-SERVER-07,False
ALT-CSE-07-02108,CSE-07,HIGH,2024-10-25T01:49:32,2024-10-25T01:51:00.479351,2024-10-25T02:19:45.944546,CLOSED,,ENDPOINT-07,False
ALT-CSE-07-02109,CSE-07,MEDIUM,2024-12-25T09:53:06,2024-12-25T09:54:53.532252,2024-12-25T10:13:19.724007,CLOSED,,FIREWALL-07,False
ALT-CSE-07-02110,CSE-07,LOW,2024-12-20T03:08:19,2024-12-20T03:10:10.446440,2024-12-20T03:31:43.064716,CLOSED,,FIREWALL-07,False
ALT-CSE-07-02111,CSE-07,MEDIUM,2024-10-03T09:45:31,2024-10-03T09:46:57.926047,2024-10-03T10:00:10.571635,CLOSED,,DB-SERVER-07,False
ALT-CSE-07-02112,CSE-07,HIGH,2024-11-16T06:28:39,2024-11-16T06:30:19.919205,2024-11-16T06:51:11.817806,CLOSED,,WEB-SERVER-07,False
ALT-CSE-07-02113,CSE-07,LOW,2024-12-17T16:53:04,2024-12-17T16:54:20.311723,2024-12-17T17:09:56.342321,CLOSED,,ENDPOINT-07,False
ALT-CSE-07-02114,CSE-07,HIGH,2024-10-31T22:54:01,2024-10-31T22:55:13.603648,2024-10-31T23:13:15.393680,CLOSED,,WEB-SERVER-07,False
ALT-CSE-07-02115,CSE-07,LOW,2024-10-18T15:00:16,2024-10-18T15:01:05.072569,2024-10-18T15:28:24.294985,CLOSED,,WEB-SERVER-07,False
ALT-CSE-07-02116,CSE-07,LOW,2024-10-04T20:38:19,2024-10-04T20:39:42.034309,2024-10-04T20:56:31.300924,CLOSED,,DB-SERVER-07,False
ALT-CSE-07-02117,CSE-07,MEDIUM,2024-12-14T22:38:29,2024-12-14T22:39:07.490320,2024-12-14T23:06:35.454328,CLOSED,,ENDPOINT-07,False
ALT-CSE-07-02118,CSE-07,LOW,2024-11-11T15:20:52,2024-11-11T15:21:49.079033,2024-11-11T15:38:10.847418,CLOSED,,DB-SERVER-07,False
ALT-CSE-07-02119,CSE-07,HIGH,2024-10-08T10:09:37,2024-10-08T10:10:19.553883,2024-10-08T10:37:23.666834,CLOSED,,FIREWALL-07,False
ALT-CSE-07-02120,CSE-07,LOW,2024-10-26T02:06:02,2024-10-26T02:07:51.254983,2024-10-26T02:17:30.169662,CLOSED,,DB-SERVER-07,False
ALT-CSE-07-02121,CSE-07,MEDIUM,2024-10-10T03:23:48,2024-10-10T03:24:34.825753,2024-10-10T03:36:24.841408,CLOSED,,ENDPOINT-07,False
ALT-CSE-07-02122,CSE-07,MEDIUM,2024-11-25T16:30:58,2024-11-25T16:32:38.610156,2024-11-25T16:51:26.139221,CLOSED,,FIREWALL-07,False
ALT-CSE-07-02123,CSE-07,MEDIUM,2024-11-03T04:29:03,2024-11-03T04:30:48.692201,2024-11-03T04:46:57.661970,CLOSED,,ENDPOINT-07,False
ALT-CSE-07-02124,CSE-07,HIGH,2024-10-15T16:44:39,2024-10-15T16:45:18.457014,2024-10-15T17:03:30.523343,CLOSED,,DB-SERVER-07,False
ALT-CSE-07-02125,CSE-07,MEDIUM,2024-12-07T01:11:19,2024-12-07T01:12:15.302707,2024-12-07T01:25:34.954321,CLOSED,,FIREWALL-07,False
ALT-CSE-07-02126,CSE-07,LOW,2024-10-20T09:31:11,2024-10-20T09:32:02.305531,2024-10-20T10:04:26.806166,CLOSED,,WEB-SERVER-07,False
ALT-CSE-07-02127,CSE-07,MEDIUM,2024-11-20T17:26:09,2024-11-20T17:26:43.969367,2024-11-20T17:38:22.864601,CLOSED,,DB-SERVER-07,False
ALT-CSE-07-02128,CSE-07,HIGH,2024-11-07T23:40:11,2024-11-07T23:42:10.831458,2024-11-07T23:59:59.970575,CLOSED,,FIREWALL-07,False
ALT-CSE-07-02129,CSE-07,HIGH,2024-11-30T18:20:21,2024-11-30T18:21:43.921857,2024-11-30T18:38:55.133210,CLOSED,,FIREWALL-07,False
ALT-CSE-07-02130,CSE-07,LOW,2024-11-06T06:12:22,2024-11-06T06:13:24.615973,2024-11-06T06:32:32.569992,CLOSED,,WEB-SERVER-07,False
ALT-CSE-07-02131,CSE-07,LOW,2024-11-15T16:33:21,2024-11-15T16:33:53.217991,2024-11-15T16:56:11.699281,CLOSED,,FIREWALL-07,False
ALT-CSE-07-02132,CSE-07,HIGH,2024-10-18T17:03:12,2024-10-18T17:04:30.537175,2024-10-18T17:28:18.552250,CLOSED,,ENDPOINT-07,False
ALT-CSE-07-02133,CSE-07,LOW,2024-12-07T23:25:32,2024-12-07T23:26:29.635079,2024-12-07T23:42:06.519113,CLOSED,,ENDPOINT-07,False
ALT-CSE-07-02134,CSE-07,HIGH,2024-12-04T13:29:48,2024-12-04T13:30:54.556747,2024-12-04T13:46:11.048658,CLOSED,,ENDPOINT-07,False
ALT-CSE-07-02135,CSE-07,MEDIUM,2024-12-11T08:37:42,2024-12-11T08:39:18.121755,2024-12-11T08:55:38.140116,CLOSED,,WEB-SERVER-07,False
ALT-CSE-07-02136,CSE-07,MEDIUM,2024-12-27T01:57:44,2024-12-27T01:58:26.131914,2024-12-27T02:16:43.071475,CLOSED,,DB-SERVER-07,False
ALT-CSE-07-02137,CSE-07,MEDIUM,2024-11-22T22:24:40,2024-11-22T22:25:12.861602,2024-11-22T22:40:07.612249,CLOSED,,WEB-SERVER-07,False
ALT-CSE-07-02138,CSE-07,MEDIUM,2024-11-04T23:03:00,2024-11-04T23:04:05.552620,2024-11-04T23:21:54.102136,CLOSED,,DB-SERVER-07,False
ALT-CSE-07-02139,CSE-07,MEDIUM,2024-10-08T04:48:37,2024-10-08T04:49:11.589389,2024-10-08T05:04:13.847461,CLOSED,,DB-SERVER-07,False
ALT-CSE-07-02140,CSE-07,HIGH,2024-12-29T03:44:35,2024-12-29T03:45:34.002325,2024-12-29T04:02:44.127109,CLOSED,,ENDPOINT-07,False
ALT-CSE-07-02141,CSE-07,MEDIUM,2024-11-06T12:29:40,2024-11-06T12:30:28.798832,2024-11-06T12:50:03.685697,CLOSED,,DB-SERVER-07,False
ALT-CSE-07-02142,CSE-07,MEDIUM,2024-10-17T07:31:30,2024-10-17T07:32:23.207260,2024-10-17T07:52:29.921190,CLOSED,,DB-SERVER-07,False
ALT-CSE-07-02143,CSE-07,HIGH,2024-10-18T06:36:04,2024-10-18T06:36:58.384780,2024-10-18T06:59:10.353518,CLOSED,,WEB-SERVER-07,False
ALT-CSE-07-02144,CSE-07,HIGH,2024-11-24T05:32:06,2024-11-24T05:33:08.233958,2024-11-24T05:57:27.130760,CLOSED,,DB-SERVER-07,False
ALT-CSE-07-02145,CSE-07,LOW,2024-12-21T23:38:34,2024-12-21T23:39:48.130876,2024-12-21T23:57:39.857813,CLOSED,,FIREWALL-07,False
ALT-CSE-07-02146,CSE-07,HIGH,2024-10-14T23:48:09,2024-10-14T23:49:28.910785,2024-10-15T00:07:03.679274,CLOSED,,DB-SERVER-07,False
ALT-CSE-07-02147,CSE-07,LOW,2024-12-25T14:13:27,2024-12-25T14:14:25.086398,2024-12-25T14:30:43.417541,CLOSED,,FIREWALL-07,False
ALT-CSE-07-02148,CSE-07,MEDIUM,2024-10-11T14:31:19,2024-10-11T14:32:43.184559,2024-10-11T14:52:47.032693,CLOSED,,FIREWALL-07,False
ALT-CSE-07-02149,CSE-07,LOW,2024-12-13T14:57:56,2024-12-13T14:58:26.652344,2024-12-13T15:14:13.318714,CLOSED,,WEB-SERVER-07,False
ALT-CSE-07-02150,CSE-07,MEDIUM,2024-11-20T01:43:48,2024-11-20T01:45:14.888045,2024-11-20T02:07:40.142772,CLOSED,,FIREWALL-07,False
ALT-CSE-07-02151,CSE-07,MEDIUM,2024-10-04T13:16:47,2024-10-04T13:17:21.662856,2024-10-04T13:33:29.501979,CLOSED,CAS-CSE-07-0829,ENDPOINT-07,False
ALT-CSE-07-02152,CSE-07,LOW,2024-12-04T17:08:15,2024-12-04T17:09:35.736340,2024-12-04T17:26:07.322749,CLOSED,,DB-SERVER-07,False
ALT-CSE-07-02153,CSE-07,LOW,2024-10-20T13:04:14,2024-10-20T13:05:48.476065,2024-10-20T13:29:26.297070,CLOSED,,FIREWALL-07,False
ALT-CSE-07-02154,CSE-07,LOW,2024-10-19T18:13:53,2024-10-19T18:14:39.987644,2024-10-19T18:35:33.978629,CLOSED,,ENDPOINT-07,False
ALT-CSE-07-02155,CSE-07,MEDIUM,2024-12-25T19:26:18,2024-12-25T19:28:01.619872,2024-12-25T19:43:55.233159,CLOSED,,FIREWALL-07,False
ALT-CSE-07-02156,CSE-07,MEDIUM,2024-11-26T15:13:36,2024-11-26T15:14:53.685661,2024-11-26T15:28:57.632908,CLOSED,,FIREWALL-07,False
ALT-CSE-07-02157,CSE-07,HIGH,2024-12-29T12:28:35,2024-12-29T12:30:14.391748,2024-12-29T12:58:16.201034,CLOSED,CAS-CSE-07-0830,FIREWALL-07,False
ALT-CSE-07-02158,CSE-07,LOW,2024-10-31T02:51:51,2024-10-31T02:53:39.165138,2024-10-31T03:11:21.743741,CLOSED,,FIREWALL-07,False
ALT-CSE-07-02159,CSE-07,LOW,2024-11-17T11:59:09,2024-11-17T12:00:56.361556,2024-11-17T12:21:09.026027,CLOSED,,ENDPOINT-07,False
ALT-CSE-07-02160,CSE-07,HIGH,2024-11-16T14:31:52,2024-11-16T14:33:48.796328,2024-11-16T14:53:05.619647,CLOSED,,WEB-SERVER-07,False
ALT-CSE-07-02161,CSE-07,LOW,2024-11-04T17:52:15,2024-11-04T17:54:03.146272,2024-11-04T18:14:06.910811,CLOSED,,DB-SERVER-07,False
ALT-CSE-07-02162,CSE-07,HIGH,2024-11-05T07:16:58,2024-11-05T07:18:34.607237,2024-11-05T07:48:32.975315,CLOSED,,FIREWALL-07,False
ALT-CSE-07-02163,CSE-07,MEDIUM,2024-10-18T08:51:21,2024-10-18T08:52:57.272331,2024-10-18T09:12:19.345233,CLOSED,,WEB-SERVER-07,False
ALT-CSE-07-02164,CSE-07,HIGH,2024-12-09T03:50:10,2024-12-09T03:50:43.507749,2024-12-09T04:17:17.089933,CLOSED,,DB-SERVER-07,False
ALT-CSE-07-02165,CSE-07,HIGH,2024-10-30T21:28:35,2024-10-30T21:29:18.596977,2024-10-30T21:49:17.387278,CLOSED,,FIREWALL-07,False
ALT-CSE-07-02166,CSE-07,HIGH,2024-10-31T03:49:55,2024-10-31T03:50:40.251132,2024-10-31T04:10:13.638605,CLOSED,,FIREWALL-07,False
ALT-CSE-07-02167,CSE-07,HIGH,2024-10-16T11:50:19,2024-10-16T11:52:11.758558,2024-10-16T12:11:44.123340,CLOSED,,WEB-SERVER-07,False
ALT-CSE-07-02168,CSE-07,MEDIUM,2024-11-18T03:30:56,2024-11-18T03:31:34.118534,2024-11-18T03:41:09.426032,CLOSED,,DB-SERVER-07,False
ALT-CSE-07-02169,CSE-07,MEDIUM,2024-12-14T10:13:40,2024-12-14T10:14:51.069104,2024-12-14T10:26:48.396120,CLOSED,,WEB-SERVER-07,False
ALT-CSE-07-02170,CSE-07,LOW,2024-12-08T07:25:34,2024-12-08T07:27:10.144436,2024-12-08T07:38:39.963421,CLOSED,,WEB-SERVER-07,False
ALT-CSE-07-02171,CSE-07,MEDIUM,2024-10-19T10:51:20,2024-10-19T10:52:42.322844,2024-10-19T11:10:41.310431,CLOSED,,FIREWALL-07,False
ALT-CSE-07-02172,CSE-07,MEDIUM,2024-11-25T03:29:28,2024-11-25T03:31:08.012392,2024-11-25T03:54:15.031964,CLOSED,,FIREWALL-07,False
ALT-CSE-07-02173,CSE-07,LOW,2024-12-27T05:56:52,2024-12-27T05:58:16.956033,2024-12-27T06:19:57.768506,CLOSED,CAS-CSE-07-0831,DB-SERVER-07,False
ALT-CSE-07-02174,CSE-07,MEDIUM,2024-12-20T03:54:27,2024-12-20T03:54:58.781158,2024-12-20T04:11:42.081373,CLOSED,,ENDPOINT-07,False
ALT-CSE-07-02175,CSE-07,HIGH,2024-10-15T22:14:46,2024-10-15T22:15:22.985522,2024-10-15T22:31:46.677145,CLOSED,,DB-SERVER-07,False
ALT-CSE-07-02176,CSE-07,HIGH,2024-12-19T07:45:46,2024-12-19T07:47:28.666950,2024-12-19T07:59:07.113347,CLOSED,,FIREWALL-07,False
ALT-CSE-07-02177,CSE-07,HIGH,2024-12-25T08:00:40,2024-12-25T08:01:27.150377,2024-12-25T08:22:51.522724,CLOSED,,WEB-SERVER-07,False
ALT-CSE-07-02178,CSE-07,MEDIUM,2024-10-25T16:02:50,2024-10-25T16:03:52.651453,2024-10-25T16:20:12.795743,CLOSED,,FIREWALL-07,False
ALT-CSE-07-02179,CSE-07,LOW,2024-12-16T05:45:45,2024-12-16T05:47:38.501249,2024-12-16T06:13:06.786614,CLOSED,,WEB-SERVER-07,False
ALT-CSE-07-02180,CSE-07,MEDIUM,2024-11-06T00:16:58,2024-11-06T00:18:45.487158,2024-11-06T00:43:03.781575,CLOSED,CAS-CSE-07-0832,ENDPOINT-07,False
ALT-CSE-07-02181,CSE-07,LOW,2024-12-23T10:41:13,2024-12-23T10:43:10.192585,2024-12-23T10:55:59.816802,CLOSED,,DB-SERVER-07,False
ALT-CSE-07-02182,CSE-07,HIGH,2024-12-07T04:57:09,2024-12-07T04:58:58.882460,2024-12-07T05:22:47.322206,CLOSED,,WEB-SERVER-07,False
ALT-CSE-07-02183,CSE-07,MEDIUM,2024-11-13T02:37:50,2024-11-13T02:39:43.004710,2024-11-13T02:52:32.282755,CLOSED,,ENDPOINT-07,False
ALT-CSE-07-02184,CSE-07,HIGH,2024-10-23T10:39:47,2024-10-23T10:41:24.186573,2024-10-23T10:57:02.386926,CLOSED,,FIREWALL-07,False
ALT-CSE-07-02185,CSE-07,MEDIUM,2024-11-30T08:53:14,2024-11-30T08:54:18.536599,2024-11-30T09:04:25.321178,CLOSED,,DB-SERVER-07,False
ALT-CSE-07-02186,CSE-07,LOW,2024-11-19T11:05:45,2024-11-19T11:07:27.003475,2024-11-19T11:24:01.771163,CLOSED,,DB-SERVER-07,False
ALT-CSE-07-02187,CSE-07,LOW,2024-12-07T02:33:28,2024-12-07T02:34:37.779790,2024-12-07T02:48:07.429016,CLOSED,,WEB-SERVER-07,False
ALT-CSE-07-02188,CSE-07,LOW,2024-11-27T06:55:50,2024-11-27T06:56:22.156032,2024-11-27T07:14:08.859488,CLOSED,,FIREWALL-07,False
ALT-CSE-07-02189,CSE-07,HIGH,2024-12-02T13:49:41,2024-12-02T13:50:22.679638,2024-12-02T14:09:21.147691,CLOSED,,WEB-SERVER-07,False
ALT-CSE-07-02190,CSE-07,MEDIUM,2024-12-08T08:39:59,2024-12-08T08:41:35.959141,2024-12-08T08:57:34.316032,CLOSED,,WEB-SERVER-07,False
ALT-CSE-07-02191,CSE-07,MEDIUM,2024-10-01T10:49:02,2024-10-01T10:50:34.914389,2024-10-01T11:10:57.133992,CLOSED,,ENDPOINT-07,False
ALT-CSE-07-02192,CSE-07,HIGH,2024-12-18T06:45:54,2024-12-18T06:46:40.684497,2024-12-18T07:05:52.126838,CLOSED,,DB-SERVER-07,False
ALT-CSE-07-02193,CSE-07,LOW,2024-12-17T13:22:27,2024-12-17T13:22:59.697611,2024-12-17T13:45:16.934347,CLOSED,,DB-SERVER-07,False
ALT-CSE-07-02194,CSE-07,LOW,2024-10-17T09:12:12,2024-10-17T09:13:20.987017,2024-10-17T09:26:58.304469,CLOSED,,FIREWALL-07,False
ALT-CSE-07-02195,CSE-07,LOW,2024-12-06T05:09:06,2024-12-06T05:10:04.874903,2024-12-06T05:24:43.368960,CLOSED,,WEB-SERVER-07,False
ALT-CSE-07-02196,CSE-07,HIGH,2024-11-01T12:49:50,2024-11-01T12:51:28.420042,2024-11-01T13:02:15.137457,CLOSED,,FIREWALL-07,False
ALT-CSE-07-02197,CSE-07,HIGH,2024-10-28T12:36:31,2024-10-28T12:37:38.197797,2024-10-28T13:01:37.011496,CLOSED,,DB-SERVER-07,False
ALT-CSE-07-02198,CSE-07,LOW,2024-10-27T15:41:35,2024-10-27T15:42:10.419683,2024-10-27T15:57:44.522009,CLOSED,,DB-SERVER-07,False
ALT-CSE-07-02199,CSE-07,MEDIUM,2024-12-20T22:20:42,2024-12-20T22:21:28.041710,2024-12-20T22:43:25.682687,CLOSED,,FIREWALL-07,False
ALT-CSE-07-02200,CSE-07,HIGH,2024-10-17T12:44:43,2024-10-17T12:46:19.944614,2024-10-17T13:07:40.752766,CLOSED,,DB-SERVER-07,False
ALT-CSE-07-02201,CSE-07,LOW,2024-10-25T20:01:19,2024-10-25T20:01:56.535564,2024-10-25T20:23:36.185231,CLOSED,,FIREWALL-07,False
ALT-CSE-07-02202,CSE-07,HIGH,2024-10-30T18:12:56,2024-10-30T18:13:27.013464,2024-10-30T18:20:19.513559,CLOSED,,DB-SERVER-07,False
ALT-CSE-07-02203,CSE-07,LOW,2024-11-02T23:35:08,2024-11-02T23:35:50.907640,2024-11-02T23:53:21.808582,CLOSED,,WEB-SERVER-07,False
ALT-CSE-07-02204,CSE-07,LOW,2024-11-05T11:16:42,2024-11-05T11:18:08.382173,2024-11-05T11:36:19.815631,CLOSED,,DB-SERVER-07,False
ALT-CSE-07-02205,CSE-07,MEDIUM,2024-10-12T13:47:17,2024-10-12T13:49:02.918029,2024-10-12T14:10:49.847909,CLOSED,,DB-SERVER-07,False
ALT-CSE-07-02206,CSE-07,MEDIUM,2024-12-09T11:14:46,2024-12-09T11:16:33.924330,2024-12-09T11:40:51.300367,CLOSED,,ENDPOINT-07,False
ALT-CSE-07-02207,CSE-07,MEDIUM,2024-11-04T06:36:30,2024-11-04T06:37:13.091099,2024-11-04T06:58:18.950949,CLOSED,,WEB-SERVER-07,False
ALT-CSE-07-02208,CSE-07,MEDIUM,2024-10-04T12:39:05,2024-10-04T12:40:57.948240,2024-10-04T12:58:30.754464,CLOSED,CAS-CSE-07-0833,DB-SERVER-07,False
ALT-CSE-07-02209,CSE-07,LOW,2024-10-09T11:37:30,2024-10-09T11:38:36.454254,2024-10-09T11:56:13.388455,CLOSED,,WEB-SERVER-07,False
ALT-CSE-07-02210,CSE-07,HIGH,2024-10-22T00:53:18,2024-10-22T00:55:14.246185,2024-10-22T01:10:42.602158,CLOSED,,DB-SERVER-07,False
ALT-CSE-07-02211,CSE-07,LOW,2024-12-18T14:38:44,2024-12-18T14:40:34.482772,2024-12-18T14:47:58.109254,CLOSED,,WEB-SERVER-07,False
ALT-CSE-07-02212,CSE-07,HIGH,2024-12-24T00:29:17,2024-12-24T00:30:39.458490,2024-12-24T00:42:58.164454,CLOSED,,ENDPOINT-07,False
ALT-CSE-07-02213,CSE-07,HIGH,2024-11-28T20:03:24,2024-11-28T20:04:30.003966,2024-11-28T20:13:28.799710,CLOSED,,ENDPOINT-07,False
ALT-CSE-07-02214,CSE-07,HIGH,2024-12-17T10:28:44,2024-12-17T10:29:25.626601,2024-12-17T10:48:30.511753,CLOSED,,WEB-SERVER-07,False
ALT-CSE-07-02215,CSE-07,MEDIUM,2024-10-14T05:39:39,2024-10-14T05:41:01.367410,2024-10-14T06:01:44.870012,CLOSED,,DB-SERVER-07,False
ALT-CSE-07-02216,CSE-07,MEDIUM,2024-11-27T20:39:38,2024-11-27T20:40:48.474095,2024-11-27T20:55:33.343254,CLOSED,,WEB-SERVER-07,False
ALT-CSE-07-02217,CSE-07,MEDIUM,2024-11-16T10:08:42,2024-11-16T10:10:00.312025,2024-11-16T10:27:52.641234,CLOSED,,FIREWALL-07,False
ALT-CSE-07-02218,CSE-07,HIGH,2024-11-16T04:37:28,2024-11-16T04:37:59.145227,2024-11-16T05:00:56.920679,CLOSED,,WEB-SERVER-07,False
ALT-CSE-07-02219,CSE-07,LOW,2024-12-26T04:17:44,2024-12-26T04:18:25.739941,2024-12-26T04:45:56.902717,CLOSED,,FIREWALL-07,False
ALT-CSE-07-02220,CSE-07,HIGH,2024-10-30T08:24:04,2024-10-30T08:25:46.006881,2024-10-30T08:41:14.498583,CLOSED,,DB-SERVER-07,False
ALT-CSE-07-02221,CSE-07,MEDIUM,2024-12-23T14:10:51,2024-12-23T14:12:04.539336,2024-12-23T14:31:24.020422,CLOSED,,WEB-SERVER-07,False
ALT-CSE-07-02222,CSE-07,HIGH,2024-10-20T13:56:49,2024-10-20T13:57:44.455160,2024-10-20T14:19:25.668616,CLOSED,,ENDPOINT-07,False
ALT-CSE-07-02223,CSE-07,LOW,2024-12-09T23:56:03,2024-12-09T23:57:04.219518,2024-12-10T00:22:09.475178,CLOSED,,ENDPOINT-07,False
ALT-CSE-07-02224,CSE-07,MEDIUM,2024-10-21T14:51:38,2024-10-21T14:52:55.632874,2024-10-21T15:09:17.443888,CLOSED,,ENDPOINT-07,False
ALT-CSE-07-02225,CSE-07,HIGH,2024-11-06T05:26:33,2024-11-06T05:27:20.542671,2024-11-06T05:34:00.104235,CLOSED,,ENDPOINT-07,False
ALT-CSE-07-02226,CSE-07,LOW,2024-11-25T20:02:33,2024-11-25T20:04:24.231211,2024-11-25T20:29:23.800744,CLOSED,,ENDPOINT-07,False
ALT-CSE-07-02227,CSE-07,LOW,2024-11-27T02:37:41,2024-11-27T02:38:15.916022,2024-11-27T03:09:39.463308,CLOSED,,FIREWALL-07,False
ALT-CSE-07-02228,CSE-07,LOW,2024-10-02T15:04:16,2024-10-02T15:06:11.133402,2024-10-02T15:18:31.948380,CLOSED,,DB-SERVER-07,False
ALT-CSE-07-02229,CSE-07,LOW,2024-12-22T12:54:21,2024-12-22T12:55:34.698971,2024-12-22T13:13:30.202610,CLOSED,,DB-SERVER-07,False
ALT-CSE-07-02230,CSE-07,MEDIUM,2024-12-25T17:20:25,2024-12-25T17:22:15.355812,2024-12-25T17:36:24.460938,CLOSED,,FIREWALL-07,False
ALT-CSE-07-02231,CSE-07,HIGH,2024-11-17T19:25:13,2024-11-17T19:26:47.157913,2024-11-17T19:41:48.037769,CLOSED,,ENDPOINT-07,False
ALT-CSE-07-02232,CSE-07,LOW,2024-10-12T16:13:54,2024-10-12T16:15:26.788888,2024-10-12T16:39:16.509424,CLOSED,,DB-SERVER-07,False
ALT-CSE-07-02233,CSE-07,MEDIUM,2024-10-06T23:31:01,2024-10-06T23:31:59.859661,2024-10-06T23:49:09.647669,CLOSED,,WEB-SERVER-07,False
ALT-CSE-07-02234,CSE-07,MEDIUM,2024-11-23T05:46:38,2024-11-23T05:47:16.938153,2024-11-23T06:01:08.771572,CLOSED,,FIREWALL-07,False
ALT-CSE-07-02235,CSE-07,MEDIUM,2024-10-16T06:44:17,2024-10-16T06:45:39.466638,2024-10-16T07:05:24.826149,CLOSED,,DB-SERVER-07,False
ALT-CSE-07-02236,CSE-07,MEDIUM,2024-11-29T20:21:15,2024-11-29T20:22:25.704790,2024-11-29T20:36:23.901672,CLOSED,,WEB-SERVER-07,False
ALT-CSE-07-02237,CSE-07,HIGH,2024-12-29T02:55:24,2024-12-29T02:56:34.939643,2024-12-29T03:10:21.735354,CLOSED,,ENDPOINT-07,False
ALT-CSE-07-02238,CSE-07,MEDIUM,2024-12-01T13:12:42,2024-12-01T13:13:41.224568,2024-12-01T13:26:59.238212,CLOSED,,FIREWALL-07,False
ALT-CSE-07-02239,CSE-07,MEDIUM,2024-10-24T18:24:47,2024-10-24T18:25:44.900890,2024-10-24T18:47:58.693039,CLOSED,,FIREWALL-07,False
ALT-CSE-07-02240,CSE-07,LOW,2024-11-26T20:17:24,2024-11-26T20:19:02.776065,2024-11-26T20:34:26.433945,CLOSED,,WEB-SERVER-07,False
ALT-CSE-07-02241,CSE-07,LOW,2024-12-24T12:01:52,2024-12-24T12:03:46.604866,2024-12-24T12:22:30.272729,CLOSED,,WEB-SERVER-07,False
ALT-CSE-07-02242,CSE-07,LOW,2024-11-08T11:44:50,2024-11-08T11:46:06.837998,2024-11-08T12:01:11.029972,CLOSED,,WEB-SERVER-07,False
ALT-CSE-07-02243,CSE-07,HIGH,2024-10-05T23:58:35,2024-10-05T23:59:28.150450,2024-10-06T00:17:03.636267,CLOSED,,DB-SERVER-07,False
ALT-CSE-07-02244,CSE-07,LOW,2024-11-07T23:12:45,2024-11-07T23:13:26.867859,2024-11-07T23:37:10.142168,CLOSED,,ENDPOINT-07,False
ALT-CSE-07-02245,CSE-07,MEDIUM,2024-12-03T16:02:54,2024-12-03T16:03:52.155025,2024-12-03T16:19:12.487216,CLOSED,,ENDPOINT-07,False
ALT-CSE-07-02246,CSE-07,LOW,2024-12-24T02:04:46,2024-12-24T02:05:23.069146,2024-12-24T02:15:33.727904,CLOSED,,WEB-SERVER-07,False
ALT-CSE-07-02247,CSE-07,MEDIUM,2024-10-11T23:29:40,2024-10-11T23:31:21.472531,2024-10-11T23:48:14.080539,CLOSED,,FIREWALL-07,False
ALT-CSE-07-02248,CSE-07,MEDIUM,2024-11-11T21:40:27,2024-11-11T21:41:10.383888,2024-11-11T22:08:02.256995,CLOSED,,WEB-SERVER-07,False
ALT-CSE-07-02249,CSE-07,LOW,2024-12-18T21:03:41,2024-12-18T21:04:42.388622,2024-12-18T21:23:32.546469,CLOSED,,DB-SERVER-07,False
ALT-CSE-07-02250,CSE-07,LOW,2024-10-13T22:21:42,2024-10-13T22:22:48.238695,2024-10-13T22:33:48.749948,CLOSED,,ENDPOINT-07,False
ALT-CSE-07-02251,CSE-07,MEDIUM,2024-11-06T10:21:50,2024-11-06T10:23:27.567301,2024-11-06T10:44:02.486067,CLOSED,,ENDPOINT-07,False
ALT-CSE-07-02252,CSE-07,MEDIUM,2024-12-08T11:25:08,2024-12-08T11:27:06.734047,2024-12-08T11:57:26.433431,CLOSED,,DB-SERVER-07,False
ALT-CSE-07-02253,CSE-07,HIGH,2024-11-10T16:29:03,2024-11-10T16:29:52.797182,2024-11-10T16:44:12.348974,CLOSED,,DB-SERVER-07,False
ALT-CSE-07-02254,CSE-07,HIGH,2024-11-04T05:38:53,2024-11-04T05:39:30.844911,2024-11-04T05:55:05.508981,CLOSED,,ENDPOINT-07,False
ALT-CSE-07-02255,CSE-07,MEDIUM,2024-10-30T20:09:26,2024-10-30T20:10:25.740862,2024-10-30T20:32:45.500626,CLOSED,,FIREWALL-07,False
ALT-CSE-07-02256,CSE-07,MEDIUM,2024-11-18T13:43:43,2024-11-18T13:44:30.390145,2024-11-18T13:58:21.285721,CLOSED,,DB-SERVER-07,False
ALT-CSE-07-02257,CSE-07,LOW,2024-12-21T23:34:27,2024-12-21T23:35:26.428713,2024-12-21T23:51:18.409381,CLOSED,,ENDPOINT-07,False
ALT-CSE-07-02258,CSE-07,MEDIUM,2024-10-06T01:07:30,2024-10-06T01:08:01.247991,2024-10-06T01:20:24.164345,CLOSED,,FIREWALL-07,False
ALT-CSE-07-02259,CSE-07,MEDIUM,2024-11-13T02:16:45,2024-11-13T02:17:50.796193,2024-11-13T02:35:28.061420,CLOSED,,WEB-SERVER-07,False
ALT-CSE-07-02260,CSE-07,MEDIUM,2024-12-11T06:56:31,2024-12-11T06:57:58.976151,2024-12-11T07:18:17.736425,CLOSED,,FIREWALL-07,False
ALT-CSE-07-02261,CSE-07,HIGH,2024-12-19T16:02:56,2024-12-19T16:03:39.087516,2024-12-19T16:22:01.165242,CLOSED,,DB-SERVER-07,False
ALT-CSE-07-02262,CSE-07,HIGH,2024-10-28T01:55:25,2024-10-28T01:56:45.605227,2024-10-28T02:16:42.951269,CLOSED,,WEB-SERVER-07,False
ALT-CSE-07-02263,CSE-07,MEDIUM,2024-12-04T05:29:18,2024-12-04T05:31:00.497234,2024-12-04T05:44:11.067092,CLOSED,,FIREWALL-07,False
ALT-CSE-07-02264,CSE-07,MEDIUM,2024-11-25T19:46:41,2024-11-25T19:47:21.007767,2024-11-25T19:56:04.275723,CLOSED,,FIREWALL-07,False
ALT-CSE-07-02265,CSE-07,HIGH,2024-11-13T17:21:28,2024-11-13T17:22:55.884177,2024-11-13T17:41:45.628903,CLOSED,,ENDPOINT-07,False
ALT-CSE-07-02266,CSE-07,LOW,2024-11-20T21:54:33,2024-11-20T21:56:24.932003,2024-11-20T22:11:00.120091,CLOSED,,FIREWALL-07,False
ALT-CSE-07-02267,CSE-07,HIGH,2024-10-16T13:54:40,2024-10-16T13:56:20.151545,2024-10-16T14:22:33.494415,CLOSED,,ENDPOINT-07,False
ALT-CSE-07-02268,CSE-07,LOW,2024-12-10T23:56:36,2024-12-10T23:57:34.180745,2024-12-11T00:19:51.783205,CLOSED,,ENDPOINT-07,False
ALT-CSE-07-02269,CSE-07,MEDIUM,2024-12-12T17:45:12,2024-12-12T17:46:07.139116,2024-12-12T18:07:19.600586,CLOSED,,DB-SERVER-07,False
ALT-CSE-07-02270,CSE-07,HIGH,2024-11-04T20:55:18,2024-11-04T20:57:11.023308,2024-11-04T21:23:11.283408,CLOSED,,WEB-SERVER-07,False
ALT-CSE-07-02271,CSE-07,LOW,2024-11-28T15:07:57,2024-11-28T15:08:52.734179,2024-11-28T15:36:23.745942,CLOSED,,WEB-SERVER-07,False
ALT-CSE-07-02272,CSE-07,LOW,2024-11-21T03:14:47,2024-11-21T03:15:33.401243,2024-11-21T03:32:23.422790,CLOSED,,DB-SERVER-07,False
ALT-CSE-07-02273,CSE-07,HIGH,2024-11-17T07:26:18,2024-11-17T07:27:29.961557,2024-11-17T07:51:43.250096,CLOSED,,DB-SERVER-07,False
ALT-CSE-07-02274,CSE-07,LOW,2024-11-03T10:14:14,2024-11-03T10:15:55.107148,2024-11-03T10:35:52.177726,CLOSED,,ENDPOINT-07,False
ALT-CSE-07-02275,CSE-07,LOW,2024-12-14T06:35:42,2024-12-14T06:36:47.747097,2024-12-14T06:57:22.074617,CLOSED,,WEB-SERVER-07,False
ALT-CSE-07-02276,CSE-07,MEDIUM,2024-11-06T13:53:21,2024-11-06T13:54:40.095227,2024-11-06T14:08:46.037618,CLOSED,,FIREWALL-07,False
ALT-CSE-07-02277,CSE-07,MEDIUM,2024-10-12T10:30:29,2024-10-12T10:31:21.147360,2024-10-12T10:55:28.613337,CLOSED,,FIREWALL-07,False
ALT-CSE-07-02278,CSE-07,MEDIUM,2024-12-03T15:05:42,2024-12-03T15:06:31.574950,2024-12-03T15:34:01.247681,CLOSED,,WEB-SERVER-07,False
ALT-CSE-07-02279,CSE-07,LOW,2024-11-09T23:42:48,2024-11-09T23:44:24.095260,2024-11-10T00:02:28.395428,CLOSED,,WEB-SERVER-07,False
ALT-CSE-07-02280,CSE-07,LOW,2024-12-11T01:39:23,2024-12-11T01:40:09.250346,2024-12-11T02:00:10.249001,CLOSED,,FIREWALL-07,False
ALT-CSE-07-02281,CSE-07,HIGH,2024-10-07T13:02:35,2024-10-07T13:04:33.023696,2024-10-07T13:27:13.935756,CLOSED,,DB-SERVER-07,False
ALT-CSE-07-02282,CSE-07,HIGH,2024-11-18T18:44:00,2024-11-18T18:44:32.914864,2024-11-18T19:01:33.682307,CLOSED,,ENDPOINT-07,False
ALT-CSE-07-02283,CSE-07,LOW,2024-12-24T11:56:41,2024-12-24T11:58:18.451171,2024-12-24T12:17:37.782737,CLOSED,,ENDPOINT-07,False
ALT-CSE-07-02284,CSE-07,HIGH,2024-10-13T23:55:57,2024-10-13T23:57:34.039439,2024-10-14T00:17:07.623052,CLOSED,,WEB-SERVER-07,False
ALT-CSE-07-02285,CSE-07,HIGH,2024-12-27T21:37:10,2024-12-27T21:37:48.135279,2024-12-27T21:59:08.899575,CLOSED,,FIREWALL-07,False
ALT-CSE-07-02286,CSE-07,MEDIUM,2024-11-07T08:39:21,2024-11-07T08:41:05.612710,2024-11-07T08:57:53.086390,CLOSED,,FIREWALL-07,False
ALT-CSE-07-02287,CSE-07,MEDIUM,2024-10-02T02:34:15,2024-10-02T02:36:13.960063,2024-10-02T02:48:16.767868,CLOSED,,ENDPOINT-07,False
ALT-CSE-07-02288,CSE-07,LOW,2024-12-23T18:54:00,2024-12-23T18:54:55.664354,2024-12-23T19:16:32.929475,CLOSED,,ENDPOINT-07,False
ALT-CSE-07-02289,CSE-07,LOW,2024-11-18T21:17:59,2024-11-18T21:19:53.466953,2024-11-18T21:36:06.087248,CLOSED,CAS-CSE-07-0834,ENDPOINT-07,False
ALT-CSE-07-02290,CSE-07,HIGH,2024-10-13T02:31:33,2024-10-13T02:33:09.721157,2024-10-13T02:51:16.819612,CLOSED,,ENDPOINT-07,False
ALT-CSE-07-02291,CSE-07,MEDIUM,2024-11-10T23:18:59,2024-11-10T23:19:54.650555,2024-11-10T23:37:29.196634,CLOSED,,DB-SERVER-07,False
ALT-CSE-07-02292,CSE-07,HIGH,2024-10-30T12:33:25,2024-10-30T12:34:33.204032,2024-10-30T12:57:59.541808,CLOSED,,WEB-SERVER-07,False
ALT-CSE-07-02293,CSE-07,MEDIUM,2024-11-10T23:54:32,2024-11-10T23:55:35.351769,2024-11-11T00:03:44.209230,CLOSED,,DB-SERVER-07,False
ALT-CSE-07-02294,CSE-07,LOW,2024-12-25T21:48:54,2024-12-25T21:50:01.875471,2024-12-25T22:09:20.669689,CLOSED,,ENDPOINT-07,False
ALT-CSE-07-02295,CSE-07,HIGH,2024-11-25T07:28:11,2024-11-25T07:29:59.948975,2024-11-25T07:47:01.927213,CLOSED,,FIREWALL-07,False
ALT-CSE-07-02296,CSE-07,LOW,2024-12-25T10:52:15,2024-12-25T10:52:47.807170,2024-12-25T11:07:56.140623,CLOSED,,ENDPOINT-07,False
ALT-CSE-07-02297,CSE-07,MEDIUM,2024-12-11T15:01:00,2024-12-11T15:02:53.504981,2024-12-11T15:14:46.377420,CLOSED,,FIREWALL-07,False
ALT-CSE-07-02298,CSE-07,HIGH,2024-10-04T12:33:07,2024-10-04T12:33:49.355530,2024-10-04T12:51:40.045259,CLOSED,,ENDPOINT-07,False
ALT-CSE-07-02299,CSE-07,MEDIUM,2024-11-17T08:53:44,2024-11-17T08:54:19.715557,2024-11-17T09:09:15.931397,CLOSED,,DB-SERVER-07,False
ALT-CSE-07-02300,CSE-07,MEDIUM,2024-11-16T08:59:28,2024-11-16T09:00:42.985475,2024-11-16T09:24:10.674837,CLOSED,,DB-SERVER-07,False
ALT-CSE-07-02301,CSE-07,MEDIUM,2024-11-03T20:42:56,2024-11-03T20:44:29.333350,2024-11-03T21:01:34.181430,CLOSED,,DB-SERVER-07,False
ALT-CSE-07-02302,CSE-07,MEDIUM,2024-10-10T18:49:05,2024-10-10T18:49:52.836611,2024-10-10T19:05:21.253072,CLOSED,,ENDPOINT-07,False
ALT-CSE-07-02303,CSE-07,MEDIUM,2024-11-16T13:20:00,2024-11-16T13:21:09.083000,2024-11-16T13:47:09.965032,CLOSED,,WEB-SERVER-07,False
ALT-CSE-07-02304,CSE-07,LOW,2024-10-15T07:01:14,2024-10-15T07:02:13.322146,2024-10-15T07:29:16.946746,CLOSED,,FIREWALL-07,False
ALT-CSE-07-02305,CSE-07,HIGH,2024-11-24T13:55:12,2024-11-24T13:55:47.866855,2024-11-24T14:12:19.741613,CLOSED,,ENDPOINT-07,False
ALT-CSE-07-02306,CSE-07,LOW,2024-12-08T04:06:22,2024-12-08T04:06:53.501682,2024-12-08T04:31:02.451590,CLOSED,,WEB-SERVER-07,False
ALT-CSE-07-02307,CSE-07,MEDIUM,2024-12-19T18:26:38,2024-12-19T18:27:31.527763,2024-12-19T18:54:18.743571,CLOSED,,DB-SERVER-07,False
ALT-CSE-07-02308,CSE-07,HIGH,2024-10-29T03:58:38,2024-10-29T04:00:34.440835,2024-10-29T04:19:48.102691,CLOSED,CAS-CSE-07-0835,DB-SERVER-07,False
ALT-CSE-07-02309,CSE-07,LOW,2024-10-15T17:15:34,2024-10-15T17:17:23.913017,2024-10-15T17:36:02.259045,CLOSED,,ENDPOINT-07,False
ALT-CSE-07-02310,CSE-07,LOW,2024-12-12T02:34:42,2024-12-12T02:36:11.745507,2024-12-12T02:52:15.958219,CLOSED,,FIREWALL-07,False
ALT-CSE-07-02311,CSE-07,LOW,2024-11-13T22:22:55,2024-11-13T22:24:14.076210,2024-11-13T22:41:31.397127,CLOSED,,DB-SERVER-07,False
ALT-CSE-07-02312,CSE-07,MEDIUM,2024-10-15T19:58:15,2024-10-15T19:58:57.042277,2024-10-15T20:17:52.169149,CLOSED,,ENDPOINT-07,False
ALT-CSE-07-02313,CSE-07,LOW,2024-11-30T10:30:30,2024-11-30T10:31:35.506851,2024-11-30T10:42:23.158177,CLOSED,,DB-SERVER-07,False
ALT-CSE-07-02314,CSE-07,HIGH,2024-11-23T07:36:43,2024-11-23T07:37:52.634666,2024-11-23T07:56:31.721322,CLOSED,,FIREWALL-07,False
ALT-CSE-07-02315,CSE-07,HIGH,2024-12-08T23:42:59,2024-12-08T23:43:42.137071,2024-12-08T23:55:27.751353,CLOSED,,WEB-SERVER-07,False
ALT-CSE-07-02316,CSE-07,LOW,2024-11-27T20:01:12,2024-11-27T20:01:44.640280,2024-11-27T20:22:15.952102,CLOSED,,ENDPOINT-07,False
ALT-CSE-07-02317,CSE-07,MEDIUM,2024-11-15T06:52:56,2024-11-15T06:54:40.557173,2024-11-15T07:17:08.367280,CLOSED,,DB-SERVER-07,False
ALT-CSE-07-02318,CSE-07,LOW,2024-10-24T10:08:42,2024-10-24T10:10:39.522791,2024-10-24T10:35:35.262288,CLOSED,,ENDPOINT-07,False
ALT-CSE-07-02319,CSE-07,LOW,2024-12-11T05:27:24,2024-12-11T05:27:59.831969,2024-12-11T06:02:46.821600,CLOSED,,WEB-SERVER-07,False
ALT-CSE-07-02320,CSE-07,LOW,2024-11-16T03:32:21,2024-11-16T03:33:23.831956,2024-11-16T03:51:08.014634,CLOSED,,ENDPOINT-07,False
ALT-CSE-07-02321,CSE-07,HIGH,2024-10-22T08:58:59,2024-10-22T09:00:14.227739,2024-10-22T09:18:18.033761,CLOSED,,WEB-SERVER-07,False
ALT-CSE-07-02322,CSE-07,MEDIUM,2024-10-29T05:51:26,2024-10-29T05:53:13.081383,2024-10-29T06:09:09.267393,CLOSED,,ENDPOINT-07,False
ALT-CSE-07-02323,CSE-07,MEDIUM,2024-12-28T11:09:33,2024-12-28T11:11:24.130251,2024-12-28T11:30:24.591585,CLOSED,,DB-SERVER-07,False
ALT-CSE-07-02324,CSE-07,HIGH,2024-10-28T01:06:16,2024-10-28T01:07:56.704067,2024-10-28T01:25:17.135047,CLOSED,,ENDPOINT-07,False
ALT-CSE-07-02325,CSE-07,HIGH,2024-11-12T10:00:04,2024-11-12T10:01:42.129781,2024-11-12T10:21:02.406910,CLOSED,,WEB-SERVER-07,False
ALT-CSE-07-02326,CSE-07,HIGH,2024-10-12T10:40:06,2024-10-12T10:41:54.262642,2024-10-12T11:14:42.051643,CLOSED,,WEB-SERVER-07,False
ALT-CSE-07-02327,CSE-07,LOW,2024-12-24T16:13:35,2024-12-24T16:14:11.191476,2024-12-24T16:42:32.785298,CLOSED,,ENDPOINT-07,False
ALT-CSE-07-02328,CSE-07,LOW,2024-10-24T14:41:28,2024-10-24T14:43:22.140517,2024-10-24T15:03:41.454767,CLOSED,,WEB-SERVER-07,False
ALT-CSE-07-02329,CSE-07,MEDIUM,2024-12-02T12:45:20,2024-12-02T12:46:54.868444,2024-12-02T13:09:44.172646,CLOSED,,FIREWALL-07,False
ALT-CSE-07-02330,CSE-07,HIGH,2024-10-28T08:19:11,2024-10-28T08:20:11.645417,2024-10-28T08:38:27.194580,CLOSED,,WEB-SERVER-07,False
ALT-CSE-07-02331,CSE-07,LOW,2024-11-23T07:48:54,2024-11-23T07:49:47.613318,2024-11-23T08:10:31.246121,CLOSED,,WEB-SERVER-07,False
ALT-CSE-07-02332,CSE-07,MEDIUM,2024-11-06T04:14:26,2024-11-06T04:16:02.580345,2024-11-06T04:40:19.381566,CLOSED,,ENDPOINT-07,False
ALT-CSE-07-02333,CSE-07,HIGH,2024-11-21T21:46:40,2024-11-21T21:47:59.627205,2024-11-21T22:05:41.190964,CLOSED,,DB-SERVER-07,False
ALT-CSE-07-02334,CSE-07,LOW,2024-10-09T04:39:31,2024-10-09T04:40:44.508492,2024-10-09T05:10:31.816532,CLOSED,,ENDPOINT-07,False
ALT-CSE-07-02335,CSE-07,MEDIUM,2024-12-19T15:58:12,2024-12-19T15:59:20.962207,2024-12-19T16:26:52.146699,CLOSED,,WEB-SERVER-07,False
ALT-CSE-07-02336,CSE-07,HIGH,2024-10-19T16:49:32,2024-10-19T16:51:07.507453,2024-10-19T17:06:49.940937,CLOSED,,DB-SERVER-07,False
ALT-CSE-07-02337,CSE-07,HIGH,2024-12-05T23:15:02,2024-12-05T23:16:41.785580,2024-12-05T23:37:01.337876,CLOSED,,ENDPOINT-07,False
ALT-CSE-07-02338,CSE-07,MEDIUM,2024-12-04T14:00:37,2024-12-04T14:02:11.800569,2024-12-04T14:27:15.839084,CLOSED,,DB-SERVER-07,False
ALT-CSE-07-02339,CSE-07,LOW,2024-10-11T12:35:16,2024-10-11T12:36:04.240491,2024-10-11T12:52:40.710367,CLOSED,,DB-SERVER-07,False
ALT-CSE-07-02340,CSE-07,MEDIUM,2024-10-20T00:15:53,2024-10-20T00:17:15.957871,2024-10-20T00:31:31.729664,CLOSED,,DB-SERVER-07,False
ALT-CSE-07-02341,CSE-07,MEDIUM,2024-12-18T20:34:25,2024-12-18T20:35:34.610307,2024-12-18T20:53:44.706414,CLOSED,,FIREWALL-07,False
ALT-CSE-07-02342,CSE-07,LOW,2024-11-17T20:31:16,2024-11-17T20:33:02.091936,2024-11-17T20:50:19.312179,CLOSED,,ENDPOINT-07,False
ALT-CSE-07-02343,CSE-07,HIGH,2024-11-28T08:10:06,2024-11-28T08:11:57.150220,2024-11-28T08:30:09.664077,CLOSED,,WEB-SERVER-07,False
ALT-CSE-07-02344,CSE-07,HIGH,2024-12-12T18:10:16,2024-12-12T18:11:10.948079,2024-12-12T18:21:51.434555,CLOSED,,FIREWALL-07,False
ALT-CSE-07-02345,CSE-07,LOW,2024-12-19T19:17:01,2024-12-19T19:18:14.057685,2024-12-19T19:36:30.041154,CLOSED,CAS-CSE-07-0836,WEB-SERVER-07,False
ALT-CSE-07-02346,CSE-07,HIGH,2024-10-24T13:45:52,2024-10-24T13:47:02.012965,2024-10-24T13:53:20.567741,CLOSED,,FIREWALL-07,False
ALT-CSE-07-02347,CSE-07,MEDIUM,2024-11-15T09:51:38,2024-11-15T09:52:29.027993,2024-11-15T10:07:38.229404,CLOSED,,FIREWALL-07,False
ALT-CSE-07-02348,CSE-07,MEDIUM,2024-10-03T02:54:30,2024-10-03T02:55:15.286492,2024-10-03T03:13:38.519984,CLOSED,,ENDPOINT-07,False
ALT-CSE-07-02349,CSE-07,MEDIUM,2024-10-12T01:03:38,2024-10-12T01:05:28.103829,2024-10-12T01:12:17.227207,CLOSED,,DB-SERVER-07,False
ALT-CSE-07-02350,CSE-07,MEDIUM,2024-10-25T21:57:47,2024-10-25T21:58:50.687427,2024-10-25T22:13:39.213875,CLOSED,,DB-SERVER-07,False
ALT-CSE-07-02351,CSE-07,LOW,2024-10-09T18:12:27,2024-10-09T18:12:57.110419,2024-10-09T18:25:02.508806,CLOSED,,WEB-SERVER-07,False
ALT-CSE-07-02352,CSE-07,LOW,2024-12-20T10:59:29,2024-12-20T11:01:00.581091,2024-12-20T11:13:48.119294,CLOSED,,ENDPOINT-07,False
ALT-CSE-07-02353,CSE-07,MEDIUM,2024-11-18T22:19:36,2024-11-18T22:21:27.088103,2024-11-18T22:41:18.261934,CLOSED,CAS-CSE-07-0837,WEB-SERVER-07,False
ALT-CSE-07-02354,CSE-07,MEDIUM,2024-12-11T02:13:14,2024-12-11T02:13:49.686756,2024-12-11T02:33:02.352776,CLOSED,,WEB-SERVER-07,False
ALT-CSE-07-02355,CSE-07,HIGH,2024-10-04T22:43:51,2024-10-04T22:44:23.910849,2024-10-04T23:02:46.005001,CLOSED,,FIREWALL-07,False
ALT-CSE-07-02356,CSE-07,HIGH,2024-10-02T19:17:06,2024-10-02T19:17:43.047235,2024-10-02T19:33:42.085745,CLOSED,,ENDPOINT-07,False
ALT-CSE-07-02357,CSE-07,LOW,2024-12-03T14:51:10,2024-12-03T14:52:26.716675,2024-12-03T15:17:18.331374,CLOSED,,FIREWALL-07,False
ALT-CSE-07-02358,CSE-07,MEDIUM,2024-12-15T16:39:56,2024-12-15T16:41:14.835641,2024-12-15T16:54:45.964311,CLOSED,,DB-SERVER-07,False
ALT-CSE-07-02359,CSE-07,MEDIUM,2024-10-04T02:40:51,2024-10-04T02:41:21.763779,2024-10-04T02:57:10.966537,CLOSED,,DB-SERVER-07,False
ALT-CSE-07-02360,CSE-07,MEDIUM,2024-10-07T13:50:27,2024-10-07T13:51:43.549808,2024-10-07T14:13:55.352164,CLOSED,,ENDPOINT-07,False
ALT-CSE-07-02361,CSE-07,MEDIUM,2024-10-29T05:31:26,2024-10-29T05:32:35.089155,2024-10-29T05:51:54.511967,CLOSED,,DB-SERVER-07,False
ALT-CSE-07-02362,CSE-07,HIGH,2024-12-18T16:40:28,2024-12-18T16:41:23.516044,2024-12-18T17:00:25.251092,CLOSED,,ENDPOINT-07,False
ALT-CSE-07-02363,CSE-07,MEDIUM,2024-11-09T00:55:22,2024-11-09T00:56:57.055585,2024-11-09T01:15:27.339748,CLOSED,,FIREWALL-07,False
ALT-CSE-07-02364,CSE-07,LOW,2024-10-29T21:48:16,2024-10-29T21:50:07.356075,2024-10-29T22:02:12.606638,CLOSED,,FIREWALL-07,False
ALT-CSE-07-02365,CSE-07,LOW,2024-11-16T18:01:16,2024-11-16T18:02:03.285456,2024-11-16T18:21:40.422526,CLOSED,,ENDPOINT-07,False
ALT-CSE-07-02366,CSE-07,MEDIUM,2024-12-27T06:41:56,2024-12-27T06:43:02.650235,2024-12-27T06:57:06.578759,CLOSED,,WEB-SERVER-07,False
ALT-CSE-07-02367,CSE-07,MEDIUM,2024-11-11T17:08:25,2024-11-11T17:10:21.139672,2024-11-11T17:33:16.168282,CLOSED,CAS-CSE-07-0838,WEB-SERVER-07,False
ALT-CSE-07-02368,CSE-07,MEDIUM,2024-10-10T08:37:41,2024-10-10T08:39:18.886835,2024-10-10T08:52:05.373673,CLOSED,,ENDPOINT-07,False
ALT-CSE-07-02369,CSE-07,MEDIUM,2024-11-04T13:55:55,2024-11-04T13:57:41.648147,2024-11-04T14:20:48.988050,CLOSED,,WEB-SERVER-07,False
ALT-CSE-07-02370,CSE-07,LOW,2024-12-12T12:25:52,2024-12-12T12:26:52.456540,2024-12-12T12:46:32.131561,CLOSED,,DB-SERVER-07,False
ALT-CSE-07-02371,CSE-07,LOW,2024-10-03T15:19:41,2024-10-03T15:20:12.265080,2024-10-03T15:38:42.396806,CLOSED,,FIREWALL-07,False
ALT-CSE-07-02372,CSE-07,MEDIUM,2024-10-29T03:48:13,2024-10-29T03:49:22.712052,2024-10-29T04:06:39.678215,CLOSED,,WEB-SERVER-07,False
ALT-CSE-07-02373,CSE-07,HIGH,2024-11-03T17:26:52,2024-11-03T17:27:34.385885,2024-11-03T17:48:15.957900,CLOSED,,FIREWALL-07,False
ALT-CSE-07-02374,CSE-07,MEDIUM,2024-10-25T04:53:08,2024-10-25T04:53:50.167794,2024-10-25T05:21:25.510796,CLOSED,,DB-SERVER-07,False
ALT-CSE-07-02375,CSE-07,MEDIUM,2024-11-24T19:08:46,2024-11-24T19:10:24.575433,2024-11-24T19:31:44.911886,CLOSED,,DB-SERVER-07,False
ALT-CSE-07-02376,CSE-07,LOW,2024-12-13T06:09:46,2024-12-13T06:10:43.013308,2024-12-13T06:35:37.191628,CLOSED,,DB-SERVER-07,False
ALT-CSE-07-02377,CSE-07,LOW,2024-12-05T21:56:15,2024-12-05T21:56:46.859651,2024-12-05T22:06:23.531480,CLOSED,,FIREWALL-07,False
ALT-CSE-07-02378,CSE-07,MEDIUM,2024-11-15T13:46:45,2024-11-15T13:48:16.054259,2024-11-15T13:58:01.763460,CLOSED,,FIREWALL-07,False
ALT-CSE-07-02379,CSE-07,LOW,2024-12-18T05:33:02,2024-12-18T05:34:55.547074,2024-12-18T05:52:35.255248,CLOSED,,ENDPOINT-07,False
ALT-CSE-07-02380,CSE-07,LOW,2024-11-26T21:24:23,2024-11-26T21:24:58.859478,2024-11-26T21:50:30.457502,CLOSED,,FIREWALL-07,False
ALT-CSE-07-02381,CSE-07,HIGH,2024-12-21T13:03:49,2024-12-21T13:05:00.382024,2024-12-21T13:13:41.529224,CLOSED,,ENDPOINT-07,False
ALT-CSE-07-02382,CSE-07,HIGH,2024-10-24T15:41:50,2024-10-24T15:42:41.531678,2024-10-24T15:53:09.690616,CLOSED,,WEB-SERVER-07,False
ALT-CSE-07-02383,CSE-07,LOW,2024-12-25T11:01:12,2024-12-25T11:01:47.156682,2024-12-25T11:24:56.718290,CLOSED,,WEB-SERVER-07,False
ALT-CSE-07-02384,CSE-07,HIGH,2024-11-21T00:02:15,2024-11-21T00:03:20.353232,2024-11-21T00:26:43.885342,CLOSED,,FIREWALL-07,False
ALT-CSE-07-02385,CSE-07,MEDIUM,2024-11-15T05:31:38,2024-11-15T05:33:00.806284,2024-11-15T05:47:15.870120,CLOSED,,WEB-SERVER-07,False
ALT-CSE-07-02386,CSE-07,MEDIUM,2024-10-17T14:22:14,2024-10-17T14:22:47.852008,2024-10-17T14:42:42.703022,CLOSED,,DB-SERVER-07,False
ALT-CSE-07-02387,CSE-07,LOW,2024-11-04T16:08:33,2024-11-04T16:09:29.368784,2024-11-04T16:26:10.826442,CLOSED,,ENDPOINT-07,False
ALT-CSE-07-02388,CSE-07,HIGH,2024-11-08T14:41:33,2024-11-08T14:42:05.909323,2024-11-08T15:08:30.905513,CLOSED,,ENDPOINT-07,False
ALT-CSE-07-02389,CSE-07,MEDIUM,2024-12-16T16:31:06,2024-12-16T16:32:46.469823,2024-12-16T16:45:31.894736,CLOSED,,ENDPOINT-07,False
ALT-CSE-07-02390,CSE-07,HIGH,2024-11-15T14:27:54,2024-11-15T14:28:38.624222,2024-11-15T14:48:14.030726,CLOSED,,DB-SERVER-07,False
ALT-CSE-07-02391,CSE-07,MEDIUM,2024-10-10T16:04:09,2024-10-10T16:05:58.676443,2024-10-10T16:23:01.861594,CLOSED,,WEB-SERVER-07,False
ALT-CSE-07-02392,CSE-07,MEDIUM,2024-10-04T23:01:37,2024-10-04T23:02:43.870063,2024-10-04T23:24:41.475864,CLOSED,,FIREWALL-07,False
ALT-CSE-07-02393,CSE-07,HIGH,2024-11-25T13:53:19,2024-11-25T13:55:16.668318,2024-11-25T14:17:44.236086,CLOSED,,DB-SERVER-07,False
ALT-CSE-07-02394,CSE-07,LOW,2024-12-10T14:47:28,2024-12-10T14:48:24.713709,2024-12-10T15:05:34.156416,CLOSED,,FIREWALL-07,False
ALT-CSE-07-02395,CSE-07,HIGH,2024-10-18T09:13:51,2024-10-18T09:14:54.419707,2024-10-18T09:29:33.164114,CLOSED,,FIREWALL-07,False
ALT-CSE-07-02396,CSE-07,MEDIUM,2024-10-09T07:25:48,2024-10-09T07:27:15.729800,2024-10-09T07:46:18.158376,CLOSED,,ENDPOINT-07,False
ALT-CSE-07-02397,CSE-07,MEDIUM,2024-12-21T15:06:16,2024-12-21T15:06:50.731600,2024-12-21T15:33:59.734968,CLOSED,,ENDPOINT-07,False
ALT-CSE-07-02398,CSE-07,HIGH,2024-12-07T00:41:12,2024-12-07T00:42:13.514339,2024-12-07T00:57:56.284390,CLOSED,,FIREWALL-07,False
ALT-CSE-07-02399,CSE-07,MEDIUM,2024-12-29T16:06:51,2024-12-29T16:07:21.949026,2024-12-29T16:30:55.987842,CLOSED,,WEB-SERVER-07,False
ALT-CSE-07-02400,CSE-07,HIGH,2024-11-07T04:35:31,2024-11-07T04:37:22.449254,2024-11-07T05:02:57.325419,CLOSED,,DB-SERVER-07,False
ALT-CSE-07-02401,CSE-07,MEDIUM,2024-10-11T12:18:29,2024-10-11T12:19:22.381628,2024-10-11T12:36:42.765782,CLOSED,,DB-SERVER-07,False
ALT-CSE-07-02402,CSE-07,MEDIUM,2024-12-09T12:11:42,2024-12-09T12:13:27.833602,2024-12-09T12:33:56.265152,CLOSED,,ENDPOINT-07,False
ALT-CSE-07-02403,CSE-07,HIGH,2024-10-19T08:20:44,2024-10-19T08:21:54.414035,2024-10-19T08:42:30.419462,CLOSED,,FIREWALL-07,False
ALT-CSE-07-02404,CSE-07,HIGH,2024-11-22T23:23:29,2024-11-22T23:24:15.913940,2024-11-22T23:38:32.686149,CLOSED,,DB-SERVER-07,False
ALT-CSE-07-02405,CSE-07,HIGH,2024-10-17T18:52:32,2024-10-17T18:53:27.129982,2024-10-17T19:08:28.610821,CLOSED,,DB-SERVER-07,False
ALT-CSE-07-02406,CSE-07,MEDIUM,2024-11-20T02:21:19,2024-11-20T02:21:53.914274,2024-11-20T02:48:23.983863,CLOSED,,FIREWALL-07,False
ALT-CSE-07-02407,CSE-07,LOW,2024-12-17T11:17:58,2024-12-17T11:19:40.500520,2024-12-17T11:47:59.634027,CLOSED,,FIREWALL-07,False
ALT-CSE-07-02408,CSE-07,HIGH,2024-11-09T03:27:04,2024-11-09T03:27:46.670327,2024-11-09T03:45:54.001299,CLOSED,,DB-SERVER-07,False
ALT-CSE-07-02409,CSE-07,LOW,2024-12-11T17:11:14,2024-12-11T17:12:39.894061,2024-12-11T17:22:32.991671,CLOSED,CAS-CSE-07-0839,DB-SERVER-07,False
ALT-CSE-07-02410,CSE-07,HIGH,2024-10-25T01:13:44,2024-10-25T01:15:04.552163,2024-10-25T01:31:34.539200,CLOSED,,DB-SERVER-07,False
ALT-CSE-07-02411,CSE-07,LOW,2024-12-05T23:10:46,2024-12-05T23:12:29.240420,2024-12-05T23:26:14.216693,CLOSED,,FIREWALL-07,False
ALT-CSE-07-02412,CSE-07,MEDIUM,2024-11-14T02:53:18,2024-11-14T02:53:51.509086,2024-11-14T03:11:37.017996,CLOSED,,DB-SERVER-07,False
ALT-CSE-07-02413,CSE-07,HIGH,2024-10-30T08:22:32,2024-10-30T08:23:20.505530,2024-10-30T08:33:35.110708,CLOSED,,WEB-SERVER-07,False
ALT-CSE-07-02414,CSE-07,LOW,2024-12-03T10:01:10,2024-12-03T10:01:57.367564,2024-12-03T10:23:42.418942,CLOSED,,FIREWALL-07,False
ALT-CSE-07-02415,CSE-07,MEDIUM,2024-10-14T13:18:11,2024-10-14T13:18:42.881398,2024-10-14T13:41:23.974240,CLOSED,,FIREWALL-07,False
ALT-CSE-07-02416,CSE-07,HIGH,2024-10-23T23:09:14,2024-10-23T23:10:43.040473,2024-10-23T23:40:34.341798,CLOSED,,WEB-SERVER-07,False
ALT-CSE-07-02417,CSE-07,MEDIUM,2024-10-12T17:02:15,2024-10-12T17:04:13.052509,2024-10-12T17:22:18.704240,CLOSED,,DB-SERVER-07,False
ALT-CSE-07-02418,CSE-07,HIGH,2024-12-24T08:39:38,2024-12-24T08:41:12.880823,2024-12-24T09:08:36.071868,CLOSED,,DB-SERVER-07,False
ALT-CSE-07-02419,CSE-07,LOW,2024-12-15T14:05:58,2024-12-15T14:07:13.420574,2024-12-15T14:29:34.655929,CLOSED,,ENDPOINT-07,False
ALT-CSE-07-02420,CSE-07,MEDIUM,2024-11-30T07:23:13,2024-11-30T07:24:17.993534,2024-11-30T07:47:56.499028,CLOSED,,FIREWALL-07,False
ALT-CSE-07-02421,CSE-07,HIGH,2024-11-18T07:02:50,2024-11-18T07:03:42.162084,2024-11-18T07:26:15.405392,CLOSED,,WEB-SERVER-07,False
ALT-CSE-07-02422,CSE-07,MEDIUM,2024-11-13T21:11:59,2024-11-13T21:13:32.163352,2024-11-13T21:31:19.010053,CLOSED,,WEB-SERVER-07,False
ALT-CSE-07-02423,CSE-07,HIGH,2024-12-20T21:27:41,2024-12-20T21:29:35.142809,2024-12-20T21:47:03.876045,CLOSED,,DB-SERVER-07,False
ALT-CSE-07-02424,CSE-07,LOW,2024-11-27T07:39:22,2024-11-27T07:40:39.837313,2024-11-27T07:59:45.850812,CLOSED,,FIREWALL-07,False
ALT-CSE-07-02425,CSE-07,LOW,2024-11-04T22:35:29,2024-11-04T22:36:44.623671,2024-11-04T22:54:43.522283,CLOSED,,WEB-SERVER-07,False
ALT-CSE-07-02426,CSE-07,LOW,2024-12-11T16:11:04,2024-12-11T16:12:48.308953,2024-12-11T16:30:08.677732,CLOSED,,FIREWALL-07,False
ALT-CSE-07-02427,CSE-07,HIGH,2024-10-21T12:53:23,2024-10-21T12:55:17.866512,2024-10-21T13:19:02.492844,CLOSED,,FIREWALL-07,False
ALT-CSE-07-02428,CSE-07,LOW,2024-12-22T13:49:04,2024-12-22T13:50:11.311950,2024-12-22T14:18:01.057899,CLOSED,CAS-CSE-07-0840,FIREWALL-07,False
ALT-CSE-07-02429,CSE-07,HIGH,2024-11-05T00:03:10,2024-11-05T00:03:48.802492,2024-11-05T00:24:44.897003,CLOSED,,DB-SERVER-07,False
ALT-CSE-07-02430,CSE-07,HIGH,2024-11-11T15:12:38,2024-11-11T15:14:27.596410,2024-11-11T15:32:32.746555,CLOSED,,DB-SERVER-07,False
ALT-CSE-07-02431,CSE-07,HIGH,2024-11-07T14:29:40,2024-11-07T14:31:24.034860,2024-11-07T14:56:46.807255,CLOSED,,FIREWALL-07,False
ALT-CSE-07-02432,CSE-07,MEDIUM,2024-11-22T06:33:42,2024-11-22T06:34:28.565767,2024-11-22T07:00:10.190865,CLOSED,,WEB-SERVER-07,False
ALT-CSE-07-02433,CSE-07,LOW,2024-10-06T02:32:54,2024-10-06T02:34:32.949831,2024-10-06T02:54:24.602420,CLOSED,,FIREWALL-07,False
ALT-CSE-07-02434,CSE-07,MEDIUM,2024-12-16T23:43:25,2024-12-16T23:44:56.880328,2024-12-17T00:06:31.656851,CLOSED,,WEB-SERVER-07,False
ALT-CSE-07-02435,CSE-07,MEDIUM,2024-12-06T11:23:25,2024-12-06T11:25:17.268233,2024-12-06T11:37:02.263532,CLOSED,,FIREWALL-07,False
ALT-CSE-07-02436,CSE-07,HIGH,2024-12-12T07:07:32,2024-12-12T07:09:20.963770,2024-12-12T07:33:49.018406,CLOSED,,ENDPOINT-07,False
ALT-CSE-07-02437,CSE-07,MEDIUM,2024-12-09T21:32:30,2024-12-09T21:33:38.669623,2024-12-09T21:53:00.805191,CLOSED,,ENDPOINT-07,False
ALT-CSE-07-02438,CSE-07,MEDIUM,2024-12-06T10:13:55,2024-12-06T10:14:34.434042,2024-12-06T10:37:12.088139,CLOSED,,WEB-SERVER-07,False
ALT-CSE-07-02439,CSE-07,LOW,2024-12-29T03:38:24,2024-12-29T03:40:15.318886,2024-12-29T03:55:27.084045,CLOSED,CAS-CSE-07-0841,FIREWALL-07,False
ALT-CSE-07-02440,CSE-07,HIGH,2024-10-11T22:29:26,2024-10-11T22:30:31.321728,2024-10-11T22:53:59.257916,CLOSED,,WEB-SERVER-07,False
ALT-CSE-07-02441,CSE-07,LOW,2024-12-09T13:05:11,2024-12-09T13:06:58.176136,2024-12-09T13:27:49.564357,CLOSED,,FIREWALL-07,False
ALT-CSE-07-02442,CSE-07,MEDIUM,2024-10-10T11:13:05,2024-10-10T11:14:30.987479,2024-10-10T11:31:09.650326,CLOSED,,WEB-SERVER-07,False
ALT-CSE-07-02443,CSE-07,MEDIUM,2024-12-12T22:04:14,2024-12-12T22:05:16.645881,2024-12-12T22:30:15.611566,CLOSED,,WEB-SERVER-07,False
ALT-CSE-07-02444,CSE-07,LOW,2024-11-04T13:57:31,2024-11-04T13:58:31.276495,2024-11-04T14:16:23.222125,CLOSED,,ENDPOINT-07,False
ALT-CSE-07-02445,CSE-07,MEDIUM,2024-12-14T05:54:26,2024-12-14T05:55:47.937891,2024-12-14T06:11:56.917474,CLOSED,,FIREWALL-07,False
ALT-CSE-07-02446,CSE-07,HIGH,2024-11-13T23:19:03,2024-11-13T23:20:44.087639,2024-11-13T23:43:27.275648,CLOSED,,WEB-SERVER-07,False
ALT-CSE-07-02447,CSE-07,MEDIUM,2024-11-14T12:25:10,2024-11-14T12:25:56.919140,2024-11-14T12:44:10.391864,CLOSED,,FIREWALL-07,False
ALT-CSE-07-02448,CSE-07,HIGH,2024-11-27T16:32:04,2024-11-27T16:33:06.099704,2024-11-27T16:49:54.994327,CLOSED,,FIREWALL-07,False
ALT-CSE-07-02449,CSE-07,HIGH,2024-10-19T02:43:14,2024-10-19T02:45:00.505303,2024-10-19T02:54:30.169806,CLOSED,,DB-SERVER-07,False
ALT-CSE-07-02450,CSE-07,LOW,2024-11-11T20:12:17,2024-11-11T20:13:38.376389,2024-11-11T20:36:50.512079,CLOSED,CAS-CSE-07-0842,ENDPOINT-07,False
ALT-CSE-07-02451,CSE-07,HIGH,2024-12-12T11:34:51,2024-12-12T11:36:37.474912,2024-12-12T11:52:03.907336,CLOSED,,FIREWALL-07,False
ALT-CSE-07-02452,CSE-07,HIGH,2024-11-27T17:45:03,2024-11-27T17:46:42.042019,2024-11-27T18:02:52.483032,CLOSED,,WEB-SERVER-07,False
ALT-CSE-07-02453,CSE-07,HIGH,2024-10-04T08:19:20,2024-10-04T08:20:24.644999,2024-10-04T08:34:24.035103,CLOSED,,WEB-SERVER-07,False
ALT-CSE-07-02454,CSE-07,HIGH,2024-10-31T18:33:57,2024-10-31T18:35:51.714851,2024-10-31T18:53:58.589905,CLOSED,,DB-SERVER-07,False
ALT-CSE-07-02455,CSE-07,MEDIUM,2024-12-20T02:31:28,2024-12-20T02:33:16.768523,2024-12-20T02:48:01.414201,CLOSED,,WEB-SERVER-07,False
ALT-CSE-07-02456,CSE-07,MEDIUM,2024-12-09T20:39:40,2024-12-09T20:41:24.897235,2024-12-09T20:58:40.636456,CLOSED,,ENDPOINT-07,False
ALT-CSE-07-02457,CSE-07,MEDIUM,2024-10-26T22:13:33,2024-10-26T22:15:05.842453,2024-10-26T22:40:30.709884,CLOSED,,DB-SERVER-07,False
ALT-CSE-07-02458,CSE-07,MEDIUM,2024-11-15T16:03:21,2024-11-15T16:05:11.484853,2024-11-15T16:20:19.305837,CLOSED,,FIREWALL-07,False
ALT-CSE-07-02459,CSE-07,HIGH,2024-12-14T04:33:15,2024-12-14T04:35:10.408269,2024-12-14T04:41:20.593803,CLOSED,,ENDPOINT-07,False
ALT-CSE-07-02460,CSE-07,LOW,2024-10-14T17:48:52,2024-10-14T17:49:48.891543,2024-10-14T18:10:22.317695,CLOSED,,DB-SERVER-07,False
ALT-CSE-07-02461,CSE-07,HIGH,2024-12-05T23:43:23,2024-12-05T23:44:41.164356,2024-12-06T00:04:53.351019,CLOSED,,FIREWALL-07,False
ALT-CSE-07-02462,CSE-07,MEDIUM,2024-12-22T05:12:06,2024-12-22T05:12:43.524993,2024-12-22T05:36:09.714953,CLOSED,,DB-SERVER-07,False
ALT-CSE-07-02463,CSE-07,HIGH,2024-12-02T00:07:28,2024-12-02T00:09:09.576770,2024-12-02T00:24:25.074298,CLOSED,,ENDPOINT-07,False
ALT-CSE-07-02464,CSE-07,LOW,2024-12-17T15:57:22,2024-12-17T15:58:51.884913,2024-12-17T16:16:48.928386,CLOSED,,FIREWALL-07,False
ALT-CSE-07-02465,CSE-07,MEDIUM,2024-11-03T22:47:14,2024-11-03T22:48:27.369765,2024-11-03T23:04:28.062797,CLOSED,,WEB-SERVER-07,False
ALT-CSE-07-02466,CSE-07,LOW,2024-10-02T22:47:51,2024-10-02T22:49:38.441171,2024-10-02T23:05:58.592746,CLOSED,,ENDPOINT-07,False
ALT-CSE-07-02467,CSE-07,HIGH,2024-12-14T02:47:51,2024-12-14T02:48:46.146813,2024-12-14T03:08:27.096750,CLOSED,,FIREWALL-07,False
ALT-CSE-07-02468,CSE-07,MEDIUM,2024-10-27T19:06:40,2024-10-27T19:07:39.374249,2024-10-27T19:32:32.973650,CLOSED,,DB-SERVER-07,False
ALT-CSE-07-02469,CSE-07,HIGH,2024-10-16T18:39:31,2024-10-16T18:40:27.655914,2024-10-16T19:09:23.412111,CLOSED,,FIREWALL-07,False
ALT-CSE-07-02470,CSE-07,MEDIUM,2024-11-28T15:10:45,2024-11-28T15:11:24.248262,2024-11-28T15:26:41.649236,CLOSED,,WEB-SERVER-07,False
ALT-CSE-07-02471,CSE-07,LOW,2024-12-11T11:32:09,2024-12-11T11:33:22.835591,2024-12-11T11:47:18.640527,CLOSED,,FIREWALL-07,False
ALT-CSE-07-02472,CSE-07,LOW,2024-12-24T11:19:11,2024-12-24T11:19:42.238768,2024-12-24T11:36:14.758771,CLOSED,,FIREWALL-07,False
ALT-CSE-07-02473,CSE-07,HIGH,2024-11-01T19:11:04,2024-11-01T19:12:18.408411,2024-11-01T19:28:40.206426,CLOSED,,FIREWALL-07,False
ALT-CSE-07-02474,CSE-07,MEDIUM,2024-11-17T13:24:07,2024-11-17T13:25:29.193660,2024-11-17T13:50:23.287967,CLOSED,,DB-SERVER-07,False
ALT-CSE-07-02475,CSE-07,MEDIUM,2024-11-01T09:46:24,2024-11-01T09:48:18.094274,2024-11-01T10:02:17.001403,CLOSED,,DB-SERVER-07,False
ALT-CSE-07-02476,CSE-07,HIGH,2024-10-09T07:19:16,2024-10-09T07:21:02.323934,2024-10-09T07:36:06.547763,CLOSED,,ENDPOINT-07,False
ALT-CSE-07-02477,CSE-07,MEDIUM,2024-11-10T04:50:59,2024-11-10T04:52:06.161046,2024-11-10T05:09:58.343396,CLOSED,,FIREWALL-07,False
ALT-CSE-07-02478,CSE-07,HIGH,2024-11-10T10:27:04,2024-11-10T10:27:41.700113,2024-11-10T10:50:59.052902,CLOSED,,DB-SERVER-07,False
ALT-CSE-07-02479,CSE-07,LOW,2024-10-16T16:34:40,2024-10-16T16:36:32.400392,2024-10-16T16:49:03.257624,CLOSED,,WEB-SERVER-07,False
ALT-CSE-07-02480,CSE-07,LOW,2024-12-07T11:39:32,2024-12-07T11:41:07.201164,2024-12-07T12:00:54.914249,CLOSED,,FIREWALL-07,False
ALT-CSE-07-02481,CSE-07,MEDIUM,2024-10-21T18:15:05,2024-10-21T18:16:15.600338,2024-10-21T18:30:31.103731,CLOSED,,FIREWALL-07,False
ALT-CSE-07-02482,CSE-07,HIGH,2024-12-12T05:13:21,2024-12-12T05:15:02.422613,2024-12-12T05:28:49.536548,CLOSED,,FIREWALL-07,False
ALT-CSE-07-02483,CSE-07,LOW,2024-12-22T21:07:02,2024-12-22T21:07:47.168468,2024-12-22T21:21:48.052610,CLOSED,,WEB-SERVER-07,False
ALT-CSE-07-02484,CSE-07,LOW,2024-10-06T11:44:59,2024-10-06T11:46:33.873815,2024-10-06T12:02:59.784474,CLOSED,,FIREWALL-07,False
ALT-CSE-07-02485,CSE-07,HIGH,2024-10-16T23:46:07,2024-10-16T23:47:27.620083,2024-10-17T00:06:17.248779,CLOSED,,ENDPOINT-07,False
ALT-CSE-07-02486,CSE-07,LOW,2024-12-06T00:49:35,2024-12-06T00:50:53.054254,2024-12-06T01:13:03.198741,CLOSED,,DB-SERVER-07,False
ALT-CSE-07-02487,CSE-07,LOW,2024-11-09T15:34:17,2024-11-09T15:35:17.959051,2024-11-09T15:50:04.683179,CLOSED,,DB-SERVER-07,False
ALT-CSE-07-02488,CSE-07,LOW,2024-12-10T21:00:00,2024-12-10T21:00:58.151622,2024-12-10T21:18:24.548982,CLOSED,,ENDPOINT-07,False
ALT-CSE-07-02489,CSE-07,MEDIUM,2024-11-26T20:32:02,2024-11-26T20:33:15.036411,2024-11-26T20:50:33.265083,CLOSED,,FIREWALL-07,False
ALT-CSE-07-02490,CSE-07,HIGH,2024-11-01T02:37:10,2024-11-01T02:37:45.728141,2024-11-01T02:58:35.343305,CLOSED,,ENDPOINT-07,False
ALT-CSE-07-02491,CSE-07,MEDIUM,2024-12-12T13:47:06,2024-12-12T13:48:03.886619,2024-12-12T14:09:34.686236,CLOSED,,FIREWALL-07,False
ALT-CSE-07-02492,CSE-07,MEDIUM,2024-10-22T07:05:51,2024-10-22T07:06:47.594775,2024-10-22T07:28:00.847193,CLOSED,,DB-SERVER-07,False
ALT-CSE-07-02493,CSE-07,MEDIUM,2024-10-11T04:44:09,2024-10-11T04:46:03.849930,2024-10-11T04:58:28.691369,CLOSED,,WEB-SERVER-07,False
ALT-CSE-07-02494,CSE-07,HIGH,2024-10-31T06:06:41,2024-10-31T06:08:38.538463,2024-10-31T06:24:19.766154,CLOSED,,ENDPOINT-07,False
ALT-CSE-07-02495,CSE-07,MEDIUM,2024-11-07T05:20:03,2024-11-07T05:21:29.446108,2024-11-07T05:29:18.803960,CLOSED,,DB-SERVER-07,False
ALT-CSE-07-02496,CSE-07,HIGH,2024-10-16T11:23:11,2024-10-16T11:24:34.521169,2024-10-16T11:39:07.196529,CLOSED,,ENDPOINT-07,False
ALT-CSE-07-02497,CSE-07,LOW,2024-12-20T17:22:14,2024-12-20T17:23:17.522869,2024-12-20T17:41:01.218482,CLOSED,,WEB-SERVER-07,False
ALT-CSE-07-02498,CSE-07,MEDIUM,2024-10-14T13:02:56,2024-10-14T13:04:07.262138,2024-10-14T13:20:14.520930,CLOSED,,FIREWALL-07,False
ALT-CSE-07-02499,CSE-07,LOW,2024-11-17T22:45:30,2024-11-17T22:47:24.444575,2024-11-17T23:06:48.418652,CLOSED,,DB-SERVER-07,False
ALT-CSE-07-02500,CSE-07,MEDIUM,2024-10-16T17:05:41,2024-10-16T17:07:18.406942,2024-10-16T17:26:40.633411,CLOSED,,FIREWALL-07,False
ALT-CSE-07-02501,CSE-07,LOW,2024-12-13T18:52:31,2024-12-13T18:54:09.324677,2024-12-13T19:15:19.371000,CLOSED,,WEB-SERVER-07,False
ALT-CSE-07-02502,CSE-07,LOW,2024-12-23T06:45:49,2024-12-23T06:46:42.042244,2024-12-23T06:57:54.720814,CLOSED,,ENDPOINT-07,False
ALT-CSE-07-02503,CSE-07,LOW,2024-11-20T04:53:25,2024-11-20T04:53:55.710437,2024-11-20T05:18:20.835461,CLOSED,,ENDPOINT-07,False
ALT-CSE-07-02504,CSE-07,LOW,2024-12-19T17:07:00,2024-12-19T17:07:45.554718,2024-12-19T17:24:16.096466,CLOSED,,FIREWALL-07,False
ALT-CSE-07-02505,CSE-07,LOW,2024-12-19T11:44:11,2024-12-19T11:45:38.853025,2024-12-19T12:04:07.189377,CLOSED,,FIREWALL-07,False
ALT-CSE-07-02506,CSE-07,HIGH,2024-10-17T21:40:03,2024-10-17T21:41:35.995083,2024-10-17T22:00:40.230500,CLOSED,CAS-CSE-07-0843,WEB-SERVER-07,False
ALT-CSE-07-02507,CSE-07,HIGH,2024-11-12T02:17:40,2024-11-12T02:18:43.574362,2024-11-12T02:44:52.909790,CLOSED,,FIREWALL-07,False
ALT-CSE-07-02508,CSE-07,HIGH,2024-12-15T11:00:45,2024-12-15T11:02:29.635947,2024-12-15T11:23:54.355733,CLOSED,,DB-SERVER-07,False
ALT-CSE-07-02509,CSE-07,MEDIUM,2024-10-30T12:29:48,2024-10-30T12:30:43.400821,2024-10-30T12:46:47.962668,CLOSED,,ENDPOINT-07,False
ALT-CSE-07-02510,CSE-07,LOW,2024-12-10T03:43:58,2024-12-10T03:44:35.550948,2024-12-10T04:00:44.502420,CLOSED,,WEB-SERVER-07,False
ALT-CSE-07-02511,CSE-07,MEDIUM,2024-12-13T06:03:36,2024-12-13T06:05:19.620124,2024-12-13T06:27:01.899870,CLOSED,,ENDPOINT-07,False
ALT-CSE-07-02512,CSE-07,LOW,2024-11-15T04:13:47,2024-11-15T04:15:32.811475,2024-11-15T04:32:40.048313,CLOSED,,FIREWALL-07,False
ALT-CSE-07-02513,CSE-07,LOW,2024-10-08T02:30:36,2024-10-08T02:31:57.233132,2024-10-08T02:54:27.931684,CLOSED,,ENDPOINT-07,False
ALT-CSE-07-02514,CSE-07,HIGH,2024-10-05T05:09:56,2024-10-05T05:10:55.605269,2024-10-05T05:33:11.767892,CLOSED,,DB-SERVER-07,False
ALT-CSE-07-02515,CSE-07,MEDIUM,2024-10-21T02:47:06,2024-10-21T02:47:59.541831,2024-10-21T03:14:47.828070,CLOSED,,ENDPOINT-07,False
ALT-CSE-07-02516,CSE-07,MEDIUM,2024-12-03T20:20:26,2024-12-03T20:22:07.305387,2024-12-03T20:38:04.627120,CLOSED,,FIREWALL-07,False
ALT-CSE-07-02517,CSE-07,MEDIUM,2024-12-29T22:11:56,2024-12-29T22:13:38.693951,2024-12-29T22:39:26.879199,CLOSED,,FIREWALL-07,False
ALT-CSE-07-02518,CSE-07,MEDIUM,2024-10-30T08:46:23,2024-10-30T08:47:05.864776,2024-10-30T09:05:51.358234,CLOSED,,DB-SERVER-07,False
ALT-CSE-07-02519,CSE-07,HIGH,2024-11-28T14:40:55,2024-11-28T14:41:35.205695,2024-11-28T15:07:57.354789,CLOSED,,WEB-SERVER-07,False
ALT-CSE-07-02520,CSE-07,LOW,2024-10-01T07:01:00,2024-10-01T07:02:31.618376,2024-10-01T07:18:42.989879,CLOSED,CAS-CSE-07-0844,FIREWALL-07,False
ALT-CSE-07-02521,CSE-07,LOW,2024-11-14T01:03:12,2024-11-14T01:05:09.316724,2024-11-14T01:22:52.096956,CLOSED,,ENDPOINT-07,False
ALT-CSE-07-02522,CSE-07,HIGH,2024-11-27T00:22:29,2024-11-27T00:24:17.771910,2024-11-27T00:38:03.083230,CLOSED,,ENDPOINT-07,False
ALT-CSE-07-02523,CSE-07,HIGH,2024-11-26T17:30:03,2024-11-26T17:30:48.153025,2024-11-26T18:04:41.382714,CLOSED,,DB-SERVER-07,False
ALT-CSE-07-02524,CSE-07,MEDIUM,2024-11-18T08:16:21,2024-11-18T08:17:51.933222,2024-11-18T08:38:16.683933,CLOSED,,ENDPOINT-07,False
ALT-CSE-07-02525,CSE-07,MEDIUM,2024-10-11T02:17:20,2024-10-11T02:18:50.689655,2024-10-11T02:36:30.243499,CLOSED,,FIREWALL-07,False
ALT-CSE-07-02526,CSE-07,HIGH,2024-12-10T12:32:11,2024-12-10T12:33:51.102742,2024-12-10T12:50:26.853472,CLOSED,,DB-SERVER-07,False
ALT-CSE-07-02527,CSE-07,HIGH,2024-12-06T06:24:31,2024-12-06T06:26:28.213787,2024-12-06T06:43:53.491617,CLOSED,,ENDPOINT-07,False
ALT-CSE-07-02528,CSE-07,HIGH,2024-11-12T21:49:05,2024-11-12T21:49:37.549084,2024-11-12T22:20:29.836037,CLOSED,,FIREWALL-07,False
ALT-CSE-07-02529,CSE-07,LOW,2024-11-04T01:51:02,2024-11-04T01:52:39.101665,2024-11-04T02:15:31.482654,CLOSED,,ENDPOINT-07,False
ALT-CSE-07-02530,CSE-07,LOW,2024-12-28T02:38:22,2024-12-28T02:39:13.555378,2024-12-28T02:58:05.918463,CLOSED,,FIREWALL-07,False
ALT-CSE-07-02531,CSE-07,HIGH,2024-12-14T00:17:13,2024-12-14T00:18:04.480886,2024-12-14T00:28:47.760045,CLOSED,,ENDPOINT-07,False
ALT-CSE-07-02532,CSE-07,MEDIUM,2024-10-02T23:43:02,2024-10-02T23:44:12.966216,2024-10-02T23:55:59.432027,CLOSED,,WEB-SERVER-07,False
ALT-CSE-07-02533,CSE-07,HIGH,2024-11-07T17:28:01,2024-11-07T17:28:54.079338,2024-11-07T17:47:17.556798,CLOSED,,DB-SERVER-07,False
ALT-CSE-07-02534,CSE-07,HIGH,2024-10-21T03:08:00,2024-10-21T03:09:44.205789,2024-10-21T03:33:10.306125,CLOSED,,DB-SERVER-07,False
ALT-CSE-07-02535,CSE-07,MEDIUM,2024-12-04T01:57:18,2024-12-04T01:57:56.830800,2024-12-04T02:18:29.072890,CLOSED,,DB-SERVER-07,False
ALT-CSE-07-02536,CSE-07,LOW,2024-10-11T04:10:57,2024-10-11T04:12:37.171830,2024-10-11T04:37:51.647072,CLOSED,,ENDPOINT-07,False
ALT-CSE-07-02537,CSE-07,LOW,2024-12-04T04:11:51,2024-12-04T04:12:37.842498,2024-12-04T04:26:13.210104,CLOSED,,DB-SERVER-07,False
ALT-CSE-07-02538,CSE-07,LOW,2024-10-30T15:03:18,2024-10-30T15:05:14.371650,2024-10-30T15:23:26.987824,CLOSED,,ENDPOINT-07,False
ALT-CSE-07-02539,CSE-07,HIGH,2024-11-21T04:05:13,2024-11-21T04:05:56.155124,2024-11-21T04:27:22.563174,CLOSED,,FIREWALL-07,False
ALT-CSE-07-02540,CSE-07,LOW,2024-11-22T06:10:35,2024-11-22T06:11:17.736392,2024-11-22T06:32:13.702960,CLOSED,,ENDPOINT-07,False
ALT-CSE-07-02541,CSE-07,LOW,2024-11-24T06:31:47,2024-11-24T06:33:13.292171,2024-11-24T06:48:13.960698,CLOSED,,FIREWALL-07,False
ALT-CSE-07-02542,CSE-07,LOW,2024-12-10T02:23:26,2024-12-10T02:23:57.303022,2024-12-10T02:47:36.256906,CLOSED,,ENDPOINT-07,False
ALT-CSE-07-02543,CSE-07,LOW,2024-10-21T22:14:41,2024-10-21T22:15:53.215078,2024-10-21T22:27:32.073128,CLOSED,,WEB-SERVER-07,False
ALT-CSE-07-02544,CSE-07,LOW,2024-10-23T00:30:19,2024-10-23T00:31:49.085753,2024-10-23T00:46:41.943736,CLOSED,,ENDPOINT-07,False
ALT-CSE-07-02545,CSE-07,MEDIUM,2024-11-23T13:50:05,2024-11-23T13:51:56.522982,2024-11-23T14:06:26.143740,CLOSED,,WEB-SERVER-07,False
ALT-CSE-07-02546,CSE-07,MEDIUM,2024-10-29T09:13:37,2024-10-29T09:14:31.339208,2024-10-29T09:26:36.472074,CLOSED,,ENDPOINT-07,False
ALT-CSE-07-02547,CSE-07,MEDIUM,2024-10-30T07:12:54,2024-10-30T07:13:49.533927,2024-10-30T07:28:40.504941,CLOSED,,WEB-SERVER-07,False
ALT-CSE-07-02548,CSE-07,LOW,2024-11-17T21:24:25,2024-11-17T21:25:47.350855,2024-11-17T21:35:47.714474,CLOSED,,WEB-SERVER-07,False
ALT-CSE-07-02549,CSE-07,LOW,2024-10-16T15:02:34,2024-10-16T15:03:19.678335,2024-10-16T15:19:40.136182,CLOSED,,ENDPOINT-07,False
ALT-CSE-07-02550,CSE-07,LOW,2024-10-14T17:24:09,2024-10-14T17:25:39.258541,2024-10-14T17:36:47.243626,CLOSED,,ENDPOINT-07,False
ALT-CSE-07-02551,CSE-07,MEDIUM,2024-12-07T06:37:15,2024-12-07T06:38:53.507256,2024-12-07T06:57:35.195197,CLOSED,,DB-SERVER-07,False
ALT-CSE-07-02552,CSE-07,MEDIUM,2024-12-08T07:41:25,2024-12-08T07:43:11.529929,2024-12-08T08:01:59.077546,CLOSED,,FIREWALL-07,False
ALT-CSE-07-02553,CSE-07,MEDIUM,2024-12-14T21:21:40,2024-12-14T21:22:10.733041,2024-12-14T21:36:13.037727,CLOSED,,FIREWALL-07,False
ALT-CSE-07-02554,CSE-07,MEDIUM,2024-12-11T10:55:40,2024-12-11T10:56:21.594762,2024-12-11T11:21:14.567642,CLOSED,,ENDPOINT-07,False
ALT-CSE-07-02555,CSE-07,HIGH,2024-11-23T20:42:57,2024-11-23T20:44:38.461566,2024-11-23T21:03:54.762813,CLOSED,,ENDPOINT-07,False
ALT-CSE-07-02556,CSE-07,LOW,2024-12-16T06:08:20,2024-12-16T06:09:01.896243,2024-12-16T06:27:48.711864,CLOSED,,ENDPOINT-07,False
ALT-CSE-07-02557,CSE-07,HIGH,2024-10-03T21:20:54,2024-10-03T21:22:09.013598,2024-10-03T21:46:17.184681,CLOSED,,DB-SERVER-07,False
ALT-CSE-07-02558,CSE-07,HIGH,2024-11-20T15:40:28,2024-11-20T15:41:56.344533,2024-11-20T15:54:05.032467,CLOSED,,WEB-SERVER-07,False
ALT-CSE-07-02559,CSE-07,MEDIUM,2024-10-27T04:45:46,2024-10-27T04:47:41.183250,2024-10-27T05:13:54.867870,CLOSED,,FIREWALL-07,False
ALT-CSE-07-02560,CSE-07,LOW,2024-10-16T01:05:11,2024-10-16T01:06:54.346604,2024-10-16T01:28:03.619960,CLOSED,,WEB-SERVER-07,False
ALT-CSE-07-02561,CSE-07,LOW,2024-11-08T13:33:27,2024-11-08T13:34:35.165370,2024-11-08T14:00:49.767023,CLOSED,,WEB-SERVER-07,False
ALT-CSE-07-02562,CSE-07,HIGH,2024-11-30T01:47:54,2024-11-30T01:48:56.340712,2024-11-30T02:03:37.934450,CLOSED,,ENDPOINT-07,False
ALT-CSE-07-02563,CSE-07,LOW,2024-11-19T03:54:58,2024-11-19T03:56:13.841949,2024-11-19T04:08:29.948725,CLOSED,,ENDPOINT-07,False
ALT-CSE-07-02564,CSE-07,LOW,2024-12-28T14:55:59,2024-12-28T14:57:30.400006,2024-12-28T15:15:59.997050,CLOSED,,FIREWALL-07,False
ALT-CSE-07-02565,CSE-07,LOW,2024-11-30T16:10:59,2024-11-30T16:11:29.533055,2024-11-30T16:24:24.574688,CLOSED,,DB-SERVER-07,False
ALT-CSE-07-02566,CSE-07,LOW,2024-10-27T17:26:59,2024-10-27T17:28:17.005150,2024-10-27T17:52:05.429338,CLOSED,,ENDPOINT-07,False
ALT-CSE-07-02567,CSE-07,LOW,2024-10-24T19:28:48,2024-10-24T19:30:18.446140,2024-10-24T19:52:49.462966,CLOSED,,FIREWALL-07,False
ALT-CSE-07-02568,CSE-07,MEDIUM,2024-10-18T19:06:06,2024-10-18T19:07:02.297763,2024-10-18T19:23:45.898868,CLOSED,,ENDPOINT-07,False
ALT-CSE-07-02569,CSE-07,LOW,2024-10-30T18:57:20,2024-10-30T18:58:48.812149,2024-10-30T19:24:12.038644,CLOSED,,FIREWALL-07,False
ALT-CSE-07-02570,CSE-07,HIGH,2024-10-27T14:03:30,2024-10-27T14:04:54.674436,2024-10-27T14:20:12.633676,CLOSED,,WEB-SERVER-07,False
ALT-CSE-07-02571,CSE-07,MEDIUM,2024-11-12T20:01:38,2024-11-12T20:03:09.384107,2024-11-12T20:21:24.280912,CLOSED,,FIREWALL-07,False
ALT-CSE-07-02572,CSE-07,LOW,2024-11-08T00:40:41,2024-11-08T00:42:05.189913,2024-11-08T01:07:12.103899,CLOSED,,ENDPOINT-07,False
ALT-CSE-07-02573,CSE-07,MEDIUM,2024-10-02T21:45:37,2024-10-02T21:46:12.577762,2024-10-02T22:02:43.621831,CLOSED,,ENDPOINT-07,False
ALT-CSE-07-02574,CSE-07,LOW,2024-10-05T17:50:41,2024-10-05T17:51:55.038652,2024-10-05T18:06:40.355330,CLOSED,,WEB-SERVER-07,False
ALT-CSE-07-02575,CSE-07,MEDIUM,2024-10-21T17:30:17,2024-10-21T17:31:51.096358,2024-10-21T17:46:11.131127,CLOSED,,WEB-SERVER-07,False
ALT-CSE-07-02576,CSE-07,LOW,2024-11-29T23:46:45,2024-11-29T23:48:03.614104,2024-11-30T00:06:06.318603,CLOSED,,WEB-SERVER-07,False
ALT-CSE-07-02577,CSE-07,HIGH,2024-10-10T07:26:59,2024-10-10T07:28:02.808760,2024-10-10T07:48:05.671029,CLOSED,,FIREWALL-07,False
ALT-CSE-07-02578,CSE-07,HIGH,2024-12-02T01:32:02,2024-12-02T01:33:55.696543,2024-12-02T01:55:23.658279,CLOSED,,DB-SERVER-07,False
ALT-CSE-07-02579,CSE-07,HIGH,2024-11-05T17:20:24,2024-11-05T17:21:52.849844,2024-11-05T17:32:59.539225,CLOSED,,ENDPOINT-07,False
ALT-CSE-07-02580,CSE-07,MEDIUM,2024-11-11T12:46:20,2024-11-11T12:47:17.924657,2024-11-11T13:08:39.416776,CLOSED,,DB-SERVER-07,False
ALT-CSE-07-02581,CSE-07,HIGH,2024-11-06T16:10:35,2024-11-06T16:11:08.573496,2024-11-06T16:26:13.679805,CLOSED,,FIREWALL-07,False
ALT-CSE-07-02582,CSE-07,HIGH,2024-11-12T08:43:00,2024-11-12T08:43:46.927031,2024-11-12T09:00:59.453388,CLOSED,,WEB-SERVER-07,False
ALT-CSE-07-02583,CSE-07,MEDIUM,2024-12-24T22:03:44,2024-12-24T22:05:30.081216,2024-12-24T22:20:31.709517,CLOSED,,WEB-SERVER-07,False
ALT-CSE-07-02584,CSE-07,HIGH,2024-11-10T10:24:16,2024-11-10T10:25:58.307177,2024-11-10T10:37:36.181581,CLOSED,,WEB-SERVER-07,False
ALT-CSE-07-02585,CSE-07,MEDIUM,2024-11-13T12:08:17,2024-11-13T12:09:54.671941,2024-11-13T12:25:44.199988,CLOSED,,WEB-SERVER-07,False
ALT-CSE-07-02586,CSE-07,MEDIUM,2024-10-20T21:21:40,2024-10-20T21:23:15.321102,2024-10-20T21:54:35.895596,CLOSED,,DB-SERVER-07,False
ALT-CSE-07-02587,CSE-07,HIGH,2024-11-12T13:30:44,2024-11-12T13:32:43.048179,2024-11-12T13:55:56.949677,CLOSED,,WEB-SERVER-07,False
ALT-CSE-07-02588,CSE-07,MEDIUM,2024-10-27T10:52:13,2024-10-27T10:53:47.044741,2024-10-27T11:06:09.013270,CLOSED,,ENDPOINT-07,False
ALT-CSE-07-02589,CSE-07,LOW,2024-11-05T06:51:48,2024-11-05T06:53:39.717900,2024-11-05T07:09:48.992830,CLOSED,,DB-SERVER-07,False
ALT-CSE-07-02590,CSE-07,HIGH,2024-10-06T11:48:59,2024-10-06T11:50:42.305845,2024-10-06T12:15:30.734101,CLOSED,,ENDPOINT-07,False
ALT-CSE-07-02591,CSE-07,MEDIUM,2024-10-17T01:40:03,2024-10-17T01:40:42.823207,2024-10-17T01:56:30.230049,CLOSED,,FIREWALL-07,False
ALT-CSE-07-02592,CSE-07,MEDIUM,2024-12-21T11:46:22,2024-12-21T11:48:09.954031,2024-12-21T12:14:16.965915,CLOSED,,WEB-SERVER-07,False
ALT-CSE-07-02593,CSE-07,LOW,2024-11-17T18:12:55,2024-11-17T18:14:16.584605,2024-11-17T18:24:04.106144,CLOSED,,DB-SERVER-07,False
ALT-CSE-07-02594,CSE-07,LOW,2024-10-06T10:54:41,2024-10-06T10:55:44.215174,2024-10-06T11:23:48.809287,CLOSED,,DB-SERVER-07,False
ALT-CSE-07-02595,CSE-07,MEDIUM,2024-10-22T05:01:46,2024-10-22T05:03:09.886751,2024-10-22T05:18:54.815777,CLOSED,,FIREWALL-07,False
ALT-CSE-07-02596,CSE-07,MEDIUM,2024-10-23T04:00:31,2024-10-23T04:02:07.370373,2024-10-23T04:21:02.219916,CLOSED,,WEB-SERVER-07,False
ALT-CSE-07-02597,CSE-07,HIGH,2024-12-25T06:37:56,2024-12-25T06:39:18.152308,2024-12-25T07:01:15.298980,CLOSED,,ENDPOINT-07,False
ALT-CSE-07-02598,CSE-07,MEDIUM,2024-10-15T14:38:35,2024-10-15T14:40:29.945653,2024-10-15T15:06:11.828711,CLOSED,,ENDPOINT-07,False
ALT-CSE-07-02599,CSE-07,HIGH,2024-11-26T17:43:29,2024-11-26T17:44:41.823694,2024-11-26T18:00:57.394046,CLOSED,,FIREWALL-07,False
ALT-CSE-07-02600,CSE-07,HIGH,2024-10-29T23:07:14,2024-10-29T23:08:41.835438,2024-10-29T23:32:47.563335,CLOSED,,WEB-SERVER-07,False
ALT-CSE-07-02601,CSE-07,HIGH,2024-10-19T09:07:38,2024-10-19T09:08:47.102089,2024-10-19T09:23:03.220747,CLOSED,,WEB-SERVER-07,False
ALT-CSE-07-02602,CSE-07,LOW,2024-12-15T05:48:07,2024-12-15T05:48:55.642112,2024-12-15T06:09:40.324366,CLOSED,,WEB-SERVER-07,False
ALT-CSE-07-02603,CSE-07,MEDIUM,2024-10-27T21:27:16,2024-10-27T21:29:09.591294,2024-10-27T21:45:56.861579,CLOSED,,DB-SERVER-07,False
ALT-CSE-07-02604,CSE-07,MEDIUM,2024-12-07T19:04:22,2024-12-07T19:06:17.311938,2024-12-07T19:22:03.548859,CLOSED,,WEB-SERVER-07,False
ALT-CSE-07-02605,CSE-07,LOW,2024-10-30T01:05:37,2024-10-30T01:06:33.505586,2024-10-30T01:23:30.263802,CLOSED,,WEB-SERVER-07,False
ALT-CSE-07-02606,CSE-07,HIGH,2024-12-04T21:57:21,2024-12-04T21:57:57.172101,2024-12-04T22:18:59.987498,CLOSED,,FIREWALL-07,False
ALT-CSE-07-02607,CSE-07,HIGH,2024-10-17T02:28:08,2024-10-17T02:29:12.852985,2024-10-17T02:49:35.740040,CLOSED,,WEB-SERVER-07,False
ALT-CSE-07-02608,CSE-07,LOW,2024-11-24T07:25:57,2024-11-24T07:27:09.362168,2024-11-24T07:40:38.370787,CLOSED,,ENDPOINT-07,False
ALT-CSE-07-02609,CSE-07,HIGH,2024-11-10T01:20:52,2024-11-10T01:22:08.698431,2024-11-10T01:38:11.738614,CLOSED,,ENDPOINT-07,False
ALT-CSE-07-02610,CSE-07,HIGH,2024-10-05T08:37:41,2024-10-05T08:38:39.629041,2024-10-05T09:05:20.458783,CLOSED,,DB-SERVER-07,False
ALT-CSE-07-02611,CSE-07,MEDIUM,2024-10-19T23:00:47,2024-10-19T23:02:39.635834,2024-10-19T23:17:14.972238,CLOSED,,FIREWALL-07,False
ALT-CSE-07-02612,CSE-07,MEDIUM,2024-10-12T07:13:09,2024-10-12T07:14:38.934843,2024-10-12T07:34:53.206442,CLOSED,CAS-CSE-07-0845,ENDPOINT-07,False
ALT-CSE-07-02613,CSE-07,HIGH,2024-10-03T16:13:54,2024-10-03T16:14:42.048606,2024-10-03T16:31:01.590941,CLOSED,,WEB-SERVER-07,False
ALT-CSE-07-02614,CSE-07,HIGH,2024-10-17T14:56:10,2024-10-17T14:56:48.971399,2024-10-17T15:26:53.454856,CLOSED,,ENDPOINT-07,False
ALT-CSE-07-02615,CSE-07,LOW,2024-12-26T07:26:56,2024-12-26T07:28:08.105238,2024-12-26T07:57:45.088007,CLOSED,,ENDPOINT-07,False
ALT-CSE-07-02616,CSE-07,LOW,2024-12-24T06:05:43,2024-12-24T06:07:31.894440,2024-12-24T06:32:30.763521,CLOSED,,WEB-SERVER-07,False
ALT-CSE-07-02617,CSE-07,HIGH,2024-12-07T01:16:46,2024-12-07T01:18:04.221456,2024-12-07T01:38:47.604319,CLOSED,,FIREWALL-07,False
ALT-CSE-07-02618,CSE-07,MEDIUM,2024-12-28T00:11:53,2024-12-28T00:12:58.629364,2024-12-28T00:37:27.505588,CLOSED,,WEB-SERVER-07,False
ALT-CSE-07-02619,CSE-07,LOW,2024-12-29T10:58:57,2024-12-29T10:59:47.269429,2024-12-29T11:16:36.008082,CLOSED,,WEB-SERVER-07,False
ALT-CSE-07-02620,CSE-07,LOW,2024-11-10T07:07:56,2024-11-10T07:09:46.282566,2024-11-10T07:29:32.523745,CLOSED,,DB-SERVER-07,False
ALT-CSE-07-02621,CSE-07,MEDIUM,2024-11-24T08:08:43,2024-11-24T08:09:13.807859,2024-11-24T08:25:07.319112,CLOSED,,WEB-SERVER-07,False
ALT-CSE-07-02622,CSE-07,MEDIUM,2024-10-15T21:05:48,2024-10-15T21:07:22.019983,2024-10-15T21:18:41.483826,CLOSED,,DB-SERVER-07,False
ALT-CSE-07-02623,CSE-07,MEDIUM,2024-12-02T00:21:26,2024-12-02T00:22:43.634803,2024-12-02T00:30:30.895999,CLOSED,,ENDPOINT-07,False
ALT-CSE-07-02624,CSE-07,HIGH,2024-10-20T03:47:08,2024-10-20T03:48:46.416971,2024-10-20T04:07:34.795720,CLOSED,,WEB-SERVER-07,False
ALT-CSE-07-02625,CSE-07,MEDIUM,2024-11-24T03:37:34,2024-11-24T03:38:45.123330,2024-11-24T03:53:50.558750,CLOSED,,ENDPOINT-07,False
ALT-CSE-07-02626,CSE-07,LOW,2024-10-12T03:25:01,2024-10-12T03:25:58.573072,2024-10-12T03:42:58.974028,CLOSED,,WEB-SERVER-07,False
ALT-CSE-07-02627,CSE-07,HIGH,2024-11-18T08:11:49,2024-11-18T08:13:44.600608,2024-11-18T08:25:53.923439,CLOSED,,ENDPOINT-07,False
ALT-CSE-07-02628,CSE-07,MEDIUM,2024-10-29T04:17:19,2024-10-29T04:19:02.956813,2024-10-29T04:36:19.959395,CLOSED,,ENDPOINT-07,False
ALT-CSE-07-02629,CSE-07,MEDIUM,2024-10-01T13:48:28,2024-10-01T13:49:07.354884,2024-10-01T14:13:27.503169,CLOSED,,FIREWALL-07,False
ALT-CSE-07-02630,CSE-07,MEDIUM,2024-11-18T01:42:09,2024-11-18T01:43:14.476834,2024-11-18T01:58:39.406801,CLOSED,,DB-SERVER-07,False
ALT-CSE-07-02631,CSE-07,HIGH,2024-11-27T18:15:22,2024-11-27T18:16:50.433372,2024-11-27T18:34:19.863984,CLOSED,,ENDPOINT-07,False
ALT-CSE-07-02632,CSE-07,LOW,2024-10-11T02:43:17,2024-10-11T02:44:36.849522,2024-10-11T03:08:35.891183,CLOSED,,ENDPOINT-07,False
ALT-CSE-07-02633,CSE-07,MEDIUM,2024-12-25T03:45:49,2024-12-25T03:46:41.110968,2024-12-25T04:00:36.874489,CLOSED,,DB-SERVER-07,False
ALT-CSE-07-02634,CSE-07,LOW,2024-11-28T18:02:27,2024-11-28T18:03:22.179082,2024-11-28T18:15:19.775818,CLOSED,,WEB-SERVER-07,False
ALT-CSE-07-02635,CSE-07,HIGH,2024-11-28T20:59:38,2024-11-28T21:01:07.171543,2024-11-28T21:16:51.007934,CLOSED,,ENDPOINT-07,False
ALT-CSE-07-02636,CSE-07,MEDIUM,2024-11-12T13:27:03,2024-11-12T13:27:59.400235,2024-11-12T13:50:22.464283,CLOSED,,ENDPOINT-07,False
ALT-CSE-07-02637,CSE-07,MEDIUM,2024-10-29T00:10:18,2024-10-29T00:11:54.121722,2024-10-29T00:22:25.240574,CLOSED,,FIREWALL-07,False
ALT-CSE-07-02638,CSE-07,MEDIUM,2024-11-28T10:37:16,2024-11-28T10:38:04.055688,2024-11-28T11:06:37.424343,CLOSED,,ENDPOINT-07,False
ALT-CSE-07-02639,CSE-07,LOW,2024-10-13T02:24:10,2024-10-13T02:25:18.473186,2024-10-13T02:51:05.506253,CLOSED,,ENDPOINT-07,False
ALT-CSE-07-02640,CSE-07,HIGH,2024-12-15T08:27:02,2024-12-15T08:27:38.722097,2024-12-15T08:48:18.007606,CLOSED,CAS-CSE-07-0846,WEB-SERVER-07,False
ALT-CSE-07-02641,CSE-07,HIGH,2024-12-01T11:56:02,2024-12-01T11:57:03.388268,2024-12-01T12:21:38.832937,CLOSED,,WEB-SERVER-07,False
ALT-CSE-07-02642,CSE-07,HIGH,2024-11-29T22:37:37,2024-11-29T22:39:22.899455,2024-11-29T23:03:54.214183,CLOSED,,ENDPOINT-07,False
ALT-CSE-07-02643,CSE-07,LOW,2024-10-07T08:41:31,2024-10-07T08:42:23.350257,2024-10-07T09:03:31.916750,CLOSED,,ENDPOINT-07,False
ALT-CSE-07-02644,CSE-07,HIGH,2024-12-10T07:43:31,2024-12-10T07:45:03.031551,2024-12-10T08:00:36.515422,CLOSED,,DB-SERVER-07,False
ALT-CSE-07-02645,CSE-07,HIGH,2024-11-13T11:36:37,2024-11-13T11:38:03.596534,2024-11-13T11:57:45.840549,CLOSED,,DB-SERVER-07,False
ALT-CSE-07-02646,CSE-07,HIGH,2024-12-16T18:10:57,2024-12-16T18:11:30.188095,2024-12-16T18:26:50.137297,CLOSED,,DB-SERVER-07,False
ALT-CSE-07-02647,CSE-07,MEDIUM,2024-12-12T22:06:09,2024-12-12T22:08:01.515889,2024-12-12T22:32:20.394418,CLOSED,,WEB-SERVER-07,False
ALT-CSE-07-02648,CSE-07,LOW,2024-11-10T15:17:54,2024-11-10T15:19:24.403459,2024-11-10T15:37:11.624279,CLOSED,,DB-SERVER-07,False
ALT-CSE-07-02649,CSE-07,HIGH,2024-11-29T12:19:23,2024-11-29T12:20:07.708878,2024-11-29T12:41:51.956995,CLOSED,,ENDPOINT-07,False
ALT-CSE-07-02650,CSE-07,LOW,2024-10-24T20:58:47,2024-10-24T21:00:28.101673,2024-10-24T21:17:01.311479,CLOSED,,ENDPOINT-07,False
ALT-CSE-07-02651,CSE-07,LOW,2024-10-01T15:47:30,2024-10-01T15:48:45.648177,2024-10-01T16:05:32.142925,CLOSED,,FIREWALL-07,False
ALT-CSE-07-02652,CSE-07,LOW,2024-11-29T23:36:24,2024-11-29T23:37:46.845194,2024-11-29T23:51:37.594591,CLOSED,,ENDPOINT-07,False
ALT-CSE-07-02653,CSE-07,HIGH,2024-12-23T03:50:28,2024-12-23T03:51:57.173042,2024-12-23T04:22:16.333535,CLOSED,,WEB-SERVER-07,False
ALT-CSE-07-02654,CSE-07,LOW,2024-10-29T07:35:32,2024-10-29T07:36:21.602016,2024-10-29T07:52:25.513335,CLOSED,,ENDPOINT-07,False
ALT-CSE-07-02655,CSE-07,HIGH,2024-10-10T10:29:38,2024-10-10T10:30:49.928531,2024-10-10T10:43:28.839270,CLOSED,,DB-SERVER-07,False
ALT-CSE-07-02656,CSE-07,HIGH,2024-10-02T15:28:16,2024-10-02T15:29:13.891902,2024-10-02T15:56:26.065565,CLOSED,,ENDPOINT-07,False
ALT-CSE-07-02657,CSE-07,LOW,2024-10-19T04:40:06,2024-10-19T04:41:50.631346,2024-10-19T04:54:52.193056,CLOSED,,DB-SERVER-07,False
ALT-CSE-07-02658,CSE-07,MEDIUM,2024-11-08T22:34:05,2024-11-08T22:35:50.494412,2024-11-08T22:54:25.040537,CLOSED,,WEB-SERVER-07,False
ALT-CSE-07-02659,CSE-07,LOW,2024-10-27T02:41:59,2024-10-27T02:42:32.470536,2024-10-27T03:13:31.779675,CLOSED,,WEB-SERVER-07,False
ALT-CSE-07-02660,CSE-07,HIGH,2024-12-20T09:37:09,2024-12-20T09:38:14.923873,2024-12-20T09:56:32.108193,CLOSED,,FIREWALL-07,False
ALT-CSE-07-02661,CSE-07,MEDIUM,2024-10-16T19:33:04,2024-10-16T19:34:02.576643,2024-10-16T19:54:51.335985,CLOSED,,DB-SERVER-07,False
ALT-CSE-07-02662,CSE-07,LOW,2024-11-26T14:58:31,2024-11-26T14:59:37.892712,2024-11-26T15:14:33.455452,CLOSED,,FIREWALL-07,False
ALT-CSE-07-02663,CSE-07,HIGH,2024-12-25T17:03:28,2024-12-25T17:04:07.425043,2024-12-25T17:22:07.135660,CLOSED,,WEB-SERVER-07,False
ALT-CSE-07-02664,CSE-07,HIGH,2024-11-10T05:13:06,2024-11-10T05:14:21.364783,2024-11-10T05:28:24.385100,CLOSED,,DB-SERVER-07,False
ALT-CSE-07-02665,CSE-07,HIGH,2024-11-17T19:37:34,2024-11-17T19:39:30.582889,2024-11-17T20:05:53.790431,CLOSED,CAS-CSE-07-0847,DB-SERVER-07,False
ALT-CSE-07-02666,CSE-07,MEDIUM,2024-11-16T01:21:32,2024-11-16T01:23:28.419871,2024-11-16T01:38:25.691801,CLOSED,,ENDPOINT-07,False
ALT-CSE-07-02667,CSE-07,LOW,2024-10-03T11:29:20,2024-10-03T11:30:36.171850,2024-10-03T11:44:41.289954,CLOSED,,WEB-SERVER-07,False
ALT-CSE-07-02668,CSE-07,HIGH,2024-11-05T18:47:46,2024-11-05T18:49:00.834532,2024-11-05T19:10:31.349386,CLOSED,,WEB-SERVER-07,False
ALT-CSE-07-02669,CSE-07,HIGH,2024-11-21T00:29:55,2024-11-21T00:30:27.512842,2024-11-21T00:45:35.034405,CLOSED,,WEB-SERVER-07,False
ALT-CSE-07-02670,CSE-07,HIGH,2024-11-14T16:24:01,2024-11-14T16:25:55.306370,2024-11-14T16:46:37.220219,CLOSED,,DB-SERVER-07,False
ALT-CSE-07-02671,CSE-07,LOW,2024-11-08T13:48:24,2024-11-08T13:49:25.804120,2024-11-08T14:07:21.392814,CLOSED,,WEB-SERVER-07,False
ALT-CSE-07-02672,CSE-07,HIGH,2024-11-27T04:46:35,2024-11-27T04:47:08.543860,2024-11-27T05:02:31.134884,CLOSED,,FIREWALL-07,False
ALT-CSE-07-02673,CSE-07,HIGH,2024-10-16T04:36:40,2024-10-16T04:37:37.987085,2024-10-16T04:50:06.300025,CLOSED,,WEB-SERVER-07,False
ALT-CSE-07-02674,CSE-07,LOW,2024-11-16T15:08:36,2024-11-16T15:09:27.838338,2024-11-16T15:24:51.158207,CLOSED,,ENDPOINT-07,False
ALT-CSE-07-02675,CSE-07,MEDIUM,2024-12-23T12:27:06,2024-12-23T12:28:43.572203,2024-12-23T12:40:57.779309,CLOSED,,FIREWALL-07,False
ALT-CSE-07-02676,CSE-07,MEDIUM,2024-10-28T17:03:35,2024-10-28T17:04:13.841456,2024-10-28T17:23:45.108675,CLOSED,,WEB-SERVER-07,False
ALT-CSE-07-02677,CSE-07,LOW,2024-11-21T13:32:01,2024-11-21T13:32:41.898760,2024-11-21T13:45:26.397600,CLOSED,,WEB-SERVER-07,False
ALT-CSE-07-02678,CSE-07,HIGH,2024-11-03T23:34:00,2024-11-03T23:35:48.075427,2024-11-03T23:52:50.243850,CLOSED,,WEB-SERVER-07,False
ALT-CSE-07-02679,CSE-07,LOW,2024-11-30T11:25:14,2024-11-30T11:27:11.767243,2024-11-30T11:46:42.948991,CLOSED,,ENDPOINT-07,False
ALT-CSE-07-02680,CSE-07,MEDIUM,2024-12-18T13:28:41,2024-12-18T13:30:21.562987,2024-12-18T13:45:11.581850,CLOSED,,DB-SERVER-07,False
ALT-CSE-07-02681,CSE-07,LOW,2024-12-07T05:58:00,2024-12-07T05:59:57.858704,2024-12-07T06:21:28.773728,CLOSED,,WEB-SERVER-07,False
ALT-CSE-07-02682,CSE-07,HIGH,2024-10-06T07:12:15,2024-10-06T07:12:57.071741,2024-10-06T07:34:05.144164,CLOSED,,DB-SERVER-07,False
ALT-CSE-07-02683,CSE-07,HIGH,2024-11-06T18:39:36,2024-11-06T18:41:25.626435,2024-11-06T18:59:37.138220,CLOSED,,ENDPOINT-07,False
ALT-CSE-07-02684,CSE-07,LOW,2024-12-22T06:26:59,2024-12-22T06:28:05.099389,2024-12-22T06:42:11.235674,CLOSED,,ENDPOINT-07,False
ALT-CSE-07-02685,CSE-07,HIGH,2024-12-14T23:33:59,2024-12-14T23:35:00.799060,2024-12-14T23:48:33.976201,CLOSED,,DB-SERVER-07,False
ALT-CSE-07-02686,CSE-07,MEDIUM,2024-10-19T00:54:06,2024-10-19T00:55:10.174012,2024-10-19T01:18:03.302050,CLOSED,,FIREWALL-07,False
ALT-CSE-07-02687,CSE-07,LOW,2024-10-02T19:01:22,2024-10-02T19:01:53.460180,2024-10-02T19:26:54.464635,CLOSED,,WEB-SERVER-07,False
ALT-CSE-07-02688,CSE-07,LOW,2024-11-29T18:59:10,2024-11-29T18:59:47.381133,2024-11-29T19:14:08.007245,CLOSED,,FIREWALL-07,False
ALT-CSE-07-02689,CSE-07,LOW,2024-11-10T21:52:40,2024-11-10T21:53:52.862688,2024-11-10T22:11:08.374768,CLOSED,,ENDPOINT-07,False
ALT-CSE-07-02690,CSE-07,LOW,2024-10-10T23:05:33,2024-10-10T23:06:41.403443,2024-10-10T23:27:29.622533,CLOSED,,FIREWALL-07,False
ALT-CSE-07-02691,CSE-07,MEDIUM,2024-12-25T00:36:53,2024-12-25T00:37:27.566881,2024-12-25T00:59:19.364712,CLOSED,,DB-SERVER-07,False
ALT-CSE-07-02692,CSE-07,MEDIUM,2024-12-11T10:45:27,2024-12-11T10:47:23.942069,2024-12-11T10:57:05.887954,CLOSED,CAS-CSE-07-0848,ENDPOINT-07,False
ALT-CSE-07-02693,CSE-07,HIGH,2024-10-11T14:03:04,2024-10-11T14:05:03.942474,2024-10-11T14:15:49.028119,CLOSED,,DB-SERVER-07,False
ALT-CSE-07-02694,CSE-07,HIGH,2024-12-28T17:00:43,2024-12-28T17:02:30.619748,2024-12-28T17:21:08.289236,CLOSED,CAS-CSE-07-0849,FIREWALL-07,False
ALT-CSE-07-02695,CSE-07,HIGH,2024-10-24T16:21:40,2024-10-24T16:22:34.702434,2024-10-24T16:48:22.365528,CLOSED,,DB-SERVER-07,False
ALT-CSE-07-02696,CSE-07,MEDIUM,2024-11-02T06:49:18,2024-11-02T06:51:04.127132,2024-11-02T07:05:44.549760,CLOSED,,WEB-SERVER-07,False
ALT-CSE-07-02697,CSE-07,MEDIUM,2024-10-26T23:33:32,2024-10-26T23:34:09.534324,2024-10-26T23:58:40.839745,CLOSED,,DB-SERVER-07,False
ALT-CSE-07-02698,CSE-07,LOW,2024-12-02T05:40:08,2024-12-02T05:41:46.791612,2024-12-02T05:51:47.216819,CLOSED,,WEB-SERVER-07,False
ALT-CSE-07-02699,CSE-07,MEDIUM,2024-12-26T11:35:16,2024-12-26T11:36:41.307554,2024-12-26T11:51:50.370024,CLOSED,,ENDPOINT-07,False
ALT-CSE-07-02700,CSE-07,LOW,2024-11-09T03:41:22,2024-11-09T03:42:30.904777,2024-11-09T04:01:58.922987,CLOSED,,WEB-SERVER-07,False
ALT-CSE-07-02701,CSE-07,HIGH,2024-11-02T20:03:20,2024-11-02T20:04:53.145914,2024-11-02T20:23:37.904360,CLOSED,,FIREWALL-07,False
ALT-CSE-07-02702,CSE-07,MEDIUM,2024-11-25T07:34:41,2024-11-25T07:36:25.083636,2024-11-25T07:53:47.968635,CLOSED,,ENDPOINT-07,False
ALT-CSE-07-02703,CSE-07,HIGH,2024-10-28T20:39:35,2024-10-28T20:40:11.236047,2024-10-28T20:56:29.012383,CLOSED,,ENDPOINT-07,False
ALT-CSE-07-02704,CSE-07,MEDIUM,2024-10-10T16:16:18,2024-10-10T16:16:55.111171,2024-10-10T16:40:35.140459,CLOSED,,WEB-SERVER-07,False
ALT-CSE-07-02705,CSE-07,HIGH,2024-12-20T14:10:51,2024-12-20T14:12:00.901420,2024-12-20T14:31:55.085798,CLOSED,,WEB-SERVER-07,False
ALT-CSE-07-02706,CSE-07,MEDIUM,2024-12-25T00:23:36,2024-12-25T00:24:13.539825,2024-12-25T00:42:23.988058,CLOSED,,DB-SERVER-07,False
ALT-CSE-07-02707,CSE-07,LOW,2024-10-06T03:25:36,2024-10-06T03:27:32.858063,2024-10-06T03:42:42.338959,CLOSED,,ENDPOINT-07,False
ALT-CSE-07-02708,CSE-07,MEDIUM,2024-11-05T13:40:57,2024-11-05T13:41:54.916025,2024-11-05T14:00:21.653878,CLOSED,,DB-SERVER-07,False
ALT-CSE-07-02709,CSE-07,HIGH,2024-10-11T16:15:09,2024-10-11T16:15:48.368709,2024-10-11T16:33:13.780229,CLOSED,,WEB-SERVER-07,False
ALT-CSE-07-02710,CSE-07,MEDIUM,2024-12-23T21:25:46,2024-12-23T21:26:48.177049,2024-12-23T21:42:05.817972,CLOSED,CAS-CSE-07-0850,FIREWALL-07,False
ALT-CSE-07-02711,CSE-07,MEDIUM,2024-10-18T07:40:09,2024-10-18T07:41:15.985206,2024-10-18T08:07:10.265372,CLOSED,,DB-SERVER-07,False
ALT-CSE-07-02712,CSE-07,MEDIUM,2024-10-08T15:43:06,2024-10-08T15:44:30.205296,2024-10-08T15:56:54.141399,CLOSED,,ENDPOINT-07,False
ALT-CSE-07-02713,CSE-07,HIGH,2024-10-03T16:29:24,2024-10-03T16:31:20.383587,2024-10-03T16:47:02.987776,CLOSED,,FIREWALL-07,False
ALT-CSE-07-02714,CSE-07,HIGH,2024-10-01T03:09:08,2024-10-01T03:10:47.331573,2024-10-01T03:32:19.664378,CLOSED,CAS-CSE-07-0851,FIREWALL-07,False
ALT-CSE-07-02715,CSE-07,MEDIUM,2024-12-18T05:48:32,2024-12-18T05:49:21.294494,2024-12-18T06:09:42.188674,CLOSED,,WEB-SERVER-07,False
ALT-CSE-07-02716,CSE-07,LOW,2024-10-10T20:08:21,2024-10-10T20:09:13.233413,2024-10-10T20:25:30.618854,CLOSED,,DB-SERVER-07,False
ALT-CSE-07-02717,CSE-07,LOW,2024-12-23T16:27:54,2024-12-23T16:29:11.834699,2024-12-23T16:48:40.263068,CLOSED,,FIREWALL-07,False
ALT-CSE-07-02718,CSE-07,MEDIUM,2024-12-10T20:28:55,2024-12-10T20:29:50.848075,2024-12-10T20:45:58.199403,CLOSED,,DB-SERVER-07,False
ALT-CSE-07-02719,CSE-07,HIGH,2024-11-25T10:05:04,2024-11-25T10:06:13.163160,2024-11-25T10:30:08.497395,CLOSED,,ENDPOINT-07,False
ALT-CSE-07-02720,CSE-07,LOW,2024-12-12T09:56:44,2024-12-12T09:57:34.964478,2024-12-12T10:20:03.435604,CLOSED,,FIREWALL-07,False
ALT-CSE-07-02721,CSE-07,LOW,2024-10-10T22:30:05,2024-10-10T22:30:48.401368,2024-10-10T22:48:51.382488,CLOSED,CAS-CSE-07-0852,WEB-SERVER-07,False
ALT-CSE-07-02722,CSE-07,HIGH,2024-10-16T03:52:21,2024-10-16T03:53:28.679233,2024-10-16T04:07:50.716794,CLOSED,,FIREWALL-07,False
ALT-CSE-07-02723,CSE-07,LOW,2024-11-10T14:07:08,2024-11-10T14:07:52.786892,2024-11-10T14:18:50.138364,CLOSED,,FIREWALL-07,False
ALT-CSE-07-02724,CSE-07,LOW,2024-12-28T17:10:37,2024-12-28T17:12:35.665401,2024-12-28T17:24:17.284904,CLOSED,,ENDPOINT-07,False
ALT-CSE-07-02725,CSE-07,MEDIUM,2024-11-20T01:37:41,2024-11-20T01:38:29.809604,2024-11-20T01:56:35.576528,CLOSED,,DB-SERVER-07,False
ALT-CSE-07-02726,CSE-07,HIGH,2024-12-20T23:42:51,2024-12-20T23:43:25.727342,2024-12-21T00:05:52.344528,CLOSED,CAS-CSE-07-0853,ENDPOINT-07,False
ALT-CSE-07-02727,CSE-07,MEDIUM,2024-10-31T05:56:07,2024-10-31T05:56:37.351865,2024-10-31T06:17:15.160385,CLOSED,,ENDPOINT-07,False
ALT-CSE-07-02728,CSE-07,LOW,2024-11-11T17:29:30,2024-11-11T17:30:38.646220,2024-11-11T17:42:27.774846,CLOSED,,WEB-SERVER-07,False
ALT-CSE-07-02729,CSE-07,MEDIUM,2024-10-13T09:27:13,2024-10-13T09:28:26.377775,2024-10-13T09:48:27.987209,CLOSED,,FIREWALL-07,False
ALT-CSE-07-02730,CSE-07,LOW,2024-11-20T07:41:04,2024-11-20T07:42:30.603730,2024-11-20T07:57:24.581616,CLOSED,,FIREWALL-07,False
ALT-CSE-07-02731,CSE-07,HIGH,2024-11-09T17:13:44,2024-11-09T17:15:38.253058,2024-11-09T17:36:29.876397,CLOSED,,WEB-SERVER-07,False
ALT-CSE-07-02732,CSE-07,HIGH,2024-12-11T09:11:02,2024-12-11T09:12:47.009061,2024-12-11T09:27:52.551062,CLOSED,,FIREWALL-07,False
ALT-CSE-07-02733,CSE-07,MEDIUM,2024-11-24T23:34:19,2024-11-24T23:36:00.962920,2024-11-24T23:53:17.151581,CLOSED,,DB-SERVER-07,False
ALT-CSE-07-02734,CSE-07,LOW,2024-12-08T18:32:43,2024-12-08T18:33:59.877444,2024-12-08T18:45:55.336960,CLOSED,,FIREWALL-07,False
ALT-CSE-07-02735,CSE-07,MEDIUM,2024-10-16T07:00:31,2024-10-16T07:02:00.106358,2024-10-16T07:18:40.431513,CLOSED,,ENDPOINT-07,False
ALT-CSE-07-02736,CSE-07,MEDIUM,2024-11-09T12:10:13,2024-11-09T12:11:14.185987,2024-11-09T12:25:36.587189,CLOSED,,WEB-SERVER-07,False
ALT-CSE-07-02737,CSE-07,HIGH,2024-11-21T05:53:16,2024-11-21T05:54:49.058704,2024-11-21T06:14:21.225273,CLOSED,,DB-SERVER-07,False
ALT-CSE-07-02738,CSE-07,MEDIUM,2024-11-22T21:09:43,2024-11-22T21:11:09.699656,2024-11-22T21:39:40.789325,CLOSED,,ENDPOINT-07,False
ALT-CSE-07-02739,CSE-07,HIGH,2024-11-22T18:07:27,2024-11-22T18:08:03.337027,2024-11-22T18:28:24.358854,CLOSED,,ENDPOINT-07,False
ALT-CSE-07-02740,CSE-07,LOW,2024-12-25T03:34:50,2024-12-25T03:36:34.393615,2024-12-25T03:51:54.535677,CLOSED,,ENDPOINT-07,False
ALT-CSE-07-02741,CSE-07,HIGH,2024-11-01T22:15:50,2024-11-01T22:16:53.290243,2024-11-01T22:33:54.464204,CLOSED,,DB-SERVER-07,False
ALT-CSE-07-02742,CSE-07,HIGH,2024-10-01T14:01:06,2024-10-01T14:02:28.732634,2024-10-01T14:22:55.027732,CLOSED,,DB-SERVER-07,False
ALT-CSE-07-02743,CSE-07,LOW,2024-10-07T02:45:53,2024-10-07T02:46:26.372414,2024-10-07T03:05:57.778175,CLOSED,,WEB-SERVER-07,False
ALT-CSE-07-02744,CSE-07,LOW,2024-12-09T10:39:23,2024-12-09T10:40:44.031810,2024-12-09T11:00:32.828086,CLOSED,CAS-CSE-07-0854,FIREWALL-07,False
ALT-CSE-07-02745,CSE-07,LOW,2024-10-16T22:36:28,2024-10-16T22:37:18.043674,2024-10-16T22:53:30.651086,CLOSED,,WEB-SERVER-07,False
ALT-CSE-07-02746,CSE-07,LOW,2024-11-22T16:30:20,2024-11-22T16:31:07.167309,2024-11-22T16:52:09.704516,CLOSED,,FIREWALL-07,False
ALT-CSE-07-02747,CSE-07,MEDIUM,2024-10-03T09:57:51,2024-10-03T09:59:12.096925,2024-10-03T10:07:38.274014,CLOSED,,FIREWALL-07,False
ALT-CSE-07-02748,CSE-07,HIGH,2024-12-13T14:19:21,2024-12-13T14:20:51.899986,2024-12-13T14:30:59.856367,CLOSED,,FIREWALL-07,False
ALT-CSE-07-02749,CSE-07,HIGH,2024-10-22T21:16:24,2024-10-22T21:17:04.746727,2024-10-22T21:36:31.546091,CLOSED,,DB-SERVER-07,False
ALT-CSE-07-02750,CSE-07,MEDIUM,2024-11-26T04:00:39,2024-11-26T04:02:02.509173,2024-11-26T04:24:03.158050,CLOSED,,DB-SERVER-07,False
ALT-CSE-07-02751,CSE-07,MEDIUM,2024-12-20T05:59:52,2024-12-20T06:01:20.399826,2024-12-20T06:24:16.954907,CLOSED,,ENDPOINT-07,False
ALT-CSE-07-02752,CSE-07,HIGH,2024-12-14T08:35:26,2024-12-14T08:36:00.872667,2024-12-14T08:58:59.135029,CLOSED,,DB-SERVER-07,False
ALT-CSE-07-02753,CSE-07,LOW,2024-11-13T20:20:51,2024-11-13T20:22:19.893571,2024-11-13T20:46:37.951681,CLOSED,,FIREWALL-07,False
ALT-CSE-07-02754,CSE-07,HIGH,2024-11-03T11:17:03,2024-11-03T11:18:25.919109,2024-11-03T11:35:04.438201,CLOSED,,WEB-SERVER-07,False
ALT-CSE-07-02755,CSE-07,LOW,2024-11-21T11:27:37,2024-11-21T11:28:11.082772,2024-11-21T11:49:44.563507,CLOSED,,DB-SERVER-07,False
ALT-CSE-07-02756,CSE-07,HIGH,2024-12-07T05:36:15,2024-12-07T05:37:38.523425,2024-12-07T05:52:04.770046,CLOSED,,FIREWALL-07,False
ALT-CSE-07-02757,CSE-07,MEDIUM,2024-12-25T14:32:57,2024-12-25T14:33:36.134971,2024-12-25T14:58:41.581498,CLOSED,,WEB-SERVER-07,False
ALT-CSE-07-02758,CSE-07,HIGH,2024-12-28T20:48:15,2024-12-28T20:49:36.562618,2024-12-28T21:07:53.544785,CLOSED,,FIREWALL-07,False
ALT-CSE-07-02759,CSE-07,LOW,2024-11-05T16:27:14,2024-11-05T16:29:02.442983,2024-11-05T16:43:50.576568,CLOSED,,DB-SERVER-07,False
ALT-CSE-07-02760,CSE-07,HIGH,2024-10-23T22:15:16,2024-10-23T22:16:49.526680,2024-10-23T22:29:04.456952,CLOSED,,DB-SERVER-07,False
ALT-CSE-07-02761,CSE-07,LOW,2024-12-25T23:26:55,2024-12-25T23:28:24.833278,2024-12-25T23:45:01.093522,CLOSED,CAS-CSE-07-0855,DB-SERVER-07,False
ALT-CSE-07-02762,CSE-07,MEDIUM,2024-10-07T16:21:28,2024-10-07T16:23:27.178941,2024-10-07T16:49:55.000668,CLOSED,,WEB-SERVER-07,False
ALT-CSE-07-02763,CSE-07,HIGH,2024-11-03T13:19:31,2024-11-03T13:21:08.436777,2024-11-03T13:35:52.702004,CLOSED,,WEB-SERVER-07,False
ALT-CSE-07-02764,CSE-07,LOW,2024-12-08T18:33:45,2024-12-08T18:34:45.106178,2024-12-08T18:50:11.894087,CLOSED,,FIREWALL-07,False
ALT-CSE-07-02765,CSE-07,HIGH,2024-10-01T17:05:33,2024-10-01T17:06:25.312366,2024-10-01T17:24:12.191880,CLOSED,,FIREWALL-07,False
ALT-CSE-07-02766,CSE-07,MEDIUM,2024-10-27T01:12:40,2024-10-27T01:14:36.711754,2024-10-27T01:27:21.479744,CLOSED,,ENDPOINT-07,False
ALT-CSE-07-02767,CSE-07,MEDIUM,2024-12-05T19:37:20,2024-12-05T19:38:18.580607,2024-12-05T19:55:47.545233,CLOSED,,ENDPOINT-07,False
ALT-CSE-07-02768,CSE-07,LOW,2024-10-09T21:52:43,2024-10-09T21:54:15.930229,2024-10-09T22:16:47.376517,CLOSED,,ENDPOINT-07,False
ALT-CSE-07-02769,CSE-07,LOW,2024-11-17T03:54:12,2024-11-17T03:55:15.474897,2024-11-17T04:18:45.948893,CLOSED,,DB-SERVER-07,False
ALT-CSE-07-02770,CSE-07,HIGH,2024-11-15T06:05:07,2024-11-15T06:06:20.344546,2024-11-15T06:26:30.685247,CLOSED,,FIREWALL-07,False
ALT-CSE-07-02771,CSE-07,MEDIUM,2024-12-14T17:07:06,2024-12-14T17:08:37.674461,2024-12-14T17:34:21.652641,CLOSED,,DB-SERVER-07,False
ALT-CSE-07-02772,CSE-07,MEDIUM,2024-11-25T08:33:18,2024-11-25T08:34:24.093412,2024-11-25T08:55:27.225928,CLOSED,CAS-CSE-07-0856,WEB-SERVER-07,False
ALT-CSE-07-02773,CSE-07,LOW,2024-12-17T05:47:15,2024-12-17T05:49:07.198139,2024-12-17T05:57:36.753472,CLOSED,,DB-SERVER-07,False
ALT-CSE-07-02774,CSE-07,HIGH,2024-11-23T08:59:27,2024-11-23T09:00:51.546026,2024-11-23T09:15:15.702836,CLOSED,,FIREWALL-07,False
ALT-CSE-07-02775,CSE-07,LOW,2024-12-15T23:46:07,2024-12-15T23:47:15.429468,2024-12-15T23:55:35.048151,CLOSED,,DB-SERVER-07,False
ALT-CSE-07-02776,CSE-07,LOW,2024-10-29T04:10:02,2024-10-29T04:10:48.951124,2024-10-29T04:24:29.929714,CLOSED,,FIREWALL-07,False
ALT-CSE-07-02777,CSE-07,HIGH,2024-10-09T05:19:41,2024-10-09T05:20:58.846123,2024-10-09T05:38:41.971555,CLOSED,,WEB-SERVER-07,False
ALT-CSE-07-02778,CSE-07,MEDIUM,2024-12-07T15:39:25,2024-12-07T15:40:32.195735,2024-12-07T16:01:47.882455,CLOSED,,DB-SERVER-07,False
ALT-CSE-07-02779,CSE-07,MEDIUM,2024-11-03T10:28:29,2024-11-03T10:30:12.962604,2024-11-03T10:50:04.444511,CLOSED,,ENDPOINT-07,False
ALT-CSE-07-02780,CSE-07,LOW,2024-12-03T13:46:59,2024-12-03T13:48:48.398478,2024-12-03T14:07:37.262954,CLOSED,,ENDPOINT-07,False
ALT-CSE-07-02781,CSE-07,HIGH,2024-12-02T01:36:36,2024-12-02T01:37:39.664857,2024-12-02T02:00:48.179901,CLOSED,,FIREWALL-07,False
ALT-CSE-07-02782,CSE-07,MEDIUM,2024-12-06T21:29:16,2024-12-06T21:30:31.371916,2024-12-06T21:49:17.963054,CLOSED,,DB-SERVER-07,False
ALT-CSE-07-02783,CSE-07,HIGH,2024-11-17T14:37:02,2024-11-17T14:37:40.120154,2024-11-17T14:57:32.915808,CLOSED,,DB-SERVER-07,False
ALT-CSE-07-02784,CSE-07,LOW,2024-11-03T02:14:39,2024-11-03T02:15:27.087271,2024-11-03T02:38:02.052076,CLOSED,,FIREWALL-07,False
ALT-CSE-07-02785,CSE-07,LOW,2024-11-17T21:19:10,2024-11-17T21:20:02.648569,2024-11-17T21:41:39.200297,CLOSED,,DB-SERVER-07,False
ALT-CSE-07-02786,CSE-07,LOW,2024-12-20T00:54:58,2024-12-20T00:56:16.006725,2024-12-20T01:15:01.876410,CLOSED,,FIREWALL-07,False
ALT-CSE-07-02787,CSE-07,HIGH,2024-10-04T03:02:19,2024-10-04T03:03:37.559998,2024-10-04T03:20:24.850347,CLOSED,CAS-CSE-07-0857,FIREWALL-07,False
ALT-CSE-07-02788,CSE-07,LOW,2024-11-05T20:18:29,2024-11-05T20:20:27.781358,2024-11-05T20:40:23.311706,CLOSED,,FIREWALL-07,False
ALT-CSE-07-02789,CSE-07,MEDIUM,2024-12-27T22:11:34,2024-12-27T22:12:15.596829,2024-12-27T22:33:41.689584,CLOSED,,ENDPOINT-07,False
ALT-CSE-07-02790,CSE-07,MEDIUM,2024-12-12T15:01:29,2024-12-12T15:03:07.698429,2024-12-12T15:20:16.857366,CLOSED,,FIREWALL-07,False
ALT-CSE-07-02791,CSE-07,LOW,2024-11-15T14:45:14,2024-11-15T14:46:40.305620,2024-11-15T15:08:32.587741,CLOSED,,FIREWALL-07,False
ALT-CSE-07-02792,CSE-07,MEDIUM,2024-12-14T09:53:14,2024-12-14T09:55:01.957975,2024-12-14T10:12:17.057875,CLOSED,,ENDPOINT-07,False
ALT-CSE-07-02793,CSE-07,LOW,2024-12-05T07:34:59,2024-12-05T07:36:20.647545,2024-12-05T07:57:12.448786,CLOSED,,ENDPOINT-07,False
ALT-CSE-07-02794,CSE-07,HIGH,2024-12-14T01:52:04,2024-12-14T01:52:49.397814,2024-12-14T02:08:27.346185,CLOSED,,DB-SERVER-07,False
ALT-CSE-07-02795,CSE-07,LOW,2024-11-04T18:31:01,2024-11-04T18:32:19.059669,2024-11-04T18:53:21.250522,CLOSED,,DB-SERVER-07,False
ALT-CSE-07-02796,CSE-07,LOW,2024-10-03T17:44:03,2024-10-03T17:45:27.173056,2024-10-03T18:06:13.773879,CLOSED,,FIREWALL-07,False
ALT-CSE-07-02797,CSE-07,LOW,2024-10-14T19:43:33,2024-10-14T19:44:40.718623,2024-10-14T20:06:26.542448,CLOSED,,ENDPOINT-07,False
ALT-CSE-07-02798,CSE-07,LOW,2024-10-23T11:02:09,2024-10-23T11:02:43.320718,2024-10-23T11:23:21.401864,CLOSED,,DB-SERVER-07,False
ALT-CSE-07-02799,CSE-07,HIGH,2024-11-12T07:28:00,2024-11-12T07:29:29.310766,2024-11-12T07:44:32.113227,CLOSED,,DB-SERVER-07,False
ALT-CSE-07-02800,CSE-07,MEDIUM,2024-11-16T00:37:50,2024-11-16T00:38:50.434685,2024-11-16T01:03:33.202944,CLOSED,CAS-CSE-07-0858,ENDPOINT-07,False
ALT-CSE-07-02801,CSE-07,MEDIUM,2024-11-08T07:23:14,2024-11-08T07:24:26.993183,2024-11-08T07:41:04.997340,CLOSED,,FIREWALL-07,False
ALT-CSE-07-02802,CSE-07,LOW,2024-10-23T15:22:34,2024-10-23T15:23:08.296876,2024-10-23T15:47:30.446827,CLOSED,,WEB-SERVER-07,False
ALT-CSE-07-02803,CSE-07,MEDIUM,2024-11-01T01:10:42,2024-11-01T01:12:10.165087,2024-11-01T01:29:09.805210,CLOSED,,WEB-SERVER-07,False
ALT-CSE-07-02804,CSE-07,HIGH,2024-12-03T18:57:21,2024-12-03T18:58:29.814123,2024-12-03T19:19:17.872848,CLOSED,,ENDPOINT-07,False
ALT-CSE-07-02805,CSE-07,MEDIUM,2024-12-02T00:05:29,2024-12-02T00:06:02.016855,2024-12-02T00:20:27.809606,CLOSED,,ENDPOINT-07,False
ALT-CSE-07-02806,CSE-07,MEDIUM,2024-12-17T08:36:44,2024-12-17T08:37:56.927318,2024-12-17T08:58:18.236517,CLOSED,,FIREWALL-07,False
ALT-CSE-07-02807,CSE-07,HIGH,2024-11-27T08:54:43,2024-11-27T08:56:27.232257,2024-11-27T09:22:21.491367,CLOSED,,DB-SERVER-07,False
ALT-CSE-07-02808,CSE-07,MEDIUM,2024-10-21T15:30:40,2024-10-21T15:31:18.084331,2024-10-21T15:55:03.417976,CLOSED,,DB-SERVER-07,False
ALT-CSE-07-02809,CSE-07,MEDIUM,2024-11-08T06:48:59,2024-11-08T06:50:39.825150,2024-11-08T07:03:35.148851,CLOSED,,FIREWALL-07,False
ALT-CSE-07-02810,CSE-07,MEDIUM,2024-11-05T01:59:03,2024-11-05T01:59:50.903284,2024-11-05T02:09:05.139218,CLOSED,,ENDPOINT-07,False
ALT-CSE-07-02811,CSE-07,MEDIUM,2024-11-22T03:54:34,2024-11-22T03:56:30.596780,2024-11-22T04:15:31.275401,CLOSED,,ENDPOINT-07,False
ALT-CSE-07-02812,CSE-07,MEDIUM,2024-12-09T11:26:18,2024-12-09T11:28:13.892458,2024-12-09T11:37:32.430816,CLOSED,CAS-CSE-07-0859,DB-SERVER-07,False
ALT-CSE-07-02813,CSE-07,MEDIUM,2024-12-01T08:05:51,2024-12-01T08:07:01.481124,2024-12-01T08:24:00.734986,CLOSED,,WEB-SERVER-07,False
ALT-CSE-07-02814,CSE-07,LOW,2024-11-18T23:55:53,2024-11-18T23:57:44.769023,2024-11-19T00:04:57.238544,CLOSED,,FIREWALL-07,False
ALT-CSE-07-02815,CSE-07,LOW,2024-11-14T00:21:36,2024-11-14T00:22:40.990128,2024-11-14T00:37:13.408014,CLOSED,,DB-SERVER-07,False
ALT-CSE-07-02816,CSE-07,LOW,2024-10-13T09:45:35,2024-10-13T09:47:19.485262,2024-10-13T09:57:19.376322,CLOSED,,FIREWALL-07,False
ALT-CSE-07-02817,CSE-07,HIGH,2024-10-06T19:51:40,2024-10-06T19:53:22.511749,2024-10-06T20:11:51.839217,CLOSED,CAS-CSE-07-0860,DB-SERVER-07,False
ALT-CSE-07-02818,CSE-07,LOW,2024-12-01T02:12:32,2024-12-01T02:13:47.305078,2024-12-01T02:29:51.665288,CLOSED,,FIREWALL-07,False
ALT-CSE-07-02819,CSE-07,MEDIUM,2024-11-18T17:12:44,2024-11-18T17:13:59.328822,2024-11-18T17:35:03.919226,CLOSED,,ENDPOINT-07,False
ALT-CSE-07-02820,CSE-07,MEDIUM,2024-12-24T17:23:40,2024-12-24T17:25:00.737683,2024-12-24T17:36:24.486199,CLOSED,,WEB-SERVER-07,False
ALT-CSE-07-02821,CSE-07,LOW,2024-12-20T14:48:53,2024-12-20T14:50:18.378742,2024-12-20T15:00:03.170645,CLOSED,,DB-SERVER-07,False
ALT-CSE-07-02822,CSE-07,HIGH,2024-10-14T05:09:53,2024-10-14T05:11:27.427447,2024-10-14T05:27:33.927425,CLOSED,,ENDPOINT-07,False
ALT-CSE-07-02823,CSE-07,LOW,2024-11-23T16:04:47,2024-11-23T16:05:51.773399,2024-11-23T16:13:05.001639,CLOSED,,WEB-SERVER-07,False
ALT-CSE-07-02824,CSE-07,LOW,2024-11-27T03:56:51,2024-11-27T03:58:24.249296,2024-11-27T04:20:52.791770,CLOSED,,FIREWALL-07,False
ALT-CSE-07-02825,CSE-07,MEDIUM,2024-12-12T16:06:33,2024-12-12T16:08:18.994449,2024-12-12T16:26:07.662372,CLOSED,,FIREWALL-07,False
ALT-CSE-07-02826,CSE-07,MEDIUM,2024-11-30T02:08:32,2024-11-30T02:09:08.404894,2024-11-30T02:27:54.707776,CLOSED,,WEB-SERVER-07,False
ALT-CSE-07-02827,CSE-07,MEDIUM,2024-11-23T05:30:25,2024-11-23T05:31:35.121405,2024-11-23T05:53:57.820275,CLOSED,,DB-SERVER-07,False
ALT-CSE-07-02828,CSE-07,HIGH,2024-10-09T18:04:09,2024-10-09T18:04:59.532966,2024-10-09T18:22:26.881535,CLOSED,,WEB-SERVER-07,False
ALT-CSE-07-02829,CSE-07,LOW,2024-12-20T22:08:45,2024-12-20T22:10:18.068858,2024-12-20T22:32:15.374028,CLOSED,,ENDPOINT-07,False
ALT-CSE-07-02830,CSE-07,LOW,2024-11-12T16:49:25,2024-11-12T16:50:26.029675,2024-11-12T17:17:39.975474,CLOSED,,WEB-SERVER-07,False
ALT-CSE-07-02831,CSE-07,LOW,2024-11-16T02:53:50,2024-11-16T02:55:06.014283,2024-11-16T03:10:58.675429,CLOSED,,FIREWALL-07,False
ALT-CSE-07-02832,CSE-07,MEDIUM,2024-10-11T15:13:44,2024-10-11T15:14:16.034520,2024-10-11T15:28:51.651920,CLOSED,CAS-CSE-07-0861,DB-SERVER-07,False
ALT-CSE-07-02833,CSE-07,HIGH,2024-12-11T01:34:38,2024-12-11T01:35:32.620963,2024-12-11T02:00:57.962875,CLOSED,,WEB-SERVER-07,False
ALT-CSE-07-02834,CSE-07,HIGH,2024-12-03T09:55:24,2024-12-03T09:56:59.658920,2024-12-03T10:20:22.396803,CLOSED,,DB-SERVER-07,False
ALT-CSE-07-02835,CSE-07,LOW,2024-12-11T02:45:26,2024-12-11T02:47:15.632904,2024-12-11T02:58:06.612974,CLOSED,CAS-CSE-07-0862,FIREWALL-07,False
ALT-CSE-07-02836,CSE-07,MEDIUM,2024-11-30T19:33:15,2024-11-30T19:35:09.508221,2024-11-30T20:00:22.171187,CLOSED,,FIREWALL-07,False
ALT-CSE-07-02837,CSE-07,MEDIUM,2024-10-20T20:17:57,2024-10-20T20:19:38.336837,2024-10-20T20:34:00.650844,CLOSED,,DB-SERVER-07,False
ALT-CSE-07-02838,CSE-07,HIGH,2024-11-18T12:50:36,2024-11-18T12:51:09.242755,2024-11-18T13:11:18.322526,CLOSED,,DB-SERVER-07,False
ALT-CSE-07-02839,CSE-07,MEDIUM,2024-11-08T23:16:35,2024-11-08T23:17:53.944703,2024-11-08T23:35:15.475646,CLOSED,,DB-SERVER-07,False
ALT-CSE-07-02840,CSE-07,HIGH,2024-12-13T02:26:15,2024-12-13T02:27:52.039668,2024-12-13T02:52:34.179602,CLOSED,,DB-SERVER-07,False
ALT-CSE-07-02841,CSE-07,LOW,2024-10-29T20:52:34,2024-10-29T20:53:58.893891,2024-10-29T21:13:10.983251,CLOSED,,ENDPOINT-07,False
ALT-CSE-07-02842,CSE-07,LOW,2024-12-16T21:28:58,2024-12-16T21:30:54.066977,2024-12-16T21:49:06.151410,CLOSED,,DB-SERVER-07,False
ALT-CSE-07-02843,CSE-07,MEDIUM,2024-10-11T20:38:01,2024-10-11T20:39:08.555390,2024-10-11T20:56:02.013767,CLOSED,,WEB-SERVER-07,False
ALT-CSE-07-02844,CSE-07,HIGH,2024-11-09T20:12:11,2024-11-09T20:13:05.769680,2024-11-09T20:32:31.751730,CLOSED,,FIREWALL-07,False
ALT-CSE-07-02845,CSE-07,MEDIUM,2024-12-12T03:03:06,2024-12-12T03:03:47.857874,2024-12-12T03:28:13.004703,CLOSED,,FIREWALL-07,False
ALT-CSE-07-02846,CSE-07,MEDIUM,2024-10-23T08:07:08,2024-10-23T08:08:26.162146,2024-10-23T08:35:08.227039,CLOSED,,FIREWALL-07,False
ALT-CSE-07-02847,CSE-07,HIGH,2024-11-17T14:10:43,2024-11-17T14:12:28.021515,2024-11-17T14:40:02.205714,CLOSED,,FIREWALL-07,False
ALT-CSE-07-02848,CSE-07,MEDIUM,2024-12-13T10:20:56,2024-12-13T10:22:22.996883,2024-12-13T10:39:35.454916,CLOSED,,ENDPOINT-07,False
ALT-CSE-07-02849,CSE-07,LOW,2024-12-20T04:23:39,2024-12-20T04:24:50.738480,2024-12-20T04:43:49.462402,CLOSED,CAS-CSE-07-0863,DB-SERVER-07,False
ALT-CSE-07-02850,CSE-07,MEDIUM,2024-12-15T21:26:11,2024-12-15T21:26:54.895603,2024-12-15T21:43:36.667911,CLOSED,,WEB-SERVER-07,False
ALT-CSE-07-02851,CSE-07,HIGH,2024-10-12T02:55:32,2024-10-12T02:56:09.112333,2024-10-12T03:20:37.992470,CLOSED,,WEB-SERVER-07,False
ALT-CSE-07-02852,CSE-07,MEDIUM,2024-11-17T15:54:53,2024-11-17T15:55:27.435427,2024-11-17T16:03:19.627838,CLOSED,,DB-SERVER-07,False
ALT-CSE-07-02853,CSE-07,HIGH,2024-10-05T06:39:03,2024-10-05T06:40:33.614710,2024-10-05T06:52:53.517645,CLOSED,,WEB-SERVER-07,False
ALT-CSE-07-02854,CSE-07,HIGH,2024-10-12T15:04:30,2024-10-12T15:05:53.107171,2024-10-12T15:23:56.971567,CLOSED,,ENDPOINT-07,False
ALT-CSE-07-02855,CSE-07,LOW,2024-12-16T10:22:49,2024-12-16T10:24:40.641915,2024-12-16T10:48:47.311990,CLOSED,,DB-SERVER-07,False
ALT-CSE-07-02856,CSE-07,MEDIUM,2024-10-16T15:33:34,2024-10-16T15:35:21.883848,2024-10-16T15:43:53.044148,CLOSED,,FIREWALL-07,False
ALT-CSE-07-02857,CSE-07,HIGH,2024-11-27T08:19:39,2024-11-27T08:20:59.887149,2024-11-27T08:38:20.910909,CLOSED,,DB-SERVER-07,False
ALT-CSE-07-02858,CSE-07,HIGH,2024-10-31T08:15:42,2024-10-31T08:16:35.029206,2024-10-31T08:30:11.428194,CLOSED,,WEB-SERVER-07,False
ALT-CSE-07-02859,CSE-07,HIGH,2024-12-14T00:37:26,2024-12-14T00:39:21.100220,2024-12-14T00:53:56.790173,CLOSED,,DB-SERVER-07,False
ALT-CSE-07-02860,CSE-07,LOW,2024-12-11T11:58:02,2024-12-11T11:59:36.004933,2024-12-11T12:29:48.528192,CLOSED,,FIREWALL-07,False
ALT-CSE-07-02861,CSE-07,HIGH,2024-10-26T18:03:17,2024-10-26T18:04:38.664397,2024-10-26T18:26:20.765367,CLOSED,,FIREWALL-07,False
ALT-CSE-07-02862,CSE-07,HIGH,2024-10-21T00:58:12,2024-10-21T00:58:53.316929,2024-10-21T01:13:26.394090,CLOSED,CAS-CSE-07-0864,WEB-SERVER-07,False
ALT-CSE-07-02863,CSE-07,MEDIUM,2024-10-14T00:17:39,2024-10-14T00:18:44.979799,2024-10-14T00:37:11.816935,CLOSED,,FIREWALL-07,False
ALT-CSE-07-02864,CSE-07,MEDIUM,2024-12-13T16:05:05,2024-12-13T16:06:18.347204,2024-12-13T16:23:10.162706,CLOSED,,FIREWALL-07,False
ALT-CSE-07-02865,CSE-07,MEDIUM,2024-11-28T04:11:59,2024-11-28T04:13:40.782053,2024-11-28T04:30:16.864296,CLOSED,,WEB-SERVER-07,False
ALT-CSE-07-02866,CSE-07,HIGH,2024-10-06T18:42:18,2024-10-06T18:43:56.896659,2024-10-06T18:58:20.584937,CLOSED,,DB-SERVER-07,False
ALT-CSE-07-02867,CSE-07,LOW,2024-12-22T12:49:16,2024-12-22T12:51:02.888700,2024-12-22T13:06:24.791490,CLOSED,,DB-SERVER-07,False
ALT-CSE-07-02868,CSE-07,HIGH,2024-12-17T13:49:39,2024-12-17T13:50:35.144181,2024-12-17T14:07:47.353266,CLOSED,,ENDPOINT-07,False
ALT-CSE-07-02869,CSE-07,MEDIUM,2024-11-06T17:56:25,2024-11-06T17:57:48.500832,2024-11-06T18:14:24.048419,CLOSED,,DB-SERVER-07,False
ALT-CSE-07-02870,CSE-07,MEDIUM,2024-10-01T08:13:13,2024-10-01T08:14:54.835679,2024-10-01T08:34:10.786119,CLOSED,CAS-CSE-07-0865,FIREWALL-07,False
ALT-CSE-07-02871,CSE-07,HIGH,2024-10-25T14:59:34,2024-10-25T15:00:50.366476,2024-10-25T15:19:47.494704,CLOSED,,FIREWALL-07,False
ALT-CSE-07-02872,CSE-07,HIGH,2024-11-11T21:29:52,2024-11-11T21:30:23.239700,2024-11-11T21:50:36.349519,CLOSED,,ENDPOINT-07,False
ALT-CSE-07-02873,CSE-07,LOW,2024-10-14T16:37:36,2024-10-14T16:38:40.687074,2024-10-14T16:54:56.167564,CLOSED,,FIREWALL-07,False
ALT-CSE-07-02874,CSE-07,HIGH,2024-12-28T06:53:15,2024-12-28T06:54:43.210666,2024-12-28T07:15:14.280037,CLOSED,,DB-SERVER-07,False
ALT-CSE-07-02875,CSE-07,LOW,2024-10-20T04:22:47,2024-10-20T04:24:24.830575,2024-10-20T04:43:15.748004,CLOSED,,ENDPOINT-07,False
ALT-CSE-07-02876,CSE-07,HIGH,2024-11-03T07:29:07,2024-11-03T07:29:58.811545,2024-11-03T07:41:54.190029,CLOSED,,WEB-SERVER-07,False
ALT-CSE-07-02877,CSE-07,HIGH,2024-11-04T06:36:41,2024-11-04T06:37:20.126842,2024-11-04T06:56:29.106924,CLOSED,,WEB-SERVER-07,False
ALT-CSE-07-02878,CSE-07,MEDIUM,2024-11-15T04:40:19,2024-11-15T04:40:53.421202,2024-11-15T04:57:00.973197,CLOSED,,ENDPOINT-07,False
ALT-CSE-07-02879,CSE-07,MEDIUM,2024-12-20T14:14:16,2024-12-20T14:15:09.671513,2024-12-20T14:26:37.400003,CLOSED,,DB-SERVER-07,False
ALT-CSE-07-02880,CSE-07,LOW,2024-10-29T07:21:14,2024-10-29T07:22:10.645281,2024-10-29T07:35:05.041826,CLOSED,,FIREWALL-07,False
ALT-CSE-07-02881,CSE-07,MEDIUM,2024-10-22T09:35:37,2024-10-22T09:36:36.239554,2024-10-22T09:49:50.271739,CLOSED,,DB-SERVER-07,False
ALT-CSE-07-02882,CSE-07,LOW,2024-12-01T15:43:33,2024-12-01T15:44:32.262528,2024-12-01T16:04:44.713328,CLOSED,,FIREWALL-07,False
ALT-CSE-07-02883,CSE-07,HIGH,2024-12-19T09:44:01,2024-12-19T09:45:55.450447,2024-12-19T10:03:28.970066,CLOSED,,ENDPOINT-07,False
ALT-CSE-07-02884,CSE-07,LOW,2024-10-23T13:04:44,2024-10-23T13:05:58.329645,2024-10-23T13:32:07.390966,CLOSED,,WEB-SERVER-07,False
ALT-CSE-07-02885,CSE-07,MEDIUM,2024-11-18T15:08:56,2024-11-18T15:10:01.482411,2024-11-18T15:35:20.586091,CLOSED,,FIREWALL-07,False
ALT-CSE-07-02886,CSE-07,HIGH,2024-10-28T22:43:08,2024-10-28T22:43:58.759668,2024-10-28T23:10:18.656718,CLOSED,,ENDPOINT-07,False
ALT-CSE-07-02887,CSE-07,MEDIUM,2024-11-03T23:49:17,2024-11-03T23:51:01.036474,2024-11-04T00:02:59.085667,CLOSED,,FIREWALL-07,False
ALT-CSE-07-02888,CSE-07,LOW,2024-12-02T11:10:07,2024-12-02T11:11:00.891522,2024-12-02T11:39:43.989900,CLOSED,,ENDPOINT-07,False
ALT-CSE-07-02889,CSE-07,MEDIUM,2024-12-13T18:42:03,2024-12-13T18:42:33.613532,2024-12-13T19:06:49.768924,CLOSED,,DB-SERVER-07,False
ALT-CSE-07-02890,CSE-07,LOW,2024-12-16T18:28:01,2024-12-16T18:28:59.121833,2024-12-16T18:45:46.859255,CLOSED,,FIREWALL-07,False
ALT-CSE-07-02891,CSE-07,MEDIUM,2024-10-24T07:48:34,2024-10-24T07:50:17.367982,2024-10-24T08:08:39.370930,CLOSED,,ENDPOINT-07,False
ALT-CSE-07-02892,CSE-07,LOW,2024-11-11T23:57:04,2024-11-11T23:58:32.915192,2024-11-12T00:16:43.004315,CLOSED,,FIREWALL-07,False
ALT-CSE-07-02893,CSE-07,LOW,2024-10-03T12:46:37,2024-10-03T12:48:36.182741,2024-10-03T13:02:44.685943,CLOSED,,ENDPOINT-07,False
ALT-CSE-07-02894,CSE-07,LOW,2024-10-19T22:13:18,2024-10-19T22:14:37.666448,2024-10-19T22:30:27.800680,CLOSED,,DB-SERVER-07,False
ALT-CSE-07-02895,CSE-07,HIGH,2024-10-16T02:59:39,2024-10-16T03:00:33.397938,2024-10-16T03:32:27.420655,CLOSED,,WEB-SERVER-07,False
ALT-CSE-07-02896,CSE-07,LOW,2024-11-25T02:34:45,2024-11-25T02:35:18.468535,2024-11-25T02:51:54.579777,CLOSED,,WEB-SERVER-07,False
ALT-CSE-07-02897,CSE-07,HIGH,2024-11-30T15:53:35,2024-11-30T15:54:09.537252,2024-11-30T16:19:55.860502,CLOSED,,WEB-SERVER-07,False
ALT-CSE-07-02898,CSE-07,LOW,2024-10-03T17:52:39,2024-10-03T17:53:15.910172,2024-10-03T18:13:03.691925,CLOSED,,DB-SERVER-07,False
ALT-CSE-07-02899,CSE-07,MEDIUM,2024-10-20T02:49:55,2024-10-20T02:51:25.571766,2024-10-20T03:14:03.181674,CLOSED,,FIREWALL-07,False
ALT-CSE-07-02900,CSE-07,LOW,2024-10-26T00:14:54,2024-10-26T00:16:30.282121,2024-10-26T00:34:56.327663,CLOSED,,FIREWALL-07,False
ALT-CSE-07-02901,CSE-07,MEDIUM,2024-12-10T08:57:41,2024-12-10T08:58:21.541752,2024-12-10T09:15:33.993164,CLOSED,,DB-SERVER-07,False
ALT-CSE-07-02902,CSE-07,LOW,2024-11-27T08:20:45,2024-11-27T08:21:40.862045,2024-11-27T08:38:26.589721,CLOSED,CAS-CSE-07-0866,WEB-SERVER-07,False
ALT-CSE-07-02903,CSE-07,LOW,2024-11-06T14:21:10,2024-11-06T14:21:41.925842,2024-11-06T14:33:27.228378,CLOSED,,DB-SERVER-07,False
ALT-CSE-07-02904,CSE-07,MEDIUM,2024-10-15T15:51:41,2024-10-15T15:53:14.442218,2024-10-15T16:26:21.183000,CLOSED,,DB-SERVER-07,False
ALT-CSE-07-02905,CSE-07,MEDIUM,2024-12-21T21:53:26,2024-12-21T21:54:42.679511,2024-12-21T22:07:59.221757,CLOSED,,FIREWALL-07,False
ALT-CSE-07-02906,CSE-07,MEDIUM,2024-11-30T01:50:01,2024-11-30T01:52:00.904114,2024-11-30T02:15:04.032284,CLOSED,,WEB-SERVER-07,False
ALT-CSE-07-02907,CSE-07,MEDIUM,2024-12-13T21:57:31,2024-12-13T21:59:24.141328,2024-12-13T22:18:50.580513,CLOSED,,FIREWALL-07,False
ALT-CSE-07-02908,CSE-07,MEDIUM,2024-10-08T22:21:17,2024-10-08T22:22:54.757039,2024-10-08T22:43:16.255498,CLOSED,,ENDPOINT-07,False
ALT-CSE-07-02909,CSE-07,LOW,2024-10-31T18:00:17,2024-10-31T18:01:36.350620,2024-10-31T18:21:56.002522,CLOSED,,FIREWALL-07,False
ALT-CSE-07-02910,CSE-07,LOW,2024-10-07T19:05:28,2024-10-07T19:06:11.092785,2024-10-07T19:21:11.257833,CLOSED,,WEB-SERVER-07,False
ALT-CSE-07-02911,CSE-07,LOW,2024-10-08T09:46:25,2024-10-08T09:47:45.687692,2024-10-08T10:03:39.771108,CLOSED,,FIREWALL-07,False
ALT-CSE-07-02912,CSE-07,LOW,2024-11-21T19:55:04,2024-11-21T19:56:34.677627,2024-11-21T20:06:56.352237,CLOSED,,DB-SERVER-07,False
ALT-CSE-07-02913,CSE-07,HIGH,2024-11-13T13:33:59,2024-11-13T13:35:20.276330,2024-11-13T13:53:19.542860,CLOSED,,WEB-SERVER-07,False
ALT-CSE-07-02914,CSE-07,HIGH,2024-11-21T20:24:41,2024-11-21T20:26:28.151686,2024-11-21T20:44:54.595232,CLOSED,,FIREWALL-07,False
ALT-CSE-07-02915,CSE-07,MEDIUM,2024-10-15T10:34:59,2024-10-15T10:36:08.473811,2024-10-15T10:46:01.883811,CLOSED,,DB-SERVER-07,False
ALT-CSE-07-02916,CSE-07,MEDIUM,2024-12-16T18:07:43,2024-12-16T18:09:15.040347,2024-12-16T18:26:32.673049,CLOSED,,WEB-SERVER-07,False
ALT-CSE-07-02917,CSE-07,LOW,2024-12-22T05:08:35,2024-12-22T05:09:23.305386,2024-12-22T05:29:32.266366,CLOSED,,DB-SERVER-07,False
ALT-CSE-07-02918,CSE-07,HIGH,2024-11-12T22:02:50,2024-11-12T22:03:53.662932,2024-11-12T22:19:39.518428,CLOSED,,FIREWALL-07,False
ALT-CSE-07-02919,CSE-07,MEDIUM,2024-12-21T23:23:17,2024-12-21T23:24:12.441553,2024-12-21T23:44:54.186353,CLOSED,,WEB-SERVER-07,False
ALT-CSE-07-02920,CSE-07,LOW,2024-12-20T20:00:56,2024-12-20T20:01:30.881215,2024-12-20T20:21:25.894068,CLOSED,,FIREWALL-07,False
ALT-CSE-07-02921,CSE-07,LOW,2024-12-05T02:33:41,2024-12-05T02:34:58.808407,2024-12-05T02:57:14.903926,CLOSED,,ENDPOINT-07,False
ALT-CSE-07-02922,CSE-07,MEDIUM,2024-10-07T12:21:13,2024-10-07T12:22:41.470082,2024-10-07T12:46:06.017843,CLOSED,,DB-SERVER-07,False
ALT-CSE-07-02923,CSE-07,MEDIUM,2024-12-03T21:55:38,2024-12-03T21:57:01.519885,2024-12-03T22:13:23.953342,CLOSED,,WEB-SERVER-07,False
ALT-CSE-07-02924,CSE-07,LOW,2024-10-07T18:16:15,2024-10-07T18:17:25.717416,2024-10-07T18:40:58.331183,CLOSED,,FIREWALL-07,False
ALT-CSE-07-02925,CSE-07,HIGH,2024-11-29T03:39:02,2024-11-29T03:39:36.472133,2024-11-29T03:56:30.991883,CLOSED,,ENDPOINT-07,False
ALT-CSE-07-02926,CSE-07,LOW,2024-10-16T05:38:11,2024-10-16T05:40:09.807424,2024-10-16T05:48:58.141359,CLOSED,,WEB-SERVER-07,False
ALT-CSE-07-02927,CSE-07,LOW,2024-12-09T02:17:34,2024-12-09T02:18:42.955385,2024-12-09T02:36:45.002156,CLOSED,,WEB-SERVER-07,False
ALT-CSE-07-02928,CSE-07,MEDIUM,2024-12-28T18:36:13,2024-12-28T18:37:11.687355,2024-12-28T19:02:49.567398,CLOSED,,FIREWALL-07,False
ALT-CSE-07-02929,CSE-07,LOW,2024-10-23T05:48:13,2024-10-23T05:49:24.480711,2024-10-23T06:02:31.767729,CLOSED,,DB-SERVER-07,False
ALT-CSE-07-02930,CSE-07,MEDIUM,2024-11-12T20:55:33,2024-11-12T20:56:37.840551,2024-11-12T21:08:14.848958,CLOSED,,DB-SERVER-07,False
ALT-CSE-07-02931,CSE-07,HIGH,2024-10-05T17:11:23,2024-10-05T17:12:18.451619,2024-10-05T17:28:05.601861,CLOSED,,FIREWALL-07,False
ALT-CSE-07-02932,CSE-07,MEDIUM,2024-11-19T07:56:03,2024-11-19T07:57:03.341359,2024-11-19T08:20:22.075883,CLOSED,,ENDPOINT-07,False
ALT-CSE-07-02933,CSE-07,LOW,2024-10-20T03:10:03,2024-10-20T03:11:31.567061,2024-10-20T03:36:25.190912,CLOSED,,DB-SERVER-07,False
ALT-CSE-07-02934,CSE-07,LOW,2024-10-09T17:55:52,2024-10-09T17:56:58.498964,2024-10-09T18:25:04.532872,CLOSED,,ENDPOINT-07,False
ALT-CSE-07-02935,CSE-07,MEDIUM,2024-10-29T10:48:09,2024-10-29T10:48:46.910327,2024-10-29T11:18:31.235757,CLOSED,,WEB-SERVER-07,False
ALT-CSE-07-02936,CSE-07,HIGH,2024-11-24T18:33:37,2024-11-24T18:35:29.162066,2024-11-24T18:47:08.709966,CLOSED,,FIREWALL-07,False
ALT-CSE-07-02937,CSE-07,HIGH,2024-10-27T10:48:01,2024-10-27T10:49:13.807385,2024-10-27T11:10:22.147948,CLOSED,,DB-SERVER-07,False
ALT-CSE-07-02938,CSE-07,LOW,2024-10-29T01:47:21,2024-10-29T01:48:08.905001,2024-10-29T02:15:28.316507,CLOSED,CAS-CSE-07-0867,WEB-SERVER-07,False
ALT-CSE-07-02939,CSE-07,LOW,2024-10-18T15:55:02,2024-10-18T15:55:55.441859,2024-10-18T16:20:54.485224,CLOSED,,DB-SERVER-07,False
ALT-CSE-07-02940,CSE-07,HIGH,2024-11-28T02:28:35,2024-11-28T02:30:26.604600,2024-11-28T02:48:26.818546,CLOSED,,FIREWALL-07,False
ALT-CSE-07-02941,CSE-07,HIGH,2024-10-17T05:07:12,2024-10-17T05:08:43.411122,2024-10-17T05:26:11.925777,CLOSED,,DB-SERVER-07,False
ALT-CSE-07-02942,CSE-07,HIGH,2024-10-19T18:22:57,2024-10-19T18:24:28.885411,2024-10-19T18:38:30.329661,CLOSED,,ENDPOINT-07,False
ALT-CSE-07-02943,CSE-07,HIGH,2024-11-22T14:07:05,2024-11-22T14:09:04.590067,2024-11-22T14:21:53.679968,CLOSED,,FIREWALL-07,False
ALT-CSE-07-02944,CSE-07,HIGH,2024-11-22T03:59:12,2024-11-22T04:00:38.765005,2024-11-22T04:21:45.240435,CLOSED,,DB-SERVER-07,False
ALT-CSE-07-02945,CSE-07,LOW,2024-10-23T22:04:15,2024-10-23T22:05:25.744512,2024-10-23T22:31:27.762323,CLOSED,,WEB-SERVER-07,False
ALT-CSE-07-02946,CSE-07,HIGH,2024-10-07T16:08:17,2024-10-07T16:08:51.898105,2024-10-07T16:17:29.400923,CLOSED,,WEB-SERVER-07,False
ALT-CSE-07-02947,CSE-07,LOW,2024-11-24T00:27:31,2024-11-24T00:28:39.354910,2024-11-24T00:52:02.709646,CLOSED,,WEB-SERVER-07,False
ALT-CSE-07-02948,CSE-07,HIGH,2024-12-19T11:46:31,2024-12-19T11:48:03.299057,2024-12-19T12:08:51.849468,CLOSED,,DB-SERVER-07,False
ALT-CSE-07-02949,CSE-07,LOW,2024-11-02T21:01:13,2024-11-02T21:02:14.421866,2024-11-02T21:17:36.700141,CLOSED,,DB-SERVER-07,False
ALT-CSE-07-02950,CSE-07,MEDIUM,2024-11-24T16:01:32,2024-11-24T16:02:46.345323,2024-11-24T16:18:35.439718,CLOSED,,FIREWALL-07,False
ALT-CSE-07-02951,CSE-07,MEDIUM,2024-10-11T20:11:19,2024-10-11T20:12:40.480780,2024-10-11T20:35:24.665061,CLOSED,,DB-SERVER-07,False
ALT-CSE-07-02952,CSE-07,HIGH,2024-11-23T11:03:47,2024-11-23T11:04:51.797885,2024-11-23T11:23:10.450714,CLOSED,,FIREWALL-07,False
ALT-CSE-07-02953,CSE-07,HIGH,2024-12-01T14:46:16,2024-12-01T14:47:47.559644,2024-12-01T15:11:46.132273,CLOSED,,WEB-SERVER-07,False
ALT-CSE-07-02954,CSE-07,HIGH,2024-12-15T16:21:51,2024-12-15T16:22:25.628968,2024-12-15T16:43:06.416785,CLOSED,,FIREWALL-07,False
ALT-CSE-07-02955,CSE-07,MEDIUM,2024-11-12T06:30:47,2024-11-12T06:32:08.414825,2024-11-12T06:43:28.838566,CLOSED,,ENDPOINT-07,False
ALT-CSE-07-02956,CSE-07,HIGH,2024-10-30T10:48:14,2024-10-30T10:48:45.399387,2024-10-30T11:07:36.004058,CLOSED,,DB-SERVER-07,False
ALT-CSE-07-02957,CSE-07,HIGH,2024-12-22T21:02:54,2024-12-22T21:04:41.508252,2024-12-22T21:22:36.842899,CLOSED,,ENDPOINT-07,False
ALT-CSE-07-02958,CSE-07,LOW,2024-12-18T18:53:06,2024-12-18T18:53:57.978294,2024-12-18T19:13:30.572541,CLOSED,,WEB-SERVER-07,False
ALT-CSE-07-02959,CSE-07,HIGH,2024-10-14T03:50:07,2024-10-14T03:51:28.969155,2024-10-14T04:13:12.248233,CLOSED,,FIREWALL-07,False
ALT-CSE-07-02960,CSE-07,HIGH,2024-11-09T00:41:38,2024-11-09T00:42:13.364098,2024-11-09T01:07:43.816256,CLOSED,,DB-SERVER-07,False
ALT-CSE-07-02961,CSE-07,HIGH,2024-10-29T15:54:29,2024-10-29T15:55:47.754465,2024-10-29T16:10:38.617561,CLOSED,,DB-SERVER-07,False
ALT-CSE-07-02962,CSE-07,MEDIUM,2024-10-26T14:14:07,2024-10-26T14:15:56.222078,2024-10-26T14:31:38.261460,CLOSED,,FIREWALL-07,False
ALT-CSE-07-02963,CSE-07,MEDIUM,2024-12-04T09:58:15,2024-12-04T10:00:02.957663,2024-12-04T10:19:57.239320,CLOSED,,DB-SERVER-07,False
ALT-CSE-07-02964,CSE-07,HIGH,2024-10-11T02:19:48,2024-10-11T02:20:59.549067,2024-10-11T02:41:58.307305,CLOSED,,ENDPOINT-07,False
ALT-CSE-07-02965,CSE-07,MEDIUM,2024-10-12T10:53:58,2024-10-12T10:55:26.729034,2024-10-12T11:18:17.658538,CLOSED,,WEB-SERVER-07,False
ALT-CSE-07-02966,CSE-07,LOW,2024-10-21T19:37:49,2024-10-21T19:39:26.946109,2024-10-21T19:56:04.510932,CLOSED,,ENDPOINT-07,False
ALT-CSE-07-02967,CSE-07,HIGH,2024-12-07T05:07:45,2024-12-07T05:09:16.116715,2024-12-07T05:23:06.810184,CLOSED,,WEB-SERVER-07,False
ALT-CSE-07-02968,CSE-07,MEDIUM,2024-11-23T22:11:07,2024-11-23T22:11:41.165821,2024-11-23T22:24:33.352252,CLOSED,,DB-SERVER-07,False
ALT-CSE-07-02969,CSE-07,HIGH,2024-12-07T12:12:24,2024-12-07T12:13:36.146600,2024-12-07T12:36:38.108713,CLOSED,,FIREWALL-07,False
ALT-CSE-07-02970,CSE-07,HIGH,2024-10-14T22:35:07,2024-10-14T22:36:02.580276,2024-10-14T22:47:55.391821,CLOSED,,FIREWALL-07,False
ALT-CSE-07-02971,CSE-07,MEDIUM,2024-11-22T08:31:04,2024-11-22T08:31:55.886660,2024-11-22T08:44:55.178274,CLOSED,,DB-SERVER-07,False
ALT-CSE-07-02972,CSE-07,HIGH,2024-11-21T16:19:05,2024-11-21T16:20:07.161411,2024-11-21T16:32:49.828184,CLOSED,,ENDPOINT-07,False
ALT-CSE-07-02973,CSE-07,HIGH,2024-12-28T17:03:55,2024-12-28T17:05:44.268085,2024-12-28T17:32:12.109743,CLOSED,,ENDPOINT-07,False
ALT-CSE-07-02974,CSE-07,HIGH,2024-10-25T04:38:10,2024-10-25T04:39:37.315691,2024-10-25T05:03:05.758619,CLOSED,,DB-SERVER-07,False
ALT-CSE-07-02975,CSE-07,MEDIUM,2024-11-09T21:24:04,2024-11-09T21:25:23.549814,2024-11-09T21:46:24.003352,CLOSED,,DB-SERVER-07,False
ALT-CSE-07-02976,CSE-07,MEDIUM,2024-10-29T01:21:03,2024-10-29T01:21:38.921887,2024-10-29T01:39:54.085229,CLOSED,,ENDPOINT-07,False
ALT-CSE-07-02977,CSE-07,LOW,2024-11-28T04:14:49,2024-11-28T04:16:39.011220,2024-11-28T04:35:42.127760,CLOSED,,ENDPOINT-07,False
ALT-CSE-07-02978,CSE-07,LOW,2024-11-04T18:13:19,2024-11-04T18:15:04.384093,2024-11-04T18:30:31.969750,CLOSED,CAS-CSE-07-0868,ENDPOINT-07,False
ALT-CSE-07-02979,CSE-07,MEDIUM,2024-12-27T08:36:30,2024-12-27T08:37:41.991036,2024-12-27T09:01:54.804282,CLOSED,,ENDPOINT-07,False
ALT-CSE-07-02980,CSE-07,HIGH,2024-11-16T16:42:20,2024-11-16T16:42:59.724375,2024-11-16T16:55:56.340436,CLOSED,,ENDPOINT-07,False
ALT-CSE-07-02981,CSE-07,MEDIUM,2024-11-06T00:51:35,2024-11-06T00:52:18.152994,2024-11-06T01:18:51.106329,CLOSED,,ENDPOINT-07,False
ALT-CSE-07-02982,CSE-07,MEDIUM,2024-12-18T10:17:49,2024-12-18T10:18:54.045204,2024-12-18T10:39:01.732455,CLOSED,,DB-SERVER-07,False
ALT-CSE-07-02983,CSE-07,HIGH,2024-12-14T23:55:34,2024-12-14T23:57:27.144244,2024-12-15T00:14:19.393983,CLOSED,,WEB-SERVER-07,False
ALT-CSE-07-02984,CSE-07,MEDIUM,2024-11-07T03:18:19,2024-11-07T03:19:45.025843,2024-11-07T03:37:52.584669,CLOSED,,DB-SERVER-07,False
ALT-CSE-07-02985,CSE-07,HIGH,2024-11-15T09:54:38,2024-11-15T09:56:29.030213,2024-11-15T10:13:41.628492,CLOSED,,WEB-SERVER-07,False
ALT-CSE-07-02986,CSE-07,HIGH,2024-12-08T04:36:13,2024-12-08T04:37:57.367793,2024-12-08T05:02:56.258576,CLOSED,,WEB-SERVER-07,False
ALT-CSE-07-02987,CSE-07,LOW,2024-12-24T16:21:01,2024-12-24T16:22:33.060165,2024-12-24T16:37:22.620519,CLOSED,,ENDPOINT-07,False
ALT-CSE-07-02988,CSE-07,LOW,2024-10-05T08:30:34,2024-10-05T08:31:49.477621,2024-10-05T08:58:32.132648,CLOSED,,WEB-SERVER-07,False
ALT-CSE-07-02989,CSE-07,HIGH,2024-12-19T12:34:33,2024-12-19T12:35:41.890665,2024-12-19T12:53:37.660423,CLOSED,,ENDPOINT-07,False
ALT-CSE-07-02990,CSE-07,LOW,2024-11-04T16:36:01,2024-11-04T16:37:24.729823,2024-11-04T16:51:43.818420,CLOSED,,ENDPOINT-07,False
ALT-CSE-07-02991,CSE-07,HIGH,2024-11-24T15:07:24,2024-11-24T15:09:16.101818,2024-11-24T15:33:24.772227,CLOSED,,DB-SERVER-07,False
ALT-CSE-07-02992,CSE-07,HIGH,2024-10-05T12:26:38,2024-10-05T12:28:04.522883,2024-10-05T12:47:45.166519,CLOSED,,FIREWALL-07,False
ALT-CSE-07-02993,CSE-07,MEDIUM,2024-12-05T20:30:00,2024-12-05T20:31:45.141285,2024-12-05T20:51:54.053543,CLOSED,,FIREWALL-07,False
ALT-CSE-07-02994,CSE-07,HIGH,2024-12-25T02:55:04,2024-12-25T02:55:52.116542,2024-12-25T03:06:05.175376,CLOSED,,ENDPOINT-07,False
ALT-CSE-07-02995,CSE-07,HIGH,2024-11-13T19:33:33,2024-11-13T19:34:51.904095,2024-11-13T19:49:35.283624,CLOSED,,WEB-SERVER-07,False
ALT-CSE-07-02996,CSE-07,MEDIUM,2024-12-26T19:35:58,2024-12-26T19:37:49.024433,2024-12-26T19:50:57.427813,CLOSED,,ENDPOINT-07,False
ALT-CSE-07-02997,CSE-07,LOW,2024-11-02T14:00:54,2024-11-02T14:01:57.387388,2024-11-02T14:24:14.978171,CLOSED,,ENDPOINT-07,False
ALT-CSE-07-02998,CSE-07,LOW,2024-12-21T12:52:06,2024-12-21T12:53:47.116557,2024-12-21T13:08:24.610053,CLOSED,,WEB-SERVER-07,False
ALT-CSE-07-02999,CSE-07,MEDIUM,2024-11-17T21:10:33,2024-11-17T21:12:24.196196,2024-11-17T21:24:47.931665,CLOSED,,WEB-SERVER-07,False
ALT-CSE-07-03000,CSE-07,MEDIUM,2024-12-25T03:10:51,2024-12-25T03:12:39.461891,2024-12-25T03:26:19.993874,CLOSED,,DB-SERVER-07,False
ALT-CSE-07-03001,CSE-07,LOW,2024-11-07T18:28:02,2024-11-07T18:28:46.254670,2024-11-07T18:56:45.868775,CLOSED,,DB-SERVER-07,False
ALT-CSE-07-03002,CSE-07,MEDIUM,2024-10-08T15:40:11,2024-10-08T15:41:25.239158,2024-10-08T15:58:06.905938,CLOSED,,WEB-SERVER-07,False
ALT-CSE-07-03003,CSE-07,MEDIUM,2024-11-30T02:51:58,2024-11-30T02:53:56.839793,2024-11-30T03:06:29.556017,CLOSED,,WEB-SERVER-07,False
ALT-CSE-07-03004,CSE-07,LOW,2024-10-04T00:33:39,2024-10-04T00:34:21.697674,2024-10-04T01:00:25.534996,CLOSED,,WEB-SERVER-07,False
ALT-CSE-07-03005,CSE-07,HIGH,2024-11-21T03:54:16,2024-11-21T03:56:03.518843,2024-11-21T04:14:29.636460,CLOSED,,FIREWALL-07,False
ALT-CSE-07-03006,CSE-07,MEDIUM,2024-11-19T17:06:26,2024-11-19T17:08:21.547786,2024-11-19T17:23:57.413408,CLOSED,,FIREWALL-07,False
ALT-CSE-07-03007,CSE-07,LOW,2024-12-16T16:21:50,2024-12-16T16:22:38.601550,2024-12-16T16:31:56.255901,CLOSED,,WEB-SERVER-07,False
ALT-CSE-07-03008,CSE-07,LOW,2024-10-10T15:21:15,2024-10-10T15:22:26.626151,2024-10-10T15:42:33.232163,CLOSED,,ENDPOINT-07,False
ALT-CSE-07-03009,CSE-07,LOW,2024-11-17T10:36:34,2024-11-17T10:37:40.283975,2024-11-17T11:03:13.012436,CLOSED,,WEB-SERVER-07,False
ALT-CSE-07-03010,CSE-07,HIGH,2024-10-07T06:49:41,2024-10-07T06:51:31.663161,2024-10-07T07:14:44.212802,CLOSED,,FIREWALL-07,False
ALT-CSE-07-03011,CSE-07,LOW,2024-12-20T09:50:36,2024-12-20T09:51:14.446962,2024-12-20T10:10:53.433519,CLOSED,,WEB-SERVER-07,False
ALT-CSE-07-03012,CSE-07,HIGH,2024-10-08T05:40:08,2024-10-08T05:40:46.987487,2024-10-08T06:04:33.624943,CLOSED,,WEB-SERVER-07,False
ALT-CSE-07-03013,CSE-07,HIGH,2024-11-11T13:44:24,2024-11-11T13:45:09.111204,2024-11-11T14:08:19.635442,CLOSED,,ENDPOINT-07,False
ALT-CSE-07-03014,CSE-07,MEDIUM,2024-12-06T09:44:04,2024-12-06T09:45:42.336983,2024-12-06T10:08:31.844230,CLOSED,,WEB-SERVER-07,False
ALT-CSE-07-03015,CSE-07,MEDIUM,2024-10-28T19:12:38,2024-10-28T19:14:19.256611,2024-10-28T19:34:04.072512,CLOSED,,WEB-SERVER-07,False
ALT-CSE-07-03016,CSE-07,HIGH,2024-11-19T07:30:06,2024-11-19T07:31:11.048288,2024-11-19T07:37:56.979878,CLOSED,,FIREWALL-07,False
ALT-CSE-07-03017,CSE-07,HIGH,2024-12-10T09:51:45,2024-12-10T09:53:30.134188,2024-12-10T10:16:31.303034,CLOSED,,FIREWALL-07,False
ALT-CSE-07-03018,CSE-07,LOW,2024-11-20T05:21:37,2024-11-20T05:23:17.349532,2024-11-20T05:40:01.167266,CLOSED,,WEB-SERVER-07,False
ALT-CSE-07-03019,CSE-07,MEDIUM,2024-12-26T19:19:18,2024-12-26T19:21:17.549084,2024-12-26T19:40:44.652734,CLOSED,,ENDPOINT-07,False
ALT-CSE-07-03020,CSE-07,MEDIUM,2024-11-09T11:39:59,2024-11-09T11:41:26.166124,2024-11-09T11:56:10.682672,CLOSED,,ENDPOINT-07,False
ALT-CSE-07-03021,CSE-07,MEDIUM,2024-10-31T03:12:18,2024-10-31T03:13:27.792375,2024-10-31T03:34:25.918074,CLOSED,,WEB-SERVER-07,False
ALT-CSE-07-03022,CSE-07,MEDIUM,2024-10-26T00:24:56,2024-10-26T00:26:44.913934,2024-10-26T00:42:53.467898,CLOSED,,FIREWALL-07,False
ALT-CSE-07-03023,CSE-07,MEDIUM,2024-11-24T08:15:43,2024-11-24T08:16:26.308991,2024-11-24T08:39:54.452198,CLOSED,,DB-SERVER-07,False
ALT-CSE-07-03024,CSE-07,LOW,2024-10-09T19:00:26,2024-10-09T19:01:03.934943,2024-10-09T19:24:42.882522,CLOSED,,WEB-SERVER-07,False
ALT-CSE-07-03025,CSE-07,HIGH,2024-11-02T12:18:16,2024-11-02T12:20:12.904576,2024-11-02T12:36:53.462881,CLOSED,,FIREWALL-07,False
ALT-CSE-07-03026,CSE-07,MEDIUM,2024-11-13T17:40:32,2024-11-13T17:41:14.748330,2024-11-13T18:04:25.954952,CLOSED,,FIREWALL-07,False
ALT-CSE-07-03027,CSE-07,LOW,2024-12-07T10:54:33,2024-12-07T10:55:12.104678,2024-12-07T11:10:32.095905,CLOSED,,DB-SERVER-07,False
ALT-CSE-07-03028,CSE-07,LOW,2024-10-12T18:49:05,2024-10-12T18:50:47.011835,2024-10-12T19:07:30.728807,CLOSED,,FIREWALL-07,False
ALT-CSE-07-03029,CSE-07,LOW,2024-10-19T13:41:00,2024-10-19T13:42:51.868999,2024-10-19T13:59:47.275771,CLOSED,CAS-CSE-07-0869,WEB-SERVER-07,False
ALT-CSE-07-03030,CSE-07,HIGH,2024-11-26T11:00:33,2024-11-26T11:01:49.138296,2024-11-26T11:25:32.016917,CLOSED,,DB-SERVER-07,False
ALT-CSE-07-03031,CSE-07,LOW,2024-12-03T05:29:03,2024-12-03T05:30:36.289447,2024-12-03T05:56:21.499769,CLOSED,,FIREWALL-07,False
ALT-CSE-07-03032,CSE-07,LOW,2024-11-03T23:16:28,2024-11-03T23:17:43.841160,2024-11-03T23:36:56.872632,CLOSED,,FIREWALL-07,False
ALT-CSE-07-03033,CSE-07,MEDIUM,2024-10-05T19:12:49,2024-10-05T19:13:35.340460,2024-10-05T19:25:30.358009,CLOSED,,WEB-SERVER-07,False
ALT-CSE-07-03034,CSE-07,MEDIUM,2024-10-19T09:01:34,2024-10-19T09:02:06.873275,2024-10-19T09:27:16.800116,CLOSED,,ENDPOINT-07,False
ALT-CSE-07-03035,CSE-07,LOW,2024-12-22T14:07:25,2024-12-22T14:09:13.999880,2024-12-22T14:23:49.331302,CLOSED,,ENDPOINT-07,False
ALT-CSE-07-03036,CSE-07,HIGH,2024-12-07T09:47:35,2024-12-07T09:48:16.045476,2024-12-07T10:07:50.466160,CLOSED,,DB-SERVER-07,False
ALT-CSE-07-03037,CSE-07,LOW,2024-12-17T21:10:11,2024-12-17T21:11:28.275606,2024-12-17T21:30:13.402917,CLOSED,,ENDPOINT-07,False
ALT-CSE-07-03038,CSE-07,MEDIUM,2024-10-15T17:45:16,2024-10-15T17:46:25.135512,2024-10-15T18:07:03.426737,CLOSED,,DB-SERVER-07,False
ALT-CSE-07-03039,CSE-07,MEDIUM,2024-10-05T07:20:50,2024-10-05T07:22:35.395674,2024-10-05T07:42:44.558244,CLOSED,,DB-SERVER-07,False
ALT-CSE-07-03040,CSE-07,HIGH,2024-12-25T23:49:12,2024-12-25T23:51:09.419488,2024-12-26T00:08:45.062324,CLOSED,,FIREWALL-07,False
ALT-CSE-07-03041,CSE-07,LOW,2024-10-10T20:58:47,2024-10-10T20:59:36.870672,2024-10-10T21:26:06.978014,CLOSED,,DB-SERVER-07,False
ALT-CSE-07-03042,CSE-07,MEDIUM,2024-12-19T13:08:54,2024-12-19T13:09:53.161438,2024-12-19T13:26:39.549009,CLOSED,,FIREWALL-07,False
ALT-CSE-07-03043,CSE-07,LOW,2024-10-05T15:43:29,2024-10-05T15:44:24.103335,2024-10-05T15:58:14.461010,CLOSED,CAS-CSE-07-0870,FIREWALL-07,False
ALT-CSE-07-03044,CSE-07,HIGH,2024-11-26T19:58:56,2024-11-26T20:00:38.706765,2024-11-26T20:24:01.947946,CLOSED,CAS-CSE-07-0871,WEB-SERVER-07,False
ALT-CSE-07-03045,CSE-07,LOW,2024-12-17T06:37:28,2024-12-17T06:38:24.076616,2024-12-17T06:56:28.846150,CLOSED,,FIREWALL-07,False
ALT-CSE-07-03046,CSE-07,HIGH,2024-11-04T19:17:00,2024-11-04T19:18:02.059364,2024-11-04T19:28:40.068008,CLOSED,,ENDPOINT-07,False
ALT-CSE-07-03047,CSE-07,LOW,2024-12-01T04:23:23,2024-12-01T04:24:23.182074,2024-12-01T04:49:33.372256,CLOSED,,WEB-SERVER-07,False
ALT-CSE-07-03048,CSE-07,HIGH,2024-11-07T16:27:49,2024-11-07T16:28:49.879399,2024-11-07T16:52:45.183874,CLOSED,,ENDPOINT-07,False
ALT-CSE-07-03049,CSE-07,MEDIUM,2024-12-27T19:47:52,2024-12-27T19:49:36.457671,2024-12-27T20:07:29.959127,CLOSED,,FIREWALL-07,False
ALT-CSE-07-03050,CSE-07,MEDIUM,2024-11-29T04:14:32,2024-11-29T04:16:03.056589,2024-11-29T04:30:17.848445,CLOSED,,WEB-SERVER-07,False
ALT-CSE-07-03051,CSE-07,HIGH,2024-12-27T10:51:43,2024-12-27T10:53:19.919114,2024-12-27T11:06:05.966528,CLOSED,,FIREWALL-07,False
ALT-CSE-07-03052,CSE-07,LOW,2024-11-20T15:56:08,2024-11-20T15:56:59.497861,2024-11-20T16:21:23.087098,CLOSED,,WEB-SERVER-07,False
ALT-CSE-07-03053,CSE-07,MEDIUM,2024-11-05T23:28:09,2024-11-05T23:29:10.692338,2024-11-05T23:48:09.553757,CLOSED,,FIREWALL-07,False
ALT-CSE-07-03054,CSE-07,LOW,2024-11-08T15:44:00,2024-11-08T15:45:38.908705,2024-11-08T16:04:37.517702,CLOSED,,FIREWALL-07,False
ALT-CSE-07-03055,CSE-07,LOW,2024-12-05T07:19:57,2024-12-05T07:21:27.975378,2024-12-05T07:47:04.963543,CLOSED,CAS-CSE-07-0872,ENDPOINT-07,False
ALT-CSE-07-03056,CSE-07,MEDIUM,2024-12-22T10:01:14,2024-12-22T10:02:40.756538,2024-12-22T10:19:58.737138,CLOSED,,DB-SERVER-07,False
ALT-CSE-07-03057,CSE-07,HIGH,2024-11-07T22:32:01,2024-11-07T22:33:53.519355,2024-11-07T22:42:11.052554,CLOSED,,ENDPOINT-07,False
ALT-CSE-07-03058,CSE-07,LOW,2024-11-05T11:56:47,2024-11-05T11:57:29.070392,2024-11-05T12:12:23.390770,CLOSED,CAS-CSE-07-0873,DB-SERVER-07,False
ALT-CSE-07-03059,CSE-07,MEDIUM,2024-12-16T13:32:20,2024-12-16T13:32:50.355856,2024-12-16T13:53:25.467354,CLOSED,,DB-SERVER-07,False
ALT-CSE-07-03060,CSE-07,LOW,2024-10-16T04:58:01,2024-10-16T04:59:40.003180,2024-10-16T05:12:40.997932,CLOSED,,DB-SERVER-07,False
ALT-CSE-07-03061,CSE-07,HIGH,2024-10-17T08:10:36,2024-10-17T08:11:42.934835,2024-10-17T08:30:36.161964,CLOSED,,ENDPOINT-07,False
ALT-CSE-07-03062,CSE-07,HIGH,2024-10-27T20:10:45,2024-10-27T20:12:18.333654,2024-10-27T20:31:50.345986,CLOSED,,ENDPOINT-07,False
ALT-CSE-07-03063,CSE-07,MEDIUM,2024-11-08T18:50:25,2024-11-08T18:52:19.775066,2024-11-08T19:12:59.970770,CLOSED,,ENDPOINT-07,False
ALT-CSE-07-03064,CSE-07,LOW,2024-11-09T12:49:01,2024-11-09T12:50:36.376825,2024-11-09T13:13:14.207640,CLOSED,,ENDPOINT-07,False
ALT-CSE-07-03065,CSE-07,LOW,2024-12-29T04:20:21,2024-12-29T04:21:52.592038,2024-12-29T04:43:31.900842,CLOSED,,WEB-SERVER-07,False
ALT-CSE-07-03066,CSE-07,MEDIUM,2024-10-31T16:34:30,2024-10-31T16:36:11.632650,2024-10-31T16:45:15.589973,CLOSED,,FIREWALL-07,False
ALT-CSE-07-03067,CSE-07,LOW,2024-12-14T02:39:36,2024-12-14T02:41:03.119690,2024-12-14T02:55:16.897614,CLOSED,CAS-CSE-07-0874,ENDPOINT-07,False
ALT-CSE-07-03068,CSE-07,MEDIUM,2024-11-21T18:07:02,2024-11-21T18:08:24.631219,2024-11-21T18:28:33.261860,CLOSED,,ENDPOINT-07,False
ALT-CSE-07-03069,CSE-07,LOW,2024-12-13T22:37:10,2024-12-13T22:38:08.405672,2024-12-13T23:06:33.002013,CLOSED,,WEB-SERVER-07,False
ALT-CSE-07-03070,CSE-07,HIGH,2024-12-20T19:55:35,2024-12-20T19:56:31.619939,2024-12-20T20:18:38.033494,CLOSED,,ENDPOINT-07,False
ALT-CSE-07-03071,CSE-07,LOW,2024-10-26T20:05:59,2024-10-26T20:07:10.924773,2024-10-26T20:22:15.292900,CLOSED,,WEB-SERVER-07,False
ALT-CSE-07-03072,CSE-07,HIGH,2024-11-24T06:26:00,2024-11-24T06:27:03.985113,2024-11-24T06:48:10.841405,CLOSED,,WEB-SERVER-07,False
ALT-CSE-07-03073,CSE-07,HIGH,2024-11-17T13:24:57,2024-11-17T13:25:28.203941,2024-11-17T13:39:57.757295,CLOSED,,DB-SERVER-07,False
ALT-CSE-07-03074,CSE-07,LOW,2024-11-24T14:24:31,2024-11-24T14:26:16.056753,2024-11-24T14:49:35.737878,CLOSED,,WEB-SERVER-07,False
ALT-CSE-07-03075,CSE-07,MEDIUM,2024-12-21T08:51:43,2024-12-21T08:53:31.882880,2024-12-21T09:17:06.600587,CLOSED,,WEB-SERVER-07,False
ALT-CSE-07-03076,CSE-07,MEDIUM,2024-12-10T13:31:43,2024-12-10T13:33:36.930218,2024-12-10T13:57:38.848820,CLOSED,,ENDPOINT-07,False
ALT-CSE-07-03077,CSE-07,MEDIUM,2024-10-07T08:20:45,2024-10-07T08:21:49.659841,2024-10-07T08:43:55.375604,CLOSED,,DB-SERVER-07,False
ALT-CSE-07-03078,CSE-07,LOW,2024-10-11T12:28:35,2024-10-11T12:29:44.501241,2024-10-11T12:45:44.641506,CLOSED,,WEB-SERVER-07,False
ALT-CSE-07-03079,CSE-07,LOW,2024-10-10T11:13:03,2024-10-10T11:13:45.419153,2024-10-10T11:36:43.809974,CLOSED,,WEB-SERVER-07,False
ALT-CSE-07-03080,CSE-07,HIGH,2024-10-31T05:43:24,2024-10-31T05:45:01.327328,2024-10-31T06:07:37.705720,CLOSED,CAS-CSE-07-0875,DB-SERVER-07,False
ALT-CSE-07-03081,CSE-07,HIGH,2024-12-22T16:36:50,2024-12-22T16:37:41.549178,2024-12-22T16:54:36.814395,CLOSED,,ENDPOINT-07,False
ALT-CSE-07-03082,CSE-07,MEDIUM,2024-11-04T14:09:58,2024-11-04T14:10:52.982427,2024-11-04T14:32:42.544328,CLOSED,,ENDPOINT-07,False
ALT-CSE-07-03083,CSE-07,LOW,2024-11-16T08:18:23,2024-11-16T08:20:05.838067,2024-11-16T08:34:17.877410,CLOSED,CAS-CSE-07-0876,FIREWALL-07,False
ALT-CSE-07-03084,CSE-07,LOW,2024-12-23T15:40:39,2024-12-23T15:42:20.495515,2024-12-23T15:56:45.970613,CLOSED,,FIREWALL-07,False
ALT-CSE-07-03085,CSE-07,HIGH,2024-10-28T07:25:54,2024-10-28T07:26:44.521143,2024-10-28T07:58:47.526626,CLOSED,,ENDPOINT-07,False
ALT-CSE-07-03086,CSE-07,HIGH,2024-12-24T14:56:12,2024-12-24T14:57:30.486686,2024-12-24T15:04:54.836746,CLOSED,,DB-SERVER-07,False
ALT-CSE-07-03087,CSE-07,HIGH,2024-11-10T20:19:48,2024-11-10T20:21:22.064340,2024-11-10T20:31:49.672819,CLOSED,,FIREWALL-07,False
ALT-CSE-07-03088,CSE-07,LOW,2024-10-14T00:57:56,2024-10-14T00:58:38.094226,2024-10-14T01:21:24.712676,CLOSED,,WEB-SERVER-07,False
ALT-CSE-07-03089,CSE-07,LOW,2024-10-17T21:09:28,2024-10-17T21:10:34.805171,2024-10-17T21:33:49.471029,CLOSED,,FIREWALL-07,False
ALT-CSE-07-03090,CSE-07,MEDIUM,2024-10-29T14:14:56,2024-10-29T14:16:36.918684,2024-10-29T14:34:35.213673,CLOSED,,DB-SERVER-07,False
ALT-CSE-07-03091,CSE-07,LOW,2024-11-22T09:05:18,2024-11-22T09:06:28.283832,2024-11-22T09:28:46.958732,CLOSED,,WEB-SERVER-07,False
ALT-CSE-07-03092,CSE-07,MEDIUM,2024-12-25T08:52:14,2024-12-25T08:53:20.427981,2024-12-25T09:13:35.535937,CLOSED,,ENDPOINT-07,False
ALT-CSE-07-03093,CSE-07,MEDIUM,2024-12-15T10:19:19,2024-12-15T10:20:46.470207,2024-12-15T10:39:03.431253,CLOSED,CAS-CSE-07-0877,DB-SERVER-07,False
ALT-CSE-07-03094,CSE-07,LOW,2024-10-29T12:37:05,2024-10-29T12:38:15.199409,2024-10-29T13:01:11.506650,CLOSED,,ENDPOINT-07,False
ALT-CSE-07-03095,CSE-07,HIGH,2024-10-16T14:58:45,2024-10-16T14:59:20.679156,2024-10-16T15:14:10.426591,CLOSED,,ENDPOINT-07,False
ALT-CSE-07-03096,CSE-07,HIGH,2024-11-24T16:02:23,2024-11-24T16:04:13.406657,2024-11-24T16:17:03.900090,CLOSED,,ENDPOINT-07,False
ALT-CSE-07-03097,CSE-07,HIGH,2024-12-14T13:24:16,2024-12-14T13:25:37.524822,2024-12-14T13:46:52.871088,CLOSED,,WEB-SERVER-07,False
ALT-CSE-07-03098,CSE-07,LOW,2024-12-03T12:05:31,2024-12-03T12:06:53.474052,2024-12-03T12:33:56.213872,CLOSED,,WEB-SERVER-07,False
ALT-CSE-07-03099,CSE-07,MEDIUM,2024-12-18T17:07:20,2024-12-18T17:08:02.764764,2024-12-18T17:27:03.561857,CLOSED,CAS-CSE-07-0878,ENDPOINT-07,False
ALT-CSE-07-03100,CSE-07,HIGH,2024-11-07T01:25:42,2024-11-07T01:26:44.954488,2024-11-07T01:50:29.265309,CLOSED,CAS-CSE-07-0879,DB-SERVER-07,False
ALT-CSE-07-03101,CSE-07,MEDIUM,2024-10-26T17:54:55,2024-10-26T17:56:50.039638,2024-10-26T18:12:10.754476,CLOSED,,FIREWALL-07,False
ALT-CSE-07-03102,CSE-07,MEDIUM,2024-10-16T11:37:54,2024-10-16T11:39:43.909400,2024-10-16T11:53:10.892972,CLOSED,,ENDPOINT-07,False
ALT-CSE-07-03103,CSE-07,HIGH,2024-11-22T04:21:01,2024-11-22T04:21:50.457577,2024-11-22T04:46:48.894536,CLOSED,,ENDPOINT-07,False
ALT-CSE-07-03104,CSE-07,MEDIUM,2024-10-01T17:21:44,2024-10-01T17:22:35.281493,2024-10-01T17:42:03.172060,CLOSED,,DB-SERVER-07,False
ALT-CSE-07-03105,CSE-07,MEDIUM,2024-11-23T03:48:58,2024-11-23T03:50:13.471029,2024-11-23T04:08:03.875405,CLOSED,,ENDPOINT-07,False
ALT-CSE-07-03106,CSE-07,MEDIUM,2024-10-28T01:25:49,2024-10-28T01:26:29.934018,2024-10-28T01:34:03.985618,CLOSED,,ENDPOINT-07,False
ALT-CSE-07-03107,CSE-07,HIGH,2024-10-15T21:24:16,2024-10-15T21:25:12.267146,2024-10-15T21:43:42.807045,CLOSED,,FIREWALL-07,False
ALT-CSE-07-03108,CSE-07,MEDIUM,2024-10-30T02:04:21,2024-10-30T02:05:47.379552,2024-10-30T02:27:25.344577,CLOSED,,ENDPOINT-07,False
ALT-CSE-07-03109,CSE-07,HIGH,2024-11-26T22:09:54,2024-11-26T22:11:36.122796,2024-11-26T22:32:34.556932,CLOSED,,FIREWALL-07,False
ALT-CSE-07-03110,CSE-07,HIGH,2024-10-30T15:42:33,2024-10-30T15:44:30.332792,2024-10-30T16:05:55.259552,CLOSED,,WEB-SERVER-07,False
ALT-CSE-07-03111,CSE-07,HIGH,2024-10-16T22:23:26,2024-10-16T22:24:42.204000,2024-10-16T22:41:29.527275,CLOSED,,FIREWALL-07,False
ALT-CSE-07-03112,CSE-07,LOW,2024-10-04T14:35:23,2024-10-04T14:36:41.799221,2024-10-04T14:53:30.110493,CLOSED,,DB-SERVER-07,False
ALT-CSE-07-03113,CSE-07,LOW,2024-12-25T05:11:54,2024-12-25T05:12:43.244303,2024-12-25T05:22:33.513487,CLOSED,,WEB-SERVER-07,False
ALT-CSE-07-03114,CSE-07,LOW,2024-10-29T02:36:48,2024-10-29T02:37:58.023524,2024-10-29T02:55:16.439862,CLOSED,,FIREWALL-07,False
ALT-CSE-07-03115,CSE-07,LOW,2024-11-15T01:12:02,2024-11-15T01:12:49.627867,2024-11-15T01:29:38.079490,CLOSED,,ENDPOINT-07,False
ALT-CSE-07-03116,CSE-07,MEDIUM,2024-12-27T15:26:35,2024-12-27T15:27:29.754944,2024-12-27T15:45:01.293012,CLOSED,,DB-SERVER-07,False
ALT-CSE-07-03117,CSE-07,LOW,2024-12-07T21:27:38,2024-12-07T21:28:52.905530,2024-12-07T21:47:43.162123,CLOSED,,ENDPOINT-07,False
ALT-CSE-07-03118,CSE-07,LOW,2024-11-13T21:50:01,2024-11-13T21:51:14.692087,2024-11-13T21:53:52.759212,CLOSED,,DB-SERVER-07,False
ALT-CSE-07-03119,CSE-07,HIGH,2024-10-26T11:04:06,2024-10-26T11:05:23.202847,2024-10-26T11:16:25.401747,CLOSED,,FIREWALL-07,False
ALT-CSE-07-03120,CSE-07,MEDIUM,2024-12-15T08:53:29,2024-12-15T08:54:09.601114,2024-12-15T09:10:46.110048,CLOSED,,WEB-SERVER-07,False
ALT-CSE-07-03121,CSE-07,HIGH,2024-12-25T11:13:44,2024-12-25T11:14:35.740782,2024-12-25T11:27:31.520202,CLOSED,CAS-CSE-07-0880,WEB-SERVER-07,False
ALT-CSE-07-03122,CSE-07,LOW,2024-11-10T23:04:41,2024-11-10T23:05:29.435936,2024-11-10T23:23:10.444118,CLOSED,,DB-SERVER-07,False
ALT-CSE-07-03123,CSE-07,HIGH,2024-12-28T14:23:46,2024-12-28T14:24:55.954657,2024-12-28T14:34:00.824676,CLOSED,,FIREWALL-07,False
ALT-CSE-07-03124,CSE-07,MEDIUM,2024-11-23T04:28:23,2024-11-23T04:29:22.965265,2024-11-23T04:46:06.633572,CLOSED,,DB-SERVER-07,False
ALT-CSE-07-03125,CSE-07,LOW,2024-10-29T10:21:03,2024-10-29T10:22:24.755483,2024-10-29T10:38:07.093410,CLOSED,,WEB-SERVER-07,False
ALT-CSE-07-03126,CSE-07,LOW,2024-11-16T02:14:14,2024-11-16T02:15:22.153875,2024-11-16T02:36:37.550714,CLOSED,,FIREWALL-07,False
ALT-CSE-07-03127,CSE-07,MEDIUM,2024-11-19T00:06:58,2024-11-19T00:08:00.788327,2024-11-19T00:19:16.563635,CLOSED,,DB-SERVER-07,False
ALT-CSE-07-03128,CSE-07,HIGH,2024-10-15T08:29:49,2024-10-15T08:31:04.027187,2024-10-15T08:55:54.086054,CLOSED,,FIREWALL-07,False
ALT-CSE-07-03129,CSE-07,HIGH,2024-12-02T07:38:56,2024-12-02T07:40:54.397234,2024-12-02T08:06:06.327666,CLOSED,,WEB-SERVER-07,False
ALT-CSE-07-03130,CSE-07,MEDIUM,2024-10-06T19:47:32,2024-10-06T19:48:09.578764,2024-10-06T20:24:23.828378,CLOSED,,ENDPOINT-07,False
ALT-CSE-07-03131,CSE-07,MEDIUM,2024-12-22T04:21:18,2024-12-22T04:22:42.949811,2024-12-22T04:32:11.829076,CLOSED,,FIREWALL-07,False
ALT-CSE-07-03132,CSE-07,HIGH,2024-12-27T06:13:51,2024-12-27T06:14:21.003521,2024-12-27T06:34:22.036999,CLOSED,,DB-SERVER-07,False
ALT-CSE-07-03133,CSE-07,MEDIUM,2024-12-13T04:41:56,2024-12-13T04:43:51.632241,2024-12-13T05:07:02.701429,CLOSED,,DB-SERVER-07,False
ALT-CSE-07-03134,CSE-07,LOW,2024-12-27T07:22:57,2024-12-27T07:24:03.429237,2024-12-27T07:46:41.629427,CLOSED,,ENDPOINT-07,False
ALT-CSE-07-03135,CSE-07,MEDIUM,2024-10-03T18:04:29,2024-10-03T18:06:13.732092,2024-10-03T18:35:59.428681,CLOSED,,ENDPOINT-07,False
ALT-CSE-07-03136,CSE-07,HIGH,2024-12-02T21:16:21,2024-12-02T21:16:52.945715,2024-12-02T21:28:38.308383,CLOSED,,FIREWALL-07,False
ALT-CSE-07-03137,CSE-07,MEDIUM,2024-12-07T23:56:14,2024-12-07T23:56:47.400863,2024-12-08T00:22:17.350589,CLOSED,,FIREWALL-07,False
ALT-CSE-07-03138,CSE-07,LOW,2024-11-21T01:54:25,2024-11-21T01:55:40.591817,2024-11-21T02:20:24.635968,CLOSED,,ENDPOINT-07,False
ALT-CSE-07-03139,CSE-07,LOW,2024-12-27T19:02:31,2024-12-27T19:03:26.186634,2024-12-27T19:30:35.016450,CLOSED,,DB-SERVER-07,False
ALT-CSE-07-03140,CSE-07,LOW,2024-11-26T03:50:10,2024-11-26T03:51:34.743001,2024-11-26T03:54:18.496386,CLOSED,,DB-SERVER-07,False
ALT-CSE-07-03141,CSE-07,HIGH,2024-11-05T18:52:49,2024-11-05T18:53:21.725133,2024-11-05T19:14:25.188783,CLOSED,,WEB-SERVER-07,False
ALT-CSE-07-03142,CSE-07,HIGH,2024-11-17T17:55:26,2024-11-17T17:56:02.618822,2024-11-17T18:12:08.227805,CLOSED,,DB-SERVER-07,False
ALT-CSE-07-03143,CSE-07,LOW,2024-10-22T04:08:18,2024-10-22T04:09:57.308157,2024-10-22T04:31:00.659879,CLOSED,,ENDPOINT-07,False
ALT-CSE-07-03144,CSE-07,LOW,2024-12-27T08:16:08,2024-12-27T08:17:48.499610,2024-12-27T08:37:02.459274,CLOSED,CAS-CSE-07-0881,ENDPOINT-07,False
ALT-CSE-07-03145,CSE-07,HIGH,2024-11-24T10:10:39,2024-11-24T10:11:15.108781,2024-11-24T10:28:46.580294,CLOSED,,FIREWALL-07,False
ALT-CSE-07-03146,CSE-07,LOW,2024-11-13T22:20:59,2024-11-13T22:22:10.945112,2024-11-13T22:42:05.927807,CLOSED,,WEB-SERVER-07,False
ALT-CSE-07-03147,CSE-07,LOW,2024-12-09T08:13:27,2024-12-09T08:15:25.714398,2024-12-09T08:27:08.705707,CLOSED,,DB-SERVER-07,False
ALT-CSE-07-03148,CSE-07,HIGH,2024-10-28T04:43:43,2024-10-28T04:44:57.404997,2024-10-28T05:12:20.367384,CLOSED,,FIREWALL-07,False
ALT-CSE-07-03149,CSE-07,LOW,2024-11-20T07:33:01,2024-11-20T07:34:44.792508,2024-11-20T07:52:37.536439,CLOSED,,DB-SERVER-07,False
ALT-CSE-07-03150,CSE-07,HIGH,2024-10-13T23:56:20,2024-10-13T23:57:19.790293,2024-10-14T00:14:56.678338,CLOSED,,DB-SERVER-07,False
ALT-CSE-07-03151,CSE-07,HIGH,2024-12-21T14:04:43,2024-12-21T14:06:35.383854,2024-12-21T14:24:45.250340,CLOSED,,DB-SERVER-07,False
ALT-CSE-07-03152,CSE-07,MEDIUM,2024-10-04T20:17:54,2024-10-04T20:18:59.302142,2024-10-04T20:48:20.880647,CLOSED,,DB-SERVER-07,False
ALT-CSE-07-03153,CSE-07,LOW,2024-12-16T05:54:03,2024-12-16T05:55:16.519948,2024-12-16T06:05:15.954480,CLOSED,,DB-SERVER-07,False
ALT-CSE-07-03154,CSE-07,MEDIUM,2024-11-11T00:49:15,2024-11-11T00:51:14.624977,2024-11-11T01:02:19.060880,CLOSED,,WEB-SERVER-07,False
ALT-CSE-07-03155,CSE-07,MEDIUM,2024-10-06T03:36:54,2024-10-06T03:37:55.843621,2024-10-06T03:55:11.402253,CLOSED,,FIREWALL-07,False
ALT-CSE-07-03156,CSE-07,MEDIUM,2024-10-07T19:15:16,2024-10-07T19:16:49.927554,2024-10-07T19:35:08.938595,CLOSED,,FIREWALL-07,False
ALT-CSE-07-03157,CSE-07,MEDIUM,2024-11-14T17:44:43,2024-11-14T17:45:51.309332,2024-11-14T18:07:09.594800,CLOSED,,WEB-SERVER-07,False
ALT-CSE-07-03158,CSE-07,MEDIUM,2024-10-13T08:49:49,2024-10-13T08:51:26.463172,2024-10-13T09:06:59.909584,CLOSED,,WEB-SERVER-07,False
ALT-CSE-07-03159,CSE-07,MEDIUM,2024-10-27T16:56:05,2024-10-27T16:57:09.427103,2024-10-27T17:16:41.411087,CLOSED,,ENDPOINT-07,False
ALT-CSE-07-03160,CSE-07,MEDIUM,2024-10-07T17:38:22,2024-10-07T17:40:13.804576,2024-10-07T17:57:27.072773,CLOSED,,FIREWALL-07,False
ALT-CSE-07-03161,CSE-07,LOW,2024-10-19T11:40:35,2024-10-19T11:42:21.216151,2024-10-19T12:00:47.490062,CLOSED,,ENDPOINT-07,False
ALT-CSE-07-03162,CSE-07,LOW,2024-11-04T16:12:37,2024-11-04T16:14:18.718886,2024-11-04T16:31:18.510157,CLOSED,,ENDPOINT-07,False
ALT-CSE-07-03163,CSE-07,HIGH,2024-10-08T11:15:35,2024-10-08T11:17:12.502935,2024-10-08T11:31:40.981234,CLOSED,,ENDPOINT-07,False
ALT-CSE-07-03164,CSE-07,MEDIUM,2024-12-27T16:59:34,2024-12-27T17:00:18.119949,2024-12-27T17:14:20.563043,CLOSED,,ENDPOINT-07,False
ALT-CSE-07-03165,CSE-07,HIGH,2024-12-08T05:07:53,2024-12-08T05:09:27.715512,2024-12-08T05:29:24.325832,CLOSED,,ENDPOINT-07,False
ALT-CSE-07-03166,CSE-07,HIGH,2024-12-05T04:59:52,2024-12-05T05:01:47.477041,2024-12-05T05:09:18.050857,CLOSED,,DB-SERVER-07,False
ALT-CSE-07-03167,CSE-07,LOW,2024-12-09T07:13:15,2024-12-09T07:14:14.573494,2024-12-09T07:31:36.951757,CLOSED,,WEB-SERVER-07,False
ALT-CSE-07-03168,CSE-07,LOW,2024-12-22T12:49:26,2024-12-22T12:50:21.310355,2024-12-22T13:09:38.752653,CLOSED,,DB-SERVER-07,False
ALT-CSE-07-03169,CSE-07,MEDIUM,2024-12-03T18:58:29,2024-12-03T18:59:15.542412,2024-12-03T19:22:36.490156,CLOSED,,WEB-SERVER-07,False
ALT-CSE-07-03170,CSE-07,HIGH,2024-12-22T09:39:42,2024-12-22T09:40:21.734682,2024-12-22T10:06:49.136997,CLOSED,,ENDPOINT-07,False
ALT-CSE-07-03171,CSE-07,MEDIUM,2024-11-02T11:45:17,2024-11-02T11:47:09.398350,2024-11-02T12:00:31.262850,CLOSED,,WEB-SERVER-07,False
ALT-CSE-07-03172,CSE-07,HIGH,2024-11-06T04:29:37,2024-11-06T04:31:35.746490,2024-11-06T04:54:27.407883,CLOSED,,DB-SERVER-07,False
ALT-CSE-07-03173,CSE-07,MEDIUM,2024-10-07T12:11:10,2024-10-07T12:12:02.232972,2024-10-07T12:33:02.159822,CLOSED,,DB-SERVER-07,False
ALT-CSE-07-03174,CSE-07,MEDIUM,2024-10-07T10:13:38,2024-10-07T10:14:48.439423,2024-10-07T10:36:25.448000,CLOSED,,ENDPOINT-07,False
ALT-CSE-07-03175,CSE-07,LOW,2024-12-01T14:30:55,2024-12-01T14:32:07.788647,2024-12-01T14:50:16.985857,CLOSED,,FIREWALL-07,False
ALT-CSE-07-03176,CSE-07,LOW,2024-10-28T00:10:57,2024-10-28T00:11:40.488867,2024-10-28T00:33:14.848225,CLOSED,,ENDPOINT-07,False
ALT-CSE-07-03177,CSE-07,MEDIUM,2024-10-06T06:11:30,2024-10-06T06:12:06.826172,2024-10-06T06:37:43.110630,CLOSED,,FIREWALL-07,False
ALT-CSE-07-03178,CSE-07,HIGH,2024-11-15T04:21:07,2024-11-15T04:22:54.110179,2024-11-15T04:48:47.108839,CLOSED,,DB-SERVER-07,False
ALT-CSE-07-03179,CSE-07,LOW,2024-10-28T17:41:11,2024-10-28T17:41:58.556310,2024-10-28T17:55:44.633293,CLOSED,,FIREWALL-07,False
ALT-CSE-07-03180,CSE-07,MEDIUM,2024-11-04T21:11:25,2024-11-04T21:13:09.188372,2024-11-04T21:39:49.184886,CLOSED,,FIREWALL-07,False
ALT-CSE-07-03181,CSE-07,MEDIUM,2024-11-19T21:29:12,2024-11-19T21:30:54.793920,2024-11-19T21:57:30.369816,CLOSED,,FIREWALL-07,False
ALT-CSE-07-03182,CSE-07,LOW,2024-10-28T05:42:04,2024-10-28T05:43:46.508938,2024-10-28T05:54:17.895650,CLOSED,,FIREWALL-07,False
ALT-CSE-07-03183,CSE-07,HIGH,2024-11-06T08:06:34,2024-11-06T08:07:41.767297,2024-11-06T08:20:52.909190,CLOSED,,WEB-SERVER-07,False
ALT-CSE-07-03184,CSE-07,MEDIUM,2024-11-05T04:54:54,2024-11-05T04:55:59.145383,2024-11-05T05:14:04.985586,CLOSED,,ENDPOINT-07,False
ALT-CSE-07-03185,CSE-07,HIGH,2024-11-12T13:56:56,2024-11-12T13:57:39.095154,2024-11-12T14:20:08.190264,CLOSED,,FIREWALL-07,False
ALT-CSE-07-03186,CSE-07,HIGH,2024-11-05T18:50:45,2024-11-05T18:51:50.592281,2024-11-05T19:04:21.330108,CLOSED,,DB-SERVER-07,False
ALT-CSE-07-03187,CSE-07,HIGH,2024-10-30T01:13:45,2024-10-30T01:14:46.063465,2024-10-30T01:32:12.218531,CLOSED,,ENDPOINT-07,False
ALT-CSE-07-03188,CSE-07,MEDIUM,2024-10-13T13:48:06,2024-10-13T13:49:45.250494,2024-10-13T14:10:30.544519,CLOSED,,WEB-SERVER-07,False
ALT-CSE-07-03189,CSE-07,HIGH,2024-12-10T09:24:27,2024-12-10T09:25:14.954925,2024-12-10T09:42:44.228760,CLOSED,,DB-SERVER-07,False
ALT-CSE-07-03190,CSE-07,LOW,2024-12-23T02:45:13,2024-12-23T02:46:05.850106,2024-12-23T03:01:24.468825,CLOSED,,DB-SERVER-07,False
ALT-CSE-07-03191,CSE-07,LOW,2024-12-22T03:58:13,2024-12-22T03:59:46.590184,2024-12-22T04:18:27.405863,CLOSED,,ENDPOINT-07,False
ALT-CSE-07-03192,CSE-07,HIGH,2024-11-24T15:27:32,2024-11-24T15:29:07.620884,2024-11-24T15:47:29.453465,CLOSED,,ENDPOINT-07,False
ALT-CSE-07-03193,CSE-07,HIGH,2024-10-16T03:43:05,2024-10-16T03:44:02.038684,2024-10-16T04:12:30.169428,CLOSED,,ENDPOINT-07,False
ALT-CSE-07-03194,CSE-07,LOW,2024-10-31T03:59:48,2024-10-31T04:01:19.639367,2024-10-31T04:17:10.191528,CLOSED,,DB-SERVER-07,False
ALT-CSE-07-03195,CSE-07,MEDIUM,2024-11-14T11:50:53,2024-11-14T11:52:49.365454,2024-11-14T12:13:29.091058,CLOSED,,DB-SERVER-07,False
ALT-CSE-07-03196,CSE-07,LOW,2024-11-09T21:30:40,2024-11-09T21:32:03.365362,2024-11-09T21:50:12.031719,CLOSED,,ENDPOINT-07,False
ALT-CSE-07-03197,CSE-07,LOW,2024-10-20T20:09:39,2024-10-20T20:11:02.204633,2024-10-20T20:27:01.532460,CLOSED,,ENDPOINT-07,False
ALT-CSE-07-03198,CSE-07,HIGH,2024-10-21T22:07:09,2024-10-21T22:08:52.310057,2024-10-21T22:21:11.289277,CLOSED,,WEB-SERVER-07,False
ALT-CSE-07-03199,CSE-07,MEDIUM,2024-11-02T04:57:14,2024-11-02T04:58:25.318598,2024-11-02T05:25:18.758019,CLOSED,,ENDPOINT-07,False
ALT-CSE-07-03200,CSE-07,MEDIUM,2024-12-14T11:06:26,2024-12-14T11:08:22.523018,2024-12-14T11:32:45.187798,CLOSED,,ENDPOINT-07,False
ALT-CSE-07-03201,CSE-07,MEDIUM,2024-12-15T05:38:22,2024-12-15T05:39:34.626285,2024-12-15T06:01:08.420888,CLOSED,,DB-SERVER-07,False
ALT-CSE-07-03202,CSE-07,MEDIUM,2024-10-08T16:13:32,2024-10-08T16:15:00.425143,2024-10-08T16:37:12.405929,CLOSED,,DB-SERVER-07,False
ALT-CSE-07-03203,CSE-07,HIGH,2024-10-08T15:18:17,2024-10-08T15:18:51.619738,2024-10-08T15:44:25.446256,CLOSED,,FIREWALL-07,False
ALT-CSE-07-03204,CSE-07,HIGH,2024-11-15T19:50:59,2024-11-15T19:52:41.842119,2024-11-15T20:11:10.582693,CLOSED,,DB-SERVER-07,False
ALT-CSE-07-03205,CSE-07,MEDIUM,2024-12-21T20:07:53,2024-12-21T20:08:41.941419,2024-12-21T20:22:57.066391,CLOSED,,ENDPOINT-07,False
ALT-CSE-07-03206,CSE-07,MEDIUM,2024-11-03T07:12:32,2024-11-03T07:13:49.856089,2024-11-03T07:35:50.611165,CLOSED,CAS-CSE-07-0882,ENDPOINT-07,False
ALT-CSE-07-03207,CSE-07,HIGH,2024-10-06T08:30:43,2024-10-06T08:31:32.326403,2024-10-06T08:49:37.051101,CLOSED,,WEB-SERVER-07,False
ALT-CSE-07-03208,CSE-07,HIGH,2024-12-07T19:13:11,2024-12-07T19:14:06.100846,2024-12-07T19:30:01.784311,CLOSED,,DB-SERVER-07,False
ALT-CSE-07-03209,CSE-07,LOW,2024-11-24T11:49:50,2024-11-24T11:51:02.809715,2024-11-24T12:07:32.808364,CLOSED,,WEB-SERVER-07,False
ALT-CSE-07-03210,CSE-07,MEDIUM,2024-11-03T20:27:58,2024-11-03T20:29:13.103977,2024-11-03T20:51:58.358077,CLOSED,,FIREWALL-07,False
ALT-CSE-07-03211,CSE-07,MEDIUM,2024-10-26T02:26:10,2024-10-26T02:28:03.318236,2024-10-26T02:45:51.893014,CLOSED,,FIREWALL-07,False
ALT-CSE-07-03212,CSE-07,MEDIUM,2024-11-13T08:10:12,2024-11-13T08:11:06.464339,2024-11-13T08:26:18.336728,CLOSED,,ENDPOINT-07,False
ALT-CSE-07-03213,CSE-07,HIGH,2024-10-16T17:07:32,2024-10-16T17:09:08.564456,2024-10-16T17:28:37.858254,CLOSED,CAS-CSE-07-0883,DB-SERVER-07,False
ALT-CSE-07-03214,CSE-07,LOW,2024-10-07T23:45:35,2024-10-07T23:46:49.451009,2024-10-08T00:01:54.826295,CLOSED,,DB-SERVER-07,False
ALT-CSE-07-03215,CSE-07,HIGH,2024-11-26T05:34:14,2024-11-26T05:35:13.189649,2024-11-26T05:56:32.229231,CLOSED,,DB-SERVER-07,False
ALT-CSE-07-03216,CSE-07,HIGH,2024-11-21T12:19:18,2024-11-21T12:20:14.183885,2024-11-21T12:45:22.233572,CLOSED,,DB-SERVER-07,False
ALT-CSE-07-03217,CSE-07,LOW,2024-12-21T14:01:18,2024-12-21T14:03:11.334177,2024-12-21T14:19:52.970763,CLOSED,,DB-SERVER-07,False
ALT-CSE-07-03218,CSE-07,LOW,2024-10-02T22:39:27,2024-10-02T22:40:03.772601,2024-10-02T23:06:51.566035,CLOSED,,WEB-SERVER-07,False
ALT-CSE-07-03219,CSE-07,HIGH,2024-10-08T10:11:22,2024-10-08T10:12:24.585913,2024-10-08T10:33:51.840048,CLOSED,CAS-CSE-07-0884,WEB-SERVER-07,False
ALT-CSE-07-03220,CSE-07,MEDIUM,2024-12-10T00:10:35,2024-12-10T00:11:52.010231,2024-12-10T00:38:18.428276,CLOSED,,FIREWALL-07,False
ALT-CSE-07-03221,CSE-07,HIGH,2024-10-02T18:22:54,2024-10-02T18:23:41.505039,2024-10-02T18:39:09.339129,CLOSED,,WEB-SERVER-07,False
ALT-CSE-07-03222,CSE-07,MEDIUM,2024-12-26T08:22:47,2024-12-26T08:23:25.357890,2024-12-26T08:42:08.257864,CLOSED,,DB-SERVER-07,False
ALT-CSE-07-03223,CSE-07,HIGH,2024-10-30T21:02:43,2024-10-30T21:04:36.172548,2024-10-30T21:22:43.625874,CLOSED,,WEB-SERVER-07,False
ALT-CSE-07-03224,CSE-07,LOW,2024-12-11T05:32:21,2024-12-11T05:34:18.860850,2024-12-11T05:50:46.833171,CLOSED,,ENDPOINT-07,False
ALT-CSE-07-03225,CSE-07,HIGH,2024-10-05T18:22:51,2024-10-05T18:23:26.418603,2024-10-05T18:35:24.144471,CLOSED,,DB-SERVER-07,False
ALT-CSE-07-03226,CSE-07,HIGH,2024-11-10T23:11:13,2024-11-10T23:12:14.068940,2024-11-10T23:33:14.757911,CLOSED,,WEB-SERVER-07,False
ALT-CSE-07-03227,CSE-07,HIGH,2024-12-08T14:45:03,2024-12-08T14:46:02.521186,2024-12-08T14:57:16.825106,CLOSED,,WEB-SERVER-07,False
ALT-CSE-07-03228,CSE-07,HIGH,2024-12-01T07:36:43,2024-12-01T07:38:02.339168,2024-12-01T07:55:56.494737,CLOSED,,DB-SERVER-07,False
ALT-CSE-07-03229,CSE-07,MEDIUM,2024-11-02T11:11:44,2024-11-02T11:13:43.901272,2024-11-02T11:23:59.725858,CLOSED,,FIREWALL-07,False
ALT-CSE-07-03230,CSE-07,MEDIUM,2024-10-13T08:40:03,2024-10-13T08:41:29.239112,2024-10-13T08:50:28.635537,CLOSED,,ENDPOINT-07,False
ALT-CSE-07-03231,CSE-07,HIGH,2024-12-10T23:22:18,2024-12-10T23:23:26.280925,2024-12-10T23:37:40.069212,CLOSED,CAS-CSE-07-0885,DB-SERVER-07,False
ALT-CSE-07-03232,CSE-07,HIGH,2024-12-26T19:27:34,2024-12-26T19:28:20.911201,2024-12-26T19:49:58.229633,CLOSED,,DB-SERVER-07,False
ALT-CSE-07-03233,CSE-07,LOW,2024-10-25T09:05:31,2024-10-25T09:06:56.575836,2024-10-25T09:25:09.421485,CLOSED,,WEB-SERVER-07,False
ALT-CSE-07-03234,CSE-07,LOW,2024-11-28T04:23:26,2024-11-28T04:24:27.919544,2024-11-28T04:42:54.103079,CLOSED,,DB-SERVER-07,False
ALT-CSE-07-03235,CSE-07,MEDIUM,2024-11-09T09:12:46,2024-11-09T09:13:18.661892,2024-11-09T09:32:25.498818,CLOSED,,ENDPOINT-07,False
ALT-CSE-07-03236,CSE-07,LOW,2024-11-26T14:50:10,2024-11-26T14:51:27.280613,2024-11-26T15:10:28.597871,CLOSED,,FIREWALL-07,False
ALT-CSE-07-03237,CSE-07,HIGH,2024-10-15T21:18:31,2024-10-15T21:19:26.012200,2024-10-15T21:46:40.626967,CLOSED,,DB-SERVER-07,False
ALT-CSE-07-03238,CSE-07,MEDIUM,2024-10-02T18:01:00,2024-10-02T18:02:32.974624,2024-10-02T18:22:37.650216,CLOSED,,DB-SERVER-07,False
ALT-CSE-07-03239,CSE-07,HIGH,2024-11-30T23:58:06,2024-11-30T23:58:49.702718,2024-12-01T00:16:27.496131,CLOSED,,WEB-SERVER-07,False
ALT-CSE-07-03240,CSE-07,MEDIUM,2024-12-18T01:32:18,2024-12-18T01:33:07.239756,2024-12-18T01:50:15.762126,CLOSED,,ENDPOINT-07,False
ALT-CSE-07-03241,CSE-07,MEDIUM,2024-10-24T22:50:41,2024-10-24T22:52:30.630400,2024-10-24T23:10:47.125604,CLOSED,,WEB-SERVER-07,False
ALT-CSE-07-03242,CSE-07,HIGH,2024-10-02T11:55:41,2024-10-02T11:56:49.665104,2024-10-02T12:08:21.247558,CLOSED,,DB-SERVER-07,False
ALT-CSE-07-03243,CSE-07,LOW,2024-10-18T15:29:50,2024-10-18T15:31:22.300770,2024-10-18T15:42:32.289323,CLOSED,,WEB-SERVER-07,False
ALT-CSE-07-03244,CSE-07,MEDIUM,2024-10-20T06:43:09,2024-10-20T06:44:09.633946,2024-10-20T07:05:34.449471,CLOSED,,FIREWALL-07,False
ALT-CSE-07-03245,CSE-07,LOW,2024-10-11T16:18:59,2024-10-11T16:20:09.911073,2024-10-11T16:45:10.310670,CLOSED,,FIREWALL-07,False
ALT-CSE-07-03246,CSE-07,LOW,2024-11-15T11:41:25,2024-11-15T11:43:14.002774,2024-11-15T11:54:38.584023,CLOSED,,DB-SERVER-07,False
ALT-CSE-07-03247,CSE-07,MEDIUM,2024-11-09T18:08:48,2024-11-09T18:10:27.709523,2024-11-09T18:22:48.575002,CLOSED,,FIREWALL-07,False
ALT-CSE-07-03248,CSE-07,HIGH,2024-10-26T11:09:27,2024-10-26T11:10:25.057127,2024-10-26T11:29:25.751651,CLOSED,,WEB-SERVER-07,False
ALT-CSE-07-03249,CSE-07,HIGH,2024-12-07T23:23:28,2024-12-07T23:25:04.035060,2024-12-07T23:47:20.147018,CLOSED,,DB-SERVER-07,False
ALT-CSE-07-03250,CSE-07,LOW,2024-10-29T18:11:01,2024-10-29T18:12:32.547725,2024-10-29T18:35:12.786956,CLOSED,,DB-SERVER-07,False
ALT-CSE-07-03251,CSE-07,LOW,2024-11-14T11:02:25,2024-11-14T11:03:06.836027,2024-11-14T11:18:24.688078,CLOSED,,FIREWALL-07,False
ALT-CSE-07-03252,CSE-07,MEDIUM,2024-11-24T02:35:11,2024-11-24T02:36:26.573292,2024-11-24T02:56:59.073773,CLOSED,,DB-SERVER-07,False
ALT-CSE-07-03253,CSE-07,HIGH,2024-10-28T21:55:24,2024-10-28T21:56:00.942398,2024-10-28T22:10:11.687070,CLOSED,,DB-SERVER-07,False
ALT-CSE-07-03254,CSE-07,HIGH,2024-11-02T01:17:12,2024-11-02T01:17:52.842876,2024-11-02T01:40:22.362494,CLOSED,,FIREWALL-07,False
ALT-CSE-07-03255,CSE-07,MEDIUM,2024-12-11T22:05:24,2024-12-11T22:06:50.422330,2024-12-11T22:30:06.521495,CLOSED,,ENDPOINT-07,False
ALT-CSE-07-03256,CSE-07,MEDIUM,2024-11-01T07:20:05,2024-11-01T07:20:38.260779,2024-11-01T07:46:56.085660,CLOSED,,WEB-SERVER-07,False
ALT-CSE-07-03257,CSE-07,LOW,2024-11-23T00:18:14,2024-11-23T00:19:53.264772,2024-11-23T00:35:56.843124,CLOSED,,DB-SERVER-07,False
ALT-CSE-07-03258,CSE-07,LOW,2024-12-01T20:17:18,2024-12-01T20:18:00.847361,2024-12-01T20:36:50.574567,CLOSED,,DB-SERVER-07,False
ALT-CSE-07-03259,CSE-07,LOW,2024-10-24T15:58:44,2024-10-24T16:00:00.720844,2024-10-24T16:19:40.555102,CLOSED,,DB-SERVER-07,False
ALT-CSE-07-03260,CSE-07,HIGH,2024-11-16T23:14:31,2024-11-16T23:15:11.498016,2024-11-16T23:37:11.615148,CLOSED,,FIREWALL-07,False
ALT-CSE-07-03261,CSE-07,HIGH,2024-12-10T02:31:43,2024-12-10T02:32:51.669392,2024-12-10T02:52:56.994466,CLOSED,,FIREWALL-07,False
ALT-CSE-07-03262,CSE-07,LOW,2024-10-28T03:57:56,2024-10-28T03:59:36.529773,2024-10-28T04:17:59.175785,CLOSED,,DB-SERVER-07,False
ALT-CSE-07-03263,CSE-07,LOW,2024-11-28T03:32:24,2024-11-28T03:33:36.480691,2024-11-28T03:58:09.033073,CLOSED,,WEB-SERVER-07,False
ALT-CSE-07-03264,CSE-07,LOW,2024-10-31T02:00:24,2024-10-31T02:01:45.244120,2024-10-31T02:14:20.806564,CLOSED,,FIREWALL-07,False
ALT-CSE-07-03265,CSE-07,LOW,2024-12-28T17:20:58,2024-12-28T17:21:58.369860,2024-12-28T17:34:16.242894,CLOSED,,ENDPOINT-07,False
ALT-CSE-07-03266,CSE-07,HIGH,2024-12-12T02:57:21,2024-12-12T02:58:59.891100,2024-12-12T03:26:28.286144,CLOSED,,ENDPOINT-07,False
ALT-CSE-07-03267,CSE-07,HIGH,2024-11-11T11:12:01,2024-11-11T11:13:53.112085,2024-11-11T11:28:26.376318,CLOSED,,ENDPOINT-07,False
ALT-CSE-07-03268,CSE-07,HIGH,2024-10-05T21:54:33,2024-10-05T21:55:53.524515,2024-10-05T22:23:48.165403,CLOSED,,DB-SERVER-07,False
ALT-CSE-07-03269,CSE-07,HIGH,2024-10-22T15:52:54,2024-10-22T15:53:39.699325,2024-10-22T16:19:42.352743,CLOSED,,DB-SERVER-07,False
ALT-CSE-07-03270,CSE-07,HIGH,2024-10-18T12:27:47,2024-10-18T12:29:24.691955,2024-10-18T12:52:38.237760,CLOSED,,FIREWALL-07,False
ALT-CSE-07-03271,CSE-07,LOW,2024-10-05T14:06:56,2024-10-05T14:08:22.666416,2024-10-05T14:26:04.430783,CLOSED,,FIREWALL-07,False
ALT-CSE-07-03272,CSE-07,MEDIUM,2024-10-20T15:20:41,2024-10-20T15:21:51.104774,2024-10-20T15:42:08.930867,CLOSED,,DB-SERVER-07,False
ALT-CSE-07-03273,CSE-07,HIGH,2024-11-13T12:35:16,2024-11-13T12:36:39.643497,2024-11-13T12:52:53.006997,CLOSED,,WEB-SERVER-07,False
ALT-CSE-07-03274,CSE-07,LOW,2024-12-29T15:02:57,2024-12-29T15:04:37.759094,2024-12-29T15:31:27.553347,CLOSED,,WEB-SERVER-07,False
ALT-CSE-07-03275,CSE-07,LOW,2024-11-29T18:09:04,2024-11-29T18:09:55.596787,2024-11-29T18:28:14.482837,CLOSED,,ENDPOINT-07,False
ALT-CSE-07-03276,CSE-07,LOW,2024-12-28T16:49:34,2024-12-28T16:51:26.006113,2024-12-28T17:08:13.463992,CLOSED,,DB-SERVER-07,False
ALT-CSE-07-03277,CSE-07,HIGH,2024-12-03T17:59:54,2024-12-03T18:01:14.135931,2024-12-03T18:17:25.355757,CLOSED,CAS-CSE-07-0886,ENDPOINT-07,False
ALT-CSE-07-03278,CSE-07,HIGH,2024-10-09T20:26:53,2024-10-09T20:27:49.289329,2024-10-09T20:48:00.032129,CLOSED,,ENDPOINT-07,False
ALT-CSE-07-03279,CSE-07,HIGH,2024-12-11T09:45:16,2024-12-11T09:46:05.546906,2024-12-11T10:09:07.490779,CLOSED,,FIREWALL-07,False
ALT-CSE-07-03280,CSE-07,MEDIUM,2024-12-14T02:32:34,2024-12-14T02:33:07.057154,2024-12-14T02:49:36.916871,CLOSED,,DB-SERVER-07,False
ALT-CSE-07-03281,CSE-07,LOW,2024-12-11T13:51:28,2024-12-11T13:52:00.135148,2024-12-11T14:18:14.105821,CLOSED,,DB-SERVER-07,False
ALT-CSE-07-03282,CSE-07,LOW,2024-12-17T20:28:43,2024-12-17T20:30:37.136044,2024-12-17T20:43:06.348213,CLOSED,,DB-SERVER-07,False
ALT-CSE-07-03283,CSE-07,HIGH,2024-11-30T21:17:20,2024-11-30T21:19:04.689739,2024-11-30T21:35:50.237627,CLOSED,,ENDPOINT-07,False
ALT-CSE-07-03284,CSE-07,LOW,2024-12-12T07:47:50,2024-12-12T07:49:34.092044,2024-12-12T08:07:35.760896,CLOSED,,FIREWALL-07,False
ALT-CSE-07-03285,CSE-07,HIGH,2024-12-28T23:42:39,2024-12-28T23:43:50.961980,2024-12-29T00:03:29.230318,CLOSED,CAS-CSE-07-0887,ENDPOINT-07,False
ALT-CSE-07-03286,CSE-07,MEDIUM,2024-12-16T11:54:52,2024-12-16T11:56:03.578934,2024-12-16T12:10:40.286937,CLOSED,,WEB-SERVER-07,False
ALT-CSE-07-03287,CSE-07,LOW,2024-10-31T12:01:05,2024-10-31T12:02:08.217361,2024-10-31T12:27:17.752445,CLOSED,,ENDPOINT-07,False
ALT-CSE-07-03288,CSE-07,LOW,2024-12-17T14:26:11,2024-12-17T14:26:42.478772,2024-12-17T14:47:39.190075,CLOSED,,DB-SERVER-07,False
ALT-CSE-07-03289,CSE-07,HIGH,2024-10-30T18:29:45,2024-10-30T18:31:22.078060,2024-10-30T18:42:35.128342,CLOSED,,FIREWALL-07,False
ALT-CSE-07-03290,CSE-07,HIGH,2024-10-09T14:18:48,2024-10-09T14:20:14.575097,2024-10-09T14:25:18.224350,CLOSED,,WEB-SERVER-07,False
ALT-CSE-07-03291,CSE-07,MEDIUM,2024-11-06T16:45:52,2024-11-06T16:47:29.500844,2024-11-06T17:04:44.159535,CLOSED,CAS-CSE-07-0888,ENDPOINT-07,False
ALT-CSE-07-03292,CSE-07,LOW,2024-11-17T08:21:11,2024-11-17T08:22:46.945328,2024-11-17T08:32:44.245676,CLOSED,,ENDPOINT-07,False
ALT-CSE-07-03293,CSE-07,HIGH,2024-10-17T21:33:47,2024-10-17T21:34:53.182051,2024-10-17T21:57:56.136553,CLOSED,,FIREWALL-07,False
ALT-CSE-07-03294,CSE-07,LOW,2024-11-14T00:36:17,2024-11-14T00:38:14.954794,2024-11-14T00:48:51.969879,CLOSED,,DB-SERVER-07,False
ALT-CSE-07-03295,CSE-07,LOW,2024-11-16T09:48:21,2024-11-16T09:49:33.527833,2024-11-16T09:59:52.405224,CLOSED,,DB-SERVER-07,False
ALT-CSE-07-03296,CSE-07,HIGH,2024-11-12T20:04:34,2024-11-12T20:05:52.945632,2024-11-12T20:24:07.984058,CLOSED,,FIREWALL-07,False
ALT-CSE-07-03297,CSE-07,HIGH,2024-12-02T23:32:34,2024-12-02T23:33:12.142290,2024-12-02T23:45:30.995658,CLOSED,,DB-SERVER-07,False
ALT-CSE-07-03298,CSE-07,HIGH,2024-12-27T17:17:25,2024-12-27T17:19:20.465797,2024-12-27T17:43:40.297847,CLOSED,,FIREWALL-07,False
ALT-CSE-07-03299,CSE-07,LOW,2024-12-27T23:57:21,2024-12-27T23:59:10.617472,2024-12-28T00:21:59.323269,CLOSED,,FIREWALL-07,False
ALT-CSE-07-03300,CSE-07,HIGH,2024-11-26T04:52:38,2024-11-26T04:53:45.061565,2024-11-26T05:10:13.077617,CLOSED,,ENDPOINT-07,False
ALT-CSE-07-03301,CSE-07,HIGH,2024-12-03T12:22:32,2024-12-03T12:23:12.410886,2024-12-03T12:35:16.726073,CLOSED,,DB-SERVER-07,False
ALT-CSE-07-03302,CSE-07,LOW,2024-12-28T20:25:35,2024-12-28T20:27:03.454521,2024-12-28T20:52:03.076233,CLOSED,,WEB-SERVER-07,False
ALT-CSE-07-03303,CSE-07,HIGH,2024-10-17T20:54:15,2024-10-17T20:55:15.906789,2024-10-17T21:11:54.281804,CLOSED,,WEB-SERVER-07,False
ALT-CSE-07-03304,CSE-07,LOW,2024-11-08T05:53:19,2024-11-08T05:54:39.997608,2024-11-08T06:13:13.153264,CLOSED,,ENDPOINT-07,False
ALT-CSE-07-03305,CSE-07,MEDIUM,2024-11-07T11:06:15,2024-11-07T11:07:29.820050,2024-11-07T11:22:29.325065,CLOSED,,DB-SERVER-07,False
ALT-CSE-07-03306,CSE-07,MEDIUM,2024-12-03T14:09:05,2024-12-03T14:11:04.581585,2024-12-03T14:29:58.853539,CLOSED,,DB-SERVER-07,False
ALT-CSE-07-03307,CSE-07,LOW,2024-10-02T08:00:33,2024-10-02T08:02:19.246329,2024-10-02T08:20:17.038797,CLOSED,,ENDPOINT-07,False
ALT-CSE-07-03308,CSE-07,MEDIUM,2024-12-20T08:51:10,2024-12-20T08:52:40.792971,2024-12-20T09:09:32.762695,CLOSED,,WEB-SERVER-07,False
ALT-CSE-07-03309,CSE-07,HIGH,2024-10-07T06:17:12,2024-10-07T06:18:08.014280,2024-10-07T06:35:54.794077,CLOSED,,ENDPOINT-07,False
ALT-CSE-07-03310,CSE-07,LOW,2024-11-15T12:41:44,2024-11-15T12:43:12.617822,2024-11-15T13:01:59.955377,CLOSED,,DB-SERVER-07,False
ALT-CSE-07-03311,CSE-07,LOW,2024-11-07T00:37:04,2024-11-07T00:37:37.584496,2024-11-07T01:01:55.777553,CLOSED,CAS-CSE-07-0889,FIREWALL-07,False
ALT-CSE-07-03312,CSE-07,MEDIUM,2024-10-24T15:58:33,2024-10-24T15:59:54.672267,2024-10-24T16:24:10.510825,CLOSED,,DB-SERVER-07,False
ALT-CSE-07-03313,CSE-07,HIGH,2024-11-20T08:03:38,2024-11-20T08:04:48.524180,2024-11-20T08:20:58.936748,CLOSED,,DB-SERVER-07,False
ALT-CSE-07-03314,CSE-07,LOW,2024-12-22T04:36:58,2024-12-22T04:38:46.105505,2024-12-22T04:49:57.071474,CLOSED,,ENDPOINT-07,False
ALT-CSE-07-03315,CSE-07,HIGH,2024-11-14T02:42:06,2024-11-14T02:43:51.829199,2024-11-14T02:55:40.877218,CLOSED,,ENDPOINT-07,False
ALT-CSE-07-03316,CSE-07,LOW,2024-12-08T10:20:21,2024-12-08T10:21:48.738136,2024-12-08T10:46:52.549643,CLOSED,,ENDPOINT-07,False
ALT-CSE-07-03317,CSE-07,MEDIUM,2024-11-30T02:35:06,2024-11-30T02:36:58.973639,2024-11-30T02:56:59.580613,CLOSED,,DB-SERVER-07,False
ALT-CSE-07-03318,CSE-07,MEDIUM,2024-10-30T12:31:40,2024-10-30T12:33:37.649330,2024-10-30T12:53:51.978932,CLOSED,,WEB-SERVER-07,False
ALT-CSE-07-03319,CSE-07,LOW,2024-12-08T05:55:59,2024-12-08T05:56:41.293686,2024-12-08T06:14:40.714427,CLOSED,,WEB-SERVER-07,False
ALT-CSE-07-03320,CSE-07,HIGH,2024-10-15T16:04:04,2024-10-15T16:04:52.916418,2024-10-15T16:22:03.435736,CLOSED,CAS-CSE-07-0890,FIREWALL-07,False
ALT-CSE-07-03321,CSE-07,MEDIUM,2024-10-01T15:39:13,2024-10-01T15:40:29.781706,2024-10-01T16:05:52.465097,CLOSED,,ENDPOINT-07,False
ALT-CSE-07-03322,CSE-07,MEDIUM,2024-11-25T17:58:26,2024-11-25T17:59:59.441231,2024-11-25T18:23:51.269812,CLOSED,,DB-SERVER-07,False
ALT-CSE-07-03323,CSE-07,LOW,2024-12-10T11:32:26,2024-12-10T11:33:58.858146,2024-12-10T11:53:39.862911,CLOSED,,DB-SERVER-07,False
ALT-CSE-07-03324,CSE-07,MEDIUM,2024-10-31T08:17:13,2024-10-31T08:18:52.327840,2024-10-31T08:37:45.855620,CLOSED,,FIREWALL-07,False
ALT-CSE-07-03325,CSE-07,MEDIUM,2024-11-26T12:40:01,2024-11-26T12:41:09.233976,2024-11-26T13:02:53.668022,CLOSED,,ENDPOINT-07,False
ALT-CSE-07-03326,CSE-07,HIGH,2024-11-08T09:52:53,2024-11-08T09:54:21.346656,2024-11-08T10:17:22.940413,CLOSED,,WEB-SERVER-07,False
ALT-CSE-07-03327,CSE-07,MEDIUM,2024-12-03T14:01:25,2024-12-03T14:02:44.250439,2024-12-03T14:25:57.775013,CLOSED,,DB-SERVER-07,False
ALT-CSE-07-03328,CSE-07,MEDIUM,2024-11-16T07:55:19,2024-11-16T07:56:25.803934,2024-11-16T08:17:14.558457,CLOSED,,WEB-SERVER-07,False
ALT-CSE-07-03329,CSE-07,LOW,2024-11-20T05:45:30,2024-11-20T05:46:31.860327,2024-11-20T06:02:53.852234,CLOSED,,FIREWALL-07,False
ALT-CSE-07-03330,CSE-07,HIGH,2024-11-08T00:47:59,2024-11-08T00:48:52.498877,2024-11-08T01:09:09.804673,CLOSED,,ENDPOINT-07,False
ALT-CSE-07-03331,CSE-07,MEDIUM,2024-11-30T23:20:52,2024-11-30T23:21:52.254384,2024-11-30T23:36:31.892768,CLOSED,,WEB-SERVER-07,False
ALT-CSE-07-03332,CSE-07,HIGH,2024-12-09T19:30:21,2024-12-09T19:31:05.959020,2024-12-09T19:50:44.851199,CLOSED,,ENDPOINT-07,False
ALT-CSE-07-03333,CSE-07,LOW,2024-10-16T22:04:14,2024-10-16T22:05:03.204117,2024-10-16T22:26:08.144455,CLOSED,,WEB-SERVER-07,False
ALT-CSE-07-03334,CSE-07,LOW,2024-10-27T22:58:09,2024-10-27T22:59:41.669032,2024-10-27T23:19:16.036078,CLOSED,,ENDPOINT-07,False
ALT-CSE-07-03335,CSE-07,MEDIUM,2024-12-28T23:53:46,2024-12-28T23:55:32.524995,2024-12-29T00:06:25.694902,CLOSED,,FIREWALL-07,False
ALT-CSE-07-03336,CSE-07,HIGH,2024-10-02T06:49:20,2024-10-02T06:50:52.383521,2024-10-02T07:06:27.198430,CLOSED,,DB-SERVER-07,False
ALT-CSE-07-03337,CSE-07,MEDIUM,2024-12-29T20:05:05,2024-12-29T20:06:50.790822,2024-12-29T20:35:51.150277,CLOSED,CAS-CSE-07-0891,DB-SERVER-07,False
ALT-CSE-07-03338,CSE-07,LOW,2024-10-20T00:20:27,2024-10-20T00:21:40.487853,2024-10-20T00:37:58.617609,CLOSED,,FIREWALL-07,False
ALT-CSE-07-03339,CSE-07,LOW,2024-11-29T22:24:40,2024-11-29T22:26:22.426896,2024-11-29T22:45:30.022015,CLOSED,,WEB-SERVER-07,False
ALT-CSE-07-03340,CSE-07,MEDIUM,2024-12-27T04:41:49,2024-12-27T04:42:42.543597,2024-12-27T05:03:21.975504,CLOSED,,FIREWALL-07,False
ALT-CSE-07-03341,CSE-07,LOW,2024-11-11T19:49:28,2024-11-11T19:51:13.143760,2024-11-11T20:10:29.774469,CLOSED,CAS-CSE-07-0892,ENDPOINT-07,False
ALT-CSE-07-03342,CSE-07,MEDIUM,2024-11-22T02:20:30,2024-11-22T02:22:27.199496,2024-11-22T02:45:17.340009,CLOSED,,DB-SERVER-07,False
ALT-CSE-07-03343,CSE-07,HIGH,2024-11-08T06:58:27,2024-11-08T06:59:16.691842,2024-11-08T07:17:09.625724,CLOSED,CAS-CSE-07-0893,WEB-SERVER-07,False
ALT-CSE-07-03344,CSE-07,LOW,2024-10-20T19:37:41,2024-10-20T19:38:45.707251,2024-10-20T20:00:25.605058,CLOSED,,WEB-SERVER-07,False
ALT-CSE-07-03345,CSE-07,MEDIUM,2024-11-25T15:05:04,2024-11-25T15:05:50.860058,2024-11-25T15:26:43.511289,CLOSED,,DB-SERVER-07,False
ALT-CSE-07-03346,CSE-07,LOW,2024-12-28T23:57:53,2024-12-28T23:58:45.987985,2024-12-29T00:21:02.339418,CLOSED,,ENDPOINT-07,False
ALT-CSE-07-03347,CSE-07,HIGH,2024-12-15T13:25:10,2024-12-15T13:25:52.961884,2024-12-15T13:46:45.433968,CLOSED,,FIREWALL-07,False
ALT-CSE-07-03348,CSE-07,MEDIUM,2024-12-22T10:00:00,2024-12-22T10:01:49.955095,2024-12-22T10:16:17.062179,CLOSED,,WEB-SERVER-07,False
ALT-CSE-07-03349,CSE-07,MEDIUM,2024-11-13T09:33:08,2024-11-13T09:34:53.496118,2024-11-13T09:53:06.557929,CLOSED,,ENDPOINT-07,False
ALT-CSE-07-03350,CSE-07,LOW,2024-10-21T08:42:42,2024-10-21T08:43:32.656516,2024-10-21T09:07:45.592436,CLOSED,,DB-SERVER-07,False
ALT-CSE-07-03351,CSE-07,MEDIUM,2024-12-29T04:16:38,2024-12-29T04:17:46.284327,2024-12-29T04:35:06.701749,CLOSED,,DB-SERVER-07,False
ALT-CSE-07-03352,CSE-07,LOW,2024-11-08T18:09:07,2024-11-08T18:09:44.053695,2024-11-08T18:26:01.875964,CLOSED,,DB-SERVER-07,False
ALT-CSE-07-03353,CSE-07,MEDIUM,2024-11-03T21:38:28,2024-11-03T21:40:20.445735,2024-11-03T21:57:29.578398,CLOSED,,WEB-SERVER-07,False
ALT-CSE-07-03354,CSE-07,HIGH,2024-12-21T01:08:03,2024-12-21T01:09:34.495599,2024-12-21T01:28:35.066833,CLOSED,,ENDPOINT-07,False
ALT-CSE-07-03355,CSE-07,LOW,2024-10-02T13:04:32,2024-10-02T13:05:41.925943,2024-10-02T13:15:42.382400,CLOSED,,ENDPOINT-07,False
ALT-CSE-07-03356,CSE-07,LOW,2024-11-20T20:43:00,2024-11-20T20:44:58.788729,2024-11-20T21:06:59.355173,CLOSED,,FIREWALL-07,False
ALT-CSE-07-03357,CSE-07,MEDIUM,2024-12-28T19:31:16,2024-12-28T19:32:50.573627,2024-12-28T19:50:32.698510,CLOSED,,DB-SERVER-07,False
ALT-CSE-07-03358,CSE-07,LOW,2024-10-13T23:04:43,2024-10-13T23:05:42.526379,2024-10-13T23:26:00.214849,CLOSED,,ENDPOINT-07,False
ALT-CSE-07-03359,CSE-07,LOW,2024-12-07T17:34:24,2024-12-07T17:35:49.530671,2024-12-07T17:55:36.367848,CLOSED,,DB-SERVER-07,False
ALT-CSE-07-03360,CSE-07,MEDIUM,2024-12-15T17:45:37,2024-12-15T17:47:10.203546,2024-12-15T18:09:58.864382,CLOSED,,ENDPOINT-07,False
ALT-CSE-07-03361,CSE-07,MEDIUM,2024-10-23T02:52:40,2024-10-23T02:54:30.673001,2024-10-23T03:08:36.953963,CLOSED,,DB-SERVER-07,False
ALT-CSE-07-03362,CSE-07,HIGH,2024-11-26T00:18:15,2024-11-26T00:18:52.707448,2024-11-26T00:29:32.152129,CLOSED,,FIREWALL-07,False
ALT-CSE-07-03363,CSE-07,HIGH,2024-11-26T10:33:02,2024-11-26T10:34:45.136293,2024-11-26T10:55:05.510827,CLOSED,,ENDPOINT-07,False
ALT-CSE-07-03364,CSE-07,HIGH,2024-12-07T04:34:38,2024-12-07T04:36:05.399039,2024-12-07T05:04:29.610452,CLOSED,,WEB-SERVER-07,False
ALT-CSE-07-03365,CSE-07,LOW,2024-12-18T16:23:40,2024-12-18T16:25:18.558602,2024-12-18T16:42:33.394443,CLOSED,,WEB-SERVER-07,False
ALT-CSE-07-03366,CSE-07,HIGH,2024-12-11T01:05:49,2024-12-11T01:06:36.717345,2024-12-11T01:19:26.576955,CLOSED,,DB-SERVER-07,False
ALT-CSE-07-03367,CSE-07,MEDIUM,2024-10-12T12:06:56,2024-10-12T12:08:47.543619,2024-10-12T12:27:26.232831,CLOSED,,ENDPOINT-07,False
ALT-CSE-07-03368,CSE-07,HIGH,2024-11-15T06:43:38,2024-11-15T06:45:09.732305,2024-11-15T06:56:22.740094,CLOSED,,WEB-SERVER-07,False
ALT-CSE-07-03369,CSE-07,LOW,2024-12-18T20:11:40,2024-12-18T20:13:09.674448,2024-12-18T20:29:58.862990,CLOSED,,FIREWALL-07,False
ALT-CSE-07-03370,CSE-07,LOW,2024-12-02T08:10:38,2024-12-02T08:11:15.610726,2024-12-02T08:40:42.277080,CLOSED,,ENDPOINT-07,False
ALT-CSE-07-03371,CSE-07,HIGH,2024-12-10T00:38:53,2024-12-10T00:39:27.593838,2024-12-10T00:57:44.948989,CLOSED,,FIREWALL-07,False
ALT-CSE-07-03372,CSE-07,MEDIUM,2024-12-25T19:09:17,2024-12-25T19:10:13.022998,2024-12-25T19:28:48.068912,CLOSED,,WEB-SERVER-07,False
ALT-CSE-07-03373,CSE-07,LOW,2024-11-03T04:48:54,2024-11-03T04:50:48.496140,2024-11-03T05:12:36.178545,CLOSED,,ENDPOINT-07,False
ALT-CSE-07-03374,CSE-07,LOW,2024-12-09T05:38:37,2024-12-09T05:39:27.277206,2024-12-09T06:08:07.287100,CLOSED,,DB-SERVER-07,False
ALT-CSE-07-03375,CSE-07,HIGH,2024-11-07T17:29:22,2024-11-07T17:30:34.465821,2024-11-07T17:47:42.020528,CLOSED,,WEB-SERVER-07,False
ALT-CSE-07-03376,CSE-07,MEDIUM,2024-11-11T09:46:04,2024-11-11T09:47:29.904067,2024-11-11T10:07:34.301000,CLOSED,,WEB-SERVER-07,False
ALT-CSE-07-03377,CSE-07,MEDIUM,2024-10-29T19:03:12,2024-10-29T19:05:11.568752,2024-10-29T19:31:25.207585,CLOSED,,WEB-SERVER-07,False
ALT-CSE-07-03378,CSE-07,LOW,2024-11-22T23:01:24,2024-11-22T23:01:58.148082,2024-11-22T23:25:39.835411,CLOSED,CAS-CSE-07-0894,ENDPOINT-07,False
ALT-CSE-07-03379,CSE-07,MEDIUM,2024-11-21T09:58:53,2024-11-21T10:00:21.755013,2024-11-21T10:09:49.745663,CLOSED,,WEB-SERVER-07,False
ALT-CSE-07-03380,CSE-07,MEDIUM,2024-11-27T00:08:31,2024-11-27T00:09:17.284927,2024-11-27T00:27:56.837822,CLOSED,,ENDPOINT-07,False
ALT-CSE-07-03381,CSE-07,LOW,2024-10-29T21:36:40,2024-10-29T21:37:40.578880,2024-10-29T22:05:26.754254,CLOSED,,WEB-SERVER-07,False
ALT-CSE-07-03382,CSE-07,MEDIUM,2024-11-03T01:20:13,2024-11-03T01:20:48.302145,2024-11-03T01:41:07.440073,CLOSED,,WEB-SERVER-07,False
ALT-CSE-07-03383,CSE-07,MEDIUM,2024-11-19T14:53:39,2024-11-19T14:54:51.558944,2024-11-19T15:16:01.247250,CLOSED,,FIREWALL-07,False
ALT-CSE-07-03384,CSE-07,LOW,2024-10-20T21:14:11,2024-10-20T21:15:21.859484,2024-10-20T21:29:53.821916,CLOSED,,DB-SERVER-07,False
ALT-CSE-07-03385,CSE-07,MEDIUM,2024-11-08T02:12:00,2024-11-08T02:13:39.684736,2024-11-08T02:35:04.275857,CLOSED,,ENDPOINT-07,False
ALT-CSE-07-03386,CSE-07,HIGH,2024-10-07T11:42:19,2024-10-07T11:43:18.585802,2024-10-07T12:09:40.683038,CLOSED,,WEB-SERVER-07,False
ALT-CSE-07-03387,CSE-07,MEDIUM,2024-10-21T23:58:21,2024-10-22T00:00:10.925612,2024-10-22T00:10:26.607223,CLOSED,,FIREWALL-07,False
ALT-CSE-07-03388,CSE-07,HIGH,2024-10-27T03:16:33,2024-10-27T03:18:20.914348,2024-10-27T03:44:57.722433,CLOSED,,DB-SERVER-07,False
ALT-CSE-07-03389,CSE-07,HIGH,2024-12-15T05:19:54,2024-12-15T05:21:02.180460,2024-12-15T05:42:52.315867,CLOSED,,ENDPOINT-07,False
ALT-CSE-07-03390,CSE-07,LOW,2024-11-19T21:06:35,2024-11-19T21:07:27.129535,2024-11-19T21:25:30.696311,CLOSED,,DB-SERVER-07,False
ALT-CSE-07-03391,CSE-07,LOW,2024-12-02T23:53:13,2024-12-02T23:54:32.567099,2024-12-03T00:14:39.193905,CLOSED,,WEB-SERVER-07,False
ALT-CSE-07-03392,CSE-07,HIGH,2024-10-18T05:18:12,2024-10-18T05:19:49.750590,2024-10-18T05:45:01.197230,CLOSED,,FIREWALL-07,False
ALT-CSE-07-03393,CSE-07,MEDIUM,2024-10-19T18:53:20,2024-10-19T18:54:59.201759,2024-10-19T19:11:35.164968,CLOSED,,FIREWALL-07,False
ALT-CSE-07-03394,CSE-07,MEDIUM,2024-10-13T22:20:14,2024-10-13T22:22:05.621680,2024-10-13T22:44:09.491980,CLOSED,,WEB-SERVER-07,False
ALT-CSE-07-03395,CSE-07,LOW,2024-11-20T05:27:33,2024-11-20T05:29:24.573521,2024-11-20T05:43:38.240408,CLOSED,,DB-SERVER-07,False
ALT-CSE-07-03396,CSE-07,HIGH,2024-10-08T18:02:54,2024-10-08T18:04:19.453662,2024-10-08T18:31:00.907215,CLOSED,,WEB-SERVER-07,False
ALT-CSE-07-03397,CSE-07,HIGH,2024-10-26T14:58:46,2024-10-26T14:59:47.144507,2024-10-26T15:28:47.507969,CLOSED,,DB-SERVER-07,False
ALT-CSE-07-03398,CSE-07,LOW,2024-10-25T14:46:36,2024-10-25T14:48:07.642656,2024-10-25T15:10:23.849339,CLOSED,,ENDPOINT-07,False
ALT-CSE-07-03399,CSE-07,MEDIUM,2024-10-02T08:45:52,2024-10-02T08:47:41.248768,2024-10-02T09:05:14.546089,CLOSED,,FIREWALL-07,False
ALT-CSE-07-03400,CSE-07,MEDIUM,2024-10-09T07:44:09,2024-10-09T07:45:34.615264,2024-10-09T08:07:07.035639,CLOSED,,ENDPOINT-07,False
ALT-CSE-07-03401,CSE-07,MEDIUM,2024-11-04T18:26:54,2024-11-04T18:27:56.328049,2024-11-04T18:49:34.204410,CLOSED,,FIREWALL-07,False
ALT-CSE-07-03402,CSE-07,MEDIUM,2024-10-15T00:54:33,2024-10-15T00:56:32.652840,2024-10-15T01:13:27.516278,CLOSED,,ENDPOINT-07,False
ALT-CSE-07-03403,CSE-07,MEDIUM,2024-12-19T13:30:28,2024-12-19T13:31:01.518563,2024-12-19T13:58:59.208214,CLOSED,,WEB-SERVER-07,False
ALT-CSE-07-03404,CSE-07,HIGH,2024-10-23T05:03:17,2024-10-23T05:04:08.029676,2024-10-23T05:24:25.756212,CLOSED,,ENDPOINT-07,False
ALT-CSE-07-03405,CSE-07,LOW,2024-12-10T23:26:28,2024-12-10T23:26:59.022580,2024-12-10T23:53:54.959277,CLOSED,,DB-SERVER-07,False
ALT-CSE-07-03406,CSE-07,MEDIUM,2024-11-10T20:50:02,2024-11-10T20:51:58.638596,2024-11-10T21:04:41.288739,CLOSED,,DB-SERVER-07,False
ALT-CSE-07-03407,CSE-07,LOW,2024-11-25T05:50:54,2024-11-25T05:52:05.068263,2024-11-25T06:05:50.097703,CLOSED,,WEB-SERVER-07,False
ALT-CSE-07-03408,CSE-07,HIGH,2024-12-01T02:20:47,2024-12-01T02:21:19.971942,2024-12-01T02:50:01.385657,CLOSED,,WEB-SERVER-07,False
ALT-CSE-07-03409,CSE-07,HIGH,2024-12-25T10:32:34,2024-12-25T10:34:29.795518,2024-12-25T11:02:05.459891,CLOSED,,FIREWALL-07,False
ALT-CSE-07-03410,CSE-07,MEDIUM,2024-11-07T16:46:30,2024-11-07T16:47:08.809850,2024-11-07T17:05:07.708868,CLOSED,,WEB-SERVER-07,False
ALT-CSE-07-03411,CSE-07,MEDIUM,2024-12-22T23:16:08,2024-12-22T23:16:38.772718,2024-12-22T23:31:13.512288,CLOSED,,ENDPOINT-07,False
ALT-CSE-07-03412,CSE-07,HIGH,2024-12-27T17:38:18,2024-12-27T17:39:40.168771,2024-12-27T17:56:19.828206,CLOSED,,ENDPOINT-07,False
ALT-CSE-07-03413,CSE-07,HIGH,2024-11-11T18:17:45,2024-11-11T18:19:06.342574,2024-11-11T18:29:15.077389,CLOSED,,DB-SERVER-07,False
ALT-CSE-07-03414,CSE-07,LOW,2024-11-04T08:45:24,2024-11-04T08:46:20.566276,2024-11-04T08:58:46.627882,CLOSED,,DB-SERVER-07,False
ALT-CSE-07-03415,CSE-07,LOW,2024-11-07T00:22:25,2024-11-07T00:22:59.157822,2024-11-07T00:42:38.391319,CLOSED,,DB-SERVER-07,False
ALT-CSE-07-03416,CSE-07,LOW,2024-11-23T05:55:21,2024-11-23T05:57:10.609467,2024-11-23T06:24:44.540520,CLOSED,,ENDPOINT-07,False
ALT-CSE-07-03417,CSE-07,LOW,2024-12-12T05:48:25,2024-12-12T05:50:07.639970,2024-12-12T06:14:00.444059,CLOSED,,WEB-SERVER-07,False
ALT-CSE-07-03418,CSE-07,LOW,2024-11-20T00:32:32,2024-11-20T00:34:02.156422,2024-11-20T00:45:16.960115,CLOSED,,FIREWALL-07,False
ALT-CSE-07-03419,CSE-07,HIGH,2024-10-17T17:14:25,2024-10-17T17:15:33.609284,2024-10-17T17:36:29.298413,CLOSED,,DB-SERVER-07,False
ALT-CSE-07-03420,CSE-07,LOW,2024-10-28T17:44:05,2024-10-28T17:45:43.433377,2024-10-28T18:05:32.687246,CLOSED,,WEB-SERVER-07,False
ALT-CSE-07-03421,CSE-07,MEDIUM,2024-12-12T21:32:23,2024-12-12T21:34:17.345751,2024-12-12T21:44:47.337175,CLOSED,,FIREWALL-07,False
ALT-CSE-07-03422,CSE-07,MEDIUM,2024-10-10T21:46:15,2024-10-10T21:47:56.710024,2024-10-10T22:14:19.009150,CLOSED,,WEB-SERVER-07,False
ALT-CSE-07-03423,CSE-07,LOW,2024-12-12T05:53:41,2024-12-12T05:54:37.307365,2024-12-12T06:16:28.815112,CLOSED,,ENDPOINT-07,False
ALT-CSE-07-03424,CSE-07,HIGH,2024-11-24T09:23:20,2024-11-24T09:24:30.947481,2024-11-24T09:45:15.785451,CLOSED,,WEB-SERVER-07,False
ALT-CSE-07-03425,CSE-07,LOW,2024-12-05T03:19:13,2024-12-05T03:20:42.727825,2024-12-05T03:41:41.520013,CLOSED,,FIREWALL-07,False
ALT-CSE-07-03426,CSE-07,HIGH,2024-11-24T12:17:42,2024-11-24T12:19:41.311106,2024-11-24T12:44:36.688778,CLOSED,,WEB-SERVER-07,False
ALT-CSE-07-03427,CSE-07,MEDIUM,2024-12-09T02:52:48,2024-12-09T02:53:20.104369,2024-12-09T03:04:56.799507,CLOSED,,WEB-SERVER-07,False
ALT-CSE-07-03428,CSE-07,MEDIUM,2024-12-09T01:00:41,2024-12-09T01:01:55.533297,2024-12-09T01:26:44.057129,CLOSED,,FIREWALL-07,False
ALT-CSE-07-03429,CSE-07,HIGH,2024-12-14T19:46:50,2024-12-14T19:48:44.158744,2024-12-14T20:06:19.694096,CLOSED,,DB-SERVER-07,False
ALT-CSE-07-03430,CSE-07,MEDIUM,2024-12-06T00:07:32,2024-12-06T00:09:06.468109,2024-12-06T00:24:40.596055,CLOSED,,WEB-SERVER-07,False
ALT-CSE-07-03431,CSE-07,LOW,2024-10-26T09:02:17,2024-10-26T09:03:12.763117,2024-10-26T09:29:47.939626,CLOSED,,FIREWALL-07,False
ALT-CSE-07-03432,CSE-07,MEDIUM,2024-10-21T04:24:31,2024-10-21T04:26:27.408842,2024-10-21T04:46:44.512621,CLOSED,,DB-SERVER-07,False
ALT-CSE-07-03433,CSE-07,MEDIUM,2024-11-16T19:46:47,2024-11-16T19:47:38.539137,2024-11-16T19:59:53.378348,CLOSED,,FIREWALL-07,False
ALT-CSE-07-03434,CSE-07,LOW,2024-11-28T09:58:33,2024-11-28T09:59:52.540675,2024-11-28T10:19:45.825598,CLOSED,,ENDPOINT-07,False
ALT-CSE-07-03435,CSE-07,HIGH,2024-12-23T02:05:22,2024-12-23T02:06:05.151306,2024-12-23T02:23:46.366535,CLOSED,,ENDPOINT-07,False
ALT-CSE-07-03436,CSE-07,HIGH,2024-10-28T22:07:59,2024-10-28T22:08:51.713377,2024-10-28T22:26:58.068467,CLOSED,,DB-SERVER-07,False
ALT-CSE-07-03437,CSE-07,MEDIUM,2024-12-21T18:47:42,2024-12-21T18:49:37.789625,2024-12-21T19:01:02.663882,CLOSED,,FIREWALL-07,False
ALT-CSE-07-03438,CSE-07,HIGH,2024-10-04T10:25:48,2024-10-04T10:26:47.219811,2024-10-04T10:46:31.075873,CLOSED,,ENDPOINT-07,False
ALT-CSE-07-03439,CSE-07,MEDIUM,2024-10-25T22:46:06,2024-10-25T22:46:53.293531,2024-10-25T23:11:25.680631,CLOSED,,DB-SERVER-07,False
ALT-CSE-07-03440,CSE-07,HIGH,2024-12-07T02:51:28,2024-12-07T02:53:03.593543,2024-12-07T03:06:22.483545,CLOSED,,ENDPOINT-07,False
ALT-CSE-07-03441,CSE-07,HIGH,2024-12-13T13:49:31,2024-12-13T13:50:17.763295,2024-12-13T14:08:30.365627,CLOSED,,FIREWALL-07,False
ALT-CSE-07-03442,CSE-07,LOW,2024-12-03T22:00:26,2024-12-03T22:01:43.669763,2024-12-03T22:09:21.588743,CLOSED,,ENDPOINT-07,False
ALT-CSE-07-03443,CSE-07,LOW,2024-10-26T16:30:41,2024-10-26T16:31:23.512394,2024-10-26T16:54:18.467670,CLOSED,,WEB-SERVER-07,False
ALT-CSE-07-03444,CSE-07,HIGH,2024-12-25T17:17:14,2024-12-25T17:19:11.686970,2024-12-25T17:28:45.507421,CLOSED,,WEB-SERVER-07,False
ALT-CSE-07-03445,CSE-07,LOW,2024-11-21T11:17:00,2024-11-21T11:17:33.506032,2024-11-21T11:40:33.245193,CLOSED,,ENDPOINT-07,False
ALT-CSE-07-03446,CSE-07,HIGH,2024-11-14T11:55:12,2024-11-14T11:56:02.212065,2024-11-14T12:14:16.419344,CLOSED,,WEB-SERVER-07,False
ALT-CSE-07-03447,CSE-07,HIGH,2024-11-15T08:18:54,2024-11-15T08:19:29.640450,2024-11-15T08:35:45.712480,CLOSED,,FIREWALL-07,False
ALT-CSE-07-03448,CSE-07,LOW,2024-12-28T03:54:58,2024-12-28T03:56:25.462293,2024-12-28T04:13:55.789675,CLOSED,,WEB-SERVER-07,False
ALT-CSE-07-03449,CSE-07,LOW,2024-12-15T16:01:31,2024-12-15T16:02:54.057815,2024-12-15T16:20:09.785415,CLOSED,,FIREWALL-07,False
ALT-CSE-07-03450,CSE-07,HIGH,2024-12-04T07:36:59,2024-12-04T07:38:36.382228,2024-12-04T07:55:51.434585,CLOSED,,DB-SERVER-07,False
ALT-CSE-07-03451,CSE-07,HIGH,2024-11-20T06:16:51,2024-11-20T06:18:12.885643,2024-11-20T06:34:41.652854,CLOSED,,ENDPOINT-07,False
ALT-CSE-07-03452,CSE-07,MEDIUM,2024-10-31T07:30:31,2024-10-31T07:31:50.091182,2024-10-31T08:04:30.714821,CLOSED,,ENDPOINT-07,False
ALT-CSE-07-03453,CSE-07,HIGH,2024-10-03T23:05:07,2024-10-03T23:06:36.382839,2024-10-03T23:17:33.797614,CLOSED,,ENDPOINT-07,False
ALT-CSE-07-03454,CSE-07,LOW,2024-11-01T14:49:34,2024-11-01T14:50:40.493628,2024-11-01T15:00:42.275595,CLOSED,,ENDPOINT-07,False
ALT-CSE-07-03455,CSE-07,LOW,2024-12-07T00:01:41,2024-12-07T00:02:42.057932,2024-12-07T00:20:37.750975,CLOSED,,WEB-SERVER-07,False
ALT-CSE-07-03456,CSE-07,MEDIUM,2024-10-17T13:14:56,2024-10-17T13:16:01.200037,2024-10-17T13:44:01.503907,CLOSED,,WEB-SERVER-07,False
ALT-CSE-07-03457,CSE-07,HIGH,2024-12-10T17:44:04,2024-12-10T17:45:10.068153,2024-12-10T18:12:54.011351,CLOSED,,ENDPOINT-07,False
ALT-CSE-07-03458,CSE-07,MEDIUM,2024-12-03T03:51:28,2024-12-03T03:53:15.106206,2024-12-03T04:13:58.259652,CLOSED,,ENDPOINT-07,False
ALT-CSE-07-03459,CSE-07,HIGH,2024-11-07T04:15:55,2024-11-07T04:17:46.663603,2024-11-07T04:30:40.825192,CLOSED,,FIREWALL-07,False
ALT-CSE-07-03460,CSE-07,MEDIUM,2024-10-13T03:23:12,2024-10-13T03:23:51.154502,2024-10-13T03:51:01.406726,CLOSED,,WEB-SERVER-07,False
ALT-CSE-07-03461,CSE-07,MEDIUM,2024-11-15T23:20:44,2024-11-15T23:22:13.382615,2024-11-15T23:40:04.996359,CLOSED,,FIREWALL-07,False
ALT-CSE-07-03462,CSE-07,LOW,2024-10-08T04:26:14,2024-10-08T04:27:43.409208,2024-10-08T04:41:52.241932,CLOSED,,DB-SERVER-07,False
ALT-CSE-07-03463,CSE-07,HIGH,2024-10-03T01:47:39,2024-10-03T01:49:03.580500,2024-10-03T02:16:35.537777,CLOSED,,FIREWALL-07,False
ALT-CSE-07-03464,CSE-07,HIGH,2024-10-31T09:44:09,2024-10-31T09:45:02.515144,2024-10-31T10:05:39.004233,CLOSED,,ENDPOINT-07,False
ALT-CSE-07-03465,CSE-07,LOW,2024-12-09T05:52:33,2024-12-09T05:53:10.820030,2024-12-09T06:07:12.443319,CLOSED,,FIREWALL-07,False
ALT-CSE-07-03466,CSE-07,MEDIUM,2024-12-13T04:49:41,2024-12-13T04:50:37.199737,2024-12-13T05:18:06.564829,CLOSED,,ENDPOINT-07,False
ALT-CSE-07-03467,CSE-07,MEDIUM,2024-12-27T11:28:11,2024-12-27T11:29:20.145591,2024-12-27T11:51:36.952047,CLOSED,,WEB-SERVER-07,False
ALT-CSE-07-03468,CSE-07,MEDIUM,2024-11-02T13:57:22,2024-11-02T13:58:47.897810,2024-11-02T14:21:54.873332,CLOSED,,WEB-SERVER-07,False
ALT-CSE-07-03469,CSE-07,LOW,2024-11-05T17:27:33,2024-11-05T17:29:14.641635,2024-11-05T17:50:27.164161,CLOSED,,ENDPOINT-07,False
ALT-CSE-07-03470,CSE-07,MEDIUM,2024-12-12T03:48:08,2024-12-12T03:49:49.703367,2024-12-12T04:05:03.472163,CLOSED,,FIREWALL-07,False
ALT-CSE-07-03471,CSE-07,HIGH,2024-12-19T08:02:09,2024-12-19T08:03:26.026305,2024-12-19T08:23:14.812892,CLOSED,,ENDPOINT-07,False
ALT-CSE-07-03472,CSE-07,HIGH,2024-12-01T18:21:08,2024-12-01T18:22:01.867647,2024-12-01T18:37:19.533176,CLOSED,CAS-CSE-07-0895,ENDPOINT-07,False
ALT-CSE-07-03473,CSE-07,HIGH,2024-12-22T06:06:01,2024-12-22T06:06:44.790113,2024-12-22T06:28:57.261518,CLOSED,,WEB-SERVER-07,False
ALT-CSE-07-03474,CSE-07,HIGH,2024-10-28T12:01:03,2024-10-28T12:02:51.205123,2024-10-28T12:23:25.819049,CLOSED,,DB-SERVER-07,False
ALT-CSE-07-03475,CSE-07,LOW,2024-10-07T19:05:45,2024-10-07T19:06:47.947854,2024-10-07T19:30:31.663656,CLOSED,,DB-SERVER-07,False
ALT-CSE-07-03476,CSE-07,LOW,2024-11-04T13:42:52,2024-11-04T13:44:32.034585,2024-11-04T14:05:32.555811,CLOSED,,ENDPOINT-07,False
ALT-CSE-07-03477,CSE-07,LOW,2024-12-11T04:18:40,2024-12-11T04:20:18.040609,2024-12-11T04:42:35.875088,CLOSED,,FIREWALL-07,False
ALT-CSE-07-03478,CSE-07,LOW,2024-12-11T10:45:05,2024-12-11T10:45:39.515630,2024-12-11T11:10:55.456512,CLOSED,,FIREWALL-07,False
ALT-CSE-07-03479,CSE-07,MEDIUM,2024-10-06T21:59:31,2024-10-06T22:01:30.152900,2024-10-06T22:16:46.413331,CLOSED,CAS-CSE-07-0896,WEB-SERVER-07,False
ALT-CSE-07-03480,CSE-07,LOW,2024-11-06T16:01:05,2024-11-06T16:02:27.149356,2024-11-06T16:20:02.039679,CLOSED,,DB-SERVER-07,False
ALT-CSE-07-03481,CSE-07,LOW,2024-10-31T21:11:24,2024-10-31T21:13:15.754565,2024-10-31T21:41:02.125769,CLOSED,,WEB-SERVER-07,False
ALT-CSE-07-03482,CSE-07,MEDIUM,2024-10-27T12:14:53,2024-10-27T12:16:06.203365,2024-10-27T12:35:39.998090,CLOSED,,WEB-SERVER-07,False
ALT-CSE-07-03483,CSE-07,MEDIUM,2024-10-16T15:30:06,2024-10-16T15:30:52.141809,2024-10-16T15:49:09.230039,CLOSED,,DB-SERVER-07,False
ALT-CSE-07-03484,CSE-07,MEDIUM,2024-12-11T11:10:13,2024-12-11T11:11:55.984716,2024-12-11T11:28:28.334768,CLOSED,,WEB-SERVER-07,False
ALT-CSE-07-03485,CSE-07,HIGH,2024-12-19T16:37:41,2024-12-19T16:38:37.203594,2024-12-19T16:56:59.571517,CLOSED,,WEB-SERVER-07,False
ALT-CSE-07-03486,CSE-07,MEDIUM,2024-10-13T12:02:46,2024-10-13T12:04:22.083382,2024-10-13T12:22:28.956647,CLOSED,CAS-CSE-07-0897,FIREWALL-07,False
ALT-CSE-07-03487,CSE-07,HIGH,2024-10-17T14:55:03,2024-10-17T14:56:02.899688,2024-10-17T15:16:41.402405,CLOSED,,ENDPOINT-07,False
ALT-CSE-07-03488,CSE-07,HIGH,2024-11-14T08:19:55,2024-11-14T08:21:16.088442,2024-11-14T08:44:59.317286,CLOSED,,ENDPOINT-07,False
ALT-CSE-07-03489,CSE-07,HIGH,2024-12-26T16:10:45,2024-12-26T16:12:31.347103,2024-12-26T16:31:44.058491,CLOSED,,FIREWALL-07,False
ALT-CSE-07-03490,CSE-07,LOW,2024-12-15T16:19:46,2024-12-15T16:21:37.981506,2024-12-15T16:45:45.658531,CLOSED,,DB-SERVER-07,False
ALT-CSE-07-03491,CSE-07,HIGH,2024-10-19T05:27:17,2024-10-19T05:28:57.331477,2024-10-19T05:51:33.961421,CLOSED,,DB-SERVER-07,False
ALT-CSE-07-03492,CSE-07,LOW,2024-12-29T01:43:25,2024-12-29T01:44:13.120633,2024-12-29T02:10:26.031770,CLOSED,,WEB-SERVER-07,False
ALT-CSE-07-03493,CSE-07,MEDIUM,2024-11-03T03:42:00,2024-11-03T03:43:13.442009,2024-11-03T04:01:56.693745,CLOSED,,FIREWALL-07,False
ALT-CSE-07-03494,CSE-07,HIGH,2024-11-16T17:19:51,2024-11-16T17:20:43.147992,2024-11-16T17:49:21.981413,CLOSED,,FIREWALL-07,False
ALT-CSE-07-03495,CSE-07,HIGH,2024-12-19T14:58:15,2024-12-19T14:59:49.834841,2024-12-19T15:15:18.364570,CLOSED,,ENDPOINT-07,False
ALT-CSE-07-03496,CSE-07,HIGH,2024-10-08T16:38:25,2024-10-08T16:39:14.007756,2024-10-08T16:53:17.815296,CLOSED,CAS-CSE-07-0898,ENDPOINT-07,False
ALT-CSE-07-03497,CSE-07,LOW,2024-11-21T20:04:00,2024-11-21T20:05:16.587714,2024-11-21T20:16:43.296609,CLOSED,,WEB-SERVER-07,False
ALT-CSE-07-03498,CSE-07,HIGH,2024-10-04T16:44:11,2024-10-04T16:45:36.957260,2024-10-04T17:07:03.522226,CLOSED,,ENDPOINT-07,False
ALT-CSE-07-03499,CSE-07,MEDIUM,2024-11-29T00:21:22,2024-11-29T00:22:37.930788,2024-11-29T00:40:08.729245,CLOSED,,ENDPOINT-07,False
ALT-CSE-07-03500,CSE-07,LOW,2024-12-22T13:46:39,2024-12-22T13:47:50.135458,2024-12-22T14:10:01.985975,CLOSED,,ENDPOINT-07,False
ALT-CSE-07-03501,CSE-07,MEDIUM,2024-11-01T17:52:40,2024-11-01T17:53:23.585914,2024-11-01T18:12:58.843315,CLOSED,CAS-CSE-07-0899,DB-SERVER-07,False
ALT-CSE-07-03502,CSE-07,LOW,2024-12-20T21:43:10,2024-12-20T21:44:50.283070,2024-12-20T22:00:18.576646,CLOSED,,WEB-SERVER-07,False
ALT-CSE-07-03503,CSE-07,HIGH,2024-12-13T11:25:59,2024-12-13T11:27:46.033874,2024-12-13T11:52:09.754010,CLOSED,,DB-SERVER-07,False
ALT-CSE-07-03504,CSE-07,LOW,2024-10-26T12:21:09,2024-10-26T12:21:45.434636,2024-10-26T12:36:22.408022,CLOSED,,ENDPOINT-07,False
ALT-CSE-07-03505,CSE-07,LOW,2024-10-17T14:53:05,2024-10-17T14:53:50.415843,2024-10-17T15:08:04.386254,CLOSED,,WEB-SERVER-07,False
ALT-CSE-07-03506,CSE-07,LOW,2024-11-10T16:25:43,2024-11-10T16:27:02.008463,2024-11-10T16:43:38.373715,CLOSED,,DB-SERVER-07,False
ALT-CSE-07-03507,CSE-07,LOW,2024-11-25T23:27:16,2024-11-25T23:28:38.203373,2024-11-25T23:49:45.013342,CLOSED,,WEB-SERVER-07,False
ALT-CSE-07-03508,CSE-07,LOW,2024-12-15T20:54:48,2024-12-15T20:56:34.870801,2024-12-15T21:21:49.194374,CLOSED,,ENDPOINT-07,False
ALT-CSE-07-03509,CSE-07,HIGH,2024-12-11T03:58:28,2024-12-11T04:00:26.569722,2024-12-11T04:15:33.110291,CLOSED,CAS-CSE-07-0900,DB-SERVER-07,False
ALT-CSE-07-03510,CSE-07,MEDIUM,2024-10-15T18:01:30,2024-10-15T18:03:24.370466,2024-10-15T18:15:21.162235,CLOSED,,ENDPOINT-07,False
ALT-CSE-07-03511,CSE-07,MEDIUM,2024-11-11T13:32:44,2024-11-11T13:33:15.118907,2024-11-11T13:48:02.332727,CLOSED,,ENDPOINT-07,False
ALT-CSE-07-03512,CSE-07,MEDIUM,2024-10-14T10:53:13,2024-10-14T10:54:05.446013,2024-10-14T11:12:38.440725,CLOSED,,ENDPOINT-07,False
ALT-CSE-07-03513,CSE-07,HIGH,2024-10-31T06:44:39,2024-10-31T06:45:46.311281,2024-10-31T07:05:45.194267,CLOSED,,WEB-SERVER-07,False
ALT-CSE-07-03514,CSE-07,HIGH,2024-11-21T18:38:51,2024-11-21T18:40:36.493864,2024-11-21T18:57:03.030408,CLOSED,,FIREWALL-07,False
ALT-CSE-07-03515,CSE-07,MEDIUM,2024-10-14T06:49:49,2024-10-14T06:51:19.912088,2024-10-14T07:07:21.262688,CLOSED,,ENDPOINT-07,False
ALT-CSE-07-03516,CSE-07,LOW,2024-11-25T14:03:50,2024-11-25T14:05:10.524138,2024-11-25T14:31:58.088096,CLOSED,,WEB-SERVER-07,False
ALT-CSE-07-03517,CSE-07,HIGH,2024-11-18T00:41:39,2024-11-18T00:43:26.105565,2024-11-18T00:56:18.880891,CLOSED,,WEB-SERVER-07,False
ALT-CSE-07-03518,CSE-07,MEDIUM,2024-11-02T23:24:26,2024-11-02T23:26:11.184930,2024-11-02T23:42:47.274118,CLOSED,,FIREWALL-07,False
ALT-CSE-07-03519,CSE-07,HIGH,2024-11-07T22:26:16,2024-11-07T22:27:54.333486,2024-11-07T22:50:30.513579,CLOSED,,FIREWALL-07,False
ALT-CSE-07-03520,CSE-07,MEDIUM,2024-12-01T05:33:48,2024-12-01T05:35:27.977490,2024-12-01T05:52:00.600699,CLOSED,,ENDPOINT-07,False
ALT-CSE-07-03521,CSE-07,HIGH,2024-11-26T21:14:41,2024-11-26T21:15:11.654962,2024-11-26T21:28:04.127545,CLOSED,,ENDPOINT-07,False
ALT-CSE-07-03522,CSE-07,HIGH,2024-12-07T18:11:26,2024-12-07T18:12:30.131630,2024-12-07T18:32:57.607137,CLOSED,,ENDPOINT-07,False
ALT-CSE-07-03523,CSE-07,HIGH,2024-10-31T10:22:40,2024-10-31T10:23:51.788609,2024-10-31T10:49:44.245192,CLOSED,,DB-SERVER-07,False
ALT-CSE-07-03524,CSE-07,LOW,2024-11-30T09:50:31,2024-11-30T09:52:20.315177,2024-11-30T10:13:48.648460,CLOSED,,FIREWALL-07,False
ALT-CSE-07-03525,CSE-07,HIGH,2024-11-14T08:42:40,2024-11-14T08:43:40.644635,2024-11-14T08:57:10.335592,CLOSED,,WEB-SERVER-07,False
ALT-CSE-07-03526,CSE-07,HIGH,2024-12-05T10:55:07,2024-12-05T10:56:55.707666,2024-12-05T11:17:59.088317,CLOSED,,WEB-SERVER-07,False
ALT-CSE-07-03527,CSE-07,LOW,2024-12-25T17:12:57,2024-12-25T17:14:56.554799,2024-12-25T17:30:15.169954,CLOSED,,FIREWALL-07,False
ALT-CSE-07-03528,CSE-07,MEDIUM,2024-10-20T19:47:11,2024-10-20T19:47:45.433536,2024-10-20T20:04:43.426107,CLOSED,CAS-CSE-07-0901,FIREWALL-07,False
ALT-CSE-07-03529,CSE-07,HIGH,2024-12-13T23:47:43,2024-12-13T23:49:29.991140,2024-12-14T00:04:38.707598,CLOSED,,ENDPOINT-07,False
ALT-CSE-07-03530,CSE-07,HIGH,2024-11-01T07:49:56,2024-11-01T07:51:20.541824,2024-11-01T08:07:07.384231,CLOSED,,WEB-SERVER-07,False
ALT-CSE-07-03531,CSE-07,HIGH,2024-10-06T17:32:34,2024-10-06T17:33:29.981360,2024-10-06T17:50:53.395721,CLOSED,,ENDPOINT-07,False
ALT-CSE-07-03532,CSE-07,MEDIUM,2024-12-18T18:46:44,2024-12-18T18:48:03.815111,2024-12-18T19:03:49.845535,CLOSED,,ENDPOINT-07,False
ALT-CSE-07-03533,CSE-07,LOW,2024-10-13T11:49:14,2024-10-13T11:50:53.684419,2024-10-13T12:10:10.968216,CLOSED,,FIREWALL-07,False
ALT-CSE-07-03534,CSE-07,LOW,2024-11-11T23:26:39,2024-11-11T23:27:29.878230,2024-11-11T23:52:33.466166,CLOSED,,DB-SERVER-07,False
ALT-CSE-07-03535,CSE-07,LOW,2024-12-06T11:17:18,2024-12-06T11:18:44.359788,2024-12-06T11:29:08.697067,CLOSED,,WEB-SERVER-07,False
ALT-CSE-07-03536,CSE-07,LOW,2024-11-18T16:31:06,2024-11-18T16:32:19.624325,2024-11-18T16:55:17.095784,CLOSED,CAS-CSE-07-0902,DB-SERVER-07,False
ALT-CSE-07-03537,CSE-07,LOW,2024-11-27T07:47:15,2024-11-27T07:48:17.274611,2024-11-27T08:03:06.477207,CLOSED,,WEB-SERVER-07,False
ALT-CSE-07-03538,CSE-07,HIGH,2024-11-08T18:14:39,2024-11-08T18:15:39.144999,2024-11-08T18:37:08.466016,CLOSED,,DB-SERVER-07,False
ALT-CSE-07-03539,CSE-07,MEDIUM,2024-12-25T13:34:11,2024-12-25T13:35:51.611704,2024-12-25T13:58:30.087377,CLOSED,CAS-CSE-07-0903,WEB-SERVER-07,False
ALT-CSE-07-03540,CSE-07,LOW,2024-10-21T16:44:59,2024-10-21T16:46:29.158281,2024-10-21T17:15:56.293049,CLOSED,,FIREWALL-07,False
ALT-CSE-07-03541,CSE-07,LOW,2024-11-06T22:43:52,2024-11-06T22:45:24.195733,2024-11-06T22:53:25.931169,CLOSED,,FIREWALL-07,False
ALT-CSE-07-03542,CSE-07,LOW,2024-10-26T06:18:32,2024-10-26T06:20:21.450495,2024-10-26T06:50:33.999593,CLOSED,,FIREWALL-07,False
ALT-CSE-07-03543,CSE-07,HIGH,2024-12-07T01:03:58,2024-12-07T01:05:27.078706,2024-12-07T01:27:02.987209,CLOSED,,DB-SERVER-07,False
ALT-CSE-07-03544,CSE-07,HIGH,2024-10-20T20:16:32,2024-10-20T20:18:20.841586,2024-10-20T20:43:02.978626,CLOSED,,DB-SERVER-07,False
ALT-CSE-07-03545,CSE-07,LOW,2024-12-19T18:02:59,2024-12-19T18:04:28.493221,2024-12-19T18:25:32.187015,CLOSED,,WEB-SERVER-07,False
ALT-CSE-07-03546,CSE-07,HIGH,2024-10-08T10:10:34,2024-10-08T10:11:36.737804,2024-10-08T10:32:02.961134,CLOSED,,WEB-SERVER-07,False
ALT-CSE-07-03547,CSE-07,MEDIUM,2024-11-20T06:02:09,2024-11-20T06:03:17.173861,2024-11-20T06:18:48.215478,CLOSED,,ENDPOINT-07,False
ALT-CSE-07-03548,CSE-07,HIGH,2024-11-07T23:42:18,2024-11-07T23:43:58.728227,2024-11-07T23:46:04.415570,CLOSED,,WEB-SERVER-07,False
ALT-CSE-07-03549,CSE-07,MEDIUM,2024-10-05T20:53:41,2024-10-05T20:54:12.879825,2024-10-05T21:06:43.173568,CLOSED,,WEB-SERVER-07,False
ALT-CSE-07-03550,CSE-07,LOW,2024-12-20T20:56:26,2024-12-20T20:57:06.927000,2024-12-20T21:20:48.780047,CLOSED,,ENDPOINT-07,False
ALT-CSE-07-03551,CSE-07,MEDIUM,2024-12-02T16:21:14,2024-12-02T16:22:51.845410,2024-12-02T16:34:03.654633,CLOSED,,FIREWALL-07,False
ALT-CSE-07-03552,CSE-07,MEDIUM,2024-11-12T13:23:25,2024-11-12T13:24:43.012139,2024-11-12T13:45:41.509830,CLOSED,,FIREWALL-07,False
ALT-CSE-07-03553,CSE-07,LOW,2024-10-29T23:16:25,2024-10-29T23:17:53.954422,2024-10-29T23:36:21.295933,CLOSED,,DB-SERVER-07,False
ALT-CSE-07-03554,CSE-07,MEDIUM,2024-10-12T15:12:16,2024-10-12T15:13:22.273358,2024-10-12T15:27:40.153324,CLOSED,,FIREWALL-07,False
ALT-CSE-07-03555,CSE-07,MEDIUM,2024-11-28T06:18:16,2024-11-28T06:20:00.487232,2024-11-28T06:42:59.365964,CLOSED,,DB-SERVER-07,False
ALT-CSE-07-03556,CSE-07,MEDIUM,2024-10-23T06:35:01,2024-10-23T06:36:24.509137,2024-10-23T06:55:25.696095,CLOSED,,ENDPOINT-07,False
ALT-CSE-07-03557,CSE-07,LOW,2024-11-30T11:01:52,2024-11-30T11:02:50.575310,2024-11-30T11:16:37.634224,CLOSED,,ENDPOINT-07,False
ALT-CSE-07-03558,CSE-07,LOW,2024-12-28T22:09:48,2024-12-28T22:11:12.806356,2024-12-28T22:15:50.023400,CLOSED,,WEB-SERVER-07,False
ALT-CSE-07-03559,CSE-07,HIGH,2024-11-23T12:39:29,2024-11-23T12:40:18.351661,2024-11-23T12:57:09.056913,CLOSED,,DB-SERVER-07,False
ALT-CSE-07-03560,CSE-07,HIGH,2024-12-16T13:59:09,2024-12-16T14:00:46.222043,2024-12-16T14:12:49.094627,CLOSED,,DB-SERVER-07,False
ALT-CSE-07-03561,CSE-07,HIGH,2024-11-11T01:10:58,2024-11-11T01:12:40.171738,2024-11-11T01:23:15.588341,CLOSED,,WEB-SERVER-07,False
ALT-CSE-07-03562,CSE-07,HIGH,2024-12-24T13:48:32,2024-12-24T13:49:11.573167,2024-12-24T14:18:52.994312,CLOSED,,ENDPOINT-07,False
ALT-CSE-07-03563,CSE-07,HIGH,2024-10-08T18:29:20,2024-10-08T18:29:58.171889,2024-10-08T18:47:25.326842,CLOSED,,WEB-SERVER-07,False
ALT-CSE-07-03564,CSE-07,LOW,2024-11-22T08:15:25,2024-11-22T08:16:33.919470,2024-11-22T08:36:12.103118,CLOSED,,WEB-SERVER-07,False
ALT-CSE-07-03565,CSE-07,LOW,2024-10-13T02:01:46,2024-10-13T02:02:33.417540,2024-10-13T02:27:29.271343,CLOSED,,DB-SERVER-07,False
ALT-CSE-07-03566,CSE-07,LOW,2024-11-01T01:08:22,2024-11-01T01:09:32.524737,2024-11-01T01:22:09.067284,CLOSED,,WEB-SERVER-07,False
ALT-CSE-07-03567,CSE-07,MEDIUM,2024-10-04T17:51:08,2024-10-04T17:51:39.233487,2024-10-04T18:09:03.413190,CLOSED,,FIREWALL-07,False
ALT-CSE-07-03568,CSE-07,LOW,2024-12-07T03:08:33,2024-12-07T03:10:02.391734,2024-12-07T03:33:04.375977,CLOSED,,FIREWALL-07,False
ALT-CSE-07-03569,CSE-07,LOW,2024-10-13T19:42:56,2024-10-13T19:44:09.356070,2024-10-13T20:08:52.866065,CLOSED,,DB-SERVER-07,False
ALT-CSE-07-03570,CSE-07,HIGH,2024-11-22T23:15:18,2024-11-22T23:16:22.360041,2024-11-22T23:43:17.163470,CLOSED,,WEB-SERVER-07,False
ALT-CSE-07-03571,CSE-07,HIGH,2024-10-05T19:43:56,2024-10-05T19:45:52.953377,2024-10-05T20:03:57.125505,CLOSED,,FIREWALL-07,False
ALT-CSE-07-03572,CSE-07,MEDIUM,2024-10-03T04:13:25,2024-10-03T04:14:53.921136,2024-10-03T04:40:06.132165,CLOSED,,WEB-SERVER-07,False
ALT-CSE-07-03573,CSE-07,HIGH,2024-10-23T14:08:44,2024-10-23T14:10:22.167369,2024-10-23T14:31:26.360735,CLOSED,,ENDPOINT-07,False
ALT-CSE-07-03574,CSE-07,MEDIUM,2024-11-13T05:30:14,2024-11-13T05:32:12.051688,2024-11-13T05:49:56.086445,CLOSED,,FIREWALL-07,False
ALT-CSE-07-03575,CSE-07,HIGH,2024-12-07T00:23:24,2024-12-07T00:24:15.413951,2024-12-07T00:35:45.291435,CLOSED,,DB-SERVER-07,False
ALT-CSE-07-03576,CSE-07,HIGH,2024-11-07T18:09:57,2024-11-07T18:11:17.471935,2024-11-07T18:24:57.584928,CLOSED,,ENDPOINT-07,False
ALT-CSE-07-03577,CSE-07,HIGH,2024-10-11T05:02:45,2024-10-11T05:04:42.566404,2024-10-11T05:28:20.703724,CLOSED,,ENDPOINT-07,False
ALT-CSE-07-03578,CSE-07,HIGH,2024-10-26T02:33:28,2024-10-26T02:35:17.039580,2024-10-26T03:01:02.905782,CLOSED,,DB-SERVER-07,False
ALT-CSE-07-03579,CSE-07,LOW,2024-12-05T16:20:08,2024-12-05T16:21:52.302088,2024-12-05T16:39:39.704627,CLOSED,CAS-CSE-07-0904,WEB-SERVER-07,False
ALT-CSE-07-03580,CSE-07,HIGH,2024-11-08T21:37:24,2024-11-08T21:38:32.663194,2024-11-08T22:04:57.051326,CLOSED,,ENDPOINT-07,False
ALT-CSE-07-03581,CSE-07,HIGH,2024-10-28T12:52:21,2024-10-28T12:53:14.228093,2024-10-28T13:11:35.907783,CLOSED,,FIREWALL-07,False
ALT-CSE-07-03582,CSE-07,MEDIUM,2024-12-29T14:39:40,2024-12-29T14:41:26.834886,2024-12-29T15:00:45.532828,CLOSED,,FIREWALL-07,False
ALT-CSE-07-03583,CSE-07,HIGH,2024-10-30T13:07:44,2024-10-30T13:09:06.601989,2024-10-30T13:20:15.441815,CLOSED,,ENDPOINT-07,False
ALT-CSE-07-03584,CSE-07,HIGH,2024-11-06T07:46:33,2024-11-06T07:47:10.219659,2024-11-06T08:08:41.967872,CLOSED,,ENDPOINT-07,False
ALT-CSE-07-03585,CSE-07,LOW,2024-11-08T01:40:29,2024-11-08T01:41:49.102731,2024-11-08T02:02:38.169869,CLOSED,,WEB-SERVER-07,False
ALT-CSE-07-03586,CSE-07,MEDIUM,2024-12-28T19:27:31,2024-12-28T19:28:17.829268,2024-12-28T19:50:02.517479,CLOSED,,FIREWALL-07,False
ALT-CSE-07-03587,CSE-07,MEDIUM,2024-10-20T14:08:36,2024-10-20T14:09:23.266475,2024-10-20T14:26:14.755078,CLOSED,,DB-SERVER-07,False
ALT-CSE-07-03588,CSE-07,MEDIUM,2024-12-24T17:39:52,2024-12-24T17:40:28.735060,2024-12-24T18:01:26.888470,CLOSED,,DB-SERVER-07,False
ALT-CSE-07-03589,CSE-07,MEDIUM,2024-11-20T10:39:27,2024-11-20T10:40:17.852525,2024-11-20T11:05:19.171096,CLOSED,,FIREWALL-07,False
ALT-CSE-07-03590,CSE-07,HIGH,2024-12-21T08:07:35,2024-12-21T08:09:20.585365,2024-12-21T08:31:13.849209,CLOSED,,WEB-SERVER-07,False
ALT-CSE-07-03591,CSE-07,HIGH,2024-11-12T21:22:33,2024-11-12T21:23:47.550755,2024-11-12T21:45:30.796392,CLOSED,CAS-CSE-07-0905,WEB-SERVER-07,False
ALT-CSE-07-03592,CSE-07,MEDIUM,2024-12-10T06:30:51,2024-12-10T06:32:11.610496,2024-12-10T06:45:31.492506,CLOSED,,ENDPOINT-07,False
ALT-CSE-07-03593,CSE-07,HIGH,2024-11-04T20:07:29,2024-11-04T20:09:13.287383,2024-11-04T20:23:58.498254,CLOSED,,FIREWALL-07,False
ALT-CSE-07-03594,CSE-07,HIGH,2024-12-16T22:51:13,2024-12-16T22:52:57.679546,2024-12-16T23:17:02.652420,CLOSED,,WEB-SERVER-07,False
ALT-CSE-07-03595,CSE-07,LOW,2024-11-17T14:38:59,2024-11-17T14:40:24.724312,2024-11-17T14:57:51.444718,CLOSED,,FIREWALL-07,False
ALT-CSE-07-03596,CSE-07,MEDIUM,2024-12-06T09:59:05,2024-12-06T10:00:07.332528,2024-12-06T10:13:11.780026,CLOSED,CAS-CSE-07-0906,FIREWALL-07,False
ALT-CSE-07-03597,CSE-07,MEDIUM,2024-11-27T06:51:12,2024-11-27T06:52:47.301205,2024-11-27T07:15:42.322677,CLOSED,CAS-CSE-07-0907,ENDPOINT-07,False
ALT-CSE-07-03598,CSE-07,MEDIUM,2024-11-29T07:21:37,2024-11-29T07:23:32.373917,2024-11-29T07:45:06.962580,CLOSED,CAS-CSE-07-0908,ENDPOINT-07,False
ALT-CSE-07-03599,CSE-07,LOW,2024-12-20T20:42:31,2024-12-20T20:43:43.322136,2024-12-20T21:01:45.207478,CLOSED,,DB-SERVER-07,False
ALT-CSE-07-03600,CSE-07,HIGH,2024-11-03T10:29:04,2024-11-03T10:30:55.688416,2024-11-03T10:43:27.444450,CLOSED,,FIREWALL-07,False
ALT-CSE-07-03601,CSE-07,MEDIUM,2024-10-08T09:57:55,2024-10-08T09:59:36.250863,2024-10-08T10:23:42.387254,CLOSED,,WEB-SERVER-07,False
ALT-CSE-07-03602,CSE-07,HIGH,2024-12-20T01:28:49,2024-12-20T01:30:31.735567,2024-12-20T01:54:59.502589,CLOSED,,FIREWALL-07,False
ALT-CSE-07-03603,CSE-07,MEDIUM,2024-12-10T11:12:41,2024-12-10T11:14:23.853383,2024-12-10T11:35:28.017551,CLOSED,,FIREWALL-07,False
ALT-CSE-07-03604,CSE-07,LOW,2024-10-29T18:33:13,2024-10-29T18:34:04.716793,2024-10-29T18:56:10.934739,CLOSED,,FIREWALL-07,False
ALT-CSE-07-03605,CSE-07,MEDIUM,2024-12-19T21:40:34,2024-12-19T21:41:08.809431,2024-12-19T21:56:07.259605,CLOSED,,DB-SERVER-07,False
ALT-CSE-07-03606,CSE-07,MEDIUM,2024-11-10T00:15:40,2024-11-10T00:16:14.262254,2024-11-10T00:39:12.416288,CLOSED,,ENDPOINT-07,False
ALT-CSE-07-03607,CSE-07,LOW,2024-10-29T05:54:16,2024-10-29T05:55:30.262754,2024-10-29T06:23:41.484708,CLOSED,,DB-SERVER-07,False
ALT-CSE-07-03608,CSE-07,LOW,2024-11-26T07:54:21,2024-11-26T07:55:14.897790,2024-11-26T07:59:31.233689,CLOSED,,ENDPOINT-07,False
ALT-CSE-07-03609,CSE-07,MEDIUM,2024-10-29T14:18:11,2024-10-29T14:18:56.975427,2024-10-29T14:28:35.264909,CLOSED,,WEB-SERVER-07,False
ALT-CSE-07-03610,CSE-07,HIGH,2024-11-28T18:25:26,2024-11-28T18:26:02.912563,2024-11-28T18:45:21.282909,CLOSED,,WEB-SERVER-07,False
ALT-CSE-07-03611,CSE-07,LOW,2024-11-10T20:24:09,2024-11-10T20:24:46.225649,2024-11-10T20:40:51.039689,CLOSED,,DB-SERVER-07,False
ALT-CSE-07-03612,CSE-07,LOW,2024-12-15T05:38:54,2024-12-15T05:40:53.711253,2024-12-15T05:58:50.369286,CLOSED,,ENDPOINT-07,False
ALT-CSE-07-03613,CSE-07,MEDIUM,2024-11-08T10:02:43,2024-11-08T10:04:29.789010,2024-11-08T10:28:15.081730,CLOSED,,DB-SERVER-07,False
ALT-CSE-07-03614,CSE-07,HIGH,2024-12-28T04:38:32,2024-12-28T04:39:22.882671,2024-12-28T04:53:59.367816,CLOSED,,DB-SERVER-07,False
ALT-CSE-07-03615,CSE-07,HIGH,2024-12-26T22:54:50,2024-12-26T22:56:10.518510,2024-12-26T23:11:41.184163,CLOSED,,FIREWALL-07,False
ALT-CSE-07-03616,CSE-07,MEDIUM,2024-11-28T17:18:47,2024-11-28T17:20:41.762342,2024-11-28T17:44:21.596277,CLOSED,,FIREWALL-07,False
ALT-CSE-07-03617,CSE-07,MEDIUM,2024-11-22T05:47:26,2024-11-22T05:49:14.875946,2024-11-22T06:03:15.486224,CLOSED,,WEB-SERVER-07,False
ALT-CSE-07-03618,CSE-07,LOW,2024-12-11T20:36:49,2024-12-11T20:38:46.697114,2024-12-11T20:56:33.054925,CLOSED,,DB-SERVER-07,False
ALT-CSE-07-03619,CSE-07,HIGH,2024-12-02T17:42:06,2024-12-02T17:43:11.013374,2024-12-02T18:10:16.661047,CLOSED,,ENDPOINT-07,False
ALT-CSE-07-03620,CSE-07,HIGH,2024-12-23T17:21:30,2024-12-23T17:22:31.487684,2024-12-23T17:44:26.680406,CLOSED,,DB-SERVER-07,False
ALT-CSE-07-03621,CSE-07,HIGH,2024-12-13T14:00:58,2024-12-13T14:01:56.382727,2024-12-13T14:17:22.702229,CLOSED,,ENDPOINT-07,False
ALT-CSE-07-03622,CSE-07,HIGH,2024-12-18T17:09:54,2024-12-18T17:10:43.768158,2024-12-18T17:28:57.639920,CLOSED,,FIREWALL-07,False
ALT-CSE-07-03623,CSE-07,LOW,2024-11-25T07:12:01,2024-11-25T07:13:57.512644,2024-11-25T07:21:36.334125,CLOSED,,ENDPOINT-07,False
ALT-CSE-07-03624,CSE-07,MEDIUM,2024-10-10T17:48:15,2024-10-10T17:48:45.529999,2024-10-10T18:08:37.191499,CLOSED,CAS-CSE-07-0909,ENDPOINT-07,False
ALT-CSE-07-03625,CSE-07,LOW,2024-10-12T16:34:05,2024-10-12T16:35:59.770207,2024-10-12T16:56:52.912057,CLOSED,,DB-SERVER-07,False
ALT-CSE-07-03626,CSE-07,LOW,2024-10-18T14:18:19,2024-10-18T14:20:04.356692,2024-10-18T14:33:38.539507,CLOSED,,DB-SERVER-07,False
ALT-CSE-07-03627,CSE-07,HIGH,2024-10-29T20:29:21,2024-10-29T20:30:55.836956,2024-10-29T20:45:25.489613,CLOSED,,WEB-SERVER-07,False
ALT-CSE-07-03628,CSE-07,LOW,2024-12-19T18:25:01,2024-12-19T18:26:23.548518,2024-12-19T18:42:43.221421,CLOSED,,ENDPOINT-07,False
ALT-CSE-07-03629,CSE-07,HIGH,2024-10-04T12:36:00,2024-10-04T12:36:42.020057,2024-10-04T12:58:34.526267,CLOSED,,WEB-SERVER-07,False
ALT-CSE-07-03630,CSE-07,MEDIUM,2024-10-15T12:07:32,2024-10-15T12:08:54.942466,2024-10-15T12:26:04.764086,CLOSED,,WEB-SERVER-07,False
ALT-CSE-07-03631,CSE-07,LOW,2024-10-03T22:13:30,2024-10-03T22:14:04.038761,2024-10-03T22:32:56.647321,CLOSED,,ENDPOINT-07,False
ALT-CSE-07-03632,CSE-07,LOW,2024-12-23T17:22:31,2024-12-23T17:23:50.956510,2024-12-23T17:53:10.697402,CLOSED,,FIREWALL-07,False
ALT-CSE-07-03633,CSE-07,HIGH,2024-11-05T22:29:50,2024-11-05T22:31:32.887763,2024-11-05T23:01:26.136388,CLOSED,,WEB-SERVER-07,False
ALT-CSE-07-03634,CSE-07,HIGH,2024-10-04T22:35:02,2024-10-04T22:36:32.198644,2024-10-04T22:45:03.718356,CLOSED,CAS-CSE-07-0910,DB-SERVER-07,False
ALT-CSE-07-03635,CSE-07,HIGH,2024-11-11T17:01:39,2024-11-11T17:03:12.247455,2024-11-11T17:20:58.997596,CLOSED,,FIREWALL-07,False
ALT-CSE-07-03636,CSE-07,HIGH,2024-10-30T04:09:15,2024-10-30T04:10:38.453867,2024-10-30T04:29:19.531141,CLOSED,,DB-SERVER-07,False
ALT-CSE-07-03637,CSE-07,MEDIUM,2024-11-08T23:23:36,2024-11-08T23:24:59.309233,2024-11-08T23:39:22.491894,CLOSED,,ENDPOINT-07,False
ALT-CSE-07-03638,CSE-07,MEDIUM,2024-10-05T05:35:47,2024-10-05T05:36:30.898936,2024-10-05T06:00:32.982321,CLOSED,,WEB-SERVER-07,False
ALT-CSE-07-03639,CSE-07,LOW,2024-11-02T20:19:44,2024-11-02T20:21:12.477794,2024-11-02T20:47:52.678843,CLOSED,,FIREWALL-07,False
ALT-CSE-07-03640,CSE-07,HIGH,2024-12-25T20:15:21,2024-12-25T20:17:17.173577,2024-12-25T20:34:41.091013,CLOSED,,ENDPOINT-07,False
ALT-CSE-07-03641,CSE-07,MEDIUM,2024-11-24T09:20:37,2024-11-24T09:21:42.228743,2024-11-24T09:43:06.693906,CLOSED,,DB-SERVER-07,False
ALT-CSE-07-03642,CSE-07,LOW,2024-10-17T21:46:58,2024-10-17T21:48:06.807480,2024-10-17T22:04:40.090791,CLOSED,,FIREWALL-07,False
ALT-CSE-07-03643,CSE-07,HIGH,2024-11-23T09:04:22,2024-11-23T09:05:43.832459,2024-11-23T09:18:58.104237,CLOSED,,DB-SERVER-07,False
ALT-CSE-07-03644,CSE-07,MEDIUM,2024-11-03T15:24:06,2024-11-03T15:26:02.136960,2024-11-03T15:48:22.786471,CLOSED,,ENDPOINT-07,False
ALT-CSE-07-03645,CSE-07,LOW,2024-12-03T23:21:33,2024-12-03T23:22:16.857783,2024-12-03T23:41:36.797818,CLOSED,,ENDPOINT-07,False
ALT-CSE-07-03646,CSE-07,HIGH,2024-10-01T04:41:11,2024-10-01T04:42:59.736770,2024-10-01T05:06:00.629608,CLOSED,,FIREWALL-07,False
ALT-CSE-07-03647,CSE-07,MEDIUM,2024-11-05T12:48:27,2024-11-05T12:49:28.660454,2024-11-05T13:08:20.433356,CLOSED,,FIREWALL-07,False
ALT-CSE-07-03648,CSE-07,HIGH,2024-12-05T03:05:40,2024-12-05T03:07:20.917856,2024-12-05T03:25:16.433364,CLOSED,,ENDPOINT-07,False
ALT-CSE-07-03649,CSE-07,LOW,2024-10-10T18:59:32,2024-10-10T19:01:31.072046,2024-10-10T19:19:46.667455,CLOSED,,ENDPOINT-07,False
ALT-CSE-07-03650,CSE-07,MEDIUM,2024-10-11T14:56:55,2024-10-11T14:57:57.323036,2024-10-11T15:14:53.767150,CLOSED,,DB-SERVER-07,False
ALT-CSE-07-03651,CSE-07,MEDIUM,2024-12-26T07:13:05,2024-12-26T07:14:06.384753,2024-12-26T07:40:01.197539,CLOSED,,DB-SERVER-07,False
ALT-CSE-07-03652,CSE-07,MEDIUM,2024-12-01T19:17:28,2024-12-01T19:18:32.895228,2024-12-01T19:39:25.151434,CLOSED,,ENDPOINT-07,False
ALT-CSE-07-03653,CSE-07,LOW,2024-11-08T13:10:09,2024-11-08T13:11:01.431956,2024-11-08T13:37:07.727951,CLOSED,,FIREWALL-07,False
ALT-CSE-07-03654,CSE-07,HIGH,2024-11-13T18:11:53,2024-11-13T18:12:25.747092,2024-11-13T18:31:09.330388,CLOSED,,ENDPOINT-07,False
ALT-CSE-07-03655,CSE-07,LOW,2024-10-09T21:19:22,2024-10-09T21:20:18.197889,2024-10-09T21:40:40.911763,CLOSED,,ENDPOINT-07,False
ALT-CSE-07-03656,CSE-07,LOW,2024-12-01T07:05:41,2024-12-01T07:06:18.911748,2024-12-01T07:24:18.814746,CLOSED,,DB-SERVER-07,False
ALT-CSE-07-03657,CSE-07,HIGH,2024-10-27T17:44:26,2024-10-27T17:45:02.931903,2024-10-27T18:06:02.005567,CLOSED,,FIREWALL-07,False
ALT-CSE-07-03658,CSE-07,HIGH,2024-12-18T17:29:53,2024-12-18T17:30:35.270738,2024-12-18T17:48:10.073998,CLOSED,,FIREWALL-07,False
ALT-CSE-07-03659,CSE-07,HIGH,2024-12-21T12:37:16,2024-12-21T12:38:36.160588,2024-12-21T12:53:43.569504,CLOSED,,ENDPOINT-07,False
ALT-CSE-07-03660,CSE-07,MEDIUM,2024-10-11T07:35:29,2024-10-11T07:36:36.553757,2024-10-11T07:51:28.114401,CLOSED,,ENDPOINT-07,False
ALT-CSE-07-03661,CSE-07,LOW,2024-12-20T22:11:49,2024-12-20T22:12:23.815204,2024-12-20T22:29:41.844159,CLOSED,,FIREWALL-07,False
ALT-CSE-07-03662,CSE-07,HIGH,2024-11-08T23:07:58,2024-11-08T23:09:01.596053,2024-11-08T23:28:16.977277,CLOSED,,ENDPOINT-07,False
ALT-CSE-07-03663,CSE-07,LOW,2024-10-18T17:52:18,2024-10-18T17:53:17.198583,2024-10-18T18:13:19.361771,CLOSED,,FIREWALL-07,False
ALT-CSE-07-03664,CSE-07,MEDIUM,2024-12-10T14:16:11,2024-12-10T14:17:47.385163,2024-12-10T14:31:47.554023,CLOSED,,ENDPOINT-07,False
ALT-CSE-07-03665,CSE-07,LOW,2024-11-09T15:47:48,2024-11-09T15:48:26.826829,2024-11-09T16:08:18.040933,CLOSED,,WEB-SERVER-07,False
ALT-CSE-07-03666,CSE-07,LOW,2024-10-03T11:50:27,2024-10-03T11:51:59.197232,2024-10-03T12:07:45.915165,CLOSED,,FIREWALL-07,False
ALT-CSE-07-03667,CSE-07,HIGH,2024-11-22T20:03:38,2024-11-22T20:04:49.989160,2024-11-22T20:26:37.714961,CLOSED,,ENDPOINT-07,False
ALT-CSE-07-03668,CSE-07,MEDIUM,2024-12-29T11:20:43,2024-12-29T11:22:23.789997,2024-12-29T11:49:24.854678,CLOSED,,ENDPOINT-07,False
ALT-CSE-07-03669,CSE-07,LOW,2024-12-23T07:50:01,2024-12-23T07:51:01.074274,2024-12-23T08:09:31.186598,CLOSED,,DB-SERVER-07,False
ALT-CSE-07-03670,CSE-07,LOW,2024-10-05T16:42:45,2024-10-05T16:43:32.478639,2024-10-05T17:04:10.472113,CLOSED,,FIREWALL-07,False
ALT-CSE-07-03671,CSE-07,MEDIUM,2024-12-15T15:18:10,2024-12-15T15:19:30.478226,2024-12-15T15:43:20.630517,CLOSED,,DB-SERVER-07,False
ALT-CSE-07-03672,CSE-07,HIGH,2024-11-28T22:58:35,2024-11-28T22:59:16.509738,2024-11-28T23:17:25.840377,CLOSED,,DB-SERVER-07,False
ALT-CSE-07-03673,CSE-07,LOW,2024-12-04T17:40:32,2024-12-04T17:41:21.099130,2024-12-04T18:01:47.862763,CLOSED,,ENDPOINT-07,False
ALT-CSE-07-03674,CSE-07,HIGH,2024-12-09T13:04:09,2024-12-09T13:06:03.193712,2024-12-09T13:25:04.119727,CLOSED,CAS-CSE-07-0911,DB-SERVER-07,False
ALT-CSE-07-03675,CSE-07,HIGH,2024-11-16T14:15:30,2024-11-16T14:17:15.449307,2024-11-16T14:37:43.969120,CLOSED,,ENDPOINT-07,False
ALT-CSE-07-03676,CSE-07,LOW,2024-12-18T20:33:05,2024-12-18T20:34:42.398463,2024-12-18T20:54:37.444735,CLOSED,,WEB-SERVER-07,False
ALT-CSE-07-03677,CSE-07,MEDIUM,2024-12-01T07:24:36,2024-12-01T07:26:16.438454,2024-12-01T07:43:38.678972,CLOSED,,FIREWALL-07,False
ALT-CSE-07-03678,CSE-07,MEDIUM,2024-12-05T14:40:18,2024-12-05T14:41:02.935113,2024-12-05T15:03:30.124285,CLOSED,,ENDPOINT-07,False
ALT-CSE-07-03679,CSE-07,MEDIUM,2024-11-24T16:21:08,2024-11-24T16:23:07.312916,2024-11-24T16:38:14.290317,CLOSED,,DB-SERVER-07,False
ALT-CSE-07-03680,CSE-07,LOW,2024-12-21T18:50:23,2024-12-21T18:51:49.330760,2024-12-21T19:09:34.306027,CLOSED,,FIREWALL-07,False
ALT-CSE-07-03681,CSE-07,LOW,2024-10-30T16:12:23,2024-10-30T16:14:12.584019,2024-10-30T16:27:40.631144,CLOSED,,DB-SERVER-07,False
ALT-CSE-07-03682,CSE-07,HIGH,2024-11-24T11:22:15,2024-11-24T11:23:50.670248,2024-11-24T11:44:55.379349,CLOSED,,DB-SERVER-07,False
ALT-CSE-07-03683,CSE-07,MEDIUM,2024-12-29T08:52:33,2024-12-29T08:53:28.467767,2024-12-29T09:12:49.073020,CLOSED,,FIREWALL-07,False
ALT-CSE-07-03684,CSE-07,LOW,2024-10-19T05:39:23,2024-10-19T05:40:01.743734,2024-10-19T05:57:37.642350,CLOSED,,WEB-SERVER-07,False
ALT-CSE-07-03685,CSE-07,HIGH,2024-11-15T11:24:23,2024-11-15T11:25:51.226569,2024-11-15T11:58:09.943202,CLOSED,,WEB-SERVER-07,False
ALT-CSE-07-03686,CSE-07,LOW,2024-11-14T16:50:57,2024-11-14T16:52:05.463676,2024-11-14T17:20:49.600989,CLOSED,,ENDPOINT-07,False
ALT-CSE-07-03687,CSE-07,LOW,2024-11-04T02:13:17,2024-11-04T02:14:10.759490,2024-11-04T02:34:32.142810,CLOSED,,DB-SERVER-07,False
ALT-CSE-07-03688,CSE-07,LOW,2024-11-06T09:04:23,2024-11-06T09:04:59.805728,2024-11-06T09:28:45.520621,CLOSED,,FIREWALL-07,False
ALT-CSE-07-03689,CSE-07,HIGH,2024-11-25T06:25:40,2024-11-25T06:26:43.710554,2024-11-25T06:41:35.081188,CLOSED,,FIREWALL-07,False
ALT-CSE-07-03690,CSE-07,HIGH,2024-12-24T00:29:51,2024-12-24T00:30:23.708074,2024-12-24T00:58:23.396878,CLOSED,,FIREWALL-07,False
ALT-CSE-07-03691,CSE-07,HIGH,2024-12-24T02:44:14,2024-12-24T02:45:38.650527,2024-12-24T03:08:43.651874,CLOSED,,WEB-SERVER-07,False
ALT-CSE-07-03692,CSE-07,MEDIUM,2024-11-25T19:25:25,2024-11-25T19:26:23.009928,2024-11-25T19:44:07.742972,CLOSED,,ENDPOINT-07,False
ALT-CSE-07-03693,CSE-07,HIGH,2024-12-14T08:11:58,2024-12-14T08:13:48.740629,2024-12-14T08:30:50.593582,CLOSED,,DB-SERVER-07,False
ALT-CSE-07-03694,CSE-07,HIGH,2024-11-16T23:23:51,2024-11-16T23:24:30.767208,2024-11-16T23:35:34.985589,CLOSED,,FIREWALL-07,False
ALT-CSE-07-03695,CSE-07,HIGH,2024-10-15T11:58:34,2024-10-15T12:00:31.420869,2024-10-15T12:16:26.848107,CLOSED,,ENDPOINT-07,False
ALT-CSE-07-03696,CSE-07,MEDIUM,2024-10-14T07:58:26,2024-10-14T07:59:06.298540,2024-10-14T08:22:18.219835,CLOSED,,ENDPOINT-07,False
ALT-CSE-07-03697,CSE-07,HIGH,2024-11-23T07:37:04,2024-11-23T07:38:04.102033,2024-11-23T07:46:34.061040,CLOSED,,ENDPOINT-07,False
ALT-CSE-07-03698,CSE-07,MEDIUM,2024-11-15T02:10:32,2024-11-15T02:12:14.078409,2024-11-15T02:31:52.474825,CLOSED,,FIREWALL-07,False
ALT-CSE-07-03699,CSE-07,HIGH,2024-10-05T17:41:45,2024-10-05T17:43:35.999302,2024-10-05T17:58:07.391171,CLOSED,,FIREWALL-07,False
ALT-CSE-07-03700,CSE-07,HIGH,2024-10-15T14:17:30,2024-10-15T14:19:14.570419,2024-10-15T14:37:26.737900,CLOSED,,FIREWALL-07,False
ALT-CSE-07-03701,CSE-07,HIGH,2024-10-30T11:31:47,2024-10-30T11:32:49.764462,2024-10-30T11:49:37.738380,CLOSED,,ENDPOINT-07,False
ALT-CSE-07-03702,CSE-07,HIGH,2024-10-25T01:05:09,2024-10-25T01:06:02.524333,2024-10-25T01:27:05.695308,CLOSED,,ENDPOINT-07,False
ALT-CSE-07-03703,CSE-07,HIGH,2024-11-14T05:40:09,2024-11-14T05:42:05.365248,2024-11-14T05:55:55.389690,CLOSED,,ENDPOINT-07,False
ALT-CSE-07-03704,CSE-07,MEDIUM,2024-10-27T10:58:53,2024-10-27T11:00:30.654940,2024-10-27T11:13:17.080070,CLOSED,,ENDPOINT-07,False
ALT-CSE-07-03705,CSE-07,LOW,2024-11-21T04:19:49,2024-11-21T04:21:02.829740,2024-11-21T04:40:44.683229,CLOSED,,DB-SERVER-07,False
ALT-CSE-07-03706,CSE-07,LOW,2024-10-10T08:01:25,2024-10-10T08:02:13.627507,2024-10-10T08:21:23.760965,CLOSED,,ENDPOINT-07,False
ALT-CSE-07-03707,CSE-07,LOW,2024-12-11T04:04:03,2024-12-11T04:05:49.925286,2024-12-11T04:22:45.689162,CLOSED,,FIREWALL-07,False
ALT-CSE-07-03708,CSE-07,HIGH,2024-12-02T05:30:03,2024-12-02T05:31:06.978369,2024-12-02T05:47:31.906526,CLOSED,,DB-SERVER-07,False
ALT-CSE-07-03709,CSE-07,MEDIUM,2024-11-23T22:40:23,2024-11-23T22:41:51.849336,2024-11-23T22:49:51.517948,CLOSED,,WEB-SERVER-07,False
ALT-CSE-07-03710,CSE-07,MEDIUM,2024-10-10T08:43:50,2024-10-10T08:45:45.375970,2024-10-10T09:03:29.292959,CLOSED,,ENDPOINT-07,False
ALT-CSE-07-03711,CSE-07,MEDIUM,2024-10-04T02:32:53,2024-10-04T02:33:50.717881,2024-10-04T02:59:03.563011,CLOSED,,ENDPOINT-07,False
ALT-CSE-07-03712,CSE-07,LOW,2024-12-09T15:35:36,2024-12-09T15:37:15.229391,2024-12-09T15:54:57.622118,CLOSED,,DB-SERVER-07,False
ALT-CSE-07-03713,CSE-07,MEDIUM,2024-12-18T16:39:46,2024-12-18T16:41:33.127319,2024-12-18T16:59:07.320189,CLOSED,,FIREWALL-07,False
ALT-CSE-07-03714,CSE-07,HIGH,2024-10-11T06:48:53,2024-10-11T06:49:28.992639,2024-10-11T07:13:12.089406,CLOSED,,FIREWALL-07,False
ALT-CSE-07-03715,CSE-07,LOW,2024-12-29T17:37:20,2024-12-29T17:39:02.176335,2024-12-29T17:55:12.766477,CLOSED,,ENDPOINT-07,False
ALT-CSE-07-03716,CSE-07,HIGH,2024-12-04T17:58:07,2024-12-04T17:58:41.035921,2024-12-04T18:11:43.681324,CLOSED,,ENDPOINT-07,False
ALT-CSE-07-03717,CSE-07,MEDIUM,2024-12-22T00:06:12,2024-12-22T00:07:14.198298,2024-12-22T00:26:19.883653,CLOSED,,ENDPOINT-07,False
ALT-CSE-07-03718,CSE-07,LOW,2024-11-27T17:57:45,2024-11-27T17:59:43.800203,2024-11-27T18:17:55.306287,CLOSED,,FIREWALL-07,False
ALT-CSE-07-03719,CSE-07,HIGH,2024-11-13T11:57:01,2024-11-13T11:58:49.661177,2024-11-13T12:14:47.437472,CLOSED,,ENDPOINT-07,False
ALT-CSE-07-03720,CSE-07,HIGH,2024-12-08T10:14:53,2024-12-08T10:16:50.319349,2024-12-08T10:45:05.945397,CLOSED,,DB-SERVER-07,False
ALT-CSE-07-03721,CSE-07,HIGH,2024-12-16T16:29:38,2024-12-16T16:30:11.527134,2024-12-16T17:01:42.038942,CLOSED,,FIREWALL-07,False
ALT-CSE-07-03722,CSE-07,MEDIUM,2024-11-04T10:17:50,2024-11-04T10:18:47.879497,2024-11-04T10:44:29.062413,CLOSED,CAS-CSE-07-0912,ENDPOINT-07,False
ALT-CSE-07-03723,CSE-07,HIGH,2024-12-20T08:16:13,2024-12-20T08:16:57.901538,2024-12-20T08:37:07.794230,CLOSED,,ENDPOINT-07,False
ALT-CSE-07-03724,CSE-07,LOW,2024-10-26T04:57:26,2024-10-26T04:58:37.096098,2024-10-26T05:15:27.870223,CLOSED,,FIREWALL-07,False
ALT-CSE-07-03725,CSE-07,LOW,2024-10-16T01:31:23,2024-10-16T01:32:54.182285,2024-10-16T01:59:18.027551,CLOSED,,DB-SERVER-07,False
ALT-CSE-07-03726,CSE-07,HIGH,2024-11-27T12:02:48,2024-11-27T12:04:19.873412,2024-11-27T12:20:58.625552,CLOSED,,ENDPOINT-07,False
ALT-CSE-07-03727,CSE-07,HIGH,2024-11-06T21:29:51,2024-11-06T21:30:54.563388,2024-11-06T21:48:57.878789,CLOSED,,ENDPOINT-07,False
ALT-CSE-07-03728,CSE-07,MEDIUM,2024-12-19T14:17:41,2024-12-19T14:18:38.426787,2024-12-19T14:51:33.033485,CLOSED,,FIREWALL-07,False
ALT-CSE-07-03729,CSE-07,MEDIUM,2024-10-20T06:42:19,2024-10-20T06:44:12.320478,2024-10-20T06:58:44.094063,CLOSED,,FIREWALL-07,False
ALT-CSE-07-03730,CSE-07,LOW,2024-10-24T09:39:41,2024-10-24T09:40:38.682266,2024-10-24T09:59:18.203032,CLOSED,,WEB-SERVER-07,False
ALT-CSE-07-03731,CSE-07,HIGH,2024-12-06T15:21:19,2024-12-06T15:22:38.071131,2024-12-06T15:48:51.718623,CLOSED,,DB-SERVER-07,False
ALT-CSE-07-03732,CSE-07,MEDIUM,2024-11-28T09:51:05,2024-11-28T09:52:23.772465,2024-11-28T10:10:59.229830,CLOSED,,DB-SERVER-07,False
ALT-CSE-07-03733,CSE-07,MEDIUM,2024-10-30T00:11:47,2024-10-30T00:12:30.565026,2024-10-30T00:39:19.309326,CLOSED,,WEB-SERVER-07,False
ALT-CSE-07-03734,CSE-07,HIGH,2024-12-23T21:36:55,2024-12-23T21:38:27.474460,2024-12-23T21:58:26.036057,CLOSED,CAS-CSE-07-0913,FIREWALL-07,False
ALT-CSE-07-03735,CSE-07,LOW,2024-12-21T13:51:52,2024-12-21T13:53:10.838077,2024-12-21T14:05:58.411622,CLOSED,,DB-SERVER-07,False
ALT-CSE-07-03736,CSE-07,LOW,2024-11-12T18:06:01,2024-11-12T18:07:40.846508,2024-11-12T18:20:01.613880,CLOSED,,DB-SERVER-07,False
ALT-CSE-07-03737,CSE-07,MEDIUM,2024-11-24T21:24:25,2024-11-24T21:25:12.388511,2024-11-24T21:47:22.505361,CLOSED,,FIREWALL-07,False
ALT-CSE-07-03738,CSE-07,LOW,2024-11-10T11:44:50,2024-11-10T11:46:34.395149,2024-11-10T12:12:20.203282,CLOSED,,DB-SERVER-07,False
ALT-CSE-07-03739,CSE-07,LOW,2024-11-01T21:42:56,2024-11-01T21:43:35.955987,2024-11-01T22:08:08.788705,CLOSED,,WEB-SERVER-07,False
ALT-CSE-07-03740,CSE-07,MEDIUM,2024-12-28T19:45:43,2024-12-28T19:46:19.527759,2024-12-28T20:03:12.869465,CLOSED,,ENDPOINT-07,False
ALT-CSE-07-03741,CSE-07,LOW,2024-12-05T09:45:53,2024-12-05T09:47:13.284487,2024-12-05T10:01:17.702030,CLOSED,,FIREWALL-07,False
ALT-CSE-07-03742,CSE-07,LOW,2024-12-27T18:15:05,2024-12-27T18:16:17.547990,2024-12-27T18:32:37.346083,CLOSED,,FIREWALL-07,False
ALT-CSE-07-03743,CSE-07,LOW,2024-11-08T11:32:03,2024-11-08T11:32:53.057368,2024-11-08T11:54:47.316558,CLOSED,,FIREWALL-07,False
ALT-CSE-07-03744,CSE-07,MEDIUM,2024-11-26T05:33:17,2024-11-26T05:34:53.611773,2024-11-26T05:47:34.241592,CLOSED,,FIREWALL-07,False
ALT-CSE-07-03745,CSE-07,HIGH,2024-11-23T09:13:19,2024-11-23T09:14:20.350487,2024-11-23T09:25:06.838048,CLOSED,,FIREWALL-07,False
ALT-CSE-07-03746,CSE-07,MEDIUM,2024-12-24T21:58:13,2024-12-24T21:59:39.887899,2024-12-24T22:22:44.012852,CLOSED,,WEB-SERVER-07,False
ALT-CSE-07-03747,CSE-07,LOW,2024-10-24T13:56:58,2024-10-24T13:57:37.680201,2024-10-24T14:16:41.851161,CLOSED,,FIREWALL-07,False
ALT-CSE-07-03748,CSE-07,MEDIUM,2024-10-31T15:40:17,2024-10-31T15:41:38.678867,2024-10-31T15:51:12.087128,CLOSED,,WEB-SERVER-07,False
ALT-CSE-07-03749,CSE-07,MEDIUM,2024-11-01T07:25:44,2024-11-01T07:27:07.302609,2024-11-01T07:44:39.574209,CLOSED,,WEB-SERVER-07,False
ALT-CSE-07-03750,CSE-07,LOW,2024-12-20T12:46:25,2024-12-20T12:48:17.832940,2024-12-20T13:09:40.294091,CLOSED,,WEB-SERVER-07,False
ALT-CSE-07-03751,CSE-07,HIGH,2024-11-16T14:59:05,2024-11-16T14:59:57.783543,2024-11-16T15:18:05.672105,CLOSED,,WEB-SERVER-07,False
ALT-CSE-07-03752,CSE-07,MEDIUM,2024-12-20T04:21:57,2024-12-20T04:23:37.807735,2024-12-20T04:44:31.536639,CLOSED,,FIREWALL-07,False
ALT-CSE-07-03753,CSE-07,HIGH,2024-10-06T02:52:20,2024-10-06T02:53:54.451379,2024-10-06T03:01:59.228057,CLOSED,,DB-SERVER-07,False
ALT-CSE-07-03754,CSE-07,HIGH,2024-10-26T01:01:38,2024-10-26T01:02:49.490212,2024-10-26T01:26:24.981402,CLOSED,,WEB-SERVER-07,False
ALT-CSE-07-03755,CSE-07,HIGH,2024-12-01T04:35:45,2024-12-01T04:36:35.486079,2024-12-01T04:49:54.299689,CLOSED,CAS-CSE-07-0914,DB-SERVER-07,False
ALT-CSE-07-03756,CSE-07,HIGH,2024-12-12T02:46:39,2024-12-12T02:47:40.032263,2024-12-12T03:03:03.597298,CLOSED,,ENDPOINT-07,False
ALT-CSE-07-03757,CSE-07,LOW,2024-11-30T00:52:22,2024-11-30T00:53:20.715254,2024-11-30T01:13:33.553719,CLOSED,,FIREWALL-07,False
ALT-CSE-07-03758,CSE-07,HIGH,2024-12-05T15:43:35,2024-12-05T15:44:44.083481,2024-12-05T15:49:09.100901,CLOSED,CAS-CSE-07-0915,ENDPOINT-07,False
ALT-CSE-07-03759,CSE-07,LOW,2024-11-16T10:27:57,2024-11-16T10:28:50.001101,2024-11-16T10:47:34.849945,CLOSED,,FIREWALL-07,False
ALT-CSE-07-03760,CSE-07,LOW,2024-10-13T05:18:04,2024-10-13T05:19:18.798517,2024-10-13T05:38:11.076252,CLOSED,,DB-SERVER-07,False
ALT-CSE-07-03761,CSE-07,MEDIUM,2024-11-18T02:22:22,2024-11-18T02:23:48.786667,2024-11-18T02:38:38.858263,CLOSED,,WEB-SERVER-07,False
ALT-CSE-07-03762,CSE-07,LOW,2024-12-10T18:14:08,2024-12-10T18:15:35.536125,2024-12-10T18:31:20.646465,CLOSED,,ENDPOINT-07,False
ALT-CSE-07-03763,CSE-07,MEDIUM,2024-11-04T21:12:52,2024-11-04T21:13:53.687601,2024-11-04T21:34:20.703419,CLOSED,CAS-CSE-07-0916,DB-SERVER-07,False
ALT-CSE-07-03764,CSE-07,MEDIUM,2024-12-15T13:24:33,2024-12-15T13:26:10.731200,2024-12-15T13:39:32.820616,CLOSED,,DB-SERVER-07,False
ALT-CSE-07-03765,CSE-07,LOW,2024-12-16T13:59:37,2024-12-16T14:01:06.325448,2024-12-16T14:16:00.895205,CLOSED,,WEB-SERVER-07,False
ALT-CSE-07-03766,CSE-07,HIGH,2024-10-14T02:34:17,2024-10-14T02:34:50.350045,2024-10-14T02:52:29.384451,CLOSED,,DB-SERVER-07,False
ALT-CSE-07-03767,CSE-07,HIGH,2024-12-16T01:46:07,2024-12-16T01:46:41.786357,2024-12-16T02:15:09.413704,CLOSED,,WEB-SERVER-07,False
ALT-CSE-07-03768,CSE-07,MEDIUM,2024-12-17T16:08:51,2024-12-17T16:09:53.498983,2024-12-17T16:24:14.527196,CLOSED,,DB-SERVER-07,False
ALT-CSE-07-03769,CSE-07,HIGH,2024-12-12T15:30:09,2024-12-12T15:31:28.422103,2024-12-12T15:44:55.650069,CLOSED,,DB-SERVER-07,False
ALT-CSE-07-03770,CSE-07,LOW,2024-12-25T18:53:51,2024-12-25T18:54:58.104149,2024-12-25T19:06:04.810391,CLOSED,,WEB-SERVER-07,False
ALT-CSE-07-03771,CSE-07,HIGH,2024-12-08T16:19:57,2024-12-08T16:20:56.734561,2024-12-08T16:44:19.845456,CLOSED,,DB-SERVER-07,False
ALT-CSE-07-03772,CSE-07,HIGH,2024-10-12T18:17:15,2024-10-12T18:17:59.996646,2024-10-12T18:36:49.246123,CLOSED,,DB-SERVER-07,False
ALT-CSE-07-03773,CSE-07,LOW,2024-11-02T01:36:07,2024-11-02T01:37:08.084698,2024-11-02T01:54:23.595390,CLOSED,,WEB-SERVER-07,False
ALT-CSE-07-03774,CSE-07,LOW,2024-10-03T22:01:36,2024-10-03T22:02:28.704590,2024-10-03T22:17:40.008271,CLOSED,,DB-SERVER-07,False
ALT-CSE-07-03775,CSE-07,MEDIUM,2024-11-21T14:32:01,2024-11-21T14:33:32.958521,2024-11-21T14:50:07.577686,CLOSED,,ENDPOINT-07,False
ALT-CSE-07-03776,CSE-07,LOW,2024-11-30T23:21:18,2024-11-30T23:22:29.446048,2024-11-30T23:42:59.198315,CLOSED,,ENDPOINT-07,False
ALT-CSE-07-03777,CSE-07,MEDIUM,2024-12-22T06:36:33,2024-12-22T06:37:37.615643,2024-12-22T07:00:56.938793,CLOSED,,ENDPOINT-07,False
ALT-CSE-07-03778,CSE-07,LOW,2024-11-12T20:57:27,2024-11-12T20:58:42.437406,2024-11-12T21:24:44.328703,CLOSED,,FIREWALL-07,False
ALT-CSE-07-03779,CSE-07,LOW,2024-10-03T03:11:22,2024-10-03T03:13:03.813640,2024-10-03T03:31:01.868701,CLOSED,,FIREWALL-07,False
ALT-CSE-07-03780,CSE-07,LOW,2024-10-15T09:36:32,2024-10-15T09:38:25.925377,2024-10-15T09:54:55.020030,CLOSED,,DB-SERVER-07,False
ALT-CSE-07-03781,CSE-07,HIGH,2024-11-12T17:50:13,2024-11-12T17:51:17.538744,2024-11-12T18:01:49.591312,CLOSED,,WEB-SERVER-07,False
ALT-CSE-07-03782,CSE-07,LOW,2024-10-05T18:22:34,2024-10-05T18:24:18.069565,2024-10-05T18:40:46.758904,CLOSED,,WEB-SERVER-07,False
ALT-CSE-07-03783,CSE-07,MEDIUM,2024-11-21T22:56:47,2024-11-21T22:58:46.040445,2024-11-21T23:11:04.785088,CLOSED,,ENDPOINT-07,False
ALT-CSE-07-03784,CSE-07,MEDIUM,2024-12-07T07:17:04,2024-12-07T07:17:48.696252,2024-12-07T07:39:38.706936,CLOSED,,DB-SERVER-07,False
ALT-CSE-07-03785,CSE-07,HIGH,2024-11-30T10:20:04,2024-11-30T10:21:05.610967,2024-11-30T10:40:42.410279,CLOSED,,FIREWALL-07,False
ALT-CSE-07-03786,CSE-07,HIGH,2024-11-18T01:44:27,2024-11-18T01:45:48.152097,2024-11-18T01:54:33.647697,CLOSED,CAS-CSE-07-0917,WEB-SERVER-07,False
ALT-CSE-07-03787,CSE-07,HIGH,2024-10-06T14:35:34,2024-10-06T14:36:55.535129,2024-10-06T15:00:12.069836,CLOSED,,FIREWALL-07,False
ALT-CSE-07-03788,CSE-07,HIGH,2024-11-15T17:48:25,2024-11-15T17:49:42.482074,2024-11-15T18:07:05.644931,CLOSED,,WEB-SERVER-07,False
ALT-CSE-07-03789,CSE-07,MEDIUM,2024-12-03T14:58:54,2024-12-03T15:00:03.882520,2024-12-03T15:13:38.074999,CLOSED,,WEB-SERVER-07,False
ALT-CSE-07-03790,CSE-07,MEDIUM,2024-10-08T10:58:38,2024-10-08T11:00:01.094031,2024-10-08T11:31:16.594210,CLOSED,,FIREWALL-07,False
ALT-CSE-07-03791,CSE-07,HIGH,2024-11-17T00:57:26,2024-11-17T00:58:33.821300,2024-11-17T01:19:18.605858,CLOSED,,WEB-SERVER-07,False
ALT-CSE-07-03792,CSE-07,MEDIUM,2024-12-22T08:08:36,2024-12-22T08:09:22.804760,2024-12-22T08:24:57.065440,CLOSED,,WEB-SERVER-07,False
ALT-CSE-07-03793,CSE-07,LOW,2024-11-17T11:06:44,2024-11-17T11:08:33.432975,2024-11-17T11:30:49.752395,CLOSED,,FIREWALL-07,False
ALT-CSE-07-03794,CSE-07,HIGH,2024-11-13T11:12:17,2024-11-13T11:13:11.866127,2024-11-13T11:33:37.500759,CLOSED,,ENDPOINT-07,False
ALT-CSE-07-03795,CSE-07,LOW,2024-10-05T14:39:35,2024-10-05T14:40:16.862616,2024-10-05T14:54:35.257213,CLOSED,,FIREWALL-07,False
ALT-CSE-07-03796,CSE-07,LOW,2024-12-20T15:49:08,2024-12-20T15:50:19.071706,2024-12-20T16:09:12.060838,CLOSED,,FIREWALL-07,False
ALT-CSE-07-03797,CSE-07,HIGH,2024-12-08T01:01:07,2024-12-08T01:02:39.144027,2024-12-08T01:23:44.996161,CLOSED,,FIREWALL-07,False
ALT-CSE-07-03798,CSE-07,MEDIUM,2024-11-19T00:28:56,2024-11-19T00:29:42.740939,2024-11-19T00:48:55.609520,CLOSED,,ENDPOINT-07,False
ALT-CSE-07-03799,CSE-07,LOW,2024-12-14T13:21:22,2024-12-14T13:22:56.435263,2024-12-14T13:40:17.333457,CLOSED,,ENDPOINT-07,False
ALT-CSE-07-03800,CSE-07,LOW,2024-10-31T04:50:34,2024-10-31T04:52:19.699314,2024-10-31T05:18:29.651894,CLOSED,CAS-CSE-07-0918,WEB-SERVER-07,False
ALT-CSE-07-03801,CSE-07,HIGH,2024-12-21T11:43:56,2024-12-21T11:45:31.556864,2024-12-21T12:11:06.482801,CLOSED,,ENDPOINT-07,False
ALT-CSE-07-03802,CSE-07,MEDIUM,2024-12-04T03:57:47,2024-12-04T03:59:37.184608,2024-12-04T04:12:47.374827,CLOSED,,ENDPOINT-07,False
ALT-CSE-07-03803,CSE-07,LOW,2024-10-23T12:21:05,2024-10-23T12:22:27.615370,2024-10-23T12:47:37.725134,CLOSED,,ENDPOINT-07,False
ALT-CSE-07-03804,CSE-07,LOW,2024-12-19T11:11:47,2024-12-19T11:12:33.881025,2024-12-19T11:26:48.927929,CLOSED,CAS-CSE-07-0919,WEB-SERVER-07,False
ALT-CSE-07-03805,CSE-07,MEDIUM,2024-11-03T15:15:07,2024-11-03T15:15:51.204686,2024-11-03T15:32:32.132829,CLOSED,,WEB-SERVER-07,False
ALT-CSE-07-03806,CSE-07,LOW,2024-10-29T20:43:30,2024-10-29T20:44:30.068225,2024-10-29T21:02:58.895878,CLOSED,,FIREWALL-07,False
ALT-CSE-07-03807,CSE-07,HIGH,2024-11-26T23:22:29,2024-11-26T23:23:19.384518,2024-11-26T23:35:24.216064,CLOSED,,FIREWALL-07,False
ALT-CSE-07-03808,CSE-07,HIGH,2024-10-29T03:33:13,2024-10-29T03:34:03.847195,2024-10-29T04:03:23.039441,CLOSED,,ENDPOINT-07,False
ALT-CSE-07-03809,CSE-07,LOW,2024-10-31T13:33:41,2024-10-31T13:35:00.848895,2024-10-31T13:51:34.032275,CLOSED,,WEB-SERVER-07,False
ALT-CSE-07-03810,CSE-07,LOW,2024-11-21T14:44:03,2024-11-21T14:44:54.822380,2024-11-21T15:08:25.826053,CLOSED,,ENDPOINT-07,False
ALT-CSE-07-03811,CSE-07,LOW,2024-10-04T17:09:39,2024-10-04T17:10:09.926177,2024-10-04T17:25:20.104557,CLOSED,CAS-CSE-07-0920,FIREWALL-07,False
ALT-CSE-07-03812,CSE-07,LOW,2024-10-25T05:20:20,2024-10-25T05:21:40.842953,2024-10-25T05:46:44.525303,CLOSED,,FIREWALL-07,False
ALT-CSE-07-03813,CSE-07,HIGH,2024-12-06T13:13:02,2024-12-06T13:13:34.366118,2024-12-06T13:31:31.730599,CLOSED,,FIREWALL-07,False
ALT-CSE-07-03814,CSE-07,HIGH,2024-12-20T23:28:40,2024-12-20T23:30:18.870387,2024-12-20T23:59:41.905899,CLOSED,,DB-SERVER-07,False
ALT-CSE-07-03815,CSE-07,HIGH,2024-10-30T03:06:15,2024-10-30T03:07:25.436976,2024-10-30T03:21:08.060792,CLOSED,,FIREWALL-07,False
ALT-CSE-07-03816,CSE-07,LOW,2024-12-20T17:30:41,2024-12-20T17:31:13.883444,2024-12-20T17:54:54.450919,CLOSED,,WEB-SERVER-07,False
ALT-CSE-07-03817,CSE-07,HIGH,2024-11-13T17:15:36,2024-11-13T17:17:08.857066,2024-11-13T17:37:22.314550,CLOSED,,ENDPOINT-07,False
ALT-CSE-07-03818,CSE-07,MEDIUM,2024-11-22T14:02:24,2024-11-22T14:04:20.170302,2024-11-22T14:23:56.233947,CLOSED,,WEB-SERVER-07,False
ALT-CSE-07-03819,CSE-07,MEDIUM,2024-11-13T10:27:49,2024-11-13T10:29:45.667972,2024-11-13T10:54:32.457137,CLOSED,,DB-SERVER-07,False
ALT-CSE-07-03820,CSE-07,LOW,2024-10-24T13:20:56,2024-10-24T13:22:52.258755,2024-10-24T13:39:37.352937,CLOSED,CAS-CSE-07-0921,ENDPOINT-07,False
ALT-CSE-07-03821,CSE-07,LOW,2024-12-21T05:03:58,2024-12-21T05:05:38.241624,2024-12-21T05:33:37.414117,CLOSED,,FIREWALL-07,False
ALT-CSE-07-03822,CSE-07,HIGH,2024-11-01T04:25:52,2024-11-01T04:26:48.777089,2024-11-01T04:46:07.016418,CLOSED,,FIREWALL-07,False
ALT-CSE-07-03823,CSE-07,HIGH,2024-10-18T00:56:26,2024-10-18T00:58:08.125414,2024-10-18T01:23:07.047404,CLOSED,,WEB-SERVER-07,False
ALT-CSE-07-03824,CSE-07,HIGH,2024-12-02T07:57:26,2024-12-02T07:58:17.723799,2024-12-02T08:18:29.618911,CLOSED,,FIREWALL-07,False
ALT-CSE-07-03825,CSE-07,LOW,2024-11-06T07:31:19,2024-11-06T07:32:37.912267,2024-11-06T07:58:53.790116,CLOSED,,FIREWALL-07,False
ALT-CSE-07-03826,CSE-07,HIGH,2024-12-03T04:24:29,2024-12-03T04:25:47.780155,2024-12-03T04:43:19.130471,CLOSED,,DB-SERVER-07,False
ALT-CSE-07-03827,CSE-07,MEDIUM,2024-10-26T03:32:24,2024-10-26T03:33:55.459350,2024-10-26T03:55:10.646487,CLOSED,,ENDPOINT-07,False
ALT-CSE-07-03828,CSE-07,MEDIUM,2024-10-01T10:52:10,2024-10-01T10:53:12.836902,2024-10-01T11:08:28.597727,CLOSED,,DB-SERVER-07,False
ALT-CSE-07-03829,CSE-07,MEDIUM,2024-11-01T05:56:15,2024-11-01T05:57:39.443637,2024-11-01T06:16:51.883259,CLOSED,,FIREWALL-07,False
ALT-CSE-07-03830,CSE-07,LOW,2024-10-08T17:59:54,2024-10-08T18:01:23.731330,2024-10-08T18:07:32.818483,CLOSED,,DB-SERVER-07,False
ALT-CSE-07-03831,CSE-07,MEDIUM,2024-12-28T16:12:57,2024-12-28T16:14:38.382543,2024-12-28T16:22:40.129670,CLOSED,,FIREWALL-07,False
ALT-CSE-07-03832,CSE-07,LOW,2024-12-02T03:04:52,2024-12-02T03:06:15.639351,2024-12-02T03:23:07.033767,CLOSED,,DB-SERVER-07,False
ALT-CSE-07-03833,CSE-07,HIGH,2024-11-21T17:20:08,2024-11-21T17:21:29.824429,2024-11-21T17:47:20.740574,CLOSED,CAS-CSE-07-0922,FIREWALL-07,False
ALT-CSE-07-03834,CSE-07,MEDIUM,2024-10-18T00:11:28,2024-10-18T00:12:40.813952,2024-10-18T00:32:16.605545,CLOSED,,DB-SERVER-07,False
ALT-CSE-07-03835,CSE-07,HIGH,2024-12-23T18:55:12,2024-12-23T18:56:26.201923,2024-12-23T19:20:14.364763,CLOSED,,ENDPOINT-07,False
ALT-CSE-07-03836,CSE-07,LOW,2024-10-29T09:10:00,2024-10-29T09:10:30.971049,2024-10-29T09:28:50.825116,CLOSED,,ENDPOINT-07,False
ALT-CSE-07-03837,CSE-07,LOW,2024-11-18T03:22:37,2024-11-18T03:23:39.546538,2024-11-18T03:40:18.019840,CLOSED,,WEB-SERVER-07,False
ALT-CSE-07-03838,CSE-07,LOW,2024-10-26T17:54:56,2024-10-26T17:56:29.118422,2024-10-26T18:19:17.877504,CLOSED,,WEB-SERVER-07,False
ALT-CSE-07-03839,CSE-07,LOW,2024-11-01T08:04:39,2024-11-01T08:06:21.639636,2024-11-01T08:25:49.276760,CLOSED,,DB-SERVER-07,False
ALT-CSE-07-03840,CSE-07,LOW,2024-12-01T16:30:29,2024-12-01T16:32:26.022964,2024-12-01T16:50:47.006358,CLOSED,,WEB-SERVER-07,False
ALT-CSE-07-03841,CSE-07,LOW,2024-11-27T12:30:03,2024-11-27T12:31:07.541404,2024-11-27T12:49:30.755712,CLOSED,,DB-SERVER-07,False
ALT-CSE-07-03842,CSE-07,HIGH,2024-12-03T23:41:45,2024-12-03T23:43:22.388462,2024-12-04T00:04:08.446109,CLOSED,,ENDPOINT-07,False
ALT-CSE-07-03843,CSE-07,MEDIUM,2024-10-26T11:31:57,2024-10-26T11:32:59.724599,2024-10-26T11:58:49.788277,CLOSED,,WEB-SERVER-07,False
ALT-CSE-07-03844,CSE-07,HIGH,2024-12-23T23:55:09,2024-12-23T23:55:57.192403,2024-12-24T00:17:04.602075,CLOSED,,DB-SERVER-07,False
ALT-CSE-07-03845,CSE-07,LOW,2024-12-20T09:00:02,2024-12-20T09:01:59.543779,2024-12-20T09:21:55.319817,CLOSED,,ENDPOINT-07,False
ALT-CSE-07-03846,CSE-07,MEDIUM,2024-11-24T18:35:28,2024-11-24T18:37:12.048051,2024-11-24T18:57:45.687596,CLOSED,,FIREWALL-07,False
ALT-CSE-07-03847,CSE-07,LOW,2024-12-06T22:55:05,2024-12-06T22:55:42.842425,2024-12-06T23:11:18.172977,CLOSED,,ENDPOINT-07,False
ALT-CSE-07-03848,CSE-07,MEDIUM,2024-10-28T12:59:53,2024-10-28T13:01:40.309463,2024-10-28T13:18:22.695322,CLOSED,,WEB-SERVER-07,False
ALT-CSE-07-03849,CSE-07,LOW,2024-10-16T11:13:03,2024-10-16T11:15:00.061622,2024-10-16T11:26:02.739032,CLOSED,,DB-SERVER-07,False
ALT-CSE-07-03850,CSE-07,LOW,2024-11-27T00:13:13,2024-11-27T00:14:43.787866,2024-11-27T00:34:30.208242,CLOSED,,ENDPOINT-07,False
ALT-CSE-07-03851,CSE-07,LOW,2024-10-25T12:16:29,2024-10-25T12:17:07.129651,2024-10-25T12:42:07.545020,CLOSED,,ENDPOINT-07,False
ALT-CSE-07-03852,CSE-07,HIGH,2024-12-27T18:53:00,2024-12-27T18:53:50.091293,2024-12-27T19:17:20.897004,CLOSED,,WEB-SERVER-07,False
ALT-CSE-07-03853,CSE-07,HIGH,2024-12-18T19:46:42,2024-12-18T19:47:48.915139,2024-12-18T20:11:55.794756,CLOSED,,DB-SERVER-07,False
ALT-CSE-07-03854,CSE-07,MEDIUM,2024-10-08T14:28:44,2024-10-08T14:30:01.407774,2024-10-08T14:39:25.457330,CLOSED,,ENDPOINT-07,False
ALT-CSE-07-03855,CSE-07,HIGH,2024-11-19T07:07:33,2024-11-19T07:08:24.463794,2024-11-19T07:17:04.163812,CLOSED,,WEB-SERVER-07,False
ALT-CSE-07-03856,CSE-07,MEDIUM,2024-12-03T00:03:00,2024-12-03T00:04:00.763914,2024-12-03T00:19:29.454500,CLOSED,,DB-SERVER-07,False
ALT-CSE-07-03857,CSE-07,MEDIUM,2024-12-27T03:59:19,2024-12-27T04:00:39.725760,2024-12-27T04:14:32.189761,CLOSED,,DB-SERVER-07,False
ALT-CSE-07-03858,CSE-07,HIGH,2024-11-11T11:53:00,2024-11-11T11:53:40.695338,2024-11-11T12:14:00.251601,CLOSED,,FIREWALL-07,False
ALT-CSE-07-03859,CSE-07,MEDIUM,2024-11-12T14:35:55,2024-11-12T14:37:28.000625,2024-11-12T15:02:16.390407,CLOSED,,DB-SERVER-07,False
ALT-CSE-07-03860,CSE-07,MEDIUM,2024-10-08T16:15:43,2024-10-08T16:17:02.524346,2024-10-08T16:40:27.312429,CLOSED,,DB-SERVER-07,False
ALT-CSE-07-03861,CSE-07,MEDIUM,2024-10-31T14:06:49,2024-10-31T14:07:58.318121,2024-10-31T14:24:39.410226,CLOSED,,DB-SERVER-07,False
ALT-CSE-07-03862,CSE-07,LOW,2024-10-05T16:07:17,2024-10-05T16:08:04.429743,2024-10-05T16:24:42.726526,CLOSED,,DB-SERVER-07,False
ALT-CSE-07-03863,CSE-07,HIGH,2024-12-07T16:01:39,2024-12-07T16:02:27.439067,2024-12-07T16:23:32.910439,CLOSED,,WEB-SERVER-07,False
ALT-CSE-07-03864,CSE-07,HIGH,2024-12-08T22:45:57,2024-12-08T22:46:46.841509,2024-12-08T23:03:04.682414,CLOSED,,ENDPOINT-07,False
ALT-CSE-07-03865,CSE-07,LOW,2024-11-21T05:57:33,2024-11-21T05:59:04.468686,2024-11-21T06:18:03.719809,CLOSED,,DB-SERVER-07,False
ALT-CSE-07-03866,CSE-07,HIGH,2024-10-27T22:53:11,2024-10-27T22:54:39.407979,2024-10-27T23:14:16.780586,CLOSED,,DB-SERVER-07,False
ALT-CSE-07-03867,CSE-07,MEDIUM,2024-10-14T00:25:36,2024-10-14T00:26:29.467131,2024-10-14T00:49:52.364055,CLOSED,,WEB-SERVER-07,False
ALT-CSE-07-03868,CSE-07,LOW,2024-10-14T13:38:53,2024-10-14T13:39:47.074649,2024-10-14T14:02:25.207917,CLOSED,,ENDPOINT-07,False
ALT-CSE-07-03869,CSE-07,MEDIUM,2024-12-18T09:54:45,2024-12-18T09:55:58.330282,2024-12-18T10:14:30.851448,CLOSED,,FIREWALL-07,False
ALT-CSE-07-03870,CSE-07,MEDIUM,2024-12-25T03:11:00,2024-12-25T03:11:52.645193,2024-12-25T03:35:56.666213,CLOSED,,WEB-SERVER-07,False
ALT-CSE-07-03871,CSE-07,MEDIUM,2024-11-04T16:10:25,2024-11-04T16:11:14.381005,2024-11-04T16:31:56.773488,CLOSED,,WEB-SERVER-07,False
ALT-CSE-07-03872,CSE-07,LOW,2024-12-06T10:37:13,2024-12-06T10:39:00.059807,2024-12-06T10:59:25.424101,CLOSED,,FIREWALL-07,False
ALT-CSE-07-03873,CSE-07,HIGH,2024-11-12T06:09:19,2024-11-12T06:09:59.107549,2024-11-12T06:34:36.375966,CLOSED,,FIREWALL-07,False
ALT-CSE-07-03874,CSE-07,LOW,2024-11-27T13:48:41,2024-11-27T13:49:34.638293,2024-11-27T14:05:13.014484,CLOSED,CAS-CSE-07-0923,ENDPOINT-07,False
ALT-CSE-07-03875,CSE-07,HIGH,2024-10-11T03:12:25,2024-10-11T03:12:57.118868,2024-10-11T03:32:09.764505,CLOSED,,ENDPOINT-07,False
ALT-CSE-07-03876,CSE-07,HIGH,2024-12-14T09:48:57,2024-12-14T09:49:36.936657,2024-12-14T10:11:45.845167,CLOSED,,FIREWALL-07,False
ALT-CSE-07-03877,CSE-07,HIGH,2024-11-25T01:00:47,2024-11-25T01:01:39.608268,2024-11-25T01:23:01.030049,CLOSED,,ENDPOINT-07,False
ALT-CSE-07-03878,CSE-07,LOW,2024-10-24T17:52:04,2024-10-24T17:53:06.382159,2024-10-24T18:25:14.565338,CLOSED,,DB-SERVER-07,False
ALT-CSE-07-03879,CSE-07,MEDIUM,2024-10-26T04:47:21,2024-10-26T04:49:13.108999,2024-10-26T05:09:21.632729,CLOSED,,ENDPOINT-07,False
ALT-CSE-07-03880,CSE-07,LOW,2024-11-16T18:46:13,2024-11-16T18:47:58.286341,2024-11-16T19:01:19.030464,CLOSED,,ENDPOINT-07,False
ALT-CSE-07-03881,CSE-07,MEDIUM,2024-12-06T01:50:09,2024-12-06T01:51:16.444006,2024-12-06T02:07:09.011577,CLOSED,,DB-SERVER-07,False
ALT-CSE-07-03882,CSE-07,MEDIUM,2024-10-14T14:03:12,2024-10-14T14:04:10.853465,2024-10-14T14:18:11.676780,CLOSED,,ENDPOINT-07,False
ALT-CSE-07-03883,CSE-07,MEDIUM,2024-11-14T10:26:20,2024-11-14T10:27:28.344723,2024-11-14T10:45:42.208654,CLOSED,,ENDPOINT-07,False
ALT-CSE-07-03884,CSE-07,HIGH,2024-11-08T15:14:51,2024-11-08T15:15:46.104020,2024-11-08T15:29:25.783673,CLOSED,,ENDPOINT-07,False
ALT-CSE-07-03885,CSE-07,LOW,2024-11-16T13:47:25,2024-11-16T13:47:56.898584,2024-11-16T14:07:14.257086,CLOSED,,WEB-SERVER-07,False
ALT-CSE-07-03886,CSE-07,LOW,2024-11-14T23:25:01,2024-11-14T23:25:33.096609,2024-11-14T23:42:48.757548,CLOSED,,DB-SERVER-07,False
ALT-CSE-07-03887,CSE-07,LOW,2024-12-18T10:49:44,2024-12-18T10:50:28.624837,2024-12-18T11:18:55.262243,CLOSED,,ENDPOINT-07,False
ALT-CSE-07-03888,CSE-07,HIGH,2024-12-24T08:57:17,2024-12-24T08:59:13.269666,2024-12-24T09:14:07.904123,CLOSED,,WEB-SERVER-07,False
ALT-CSE-07-03889,CSE-07,LOW,2024-11-18T06:23:04,2024-11-18T06:24:03.782252,2024-11-18T06:46:19.706959,CLOSED,,DB-SERVER-07,False
ALT-CSE-07-03890,CSE-07,LOW,2024-11-23T09:57:31,2024-11-23T09:58:20.498390,2024-11-23T10:13:33.805199,CLOSED,,ENDPOINT-07,False
ALT-CSE-07-03891,CSE-07,HIGH,2024-10-24T10:42:04,2024-10-24T10:43:48.747097,2024-10-24T10:59:00.119023,CLOSED,,DB-SERVER-07,False
ALT-CSE-07-03892,CSE-07,MEDIUM,2024-11-25T10:23:10,2024-11-25T10:25:01.097795,2024-11-25T10:46:36.131384,CLOSED,,DB-SERVER-07,False
ALT-CSE-07-03893,CSE-07,LOW,2024-12-23T04:38:11,2024-12-23T04:39:55.667585,2024-12-23T04:58:21.860479,CLOSED,,DB-SERVER-07,False
ALT-CSE-07-03894,CSE-07,HIGH,2024-12-20T04:19:59,2024-12-20T04:21:58.705989,2024-12-20T04:39:13.537305,CLOSED,,WEB-SERVER-07,False
ALT-CSE-07-03895,CSE-07,HIGH,2024-12-20T00:35:06,2024-12-20T00:35:38.110745,2024-12-20T00:55:06.078096,CLOSED,,DB-SERVER-07,False
ALT-CSE-07-03896,CSE-07,LOW,2024-10-18T01:04:03,2024-10-18T01:05:28.298682,2024-10-18T01:20:24.873156,CLOSED,,WEB-SERVER-07,False
ALT-CSE-07-03897,CSE-07,HIGH,2024-12-17T10:21:00,2024-12-17T10:22:34.171373,2024-12-17T10:43:21.704465,CLOSED,,FIREWALL-07,False
ALT-CSE-07-03898,CSE-07,HIGH,2024-12-22T09:16:00,2024-12-22T09:17:40.625368,2024-12-22T09:33:43.372175,CLOSED,,DB-SERVER-07,False
ALT-CSE-07-03899,CSE-07,MEDIUM,2024-11-05T21:20:38,2024-11-05T21:21:37.379969,2024-11-05T21:39:54.609877,CLOSED,,FIREWALL-07,False
ALT-CSE-07-03900,CSE-07,MEDIUM,2024-12-15T23:30:20,2024-12-15T23:32:07.177096,2024-12-15T23:51:48.712998,CLOSED,,WEB-SERVER-07,False
ALT-CSE-07-03901,CSE-07,LOW,2024-12-25T13:24:06,2024-12-25T13:24:58.271218,2024-12-25T13:47:54.308568,CLOSED,CAS-CSE-07-0924,FIREWALL-07,False
ALT-CSE-07-03902,CSE-07,MEDIUM,2024-10-08T01:16:42,2024-10-08T01:18:18.871400,2024-10-08T01:39:56.128803,CLOSED,,DB-SERVER-07,False
ALT-CSE-07-03903,CSE-07,LOW,2024-12-15T07:54:26,2024-12-15T07:55:53.664287,2024-12-15T08:14:58.814539,CLOSED,,DB-SERVER-07,False
ALT-CSE-07-03904,CSE-07,MEDIUM,2024-12-01T13:31:30,2024-12-01T13:33:20.262438,2024-12-01T13:48:30.073165,CLOSED,,DB-SERVER-07,False
ALT-CSE-07-03905,CSE-07,MEDIUM,2024-12-23T09:10:16,2024-12-23T09:11:30.686401,2024-12-23T09:25:12.826568,CLOSED,,ENDPOINT-07,False
ALT-CSE-07-03906,CSE-07,LOW,2024-11-26T06:26:41,2024-11-26T06:28:19.279189,2024-11-26T06:46:17.685460,CLOSED,,ENDPOINT-07,False
ALT-CSE-07-03907,CSE-07,MEDIUM,2024-11-17T05:58:29,2024-11-17T05:59:10.573245,2024-11-17T06:09:14.171898,CLOSED,,FIREWALL-07,False
ALT-CSE-07-03908,CSE-07,MEDIUM,2024-12-25T23:55:47,2024-12-25T23:56:41.660165,2024-12-26T00:16:28.931212,CLOSED,,WEB-SERVER-07,False
ALT-CSE-07-03909,CSE-07,HIGH,2024-12-13T12:43:01,2024-12-13T12:44:28.123737,2024-12-13T12:56:08.205491,CLOSED,,ENDPOINT-07,False
ALT-CSE-07-03910,CSE-07,MEDIUM,2024-12-05T16:11:39,2024-12-05T16:13:19.280976,2024-12-05T16:26:28.385334,CLOSED,,DB-SERVER-07,False
ALT-CSE-07-03911,CSE-07,MEDIUM,2024-11-09T07:27:24,2024-11-09T07:29:08.638502,2024-11-09T07:42:37.675782,CLOSED,,WEB-SERVER-07,False
ALT-CSE-07-03912,CSE-07,LOW,2024-10-20T13:02:57,2024-10-20T13:04:35.531587,2024-10-20T13:30:09.987792,CLOSED,,FIREWALL-07,False
ALT-CSE-07-03913,CSE-07,MEDIUM,2024-12-02T11:51:03,2024-12-02T11:51:44.580879,2024-12-02T12:04:24.980840,CLOSED,,FIREWALL-07,False
ALT-CSE-07-03914,CSE-07,LOW,2024-11-08T06:34:06,2024-11-08T06:36:05.074627,2024-11-08T06:47:40.363611,CLOSED,,WEB-SERVER-07,False
ALT-CSE-07-03915,CSE-07,MEDIUM,2024-10-14T22:55:17,2024-10-14T22:55:53.939781,2024-10-14T23:13:24.692116,CLOSED,,DB-SERVER-07,False
ALT-CSE-07-03916,CSE-07,HIGH,2024-12-06T03:41:12,2024-12-06T03:42:43.141418,2024-12-06T04:02:45.382917,CLOSED,,DB-SERVER-07,False
ALT-CSE-07-03917,CSE-07,LOW,2024-12-03T00:14:48,2024-12-03T00:16:09.001848,2024-12-03T00:40:07.497495,CLOSED,,FIREWALL-07,False
ALT-CSE-07-03918,CSE-07,LOW,2024-10-26T18:00:34,2024-10-26T18:01:43.031019,2024-10-26T18:31:02.203529,CLOSED,,FIREWALL-07,False
ALT-CSE-07-03919,CSE-07,MEDIUM,2024-12-05T16:56:04,2024-12-05T16:57:38.455091,2024-12-05T17:21:24.124889,CLOSED,,WEB-SERVER-07,False
ALT-CSE-07-03920,CSE-07,HIGH,2024-10-18T21:20:33,2024-10-18T21:22:11.151090,2024-10-18T21:44:42.744081,CLOSED,,FIREWALL-07,False
ALT-CSE-07-03921,CSE-07,LOW,2024-11-19T20:32:18,2024-11-19T20:33:48.947451,2024-11-19T20:54:52.502983,CLOSED,,ENDPOINT-07,False
ALT-CSE-07-03922,CSE-07,MEDIUM,2024-10-22T10:33:39,2024-10-22T10:34:38.512399,2024-10-22T10:50:39.423858,CLOSED,,FIREWALL-07,False
ALT-CSE-07-03923,CSE-07,HIGH,2024-10-05T12:25:32,2024-10-05T12:26:03.658755,2024-10-05T12:51:21.907829,CLOSED,,WEB-SERVER-07,False
ALT-CSE-07-03924,CSE-07,HIGH,2024-11-09T05:35:31,2024-11-09T05:36:22.380537,2024-11-09T06:01:23.244604,CLOSED,,FIREWALL-07,False
ALT-CSE-07-03925,CSE-07,LOW,2024-12-09T07:38:29,2024-12-09T07:39:16.125204,2024-12-09T07:57:24.436960,CLOSED,,FIREWALL-07,False
ALT-CSE-07-03926,CSE-07,MEDIUM,2024-12-29T22:26:50,2024-12-29T22:28:13.381830,2024-12-29T22:41:37.383281,CLOSED,,ENDPOINT-07,False
ALT-CSE-07-03927,CSE-07,LOW,2024-11-09T17:05:00,2024-11-09T17:05:33.895218,2024-11-09T17:18:26.843202,CLOSED,,FIREWALL-07,False
ALT-CSE-07-03928,CSE-07,HIGH,2024-12-09T17:16:56,2024-12-09T17:18:23.427391,2024-12-09T17:33:26.753386,CLOSED,,WEB-SERVER-07,False
ALT-CSE-07-03929,CSE-07,HIGH,2024-11-26T12:51:54,2024-11-26T12:53:00.094650,2024-11-26T13:07:35.112866,CLOSED,,ENDPOINT-07,False
ALT-CSE-07-03930,CSE-07,MEDIUM,2024-10-26T10:33:16,2024-10-26T10:35:05.005932,2024-10-26T10:53:52.061185,CLOSED,,ENDPOINT-07,False
ALT-CSE-07-03931,CSE-07,MEDIUM,2024-10-30T18:41:03,2024-10-30T18:41:58.942881,2024-10-30T18:59:23.003361,CLOSED,,WEB-SERVER-07,False
ALT-CSE-07-03932,CSE-07,MEDIUM,2024-11-29T20:23:54,2024-11-29T20:25:46.169541,2024-11-29T20:37:30.345760,CLOSED,,FIREWALL-07,False
ALT-CSE-07-03933,CSE-07,LOW,2024-11-27T23:43:40,2024-11-27T23:44:55.542318,2024-11-28T00:00:09.641144,CLOSED,,WEB-SERVER-07,False
ALT-CSE-07-03934,CSE-07,MEDIUM,2024-11-16T14:59:23,2024-11-16T15:00:43.141035,2024-11-16T15:15:33.525990,CLOSED,,ENDPOINT-07,False
ALT-CSE-07-03935,CSE-07,MEDIUM,2024-12-10T13:24:24,2024-12-10T13:24:58.841636,2024-12-10T13:47:44.415881,CLOSED,,FIREWALL-07,False
ALT-CSE-07-03936,CSE-07,HIGH,2024-11-22T14:03:23,2024-11-22T14:05:12.763968,2024-11-22T14:22:21.558988,CLOSED,,ENDPOINT-07,False
ALT-CSE-07-03937,CSE-07,MEDIUM,2024-11-14T12:20:15,2024-11-14T12:21:58.695166,2024-11-14T12:44:55.352391,CLOSED,,ENDPOINT-07,False
ALT-CSE-07-03938,CSE-07,HIGH,2024-10-27T23:41:46,2024-10-27T23:43:31.154522,2024-10-28T00:02:55.134120,CLOSED,,WEB-SERVER-07,False
ALT-CSE-07-03939,CSE-07,MEDIUM,2024-11-20T23:57:04,2024-11-20T23:57:49.544655,2024-11-21T00:24:11.737146,CLOSED,,ENDPOINT-07,False
ALT-CSE-07-03940,CSE-07,MEDIUM,2024-11-10T14:08:29,2024-11-10T14:10:21.323176,2024-11-10T14:28:29.140987,CLOSED,,DB-SERVER-07,False
ALT-CSE-07-03941,CSE-07,MEDIUM,2024-12-27T05:12:47,2024-12-27T05:13:28.496982,2024-12-27T05:33:47.104502,CLOSED,,DB-SERVER-07,False
ALT-CSE-07-03942,CSE-07,HIGH,2024-12-24T07:17:59,2024-12-24T07:19:25.573444,2024-12-24T07:37:06.710119,CLOSED,,ENDPOINT-07,False
ALT-CSE-07-03943,CSE-07,LOW,2024-10-08T19:01:54,2024-10-08T19:02:50.017432,2024-10-08T19:19:58.013882,CLOSED,,WEB-SERVER-07,False
ALT-CSE-07-03944,CSE-07,HIGH,2024-11-15T22:46:00,2024-11-15T22:47:17.108648,2024-11-15T23:02:02.774776,CLOSED,,DB-SERVER-07,False
ALT-CSE-07-03945,CSE-07,HIGH,2024-11-15T19:27:45,2024-11-15T19:29:09.425357,2024-11-15T19:51:27.761610,CLOSED,,ENDPOINT-07,False
ALT-CSE-07-03946,CSE-07,HIGH,2024-10-03T03:57:39,2024-10-03T03:58:10.569992,2024-10-03T04:22:00.200620,CLOSED,,ENDPOINT-07,False
ALT-CSE-07-03947,CSE-07,LOW,2024-12-09T10:38:33,2024-12-09T10:40:26.881367,2024-12-09T10:50:27.081816,CLOSED,,DB-SERVER-07,False
ALT-CSE-07-03948,CSE-07,HIGH,2024-11-05T13:34:04,2024-11-05T13:35:29.658307,2024-11-05T13:58:10.422477,CLOSED,,ENDPOINT-07,False
ALT-CSE-07-03949,CSE-07,LOW,2024-10-18T17:19:12,2024-10-18T17:20:44.950997,2024-10-18T17:38:16.855528,CLOSED,,FIREWALL-07,False
ALT-CSE-07-03950,CSE-07,MEDIUM,2024-12-26T21:13:44,2024-12-26T21:14:23.629675,2024-12-26T21:27:14.379197,CLOSED,,DB-SERVER-07,False
ALT-CSE-07-03951,CSE-07,MEDIUM,2024-10-30T18:16:03,2024-10-30T18:17:47.731503,2024-10-30T18:42:42.976465,CLOSED,,ENDPOINT-07,False
ALT-CSE-07-03952,CSE-07,HIGH,2024-12-15T10:52:28,2024-12-15T10:53:43.449868,2024-12-15T11:04:45.118184,CLOSED,,WEB-SERVER-07,False
ALT-CSE-07-03953,CSE-07,HIGH,2024-10-19T19:05:55,2024-10-19T19:06:45.015255,2024-10-19T19:16:46.920257,CLOSED,,WEB-SERVER-07,False
ALT-CSE-07-03954,CSE-07,HIGH,2024-12-13T03:03:22,2024-12-13T03:04:12.718474,2024-12-13T03:16:51.743218,CLOSED,,WEB-SERVER-07,False
ALT-CSE-07-03955,CSE-07,MEDIUM,2024-11-03T08:03:10,2024-11-03T08:05:04.476393,2024-11-03T08:26:32.299301,CLOSED,CAS-CSE-07-0925,ENDPOINT-07,False
ALT-CSE-07-03956,CSE-07,HIGH,2024-11-21T23:29:59,2024-11-21T23:31:39.984053,2024-11-21T23:51:50.437072,CLOSED,,DB-SERVER-07,False
ALT-CSE-07-03957,CSE-07,MEDIUM,2024-12-16T03:47:31,2024-12-16T03:49:16.710486,2024-12-16T04:06:53.115914,CLOSED,CAS-CSE-07-0926,ENDPOINT-07,False
ALT-CSE-07-03958,CSE-07,MEDIUM,2024-12-06T11:53:31,2024-12-06T11:54:50.791369,2024-12-06T12:17:02.219851,CLOSED,,DB-SERVER-07,False
ALT-CSE-07-03959,CSE-07,MEDIUM,2024-10-31T00:06:29,2024-10-31T00:07:34.496719,2024-10-31T00:38:42.958063,CLOSED,,FIREWALL-07,False
ALT-CSE-07-03960,CSE-07,LOW,2024-11-21T20:10:18,2024-11-21T20:11:35.046784,2024-11-21T20:27:34.055117,CLOSED,,ENDPOINT-07,False
ALT-CSE-07-03961,CSE-07,HIGH,2024-10-12T02:04:43,2024-10-12T02:05:56.577012,2024-10-12T02:15:35.431065,CLOSED,,FIREWALL-07,False
ALT-CSE-07-03962,CSE-07,MEDIUM,2024-10-07T16:46:55,2024-10-07T16:47:36.375828,2024-10-07T17:12:41.954681,CLOSED,,ENDPOINT-07,False
ALT-CSE-07-03963,CSE-07,HIGH,2024-12-15T14:11:56,2024-12-15T14:13:13.127192,2024-12-15T14:38:28.153444,CLOSED,,ENDPOINT-07,False
ALT-CSE-07-03964,CSE-07,LOW,2024-12-29T21:13:28,2024-12-29T21:14:35.982278,2024-12-29T21:26:28.230287,CLOSED,,DB-SERVER-07,False
ALT-CSE-07-03965,CSE-07,MEDIUM,2024-10-21T22:24:45,2024-10-21T22:25:44.906157,2024-10-21T22:40:45.258199,CLOSED,,FIREWALL-07,False
ALT-CSE-07-03966,CSE-07,MEDIUM,2024-12-23T13:55:16,2024-12-23T13:56:11.075254,2024-12-23T14:17:14.803146,CLOSED,,ENDPOINT-07,False
ALT-CSE-07-03967,CSE-07,HIGH,2024-10-05T10:43:46,2024-10-05T10:44:27.009378,2024-10-05T11:06:01.758341,CLOSED,,FIREWALL-07,False
ALT-CSE-07-03968,CSE-07,LOW,2024-10-08T09:24:53,2024-10-08T09:26:24.239812,2024-10-08T09:31:26.337610,CLOSED,,FIREWALL-07,False
ALT-CSE-07-03969,CSE-07,LOW,2024-11-29T19:00:19,2024-11-29T19:01:51.475250,2024-11-29T19:20:33.456728,CLOSED,,WEB-SERVER-07,False
ALT-CSE-07-03970,CSE-07,MEDIUM,2024-12-25T05:22:38,2024-12-25T05:24:20.071342,2024-12-25T05:43:49.359775,CLOSED,,WEB-SERVER-07,False
ALT-CSE-07-03971,CSE-07,MEDIUM,2024-11-28T01:16:07,2024-11-28T01:17:40.008493,2024-11-28T01:39:26.488403,CLOSED,,WEB-SERVER-07,False
ALT-CSE-07-03972,CSE-07,MEDIUM,2024-12-18T15:28:25,2024-12-18T15:29:27.977219,2024-12-18T15:52:52.288546,CLOSED,,FIREWALL-07,False
ALT-CSE-07-03973,CSE-07,LOW,2024-10-26T01:30:24,2024-10-26T01:30:56.885876,2024-10-26T02:01:29.008851,CLOSED,,FIREWALL-07,False
ALT-CSE-07-03974,CSE-07,LOW,2024-11-15T07:29:54,2024-11-15T07:31:18.288663,2024-11-15T07:52:15.592701,CLOSED,CAS-CSE-07-0927,WEB-SERVER-07,False
ALT-CSE-07-03975,CSE-07,HIGH,2024-11-15T03:19:07,2024-11-15T03:20:13.832861,2024-11-15T03:30:27.246616,CLOSED,,FIREWALL-07,False
ALT-CSE-07-03976,CSE-07,HIGH,2024-11-01T01:40:01,2024-11-01T01:40:44.547124,2024-11-01T01:57:56.076905,CLOSED,,ENDPOINT-07,False
ALT-CSE-07-03977,CSE-07,LOW,2024-12-23T14:07:11,2024-12-23T14:08:58.526961,2024-12-23T14:32:50.710673,CLOSED,,FIREWALL-07,False
ALT-CSE-07-03978,CSE-07,LOW,2024-11-27T20:46:41,2024-11-27T20:47:22.202530,2024-11-27T20:55:42.796009,CLOSED,,ENDPOINT-07,False
ALT-CSE-07-03979,CSE-07,LOW,2024-11-11T05:08:21,2024-11-11T05:08:58.157517,2024-11-11T05:31:32.861494,CLOSED,,FIREWALL-07,False
ALT-CSE-07-03980,CSE-07,MEDIUM,2024-12-04T20:37:18,2024-12-04T20:39:10.158233,2024-12-04T20:59:12.576231,CLOSED,,ENDPOINT-07,False
ALT-CSE-07-03981,CSE-07,HIGH,2024-10-28T12:35:17,2024-10-28T12:36:50.891368,2024-10-28T12:51:27.726432,CLOSED,,FIREWALL-07,False
ALT-CSE-07-03982,CSE-07,MEDIUM,2024-12-29T10:57:48,2024-12-29T10:58:54.226848,2024-12-29T11:11:16.082432,CLOSED,,ENDPOINT-07,False
ALT-CSE-07-03983,CSE-07,LOW,2024-10-20T09:08:28,2024-10-20T09:09:59.653895,2024-10-20T09:25:13.311336,CLOSED,,DB-SERVER-07,False
ALT-CSE-07-03984,CSE-07,LOW,2024-11-07T22:23:13,2024-11-07T22:24:47.186442,2024-11-07T22:42:13.106939,CLOSED,,ENDPOINT-07,False
ALT-CSE-07-03985,CSE-07,HIGH,2024-10-16T12:50:03,2024-10-16T12:51:35.271682,2024-10-16T13:08:13.692591,CLOSED,,ENDPOINT-07,False
ALT-CSE-07-03986,CSE-07,HIGH,2024-12-20T14:45:15,2024-12-20T14:46:48.918603,2024-12-20T14:56:53.357326,CLOSED,,ENDPOINT-07,False
ALT-CSE-07-03987,CSE-07,HIGH,2024-11-23T14:28:25,2024-11-23T14:30:15.493381,2024-11-23T14:47:37.087343,CLOSED,,FIREWALL-07,False
ALT-CSE-07-03988,CSE-07,LOW,2024-11-08T12:42:29,2024-11-08T12:43:04.441166,2024-11-08T13:03:04.608822,CLOSED,,FIREWALL-07,False
ALT-CSE-07-03989,CSE-07,MEDIUM,2024-11-23T09:55:28,2024-11-23T09:56:45.922890,2024-11-23T10:23:29.416206,CLOSED,,WEB-SERVER-07,False
ALT-CSE-07-03990,CSE-07,MEDIUM,2024-12-21T11:34:41,2024-12-21T11:36:29.846769,2024-12-21T11:52:56.836403,CLOSED,,DB-SERVER-07,False
ALT-CSE-07-03991,CSE-07,MEDIUM,2024-11-04T20:21:41,2024-11-04T20:22:27.127418,2024-11-04T20:31:56.263171,CLOSED,,WEB-SERVER-07,False
ALT-CSE-07-03992,CSE-07,HIGH,2024-12-19T01:18:56,2024-12-19T01:19:33.035643,2024-12-19T01:42:51.673045,CLOSED,,DB-SERVER-07,False
ALT-CSE-07-03993,CSE-07,HIGH,2024-11-08T02:29:07,2024-11-08T02:30:27.079843,2024-11-08T02:42:10.969025,CLOSED,,FIREWALL-07,False
ALT-CSE-07-03994,CSE-07,LOW,2024-10-08T01:52:09,2024-10-08T01:53:14.493849,2024-10-08T02:08:22.768371,CLOSED,,ENDPOINT-07,False
ALT-CSE-07-03995,CSE-07,MEDIUM,2024-11-29T18:05:13,2024-11-29T18:06:34.755132,2024-11-29T18:29:17.001785,CLOSED,,DB-SERVER-07,False
ALT-CSE-07-03996,CSE-07,HIGH,2024-11-30T05:36:11,2024-11-30T05:36:53.020704,2024-11-30T06:00:44.708538,CLOSED,,FIREWALL-07,False
ALT-CSE-07-03997,CSE-07,HIGH,2024-12-10T07:49:34,2024-12-10T07:50:15.013024,2024-12-10T08:09:35.476322,CLOSED,CAS-CSE-07-0928,ENDPOINT-07,False
ALT-CSE-07-03998,CSE-07,HIGH,2024-10-29T16:17:14,2024-10-29T16:18:29.893481,2024-10-29T16:42:58.077756,CLOSED,,ENDPOINT-07,False
ALT-CSE-07-03999,CSE-07,MEDIUM,2024-11-16T13:36:42,2024-11-16T13:38:23.219936,2024-11-16T13:58:38.529027,CLOSED,,FIREWALL-07,False
ALT-CSE-07-04000,CSE-07,MEDIUM,2024-10-17T23:26:39,2024-10-17T23:27:18.352821,2024-10-17T23:54:05.429871,CLOSED,,FIREWALL-07,False
ALT-CSE-07-04001,CSE-07,HIGH,2024-12-02T19:10:35,2024-12-02T19:11:26.192415,2024-12-02T19:34:37.822029,CLOSED,CAS-CSE-07-0929,DB-SERVER-07,False
ALT-CSE-07-04002,CSE-07,LOW,2024-12-12T04:39:40,2024-12-12T04:41:34.488658,2024-12-12T04:54:58.651462,CLOSED,,ENDPOINT-07,False
ALT-CSE-07-04003,CSE-07,MEDIUM,2024-11-11T18:57:42,2024-11-11T18:59:36.857612,2024-11-11T19:29:50.723230,CLOSED,,ENDPOINT-07,False
ALT-CSE-07-04004,CSE-07,MEDIUM,2024-12-20T00:35:54,2024-12-20T00:36:38.213626,2024-12-20T00:55:38.783999,CLOSED,,WEB-SERVER-07,False
ALT-CSE-07-04005,CSE-07,HIGH,2024-10-28T06:48:32,2024-10-28T06:49:33.069842,2024-10-28T07:05:28.468805,CLOSED,,DB-SERVER-07,False
ALT-CSE-07-04006,CSE-07,MEDIUM,2024-11-22T01:26:22,2024-11-22T01:27:18.205397,2024-11-22T01:43:29.964866,CLOSED,,FIREWALL-07,False
ALT-CSE-07-04007,CSE-07,LOW,2024-11-15T02:07:34,2024-11-15T02:08:28.555325,2024-11-15T02:24:21.417448,CLOSED,,ENDPOINT-07,False
ALT-CSE-07-04008,CSE-07,MEDIUM,2024-10-03T06:52:48,2024-10-03T06:54:15.935890,2024-10-03T07:12:03.401068,CLOSED,,FIREWALL-07,False
ALT-CSE-07-04009,CSE-07,HIGH,2024-10-23T03:25:44,2024-10-23T03:26:46.051590,2024-10-23T03:40:04.162881,CLOSED,,ENDPOINT-07,False
ALT-CSE-07-04010,CSE-07,LOW,2024-12-05T00:59:41,2024-12-05T01:00:15.321443,2024-12-05T01:25:34.356433,CLOSED,,FIREWALL-07,False
ALT-CSE-07-04011,CSE-07,LOW,2024-10-14T09:51:20,2024-10-14T09:52:38.238286,2024-10-14T10:14:11.431687,CLOSED,,DB-SERVER-07,False
ALT-CSE-07-04012,CSE-07,MEDIUM,2024-10-05T11:03:14,2024-10-05T11:04:17.632558,2024-10-05T11:22:58.713824,CLOSED,,DB-SERVER-07,False
ALT-CSE-07-04013,CSE-07,HIGH,2024-10-06T13:27:13,2024-10-06T13:28:53.009070,2024-10-06T13:47:32.499367,CLOSED,,ENDPOINT-07,False
ALT-CSE-07-04014,CSE-07,LOW,2024-11-02T17:02:30,2024-11-02T17:03:44.106041,2024-11-02T17:24:25.040178,CLOSED,,DB-SERVER-07,False
ALT-CSE-07-04015,CSE-07,LOW,2024-12-22T09:34:12,2024-12-22T09:35:48.210969,2024-12-22T10:01:46.536717,CLOSED,,WEB-SERVER-07,False
ALT-CSE-07-04016,CSE-07,LOW,2024-12-20T19:18:21,2024-12-20T19:20:10.422671,2024-12-20T19:41:28.410211,CLOSED,,WEB-SERVER-07,False
ALT-CSE-07-04017,CSE-07,MEDIUM,2024-11-01T11:28:44,2024-11-01T11:29:20.445121,2024-11-01T11:42:37.143954,CLOSED,,FIREWALL-07,False
ALT-CSE-07-04018,CSE-07,LOW,2024-11-13T06:46:05,2024-11-13T06:47:34.352652,2024-11-13T07:10:30.415538,CLOSED,,FIREWALL-07,False
ALT-CSE-07-04019,CSE-07,MEDIUM,2024-12-18T09:47:40,2024-12-18T09:48:49.937399,2024-12-18T10:09:35.707007,CLOSED,,FIREWALL-07,False
ALT-CSE-07-04020,CSE-07,HIGH,2024-10-12T11:39:13,2024-10-12T11:40:47.065025,2024-10-12T11:57:12.276324,CLOSED,,ENDPOINT-07,False
ALT-CSE-07-04021,CSE-07,HIGH,2024-10-27T14:16:24,2024-10-27T14:18:00.219037,2024-10-27T14:34:04.140469,CLOSED,,WEB-SERVER-07,False
ALT-CSE-07-04022,CSE-07,MEDIUM,2024-11-24T00:16:40,2024-11-24T00:17:38.819896,2024-11-24T00:33:46.232753,CLOSED,,ENDPOINT-07,False
ALT-CSE-07-04023,CSE-07,HIGH,2024-12-02T14:40:47,2024-12-02T14:42:03.919469,2024-12-02T15:08:12.855993,CLOSED,,DB-SERVER-07,False
ALT-CSE-07-04024,CSE-07,HIGH,2024-12-09T00:34:19,2024-12-09T00:34:57.754081,2024-12-09T00:44:55.979074,CLOSED,,FIREWALL-07,False
ALT-CSE-07-04025,CSE-07,MEDIUM,2024-12-24T12:32:14,2024-12-24T12:33:35.566889,2024-12-24T12:55:40.994343,CLOSED,,ENDPOINT-07,False
ALT-CSE-07-04026,CSE-07,MEDIUM,2024-12-12T18:50:51,2024-12-12T18:52:24.853385,2024-12-12T19:05:11.597600,CLOSED,,FIREWALL-07,False
ALT-CSE-07-04027,CSE-07,LOW,2024-12-26T07:46:29,2024-12-26T07:47:51.830732,2024-12-26T07:55:39.376918,CLOSED,,FIREWALL-07,False
ALT-CSE-07-04028,CSE-07,MEDIUM,2024-10-29T20:13:40,2024-10-29T20:14:13.802056,2024-10-29T20:35:02.673928,CLOSED,,DB-SERVER-07,False
ALT-CSE-07-04029,CSE-07,LOW,2024-12-22T03:56:45,2024-12-22T03:57:42.954956,2024-12-22T04:18:01.091499,CLOSED,,ENDPOINT-07,False
ALT-CSE-07-04030,CSE-07,LOW,2024-12-21T22:18:10,2024-12-21T22:19:11.174900,2024-12-21T22:38:29.969812,CLOSED,,ENDPOINT-07,False
ALT-CSE-07-04031,CSE-07,LOW,2024-12-15T15:36:55,2024-12-15T15:37:59.067936,2024-12-15T15:57:28.607163,CLOSED,,DB-SERVER-07,False
ALT-CSE-07-04032,CSE-07,HIGH,2024-10-03T08:47:21,2024-10-03T08:47:54.835526,2024-10-03T09:06:34.076558,CLOSED,,ENDPOINT-07,False
ALT-CSE-07-04033,CSE-07,HIGH,2024-12-10T14:07:50,2024-12-10T14:09:21.955677,2024-12-10T14:31:15.104369,CLOSED,,FIREWALL-07,False
ALT-CSE-07-04034,CSE-07,HIGH,2024-10-20T20:39:51,2024-10-20T20:41:29.927043,2024-10-20T21:00:59.644615,CLOSED,,WEB-SERVER-07,False
ALT-CSE-07-04035,CSE-07,MEDIUM,2024-10-25T04:42:02,2024-10-25T04:42:42.082420,2024-10-25T05:04:05.940152,CLOSED,,DB-SERVER-07,False
ALT-CSE-07-04036,CSE-07,LOW,2024-10-07T13:30:01,2024-10-07T13:31:44.955600,2024-10-07T13:51:16.090947,CLOSED,,DB-SERVER-07,False
ALT-CSE-07-04037,CSE-07,MEDIUM,2024-12-25T08:04:44,2024-12-25T08:05:53.793928,2024-12-25T08:28:18.777311,CLOSED,,DB-SERVER-07,False
ALT-CSE-07-04038,CSE-07,MEDIUM,2024-11-23T12:58:33,2024-11-23T13:00:06.937811,2024-11-23T13:21:31.833606,CLOSED,,ENDPOINT-07,False
ALT-CSE-07-04039,CSE-07,MEDIUM,2024-12-11T04:14:30,2024-12-11T04:16:15.736645,2024-12-11T04:38:34.222038,CLOSED,,FIREWALL-07,False
ALT-CSE-07-04040,CSE-07,HIGH,2024-12-18T15:51:29,2024-12-18T15:52:05.962935,2024-12-18T16:15:39.335755,CLOSED,,WEB-SERVER-07,False
ALT-CSE-07-04041,CSE-07,LOW,2024-12-07T04:26:43,2024-12-07T04:28:16.219687,2024-12-07T04:45:22.002840,CLOSED,,DB-SERVER-07,False
ALT-CSE-07-04042,CSE-07,LOW,2024-12-24T03:19:36,2024-12-24T03:20:33.224898,2024-12-24T03:34:45.749912,CLOSED,,FIREWALL-07,False
ALT-CSE-07-04043,CSE-07,HIGH,2024-12-18T00:12:37,2024-12-18T00:13:53.598496,2024-12-18T00:40:15.095182,CLOSED,CAS-CSE-07-0930,FIREWALL-07,False
ALT-CSE-07-04044,CSE-07,MEDIUM,2024-11-28T06:04:24,2024-11-28T06:04:56.805283,2024-11-28T06:25:51.928331,CLOSED,,ENDPOINT-07,False
ALT-CSE-07-04045,CSE-07,LOW,2024-10-13T13:17:15,2024-10-13T13:17:54.115249,2024-10-13T13:36:08.744245,CLOSED,CAS-CSE-07-0931,WEB-SERVER-07,False
ALT-CSE-07-04046,CSE-07,HIGH,2024-11-21T22:52:17,2024-11-21T22:54:10.537002,2024-11-21T23:05:01.688761,CLOSED,,DB-SERVER-07,False
ALT-CSE-07-04047,CSE-07,HIGH,2024-10-27T18:51:41,2024-10-27T18:52:23.738132,2024-10-27T19:07:56.360138,CLOSED,,DB-SERVER-07,False
ALT-CSE-07-04048,CSE-07,HIGH,2024-11-08T16:07:24,2024-11-08T16:07:57.496198,2024-11-08T16:29:30.420422,CLOSED,,WEB-SERVER-07,False
ALT-CSE-07-04049,CSE-07,LOW,2024-11-16T13:02:28,2024-11-16T13:03:15.758638,2024-11-16T13:09:20.145540,CLOSED,,DB-SERVER-07,False
ALT-CSE-07-04050,CSE-07,MEDIUM,2024-12-25T17:47:31,2024-12-25T17:49:22.595478,2024-12-25T18:12:17.026492,CLOSED,,DB-SERVER-07,False
ALT-CSE-07-04051,CSE-07,HIGH,2024-10-06T10:44:34,2024-10-06T10:45:57.031132,2024-10-06T11:01:40.116971,CLOSED,,DB-SERVER-07,False
ALT-CSE-07-04052,CSE-07,MEDIUM,2024-11-21T23:14:04,2024-11-21T23:15:56.492109,2024-11-21T23:34:25.119779,CLOSED,,DB-SERVER-07,False
ALT-CSE-07-04053,CSE-07,LOW,2024-10-31T01:40:45,2024-10-31T01:42:37.868047,2024-10-31T02:01:35.883136,CLOSED,,FIREWALL-07,False
ALT-CSE-07-04054,CSE-07,HIGH,2024-10-10T10:13:33,2024-10-10T10:14:32.773503,2024-10-10T10:33:29.317495,CLOSED,,DB-SERVER-07,False
ALT-CSE-07-04055,CSE-07,LOW,2024-11-27T01:30:47,2024-11-27T01:32:15.791741,2024-11-27T01:42:34.247807,CLOSED,,WEB-SERVER-07,False
ALT-CSE-07-04056,CSE-07,LOW,2024-12-24T20:09:09,2024-12-24T20:10:37.217690,2024-12-24T20:33:08.630811,CLOSED,,FIREWALL-07,False
ALT-CSE-07-04057,CSE-07,HIGH,2024-12-11T09:56:03,2024-12-11T09:58:00.385008,2024-12-11T10:18:22.450153,CLOSED,,ENDPOINT-07,False
ALT-CSE-07-04058,CSE-07,HIGH,2024-11-03T08:09:51,2024-11-03T08:10:28.367778,2024-11-03T08:30:24.080891,CLOSED,,ENDPOINT-07,False
ALT-CSE-07-04059,CSE-07,LOW,2024-12-19T23:11:52,2024-12-19T23:12:22.393711,2024-12-19T23:34:26.616834,CLOSED,,FIREWALL-07,False
ALT-CSE-07-04060,CSE-07,MEDIUM,2024-12-13T12:17:57,2024-12-13T12:19:28.927535,2024-12-13T12:33:03.512502,CLOSED,,DB-SERVER-07,False
ALT-CSE-07-04061,CSE-07,MEDIUM,2024-11-29T01:37:04,2024-11-29T01:37:43.239767,2024-11-29T02:00:35.150547,CLOSED,,DB-SERVER-07,False
ALT-CSE-07-04062,CSE-07,LOW,2024-11-17T15:03:49,2024-11-17T15:05:17.983395,2024-11-17T15:26:28.281809,CLOSED,,ENDPOINT-07,False
ALT-CSE-07-04063,CSE-07,LOW,2024-10-17T08:32:40,2024-10-17T08:33:51.847277,2024-10-17T08:59:59.260496,CLOSED,,FIREWALL-07,False
ALT-CSE-07-04064,CSE-07,LOW,2024-10-19T07:02:35,2024-10-19T07:04:09.236997,2024-10-19T07:21:49.458475,CLOSED,,ENDPOINT-07,False
ALT-CSE-07-04065,CSE-07,MEDIUM,2024-10-16T11:19:26,2024-10-16T11:20:23.986445,2024-10-16T11:32:42.781803,CLOSED,CAS-CSE-07-0932,DB-SERVER-07,False
ALT-CSE-07-04066,CSE-07,MEDIUM,2024-10-14T04:39:42,2024-10-14T04:40:48.781257,2024-10-14T05:08:08.532270,CLOSED,,WEB-SERVER-07,False
ALT-CSE-07-04067,CSE-07,HIGH,2024-12-23T22:04:32,2024-12-23T22:05:14.985613,2024-12-23T22:31:43.615023,CLOSED,,DB-SERVER-07,False
ALT-CSE-07-04068,CSE-07,MEDIUM,2024-11-16T22:57:24,2024-11-16T22:58:23.548785,2024-11-16T23:19:25.428359,CLOSED,CAS-CSE-07-0933,FIREWALL-07,False
ALT-CSE-07-04069,CSE-07,HIGH,2024-11-17T01:08:16,2024-11-17T01:09:40.021155,2024-11-17T01:26:16.017760,CLOSED,,FIREWALL-07,False
ALT-CSE-07-04070,CSE-07,HIGH,2024-12-25T06:39:59,2024-12-25T06:41:45.483924,2024-12-25T06:58:22.911071,CLOSED,,DB-SERVER-07,False
ALT-CSE-07-04071,CSE-07,HIGH,2024-11-08T06:32:16,2024-11-08T06:32:51.950259,2024-11-08T06:49:55.871126,CLOSED,,FIREWALL-07,False
ALT-CSE-07-04072,CSE-07,LOW,2024-11-25T21:23:49,2024-11-25T21:25:28.895364,2024-11-25T21:44:52.759096,CLOSED,,ENDPOINT-07,False
ALT-CSE-07-04073,CSE-07,MEDIUM,2024-10-12T14:05:02,2024-10-12T14:06:07.586369,2024-10-12T14:24:24.690582,CLOSED,,ENDPOINT-07,False
ALT-CSE-07-04074,CSE-07,HIGH,2024-10-06T01:17:13,2024-10-06T01:19:06.173510,2024-10-06T01:30:51.167729,CLOSED,,WEB-SERVER-07,False
ALT-CSE-07-04075,CSE-07,MEDIUM,2024-11-12T13:42:49,2024-11-12T13:43:57.941737,2024-11-12T14:04:45.108960,CLOSED,,FIREWALL-07,False
ALT-CSE-07-04076,CSE-07,HIGH,2024-12-29T01:11:47,2024-12-29T01:12:37.344892,2024-12-29T01:30:17.750432,CLOSED,,DB-SERVER-07,False
ALT-CSE-07-04077,CSE-07,MEDIUM,2024-10-29T11:16:20,2024-10-29T11:18:07.883227,2024-10-29T11:43:44.204377,CLOSED,,FIREWALL-07,False
ALT-CSE-07-04078,CSE-07,MEDIUM,2024-12-07T15:11:17,2024-12-07T15:12:07.085950,2024-12-07T15:33:20.627901,CLOSED,,ENDPOINT-07,False
ALT-CSE-07-04079,CSE-07,HIGH,2024-12-15T19:23:06,2024-12-15T19:24:58.941981,2024-12-15T19:41:19.322728,CLOSED,,FIREWALL-07,False
ALT-CSE-07-04080,CSE-07,LOW,2024-10-09T01:20:02,2024-10-09T01:21:12.436829,2024-10-09T01:43:33.390150,CLOSED,,FIREWALL-07,False
ALT-CSE-07-04081,CSE-07,LOW,2024-11-24T18:55:23,2024-11-24T18:57:07.292090,2024-11-24T19:18:54.060039,CLOSED,,WEB-SERVER-07,False
ALT-CSE-07-04082,CSE-07,MEDIUM,2024-10-06T04:30:07,2024-10-06T04:31:22.778818,2024-10-06T04:49:23.241945,CLOSED,,DB-SERVER-07,False
ALT-CSE-07-04083,CSE-07,LOW,2024-12-21T08:13:27,2024-12-21T08:14:02.616920,2024-12-21T08:38:45.749731,CLOSED,,DB-SERVER-07,False
ALT-CSE-07-04084,CSE-07,MEDIUM,2024-10-06T07:38:30,2024-10-06T07:39:16.824172,2024-10-06T07:56:20.028280,CLOSED,,DB-SERVER-07,False
ALT-CSE-07-04085,CSE-07,LOW,2024-10-21T06:12:07,2024-10-21T06:13:51.665423,2024-10-21T06:26:10.526520,CLOSED,,DB-SERVER-07,False
ALT-CSE-07-04086,CSE-07,HIGH,2024-12-17T02:57:59,2024-12-17T02:59:00.493970,2024-12-17T03:11:19.460224,CLOSED,,ENDPOINT-07,False
ALT-CSE-07-04087,CSE-07,HIGH,2024-10-22T13:02:14,2024-10-22T13:03:34.098722,2024-10-22T13:27:22.399414,CLOSED,,ENDPOINT-07,False
ALT-CSE-07-04088,CSE-07,MEDIUM,2024-10-25T22:45:09,2024-10-25T22:47:08.460633,2024-10-25T22:58:55.048173,CLOSED,,DB-SERVER-07,False
ALT-CSE-07-04089,CSE-07,LOW,2024-12-09T22:51:43,2024-12-09T22:53:15.459971,2024-12-09T23:11:49.272397,CLOSED,,WEB-SERVER-07,False
ALT-CSE-07-04090,CSE-07,LOW,2024-10-28T22:41:40,2024-10-28T22:42:35.999268,2024-10-28T22:57:30.095763,CLOSED,CAS-CSE-07-0934,FIREWALL-07,False
ALT-CSE-07-04091,CSE-07,HIGH,2024-10-29T14:04:08,2024-10-29T14:05:51.018579,2024-10-29T14:20:49.118387,CLOSED,,DB-SERVER-07,False
ALT-CSE-07-04092,CSE-07,LOW,2024-10-02T11:11:35,2024-10-02T11:12:12.075017,2024-10-02T11:27:35.312878,CLOSED,,WEB-SERVER-07,False
ALT-CSE-07-04093,CSE-07,HIGH,2024-10-12T02:42:24,2024-10-12T02:42:57.666796,2024-10-12T03:13:47.049309,CLOSED,,ENDPOINT-07,False
ALT-CSE-07-04094,CSE-07,HIGH,2024-11-13T08:36:14,2024-11-13T08:37:01.353102,2024-11-13T08:55:50.449719,CLOSED,,FIREWALL-07,False
ALT-CSE-07-04095,CSE-07,HIGH,2024-10-09T23:32:37,2024-10-09T23:34:19.230390,2024-10-10T00:02:29.144980,CLOSED,,FIREWALL-07,False
ALT-CSE-07-04096,CSE-07,LOW,2024-12-10T09:56:08,2024-12-10T09:57:34.688235,2024-12-10T10:17:41.008800,CLOSED,,ENDPOINT-07,False
ALT-CSE-07-04097,CSE-07,LOW,2024-11-11T22:51:14,2024-11-11T22:52:47.302294,2024-11-11T23:13:06.885178,CLOSED,,DB-SERVER-07,False
ALT-CSE-07-04098,CSE-07,HIGH,2024-12-23T13:33:54,2024-12-23T13:34:24.875820,2024-12-23T13:49:44.931929,CLOSED,,FIREWALL-07,False
ALT-CSE-07-04099,CSE-07,LOW,2024-11-02T09:34:58,2024-11-02T09:36:55.479245,2024-11-02T09:49:26.746203,CLOSED,,WEB-SERVER-07,False
ALT-CSE-07-04100,CSE-07,MEDIUM,2024-10-11T20:11:47,2024-10-11T20:12:55.423467,2024-10-11T20:28:54.343345,CLOSED,,FIREWALL-07,False
ALT-CSE-07-04101,CSE-07,MEDIUM,2024-12-11T19:22:37,2024-12-11T19:23:18.315830,2024-12-11T19:43:52.670648,CLOSED,,WEB-SERVER-07,False
ALT-CSE-07-04102,CSE-07,HIGH,2024-12-19T06:51:14,2024-12-19T06:52:05.162856,2024-12-19T07:15:00.417824,CLOSED,,DB-SERVER-07,False
ALT-CSE-07-04103,CSE-07,HIGH,2024-10-21T08:18:35,2024-10-21T08:19:54.974746,2024-10-21T08:46:04.095319,CLOSED,,WEB-SERVER-07,False
ALT-CSE-07-04104,CSE-07,MEDIUM,2024-11-21T22:17:17,2024-11-21T22:17:51.112250,2024-11-21T22:43:02.272744,CLOSED,,FIREWALL-07,False
ALT-CSE-07-04105,CSE-07,HIGH,2024-12-21T01:56:01,2024-12-21T01:56:40.493768,2024-12-21T02:17:46.203578,CLOSED,,DB-SERVER-07,False
ALT-CSE-07-04106,CSE-07,MEDIUM,2024-10-05T11:47:19,2024-10-05T11:49:18.982773,2024-10-05T11:59:46.079740,CLOSED,,FIREWALL-07,False
ALT-CSE-07-04107,CSE-07,HIGH,2024-11-25T21:49:56,2024-11-25T21:50:42.010337,2024-11-25T22:12:41.501164,CLOSED,,WEB-SERVER-07,False
ALT-CSE-07-04108,CSE-07,MEDIUM,2024-12-05T19:51:17,2024-12-05T19:52:46.084909,2024-12-05T20:05:25.705800,CLOSED,,WEB-SERVER-07,False
ALT-CSE-07-04109,CSE-07,HIGH,2024-11-13T06:12:09,2024-11-13T06:12:43.029425,2024-11-13T06:35:58.241803,CLOSED,,WEB-SERVER-07,False
ALT-CSE-07-04110,CSE-07,MEDIUM,2024-12-13T11:23:58,2024-12-13T11:25:19.733483,2024-12-13T11:47:32.258790,CLOSED,CAS-CSE-07-0935,DB-SERVER-07,False
ALT-CSE-07-04111,CSE-07,MEDIUM,2024-10-05T09:33:21,2024-10-05T09:34:30.879227,2024-10-05T09:46:09.161636,CLOSED,,ENDPOINT-07,False
ALT-CSE-07-04112,CSE-07,MEDIUM,2024-11-07T02:38:41,2024-11-07T02:39:19.224882,2024-11-07T03:02:11.660970,CLOSED,CAS-CSE-07-0936,FIREWALL-07,False
ALT-CSE-07-04113,CSE-07,HIGH,2024-12-02T18:32:13,2024-12-02T18:33:28.011558,2024-12-02T18:53:51.855528,CLOSED,,DB-SERVER-07,False
ALT-CSE-07-04114,CSE-07,LOW,2024-11-11T15:23:44,2024-11-11T15:24:17.102663,2024-11-11T15:41:49.486184,CLOSED,,FIREWALL-07,False
ALT-CSE-07-04115,CSE-07,LOW,2024-11-04T13:09:34,2024-11-04T13:10:47.601113,2024-11-04T13:29:20.984649,CLOSED,,ENDPOINT-07,False
ALT-CSE-07-04116,CSE-07,LOW,2024-11-02T17:37:52,2024-11-02T17:38:59.892922,2024-11-02T17:59:00.081765,CLOSED,,WEB-SERVER-07,False
ALT-CSE-07-04117,CSE-07,HIGH,2024-10-05T08:42:15,2024-10-05T08:43:38.889408,2024-10-05T09:00:05.345179,CLOSED,,DB-SERVER-07,False
ALT-CSE-07-04118,CSE-07,HIGH,2024-10-15T02:34:51,2024-10-15T02:36:02.802547,2024-10-15T02:54:55.653070,CLOSED,,WEB-SERVER-07,False
ALT-CSE-07-04119,CSE-07,HIGH,2024-10-03T04:16:06,2024-10-03T04:17:28.970533,2024-10-03T04:32:49.310671,CLOSED,,FIREWALL-07,False
ALT-CSE-07-04120,CSE-07,HIGH,2024-11-29T22:14:10,2024-11-29T22:15:53.763892,2024-11-29T22:35:15.545956,CLOSED,,WEB-SERVER-07,False
ALT-CSE-07-04121,CSE-07,HIGH,2024-10-26T16:43:12,2024-10-26T16:44:51.367104,2024-10-26T17:01:58.472607,CLOSED,,FIREWALL-07,False
ALT-CSE-07-04122,CSE-07,MEDIUM,2024-10-04T21:44:15,2024-10-04T21:45:43.283707,2024-10-04T21:58:40.206361,CLOSED,,WEB-SERVER-07,False
ALT-CSE-07-04123,CSE-07,HIGH,2024-12-06T19:10:17,2024-12-06T19:11:34.441300,2024-12-06T19:33:17.998079,CLOSED,CAS-CSE-07-0937,DB-SERVER-07,False
ALT-CSE-07-04124,CSE-07,HIGH,2024-10-22T03:58:37,2024-10-22T03:59:59.739058,2024-10-22T04:17:35.346641,CLOSED,,ENDPOINT-07,False
ALT-CSE-07-04125,CSE-07,MEDIUM,2024-10-08T12:42:42,2024-10-08T12:44:24.031710,2024-10-08T13:02:08.272076,CLOSED,,FIREWALL-07,False
ALT-CSE-07-04126,CSE-07,HIGH,2024-12-10T11:30:45,2024-12-10T11:32:26.553282,2024-12-10T11:56:36.978373,CLOSED,,FIREWALL-07,False
ALT-CSE-07-04127,CSE-07,LOW,2024-11-25T08:14:23,2024-11-25T08:16:04.909351,2024-11-25T08:36:00.081355,CLOSED,,WEB-SERVER-07,False
ALT-CSE-07-04128,CSE-07,LOW,2024-12-29T13:54:21,2024-12-29T13:55:30.609249,2024-12-29T14:05:06.849449,CLOSED,,DB-SERVER-07,False
ALT-CSE-07-04129,CSE-07,HIGH,2024-11-16T07:20:30,2024-11-16T07:21:40.034183,2024-11-16T07:42:16.122457,CLOSED,,DB-SERVER-07,False
ALT-CSE-07-04130,CSE-07,HIGH,2024-11-20T15:25:00,2024-11-20T15:26:04.879705,2024-11-20T15:49:44.677513,CLOSED,,WEB-SERVER-07,False
ALT-CSE-07-04131,CSE-07,LOW,2024-12-21T14:14:30,2024-12-21T14:15:04.556523,2024-12-21T14:40:03.379633,CLOSED,,FIREWALL-07,False
ALT-CSE-07-04132,CSE-07,LOW,2024-10-09T12:54:31,2024-10-09T12:56:16.665600,2024-10-09T13:10:31.105665,CLOSED,,WEB-SERVER-07,False
ALT-CSE-07-04133,CSE-07,LOW,2024-12-23T02:15:55,2024-12-23T02:17:02.713999,2024-12-23T02:33:49.955387,CLOSED,,FIREWALL-07,False
ALT-CSE-07-04134,CSE-07,LOW,2024-11-30T09:51:58,2024-11-30T09:53:23.481009,2024-11-30T10:11:10.179216,CLOSED,,WEB-SERVER-07,False
ALT-CSE-07-04135,CSE-07,MEDIUM,2024-12-18T08:39:55,2024-12-18T08:40:51.686728,2024-12-18T08:59:26.366642,CLOSED,,WEB-SERVER-07,False
ALT-CSE-07-04136,CSE-07,LOW,2024-11-20T14:51:48,2024-11-20T14:53:26.740689,2024-11-20T15:14:46.251754,CLOSED,,ENDPOINT-07,False
ALT-CSE-07-04137,CSE-07,HIGH,2024-10-10T15:29:08,2024-10-10T15:31:02.175342,2024-10-10T15:49:10.825183,CLOSED,,DB-SERVER-07,False
ALT-CSE-07-04138,CSE-07,MEDIUM,2024-11-16T23:44:32,2024-11-16T23:45:22.190068,2024-11-17T00:04:30.505966,CLOSED,,WEB-SERVER-07,False
ALT-CSE-07-04139,CSE-07,MEDIUM,2024-10-28T01:32:47,2024-10-28T01:34:46.199246,2024-10-28T01:52:04.608678,CLOSED,,WEB-SERVER-07,False
ALT-CSE-07-04140,CSE-07,MEDIUM,2024-12-02T03:32:13,2024-12-02T03:34:00.113701,2024-12-02T03:59:03.879634,CLOSED,,DB-SERVER-07,False
ALT-CSE-07-04141,CSE-07,MEDIUM,2024-11-22T22:51:07,2024-11-22T22:51:52.176918,2024-11-22T23:15:20.915124,CLOSED,,ENDPOINT-07,False
ALT-CSE-07-04142,CSE-07,LOW,2024-11-10T09:12:24,2024-11-10T09:13:25.683135,2024-11-10T09:32:32.147378,CLOSED,CAS-CSE-07-0938,FIREWALL-07,False
ALT-CSE-07-04143,CSE-07,LOW,2024-12-17T08:09:15,2024-12-17T08:10:03.087473,2024-12-17T08:31:05.203556,CLOSED,,DB-SERVER-07,False
ALT-CSE-07-04144,CSE-07,MEDIUM,2024-10-05T04:18:19,2024-10-05T04:19:37.691332,2024-10-05T04:33:41.766595,CLOSED,,ENDPOINT-07,False
ALT-CSE-07-04145,CSE-07,HIGH,2024-10-16T01:23:45,2024-10-16T01:24:39.040629,2024-10-16T01:39:56.135296,CLOSED,,FIREWALL-07,False
ALT-CSE-07-04146,CSE-07,MEDIUM,2024-11-01T01:19:34,2024-11-01T01:20:16.193957,2024-11-01T01:45:04.407628,CLOSED,,FIREWALL-07,False
ALT-CSE-07-04147,CSE-07,MEDIUM,2024-10-15T17:24:43,2024-10-15T17:25:25.760924,2024-10-15T17:40:30.401379,CLOSED,,WEB-SERVER-07,False
ALT-CSE-07-04148,CSE-07,HIGH,2024-11-11T20:29:35,2024-11-11T20:31:33.174991,2024-11-11T20:45:35.260597,CLOSED,,ENDPOINT-07,False
ALT-CSE-07-04149,CSE-07,HIGH,2024-10-09T13:35:48,2024-10-09T13:37:02.081588,2024-10-09T13:53:28.128120,CLOSED,,WEB-SERVER-07,False
ALT-CSE-07-04150,CSE-07,MEDIUM,2024-11-28T08:32:29,2024-11-28T08:34:21.136433,2024-11-28T08:51:30.401706,CLOSED,,WEB-SERVER-07,False
ALT-CSE-07-04151,CSE-07,HIGH,2024-10-29T18:33:57,2024-10-29T18:34:31.627900,2024-10-29T18:57:42.675410,CLOSED,,WEB-SERVER-07,False
ALT-CSE-07-04152,CSE-07,MEDIUM,2024-11-04T10:44:50,2024-11-04T10:45:23.748410,2024-11-04T11:10:56.308971,CLOSED,,DB-SERVER-07,False
ALT-CSE-07-04153,CSE-07,LOW,2024-10-08T02:37:19,2024-10-08T02:38:24.729454,2024-10-08T02:52:53.329774,CLOSED,,FIREWALL-07,False
ALT-CSE-07-04154,CSE-07,LOW,2024-10-20T08:34:01,2024-10-20T08:34:50.370921,2024-10-20T08:54:32.308214,CLOSED,,ENDPOINT-07,False
ALT-CSE-07-04155,CSE-07,HIGH,2024-10-11T08:09:39,2024-10-11T08:10:56.252234,2024-10-11T08:34:16.845114,CLOSED,,ENDPOINT-07,False
ALT-CSE-07-04156,CSE-07,LOW,2024-10-16T11:18:11,2024-10-16T11:19:45.139162,2024-10-16T11:31:32.172706,CLOSED,,FIREWALL-07,False
ALT-CSE-07-04157,CSE-07,HIGH,2024-10-20T10:09:09,2024-10-20T10:11:01.014836,2024-10-20T10:33:36.040997,CLOSED,,DB-SERVER-07,False
ALT-CSE-07-04158,CSE-07,LOW,2024-10-26T05:07:45,2024-10-26T05:09:20.935599,2024-10-26T05:25:50.217876,CLOSED,,FIREWALL-07,False
ALT-CSE-07-04159,CSE-07,MEDIUM,2024-10-15T19:29:32,2024-10-15T19:31:05.293260,2024-10-15T19:53:25.587447,CLOSED,,WEB-SERVER-07,False
ALT-CSE-07-04160,CSE-07,LOW,2024-10-25T05:19:42,2024-10-25T05:20:57.520497,2024-10-25T05:37:49.954294,CLOSED,,DB-SERVER-07,False
ALT-CSE-07-04161,CSE-07,LOW,2024-11-25T08:33:17,2024-11-25T08:34:41.138262,2024-11-25T09:00:32.888296,CLOSED,,ENDPOINT-07,False
ALT-CSE-07-04162,CSE-07,HIGH,2024-10-15T13:07:47,2024-10-15T13:08:25.368320,2024-10-15T13:29:10.748147,CLOSED,,WEB-SERVER-07,False
ALT-CSE-07-04163,CSE-07,MEDIUM,2024-12-20T04:54:45,2024-12-20T04:55:36.817176,2024-12-20T05:17:38.616180,CLOSED,,ENDPOINT-07,False
ALT-CSE-07-04164,CSE-07,MEDIUM,2024-11-29T03:24:44,2024-11-29T03:25:42.318498,2024-11-29T03:36:58.122469,CLOSED,,ENDPOINT-07,False
ALT-CSE-07-04165,CSE-07,MEDIUM,2024-10-17T14:50:53,2024-10-17T14:51:36.014887,2024-10-17T15:08:54.910872,CLOSED,,FIREWALL-07,False
ALT-CSE-07-04166,CSE-07,MEDIUM,2024-10-23T10:47:25,2024-10-23T10:49:10.475838,2024-10-23T11:04:18.156719,CLOSED,,WEB-SERVER-07,False
ALT-CSE-07-04167,CSE-07,HIGH,2024-12-14T15:41:54,2024-12-14T15:43:04.672035,2024-12-14T16:10:39.483249,CLOSED,,DB-SERVER-07,False
ALT-CSE-07-04168,CSE-07,LOW,2024-11-04T20:03:14,2024-11-04T20:03:56.060577,2024-11-04T20:18:07.286312,CLOSED,,ENDPOINT-07,False
ALT-CSE-07-04169,CSE-07,HIGH,2024-11-08T19:16:44,2024-11-08T19:17:25.605544,2024-11-08T19:40:25.762464,CLOSED,,WEB-SERVER-07,False
ALT-CSE-07-04170,CSE-07,HIGH,2024-10-22T05:53:04,2024-10-22T05:54:11.839698,2024-10-22T06:12:03.321641,CLOSED,,WEB-SERVER-07,False
ALT-CSE-07-04171,CSE-07,LOW,2024-12-09T20:05:54,2024-12-09T20:07:01.536764,2024-12-09T20:30:36.909472,CLOSED,,FIREWALL-07,False
ALT-CSE-07-04172,CSE-07,HIGH,2024-10-01T04:52:00,2024-10-01T04:53:18.482285,2024-10-01T05:04:49.065300,CLOSED,,FIREWALL-07,False
ALT-CSE-07-04173,CSE-07,LOW,2024-12-23T19:54:29,2024-12-23T19:56:21.139712,2024-12-23T20:14:56.334835,CLOSED,,WEB-SERVER-07,False
ALT-CSE-07-04174,CSE-07,HIGH,2024-10-19T18:22:44,2024-10-19T18:23:18.473796,2024-10-19T18:42:37.727132,CLOSED,,WEB-SERVER-07,False
ALT-CSE-07-04175,CSE-07,MEDIUM,2024-12-07T23:42:49,2024-12-07T23:44:33.811162,2024-12-08T00:01:26.690393,CLOSED,,DB-SERVER-07,False
ALT-CSE-07-04176,CSE-07,MEDIUM,2024-11-19T01:47:49,2024-11-19T01:48:59.448714,2024-11-19T02:16:23.396061,CLOSED,,DB-SERVER-07,False
ALT-CSE-07-04177,CSE-07,HIGH,2024-12-20T04:30:46,2024-12-20T04:32:18.589737,2024-12-20T04:39:57.063039,CLOSED,,DB-SERVER-07,False
ALT-CSE-07-04178,CSE-07,LOW,2024-12-09T18:26:47,2024-12-09T18:28:34.518880,2024-12-09T18:35:57.066659,CLOSED,CAS-CSE-07-0939,FIREWALL-07,False
ALT-CSE-07-04179,CSE-07,HIGH,2024-11-21T21:41:40,2024-11-21T21:43:21.139232,2024-11-21T22:03:49.223156,CLOSED,,FIREWALL-07,False
ALT-CSE-07-04180,CSE-07,MEDIUM,2024-11-04T00:42:30,2024-11-04T00:43:54.209476,2024-11-04T01:01:47.518293,CLOSED,,FIREWALL-07,False
ALT-CSE-07-04181,CSE-07,MEDIUM,2024-12-18T13:21:20,2024-12-18T13:22:47.293073,2024-12-18T13:47:02.203756,CLOSED,,FIREWALL-07,False
ALT-CSE-07-04182,CSE-07,HIGH,2024-10-31T03:31:37,2024-10-31T03:33:19.473249,2024-10-31T03:50:05.282346,CLOSED,,DB-SERVER-07,False
ALT-CSE-07-04183,CSE-07,HIGH,2024-11-24T02:20:46,2024-11-24T02:22:17.528797,2024-11-24T02:33:08.906926,CLOSED,,FIREWALL-07,False
ALT-CSE-07-04184,CSE-07,HIGH,2024-10-28T03:15:59,2024-10-28T03:17:27.885254,2024-10-28T03:32:42.726279,CLOSED,,DB-SERVER-07,False
ALT-CSE-07-04185,CSE-07,HIGH,2024-12-29T16:33:17,2024-12-29T16:34:38.825166,2024-12-29T16:50:07.734310,CLOSED,,WEB-SERVER-07,False
ALT-CSE-07-04186,CSE-07,MEDIUM,2024-11-30T07:20:25,2024-11-30T07:20:57.924651,2024-11-30T07:40:01.150116,CLOSED,,ENDPOINT-07,False
ALT-CSE-07-04187,CSE-07,HIGH,2024-11-04T03:58:26,2024-11-04T03:59:36.821431,2024-11-04T04:17:43.610060,CLOSED,,DB-SERVER-07,False
ALT-CSE-07-04188,CSE-07,LOW,2024-11-08T11:06:15,2024-11-08T11:08:10.874942,2024-11-08T11:25:42.931678,CLOSED,,ENDPOINT-07,False
ALT-CSE-07-04189,CSE-07,HIGH,2024-12-09T20:00:10,2024-12-09T20:01:27.136961,2024-12-09T20:17:05.926008,CLOSED,,DB-SERVER-07,False
ALT-CSE-07-04190,CSE-07,LOW,2024-11-21T14:28:55,2024-11-21T14:29:36.622804,2024-11-21T14:47:39.449832,CLOSED,,FIREWALL-07,False
ALT-CSE-07-04191,CSE-07,MEDIUM,2024-11-28T06:26:51,2024-11-28T06:27:23.059543,2024-11-28T06:48:53.482574,CLOSED,,WEB-SERVER-07,False
ALT-CSE-07-04192,CSE-07,HIGH,2024-11-02T12:46:26,2024-11-02T12:46:58.058536,2024-11-02T13:10:22.613136,CLOSED,,DB-SERVER-07,False
ALT-CSE-07-04193,CSE-07,MEDIUM,2024-12-05T00:44:50,2024-12-05T00:46:28.599398,2024-12-05T01:02:48.098071,CLOSED,,WEB-SERVER-07,False
ALT-CSE-07-04194,CSE-07,LOW,2024-11-02T08:48:43,2024-11-02T08:49:16.318437,2024-11-02T09:13:01.656331,CLOSED,,FIREWALL-07,False
ALT-CSE-07-04195,CSE-07,HIGH,2024-12-18T17:34:31,2024-12-18T17:35:41.556171,2024-12-18T18:03:43.075216,CLOSED,,FIREWALL-07,False
ALT-CSE-07-04196,CSE-07,HIGH,2024-11-13T13:24:30,2024-11-13T13:25:13.311153,2024-11-13T13:42:25.068692,CLOSED,,ENDPOINT-07,False
ALT-CSE-07-04197,CSE-07,MEDIUM,2024-10-12T10:16:55,2024-10-12T10:17:45.261083,2024-10-12T10:40:24.642921,CLOSED,,ENDPOINT-07,False
ALT-CSE-07-04198,CSE-07,LOW,2024-11-24T07:43:02,2024-11-24T07:44:46.491741,2024-11-24T08:06:28.145704,CLOSED,,ENDPOINT-07,False
ALT-CSE-07-04199,CSE-07,HIGH,2024-10-06T05:24:06,2024-10-06T05:25:28.073639,2024-10-06T05:38:09.694396,CLOSED,,FIREWALL-07,False
ALT-CSE-07-04200,CSE-07,MEDIUM,2024-11-16T05:56:26,2024-11-16T05:57:39.393112,2024-11-16T06:13:57.823076,CLOSED,,DB-SERVER-07,False
ALT-CSE-07-04201,CSE-07,LOW,2024-10-04T09:30:29,2024-10-04T09:31:56.783738,2024-10-04T09:58:49.233935,CLOSED,,ENDPOINT-07,False
ALT-CSE-07-04202,CSE-07,MEDIUM,2024-10-01T06:19:08,2024-10-01T06:20:21.287364,2024-10-01T06:37:24.149109,CLOSED,,WEB-SERVER-07,False
ALT-CSE-07-04203,CSE-07,LOW,2024-10-15T01:02:31,2024-10-15T01:03:05.049056,2024-10-15T01:26:08.544931,CLOSED,,ENDPOINT-07,False
ALT-CSE-07-04204,CSE-07,HIGH,2024-11-26T10:50:59,2024-11-26T10:52:13.585097,2024-11-26T11:09:37.583374,CLOSED,,ENDPOINT-07,False
ALT-CSE-07-04205,CSE-07,LOW,2024-12-28T14:55:18,2024-12-28T14:55:57.450552,2024-12-28T15:16:42.569348,CLOSED,,WEB-SERVER-07,False
ALT-CSE-07-04206,CSE-07,MEDIUM,2024-12-27T17:06:30,2024-12-27T17:08:05.951657,2024-12-27T17:24:07.095711,CLOSED,,DB-SERVER-07,False
ALT-CSE-07-04207,CSE-07,HIGH,2024-10-14T05:22:06,2024-10-14T05:23:00.272050,2024-10-14T05:42:58.953076,CLOSED,,ENDPOINT-07,False
ALT-CSE-07-04208,CSE-07,MEDIUM,2024-10-16T00:26:38,2024-10-16T00:27:26.186541,2024-10-16T00:33:23.132930,CLOSED,,WEB-SERVER-07,False
ALT-CSE-07-04209,CSE-07,HIGH,2024-12-21T09:38:28,2024-12-21T09:39:27.328649,2024-12-21T10:01:10.078164,CLOSED,,DB-SERVER-07,False
ALT-CSE-07-04210,CSE-07,LOW,2024-12-24T23:31:38,2024-12-24T23:32:50.150256,2024-12-24T23:51:00.247396,CLOSED,,ENDPOINT-07,False
ALT-CSE-07-04211,CSE-07,MEDIUM,2024-10-27T08:17:20,2024-10-27T08:18:14.671534,2024-10-27T08:45:49.516055,CLOSED,CAS-CSE-07-0940,FIREWALL-07,False
ALT-CSE-07-04212,CSE-07,MEDIUM,2024-10-28T08:58:10,2024-10-28T08:59:26.975067,2024-10-28T09:18:15.667666,CLOSED,,WEB-SERVER-07,False
ALT-CSE-07-04213,CSE-07,LOW,2024-11-05T22:17:15,2024-11-05T22:18:05.398165,2024-11-05T22:41:37.524538,CLOSED,,WEB-SERVER-07,False
ALT-CSE-07-04214,CSE-07,LOW,2024-11-30T22:33:26,2024-11-30T22:35:09.932956,2024-11-30T22:42:25.479411,CLOSED,,WEB-SERVER-07,False
ALT-CSE-07-04215,CSE-07,HIGH,2024-11-09T21:19:32,2024-11-09T21:21:20.034155,2024-11-09T21:44:07.531378,CLOSED,,DB-SERVER-07,False
ALT-CSE-07-04216,CSE-07,MEDIUM,2024-11-15T01:27:21,2024-11-15T01:27:52.123057,2024-11-15T01:43:42.569640,CLOSED,,DB-SERVER-07,False
ALT-CSE-07-04217,CSE-07,HIGH,2024-10-10T10:37:14,2024-10-10T10:39:03.380381,2024-10-10T10:54:03.826348,CLOSED,,DB-SERVER-07,False
ALT-CSE-07-04218,CSE-07,MEDIUM,2024-11-12T09:11:20,2024-11-12T09:12:27.361251,2024-11-12T09:34:55.803468,CLOSED,,ENDPOINT-07,False
ALT-CSE-07-04219,CSE-07,HIGH,2024-11-09T16:13:25,2024-11-09T16:14:06.705451,2024-11-09T16:39:38.963038,CLOSED,,ENDPOINT-07,False
ALT-CSE-07-04220,CSE-07,HIGH,2024-12-10T16:37:05,2024-12-10T16:38:23.425067,2024-12-10T16:59:15.099732,CLOSED,,ENDPOINT-07,False
ALT-CSE-07-04221,CSE-07,MEDIUM,2024-10-13T19:40:49,2024-10-13T19:41:44.712850,2024-10-13T20:03:38.004239,CLOSED,,DB-SERVER-07,False
ALT-CSE-07-04222,CSE-07,LOW,2024-12-28T23:47:19,2024-12-28T23:48:48.418021,2024-12-29T00:10:56.966724,CLOSED,,FIREWALL-07,False
ALT-CSE-07-04223,CSE-07,HIGH,2024-11-04T17:27:39,2024-11-04T17:28:16.127451,2024-11-04T17:44:28.080693,CLOSED,,FIREWALL-07,False
ALT-CSE-07-04224,CSE-07,MEDIUM,2024-12-11T01:20:08,2024-12-11T01:20:46.075676,2024-12-11T01:36:40.667276,CLOSED,,ENDPOINT-07,False
ALT-CSE-07-04225,CSE-07,HIGH,2024-12-15T14:23:02,2024-12-15T14:24:00.897011,2024-12-15T14:41:12.946561,CLOSED,,DB-SERVER-07,False
ALT-CSE-07-04226,CSE-07,MEDIUM,2024-12-22T05:22:02,2024-12-22T05:22:42.974305,2024-12-22T05:37:20.639602,CLOSED,,DB-SERVER-07,False
ALT-CSE-07-04227,CSE-07,LOW,2024-10-08T20:33:39,2024-10-08T20:35:23.448218,2024-10-08T20:45:21.994254,CLOSED,,ENDPOINT-07,False
ALT-CSE-07-04228,CSE-07,MEDIUM,2024-11-09T01:53:32,2024-11-09T01:54:39.568992,2024-11-09T02:02:45.899361,CLOSED,,FIREWALL-07,False
ALT-CSE-07-04229,CSE-07,LOW,2024-10-11T10:38:31,2024-10-11T10:40:13.254484,2024-10-11T10:52:34.353662,CLOSED,,FIREWALL-07,False
ALT-CSE-07-04230,CSE-07,LOW,2024-11-24T01:19:28,2024-11-24T01:20:19.607381,2024-11-24T01:40:51.559947,CLOSED,,FIREWALL-07,False
ALT-CSE-07-04231,CSE-07,MEDIUM,2024-10-01T17:55:33,2024-10-01T17:56:16.887479,2024-10-01T18:13:57.678530,CLOSED,,FIREWALL-07,False
ALT-CSE-07-04232,CSE-07,HIGH,2024-12-17T03:34:40,2024-12-17T03:35:53.968597,2024-12-17T03:52:19.271392,CLOSED,,ENDPOINT-07,False
ALT-CSE-07-04233,CSE-07,MEDIUM,2024-11-05T16:28:45,2024-11-05T16:30:19.874981,2024-11-05T16:46:16.083756,CLOSED,,DB-SERVER-07,False
ALT-CSE-07-04234,CSE-07,MEDIUM,2024-10-14T06:19:35,2024-10-14T06:20:37.565548,2024-10-14T06:39:03.196806,CLOSED,,WEB-SERVER-07,False
ALT-CSE-07-04235,CSE-07,MEDIUM,2024-11-14T05:40:59,2024-11-14T05:42:07.143731,2024-11-14T05:55:13.931015,CLOSED,,FIREWALL-07,False
ALT-CSE-07-04236,CSE-07,MEDIUM,2024-10-20T20:17:52,2024-10-20T20:19:40.408543,2024-10-20T20:31:10.148113,CLOSED,,ENDPOINT-07,False
ALT-CSE-07-04237,CSE-07,HIGH,2024-10-12T20:44:06,2024-10-12T20:45:24.819381,2024-10-12T21:01:51.904342,CLOSED,,WEB-SERVER-07,False
ALT-CSE-07-04238,CSE-07,MEDIUM,2024-12-16T12:25:04,2024-12-16T12:25:56.606662,2024-12-16T12:51:49.626992,CLOSED,CAS-CSE-07-0941,FIREWALL-07,False
ALT-CSE-07-04239,CSE-07,MEDIUM,2024-12-11T12:51:24,2024-12-11T12:52:06.358977,2024-12-11T13:01:10.327563,CLOSED,,ENDPOINT-07,False
ALT-CSE-07-04240,CSE-07,HIGH,2024-11-13T13:21:22,2024-11-13T13:22:23.305280,2024-11-13T13:31:56.892104,CLOSED,,WEB-SERVER-07,False
ALT-CSE-07-04241,CSE-07,MEDIUM,2024-12-11T20:04:37,2024-12-11T20:05:30.499032,2024-12-11T20:25:32.614794,CLOSED,,DB-SERVER-07,False
ALT-CSE-07-04242,CSE-07,HIGH,2024-12-28T12:33:33,2024-12-28T12:35:26.377008,2024-12-28T12:58:19.496201,CLOSED,,DB-SERVER-07,False
ALT-CSE-07-04243,CSE-07,LOW,2024-10-15T06:05:00,2024-10-15T06:06:50.782072,2024-10-15T06:26:08.914042,CLOSED,,FIREWALL-07,False
ALT-CSE-07-04244,CSE-07,MEDIUM,2024-12-18T16:45:54,2024-12-18T16:47:30.600275,2024-12-18T16:58:47.554336,CLOSED,,ENDPOINT-07,False
ALT-CSE-07-04245,CSE-07,HIGH,2024-10-09T16:39:02,2024-10-09T16:40:44.060832,2024-10-09T16:57:03.996224,CLOSED,,ENDPOINT-07,False
ALT-CSE-07-04246,CSE-07,LOW,2024-12-18T06:05:31,2024-12-18T06:07:07.529760,2024-12-18T06:28:28.758241,CLOSED,,WEB-SERVER-07,False
ALT-CSE-07-04247,CSE-07,HIGH,2024-11-19T06:11:36,2024-11-19T06:12:16.700360,2024-11-19T06:42:02.145025,CLOSED,,DB-SERVER-07,False
ALT-CSE-07-04248,CSE-07,LOW,2024-10-24T00:10:34,2024-10-24T00:11:50.465751,2024-10-24T00:30:24.615270,CLOSED,,WEB-SERVER-07,False
ALT-CSE-07-04249,CSE-07,LOW,2024-12-22T01:15:39,2024-12-22T01:16:18.126007,2024-12-22T01:39:05.788777,CLOSED,,WEB-SERVER-07,False
ALT-CSE-07-04250,CSE-07,MEDIUM,2024-11-26T02:47:44,2024-11-26T02:48:42.385402,2024-11-26T03:12:23.520282,CLOSED,,FIREWALL-07,False
ALT-CSE-07-04251,CSE-07,HIGH,2024-12-26T14:32:08,2024-12-26T14:33:17.192857,2024-12-26T14:56:24.940954,CLOSED,,DB-SERVER-07,False
ALT-CSE-07-04252,CSE-07,HIGH,2024-10-09T20:41:52,2024-10-09T20:43:03.230964,2024-10-09T20:51:01.898665,CLOSED,,WEB-SERVER-07,False
ALT-CSE-07-04253,CSE-07,HIGH,2024-10-29T15:05:58,2024-10-29T15:06:53.864022,2024-10-29T15:26:50.926034,CLOSED,,ENDPOINT-07,False
ALT-CSE-07-04254,CSE-07,MEDIUM,2024-12-06T10:06:49,2024-12-06T10:08:19.880914,2024-12-06T10:31:10.059924,CLOSED,,DB-SERVER-07,False
ALT-CSE-07-04255,CSE-07,HIGH,2024-10-14T21:32:49,2024-10-14T21:33:43.822198,2024-10-14T22:00:55.750541,CLOSED,,DB-SERVER-07,False
ALT-CSE-07-04256,CSE-07,LOW,2024-11-27T03:23:38,2024-11-27T03:25:18.210602,2024-11-27T03:49:56.446436,CLOSED,,FIREWALL-07,False
ALT-CSE-07-04257,CSE-07,MEDIUM,2024-10-22T11:56:09,2024-10-22T11:57:26.442044,2024-10-22T12:17:34.333356,CLOSED,,FIREWALL-07,False
ALT-CSE-07-04258,CSE-07,HIGH,2024-10-28T09:20:47,2024-10-28T09:22:38.713727,2024-10-28T09:39:30.248605,CLOSED,,FIREWALL-07,False
ALT-CSE-07-04259,CSE-07,HIGH,2024-10-01T17:23:59,2024-10-01T17:25:39.586049,2024-10-01T17:39:11.029639,CLOSED,,FIREWALL-07,False
ALT-CSE-07-04260,CSE-07,HIGH,2024-11-09T00:44:58,2024-11-09T00:46:01.026877,2024-11-09T01:08:32.305407,CLOSED,,DB-SERVER-07,False
ALT-CSE-07-04261,CSE-07,MEDIUM,2024-11-26T09:02:03,2024-11-26T09:03:18.390281,2024-11-26T09:21:59.957518,CLOSED,,DB-SERVER-07,False
ALT-CSE-07-04262,CSE-07,MEDIUM,2024-12-09T23:48:53,2024-12-09T23:50:33.425146,2024-12-09T23:53:49.569157,CLOSED,,DB-SERVER-07,False
ALT-CSE-07-04263,CSE-07,MEDIUM,2024-11-29T17:28:58,2024-11-29T17:30:46.184712,2024-11-29T17:51:54.641552,CLOSED,,DB-SERVER-07,False
ALT-CSE-07-04264,CSE-07,MEDIUM,2024-11-13T17:08:52,2024-11-13T17:09:55.699658,2024-11-13T17:24:03.081030,CLOSED,,WEB-SERVER-07,False
ALT-CSE-07-04265,CSE-07,MEDIUM,2024-12-07T04:24:00,2024-12-07T04:24:53.099668,2024-12-07T04:50:38.824288,CLOSED,,DB-SERVER-07,False
ALT-CSE-07-04266,CSE-07,LOW,2024-12-17T02:58:22,2024-12-17T02:59:27.232497,2024-12-17T03:23:24.507664,CLOSED,,DB-SERVER-07,False
ALT-CSE-07-04267,CSE-07,MEDIUM,2024-12-05T01:39:23,2024-12-05T01:40:03.929762,2024-12-05T01:58:44.916983,CLOSED,,ENDPOINT-07,False
ALT-CSE-07-04268,CSE-07,HIGH,2024-10-12T22:15:12,2024-10-12T22:15:50.658158,2024-10-12T22:46:30.073328,CLOSED,,DB-SERVER-07,False
ALT-CSE-07-04269,CSE-07,LOW,2024-10-14T23:39:31,2024-10-14T23:40:44.805400,2024-10-15T00:03:50.533713,CLOSED,,WEB-SERVER-07,False
ALT-CSE-07-04270,CSE-07,LOW,2024-10-26T08:23:48,2024-10-26T08:25:05.482204,2024-10-26T08:36:08.877284,CLOSED,,ENDPOINT-07,False
ALT-CSE-07-04271,CSE-07,MEDIUM,2024-11-15T05:14:19,2024-11-15T05:15:14.565080,2024-11-15T05:24:46.101436,CLOSED,,FIREWALL-07,False
ALT-CSE-07-04272,CSE-07,MEDIUM,2024-11-25T18:56:24,2024-11-25T18:56:59.595893,2024-11-25T19:12:49.700941,CLOSED,,ENDPOINT-07,False
ALT-CSE-07-04273,CSE-07,MEDIUM,2024-10-22T11:22:35,2024-10-22T11:23:46.976413,2024-10-22T11:36:52.292895,CLOSED,,FIREWALL-07,False
ALT-CSE-07-04274,CSE-07,HIGH,2024-12-23T13:09:37,2024-12-23T13:10:40.463977,2024-12-23T13:33:16.619047,CLOSED,,WEB-SERVER-07,False
ALT-CSE-07-04275,CSE-07,LOW,2024-10-23T09:16:20,2024-10-23T09:17:37.079656,2024-10-23T09:40:30.707212,CLOSED,,ENDPOINT-07,False
ALT-CSE-07-04276,CSE-07,HIGH,2024-11-12T04:52:32,2024-11-12T04:53:50.746092,2024-11-12T05:05:12.020944,CLOSED,,ENDPOINT-07,False
ALT-CSE-07-04277,CSE-07,HIGH,2024-10-16T13:29:47,2024-10-16T13:31:46.923525,2024-10-16T13:56:03.093355,CLOSED,,WEB-SERVER-07,False
ALT-CSE-07-04278,CSE-07,HIGH,2024-10-16T11:04:16,2024-10-16T11:05:17.595551,2024-10-16T11:24:32.891755,CLOSED,,WEB-SERVER-07,False
ALT-CSE-07-04279,CSE-07,MEDIUM,2024-12-18T03:45:20,2024-12-18T03:47:08.111035,2024-12-18T04:04:06.414343,CLOSED,,FIREWALL-07,False
ALT-CSE-07-04280,CSE-07,LOW,2024-12-15T05:05:03,2024-12-15T05:06:12.906915,2024-12-15T05:30:15.140502,CLOSED,,FIREWALL-07,False
ALT-CSE-07-04281,CSE-07,LOW,2024-11-05T20:13:50,2024-11-05T20:15:07.000002,2024-11-05T20:37:55.798461,CLOSED,,FIREWALL-07,False
ALT-CSE-07-04282,CSE-07,MEDIUM,2024-10-13T22:23:46,2024-10-13T22:24:16.980102,2024-10-13T22:48:36.289000,CLOSED,,FIREWALL-07,False
ALT-CSE-07-04283,CSE-07,HIGH,2024-11-26T12:31:53,2024-11-26T12:33:36.297171,2024-11-26T12:53:37.878039,CLOSED,,FIREWALL-07,False
ALT-CSE-07-04284,CSE-07,HIGH,2024-11-22T20:46:21,2024-11-22T20:47:29.871087,2024-11-22T21:11:44.057150,CLOSED,CAS-CSE-07-0942,DB-SERVER-07,False
ALT-CSE-07-04285,CSE-07,MEDIUM,2024-10-24T03:34:23,2024-10-24T03:35:06.247017,2024-10-24T03:54:15.964555,CLOSED,,WEB-SERVER-07,False
ALT-CSE-07-04286,CSE-07,LOW,2024-11-19T21:36:16,2024-11-19T21:37:00.007913,2024-11-19T21:54:50.015718,CLOSED,,ENDPOINT-07,False
ALT-CSE-07-04287,CSE-07,MEDIUM,2024-11-08T15:09:44,2024-11-08T15:10:42.711659,2024-11-08T15:31:33.210110,CLOSED,,FIREWALL-07,False
ALT-CSE-07-04288,CSE-07,MEDIUM,2024-11-12T19:18:44,2024-11-12T19:20:15.390182,2024-11-12T19:33:36.362080,CLOSED,,ENDPOINT-07,False
ALT-CSE-07-04289,CSE-07,HIGH,2024-10-17T16:10:57,2024-10-17T16:12:50.340244,2024-10-17T16:21:18.993735,CLOSED,,ENDPOINT-07,False
ALT-CSE-07-04290,CSE-07,LOW,2024-11-17T00:34:26,2024-11-17T00:35:51.161041,2024-11-17T01:00:13.223516,CLOSED,,WEB-SERVER-07,False
ALT-CSE-07-04291,CSE-07,HIGH,2024-11-26T14:53:54,2024-11-26T14:55:06.680468,2024-11-26T15:11:43.924980,CLOSED,,FIREWALL-07,False
ALT-CSE-07-04292,CSE-07,MEDIUM,2024-10-16T01:41:23,2024-10-16T01:42:15.461446,2024-10-16T01:58:36.392688,CLOSED,,ENDPOINT-07,False
ALT-CSE-07-04293,CSE-07,MEDIUM,2024-11-18T14:03:25,2024-11-18T14:03:59.307026,2024-11-18T14:25:50.999420,CLOSED,,ENDPOINT-07,False
ALT-CSE-07-04294,CSE-07,MEDIUM,2024-12-12T02:33:23,2024-12-12T02:34:12.884280,2024-12-12T02:51:29.584400,CLOSED,,FIREWALL-07,False
ALT-CSE-07-04295,CSE-07,HIGH,2024-12-04T19:36:44,2024-12-04T19:37:45.568354,2024-12-04T20:04:28.366081,CLOSED,,FIREWALL-07,False
ALT-CSE-07-04296,CSE-07,LOW,2024-10-08T11:01:43,2024-10-08T11:02:39.724065,2024-10-08T11:21:06.390104,CLOSED,,WEB-SERVER-07,False
ALT-CSE-07-04297,CSE-07,LOW,2024-11-21T11:01:35,2024-11-21T11:02:52.642124,2024-11-21T11:22:17.282818,CLOSED,,DB-SERVER-07,False
ALT-CSE-07-04298,CSE-07,MEDIUM,2024-10-16T21:24:05,2024-10-16T21:25:30.190091,2024-10-16T21:46:28.641274,CLOSED,,WEB-SERVER-07,False
ALT-CSE-07-04299,CSE-07,HIGH,2024-12-20T21:38:35,2024-12-20T21:40:09.393421,2024-12-20T21:57:19.666886,CLOSED,,DB-SERVER-07,False
ALT-CSE-07-04300,CSE-07,MEDIUM,2024-10-29T21:30:19,2024-10-29T21:31:15.608071,2024-10-29T21:48:00.894902,CLOSED,,DB-SERVER-07,False
ALT-CSE-07-04301,CSE-07,LOW,2024-10-14T15:55:06,2024-10-14T15:56:38.328094,2024-10-14T16:04:56.728157,CLOSED,,DB-SERVER-07,False
ALT-CSE-07-04302,CSE-07,LOW,2024-11-30T13:30:25,2024-11-30T13:32:06.557629,2024-11-30T13:38:29.542539,CLOSED,,FIREWALL-07,False
ALT-CSE-07-04303,CSE-07,LOW,2024-11-13T08:09:48,2024-11-13T08:10:31.230809,2024-11-13T08:29:50.253192,CLOSED,,ENDPOINT-07,False
ALT-CSE-07-04304,CSE-07,HIGH,2024-11-26T16:28:07,2024-11-26T16:29:33.646738,2024-11-26T16:46:26.782988,CLOSED,,DB-SERVER-07,False
ALT-CSE-07-04305,CSE-07,HIGH,2024-12-23T08:26:48,2024-12-23T08:28:31.779133,2024-12-23T08:30:29.030767,CLOSED,,ENDPOINT-07,False
ALT-CSE-07-04306,CSE-07,LOW,2024-10-25T14:40:16,2024-10-25T14:41:43.403801,2024-10-25T14:55:42.690231,CLOSED,,DB-SERVER-07,False
ALT-CSE-07-04307,CSE-07,LOW,2024-11-08T07:12:49,2024-11-08T07:14:07.261171,2024-11-08T07:24:56.324868,CLOSED,,DB-SERVER-07,False
ALT-CSE-07-04308,CSE-07,HIGH,2024-11-01T16:18:14,2024-11-01T16:20:08.999247,2024-11-01T16:49:01.561971,CLOSED,,FIREWALL-07,False
ALT-CSE-07-04309,CSE-07,HIGH,2024-11-18T23:03:36,2024-11-18T23:04:17.365373,2024-11-18T23:25:39.313124,CLOSED,CAS-CSE-07-0943,FIREWALL-07,False
ALT-CSE-07-04310,CSE-07,LOW,2024-12-14T09:45:02,2024-12-14T09:46:06.763892,2024-12-14T10:02:15.157162,CLOSED,,ENDPOINT-07,False
ALT-CSE-07-04311,CSE-07,LOW,2024-10-26T11:13:36,2024-10-26T11:14:52.428590,2024-10-26T11:29:48.910092,CLOSED,,FIREWALL-07,False
ALT-CSE-07-04312,CSE-07,HIGH,2024-11-12T01:04:23,2024-11-12T01:06:20.454756,2024-11-12T01:23:36.070771,CLOSED,,WEB-SERVER-07,False
ALT-CSE-07-04313,CSE-07,HIGH,2024-11-18T20:45:31,2024-11-18T20:46:44.534430,2024-11-18T21:06:23.480996,CLOSED,,ENDPOINT-07,False
ALT-CSE-07-04314,CSE-07,HIGH,2024-10-18T21:49:34,2024-10-18T21:50:25.078055,2024-10-18T22:10:47.457893,CLOSED,,DB-SERVER-07,False
ALT-CSE-07-04315,CSE-07,MEDIUM,2024-10-30T15:38:58,2024-10-30T15:39:49.297067,2024-10-30T16:00:16.658024,CLOSED,CAS-CSE-07-0944,ENDPOINT-07,False
ALT-CSE-07-04316,CSE-07,MEDIUM,2024-12-27T22:36:22,2024-12-27T22:38:15.176576,2024-12-27T22:54:18.718895,CLOSED,,FIREWALL-07,False
ALT-CSE-07-04317,CSE-07,LOW,2024-11-06T03:05:27,2024-11-06T03:06:16.503845,2024-11-06T03:25:04.846695,CLOSED,,DB-SERVER-07,False
ALT-CSE-07-04318,CSE-07,LOW,2024-10-25T23:17:51,2024-10-25T23:18:24.815064,2024-10-25T23:43:10.036700,CLOSED,,WEB-SERVER-07,False
ALT-CSE-07-04319,CSE-07,MEDIUM,2024-12-06T18:28:11,2024-12-06T18:29:30.809241,2024-12-06T18:42:58.068439,CLOSED,,ENDPOINT-07,False
ALT-CSE-07-04320,CSE-07,LOW,2024-10-16T03:02:05,2024-10-16T03:02:48.322482,2024-10-16T03:15:31.053976,CLOSED,,FIREWALL-07,False
ALT-CSE-07-04321,CSE-07,HIGH,2024-12-10T16:45:07,2024-12-10T16:46:24.779923,2024-12-10T16:59:07.263300,CLOSED,CAS-CSE-07-0945,ENDPOINT-07,False
ALT-CSE-07-04322,CSE-07,LOW,2024-11-27T17:57:44,2024-11-27T17:59:42.403012,2024-11-27T18:22:47.774827,CLOSED,,DB-SERVER-07,False
ALT-CSE-07-04323,CSE-07,LOW,2024-11-27T05:22:32,2024-11-27T05:23:53.960879,2024-11-27T05:45:12.449282,CLOSED,,WEB-SERVER-07,False
ALT-CSE-07-04324,CSE-07,MEDIUM,2024-12-04T08:46:44,2024-12-04T08:48:31.324092,2024-12-04T09:05:21.826775,CLOSED,,WEB-SERVER-07,False
ALT-CSE-07-04325,CSE-07,LOW,2024-12-02T11:16:28,2024-12-02T11:17:01.153484,2024-12-02T11:34:55.083595,CLOSED,,FIREWALL-07,False
ALT-CSE-07-04326,CSE-07,HIGH,2024-11-15T11:19:57,2024-11-15T11:21:02.471012,2024-11-15T11:31:57.278576,CLOSED,CAS-CSE-07-0946,DB-SERVER-07,False
ALT-CSE-07-04327,CSE-07,HIGH,2024-11-01T02:22:02,2024-11-01T02:22:58.153143,2024-11-01T02:41:44.633129,CLOSED,,ENDPOINT-07,False
ALT-CSE-07-04328,CSE-07,LOW,2024-12-01T18:57:57,2024-12-01T18:59:49.938349,2024-12-01T19:12:10.616450,CLOSED,,ENDPOINT-07,False
ALT-CSE-07-04329,CSE-07,MEDIUM,2024-10-21T02:56:37,2024-10-21T02:57:41.731532,2024-10-21T03:15:43.678256,CLOSED,,WEB-SERVER-07,False
ALT-CSE-07-04330,CSE-07,HIGH,2024-12-01T02:05:03,2024-12-01T02:05:49.155947,2024-12-01T02:27:28.813024,CLOSED,,WEB-SERVER-07,False
ALT-CSE-07-04331,CSE-07,LOW,2024-11-08T14:42:59,2024-11-08T14:44:36.565332,2024-11-08T15:01:50.160017,CLOSED,,ENDPOINT-07,False
ALT-CSE-07-04332,CSE-07,MEDIUM,2024-11-26T13:53:33,2024-11-26T13:54:13.272480,2024-11-26T14:07:41.590657,CLOSED,,DB-SERVER-07,False
ALT-CSE-07-04333,CSE-07,LOW,2024-10-25T03:31:35,2024-10-25T03:32:29.392402,2024-10-25T03:53:17.331515,CLOSED,,DB-SERVER-07,False
ALT-CSE-07-04334,CSE-07,LOW,2024-12-10T18:03:36,2024-12-10T18:05:21.894525,2024-12-10T18:29:02.583444,CLOSED,,ENDPOINT-07,False
ALT-CSE-07-04335,CSE-07,MEDIUM,2024-11-16T15:48:38,2024-11-16T15:49:27.283290,2024-11-16T16:03:12.789273,CLOSED,,FIREWALL-07,False
ALT-CSE-07-04336,CSE-07,MEDIUM,2024-12-02T03:12:04,2024-12-02T03:12:49.870296,2024-12-02T03:33:14.116669,CLOSED,,WEB-SERVER-07,False
ALT-CSE-07-04337,CSE-07,HIGH,2024-11-28T15:52:25,2024-11-28T15:54:24.342444,2024-11-28T16:19:02.551402,CLOSED,,DB-SERVER-07,False
ALT-CSE-07-04338,CSE-07,HIGH,2024-12-18T16:28:22,2024-12-18T16:28:58.755281,2024-12-18T16:50:49.623451,CLOSED,,WEB-SERVER-07,False
ALT-CSE-07-04339,CSE-07,MEDIUM,2024-10-11T05:32:39,2024-10-11T05:34:14.289284,2024-10-11T05:48:05.677953,CLOSED,,DB-SERVER-07,False
ALT-CSE-07-04340,CSE-07,MEDIUM,2024-12-14T20:58:31,2024-12-14T20:59:19.693189,2024-12-14T21:18:58.178938,CLOSED,,ENDPOINT-07,False
ALT-CSE-07-04341,CSE-07,HIGH,2024-10-05T10:20:15,2024-10-05T10:21:58.248536,2024-10-05T10:43:40.065813,CLOSED,,WEB-SERVER-07,False
ALT-CSE-07-04342,CSE-07,HIGH,2024-11-11T03:17:59,2024-11-11T03:19:30.215551,2024-11-11T03:39:04.173345,CLOSED,,DB-SERVER-07,False
ALT-CSE-07-04343,CSE-07,MEDIUM,2024-11-19T13:31:46,2024-11-19T13:33:28.038121,2024-11-19T13:51:54.703521,CLOSED,,ENDPOINT-07,False
ALT-CSE-07-04344,CSE-07,LOW,2024-10-02T16:32:14,2024-10-02T16:33:23.966825,2024-10-02T16:53:38.199720,CLOSED,,WEB-SERVER-07,False
ALT-CSE-07-04345,CSE-07,LOW,2024-12-08T12:31:48,2024-12-08T12:32:31.216617,2024-12-08T12:49:26.885994,CLOSED,,DB-SERVER-07,False
ALT-CSE-07-04346,CSE-07,HIGH,2024-12-27T09:42:13,2024-12-27T09:43:04.751880,2024-12-27T10:01:43.942908,CLOSED,,FIREWALL-07,False
ALT-CSE-07-04347,CSE-07,LOW,2024-10-29T02:34:14,2024-10-29T02:36:09.237221,2024-10-29T02:47:55.635158,CLOSED,,FIREWALL-07,False
ALT-CSE-07-04348,CSE-07,HIGH,2024-11-18T08:12:39,2024-11-18T08:14:13.039467,2024-11-18T08:31:34.752542,CLOSED,,ENDPOINT-07,False
ALT-CSE-07-04349,CSE-07,MEDIUM,2024-11-12T01:42:40,2024-11-12T01:43:33.961323,2024-11-12T02:01:45.217915,CLOSED,,FIREWALL-07,False
ALT-CSE-07-04350,CSE-07,MEDIUM,2024-12-15T20:18:34,2024-12-15T20:20:13.356373,2024-12-15T20:39:58.359876,CLOSED,,FIREWALL-07,False
ALT-CSE-07-04351,CSE-07,HIGH,2024-12-23T05:53:49,2024-12-23T05:54:38.841198,2024-12-23T06:19:10.579299,CLOSED,,WEB-SERVER-07,False
ALT-CSE-07-04352,CSE-07,MEDIUM,2024-12-04T07:32:06,2024-12-04T07:33:03.607985,2024-12-04T07:47:04.605446,CLOSED,,FIREWALL-07,False
ALT-CSE-07-04353,CSE-07,LOW,2024-10-31T21:34:55,2024-10-31T21:36:04.218762,2024-10-31T22:01:52.515835,CLOSED,,FIREWALL-07,False
ALT-CSE-07-04354,CSE-07,LOW,2024-12-23T07:58:07,2024-12-23T07:58:49.500151,2024-12-23T08:18:38.888356,CLOSED,,ENDPOINT-07,False
ALT-CSE-07-04355,CSE-07,MEDIUM,2024-12-12T19:24:01,2024-12-12T19:25:34.300268,2024-12-12T19:46:50.572005,CLOSED,,DB-SERVER-07,False
ALT-CSE-07-04356,CSE-07,HIGH,2024-11-11T16:41:18,2024-11-11T16:43:11.021844,2024-11-11T17:02:40.995631,CLOSED,,DB-SERVER-07,False
ALT-CSE-07-04357,CSE-07,LOW,2024-10-27T00:36:51,2024-10-27T00:37:38.923473,2024-10-27T01:06:52.621394,CLOSED,,DB-SERVER-07,False
ALT-CSE-07-04358,CSE-07,LOW,2024-11-16T08:00:59,2024-11-16T08:01:55.337025,2024-11-16T08:26:22.521727,CLOSED,,FIREWALL-07,False
ALT-CSE-07-04359,CSE-07,LOW,2024-12-02T03:32:48,2024-12-02T03:33:25.176435,2024-12-02T03:47:33.170367,CLOSED,,DB-SERVER-07,False
ALT-CSE-07-04360,CSE-07,LOW,2024-12-18T08:37:46,2024-12-18T08:38:58.199585,2024-12-18T08:53:32.427709,CLOSED,,ENDPOINT-07,False
ALT-CSE-07-04361,CSE-07,HIGH,2024-11-06T12:59:39,2024-11-06T13:00:30.794830,2024-11-06T13:26:00.710480,CLOSED,,DB-SERVER-07,False
ALT-CSE-07-04362,CSE-07,HIGH,2024-12-27T11:37:30,2024-12-27T11:38:46.806687,2024-12-27T11:56:22.420814,CLOSED,,WEB-SERVER-07,False
ALT-CSE-07-04363,CSE-07,MEDIUM,2024-11-05T12:18:41,2024-11-05T12:19:58.588263,2024-11-05T12:39:44.409802,CLOSED,,WEB-SERVER-07,False
ALT-CSE-07-04364,CSE-07,LOW,2024-11-14T20:49:02,2024-11-14T20:50:35.274119,2024-11-14T21:11:13.936568,CLOSED,,WEB-SERVER-07,False
ALT-CSE-07-04365,CSE-07,HIGH,2024-12-17T08:14:23,2024-12-17T08:15:54.640924,2024-12-17T08:37:14.955837,CLOSED,,FIREWALL-07,False
ALT-CSE-07-04366,CSE-07,LOW,2024-11-21T16:05:31,2024-11-21T16:06:52.733333,2024-11-21T16:24:59.256490,CLOSED,,ENDPOINT-07,False
ALT-CSE-07-04367,CSE-07,LOW,2024-11-20T17:42:40,2024-11-20T17:44:35.844410,2024-11-20T17:55:35.117078,CLOSED,,DB-SERVER-07,False
ALT-CSE-07-04368,CSE-07,LOW,2024-10-19T09:12:04,2024-10-19T09:13:18.528873,2024-10-19T09:33:31.275170,CLOSED,,FIREWALL-07,False
ALT-CSE-07-04369,CSE-07,LOW,2024-11-07T16:15:48,2024-11-07T16:17:19.839768,2024-11-07T16:25:43.429338,CLOSED,,FIREWALL-07,False
ALT-CSE-07-04370,CSE-07,HIGH,2024-10-23T07:45:36,2024-10-23T07:47:20.807861,2024-10-23T07:58:35.056112,CLOSED,,FIREWALL-07,False
ALT-CSE-07-04371,CSE-07,HIGH,2024-10-19T12:49:17,2024-10-19T12:50:15.798183,2024-10-19T13:15:38.870766,CLOSED,,FIREWALL-07,False
ALT-CSE-07-04372,CSE-07,MEDIUM,2024-10-08T21:06:05,2024-10-08T21:06:59.205354,2024-10-08T21:28:24.319969,CLOSED,,WEB-SERVER-07,False
ALT-CSE-07-04373,CSE-07,HIGH,2024-11-10T01:26:03,2024-11-10T01:27:32.093496,2024-11-10T01:44:13.024839,CLOSED,,WEB-SERVER-07,False
ALT-CSE-07-04374,CSE-07,HIGH,2024-10-30T08:49:50,2024-10-30T08:51:49.202429,2024-10-30T09:03:54.128196,CLOSED,,FIREWALL-07,False
ALT-CSE-07-04375,CSE-07,LOW,2024-12-29T07:12:28,2024-12-29T07:13:49.276458,2024-12-29T07:37:41.830956,CLOSED,,WEB-SERVER-07,False
ALT-CSE-07-04376,CSE-07,MEDIUM,2024-10-11T14:48:08,2024-10-11T14:49:11.089092,2024-10-11T15:11:03.266933,CLOSED,,WEB-SERVER-07,False
ALT-CSE-07-04377,CSE-07,LOW,2024-10-17T05:32:34,2024-10-17T05:33:37.236286,2024-10-17T06:00:18.535481,CLOSED,,WEB-SERVER-07,False
ALT-CSE-07-04378,CSE-07,MEDIUM,2024-10-25T18:41:59,2024-10-25T18:42:54.347987,2024-10-25T19:11:55.756101,CLOSED,,DB-SERVER-07,False
ALT-CSE-07-04379,CSE-07,MEDIUM,2024-10-30T04:25:30,2024-10-30T04:27:19.754034,2024-10-30T04:44:36.374673,CLOSED,,WEB-SERVER-07,False
ALT-CSE-07-04380,CSE-07,MEDIUM,2024-10-09T19:08:17,2024-10-09T19:09:08.908574,2024-10-09T19:30:20.249344,CLOSED,,FIREWALL-07,False
ALT-CSE-07-04381,CSE-07,MEDIUM,2024-10-19T21:42:06,2024-10-19T21:43:40.945038,2024-10-19T22:01:48.466665,CLOSED,,DB-SERVER-07,False
ALT-CSE-07-04382,CSE-07,LOW,2024-11-05T09:13:43,2024-11-05T09:14:33.198320,2024-11-05T09:33:29.595642,CLOSED,,FIREWALL-07,False
ALT-CSE-07-04383,CSE-07,MEDIUM,2024-11-29T18:06:55,2024-11-29T18:08:48.820275,2024-11-29T18:37:18.475057,CLOSED,,ENDPOINT-07,False
ALT-CSE-07-04384,CSE-07,MEDIUM,2024-12-12T09:36:26,2024-12-12T09:37:42.341347,2024-12-12T09:55:40.846873,CLOSED,,DB-SERVER-07,False
ALT-CSE-07-04385,CSE-07,LOW,2024-11-10T00:05:28,2024-11-10T00:06:21.865129,2024-11-10T00:29:31.549488,CLOSED,,FIREWALL-07,False
ALT-CSE-07-04386,CSE-07,LOW,2024-12-13T00:46:04,2024-12-13T00:47:08.175667,2024-12-13T01:05:22.141851,CLOSED,,FIREWALL-07,False
ALT-CSE-07-04387,CSE-07,MEDIUM,2024-10-18T01:39:32,2024-10-18T01:40:50.354863,2024-10-18T02:06:28.656866,CLOSED,,WEB-SERVER-07,False
ALT-CSE-07-04388,CSE-07,HIGH,2024-10-05T16:56:07,2024-10-05T16:57:35.202203,2024-10-05T17:13:52.813758,CLOSED,,DB-SERVER-07,False
ALT-CSE-07-04389,CSE-07,MEDIUM,2024-11-06T19:13:15,2024-11-06T19:14:11.393290,2024-11-06T19:35:48.158658,CLOSED,,FIREWALL-07,False
ALT-CSE-07-04390,CSE-07,LOW,2024-12-12T16:38:25,2024-12-12T16:40:09.109958,2024-12-12T17:05:19.505667,CLOSED,,ENDPOINT-07,False
ALT-CSE-07-04391,CSE-07,LOW,2024-12-07T07:55:44,2024-12-07T07:57:14.778162,2024-12-07T08:20:00.352742,CLOSED,,DB-SERVER-07,False
ALT-CSE-07-04392,CSE-07,MEDIUM,2024-10-02T13:16:48,2024-10-02T13:18:02.216207,2024-10-02T13:28:29.896457,CLOSED,,DB-SERVER-07,False
ALT-CSE-07-04393,CSE-07,HIGH,2024-12-24T10:59:55,2024-12-24T11:01:45.469997,2024-12-24T11:17:49.021940,CLOSED,,WEB-SERVER-07,False
ALT-CSE-07-04394,CSE-07,HIGH,2024-12-24T20:04:41,2024-12-24T20:05:18.777676,2024-12-24T20:27:49.288280,CLOSED,,ENDPOINT-07,False
ALT-CSE-07-04395,CSE-07,MEDIUM,2024-12-15T08:10:41,2024-12-15T08:11:43.435551,2024-12-15T08:33:53.085909,CLOSED,,FIREWALL-07,False
ALT-CSE-07-04396,CSE-07,HIGH,2024-10-19T22:31:33,2024-10-19T22:32:37.722110,2024-10-19T22:53:03.399728,CLOSED,,FIREWALL-07,False
ALT-CSE-07-04397,CSE-07,HIGH,2024-11-04T20:12:46,2024-11-04T20:14:35.738943,2024-11-04T20:25:58.516382,CLOSED,,ENDPOINT-07,False
ALT-CSE-07-04398,CSE-07,HIGH,2024-12-19T06:35:38,2024-12-19T06:36:34.059209,2024-12-19T06:50:36.237072,CLOSED,CAS-CSE-07-0947,ENDPOINT-07,False
ALT-CSE-07-04399,CSE-07,HIGH,2024-12-21T15:22:25,2024-12-21T15:23:56.723190,2024-12-21T15:38:46.306225,CLOSED,CAS-CSE-07-0948,DB-SERVER-07,False
ALT-CSE-07-04400,CSE-07,HIGH,2024-12-03T03:54:28,2024-12-03T03:55:00.926814,2024-12-03T04:16:07.401179,CLOSED,,ENDPOINT-07,False
ALT-CSE-07-04401,CSE-07,MEDIUM,2024-12-04T15:26:42,2024-12-04T15:28:37.493841,2024-12-04T15:44:26.617652,CLOSED,,FIREWALL-07,False
ALT-CSE-07-04402,CSE-07,HIGH,2024-12-23T08:01:19,2024-12-23T08:01:57.721683,2024-12-23T08:12:54.063967,CLOSED,,DB-SERVER-07,False
ALT-CSE-07-04403,CSE-07,LOW,2024-11-22T18:01:30,2024-11-22T18:03:18.003318,2024-11-22T18:20:26.311956,CLOSED,,DB-SERVER-07,False
ALT-CSE-07-04404,CSE-07,LOW,2024-10-28T20:42:00,2024-10-28T20:43:20.580002,2024-10-28T21:04:24.904392,CLOSED,,ENDPOINT-07,False
ALT-CSE-07-04405,CSE-07,MEDIUM,2024-10-16T22:21:05,2024-10-16T22:22:28.657203,2024-10-16T22:43:52.747267,CLOSED,,FIREWALL-07,False
ALT-CSE-07-04406,CSE-07,HIGH,2024-11-22T09:33:31,2024-11-22T09:34:51.247611,2024-11-22T09:55:46.320151,CLOSED,,ENDPOINT-07,False
ALT-CSE-07-04407,CSE-07,MEDIUM,2024-10-11T00:29:44,2024-10-11T00:30:39.777286,2024-10-11T00:42:36.756843,CLOSED,,DB-SERVER-07,False
ALT-CSE-07-04408,CSE-07,MEDIUM,2024-11-30T12:36:36,2024-11-30T12:38:16.996008,2024-11-30T13:00:00.413189,CLOSED,,FIREWALL-07,False
ALT-CSE-07-04409,CSE-07,HIGH,2024-11-21T06:18:44,2024-11-21T06:19:43.038642,2024-11-21T06:35:59.222118,CLOSED,,FIREWALL-07,False
ALT-CSE-07-04410,CSE-07,MEDIUM,2024-12-20T23:44:56,2024-12-20T23:45:32.211403,2024-12-21T00:03:28.026935,CLOSED,,WEB-SERVER-07,False
ALT-CSE-07-04411,CSE-07,HIGH,2024-10-07T06:35:20,2024-10-07T06:36:49.898697,2024-10-07T06:51:22.271650,CLOSED,,ENDPOINT-07,False
ALT-CSE-07-04412,CSE-07,LOW,2024-10-21T15:15:11,2024-10-21T15:15:44.317170,2024-10-21T15:35:54.346199,CLOSED,,WEB-SERVER-07,False
ALT-CSE-07-04413,CSE-07,HIGH,2024-11-03T10:39:55,2024-11-03T10:41:28.388264,2024-11-03T11:02:32.949903,CLOSED,,WEB-SERVER-07,False
ALT-CSE-07-04414,CSE-07,MEDIUM,2024-10-06T18:11:35,2024-10-06T18:13:22.097385,2024-10-06T18:31:33.909039,CLOSED,,WEB-SERVER-07,False
ALT-CSE-07-04415,CSE-07,HIGH,2024-11-30T07:31:25,2024-11-30T07:32:08.235097,2024-11-30T07:42:20.609986,CLOSED,,ENDPOINT-07,False
ALT-CSE-07-04416,CSE-07,HIGH,2024-10-01T01:14:02,2024-10-01T01:15:15.838604,2024-10-01T01:33:37.840002,CLOSED,,ENDPOINT-07,False
ALT-CSE-07-04417,CSE-07,LOW,2024-12-26T05:34:21,2024-12-26T05:35:31.969451,2024-12-26T05:49:23.291931,CLOSED,,WEB-SERVER-07,False
ALT-CSE-07-04418,CSE-07,LOW,2024-12-24T02:42:37,2024-12-24T02:43:41.548129,2024-12-24T03:01:12.423413,CLOSED,,FIREWALL-07,False
ALT-CSE-07-04419,CSE-07,LOW,2024-12-17T14:57:42,2024-12-17T14:58:30.103917,2024-12-17T15:25:51.270023,CLOSED,,WEB-SERVER-07,False
ALT-CSE-07-04420,CSE-07,MEDIUM,2024-12-12T00:36:35,2024-12-12T00:37:27.394268,2024-12-12T00:49:49.212848,CLOSED,,DB-SERVER-07,False
ALT-CSE-07-04421,CSE-07,MEDIUM,2024-11-07T14:44:08,2024-11-07T14:45:34.328639,2024-11-07T14:52:42.583782,CLOSED,,FIREWALL-07,False
ALT-CSE-07-04422,CSE-07,HIGH,2024-11-24T10:32:35,2024-11-24T10:33:37.312674,2024-11-24T10:56:19.057646,CLOSED,,ENDPOINT-07,False
ALT-CSE-07-04423,CSE-07,HIGH,2024-12-21T09:03:39,2024-12-21T09:05:00.558317,2024-12-21T09:17:07.501691,CLOSED,,ENDPOINT-07,False
ALT-CSE-07-04424,CSE-07,MEDIUM,2024-10-07T22:14:50,2024-10-07T22:16:29.057311,2024-10-07T22:32:14.616950,CLOSED,,WEB-SERVER-07,False
ALT-CSE-07-04425,CSE-07,MEDIUM,2024-10-26T00:07:23,2024-10-26T00:08:49.081862,2024-10-26T00:27:47.536466,CLOSED,,WEB-SERVER-07,False
ALT-CSE-07-04426,CSE-07,LOW,2024-11-26T14:45:47,2024-11-26T14:47:18.706552,2024-11-26T15:02:02.580398,CLOSED,,WEB-SERVER-07,False
ALT-CSE-07-04427,CSE-07,HIGH,2024-10-04T18:26:28,2024-10-04T18:27:51.533455,2024-10-04T18:50:33.890064,CLOSED,,FIREWALL-07,False
ALT-CSE-07-04428,CSE-07,LOW,2024-11-15T05:06:49,2024-11-15T05:07:36.974206,2024-11-15T05:22:58.608329,CLOSED,,FIREWALL-07,False
ALT-CSE-07-04429,CSE-07,HIGH,2024-12-24T23:55:05,2024-12-24T23:55:50.990763,2024-12-25T00:11:50.566246,CLOSED,,WEB-SERVER-07,False
ALT-CSE-07-04430,CSE-07,LOW,2024-10-13T05:46:58,2024-10-13T05:47:46.404439,2024-10-13T05:59:04.514258,CLOSED,,ENDPOINT-07,False
ALT-CSE-07-04431,CSE-07,LOW,2024-10-09T09:26:14,2024-10-09T09:27:29.265853,2024-10-09T09:52:20.608254,CLOSED,,FIREWALL-07,False
ALT-CSE-07-04432,CSE-07,LOW,2024-10-12T00:10:00,2024-10-12T00:11:08.389642,2024-10-12T00:31:37.244727,CLOSED,,DB-SERVER-07,False
ALT-CSE-07-04433,CSE-07,HIGH,2024-12-25T19:30:36,2024-12-25T19:32:25.465934,2024-12-25T19:52:55.434306,CLOSED,,DB-SERVER-07,False
ALT-CSE-07-04434,CSE-07,LOW,2024-12-15T16:36:39,2024-12-15T16:37:59.862851,2024-12-15T17:03:54.086241,CLOSED,,DB-SERVER-07,False
ALT-CSE-07-04435,CSE-07,LOW,2024-10-11T16:13:46,2024-10-11T16:14:22.551241,2024-10-11T16:41:08.888073,CLOSED,,ENDPOINT-07,False
ALT-CSE-07-04436,CSE-07,MEDIUM,2024-10-06T11:29:10,2024-10-06T11:29:45.304479,2024-10-06T11:55:46.771178,CLOSED,,DB-SERVER-07,False
ALT-CSE-07-04437,CSE-07,MEDIUM,2024-10-04T02:27:26,2024-10-04T02:28:58.698212,2024-10-04T02:50:38.989145,CLOSED,,DB-SERVER-07,False
ALT-CSE-07-04438,CSE-07,MEDIUM,2024-10-13T20:04:42,2024-10-13T20:05:49.856449,2024-10-13T20:17:59.910674,CLOSED,,FIREWALL-07,False
ALT-CSE-07-04439,CSE-07,MEDIUM,2024-10-26T12:39:31,2024-10-26T12:40:23.961914,2024-10-26T13:02:48.443637,CLOSED,CAS-CSE-07-0949,ENDPOINT-07,False
ALT-CSE-07-04440,CSE-07,LOW,2024-12-06T08:59:39,2024-12-06T09:00:46.597853,2024-12-06T09:18:32.026563,CLOSED,,ENDPOINT-07,False
ALT-CSE-07-04441,CSE-07,MEDIUM,2024-10-25T03:43:40,2024-10-25T03:45:34.763456,2024-10-25T04:10:17.815977,CLOSED,,DB-SERVER-07,False
ALT-CSE-07-04442,CSE-07,MEDIUM,2024-10-11T23:14:45,2024-10-11T23:15:31.059449,2024-10-11T23:39:55.484175,CLOSED,,FIREWALL-07,False
ALT-CSE-07-04443,CSE-07,MEDIUM,2024-12-16T11:19:53,2024-12-16T11:20:51.647043,2024-12-16T11:38:58.833464,CLOSED,,FIREWALL-07,False
ALT-CSE-07-04444,CSE-07,HIGH,2024-12-27T08:22:20,2024-12-27T08:23:57.714271,2024-12-27T08:37:32.045167,CLOSED,,WEB-SERVER-07,False
ALT-CSE-07-04445,CSE-07,LOW,2024-11-04T15:54:40,2024-11-04T15:56:14.838687,2024-11-04T16:08:28.335152,CLOSED,,WEB-SERVER-07,False
ALT-CSE-07-04446,CSE-07,HIGH,2024-12-06T09:55:31,2024-12-06T09:56:48.303940,2024-12-06T10:21:18.259283,CLOSED,,FIREWALL-07,False
ALT-CSE-07-04447,CSE-07,HIGH,2024-11-23T03:41:50,2024-11-23T03:42:44.175586,2024-11-23T03:49:23.657179,CLOSED,,ENDPOINT-07,False
ALT-CSE-07-04448,CSE-07,MEDIUM,2024-10-10T17:35:43,2024-10-10T17:37:12.388557,2024-10-10T17:59:41.107294,CLOSED,,ENDPOINT-07,False
ALT-CSE-07-04449,CSE-07,MEDIUM,2024-10-29T05:54:06,2024-10-29T05:55:32.059933,2024-10-29T06:09:13.763238,CLOSED,,ENDPOINT-07,False
ALT-CSE-07-04450,CSE-07,MEDIUM,2024-12-11T07:10:31,2024-12-11T07:12:19.812067,2024-12-11T07:29:14.026323,CLOSED,,FIREWALL-07,False
ALT-CSE-07-04451,CSE-07,HIGH,2024-12-15T06:11:34,2024-12-15T06:12:28.134784,2024-12-15T06:33:24.622390,CLOSED,,DB-SERVER-07,False
ALT-CSE-07-04452,CSE-07,HIGH,2024-12-22T18:04:28,2024-12-22T18:06:11.842122,2024-12-22T18:27:17.687510,CLOSED,,ENDPOINT-07,False
ALT-CSE-07-04453,CSE-07,LOW,2024-11-22T05:37:32,2024-11-22T05:38:23.817953,2024-11-22T05:58:03.965209,CLOSED,,ENDPOINT-07,False
ALT-CSE-07-04454,CSE-07,LOW,2024-11-01T16:38:32,2024-11-01T16:39:57.390697,2024-11-01T17:07:41.757932,CLOSED,,ENDPOINT-07,False
ALT-CSE-07-04455,CSE-07,LOW,2024-10-12T22:05:46,2024-10-12T22:07:22.758886,2024-10-12T22:31:58.317544,CLOSED,,DB-SERVER-07,False
ALT-CSE-07-04456,CSE-07,LOW,2024-10-12T12:07:23,2024-10-12T12:08:57.945832,2024-10-12T12:29:29.396314,CLOSED,,ENDPOINT-07,False
ALT-CSE-07-04457,CSE-07,HIGH,2024-10-23T06:31:27,2024-10-23T06:32:44.785046,2024-10-23T06:47:06.936315,CLOSED,,ENDPOINT-07,False
ALT-CSE-07-04458,CSE-07,HIGH,2024-10-02T10:33:05,2024-10-02T10:34:17.946359,2024-10-02T10:53:35.292015,CLOSED,,FIREWALL-07,False
ALT-CSE-07-04459,CSE-07,MEDIUM,2024-11-15T22:25:56,2024-11-15T22:27:14.250828,2024-11-15T22:36:30.918642,CLOSED,,FIREWALL-07,False
ALT-CSE-07-04460,CSE-07,MEDIUM,2024-11-13T03:17:25,2024-11-13T03:18:14.970593,2024-11-13T03:36:08.318524,CLOSED,,FIREWALL-07,False
ALT-CSE-07-04461,CSE-07,HIGH,2024-12-03T02:12:23,2024-12-03T02:14:16.640420,2024-12-03T02:31:21.996431,CLOSED,,DB-SERVER-07,False
ALT-CSE-07-04462,CSE-07,HIGH,2024-11-06T07:57:31,2024-11-06T07:58:50.077081,2024-11-06T08:17:41.772134,CLOSED,,WEB-SERVER-07,False
ALT-CSE-07-04463,CSE-07,LOW,2024-12-02T21:35:14,2024-12-02T21:35:50.293221,2024-12-02T21:56:29.125419,CLOSED,,ENDPOINT-07,False
ALT-CSE-07-04464,CSE-07,HIGH,2024-10-12T15:17:34,2024-10-12T15:19:08.035153,2024-10-12T15:38:34.733289,CLOSED,,WEB-SERVER-07,False
ALT-CSE-07-04465,CSE-07,LOW,2024-10-02T10:21:27,2024-10-02T10:22:02.235994,2024-10-02T10:45:27.350716,CLOSED,,ENDPOINT-07,False
ALT-CSE-07-04466,CSE-07,MEDIUM,2024-12-03T17:46:08,2024-12-03T17:47:32.366194,2024-12-03T18:06:33.116761,CLOSED,,ENDPOINT-07,False
ALT-CSE-07-04467,CSE-07,LOW,2024-10-30T05:36:26,2024-10-30T05:37:25.655416,2024-10-30T06:03:25.733375,CLOSED,,FIREWALL-07,False
ALT-CSE-07-04468,CSE-07,MEDIUM,2024-10-31T00:24:58,2024-10-31T00:26:57.074135,2024-10-31T00:42:20.899083,CLOSED,,DB-SERVER-07,False
ALT-CSE-07-04469,CSE-07,HIGH,2024-10-28T15:17:16,2024-10-28T15:18:36.964399,2024-10-28T15:28:43.080916,CLOSED,,DB-SERVER-07,False
ALT-CSE-07-04470,CSE-07,HIGH,2024-10-05T17:16:11,2024-10-05T17:16:48.362863,2024-10-05T17:44:00.612914,CLOSED,CAS-CSE-07-0950,FIREWALL-07,False
ALT-CSE-07-04471,CSE-07,LOW,2024-12-26T15:48:35,2024-12-26T15:50:08.043120,2024-12-26T16:09:06.394841,CLOSED,,FIREWALL-07,False
ALT-CSE-07-04472,CSE-07,LOW,2024-10-14T15:57:34,2024-10-14T15:59:02.899092,2024-10-14T16:13:41.099947,CLOSED,,ENDPOINT-07,False
ALT-CSE-07-04473,CSE-07,MEDIUM,2024-10-20T10:28:58,2024-10-20T10:30:42.439539,2024-10-20T10:43:52.859068,CLOSED,,FIREWALL-07,False
ALT-CSE-07-04474,CSE-07,HIGH,2024-11-08T20:55:20,2024-11-08T20:56:08.486702,2024-11-08T21:16:25.467959,CLOSED,CAS-CSE-07-0951,WEB-SERVER-07,False
ALT-CSE-07-04475,CSE-07,LOW,2024-11-01T04:59:49,2024-11-01T05:01:11.959377,2024-11-01T05:25:55.894821,CLOSED,,DB-SERVER-07,False
ALT-CSE-07-04476,CSE-07,LOW,2024-11-02T20:48:39,2024-11-02T20:49:36.080958,2024-11-02T21:07:08.725769,CLOSED,,DB-SERVER-07,False
ALT-CSE-07-04477,CSE-07,MEDIUM,2024-12-08T09:29:43,2024-12-08T09:31:09.157111,2024-12-08T09:47:34.518578,CLOSED,,DB-SERVER-07,False
ALT-CSE-07-04478,CSE-07,LOW,2024-12-11T18:06:29,2024-12-11T18:07:47.129523,2024-12-11T18:31:06.413578,CLOSED,,WEB-SERVER-07,False
ALT-CSE-07-04479,CSE-07,HIGH,2024-10-02T02:38:19,2024-10-02T02:39:35.021901,2024-10-02T02:58:40.758360,CLOSED,,FIREWALL-07,False
ALT-CSE-07-04480,CSE-07,MEDIUM,2024-11-23T21:29:31,2024-11-23T21:30:39.891221,2024-11-23T21:54:03.720977,CLOSED,,FIREWALL-07,False
ALT-CSE-07-04481,CSE-07,MEDIUM,2024-10-15T14:51:29,2024-10-15T14:53:10.516974,2024-10-15T15:16:05.168254,CLOSED,,DB-SERVER-07,False
ALT-CSE-07-04482,CSE-07,LOW,2024-10-27T08:41:23,2024-10-27T08:42:32.287826,2024-10-27T09:04:54.815878,CLOSED,,WEB-SERVER-07,False
ALT-CSE-07-04483,CSE-07,MEDIUM,2024-12-26T21:52:17,2024-12-26T21:53:38.912913,2024-12-26T22:07:13.825456,CLOSED,,FIREWALL-07,False
ALT-CSE-07-04484,CSE-07,LOW,2024-10-06T06:02:16,2024-10-06T06:03:28.778476,2024-10-06T06:29:14.886262,CLOSED,,WEB-SERVER-07,False
ALT-CSE-07-04485,CSE-07,HIGH,2024-10-12T05:49:58,2024-10-12T05:51:31.778403,2024-10-12T06:09:05.904579,CLOSED,,FIREWALL-07,False
ALT-CSE-07-04486,CSE-07,HIGH,2024-10-25T21:12:23,2024-10-25T21:13:27.498119,2024-10-25T21:31:34.200555,CLOSED,,ENDPOINT-07,False
ALT-CSE-07-04487,CSE-07,LOW,2024-10-01T17:04:32,2024-10-01T17:06:24.896437,2024-10-01T17:29:00.897872,CLOSED,,WEB-SERVER-07,False
ALT-CSE-07-04488,CSE-07,HIGH,2024-12-11T06:33:15,2024-12-11T06:34:46.501312,2024-12-11T06:49:54.323394,CLOSED,,WEB-SERVER-07,False
ALT-CSE-07-04489,CSE-07,LOW,2024-10-13T18:47:51,2024-10-13T18:49:17.233293,2024-10-13T18:58:36.542046,CLOSED,,ENDPOINT-07,False
ALT-CSE-07-04490,CSE-07,LOW,2024-11-12T06:11:37,2024-11-12T06:13:04.735654,2024-11-12T06:22:19.482073,CLOSED,,FIREWALL-07,False
ALT-CSE-07-04491,CSE-07,LOW,2024-12-28T10:11:39,2024-12-28T10:12:32.484627,2024-12-28T10:32:59.616900,CLOSED,,ENDPOINT-07,False
ALT-CSE-07-04492,CSE-07,LOW,2024-12-09T21:09:52,2024-12-09T21:11:43.579392,2024-12-09T21:30:30.673571,CLOSED,,ENDPOINT-07,False
ALT-CSE-07-04493,CSE-07,HIGH,2024-12-09T18:02:10,2024-12-09T18:03:37.056790,2024-12-09T18:18:11.774517,CLOSED,,ENDPOINT-07,False
ALT-CSE-07-04494,CSE-07,LOW,2024-11-15T09:29:19,2024-11-15T09:30:06.699059,2024-11-15T09:53:17.215783,CLOSED,,FIREWALL-07,False
ALT-CSE-07-04495,CSE-07,LOW,2024-11-03T00:08:56,2024-11-03T00:09:32.604233,2024-11-03T00:33:13.303682,CLOSED,,ENDPOINT-07,False
ALT-CSE-07-04496,CSE-07,LOW,2024-12-05T15:22:04,2024-12-05T15:22:43.434693,2024-12-05T15:35:15.698034,CLOSED,,WEB-SERVER-07,False
ALT-CSE-07-04497,CSE-07,MEDIUM,2024-12-11T03:01:11,2024-12-11T03:03:02.224014,2024-12-11T03:25:38.309674,CLOSED,,FIREWALL-07,False
ALT-CSE-07-04498,CSE-07,MEDIUM,2024-12-01T10:36:37,2024-12-01T10:38:22.150340,2024-12-01T10:44:50.435499,CLOSED,,WEB-SERVER-07,False
ALT-CSE-07-04499,CSE-07,MEDIUM,2024-12-17T02:25:55,2024-12-17T02:27:39.789337,2024-12-17T02:39:19.775600,CLOSED,,FIREWALL-07,False
ALT-CSE-07-04500,CSE-07,LOW,2024-12-09T05:51:31,2024-12-09T05:52:58.686370,2024-12-09T06:19:13.485879,CLOSED,,ENDPOINT-07,False
ALT-CSE-07-04501,CSE-07,HIGH,2024-11-25T01:56:26,2024-11-25T01:57:46.839517,2024-11-25T02:07:15.045153,CLOSED,,WEB-SERVER-07,False
ALT-CSE-07-04502,CSE-07,LOW,2024-10-18T09:22:13,2024-10-18T09:22:45.084180,2024-10-18T09:44:25.440091,CLOSED,,FIREWALL-07,False
ALT-CSE-07-04503,CSE-07,MEDIUM,2024-10-13T07:11:47,2024-10-13T07:12:37.773962,2024-10-13T07:48:36.470567,CLOSED,,DB-SERVER-07,False
ALT-CSE-07-04504,CSE-07,HIGH,2024-12-02T06:54:40,2024-12-02T06:55:12.347308,2024-12-02T07:16:02.506218,CLOSED,,ENDPOINT-07,False
ALT-CSE-07-04505,CSE-07,HIGH,2024-11-29T10:07:33,2024-11-29T10:08:36.087692,2024-11-29T10:31:00.992074,CLOSED,,DB-SERVER-07,False
ALT-CSE-07-04506,CSE-07,LOW,2024-12-14T11:29:14,2024-12-14T11:30:28.291356,2024-12-14T11:47:40.235457,CLOSED,,WEB-SERVER-07,False
ALT-CSE-07-04507,CSE-07,LOW,2024-12-13T02:18:11,2024-12-13T02:19:55.648090,2024-12-13T02:35:50.302588,CLOSED,,DB-SERVER-07,False
ALT-CSE-07-04508,CSE-07,HIGH,2024-10-12T21:37:29,2024-10-12T21:39:19.807658,2024-10-12T22:02:13.972224,CLOSED,,WEB-SERVER-07,False
ALT-CSE-07-04509,CSE-07,MEDIUM,2024-12-10T21:30:23,2024-12-10T21:30:56.385437,2024-12-10T21:49:09.964732,CLOSED,,ENDPOINT-07,False
ALT-CSE-07-04510,CSE-07,LOW,2024-12-02T00:15:30,2024-12-02T00:16:16.091564,2024-12-02T00:32:11.592753,CLOSED,,FIREWALL-07,False
ALT-CSE-07-04511,CSE-07,MEDIUM,2024-11-01T21:04:17,2024-11-01T21:05:07.234582,2024-11-01T21:26:41.322143,CLOSED,,ENDPOINT-07,False
ALT-CSE-07-04512,CSE-07,MEDIUM,2024-11-30T19:39:07,2024-11-30T19:39:56.326554,2024-11-30T20:09:27.626571,CLOSED,,FIREWALL-07,False
ALT-CSE-07-04513,CSE-07,HIGH,2024-10-17T18:01:22,2024-10-17T18:02:55.886626,2024-10-17T18:20:22.121889,CLOSED,,ENDPOINT-07,False
ALT-CSE-07-04514,CSE-07,HIGH,2024-10-02T02:01:46,2024-10-02T02:03:29.301956,2024-10-02T02:18:48.157905,CLOSED,,ENDPOINT-07,False
ALT-CSE-07-04515,CSE-07,MEDIUM,2024-11-14T01:46:39,2024-11-14T01:48:01.807733,2024-11-14T02:14:16.581858,CLOSED,,ENDPOINT-07,False
ALT-CSE-07-04516,CSE-07,LOW,2024-12-05T13:20:49,2024-12-05T13:21:44.169594,2024-12-05T13:32:29.238772,CLOSED,,DB-SERVER-07,False
ALT-CSE-07-04517,CSE-07,MEDIUM,2024-10-20T10:26:10,2024-10-20T10:27:42.618496,2024-10-20T10:41:44.773577,CLOSED,,ENDPOINT-07,False
ALT-CSE-07-04518,CSE-07,LOW,2024-10-14T14:03:11,2024-10-14T14:04:19.648673,2024-10-14T14:28:59.955495,CLOSED,,ENDPOINT-07,False
ALT-CSE-07-04519,CSE-07,HIGH,2024-10-07T19:25:58,2024-10-07T19:27:47.244690,2024-10-07T19:51:27.533621,CLOSED,,FIREWALL-07,False
ALT-CSE-07-04520,CSE-07,MEDIUM,2024-10-09T13:31:26,2024-10-09T13:33:25.090675,2024-10-09T13:48:25.525977,CLOSED,,FIREWALL-07,False
ALT-CSE-07-04521,CSE-07,MEDIUM,2024-12-25T12:28:25,2024-12-25T12:29:23.433572,2024-12-25T13:02:24.894747,CLOSED,,ENDPOINT-07,False
ALT-CSE-07-04522,CSE-07,LOW,2024-11-17T12:17:20,2024-11-17T12:18:30.048490,2024-11-17T12:29:13.604881,CLOSED,CAS-CSE-07-0952,FIREWALL-07,False
ALT-CSE-07-04523,CSE-07,HIGH,2024-11-30T06:28:31,2024-11-30T06:29:46.299408,2024-11-30T06:56:42.790666,CLOSED,,FIREWALL-07,False
ALT-CSE-07-04524,CSE-07,HIGH,2024-11-01T21:54:31,2024-11-01T21:55:59.279932,2024-11-01T22:07:33.492708,CLOSED,,FIREWALL-07,False
ALT-CSE-07-04525,CSE-07,LOW,2024-10-02T09:22:45,2024-10-02T09:24:03.739145,2024-10-02T09:40:00.841058,CLOSED,,ENDPOINT-07,False
ALT-CSE-07-04526,CSE-07,HIGH,2024-11-12T08:38:11,2024-11-12T08:39:35.006557,2024-11-12T08:59:43.166202,CLOSED,,WEB-SERVER-07,False
ALT-CSE-07-04527,CSE-07,LOW,2024-11-20T02:54:34,2024-11-20T02:56:33.968282,2024-11-20T03:16:31.395199,CLOSED,,WEB-SERVER-07,False
ALT-CSE-07-04528,CSE-07,LOW,2024-10-11T16:18:35,2024-10-11T16:19:16.537523,2024-10-11T16:31:27.663805,CLOSED,,ENDPOINT-07,False
ALT-CSE-07-04529,CSE-07,LOW,2024-10-15T15:32:19,2024-10-15T15:33:49.808953,2024-10-15T15:42:40.204932,CLOSED,CAS-CSE-07-0953,FIREWALL-07,False
ALT-CSE-07-04530,CSE-07,LOW,2024-11-01T08:36:15,2024-11-01T08:37:47.274560,2024-11-01T08:59:29.399444,CLOSED,,ENDPOINT-07,False
ALT-CSE-07-04531,CSE-07,LOW,2024-12-04T10:15:30,2024-12-04T10:16:19.480830,2024-12-04T10:32:45.200980,CLOSED,,ENDPOINT-07,False
ALT-CSE-07-04532,CSE-07,LOW,2024-12-28T22:40:39,2024-12-28T22:41:49.419972,2024-12-28T22:57:27.313544,CLOSED,,DB-SERVER-07,False
ALT-CSE-07-04533,CSE-07,MEDIUM,2024-12-27T16:56:49,2024-12-27T16:57:37.201429,2024-12-27T17:16:33.017920,CLOSED,,DB-SERVER-07,False
ALT-CSE-07-04534,CSE-07,MEDIUM,2024-11-15T23:20:12,2024-11-15T23:21:00.742378,2024-11-15T23:42:00.995220,CLOSED,,FIREWALL-07,False
ALT-CSE-07-04535,CSE-07,MEDIUM,2024-12-07T16:49:14,2024-12-07T16:50:31.359839,2024-12-07T17:17:50.471103,CLOSED,,FIREWALL-07,False
ALT-CSE-07-04536,CSE-07,MEDIUM,2024-12-01T01:37:35,2024-12-01T01:38:17.785741,2024-12-01T01:51:34.470436,CLOSED,,FIREWALL-07,False
ALT-CSE-07-04537,CSE-07,LOW,2024-11-05T06:46:59,2024-11-05T06:47:30.485802,2024-11-05T06:59:21.931807,CLOSED,,ENDPOINT-07,False
ALT-CSE-07-04538,CSE-07,MEDIUM,2024-10-07T06:26:01,2024-10-07T06:27:52.261197,2024-10-07T06:39:59.904626,CLOSED,,ENDPOINT-07,False
ALT-CSE-07-04539,CSE-07,MEDIUM,2024-12-14T14:39:02,2024-12-14T14:39:53.296828,2024-12-14T15:05:00.988916,CLOSED,,WEB-SERVER-07,False
ALT-CSE-07-04540,CSE-07,HIGH,2024-11-12T03:07:53,2024-11-12T03:09:50.039437,2024-11-12T03:27:15.623008,CLOSED,,FIREWALL-07,False
ALT-CSE-07-04541,CSE-07,MEDIUM,2024-11-12T21:09:56,2024-11-12T21:11:36.942292,2024-11-12T21:24:26.011268,CLOSED,,DB-SERVER-07,False
ALT-CSE-07-04542,CSE-07,LOW,2024-11-09T21:16:04,2024-11-09T21:16:59.224318,2024-11-09T21:36:06.958244,CLOSED,,WEB-SERVER-07,False
ALT-CSE-07-04543,CSE-07,HIGH,2024-10-01T04:30:36,2024-10-01T04:32:20.278180,2024-10-01T04:54:14.162092,CLOSED,,FIREWALL-07,False
ALT-CSE-07-04544,CSE-07,MEDIUM,2024-12-25T08:32:25,2024-12-25T08:34:20.933332,2024-12-25T09:03:51.691447,CLOSED,,ENDPOINT-07,False
ALT-CSE-07-04545,CSE-07,LOW,2024-10-26T06:54:10,2024-10-26T06:55:58.220482,2024-10-26T07:08:25.336913,CLOSED,,DB-SERVER-07,False
ALT-CSE-07-04546,CSE-07,MEDIUM,2024-10-28T20:57:42,2024-10-28T20:58:19.448060,2024-10-28T21:22:46.955077,CLOSED,,WEB-SERVER-07,False
ALT-CSE-07-04547,CSE-07,MEDIUM,2024-12-28T00:18:21,2024-12-28T00:19:43.310982,2024-12-28T00:39:44.650803,CLOSED,,ENDPOINT-07,False
ALT-CSE-07-04548,CSE-07,MEDIUM,2024-12-28T03:23:49,2024-12-28T03:24:40.116774,2024-12-28T03:44:23.980589,CLOSED,,FIREWALL-07,False
ALT-CSE-07-04549,CSE-07,MEDIUM,2024-10-19T07:45:04,2024-10-19T07:45:44.241416,2024-10-19T08:10:26.861906,CLOSED,,ENDPOINT-07,False
ALT-CSE-07-04550,CSE-07,LOW,2024-11-28T20:39:04,2024-11-28T20:40:14.101297,2024-11-28T20:58:16.992821,CLOSED,,FIREWALL-07,False
ALT-CSE-07-04551,CSE-07,MEDIUM,2024-11-04T12:11:22,2024-11-04T12:12:20.283335,2024-11-04T12:41:01.882451,CLOSED,,WEB-SERVER-07,False
ALT-CSE-07-04552,CSE-07,MEDIUM,2024-12-02T11:52:35,2024-12-02T11:53:45.414302,2024-12-02T12:21:17.587301,CLOSED,,DB-SERVER-07,False
ALT-CSE-07-04553,CSE-07,HIGH,2024-11-15T14:50:36,2024-11-15T14:52:00.525921,2024-11-15T15:13:41.113995,CLOSED,,FIREWALL-07,False
ALT-CSE-07-04554,CSE-07,MEDIUM,2024-10-25T15:24:54,2024-10-25T15:25:35.459345,2024-10-25T15:47:40.659929,CLOSED,,FIREWALL-07,False
ALT-CSE-07-04555,CSE-07,LOW,2024-10-06T16:54:57,2024-10-06T16:55:34.139040,2024-10-06T17:12:15.945456,CLOSED,,FIREWALL-07,False
ALT-CSE-07-04556,CSE-07,LOW,2024-12-06T16:11:15,2024-12-06T16:12:03.028969,2024-12-06T16:29:28.928932,CLOSED,,WEB-SERVER-07,False
ALT-CSE-07-04557,CSE-07,MEDIUM,2024-10-21T08:39:05,2024-10-21T08:40:20.410747,2024-10-21T08:55:46.327495,CLOSED,,DB-SERVER-07,False
ALT-CSE-07-04558,CSE-07,LOW,2024-12-03T10:39:53,2024-12-03T10:41:17.148620,2024-12-03T11:04:12.286672,CLOSED,,DB-SERVER-07,False
ALT-CSE-07-04559,CSE-07,MEDIUM,2024-11-02T14:59:50,2024-11-02T15:01:39.476270,2024-11-02T15:18:55.074769,CLOSED,,ENDPOINT-07,False
ALT-CSE-07-04560,CSE-07,HIGH,2024-11-11T13:53:49,2024-11-11T13:55:31.928827,2024-11-11T14:15:07.723061,CLOSED,,FIREWALL-07,False
ALT-CSE-07-04561,CSE-07,MEDIUM,2024-10-21T00:15:39,2024-10-21T00:16:24.975760,2024-10-21T00:28:14.349406,CLOSED,,WEB-SERVER-07,False
ALT-CSE-07-04562,CSE-07,LOW,2024-10-19T18:55:41,2024-10-19T18:56:46.954833,2024-10-19T19:06:09.451459,CLOSED,,ENDPOINT-07,False
ALT-CSE-07-04563,CSE-07,LOW,2024-10-30T17:37:22,2024-10-30T17:38:21.940303,2024-10-30T17:54:22.399744,CLOSED,,DB-SERVER-07,False
ALT-CSE-07-04564,CSE-07,LOW,2024-12-29T00:05:04,2024-12-29T00:06:19.310298,2024-12-29T00:26:52.254749,CLOSED,,DB-SERVER-07,False
ALT-CSE-07-04565,CSE-07,HIGH,2024-12-16T05:19:17,2024-12-16T05:20:39.189156,2024-12-16T05:34:32.028585,CLOSED,,DB-SERVER-07,False
ALT-CSE-07-04566,CSE-07,MEDIUM,2024-11-28T16:38:47,2024-11-28T16:39:58.003360,2024-11-28T17:07:16.802752,CLOSED,CAS-CSE-07-0954,ENDPOINT-07,False
ALT-CSE-07-04567,CSE-07,LOW,2024-10-07T02:34:30,2024-10-07T02:36:00.122546,2024-10-07T02:52:31.473157,CLOSED,,DB-SERVER-07,False
ALT-CSE-07-04568,CSE-07,LOW,2024-10-17T03:28:47,2024-10-17T03:29:58.823509,2024-10-17T03:46:33.517696,CLOSED,,WEB-SERVER-07,False
ALT-CSE-07-04569,CSE-07,LOW,2024-12-29T20:56:46,2024-12-29T20:58:01.144458,2024-12-29T21:16:14.930171,CLOSED,,FIREWALL-07,False
ALT-CSE-07-04570,CSE-07,LOW,2024-11-05T06:27:34,2024-11-05T06:29:28.214146,2024-11-05T06:53:23.314124,CLOSED,,WEB-SERVER-07,False
ALT-CSE-07-04571,CSE-07,HIGH,2024-10-28T11:36:49,2024-10-28T11:37:41.485810,2024-10-28T11:50:08.515723,CLOSED,,FIREWALL-07,False
ALT-CSE-07-04572,CSE-07,MEDIUM,2024-10-12T21:32:28,2024-10-12T21:33:48.056032,2024-10-12T21:56:18.989175,CLOSED,,FIREWALL-07,False
ALT-CSE-07-04573,CSE-07,MEDIUM,2024-12-12T15:17:19,2024-12-12T15:18:38.618556,2024-12-12T15:35:20.355438,CLOSED,,WEB-SERVER-07,False
ALT-CSE-07-04574,CSE-07,LOW,2024-10-04T06:19:05,2024-10-04T06:20:16.349266,2024-10-04T06:39:50.551209,CLOSED,,ENDPOINT-07,False
ALT-CSE-07-04575,CSE-07,HIGH,2024-10-17T13:35:44,2024-10-17T13:36:25.316525,2024-10-17T13:52:44.096235,CLOSED,,FIREWALL-07,False
ALT-CSE-07-04576,CSE-07,HIGH,2024-12-05T03:57:04,2024-12-05T03:59:03.703749,2024-12-05T04:17:58.267843,CLOSED,,WEB-SERVER-07,False
ALT-CSE-07-04577,CSE-07,LOW,2024-10-10T08:14:23,2024-10-10T08:15:26.382773,2024-10-10T08:35:01.480708,CLOSED,,FIREWALL-07,False
ALT-CSE-07-04578,CSE-07,MEDIUM,2024-12-20T02:58:17,2024-12-20T03:00:05.072659,2024-12-20T03:13:36.414704,CLOSED,,ENDPOINT-07,False
ALT-CSE-07-04579,CSE-07,MEDIUM,2024-11-04T03:13:03,2024-11-04T03:14:23.406853,2024-11-04T03:33:04.808833,CLOSED,,FIREWALL-07,False
ALT-CSE-07-04580,CSE-07,MEDIUM,2024-10-08T13:43:18,2024-10-08T13:44:38.962812,2024-10-08T13:59:29.233706,CLOSED,,DB-SERVER-07,False
ALT-CSE-07-04581,CSE-07,HIGH,2024-12-06T01:05:46,2024-12-06T01:07:09.653268,2024-12-06T01:16:59.745402,CLOSED,,DB-SERVER-07,False
ALT-CSE-07-04582,CSE-07,MEDIUM,2024-12-02T05:59:12,2024-12-02T06:00:19.259497,2024-12-02T06:17:27.766503,CLOSED,,DB-SERVER-07,False
ALT-CSE-07-04583,CSE-07,MEDIUM,2024-10-16T06:51:34,2024-10-16T06:53:04.940409,2024-10-16T07:09:48.268845,CLOSED,,DB-SERVER-07,False
ALT-CSE-07-04584,CSE-07,LOW,2024-11-01T17:10:48,2024-11-01T17:11:40.588309,2024-11-01T17:27:32.449508,CLOSED,,DB-SERVER-07,False
ALT-CSE-07-04585,CSE-07,HIGH,2024-12-28T11:43:35,2024-12-28T11:44:55.481395,2024-12-28T12:03:51.069757,CLOSED,,FIREWALL-07,False
ALT-CSE-07-04586,CSE-07,HIGH,2024-10-21T21:30:02,2024-10-21T21:30:53.642468,2024-10-21T21:48:09.629047,CLOSED,CAS-CSE-07-0955,ENDPOINT-07,False
ALT-CSE-07-04587,CSE-07,MEDIUM,2024-10-01T20:11:35,2024-10-01T20:13:02.643778,2024-10-01T20:31:36.730980,CLOSED,,ENDPOINT-07,False
ALT-CSE-07-04588,CSE-07,HIGH,2024-11-09T11:01:09,2024-11-09T11:02:18.295719,2024-11-09T11:25:13.884919,CLOSED,,ENDPOINT-07,False
ALT-CSE-07-04589,CSE-07,LOW,2024-10-22T12:41:15,2024-10-22T12:42:55.908750,2024-10-22T12:59:37.184403,CLOSED,,WEB-SERVER-07,False
ALT-CSE-07-04590,CSE-07,LOW,2024-10-06T07:38:42,2024-10-06T07:40:11.290902,2024-10-06T08:05:00.149598,CLOSED,,FIREWALL-07,False
ALT-CSE-07-04591,CSE-07,MEDIUM,2024-10-24T05:08:29,2024-10-24T05:09:15.820257,2024-10-24T05:30:19.052712,CLOSED,,FIREWALL-07,False
ALT-CSE-07-04592,CSE-07,HIGH,2024-10-23T14:44:11,2024-10-23T14:44:47.390671,2024-10-23T15:20:24.120142,CLOSED,,FIREWALL-07,False
ALT-CSE-07-04593,CSE-07,HIGH,2024-11-13T12:22:51,2024-11-13T12:24:28.704581,2024-11-13T12:44:22.266004,CLOSED,,WEB-SERVER-07,False
ALT-CSE-07-04594,CSE-07,HIGH,2024-12-02T16:17:31,2024-12-02T16:18:09.684434,2024-12-02T16:38:44.892320,CLOSED,,FIREWALL-07,False
ALT-CSE-07-04595,CSE-07,MEDIUM,2024-12-18T12:43:47,2024-12-18T12:45:19.411245,2024-12-18T13:04:24.671272,CLOSED,,WEB-SERVER-07,False
ALT-CSE-07-04596,CSE-07,HIGH,2024-12-08T22:30:57,2024-12-08T22:31:57.185495,2024-12-08T22:52:44.066355,CLOSED,,FIREWALL-07,False
ALT-CSE-07-04597,CSE-07,HIGH,2024-12-10T10:46:18,2024-12-10T10:47:29.461719,2024-12-10T11:10:01.406206,CLOSED,,DB-SERVER-07,False
ALT-CSE-07-04598,CSE-07,HIGH,2024-11-28T02:08:44,2024-11-28T02:10:37.500088,2024-11-28T02:23:07.393127,CLOSED,,FIREWALL-07,False
ALT-CSE-07-04599,CSE-07,LOW,2024-12-16T11:46:05,2024-12-16T11:48:03.789447,2024-12-16T12:05:15.891866,CLOSED,,WEB-SERVER-07,False
ALT-CSE-07-04600,CSE-07,MEDIUM,2024-12-23T03:34:14,2024-12-23T03:34:45.676315,2024-12-23T03:50:07.849270,CLOSED,,WEB-SERVER-07,False
ALT-CSE-07-04601,CSE-07,LOW,2024-12-02T20:10:06,2024-12-02T20:11:48.268906,2024-12-02T20:26:35.912810,CLOSED,,DB-SERVER-07,False
ALT-CSE-07-04602,CSE-07,MEDIUM,2024-12-24T10:49:17,2024-12-24T10:51:00.407745,2024-12-24T11:18:31.692780,CLOSED,,DB-SERVER-07,False
ALT-CSE-07-04603,CSE-07,HIGH,2024-12-07T06:41:54,2024-12-07T06:42:46.221611,2024-12-07T07:03:32.056629,CLOSED,,ENDPOINT-07,False
ALT-CSE-07-04604,CSE-07,MEDIUM,2024-10-05T14:25:18,2024-10-05T14:26:24.064942,2024-10-05T14:42:59.249356,CLOSED,,WEB-SERVER-07,False
ALT-CSE-07-04605,CSE-07,MEDIUM,2024-10-14T08:01:55,2024-10-14T08:03:16.265205,2024-10-14T08:16:11.795179,CLOSED,,WEB-SERVER-07,False
ALT-CSE-07-04606,CSE-07,MEDIUM,2024-11-09T06:12:02,2024-11-09T06:12:37.370213,2024-11-09T06:34:15.858883,CLOSED,,FIREWALL-07,False
ALT-CSE-07-04607,CSE-07,HIGH,2024-11-23T14:53:23,2024-11-23T14:54:10.765161,2024-11-23T15:26:02.833268,CLOSED,,DB-SERVER-07,False
ALT-CSE-07-04608,CSE-07,HIGH,2024-11-12T03:50:45,2024-11-12T03:52:38.275644,2024-11-12T04:09:23.794534,CLOSED,,WEB-SERVER-07,False
ALT-CSE-07-04609,CSE-07,MEDIUM,2024-12-02T17:38:16,2024-12-02T17:39:40.176768,2024-12-02T18:00:35.166327,CLOSED,,DB-SERVER-07,False
ALT-CSE-07-04610,CSE-07,HIGH,2024-12-01T22:26:49,2024-12-01T22:28:18.003440,2024-12-01T22:48:52.381376,CLOSED,,DB-SERVER-07,False
ALT-CSE-07-04611,CSE-07,LOW,2024-12-14T11:39:58,2024-12-14T11:40:58.203272,2024-12-14T12:04:32.431192,CLOSED,,DB-SERVER-07,False
ALT-CSE-07-04612,CSE-07,LOW,2024-12-23T07:55:46,2024-12-23T07:57:38.314690,2024-12-23T08:16:14.031148,CLOSED,,FIREWALL-07,False
ALT-CSE-07-04613,CSE-07,LOW,2024-11-25T14:14:36,2024-11-25T14:15:52.148376,2024-11-25T14:35:11.349374,CLOSED,,DB-SERVER-07,False
ALT-CSE-07-04614,CSE-07,LOW,2024-12-07T05:13:32,2024-12-07T05:15:02.356855,2024-12-07T05:29:09.988086,CLOSED,,ENDPOINT-07,False
ALT-CSE-07-04615,CSE-07,LOW,2024-10-18T02:50:16,2024-10-18T02:51:42.299763,2024-10-18T03:08:31.336722,CLOSED,,WEB-SERVER-07,False
ALT-CSE-07-04616,CSE-07,MEDIUM,2024-11-09T01:01:23,2024-11-09T01:02:27.728627,2024-11-09T01:19:12.657213,CLOSED,CAS-CSE-07-0956,DB-SERVER-07,False
ALT-CSE-07-04617,CSE-07,LOW,2024-10-23T23:18:07,2024-10-23T23:19:44.280772,2024-10-23T23:34:19.074283,CLOSED,,FIREWALL-07,False
ALT-CSE-07-04618,CSE-07,LOW,2024-12-16T00:39:55,2024-12-16T00:41:16.286602,2024-12-16T01:02:25.329960,CLOSED,,DB-SERVER-07,False
ALT-CSE-07-04619,CSE-07,MEDIUM,2024-11-02T17:27:02,2024-11-02T17:28:05.492841,2024-11-02T17:51:24.591433,CLOSED,,FIREWALL-07,False
ALT-CSE-07-04620,CSE-07,MEDIUM,2024-12-17T04:48:50,2024-12-17T04:50:20.139666,2024-12-17T05:14:27.653947,CLOSED,,FIREWALL-07,False
ALT-CSE-07-04621,CSE-07,MEDIUM,2024-10-19T04:36:04,2024-10-19T04:36:38.822002,2024-10-19T04:57:57.893550,CLOSED,,ENDPOINT-07,False
ALT-CSE-07-04622,CSE-07,LOW,2024-10-09T12:30:12,2024-10-09T12:31:54.215701,2024-10-09T12:37:32.518605,CLOSED,CAS-CSE-07-0957,ENDPOINT-07,False
ALT-CSE-07-04623,CSE-07,HIGH,2024-10-11T16:24:04,2024-10-11T16:25:53.317463,2024-10-11T16:47:20.626741,CLOSED,CAS-CSE-07-0958,ENDPOINT-07,False
ALT-CSE-07-04624,CSE-07,LOW,2024-12-10T15:20:13,2024-12-10T15:21:05.239495,2024-12-10T15:41:42.135349,CLOSED,,DB-SERVER-07,False
ALT-CSE-07-04625,CSE-07,MEDIUM,2024-12-07T08:45:33,2024-12-07T08:47:13.424159,2024-12-07T09:02:21.094387,CLOSED,,ENDPOINT-07,False
ALT-CSE-07-04626,CSE-07,MEDIUM,2024-12-28T08:54:14,2024-12-28T08:55:54.029662,2024-12-28T09:08:21.329121,CLOSED,,WEB-SERVER-07,False
ALT-CSE-07-04627,CSE-07,MEDIUM,2024-10-12T04:32:07,2024-10-12T04:33:36.653822,2024-10-12T04:54:35.216875,CLOSED,CAS-CSE-07-0959,DB-SERVER-07,False
ALT-CSE-07-04628,CSE-07,HIGH,2024-12-03T15:18:56,2024-12-03T15:19:35.758635,2024-12-03T15:35:40.330554,CLOSED,,DB-SERVER-07,False
ALT-CSE-07-04629,CSE-07,LOW,2024-12-05T23:42:28,2024-12-05T23:44:04.040057,2024-12-06T00:00:09.362427,CLOSED,,ENDPOINT-07,False
ALT-CSE-07-04630,CSE-07,LOW,2024-12-12T08:50:42,2024-12-12T08:52:05.624696,2024-12-12T09:16:25.157353,CLOSED,,DB-SERVER-07,False
ALT-CSE-07-04631,CSE-07,LOW,2024-11-26T23:22:34,2024-11-26T23:24:12.637602,2024-11-26T23:44:56.231895,CLOSED,,ENDPOINT-07,False
ALT-CSE-07-04632,CSE-07,LOW,2024-12-02T00:49:15,2024-12-02T00:49:47.228584,2024-12-02T01:13:00.719839,CLOSED,,DB-SERVER-07,False
ALT-CSE-07-04633,CSE-07,LOW,2024-10-13T11:48:40,2024-10-13T11:50:10.253507,2024-10-13T12:10:47.018729,CLOSED,,WEB-SERVER-07,False
ALT-CSE-07-04634,CSE-07,LOW,2024-10-05T02:07:43,2024-10-05T02:08:24.060098,2024-10-05T02:21:51.902604,CLOSED,,WEB-SERVER-07,False
ALT-CSE-07-04635,CSE-07,HIGH,2024-12-24T13:02:37,2024-12-24T13:03:38.849120,2024-12-24T13:11:33.290610,CLOSED,,FIREWALL-07,False
ALT-CSE-07-04636,CSE-07,MEDIUM,2024-10-15T19:56:52,2024-10-15T19:57:43.608568,2024-10-15T20:15:46.051803,CLOSED,,ENDPOINT-07,False
ALT-CSE-07-04637,CSE-07,LOW,2024-10-29T20:54:58,2024-10-29T20:56:13.179506,2024-10-29T21:11:00.874372,CLOSED,,DB-SERVER-07,False
ALT-CSE-07-04638,CSE-07,LOW,2024-11-17T00:26:36,2024-11-17T00:27:32.309529,2024-11-17T00:38:18.378536,CLOSED,,ENDPOINT-07,False
ALT-CSE-07-04639,CSE-07,HIGH,2024-10-17T19:25:23,2024-10-17T19:26:17.719723,2024-10-17T19:43:35.421924,CLOSED,,WEB-SERVER-07,False
ALT-CSE-07-04640,CSE-07,MEDIUM,2024-10-17T06:07:51,2024-10-17T06:09:33.990512,2024-10-17T06:40:19.255873,CLOSED,,ENDPOINT-07,False
ALT-CSE-07-04641,CSE-07,LOW,2024-10-13T06:01:47,2024-10-13T06:03:02.040042,2024-10-13T06:20:46.570428,CLOSED,,WEB-SERVER-07,False
ALT-CSE-07-04642,CSE-07,LOW,2024-10-29T16:24:52,2024-10-29T16:25:29.624686,2024-10-29T16:45:16.701657,CLOSED,,ENDPOINT-07,False
ALT-CSE-07-04643,CSE-07,LOW,2024-10-31T07:46:55,2024-10-31T07:47:33.276735,2024-10-31T08:08:10.017962,CLOSED,,ENDPOINT-07,False
ALT-CSE-07-04644,CSE-07,HIGH,2024-11-25T06:58:09,2024-11-25T06:58:48.081390,2024-11-25T07:18:29.628936,CLOSED,,WEB-SERVER-07,False
ALT-CSE-07-04645,CSE-07,HIGH,2024-12-26T11:41:15,2024-12-26T11:42:30.243333,2024-12-26T12:01:55.297160,CLOSED,,WEB-SERVER-07,False
ALT-CSE-07-04646,CSE-07,HIGH,2024-11-17T04:10:47,2024-11-17T04:12:22.843673,2024-11-17T04:29:30.679030,CLOSED,,DB-SERVER-07,False
ALT-CSE-07-04647,CSE-07,MEDIUM,2024-10-29T15:37:54,2024-10-29T15:38:40.194827,2024-10-29T15:53:08.144290,CLOSED,,DB-SERVER-07,False
ALT-CSE-07-04648,CSE-07,HIGH,2024-10-03T17:20:46,2024-10-03T17:22:25.519907,2024-10-03T17:34:03.484043,CLOSED,,FIREWALL-07,False
ALT-CSE-07-04649,CSE-07,MEDIUM,2024-10-11T20:55:19,2024-10-11T20:55:58.124240,2024-10-11T21:09:26.193409,CLOSED,,DB-SERVER-07,False
ALT-CSE-07-04650,CSE-07,MEDIUM,2024-12-18T21:42:56,2024-12-18T21:44:14.171042,2024-12-18T21:54:46.411219,CLOSED,,ENDPOINT-07,False
ALT-CSE-07-04651,CSE-07,LOW,2024-12-28T00:19:35,2024-12-28T00:21:05.068843,2024-12-28T00:33:04.698163,CLOSED,,ENDPOINT-07,False
ALT-CSE-07-04652,CSE-07,LOW,2024-10-12T05:01:27,2024-10-12T05:03:01.401673,2024-10-12T05:18:32.733029,CLOSED,,FIREWALL-07,False
ALT-CSE-07-04653,CSE-07,HIGH,2024-11-21T22:23:53,2024-11-21T22:24:55.259492,2024-11-21T22:44:21.423835,CLOSED,CAS-CSE-07-0960,DB-SERVER-07,False
ALT-CSE-07-04654,CSE-07,MEDIUM,2024-10-07T14:40:21,2024-10-07T14:41:36.414668,2024-10-07T15:06:17.384067,CLOSED,,DB-SERVER-07,False
ALT-CSE-07-04655,CSE-07,LOW,2024-11-11T12:28:42,2024-11-11T12:30:05.636517,2024-11-11T12:50:13.811157,CLOSED,,WEB-SERVER-07,False
ALT-CSE-07-04656,CSE-07,LOW,2024-10-27T15:28:38,2024-10-27T15:29:23.298475,2024-10-27T15:44:03.792606,CLOSED,,DB-SERVER-07,False
ALT-CSE-07-04657,CSE-07,MEDIUM,2024-12-27T07:20:46,2024-12-27T07:22:31.497993,2024-12-27T07:45:31.386745,CLOSED,,FIREWALL-07,False
ALT-CSE-07-04658,CSE-07,MEDIUM,2024-11-24T01:05:37,2024-11-24T01:06:36.753445,2024-11-24T01:21:31.852065,CLOSED,,ENDPOINT-07,False
ALT-CSE-07-04659,CSE-07,HIGH,2024-10-28T18:54:59,2024-10-28T18:56:39.131679,2024-10-28T19:16:30.658797,CLOSED,,WEB-SERVER-07,False
ALT-CSE-07-04660,CSE-07,MEDIUM,2024-10-08T22:45:09,2024-10-08T22:47:06.311339,2024-10-08T23:03:39.974384,CLOSED,,DB-SERVER-07,False
ALT-CSE-07-04661,CSE-07,LOW,2024-10-23T08:17:24,2024-10-23T08:18:52.666640,2024-10-23T08:38:14.850831,CLOSED,,DB-SERVER-07,False
ALT-CSE-07-04662,CSE-07,MEDIUM,2024-11-16T14:32:19,2024-11-16T14:32:55.467720,2024-11-16T14:48:42.129488,CLOSED,,FIREWALL-07,False
ALT-CSE-07-04663,CSE-07,HIGH,2024-11-11T08:59:07,2024-11-11T09:00:14.369685,2024-11-11T09:14:02.814670,CLOSED,CAS-CSE-07-0961,DB-SERVER-07,False
ALT-CSE-07-04664,CSE-07,LOW,2024-11-08T01:28:34,2024-11-08T01:29:14.560649,2024-11-08T01:42:29.299767,CLOSED,CAS-CSE-07-0962,WEB-SERVER-07,False
ALT-CSE-07-04665,CSE-07,MEDIUM,2024-12-13T06:22:19,2024-12-13T06:23:28.877378,2024-12-13T06:48:25.145483,CLOSED,,FIREWALL-07,False
ALT-CSE-07-04666,CSE-07,LOW,2024-12-12T16:39:13,2024-12-12T16:40:05.285088,2024-12-12T17:00:47.235008,CLOSED,,WEB-SERVER-07,False
ALT-CSE-07-04667,CSE-07,MEDIUM,2024-10-04T08:57:24,2024-10-04T08:58:52.624756,2024-10-04T09:16:30.776509,CLOSED,,DB-SERVER-07,False
ALT-CSE-07-04668,CSE-07,HIGH,2024-10-03T17:56:54,2024-10-03T17:57:56.938112,2024-10-03T18:18:01.646405,CLOSED,,DB-SERVER-07,False
ALT-CSE-07-04669,CSE-07,LOW,2024-10-07T08:01:12,2024-10-07T08:02:27.029536,2024-10-07T08:13:49.743680,CLOSED,CAS-CSE-07-0963,DB-SERVER-07,False
ALT-CSE-07-04670,CSE-07,MEDIUM,2024-11-06T17:57:34,2024-11-06T17:58:57.416278,2024-11-06T18:13:39.413900,CLOSED,,WEB-SERVER-07,False
ALT-CSE-07-04671,CSE-07,LOW,2024-12-02T08:44:15,2024-12-02T08:45:38.238676,2024-12-02T09:11:27.008211,CLOSED,,DB-SERVER-07,False
ALT-CSE-07-04672,CSE-07,HIGH,2024-10-11T19:27:06,2024-10-11T19:27:44.039407,2024-10-11T19:44:27.039554,CLOSED,,DB-SERVER-07,False
ALT-CSE-07-04673,CSE-07,HIGH,2024-10-13T02:39:02,2024-10-13T02:39:47.832389,2024-10-13T03:04:55.109008,CLOSED,,FIREWALL-07,False
ALT-CSE-07-04674,CSE-07,MEDIUM,2024-12-16T04:09:56,2024-12-16T04:10:47.116040,2024-12-16T04:30:28.165561,CLOSED,,WEB-SERVER-07,False
ALT-CSE-07-04675,CSE-07,HIGH,2024-11-26T20:50:52,2024-11-26T20:52:24.630757,2024-11-26T21:09:57.914177,CLOSED,,WEB-SERVER-07,False
ALT-CSE-07-04676,CSE-07,HIGH,2024-12-07T17:15:28,2024-12-07T17:16:13.666495,2024-12-07T17:36:56.828995,CLOSED,,FIREWALL-07,False
ALT-CSE-07-04677,CSE-07,LOW,2024-10-25T23:00:13,2024-10-25T23:00:57.492198,2024-10-25T23:25:53.448667,CLOSED,,WEB-SERVER-07,False
ALT-CSE-07-04678,CSE-07,LOW,2024-11-02T19:54:26,2024-11-02T19:54:57.402833,2024-11-02T20:15:10.796021,CLOSED,,FIREWALL-07,False
ALT-CSE-07-04679,CSE-07,LOW,2024-11-30T20:57:04,2024-11-30T20:58:22.628298,2024-11-30T21:22:29.919810,CLOSED,,DB-SERVER-07,False
ALT-CSE-07-04680,CSE-07,HIGH,2024-12-04T03:52:01,2024-12-04T03:52:42.880844,2024-12-04T04:15:17.849004,CLOSED,,FIREWALL-07,False
ALT-CSE-07-04681,CSE-07,MEDIUM,2024-12-03T00:49:31,2024-12-03T00:51:07.516318,2024-12-03T01:10:38.253832,CLOSED,,FIREWALL-07,False
ALT-CSE-07-04682,CSE-07,HIGH,2024-10-16T05:35:41,2024-10-16T05:36:50.724026,2024-10-16T05:56:53.193271,CLOSED,,ENDPOINT-07,False
ALT-CSE-07-04683,CSE-07,HIGH,2024-10-09T19:17:50,2024-10-09T19:19:10.063099,2024-10-09T19:39:42.136223,CLOSED,,DB-SERVER-07,False
ALT-CSE-07-04684,CSE-07,HIGH,2024-10-03T20:13:17,2024-10-03T20:14:46.110493,2024-10-03T20:30:29.617770,CLOSED,,DB-SERVER-07,False
ALT-CSE-07-04685,CSE-07,HIGH,2024-11-10T21:47:03,2024-11-10T21:47:43.815721,2024-11-10T22:15:18.266677,CLOSED,,ENDPOINT-07,False
ALT-CSE-07-04686,CSE-07,LOW,2024-12-12T15:00:15,2024-12-12T15:01:56.907400,2024-12-12T15:19:22.931438,CLOSED,,FIREWALL-07,False
ALT-CSE-07-04687,CSE-07,MEDIUM,2024-10-13T00:57:35,2024-10-13T00:58:32.013520,2024-10-13T01:07:41.060349,CLOSED,,DB-SERVER-07,False
ALT-CSE-07-04688,CSE-07,LOW,2024-12-13T01:05:55,2024-12-13T01:07:35.834465,2024-12-13T01:23:11.009929,CLOSED,,WEB-SERVER-07,False
ALT-CSE-07-04689,CSE-07,HIGH,2024-12-18T01:31:48,2024-12-18T01:33:18.634981,2024-12-18T01:57:48.249991,CLOSED,,ENDPOINT-07,False
ALT-CSE-07-04690,CSE-07,LOW,2024-12-22T19:46:43,2024-12-22T19:47:42.628725,2024-12-22T20:08:37.707976,CLOSED,,ENDPOINT-07,False
ALT-CSE-07-04691,CSE-07,HIGH,2024-11-18T07:13:26,2024-11-18T07:14:14.620316,2024-11-18T07:40:00.658655,CLOSED,,WEB-SERVER-07,False
ALT-CSE-07-04692,CSE-07,LOW,2024-12-01T23:36:07,2024-12-01T23:37:13.324192,2024-12-01T23:50:48.407298,CLOSED,,WEB-SERVER-07,False
ALT-CSE-07-04693,CSE-07,MEDIUM,2024-10-07T22:38:44,2024-10-07T22:39:36.111530,2024-10-07T22:57:53.011116,CLOSED,,DB-SERVER-07,False
ALT-CSE-07-04694,CSE-07,MEDIUM,2024-12-24T14:37:38,2024-12-24T14:38:26.614977,2024-12-24T14:52:48.514934,CLOSED,,FIREWALL-07,False
ALT-CSE-07-04695,CSE-07,MEDIUM,2024-12-23T09:37:47,2024-12-23T09:38:50.686224,2024-12-23T10:03:43.730114,CLOSED,,FIREWALL-07,False
ALT-CSE-07-04696,CSE-07,MEDIUM,2024-10-28T10:42:55,2024-10-28T10:43:42.041517,2024-10-28T10:59:57.054341,CLOSED,,ENDPOINT-07,False
ALT-CSE-07-04697,CSE-07,MEDIUM,2024-10-04T22:33:01,2024-10-04T22:34:33.229223,2024-10-04T22:53:02.033885,CLOSED,,DB-SERVER-07,False
ALT-CSE-07-04698,CSE-07,HIGH,2024-11-07T22:12:57,2024-11-07T22:14:32.073027,2024-11-07T22:32:59.010755,CLOSED,,FIREWALL-07,False
ALT-CSE-07-04699,CSE-07,HIGH,2024-11-17T08:55:37,2024-11-17T08:56:16.488624,2024-11-17T09:14:26.903610,CLOSED,,ENDPOINT-07,False
ALT-CSE-07-04700,CSE-07,LOW,2024-10-22T20:09:37,2024-10-22T20:11:07.519423,2024-10-22T20:47:50.994315,CLOSED,,DB-SERVER-07,False
ALT-CSE-07-04701,CSE-07,LOW,2024-10-30T16:05:13,2024-10-30T16:05:50.318885,2024-10-30T16:19:03.771030,CLOSED,,FIREWALL-07,False
ALT-CSE-07-04702,CSE-07,LOW,2024-11-04T13:04:47,2024-11-04T13:05:39.388720,2024-11-04T13:17:36.613501,CLOSED,,ENDPOINT-07,False
ALT-CSE-07-04703,CSE-07,LOW,2024-11-01T23:27:57,2024-11-01T23:28:48.242059,2024-11-01T23:49:26.500677,CLOSED,,ENDPOINT-07,False
ALT-CSE-07-04704,CSE-07,HIGH,2024-11-29T05:59:36,2024-11-29T06:01:31.312906,2024-11-29T06:10:29.305941,CLOSED,,ENDPOINT-07,False
ALT-CSE-07-04705,CSE-07,HIGH,2024-10-27T11:03:28,2024-10-27T11:04:50.200795,2024-10-27T11:22:02.578554,CLOSED,CAS-CSE-07-0964,WEB-SERVER-07,False
ALT-CSE-07-04706,CSE-07,HIGH,2024-12-07T00:32:51,2024-12-07T00:34:49.351306,2024-12-07T00:49:29.152408,CLOSED,,DB-SERVER-07,False
ALT-CSE-07-04707,CSE-07,MEDIUM,2024-11-17T00:00:03,2024-11-17T00:01:00.412989,2024-11-17T00:24:42.238080,CLOSED,,WEB-SERVER-07,False
ALT-CSE-07-04708,CSE-07,LOW,2024-11-08T17:55:16,2024-11-08T17:56:32.296711,2024-11-08T18:11:24.564409,CLOSED,,ENDPOINT-07,False
ALT-CSE-07-04709,CSE-07,MEDIUM,2024-10-30T19:01:09,2024-10-30T19:03:02.608521,2024-10-30T19:18:02.250030,CLOSED,,ENDPOINT-07,False
ALT-CSE-07-04710,CSE-07,LOW,2024-11-14T01:53:07,2024-11-14T01:54:28.678611,2024-11-14T02:11:18.499217,CLOSED,CAS-CSE-07-0965,DB-SERVER-07,False
ALT-CSE-07-04711,CSE-07,LOW,2024-11-06T03:42:11,2024-11-06T03:43:43.811931,2024-11-06T04:06:57.170159,CLOSED,,DB-SERVER-07,False
ALT-CSE-07-04712,CSE-07,LOW,2024-11-05T02:38:22,2024-11-05T02:39:32.400270,2024-11-05T03:02:01.130789,CLOSED,,FIREWALL-07,False
ALT-CSE-07-04713,CSE-07,HIGH,2024-12-25T15:35:35,2024-12-25T15:36:37.176363,2024-12-25T16:00:36.651521,CLOSED,,DB-SERVER-07,False
ALT-CSE-07-04714,CSE-07,HIGH,2024-10-07T16:49:04,2024-10-07T16:50:06.469849,2024-10-07T17:15:43.005820,CLOSED,,DB-SERVER-07,False
ALT-CSE-07-04715,CSE-07,MEDIUM,2024-11-01T00:31:41,2024-11-01T00:32:46.506386,2024-11-01T00:46:37.776356,CLOSED,,ENDPOINT-07,False
ALT-CSE-07-04716,CSE-07,HIGH,2024-12-28T17:29:27,2024-12-28T17:30:00.993372,2024-12-28T17:43:26.267736,CLOSED,,WEB-SERVER-07,False
ALT-CSE-07-04717,CSE-07,MEDIUM,2024-11-08T21:14:56,2024-11-08T21:16:12.422128,2024-11-08T21:30:06.102082,CLOSED,,DB-SERVER-07,False
ALT-CSE-07-04718,CSE-07,LOW,2024-11-21T11:40:35,2024-11-21T11:41:16.334208,2024-11-21T11:54:28.795729,CLOSED,,ENDPOINT-07,False
ALT-CSE-07-04719,CSE-07,MEDIUM,2024-11-26T13:49:21,2024-11-26T13:50:25.744439,2024-11-26T14:20:12.091228,CLOSED,,WEB-SERVER-07,False
ALT-CSE-07-04720,CSE-07,HIGH,2024-11-27T19:16:32,2024-11-27T19:18:02.763332,2024-11-27T19:39:59.588352,CLOSED,,ENDPOINT-07,False
ALT-CSE-07-04721,CSE-07,HIGH,2024-11-01T01:05:25,2024-11-01T01:06:53.080106,2024-11-01T01:29:42.184548,CLOSED,CAS-CSE-07-0966,WEB-SERVER-07,False
ALT-CSE-07-04722,CSE-07,MEDIUM,2024-10-26T08:35:37,2024-10-26T08:37:08.063277,2024-10-26T08:59:48.771726,CLOSED,,WEB-SERVER-07,False
ALT-CSE-07-04723,CSE-07,LOW,2024-12-04T07:53:14,2024-12-04T07:54:49.769640,2024-12-04T08:02:51.975766,CLOSED,,ENDPOINT-07,False
ALT-CSE-07-04724,CSE-07,LOW,2024-12-12T14:05:35,2024-12-12T14:07:01.876616,2024-12-12T14:27:53.991105,CLOSED,,WEB-SERVER-07,False
ALT-CSE-07-04725,CSE-07,HIGH,2024-11-29T07:14:10,2024-11-29T07:14:54.286355,2024-11-29T07:40:06.273049,CLOSED,,ENDPOINT-07,False
ALT-CSE-07-04726,CSE-07,LOW,2024-11-01T08:59:23,2024-11-01T09:01:03.068750,2024-11-01T09:19:35.787546,CLOSED,,ENDPOINT-07,False
ALT-CSE-07-04727,CSE-07,MEDIUM,2024-11-29T15:38:25,2024-11-29T15:39:53.461803,2024-11-29T16:04:11.851392,CLOSED,,FIREWALL-07,False
ALT-CSE-07-04728,CSE-07,HIGH,2024-10-17T18:10:05,2024-10-17T18:11:10.331261,2024-10-17T18:29:16.119103,CLOSED,,ENDPOINT-07,False
ALT-CSE-07-04729,CSE-07,MEDIUM,2024-12-22T10:27:40,2024-12-22T10:28:27.515763,2024-12-22T10:44:32.732256,CLOSED,,DB-SERVER-07,False
ALT-CSE-07-04730,CSE-07,MEDIUM,2024-12-06T12:07:20,2024-12-06T12:07:57.235347,2024-12-06T12:28:01.294648,CLOSED,,DB-SERVER-07,False
ALT-CSE-07-04731,CSE-07,HIGH,2024-12-19T18:57:59,2024-12-19T18:58:52.439439,2024-12-19T19:22:11.404535,CLOSED,,FIREWALL-07,False
ALT-CSE-07-04732,CSE-07,MEDIUM,2024-10-26T07:13:10,2024-10-26T07:14:45.517415,2024-10-26T07:39:04.970188,CLOSED,,WEB-SERVER-07,False
ALT-CSE-07-04733,CSE-07,LOW,2024-11-16T01:22:15,2024-11-16T01:24:08.294362,2024-11-16T01:53:02.416410,CLOSED,,ENDPOINT-07,False
ALT-CSE-07-04734,CSE-07,HIGH,2024-12-08T14:40:33,2024-12-08T14:41:13.653365,2024-12-08T14:54:06.313442,CLOSED,,WEB-SERVER-07,False
ALT-CSE-07-04735,CSE-07,LOW,2024-12-29T07:01:24,2024-12-29T07:03:12.204241,2024-12-29T07:21:44.746354,CLOSED,,WEB-SERVER-07,False
ALT-CSE-07-04736,CSE-07,MEDIUM,2024-12-25T10:54:13,2024-12-25T10:55:06.829093,2024-12-25T11:09:36.803781,CLOSED,,FIREWALL-07,False
ALT-CSE-07-04737,CSE-07,HIGH,2024-11-25T21:13:44,2024-11-25T21:15:02.845960,2024-11-25T21:46:30.930158,CLOSED,,FIREWALL-07,False
ALT-CSE-07-04738,CSE-07,HIGH,2024-10-12T21:50:15,2024-10-12T21:52:08.099899,2024-10-12T22:03:49.849492,CLOSED,,ENDPOINT-07,False
ALT-CSE-07-04739,CSE-07,HIGH,2024-11-16T15:47:10,2024-11-16T15:48:50.764524,2024-11-16T16:12:46.912166,CLOSED,,DB-SERVER-07,False
ALT-CSE-07-04740,CSE-07,HIGH,2024-11-29T02:38:43,2024-11-29T02:40:36.881085,2024-11-29T02:59:42.406762,CLOSED,,ENDPOINT-07,False
ALT-CSE-07-04741,CSE-07,LOW,2024-11-05T09:11:21,2024-11-05T09:12:39.162446,2024-11-05T09:25:08.356193,CLOSED,,WEB-SERVER-07,False
ALT-CSE-07-04742,CSE-07,HIGH,2024-12-26T08:32:40,2024-12-26T08:33:21.616518,2024-12-26T08:47:56.407131,CLOSED,,ENDPOINT-07,False
ALT-CSE-07-04743,CSE-07,MEDIUM,2024-10-10T08:55:36,2024-10-10T08:56:52.980835,2024-10-10T09:14:32.086273,CLOSED,,FIREWALL-07,False
ALT-CSE-07-04744,CSE-07,MEDIUM,2024-12-09T09:13:59,2024-12-09T09:14:34.767247,2024-12-09T09:34:54.918062,CLOSED,,DB-SERVER-07,False
ALT-CSE-07-04745,CSE-07,LOW,2024-12-10T15:20:35,2024-12-10T15:22:08.126330,2024-12-10T15:35:15.889938,CLOSED,,DB-SERVER-07,False
ALT-CSE-07-04746,CSE-07,LOW,2024-12-04T00:29:07,2024-12-04T00:30:37.207247,2024-12-04T00:41:14.242257,CLOSED,,WEB-SERVER-07,False
ALT-CSE-07-04747,CSE-07,LOW,2024-12-02T20:08:16,2024-12-02T20:09:31.984559,2024-12-02T20:30:58.210650,CLOSED,,ENDPOINT-07,False
ALT-CSE-07-04748,CSE-07,LOW,2024-11-11T06:39:38,2024-11-11T06:40:32.748543,2024-11-11T07:05:21.704185,CLOSED,,FIREWALL-07,False
ALT-CSE-07-04749,CSE-07,MEDIUM,2024-11-29T10:59:39,2024-11-29T11:00:40.639325,2024-11-29T11:17:37.598916,CLOSED,,DB-SERVER-07,False
ALT-CSE-07-04750,CSE-07,MEDIUM,2024-12-11T04:15:35,2024-12-11T04:16:11.199594,2024-12-11T04:32:25.380857,CLOSED,,FIREWALL-07,False
ALT-CSE-07-04751,CSE-07,LOW,2024-12-18T11:21:11,2024-12-18T11:22:42.420863,2024-12-18T11:43:29.415421,CLOSED,,DB-SERVER-07,False
ALT-CSE-07-04752,CSE-07,HIGH,2024-11-16T02:10:49,2024-11-16T02:12:03.279699,2024-11-16T02:33:29.596686,CLOSED,,ENDPOINT-07,False
ALT-CSE-07-04753,CSE-07,HIGH,2024-10-15T18:30:43,2024-10-15T18:32:25.971060,2024-10-15T18:58:35.242184,CLOSED,CAS-CSE-07-0967,WEB-SERVER-07,False
ALT-CSE-07-04754,CSE-07,LOW,2024-10-30T17:33:02,2024-10-30T17:34:17.771523,2024-10-30T17:45:15.696638,CLOSED,,ENDPOINT-07,False
ALT-CSE-07-04755,CSE-07,MEDIUM,2024-11-05T13:31:11,2024-11-05T13:32:37.786384,2024-11-05T13:55:54.334359,CLOSED,,ENDPOINT-07,False
ALT-CSE-07-04756,CSE-07,HIGH,2024-12-07T23:32:02,2024-12-07T23:32:40.176937,2024-12-07T23:45:19.164594,CLOSED,,WEB-SERVER-07,False
ALT-CSE-07-04757,CSE-07,MEDIUM,2024-10-21T06:14:37,2024-10-21T06:15:33.999833,2024-10-21T06:34:06.395248,CLOSED,,DB-SERVER-07,False
ALT-CSE-07-04758,CSE-07,MEDIUM,2024-11-23T04:40:12,2024-11-23T04:41:32.779373,2024-11-23T05:03:40.280809,CLOSED,,FIREWALL-07,False
ALT-CSE-07-04759,CSE-07,LOW,2024-10-09T16:07:22,2024-10-09T16:08:43.504899,2024-10-09T16:23:26.861195,CLOSED,CAS-CSE-07-0968,DB-SERVER-07,False
ALT-CSE-07-04760,CSE-07,HIGH,2024-11-22T17:17:50,2024-11-22T17:19:35.931475,2024-11-22T17:32:14.418873,CLOSED,,DB-SERVER-07,False
ALT-CSE-07-04761,CSE-07,LOW,2024-11-13T14:42:56,2024-11-13T14:44:13.446573,2024-11-13T14:54:12.611199,CLOSED,,DB-SERVER-07,False
ALT-CSE-07-04762,CSE-07,MEDIUM,2024-10-06T16:43:34,2024-10-06T16:45:29.516381,2024-10-06T17:01:40.132741,CLOSED,,WEB-SERVER-07,False
ALT-CSE-07-04763,CSE-07,LOW,2024-11-29T16:03:26,2024-11-29T16:05:17.593540,2024-11-29T16:22:49.646099,CLOSED,,WEB-SERVER-07,False
ALT-CSE-07-04764,CSE-07,LOW,2024-10-26T08:03:01,2024-10-26T08:03:34.329133,2024-10-26T08:18:01.180038,CLOSED,,FIREWALL-07,False
ALT-CSE-07-04765,CSE-07,LOW,2024-10-31T12:17:28,2024-10-31T12:18:06.745702,2024-10-31T12:31:28.992165,CLOSED,,FIREWALL-07,False
ALT-CSE-07-04766,CSE-07,HIGH,2024-11-20T16:36:49,2024-11-20T16:37:38.751471,2024-11-20T16:49:11.175846,CLOSED,,WEB-SERVER-07,False
ALT-CSE-07-04767,CSE-07,LOW,2024-11-14T11:13:19,2024-11-14T11:15:01.991976,2024-11-14T11:29:01.171065,CLOSED,,FIREWALL-07,False
ALT-CSE-07-04768,CSE-07,HIGH,2024-11-08T23:19:03,2024-11-08T23:19:38.590681,2024-11-08T23:41:40.757488,CLOSED,,WEB-SERVER-07,False
ALT-CSE-07-04769,CSE-07,LOW,2024-12-04T16:00:57,2024-12-04T16:02:49.218311,2024-12-04T16:24:41.721004,CLOSED,CAS-CSE-07-0969,DB-SERVER-07,False
ALT-CSE-07-04770,CSE-07,HIGH,2024-11-27T00:30:41,2024-11-27T00:31:42.195142,2024-11-27T00:50:33.530991,CLOSED,,ENDPOINT-07,False
ALT-CSE-07-04771,CSE-07,MEDIUM,2024-11-02T13:20:29,2024-11-02T13:21:17.780377,2024-11-02T13:47:02.335720,CLOSED,,DB-SERVER-07,False
ALT-CSE-07-04772,CSE-07,HIGH,2024-10-17T03:47:04,2024-10-17T03:48:44.474417,2024-10-17T04:00:21.488493,CLOSED,,FIREWALL-07,False
ALT-CSE-07-04773,CSE-07,HIGH,2024-10-10T07:33:11,2024-10-10T07:33:51.079521,2024-10-10T07:53:52.816044,CLOSED,,DB-SERVER-07,False
ALT-CSE-07-04774,CSE-07,HIGH,2024-12-07T23:54:59,2024-12-07T23:56:13.053570,2024-12-08T00:11:42.041634,CLOSED,,ENDPOINT-07,False
ALT-CSE-07-04775,CSE-07,MEDIUM,2024-11-11T01:51:39,2024-11-11T01:52:50.565061,2024-11-11T02:13:10.157604,CLOSED,,ENDPOINT-07,False
ALT-CSE-07-04776,CSE-07,LOW,2024-10-27T06:05:56,2024-10-27T06:07:03.301030,2024-10-27T06:30:09.221712,CLOSED,,WEB-SERVER-07,False
ALT-CSE-07-04777,CSE-07,HIGH,2024-12-17T19:43:58,2024-12-17T19:44:46.668632,2024-12-17T20:03:58.057428,CLOSED,,FIREWALL-07,False
ALT-CSE-07-04778,CSE-07,HIGH,2024-11-13T15:51:41,2024-11-13T15:52:18.940077,2024-11-13T16:13:34.884067,CLOSED,,ENDPOINT-07,False
ALT-CSE-07-04779,CSE-07,HIGH,2024-11-02T12:53:09,2024-11-02T12:54:52.491014,2024-11-02T13:14:15.916128,CLOSED,,ENDPOINT-07,False
ALT-CSE-07-04780,CSE-07,HIGH,2024-12-03T21:12:26,2024-12-03T21:13:50.480644,2024-12-03T21:32:20.063507,CLOSED,,WEB-SERVER-07,False
ALT-CSE-07-04781,CSE-07,HIGH,2024-10-26T21:38:32,2024-10-26T21:39:39.275139,2024-10-26T21:56:54.448750,CLOSED,,DB-SERVER-07,False
ALT-CSE-07-04782,CSE-07,HIGH,2024-11-11T03:32:13,2024-11-11T03:34:09.004854,2024-11-11T03:52:22.100831,CLOSED,,DB-SERVER-07,False
ALT-CSE-07-04783,CSE-07,LOW,2024-11-25T20:34:28,2024-11-25T20:36:01.464254,2024-11-25T20:57:41.595071,CLOSED,,ENDPOINT-07,False
ALT-CSE-07-04784,CSE-07,LOW,2024-10-31T15:22:51,2024-10-31T15:24:14.907673,2024-10-31T15:40:51.181353,CLOSED,,FIREWALL-07,False
ALT-CSE-07-04785,CSE-07,LOW,2024-12-01T16:13:03,2024-12-01T16:14:02.934240,2024-12-01T16:24:34.773031,CLOSED,,DB-SERVER-07,False
ALT-CSE-07-04786,CSE-07,MEDIUM,2024-11-13T19:53:25,2024-11-13T19:54:18.136574,2024-11-13T20:12:42.184945,CLOSED,,FIREWALL-07,False
ALT-CSE-07-04787,CSE-07,HIGH,2024-11-28T04:09:56,2024-11-28T04:11:37.762608,2024-11-28T04:20:52.281898,CLOSED,,WEB-SERVER-07,False
ALT-CSE-07-04788,CSE-07,MEDIUM,2024-11-15T09:57:38,2024-11-15T09:59:12.366810,2024-11-15T10:22:09.798826,CLOSED,,DB-SERVER-07,False
ALT-CSE-07-04789,CSE-07,LOW,2024-11-10T07:00:52,2024-11-10T07:02:34.348871,2024-11-10T07:19:18.746141,CLOSED,,FIREWALL-07,False
ALT-CSE-07-04790,CSE-07,MEDIUM,2024-11-01T21:14:37,2024-11-01T21:15:10.784257,2024-11-01T21:22:53.680370,CLOSED,,FIREWALL-07,False
ALT-CSE-07-04791,CSE-07,LOW,2024-10-16T08:56:28,2024-10-16T08:58:09.191508,2024-10-16T09:19:15.076109,CLOSED,,ENDPOINT-07,False
ALT-CSE-07-04792,CSE-07,LOW,2024-11-29T04:55:39,2024-11-29T04:56:24.922903,2024-11-29T05:05:52.839207,CLOSED,,FIREWALL-07,False
ALT-CSE-07-04793,CSE-07,MEDIUM,2024-11-08T09:40:25,2024-11-08T09:42:13.413987,2024-11-08T10:02:16.524091,CLOSED,,WEB-SERVER-07,False
ALT-CSE-07-04794,CSE-07,HIGH,2024-12-15T06:31:14,2024-12-15T06:32:00.758048,2024-12-15T06:50:58.893308,CLOSED,,WEB-SERVER-07,False
ALT-CSE-07-04795,CSE-07,MEDIUM,2024-11-05T00:40:24,2024-11-05T00:41:35.437515,2024-11-05T00:53:08.394419,CLOSED,,DB-SERVER-07,False
ALT-CSE-07-04796,CSE-07,MEDIUM,2024-12-10T01:32:53,2024-12-10T01:34:06.732920,2024-12-10T02:00:54.419009,CLOSED,,DB-SERVER-07,False
ALT-CSE-07-04797,CSE-07,MEDIUM,2024-12-23T07:50:42,2024-12-23T07:52:06.085851,2024-12-23T08:11:48.063369,CLOSED,,DB-SERVER-07,False
ALT-CSE-07-04798,CSE-07,LOW,2024-12-25T10:33:32,2024-12-25T10:34:04.264775,2024-12-25T10:44:30.712805,CLOSED,,DB-SERVER-07,False
ALT-CSE-07-04799,CSE-07,MEDIUM,2024-11-29T01:55:48,2024-11-29T01:57:29.244867,2024-11-29T02:17:13.140375,CLOSED,,DB-SERVER-07,False
