alert_id,cse_id,severity,created_at,acknowledged_at,closed_at,status,case_id,asset_id,escalated
ALT-CSE-02-00000,CSE-02,LOW,2024-11-04T21:10:55,2024-11-04T21:29:09.875367,2024-11-04T21:36:00.811362,CLOSED,,SUBSTATION-GW-02,False
ALT-CSE-02-00001,CSE-02,CRITICAL,2024-10-03T00:03:03,2024-10-03T00:05:22.627603,2024-10-03T01:01:47.088887,CLOSED,,ENERGY-EMS-SRV,False
ALT-CSE-02-00002,CSE-02,MEDIUM,2024-11-09T03:46:16,2024-11-09T03:56:25.711995,2024-11-09T04:49:51.600421,CLOSED,,SCADA-RTU-01,False
ALT-CSE-02-00003,CSE-02,MEDIUM,2024-11-25T12:14:39,2024-11-25T12:30:28.567384,2024-11-25T13:16:34.699712,CLOSED,,ENERGY-EMS-SRV,False
ALT-CSE-02-00004,CSE-02,CRITICAL,2024-12-17T12:13:23,2024-12-17T12:15:25.862121,2024-12-17T13:16:03.615733,CLOSED,,SCADA-RTU-01,False
ALT-CSE-02-00005,CSE-02,HIGH,2024-12-13T02:32:38,2024-12-13T02:47:58.693123,2024-12-13T03:07:31.845659,CLOSED,,GRID-MONITOR-03,False
ALT-CSE-02-00006,CSE-02,HIGH,2024-11-14T08:17:45,2024-11-14T08:33:06.537723,2024-11-14T09:20:34.691848,CLOSED,,CORP-FW-02,False
ALT-CSE-02-00007,CSE-02,MEDIUM,2024-12-11T20:21:15,2024-12-11T20:36:08.669733,2024-12-11T20:49:09.444746,CLOSED,CAS-CSE-02-0001,ENERGY-EMS-SRV,False
ALT-CSE-02-00008,CSE-02,MEDIUM,2024-12-21T19:30:20,2024-12-21T19:49:27.031268,2024-12-21T20:56:36.930719,CLOSED,,CORP-FW-02,False
ALT-CSE-02-00009,CSE-02,HIGH,2024-10-26T01:12:51,2024-10-26T01:21:50.588505,2024-10-26T01:40:29.458795,CLOSED,CAS-CSE-02-0002,CORP-FW-02,False
ALT-CSE-02-00010,CSE-02,HIGH,2024-10-22T06:34:55,2024-10-22T06:41:23.964467,2024-10-22T07:07:38.088728,CLOSED,,SUBSTATION-GW-02,False
ALT-CSE-02-00011,CSE-02,LOW,2024-10-09T00:11:48,2024-10-09T00:30:31.934648,2024-10-09T01:10:49.226353,CLOSED,,SCADA-RTU-01,False
ALT-CSE-02-00012,CSE-02,MEDIUM,2024-11-23T21:56:00,2024-11-23T22:09:37.422718,2024-11-23T23:06:07.781237,CLOSED,,SUBSTATION-GW-02,False
ALT-CSE-02-00013,CSE-02,MEDIUM,2024-12-18T03:27:00,2024-12-18T03:34:33.769593,2024-12-18T04:55:13.835769,CLOSED,,ENERGY-EMS-SRV,False
ALT-CSE-02-00014,CSE-02,LOW,2024-12-04T12:56:05,2024-12-04T12:58:18.001354,2024-12-04T13:44:40.773455,CLOSED,,SUBSTATION-GW-02,False
ALT-CSE-02-00015,CSE-02,HIGH,2024-11-09T21:58:09,2024-11-09T22:00:41.369033,2024-11-09T22:44:03.441397,CLOSED,,CORP-FW-02,False
ALT-CSE-02-00016,CSE-02,MEDIUM,2024-10-28T12:19:53,2024-10-28T12:32:21.565039,2024-10-28T13:30:38.809176,CLOSED,,GRID-MONITOR-03,False
ALT-CSE-02-00017,CSE-02,HIGH,2024-12-09T12:39:59,2024-12-09T12:42:56.961996,2024-12-09T13:08:47.384738,CLOSED,,SCADA-RTU-01,False
ALT-CSE-02-00018,CSE-02,LOW,2024-12-08T13:53:29,2024-12-08T14:09:20.590304,2024-12-08T15:17:38.974366,CLOSED,,SUBSTATION-GW-02,False
ALT-CSE-02-00019,CSE-02,LOW,2024-12-03T08:42:38,2024-12-03T08:48:38.291583,2024-12-03T09:36:40.279601,CLOSED,,ENERGY-EMS-SRV,False
ALT-CSE-02-00020,CSE-02,LOW,2024-10-15T11:52:30,2024-10-15T12:11:47.850206,2024-10-15T12:42:55.219964,CLOSED,,ENERGY-EMS-SRV,False
ALT-CSE-02-00021,CSE-02,MEDIUM,2024-10-07T19:10:35,2024-10-07T19:21:31.631113,2024-10-07T20:20:21.425980,CLOSED,,GRID-MONITOR-03,False
ALT-CSE-02-00022,CSE-02,HIGH,2024-12-28T14:50:40,2024-12-28T14:59:07.191886,2024-12-28T16:18:46.662146,CLOSED,,SUBSTATION-GW-02,False
ALT-CSE-02-00023,CSE-02,LOW,2024-10-22T13:55:29,2024-10-22T14:03:40.996075,2024-10-22T14:50:01.291816,CLOSED,CAS-CSE-02-0003,SCADA-RTU-01,True
ALT-CSE-02-00024,CSE-02,LOW,2024-11-24T08:55:35,2024-11-24T09:14:41.451187,2024-11-24T09:56:26.475827,CLOSED,,CORP-FW-02,False
ALT-CSE-02-00025,CSE-02,CRITICAL,2024-11-10T15:34:42,2024-11-10T15:53:35.329560,2024-11-10T16:40:32.532973,CLOSED,,ENERGY-EMS-SRV,False
ALT-CSE-02-00026,CSE-02,HIGH,2024-10-02T17:42:27,2024-10-02T17:49:36.813871,2024-10-02T19:03:45.482512,CLOSED,,SCADA-RTU-01,False
ALT-CSE-02-00027,CSE-02,CRITICAL,2024-11-28T09:51:52,2024-11-28T09:56:58.724485,2024-11-28T10:20:27.987448,CLOSED,,SCADA-RTU-01,False
ALT-CSE-02-00028,CSE-02,CRITICAL,2024-10-13T09:45:53,2024-10-13T09:57:59.482208,2024-10-13T10:44:50.249206,CLOSED,,SCADA-RTU-01,False
ALT-CSE-02-00029,CSE-02,CRITICAL,2024-12-25T08:10:07,2024-12-25T08:25:32.288619,2024-12-25T08:46:32.546038,CLOSED,,SUBSTATION-GW-02,False
ALT-CSE-02-00030,CSE-02,MEDIUM,2024-12-29T19:56:33,2024-12-29T20:09:50.318438,2024-12-29T20:26:00.710747,CLOSED,,SCADA-RTU-01,False
ALT-CSE-02-00031,CSE-02,MEDIUM,2024-10-26T16:18:39,2024-10-26T16:37:41.224208,2024-10-26T17:30:08.787494,CLOSED,CAS-CSE-02-0004,ENERGY-EMS-SRV,False
ALT-CSE-02-00032,CSE-02,HIGH,2024-12-19T02:50:49,2024-12-19T03:06:42.656181,2024-12-19T04:03:18.001362,CLOSED,,ENERGY-EMS-SRV,False
ALT-CSE-02-00033,CSE-02,HIGH,2024-12-10T10:19:07,2024-12-10T10:21:56.683778,2024-12-10T11:41:00.745113,CLOSED,,SUBSTATION-GW-02,False
ALT-CSE-02-00034,CSE-02,LOW,2024-11-10T16:15:07,2024-11-10T16:34:53.581809,2024-11-10T17:35:30.307903,CLOSED,,SCADA-RTU-01,False
ALT-CSE-02-00035,CSE-02,CRITICAL,2024-10-09T13:19:01,2024-10-09T13:27:00.527997,2024-10-09T13:44:27.689951,CLOSED,,SUBSTATION-GW-02,False
ALT-CSE-02-00036,CSE-02,LOW,2024-10-31T00:19:10,2024-10-31T00:30:01.163539,2024-10-31T00:53:50.712980,CLOSED,,CORP-FW-02,False
ALT-CSE-02-00037,CSE-02,LOW,2024-10-09T01:34:36,2024-10-09T01:45:26.462558,2024-10-09T02:26:14.346010,CLOSED,,ENERGY-EMS-SRV,False
ALT-CSE-02-00038,CSE-02,MEDIUM,2024-12-12T18:21:09,2024-12-12T18:35:22.740057,2024-12-12T19:39:50.595617,CLOSED,,SUBSTATION-GW-02,False
ALT-CSE-02-00039,CSE-02,HIGH,2024-10-01T08:50:20,2024-10-01T09:01:30.138979,2024-10-01T10:10:24.485647,CLOSED,,GRID-MONITOR-03,False
ALT-CSE-02-00040,CSE-02,LOW,2024-12-07T20:17:55,2024-12-07T20:34:00.825405,2024-12-07T21:44:50.543822,CLOSED,,ENERGY-EMS-SRV,False
ALT-CSE-02-00041,CSE-02,LOW,2024-12-29T23:07:45,2024-12-29T23:20:56.113253,2024-12-30T00:01:28.526197,CLOSED,,CORP-FW-02,False
ALT-CSE-02-00042,CSE-02,HIGH,2024-12-23T03:13:43,2024-12-23T03:30:54.853918,2024-12-23T04:30:04.416957,CLOSED,,GRID-MONITOR-03,False
ALT-CSE-02-00043,CSE-02,LOW,2024-12-04T07:29:02,2024-12-04T07:33:54.415187,2024-12-04T07:57:56.349151,CLOSED,,SCADA-RTU-01,False
ALT-CSE-02-00044,CSE-02,CRITICAL,2024-10-11T13:38:45,2024-10-11T13:55:15.778496,2024-10-11T14:23:27.901457,CLOSED,,ENERGY-EMS-SRV,False
ALT-CSE-02-00045,CSE-02,LOW,2024-10-13T04:33:43,2024-10-13T04:39:57.116959,2024-10-13T05:54:52.968222,CLOSED,,ENERGY-EMS-SRV,False
ALT-CSE-02-00046,CSE-02,CRITICAL,2024-12-10T11:50:17,2024-12-10T11:59:49.818231,2024-12-10T13:03:18.790737,CLOSED,,SUBSTATION-GW-02,False
ALT-CSE-02-00047,CSE-02,LOW,2024-10-15T15:25:35,2024-10-15T15:29:08.831101,2024-10-15T16:41:58.456632,CLOSED,,ENERGY-EMS-SRV,False
ALT-CSE-02-00048,CSE-02,MEDIUM,2024-12-12T22:26:45,2024-12-12T22:35:09.782754,2024-12-12T23:14:56.977097,CLOSED,,SUBSTATION-GW-02,False
ALT-CSE-02-00049,CSE-02,CRITICAL,2024-11-08T19:17:50,2024-11-08T19:31:42.718795,2024-11-08T20:00:48.007880,CLOSED,,SCADA-RTU-01,False
ALT-CSE-02-00050,CSE-02,MEDIUM,2024-10-10T19:31:21,2024-10-10T19:45:25.227065,2024-10-10T20:36:09.590536,CLOSED,,CORP-FW-02,False
ALT-CSE-02-00051,CSE-02,MEDIUM,2024-11-21T13:46:38,2024-11-21T13:51:16.491858,2024-11-21T14:27:49.402769,CLOSED,,GRID-MONITOR-03,False
ALT-CSE-02-00052,CSE-02,HIGH,2024-10-22T21:05:50,2024-10-22T21:13:54.352228,2024-10-22T22:08:58.361493,CLOSED,,CORP-FW-02,False
ALT-CSE-02-00053,CSE-02,LOW,2024-12-10T07:04:43,2024-12-10T07:07:52.954708,2024-12-10T08:03:18.587048,CLOSED,,GRID-MONITOR-03,False
ALT-CSE-02-00054,CSE-02,MEDIUM,2024-11-09T08:04:19,2024-11-09T08:13:36.563736,2024-11-09T09:25:37.068239,CLOSED,CAS-CSE-02-0005,SCADA-RTU-01,False
ALT-CSE-02-00055,CSE-02,CRITICAL,2024-10-16T15:09:07,2024-10-16T15:25:47.391740,2024-10-16T15:58:14.172854,CLOSED,,ENERGY-EMS-SRV,False
ALT-CSE-02-00056,CSE-02,CRITICAL,2024-12-10T12:11:09,2024-12-10T12:16:30.407157,2024-12-10T13:32:15.440430,CLOSED,,GRID-MONITOR-03,False
ALT-CSE-02-00057,CSE-02,CRITICAL,2024-11-29T08:26:02,2024-11-29T08:41:25.492113,2024-11-29T09:25:20.781083,CLOSED,CAS-CSE-02-0006,SUBSTATION-GW-02,False
ALT-CSE-02-00058,CSE-02,CRITICAL,2024-12-10T20:58:42,2024-12-10T21:12:15.208832,2024-12-10T21:56:32.421951,CLOSED,CAS-CSE-02-0007,SCADA-RTU-01,True
ALT-CSE-02-00059,CSE-02,LOW,2024-10-20T13:51:56,2024-10-20T13:55:49.437338,2024-10-20T14:45:58.215064,CLOSED,,CORP-FW-02,False
ALT-CSE-02-00060,CSE-02,MEDIUM,2024-10-05T19:20:24,2024-10-05T19:23:50.596457,2024-10-05T20:37:53.592147,CLOSED,,SCADA-RTU-01,False
ALT-CSE-02-00061,CSE-02,HIGH,2024-12-29T05:23:13,2024-12-29T05:42:04.729724,2024-12-29T06:41:04.836408,CLOSED,,GRID-MONITOR-03,False
ALT-CSE-02-00062,CSE-02,MEDIUM,2024-11-27T06:05:11,2024-11-27T06:21:59.446523,2024-11-27T07:19:42.517590,CLOSED,,SCADA-RTU-01,False
ALT-CSE-02-00063,CSE-02,MEDIUM,2024-10-11T04:34:47,2024-10-11T04:52:42.396191,2024-10-11T05:49:01.914552,CLOSED,,SUBSTATION-GW-02,False
ALT-CSE-02-00064,CSE-02,MEDIUM,2024-11-04T10:41:38,2024-11-04T10:55:56.442341,2024-11-04T11:46:43.672154,CLOSED,,SCADA-RTU-01,False
ALT-CSE-02-00065,CSE-02,MEDIUM,2024-10-26T02:02:48,2024-10-26T02:06:34.403950,2024-10-26T03:09:55.255283,CLOSED,,GRID-MONITOR-03,False
ALT-CSE-02-00066,CSE-02,LOW,2024-11-01T21:49:32,2024-11-01T22:07:08.722558,2024-11-01T23:14:24.931548,CLOSED,,SCADA-RTU-01,False
ALT-CSE-02-00067,CSE-02,HIGH,2024-11-12T11:33:51,2024-11-12T11:41:58.984206,2024-11-12T12:20:48.018836,CLOSED,,SCADA-RTU-01,False
ALT-CSE-02-00068,CSE-02,CRITICAL,2024-12-29T13:52:10,2024-12-29T13:57:09.785205,2024-12-29T14:51:31.089660,CLOSED,,GRID-MONITOR-03,False
ALT-CSE-02-00069,CSE-02,MEDIUM,2024-10-01T08:04:10,2024-10-01T08:14:39.407763,2024-10-01T09:19:49.619531,CLOSED,,SCADA-RTU-01,False
ALT-CSE-02-00070,CSE-02,MEDIUM,2024-11-15T10:23:54,2024-11-15T10:27:54.907201,2024-11-15T11:15:54.456890,CLOSED,,CORP-FW-02,False
ALT-CSE-02-00071,CSE-02,MEDIUM,2024-10-11T18:48:27,2024-10-11T19:04:28.533014,2024-10-11T19:43:59.928456,CLOSED,,SUBSTATION-GW-02,False
ALT-CSE-02-00072,CSE-02,LOW,2024-12-05T17:09:56,2024-12-05T17:22:39.379643,2024-12-05T18:24:12.855525,CLOSED,,GRID-MONITOR-03,False
ALT-CSE-02-00073,CSE-02,HIGH,2024-11-17T14:44:17,2024-11-17T15:00:13.885448,2024-11-17T15:44:05.347947,CLOSED,,SUBSTATION-GW-02,False
ALT-CSE-02-00074,CSE-02,CRITICAL,2024-12-25T06:36:10,2024-12-25T06:45:42.763350,2024-12-25T07:57:16.835524,CLOSED,,SCADA-RTU-01,False
ALT-CSE-02-00075,CSE-02,CRITICAL,2024-10-28T20:16:58,2024-10-28T20:28:48.792273,2024-10-28T21:25:45.572014,CLOSED,,ENERGY-EMS-SRV,False
ALT-CSE-02-00076,CSE-02,MEDIUM,2024-11-15T04:44:42,2024-11-15T05:02:18.502110,2024-11-15T05:42:13.955061,CLOSED,CAS-CSE-02-0008,ENERGY-EMS-SRV,False
ALT-CSE-02-00077,CSE-02,CRITICAL,2024-12-14T13:38:42,2024-12-14T13:43:07.749716,2024-12-14T15:00:39.721951,CLOSED,,SUBSTATION-GW-02,False
ALT-CSE-02-00078,CSE-02,LOW,2024-10-12T19:12:45,2024-10-12T19:21:46.959317,2024-10-12T19:40:13.400615,CLOSED,,CORP-FW-02,False
ALT-CSE-02-00079,CSE-02,MEDIUM,2024-11-07T03:07:07,2024-11-07T03:19:02.604915,2024-11-07T04:27:09.972142,CLOSED,,GRID-MONITOR-03,False
ALT-CSE-02-00080,CSE-02,CRITICAL,2024-12-17T18:06:31,2024-12-17T18:16:28.882732,2024-12-17T19:15:53.292441,CLOSED,CAS-CSE-02-0009,SUBSTATION-GW-02,False
ALT-CSE-02-00081,CSE-02,MEDIUM,2024-12-28T18:41:04,2024-12-28T18:59:50.039366,2024-12-28T19:51:22.227686,CLOSED,,SUBSTATION-GW-02,False
ALT-CSE-02-00082,CSE-02,CRITICAL,2024-10-06T07:58:11,2024-10-06T08:13:25.663870,2024-10-06T09:17:42.045297,CLOSED,,SUBSTATION-GW-02,False
ALT-CSE-02-00083,CSE-02,HIGH,2024-10-01T10:16:49,2024-10-01T10:27:27.770141,2024-10-01T10:42:26.620127,CLOSED,,SCADA-RTU-01,False
ALT-CSE-02-00084,CSE-02,LOW,2024-12-18T23:17:23,2024-12-18T23:31:03.679953,2024-12-19T00:32:13.690637,CLOSED,,SUBSTATION-GW-02,False
ALT-CSE-02-00085,CSE-02,HIGH,2024-10-21T13:43:09,2024-10-21T13:57:48.041578,2024-10-21T14:53:18.868764,CLOSED,,SUBSTATION-GW-02,False
ALT-CSE-02-00086,CSE-02,MEDIUM,2024-10-29T00:23:23,2024-10-29T00:35:08.175654,2024-10-29T01:07:25.056242,CLOSED,,SCADA-RTU-01,False
ALT-CSE-02-00087,CSE-02,CRITICAL,2024-12-28T15:09:08,2024-12-28T15:13:03.707880,2024-12-28T16:01:45.836896,CLOSED,,SCADA-RTU-01,False
ALT-CSE-02-00088,CSE-02,LOW,2024-10-31T17:14:55,2024-10-31T17:32:21.803786,2024-10-31T17:42:57.717807,CLOSED,,SCADA-RTU-01,False
ALT-CSE-02-00089,CSE-02,HIGH,2024-12-09T21:00:40,2024-12-09T21:09:13.906685,2024-12-09T22:18:09.416741,CLOSED,,GRID-MONITOR-03,False
ALT-CSE-02-00090,CSE-02,MEDIUM,2024-11-09T06:02:25,2024-11-09T06:17:14.948347,2024-11-09T06:43:20.765318,CLOSED,,CORP-FW-02,False
ALT-CSE-02-00091,CSE-02,LOW,2024-10-23T14:09:58,2024-10-23T14:17:32.646848,2024-10-23T14:40:51.789369,CLOSED,CAS-CSE-02-0010,ENERGY-EMS-SRV,True
ALT-CSE-02-00092,CSE-02,LOW,2024-11-10T20:05:41,2024-11-10T20:12:21.342811,2024-11-10T21:35:16.137883,CLOSED,,CORP-FW-02,False
ALT-CSE-02-00093,CSE-02,MEDIUM,2024-12-23T01:30:44,2024-12-23T01:49:59.888705,2024-12-23T02:16:32.223465,CLOSED,,ENERGY-EMS-SRV,False
ALT-CSE-02-00094,CSE-02,HIGH,2024-12-14T06:23:20,2024-12-14T06:41:47.545614,2024-12-14T06:55:33.551648,CLOSED,,SCADA-RTU-01,False
ALT-CSE-02-00095,CSE-02,LOW,2024-12-28T02:52:42,2024-12-28T03:03:34.093636,2024-12-28T04:10:10.002012,CLOSED,,CORP-FW-02,False
ALT-CSE-02-00096,CSE-02,HIGH,2024-11-24T15:23:21,2024-11-24T15:34:18.570583,2024-11-24T15:54:45.003265,CLOSED,,SUBSTATION-GW-02,False
ALT-CSE-02-00097,CSE-02,HIGH,2024-12-02T02:07:26,2024-12-02T02:10:15.263605,2024-12-02T03:16:04.641731,CLOSED,,SUBSTATION-GW-02,False
ALT-CSE-02-00098,CSE-02,HIGH,2024-11-07T05:16:32,2024-11-07T05:18:52.369643,2024-11-07T06:00:44.979631,CLOSED,,ENERGY-EMS-SRV,False
ALT-CSE-02-00099,CSE-02,MEDIUM,2024-11-11T01:18:55,2024-11-11T01:34:50.017241,2024-11-11T02:14:22.398892,CLOSED,,SCADA-RTU-01,False
ALT-CSE-02-00100,CSE-02,HIGH,2024-10-03T15:39:07,2024-10-03T15:49:24.547969,2024-10-03T16:08:05.469912,CLOSED,,SCADA-RTU-01,False
ALT-CSE-02-00101,CSE-02,HIGH,2024-12-18T04:58:18,2024-12-18T05:05:02.660397,2024-12-18T06:05:42.120967,CLOSED,,SUBSTATION-GW-02,False
ALT-CSE-02-00102,CSE-02,HIGH,2024-12-10T03:55:12,2024-12-10T03:58:18.097547,2024-12-10T04:26:33.040242,CLOSED,,SUBSTATION-GW-02,False
ALT-CSE-02-00103,CSE-02,MEDIUM,2024-12-15T08:56:56,2024-12-15T09:02:16.569388,2024-12-15T09:50:40.971924,CLOSED,,ENERGY-EMS-SRV,False
ALT-CSE-02-00104,CSE-02,MEDIUM,2024-11-01T11:42:53,2024-11-01T11:57:35.132052,2024-11-01T12:51:32.703872,CLOSED,,SUBSTATION-GW-02,False
ALT-CSE-02-00105,CSE-02,MEDIUM,2024-11-02T06:23:12,2024-11-02T06:29:52.324979,2024-11-02T07:37:03.789096,CLOSED,,GRID-MONITOR-03,False
ALT-CSE-02-00106,CSE-02,LOW,2024-12-26T18:00:45,2024-12-26T18:10:51.937710,2024-12-26T19:01:49.502077,CLOSED,,SCADA-RTU-01,False
ALT-CSE-02-00107,CSE-02,HIGH,2024-11-11T14:44:07,2024-11-11T14:50:37.725405,2024-11-11T15:09:47.113828,CLOSED,,GRID-MONITOR-03,False
ALT-CSE-02-00108,CSE-02,MEDIUM,2024-10-14T23:07:03,2024-10-14T23:17:39.493581,2024-10-14T23:36:26.631412,CLOSED,,SUBSTATION-GW-02,False
ALT-CSE-02-00109,CSE-02,LOW,2024-10-21T05:14:52,2024-10-21T05:29:56.759465,2024-10-21T06:42:42.891017,CLOSED,,GRID-MONITOR-03,False
ALT-CSE-02-00110,CSE-02,MEDIUM,2024-11-04T18:30:50,2024-11-04T18:43:42.041421,2024-11-04T19:09:59.763623,CLOSED,,CORP-FW-02,False
ALT-CSE-02-00111,CSE-02,LOW,2024-11-28T23:18:05,2024-11-28T23:21:01.287680,2024-11-29T00:41:19.091278,CLOSED,,ENERGY-EMS-SRV,False
ALT-CSE-02-00112,CSE-02,MEDIUM,2024-11-20T19:24:48,2024-11-20T19:44:41.140004,2024-11-20T20:28:14.154938,CLOSED,,SCADA-RTU-01,False
ALT-CSE-02-00113,CSE-02,MEDIUM,2024-12-15T17:55:57,2024-12-15T18:04:37.157619,2024-12-15T18:36:14.736450,CLOSED,CAS-CSE-02-0011,CORP-FW-02,False
ALT-CSE-02-00114,CSE-02,LOW,2024-11-28T15:23:06,2024-11-28T15:38:59.763083,2024-11-28T16:18:55.634936,CLOSED,,SCADA-RTU-01,False
ALT-CSE-02-00115,CSE-02,LOW,2024-11-01T18:49:54,2024-11-01T19:02:37.875686,2024-11-01T19:44:06.550933,CLOSED,,SCADA-RTU-01,False
ALT-CSE-02-00116,CSE-02,HIGH,2024-12-06T04:44:09,2024-12-06T04:57:57.736632,2024-12-06T05:30:03.509218,CLOSED,,GRID-MONITOR-03,False
ALT-CSE-02-00117,CSE-02,MEDIUM,2024-12-25T14:49:35,2024-12-25T14:59:55.443268,2024-12-25T16:00:46.651779,CLOSED,,SUBSTATION-GW-02,False
ALT-CSE-02-00118,CSE-02,HIGH,2024-10-08T11:21:48,2024-10-08T11:34:21.632256,2024-10-08T12:42:52.354555,CLOSED,,CORP-FW-02,False
ALT-CSE-02-00119,CSE-02,HIGH,2024-12-22T01:10:29,2024-12-22T01:15:44.401889,2024-12-22T01:49:08.225774,CLOSED,,SUBSTATION-GW-02,False
ALT-CSE-02-00120,CSE-02,HIGH,2024-10-21T00:34:43,2024-10-21T00:39:57.683370,2024-10-21T01:45:37.049581,CLOSED,,SUBSTATION-GW-02,False
ALT-CSE-02-00121,CSE-02,HIGH,2024-10-11T07:58:09,2024-10-11T08:13:51.502866,2024-10-11T09:17:29.074787,CLOSED,,GRID-MONITOR-03,False
ALT-CSE-02-00122,CSE-02,HIGH,2024-10-12T17:13:57,2024-10-12T17:33:23.208966,2024-10-12T17:45:52.771022,CLOSED,,ENERGY-EMS-SRV,False
ALT-CSE-02-00123,CSE-02,CRITICAL,2024-12-25T17:38:03,2024-12-25T17:49:49.650959,2024-12-25T18:10:27.678173,CLOSED,,CORP-FW-02,False
ALT-CSE-02-00124,CSE-02,HIGH,2024-11-23T17:39:10,2024-11-23T17:45:21.304073,2024-11-23T18:28:31.707904,CLOSED,,GRID-MONITOR-03,False
ALT-CSE-02-00125,CSE-02,LOW,2024-10-01T18:19:24,2024-10-01T18:25:07.916770,2024-10-01T19:40:04.263781,CLOSED,,SCADA-RTU-01,False
ALT-CSE-02-00126,CSE-02,LOW,2024-12-12T12:21:01,2024-12-12T12:30:27.265365,2024-12-12T13:48:29.216299,CLOSED,,CORP-FW-02,False
ALT-CSE-02-00127,CSE-02,CRITICAL,2024-12-26T10:58:36,2024-12-26T11:05:23.432359,2024-12-26T12:07:42.572230,CLOSED,,SCADA-RTU-01,False
ALT-CSE-02-00128,CSE-02,CRITICAL,2024-11-23T01:07:40,2024-11-23T01:10:07.295148,2024-11-23T01:37:18.666152,CLOSED,,SCADA-RTU-01,False
ALT-CSE-02-00129,CSE-02,LOW,2024-12-18T06:38:12,2024-12-18T06:58:09.615568,2024-12-18T07:29:12.242242,CLOSED,,SCADA-RTU-01,False
ALT-CSE-02-00130,CSE-02,LOW,2024-12-06T12:45:01,2024-12-06T12:47:12.642737,2024-12-06T13:12:09.302708,CLOSED,,SUBSTATION-GW-02,False
ALT-CSE-02-00131,CSE-02,CRITICAL,2024-12-21T01:59:44,2024-12-21T02:09:59.545050,2024-12-21T02:41:13.840211,CLOSED,,CORP-FW-02,False
ALT-CSE-02-00132,CSE-02,HIGH,2024-10-11T23:37:03,2024-10-11T23:54:35.067540,2024-10-12T00:30:41.221394,CLOSED,,GRID-MONITOR-03,False
ALT-CSE-02-00133,CSE-02,HIGH,2024-10-24T11:07:21,2024-10-24T11:25:50.150173,2024-10-24T11:32:41.784561,CLOSED,,CORP-FW-02,False
ALT-CSE-02-00134,CSE-02,CRITICAL,2024-11-08T14:42:17,2024-11-08T14:57:53.730649,2024-11-08T15:28:24.875933,CLOSED,CAS-CSE-02-0012,CORP-FW-02,False
ALT-CSE-02-00135,CSE-02,LOW,2024-11-23T09:41:24,2024-11-23T09:49:15.053989,2024-11-23T10:51:49.635192,CLOSED,,CORP-FW-02,False
ALT-CSE-02-00136,CSE-02,HIGH,2024-11-14T20:34:42,2024-11-14T20:49:18.771483,2024-11-14T22:04:08.095280,CLOSED,,CORP-FW-02,False
ALT-CSE-02-00137,CSE-02,LOW,2024-10-16T12:58:45,2024-10-16T13:16:51.392293,2024-10-16T13:31:24.704484,CLOSED,,ENERGY-EMS-SRV,False
ALT-CSE-02-00138,CSE-02,MEDIUM,2024-10-29T23:28:27,2024-10-29T23:47:59.935426,2024-10-30T00:30:03.527753,CLOSED,,SUBSTATION-GW-02,False
ALT-CSE-02-00139,CSE-02,LOW,2024-12-09T18:17:15,2024-12-09T18:26:48.363805,2024-12-09T19:07:56.018123,CLOSED,,SUBSTATION-GW-02,False
ALT-CSE-02-00140,CSE-02,HIGH,2024-10-17T03:17:03,2024-10-17T03:29:00.201948,2024-10-17T04:01:47.517357,CLOSED,,CORP-FW-02,False
ALT-CSE-02-00141,CSE-02,HIGH,2024-11-30T12:41:38,2024-11-30T12:57:06.832053,2024-11-30T13:44:44.898099,CLOSED,CAS-CSE-02-0013,CORP-FW-02,False
ALT-CSE-02-00142,CSE-02,HIGH,2024-12-19T05:34:05,2024-12-19T05:36:08.012355,2024-12-19T06:47:42.916376,CLOSED,,GRID-MONITOR-03,False
ALT-CSE-02-00143,CSE-02,LOW,2024-10-03T02:33:56,2024-10-03T02:38:59.217852,2024-10-03T03:34:23.997130,CLOSED,,SCADA-RTU-01,False
ALT-CSE-02-00144,CSE-02,MEDIUM,2024-12-21T18:56:42,2024-12-21T19:13:53.997782,2024-12-21T20:00:22.585251,CLOSED,,SCADA-RTU-01,False
ALT-CSE-02-00145,CSE-02,LOW,2024-12-15T09:40:40,2024-12-15T09:57:31.301944,2024-12-15T10:25:07.243003,CLOSED,,CORP-FW-02,False
ALT-CSE-02-00146,CSE-02,CRITICAL,2024-10-26T03:37:32,2024-10-26T03:49:17.591011,2024-10-26T05:01:56.091981,CLOSED,,SUBSTATION-GW-02,False
ALT-CSE-02-00147,CSE-02,LOW,2024-11-03T20:03:15,2024-11-03T20:22:28.687889,2024-11-03T20:44:19.338140,CLOSED,,SUBSTATION-GW-02,False
ALT-CSE-02-00148,CSE-02,HIGH,2024-10-07T12:40:13,2024-10-07T12:42:56.995965,2024-10-07T13:57:50.391236,CLOSED,,ENERGY-EMS-SRV,False
ALT-CSE-02-00149,CSE-02,HIGH,2024-10-06T18:21:51,2024-10-06T18:25:53.603870,2024-10-06T19:44:21.471328,CLOSED,,ENERGY-EMS-SRV,False
ALT-CSE-02-00150,CSE-02,HIGH,2024-12-17T07:18:52,2024-12-17T07:33:47.346595,2024-12-17T08:42:12.102248,CLOSED,,GRID-MONITOR-03,False
ALT-CSE-02-00151,CSE-02,MEDIUM,2024-12-18T22:47:55,2024-12-18T22:59:53.734719,2024-12-18T23:49:20.022339,CLOSED,,SUBSTATION-GW-02,False
ALT-CSE-02-00152,CSE-02,MEDIUM,2024-12-13T07:24:03,2024-12-13T07:40:00.826027,2024-12-13T08:01:34.717614,CLOSED,,SUBSTATION-GW-02,False
ALT-CSE-02-00153,CSE-02,HIGH,2024-10-16T20:18:36,2024-10-16T20:31:15.463137,2024-10-16T20:52:11.824528,CLOSED,,SCADA-RTU-01,False
ALT-CSE-02-00154,CSE-02,HIGH,2024-12-12T11:45:11,2024-12-12T12:00:30.652436,2024-12-12T13:15:10.302761,CLOSED,,SUBSTATION-GW-02,False
ALT-CSE-02-00155,CSE-02,LOW,2024-12-16T13:42:40,2024-12-16T13:49:31.023050,2024-12-16T14:25:13.869060,CLOSED,,CORP-FW-02,False
ALT-CSE-02-00156,CSE-02,CRITICAL,2024-12-15T17:42:29,2024-12-15T17:50:29.006945,2024-12-15T18:46:22.932570,CLOSED,,CORP-FW-02,False
ALT-CSE-02-00157,CSE-02,MEDIUM,2024-10-14T00:00:11,2024-10-14T00:19:18.489153,2024-10-14T00:32:50.827144,CLOSED,,GRID-MONITOR-03,False
ALT-CSE-02-00158,CSE-02,HIGH,2024-10-08T07:21:15,2024-10-08T07:31:54.611887,2024-10-08T08:06:20.061024,CLOSED,,SUBSTATION-GW-02,False
ALT-CSE-02-00159,CSE-02,CRITICAL,2024-10-02T10:41:25,2024-10-02T10:50:19.645244,2024-10-02T11:45:06.660478,CLOSED,,SCADA-RTU-01,False
ALT-CSE-02-00160,CSE-02,MEDIUM,2024-12-27T13:04:59,2024-12-27T13:15:02.987657,2024-12-27T14:10:25.323065,CLOSED,,CORP-FW-02,False
ALT-CSE-02-00161,CSE-02,CRITICAL,2024-11-08T09:38:09,2024-11-08T09:48:11.045634,2024-11-08T10:48:50.663459,CLOSED,,ENERGY-EMS-SRV,False
ALT-CSE-02-00162,CSE-02,HIGH,2024-11-08T21:53:25,2024-11-08T21:57:43.357543,2024-11-08T22:45:56.853577,CLOSED,,GRID-MONITOR-03,False
ALT-CSE-02-00163,CSE-02,HIGH,2024-12-04T20:02:22,2024-12-04T20:19:43.290803,2024-12-04T21:08:17.265725,CLOSED,,GRID-MONITOR-03,False
ALT-CSE-02-00164,CSE-02,CRITICAL,2024-12-27T22:26:54,2024-12-27T22:31:27.216378,2024-12-27T22:53:33.078876,CLOSED,,SCADA-RTU-01,False
ALT-CSE-02-00165,CSE-02,HIGH,2024-12-14T09:57:49,2024-12-14T10:03:55.854119,2024-12-14T10:23:06.586926,CLOSED,,CORP-FW-02,False
ALT-CSE-02-00166,CSE-02,LOW,2024-10-31T14:56:49,2024-10-31T15:14:33.524719,2024-10-31T15:39:23.880252,CLOSED,,SCADA-RTU-01,False
ALT-CSE-02-00167,CSE-02,CRITICAL,2024-12-07T02:20:26,2024-12-07T02:26:34.693440,2024-12-07T03:07:00.273095,CLOSED,CAS-CSE-02-0014,SUBSTATION-GW-02,True
ALT-CSE-02-00168,CSE-02,CRITICAL,2024-12-02T02:57:07,2024-12-02T03:01:00.472861,2024-12-02T03:37:34.274857,CLOSED,,CORP-FW-02,False
ALT-CSE-02-00169,CSE-02,LOW,2024-11-17T02:23:55,2024-11-17T02:42:25.711429,2024-11-17T03:18:52.882392,CLOSED,,GRID-MONITOR-03,False
ALT-CSE-02-00170,CSE-02,MEDIUM,2024-10-13T07:34:53,2024-10-13T07:43:37.310675,2024-10-13T08:48:03.871088,CLOSED,,SUBSTATION-GW-02,False
ALT-CSE-02-00171,CSE-02,LOW,2024-11-18T17:05:18,2024-11-18T17:17:06.876687,2024-11-18T18:16:19.964334,CLOSED,,ENERGY-EMS-SRV,False
ALT-CSE-02-00172,CSE-02,MEDIUM,2024-11-22T09:35:36,2024-11-22T09:51:50.514280,2024-11-22T10:38:59.732971,CLOSED,,SCADA-RTU-01,False
ALT-CSE-02-00173,CSE-02,HIGH,2024-11-22T16:39:22,2024-11-22T16:50:03.750721,2024-11-22T17:07:03.644644,CLOSED,,GRID-MONITOR-03,False
ALT-CSE-02-00174,CSE-02,LOW,2024-10-20T06:00:45,2024-10-20T06:20:03.573809,2024-10-20T07:22:59.447685,CLOSED,,CORP-FW-02,False
ALT-CSE-02-00175,CSE-02,MEDIUM,2024-11-24T04:40:37,2024-11-24T04:50:21.398248,2024-11-24T05:11:48.572509,CLOSED,,SCADA-RTU-01,False
ALT-CSE-02-00176,CSE-02,CRITICAL,2024-11-15T08:49:04,2024-11-15T09:03:57.724579,2024-11-15T09:57:19.497459,CLOSED,,ENERGY-EMS-SRV,False
ALT-CSE-02-00177,CSE-02,CRITICAL,2024-11-20T11:08:27,2024-11-20T11:16:27.227019,2024-11-20T12:06:10.479107,CLOSED,,CORP-FW-02,False
ALT-CSE-02-00178,CSE-02,MEDIUM,2024-12-20T12:58:25,2024-12-20T13:13:42.922701,2024-12-20T13:34:35.005335,CLOSED,,GRID-MONITOR-03,False
ALT-CSE-02-00179,CSE-02,MEDIUM,2024-11-16T09:24:54,2024-11-16T09:29:19.773737,2024-11-16T10:41:09.290830,CLOSED,CAS-CSE-02-0015,GRID-MONITOR-03,False
ALT-CSE-02-00180,CSE-02,CRITICAL,2024-11-26T17:59:10,2024-11-26T18:15:11.232131,2024-11-26T18:47:43.409126,CLOSED,,ENERGY-EMS-SRV,False
ALT-CSE-02-00181,CSE-02,MEDIUM,2024-10-08T18:46:12,2024-10-08T19:02:20.594452,2024-10-08T19:36:39.981451,CLOSED,,SUBSTATION-GW-02,False
ALT-CSE-02-00182,CSE-02,CRITICAL,2024-11-04T00:24:18,2024-11-04T00:26:27.312673,2024-11-04T00:56:12.529234,CLOSED,,GRID-MONITOR-03,False
ALT-CSE-02-00183,CSE-02,CRITICAL,2024-12-25T17:21:34,2024-12-25T17:41:21.965636,2024-12-25T18:15:38.166306,CLOSED,,SUBSTATION-GW-02,False
ALT-CSE-02-00184,CSE-02,MEDIUM,2024-10-25T11:05:26,2024-10-25T11:23:17.276837,2024-10-25T12:12:25.864414,CLOSED,,SUBSTATION-GW-02,False
ALT-CSE-02-00185,CSE-02,MEDIUM,2024-10-24T20:29:05,2024-10-24T20:47:40.822772,2024-10-24T20:59:45.039099,CLOSED,,SUBSTATION-GW-02,False
ALT-CSE-02-00186,CSE-02,MEDIUM,2024-12-16T12:18:54,2024-12-16T12:21:08.520312,2024-12-16T13:29:32.446048,CLOSED,,SUBSTATION-GW-02,False
ALT-CSE-02-00187,CSE-02,LOW,2024-11-13T01:09:34,2024-11-13T01:12:16.938050,2024-11-13T02:01:12.646429,CLOSED,CAS-CSE-02-0016,SCADA-RTU-01,False
ALT-CSE-02-00188,CSE-02,LOW,2024-11-05T01:54:18,2024-11-05T02:04:02.733260,2024-11-05T02:31:19.935028,CLOSED,,ENERGY-EMS-SRV,False
ALT-CSE-02-00189,CSE-02,MEDIUM,2024-10-02T19:43:15,2024-10-02T19:58:09.550562,2024-10-02T20:48:11.640607,CLOSED,,SCADA-RTU-01,False
ALT-CSE-02-00190,CSE-02,MEDIUM,2024-10-24T20:18:48,2024-10-24T20:27:28.394382,2024-10-24T20:56:51.089570,CLOSED,,SUBSTATION-GW-02,False
ALT-CSE-02-00191,CSE-02,CRITICAL,2024-12-21T04:50:45,2024-12-21T05:01:05.774786,2024-12-21T05:21:23.689641,CLOSED,,GRID-MONITOR-03,False
ALT-CSE-02-00192,CSE-02,LOW,2024-12-07T11:03:58,2024-12-07T11:06:48.519061,2024-12-07T12:31:41.853118,CLOSED,,SUBSTATION-GW-02,False
ALT-CSE-02-00193,CSE-02,HIGH,2024-12-03T23:45:28,2024-12-03T23:48:08.253616,2024-12-04T00:36:27.899580,CLOSED,,GRID-MONITOR-03,False
ALT-CSE-02-00194,CSE-02,LOW,2024-10-06T07:54:35,2024-10-06T08:05:06.921753,2024-10-06T08:47:55.113131,CLOSED,,ENERGY-EMS-SRV,False
ALT-CSE-02-00195,CSE-02,HIGH,2024-11-21T01:01:12,2024-11-21T01:16:02.286483,2024-11-21T01:49:12.555464,CLOSED,CAS-CSE-02-0017,SUBSTATION-GW-02,False
ALT-CSE-02-00196,CSE-02,CRITICAL,2024-11-11T03:11:51,2024-11-11T03:15:28.342256,2024-11-11T04:30:33.033190,CLOSED,,SUBSTATION-GW-02,False
ALT-CSE-02-00197,CSE-02,MEDIUM,2024-10-20T23:03:00,2024-10-20T23:22:41.681893,2024-10-21T00:25:35.630313,CLOSED,,SCADA-RTU-01,False
ALT-CSE-02-00198,CSE-02,CRITICAL,2024-12-16T22:48:30,2024-12-16T23:01:36.595614,2024-12-16T23:31:54.145729,CLOSED,,GRID-MONITOR-03,False
ALT-CSE-02-00199,CSE-02,HIGH,2024-10-20T10:08:57,2024-10-20T10:23:49.649481,2024-10-20T10:59:14.448692,CLOSED,,ENERGY-EMS-SRV,False
ALT-CSE-02-00200,CSE-02,CRITICAL,2024-12-12T16:59:01,2024-12-12T17:04:33.357589,2024-12-12T17:35:37.840750,CLOSED,,GRID-MONITOR-03,False
ALT-CSE-02-00201,CSE-02,MEDIUM,2024-11-16T06:34:44,2024-11-16T06:53:51.103698,2024-11-16T07:57:51.752849,CLOSED,,GRID-MONITOR-03,False
ALT-CSE-02-00202,CSE-02,LOW,2024-10-21T05:40:22,2024-10-21T05:56:35.242238,2024-10-21T06:44:39.180151,CLOSED,,SCADA-RTU-01,False
ALT-CSE-02-00203,CSE-02,LOW,2024-12-25T10:32:50,2024-12-25T10:42:32.852229,2024-12-25T11:02:20.899611,CLOSED,,ENERGY-EMS-SRV,False
ALT-CSE-02-00204,CSE-02,CRITICAL,2024-11-23T10:42:32,2024-11-23T10:52:28.690724,2024-11-23T12:12:24.221082,CLOSED,,GRID-MONITOR-03,False
ALT-CSE-02-00205,CSE-02,MEDIUM,2024-11-24T19:41:15,2024-11-24T19:46:38.888487,2024-11-24T20:25:44.140960,CLOSED,,SUBSTATION-GW-02,False
ALT-CSE-02-00206,CSE-02,HIGH,2024-10-22T06:45:21,2024-10-22T06:55:21.920033,2024-10-22T07:27:40.773953,CLOSED,,GRID-MONITOR-03,False
ALT-CSE-02-00207,CSE-02,CRITICAL,2024-10-27T02:02:32,2024-10-27T02:10:44.978491,2024-10-27T03:18:17.528700,CLOSED,,CORP-FW-02,False
ALT-CSE-02-00208,CSE-02,LOW,2024-11-25T14:15:12,2024-11-25T14:21:47.970697,2024-11-25T15:17:16.063170,CLOSED,,SUBSTATION-GW-02,False
ALT-CSE-02-00209,CSE-02,HIGH,2024-10-29T11:43:21,2024-10-29T11:59:15.527741,2024-10-29T12:32:22.920185,CLOSED,,SUBSTATION-GW-02,False
ALT-CSE-02-00210,CSE-02,HIGH,2024-11-25T03:06:59,2024-11-25T03:09:43.779433,2024-11-25T04:16:43.036198,CLOSED,,CORP-FW-02,False
ALT-CSE-02-00211,CSE-02,HIGH,2024-12-08T13:19:37,2024-12-08T13:26:24.518047,2024-12-08T14:27:03.064129,CLOSED,,SCADA-RTU-01,False
ALT-CSE-02-00212,CSE-02,MEDIUM,2024-10-23T01:15:59,2024-10-23T01:26:59.928596,2024-10-23T02:02:54.143018,CLOSED,,GRID-MONITOR-03,False
ALT-CSE-02-00213,CSE-02,MEDIUM,2024-10-27T00:17:29,2024-10-27T00:22:37.331564,2024-10-27T01:07:53.177842,CLOSED,,ENERGY-EMS-SRV,False
ALT-CSE-02-00214,CSE-02,MEDIUM,2024-11-28T14:02:15,2024-11-28T14:04:32.283719,2024-11-28T15:19:07.524340,CLOSED,,SUBSTATION-GW-02,False
ALT-CSE-02-00215,CSE-02,HIGH,2024-10-08T12:56:37,2024-10-08T13:03:19.798262,2024-10-08T13:49:23.630102,CLOSED,,GRID-MONITOR-03,False
ALT-CSE-02-00216,CSE-02,MEDIUM,2024-10-29T12:08:15,2024-10-29T12:14:14.899302,2024-10-29T13:06:05.236436,CLOSED,,ENERGY-EMS-SRV,False
ALT-CSE-02-00217,CSE-02,HIGH,2024-11-14T08:58:19,2024-11-14T09:01:14.327685,2024-11-14T10:10:37.191637,CLOSED,,GRID-MONITOR-03,False
ALT-CSE-02-00218,CSE-02,LOW,2024-12-23T02:56:55,2024-12-23T03:05:14.514923,2024-12-23T03:48:55.987364,CLOSED,,GRID-MONITOR-03,False
ALT-CSE-02-00219,CSE-02,CRITICAL,2024-12-25T03:10:59,2024-12-25T03:19:57.715401,2024-12-25T03:51:10.976200,CLOSED,,SCADA-RTU-01,False
ALT-CSE-02-00220,CSE-02,HIGH,2024-10-29T19:54:28,2024-10-29T20:12:20.849490,2024-10-29T20:25:07.798890,CLOSED,,CORP-FW-02,False
ALT-CSE-02-00221,CSE-02,MEDIUM,2024-11-25T11:07:00,2024-11-25T11:09:36.242716,2024-11-25T11:35:53.260826,CLOSED,,SUBSTATION-GW-02,False
ALT-CSE-02-00222,CSE-02,MEDIUM,2024-10-11T16:18:37,2024-10-11T16:20:48.980412,2024-10-11T17:17:13.390453,CLOSED,,GRID-MONITOR-03,False
ALT-CSE-02-00223,CSE-02,MEDIUM,2024-12-21T07:48:52,2024-12-21T08:00:59.067392,2024-12-21T08:15:11.692084,CLOSED,,ENERGY-EMS-SRV,False
ALT-CSE-02-00224,CSE-02,HIGH,2024-12-25T15:54:49,2024-12-25T16:04:31.677048,2024-12-25T16:41:45.097615,CLOSED,,SUBSTATION-GW-02,False
ALT-CSE-02-00225,CSE-02,HIGH,2024-12-28T19:44:51,2024-12-28T19:54:29.790242,2024-12-28T20:42:56.864604,CLOSED,,GRID-MONITOR-03,False
ALT-CSE-02-00226,CSE-02,HIGH,2024-11-12T17:20:52,2024-11-12T17:34:51.141657,2024-11-12T17:47:18.787360,CLOSED,,SCADA-RTU-01,False
ALT-CSE-02-00227,CSE-02,MEDIUM,2024-10-14T04:03:45,2024-10-14T04:09:02.679304,2024-10-14T04:40:40.299085,CLOSED,,GRID-MONITOR-03,False
ALT-CSE-02-00228,CSE-02,LOW,2024-12-02T08:50:15,2024-12-02T08:57:18.706031,2024-12-02T09:20:32.000824,CLOSED,CAS-CSE-02-0018,CORP-FW-02,False
ALT-CSE-02-00229,CSE-02,HIGH,2024-10-22T04:02:48,2024-10-22T04:13:50.571869,2024-10-22T04:49:13.012496,CLOSED,,SCADA-RTU-01,False
ALT-CSE-02-00230,CSE-02,HIGH,2024-12-12T22:57:30,2024-12-12T23:03:11.665895,2024-12-12T23:49:27.369152,CLOSED,,SUBSTATION-GW-02,False
ALT-CSE-02-00231,CSE-02,MEDIUM,2024-12-07T08:12:14,2024-12-07T08:25:21.350730,2024-12-07T09:32:20.487288,CLOSED,,GRID-MONITOR-03,False
ALT-CSE-02-00232,CSE-02,CRITICAL,2024-12-21T22:16:37,2024-12-21T22:24:17.105617,2024-12-21T23:46:14.601807,CLOSED,,SCADA-RTU-01,False
ALT-CSE-02-00233,CSE-02,LOW,2024-12-01T19:51:10,2024-12-01T19:58:36.897978,2024-12-01T20:25:08.396360,CLOSED,,GRID-MONITOR-03,False
ALT-CSE-02-00234,CSE-02,CRITICAL,2024-12-02T21:44:37,2024-12-02T22:02:01.963404,2024-12-02T22:37:05.091036,CLOSED,,SCADA-RTU-01,False
ALT-CSE-02-00235,CSE-02,MEDIUM,2024-11-08T23:29:57,2024-11-08T23:44:14.417507,2024-11-09T00:23:43.849451,CLOSED,,SUBSTATION-GW-02,False
ALT-CSE-02-00236,CSE-02,CRITICAL,2024-10-06T22:35:17,2024-10-06T22:51:00.539529,2024-10-06T23:26:25.654664,CLOSED,,SCADA-RTU-01,False
ALT-CSE-02-00237,CSE-02,HIGH,2024-12-18T14:28:07,2024-12-18T14:40:33.633926,2024-12-18T15:04:38.514271,CLOSED,,CORP-FW-02,False
ALT-CSE-02-00238,CSE-02,CRITICAL,2024-11-25T00:23:27,2024-11-25T00:40:08.713178,2024-11-25T01:48:55.906044,CLOSED,,CORP-FW-02,False
ALT-CSE-02-00239,CSE-02,CRITICAL,2024-12-08T04:46:32,2024-12-08T04:54:20.686815,2024-12-08T06:08:57.920177,CLOSED,,SUBSTATION-GW-02,False
ALT-CSE-02-00240,CSE-02,HIGH,2024-11-14T10:08:53,2024-11-14T10:24:09.540752,2024-11-14T11:33:49.014407,CLOSED,,ENERGY-EMS-SRV,False
ALT-CSE-02-00241,CSE-02,MEDIUM,2024-10-17T15:53:36,2024-10-17T16:02:53.643151,2024-10-17T16:37:34.553234,CLOSED,,CORP-FW-02,False
ALT-CSE-02-00242,CSE-02,MEDIUM,2024-12-04T13:15:21,2024-12-04T13:21:34.170906,2024-12-04T14:37:49.678679,CLOSED,,SUBSTATION-GW-02,False
ALT-CSE-02-00243,CSE-02,LOW,2024-10-30T08:50:43,2024-10-30T09:05:05.054909,2024-10-30T09:57:17.961281,CLOSED,,SCADA-RTU-01,False
ALT-CSE-02-00244,CSE-02,HIGH,2024-12-15T06:05:04,2024-12-15T06:17:14.827261,2024-12-15T07:33:39.739612,CLOSED,,GRID-MONITOR-03,False
ALT-CSE-02-00245,CSE-02,MEDIUM,2024-10-07T03:59:15,2024-10-07T04:12:21.284645,2024-10-07T05:17:31.151510,CLOSED,,SCADA-RTU-01,False
ALT-CSE-02-00246,CSE-02,HIGH,2024-11-28T23:00:50,2024-11-28T23:12:22.942096,2024-11-29T00:28:08.501032,CLOSED,,CORP-FW-02,False
ALT-CSE-02-00247,CSE-02,LOW,2024-12-12T02:08:54,2024-12-12T02:24:51.835675,2024-12-12T03:16:42.886918,CLOSED,,SCADA-RTU-01,False
ALT-CSE-02-00248,CSE-02,MEDIUM,2024-12-16T00:04:46,2024-12-16T00:22:27.290486,2024-12-16T01:13:51.348699,CLOSED,,GRID-MONITOR-03,False
ALT-CSE-02-00249,CSE-02,MEDIUM,2024-10-11T20:09:14,2024-10-11T20:18:41.428106,2024-10-11T21:06:51.791963,CLOSED,,GRID-MONITOR-03,False
ALT-CSE-02-00250,CSE-02,MEDIUM,2024-12-02T05:23:21,2024-12-02T05:30:13.765651,2024-12-02T06:02:45.996597,CLOSED,,CORP-FW-02,False
ALT-CSE-02-00251,CSE-02,MEDIUM,2024-12-13T08:41:16,2024-12-13T08:56:55.313350,2024-12-13T10:06:08.440452,CLOSED,,ENERGY-EMS-SRV,False
ALT-CSE-02-00252,CSE-02,LOW,2024-11-26T09:38:19,2024-11-26T09:56:53.688716,2024-11-26T10:46:05.862131,CLOSED,,CORP-FW-02,False
ALT-CSE-02-00253,CSE-02,CRITICAL,2024-10-01T03:25:53,2024-10-01T03:31:28.690208,2024-10-01T04:20:03.196374,CLOSED,CAS-CSE-02-0019,SUBSTATION-GW-02,False
ALT-CSE-02-00254,CSE-02,HIGH,2024-10-29T23:11:29,2024-10-29T23:14:14.933788,2024-10-30T00:33:40.358457,CLOSED,,CORP-FW-02,False
ALT-CSE-02-00255,CSE-02,MEDIUM,2024-10-04T01:16:23,2024-10-04T01:27:41.987897,2024-10-04T02:39:46.191379,CLOSED,,SCADA-RTU-01,False
ALT-CSE-02-00256,CSE-02,HIGH,2024-11-09T00:59:12,2024-11-09T01:03:54.240452,2024-11-09T01:34:57.857168,CLOSED,,CORP-FW-02,False
ALT-CSE-02-00257,CSE-02,CRITICAL,2024-12-24T11:31:25,2024-12-24T11:47:17.025753,2024-12-24T12:50:33.401956,CLOSED,,ENERGY-EMS-SRV,False
ALT-CSE-02-00258,CSE-02,MEDIUM,2024-10-03T22:20:58,2024-10-03T22:34:51.354440,2024-10-03T22:47:13.038161,CLOSED,,CORP-FW-02,False
ALT-CSE-02-00259,CSE-02,MEDIUM,2024-11-02T21:38:43,2024-11-02T21:57:50.522228,2024-11-02T22:15:40.017800,CLOSED,,ENERGY-EMS-SRV,False
ALT-CSE-02-00260,CSE-02,CRITICAL,2024-11-10T16:13:13,2024-11-10T16:24:56.023850,2024-11-10T17:05:42.631163,CLOSED,,SCADA-RTU-01,False
ALT-CSE-02-00261,CSE-02,MEDIUM,2024-12-25T21:10:12,2024-12-25T21:28:17.893955,2024-12-25T22:31:00.460292,CLOSED,,GRID-MONITOR-03,False
ALT-CSE-02-00262,CSE-02,HIGH,2024-10-13T20:35:17,2024-10-13T20:37:33.800469,2024-10-13T21:02:26.065090,CLOSED,,SCADA-RTU-01,False
ALT-CSE-02-00263,CSE-02,HIGH,2024-10-12T15:43:46,2024-10-12T15:53:58.792636,2024-10-12T16:50:04.850253,CLOSED,,GRID-MONITOR-03,False
ALT-CSE-02-00264,CSE-02,CRITICAL,2024-12-27T12:18:33,2024-12-27T12:36:25.952210,2024-12-27T13:01:47.383028,CLOSED,,CORP-FW-02,False
ALT-CSE-02-00265,CSE-02,HIGH,2024-12-03T04:50:54,2024-12-03T04:56:12.590857,2024-12-03T05:32:21.018879,CLOSED,,GRID-MONITOR-03,False
ALT-CSE-02-00266,CSE-02,LOW,2024-10-08T21:15:47,2024-10-08T21:20:59.934122,2024-10-08T22:28:36.560330,CLOSED,,SUBSTATION-GW-02,False
ALT-CSE-02-00267,CSE-02,HIGH,2024-12-03T20:23:15,2024-12-03T20:41:02.057703,2024-12-03T21:02:13.303541,CLOSED,,CORP-FW-02,False
ALT-CSE-02-00268,CSE-02,CRITICAL,2024-12-29T21:48:52,2024-12-29T21:53:40.706910,2024-12-29T22:28:21.032703,CLOSED,,SCADA-RTU-01,False
ALT-CSE-02-00269,CSE-02,CRITICAL,2024-12-28T07:13:29,2024-12-28T07:20:16.560939,2024-12-28T08:07:49.261800,CLOSED,,SCADA-RTU-01,False
ALT-CSE-02-00270,CSE-02,HIGH,2024-11-06T13:49:37,2024-11-06T14:03:17.947216,2024-11-06T14:43:47.551315,CLOSED,,ENERGY-EMS-SRV,False
ALT-CSE-02-00271,CSE-02,HIGH,2024-10-31T21:33:53,2024-10-31T21:38:16.594223,2024-10-31T22:48:35.934952,CLOSED,,SCADA-RTU-01,False
ALT-CSE-02-00272,CSE-02,HIGH,2024-10-22T14:00:36,2024-10-22T14:15:10.273300,2024-10-22T14:53:13.165663,CLOSED,,SCADA-RTU-01,False
ALT-CSE-02-00273,CSE-02,MEDIUM,2024-12-19T03:26:35,2024-12-19T03:36:29.784661,2024-12-19T04:15:27.145264,CLOSED,,SCADA-RTU-01,False
ALT-CSE-02-00274,CSE-02,LOW,2024-12-24T19:52:40,2024-12-24T20:01:52.116440,2024-12-24T21:03:16.576899,CLOSED,,CORP-FW-02,False
ALT-CSE-02-00275,CSE-02,MEDIUM,2024-10-12T12:57:20,2024-10-12T13:05:40.460426,2024-10-12T14:08:55.713496,CLOSED,,GRID-MONITOR-03,False
ALT-CSE-02-00276,CSE-02,HIGH,2024-11-05T20:51:16,2024-11-05T20:58:14.560850,2024-11-05T22:02:33.970748,CLOSED,,SUBSTATION-GW-02,False
ALT-CSE-02-00277,CSE-02,LOW,2024-10-23T09:51:07,2024-10-23T10:00:49.118532,2024-10-23T10:40:53.522001,CLOSED,,CORP-FW-02,False
ALT-CSE-02-00278,CSE-02,MEDIUM,2024-11-21T08:31:06,2024-11-21T08:40:26.372838,2024-11-21T09:34:08.697979,CLOSED,,CORP-FW-02,False
ALT-CSE-02-00279,CSE-02,HIGH,2024-12-19T06:48:28,2024-12-19T06:59:11.370020,2024-12-19T08:12:42.347012,CLOSED,,SUBSTATION-GW-02,False
ALT-CSE-02-00280,CSE-02,CRITICAL,2024-10-05T21:40:05,2024-10-05T21:59:12.421128,2024-10-05T22:17:10.381496,CLOSED,,SUBSTATION-GW-02,False
ALT-CSE-02-00281,CSE-02,CRITICAL,2024-11-09T21:04:04,2024-11-09T21:16:12.769586,2024-11-09T21:37:26.362384,CLOSED,,GRID-MONITOR-03,False
ALT-CSE-02-00282,CSE-02,CRITICAL,2024-11-14T01:12:32,2024-11-14T01:31:36.517943,2024-11-14T02:14:31.864216,CLOSED,,SUBSTATION-GW-02,False
ALT-CSE-02-00283,CSE-02,LOW,2024-11-06T14:22:10,2024-11-06T14:35:09.094651,2024-11-06T15:25:31.033311,CLOSED,,CORP-FW-02,False
ALT-CSE-02-00284,CSE-02,MEDIUM,2024-10-15T23:35:29,2024-10-15T23:48:04.026722,2024-10-16T00:48:24.224110,CLOSED,,CORP-FW-02,False
ALT-CSE-02-00285,CSE-02,HIGH,2024-11-01T03:05:24,2024-11-01T03:20:55.615292,2024-11-01T04:18:09.735021,CLOSED,,GRID-MONITOR-03,False
ALT-CSE-02-00286,CSE-02,MEDIUM,2024-11-15T01:10:41,2024-11-15T01:25:27.924808,2024-11-15T02:04:59.665255,CLOSED,,GRID-MONITOR-03,False
ALT-CSE-02-00287,CSE-02,CRITICAL,2024-10-12T18:55:28,2024-10-12T19:01:54.823781,2024-10-12T19:54:36.248282,CLOSED,CAS-CSE-02-0020,CORP-FW-02,False
ALT-CSE-02-00288,CSE-02,LOW,2024-10-10T06:52:13,2024-10-10T07:00:06.560273,2024-10-10T07:56:25.177892,CLOSED,,CORP-FW-02,False
ALT-CSE-02-00289,CSE-02,CRITICAL,2024-10-13T05:43:43,2024-10-13T05:52:57.647009,2024-10-13T06:10:37.390750,CLOSED,,ENERGY-EMS-SRV,False
ALT-CSE-02-00290,CSE-02,HIGH,2024-12-03T08:08:08,2024-12-03T08:27:45.199831,2024-12-03T09:18:31.741090,CLOSED,,SUBSTATION-GW-02,False
ALT-CSE-02-00291,CSE-02,LOW,2024-12-10T07:55:12,2024-12-10T08:10:38.752397,2024-12-10T08:24:34.621239,CLOSED,,SUBSTATION-GW-02,False
ALT-CSE-02-00292,CSE-02,LOW,2024-12-24T12:54:48,2024-12-24T13:01:54.983800,2024-12-24T14:20:37.556182,CLOSED,,ENERGY-EMS-SRV,False
ALT-CSE-02-00293,CSE-02,CRITICAL,2024-10-20T19:38:46,2024-10-20T19:50:03.913094,2024-10-20T20:41:08.155959,CLOSED,,CORP-FW-02,False
ALT-CSE-02-00294,CSE-02,HIGH,2024-10-04T05:17:47,2024-10-04T05:30:25.751664,2024-10-04T06:17:53.570142,CLOSED,,GRID-MONITOR-03,False
ALT-CSE-02-00295,CSE-02,HIGH,2024-12-12T01:38:39,2024-12-12T01:54:47.776653,2024-12-12T03:04:44.304438,CLOSED,,SCADA-RTU-01,False
ALT-CSE-02-00296,CSE-02,HIGH,2024-12-08T21:04:14,2024-12-08T21:17:54.881679,2024-12-08T21:32:50.883698,CLOSED,,ENERGY-EMS-SRV,False
ALT-CSE-02-00297,CSE-02,LOW,2024-10-04T00:11:21,2024-10-04T00:23:36.845921,2024-10-04T01:07:50.469127,CLOSED,,CORP-FW-02,False
ALT-CSE-02-00298,CSE-02,LOW,2024-10-10T22:23:15,2024-10-10T22:36:27.176076,2024-10-10T23:05:12.973240,CLOSED,,GRID-MONITOR-03,False
ALT-CSE-02-00299,CSE-02,CRITICAL,2024-11-25T04:25:59,2024-11-25T04:44:54.378278,2024-11-25T05:44:45.405708,CLOSED,,SCADA-RTU-01,False
ALT-CSE-02-00300,CSE-02,MEDIUM,2024-12-23T05:40:08,2024-12-23T05:48:47.623295,2024-12-23T06:39:50.397627,CLOSED,,SCADA-RTU-01,False
ALT-CSE-02-00301,CSE-02,HIGH,2024-11-05T09:20:08,2024-11-05T09:26:33.685291,2024-11-05T10:45:55.446434,CLOSED,,GRID-MONITOR-03,False
ALT-CSE-02-00302,CSE-02,HIGH,2024-11-21T02:07:00,2024-11-21T02:16:45.062507,2024-11-21T02:53:39.501561,CLOSED,,ENERGY-EMS-SRV,False
ALT-CSE-02-00303,CSE-02,LOW,2024-10-01T15:40:34,2024-10-01T15:48:08.389699,2024-10-01T16:57:16.070492,CLOSED,,ENERGY-EMS-SRV,False
ALT-CSE-02-00304,CSE-02,CRITICAL,2024-10-16T20:40:20,2024-10-16T20:48:03.426681,2024-10-16T22:08:01.024076,CLOSED,,GRID-MONITOR-03,False
ALT-CSE-02-00305,CSE-02,MEDIUM,2024-10-31T15:44:50,2024-10-31T16:02:08.453843,2024-10-31T16:16:08.039223,CLOSED,,GRID-MONITOR-03,False
ALT-CSE-02-00306,CSE-02,HIGH,2024-12-02T08:48:56,2024-12-02T08:53:59.122926,2024-12-02T09:46:11.683311,CLOSED,,SCADA-RTU-01,False
ALT-CSE-02-00307,CSE-02,HIGH,2024-10-09T08:46:10,2024-10-09T09:01:48.174879,2024-10-09T10:00:41.001097,CLOSED,,SCADA-RTU-01,False
ALT-CSE-02-00308,CSE-02,CRITICAL,2024-11-02T09:10:18,2024-11-02T09:27:17.992066,2024-11-02T10:23:40.422297,CLOSED,,SCADA-RTU-01,False
ALT-CSE-02-00309,CSE-02,MEDIUM,2024-11-20T01:31:11,2024-11-20T01:41:54.021586,2024-11-20T02:09:49.872078,CLOSED,,ENERGY-EMS-SRV,False
ALT-CSE-02-00310,CSE-02,MEDIUM,2024-12-18T16:17:14,2024-12-18T16:24:31.437070,2024-12-18T17:46:59.595277,CLOSED,,GRID-MONITOR-03,False
ALT-CSE-02-00311,CSE-02,HIGH,2024-11-29T02:55:06,2024-11-29T02:57:06.092261,2024-11-29T03:37:42.641077,CLOSED,,GRID-MONITOR-03,False
ALT-CSE-02-00312,CSE-02,MEDIUM,2024-11-21T21:34:49,2024-11-21T21:44:18.261429,2024-11-21T22:08:10.816101,CLOSED,,SCADA-RTU-01,False
ALT-CSE-02-00313,CSE-02,LOW,2024-12-25T21:51:41,2024-12-25T21:53:46.549330,2024-12-25T23:11:05.068679,CLOSED,,SCADA-RTU-01,False
ALT-CSE-02-00314,CSE-02,MEDIUM,2024-11-29T01:26:37,2024-11-29T01:29:53.995839,2024-11-29T02:22:14.746314,CLOSED,,CORP-FW-02,False
ALT-CSE-02-00315,CSE-02,LOW,2024-11-04T16:31:21,2024-11-04T16:34:58.014694,2024-11-04T17:41:31.798426,CLOSED,,SUBSTATION-GW-02,False
ALT-CSE-02-00316,CSE-02,LOW,2024-11-27T13:59:55,2024-11-27T14:08:09.882345,2024-11-27T14:42:20.139713,CLOSED,,ENERGY-EMS-SRV,False
ALT-CSE-02-00317,CSE-02,CRITICAL,2024-12-19T00:37:29,2024-12-19T00:40:48.244523,2024-12-19T01:54:08.664853,CLOSED,,ENERGY-EMS-SRV,False
ALT-CSE-02-00318,CSE-02,HIGH,2024-12-12T00:57:23,2024-12-12T01:00:48.378018,2024-12-12T02:10:15.763779,CLOSED,,GRID-MONITOR-03,False
ALT-CSE-02-00319,CSE-02,HIGH,2024-12-09T17:47:28,2024-12-09T18:03:52.828032,2024-12-09T18:37:58.362389,CLOSED,,CORP-FW-02,False
ALT-CSE-02-00320,CSE-02,MEDIUM,2024-12-29T12:00:32,2024-12-29T12:09:42.241408,2024-12-29T13:07:33.788600,CLOSED,,SCADA-RTU-01,False
ALT-CSE-02-00321,CSE-02,CRITICAL,2024-10-02T02:20:57,2024-10-02T02:33:31.858783,2024-10-02T03:43:56.816814,CLOSED,,ENERGY-EMS-SRV,False
ALT-CSE-02-00322,CSE-02,HIGH,2024-10-31T06:26:57,2024-10-31T06:31:03.608040,2024-10-31T07:09:54.536577,CLOSED,CAS-CSE-02-0021,CORP-FW-02,False
ALT-CSE-02-00323,CSE-02,CRITICAL,2024-10-08T21:45:25,2024-10-08T22:01:53.613655,2024-10-08T22:11:59.121206,CLOSED,,GRID-MONITOR-03,False
ALT-CSE-02-00324,CSE-02,HIGH,2024-10-16T13:34:10,2024-10-16T13:49:58.554588,2024-10-16T14:47:09.820915,CLOSED,,CORP-FW-02,False
ALT-CSE-02-00325,CSE-02,HIGH,2024-12-19T16:31:38,2024-12-19T16:43:25.507218,2024-12-19T17:22:35.426761,CLOSED,,SCADA-RTU-01,False
ALT-CSE-02-00326,CSE-02,MEDIUM,2024-11-21T20:43:31,2024-11-21T20:55:14.723690,2024-11-21T21:18:22.051878,CLOSED,,CORP-FW-02,False
ALT-CSE-02-00327,CSE-02,MEDIUM,2024-10-09T18:58:49,2024-10-09T19:18:17.492232,2024-10-09T19:48:39.332480,CLOSED,,CORP-FW-02,False
ALT-CSE-02-00328,CSE-02,HIGH,2024-10-20T18:42:38,2024-10-20T18:57:38.164903,2024-10-20T19:29:53.928612,CLOSED,,SUBSTATION-GW-02,False
ALT-CSE-02-00329,CSE-02,CRITICAL,2024-10-19T10:26:14,2024-10-19T10:39:07.293515,2024-10-19T11:21:40.848726,CLOSED,,SCADA-RTU-01,False
ALT-CSE-02-00330,CSE-02,MEDIUM,2024-11-19T05:55:43,2024-11-19T06:13:55.002928,2024-11-19T07:10:15.139738,CLOSED,,GRID-MONITOR-03,False
ALT-CSE-02-00331,CSE-02,CRITICAL,2024-12-09T21:20:07,2024-12-09T21:39:29.150908,2024-12-09T22:21:24.717697,CLOSED,,SCADA-RTU-01,False
ALT-CSE-02-00332,CSE-02,MEDIUM,2024-10-04T23:35:53,2024-10-04T23:55:30.371780,2024-10-05T00:47:23.991009,CLOSED,,CORP-FW-02,False
ALT-CSE-02-00333,CSE-02,CRITICAL,2024-12-21T11:14:04,2024-12-21T11:29:04.716657,2024-12-21T12:24:05.747042,CLOSED,,ENERGY-EMS-SRV,False
ALT-CSE-02-00334,CSE-02,LOW,2024-10-08T15:45:32,2024-10-08T15:49:11.225551,2024-10-08T16:54:46.922894,CLOSED,,GRID-MONITOR-03,False
ALT-CSE-02-00335,CSE-02,HIGH,2024-10-10T08:16:31,2024-10-10T08:24:33.108626,2024-10-10T08:59:26.140502,CLOSED,,SCADA-RTU-01,False
ALT-CSE-02-00336,CSE-02,HIGH,2024-12-17T16:55:59,2024-12-17T17:05:10.287954,2024-12-17T17:33:06.235816,CLOSED,,CORP-FW-02,False
ALT-CSE-02-00337,CSE-02,MEDIUM,2024-10-04T03:22:39,2024-10-04T03:29:57.890107,2024-10-04T04:17:12.805170,CLOSED,,SUBSTATION-GW-02,False
ALT-CSE-02-00338,CSE-02,CRITICAL,2024-10-31T10:35:59,2024-10-31T10:42:02.961514,2024-10-31T11:59:48.436935,CLOSED,,GRID-MONITOR-03,False
ALT-CSE-02-00339,CSE-02,HIGH,2024-10-27T11:17:23,2024-10-27T11:25:55.427143,2024-10-27T12:00:29.212068,CLOSED,,SCADA-RTU-01,False
ALT-CSE-02-00340,CSE-02,LOW,2024-12-05T21:56:33,2024-12-05T22:14:36.049491,2024-12-05T23:11:46.044764,CLOSED,,SUBSTATION-GW-02,False
ALT-CSE-02-00341,CSE-02,CRITICAL,2024-12-12T21:17:34,2024-12-12T21:20:42.605303,2024-12-12T22:07:56.565891,CLOSED,CAS-CSE-02-0022,SUBSTATION-GW-02,False
ALT-CSE-02-00342,CSE-02,MEDIUM,2024-11-10T21:31:27,2024-11-10T21:49:13.511163,2024-11-10T22:28:02.078568,CLOSED,,GRID-MONITOR-03,False
ALT-CSE-02-00343,CSE-02,CRITICAL,2024-11-09T13:24:57,2024-11-09T13:30:11.186138,2024-11-09T14:11:11.195756,CLOSED,,GRID-MONITOR-03,False
ALT-CSE-02-00344,CSE-02,LOW,2024-11-05T06:33:18,2024-11-05T06:39:28.656287,2024-11-05T06:59:11.076788,CLOSED,,SCADA-RTU-01,False
ALT-CSE-02-00345,CSE-02,MEDIUM,2024-10-30T05:51:46,2024-10-30T05:54:03.759390,2024-10-30T06:41:04.484155,CLOSED,,GRID-MONITOR-03,False
ALT-CSE-02-00346,CSE-02,CRITICAL,2024-12-28T01:06:45,2024-12-28T01:15:44.322542,2024-12-28T01:57:50.010601,CLOSED,,SCADA-RTU-01,False
ALT-CSE-02-00347,CSE-02,HIGH,2024-10-05T00:46:18,2024-10-05T00:55:25.924755,2024-10-05T01:26:48.953413,CLOSED,,ENERGY-EMS-SRV,False
ALT-CSE-02-00348,CSE-02,CRITICAL,2024-12-10T23:11:59,2024-12-10T23:23:32.373980,2024-12-11T00:18:39.177074,CLOSED,,GRID-MONITOR-03,False
ALT-CSE-02-00349,CSE-02,HIGH,2024-10-01T18:40:28,2024-10-01T18:53:41.751852,2024-10-01T19:43:40.296553,CLOSED,CAS-CSE-02-0023,CORP-FW-02,False
ALT-CSE-02-00350,CSE-02,CRITICAL,2024-10-17T00:15:55,2024-10-17T00:18:58.398440,2024-10-17T01:29:04.041729,CLOSED,,SUBSTATION-GW-02,False
ALT-CSE-02-00351,CSE-02,HIGH,2024-10-03T06:18:20,2024-10-03T06:31:16.974849,2024-10-03T07:05:21.969020,CLOSED,,GRID-MONITOR-03,False
ALT-CSE-02-00352,CSE-02,MEDIUM,2024-11-25T04:31:23,2024-11-25T04:41:47.890174,2024-11-25T05:35:13.077658,CLOSED,,SCADA-RTU-01,False
ALT-CSE-02-00353,CSE-02,MEDIUM,2024-12-20T00:56:39,2024-12-20T01:02:00.606768,2024-12-20T01:47:09.450298,CLOSED,,CORP-FW-02,False
ALT-CSE-02-00354,CSE-02,HIGH,2024-10-13T22:01:27,2024-10-13T22:18:59.083441,2024-10-13T22:56:34.527274,CLOSED,,GRID-MONITOR-03,False
ALT-CSE-02-00355,CSE-02,LOW,2024-12-04T05:36:27,2024-12-04T05:44:14.415185,2024-12-04T06:54:11.148994,CLOSED,,CORP-FW-02,False
ALT-CSE-02-00356,CSE-02,LOW,2024-10-05T06:09:56,2024-10-05T06:17:40.544591,2024-10-05T07:23:29.949800,CLOSED,,ENERGY-EMS-SRV,False
ALT-CSE-02-00357,CSE-02,MEDIUM,2024-12-29T21:06:16,2024-12-29T21:14:11.727881,2024-12-29T22:04:39.799382,CLOSED,,SCADA-RTU-01,False
ALT-CSE-02-00358,CSE-02,MEDIUM,2024-10-12T17:25:39,2024-10-12T17:40:34.835563,2024-10-12T18:29:20.447564,CLOSED,,ENERGY-EMS-SRV,False
ALT-CSE-02-00359,CSE-02,MEDIUM,2024-10-28T12:21:17,2024-10-28T12:39:14.220226,2024-10-28T13:41:13.546152,CLOSED,,GRID-MONITOR-03,False
ALT-CSE-02-00360,CSE-02,LOW,2024-10-16T05:36:14,2024-10-16T05:53:50.312291,2024-10-16T06:40:02.760069,CLOSED,,SUBSTATION-GW-02,False
ALT-CSE-02-00361,CSE-02,CRITICAL,2024-11-29T20:37:16,2024-11-29T20:48:10.644890,2024-11-29T21:22:44.099573,CLOSED,,SCADA-RTU-01,False
ALT-CSE-02-00362,CSE-02,HIGH,2024-12-18T19:12:22,2024-12-18T19:21:43.059906,2024-12-18T20:30:04.354276,CLOSED,,ENERGY-EMS-SRV,False
ALT-CSE-02-00363,CSE-02,MEDIUM,2024-10-03T23:01:52,2024-10-03T23:11:55.456545,2024-10-03T23:46:07.697493,CLOSED,,SUBSTATION-GW-02,False
ALT-CSE-02-00364,CSE-02,MEDIUM,2024-12-27T13:20:26,2024-12-27T13:39:01.226019,2024-12-27T13:46:28.538181,CLOSED,,SCADA-RTU-01,False
ALT-CSE-02-00365,CSE-02,HIGH,2024-11-05T10:53:53,2024-11-05T10:56:22.346991,2024-11-05T11:43:13.389424,CLOSED,,SCADA-RTU-01,False
ALT-CSE-02-00366,CSE-02,CRITICAL,2024-10-23T08:52:10,2024-10-23T09:06:23.742001,2024-10-23T09:58:25.752696,CLOSED,,GRID-MONITOR-03,False
ALT-CSE-02-00367,CSE-02,LOW,2024-10-31T16:24:40,2024-10-31T16:34:17.106481,2024-10-31T17:12:12.757905,CLOSED,,SCADA-RTU-01,False
ALT-CSE-02-00368,CSE-02,HIGH,2024-10-18T09:39:57,2024-10-18T09:46:33.112864,2024-10-18T10:09:49.707922,CLOSED,,ENERGY-EMS-SRV,False
ALT-CSE-02-00369,CSE-02,HIGH,2024-11-25T01:35:46,2024-11-25T01:42:32.576149,2024-11-25T02:46:53.655244,CLOSED,,ENERGY-EMS-SRV,False
ALT-CSE-02-00370,CSE-02,HIGH,2024-12-06T00:32:12,2024-12-06T00:48:48.582526,2024-12-06T01:42:20.146768,CLOSED,,GRID-MONITOR-03,False
ALT-CSE-02-00371,CSE-02,MEDIUM,2024-11-01T00:03:52,2024-11-01T00:18:52.496482,2024-11-01T00:36:52.122145,CLOSED,,SCADA-RTU-01,False
ALT-CSE-02-00372,CSE-02,MEDIUM,2024-11-20T22:40:10,2024-11-20T22:53:38.203015,2024-11-20T23:39:42.916685,CLOSED,,ENERGY-EMS-SRV,False
ALT-CSE-02-00373,CSE-02,LOW,2024-11-09T06:49:22,2024-11-09T07:01:49.195369,2024-11-09T07:42:17.772252,CLOSED,,SCADA-RTU-01,False
ALT-CSE-02-00374,CSE-02,MEDIUM,2024-10-19T21:56:10,2024-10-19T22:14:01.595340,2024-10-19T23:07:32.583973,CLOSED,,CORP-FW-02,False
ALT-CSE-02-00375,CSE-02,HIGH,2024-11-23T02:27:33,2024-11-23T02:46:44.233224,2024-11-23T03:16:52.595746,CLOSED,,SUBSTATION-GW-02,False
ALT-CSE-02-00376,CSE-02,LOW,2024-12-12T10:31:13,2024-12-12T10:45:42.590169,2024-12-12T11:51:18.503379,CLOSED,,SCADA-RTU-01,False
ALT-CSE-02-00377,CSE-02,MEDIUM,2024-10-24T17:24:05,2024-10-24T17:41:28.981776,2024-10-24T18:41:27.271732,CLOSED,,SUBSTATION-GW-02,False
ALT-CSE-02-00378,CSE-02,CRITICAL,2024-11-28T14:11:13,2024-11-28T14:19:41.671160,2024-11-28T15:07:59.588745,CLOSED,,SUBSTATION-GW-02,False
ALT-CSE-02-00379,CSE-02,MEDIUM,2024-11-28T14:43:59,2024-11-28T14:58:33.491192,2024-11-28T15:22:48.535580,CLOSED,,SUBSTATION-GW-02,False
ALT-CSE-02-00380,CSE-02,MEDIUM,2024-12-23T13:22:08,2024-12-23T13:31:25.262310,2024-12-23T14:03:58.397444,CLOSED,,CORP-FW-02,False
ALT-CSE-02-00381,CSE-02,LOW,2024-11-01T06:41:14,2024-11-01T06:47:33.278914,2024-11-01T07:16:53.075906,CLOSED,,GRID-MONITOR-03,False
ALT-CSE-02-00382,CSE-02,HIGH,2024-12-23T10:42:05,2024-12-23T10:54:46.238466,2024-12-23T11:19:13.643484,CLOSED,,GRID-MONITOR-03,False
ALT-CSE-02-00383,CSE-02,LOW,2024-11-30T09:14:50,2024-11-30T09:33:37.696210,2024-11-30T09:50:11.869252,CLOSED,,ENERGY-EMS-SRV,False
ALT-CSE-02-00384,CSE-02,MEDIUM,2024-10-05T12:53:54,2024-10-05T12:58:21.593537,2024-10-05T14:03:29.441022,CLOSED,CAS-CSE-02-0024,SCADA-RTU-01,True
ALT-CSE-02-00385,CSE-02,CRITICAL,2024-11-29T21:21:30,2024-11-29T21:26:54.010780,2024-11-29T22:35:58.466988,CLOSED,,ENERGY-EMS-SRV,False
ALT-CSE-02-00386,CSE-02,HIGH,2024-10-21T14:58:09,2024-10-21T15:17:27.449546,2024-10-21T15:55:18.111682,CLOSED,,CORP-FW-02,False
ALT-CSE-02-00387,CSE-02,MEDIUM,2024-12-26T08:35:14,2024-12-26T08:48:10.756534,2024-12-26T09:52:12.812147,CLOSED,,ENERGY-EMS-SRV,False
ALT-CSE-02-00388,CSE-02,LOW,2024-11-01T20:53:28,2024-11-01T21:10:38.160416,2024-11-01T22:03:19.169869,CLOSED,,GRID-MONITOR-03,False
ALT-CSE-02-00389,CSE-02,CRITICAL,2024-12-29T21:41:30,2024-12-29T21:51:27.970816,2024-12-29T22:34:52.028287,CLOSED,,CORP-FW-02,False
ALT-CSE-02-00390,CSE-02,CRITICAL,2024-11-23T12:11:20,2024-11-23T12:30:36.150165,2024-11-23T12:44:24.836699,CLOSED,CAS-CSE-02-0025,SUBSTATION-GW-02,False
ALT-CSE-02-00391,CSE-02,HIGH,2024-10-16T00:32:11,2024-10-16T00:37:30.049460,2024-10-16T01:46:28.635447,CLOSED,,SUBSTATION-GW-02,False
ALT-CSE-02-00392,CSE-02,LOW,2024-11-17T20:13:16,2024-11-17T20:23:21.352342,2024-11-17T21:08:36.762302,CLOSED,,SCADA-RTU-01,False
ALT-CSE-02-00393,CSE-02,HIGH,2024-12-10T11:38:52,2024-12-10T11:49:58.730591,2024-12-10T13:06:16.352876,CLOSED,,GRID-MONITOR-03,False
ALT-CSE-02-00394,CSE-02,LOW,2024-12-10T21:17:13,2024-12-10T21:27:49.393860,2024-12-10T22:42:22.501098,CLOSED,,SUBSTATION-GW-02,False
ALT-CSE-02-00395,CSE-02,MEDIUM,2024-10-06T02:00:27,2024-10-06T02:06:44.083421,2024-10-06T03:17:17.524764,CLOSED,,ENERGY-EMS-SRV,False
ALT-CSE-02-00396,CSE-02,CRITICAL,2024-11-18T21:03:41,2024-11-18T21:20:00.840794,2024-11-18T21:37:28.560978,CLOSED,,SCADA-RTU-01,False
ALT-CSE-02-00397,CSE-02,MEDIUM,2024-12-16T19:21:45,2024-12-16T19:36:29.704195,2024-12-16T20:34:03.905855,CLOSED,,GRID-MONITOR-03,False
ALT-CSE-02-00398,CSE-02,HIGH,2024-12-05T13:47:24,2024-12-05T14:01:03.844065,2024-12-05T14:40:37.882458,CLOSED,,ENERGY-EMS-SRV,False
ALT-CSE-02-00399,CSE-02,MEDIUM,2024-11-11T13:22:36,2024-11-11T13:32:45.718554,2024-11-11T13:56:33.108403,CLOSED,,SCADA-RTU-01,False
ALT-CSE-02-00400,CSE-02,LOW,2024-11-11T17:16:24,2024-11-11T17:33:20.838975,2024-11-11T17:42:17.794261,CLOSED,,GRID-MONITOR-03,False
ALT-CSE-02-00401,CSE-02,CRITICAL,2024-11-19T08:33:24,2024-11-19T08:47:19.348516,2024-11-19T09:21:35.637690,CLOSED,,GRID-MONITOR-03,False
ALT-CSE-02-00402,CSE-02,LOW,2024-12-17T05:33:51,2024-12-17T05:40:34.361923,2024-12-17T06:25:36.329871,CLOSED,,CORP-FW-02,False
ALT-CSE-02-00403,CSE-02,HIGH,2024-10-31T14:08:45,2024-10-31T14:21:27.613618,2024-10-31T15:15:43.186606,CLOSED,,CORP-FW-02,False
ALT-CSE-02-00404,CSE-02,LOW,2024-11-26T23:58:58,2024-11-27T00:13:32.901444,2024-11-27T01:01:03.858326,CLOSED,,CORP-FW-02,False
ALT-CSE-02-00405,CSE-02,LOW,2024-12-08T17:55:00,2024-12-08T18:02:00.020065,2024-12-08T19:24:49.297762,CLOSED,,ENERGY-EMS-SRV,False
ALT-CSE-02-00406,CSE-02,MEDIUM,2024-12-08T13:15:08,2024-12-08T13:26:14.572987,2024-12-08T13:42:22.088628,CLOSED,,ENERGY-EMS-SRV,False
ALT-CSE-02-00407,CSE-02,LOW,2024-10-02T09:06:08,2024-10-02T09:23:44.117443,2024-10-02T10:09:57.140019,CLOSED,,SUBSTATION-GW-02,False
ALT-CSE-02-00408,CSE-02,CRITICAL,2024-11-10T11:33:15,2024-11-10T11:49:12.083755,2024-11-10T12:26:37.422557,CLOSED,,SUBSTATION-GW-02,False
ALT-CSE-02-00409,CSE-02,MEDIUM,2024-11-27T07:54:45,2024-11-27T08:01:22.840705,2024-11-27T08:44:30.923471,CLOSED,,SUBSTATION-GW-02,False
ALT-CSE-02-00410,CSE-02,MEDIUM,2024-11-26T20:50:07,2024-11-26T21:04:47.199859,2024-11-26T22:12:21.028368,CLOSED,,SCADA-RTU-01,False
ALT-CSE-02-00411,CSE-02,MEDIUM,2024-12-28T08:59:18,2024-12-28T09:03:10.675746,2024-12-28T10:04:20.079610,CLOSED,,ENERGY-EMS-SRV,False
ALT-CSE-02-00412,CSE-02,HIGH,2024-10-02T13:56:37,2024-10-02T13:58:41.410475,2024-10-02T14:26:22.613416,CLOSED,,GRID-MONITOR-03,False
ALT-CSE-02-00413,CSE-02,MEDIUM,2024-12-29T05:54:21,2024-12-29T06:12:06.731890,2024-12-29T06:28:17.135611,CLOSED,,CORP-FW-02,False
ALT-CSE-02-00414,CSE-02,LOW,2024-12-08T06:34:20,2024-12-08T06:52:48.653831,2024-12-08T08:00:22.282622,CLOSED,,SUBSTATION-GW-02,False
ALT-CSE-02-00415,CSE-02,HIGH,2024-12-09T10:22:45,2024-12-09T10:33:02.982765,2024-12-09T11:20:30.661305,CLOSED,,CORP-FW-02,False
ALT-CSE-02-00416,CSE-02,MEDIUM,2024-11-21T02:29:49,2024-11-21T02:34:21.651322,2024-11-21T03:57:33.244872,CLOSED,,CORP-FW-02,False
ALT-CSE-02-00417,CSE-02,MEDIUM,2024-12-03T00:07:12,2024-12-03T00:17:53.725177,2024-12-03T00:53:38.328353,CLOSED,,ENERGY-EMS-SRV,False
ALT-CSE-02-00418,CSE-02,CRITICAL,2024-11-20T16:42:46,2024-11-20T16:45:39.433968,2024-11-20T17:53:06.360993,CLOSED,,SUBSTATION-GW-02,False
ALT-CSE-02-00419,CSE-02,MEDIUM,2024-10-25T19:10:00,2024-10-25T19:22:21.577314,2024-10-25T19:59:03.303737,CLOSED,,CORP-FW-02,False
ALT-CSE-02-00420,CSE-02,MEDIUM,2024-12-24T10:52:30,2024-12-24T11:11:56.020915,2024-12-24T11:42:56.518501,CLOSED,,ENERGY-EMS-SRV,False
ALT-CSE-02-00421,CSE-02,MEDIUM,2024-12-06T16:07:24,2024-12-06T16:17:23.328606,2024-12-06T16:49:54.424161,CLOSED,,GRID-MONITOR-03,False
ALT-CSE-02-00422,CSE-02,CRITICAL,2024-12-05T20:29:07,2024-12-05T20:40:51.902764,2024-12-05T21:57:14.154342,CLOSED,,GRID-MONITOR-03,False
ALT-CSE-02-00423,CSE-02,CRITICAL,2024-11-08T08:21:00,2024-11-08T08:37:28.303752,2024-11-08T08:49:17.711637,CLOSED,,CORP-FW-02,False
ALT-CSE-02-00424,CSE-02,LOW,2024-11-10T12:06:06,2024-11-10T12:09:36.367938,2024-11-10T12:57:09.026719,CLOSED,CAS-CSE-02-0026,ENERGY-EMS-SRV,False
ALT-CSE-02-00425,CSE-02,MEDIUM,2024-12-06T10:43:47,2024-12-06T10:54:54.092815,2024-12-06T12:10:36.224655,CLOSED,,CORP-FW-02,False
ALT-CSE-02-00426,CSE-02,LOW,2024-11-01T07:25:05,2024-11-01T07:32:59.000532,2024-11-01T08:39:23.731194,CLOSED,,ENERGY-EMS-SRV,False
ALT-CSE-02-00427,CSE-02,CRITICAL,2024-10-17T17:08:01,2024-10-17T17:14:36.146956,2024-10-17T18:01:01.718232,CLOSED,CAS-CSE-02-0027,GRID-MONITOR-03,True
ALT-CSE-02-00428,CSE-02,HIGH,2024-12-16T09:36:06,2024-12-16T09:52:40.038578,2024-12-16T10:53:38.590835,CLOSED,,ENERGY-EMS-SRV,False
ALT-CSE-02-00429,CSE-02,MEDIUM,2024-11-04T16:50:00,2024-11-04T16:53:16.994404,2024-11-04T17:39:52.196622,CLOSED,,SCADA-RTU-01,False
ALT-CSE-02-00430,CSE-02,CRITICAL,2024-12-26T13:59:03,2024-12-26T14:05:40.222836,2024-12-26T14:43:42.892687,CLOSED,CAS-CSE-02-0028,GRID-MONITOR-03,False
ALT-CSE-02-00431,CSE-02,LOW,2024-10-01T11:30:25,2024-10-01T11:35:00.217921,2024-10-01T12:50:32.317347,CLOSED,,CORP-FW-02,False
ALT-CSE-02-00432,CSE-02,HIGH,2024-11-21T21:16:01,2024-11-21T21:35:58.960473,2024-11-21T21:42:07.255401,CLOSED,,ENERGY-EMS-SRV,False
ALT-CSE-02-00433,CSE-02,LOW,2024-12-24T04:52:09,2024-12-24T04:54:54.248282,2024-12-24T05:21:16.739576,CLOSED,CAS-CSE-02-0029,SCADA-RTU-01,False
ALT-CSE-02-00434,CSE-02,LOW,2024-10-29T23:05:13,2024-10-29T23:21:47.681532,2024-10-29T23:47:37.346531,CLOSED,,CORP-FW-02,False
ALT-CSE-02-00435,CSE-02,MEDIUM,2024-10-06T21:35:18,2024-10-06T21:40:25.227148,2024-10-06T22:52:07.523092,CLOSED,,SCADA-RTU-01,False
ALT-CSE-02-00436,CSE-02,MEDIUM,2024-12-11T10:44:06,2024-12-11T10:55:43.448038,2024-12-11T11:11:04.547507,CLOSED,,ENERGY-EMS-SRV,False
ALT-CSE-02-00437,CSE-02,MEDIUM,2024-10-21T15:22:23,2024-10-21T15:29:13.644005,2024-10-21T16:24:58.706974,CLOSED,,GRID-MONITOR-03,False
ALT-CSE-02-00438,CSE-02,MEDIUM,2024-12-19T23:17:45,2024-12-19T23:30:40.994177,2024-12-20T00:21:30.868920,CLOSED,,CORP-FW-02,False
ALT-CSE-02-00439,CSE-02,LOW,2024-10-14T02:24:30,2024-10-14T02:41:37.955608,2024-10-14T03:11:22.877898,CLOSED,,ENERGY-EMS-SRV,False
ALT-CSE-02-00440,CSE-02,CRITICAL,2024-11-05T04:52:09,2024-11-05T05:01:09.379845,2024-11-05T05:34:43.177022,CLOSED,CAS-CSE-02-0030,GRID-MONITOR-03,False
ALT-CSE-02-00441,CSE-02,HIGH,2024-12-13T03:48:28,2024-12-13T04:04:19.679926,2024-12-13T05:02:19.989077,CLOSED,,CORP-FW-02,False
ALT-CSE-02-00442,CSE-02,LOW,2024-10-02T08:59:48,2024-10-02T09:12:06.879856,2024-10-02T09:57:11.234906,CLOSED,,SUBSTATION-GW-02,False
ALT-CSE-02-00443,CSE-02,MEDIUM,2024-12-05T17:07:46,2024-12-05T17:10:06.345606,2024-12-05T17:54:39.451274,CLOSED,,CORP-FW-02,False
ALT-CSE-02-00444,CSE-02,CRITICAL,2024-12-03T20:55:38,2024-12-03T21:15:19.198319,2024-12-03T21:20:42.250066,CLOSED,,ENERGY-EMS-SRV,False
ALT-CSE-02-00445,CSE-02,HIGH,2024-12-03T04:10:45,2024-12-03T04:28:26.665983,2024-12-03T05:31:25.792426,CLOSED,,SCADA-RTU-01,False
ALT-CSE-02-00446,CSE-02,HIGH,2024-11-21T12:01:45,2024-11-21T12:14:33.501781,2024-11-21T13:16:19.554582,CLOSED,,ENERGY-EMS-SRV,False
ALT-CSE-02-00447,CSE-02,MEDIUM,2024-12-24T13:35:14,2024-12-24T13:37:32.967215,2024-12-24T14:12:39.718218,CLOSED,,SCADA-RTU-01,False
ALT-CSE-02-00448,CSE-02,HIGH,2024-11-24T17:05:59,2024-11-24T17:21:22.629923,2024-11-24T18:14:12.452792,CLOSED,,CORP-FW-02,False
ALT-CSE-02-00449,CSE-02,HIGH,2024-11-05T04:51:32,2024-11-05T05:04:30.435466,2024-11-05T06:18:39.103290,CLOSED,,ENERGY-EMS-SRV,False
ALT-CSE-02-00450,CSE-02,CRITICAL,2024-12-27T07:38:48,2024-12-27T07:48:27.389580,2024-12-27T08:21:10.488722,CLOSED,,CORP-FW-02,False
ALT-CSE-02-00451,CSE-02,MEDIUM,2024-10-20T13:27:04,2024-10-20T13:29:07.989031,2024-10-20T14:25:59.730720,CLOSED,,CORP-FW-02,False
ALT-CSE-02-00452,CSE-02,HIGH,2024-12-02T06:32:30,2024-12-02T06:43:51.599697,2024-12-02T07:23:16.083968,CLOSED,,ENERGY-EMS-SRV,False
ALT-CSE-02-00453,CSE-02,CRITICAL,2024-11-10T19:20:03,2024-11-10T19:24:54.907386,2024-11-10T20:27:05.141073,CLOSED,,GRID-MONITOR-03,False
ALT-CSE-02-00454,CSE-02,CRITICAL,2024-12-02T09:53:27,2024-12-02T10:01:56.442070,2024-12-02T10:54:06.681154,CLOSED,,ENERGY-EMS-SRV,False
ALT-CSE-02-00455,CSE-02,CRITICAL,2024-11-10T18:38:51,2024-11-10T18:55:56.735135,2024-11-10T19:22:51.888646,CLOSED,,SCADA-RTU-01,False
ALT-CSE-02-00456,CSE-02,LOW,2024-11-13T01:19:09,2024-11-13T01:24:36.867388,2024-11-13T01:44:18.702580,CLOSED,,CORP-FW-02,False
ALT-CSE-02-00457,CSE-02,HIGH,2024-12-02T08:31:52,2024-12-02T08:50:19.938851,2024-12-02T09:02:29.161880,CLOSED,,CORP-FW-02,False
ALT-CSE-02-00458,CSE-02,LOW,2024-12-17T12:00:30,2024-12-17T12:16:15.504741,2024-12-17T12:55:58.082243,CLOSED,,ENERGY-EMS-SRV,False
ALT-CSE-02-00459,CSE-02,MEDIUM,2024-12-26T01:21:16,2024-12-26T01:30:08.003590,2024-12-26T02:09:47.073896,CLOSED,,ENERGY-EMS-SRV,False
ALT-CSE-02-00460,CSE-02,HIGH,2024-11-23T06:42:07,2024-11-23T06:54:48.217386,2024-11-23T07:08:38.273950,CLOSED,,SUBSTATION-GW-02,False
ALT-CSE-02-00461,CSE-02,HIGH,2024-11-14T16:16:10,2024-11-14T16:31:12.927334,2024-11-14T16:55:28.248018,CLOSED,,GRID-MONITOR-03,False
ALT-CSE-02-00462,CSE-02,MEDIUM,2024-11-26T05:48:01,2024-11-26T05:50:30.132861,2024-11-26T06:22:51.867059,CLOSED,,GRID-MONITOR-03,False
ALT-CSE-02-00463,CSE-02,MEDIUM,2024-11-25T15:40:24,2024-11-25T15:43:25.143141,2024-11-25T16:51:26.874785,CLOSED,,GRID-MONITOR-03,False
ALT-CSE-02-00464,CSE-02,HIGH,2024-10-27T11:30:47,2024-10-27T11:48:29.754788,2024-10-27T12:42:13.422697,CLOSED,,GRID-MONITOR-03,False
ALT-CSE-02-00465,CSE-02,CRITICAL,2024-12-26T06:31:22,2024-12-26T06:43:18.364364,2024-12-26T07:49:00.687250,CLOSED,,CORP-FW-02,False
ALT-CSE-02-00466,CSE-02,HIGH,2024-10-26T04:39:20,2024-10-26T04:42:36.249424,2024-10-26T05:55:45.140553,CLOSED,,ENERGY-EMS-SRV,False
ALT-CSE-02-00467,CSE-02,HIGH,2024-11-27T14:36:07,2024-11-27T14:47:33.817823,2024-11-27T16:05:23.448386,CLOSED,,CORP-FW-02,False
ALT-CSE-02-00468,CSE-02,MEDIUM,2024-12-06T13:18:32,2024-12-06T13:21:14.974869,2024-12-06T14:12:56.488799,CLOSED,,CORP-FW-02,False
ALT-CSE-02-00469,CSE-02,CRITICAL,2024-11-26T14:55:14,2024-11-26T14:58:23.986121,2024-11-26T15:52:21.038764,CLOSED,CAS-CSE-02-0031,CORP-FW-02,False
ALT-CSE-02-00470,CSE-02,LOW,2024-12-13T23:50:05,2024-12-14T00:04:54.184133,2024-12-14T00:40:28.365588,CLOSED,,CORP-FW-02,False
ALT-CSE-02-00471,CSE-02,HIGH,2024-10-26T14:10:23,2024-10-26T14:22:17.533557,2024-10-26T15:04:11.846103,CLOSED,,SCADA-RTU-01,False
ALT-CSE-02-00472,CSE-02,LOW,2024-10-02T15:21:58,2024-10-02T15:36:18.067669,2024-10-02T16:12:52.515351,CLOSED,,CORP-FW-02,False
ALT-CSE-02-00473,CSE-02,HIGH,2024-10-11T13:27:44,2024-10-11T13:32:58.839242,2024-10-11T14:53:33.051314,CLOSED,,CORP-FW-02,False
ALT-CSE-02-00474,CSE-02,CRITICAL,2024-12-22T12:00:06,2024-12-22T12:08:06.438807,2024-12-22T12:30:50.041483,CLOSED,,CORP-FW-02,False
ALT-CSE-02-00475,CSE-02,CRITICAL,2024-11-25T01:22:28,2024-11-25T01:36:06.803949,2024-11-25T02:22:34.079512,CLOSED,,SCADA-RTU-01,False
ALT-CSE-02-00476,CSE-02,MEDIUM,2024-10-13T23:48:42,2024-10-14T00:05:22.717692,2024-10-14T00:15:25.556302,CLOSED,,SCADA-RTU-01,False
ALT-CSE-02-00477,CSE-02,LOW,2024-11-07T16:09:40,2024-11-07T16:24:32.490115,2024-11-07T17:29:54.257940,CLOSED,,SCADA-RTU-01,False
ALT-CSE-02-00478,CSE-02,CRITICAL,2024-11-26T21:47:48,2024-11-26T21:52:10.511584,2024-11-26T22:44:04.085781,CLOSED,,CORP-FW-02,False
ALT-CSE-02-00479,CSE-02,CRITICAL,2024-11-23T17:14:02,2024-11-23T17:26:57.231014,2024-11-23T17:54:02.774300,CLOSED,,CORP-FW-02,False
ALT-CSE-02-00480,CSE-02,MEDIUM,2024-12-22T11:33:55,2024-12-22T11:43:46.591597,2024-12-22T12:18:39.773852,CLOSED,,SCADA-RTU-01,False
ALT-CSE-02-00481,CSE-02,HIGH,2024-10-31T16:45:33,2024-10-31T16:48:20.777817,2024-10-31T17:42:27.236212,CLOSED,,CORP-FW-02,False
ALT-CSE-02-00482,CSE-02,HIGH,2024-11-20T08:20:33,2024-11-20T08:36:38.575842,2024-11-20T09:41:46.621881,CLOSED,,SUBSTATION-GW-02,False
ALT-CSE-02-00483,CSE-02,HIGH,2024-12-07T01:01:16,2024-12-07T01:11:17.778340,2024-12-07T02:18:17.427412,CLOSED,,SCADA-RTU-01,False
ALT-CSE-02-00484,CSE-02,MEDIUM,2024-12-21T13:01:32,2024-12-21T13:18:01.823531,2024-12-21T14:24:57.311950,CLOSED,,ENERGY-EMS-SRV,False
ALT-CSE-02-00485,CSE-02,HIGH,2024-12-01T08:57:34,2024-12-01T09:00:20.124736,2024-12-01T10:17:26.214978,CLOSED,,SCADA-RTU-01,False
ALT-CSE-02-00486,CSE-02,HIGH,2024-12-02T11:56:49,2024-12-02T12:00:30.103282,2024-12-02T12:52:54.920470,CLOSED,,SUBSTATION-GW-02,False
ALT-CSE-02-00487,CSE-02,MEDIUM,2024-12-09T00:32:11,2024-12-09T00:48:58.941442,2024-12-09T01:14:18.289333,CLOSED,,CORP-FW-02,False
ALT-CSE-02-00488,CSE-02,MEDIUM,2024-10-11T03:54:00,2024-10-11T04:13:29.607271,2024-10-11T04:39:14.316938,CLOSED,,GRID-MONITOR-03,False
ALT-CSE-02-00489,CSE-02,LOW,2024-12-03T05:52:25,2024-12-03T06:10:58.325923,2024-12-03T06:24:04.370647,CLOSED,,SUBSTATION-GW-02,False
ALT-CSE-02-00490,CSE-02,LOW,2024-12-17T00:28:24,2024-12-17T00:36:12.520410,2024-12-17T00:56:35.956304,CLOSED,,GRID-MONITOR-03,False
ALT-CSE-02-00491,CSE-02,CRITICAL,2024-11-30T22:50:44,2024-11-30T23:06:14.056153,2024-12-01T00:08:58.628427,CLOSED,,CORP-FW-02,False
ALT-CSE-02-00492,CSE-02,CRITICAL,2024-10-04T15:19:18,2024-10-04T15:31:47.401669,2024-10-04T16:12:45.851284,CLOSED,,CORP-FW-02,False
ALT-CSE-02-00493,CSE-02,HIGH,2024-10-06T04:31:00,2024-10-06T04:48:43.607168,2024-10-06T05:05:14.282172,CLOSED,,ENERGY-EMS-SRV,False
ALT-CSE-02-00494,CSE-02,LOW,2024-11-30T22:19:40,2024-11-30T22:26:28.370372,2024-11-30T23:12:22.771572,CLOSED,,GRID-MONITOR-03,False
ALT-CSE-02-00495,CSE-02,LOW,2024-11-25T18:41:37,2024-11-25T18:58:12.021673,2024-11-25T19:08:13.484934,CLOSED,,SUBSTATION-GW-02,False
ALT-CSE-02-00496,CSE-02,LOW,2024-11-11T02:15:49,2024-11-11T02:30:52.679570,2024-11-11T03:08:35.364545,CLOSED,,SCADA-RTU-01,False
ALT-CSE-02-00497,CSE-02,CRITICAL,2024-10-22T03:48:42,2024-10-22T04:07:34.642265,2024-10-22T04:53:33.308344,CLOSED,,GRID-MONITOR-03,False
ALT-CSE-02-00498,CSE-02,MEDIUM,2024-10-21T05:24:12,2024-10-21T05:41:50.092366,2024-10-21T06:12:16.762217,CLOSED,,ENERGY-EMS-SRV,False
ALT-CSE-02-00499,CSE-02,HIGH,2024-12-29T00:45:24,2024-12-29T00:50:16.980318,2024-12-29T02:09:33.046963,CLOSED,,GRID-MONITOR-03,False
ALT-CSE-02-00500,CSE-02,HIGH,2024-11-19T10:09:30,2024-11-19T10:18:34.983034,2024-11-19T11:10:52.285101,CLOSED,,SCADA-RTU-01,False
ALT-CSE-02-00501,CSE-02,CRITICAL,2024-12-20T13:43:43,2024-12-20T13:47:18.826496,2024-12-20T14:45:03.921287,CLOSED,,ENERGY-EMS-SRV,False
ALT-CSE-02-00502,CSE-02,MEDIUM,2024-12-19T18:34:22,2024-12-19T18:40:26.910144,2024-12-19T19:10:44.696337,CLOSED,,ENERGY-EMS-SRV,False
ALT-CSE-02-00503,CSE-02,CRITICAL,2024-11-03T16:28:27,2024-11-03T16:41:43.975107,2024-11-03T17:09:58.729009,CLOSED,,GRID-MONITOR-03,False
ALT-CSE-02-00504,CSE-02,MEDIUM,2024-10-03T07:50:41,2024-10-03T08:09:43.472961,2024-10-03T09:14:51.489874,CLOSED,,GRID-MONITOR-03,False
ALT-CSE-02-00505,CSE-02,LOW,2024-12-08T20:08:02,2024-12-08T20:14:36.976770,2024-12-08T20:44:31.075320,CLOSED,,CORP-FW-02,False
ALT-CSE-02-00506,CSE-02,HIGH,2024-10-28T12:27:08,2024-10-28T12:40:50.325879,2024-10-28T13:52:02.154644,CLOSED,,CORP-FW-02,False
ALT-CSE-02-00507,CSE-02,CRITICAL,2024-10-07T04:17:47,2024-10-07T04:27:44.309727,2024-10-07T05:04:40.013422,CLOSED,,SUBSTATION-GW-02,False
ALT-CSE-02-00508,CSE-02,CRITICAL,2024-12-04T12:10:27,2024-12-04T12:14:08.566799,2024-12-04T13:12:08.721847,CLOSED,CAS-CSE-02-0032,SCADA-RTU-01,False
ALT-CSE-02-00509,CSE-02,HIGH,2024-12-14T02:24:14,2024-12-14T02:31:37.840045,2024-12-14T03:07:00.483910,CLOSED,,SCADA-RTU-01,False
ALT-CSE-02-00510,CSE-02,MEDIUM,2024-10-25T18:31:55,2024-10-25T18:48:37.682306,2024-10-25T19:10:08.243083,CLOSED,,GRID-MONITOR-03,False
ALT-CSE-02-00511,CSE-02,HIGH,2024-12-11T10:52:25,2024-12-11T11:12:20.921721,2024-12-11T11:55:51.816198,CLOSED,,SUBSTATION-GW-02,False
ALT-CSE-02-00512,CSE-02,MEDIUM,2024-10-29T00:31:22,2024-10-29T00:45:19.592951,2024-10-29T02:01:09.990756,CLOSED,,SCADA-RTU-01,False
ALT-CSE-02-00513,CSE-02,LOW,2024-11-11T05:44:41,2024-11-11T06:03:59.682653,2024-11-11T06:50:55.218106,CLOSED,,SCADA-RTU-01,False
ALT-CSE-02-00514,CSE-02,MEDIUM,2024-12-02T16:50:43,2024-12-02T17:03:14.953936,2024-12-02T18:01:40.612689,CLOSED,,CORP-FW-02,False
ALT-CSE-02-00515,CSE-02,LOW,2024-11-10T08:27:20,2024-11-10T08:36:07.280506,2024-11-10T09:22:12.750806,CLOSED,,GRID-MONITOR-03,False
ALT-CSE-02-00516,CSE-02,LOW,2024-11-10T04:22:13,2024-11-10T04:32:03.347977,2024-11-10T04:52:17.042138,CLOSED,,ENERGY-EMS-SRV,False
ALT-CSE-02-00517,CSE-02,MEDIUM,2024-12-28T20:44:06,2024-12-28T20:50:25.751134,2024-12-28T21:20:24.194713,CLOSED,,SCADA-RTU-01,False
ALT-CSE-02-00518,CSE-02,CRITICAL,2024-12-22T10:22:56,2024-12-22T10:40:01.349892,2024-12-22T10:56:37.194097,CLOSED,,SUBSTATION-GW-02,False
ALT-CSE-02-00519,CSE-02,HIGH,2024-11-27T03:01:55,2024-11-27T03:13:42.755283,2024-11-27T03:31:37.245061,CLOSED,,GRID-MONITOR-03,False
ALT-CSE-02-00520,CSE-02,LOW,2024-11-23T18:16:36,2024-11-23T18:22:34.363784,2024-11-23T19:08:57.806494,CLOSED,,SCADA-RTU-01,False
ALT-CSE-02-00521,CSE-02,CRITICAL,2024-12-23T21:50:06,2024-12-23T22:00:14.526657,2024-12-23T22:19:47.450590,CLOSED,,ENERGY-EMS-SRV,False
ALT-CSE-02-00522,CSE-02,HIGH,2024-11-09T04:28:07,2024-11-09T04:32:16.921438,2024-11-09T05:12:12.686178,CLOSED,,SUBSTATION-GW-02,False
ALT-CSE-02-00523,CSE-02,HIGH,2024-12-23T08:05:35,2024-12-23T08:13:53.498804,2024-12-23T09:00:20.892716,CLOSED,,ENERGY-EMS-SRV,False
ALT-CSE-02-00524,CSE-02,HIGH,2024-10-30T19:45:27,2024-10-30T19:49:58.321496,2024-10-30T21:03:02.115296,CLOSED,,SCADA-RTU-01,False
ALT-CSE-02-00525,CSE-02,MEDIUM,2024-10-24T21:59:50,2024-10-24T22:10:38.785559,2024-10-24T22:33:10.138672,CLOSED,,CORP-FW-02,False
ALT-CSE-02-00526,CSE-02,MEDIUM,2024-12-12T20:38:50,2024-12-12T20:47:15.240523,2024-12-12T22:02:37.924015,CLOSED,,CORP-FW-02,False
ALT-CSE-02-00527,CSE-02,MEDIUM,2024-11-04T13:34:30,2024-11-04T13:46:59.259663,2024-11-04T14:09:46.007833,CLOSED,,GRID-MONITOR-03,False
ALT-CSE-02-00528,CSE-02,HIGH,2024-12-25T12:24:34,2024-12-25T12:31:17.724849,2024-12-25T12:55:35.458052,CLOSED,,SCADA-RTU-01,False
ALT-CSE-02-00529,CSE-02,HIGH,2024-12-23T08:01:08,2024-12-23T08:20:34.245919,2024-12-23T09:25:53.060104,CLOSED,,SCADA-RTU-01,False
ALT-CSE-02-00530,CSE-02,LOW,2024-12-12T03:12:05,2024-12-12T03:28:30.708146,2024-12-12T03:59:23.772747,CLOSED,,SUBSTATION-GW-02,False
ALT-CSE-02-00531,CSE-02,LOW,2024-12-15T21:42:54,2024-12-15T22:02:20.027368,2024-12-15T22:58:34.001454,CLOSED,,ENERGY-EMS-SRV,False
ALT-CSE-02-00532,CSE-02,LOW,2024-11-08T18:30:24,2024-11-08T18:41:03.600031,2024-11-08T19:07:08.214962,CLOSED,,SUBSTATION-GW-02,False
ALT-CSE-02-00533,CSE-02,MEDIUM,2024-10-30T04:39:31,2024-10-30T04:49:57.327745,2024-10-30T05:20:11.681307,CLOSED,,ENERGY-EMS-SRV,False
ALT-CSE-02-00534,CSE-02,LOW,2024-10-27T19:06:39,2024-10-27T19:15:27.208188,2024-10-27T20:19:40.854748,CLOSED,,GRID-MONITOR-03,False
ALT-CSE-02-00535,CSE-02,HIGH,2024-12-20T12:46:43,2024-12-20T12:52:16.810895,2024-12-20T13:34:57.632636,CLOSED,,CORP-FW-02,False
ALT-CSE-02-00536,CSE-02,HIGH,2024-11-20T04:50:02,2024-11-20T05:00:25.881255,2024-11-20T06:08:35.208030,CLOSED,,SUBSTATION-GW-02,False
ALT-CSE-02-00537,CSE-02,LOW,2024-10-01T18:49:16,2024-10-01T18:56:28.674289,2024-10-01T19:52:10.335247,CLOSED,,GRID-MONITOR-03,False
ALT-CSE-02-00538,CSE-02,HIGH,2024-11-12T06:39:51,2024-11-12T06:49:29.919950,2024-11-12T07:38:14.947839,CLOSED,,CORP-FW-02,False
ALT-CSE-02-00539,CSE-02,LOW,2024-11-18T17:51:27,2024-11-18T17:54:22.726160,2024-11-18T18:22:56.630564,CLOSED,,GRID-MONITOR-03,False
ALT-CSE-02-00540,CSE-02,LOW,2024-10-09T07:52:05,2024-10-09T07:59:41.981437,2024-10-09T08:54:55.958699,CLOSED,,SCADA-RTU-01,False
ALT-CSE-02-00541,CSE-02,HIGH,2024-11-12T01:16:32,2024-11-12T01:27:11.891572,2024-11-12T02:08:20.955911,CLOSED,,SCADA-RTU-01,False
ALT-CSE-02-00542,CSE-02,HIGH,2024-11-23T06:06:19,2024-11-23T06:09:42.825540,2024-11-23T07:00:57.819649,CLOSED,,GRID-MONITOR-03,False
ALT-CSE-02-00543,CSE-02,MEDIUM,2024-11-01T01:50:55,2024-11-01T02:00:32.104262,2024-11-01T02:24:17.608276,CLOSED,,SCADA-RTU-01,False
ALT-CSE-02-00544,CSE-02,HIGH,2024-11-23T04:44:11,2024-11-23T04:57:54.833646,2024-11-23T05:09:19.968413,CLOSED,,CORP-FW-02,False
ALT-CSE-02-00545,CSE-02,MEDIUM,2024-10-24T17:28:21,2024-10-24T17:46:59.457540,2024-10-24T18:40:14.795469,CLOSED,,ENERGY-EMS-SRV,False
ALT-CSE-02-00546,CSE-02,CRITICAL,2024-12-12T03:25:21,2024-12-12T03:30:52.870008,2024-12-12T04:16:37.553076,CLOSED,CAS-CSE-02-0033,CORP-FW-02,True
ALT-CSE-02-00547,CSE-02,HIGH,2024-11-02T13:10:02,2024-11-02T13:29:36.951346,2024-11-02T14:19:58.391623,CLOSED,,SCADA-RTU-01,False
ALT-CSE-02-00548,CSE-02,MEDIUM,2024-12-28T21:17:54,2024-12-28T21:34:51.417793,2024-12-28T21:53:49.978734,CLOSED,,SCADA-RTU-01,False
ALT-CSE-02-00549,CSE-02,HIGH,2024-10-15T21:27:13,2024-10-15T21:29:42.493177,2024-10-15T22:18:47.544882,CLOSED,,ENERGY-EMS-SRV,False
ALT-CSE-02-00550,CSE-02,CRITICAL,2024-11-01T01:05:28,2024-11-01T01:20:45.618169,2024-11-01T02:07:16.920221,CLOSED,CAS-CSE-02-0034,GRID-MONITOR-03,False
ALT-CSE-02-00551,CSE-02,LOW,2024-10-20T23:33:51,2024-10-20T23:51:07.708910,2024-10-21T00:32:36.296471,CLOSED,,SUBSTATION-GW-02,False
ALT-CSE-02-00552,CSE-02,HIGH,2024-10-04T01:25:01,2024-10-04T01:44:51.510905,2024-10-04T02:05:06.218017,CLOSED,,SUBSTATION-GW-02,False
ALT-CSE-02-00553,CSE-02,CRITICAL,2024-10-18T02:20:40,2024-10-18T02:23:30.966864,2024-10-18T03:10:13.344814,CLOSED,,SCADA-RTU-01,False
ALT-CSE-02-00554,CSE-02,LOW,2024-12-11T18:22:05,2024-12-11T18:35:08.065160,2024-12-11T18:50:05.792609,CLOSED,,SUBSTATION-GW-02,False
ALT-CSE-02-00555,CSE-02,HIGH,2024-10-30T18:46:22,2024-10-30T18:52:07.801980,2024-10-30T19:48:47.916713,CLOSED,,SUBSTATION-GW-02,False
ALT-CSE-02-00556,CSE-02,HIGH,2024-11-20T04:45:04,2024-11-20T04:53:53.139032,2024-11-20T06:13:18.144273,CLOSED,,SUBSTATION-GW-02,False
ALT-CSE-02-00557,CSE-02,HIGH,2024-11-28T00:45:11,2024-11-28T00:51:45.496015,2024-11-28T02:04:17.374938,CLOSED,,ENERGY-EMS-SRV,False
ALT-CSE-02-00558,CSE-02,HIGH,2024-10-22T00:39:50,2024-10-22T00:47:18.621619,2024-10-22T01:37:22.329474,CLOSED,,ENERGY-EMS-SRV,False
ALT-CSE-02-00559,CSE-02,MEDIUM,2024-11-11T13:46:15,2024-11-11T14:02:31.495383,2024-11-11T14:22:30.724307,CLOSED,,GRID-MONITOR-03,False
ALT-CSE-02-00560,CSE-02,HIGH,2024-10-26T23:36:21,2024-10-26T23:41:28.777052,2024-10-27T00:04:53.584187,CLOSED,,ENERGY-EMS-SRV,False
ALT-CSE-02-00561,CSE-02,HIGH,2024-12-12T20:27:07,2024-12-12T20:37:17.122432,2024-12-12T21:35:40.081730,CLOSED,,SUBSTATION-GW-02,False
ALT-CSE-02-00562,CSE-02,HIGH,2024-11-25T14:50:00,2024-11-25T15:01:54.158183,2024-11-25T15:55:37.837540,CLOSED,,GRID-MONITOR-03,False
ALT-CSE-02-00563,CSE-02,LOW,2024-11-04T14:01:57,2024-11-04T14:11:14.147127,2024-11-04T15:17:17.148422,CLOSED,,SUBSTATION-GW-02,False
ALT-CSE-02-00564,CSE-02,LOW,2024-11-09T06:03:01,2024-11-09T06:11:41.600417,2024-11-09T06:49:37.810933,CLOSED,,ENERGY-EMS-SRV,False
ALT-CSE-02-00565,CSE-02,HIGH,2024-12-27T02:41:12,2024-12-27T02:50:13.293663,2024-12-27T03:16:27.053614,CLOSED,,CORP-FW-02,False
ALT-CSE-02-00566,CSE-02,CRITICAL,2024-12-28T22:43:11,2024-12-28T22:52:40.880138,2024-12-28T23:27:41.570589,CLOSED,,ENERGY-EMS-SRV,False
ALT-CSE-02-00567,CSE-02,HIGH,2024-11-09T06:08:00,2024-11-09T06:25:16.915699,2024-11-09T07:18:22.079855,CLOSED,,GRID-MONITOR-03,False
ALT-CSE-02-00568,CSE-02,MEDIUM,2024-10-27T06:59:52,2024-10-27T07:18:29.708262,2024-10-27T07:50:27.846069,CLOSED,,SUBSTATION-GW-02,False
ALT-CSE-02-00569,CSE-02,HIGH,2024-11-24T11:40:28,2024-11-24T11:52:55.005038,2024-11-24T12:50:16.659100,CLOSED,,SUBSTATION-GW-02,False
ALT-CSE-02-00570,CSE-02,MEDIUM,2024-12-25T12:10:14,2024-12-25T12:26:01.142177,2024-12-25T13:11:04.632678,CLOSED,,SUBSTATION-GW-02,False
ALT-CSE-02-00571,CSE-02,CRITICAL,2024-10-20T15:58:15,2024-10-20T16:16:02.624109,2024-10-20T17:09:12.588947,CLOSED,,GRID-MONITOR-03,False
ALT-CSE-02-00572,CSE-02,LOW,2024-10-15T15:14:13,2024-10-15T15:21:34.635046,2024-10-15T16:01:14.143571,CLOSED,,GRID-MONITOR-03,False
ALT-CSE-02-00573,CSE-02,LOW,2024-12-07T18:05:24,2024-12-07T18:24:12.732685,2024-12-07T19:32:12.518271,CLOSED,,CORP-FW-02,False
ALT-CSE-02-00574,CSE-02,LOW,2024-11-01T10:55:54,2024-11-01T11:02:47.169725,2024-11-01T12:22:00.726035,CLOSED,,CORP-FW-02,False
ALT-CSE-02-00575,CSE-02,HIGH,2024-12-12T17:29:22,2024-12-12T17:39:05.499174,2024-12-12T18:37:50.147955,CLOSED,CAS-CSE-02-0035,CORP-FW-02,False
ALT-CSE-02-00576,CSE-02,CRITICAL,2024-11-24T21:43:34,2024-11-24T21:54:02.020029,2024-11-24T22:50:05.770376,CLOSED,,CORP-FW-02,False
ALT-CSE-02-00577,CSE-02,MEDIUM,2024-10-08T11:48:18,2024-10-08T11:57:46.503004,2024-10-08T12:36:20.490063,CLOSED,,CORP-FW-02,False
ALT-CSE-02-00578,CSE-02,CRITICAL,2024-11-08T05:16:27,2024-11-08T05:34:35.692189,2024-11-08T06:14:56.549308,CLOSED,,GRID-MONITOR-03,False
ALT-CSE-02-00579,CSE-02,CRITICAL,2024-10-24T18:31:33,2024-10-24T18:33:57.971142,2024-10-24T19:48:57.971924,CLOSED,,GRID-MONITOR-03,False
ALT-CSE-02-00580,CSE-02,CRITICAL,2024-12-07T02:27:26,2024-12-07T02:32:25.329864,2024-12-07T03:46:23.380840,CLOSED,CAS-CSE-02-0036,CORP-FW-02,True
ALT-CSE-02-00581,CSE-02,HIGH,2024-11-16T19:04:47,2024-11-16T19:24:02.639923,2024-11-16T20:28:31.960235,CLOSED,CAS-CSE-02-0037,ENERGY-EMS-SRV,False
ALT-CSE-02-00582,CSE-02,MEDIUM,2024-10-12T10:33:04,2024-10-12T10:37:26.360105,2024-10-12T11:06:01.695759,CLOSED,,SUBSTATION-GW-02,False
ALT-CSE-02-00583,CSE-02,MEDIUM,2024-10-29T22:02:28,2024-10-29T22:18:33.637005,2024-10-29T22:56:11.884110,CLOSED,,ENERGY-EMS-SRV,False
ALT-CSE-02-00584,CSE-02,LOW,2024-12-12T16:30:59,2024-12-12T16:43:23.404837,2024-12-12T17:50:01.255802,CLOSED,,ENERGY-EMS-SRV,False
ALT-CSE-02-00585,CSE-02,HIGH,2024-11-09T08:47:20,2024-11-09T08:53:01.524004,2024-11-09T10:05:22.184341,CLOSED,,GRID-MONITOR-03,False
ALT-CSE-02-00586,CSE-02,CRITICAL,2024-11-26T19:20:01,2024-11-26T19:37:30.420546,2024-11-26T20:23:16.661574,CLOSED,,SCADA-RTU-01,False
ALT-CSE-02-00587,CSE-02,HIGH,2024-12-19T16:16:30,2024-12-19T16:28:48.470033,2024-12-19T17:14:21.945727,CLOSED,,SCADA-RTU-01,False
ALT-CSE-02-00588,CSE-02,CRITICAL,2024-11-10T03:47:04,2024-11-10T04:01:42.717147,2024-11-10T04:36:58.744054,CLOSED,,GRID-MONITOR-03,False
ALT-CSE-02-00589,CSE-02,CRITICAL,2024-11-09T19:21:52,2024-11-09T19:31:59.617657,2024-11-09T20:30:33.716228,CLOSED,,CORP-FW-02,False
ALT-CSE-02-00590,CSE-02,HIGH,2024-11-01T21:46:43,2024-11-01T21:52:41.327531,2024-11-01T22:18:55.656449,CLOSED,,GRID-MONITOR-03,False
ALT-CSE-02-00591,CSE-02,CRITICAL,2024-11-03T23:20:10,2024-11-03T23:36:18.088619,2024-11-04T00:22:17.754904,CLOSED,,SUBSTATION-GW-02,False
ALT-CSE-02-00592,CSE-02,MEDIUM,2024-10-27T10:03:32,2024-10-27T10:18:41.892136,2024-10-27T10:30:44.160683,CLOSED,,SUBSTATION-GW-02,False
ALT-CSE-02-00593,CSE-02,HIGH,2024-10-27T10:12:52,2024-10-27T10:32:21.827838,2024-10-27T10:51:52.232277,CLOSED,,GRID-MONITOR-03,False
ALT-CSE-02-00594,CSE-02,LOW,2024-12-03T18:26:06,2024-12-03T18:42:30.116224,2024-12-03T19:53:18.290091,CLOSED,,SCADA-RTU-01,False
ALT-CSE-02-00595,CSE-02,HIGH,2024-12-20T03:36:42,2024-12-20T03:48:50.419895,2024-12-20T04:53:30.855502,CLOSED,,SCADA-RTU-01,False
ALT-CSE-02-00596,CSE-02,LOW,2024-12-23T23:32:18,2024-12-23T23:42:06.893192,2024-12-24T00:36:19.932175,CLOSED,,ENERGY-EMS-SRV,False
ALT-CSE-02-00597,CSE-02,LOW,2024-10-09T20:22:25,2024-10-09T20:26:17.027849,2024-10-09T20:48:05.645504,CLOSED,,CORP-FW-02,False
ALT-CSE-02-00598,CSE-02,MEDIUM,2024-10-09T01:29:33,2024-10-09T01:45:26.391786,2024-10-09T01:57:38.486519,CLOSED,,SUBSTATION-GW-02,False
ALT-CSE-02-00599,CSE-02,LOW,2024-10-04T18:04:00,2024-10-04T18:08:42.563902,2024-10-04T19:05:31.102849,CLOSED,,GRID-MONITOR-03,False
ALT-CSE-02-00600,CSE-02,LOW,2024-11-09T05:51:01,2024-11-09T06:09:30.256920,2024-11-09T07:20:58.082012,CLOSED,,SCADA-RTU-01,False
ALT-CSE-02-00601,CSE-02,LOW,2024-11-28T11:16:42,2024-11-28T11:19:24.719939,2024-11-28T12:00:40.714472,CLOSED,,SUBSTATION-GW-02,False
ALT-CSE-02-00602,CSE-02,HIGH,2024-12-26T22:14:37,2024-12-26T22:29:59.135443,2024-12-26T23:01:00.593822,CLOSED,,SUBSTATION-GW-02,False
ALT-CSE-02-00603,CSE-02,LOW,2024-10-21T08:14:23,2024-10-21T08:22:07.791606,2024-10-21T08:44:14.279822,CLOSED,,GRID-MONITOR-03,False
ALT-CSE-02-00604,CSE-02,MEDIUM,2024-12-05T04:14:31,2024-12-05T04:18:14.861834,2024-12-05T05:33:56.600388,CLOSED,,SCADA-RTU-01,False
ALT-CSE-02-00605,CSE-02,HIGH,2024-11-22T18:33:07,2024-11-22T18:41:59.730186,2024-11-22T19:03:18.366176,CLOSED,,SCADA-RTU-01,False
ALT-CSE-02-00606,CSE-02,LOW,2024-12-25T19:18:33,2024-12-25T19:22:06.323234,2024-12-25T20:15:45.498348,CLOSED,,SUBSTATION-GW-02,False
ALT-CSE-02-00607,CSE-02,MEDIUM,2024-10-10T11:47:59,2024-10-10T12:00:28.604114,2024-10-10T12:33:05.804586,CLOSED,,SCADA-RTU-01,False
ALT-CSE-02-00608,CSE-02,LOW,2024-10-30T11:06:05,2024-10-30T11:24:23.709199,2024-10-30T12:14:34.126931,CLOSED,CAS-CSE-02-0038,CORP-FW-02,False
ALT-CSE-02-00609,CSE-02,LOW,2024-10-09T13:40:19,2024-10-09T13:47:31.474435,2024-10-09T14:13:04.001284,CLOSED,,GRID-MONITOR-03,False
ALT-CSE-02-00610,CSE-02,LOW,2024-10-30T00:53:34,2024-10-30T01:01:16.482891,2024-10-30T02:17:37.691877,CLOSED,,SCADA-RTU-01,False
ALT-CSE-02-00611,CSE-02,MEDIUM,2024-11-28T23:44:43,2024-11-28T23:50:33.176905,2024-11-29T00:38:03.945262,CLOSED,,ENERGY-EMS-SRV,False
ALT-CSE-02-00612,CSE-02,HIGH,2024-10-29T14:23:02,2024-10-29T14:40:31.001201,2024-10-29T15:00:13.336957,CLOSED,,CORP-FW-02,False
ALT-CSE-02-00613,CSE-02,MEDIUM,2024-10-08T17:41:37,2024-10-08T17:44:17.509963,2024-10-08T18:48:01.893430,CLOSED,,SCADA-RTU-01,False
ALT-CSE-02-00614,CSE-02,MEDIUM,2024-11-06T19:01:09,2024-11-06T19:05:20.883371,2024-11-06T20:03:41.621848,CLOSED,,SUBSTATION-GW-02,False
ALT-CSE-02-00615,CSE-02,MEDIUM,2024-10-12T13:13:16,2024-10-12T13:21:32.219181,2024-10-12T14:35:16.216361,CLOSED,,SUBSTATION-GW-02,False
ALT-CSE-02-00616,CSE-02,CRITICAL,2024-11-02T13:48:27,2024-11-02T13:54:22.218586,2024-11-02T14:16:47.456751,CLOSED,,GRID-MONITOR-03,False
ALT-CSE-02-00617,CSE-02,LOW,2024-10-19T00:21:13,2024-10-19T00:30:12.618944,2024-10-19T01:12:38.427819,CLOSED,,ENERGY-EMS-SRV,False
ALT-CSE-02-00618,CSE-02,HIGH,2024-11-01T09:03:08,2024-11-01T09:08:17.540390,2024-11-01T10:10:46.353390,CLOSED,,SCADA-RTU-01,False
ALT-CSE-02-00619,CSE-02,CRITICAL,2024-12-01T10:59:20,2024-12-01T11:07:52.346874,2024-12-01T11:55:57.579321,CLOSED,,GRID-MONITOR-03,False
ALT-CSE-02-00620,CSE-02,MEDIUM,2024-11-27T23:36:06,2024-11-27T23:50:47.169588,2024-11-28T00:19:02.077220,CLOSED,,ENERGY-EMS-SRV,False
ALT-CSE-02-00621,CSE-02,HIGH,2024-11-28T16:36:29,2024-11-28T16:43:33.912661,2024-11-28T17:38:32.831038,CLOSED,,SUBSTATION-GW-02,False
ALT-CSE-02-00622,CSE-02,LOW,2024-10-03T23:21:45,2024-10-03T23:30:23.783764,2024-10-04T00:25:09.303592,CLOSED,,ENERGY-EMS-SRV,False
ALT-CSE-02-00623,CSE-02,HIGH,2024-11-03T18:35:29,2024-11-03T18:54:23.206502,2024-11-03T20:00:05.356686,CLOSED,,ENERGY-EMS-SRV,False
ALT-CSE-02-00624,CSE-02,MEDIUM,2024-10-29T18:17:52,2024-10-29T18:35:49.433714,2024-10-29T19:38:13.777351,CLOSED,,SCADA-RTU-01,False
ALT-CSE-02-00625,CSE-02,HIGH,2024-11-07T20:06:17,2024-11-07T20:15:33.543922,2024-11-07T21:20:42.644420,CLOSED,,ENERGY-EMS-SRV,False
ALT-CSE-02-00626,CSE-02,CRITICAL,2024-11-07T03:56:44,2024-11-07T04:14:27.881929,2024-11-07T04:52:42.002668,CLOSED,,SCADA-RTU-01,False
ALT-CSE-02-00627,CSE-02,HIGH,2024-12-03T11:43:10,2024-12-03T12:01:44.659858,2024-12-03T12:15:23.803246,CLOSED,,GRID-MONITOR-03,False
ALT-CSE-02-00628,CSE-02,MEDIUM,2024-11-10T20:57:10,2024-11-10T21:14:40.037572,2024-11-10T21:39:06.640339,CLOSED,,CORP-FW-02,False
ALT-CSE-02-00629,CSE-02,HIGH,2024-12-18T10:50:19,2024-12-18T10:54:09.816014,2024-12-18T11:15:39.077611,CLOSED,,GRID-MONITOR-03,False
ALT-CSE-02-00630,CSE-02,HIGH,2024-11-28T04:56:52,2024-11-28T04:59:55.714043,2024-11-28T05:39:32.579019,CLOSED,,SCADA-RTU-01,False
ALT-CSE-02-00631,CSE-02,HIGH,2024-11-22T01:39:59,2024-11-22T01:44:30.976082,2024-11-22T02:35:38.678296,CLOSED,,CORP-FW-02,False
ALT-CSE-02-00632,CSE-02,MEDIUM,2024-10-12T19:36:56,2024-10-12T19:45:15.268302,2024-10-12T20:53:27.700063,CLOSED,,SUBSTATION-GW-02,False
ALT-CSE-02-00633,CSE-02,CRITICAL,2024-10-15T09:03:32,2024-10-15T09:08:47.459798,2024-10-15T10:04:40.658941,CLOSED,,CORP-FW-02,False
ALT-CSE-02-00634,CSE-02,HIGH,2024-11-01T17:21:51,2024-11-01T17:39:26.634452,2024-11-01T18:21:02.434470,CLOSED,,CORP-FW-02,False
ALT-CSE-02-00635,CSE-02,MEDIUM,2024-10-29T20:26:00,2024-10-29T20:28:34.505763,2024-10-29T21:08:44.386192,CLOSED,,CORP-FW-02,False
ALT-CSE-02-00636,CSE-02,HIGH,2024-11-28T18:32:36,2024-11-28T18:49:02.736470,2024-11-28T19:12:25.874808,CLOSED,,SCADA-RTU-01,False
ALT-CSE-02-00637,CSE-02,MEDIUM,2024-10-24T21:51:41,2024-10-24T21:59:55.791616,2024-10-24T22:18:36.834890,CLOSED,,ENERGY-EMS-SRV,False
ALT-CSE-02-00638,CSE-02,CRITICAL,2024-12-15T16:59:33,2024-12-15T17:18:32.173409,2024-12-15T18:24:50.817791,CLOSED,,CORP-FW-02,False
ALT-CSE-02-00639,CSE-02,MEDIUM,2024-12-29T15:59:39,2024-12-29T16:16:30.693397,2024-12-29T17:16:06.028098,CLOSED,,SCADA-RTU-01,False
ALT-CSE-02-00640,CSE-02,MEDIUM,2024-12-04T13:20:25,2024-12-04T13:28:53.134945,2024-12-04T14:17:13.562788,CLOSED,,CORP-FW-02,False
ALT-CSE-02-00641,CSE-02,MEDIUM,2024-11-20T21:27:11,2024-11-20T21:33:30.485215,2024-11-20T22:00:28.740446,CLOSED,,SCADA-RTU-01,False
ALT-CSE-02-00642,CSE-02,CRITICAL,2024-10-30T03:17:17,2024-10-30T03:21:07.512799,2024-10-30T04:00:59.023914,CLOSED,,ENERGY-EMS-SRV,False
ALT-CSE-02-00643,CSE-02,HIGH,2024-10-08T11:53:31,2024-10-08T12:06:33.325583,2024-10-08T13:15:10.189383,CLOSED,,CORP-FW-02,False
ALT-CSE-02-00644,CSE-02,MEDIUM,2024-10-10T06:46:49,2024-10-10T07:05:33.221708,2024-10-10T07:28:53.284354,CLOSED,,GRID-MONITOR-03,False
ALT-CSE-02-00645,CSE-02,MEDIUM,2024-10-28T22:42:32,2024-10-28T22:57:43.385013,2024-10-28T23:48:24.351433,CLOSED,,SUBSTATION-GW-02,False
ALT-CSE-02-00646,CSE-02,CRITICAL,2024-11-19T12:14:41,2024-11-19T12:28:49.065450,2024-11-19T13:39:53.719679,CLOSED,,GRID-MONITOR-03,False
ALT-CSE-02-00647,CSE-02,HIGH,2024-11-03T10:24:01,2024-11-03T10:34:58.539631,2024-11-03T11:48:20.634380,CLOSED,,SCADA-RTU-01,False
ALT-CSE-02-00648,CSE-02,MEDIUM,2024-10-23T01:45:03,2024-10-23T01:55:24.831883,2024-10-23T02:48:05.213004,CLOSED,,SUBSTATION-GW-02,False
ALT-CSE-02-00649,CSE-02,CRITICAL,2024-12-19T23:50:36,2024-12-20T00:04:29.505578,2024-12-20T01:02:45.002845,CLOSED,,ENERGY-EMS-SRV,False
ALT-CSE-02-00650,CSE-02,LOW,2024-12-27T18:08:43,2024-12-27T18:15:01.714854,2024-12-27T19:20:32.936703,CLOSED,,SCADA-RTU-01,False
ALT-CSE-02-00651,CSE-02,HIGH,2024-11-02T05:27:41,2024-11-02T05:39:37.753563,2024-11-02T06:54:56.504396,CLOSED,,ENERGY-EMS-SRV,False
ALT-CSE-02-00652,CSE-02,MEDIUM,2024-10-30T17:10:26,2024-10-30T17:24:59.702561,2024-10-30T17:36:47.337895,CLOSED,,SUBSTATION-GW-02,False
ALT-CSE-02-00653,CSE-02,MEDIUM,2024-12-11T12:20:03,2024-12-11T12:22:03.715714,2024-12-11T13:12:17.497258,CLOSED,,CORP-FW-02,False
ALT-CSE-02-00654,CSE-02,MEDIUM,2024-12-06T22:34:57,2024-12-06T22:42:18.880301,2024-12-06T23:58:03.066140,CLOSED,,CORP-FW-02,False
ALT-CSE-02-00655,CSE-02,HIGH,2024-11-06T15:05:04,2024-11-06T15:08:16.011798,2024-11-06T15:33:13.036664,CLOSED,,GRID-MONITOR-03,False
ALT-CSE-02-00656,CSE-02,HIGH,2024-11-13T22:02:42,2024-11-13T22:18:18.637705,2024-11-13T22:51:49.893130,CLOSED,,SCADA-RTU-01,False
ALT-CSE-02-00657,CSE-02,HIGH,2024-10-14T23:18:54,2024-10-14T23:28:53.692111,2024-10-14T23:49:57.610341,CLOSED,,CORP-FW-02,False
ALT-CSE-02-00658,CSE-02,CRITICAL,2024-11-27T01:32:49,2024-11-27T01:50:59.831777,2024-11-27T02:01:37.486223,CLOSED,,SCADA-RTU-01,False
ALT-CSE-02-00659,CSE-02,MEDIUM,2024-10-19T21:06:15,2024-10-19T21:16:52.223481,2024-10-19T21:57:09.026245,CLOSED,,CORP-FW-02,False
ALT-CSE-02-00660,CSE-02,LOW,2024-10-29T17:10:22,2024-10-29T17:17:12.901510,2024-10-29T18:05:15.344727,CLOSED,,SUBSTATION-GW-02,False
ALT-CSE-02-00661,CSE-02,HIGH,2024-12-25T02:15:06,2024-12-25T02:31:42.519438,2024-12-25T03:14:38.864670,CLOSED,,SUBSTATION-GW-02,False
ALT-CSE-02-00662,CSE-02,MEDIUM,2024-12-27T11:22:31,2024-12-27T11:29:01.574820,2024-12-27T12:01:20.108250,CLOSED,,SCADA-RTU-01,False
ALT-CSE-02-00663,CSE-02,HIGH,2024-11-14T02:45:25,2024-11-14T03:00:11.193085,2024-11-14T03:30:25.475425,CLOSED,,ENERGY-EMS-SRV,False
ALT-CSE-02-00664,CSE-02,HIGH,2024-12-24T18:29:00,2024-12-24T18:38:10.185899,2024-12-24T19:01:01.248226,CLOSED,,ENERGY-EMS-SRV,False
ALT-CSE-02-00665,CSE-02,HIGH,2024-12-22T02:57:38,2024-12-22T03:16:51.223022,2024-12-22T04:22:57.849530,CLOSED,,GRID-MONITOR-03,False
ALT-CSE-02-00666,CSE-02,MEDIUM,2024-11-06T18:43:22,2024-11-06T18:45:38.142010,2024-11-06T19:26:24.446620,CLOSED,,SCADA-RTU-01,False
ALT-CSE-02-00667,CSE-02,HIGH,2024-12-14T01:39:35,2024-12-14T01:45:24.926512,2024-12-14T02:47:17.919990,CLOSED,,ENERGY-EMS-SRV,False
ALT-CSE-02-00668,CSE-02,MEDIUM,2024-10-29T06:21:03,2024-10-29T06:29:30.543238,2024-10-29T07:46:33.578146,CLOSED,,ENERGY-EMS-SRV,False
ALT-CSE-02-00669,CSE-02,MEDIUM,2024-12-29T11:32:10,2024-12-29T11:48:45.264576,2024-12-29T12:31:18.906871,CLOSED,,ENERGY-EMS-SRV,False
ALT-CSE-02-00670,CSE-02,CRITICAL,2024-12-20T09:42:16,2024-12-20T09:46:47.007168,2024-12-20T10:35:32.825084,CLOSED,,CORP-FW-02,False
ALT-CSE-02-00671,CSE-02,MEDIUM,2024-11-12T23:23:01,2024-11-12T23:27:51.566165,2024-11-13T00:19:33.954468,CLOSED,,CORP-FW-02,False
ALT-CSE-02-00672,CSE-02,CRITICAL,2024-10-13T17:18:11,2024-10-13T17:20:39.558230,2024-10-13T17:48:50.350184,CLOSED,,SUBSTATION-GW-02,False
ALT-CSE-02-00673,CSE-02,LOW,2024-11-04T20:57:22,2024-11-04T21:11:41.256801,2024-11-04T22:00:44.327122,CLOSED,,GRID-MONITOR-03,False
ALT-CSE-02-00674,CSE-02,MEDIUM,2024-11-16T02:27:18,2024-11-16T02:44:45.112903,2024-11-16T03:46:31.429987,CLOSED,,SUBSTATION-GW-02,False
ALT-CSE-02-00675,CSE-02,LOW,2024-12-12T23:10:42,2024-12-12T23:13:17.658330,2024-12-12T23:49:42.250456,CLOSED,,CORP-FW-02,False
ALT-CSE-02-00676,CSE-02,CRITICAL,2024-10-05T09:13:30,2024-10-05T09:20:56.235982,2024-10-05T10:29:12.916585,CLOSED,,SCADA-RTU-01,False
ALT-CSE-02-00677,CSE-02,CRITICAL,2024-10-05T09:03:05,2024-10-05T09:12:36.425796,2024-10-05T10:11:43.555279,CLOSED,CAS-CSE-02-0039,SUBSTATION-GW-02,False
ALT-CSE-02-00678,CSE-02,HIGH,2024-11-30T02:21:47,2024-11-30T02:27:50.748358,2024-11-30T03:26:03.361759,CLOSED,,SCADA-RTU-01,False
ALT-CSE-02-00679,CSE-02,CRITICAL,2024-12-02T17:35:11,2024-12-02T17:37:34.413200,2024-12-02T18:46:15.059385,CLOSED,,GRID-MONITOR-03,False
ALT-CSE-02-00680,CSE-02,CRITICAL,2024-10-15T04:43:43,2024-10-15T04:49:01.942335,2024-10-15T05:30:50.996927,CLOSED,,ENERGY-EMS-SRV,False
ALT-CSE-02-00681,CSE-02,MEDIUM,2024-10-07T05:06:29,2024-10-07T05:17:44.252573,2024-10-07T05:55:26.018242,CLOSED,,ENERGY-EMS-SRV,False
ALT-CSE-02-00682,CSE-02,CRITICAL,2024-11-13T15:24:14,2024-11-13T15:36:39.716485,2024-11-13T16:29:38.431403,CLOSED,,SUBSTATION-GW-02,False
ALT-CSE-02-00683,CSE-02,CRITICAL,2024-12-17T01:58:18,2024-12-17T02:14:20.006942,2024-12-17T03:10:33.129624,CLOSED,,SUBSTATION-GW-02,False
ALT-CSE-02-00684,CSE-02,MEDIUM,2024-10-09T01:02:24,2024-10-09T01:21:43.363016,2024-10-09T02:09:42.469304,CLOSED,,CORP-FW-02,False
ALT-CSE-02-00685,CSE-02,MEDIUM,2024-10-28T15:46:50,2024-10-28T15:54:48.017470,2024-10-28T16:30:39.538690,CLOSED,,SUBSTATION-GW-02,False
ALT-CSE-02-00686,CSE-02,HIGH,2024-12-15T23:03:26,2024-12-15T23:18:45.297239,2024-12-16T00:08:24.261108,CLOSED,,ENERGY-EMS-SRV,False
ALT-CSE-02-00687,CSE-02,CRITICAL,2024-11-29T15:22:24,2024-11-29T15:36:59.243579,2024-11-29T15:54:11.199434,CLOSED,,GRID-MONITOR-03,False
ALT-CSE-02-00688,CSE-02,LOW,2024-11-11T13:05:54,2024-11-11T13:25:20.732181,2024-11-11T14:17:08.843810,CLOSED,,ENERGY-EMS-SRV,False
ALT-CSE-02-00689,CSE-02,CRITICAL,2024-11-15T17:20:58,2024-11-15T17:34:37.950827,2024-11-15T18:35:20.696466,CLOSED,CAS-CSE-02-0040,SUBSTATION-GW-02,True
ALT-CSE-02-00690,CSE-02,MEDIUM,2024-12-19T17:55:24,2024-12-19T18:10:00.316659,2024-12-19T18:41:16.493488,CLOSED,,GRID-MONITOR-03,False
ALT-CSE-02-00691,CSE-02,MEDIUM,2024-12-17T09:30:08,2024-12-17T09:45:07.070123,2024-12-17T09:59:01.509004,CLOSED,,SCADA-RTU-01,False
ALT-CSE-02-00692,CSE-02,MEDIUM,2024-11-07T22:36:37,2024-11-07T22:47:13.737263,2024-11-07T23:37:10.668431,CLOSED,,SCADA-RTU-01,False
ALT-CSE-02-00693,CSE-02,HIGH,2024-12-20T04:29:58,2024-12-20T04:40:34.049236,2024-12-20T05:22:45.554215,CLOSED,,SUBSTATION-GW-02,False
ALT-CSE-02-00694,CSE-02,CRITICAL,2024-12-06T09:43:53,2024-12-06T09:54:38.197941,2024-12-06T10:43:55.689193,CLOSED,,SCADA-RTU-01,False
ALT-CSE-02-00695,CSE-02,LOW,2024-11-06T18:05:14,2024-11-06T18:21:58.234284,2024-11-06T19:03:49.585259,CLOSED,,CORP-FW-02,False
ALT-CSE-02-00696,CSE-02,HIGH,2024-10-22T10:11:56,2024-10-22T10:30:20.544026,2024-10-22T10:42:22.773377,CLOSED,,SUBSTATION-GW-02,False
ALT-CSE-02-00697,CSE-02,MEDIUM,2024-10-19T16:42:33,2024-10-19T16:44:56.299323,2024-10-19T17:09:25.780220,CLOSED,,GRID-MONITOR-03,False
ALT-CSE-02-00698,CSE-02,LOW,2024-12-15T01:00:31,2024-12-15T01:18:51.996990,2024-12-15T02:02:33.210595,CLOSED,,SUBSTATION-GW-02,False
ALT-CSE-02-00699,CSE-02,LOW,2024-12-08T06:11:58,2024-12-08T06:26:31.074733,2024-12-08T06:50:25.998404,CLOSED,,ENERGY-EMS-SRV,False
ALT-CSE-02-00700,CSE-02,MEDIUM,2024-11-30T19:32:44,2024-11-30T19:43:46.381237,2024-11-30T20:22:26.385379,CLOSED,,SUBSTATION-GW-02,False
ALT-CSE-02-00701,CSE-02,LOW,2024-12-13T07:11:51,2024-12-13T07:31:12.597099,2024-12-13T08:23:14.061896,CLOSED,,CORP-FW-02,False
ALT-CSE-02-00702,CSE-02,HIGH,2024-12-06T07:31:53,2024-12-06T07:42:49.686893,2024-12-06T08:19:08.744210,CLOSED,,ENERGY-EMS-SRV,False
ALT-CSE-02-00703,CSE-02,LOW,2024-12-29T06:14:25,2024-12-29T06:25:50.696333,2024-12-29T06:42:05.852068,CLOSED,,ENERGY-EMS-SRV,False
ALT-CSE-02-00704,CSE-02,MEDIUM,2024-10-03T22:40:58,2024-10-03T22:57:37.687125,2024-10-03T23:58:12.930987,CLOSED,,GRID-MONITOR-03,False
ALT-CSE-02-00705,CSE-02,HIGH,2024-10-18T20:43:32,2024-10-18T20:53:17.569186,2024-10-18T22:04:48.614708,CLOSED,,ENERGY-EMS-SRV,False
ALT-CSE-02-00706,CSE-02,CRITICAL,2024-10-15T00:42:33,2024-10-15T00:53:19.879896,2024-10-15T02:12:07.350493,CLOSED,,ENERGY-EMS-SRV,False
ALT-CSE-02-00707,CSE-02,HIGH,2024-12-18T10:18:24,2024-12-18T10:36:46.354167,2024-12-18T11:15:11.134897,CLOSED,,GRID-MONITOR-03,False
ALT-CSE-02-00708,CSE-02,HIGH,2024-12-12T22:49:16,2024-12-12T22:58:12.775085,2024-12-12T23:44:46.120507,CLOSED,,CORP-FW-02,False
ALT-CSE-02-00709,CSE-02,HIGH,2024-10-29T11:54:59,2024-10-29T12:07:34.775022,2024-10-29T12:30:21.996644,CLOSED,,CORP-FW-02,False
ALT-CSE-02-00710,CSE-02,HIGH,2024-11-05T16:35:20,2024-11-05T16:52:16.897852,2024-11-05T17:01:44.552871,CLOSED,,SUBSTATION-GW-02,False
ALT-CSE-02-00711,CSE-02,HIGH,2024-11-10T03:00:08,2024-11-10T03:12:32.882019,2024-11-10T04:28:13.709195,CLOSED,,GRID-MONITOR-03,False
ALT-CSE-02-00712,CSE-02,MEDIUM,2024-11-02T09:49:01,2024-11-02T10:06:28.448135,2024-11-02T10:23:18.678664,CLOSED,,GRID-MONITOR-03,False
ALT-CSE-02-00713,CSE-02,MEDIUM,2024-12-12T21:14:36,2024-12-12T21:24:39.094880,2024-12-12T22:06:45.773422,CLOSED,,CORP-FW-02,False
ALT-CSE-02-00714,CSE-02,LOW,2024-12-11T19:36:52,2024-12-11T19:44:37.142821,2024-12-11T20:03:16.961134,CLOSED,,SUBSTATION-GW-02,False
ALT-CSE-02-00715,CSE-02,HIGH,2024-12-25T04:20:25,2024-12-25T04:27:15.834157,2024-12-25T04:54:25.083858,CLOSED,,SCADA-RTU-01,False
ALT-CSE-02-00716,CSE-02,HIGH,2024-12-24T08:09:46,2024-12-24T08:25:51.187028,2024-12-24T08:58:53.867340,CLOSED,CAS-CSE-02-0041,ENERGY-EMS-SRV,True
ALT-CSE-02-00717,CSE-02,LOW,2024-11-14T19:18:03,2024-11-14T19:29:57.112175,2024-11-14T20:38:45.419971,CLOSED,,SCADA-RTU-01,False
ALT-CSE-02-00718,CSE-02,HIGH,2024-11-03T11:38:57,2024-11-03T11:58:27.263002,2024-11-03T12:50:56.854272,CLOSED,,SUBSTATION-GW-02,False
ALT-CSE-02-00719,CSE-02,HIGH,2024-12-23T21:18:36,2024-12-23T21:29:57.332584,2024-12-23T22:28:58.646509,CLOSED,,SCADA-RTU-01,False
ALT-CSE-02-00720,CSE-02,HIGH,2024-12-03T01:58:50,2024-12-03T02:11:49.841261,2024-12-03T02:32:32.422040,CLOSED,,CORP-FW-02,False
ALT-CSE-02-00721,CSE-02,MEDIUM,2024-10-14T23:35:12,2024-10-14T23:51:08.104966,2024-10-15T00:12:44.964681,CLOSED,,SUBSTATION-GW-02,False
ALT-CSE-02-00722,CSE-02,MEDIUM,2024-12-29T22:49:10,2024-12-29T23:01:22.776911,2024-12-29T23:59:52.324774,CLOSED,,GRID-MONITOR-03,False
ALT-CSE-02-00723,CSE-02,HIGH,2024-12-14T08:45:47,2024-12-14T09:00:55.231367,2024-12-14T09:11:32.827792,CLOSED,,SUBSTATION-GW-02,False
ALT-CSE-02-00724,CSE-02,MEDIUM,2024-12-22T09:37:11,2024-12-22T09:54:42.923763,2024-12-22T11:05:51.176028,CLOSED,,SUBSTATION-GW-02,False
ALT-CSE-02-00725,CSE-02,CRITICAL,2024-10-07T12:58:06,2024-10-07T13:17:53.514678,2024-10-07T14:20:30.795313,CLOSED,,SCADA-RTU-01,False
ALT-CSE-02-00726,CSE-02,LOW,2024-12-21T15:41:56,2024-12-21T15:44:48.931187,2024-12-21T17:04:39.649756,CLOSED,,ENERGY-EMS-SRV,False
ALT-CSE-02-00727,CSE-02,MEDIUM,2024-10-27T01:28:05,2024-10-27T01:32:21.620200,2024-10-27T02:46:11.716434,CLOSED,,CORP-FW-02,False
ALT-CSE-02-00728,CSE-02,HIGH,2024-12-13T02:00:24,2024-12-13T02:06:13.517576,2024-12-13T03:20:35.549643,CLOSED,,GRID-MONITOR-03,False
ALT-CSE-02-00729,CSE-02,CRITICAL,2024-12-16T16:47:42,2024-12-16T16:58:52.269517,2024-12-16T18:13:42.168662,CLOSED,,CORP-FW-02,False
ALT-CSE-02-00730,CSE-02,HIGH,2024-12-10T06:32:00,2024-12-10T06:47:19.271453,2024-12-10T07:02:34.596482,CLOSED,,SCADA-RTU-01,False
ALT-CSE-02-00731,CSE-02,LOW,2024-12-02T03:34:33,2024-12-02T03:48:44.352672,2024-12-02T04:38:58.699439,CLOSED,,GRID-MONITOR-03,False
ALT-CSE-02-00732,CSE-02,LOW,2024-11-28T04:41:21,2024-11-28T04:45:44.727251,2024-11-28T05:42:53.935902,CLOSED,,GRID-MONITOR-03,False
ALT-CSE-02-00733,CSE-02,HIGH,2024-12-09T10:31:07,2024-12-09T10:48:07.658901,2024-12-09T11:03:30.526069,CLOSED,,ENERGY-EMS-SRV,False
ALT-CSE-02-00734,CSE-02,MEDIUM,2024-12-14T03:18:42,2024-12-14T03:36:18.538884,2024-12-14T04:42:43.577411,CLOSED,,ENERGY-EMS-SRV,False
ALT-CSE-02-00735,CSE-02,CRITICAL,2024-12-03T09:47:44,2024-12-03T10:07:10.653264,2024-12-03T11:09:35.016830,CLOSED,CAS-CSE-02-0042,GRID-MONITOR-03,False
ALT-CSE-02-00736,CSE-02,CRITICAL,2024-11-03T11:51:47,2024-11-03T12:07:57.049816,2024-11-03T12:51:16.325682,CLOSED,,SCADA-RTU-01,False
ALT-CSE-02-00737,CSE-02,MEDIUM,2024-10-05T17:40:59,2024-10-05T17:46:53.076107,2024-10-05T18:40:02.298393,CLOSED,,SCADA-RTU-01,False
ALT-CSE-02-00738,CSE-02,HIGH,2024-12-01T22:46:53,2024-12-01T22:50:06.588738,2024-12-01T23:30:12.197549,CLOSED,,SCADA-RTU-01,False
ALT-CSE-02-00739,CSE-02,HIGH,2024-11-07T09:01:35,2024-11-07T09:19:40.114801,2024-11-07T09:48:40.728796,CLOSED,,ENERGY-EMS-SRV,False
ALT-CSE-02-00740,CSE-02,CRITICAL,2024-12-01T14:02:19,2024-12-01T14:16:05.892574,2024-12-01T14:45:09.317809,CLOSED,,GRID-MONITOR-03,False
ALT-CSE-02-00741,CSE-02,HIGH,2024-11-01T00:59:55,2024-11-01T01:08:15.444700,2024-11-01T01:28:09.760853,CLOSED,,SCADA-RTU-01,False
ALT-CSE-02-00742,CSE-02,CRITICAL,2024-11-09T03:47:38,2024-11-09T03:58:55.625195,2024-11-09T04:33:17.268508,CLOSED,,SCADA-RTU-01,False
ALT-CSE-02-00743,CSE-02,HIGH,2024-12-19T04:34:58,2024-12-19T04:45:04.867209,2024-12-19T05:17:00.829740,CLOSED,,CORP-FW-02,False
ALT-CSE-02-00744,CSE-02,CRITICAL,2024-12-26T06:32:06,2024-12-26T06:42:25.596854,2024-12-26T07:56:22.399031,CLOSED,,CORP-FW-02,False
ALT-CSE-02-00745,CSE-02,MEDIUM,2024-11-24T05:59:32,2024-11-24T06:13:09.505086,2024-11-24T06:37:48.403142,CLOSED,,GRID-MONITOR-03,False
ALT-CSE-02-00746,CSE-02,CRITICAL,2024-11-05T12:24:27,2024-11-05T12:35:44.233444,2024-11-05T13:14:45.122677,CLOSED,,CORP-FW-02,False
ALT-CSE-02-00747,CSE-02,LOW,2024-10-11T22:53:45,2024-10-11T22:57:17.002451,2024-10-11T23:55:53.016374,CLOSED,,GRID-MONITOR-03,False
ALT-CSE-02-00748,CSE-02,HIGH,2024-11-26T05:29:59,2024-11-26T05:45:13.710610,2024-11-26T06:28:52.133420,CLOSED,,SUBSTATION-GW-02,False
ALT-CSE-02-00749,CSE-02,HIGH,2024-11-16T06:18:11,2024-11-16T06:35:50.367941,2024-11-16T07:29:56.726913,CLOSED,,ENERGY-EMS-SRV,False
ALT-CSE-02-00750,CSE-02,LOW,2024-11-22T01:41:32,2024-11-22T01:47:15.969716,2024-11-22T02:18:51.406120,CLOSED,,CORP-FW-02,False
ALT-CSE-02-00751,CSE-02,CRITICAL,2024-11-03T18:22:49,2024-11-03T18:32:24.740576,2024-11-03T19:16:23.953398,CLOSED,,ENERGY-EMS-SRV,False
ALT-CSE-02-00752,CSE-02,HIGH,2024-10-24T05:52:42,2024-10-24T06:12:28.379999,2024-10-24T06:55:18.159502,CLOSED,,CORP-FW-02,False
ALT-CSE-02-00753,CSE-02,CRITICAL,2024-10-16T11:00:53,2024-10-16T11:09:51.928023,2024-10-16T12:08:44.886801,CLOSED,,GRID-MONITOR-03,False
ALT-CSE-02-00754,CSE-02,HIGH,2024-10-05T04:55:47,2024-10-05T04:58:58.858702,2024-10-05T05:42:14.978425,CLOSED,,GRID-MONITOR-03,False
ALT-CSE-02-00755,CSE-02,HIGH,2024-11-17T01:50:46,2024-11-17T02:03:39.132534,2024-11-17T02:29:17.268214,CLOSED,,SUBSTATION-GW-02,False
ALT-CSE-02-00756,CSE-02,CRITICAL,2024-12-16T13:47:17,2024-12-16T13:58:33.673515,2024-12-16T14:25:34.583351,CLOSED,,GRID-MONITOR-03,False
ALT-CSE-02-00757,CSE-02,CRITICAL,2024-12-13T04:49:49,2024-12-13T04:58:43.988547,2024-12-13T05:53:19.855179,CLOSED,,SUBSTATION-GW-02,False
ALT-CSE-02-00758,CSE-02,HIGH,2024-10-07T18:15:18,2024-10-07T18:28:47.009052,2024-10-07T19:33:00.923895,CLOSED,,SUBSTATION-GW-02,False
ALT-CSE-02-00759,CSE-02,HIGH,2024-12-24T22:24:12,2024-12-24T22:35:31.287688,2024-12-24T23:50:31.212454,CLOSED,,SUBSTATION-GW-02,False
ALT-CSE-02-00760,CSE-02,CRITICAL,2024-11-22T20:28:13,2024-11-22T20:38:37.484995,2024-11-22T21:05:35.729332,CLOSED,,CORP-FW-02,False
ALT-CSE-02-00761,CSE-02,LOW,2024-12-29T16:44:40,2024-12-29T16:55:09.653475,2024-12-29T18:07:15.404234,CLOSED,,GRID-MONITOR-03,False
ALT-CSE-02-00762,CSE-02,MEDIUM,2024-10-22T17:23:57,2024-10-22T17:35:57.015477,2024-10-22T18:35:25.595957,CLOSED,,GRID-MONITOR-03,False
ALT-CSE-02-00763,CSE-02,MEDIUM,2024-11-15T13:10:54,2024-11-15T13:21:06.350988,2024-11-15T14:24:26.892360,CLOSED,,SCADA-RTU-01,False
ALT-CSE-02-00764,CSE-02,LOW,2024-11-18T16:01:36,2024-11-18T16:08:51.888571,2024-11-18T16:47:20.253739,CLOSED,,GRID-MONITOR-03,False
ALT-CSE-02-00765,CSE-02,MEDIUM,2024-12-29T11:20:52,2024-12-29T11:29:53.130793,2024-12-29T11:45:56.277165,CLOSED,,SCADA-RTU-01,False
ALT-CSE-02-00766,CSE-02,HIGH,2024-10-09T01:16:26,2024-10-09T01:21:04.141006,2024-10-09T01:44:33.394826,CLOSED,,ENERGY-EMS-SRV,False
ALT-CSE-02-00767,CSE-02,CRITICAL,2024-10-29T15:52:24,2024-10-29T16:06:33.146536,2024-10-29T16:49:10.553294,CLOSED,,SCADA-RTU-01,False
ALT-CSE-02-00768,CSE-02,HIGH,2024-12-03T22:45:30,2024-12-03T22:56:12.102747,2024-12-04T00:03:54.438036,CLOSED,,GRID-MONITOR-03,False
ALT-CSE-02-00769,CSE-02,CRITICAL,2024-11-30T02:28:33,2024-11-30T02:45:33.956151,2024-11-30T03:44:29.442648,CLOSED,,SCADA-RTU-01,False
ALT-CSE-02-00770,CSE-02,MEDIUM,2024-11-26T13:28:22,2024-11-26T13:41:43.368563,2024-11-26T14:00:24.512074,CLOSED,,CORP-FW-02,False
ALT-CSE-02-00771,CSE-02,HIGH,2024-12-14T22:36:44,2024-12-14T22:45:54.661831,2024-12-14T23:51:45.694425,CLOSED,,SCADA-RTU-01,False
ALT-CSE-02-00772,CSE-02,MEDIUM,2024-12-10T05:42:45,2024-12-10T05:57:00.762353,2024-12-10T06:41:48.659201,CLOSED,,ENERGY-EMS-SRV,False
ALT-CSE-02-00773,CSE-02,MEDIUM,2024-10-02T13:27:50,2024-10-02T13:30:08.862634,2024-10-02T14:39:12.259657,CLOSED,,ENERGY-EMS-SRV,False
ALT-CSE-02-00774,CSE-02,LOW,2024-12-05T11:36:55,2024-12-05T11:45:45.250816,2024-12-05T12:48:14.321271,CLOSED,,GRID-MONITOR-03,False
ALT-CSE-02-00775,CSE-02,MEDIUM,2024-12-07T10:26:11,2024-12-07T10:31:27.882884,2024-12-07T11:45:38.375443,CLOSED,,ENERGY-EMS-SRV,False
ALT-CSE-02-00776,CSE-02,HIGH,2024-11-30T13:28:56,2024-11-30T13:43:35.694057,2024-11-30T14:23:44.753308,CLOSED,,ENERGY-EMS-SRV,False
ALT-CSE-02-00777,CSE-02,HIGH,2024-10-24T14:48:20,2024-10-24T14:57:55.040107,2024-10-24T16:02:52.825849,CLOSED,,CORP-FW-02,False
ALT-CSE-02-00778,CSE-02,CRITICAL,2024-12-28T03:29:49,2024-12-28T03:48:49.258882,2024-12-28T03:57:13.853274,CLOSED,,SCADA-RTU-01,False
ALT-CSE-02-00779,CSE-02,CRITICAL,2024-12-08T19:42:54,2024-12-08T19:59:49.108385,2024-12-08T20:17:44.428978,CLOSED,CAS-CSE-02-0043,GRID-MONITOR-03,False
ALT-CSE-02-00780,CSE-02,HIGH,2024-11-25T12:26:18,2024-11-25T12:41:13.189231,2024-11-25T13:34:48.756096,CLOSED,,ENERGY-EMS-SRV,False
ALT-CSE-02-00781,CSE-02,MEDIUM,2024-12-23T20:08:25,2024-12-23T20:20:25.810058,2024-12-23T21:28:55.173686,CLOSED,,ENERGY-EMS-SRV,False
ALT-CSE-02-00782,CSE-02,MEDIUM,2024-12-09T07:06:41,2024-12-09T07:12:24.577273,2024-12-09T08:03:39.786771,CLOSED,,SUBSTATION-GW-02,False
ALT-CSE-02-00783,CSE-02,CRITICAL,2024-11-25T09:15:23,2024-11-25T09:24:38.153234,2024-11-25T10:17:26.524081,CLOSED,,GRID-MONITOR-03,False
ALT-CSE-02-00784,CSE-02,HIGH,2024-12-27T00:24:20,2024-12-27T00:39:07.750996,2024-12-27T01:49:24.095971,CLOSED,,GRID-MONITOR-03,False
ALT-CSE-02-00785,CSE-02,LOW,2024-12-05T21:40:08,2024-12-05T21:57:06.294755,2024-12-05T22:57:56.020871,CLOSED,CAS-CSE-02-0044,SUBSTATION-GW-02,False
ALT-CSE-02-00786,CSE-02,LOW,2024-11-09T13:56:08,2024-11-09T14:05:45.145228,2024-11-09T14:30:38.385520,CLOSED,,ENERGY-EMS-SRV,False
ALT-CSE-02-00787,CSE-02,HIGH,2024-11-02T08:06:55,2024-11-02T08:13:39.979205,2024-11-02T09:29:41.988955,CLOSED,,GRID-MONITOR-03,False
ALT-CSE-02-00788,CSE-02,MEDIUM,2024-10-29T03:58:40,2024-10-29T04:00:42.822821,2024-10-29T05:16:22.291617,CLOSED,,SUBSTATION-GW-02,False
ALT-CSE-02-00789,CSE-02,CRITICAL,2024-11-07T23:22:57,2024-11-07T23:36:54.196488,2024-11-07T23:53:33.806711,CLOSED,,GRID-MONITOR-03,False
ALT-CSE-02-00790,CSE-02,MEDIUM,2024-11-01T00:47:26,2024-11-01T00:50:58.897783,2024-11-01T01:13:59.942181,CLOSED,,ENERGY-EMS-SRV,False
ALT-CSE-02-00791,CSE-02,HIGH,2024-10-14T21:46:31,2024-10-14T21:57:26.147851,2024-10-14T22:18:57.712243,CLOSED,,SUBSTATION-GW-02,False
ALT-CSE-02-00792,CSE-02,MEDIUM,2024-12-25T08:28:14,2024-12-25T08:41:50.561852,2024-12-25T09:40:23.414798,CLOSED,,ENERGY-EMS-SRV,False
ALT-CSE-02-00793,CSE-02,LOW,2024-12-22T01:01:45,2024-12-22T01:15:32.891054,2024-12-22T01:40:51.574661,CLOSED,,SUBSTATION-GW-02,False
ALT-CSE-02-00794,CSE-02,LOW,2024-10-09T16:20:18,2024-10-09T16:38:37.640464,2024-10-09T16:48:59.771252,CLOSED,,SCADA-RTU-01,False
ALT-CSE-02-00795,CSE-02,MEDIUM,2024-11-27T18:53:24,2024-11-27T19:05:59.735825,2024-11-27T19:22:41.269344,CLOSED,,SCADA-RTU-01,False
ALT-CSE-02-00796,CSE-02,MEDIUM,2024-12-18T14:22:12,2024-12-18T14:41:07.753407,2024-12-18T15:42:41.070836,CLOSED,,SCADA-RTU-01,False
ALT-CSE-02-00797,CSE-02,CRITICAL,2024-12-02T11:55:23,2024-12-02T12:15:03.988998,2024-12-02T12:35:22.499764,CLOSED,,ENERGY-EMS-SRV,False
ALT-CSE-02-00798,CSE-02,CRITICAL,2024-11-22T19:02:28,2024-11-22T19:20:19.243659,2024-11-22T20:06:28.533025,CLOSED,,SCADA-RTU-01,False
ALT-CSE-02-00799,CSE-02,MEDIUM,2024-10-23T08:12:25,2024-10-23T08:15:18.318455,2024-10-23T08:54:28.797221,CLOSED,,GRID-MONITOR-03,False
ALT-CSE-02-00800,CSE-02,HIGH,2024-10-09T14:16:03,2024-10-09T14:22:24.836824,2024-10-09T15:08:11.188252,CLOSED,,SCADA-RTU-01,False
ALT-CSE-02-00801,CSE-02,MEDIUM,2024-12-18T17:14:29,2024-12-18T17:17:57.935218,2024-12-18T18:43:30.676699,CLOSED,,GRID-MONITOR-03,False
ALT-CSE-02-00802,CSE-02,MEDIUM,2024-11-03T20:44:23,2024-11-03T21:01:44.293478,2024-11-03T22:05:37.346410,CLOSED,,GRID-MONITOR-03,False
ALT-CSE-02-00803,CSE-02,LOW,2024-10-25T21:32:09,2024-10-25T21:47:59.631837,2024-10-25T22:52:11.536299,CLOSED,,SUBSTATION-GW-02,False
ALT-CSE-02-00804,CSE-02,CRITICAL,2024-12-20T09:51:58,2024-12-20T10:09:30.217281,2024-12-20T10:22:42.280087,CLOSED,,CORP-FW-02,False
ALT-CSE-02-00805,CSE-02,LOW,2024-12-05T11:20:00,2024-12-05T11:36:02.135305,2024-12-05T12:00:53.576864,CLOSED,,GRID-MONITOR-03,False
ALT-CSE-02-00806,CSE-02,HIGH,2024-10-20T16:33:54,2024-10-20T16:46:47.033106,2024-10-20T17:39:07.062100,CLOSED,,SUBSTATION-GW-02,False
ALT-CSE-02-00807,CSE-02,CRITICAL,2024-11-26T18:03:09,2024-11-26T18:22:55.430266,2024-11-26T19:16:42.284556,CLOSED,,GRID-MONITOR-03,False
ALT-CSE-02-00808,CSE-02,MEDIUM,2024-11-16T01:21:50,2024-11-16T01:41:48.594056,2024-11-16T02:34:30.441496,CLOSED,,SCADA-RTU-01,False
ALT-CSE-02-00809,CSE-02,MEDIUM,2024-10-11T01:58:41,2024-10-11T02:07:58.978930,2024-10-11T02:55:15.704881,CLOSED,,SCADA-RTU-01,False
ALT-CSE-02-00810,CSE-02,MEDIUM,2024-11-16T11:29:22,2024-11-16T11:38:31.978757,2024-11-16T12:52:43.973626,CLOSED,,CORP-FW-02,False
ALT-CSE-02-00811,CSE-02,LOW,2024-10-22T01:03:00,2024-10-22T01:12:21.900407,2024-10-22T01:43:21.131331,CLOSED,,ENERGY-EMS-SRV,False
ALT-CSE-02-00812,CSE-02,CRITICAL,2024-12-10T18:01:00,2024-12-10T18:14:47.119604,2024-12-10T19:23:08.481547,CLOSED,,SUBSTATION-GW-02,False
ALT-CSE-02-00813,CSE-02,HIGH,2024-11-08T23:36:18,2024-11-08T23:41:23.649370,2024-11-09T00:11:37.769690,CLOSED,,GRID-MONITOR-03,False
ALT-CSE-02-00814,CSE-02,HIGH,2024-12-20T15:54:36,2024-12-20T16:09:02.420248,2024-12-20T16:20:19.652948,CLOSED,,SUBSTATION-GW-02,False
ALT-CSE-02-00815,CSE-02,HIGH,2024-11-08T13:16:05,2024-11-08T13:19:37.475298,2024-11-08T14:06:46.176727,CLOSED,,SUBSTATION-GW-02,False
ALT-CSE-02-00816,CSE-02,CRITICAL,2024-12-29T00:14:40,2024-12-29T00:28:12.089753,2024-12-29T01:23:36.315378,CLOSED,,CORP-FW-02,False
ALT-CSE-02-00817,CSE-02,CRITICAL,2024-10-29T07:05:24,2024-10-29T07:17:51.242581,2024-10-29T07:46:07.166221,CLOSED,,CORP-FW-02,False
ALT-CSE-02-00818,CSE-02,CRITICAL,2024-11-01T09:42:49,2024-11-01T09:50:57.710272,2024-11-01T10:38:47.822648,CLOSED,,GRID-MONITOR-03,False
ALT-CSE-02-00819,CSE-02,HIGH,2024-11-28T13:42:05,2024-11-28T13:59:07.821532,2024-11-28T14:31:47.709510,CLOSED,CAS-CSE-02-0045,ENERGY-EMS-SRV,False
ALT-CSE-02-00820,CSE-02,LOW,2024-11-21T16:07:06,2024-11-21T16:09:32.607680,2024-11-21T16:34:00.372383,CLOSED,,ENERGY-EMS-SRV,False
ALT-CSE-02-00821,CSE-02,CRITICAL,2024-11-12T19:10:38,2024-11-12T19:14:36.109284,2024-11-12T20:37:12.175680,CLOSED,,GRID-MONITOR-03,False
ALT-CSE-02-00822,CSE-02,MEDIUM,2024-10-19T07:10:09,2024-10-19T07:22:26.389740,2024-10-19T08:37:07.249799,CLOSED,,ENERGY-EMS-SRV,False
ALT-CSE-02-00823,CSE-02,LOW,2024-11-04T01:42:00,2024-11-04T01:58:25.546978,2024-11-04T02:41:44.094467,CLOSED,,SCADA-RTU-01,False
ALT-CSE-02-00824,CSE-02,LOW,2024-10-30T22:33:13,2024-10-30T22:44:40.628693,2024-10-30T23:00:46.573426,CLOSED,,ENERGY-EMS-SRV,False
ALT-CSE-02-00825,CSE-02,MEDIUM,2024-10-01T10:09:57,2024-10-01T10:24:52.871266,2024-10-01T10:46:53.179109,CLOSED,,SUBSTATION-GW-02,False
ALT-CSE-02-00826,CSE-02,MEDIUM,2024-11-13T10:03:53,2024-11-13T10:15:59.072390,2024-11-13T11:26:40.075107,CLOSED,,GRID-MONITOR-03,False
ALT-CSE-02-00827,CSE-02,LOW,2024-11-30T19:45:21,2024-11-30T19:51:32.547713,2024-11-30T20:11:25.975233,CLOSED,,SUBSTATION-GW-02,False
ALT-CSE-02-00828,CSE-02,CRITICAL,2024-10-10T20:55:14,2024-10-10T21:10:23.573314,2024-10-10T21:29:58.709402,CLOSED,,SCADA-RTU-01,False
ALT-CSE-02-00829,CSE-02,MEDIUM,2024-11-08T00:05:11,2024-11-08T00:22:13.462219,2024-11-08T00:32:31.902786,CLOSED,,CORP-FW-02,False
ALT-CSE-02-00830,CSE-02,MEDIUM,2024-10-03T05:29:43,2024-10-03T05:38:56.620184,2024-10-03T06:36:31.199102,CLOSED,,SUBSTATION-GW-02,False
ALT-CSE-02-00831,CSE-02,CRITICAL,2024-12-22T14:55:55,2024-12-22T15:01:19.155194,2024-12-22T16:00:13.439607,CLOSED,,CORP-FW-02,False
ALT-CSE-02-00832,CSE-02,CRITICAL,2024-10-17T07:48:49,2024-10-17T08:06:46.350350,2024-10-17T08:14:42.196319,CLOSED,,SUBSTATION-GW-02,False
ALT-CSE-02-00833,CSE-02,CRITICAL,2024-10-14T05:08:22,2024-10-14T05:24:59.377138,2024-10-14T06:24:25.435815,CLOSED,,GRID-MONITOR-03,False
ALT-CSE-02-00834,CSE-02,CRITICAL,2024-12-08T03:11:37,2024-12-08T03:28:06.324607,2024-12-08T04:05:56.806007,CLOSED,,ENERGY-EMS-SRV,False
ALT-CSE-02-00835,CSE-02,LOW,2024-12-07T16:47:40,2024-12-07T17:04:13.690255,2024-12-07T17:44:49.790756,CLOSED,,SCADA-RTU-01,False
ALT-CSE-02-00836,CSE-02,LOW,2024-12-14T01:04:49,2024-12-14T01:11:48.256605,2024-12-14T01:55:14.010223,CLOSED,,CORP-FW-02,False
ALT-CSE-02-00837,CSE-02,HIGH,2024-11-09T14:43:28,2024-11-09T14:57:40.552484,2024-11-09T16:07:30.437011,CLOSED,,GRID-MONITOR-03,False
ALT-CSE-02-00838,CSE-02,MEDIUM,2024-11-17T20:38:57,2024-11-17T20:55:09.104694,2024-11-17T21:27:28.359350,CLOSED,,ENERGY-EMS-SRV,False
ALT-CSE-02-00839,CSE-02,HIGH,2024-11-02T01:40:10,2024-11-02T01:55:12.517880,2024-11-02T02:23:24.680868,CLOSED,,CORP-FW-02,False
ALT-CSE-02-00840,CSE-02,LOW,2024-12-04T08:06:35,2024-12-04T08:23:23.538962,2024-12-04T08:54:35.349736,CLOSED,,SUBSTATION-GW-02,False
ALT-CSE-02-00841,CSE-02,MEDIUM,2024-12-24T17:15:39,2024-12-24T17:22:28.081413,2024-12-24T17:53:32.366668,CLOSED,,SUBSTATION-GW-02,False
ALT-CSE-02-00842,CSE-02,MEDIUM,2024-12-29T23:40:05,2024-12-29T23:48:26.427613,2024-12-30T00:40:38.427205,CLOSED,,SUBSTATION-GW-02,False
ALT-CSE-02-00843,CSE-02,LOW,2024-12-20T18:59:30,2024-12-20T19:10:24.085296,2024-12-20T19:52:43.288687,CLOSED,,ENERGY-EMS-SRV,False
ALT-CSE-02-00844,CSE-02,MEDIUM,2024-10-24T08:01:37,2024-10-24T08:06:23.598067,2024-10-24T09:22:33.639056,CLOSED,,GRID-MONITOR-03,False
ALT-CSE-02-00845,CSE-02,HIGH,2024-11-15T17:30:30,2024-11-15T17:32:34.941457,2024-11-15T18:28:30.780909,CLOSED,,SUBSTATION-GW-02,False
ALT-CSE-02-00846,CSE-02,CRITICAL,2024-12-25T19:27:14,2024-12-25T19:40:56.479927,2024-12-25T20:42:22.668731,CLOSED,,SUBSTATION-GW-02,False
ALT-CSE-02-00847,CSE-02,MEDIUM,2024-12-02T23:52:42,2024-12-02T23:59:13.968030,2024-12-03T00:33:33.034698,CLOSED,,GRID-MONITOR-03,False
ALT-CSE-02-00848,CSE-02,LOW,2024-12-07T01:00:07,2024-12-07T01:08:11.193799,2024-12-07T01:59:55.730626,CLOSED,,ENERGY-EMS-SRV,False
ALT-CSE-02-00849,CSE-02,HIGH,2024-10-06T18:48:57,2024-10-06T18:57:27.072404,2024-10-06T20:00:47.850775,CLOSED,,CORP-FW-02,False
ALT-CSE-02-00850,CSE-02,HIGH,2024-11-14T23:59:21,2024-11-15T00:04:19.399762,2024-11-15T01:17:49.653760,CLOSED,,SUBSTATION-GW-02,False
ALT-CSE-02-00851,CSE-02,HIGH,2024-12-29T02:32:58,2024-12-29T02:52:42.676525,2024-12-29T03:37:11.682832,CLOSED,,SCADA-RTU-01,False
ALT-CSE-02-00852,CSE-02,MEDIUM,2024-11-13T09:12:16,2024-11-13T09:18:21.458648,2024-11-13T10:25:15.385746,CLOSED,,CORP-FW-02,False
ALT-CSE-02-00853,CSE-02,HIGH,2024-12-01T15:30:31,2024-12-01T15:46:42.546497,2024-12-01T16:17:57.902464,CLOSED,,SCADA-RTU-01,False
ALT-CSE-02-00854,CSE-02,HIGH,2024-12-29T20:16:57,2024-12-29T20:19:27.863539,2024-12-29T21:09:21.669496,CLOSED,,ENERGY-EMS-SRV,False
ALT-CSE-02-00855,CSE-02,CRITICAL,2024-10-04T17:35:54,2024-10-04T17:50:04.710767,2024-10-04T18:45:41.597870,CLOSED,,ENERGY-EMS-SRV,False
ALT-CSE-02-00856,CSE-02,LOW,2024-10-03T05:57:57,2024-10-03T06:11:47.568314,2024-10-03T07:25:18.743636,CLOSED,,SUBSTATION-GW-02,False
ALT-CSE-02-00857,CSE-02,HIGH,2024-12-25T21:32:35,2024-12-25T21:35:44.908598,2024-12-25T22:56:39.537298,CLOSED,,SUBSTATION-GW-02,False
ALT-CSE-02-00858,CSE-02,LOW,2024-12-12T21:01:02,2024-12-12T21:11:52.788492,2024-12-12T22:21:50.042731,CLOSED,,SUBSTATION-GW-02,False
ALT-CSE-02-00859,CSE-02,CRITICAL,2024-12-10T01:20:06,2024-12-10T01:35:08.874111,2024-12-10T01:51:38.224430,CLOSED,,ENERGY-EMS-SRV,False
ALT-CSE-02-00860,CSE-02,MEDIUM,2024-10-27T16:15:48,2024-10-27T16:35:41.259404,2024-10-27T16:51:38.792306,CLOSED,,GRID-MONITOR-03,False
ALT-CSE-02-00861,CSE-02,LOW,2024-10-15T11:09:54,2024-10-15T11:21:49.469516,2024-10-15T12:29:31.921823,CLOSED,,SUBSTATION-GW-02,False
ALT-CSE-02-00862,CSE-02,LOW,2024-11-03T09:27:08,2024-11-03T09:31:07.890259,2024-11-03T09:55:27.338980,CLOSED,,SUBSTATION-GW-02,False
ALT-CSE-02-00863,CSE-02,MEDIUM,2024-11-23T18:55:49,2024-11-23T19:10:41.105365,2024-11-23T19:43:34.379620,CLOSED,,SCADA-RTU-01,False
ALT-CSE-02-00864,CSE-02,HIGH,2024-12-13T11:00:12,2024-12-13T11:09:57.899995,2024-12-13T11:27:51.813408,CLOSED,,SCADA-RTU-01,False
ALT-CSE-02-00865,CSE-02,MEDIUM,2024-11-01T11:23:30,2024-11-01T11:27:11.268339,2024-11-01T12:19:28.882221,CLOSED,,ENERGY-EMS-SRV,False
ALT-CSE-02-00866,CSE-02,HIGH,2024-11-04T16:59:12,2024-11-04T17:06:49.677651,2024-11-04T18:08:40.626194,CLOSED,,SCADA-RTU-01,False
ALT-CSE-02-00867,CSE-02,LOW,2024-11-10T13:43:43,2024-11-10T13:48:09.569452,2024-11-10T14:20:50.260221,CLOSED,,GRID-MONITOR-03,False
ALT-CSE-02-00868,CSE-02,HIGH,2024-10-25T00:36:07,2024-10-25T00:46:04.642803,2024-10-25T01:26:09.557853,CLOSED,,SUBSTATION-GW-02,False
ALT-CSE-02-00869,CSE-02,LOW,2024-12-04T20:05:18,2024-12-04T20:13:00.857354,2024-12-04T21:01:12.948033,CLOSED,,SUBSTATION-GW-02,False
ALT-CSE-02-00870,CSE-02,MEDIUM,2024-10-25T23:37:04,2024-10-25T23:54:57.607800,2024-10-26T00:13:21.819350,CLOSED,,CORP-FW-02,False
ALT-CSE-02-00871,CSE-02,HIGH,2024-10-12T12:11:27,2024-10-12T12:22:39.057122,2024-10-12T13:27:22.790834,CLOSED,,SUBSTATION-GW-02,False
ALT-CSE-02-00872,CSE-02,CRITICAL,2024-11-30T08:03:05,2024-11-30T08:21:52.542063,2024-11-30T08:55:38.196101,CLOSED,,CORP-FW-02,False
ALT-CSE-02-00873,CSE-02,LOW,2024-10-24T08:24:11,2024-10-24T08:26:32.791825,2024-10-24T09:44:02.921193,CLOSED,,CORP-FW-02,False
ALT-CSE-02-00874,CSE-02,HIGH,2024-10-08T03:51:30,2024-10-08T04:01:20.692726,2024-10-08T04:48:36.880121,CLOSED,,ENERGY-EMS-SRV,False
ALT-CSE-02-00875,CSE-02,CRITICAL,2024-11-02T00:47:34,2024-11-02T01:02:32.791862,2024-11-02T02:05:57.873596,CLOSED,,SUBSTATION-GW-02,False
ALT-CSE-02-00876,CSE-02,LOW,2024-12-08T08:12:11,2024-12-08T08:27:12.460959,2024-12-08T09:05:49.781504,CLOSED,,SCADA-RTU-01,False
ALT-CSE-02-00877,CSE-02,LOW,2024-12-13T20:18:03,2024-12-13T20:23:55.538085,2024-12-13T21:33:51.414025,CLOSED,,CORP-FW-02,False
ALT-CSE-02-00878,CSE-02,LOW,2024-11-21T12:22:13,2024-11-21T12:41:26.851307,2024-11-21T13:07:16.448227,CLOSED,,SCADA-RTU-01,False
ALT-CSE-02-00879,CSE-02,MEDIUM,2024-12-03T03:06:21,2024-12-03T03:11:05.433927,2024-12-03T03:40:47.473732,CLOSED,,SUBSTATION-GW-02,False
ALT-CSE-02-00880,CSE-02,HIGH,2024-11-05T13:27:56,2024-11-05T13:30:45.893778,2024-11-05T14:37:06.135369,CLOSED,,SUBSTATION-GW-02,False
ALT-CSE-02-00881,CSE-02,CRITICAL,2024-10-25T19:00:45,2024-10-25T19:05:08.115792,2024-10-25T19:49:16.066369,CLOSED,,GRID-MONITOR-03,False
ALT-CSE-02-00882,CSE-02,HIGH,2024-11-28T20:57:51,2024-11-28T21:10:49.404589,2024-11-28T21:30:00.776545,CLOSED,,CORP-FW-02,False
ALT-CSE-02-00883,CSE-02,CRITICAL,2024-10-28T16:39:06,2024-10-28T16:52:25.007649,2024-10-28T17:16:42.921770,CLOSED,,SUBSTATION-GW-02,False
ALT-CSE-02-00884,CSE-02,MEDIUM,2024-10-25T03:35:11,2024-10-25T03:45:01.748940,2024-10-25T04:40:09.644492,CLOSED,,SCADA-RTU-01,False
ALT-CSE-02-00885,CSE-02,LOW,2024-12-06T13:44:27,2024-12-06T13:58:12.427852,2024-12-06T14:19:38.454270,CLOSED,,GRID-MONITOR-03,False
ALT-CSE-02-00886,CSE-02,HIGH,2024-12-05T20:19:44,2024-12-05T20:33:17.918168,2024-12-05T21:05:34.703664,CLOSED,,CORP-FW-02,False
ALT-CSE-02-00887,CSE-02,CRITICAL,2024-12-05T08:32:42,2024-12-05T08:51:33.017847,2024-12-05T09:37:01.330907,CLOSED,,ENERGY-EMS-SRV,False
ALT-CSE-02-00888,CSE-02,LOW,2024-12-28T07:45:33,2024-12-28T07:55:41.067642,2024-12-28T09:06:16.209064,CLOSED,,GRID-MONITOR-03,False
ALT-CSE-02-00889,CSE-02,CRITICAL,2024-11-29T15:37:04,2024-11-29T15:40:34.051724,2024-11-29T16:05:32.943254,CLOSED,,SUBSTATION-GW-02,False
ALT-CSE-02-00890,CSE-02,LOW,2024-10-16T02:37:13,2024-10-16T02:42:02.269370,2024-10-16T03:40:48.445355,CLOSED,,CORP-FW-02,False
ALT-CSE-02-00891,CSE-02,LOW,2024-12-16T09:29:04,2024-12-16T09:36:52.044046,2024-12-16T10:08:13.541649,CLOSED,,GRID-MONITOR-03,False
ALT-CSE-02-00892,CSE-02,CRITICAL,2024-10-03T14:41:35,2024-10-03T14:50:02.703648,2024-10-03T15:43:18.032184,CLOSED,,GRID-MONITOR-03,False
ALT-CSE-02-00893,CSE-02,CRITICAL,2024-12-02T11:23:31,2024-12-02T11:30:46.378916,2024-12-02T12:43:47.726373,CLOSED,,SCADA-RTU-01,False
ALT-CSE-02-00894,CSE-02,HIGH,2024-10-20T01:52:14,2024-10-20T01:55:14.998070,2024-10-20T02:35:03.239778,CLOSED,,SUBSTATION-GW-02,False
ALT-CSE-02-00895,CSE-02,CRITICAL,2024-12-15T08:28:33,2024-12-15T08:42:10.898105,2024-12-15T09:41:48.364897,CLOSED,,CORP-FW-02,False
ALT-CSE-02-00896,CSE-02,HIGH,2024-11-29T12:12:07,2024-11-29T12:14:43.952355,2024-11-29T12:50:57.883110,CLOSED,,ENERGY-EMS-SRV,False
ALT-CSE-02-00897,CSE-02,LOW,2024-10-17T12:21:50,2024-10-17T12:34:32.000962,2024-10-17T13:19:31.695793,CLOSED,,GRID-MONITOR-03,False
ALT-CSE-02-00898,CSE-02,CRITICAL,2024-12-02T23:17:13,2024-12-02T23:33:14.440321,2024-12-02T23:59:54.582396,CLOSED,,SUBSTATION-GW-02,False
ALT-CSE-02-00899,CSE-02,HIGH,2024-12-06T11:48:08,2024-12-06T12:02:32.955593,2024-12-06T12:57:17.737959,CLOSED,,SCADA-RTU-01,False
ALT-CSE-02-00900,CSE-02,MEDIUM,2024-12-10T06:06:48,2024-12-10T06:11:25.891304,2024-12-10T07:23:04.349946,CLOSED,,SCADA-RTU-01,False
ALT-CSE-02-00901,CSE-02,CRITICAL,2024-12-26T06:44:29,2024-12-26T06:50:52.073880,2024-12-26T07:45:11.896146,CLOSED,,SUBSTATION-GW-02,False
ALT-CSE-02-00902,CSE-02,CRITICAL,2024-12-24T14:23:12,2024-12-24T14:38:42.369962,2024-12-24T14:54:42.501890,CLOSED,,GRID-MONITOR-03,False
ALT-CSE-02-00903,CSE-02,CRITICAL,2024-11-22T23:05:19,2024-11-22T23:12:54.344728,2024-11-22T23:39:59.699287,CLOSED,,CORP-FW-02,False
ALT-CSE-02-00904,CSE-02,MEDIUM,2024-10-17T09:56:09,2024-10-17T10:04:39.595015,2024-10-17T10:36:29.579032,CLOSED,,CORP-FW-02,False
ALT-CSE-02-00905,CSE-02,MEDIUM,2024-12-06T12:29:41,2024-12-06T12:44:50.700404,2024-12-06T13:51:58.786990,CLOSED,,CORP-FW-02,False
ALT-CSE-02-00906,CSE-02,CRITICAL,2024-12-15T16:54:52,2024-12-15T17:08:20.148892,2024-12-15T17:34:18.828127,CLOSED,,SUBSTATION-GW-02,False
ALT-CSE-02-00907,CSE-02,MEDIUM,2024-12-05T16:54:39,2024-12-05T17:08:39.969565,2024-12-05T17:25:14.219439,CLOSED,,GRID-MONITOR-03,False
ALT-CSE-02-00908,CSE-02,LOW,2024-12-11T16:18:56,2024-12-11T16:27:46.805662,2024-12-11T16:44:45.258411,CLOSED,,CORP-FW-02,False
ALT-CSE-02-00909,CSE-02,MEDIUM,2024-12-02T21:59:12,2024-12-02T22:09:56.979300,2024-12-02T22:55:32.356658,CLOSED,,SCADA-RTU-01,False
ALT-CSE-02-00910,CSE-02,HIGH,2024-10-08T20:15:36,2024-10-08T20:22:13.537498,2024-10-08T21:27:13.358385,CLOSED,,GRID-MONITOR-03,False
ALT-CSE-02-00911,CSE-02,LOW,2024-11-14T08:18:33,2024-11-14T08:22:36.271095,2024-11-14T08:59:14.632331,CLOSED,,SCADA-RTU-01,False
ALT-CSE-02-00912,CSE-02,MEDIUM,2024-12-05T04:13:24,2024-12-05T04:24:59.783566,2024-12-05T05:17:49.958961,CLOSED,,SUBSTATION-GW-02,False
ALT-CSE-02-00913,CSE-02,HIGH,2024-11-21T08:51:37,2024-11-21T09:00:18.019552,2024-11-21T10:06:19.516475,CLOSED,,CORP-FW-02,False
ALT-CSE-02-00914,CSE-02,MEDIUM,2024-11-30T09:52:04,2024-11-30T09:58:50.017912,2024-11-30T10:58:50.070416,CLOSED,,ENERGY-EMS-SRV,False
ALT-CSE-02-00915,CSE-02,HIGH,2024-11-15T21:15:47,2024-11-15T21:20:20.109543,2024-11-15T22:06:29.168752,CLOSED,,SCADA-RTU-01,False
ALT-CSE-02-00916,CSE-02,MEDIUM,2024-11-14T00:46:37,2024-11-14T00:56:19.008989,2024-11-14T01:16:42.164627,CLOSED,,SCADA-RTU-01,False
ALT-CSE-02-00917,CSE-02,MEDIUM,2024-12-05T14:33:51,2024-12-05T14:44:52.107888,2024-12-05T15:25:50.567379,CLOSED,,GRID-MONITOR-03,False
ALT-CSE-02-00918,CSE-02,HIGH,2024-11-04T09:45:16,2024-11-04T09:54:28.855364,2024-11-04T10:19:00.440841,CLOSED,,GRID-MONITOR-03,False
ALT-CSE-02-00919,CSE-02,LOW,2024-11-12T18:43:02,2024-11-12T18:54:49.415017,2024-11-12T20:09:07.826955,CLOSED,,GRID-MONITOR-03,False
ALT-CSE-02-00920,CSE-02,HIGH,2024-10-10T13:23:41,2024-10-10T13:29:12.244958,2024-10-10T14:43:40.662648,CLOSED,,ENERGY-EMS-SRV,False
ALT-CSE-02-00921,CSE-02,LOW,2024-10-05T12:26:31,2024-10-05T12:31:30.143126,2024-10-05T13:00:36.180449,CLOSED,,ENERGY-EMS-SRV,False
ALT-CSE-02-00922,CSE-02,MEDIUM,2024-10-07T16:25:35,2024-10-07T16:33:01.079988,2024-10-07T17:41:46.089679,CLOSED,,SUBSTATION-GW-02,False
ALT-CSE-02-00923,CSE-02,HIGH,2024-10-20T21:12:12,2024-10-20T21:27:17.722934,2024-10-20T21:37:15.309050,CLOSED,,SCADA-RTU-01,False
ALT-CSE-02-00924,CSE-02,CRITICAL,2024-11-14T09:04:14,2024-11-14T09:13:43.383632,2024-11-14T09:35:31.373046,CLOSED,,SCADA-RTU-01,False
ALT-CSE-02-00925,CSE-02,HIGH,2024-10-29T16:36:54,2024-10-29T16:48:06.267391,2024-10-29T17:09:13.509127,CLOSED,,CORP-FW-02,False
ALT-CSE-02-00926,CSE-02,MEDIUM,2024-10-21T02:49:54,2024-10-21T03:07:52.149137,2024-10-21T03:41:55.066952,CLOSED,,ENERGY-EMS-SRV,False
ALT-CSE-02-00927,CSE-02,HIGH,2024-11-06T14:43:28,2024-11-06T14:55:09.739657,2024-11-06T15:45:12.968672,CLOSED,,GRID-MONITOR-03,False
ALT-CSE-02-00928,CSE-02,LOW,2024-10-22T00:21:59,2024-10-22T00:30:46.596812,2024-10-22T01:23:18.057449,CLOSED,,SCADA-RTU-01,False
ALT-CSE-02-00929,CSE-02,CRITICAL,2024-11-22T13:16:56,2024-11-22T13:22:53.480470,2024-11-22T14:26:19.354520,CLOSED,,SUBSTATION-GW-02,False
ALT-CSE-02-00930,CSE-02,HIGH,2024-10-23T00:58:44,2024-10-23T01:13:09.302872,2024-10-23T01:28:51.155937,CLOSED,,SUBSTATION-GW-02,False
ALT-CSE-02-00931,CSE-02,MEDIUM,2024-10-15T01:47:50,2024-10-15T02:03:51.821505,2024-10-15T02:58:47.092801,CLOSED,,SCADA-RTU-01,False
ALT-CSE-02-00932,CSE-02,MEDIUM,2024-10-17T06:41:34,2024-10-17T06:52:15.158597,2024-10-17T07:10:18.839253,CLOSED,,SUBSTATION-GW-02,False
ALT-CSE-02-00933,CSE-02,HIGH,2024-10-05T05:47:02,2024-10-05T06:05:22.470266,2024-10-05T06:15:16.530347,CLOSED,,SUBSTATION-GW-02,False
ALT-CSE-02-00934,CSE-02,MEDIUM,2024-10-08T22:58:16,2024-10-08T23:10:02.673386,2024-10-08T23:34:20.321593,CLOSED,,ENERGY-EMS-SRV,False
ALT-CSE-02-00935,CSE-02,HIGH,2024-11-20T08:24:40,2024-11-20T08:30:07.985909,2024-11-20T08:55:21.269943,CLOSED,,CORP-FW-02,False
ALT-CSE-02-00936,CSE-02,MEDIUM,2024-11-08T21:10:57,2024-11-08T21:24:41.163914,2024-11-08T22:31:04.131032,CLOSED,,GRID-MONITOR-03,False
ALT-CSE-02-00937,CSE-02,MEDIUM,2024-12-10T18:55:20,2024-12-10T19:11:33.263349,2024-12-10T20:07:35.997760,CLOSED,,CORP-FW-02,False
ALT-CSE-02-00938,CSE-02,HIGH,2024-10-28T15:46:14,2024-10-28T15:58:42.166117,2024-10-28T16:40:24.303214,CLOSED,,ENERGY-EMS-SRV,False
ALT-CSE-02-00939,CSE-02,CRITICAL,2024-12-24T07:09:58,2024-12-24T07:14:23.607620,2024-12-24T08:06:50.296837,CLOSED,,CORP-FW-02,False
ALT-CSE-02-00940,CSE-02,LOW,2024-12-16T18:03:44,2024-12-16T18:11:46.611785,2024-12-16T18:55:52.284808,CLOSED,,SCADA-RTU-01,False
ALT-CSE-02-00941,CSE-02,MEDIUM,2024-11-21T21:33:42,2024-11-21T21:47:37.942350,2024-11-21T23:03:22.113468,CLOSED,,SCADA-RTU-01,False
ALT-CSE-02-00942,CSE-02,HIGH,2024-11-17T19:38:43,2024-11-17T19:44:31.160063,2024-11-17T20:55:46.075865,CLOSED,,ENERGY-EMS-SRV,False
ALT-CSE-02-00943,CSE-02,HIGH,2024-10-24T14:49:22,2024-10-24T14:53:04.289930,2024-10-24T15:40:52.945057,CLOSED,,SUBSTATION-GW-02,False
ALT-CSE-02-00944,CSE-02,MEDIUM,2024-11-05T14:03:40,2024-11-05T14:20:39.427287,2024-11-05T14:57:49.662216,CLOSED,,GRID-MONITOR-03,False
ALT-CSE-02-00945,CSE-02,CRITICAL,2024-11-27T22:22:23,2024-11-27T22:29:52.495357,2024-11-27T23:14:04.030834,CLOSED,,CORP-FW-02,False
ALT-CSE-02-00946,CSE-02,MEDIUM,2024-10-09T14:38:21,2024-10-09T14:50:40.875438,2024-10-09T16:01:18.384180,CLOSED,,CORP-FW-02,False
ALT-CSE-02-00947,CSE-02,MEDIUM,2024-12-26T02:59:54,2024-12-26T03:12:26.067214,2024-12-26T03:50:22.659077,CLOSED,,SUBSTATION-GW-02,False
ALT-CSE-02-00948,CSE-02,MEDIUM,2024-10-12T01:14:23,2024-10-12T01:30:07.698590,2024-10-12T02:21:10.707576,CLOSED,CAS-CSE-02-0046,ENERGY-EMS-SRV,True
ALT-CSE-02-00949,CSE-02,CRITICAL,2024-12-06T08:07:45,2024-12-06T08:22:16.255931,2024-12-06T08:40:13.185155,CLOSED,,SUBSTATION-GW-02,False
ALT-CSE-02-00950,CSE-02,HIGH,2024-10-12T16:51:55,2024-10-12T17:08:21.516868,2024-10-12T17:32:39.099984,CLOSED,,CORP-FW-02,False
ALT-CSE-02-00951,CSE-02,HIGH,2024-11-26T03:45:34,2024-11-26T03:48:13.561441,2024-11-26T05:05:40.750417,CLOSED,,CORP-FW-02,False
ALT-CSE-02-00952,CSE-02,LOW,2024-10-24T13:28:05,2024-10-24T13:38:39.319356,2024-10-24T14:03:42.034569,CLOSED,,ENERGY-EMS-SRV,False
ALT-CSE-02-00953,CSE-02,HIGH,2024-12-15T09:26:03,2024-12-15T09:34:02.540939,2024-12-15T10:05:40.139066,CLOSED,,SUBSTATION-GW-02,False
ALT-CSE-02-00954,CSE-02,MEDIUM,2024-12-29T00:55:34,2024-12-29T01:08:06.876322,2024-12-29T02:09:52.167206,CLOSED,,GRID-MONITOR-03,False
ALT-CSE-02-00955,CSE-02,LOW,2024-12-11T02:53:25,2024-12-11T02:59:20.253438,2024-12-11T03:59:30.258525,CLOSED,,ENERGY-EMS-SRV,False
ALT-CSE-02-00956,CSE-02,MEDIUM,2024-12-26T14:27:18,2024-12-26T14:35:27.387810,2024-12-26T15:20:45.986921,CLOSED,,CORP-FW-02,False
ALT-CSE-02-00957,CSE-02,MEDIUM,2024-10-18T21:20:52,2024-10-18T21:28:40.484962,2024-10-18T22:43:06.279985,CLOSED,,ENERGY-EMS-SRV,False
ALT-CSE-02-00958,CSE-02,LOW,2024-12-24T05:45:44,2024-12-24T05:55:18.649587,2024-12-24T06:22:24.066177,CLOSED,,SUBSTATION-GW-02,False
ALT-CSE-02-00959,CSE-02,MEDIUM,2024-11-09T09:37:11,2024-11-09T09:53:46.985939,2024-11-09T10:10:04.905724,CLOSED,,SUBSTATION-GW-02,False
ALT-CSE-02-00960,CSE-02,MEDIUM,2024-10-26T08:27:14,2024-10-26T08:35:40.648100,2024-10-26T08:58:34.904757,CLOSED,,CORP-FW-02,False
ALT-CSE-02-00961,CSE-02,HIGH,2024-10-23T16:41:12,2024-10-23T16:44:53.321304,2024-10-23T17:31:31.486009,CLOSED,,CORP-FW-02,False
ALT-CSE-02-00962,CSE-02,HIGH,2024-12-26T20:55:59,2024-12-26T21:11:52.557465,2024-12-26T21:51:33.144113,CLOSED,,ENERGY-EMS-SRV,False
ALT-CSE-02-00963,CSE-02,MEDIUM,2024-11-30T08:48:40,2024-11-30T08:51:29.832775,2024-11-30T09:51:49.858803,CLOSED,,ENERGY-EMS-SRV,False
ALT-CSE-02-00964,CSE-02,HIGH,2024-12-16T12:46:43,2024-12-16T12:59:08.638437,2024-12-16T13:41:55.774226,CLOSED,,SCADA-RTU-01,False
ALT-CSE-02-00965,CSE-02,MEDIUM,2024-12-12T17:53:54,2024-12-12T18:06:54.181272,2024-12-12T19:15:12.350252,CLOSED,,GRID-MONITOR-03,False
ALT-CSE-02-00966,CSE-02,HIGH,2024-12-15T09:08:33,2024-12-15T09:26:36.398140,2024-12-15T09:54:54.625958,CLOSED,,SCADA-RTU-01,False
ALT-CSE-02-00967,CSE-02,HIGH,2024-11-19T08:14:37,2024-11-19T08:17:46.521667,2024-11-19T09:36:38.644763,CLOSED,,CORP-FW-02,False
ALT-CSE-02-00968,CSE-02,HIGH,2024-11-11T15:09:30,2024-11-11T15:19:39.046963,2024-11-11T16:05:35.054304,CLOSED,,GRID-MONITOR-03,False
ALT-CSE-02-00969,CSE-02,MEDIUM,2024-12-08T14:31:34,2024-12-08T14:38:51.233000,2024-12-08T14:57:17.700141,CLOSED,,ENERGY-EMS-SRV,False
ALT-CSE-02-00970,CSE-02,CRITICAL,2024-10-17T15:58:31,2024-10-17T16:12:09.046467,2024-10-17T17:11:17.403610,CLOSED,,SCADA-RTU-01,False
ALT-CSE-02-00971,CSE-02,MEDIUM,2024-11-20T23:49:45,2024-11-21T00:07:34.923770,2024-11-21T01:09:18.994997,CLOSED,,SCADA-RTU-01,False
ALT-CSE-02-00972,CSE-02,HIGH,2024-12-28T13:57:33,2024-12-28T14:03:58.284235,2024-12-28T15:10:13.726617,CLOSED,,ENERGY-EMS-SRV,False
ALT-CSE-02-00973,CSE-02,LOW,2024-10-10T03:22:21,2024-10-10T03:40:23.884896,2024-10-10T03:53:50.524357,CLOSED,,ENERGY-EMS-SRV,False
ALT-CSE-02-00974,CSE-02,HIGH,2024-10-29T18:58:01,2024-10-29T19:13:42.641578,2024-10-29T19:58:56.712933,CLOSED,,SUBSTATION-GW-02,False
ALT-CSE-02-00975,CSE-02,MEDIUM,2024-12-04T20:54:35,2024-12-04T20:57:08.282718,2024-12-04T22:04:38.196292,CLOSED,,ENERGY-EMS-SRV,False
ALT-CSE-02-00976,CSE-02,CRITICAL,2024-11-28T08:15:07,2024-11-28T08:22:39.262365,2024-11-28T09:06:51.275691,CLOSED,,SCADA-RTU-01,False
ALT-CSE-02-00977,CSE-02,CRITICAL,2024-12-11T10:37:41,2024-12-11T10:48:56.934152,2024-12-11T11:45:24.743035,CLOSED,,GRID-MONITOR-03,False
ALT-CSE-02-00978,CSE-02,LOW,2024-10-01T18:47:28,2024-10-01T19:00:29.703688,2024-10-01T19:49:54.236726,CLOSED,,GRID-MONITOR-03,False
ALT-CSE-02-00979,CSE-02,HIGH,2024-11-30T07:01:41,2024-11-30T07:13:23.283839,2024-11-30T08:12:37.056970,CLOSED,,GRID-MONITOR-03,False
ALT-CSE-02-00980,CSE-02,CRITICAL,2024-10-31T04:47:23,2024-10-31T05:04:20.283467,2024-10-31T05:21:06.517011,CLOSED,,SCADA-RTU-01,False
ALT-CSE-02-00981,CSE-02,MEDIUM,2024-11-30T13:04:05,2024-11-30T13:07:05.266746,2024-11-30T14:28:11.263949,CLOSED,,SCADA-RTU-01,False
ALT-CSE-02-00982,CSE-02,MEDIUM,2024-12-19T18:57:14,2024-12-19T19:13:16.293650,2024-12-19T19:23:59.929322,CLOSED,,GRID-MONITOR-03,False
ALT-CSE-02-00983,CSE-02,HIGH,2024-10-26T22:32:45,2024-10-26T22:38:00.737685,2024-10-26T23:35:18.838086,CLOSED,,SCADA-RTU-01,False
ALT-CSE-02-00984,CSE-02,MEDIUM,2024-10-17T22:36:48,2024-10-17T22:43:09.210882,2024-10-17T23:26:38.701113,CLOSED,,CORP-FW-02,False
ALT-CSE-02-00985,CSE-02,MEDIUM,2024-11-11T02:39:19,2024-11-11T02:52:06.944248,2024-11-11T03:54:42.934149,CLOSED,,SUBSTATION-GW-02,False
ALT-CSE-02-00986,CSE-02,HIGH,2024-11-07T06:08:24,2024-11-07T06:12:04.732172,2024-11-07T06:49:39.188526,CLOSED,,CORP-FW-02,False
ALT-CSE-02-00987,CSE-02,MEDIUM,2024-10-19T15:06:00,2024-10-19T15:18:57.536177,2024-10-19T15:32:03.346110,CLOSED,,SUBSTATION-GW-02,False
ALT-CSE-02-00988,CSE-02,MEDIUM,2024-10-30T15:58:06,2024-10-30T16:02:22.961883,2024-10-30T17:05:35.449522,CLOSED,,ENERGY-EMS-SRV,False
ALT-CSE-02-00989,CSE-02,CRITICAL,2024-11-11T05:28:57,2024-11-11T05:43:04.215353,2024-11-11T06:27:15.310455,CLOSED,,GRID-MONITOR-03,False
ALT-CSE-02-00990,CSE-02,CRITICAL,2024-12-18T06:00:27,2024-12-18T06:07:50.900610,2024-12-18T06:59:04.830073,CLOSED,,SUBSTATION-GW-02,False
ALT-CSE-02-00991,CSE-02,HIGH,2024-11-15T21:19:50,2024-11-15T21:28:30.601175,2024-11-15T22:45:52.376316,CLOSED,,GRID-MONITOR-03,False
ALT-CSE-02-00992,CSE-02,HIGH,2024-11-29T10:44:54,2024-11-29T10:51:28.753961,2024-11-29T11:12:19.401723,CLOSED,,ENERGY-EMS-SRV,False
ALT-CSE-02-00993,CSE-02,LOW,2024-10-18T01:28:32,2024-10-18T01:35:39.021101,2024-10-18T02:40:49.087728,CLOSED,,CORP-FW-02,False
ALT-CSE-02-00994,CSE-02,LOW,2024-11-23T20:02:37,2024-11-23T20:10:33.150990,2024-11-23T20:28:58.211871,CLOSED,,ENERGY-EMS-SRV,False
ALT-CSE-02-00995,CSE-02,LOW,2024-10-03T02:35:07,2024-10-03T02:47:30.827152,2024-10-03T03:22:41.844874,CLOSED,,CORP-FW-02,False
ALT-CSE-02-00996,CSE-02,MEDIUM,2024-11-20T18:49:20,2024-11-20T19:05:51.517507,2024-11-20T20:18:35.915172,CLOSED,,GRID-MONITOR-03,False
ALT-CSE-02-00997,CSE-02,LOW,2024-12-24T01:03:40,2024-12-24T01:05:48.917274,2024-12-24T02:05:40.341070,CLOSED,,CORP-FW-02,False
ALT-CSE-02-00998,CSE-02,LOW,2024-11-10T23:12:48,2024-11-10T23:19:54.049568,2024-11-10T23:51:25.164204,CLOSED,,GRID-MONITOR-03,False
ALT-CSE-02-00999,CSE-02,HIGH,2024-10-05T08:23:42,2024-10-05T08:30:21.303409,2024-10-05T08:56:47.943135,CLOSED,,SUBSTATION-GW-02,False
ALT-CSE-02-01000,CSE-02,CRITICAL,2024-12-13T23:38:24,2024-12-13T23:51:03.271301,2024-12-14T00:41:39.941445,CLOSED,,CORP-FW-02,False
ALT-CSE-02-01001,CSE-02,MEDIUM,2024-11-14T04:59:38,2024-11-14T05:05:27.247857,2024-11-14T05:42:29.609592,CLOSED,,CORP-FW-02,False
ALT-CSE-02-01002,CSE-02,MEDIUM,2024-12-04T18:08:02,2024-12-04T18:16:49.474624,2024-12-04T19:35:37.198773,CLOSED,,CORP-FW-02,False
ALT-CSE-02-01003,CSE-02,MEDIUM,2024-11-26T06:04:41,2024-11-26T06:11:19.871233,2024-11-26T06:30:44.964349,CLOSED,,GRID-MONITOR-03,False
ALT-CSE-02-01004,CSE-02,MEDIUM,2024-12-23T00:36:47,2024-12-23T00:50:20.875995,2024-12-23T01:58:28.512079,CLOSED,,GRID-MONITOR-03,False
ALT-CSE-02-01005,CSE-02,MEDIUM,2024-10-09T06:04:21,2024-10-09T06:21:34.981679,2024-10-09T07:09:43.779370,CLOSED,,SCADA-RTU-01,False
ALT-CSE-02-01006,CSE-02,CRITICAL,2024-12-13T15:56:23,2024-12-13T16:02:15.084227,2024-12-13T16:55:25.037933,CLOSED,,GRID-MONITOR-03,False
ALT-CSE-02-01007,CSE-02,CRITICAL,2024-11-08T01:51:59,2024-11-08T02:02:37.869210,2024-11-08T02:40:17.136690,CLOSED,,ENERGY-EMS-SRV,False
ALT-CSE-02-01008,CSE-02,CRITICAL,2024-11-02T21:14:36,2024-11-02T21:17:58.699471,2024-11-02T22:26:55.088174,CLOSED,,SCADA-RTU-01,False
ALT-CSE-02-01009,CSE-02,MEDIUM,2024-11-07T07:37:20,2024-11-07T07:48:10.706368,2024-11-07T08:21:20.871570,CLOSED,,SUBSTATION-GW-02,False
ALT-CSE-02-01010,CSE-02,HIGH,2024-12-07T09:49:22,2024-12-07T09:55:06.086147,2024-12-07T11:17:07.648780,CLOSED,,GRID-MONITOR-03,False
ALT-CSE-02-01011,CSE-02,MEDIUM,2024-11-01T19:31:03,2024-11-01T19:33:23.138268,2024-11-01T20:59:30.979131,CLOSED,,ENERGY-EMS-SRV,False
ALT-CSE-02-01012,CSE-02,MEDIUM,2024-10-02T14:46:16,2024-10-02T14:59:53.370052,2024-10-02T16:02:04.005369,CLOSED,,CORP-FW-02,False
ALT-CSE-02-01013,CSE-02,MEDIUM,2024-10-23T06:22:07,2024-10-23T06:32:50.230357,2024-10-23T07:07:19.380010,CLOSED,,ENERGY-EMS-SRV,False
ALT-CSE-02-01014,CSE-02,LOW,2024-12-17T05:25:38,2024-12-17T05:37:43.869282,2024-12-17T05:55:19.193873,CLOSED,,CORP-FW-02,False
ALT-CSE-02-01015,CSE-02,MEDIUM,2024-12-27T08:00:25,2024-12-27T08:08:22.623744,2024-12-27T08:54:23.240163,CLOSED,,SCADA-RTU-01,False
ALT-CSE-02-01016,CSE-02,LOW,2024-11-02T01:58:38,2024-11-02T02:01:38.152794,2024-11-02T03:19:40.596929,CLOSED,,CORP-FW-02,False
ALT-CSE-02-01017,CSE-02,HIGH,2024-12-08T12:27:33,2024-12-08T12:47:31.911311,2024-12-08T13:20:21.547030,CLOSED,,GRID-MONITOR-03,False
ALT-CSE-02-01018,CSE-02,LOW,2024-10-30T05:02:30,2024-10-30T05:13:45.295222,2024-10-30T06:18:49.383514,CLOSED,,SUBSTATION-GW-02,False
ALT-CSE-02-01019,CSE-02,MEDIUM,2024-10-28T21:58:30,2024-10-28T22:10:48.807855,2024-10-28T23:12:49.089627,CLOSED,,CORP-FW-02,False
ALT-CSE-02-01020,CSE-02,LOW,2024-12-05T03:56:48,2024-12-05T04:05:44.191621,2024-12-05T04:42:47.997470,CLOSED,,SCADA-RTU-01,False
ALT-CSE-02-01021,CSE-02,MEDIUM,2024-10-09T05:05:09,2024-10-09T05:07:32.474520,2024-10-09T05:35:18.918878,CLOSED,,GRID-MONITOR-03,False
ALT-CSE-02-01022,CSE-02,MEDIUM,2024-11-06T15:20:30,2024-11-06T15:33:19.168753,2024-11-06T15:50:57.830738,CLOSED,,SUBSTATION-GW-02,False
ALT-CSE-02-01023,CSE-02,CRITICAL,2024-10-29T12:56:36,2024-10-29T13:10:10.116436,2024-10-29T13:54:20.488849,CLOSED,,GRID-MONITOR-03,False
ALT-CSE-02-01024,CSE-02,HIGH,2024-11-20T21:25:47,2024-11-20T21:34:33.131668,2024-11-20T22:21:38.907762,CLOSED,,GRID-MONITOR-03,False
ALT-CSE-02-01025,CSE-02,HIGH,2024-10-15T05:47:29,2024-10-15T05:50:24.733940,2024-10-15T06:25:06.781803,CLOSED,,ENERGY-EMS-SRV,False
ALT-CSE-02-01026,CSE-02,HIGH,2024-10-28T07:22:50,2024-10-28T07:28:38.187631,2024-10-28T08:26:31.020418,CLOSED,,CORP-FW-02,False
ALT-CSE-02-01027,CSE-02,HIGH,2024-12-11T17:24:40,2024-12-11T17:39:36.229290,2024-12-11T18:04:47.253689,CLOSED,,SUBSTATION-GW-02,False
ALT-CSE-02-01028,CSE-02,CRITICAL,2024-11-05T23:59:19,2024-11-06T00:09:13.923979,2024-11-06T00:51:43.547832,CLOSED,,SCADA-RTU-01,False
ALT-CSE-02-01029,CSE-02,HIGH,2024-10-22T08:15:58,2024-10-22T08:33:03.254347,2024-10-22T09:38:33.044352,CLOSED,,ENERGY-EMS-SRV,False
ALT-CSE-02-01030,CSE-02,HIGH,2024-12-26T00:51:37,2024-12-26T01:01:19.248253,2024-12-26T02:00:30.287975,CLOSED,,GRID-MONITOR-03,False
ALT-CSE-02-01031,CSE-02,HIGH,2024-11-08T02:23:21,2024-11-08T02:33:21.055884,2024-11-08T03:08:42.330712,CLOSED,,CORP-FW-02,False
ALT-CSE-02-01032,CSE-02,LOW,2024-11-23T19:32:16,2024-11-23T19:50:44.016527,2024-11-23T20:36:37.268717,CLOSED,,ENERGY-EMS-SRV,False
ALT-CSE-02-01033,CSE-02,MEDIUM,2024-12-15T02:06:48,2024-12-15T02:24:15.385381,2024-12-15T03:11:39.775351,CLOSED,,SUBSTATION-GW-02,False
ALT-CSE-02-01034,CSE-02,LOW,2024-12-21T11:44:09,2024-12-21T11:55:11.630239,2024-12-21T12:30:52.700921,CLOSED,,SUBSTATION-GW-02,False
ALT-CSE-02-01035,CSE-02,HIGH,2024-11-14T15:10:07,2024-11-14T15:26:17.188406,2024-11-14T16:32:11.892686,CLOSED,,SUBSTATION-GW-02,False
ALT-CSE-02-01036,CSE-02,HIGH,2024-11-15T05:13:54,2024-11-15T05:23:27.482896,2024-11-15T06:09:47.747210,CLOSED,CAS-CSE-02-0047,GRID-MONITOR-03,False
ALT-CSE-02-01037,CSE-02,HIGH,2024-11-04T10:29:27,2024-11-04T10:32:53.958461,2024-11-04T11:33:14.413981,CLOSED,,ENERGY-EMS-SRV,False
ALT-CSE-02-01038,CSE-02,CRITICAL,2024-10-31T18:52:24,2024-10-31T19:07:58.731598,2024-10-31T20:07:13.469852,CLOSED,,SUBSTATION-GW-02,False
ALT-CSE-02-01039,CSE-02,CRITICAL,2024-11-27T02:58:46,2024-11-27T03:01:48.843954,2024-11-27T03:25:52.041046,CLOSED,,CORP-FW-02,False
ALT-CSE-02-01040,CSE-02,LOW,2024-12-11T16:46:15,2024-12-11T16:48:51.176909,2024-12-11T17:37:50.260618,CLOSED,,CORP-FW-02,False
ALT-CSE-02-01041,CSE-02,CRITICAL,2024-12-12T07:39:42,2024-12-12T07:46:55.745116,2024-12-12T08:21:49.227072,CLOSED,,ENERGY-EMS-SRV,False
ALT-CSE-02-01042,CSE-02,MEDIUM,2024-11-11T00:53:03,2024-11-11T01:01:37.693552,2024-11-11T01:40:16.630218,CLOSED,,SUBSTATION-GW-02,False
ALT-CSE-02-01043,CSE-02,LOW,2024-10-13T15:14:00,2024-10-13T15:32:56.805520,2024-10-13T16:06:56.365475,CLOSED,,SCADA-RTU-01,False
ALT-CSE-02-01044,CSE-02,LOW,2024-10-04T13:47:41,2024-10-04T13:54:22.046671,2024-10-04T14:14:33.722306,CLOSED,,SCADA-RTU-01,False
ALT-CSE-02-01045,CSE-02,CRITICAL,2024-12-11T10:06:03,2024-12-11T10:12:28.156034,2024-12-11T10:51:02.893218,CLOSED,,ENERGY-EMS-SRV,False
ALT-CSE-02-01046,CSE-02,LOW,2024-10-08T13:16:45,2024-10-08T13:20:09.957573,2024-10-08T14:26:33.796019,CLOSED,,CORP-FW-02,False
ALT-CSE-02-01047,CSE-02,MEDIUM,2024-11-08T17:58:32,2024-11-08T18:15:32.231917,2024-11-08T19:28:07.111903,CLOSED,,SCADA-RTU-01,False
ALT-CSE-02-01048,CSE-02,MEDIUM,2024-10-31T21:38:59,2024-10-31T21:50:01.573015,2024-10-31T22:52:39.615490,CLOSED,,ENERGY-EMS-SRV,False
ALT-CSE-02-01049,CSE-02,HIGH,2024-10-08T10:15:35,2024-10-08T10:23:11.915676,2024-10-08T11:00:30.009357,CLOSED,,SCADA-RTU-01,False
ALT-CSE-02-01050,CSE-02,MEDIUM,2024-12-14T04:30:59,2024-12-14T04:44:38.742561,2024-12-14T05:29:12.374751,CLOSED,,ENERGY-EMS-SRV,False
ALT-CSE-02-01051,CSE-02,MEDIUM,2024-12-11T04:11:41,2024-12-11T04:24:11.234404,2024-12-11T05:02:40.591614,CLOSED,,GRID-MONITOR-03,False
ALT-CSE-02-01052,CSE-02,MEDIUM,2024-10-15T07:08:36,2024-10-15T07:23:20.823376,2024-10-15T07:34:37.708585,CLOSED,,SUBSTATION-GW-02,False
ALT-CSE-02-01053,CSE-02,HIGH,2024-11-03T07:27:56,2024-11-03T07:47:32.186825,2024-11-03T08:31:02.050905,CLOSED,CAS-CSE-02-0048,ENERGY-EMS-SRV,False
ALT-CSE-02-01054,CSE-02,MEDIUM,2024-12-08T02:20:32,2024-12-08T02:26:43.284098,2024-12-08T03:00:35.073711,CLOSED,,CORP-FW-02,False
ALT-CSE-02-01055,CSE-02,MEDIUM,2024-11-18T04:38:53,2024-11-18T04:48:29.638118,2024-11-18T05:22:27.513307,CLOSED,CAS-CSE-02-0049,SUBSTATION-GW-02,False
ALT-CSE-02-01056,CSE-02,MEDIUM,2024-11-11T00:06:09,2024-11-11T00:11:17.713995,2024-11-11T00:41:15.707603,CLOSED,,ENERGY-EMS-SRV,False
ALT-CSE-02-01057,CSE-02,CRITICAL,2024-12-25T00:27:37,2024-12-25T00:31:12.298582,2024-12-25T01:17:52.344133,CLOSED,CAS-CSE-02-0050,SUBSTATION-GW-02,False
ALT-CSE-02-01058,CSE-02,HIGH,2024-11-27T08:37:08,2024-11-27T08:54:13.049173,2024-11-27T09:18:35.988727,CLOSED,,CORP-FW-02,False
ALT-CSE-02-01059,CSE-02,HIGH,2024-10-26T08:31:26,2024-10-26T08:41:37.623745,2024-10-26T09:52:38.501609,CLOSED,,SCADA-RTU-01,False
ALT-CSE-02-01060,CSE-02,CRITICAL,2024-11-28T19:24:03,2024-11-28T19:30:46.452072,2024-11-28T19:55:45.135250,CLOSED,,SUBSTATION-GW-02,False
ALT-CSE-02-01061,CSE-02,LOW,2024-10-22T22:27:19,2024-10-22T22:43:24.738334,2024-10-22T23:23:34.318258,CLOSED,,ENERGY-EMS-SRV,False
ALT-CSE-02-01062,CSE-02,LOW,2024-11-22T03:55:52,2024-11-22T04:14:21.038818,2024-11-22T05:05:11.638535,CLOSED,,GRID-MONITOR-03,False
ALT-CSE-02-01063,CSE-02,HIGH,2024-12-29T20:58:12,2024-12-29T21:15:48.429207,2024-12-29T21:55:29.912250,CLOSED,,SUBSTATION-GW-02,False
ALT-CSE-02-01064,CSE-02,CRITICAL,2024-10-20T18:19:09,2024-10-20T18:37:41.167110,2024-10-20T18:49:06.783974,CLOSED,,SCADA-RTU-01,False
ALT-CSE-02-01065,CSE-02,CRITICAL,2024-11-19T21:58:43,2024-11-19T22:07:26.799091,2024-11-19T22:41:06.389407,CLOSED,,GRID-MONITOR-03,False
ALT-CSE-02-01066,CSE-02,MEDIUM,2024-11-21T21:30:09,2024-11-21T21:46:48.891941,2024-11-21T22:17:51.120960,CLOSED,,CORP-FW-02,False
ALT-CSE-02-01067,CSE-02,MEDIUM,2024-11-05T09:45:56,2024-11-05T09:59:24.711092,2024-11-05T10:56:01.689197,CLOSED,,CORP-FW-02,False
ALT-CSE-02-01068,CSE-02,HIGH,2024-12-25T03:08:55,2024-12-25T03:22:07.427234,2024-12-25T04:14:12.519210,CLOSED,,CORP-FW-02,False
ALT-CSE-02-01069,CSE-02,HIGH,2024-12-26T00:58:43,2024-12-26T01:12:54.609975,2024-12-26T02:26:59.517030,CLOSED,,CORP-FW-02,False
ALT-CSE-02-01070,CSE-02,LOW,2024-11-02T01:38:10,2024-11-02T01:46:39.886413,2024-11-02T02:36:53.434037,CLOSED,,SCADA-RTU-01,False
ALT-CSE-02-01071,CSE-02,HIGH,2024-11-03T12:17:07,2024-11-03T12:32:45.530267,2024-11-03T12:53:40.476638,CLOSED,,SCADA-RTU-01,False
ALT-CSE-02-01072,CSE-02,MEDIUM,2024-10-31T04:47:47,2024-10-31T04:59:22.092956,2024-10-31T06:14:49.916243,CLOSED,,SCADA-RTU-01,False
ALT-CSE-02-01073,CSE-02,MEDIUM,2024-10-20T00:53:41,2024-10-20T01:12:58.358723,2024-10-20T01:22:54.619556,CLOSED,,GRID-MONITOR-03,False
ALT-CSE-02-01074,CSE-02,CRITICAL,2024-10-13T08:14:47,2024-10-13T08:29:26.863620,2024-10-13T09:43:36.915442,CLOSED,,SUBSTATION-GW-02,False
ALT-CSE-02-01075,CSE-02,CRITICAL,2024-11-29T01:21:46,2024-11-29T01:39:32.405684,2024-11-29T02:24:05.509800,CLOSED,,SUBSTATION-GW-02,False
ALT-CSE-02-01076,CSE-02,LOW,2024-12-22T05:38:01,2024-12-22T05:40:57.183890,2024-12-22T06:41:12.753462,CLOSED,,SUBSTATION-GW-02,False
ALT-CSE-02-01077,CSE-02,CRITICAL,2024-10-31T12:35:34,2024-10-31T12:40:21.116651,2024-10-31T13:59:21.950561,CLOSED,,SCADA-RTU-01,False
ALT-CSE-02-01078,CSE-02,HIGH,2024-11-08T23:44:35,2024-11-08T23:48:10.170759,2024-11-09T00:25:47.888469,CLOSED,,ENERGY-EMS-SRV,False
ALT-CSE-02-01079,CSE-02,HIGH,2024-12-22T10:15:17,2024-12-22T10:18:15.291745,2024-12-22T10:44:21.810018,CLOSED,,SUBSTATION-GW-02,False
ALT-CSE-02-01080,CSE-02,CRITICAL,2024-10-30T20:05:18,2024-10-30T20:12:38.579166,2024-10-30T20:59:32.142980,CLOSED,,SCADA-RTU-01,False
ALT-CSE-02-01081,CSE-02,LOW,2024-11-29T20:52:22,2024-11-29T21:12:21.801730,2024-11-29T22:05:29.567979,CLOSED,,CORP-FW-02,False
ALT-CSE-02-01082,CSE-02,HIGH,2024-12-14T13:41:43,2024-12-14T13:49:20.891053,2024-12-14T14:36:23.812172,CLOSED,,GRID-MONITOR-03,False
ALT-CSE-02-01083,CSE-02,HIGH,2024-12-17T16:38:52,2024-12-17T16:46:21.860921,2024-12-17T18:08:05.017974,CLOSED,,CORP-FW-02,False
ALT-CSE-02-01084,CSE-02,MEDIUM,2024-10-18T20:11:47,2024-10-18T20:24:32.446747,2024-10-18T20:43:10.294029,CLOSED,,CORP-FW-02,False
ALT-CSE-02-01085,CSE-02,LOW,2024-11-28T01:19:37,2024-11-28T01:26:25.252730,2024-11-28T01:54:32.533516,CLOSED,,SCADA-RTU-01,False
ALT-CSE-02-01086,CSE-02,LOW,2024-12-29T01:36:21,2024-12-29T01:51:33.441977,2024-12-29T02:08:02.617275,CLOSED,,SCADA-RTU-01,False
ALT-CSE-02-01087,CSE-02,LOW,2024-12-12T15:27:45,2024-12-12T15:36:38.040890,2024-12-12T16:34:23.794363,CLOSED,,SCADA-RTU-01,False
ALT-CSE-02-01088,CSE-02,CRITICAL,2024-12-26T21:54:03,2024-12-26T22:09:37.055829,2024-12-26T23:13:39.788624,CLOSED,,CORP-FW-02,False
ALT-CSE-02-01089,CSE-02,MEDIUM,2024-10-16T12:54:50,2024-10-16T13:08:47.286105,2024-10-16T13:28:32.590709,CLOSED,,GRID-MONITOR-03,False
ALT-CSE-02-01090,CSE-02,MEDIUM,2024-11-10T12:37:12,2024-11-10T12:54:02.164985,2024-11-10T14:02:19.715364,CLOSED,,SCADA-RTU-01,False
ALT-CSE-02-01091,CSE-02,MEDIUM,2024-11-18T11:16:12,2024-11-18T11:24:36.306819,2024-11-18T12:22:40.342727,CLOSED,,GRID-MONITOR-03,False
ALT-CSE-02-01092,CSE-02,LOW,2024-11-25T04:39:22,2024-11-25T04:55:23.424504,2024-11-25T06:06:24.953512,CLOSED,,SUBSTATION-GW-02,False
ALT-CSE-02-01093,CSE-02,MEDIUM,2024-11-18T05:05:25,2024-11-18T05:17:43.770032,2024-11-18T06:31:01.354977,CLOSED,,SCADA-RTU-01,False
ALT-CSE-02-01094,CSE-02,CRITICAL,2024-11-25T05:10:27,2024-11-25T05:16:35.826115,2024-11-25T06:18:28.990001,CLOSED,,ENERGY-EMS-SRV,False
ALT-CSE-02-01095,CSE-02,HIGH,2024-12-13T19:04:33,2024-12-13T19:08:56.282760,2024-12-13T20:10:19.459356,CLOSED,,SUBSTATION-GW-02,False
ALT-CSE-02-01096,CSE-02,CRITICAL,2024-10-03T23:04:59,2024-10-03T23:07:49.356580,2024-10-04T00:11:56.014932,CLOSED,,ENERGY-EMS-SRV,False
ALT-CSE-02-01097,CSE-02,MEDIUM,2024-11-29T18:38:56,2024-11-29T18:49:48.813435,2024-11-29T19:12:18.389734,CLOSED,,CORP-FW-02,False
ALT-CSE-02-01098,CSE-02,HIGH,2024-10-12T20:30:20,2024-10-12T20:34:56.327896,2024-10-12T21:18:03.627808,CLOSED,,SUBSTATION-GW-02,False
ALT-CSE-02-01099,CSE-02,LOW,2024-12-18T18:42:13,2024-12-18T18:45:01.271582,2024-12-18T19:51:12.876523,CLOSED,,SCADA-RTU-01,False
ALT-CSE-02-01100,CSE-02,MEDIUM,2024-10-15T07:30:47,2024-10-15T07:49:13.609709,2024-10-15T08:57:23.128117,CLOSED,,GRID-MONITOR-03,False
ALT-CSE-02-01101,CSE-02,CRITICAL,2024-11-23T15:13:38,2024-11-23T15:16:08.974309,2024-11-23T16:30:04.050176,CLOSED,,ENERGY-EMS-SRV,False
ALT-CSE-02-01102,CSE-02,CRITICAL,2024-12-16T00:55:53,2024-12-16T01:04:20.301145,2024-12-16T01:40:24.700038,CLOSED,,GRID-MONITOR-03,False
ALT-CSE-02-01103,CSE-02,LOW,2024-11-08T18:03:43,2024-11-08T18:18:10.997254,2024-11-08T19:08:10.249994,CLOSED,,CORP-FW-02,False
ALT-CSE-02-01104,CSE-02,CRITICAL,2024-12-24T12:42:09,2024-12-24T12:45:39.106103,2024-12-24T13:39:49.438182,CLOSED,,CORP-FW-02,False
ALT-CSE-02-01105,CSE-02,HIGH,2024-11-08T01:45:30,2024-11-08T02:04:49.971721,2024-11-08T02:27:22.382612,CLOSED,,GRID-MONITOR-03,False
ALT-CSE-02-01106,CSE-02,HIGH,2024-12-21T15:39:59,2024-12-21T15:48:21.772669,2024-12-21T16:57:19.510643,CLOSED,,CORP-FW-02,False
ALT-CSE-02-01107,CSE-02,HIGH,2024-11-19T09:15:41,2024-11-19T09:34:21.885752,2024-11-19T10:09:27.910288,CLOSED,,ENERGY-EMS-SRV,False
ALT-CSE-02-01108,CSE-02,HIGH,2024-12-28T11:32:08,2024-12-28T11:51:42.777708,2024-12-28T12:37:39.417264,CLOSED,,SUBSTATION-GW-02,False
ALT-CSE-02-01109,CSE-02,HIGH,2024-10-06T02:15:23,2024-10-06T02:24:53.025703,2024-10-06T02:48:42.110088,CLOSED,,CORP-FW-02,False
ALT-CSE-02-01110,CSE-02,CRITICAL,2024-10-09T13:29:02,2024-10-09T13:48:53.673375,2024-10-09T14:45:59.521076,CLOSED,,CORP-FW-02,False
ALT-CSE-02-01111,CSE-02,HIGH,2024-12-29T12:39:36,2024-12-29T12:46:37.797578,2024-12-29T13:58:35.760654,CLOSED,,GRID-MONITOR-03,False
ALT-CSE-02-01112,CSE-02,LOW,2024-10-08T17:34:41,2024-10-08T17:50:14.958567,2024-10-08T18:39:41.054863,CLOSED,,SCADA-RTU-01,False
ALT-CSE-02-01113,CSE-02,HIGH,2024-10-12T18:32:25,2024-10-12T18:48:05.722225,2024-10-12T19:44:53.077496,CLOSED,,CORP-FW-02,False
ALT-CSE-02-01114,CSE-02,MEDIUM,2024-12-14T07:16:13,2024-12-14T07:24:01.464316,2024-12-14T07:57:11.978335,CLOSED,,CORP-FW-02,False
ALT-CSE-02-01115,CSE-02,HIGH,2024-10-08T03:04:33,2024-10-08T03:17:09.251039,2024-10-08T04:18:31.593864,CLOSED,,CORP-FW-02,False
ALT-CSE-02-01116,CSE-02,MEDIUM,2024-11-05T02:47:32,2024-11-05T02:53:44.027113,2024-11-05T03:41:09.949069,CLOSED,,CORP-FW-02,False
ALT-CSE-02-01117,CSE-02,HIGH,2024-10-10T00:38:57,2024-10-10T00:58:10.897790,2024-10-10T01:30:31.473604,CLOSED,,SCADA-RTU-01,False
ALT-CSE-02-01118,CSE-02,LOW,2024-11-02T04:10:26,2024-11-02T04:25:33.009879,2024-11-02T04:43:37.768851,CLOSED,,GRID-MONITOR-03,False
ALT-CSE-02-01119,CSE-02,CRITICAL,2024-11-24T00:57:22,2024-11-24T01:03:58.315306,2024-11-24T01:55:33.078306,CLOSED,,CORP-FW-02,False
ALT-CSE-02-01120,CSE-02,MEDIUM,2024-11-10T04:23:25,2024-11-10T04:40:26.490204,2024-11-10T05:09:58.741812,CLOSED,,SUBSTATION-GW-02,False
ALT-CSE-02-01121,CSE-02,MEDIUM,2024-10-17T04:40:11,2024-10-17T04:48:47.964757,2024-10-17T05:48:18.777951,CLOSED,,SUBSTATION-GW-02,False
ALT-CSE-02-01122,CSE-02,LOW,2024-10-16T10:08:52,2024-10-16T10:20:19.580111,2024-10-16T10:44:34.523548,CLOSED,,SCADA-RTU-01,False
ALT-CSE-02-01123,CSE-02,MEDIUM,2024-10-11T18:08:35,2024-10-11T18:20:04.097716,2024-10-11T18:43:36.623401,CLOSED,,SCADA-RTU-01,False
ALT-CSE-02-01124,CSE-02,HIGH,2024-11-19T12:16:37,2024-11-19T12:27:52.378362,2024-11-19T13:09:22.666257,CLOSED,,GRID-MONITOR-03,False
ALT-CSE-02-01125,CSE-02,HIGH,2024-11-09T18:12:50,2024-11-09T18:26:20.269694,2024-11-09T19:10:29.289114,CLOSED,,GRID-MONITOR-03,False
ALT-CSE-02-01126,CSE-02,HIGH,2024-12-17T20:07:12,2024-12-17T20:19:07.797189,2024-12-17T21:03:22.557003,CLOSED,,ENERGY-EMS-SRV,False
ALT-CSE-02-01127,CSE-02,MEDIUM,2024-12-20T16:15:21,2024-12-20T16:27:41.828783,2024-12-20T17:02:06.419513,CLOSED,,ENERGY-EMS-SRV,False
ALT-CSE-02-01128,CSE-02,MEDIUM,2024-10-08T21:07:07,2024-10-08T21:25:59.638543,2024-10-08T21:53:04.271154,CLOSED,,ENERGY-EMS-SRV,False
ALT-CSE-02-01129,CSE-02,MEDIUM,2024-10-16T09:39:34,2024-10-16T09:58:11.667037,2024-10-16T10:50:04.078862,CLOSED,,CORP-FW-02,False
ALT-CSE-02-01130,CSE-02,MEDIUM,2024-10-27T20:08:17,2024-10-27T20:11:50.944443,2024-10-27T21:17:51.741785,CLOSED,,ENERGY-EMS-SRV,False
ALT-CSE-02-01131,CSE-02,LOW,2024-11-07T10:54:47,2024-11-07T11:09:05.616560,2024-11-07T12:23:39.764859,CLOSED,,GRID-MONITOR-03,False
ALT-CSE-02-01132,CSE-02,HIGH,2024-10-12T16:19:12,2024-10-12T16:36:18.152902,2024-10-12T17:26:34.463501,CLOSED,,CORP-FW-02,False
ALT-CSE-02-01133,CSE-02,HIGH,2024-10-25T23:15:14,2024-10-25T23:23:15.416790,2024-10-25T23:57:40.061214,CLOSED,,ENERGY-EMS-SRV,False
ALT-CSE-02-01134,CSE-02,CRITICAL,2024-11-04T18:38:39,2024-11-04T18:54:39.941708,2024-11-04T19:31:58.738131,CLOSED,,CORP-FW-02,False
ALT-CSE-02-01135,CSE-02,HIGH,2024-11-21T09:33:51,2024-11-21T09:46:37.759899,2024-11-21T10:14:17.573103,CLOSED,,SCADA-RTU-01,False
ALT-CSE-02-01136,CSE-02,MEDIUM,2024-10-21T01:17:04,2024-10-21T01:25:23.039406,2024-10-21T02:14:50.835570,CLOSED,,SCADA-RTU-01,False
ALT-CSE-02-01137,CSE-02,HIGH,2024-10-19T14:37:35,2024-10-19T14:54:39.093499,2024-10-19T15:08:09.859801,CLOSED,,CORP-FW-02,False
ALT-CSE-02-01138,CSE-02,HIGH,2024-12-02T01:40:48,2024-12-02T01:45:35.652474,2024-12-02T03:05:43.662561,CLOSED,,CORP-FW-02,False
ALT-CSE-02-01139,CSE-02,HIGH,2024-11-22T13:40:13,2024-11-22T13:56:28.230724,2024-11-22T14:19:11.369352,CLOSED,,CORP-FW-02,False
ALT-CSE-02-01140,CSE-02,CRITICAL,2024-11-07T01:07:24,2024-11-07T01:16:47.026602,2024-11-07T01:35:34.397509,CLOSED,,ENERGY-EMS-SRV,False
ALT-CSE-02-01141,CSE-02,HIGH,2024-12-07T09:30:18,2024-12-07T09:33:11.259884,2024-12-07T10:00:40.969395,CLOSED,,CORP-FW-02,False
ALT-CSE-02-01142,CSE-02,LOW,2024-10-27T15:51:03,2024-10-27T15:53:11.755195,2024-10-27T16:29:18.526970,CLOSED,,CORP-FW-02,False
ALT-CSE-02-01143,CSE-02,CRITICAL,2024-12-21T09:51:32,2024-12-21T10:08:54.678828,2024-12-21T11:13:06.821305,CLOSED,,SUBSTATION-GW-02,False
ALT-CSE-02-01144,CSE-02,HIGH,2024-12-25T13:12:53,2024-12-25T13:24:22.142247,2024-12-25T14:03:53.956007,CLOSED,,SCADA-RTU-01,False
ALT-CSE-02-01145,CSE-02,LOW,2024-11-01T16:19:29,2024-11-01T16:26:11.111866,2024-11-01T17:11:34.632593,CLOSED,CAS-CSE-02-0051,GRID-MONITOR-03,False
ALT-CSE-02-01146,CSE-02,CRITICAL,2024-12-26T11:05:14,2024-12-26T11:15:06.411909,2024-12-26T12:25:51.589044,CLOSED,,GRID-MONITOR-03,False
ALT-CSE-02-01147,CSE-02,MEDIUM,2024-10-14T09:03:53,2024-10-14T09:14:48.434417,2024-10-14T09:32:00.503494,CLOSED,,SUBSTATION-GW-02,False
ALT-CSE-02-01148,CSE-02,HIGH,2024-12-07T15:34:39,2024-12-07T15:51:59.771307,2024-12-07T16:19:04.758866,CLOSED,,SCADA-RTU-01,False
ALT-CSE-02-01149,CSE-02,MEDIUM,2024-10-15T20:52:54,2024-10-15T21:07:41.445136,2024-10-15T22:11:15.945454,CLOSED,,GRID-MONITOR-03,False
ALT-CSE-02-01150,CSE-02,MEDIUM,2024-12-29T20:32:25,2024-12-29T20:46:42.424398,2024-12-29T21:49:36.776302,CLOSED,,SCADA-RTU-01,False
ALT-CSE-02-01151,CSE-02,CRITICAL,2024-10-09T07:12:33,2024-10-09T07:30:22.837245,2024-10-09T08:39:15.081133,CLOSED,,SUBSTATION-GW-02,False
ALT-CSE-02-01152,CSE-02,MEDIUM,2024-12-23T14:01:53,2024-12-23T14:04:14.179001,2024-12-23T14:59:11.796956,CLOSED,,ENERGY-EMS-SRV,False
ALT-CSE-02-01153,CSE-02,MEDIUM,2024-10-09T16:10:45,2024-10-09T16:29:12.320705,2024-10-09T17:00:51.481662,CLOSED,,SUBSTATION-GW-02,False
ALT-CSE-02-01154,CSE-02,LOW,2024-11-05T23:58:52,2024-11-06T00:08:01.478157,2024-11-06T01:05:33.256157,CLOSED,,GRID-MONITOR-03,False
ALT-CSE-02-01155,CSE-02,CRITICAL,2024-11-24T11:38:27,2024-11-24T11:51:25.271133,2024-11-24T12:57:32.562559,CLOSED,,ENERGY-EMS-SRV,False
ALT-CSE-02-01156,CSE-02,CRITICAL,2024-12-15T20:30:23,2024-12-15T20:48:28.207459,2024-12-15T21:40:41.172676,CLOSED,,CORP-FW-02,False
ALT-CSE-02-01157,CSE-02,MEDIUM,2024-11-14T06:45:16,2024-11-14T06:55:57.936444,2024-11-14T07:34:20.268632,CLOSED,,ENERGY-EMS-SRV,False
ALT-CSE-02-01158,CSE-02,HIGH,2024-12-17T00:54:30,2024-12-17T01:02:01.364468,2024-12-17T02:10:14.934909,CLOSED,,SCADA-RTU-01,False
ALT-CSE-02-01159,CSE-02,HIGH,2024-10-27T18:10:38,2024-10-27T18:23:47.505510,2024-10-27T18:47:11.587762,CLOSED,,SUBSTATION-GW-02,False
ALT-CSE-02-01160,CSE-02,MEDIUM,2024-12-02T12:50:41,2024-12-02T12:58:44.251634,2024-12-02T13:52:45.421613,CLOSED,,GRID-MONITOR-03,False
ALT-CSE-02-01161,CSE-02,HIGH,2024-11-06T19:40:56,2024-11-06T19:56:58.542518,2024-11-06T20:43:47.160787,CLOSED,,SCADA-RTU-01,False
ALT-CSE-02-01162,CSE-02,HIGH,2024-10-30T10:01:24,2024-10-30T10:16:27.306929,2024-10-30T10:43:30.963531,CLOSED,,SUBSTATION-GW-02,False
ALT-CSE-02-01163,CSE-02,MEDIUM,2024-10-30T16:50:22,2024-10-30T16:56:22.467519,2024-10-30T18:05:08.756695,CLOSED,,GRID-MONITOR-03,False
ALT-CSE-02-01164,CSE-02,CRITICAL,2024-12-23T11:32:01,2024-12-23T11:41:24.369406,2024-12-23T12:33:39.341460,CLOSED,,SCADA-RTU-01,False
ALT-CSE-02-01165,CSE-02,LOW,2024-10-26T18:57:58,2024-10-26T19:13:47.096284,2024-10-26T20:18:46.523456,CLOSED,,GRID-MONITOR-03,False
ALT-CSE-02-01166,CSE-02,LOW,2024-12-07T08:58:56,2024-12-07T09:05:16.270254,2024-12-07T10:20:10.002847,CLOSED,,ENERGY-EMS-SRV,False
ALT-CSE-02-01167,CSE-02,MEDIUM,2024-11-15T07:18:22,2024-11-15T07:22:36.988517,2024-11-15T07:46:40.717507,CLOSED,,SCADA-RTU-01,False
ALT-CSE-02-01168,CSE-02,LOW,2024-12-02T11:20:41,2024-12-02T11:27:13.442026,2024-12-02T12:15:14.931222,CLOSED,,ENERGY-EMS-SRV,False
ALT-CSE-02-01169,CSE-02,MEDIUM,2024-10-26T12:26:23,2024-10-26T12:32:42.623292,2024-10-26T12:56:02.850566,CLOSED,,ENERGY-EMS-SRV,False
ALT-CSE-02-01170,CSE-02,MEDIUM,2024-11-16T23:14:04,2024-11-16T23:18:28.171225,2024-11-17T00:01:58.350690,CLOSED,,CORP-FW-02,False
ALT-CSE-02-01171,CSE-02,HIGH,2024-10-25T17:10:23,2024-10-25T17:14:15.171383,2024-10-25T17:57:39.174307,CLOSED,,GRID-MONITOR-03,False
ALT-CSE-02-01172,CSE-02,HIGH,2024-11-08T04:56:23,2024-11-08T05:07:59.684616,2024-11-08T06:18:17.591241,CLOSED,,SUBSTATION-GW-02,False
ALT-CSE-02-01173,CSE-02,MEDIUM,2024-10-31T11:50:42,2024-10-31T11:55:25.780542,2024-10-31T13:11:38.743327,CLOSED,,ENERGY-EMS-SRV,False
ALT-CSE-02-01174,CSE-02,HIGH,2024-10-02T17:08:03,2024-10-02T17:25:03.709037,2024-10-02T18:16:52.189167,CLOSED,,ENERGY-EMS-SRV,False
ALT-CSE-02-01175,CSE-02,HIGH,2024-11-28T00:59:08,2024-11-28T01:06:33.524823,2024-11-28T01:55:50.416590,CLOSED,,SCADA-RTU-01,False
ALT-CSE-02-01176,CSE-02,MEDIUM,2024-11-09T01:46:51,2024-11-09T01:49:38.856213,2024-11-09T03:03:01.917849,CLOSED,,ENERGY-EMS-SRV,False
ALT-CSE-02-01177,CSE-02,MEDIUM,2024-10-12T09:55:46,2024-10-12T10:11:44.830221,2024-10-12T10:47:27.124019,CLOSED,,ENERGY-EMS-SRV,False
ALT-CSE-02-01178,CSE-02,HIGH,2024-10-30T04:24:33,2024-10-30T04:26:52.702323,2024-10-30T04:56:09.871766,CLOSED,,CORP-FW-02,False
ALT-CSE-02-01179,CSE-02,LOW,2024-11-13T03:57:57,2024-11-13T04:11:21.286409,2024-11-13T04:29:11.462397,CLOSED,,GRID-MONITOR-03,False
ALT-CSE-02-01180,CSE-02,MEDIUM,2024-11-17T11:46:41,2024-11-17T12:01:38.993405,2024-11-17T13:04:06.884223,CLOSED,,ENERGY-EMS-SRV,False
ALT-CSE-02-01181,CSE-02,CRITICAL,2024-11-03T21:55:36,2024-11-03T22:10:26.735987,2024-11-03T22:57:46.431958,CLOSED,,CORP-FW-02,False
ALT-CSE-02-01182,CSE-02,MEDIUM,2024-11-18T11:29:07,2024-11-18T11:48:00.936486,2024-11-18T12:18:21.166891,CLOSED,,SCADA-RTU-01,False
ALT-CSE-02-01183,CSE-02,CRITICAL,2024-10-03T11:10:56,2024-10-03T11:16:22.240584,2024-10-03T12:29:32.117972,CLOSED,,SCADA-RTU-01,False
ALT-CSE-02-01184,CSE-02,HIGH,2024-11-29T18:51:32,2024-11-29T19:05:44.028868,2024-11-29T19:59:22.308605,CLOSED,,SCADA-RTU-01,False
ALT-CSE-02-01185,CSE-02,HIGH,2024-10-04T10:10:31,2024-10-04T10:29:26.326590,2024-10-04T11:05:25.046483,CLOSED,,ENERGY-EMS-SRV,False
ALT-CSE-02-01186,CSE-02,MEDIUM,2024-11-17T11:10:32,2024-11-17T11:22:18.435712,2024-11-17T12:21:04.843515,CLOSED,,CORP-FW-02,False
ALT-CSE-02-01187,CSE-02,HIGH,2024-12-06T00:17:28,2024-12-06T00:21:13.696135,2024-12-06T01:41:13.075040,CLOSED,,ENERGY-EMS-SRV,False
ALT-CSE-02-01188,CSE-02,MEDIUM,2024-12-15T18:54:52,2024-12-15T19:01:07.258778,2024-12-15T19:55:35.741279,CLOSED,,CORP-FW-02,False
ALT-CSE-02-01189,CSE-02,HIGH,2024-11-09T00:16:18,2024-11-09T00:30:29.004389,2024-11-09T01:04:14.468298,CLOSED,,GRID-MONITOR-03,False
ALT-CSE-02-01190,CSE-02,HIGH,2024-10-24T07:35:47,2024-10-24T07:44:24.455578,2024-10-24T08:44:34.846258,CLOSED,,CORP-FW-02,False
ALT-CSE-02-01191,CSE-02,MEDIUM,2024-10-05T09:57:55,2024-10-05T10:08:43.173744,2024-10-05T10:52:27.372831,CLOSED,,CORP-FW-02,False
ALT-CSE-02-01192,CSE-02,HIGH,2024-12-15T15:24:44,2024-12-15T15:28:16.204730,2024-12-15T16:03:37.161649,CLOSED,,SCADA-RTU-01,False
ALT-CSE-02-01193,CSE-02,MEDIUM,2024-11-29T10:16:37,2024-11-29T10:18:44.885454,2024-11-29T10:59:18.209335,CLOSED,,GRID-MONITOR-03,False
ALT-CSE-02-01194,CSE-02,LOW,2024-10-31T02:05:24,2024-10-31T02:10:22.165974,2024-10-31T03:11:41.486292,CLOSED,,SUBSTATION-GW-02,False
ALT-CSE-02-01195,CSE-02,HIGH,2024-12-22T15:07:37,2024-12-22T15:21:43.161862,2024-12-22T15:47:14.562197,CLOSED,,CORP-FW-02,False
ALT-CSE-02-01196,CSE-02,HIGH,2024-12-14T15:01:38,2024-12-14T15:18:23.798349,2024-12-14T15:30:41.966824,CLOSED,,CORP-FW-02,False
ALT-CSE-02-01197,CSE-02,LOW,2024-10-20T00:45:11,2024-10-20T00:59:50.881171,2024-10-20T02:05:42.201290,CLOSED,,SCADA-RTU-01,False
ALT-CSE-02-01198,CSE-02,MEDIUM,2024-12-28T18:10:38,2024-12-28T18:20:50.779099,2024-12-28T19:22:29.574801,CLOSED,,GRID-MONITOR-03,False
ALT-CSE-02-01199,CSE-02,LOW,2024-11-24T10:34:18,2024-11-24T10:50:56.859905,2024-11-24T11:24:38.344436,CLOSED,CAS-CSE-02-0052,SUBSTATION-GW-02,True
ALT-CSE-02-01200,CSE-02,LOW,2024-12-04T23:47:17,2024-12-04T23:56:45.287001,2024-12-05T01:10:35.014359,CLOSED,,CORP-FW-02,False
ALT-CSE-02-01201,CSE-02,LOW,2024-12-08T16:41:32,2024-12-08T16:57:32.676058,2024-12-08T17:10:58.407203,CLOSED,,CORP-FW-02,False
ALT-CSE-02-01202,CSE-02,HIGH,2024-11-26T15:07:36,2024-11-26T15:11:27.981127,2024-11-26T16:25:15.966690,CLOSED,,SUBSTATION-GW-02,False
ALT-CSE-02-01203,CSE-02,MEDIUM,2024-10-17T03:23:00,2024-10-17T03:26:21.603543,2024-10-17T04:28:43.829650,CLOSED,,SUBSTATION-GW-02,False
ALT-CSE-02-01204,CSE-02,LOW,2024-10-09T00:29:29,2024-10-09T00:48:06.134733,2024-10-09T01:32:32.765380,CLOSED,,CORP-FW-02,False
ALT-CSE-02-01205,CSE-02,MEDIUM,2024-10-15T05:56:40,2024-10-15T06:13:50.334031,2024-10-15T07:14:19.046693,CLOSED,,GRID-MONITOR-03,False
ALT-CSE-02-01206,CSE-02,LOW,2024-12-13T16:05:00,2024-12-13T16:12:43.951057,2024-12-13T17:32:38.668002,CLOSED,,ENERGY-EMS-SRV,False
ALT-CSE-02-01207,CSE-02,HIGH,2024-11-06T03:31:31,2024-11-06T03:46:07.071789,2024-11-06T04:08:16.367543,CLOSED,,ENERGY-EMS-SRV,False
ALT-CSE-02-01208,CSE-02,HIGH,2024-12-29T18:19:16,2024-12-29T18:22:38.523794,2024-12-29T19:18:07.010435,CLOSED,,CORP-FW-02,False
ALT-CSE-02-01209,CSE-02,MEDIUM,2024-12-14T05:26:51,2024-12-14T05:45:08.491996,2024-12-14T06:14:07.174563,CLOSED,,GRID-MONITOR-03,False
ALT-CSE-02-01210,CSE-02,CRITICAL,2024-10-02T18:37:10,2024-10-02T18:51:32.121401,2024-10-02T19:11:33.099478,CLOSED,,CORP-FW-02,False
ALT-CSE-02-01211,CSE-02,CRITICAL,2024-11-27T14:03:04,2024-11-27T14:08:57.698788,2024-11-27T15:22:30.255252,CLOSED,,CORP-FW-02,False
ALT-CSE-02-01212,CSE-02,HIGH,2024-10-10T16:21:26,2024-10-10T16:33:06.022465,2024-10-10T17:44:47.454871,CLOSED,,SCADA-RTU-01,False
ALT-CSE-02-01213,CSE-02,HIGH,2024-12-05T02:59:08,2024-12-05T03:03:33.345421,2024-12-05T03:25:56.815037,CLOSED,,CORP-FW-02,False
ALT-CSE-02-01214,CSE-02,HIGH,2024-10-24T14:04:38,2024-10-24T14:12:27.534642,2024-10-24T15:32:59.632503,CLOSED,,SCADA-RTU-01,False
ALT-CSE-02-01215,CSE-02,CRITICAL,2024-10-17T09:45:40,2024-10-17T09:57:25.038872,2024-10-17T11:09:54.531280,CLOSED,CAS-CSE-02-0053,GRID-MONITOR-03,True
ALT-CSE-02-01216,CSE-02,LOW,2024-11-15T12:10:48,2024-11-15T12:29:08.572653,2024-11-15T12:38:48.218521,CLOSED,,GRID-MONITOR-03,False
ALT-CSE-02-01217,CSE-02,MEDIUM,2024-11-16T21:51:50,2024-11-16T22:01:40.329842,2024-11-16T23:19:58.164417,CLOSED,,GRID-MONITOR-03,False
ALT-CSE-02-01218,CSE-02,HIGH,2024-12-11T21:24:10,2024-12-11T21:37:01.996137,2024-12-11T21:49:20.076231,CLOSED,,GRID-MONITOR-03,False
ALT-CSE-02-01219,CSE-02,MEDIUM,2024-10-07T09:02:47,2024-10-07T09:16:14.429306,2024-10-07T09:39:50.612936,CLOSED,,SUBSTATION-GW-02,False
ALT-CSE-02-01220,CSE-02,CRITICAL,2024-11-22T23:20:25,2024-11-22T23:31:50.436811,2024-11-23T00:18:57.967597,CLOSED,,ENERGY-EMS-SRV,False
ALT-CSE-02-01221,CSE-02,CRITICAL,2024-11-07T20:36:18,2024-11-07T20:52:57.036202,2024-11-07T21:15:45.244333,CLOSED,,SUBSTATION-GW-02,False
ALT-CSE-02-01222,CSE-02,HIGH,2024-10-29T20:55:45,2024-10-29T21:09:31.688634,2024-10-29T22:12:28.796565,CLOSED,,GRID-MONITOR-03,False
ALT-CSE-02-01223,CSE-02,HIGH,2024-10-11T14:25:37,2024-10-11T14:38:12.928119,2024-10-11T14:56:01.926739,CLOSED,,SUBSTATION-GW-02,False
ALT-CSE-02-01224,CSE-02,MEDIUM,2024-10-02T23:36:45,2024-10-02T23:45:42.855974,2024-10-03T01:01:00.718643,CLOSED,,CORP-FW-02,False
ALT-CSE-02-01225,CSE-02,CRITICAL,2024-11-24T19:31:10,2024-11-24T19:46:06.863585,2024-11-24T20:44:57.686445,CLOSED,,SUBSTATION-GW-02,False
ALT-CSE-02-01226,CSE-02,HIGH,2024-11-02T15:37:10,2024-11-02T15:53:49.498787,2024-11-02T17:07:02.391155,CLOSED,,CORP-FW-02,False
ALT-CSE-02-01227,CSE-02,HIGH,2024-10-06T03:41:09,2024-10-06T03:45:22.253452,2024-10-06T04:10:38.690168,CLOSED,,CORP-FW-02,False
ALT-CSE-02-01228,CSE-02,MEDIUM,2024-10-19T05:40:17,2024-10-19T05:49:25.874527,2024-10-19T06:40:41.833786,CLOSED,,GRID-MONITOR-03,False
ALT-CSE-02-01229,CSE-02,LOW,2024-11-14T21:24:13,2024-11-14T21:31:12.453770,2024-11-14T21:56:52.676215,CLOSED,,SUBSTATION-GW-02,False
ALT-CSE-02-01230,CSE-02,CRITICAL,2024-10-25T04:08:16,2024-10-25T04:21:44.625618,2024-10-25T04:59:08.095277,CLOSED,,ENERGY-EMS-SRV,False
ALT-CSE-02-01231,CSE-02,LOW,2024-11-08T23:37:50,2024-11-08T23:54:09.561534,2024-11-09T00:11:58.323165,CLOSED,,CORP-FW-02,False
ALT-CSE-02-01232,CSE-02,MEDIUM,2024-12-13T11:18:41,2024-12-13T11:21:08.090640,2024-12-13T12:29:41.572104,CLOSED,,ENERGY-EMS-SRV,False
ALT-CSE-02-01233,CSE-02,MEDIUM,2024-10-14T17:52:09,2024-10-14T18:09:43.026636,2024-10-14T19:17:28.420226,CLOSED,,ENERGY-EMS-SRV,False
ALT-CSE-02-01234,CSE-02,MEDIUM,2024-12-13T09:37:12,2024-12-13T09:48:15.764420,2024-12-13T10:21:34.365837,CLOSED,,CORP-FW-02,False
ALT-CSE-02-01235,CSE-02,MEDIUM,2024-10-01T09:55:49,2024-10-01T10:05:09.913918,2024-10-01T10:49:58.674636,CLOSED,,ENERGY-EMS-SRV,False
ALT-CSE-02-01236,CSE-02,LOW,2024-11-16T14:31:22,2024-11-16T14:38:58.418271,2024-11-16T15:56:03.277471,CLOSED,,SUBSTATION-GW-02,False
ALT-CSE-02-01237,CSE-02,MEDIUM,2024-12-08T13:08:31,2024-12-08T13:16:43.774048,2024-12-08T13:35:12.393373,CLOSED,,SCADA-RTU-01,False
ALT-CSE-02-01238,CSE-02,HIGH,2024-12-28T02:16:11,2024-12-28T02:32:43.431750,2024-12-28T02:46:55.865797,CLOSED,,SUBSTATION-GW-02,False
ALT-CSE-02-01239,CSE-02,CRITICAL,2024-11-25T11:21:28,2024-11-25T11:29:24.852576,2024-11-25T12:19:49.586174,CLOSED,,GRID-MONITOR-03,False
ALT-CSE-02-01240,CSE-02,MEDIUM,2024-10-02T03:48:33,2024-10-02T04:07:19.270432,2024-10-02T04:35:34.611606,CLOSED,,CORP-FW-02,False
ALT-CSE-02-01241,CSE-02,HIGH,2024-11-17T20:15:54,2024-11-17T20:34:37.262846,2024-11-17T20:46:11.639045,CLOSED,,SCADA-RTU-01,False
ALT-CSE-02-01242,CSE-02,CRITICAL,2024-11-03T12:50:22,2024-11-03T12:59:45.669953,2024-11-03T13:44:44.414871,CLOSED,CAS-CSE-02-0054,SUBSTATION-GW-02,False
ALT-CSE-02-01243,CSE-02,HIGH,2024-12-07T19:57:56,2024-12-07T20:06:48.545789,2024-12-07T20:44:22.842447,CLOSED,,ENERGY-EMS-SRV,False
ALT-CSE-02-01244,CSE-02,MEDIUM,2024-10-23T12:16:14,2024-10-23T12:31:55.627462,2024-10-23T13:22:15.667350,CLOSED,,SUBSTATION-GW-02,False
ALT-CSE-02-01245,CSE-02,HIGH,2024-11-07T09:32:44,2024-11-07T09:44:47.304813,2024-11-07T10:05:13.682922,CLOSED,,GRID-MONITOR-03,False
ALT-CSE-02-01246,CSE-02,HIGH,2024-12-24T01:09:21,2024-12-24T01:23:21.609654,2024-12-24T02:30:06.063728,CLOSED,CAS-CSE-02-0055,ENERGY-EMS-SRV,False
ALT-CSE-02-01247,CSE-02,LOW,2024-12-03T16:43:08,2024-12-03T17:00:18.214920,2024-12-03T18:08:39.757213,CLOSED,,GRID-MONITOR-03,False
ALT-CSE-02-01248,CSE-02,MEDIUM,2024-12-04T21:14:36,2024-12-04T21:31:45.397918,2024-12-04T22:34:22.758323,CLOSED,,GRID-MONITOR-03,False
ALT-CSE-02-01249,CSE-02,MEDIUM,2024-10-05T07:56:32,2024-10-05T08:02:37.858342,2024-10-05T08:33:02.483596,CLOSED,,GRID-MONITOR-03,False
ALT-CSE-02-01250,CSE-02,MEDIUM,2024-12-10T03:41:32,2024-12-10T03:56:35.317968,2024-12-10T04:28:11.990883,CLOSED,,GRID-MONITOR-03,False
ALT-CSE-02-01251,CSE-02,LOW,2024-10-26T15:13:40,2024-10-26T15:33:34.108452,2024-10-26T16:00:47.114857,CLOSED,,ENERGY-EMS-SRV,False
ALT-CSE-02-01252,CSE-02,MEDIUM,2024-12-27T01:56:24,2024-12-27T02:07:59.995627,2024-12-27T02:24:12.437830,CLOSED,,GRID-MONITOR-03,False
ALT-CSE-02-01253,CSE-02,MEDIUM,2024-10-22T02:09:04,2024-10-22T02:26:15.193079,2024-10-22T03:09:15.465060,CLOSED,,GRID-MONITOR-03,False
ALT-CSE-02-01254,CSE-02,CRITICAL,2024-11-03T02:21:59,2024-11-03T02:39:11.735555,2024-11-03T02:57:31.571951,CLOSED,CAS-CSE-02-0056,ENERGY-EMS-SRV,False
ALT-CSE-02-01255,CSE-02,LOW,2024-12-09T17:20:19,2024-12-09T17:38:19.953052,2024-12-09T18:37:29.710481,CLOSED,,SCADA-RTU-01,False
ALT-CSE-02-01256,CSE-02,CRITICAL,2024-10-05T23:21:46,2024-10-05T23:32:28.846152,2024-10-06T00:51:19.594896,CLOSED,,ENERGY-EMS-SRV,False
ALT-CSE-02-01257,CSE-02,LOW,2024-11-05T03:39:17,2024-11-05T03:46:30.124406,2024-11-05T04:52:35.400932,CLOSED,,GRID-MONITOR-03,False
ALT-CSE-02-01258,CSE-02,CRITICAL,2024-11-24T21:11:05,2024-11-24T21:27:18.468768,2024-11-24T21:45:56.632668,CLOSED,,CORP-FW-02,False
ALT-CSE-02-01259,CSE-02,HIGH,2024-11-19T05:11:08,2024-11-19T05:19:12.881620,2024-11-19T06:37:26.765980,CLOSED,,SUBSTATION-GW-02,False
ALT-CSE-02-01260,CSE-02,MEDIUM,2024-11-29T02:44:06,2024-11-29T02:55:14.068283,2024-11-29T04:11:16.889211,CLOSED,,ENERGY-EMS-SRV,False
ALT-CSE-02-01261,CSE-02,MEDIUM,2024-10-02T02:34:55,2024-10-02T02:52:05.279057,2024-10-02T03:24:32.928789,CLOSED,,CORP-FW-02,False
ALT-CSE-02-01262,CSE-02,CRITICAL,2024-12-24T00:45:56,2024-12-24T01:05:06.166447,2024-12-24T01:57:35.532036,CLOSED,,SUBSTATION-GW-02,False
ALT-CSE-02-01263,CSE-02,MEDIUM,2024-11-09T18:49:35,2024-11-09T19:05:39.330786,2024-11-09T19:45:32.795519,CLOSED,,GRID-MONITOR-03,False
ALT-CSE-02-01264,CSE-02,LOW,2024-12-26T10:42:50,2024-12-26T10:53:02.712431,2024-12-26T11:46:34.959221,CLOSED,,SUBSTATION-GW-02,False
ALT-CSE-02-01265,CSE-02,MEDIUM,2024-12-26T17:01:38,2024-12-26T17:18:29.447656,2024-12-26T17:36:00.828848,CLOSED,,GRID-MONITOR-03,False
ALT-CSE-02-01266,CSE-02,MEDIUM,2024-12-25T09:00:53,2024-12-25T09:16:18.063530,2024-12-25T10:15:12.317208,CLOSED,,SCADA-RTU-01,False
ALT-CSE-02-01267,CSE-02,CRITICAL,2024-11-12T12:09:33,2024-11-12T12:25:13.032537,2024-11-12T13:38:47.588359,CLOSED,,CORP-FW-02,False
ALT-CSE-02-01268,CSE-02,MEDIUM,2024-10-17T17:42:02,2024-10-17T17:47:24.425856,2024-10-17T18:58:34.597740,CLOSED,,SUBSTATION-GW-02,False
ALT-CSE-02-01269,CSE-02,HIGH,2024-10-16T22:03:45,2024-10-16T22:09:55.374544,2024-10-16T23:13:14.202450,CLOSED,,SCADA-RTU-01,False
ALT-CSE-02-01270,CSE-02,MEDIUM,2024-10-21T22:33:34,2024-10-21T22:46:40.125203,2024-10-21T23:58:57.387868,CLOSED,,GRID-MONITOR-03,False
ALT-CSE-02-01271,CSE-02,CRITICAL,2024-11-08T22:42:49,2024-11-08T22:59:28.546971,2024-11-09T00:05:38.428267,CLOSED,,GRID-MONITOR-03,False
ALT-CSE-02-01272,CSE-02,MEDIUM,2024-10-26T02:33:30,2024-10-26T02:48:14.335385,2024-10-26T03:42:42.198690,CLOSED,CAS-CSE-02-0057,SUBSTATION-GW-02,False
ALT-CSE-02-01273,CSE-02,CRITICAL,2024-11-12T11:47:20,2024-11-12T11:59:00.700595,2024-11-12T12:37:47.972389,CLOSED,,CORP-FW-02,False
ALT-CSE-02-01274,CSE-02,HIGH,2024-10-14T06:09:41,2024-10-14T06:20:47.316179,2024-10-14T06:50:26.516392,CLOSED,,SCADA-RTU-01,False
ALT-CSE-02-01275,CSE-02,CRITICAL,2024-11-07T03:22:59,2024-11-07T03:40:29.404754,2024-11-07T04:05:12.114245,CLOSED,,CORP-FW-02,False
ALT-CSE-02-01276,CSE-02,HIGH,2024-11-21T14:58:10,2024-11-21T15:08:47.186579,2024-11-21T16:24:43.619192,CLOSED,,SCADA-RTU-01,False
ALT-CSE-02-01277,CSE-02,LOW,2024-12-01T08:05:12,2024-12-01T08:20:45.718924,2024-12-01T09:22:10.272346,CLOSED,,ENERGY-EMS-SRV,False
ALT-CSE-02-01278,CSE-02,CRITICAL,2024-11-03T23:42:23,2024-11-04T00:01:43.132385,2024-11-04T01:06:10.605650,CLOSED,,SCADA-RTU-01,False
ALT-CSE-02-01279,CSE-02,HIGH,2024-11-13T02:44:58,2024-11-13T02:54:21.012852,2024-11-13T04:14:32.095748,CLOSED,,ENERGY-EMS-SRV,False
ALT-CSE-02-01280,CSE-02,HIGH,2024-10-03T21:35:13,2024-10-03T21:45:51.044976,2024-10-03T22:56:05.595369,CLOSED,,CORP-FW-02,False
ALT-CSE-02-01281,CSE-02,MEDIUM,2024-11-13T08:43:25,2024-11-13T08:55:12.904970,2024-11-13T09:10:11.910790,CLOSED,,SUBSTATION-GW-02,False
ALT-CSE-02-01282,CSE-02,MEDIUM,2024-10-13T15:03:53,2024-10-13T15:08:55.286504,2024-10-13T15:45:04.515101,CLOSED,,GRID-MONITOR-03,False
ALT-CSE-02-01283,CSE-02,CRITICAL,2024-12-27T07:35:56,2024-12-27T07:39:36.472435,2024-12-27T09:03:54.471471,CLOSED,,CORP-FW-02,False
ALT-CSE-02-01284,CSE-02,HIGH,2024-11-10T06:20:03,2024-11-10T06:38:39.303936,2024-11-10T07:46:53.540029,CLOSED,,SUBSTATION-GW-02,False
ALT-CSE-02-01285,CSE-02,MEDIUM,2024-11-15T19:46:56,2024-11-15T19:59:07.129113,2024-11-15T21:02:25.271281,CLOSED,,CORP-FW-02,False
ALT-CSE-02-01286,CSE-02,HIGH,2024-12-20T05:34:23,2024-12-20T05:50:44.387528,2024-12-20T06:04:20.525792,CLOSED,,ENERGY-EMS-SRV,False
ALT-CSE-02-01287,CSE-02,MEDIUM,2024-12-17T09:37:08,2024-12-17T09:46:29.387179,2024-12-17T10:39:35.481293,CLOSED,,CORP-FW-02,False
ALT-CSE-02-01288,CSE-02,HIGH,2024-10-30T04:01:20,2024-10-30T04:05:24.043684,2024-10-30T04:26:52.533682,CLOSED,,SUBSTATION-GW-02,False
ALT-CSE-02-01289,CSE-02,MEDIUM,2024-11-19T04:21:59,2024-11-19T04:24:06.159579,2024-11-19T04:47:16.507409,CLOSED,,SCADA-RTU-01,False
ALT-CSE-02-01290,CSE-02,CRITICAL,2024-11-17T08:20:57,2024-11-17T08:28:34.197015,2024-11-17T09:30:27.621494,CLOSED,,SCADA-RTU-01,False
ALT-CSE-02-01291,CSE-02,CRITICAL,2024-10-16T10:59:17,2024-10-16T11:14:26.072330,2024-10-16T12:06:55.725941,CLOSED,CAS-CSE-02-0058,ENERGY-EMS-SRV,False
ALT-CSE-02-01292,CSE-02,HIGH,2024-10-27T08:51:10,2024-10-27T08:54:22.169099,2024-10-27T09:34:04.164439,CLOSED,,SUBSTATION-GW-02,False
ALT-CSE-02-01293,CSE-02,MEDIUM,2024-12-07T14:12:28,2024-12-07T14:15:41.602844,2024-12-07T15:33:54.930592,CLOSED,,GRID-MONITOR-03,False
ALT-CSE-02-01294,CSE-02,CRITICAL,2024-11-15T06:56:53,2024-11-15T07:04:38.101010,2024-11-15T08:09:57.913645,CLOSED,,ENERGY-EMS-SRV,False
ALT-CSE-02-01295,CSE-02,CRITICAL,2024-12-06T02:43:08,2024-12-06T02:57:22.989613,2024-12-06T03:37:12.534290,CLOSED,,SCADA-RTU-01,False
ALT-CSE-02-01296,CSE-02,HIGH,2024-12-10T00:46:31,2024-12-10T00:55:41.102443,2024-12-10T01:42:47.997678,CLOSED,,ENERGY-EMS-SRV,False
ALT-CSE-02-01297,CSE-02,HIGH,2024-11-22T16:56:20,2024-11-22T17:15:06.564759,2024-11-22T18:13:39.536587,CLOSED,,CORP-FW-02,False
ALT-CSE-02-01298,CSE-02,LOW,2024-11-19T07:00:00,2024-11-19T07:19:08.534968,2024-11-19T07:34:12.859054,CLOSED,,CORP-FW-02,False
ALT-CSE-02-01299,CSE-02,HIGH,2024-11-21T22:25:39,2024-11-21T22:40:22.795227,2024-11-21T22:51:19.816229,CLOSED,,SCADA-RTU-01,False
ALT-CSE-02-01300,CSE-02,LOW,2024-11-02T13:56:30,2024-11-02T14:06:31.068958,2024-11-02T15:00:08.233010,CLOSED,,GRID-MONITOR-03,False
ALT-CSE-02-01301,CSE-02,HIGH,2024-10-27T00:13:53,2024-10-27T00:29:13.848745,2024-10-27T01:13:25.947455,CLOSED,,SCADA-RTU-01,False
ALT-CSE-02-01302,CSE-02,MEDIUM,2024-11-14T16:35:04,2024-11-14T16:37:11.524707,2024-11-14T17:23:47.432074,CLOSED,,CORP-FW-02,False
ALT-CSE-02-01303,CSE-02,HIGH,2024-11-29T03:46:55,2024-11-29T04:06:34.713889,2024-11-29T05:15:19.181825,CLOSED,,SCADA-RTU-01,False
ALT-CSE-02-01304,CSE-02,MEDIUM,2024-11-04T00:29:07,2024-11-04T00:32:26.503070,2024-11-04T01:02:36.713670,CLOSED,,CORP-FW-02,False
ALT-CSE-02-01305,CSE-02,CRITICAL,2024-12-10T06:37:43,2024-12-10T06:52:41.540145,2024-12-10T07:10:55.678651,CLOSED,,SUBSTATION-GW-02,False
ALT-CSE-02-01306,CSE-02,LOW,2024-11-13T16:29:25,2024-11-13T16:46:34.119358,2024-11-13T17:48:27.228768,CLOSED,,SUBSTATION-GW-02,False
ALT-CSE-02-01307,CSE-02,MEDIUM,2024-11-26T20:17:30,2024-11-26T20:25:37.703115,2024-11-26T20:52:59.948810,CLOSED,,ENERGY-EMS-SRV,False
ALT-CSE-02-01308,CSE-02,MEDIUM,2024-12-01T07:48:40,2024-12-01T08:07:01.238624,2024-12-01T09:13:06.493805,CLOSED,,SCADA-RTU-01,False
ALT-CSE-02-01309,CSE-02,HIGH,2024-10-21T11:41:41,2024-10-21T11:58:07.238066,2024-10-21T12:48:40.105335,CLOSED,,CORP-FW-02,False
ALT-CSE-02-01310,CSE-02,CRITICAL,2024-10-02T21:11:56,2024-10-02T21:30:12.360778,2024-10-02T22:07:15.917553,CLOSED,,GRID-MONITOR-03,False
ALT-CSE-02-01311,CSE-02,HIGH,2024-12-23T10:06:27,2024-12-23T10:10:26.555368,2024-12-23T11:22:54.693946,CLOSED,,SUBSTATION-GW-02,False
ALT-CSE-02-01312,CSE-02,HIGH,2024-12-18T17:04:27,2024-12-18T17:14:52.163519,2024-12-18T17:44:56.072977,CLOSED,,GRID-MONITOR-03,False
ALT-CSE-02-01313,CSE-02,CRITICAL,2024-11-28T09:06:27,2024-11-28T09:09:53.106711,2024-11-28T10:31:37.136951,CLOSED,,SCADA-RTU-01,False
ALT-CSE-02-01314,CSE-02,CRITICAL,2024-12-03T09:54:55,2024-12-03T10:07:16.113155,2024-12-03T11:23:24.253233,CLOSED,,GRID-MONITOR-03,False
ALT-CSE-02-01315,CSE-02,MEDIUM,2024-10-23T21:04:04,2024-10-23T21:19:44.502940,2024-10-23T22:11:02.479848,CLOSED,,GRID-MONITOR-03,False
ALT-CSE-02-01316,CSE-02,HIGH,2024-12-25T14:54:09,2024-12-25T15:09:40.615894,2024-12-25T15:38:27.561224,CLOSED,,SUBSTATION-GW-02,False
ALT-CSE-02-01317,CSE-02,MEDIUM,2024-11-03T06:20:02,2024-11-03T06:37:30.722183,2024-11-03T07:25:30.280011,CLOSED,,GRID-MONITOR-03,False
ALT-CSE-02-01318,CSE-02,CRITICAL,2024-12-24T04:16:43,2024-12-24T04:25:29.503089,2024-12-24T05:12:41.556415,CLOSED,,GRID-MONITOR-03,False
ALT-CSE-02-01319,CSE-02,MEDIUM,2024-12-22T15:55:41,2024-12-22T16:03:12.976000,2024-12-22T17:18:48.875808,CLOSED,,SCADA-RTU-01,False
ALT-CSE-02-01320,CSE-02,LOW,2024-11-29T13:17:12,2024-11-29T13:35:41.052664,2024-11-29T13:45:14.813481,CLOSED,,ENERGY-EMS-SRV,False
ALT-CSE-02-01321,CSE-02,LOW,2024-12-02T20:15:28,2024-12-02T20:17:48.263850,2024-12-02T20:59:45.632959,CLOSED,,CORP-FW-02,False
ALT-CSE-02-01322,CSE-02,LOW,2024-10-05T21:49:27,2024-10-05T22:02:43.602953,2024-10-05T23:01:18.880449,CLOSED,,SCADA-RTU-01,False
ALT-CSE-02-01323,CSE-02,MEDIUM,2024-11-10T16:13:29,2024-11-10T16:28:03.921855,2024-11-10T17:09:52.423974,CLOSED,,SUBSTATION-GW-02,False
ALT-CSE-02-01324,CSE-02,HIGH,2024-10-17T06:59:06,2024-10-17T07:08:23.958963,2024-10-17T08:09:14.639022,CLOSED,,SUBSTATION-GW-02,False
ALT-CSE-02-01325,CSE-02,CRITICAL,2024-10-26T09:48:10,2024-10-26T10:00:51.411312,2024-10-26T11:13:09.086691,CLOSED,,CORP-FW-02,False
ALT-CSE-02-01326,CSE-02,HIGH,2024-11-27T19:27:32,2024-11-27T19:43:13.312625,2024-11-27T20:39:11.546422,CLOSED,,SCADA-RTU-01,False
ALT-CSE-02-01327,CSE-02,LOW,2024-12-05T21:38:54,2024-12-05T21:46:52.654769,2024-12-05T22:34:14.367822,CLOSED,,SCADA-RTU-01,False
ALT-CSE-02-01328,CSE-02,MEDIUM,2024-10-18T21:33:31,2024-10-18T21:50:16.159642,2024-10-18T22:24:15.407614,CLOSED,,ENERGY-EMS-SRV,False
ALT-CSE-02-01329,CSE-02,HIGH,2024-12-24T02:35:12,2024-12-24T02:43:06.519521,2024-12-24T03:37:21.153748,CLOSED,,SCADA-RTU-01,False
ALT-CSE-02-01330,CSE-02,MEDIUM,2024-11-20T15:39:24,2024-11-20T15:46:11.166844,2024-11-20T17:04:05.784705,CLOSED,,SUBSTATION-GW-02,False
ALT-CSE-02-01331,CSE-02,LOW,2024-11-29T07:18:44,2024-11-29T07:30:13.687234,2024-11-29T08:31:38.150783,CLOSED,,ENERGY-EMS-SRV,False
ALT-CSE-02-01332,CSE-02,CRITICAL,2024-11-25T20:19:59,2024-11-25T20:31:40.800318,2024-11-25T21:00:44.192705,CLOSED,,ENERGY-EMS-SRV,False
ALT-CSE-02-01333,CSE-02,MEDIUM,2024-12-06T10:44:55,2024-12-06T10:54:23.673583,2024-12-06T11:54:59.804297,CLOSED,,SCADA-RTU-01,False
ALT-CSE-02-01334,CSE-02,LOW,2024-10-25T04:40:10,2024-10-25T04:57:42.088154,2024-10-25T05:06:27.528436,CLOSED,,GRID-MONITOR-03,False
ALT-CSE-02-01335,CSE-02,MEDIUM,2024-10-16T21:02:33,2024-10-16T21:17:54.094165,2024-10-16T21:57:46.395894,CLOSED,,GRID-MONITOR-03,False
ALT-CSE-02-01336,CSE-02,HIGH,2024-10-05T03:30:44,2024-10-05T03:45:41.279141,2024-10-05T04:05:02.673200,CLOSED,,CORP-FW-02,False
ALT-CSE-02-01337,CSE-02,CRITICAL,2024-12-01T18:20:54,2024-12-01T18:23:54.050291,2024-12-01T19:05:26.394593,CLOSED,,SCADA-RTU-01,False
ALT-CSE-02-01338,CSE-02,LOW,2024-12-02T14:46:31,2024-12-02T14:54:07.705277,2024-12-02T15:20:59.031030,CLOSED,,SUBSTATION-GW-02,False
ALT-CSE-02-01339,CSE-02,LOW,2024-12-08T12:19:06,2024-12-08T12:26:56.876933,2024-12-08T13:00:59.249665,CLOSED,,ENERGY-EMS-SRV,False
ALT-CSE-02-01340,CSE-02,CRITICAL,2024-10-25T03:14:36,2024-10-25T03:18:50.936218,2024-10-25T04:19:51.048483,CLOSED,,SCADA-RTU-01,False
ALT-CSE-02-01341,CSE-02,MEDIUM,2024-11-12T23:58:21,2024-11-13T00:17:27.393768,2024-11-13T01:16:05.556684,CLOSED,,CORP-FW-02,False
ALT-CSE-02-01342,CSE-02,HIGH,2024-10-20T01:46:06,2024-10-20T01:53:36.239182,2024-10-20T02:26:07.670904,CLOSED,,CORP-FW-02,False
ALT-CSE-02-01343,CSE-02,CRITICAL,2024-11-01T00:24:24,2024-11-01T00:41:45.965373,2024-11-01T01:37:27.432734,CLOSED,,SUBSTATION-GW-02,False
ALT-CSE-02-01344,CSE-02,MEDIUM,2024-12-06T21:13:45,2024-12-06T21:21:59.500388,2024-12-06T22:12:07.198222,CLOSED,,SUBSTATION-GW-02,False
ALT-CSE-02-01345,CSE-02,HIGH,2024-10-20T05:40:18,2024-10-20T05:46:45.969569,2024-10-20T06:57:10.759901,CLOSED,,SUBSTATION-GW-02,False
ALT-CSE-02-01346,CSE-02,HIGH,2024-11-16T17:44:51,2024-11-16T17:51:02.038930,2024-11-16T18:31:58.508994,CLOSED,,SUBSTATION-GW-02,False
ALT-CSE-02-01347,CSE-02,CRITICAL,2024-10-23T07:56:43,2024-10-23T08:06:19.948640,2024-10-23T08:28:18.736370,CLOSED,,ENERGY-EMS-SRV,False
ALT-CSE-02-01348,CSE-02,MEDIUM,2024-10-25T14:41:36,2024-10-25T14:43:59.369904,2024-10-25T15:43:39.221898,CLOSED,,GRID-MONITOR-03,False
ALT-CSE-02-01349,CSE-02,CRITICAL,2024-10-24T11:15:57,2024-10-24T11:22:05.563619,2024-10-24T11:43:51.807291,CLOSED,,GRID-MONITOR-03,False
ALT-CSE-02-01350,CSE-02,CRITICAL,2024-10-25T03:08:08,2024-10-25T03:24:55.219337,2024-10-25T03:54:21.948896,CLOSED,,GRID-MONITOR-03,False
ALT-CSE-02-01351,CSE-02,MEDIUM,2024-11-05T11:59:49,2024-11-05T12:18:51.986697,2024-11-05T12:45:53.638119,CLOSED,,SCADA-RTU-01,False
ALT-CSE-02-01352,CSE-02,LOW,2024-10-26T21:37:35,2024-10-26T21:50:59.773900,2024-10-26T22:47:58.231240,CLOSED,,SUBSTATION-GW-02,False
ALT-CSE-02-01353,CSE-02,LOW,2024-12-19T09:39:28,2024-12-19T09:53:50.043166,2024-12-19T10:23:54.699692,CLOSED,,ENERGY-EMS-SRV,False
ALT-CSE-02-01354,CSE-02,CRITICAL,2024-11-27T15:29:38,2024-11-27T15:42:48.301809,2024-11-27T16:18:46.209400,CLOSED,,SCADA-RTU-01,False
ALT-CSE-02-01355,CSE-02,CRITICAL,2024-10-23T13:55:40,2024-10-23T14:06:51.547101,2024-10-23T15:13:29.379730,CLOSED,,CORP-FW-02,False
ALT-CSE-02-01356,CSE-02,CRITICAL,2024-10-09T20:21:19,2024-10-09T20:38:31.038950,2024-10-09T21:39:45.952602,CLOSED,,ENERGY-EMS-SRV,False
ALT-CSE-02-01357,CSE-02,LOW,2024-11-03T21:55:11,2024-11-03T22:10:03.736575,2024-11-03T22:34:41.533809,CLOSED,,CORP-FW-02,False
ALT-CSE-02-01358,CSE-02,LOW,2024-12-13T23:48:08,2024-12-14T00:07:40.035018,2024-12-14T00:53:12.234538,CLOSED,,SCADA-RTU-01,False
ALT-CSE-02-01359,CSE-02,HIGH,2024-11-18T06:35:19,2024-11-18T06:52:45.987229,2024-11-18T07:20:43.829952,CLOSED,,SCADA-RTU-01,False
ALT-CSE-02-01360,CSE-02,LOW,2024-11-08T02:11:58,2024-11-08T02:21:44.822113,2024-11-08T02:51:57.395008,CLOSED,,SUBSTATION-GW-02,False
ALT-CSE-02-01361,CSE-02,LOW,2024-11-09T18:23:22,2024-11-09T18:29:47.713876,2024-11-09T19:42:57.592654,CLOSED,,GRID-MONITOR-03,False
ALT-CSE-02-01362,CSE-02,CRITICAL,2024-12-22T17:28:35,2024-12-22T17:31:55.388159,2024-12-22T18:37:06.497801,CLOSED,,ENERGY-EMS-SRV,False
ALT-CSE-02-01363,CSE-02,LOW,2024-12-09T12:40:41,2024-12-09T12:50:28.181286,2024-12-09T13:26:13.176668,CLOSED,CAS-CSE-02-0059,GRID-MONITOR-03,False
ALT-CSE-02-01364,CSE-02,LOW,2024-10-31T08:33:09,2024-10-31T08:35:53.858387,2024-10-31T09:08:08.986658,CLOSED,,CORP-FW-02,False
ALT-CSE-02-01365,CSE-02,MEDIUM,2024-11-18T15:21:21,2024-11-18T15:37:54.369742,2024-11-18T16:29:44.814037,CLOSED,,GRID-MONITOR-03,False
ALT-CSE-02-01366,CSE-02,HIGH,2024-10-08T12:13:49,2024-10-08T12:21:19.557694,2024-10-08T13:23:23.770614,CLOSED,,GRID-MONITOR-03,False
ALT-CSE-02-01367,CSE-02,CRITICAL,2024-11-19T01:10:10,2024-11-19T01:12:55.395479,2024-11-19T02:24:55.301337,CLOSED,CAS-CSE-02-0060,GRID-MONITOR-03,True
ALT-CSE-02-01368,CSE-02,MEDIUM,2024-12-22T11:39:46,2024-12-22T11:42:40.059572,2024-12-22T12:18:50.541269,CLOSED,,CORP-FW-02,False
ALT-CSE-02-01369,CSE-02,MEDIUM,2024-11-24T02:31:43,2024-11-24T02:35:29.016255,2024-11-24T03:35:19.197550,CLOSED,,GRID-MONITOR-03,False
ALT-CSE-02-01370,CSE-02,MEDIUM,2024-11-07T11:09:03,2024-11-07T11:27:56.332353,2024-11-07T12:10:06.964111,CLOSED,,CORP-FW-02,False
ALT-CSE-02-01371,CSE-02,HIGH,2024-11-22T00:10:14,2024-11-22T00:25:26.567830,2024-11-22T00:40:59.520439,CLOSED,,ENERGY-EMS-SRV,False
ALT-CSE-02-01372,CSE-02,LOW,2024-11-27T20:30:41,2024-11-27T20:33:30.405606,2024-11-27T21:18:28.017673,CLOSED,,CORP-FW-02,False
ALT-CSE-02-01373,CSE-02,HIGH,2024-11-08T20:40:22,2024-11-08T20:56:01.445039,2024-11-08T21:40:13.581019,CLOSED,,GRID-MONITOR-03,False
ALT-CSE-02-01374,CSE-02,CRITICAL,2024-10-04T07:51:58,2024-10-04T07:54:10.994043,2024-10-04T09:18:40.060932,CLOSED,,SUBSTATION-GW-02,False
ALT-CSE-02-01375,CSE-02,LOW,2024-12-10T07:02:52,2024-12-10T07:16:21.384022,2024-12-10T08:03:52.505442,CLOSED,,ENERGY-EMS-SRV,False
ALT-CSE-02-01376,CSE-02,HIGH,2024-12-01T09:18:15,2024-12-01T09:23:43.607860,2024-12-01T09:56:57.035510,CLOSED,,SCADA-RTU-01,False
ALT-CSE-02-01377,CSE-02,HIGH,2024-10-22T16:16:15,2024-10-22T16:31:20.323881,2024-10-22T17:27:31.491250,CLOSED,CAS-CSE-02-0061,GRID-MONITOR-03,False
ALT-CSE-02-01378,CSE-02,MEDIUM,2024-12-25T20:35:12,2024-12-25T20:46:34.063174,2024-12-25T21:39:05.818642,CLOSED,,CORP-FW-02,False
ALT-CSE-02-01379,CSE-02,HIGH,2024-12-02T06:54:14,2024-12-02T07:00:49.727503,2024-12-02T08:22:44.075679,CLOSED,,SUBSTATION-GW-02,False
ALT-CSE-02-01380,CSE-02,HIGH,2024-12-26T13:48:31,2024-12-26T13:51:56.785254,2024-12-26T14:38:42.360065,CLOSED,,SCADA-RTU-01,False
ALT-CSE-02-01381,CSE-02,LOW,2024-11-06T18:56:35,2024-11-06T19:08:04.003613,2024-11-06T20:08:35.549230,CLOSED,,SCADA-RTU-01,False
ALT-CSE-02-01382,CSE-02,LOW,2024-11-02T18:43:34,2024-11-02T18:59:17.890397,2024-11-02T20:06:37.540162,CLOSED,,ENERGY-EMS-SRV,False
ALT-CSE-02-01383,CSE-02,HIGH,2024-10-05T09:52:06,2024-10-05T10:00:25.181831,2024-10-05T10:56:35.718491,CLOSED,,GRID-MONITOR-03,False
ALT-CSE-02-01384,CSE-02,HIGH,2024-10-30T11:36:10,2024-10-30T11:42:38.859302,2024-10-30T12:49:56.926848,CLOSED,,GRID-MONITOR-03,False
ALT-CSE-02-01385,CSE-02,HIGH,2024-10-15T05:29:07,2024-10-15T05:31:24.558108,2024-10-15T05:56:13.252423,CLOSED,,ENERGY-EMS-SRV,False
ALT-CSE-02-01386,CSE-02,HIGH,2024-12-13T15:15:02,2024-12-13T15:31:16.287752,2024-12-13T15:55:38.883052,CLOSED,,GRID-MONITOR-03,False
ALT-CSE-02-01387,CSE-02,HIGH,2024-10-24T11:47:38,2024-10-24T11:49:57.902806,2024-10-24T12:25:38.245200,CLOSED,,CORP-FW-02,False
ALT-CSE-02-01388,CSE-02,HIGH,2024-11-27T11:13:59,2024-11-27T11:30:04.385921,2024-11-27T12:33:33.632126,CLOSED,,ENERGY-EMS-SRV,False
ALT-CSE-02-01389,CSE-02,MEDIUM,2024-12-05T08:53:50,2024-12-05T08:58:35.994851,2024-12-05T10:14:13.244281,CLOSED,,SCADA-RTU-01,False
ALT-CSE-02-01390,CSE-02,CRITICAL,2024-11-06T09:41:36,2024-11-06T10:00:47.729313,2024-11-06T10:25:27.282210,CLOSED,,SCADA-RTU-01,False
ALT-CSE-02-01391,CSE-02,LOW,2024-10-29T17:14:04,2024-10-29T17:26:41.042306,2024-10-29T17:41:06.267753,CLOSED,,SCADA-RTU-01,False
ALT-CSE-02-01392,CSE-02,MEDIUM,2024-11-26T21:49:35,2024-11-26T22:08:06.874882,2024-11-26T23:09:22.431061,CLOSED,,GRID-MONITOR-03,False
ALT-CSE-02-01393,CSE-02,HIGH,2024-11-14T11:47:39,2024-11-14T11:53:54.853680,2024-11-14T12:45:48.007415,CLOSED,,GRID-MONITOR-03,False
ALT-CSE-02-01394,CSE-02,CRITICAL,2024-10-21T19:56:58,2024-10-21T19:59:12.244760,2024-10-21T21:13:51.502575,CLOSED,,SUBSTATION-GW-02,False
ALT-CSE-02-01395,CSE-02,MEDIUM,2024-12-14T23:55:55,2024-12-15T00:09:59.950524,2024-12-15T00:22:42.238450,CLOSED,,ENERGY-EMS-SRV,False
ALT-CSE-02-01396,CSE-02,HIGH,2024-10-16T06:44:30,2024-10-16T06:57:34.295051,2024-10-16T07:49:41.999169,CLOSED,,SCADA-RTU-01,False
ALT-CSE-02-01397,CSE-02,HIGH,2024-12-09T07:26:11,2024-12-09T07:33:11.218071,2024-12-09T08:19:37.963327,CLOSED,,GRID-MONITOR-03,False
ALT-CSE-02-01398,CSE-02,HIGH,2024-10-27T08:34:14,2024-10-27T08:43:40.377283,2024-10-27T09:24:25.195156,CLOSED,,GRID-MONITOR-03,False
ALT-CSE-02-01399,CSE-02,MEDIUM,2024-11-04T21:03:28,2024-11-04T21:07:15.758181,2024-11-04T22:07:49.978217,CLOSED,,SUBSTATION-GW-02,False
ALT-CSE-02-01400,CSE-02,HIGH,2024-11-13T22:01:56,2024-11-13T22:17:56.228227,2024-11-13T23:08:00.161882,CLOSED,,SUBSTATION-GW-02,False
ALT-CSE-02-01401,CSE-02,CRITICAL,2024-10-04T15:02:36,2024-10-04T15:06:56.010419,2024-10-04T16:25:52.894382,CLOSED,,ENERGY-EMS-SRV,False
ALT-CSE-02-01402,CSE-02,HIGH,2024-11-15T10:44:48,2024-11-15T10:54:55.736545,2024-11-15T12:04:55.226867,CLOSED,,SUBSTATION-GW-02,False
ALT-CSE-02-01403,CSE-02,HIGH,2024-12-04T00:16:08,2024-12-04T00:24:46.479549,2024-12-04T01:17:47.061864,CLOSED,,ENERGY-EMS-SRV,False
ALT-CSE-02-01404,CSE-02,CRITICAL,2024-11-20T03:43:30,2024-11-20T04:00:48.907859,2024-11-20T04:19:17.406913,CLOSED,,SCADA-RTU-01,False
ALT-CSE-02-01405,CSE-02,HIGH,2024-11-10T01:56:06,2024-11-10T02:05:20.750693,2024-11-10T02:23:55.433626,CLOSED,,SCADA-RTU-01,False
ALT-CSE-02-01406,CSE-02,LOW,2024-10-22T02:50:05,2024-10-22T03:02:30.443907,2024-10-22T03:46:47.406861,CLOSED,,ENERGY-EMS-SRV,False
ALT-CSE-02-01407,CSE-02,HIGH,2024-11-29T15:12:58,2024-11-29T15:15:34.337108,2024-11-29T16:14:09.807883,CLOSED,,GRID-MONITOR-03,False
ALT-CSE-02-01408,CSE-02,CRITICAL,2024-10-14T15:28:13,2024-10-14T15:38:44.526168,2024-10-14T16:32:57.845747,CLOSED,,ENERGY-EMS-SRV,False
ALT-CSE-02-01409,CSE-02,HIGH,2024-10-16T01:51:30,2024-10-16T01:53:45.998217,2024-10-16T02:26:54.275646,CLOSED,,CORP-FW-02,False
ALT-CSE-02-01410,CSE-02,CRITICAL,2024-11-22T02:34:51,2024-11-22T02:46:38.757422,2024-11-22T03:25:23.256443,CLOSED,,SUBSTATION-GW-02,False
ALT-CSE-02-01411,CSE-02,LOW,2024-10-23T18:54:12,2024-10-23T19:04:30.985490,2024-10-23T19:38:42.793320,CLOSED,,SCADA-RTU-01,False
ALT-CSE-02-01412,CSE-02,LOW,2024-12-24T14:42:47,2024-12-24T14:46:45.666907,2024-12-24T15:42:25.752913,CLOSED,,GRID-MONITOR-03,False
ALT-CSE-02-01413,CSE-02,MEDIUM,2024-12-01T07:01:55,2024-12-01T07:14:29.133256,2024-12-01T07:34:49.955977,CLOSED,,SCADA-RTU-01,False
ALT-CSE-02-01414,CSE-02,MEDIUM,2024-10-25T03:07:54,2024-10-25T03:21:57.099064,2024-10-25T03:59:28.180403,CLOSED,,SCADA-RTU-01,False
ALT-CSE-02-01415,CSE-02,HIGH,2024-12-15T23:23:01,2024-12-15T23:39:11.992625,2024-12-16T00:44:47.094370,CLOSED,,SCADA-RTU-01,False
ALT-CSE-02-01416,CSE-02,LOW,2024-12-19T02:06:55,2024-12-19T02:19:21.574021,2024-12-19T03:23:53.419436,CLOSED,,ENERGY-EMS-SRV,False
ALT-CSE-02-01417,CSE-02,LOW,2024-11-06T17:39:16,2024-11-06T17:58:28.926127,2024-11-06T18:48:14.511779,CLOSED,,ENERGY-EMS-SRV,False
ALT-CSE-02-01418,CSE-02,MEDIUM,2024-11-09T17:31:16,2024-11-09T17:43:21.014820,2024-11-09T18:39:45.414683,CLOSED,,SCADA-RTU-01,False
ALT-CSE-02-01419,CSE-02,LOW,2024-10-22T09:40:22,2024-10-22T09:47:04.780322,2024-10-22T10:23:37.524392,CLOSED,,SCADA-RTU-01,False
ALT-CSE-02-01420,CSE-02,MEDIUM,2024-10-11T18:19:57,2024-10-11T18:38:56.377668,2024-10-11T19:49:54.739776,CLOSED,,SCADA-RTU-01,False
ALT-CSE-02-01421,CSE-02,HIGH,2024-11-03T04:27:56,2024-11-03T04:46:31.360210,2024-11-03T05:38:15.889557,CLOSED,,ENERGY-EMS-SRV,False
ALT-CSE-02-01422,CSE-02,MEDIUM,2024-11-13T04:46:19,2024-11-13T05:04:02.784224,2024-11-13T05:54:46.214212,CLOSED,,GRID-MONITOR-03,False
ALT-CSE-02-01423,CSE-02,CRITICAL,2024-11-05T01:33:36,2024-11-05T01:43:03.196142,2024-11-05T02:35:48.846077,CLOSED,,SCADA-RTU-01,False
ALT-CSE-02-01424,CSE-02,LOW,2024-12-27T15:31:29,2024-12-27T15:40:26.303296,2024-12-27T16:02:59.341234,CLOSED,,CORP-FW-02,False
ALT-CSE-02-01425,CSE-02,HIGH,2024-10-21T15:34:50,2024-10-21T15:38:04.745682,2024-10-21T16:12:41.936827,CLOSED,,ENERGY-EMS-SRV,False
ALT-CSE-02-01426,CSE-02,MEDIUM,2024-11-07T20:07:34,2024-11-07T20:14:27.507572,2024-11-07T21:03:21.824899,CLOSED,,SUBSTATION-GW-02,False
ALT-CSE-02-01427,CSE-02,HIGH,2024-12-04T05:09:21,2024-12-04T05:28:55.854021,2024-12-04T06:13:19.609682,CLOSED,,GRID-MONITOR-03,False
ALT-CSE-02-01428,CSE-02,MEDIUM,2024-10-03T15:39:48,2024-10-03T15:45:48.282842,2024-10-03T17:00:33.620609,CLOSED,,ENERGY-EMS-SRV,False
ALT-CSE-02-01429,CSE-02,HIGH,2024-11-30T21:55:08,2024-11-30T22:07:35.074407,2024-11-30T23:20:00.317887,CLOSED,,SCADA-RTU-01,False
ALT-CSE-02-01430,CSE-02,MEDIUM,2024-10-23T07:10:15,2024-10-23T07:16:41.686790,2024-10-23T07:42:10.516227,CLOSED,,CORP-FW-02,False
ALT-CSE-02-01431,CSE-02,HIGH,2024-10-19T00:59:48,2024-10-19T01:16:29.085976,2024-10-19T01:51:05.629907,CLOSED,,SCADA-RTU-01,False
ALT-CSE-02-01432,CSE-02,LOW,2024-10-02T15:25:46,2024-10-02T15:31:48.079155,2024-10-02T16:18:29.846466,CLOSED,,ENERGY-EMS-SRV,False
ALT-CSE-02-01433,CSE-02,HIGH,2024-10-07T08:19:03,2024-10-07T08:33:42.048924,2024-10-07T09:20:13.432738,CLOSED,,GRID-MONITOR-03,False
ALT-CSE-02-01434,CSE-02,HIGH,2024-12-06T13:12:10,2024-12-06T13:29:13.437160,2024-12-06T13:42:26.735340,CLOSED,,CORP-FW-02,False
ALT-CSE-02-01435,CSE-02,HIGH,2024-11-02T06:17:07,2024-11-02T06:24:25.948513,2024-11-02T07:33:15.541203,CLOSED,,SUBSTATION-GW-02,False
ALT-CSE-02-01436,CSE-02,HIGH,2024-11-07T17:15:52,2024-11-07T17:34:37.502639,2024-11-07T17:42:15.141436,CLOSED,,ENERGY-EMS-SRV,False
ALT-CSE-02-01437,CSE-02,LOW,2024-11-08T20:04:51,2024-11-08T20:15:11.989474,2024-11-08T20:49:22.223121,CLOSED,,CORP-FW-02,False
ALT-CSE-02-01438,CSE-02,LOW,2024-11-27T08:59:40,2024-11-27T09:06:33.353786,2024-11-27T09:41:04.069950,CLOSED,,SCADA-RTU-01,False
ALT-CSE-02-01439,CSE-02,LOW,2024-10-24T22:17:05,2024-10-24T22:26:22.710511,2024-10-24T22:49:00.442344,CLOSED,,GRID-MONITOR-03,False
ALT-CSE-02-01440,CSE-02,MEDIUM,2024-10-01T09:09:16,2024-10-01T09:24:49.773048,2024-10-01T10:03:09.611555,CLOSED,,SUBSTATION-GW-02,False
ALT-CSE-02-01441,CSE-02,MEDIUM,2024-10-31T09:48:20,2024-10-31T10:00:40.051772,2024-10-31T10:33:28.775036,CLOSED,,SUBSTATION-GW-02,False
ALT-CSE-02-01442,CSE-02,LOW,2024-10-04T14:09:05,2024-10-04T14:19:04.683309,2024-10-04T14:40:47.727323,CLOSED,,SCADA-RTU-01,False
ALT-CSE-02-01443,CSE-02,HIGH,2024-11-25T16:53:53,2024-11-25T17:08:32.763031,2024-11-25T17:46:23.184062,CLOSED,,SCADA-RTU-01,False
ALT-CSE-02-01444,CSE-02,HIGH,2024-10-03T07:03:09,2024-10-03T07:08:12.838898,2024-10-03T07:34:11.019670,CLOSED,,SCADA-RTU-01,False
ALT-CSE-02-01445,CSE-02,LOW,2024-12-18T15:47:41,2024-12-18T15:56:06.206121,2024-12-18T17:07:52.912020,CLOSED,,ENERGY-EMS-SRV,False
ALT-CSE-02-01446,CSE-02,HIGH,2024-10-23T15:36:47,2024-10-23T15:50:45.829999,2024-10-23T16:35:31.033095,CLOSED,,GRID-MONITOR-03,False
ALT-CSE-02-01447,CSE-02,LOW,2024-12-29T20:50:44,2024-12-29T20:58:53.838617,2024-12-29T22:16:50.480428,CLOSED,,SCADA-RTU-01,False
ALT-CSE-02-01448,CSE-02,HIGH,2024-12-05T23:49:47,2024-12-05T23:52:15.634798,2024-12-06T00:28:30.352018,CLOSED,,SUBSTATION-GW-02,False
ALT-CSE-02-01449,CSE-02,LOW,2024-12-25T02:14:21,2024-12-25T02:33:12.744508,2024-12-25T02:42:57.064800,CLOSED,,CORP-FW-02,False
ALT-CSE-02-01450,CSE-02,MEDIUM,2024-11-07T08:28:42,2024-11-07T08:41:58.628351,2024-11-07T09:57:23.792238,CLOSED,,GRID-MONITOR-03,False
ALT-CSE-02-01451,CSE-02,MEDIUM,2024-12-11T19:37:26,2024-12-11T19:50:28.497452,2024-12-11T20:44:31.618474,CLOSED,,SCADA-RTU-01,False
ALT-CSE-02-01452,CSE-02,LOW,2024-10-22T00:22:43,2024-10-22T00:42:01.451350,2024-10-22T01:44:12.307517,CLOSED,,SUBSTATION-GW-02,False
ALT-CSE-02-01453,CSE-02,HIGH,2024-11-18T02:09:20,2024-11-18T02:24:15.069493,2024-11-18T02:44:13.722344,CLOSED,,CORP-FW-02,False
ALT-CSE-02-01454,CSE-02,LOW,2024-12-22T02:51:03,2024-12-22T03:02:31.136306,2024-12-22T04:11:48.508225,CLOSED,,SUBSTATION-GW-02,False
ALT-CSE-02-01455,CSE-02,LOW,2024-10-15T21:31:36,2024-10-15T21:49:11.017286,2024-10-15T22:39:25.526992,CLOSED,,GRID-MONITOR-03,False
ALT-CSE-02-01456,CSE-02,MEDIUM,2024-10-26T07:38:55,2024-10-26T07:53:32.399007,2024-10-26T09:08:20.028534,CLOSED,,ENERGY-EMS-SRV,False
ALT-CSE-02-01457,CSE-02,MEDIUM,2024-12-16T19:14:08,2024-12-16T19:18:22.317404,2024-12-16T20:28:51.913966,CLOSED,,GRID-MONITOR-03,False
ALT-CSE-02-01458,CSE-02,HIGH,2024-10-04T05:46:36,2024-10-04T05:56:20.854779,2024-10-04T06:35:20.636042,CLOSED,,SCADA-RTU-01,False
ALT-CSE-02-01459,CSE-02,HIGH,2024-10-23T05:35:53,2024-10-23T05:52:43.737050,2024-10-23T06:30:56.779389,CLOSED,,SCADA-RTU-01,False
ALT-CSE-02-01460,CSE-02,HIGH,2024-11-02T21:55:48,2024-11-02T21:58:14.457426,2024-11-02T23:06:08.195272,CLOSED,,CORP-FW-02,False
ALT-CSE-02-01461,CSE-02,CRITICAL,2024-12-25T03:20:36,2024-12-25T03:29:16.673986,2024-12-25T04:02:41.596583,CLOSED,,SUBSTATION-GW-02,False
ALT-CSE-02-01462,CSE-02,LOW,2024-11-21T22:54:28,2024-11-21T23:08:57.478587,2024-11-21T23:48:34.655637,CLOSED,,ENERGY-EMS-SRV,False
ALT-CSE-02-01463,CSE-02,MEDIUM,2024-12-01T00:15:35,2024-12-01T00:29:12.559245,2024-12-01T01:04:01.414961,CLOSED,CAS-CSE-02-0062,SUBSTATION-GW-02,False
ALT-CSE-02-01464,CSE-02,HIGH,2024-10-13T20:19:42,2024-10-13T20:30:15.470984,2024-10-13T21:39:17.719117,CLOSED,,CORP-FW-02,False
ALT-CSE-02-01465,CSE-02,LOW,2024-11-08T14:19:06,2024-11-08T14:38:16.065793,2024-11-08T15:22:00.445741,CLOSED,,ENERGY-EMS-SRV,False
ALT-CSE-02-01466,CSE-02,CRITICAL,2024-12-20T22:46:50,2024-12-20T23:04:10.424174,2024-12-20T23:15:23.565759,CLOSED,CAS-CSE-02-0063,SCADA-RTU-01,False
ALT-CSE-02-01467,CSE-02,CRITICAL,2024-12-04T17:46:40,2024-12-04T17:50:06.620707,2024-12-04T19:13:57.838056,CLOSED,,SCADA-RTU-01,False
ALT-CSE-02-01468,CSE-02,CRITICAL,2024-11-01T17:16:22,2024-11-01T17:26:00.062984,2024-11-01T18:08:21.584793,CLOSED,,GRID-MONITOR-03,False
ALT-CSE-02-01469,CSE-02,CRITICAL,2024-10-26T01:00:15,2024-10-26T01:16:25.803804,2024-10-26T02:28:09.977162,CLOSED,,CORP-FW-02,False
ALT-CSE-02-01470,CSE-02,CRITICAL,2024-10-09T12:24:08,2024-10-09T12:41:31.848968,2024-10-09T12:49:12.708557,CLOSED,,CORP-FW-02,False
ALT-CSE-02-01471,CSE-02,MEDIUM,2024-12-03T14:36:24,2024-12-03T14:52:08.884033,2024-12-03T15:35:54.337605,CLOSED,,GRID-MONITOR-03,False
ALT-CSE-02-01472,CSE-02,LOW,2024-11-30T15:10:31,2024-11-30T15:13:26.332701,2024-11-30T16:19:44.556936,CLOSED,,CORP-FW-02,False
ALT-CSE-02-01473,CSE-02,LOW,2024-11-16T09:59:12,2024-11-16T10:03:30.085247,2024-11-16T11:08:00.029788,CLOSED,,SCADA-RTU-01,False
ALT-CSE-02-01474,CSE-02,HIGH,2024-10-26T11:26:05,2024-10-26T11:37:36.563330,2024-10-26T12:23:10.781894,CLOSED,,GRID-MONITOR-03,False
ALT-CSE-02-01475,CSE-02,LOW,2024-10-24T18:55:09,2024-10-24T19:08:27.380018,2024-10-24T19:46:58.498575,CLOSED,,ENERGY-EMS-SRV,False
ALT-CSE-02-01476,CSE-02,LOW,2024-12-10T08:31:55,2024-12-10T08:41:27.510208,2024-12-10T09:36:18.042798,CLOSED,,SCADA-RTU-01,False
ALT-CSE-02-01477,CSE-02,MEDIUM,2024-11-21T11:42:11,2024-11-21T11:54:01.706369,2024-11-21T13:04:18.267167,CLOSED,CAS-CSE-02-0064,CORP-FW-02,False
ALT-CSE-02-01478,CSE-02,MEDIUM,2024-11-08T14:33:26,2024-11-08T14:50:13.703182,2024-11-08T15:06:20.100576,CLOSED,,SUBSTATION-GW-02,False
ALT-CSE-02-01479,CSE-02,LOW,2024-10-16T02:26:09,2024-10-16T02:31:33.749961,2024-10-16T03:08:10.013915,CLOSED,,GRID-MONITOR-03,False
ALT-CSE-02-01480,CSE-02,MEDIUM,2024-11-11T02:58:03,2024-11-11T03:09:10.282376,2024-11-11T03:43:38.770232,CLOSED,,CORP-FW-02,False
ALT-CSE-02-01481,CSE-02,CRITICAL,2024-12-22T07:05:24,2024-12-22T07:15:43.436755,2024-12-22T07:48:12.268705,CLOSED,,SUBSTATION-GW-02,False
ALT-CSE-02-01482,CSE-02,HIGH,2024-11-26T01:27:05,2024-11-26T01:41:04.739166,2024-11-26T02:38:25.766469,CLOSED,,SUBSTATION-GW-02,False
ALT-CSE-02-01483,CSE-02,LOW,2024-10-14T14:01:06,2024-10-14T14:17:17.465483,2024-10-14T15:00:47.275262,CLOSED,,GRID-MONITOR-03,False
ALT-CSE-02-01484,CSE-02,LOW,2024-12-28T11:58:14,2024-12-28T12:02:03.834867,2024-12-28T12:47:58.083791,CLOSED,,GRID-MONITOR-03,False
ALT-CSE-02-01485,CSE-02,MEDIUM,2024-11-28T17:47:00,2024-11-28T18:04:13.371619,2024-11-28T18:48:53.914821,CLOSED,,SUBSTATION-GW-02,False
ALT-CSE-02-01486,CSE-02,LOW,2024-10-31T09:23:33,2024-10-31T09:28:52.809819,2024-10-31T10:28:31.112890,CLOSED,,ENERGY-EMS-SRV,False
ALT-CSE-02-01487,CSE-02,HIGH,2024-11-20T12:14:17,2024-11-20T12:21:17.694806,2024-11-20T13:41:46.592662,CLOSED,,GRID-MONITOR-03,False
ALT-CSE-02-01488,CSE-02,MEDIUM,2024-12-10T20:11:54,2024-12-10T20:23:39.498860,2024-12-10T21:09:52.452935,CLOSED,,SCADA-RTU-01,False
ALT-CSE-02-01489,CSE-02,CRITICAL,2024-12-16T00:52:49,2024-12-16T01:12:17.780738,2024-12-16T01:32:10.067136,CLOSED,,SCADA-RTU-01,False
ALT-CSE-02-01490,CSE-02,MEDIUM,2024-11-20T11:04:32,2024-11-20T11:06:58.483552,2024-11-20T12:06:03.521555,CLOSED,,ENERGY-EMS-SRV,False
ALT-CSE-02-01491,CSE-02,HIGH,2024-11-03T18:14:46,2024-11-03T18:27:27.338744,2024-11-03T19:22:39.711674,CLOSED,,GRID-MONITOR-03,False
ALT-CSE-02-01492,CSE-02,MEDIUM,2024-10-17T04:54:14,2024-10-17T05:10:16.398645,2024-10-17T05:53:43.521928,CLOSED,,SCADA-RTU-01,False
ALT-CSE-02-01493,CSE-02,CRITICAL,2024-11-04T14:18:39,2024-11-04T14:31:02.297477,2024-11-04T15:28:22.572203,CLOSED,CAS-CSE-02-0065,SUBSTATION-GW-02,False
ALT-CSE-02-01494,CSE-02,HIGH,2024-10-12T06:50:06,2024-10-12T06:59:31.452810,2024-10-12T08:12:42.665436,CLOSED,,GRID-MONITOR-03,False
ALT-CSE-02-01495,CSE-02,MEDIUM,2024-10-22T00:09:53,2024-10-22T00:14:30.414541,2024-10-22T00:55:56.603447,CLOSED,,CORP-FW-02,False
ALT-CSE-02-01496,CSE-02,MEDIUM,2024-10-18T00:16:00,2024-10-18T00:29:12.287863,2024-10-18T01:03:24.332087,CLOSED,,CORP-FW-02,False
ALT-CSE-02-01497,CSE-02,LOW,2024-11-15T11:28:03,2024-11-15T11:43:54.126832,2024-11-15T12:39:56.787315,CLOSED,,CORP-FW-02,False
ALT-CSE-02-01498,CSE-02,CRITICAL,2024-12-20T15:23:16,2024-12-20T15:31:43.723232,2024-12-20T16:20:02.572665,CLOSED,,ENERGY-EMS-SRV,False
ALT-CSE-02-01499,CSE-02,CRITICAL,2024-12-02T11:27:38,2024-12-02T11:44:19.413631,2024-12-02T12:09:11.937948,CLOSED,,SCADA-RTU-01,False
ALT-CSE-02-01500,CSE-02,CRITICAL,2024-11-16T13:16:45,2024-11-16T13:30:54.445500,2024-11-16T14:45:56.792121,CLOSED,,GRID-MONITOR-03,False
ALT-CSE-02-01501,CSE-02,CRITICAL,2024-12-08T23:32:51,2024-12-08T23:44:20.922537,2024-12-09T00:07:29.828840,CLOSED,,GRID-MONITOR-03,False
ALT-CSE-02-01502,CSE-02,LOW,2024-10-11T02:30:27,2024-10-11T02:34:18.682880,2024-10-11T03:19:09.594698,CLOSED,,SUBSTATION-GW-02,False
ALT-CSE-02-01503,CSE-02,HIGH,2024-10-03T23:22:16,2024-10-03T23:38:36.201297,2024-10-04T00:22:33.857802,CLOSED,,SUBSTATION-GW-02,False
ALT-CSE-02-01504,CSE-02,CRITICAL,2024-11-19T08:06:24,2024-11-19T08:20:59.379368,2024-11-19T09:08:58.342357,CLOSED,,ENERGY-EMS-SRV,False
ALT-CSE-02-01505,CSE-02,LOW,2024-11-24T05:40:39,2024-11-24T05:45:09.460616,2024-11-24T06:35:57.716816,CLOSED,,SUBSTATION-GW-02,False
ALT-CSE-02-01506,CSE-02,MEDIUM,2024-10-04T19:36:41,2024-10-04T19:54:40.014122,2024-10-04T20:46:04.512450,CLOSED,,SUBSTATION-GW-02,False
ALT-CSE-02-01507,CSE-02,CRITICAL,2024-12-01T19:33:51,2024-12-01T19:43:47.686895,2024-12-01T20:45:24.449495,CLOSED,,ENERGY-EMS-SRV,False
ALT-CSE-02-01508,CSE-02,MEDIUM,2024-10-15T12:00:04,2024-10-15T12:05:22.603365,2024-10-15T12:55:44.551314,CLOSED,CAS-CSE-02-0066,CORP-FW-02,False
ALT-CSE-02-01509,CSE-02,HIGH,2024-11-22T21:24:21,2024-11-22T21:34:48.557112,2024-11-22T22:43:16.457275,CLOSED,,SUBSTATION-GW-02,False
ALT-CSE-02-01510,CSE-02,HIGH,2024-12-07T18:53:37,2024-12-07T19:03:21.272523,2024-12-07T20:16:20.291145,CLOSED,,ENERGY-EMS-SRV,False
ALT-CSE-02-01511,CSE-02,CRITICAL,2024-11-30T15:40:10,2024-11-30T15:55:19.878441,2024-11-30T16:26:26.227575,CLOSED,,SCADA-RTU-01,False
ALT-CSE-02-01512,CSE-02,CRITICAL,2024-11-05T06:51:30,2024-11-05T07:09:25.801994,2024-11-05T07:18:36.208238,CLOSED,,ENERGY-EMS-SRV,False
ALT-CSE-02-01513,CSE-02,MEDIUM,2024-12-14T14:55:45,2024-12-14T15:02:21.407454,2024-12-14T15:29:07.702009,CLOSED,,SUBSTATION-GW-02,False
ALT-CSE-02-01514,CSE-02,HIGH,2024-10-05T15:02:50,2024-10-05T15:05:03.894097,2024-10-05T15:55:01.532180,CLOSED,,SUBSTATION-GW-02,False
ALT-CSE-02-01515,CSE-02,CRITICAL,2024-11-01T06:52:14,2024-11-01T06:54:55.349236,2024-11-01T08:05:42.706710,CLOSED,,SCADA-RTU-01,False
ALT-CSE-02-01516,CSE-02,MEDIUM,2024-10-19T11:39:56,2024-10-19T11:53:59.238791,2024-10-19T12:49:18.931113,CLOSED,,ENERGY-EMS-SRV,False
ALT-CSE-02-01517,CSE-02,CRITICAL,2024-11-14T08:38:46,2024-11-14T08:46:43.365552,2024-11-14T09:17:04.374389,CLOSED,,GRID-MONITOR-03,False
ALT-CSE-02-01518,CSE-02,MEDIUM,2024-10-14T17:49:32,2024-10-14T18:06:49.374344,2024-10-14T18:50:56.991967,CLOSED,,SCADA-RTU-01,False
ALT-CSE-02-01519,CSE-02,LOW,2024-12-08T21:10:17,2024-12-08T21:19:25.106905,2024-12-08T21:43:20.474709,CLOSED,,GRID-MONITOR-03,False
ALT-CSE-02-01520,CSE-02,MEDIUM,2024-12-21T04:22:00,2024-12-21T04:34:02.803936,2024-12-21T05:34:14.844743,CLOSED,,SUBSTATION-GW-02,False
ALT-CSE-02-01521,CSE-02,HIGH,2024-10-01T03:20:37,2024-10-01T03:27:11.578284,2024-10-01T04:03:42.947868,CLOSED,,SCADA-RTU-01,False
ALT-CSE-02-01522,CSE-02,HIGH,2024-11-12T07:42:24,2024-11-12T07:51:26.240810,2024-11-12T08:45:07.110953,CLOSED,CAS-CSE-02-0067,ENERGY-EMS-SRV,False
ALT-CSE-02-01523,CSE-02,MEDIUM,2024-11-02T03:57:23,2024-11-02T04:09:19.504558,2024-11-02T04:28:52.424275,CLOSED,,SCADA-RTU-01,False
ALT-CSE-02-01524,CSE-02,HIGH,2024-10-30T01:28:29,2024-10-30T01:33:03.117382,2024-10-30T02:54:55.946280,CLOSED,,SUBSTATION-GW-02,False
ALT-CSE-02-01525,CSE-02,MEDIUM,2024-11-26T22:17:28,2024-11-26T22:21:47.961440,2024-11-26T22:48:41.981292,CLOSED,,ENERGY-EMS-SRV,False
ALT-CSE-02-01526,CSE-02,LOW,2024-12-03T12:23:21,2024-12-03T12:36:19.626667,2024-12-03T13:40:44.609231,CLOSED,,GRID-MONITOR-03,False
ALT-CSE-02-01527,CSE-02,CRITICAL,2024-12-09T19:00:46,2024-12-09T19:16:40.663243,2024-12-09T19:33:42.459266,CLOSED,,ENERGY-EMS-SRV,False
ALT-CSE-02-01528,CSE-02,HIGH,2024-12-07T18:45:46,2024-12-07T18:52:10.105626,2024-12-07T19:21:20.314273,CLOSED,,CORP-FW-02,False
ALT-CSE-02-01529,CSE-02,LOW,2024-11-01T11:51:13,2024-11-01T12:02:16.471483,2024-11-01T12:51:51.167701,CLOSED,,GRID-MONITOR-03,False
ALT-CSE-02-01530,CSE-02,MEDIUM,2024-10-23T19:37:00,2024-10-23T19:45:17.828777,2024-10-23T20:19:36.951735,CLOSED,,ENERGY-EMS-SRV,False
ALT-CSE-02-01531,CSE-02,HIGH,2024-11-09T06:46:02,2024-11-09T06:51:10.305339,2024-11-09T07:33:07.463232,CLOSED,,SUBSTATION-GW-02,False
ALT-CSE-02-01532,CSE-02,MEDIUM,2024-10-05T12:52:19,2024-10-05T13:08:12.315360,2024-10-05T13:22:58.064514,CLOSED,,SUBSTATION-GW-02,False
ALT-CSE-02-01533,CSE-02,LOW,2024-11-01T00:07:08,2024-11-01T00:18:15.065749,2024-11-01T01:00:26.067557,CLOSED,,GRID-MONITOR-03,False
ALT-CSE-02-01534,CSE-02,MEDIUM,2024-11-23T14:38:01,2024-11-23T14:49:42.367132,2024-11-23T15:29:08.277184,CLOSED,,GRID-MONITOR-03,False
ALT-CSE-02-01535,CSE-02,HIGH,2024-11-27T01:06:59,2024-11-27T01:09:19.175493,2024-11-27T01:47:27.043374,CLOSED,,ENERGY-EMS-SRV,False
ALT-CSE-02-01536,CSE-02,LOW,2024-11-21T19:29:13,2024-11-21T19:47:15.165562,2024-11-21T20:27:12.245352,CLOSED,,CORP-FW-02,False
ALT-CSE-02-01537,CSE-02,HIGH,2024-12-21T05:48:55,2024-12-21T06:00:42.054079,2024-12-21T06:18:17.887167,CLOSED,,ENERGY-EMS-SRV,False
ALT-CSE-02-01538,CSE-02,LOW,2024-10-13T17:49:33,2024-10-13T17:54:45.338145,2024-10-13T19:19:00.451618,CLOSED,,ENERGY-EMS-SRV,False
ALT-CSE-02-01539,CSE-02,LOW,2024-12-14T13:57:34,2024-12-14T14:04:52.617959,2024-12-14T15:10:04.265860,CLOSED,,SUBSTATION-GW-02,False
ALT-CSE-02-01540,CSE-02,CRITICAL,2024-12-11T12:03:29,2024-12-11T12:19:45.927763,2024-12-11T13:05:06.770433,CLOSED,,GRID-MONITOR-03,False
ALT-CSE-02-01541,CSE-02,HIGH,2024-11-28T23:02:03,2024-11-28T23:21:44.158781,2024-11-28T23:32:47.226914,CLOSED,,GRID-MONITOR-03,False
ALT-CSE-02-01542,CSE-02,LOW,2024-12-17T10:15:55,2024-12-17T10:27:47.112139,2024-12-17T10:42:06.453635,CLOSED,,ENERGY-EMS-SRV,False
ALT-CSE-02-01543,CSE-02,HIGH,2024-10-14T20:44:19,2024-10-14T20:54:16.524072,2024-10-14T21:25:34.445080,CLOSED,,SCADA-RTU-01,False
ALT-CSE-02-01544,CSE-02,CRITICAL,2024-11-07T18:33:46,2024-11-07T18:35:46.607332,2024-11-07T19:35:48.949644,CLOSED,,ENERGY-EMS-SRV,False
ALT-CSE-02-01545,CSE-02,LOW,2024-11-25T09:13:18,2024-11-25T09:23:39.935205,2024-11-25T10:39:57.513565,CLOSED,,SCADA-RTU-01,False
ALT-CSE-02-01546,CSE-02,LOW,2024-12-04T00:16:28,2024-12-04T00:35:10.635833,2024-12-04T00:52:22.758268,CLOSED,,SUBSTATION-GW-02,False
ALT-CSE-02-01547,CSE-02,HIGH,2024-12-08T20:50:06,2024-12-08T21:01:29.422939,2024-12-08T22:05:35.723728,CLOSED,,CORP-FW-02,False
ALT-CSE-02-01548,CSE-02,CRITICAL,2024-11-14T12:23:50,2024-11-14T12:33:37.232796,2024-11-14T13:37:28.500008,CLOSED,,CORP-FW-02,False
ALT-CSE-02-01549,CSE-02,MEDIUM,2024-12-26T05:28:28,2024-12-26T05:39:45.512257,2024-12-26T06:33:35.967816,CLOSED,,GRID-MONITOR-03,False
ALT-CSE-02-01550,CSE-02,HIGH,2024-12-27T14:59:11,2024-12-27T15:03:05.293556,2024-12-27T15:31:46.644717,CLOSED,,CORP-FW-02,False
ALT-CSE-02-01551,CSE-02,MEDIUM,2024-12-02T01:05:49,2024-12-02T01:16:26.497524,2024-12-02T02:28:16.041761,CLOSED,,SUBSTATION-GW-02,False
ALT-CSE-02-01552,CSE-02,HIGH,2024-12-01T11:55:54,2024-12-01T12:14:12.872043,2024-12-01T12:42:14.603231,CLOSED,,SCADA-RTU-01,False
ALT-CSE-02-01553,CSE-02,LOW,2024-12-23T03:19:31,2024-12-23T03:36:47.883703,2024-12-23T03:58:14.850315,CLOSED,,CORP-FW-02,False
ALT-CSE-02-01554,CSE-02,LOW,2024-12-05T16:39:11,2024-12-05T16:47:31.987110,2024-12-05T17:58:03.044630,CLOSED,,CORP-FW-02,False
ALT-CSE-02-01555,CSE-02,LOW,2024-11-19T17:17:01,2024-11-19T17:26:09.289148,2024-11-19T18:24:23.648392,CLOSED,,ENERGY-EMS-SRV,False
ALT-CSE-02-01556,CSE-02,MEDIUM,2024-11-25T20:44:00,2024-11-25T20:54:24.804563,2024-11-25T21:54:17.038706,CLOSED,,CORP-FW-02,False
ALT-CSE-02-01557,CSE-02,CRITICAL,2024-10-01T09:29:25,2024-10-01T09:39:52.885085,2024-10-01T10:26:41.121686,CLOSED,,CORP-FW-02,False
ALT-CSE-02-01558,CSE-02,LOW,2024-12-22T11:50:07,2024-12-22T12:06:12.592355,2024-12-22T13:02:26.194644,CLOSED,,ENERGY-EMS-SRV,False
ALT-CSE-02-01559,CSE-02,HIGH,2024-12-06T09:48:52,2024-12-06T10:07:04.707463,2024-12-06T10:56:43.845601,CLOSED,,ENERGY-EMS-SRV,False
ALT-CSE-02-01560,CSE-02,HIGH,2024-12-22T12:38:28,2024-12-22T12:57:48.051619,2024-12-22T13:32:50.407969,CLOSED,,SUBSTATION-GW-02,False
ALT-CSE-02-01561,CSE-02,MEDIUM,2024-10-14T03:35:33,2024-10-14T03:44:29.449486,2024-10-14T04:50:40.621452,CLOSED,,SUBSTATION-GW-02,False
ALT-CSE-02-01562,CSE-02,HIGH,2024-11-13T21:03:38,2024-11-13T21:20:34.772165,2024-11-13T22:33:12.706278,CLOSED,,GRID-MONITOR-03,False
ALT-CSE-02-01563,CSE-02,CRITICAL,2024-12-17T16:54:32,2024-12-17T17:09:44.315938,2024-12-17T17:35:44.994042,CLOSED,,CORP-FW-02,False
ALT-CSE-02-01564,CSE-02,HIGH,2024-11-29T08:15:17,2024-11-29T08:26:33.982667,2024-11-29T09:42:20.738537,CLOSED,,CORP-FW-02,False
ALT-CSE-02-01565,CSE-02,MEDIUM,2024-11-14T20:40:50,2024-11-14T20:57:27.364958,2024-11-14T21:51:35.766797,CLOSED,,GRID-MONITOR-03,False
ALT-CSE-02-01566,CSE-02,HIGH,2024-12-23T00:27:44,2024-12-23T00:35:23.363804,2024-12-23T01:25:42.794260,CLOSED,,GRID-MONITOR-03,False
ALT-CSE-02-01567,CSE-02,HIGH,2024-12-04T15:52:35,2024-12-04T16:12:20.120047,2024-12-04T16:53:28.439557,CLOSED,,CORP-FW-02,False
ALT-CSE-02-01568,CSE-02,HIGH,2024-12-19T23:37:09,2024-12-19T23:43:04.527332,2024-12-20T00:22:04.673845,CLOSED,,SUBSTATION-GW-02,False
ALT-CSE-02-01569,CSE-02,CRITICAL,2024-11-12T23:55:51,2024-11-13T00:09:35.327121,2024-11-13T00:27:12.660565,CLOSED,,GRID-MONITOR-03,False
ALT-CSE-02-01570,CSE-02,HIGH,2024-11-07T15:56:28,2024-11-07T16:00:09.432987,2024-11-07T17:21:20.702887,CLOSED,,SUBSTATION-GW-02,False
ALT-CSE-02-01571,CSE-02,HIGH,2024-10-03T11:30:50,2024-10-03T11:44:23.272117,2024-10-03T11:56:00.194785,CLOSED,,SUBSTATION-GW-02,False
ALT-CSE-02-01572,CSE-02,HIGH,2024-10-16T05:11:21,2024-10-16T05:16:01.501203,2024-10-16T05:49:10.747903,CLOSED,,ENERGY-EMS-SRV,False
ALT-CSE-02-01573,CSE-02,HIGH,2024-10-23T22:36:37,2024-10-23T22:54:53.525182,2024-10-23T23:28:11.320883,CLOSED,,ENERGY-EMS-SRV,False
ALT-CSE-02-01574,CSE-02,CRITICAL,2024-11-23T19:40:20,2024-11-23T19:48:19.673114,2024-11-23T20:55:06.727394,CLOSED,,SUBSTATION-GW-02,False
ALT-CSE-02-01575,CSE-02,CRITICAL,2024-10-14T10:07:59,2024-10-14T10:26:43.072372,2024-10-14T11:17:24.169094,CLOSED,,SUBSTATION-GW-02,False
ALT-CSE-02-01576,CSE-02,CRITICAL,2024-10-24T02:19:50,2024-10-24T02:27:28.646932,2024-10-24T03:28:26.789850,CLOSED,,SCADA-RTU-01,False
ALT-CSE-02-01577,CSE-02,HIGH,2024-11-13T17:43:06,2024-11-13T17:47:54.345184,2024-11-13T18:46:43.518566,CLOSED,,SUBSTATION-GW-02,False
ALT-CSE-02-01578,CSE-02,LOW,2024-10-24T20:26:44,2024-10-24T20:33:33.265383,2024-10-24T21:23:24.465561,CLOSED,,CORP-FW-02,False
ALT-CSE-02-01579,CSE-02,HIGH,2024-10-04T05:46:50,2024-10-04T05:59:21.972861,2024-10-04T06:58:00.408507,CLOSED,,ENERGY-EMS-SRV,False
ALT-CSE-02-01580,CSE-02,MEDIUM,2024-10-05T01:38:16,2024-10-05T01:56:42.306756,2024-10-05T02:12:56.306433,CLOSED,,SCADA-RTU-01,False
ALT-CSE-02-01581,CSE-02,HIGH,2024-10-08T03:36:01,2024-10-08T03:41:31.126500,2024-10-08T05:04:21.062604,CLOSED,,ENERGY-EMS-SRV,False
ALT-CSE-02-01582,CSE-02,MEDIUM,2024-12-17T14:33:07,2024-12-17T14:43:34.715844,2024-12-17T15:23:34.348989,CLOSED,,SCADA-RTU-01,False
ALT-CSE-02-01583,CSE-02,MEDIUM,2024-10-25T04:52:05,2024-10-25T05:10:46.345272,2024-10-25T05:55:53.555224,CLOSED,,SUBSTATION-GW-02,False
ALT-CSE-02-01584,CSE-02,HIGH,2024-12-11T02:39:36,2024-12-11T02:55:12.290779,2024-12-11T03:05:31.649654,CLOSED,,SCADA-RTU-01,False
ALT-CSE-02-01585,CSE-02,HIGH,2024-11-09T08:14:01,2024-11-09T08:17:52.637398,2024-11-09T08:49:00.903383,CLOSED,,CORP-FW-02,False
ALT-CSE-02-01586,CSE-02,MEDIUM,2024-12-03T17:05:32,2024-12-03T17:20:18.891472,2024-12-03T17:32:15.017369,CLOSED,,ENERGY-EMS-SRV,False
ALT-CSE-02-01587,CSE-02,HIGH,2024-12-07T11:24:30,2024-12-07T11:32:50.917244,2024-12-07T12:33:07.667011,CLOSED,,ENERGY-EMS-SRV,False
ALT-CSE-02-01588,CSE-02,HIGH,2024-12-18T18:24:57,2024-12-18T18:43:51.743998,2024-12-18T19:27:41.466035,CLOSED,,GRID-MONITOR-03,False
ALT-CSE-02-01589,CSE-02,HIGH,2024-11-02T07:33:02,2024-11-02T07:42:45.000217,2024-11-02T08:30:30.917341,CLOSED,,CORP-FW-02,False
ALT-CSE-02-01590,CSE-02,MEDIUM,2024-12-05T06:15:22,2024-12-05T06:22:58.542515,2024-12-05T07:31:56.983521,CLOSED,,SUBSTATION-GW-02,False
ALT-CSE-02-01591,CSE-02,HIGH,2024-12-23T06:52:43,2024-12-23T07:12:28.057077,2024-12-23T07:55:11.577592,CLOSED,,ENERGY-EMS-SRV,False
ALT-CSE-02-01592,CSE-02,MEDIUM,2024-11-09T21:50:20,2024-11-09T21:52:58.194901,2024-11-09T22:49:06.239496,CLOSED,,SUBSTATION-GW-02,False
ALT-CSE-02-01593,CSE-02,HIGH,2024-11-06T14:32:34,2024-11-06T14:47:32.542530,2024-11-06T16:01:27.898380,CLOSED,,GRID-MONITOR-03,False
ALT-CSE-02-01594,CSE-02,LOW,2024-11-24T15:25:57,2024-11-24T15:28:15.761767,2024-11-24T16:52:30.089372,CLOSED,,SCADA-RTU-01,False
ALT-CSE-02-01595,CSE-02,MEDIUM,2024-11-06T08:42:21,2024-11-06T09:01:25.809363,2024-11-06T09:51:19.484885,CLOSED,,GRID-MONITOR-03,False
ALT-CSE-02-01596,CSE-02,MEDIUM,2024-10-04T14:30:37,2024-10-04T14:40:23.199215,2024-10-04T15:56:37.349106,CLOSED,,SCADA-RTU-01,False
ALT-CSE-02-01597,CSE-02,LOW,2024-12-05T20:21:21,2024-12-05T20:25:17.439474,2024-12-05T20:48:51.824144,CLOSED,,SUBSTATION-GW-02,False
ALT-CSE-02-01598,CSE-02,HIGH,2024-11-29T09:08:04,2024-11-29T09:10:39.817770,2024-11-29T10:01:26.052231,CLOSED,,SUBSTATION-GW-02,False
ALT-CSE-02-01599,CSE-02,LOW,2024-11-07T03:02:21,2024-11-07T03:07:37.907246,2024-11-07T03:32:09.154252,CLOSED,,SUBSTATION-GW-02,False
ALT-CSE-02-01600,CSE-02,MEDIUM,2024-12-19T09:50:22,2024-12-19T09:56:31.707819,2024-12-19T11:03:07.297772,CLOSED,,SCADA-RTU-01,False
ALT-CSE-02-01601,CSE-02,MEDIUM,2024-10-16T07:07:16,2024-10-16T07:19:40.230747,2024-10-16T07:56:49.905406,CLOSED,,SUBSTATION-GW-02,False
ALT-CSE-02-01602,CSE-02,CRITICAL,2024-12-22T12:52:42,2024-12-22T13:00:46.149014,2024-12-22T13:19:19.073041,CLOSED,,SUBSTATION-GW-02,False
ALT-CSE-02-01603,CSE-02,LOW,2024-10-05T02:09:19,2024-10-05T02:26:54.163441,2024-10-05T03:32:40.090501,CLOSED,,SUBSTATION-GW-02,False
ALT-CSE-02-01604,CSE-02,MEDIUM,2024-12-03T08:07:37,2024-12-03T08:17:57.365111,2024-12-03T09:21:16.530908,CLOSED,,SCADA-RTU-01,False
ALT-CSE-02-01605,CSE-02,HIGH,2024-11-30T05:44:09,2024-11-30T05:56:13.432580,2024-11-30T06:41:03.882661,CLOSED,,GRID-MONITOR-03,False
ALT-CSE-02-01606,CSE-02,MEDIUM,2024-12-26T11:23:52,2024-12-26T11:35:43.302260,2024-12-26T11:58:18.644028,CLOSED,,SUBSTATION-GW-02,False
ALT-CSE-02-01607,CSE-02,CRITICAL,2024-12-04T02:27:22,2024-12-04T02:38:42.037363,2024-12-04T03:37:27.436301,CLOSED,,SCADA-RTU-01,False
ALT-CSE-02-01608,CSE-02,LOW,2024-10-17T06:05:45,2024-10-17T06:15:20.099523,2024-10-17T07:08:14.993722,CLOSED,,ENERGY-EMS-SRV,False
ALT-CSE-02-01609,CSE-02,HIGH,2024-12-08T07:42:46,2024-12-08T07:52:18.613134,2024-12-08T08:40:28.750780,CLOSED,,ENERGY-EMS-SRV,False
ALT-CSE-02-01610,CSE-02,HIGH,2024-10-02T06:37:14,2024-10-02T06:54:26.213910,2024-10-02T07:29:20.128279,CLOSED,,SCADA-RTU-01,False
ALT-CSE-02-01611,CSE-02,MEDIUM,2024-12-26T00:48:04,2024-12-26T01:05:00.740080,2024-12-26T01:30:18.550668,CLOSED,,ENERGY-EMS-SRV,False
ALT-CSE-02-01612,CSE-02,LOW,2024-11-03T06:24:43,2024-11-03T06:29:54.034758,2024-11-03T07:19:41.024557,CLOSED,,GRID-MONITOR-03,False
ALT-CSE-02-01613,CSE-02,MEDIUM,2024-11-15T13:29:11,2024-11-15T13:40:05.403487,2024-11-15T14:53:04.946799,CLOSED,,GRID-MONITOR-03,False
ALT-CSE-02-01614,CSE-02,CRITICAL,2024-12-07T15:50:35,2024-12-07T16:05:10.000730,2024-12-07T16:33:18.079990,CLOSED,,GRID-MONITOR-03,False
ALT-CSE-02-01615,CSE-02,HIGH,2024-12-24T05:29:06,2024-12-24T05:32:03.086369,2024-12-24T06:22:18.507689,CLOSED,,CORP-FW-02,False
ALT-CSE-02-01616,CSE-02,MEDIUM,2024-11-28T21:37:43,2024-11-28T21:47:53.061095,2024-11-28T23:02:35.990916,CLOSED,,SUBSTATION-GW-02,False
ALT-CSE-02-01617,CSE-02,HIGH,2024-10-06T22:49:54,2024-10-06T23:06:13.210657,2024-10-06T23:23:45.690332,CLOSED,,SUBSTATION-GW-02,False
ALT-CSE-02-01618,CSE-02,LOW,2024-12-06T16:51:59,2024-12-06T17:06:56.117314,2024-12-06T18:02:58.030678,CLOSED,,ENERGY-EMS-SRV,False
ALT-CSE-02-01619,CSE-02,CRITICAL,2024-10-03T14:33:18,2024-10-03T14:35:19.414592,2024-10-03T15:11:01.913034,CLOSED,,CORP-FW-02,False
ALT-CSE-02-01620,CSE-02,LOW,2024-10-04T05:32:14,2024-10-04T05:40:15.463977,2024-10-04T06:44:35.679594,CLOSED,,CORP-FW-02,False
ALT-CSE-02-01621,CSE-02,CRITICAL,2024-10-20T12:58:51,2024-10-20T13:02:11.212373,2024-10-20T14:18:24.386893,CLOSED,,GRID-MONITOR-03,False
ALT-CSE-02-01622,CSE-02,HIGH,2024-11-15T19:43:23,2024-11-15T20:02:49.967243,2024-11-15T20:45:54.191151,CLOSED,,SCADA-RTU-01,False
ALT-CSE-02-01623,CSE-02,CRITICAL,2024-11-26T13:38:02,2024-11-26T13:49:27.592460,2024-11-26T15:01:22.511261,CLOSED,,ENERGY-EMS-SRV,False
ALT-CSE-02-01624,CSE-02,CRITICAL,2024-12-06T11:29:42,2024-12-06T11:38:11.840816,2024-12-06T12:58:35.628279,CLOSED,,ENERGY-EMS-SRV,False
ALT-CSE-02-01625,CSE-02,CRITICAL,2024-11-08T17:31:35,2024-11-08T17:47:50.147516,2024-11-08T18:02:05.489205,CLOSED,,CORP-FW-02,False
ALT-CSE-02-01626,CSE-02,MEDIUM,2024-10-26T09:47:05,2024-10-26T09:59:05.657623,2024-10-26T10:46:01.967969,CLOSED,CAS-CSE-02-0068,SCADA-RTU-01,False
ALT-CSE-02-01627,CSE-02,MEDIUM,2024-12-15T16:14:14,2024-12-15T16:29:15.845131,2024-12-15T17:05:15.506075,CLOSED,,SCADA-RTU-01,False
ALT-CSE-02-01628,CSE-02,HIGH,2024-10-04T19:49:51,2024-10-04T20:00:28.901496,2024-10-04T20:57:01.570537,CLOSED,,SCADA-RTU-01,False
ALT-CSE-02-01629,CSE-02,HIGH,2024-10-28T16:38:18,2024-10-28T16:41:20.872371,2024-10-28T17:17:59.746557,CLOSED,,CORP-FW-02,False
ALT-CSE-02-01630,CSE-02,MEDIUM,2024-12-11T01:42:20,2024-12-11T01:52:18.045346,2024-12-11T02:31:59.297698,CLOSED,,ENERGY-EMS-SRV,False
ALT-CSE-02-01631,CSE-02,HIGH,2024-12-05T00:29:34,2024-12-05T00:32:32.005256,2024-12-05T01:57:54.337682,CLOSED,,CORP-FW-02,False
ALT-CSE-02-01632,CSE-02,LOW,2024-10-05T23:24:06,2024-10-05T23:38:16.388430,2024-10-05T23:52:24.885491,CLOSED,,CORP-FW-02,False
ALT-CSE-02-01633,CSE-02,MEDIUM,2024-10-03T17:25:27,2024-10-03T17:40:31.633782,2024-10-03T17:51:13.100523,CLOSED,,ENERGY-EMS-SRV,False
ALT-CSE-02-01634,CSE-02,MEDIUM,2024-11-24T21:21:06,2024-11-24T21:31:37.439786,2024-11-24T22:30:41.702496,CLOSED,,SUBSTATION-GW-02,False
ALT-CSE-02-01635,CSE-02,MEDIUM,2024-11-29T23:31:00,2024-11-29T23:36:09.675198,2024-11-30T00:01:19.442721,CLOSED,,SUBSTATION-GW-02,False
ALT-CSE-02-01636,CSE-02,MEDIUM,2024-12-25T23:49:16,2024-12-25T23:59:44.321398,2024-12-26T01:13:03.421876,CLOSED,,GRID-MONITOR-03,False
ALT-CSE-02-01637,CSE-02,HIGH,2024-11-14T17:32:15,2024-11-14T17:46:23.394011,2024-11-14T18:39:45.415938,CLOSED,,ENERGY-EMS-SRV,False
ALT-CSE-02-01638,CSE-02,MEDIUM,2024-12-24T06:57:01,2024-12-24T07:09:48.077789,2024-12-24T07:42:54.035323,CLOSED,,GRID-MONITOR-03,False
ALT-CSE-02-01639,CSE-02,MEDIUM,2024-10-25T16:48:23,2024-10-25T17:05:20.929885,2024-10-25T17:24:14.293339,CLOSED,,CORP-FW-02,False
ALT-CSE-02-01640,CSE-02,MEDIUM,2024-10-26T00:59:08,2024-10-26T01:13:10.464982,2024-10-26T01:34:54.477641,CLOSED,,GRID-MONITOR-03,False
ALT-CSE-02-01641,CSE-02,HIGH,2024-11-03T21:44:45,2024-11-03T22:00:45.845133,2024-11-03T22:23:28.637759,CLOSED,,ENERGY-EMS-SRV,False
ALT-CSE-02-01642,CSE-02,CRITICAL,2024-12-27T04:39:28,2024-12-27T04:59:22.994726,2024-12-27T05:19:57.586299,CLOSED,,CORP-FW-02,False
ALT-CSE-02-01643,CSE-02,MEDIUM,2024-12-24T07:30:52,2024-12-24T07:40:51.669640,2024-12-24T08:23:24.619931,CLOSED,,CORP-FW-02,False
ALT-CSE-02-01644,CSE-02,MEDIUM,2024-12-06T16:11:23,2024-12-06T16:24:19.558832,2024-12-06T17:01:02.349945,CLOSED,,GRID-MONITOR-03,False
ALT-CSE-02-01645,CSE-02,MEDIUM,2024-10-01T11:10:52,2024-10-01T11:27:56.481278,2024-10-01T11:56:40.899479,CLOSED,,SCADA-RTU-01,False
ALT-CSE-02-01646,CSE-02,LOW,2024-11-14T10:45:47,2024-11-14T10:53:12.272922,2024-11-14T11:53:30.466903,CLOSED,,CORP-FW-02,False
ALT-CSE-02-01647,CSE-02,HIGH,2024-12-10T06:04:50,2024-12-10T06:13:52.264324,2024-12-10T07:02:55.645740,CLOSED,,CORP-FW-02,False
ALT-CSE-02-01648,CSE-02,MEDIUM,2024-11-20T01:13:15,2024-11-20T01:16:17.977033,2024-11-20T02:40:23.410079,CLOSED,,CORP-FW-02,False
ALT-CSE-02-01649,CSE-02,HIGH,2024-10-28T12:00:01,2024-10-28T12:15:14.229116,2024-10-28T13:08:48.977759,CLOSED,,ENERGY-EMS-SRV,False
ALT-CSE-02-01650,CSE-02,HIGH,2024-11-24T20:23:58,2024-11-24T20:37:04.578888,2024-11-24T21:25:13.580215,CLOSED,,ENERGY-EMS-SRV,False
ALT-CSE-02-01651,CSE-02,HIGH,2024-10-24T15:21:52,2024-10-24T15:29:34.724966,2024-10-24T16:50:10.655684,CLOSED,,SCADA-RTU-01,False
ALT-CSE-02-01652,CSE-02,CRITICAL,2024-10-12T07:36:16,2024-10-12T07:39:53.771505,2024-10-12T09:03:50.911967,CLOSED,,CORP-FW-02,False
ALT-CSE-02-01653,CSE-02,HIGH,2024-12-07T06:45:50,2024-12-07T07:03:20.530435,2024-12-07T08:13:22.423458,CLOSED,,GRID-MONITOR-03,False
ALT-CSE-02-01654,CSE-02,LOW,2024-11-29T04:40:34,2024-11-29T04:52:32.215252,2024-11-29T06:10:16.316032,CLOSED,,SUBSTATION-GW-02,False
ALT-CSE-02-01655,CSE-02,LOW,2024-10-08T09:57:52,2024-10-08T10:04:14.183896,2024-10-08T11:16:36.335895,CLOSED,,CORP-FW-02,False
ALT-CSE-02-01656,CSE-02,MEDIUM,2024-10-06T01:54:12,2024-10-06T02:10:56.232996,2024-10-06T02:48:42.443155,CLOSED,,ENERGY-EMS-SRV,False
ALT-CSE-02-01657,CSE-02,MEDIUM,2024-12-22T15:57:20,2024-12-22T16:08:54.423197,2024-12-22T17:19:22.579203,CLOSED,,SUBSTATION-GW-02,False
ALT-CSE-02-01658,CSE-02,CRITICAL,2024-12-23T08:16:39,2024-12-23T08:26:11.078387,2024-12-23T08:51:42.966814,CLOSED,,GRID-MONITOR-03,False
ALT-CSE-02-01659,CSE-02,MEDIUM,2024-10-14T00:50:18,2024-10-14T00:52:27.344052,2024-10-14T02:10:39.092568,CLOSED,,SUBSTATION-GW-02,False
ALT-CSE-02-01660,CSE-02,LOW,2024-11-20T04:47:39,2024-11-20T05:05:18.318276,2024-11-20T06:12:55.198004,CLOSED,,CORP-FW-02,False
ALT-CSE-02-01661,CSE-02,LOW,2024-12-09T17:40:15,2024-12-09T17:53:13.538220,2024-12-09T19:08:11.703695,CLOSED,,ENERGY-EMS-SRV,False
ALT-CSE-02-01662,CSE-02,HIGH,2024-12-06T07:42:45,2024-12-06T07:49:20.815576,2024-12-06T08:55:07.491274,CLOSED,,ENERGY-EMS-SRV,False
ALT-CSE-02-01663,CSE-02,HIGH,2024-10-29T14:40:17,2024-10-29T14:45:25.465319,2024-10-29T15:21:23.835779,CLOSED,,SCADA-RTU-01,False
ALT-CSE-02-01664,CSE-02,HIGH,2024-11-23T04:06:05,2024-11-23T04:24:37.358981,2024-11-23T05:15:25.552408,CLOSED,,SUBSTATION-GW-02,False
ALT-CSE-02-01665,CSE-02,CRITICAL,2024-11-11T17:27:36,2024-11-11T17:31:00.804460,2024-11-11T18:04:30.329969,CLOSED,,SCADA-RTU-01,False
ALT-CSE-02-01666,CSE-02,LOW,2024-11-03T09:53:51,2024-11-03T10:10:15.658494,2024-11-03T10:59:14.829569,CLOSED,,GRID-MONITOR-03,False
ALT-CSE-02-01667,CSE-02,HIGH,2024-12-21T10:50:19,2024-12-21T11:00:01.086100,2024-12-21T12:15:04.983244,CLOSED,,CORP-FW-02,False
ALT-CSE-02-01668,CSE-02,HIGH,2024-11-22T14:23:16,2024-11-22T14:34:42.715570,2024-11-22T15:49:24.762304,CLOSED,,ENERGY-EMS-SRV,False
ALT-CSE-02-01669,CSE-02,HIGH,2024-10-26T01:08:33,2024-10-26T01:26:27.155866,2024-10-26T02:22:51.117619,CLOSED,,SUBSTATION-GW-02,False
ALT-CSE-02-01670,CSE-02,HIGH,2024-10-12T05:14:35,2024-10-12T05:33:06.512688,2024-10-12T06:39:47.197066,CLOSED,,CORP-FW-02,False
ALT-CSE-02-01671,CSE-02,LOW,2024-10-21T16:23:34,2024-10-21T16:33:03.224761,2024-10-21T17:46:27.032294,CLOSED,CAS-CSE-02-0069,GRID-MONITOR-03,False
ALT-CSE-02-01672,CSE-02,CRITICAL,2024-11-14T01:08:50,2024-11-14T01:16:49.501053,2024-11-14T02:38:15.080754,CLOSED,,CORP-FW-02,False
ALT-CSE-02-01673,CSE-02,HIGH,2024-11-06T14:11:12,2024-11-06T14:29:19.477635,2024-11-06T15:09:44.136711,CLOSED,CAS-CSE-02-0070,CORP-FW-02,True
ALT-CSE-02-01674,CSE-02,HIGH,2024-10-29T14:28:53,2024-10-29T14:39:29.798377,2024-10-29T15:09:38.364421,CLOSED,,ENERGY-EMS-SRV,False
ALT-CSE-02-01675,CSE-02,HIGH,2024-12-29T10:22:10,2024-12-29T10:40:08.053818,2024-12-29T11:50:56.634689,CLOSED,,GRID-MONITOR-03,False
ALT-CSE-02-01676,CSE-02,CRITICAL,2024-10-13T20:18:41,2024-10-13T20:33:18.329016,2024-10-13T20:59:16.970308,CLOSED,,GRID-MONITOR-03,False
ALT-CSE-02-01677,CSE-02,CRITICAL,2024-11-10T16:04:26,2024-11-10T16:12:28.110903,2024-11-10T16:45:50.060448,CLOSED,CAS-CSE-02-0071,SCADA-RTU-01,False
ALT-CSE-02-01678,CSE-02,HIGH,2024-10-13T17:59:49,2024-10-13T18:14:32.077254,2024-10-13T18:54:02.091665,CLOSED,,SUBSTATION-GW-02,False
ALT-CSE-02-01679,CSE-02,HIGH,2024-10-21T16:44:41,2024-10-21T17:01:44.956428,2024-10-21T18:12:05.865610,CLOSED,,GRID-MONITOR-03,False
ALT-CSE-02-01680,CSE-02,CRITICAL,2024-11-10T04:21:18,2024-11-10T04:34:44.598896,2024-11-10T04:56:49.609162,CLOSED,,ENERGY-EMS-SRV,False
ALT-CSE-02-01681,CSE-02,HIGH,2024-12-23T15:37:15,2024-12-23T15:40:22.637185,2024-12-23T16:54:40.287483,CLOSED,,SCADA-RTU-01,False
ALT-CSE-02-01682,CSE-02,HIGH,2024-12-07T19:41:21,2024-12-07T19:43:36.483139,2024-12-07T20:41:44.670063,CLOSED,,GRID-MONITOR-03,False
ALT-CSE-02-01683,CSE-02,MEDIUM,2024-12-17T11:20:58,2024-12-17T11:23:49.284959,2024-12-17T12:11:38.862020,CLOSED,,ENERGY-EMS-SRV,False
ALT-CSE-02-01684,CSE-02,HIGH,2024-12-23T16:03:37,2024-12-23T16:14:48.509632,2024-12-23T17:02:00.037800,CLOSED,,ENERGY-EMS-SRV,False
ALT-CSE-02-01685,CSE-02,HIGH,2024-12-08T19:16:34,2024-12-08T19:33:34.051157,2024-12-08T19:46:45.629005,CLOSED,,SUBSTATION-GW-02,False
ALT-CSE-02-01686,CSE-02,MEDIUM,2024-11-23T11:51:56,2024-11-23T12:06:11.114955,2024-11-23T12:28:22.480291,CLOSED,,SUBSTATION-GW-02,False
ALT-CSE-02-01687,CSE-02,LOW,2024-11-20T19:24:15,2024-11-20T19:38:56.284348,2024-11-20T20:14:01.780350,CLOSED,,ENERGY-EMS-SRV,False
ALT-CSE-02-01688,CSE-02,LOW,2024-11-29T13:26:54,2024-11-29T13:33:48.309604,2024-11-29T14:30:12.394621,CLOSED,,CORP-FW-02,False
ALT-CSE-02-01689,CSE-02,MEDIUM,2024-10-18T01:11:05,2024-10-18T01:22:44.805421,2024-10-18T02:33:58.189123,CLOSED,,CORP-FW-02,False
ALT-CSE-02-01690,CSE-02,LOW,2024-11-13T14:15:48,2024-11-13T14:33:42.102594,2024-11-13T15:02:08.520402,CLOSED,,SCADA-RTU-01,False
ALT-CSE-02-01691,CSE-02,MEDIUM,2024-12-21T12:43:28,2024-12-21T12:57:36.472727,2024-12-21T14:01:24.516037,CLOSED,,GRID-MONITOR-03,False
ALT-CSE-02-01692,CSE-02,CRITICAL,2024-12-11T05:22:50,2024-12-11T05:38:25.006473,2024-12-11T05:58:43.589353,CLOSED,,SCADA-RTU-01,False
ALT-CSE-02-01693,CSE-02,HIGH,2024-11-12T00:00:34,2024-11-12T00:19:34.216839,2024-11-12T00:59:33.521725,CLOSED,,SUBSTATION-GW-02,False
ALT-CSE-02-01694,CSE-02,MEDIUM,2024-12-24T17:32:10,2024-12-24T17:47:38.889851,2024-12-24T18:32:36.046237,CLOSED,,CORP-FW-02,False
ALT-CSE-02-01695,CSE-02,MEDIUM,2024-12-15T12:23:45,2024-12-15T12:31:49.958094,2024-12-15T13:19:22.673192,CLOSED,,GRID-MONITOR-03,False
ALT-CSE-02-01696,CSE-02,LOW,2024-12-10T03:15:22,2024-12-10T03:21:44.657003,2024-12-10T03:40:46.539456,CLOSED,,GRID-MONITOR-03,False
ALT-CSE-02-01697,CSE-02,HIGH,2024-10-22T23:46:31,2024-10-23T00:03:28.654783,2024-10-23T00:39:57.762947,CLOSED,,SCADA-RTU-01,False
ALT-CSE-02-01698,CSE-02,HIGH,2024-12-04T15:30:54,2024-12-04T15:42:33.899492,2024-12-04T16:49:27.128207,CLOSED,,ENERGY-EMS-SRV,False
ALT-CSE-02-01699,CSE-02,LOW,2024-12-13T05:51:41,2024-12-13T06:07:18.285368,2024-12-13T07:18:49.234887,CLOSED,,GRID-MONITOR-03,False
ALT-CSE-02-01700,CSE-02,HIGH,2024-12-26T11:29:55,2024-12-26T11:39:34.305456,2024-12-26T12:07:27.223503,CLOSED,,GRID-MONITOR-03,False
ALT-CSE-02-01701,CSE-02,HIGH,2024-12-09T07:21:39,2024-12-09T07:37:27.471725,2024-12-09T07:50:17.145211,CLOSED,,ENERGY-EMS-SRV,False
ALT-CSE-02-01702,CSE-02,MEDIUM,2024-12-08T12:26:39,2024-12-08T12:39:09.732153,2024-12-08T13:05:50.463653,CLOSED,,GRID-MONITOR-03,False
ALT-CSE-02-01703,CSE-02,HIGH,2024-12-01T18:03:12,2024-12-01T18:17:14.729541,2024-12-01T18:36:25.598776,CLOSED,,GRID-MONITOR-03,False
ALT-CSE-02-01704,CSE-02,LOW,2024-10-03T04:46:01,2024-10-03T04:53:38.146260,2024-10-03T05:21:37.546326,CLOSED,,SUBSTATION-GW-02,False
ALT-CSE-02-01705,CSE-02,HIGH,2024-11-02T19:01:02,2024-11-02T19:08:15.582068,2024-11-02T19:52:43.123884,CLOSED,,SUBSTATION-GW-02,False
ALT-CSE-02-01706,CSE-02,LOW,2024-12-17T06:15:50,2024-12-17T06:25:55.857617,2024-12-17T07:40:20.460693,CLOSED,,SCADA-RTU-01,False
ALT-CSE-02-01707,CSE-02,HIGH,2024-10-11T02:20:06,2024-10-11T02:29:34.814564,2024-10-11T03:48:13.157351,CLOSED,,SCADA-RTU-01,False
ALT-CSE-02-01708,CSE-02,HIGH,2024-11-26T16:18:32,2024-11-26T16:28:07.031848,2024-11-26T17:34:30.934342,CLOSED,,GRID-MONITOR-03,False
ALT-CSE-02-01709,CSE-02,HIGH,2024-11-07T23:02:09,2024-11-07T23:19:17.721603,2024-11-08T00:31:16.329114,CLOSED,,CORP-FW-02,False
ALT-CSE-02-01710,CSE-02,CRITICAL,2024-10-28T01:02:21,2024-10-28T01:13:37.091208,2024-10-28T02:27:37.985264,CLOSED,,GRID-MONITOR-03,False
ALT-CSE-02-01711,CSE-02,HIGH,2024-10-23T03:53:38,2024-10-23T03:59:21.807422,2024-10-23T05:04:53.534435,CLOSED,,SCADA-RTU-01,False
ALT-CSE-02-01712,CSE-02,LOW,2024-10-16T19:53:55,2024-10-16T20:01:01.097358,2024-10-16T20:58:03.921874,CLOSED,,GRID-MONITOR-03,False
ALT-CSE-02-01713,CSE-02,LOW,2024-11-12T11:55:21,2024-11-12T11:57:52.328014,2024-11-12T13:03:12.018300,CLOSED,,SUBSTATION-GW-02,False
ALT-CSE-02-01714,CSE-02,HIGH,2024-11-29T16:57:39,2024-11-29T17:04:21.712021,2024-11-29T17:42:58.864392,CLOSED,,ENERGY-EMS-SRV,False
ALT-CSE-02-01715,CSE-02,LOW,2024-11-10T22:44:20,2024-11-10T22:51:16.553861,2024-11-10T23:41:03.939831,CLOSED,CAS-CSE-02-0072,SUBSTATION-GW-02,False
ALT-CSE-02-01716,CSE-02,CRITICAL,2024-10-13T12:03:50,2024-10-13T12:22:49.579050,2024-10-13T12:31:54.074057,CLOSED,,SUBSTATION-GW-02,False
ALT-CSE-02-01717,CSE-02,MEDIUM,2024-10-03T19:25:31,2024-10-03T19:40:00.313812,2024-10-03T20:06:12.163127,CLOSED,,GRID-MONITOR-03,False
ALT-CSE-02-01718,CSE-02,CRITICAL,2024-12-13T17:04:48,2024-12-13T17:13:33.994902,2024-12-13T18:05:10.776825,CLOSED,,GRID-MONITOR-03,False
ALT-CSE-02-01719,CSE-02,MEDIUM,2024-10-06T04:17:37,2024-10-06T04:25:23.105963,2024-10-06T05:40:18.699950,CLOSED,,SCADA-RTU-01,False
ALT-CSE-02-01720,CSE-02,CRITICAL,2024-12-05T09:44:17,2024-12-05T09:46:35.261281,2024-12-05T10:16:53.175117,CLOSED,,SUBSTATION-GW-02,False
ALT-CSE-02-01721,CSE-02,HIGH,2024-12-21T07:59:40,2024-12-21T08:16:12.765744,2024-12-21T08:45:51.701791,CLOSED,,SUBSTATION-GW-02,False
ALT-CSE-02-01722,CSE-02,MEDIUM,2024-11-13T16:13:50,2024-11-13T16:24:40.282339,2024-11-13T17:12:04.825705,CLOSED,,ENERGY-EMS-SRV,False
ALT-CSE-02-01723,CSE-02,LOW,2024-11-05T12:24:32,2024-11-05T12:37:28.805172,2024-11-05T13:32:26.195966,CLOSED,,CORP-FW-02,False
ALT-CSE-02-01724,CSE-02,MEDIUM,2024-10-29T17:17:57,2024-10-29T17:26:18.729484,2024-10-29T18:15:06.085928,CLOSED,,CORP-FW-02,False
ALT-CSE-02-01725,CSE-02,MEDIUM,2024-11-05T17:08:23,2024-11-05T17:10:50.451494,2024-11-05T17:55:39.152893,CLOSED,,SUBSTATION-GW-02,False
ALT-CSE-02-01726,CSE-02,MEDIUM,2024-11-07T13:07:45,2024-11-07T13:12:09.724039,2024-11-07T14:18:54.287020,CLOSED,,SCADA-RTU-01,False
ALT-CSE-02-01727,CSE-02,HIGH,2024-11-05T09:27:45,2024-11-05T09:45:30.358243,2024-11-05T10:54:57.570614,CLOSED,,SCADA-RTU-01,False
ALT-CSE-02-01728,CSE-02,MEDIUM,2024-11-30T14:38:39,2024-11-30T14:46:51.571972,2024-11-30T15:14:04.769332,CLOSED,,ENERGY-EMS-SRV,False
ALT-CSE-02-01729,CSE-02,CRITICAL,2024-10-06T23:46:42,2024-10-07T00:05:39.796551,2024-10-07T01:09:49.458289,CLOSED,,CORP-FW-02,False
ALT-CSE-02-01730,CSE-02,CRITICAL,2024-12-13T17:18:52,2024-12-13T17:22:12.250383,2024-12-13T18:26:07.434206,CLOSED,,SCADA-RTU-01,False
ALT-CSE-02-01731,CSE-02,MEDIUM,2024-12-08T21:52:26,2024-12-08T21:57:45.771961,2024-12-08T22:36:53.540722,CLOSED,,GRID-MONITOR-03,False
ALT-CSE-02-01732,CSE-02,HIGH,2024-10-29T17:23:02,2024-10-29T17:30:47.242997,2024-10-29T17:51:56.164729,CLOSED,,SUBSTATION-GW-02,False
ALT-CSE-02-01733,CSE-02,HIGH,2024-11-07T10:47:11,2024-11-07T11:02:57.236956,2024-11-07T12:09:29.660844,CLOSED,,SCADA-RTU-01,False
ALT-CSE-02-01734,CSE-02,MEDIUM,2024-12-15T04:58:21,2024-12-15T05:10:11.679235,2024-12-15T05:42:51.723513,CLOSED,,ENERGY-EMS-SRV,False
ALT-CSE-02-01735,CSE-02,MEDIUM,2024-10-24T11:50:11,2024-10-24T11:55:17.087099,2024-10-24T13:16:06.049269,CLOSED,,ENERGY-EMS-SRV,False
ALT-CSE-02-01736,CSE-02,LOW,2024-10-28T17:48:04,2024-10-28T17:50:14.375480,2024-10-28T18:58:42.699616,CLOSED,,GRID-MONITOR-03,False
ALT-CSE-02-01737,CSE-02,HIGH,2024-12-02T12:35:43,2024-12-02T12:52:45.336210,2024-12-02T13:51:48.349057,CLOSED,,SCADA-RTU-01,False
ALT-CSE-02-01738,CSE-02,CRITICAL,2024-12-09T13:40:52,2024-12-09T13:44:27.630862,2024-12-09T14:41:43.541560,CLOSED,CAS-CSE-02-0073,SUBSTATION-GW-02,False
ALT-CSE-02-01739,CSE-02,HIGH,2024-11-25T12:05:50,2024-11-25T12:13:32.343253,2024-11-25T13:07:45.914069,CLOSED,,ENERGY-EMS-SRV,False
ALT-CSE-02-01740,CSE-02,LOW,2024-11-16T10:52:33,2024-11-16T11:05:29.404711,2024-11-16T11:33:59.234558,CLOSED,,SUBSTATION-GW-02,False
ALT-CSE-02-01741,CSE-02,LOW,2024-11-01T13:06:45,2024-11-01T13:14:11.685683,2024-11-01T13:32:16.828197,CLOSED,,CORP-FW-02,False
ALT-CSE-02-01742,CSE-02,CRITICAL,2024-12-15T21:33:33,2024-12-15T21:37:35.961548,2024-12-15T22:50:32.673219,CLOSED,,SUBSTATION-GW-02,False
ALT-CSE-02-01743,CSE-02,HIGH,2024-11-18T18:32:09,2024-11-18T18:46:55.856531,2024-11-18T19:27:53.666954,CLOSED,,CORP-FW-02,False
ALT-CSE-02-01744,CSE-02,MEDIUM,2024-11-30T12:39:25,2024-11-30T12:49:11.997770,2024-11-30T13:15:51.012485,CLOSED,,CORP-FW-02,False
ALT-CSE-02-01745,CSE-02,HIGH,2024-10-19T00:34:16,2024-10-19T00:45:09.054322,2024-10-19T01:18:08.381112,CLOSED,,SCADA-RTU-01,False
ALT-CSE-02-01746,CSE-02,CRITICAL,2024-12-15T01:51:16,2024-12-15T01:56:14.658179,2024-12-15T02:21:52.618350,CLOSED,,SUBSTATION-GW-02,False
ALT-CSE-02-01747,CSE-02,MEDIUM,2024-10-22T17:27:52,2024-10-22T17:30:34.588158,2024-10-22T18:11:42.996701,CLOSED,,CORP-FW-02,False
ALT-CSE-02-01748,CSE-02,CRITICAL,2024-11-30T00:12:19,2024-11-30T00:23:46.693915,2024-11-30T01:16:28.133228,CLOSED,,CORP-FW-02,False
ALT-CSE-02-01749,CSE-02,MEDIUM,2024-11-26T03:45:34,2024-11-26T03:54:24.233837,2024-11-26T04:37:21.457460,CLOSED,,SUBSTATION-GW-02,False
ALT-CSE-02-01750,CSE-02,CRITICAL,2024-12-20T01:13:40,2024-12-20T01:25:58.061464,2024-12-20T02:22:36.791502,CLOSED,,SCADA-RTU-01,False
ALT-CSE-02-01751,CSE-02,MEDIUM,2024-10-07T19:21:11,2024-10-07T19:35:15.357240,2024-10-07T19:58:40.553761,CLOSED,,CORP-FW-02,False
ALT-CSE-02-01752,CSE-02,MEDIUM,2024-12-07T14:14:27,2024-12-07T14:20:10.448903,2024-12-07T15:08:11.847781,CLOSED,,GRID-MONITOR-03,False
ALT-CSE-02-01753,CSE-02,LOW,2024-11-30T18:46:04,2024-11-30T18:55:14.587763,2024-11-30T19:14:33.954658,CLOSED,,SCADA-RTU-01,False
ALT-CSE-02-01754,CSE-02,LOW,2024-10-09T06:14:30,2024-10-09T06:16:42.252799,2024-10-09T07:22:05.259074,CLOSED,,CORP-FW-02,False
ALT-CSE-02-01755,CSE-02,CRITICAL,2024-10-12T04:19:20,2024-10-12T04:37:18.885046,2024-10-12T05:35:53.415636,CLOSED,,SCADA-RTU-01,False
ALT-CSE-02-01756,CSE-02,HIGH,2024-12-24T03:48:30,2024-12-24T03:51:02.586282,2024-12-24T04:29:02.793211,CLOSED,,SUBSTATION-GW-02,False
ALT-CSE-02-01757,CSE-02,CRITICAL,2024-12-26T03:41:06,2024-12-26T04:00:50.990983,2024-12-26T04:23:48.480264,CLOSED,,CORP-FW-02,False
ALT-CSE-02-01758,CSE-02,HIGH,2024-10-03T16:48:57,2024-10-03T17:08:11.801601,2024-10-03T17:18:55.791353,CLOSED,,GRID-MONITOR-03,False
ALT-CSE-02-01759,CSE-02,MEDIUM,2024-11-03T11:46:26,2024-11-03T11:49:28.673889,2024-11-03T12:57:56.677057,CLOSED,,SUBSTATION-GW-02,False
ALT-CSE-02-01760,CSE-02,HIGH,2024-12-23T11:09:38,2024-12-23T11:23:23.260294,2024-12-23T11:44:30.892913,CLOSED,,GRID-MONITOR-03,False
ALT-CSE-02-01761,CSE-02,MEDIUM,2024-10-21T06:55:47,2024-10-21T06:59:54.085663,2024-10-21T07:22:28.780183,CLOSED,,GRID-MONITOR-03,False
ALT-CSE-02-01762,CSE-02,LOW,2024-11-18T22:00:19,2024-11-18T22:15:25.336448,2024-11-18T22:31:21.005820,CLOSED,,SCADA-RTU-01,False
ALT-CSE-02-01763,CSE-02,HIGH,2024-12-26T07:05:02,2024-12-26T07:19:27.228690,2024-12-26T07:58:36.020377,CLOSED,,SCADA-RTU-01,False
ALT-CSE-02-01764,CSE-02,LOW,2024-12-13T18:12:39,2024-12-13T18:30:04.451553,2024-12-13T19:17:26.000897,CLOSED,,SUBSTATION-GW-02,False
ALT-CSE-02-01765,CSE-02,CRITICAL,2024-11-08T17:35:29,2024-11-08T17:53:08.218044,2024-11-08T18:01:57.568663,CLOSED,,CORP-FW-02,False
ALT-CSE-02-01766,CSE-02,HIGH,2024-12-28T17:46:05,2024-12-28T17:58:49.971620,2024-12-28T19:05:30.460478,CLOSED,,CORP-FW-02,False
ALT-CSE-02-01767,CSE-02,HIGH,2024-12-09T11:43:59,2024-12-09T11:48:26.878804,2024-12-09T12:58:45.884919,CLOSED,,GRID-MONITOR-03,False
ALT-CSE-02-01768,CSE-02,CRITICAL,2024-11-17T21:07:41,2024-11-17T21:11:37.742547,2024-11-17T22:16:57.630254,CLOSED,,SCADA-RTU-01,False
ALT-CSE-02-01769,CSE-02,MEDIUM,2024-11-26T07:29:33,2024-11-26T07:40:28.115608,2024-11-26T08:53:53.978845,CLOSED,,SCADA-RTU-01,False
ALT-CSE-02-01770,CSE-02,MEDIUM,2024-10-20T05:08:31,2024-10-20T05:15:00.618945,2024-10-20T05:47:34.190301,CLOSED,,SCADA-RTU-01,False
ALT-CSE-02-01771,CSE-02,MEDIUM,2024-11-09T10:33:47,2024-11-09T10:41:51.656858,2024-11-09T11:33:31.615325,CLOSED,,ENERGY-EMS-SRV,False
ALT-CSE-02-01772,CSE-02,LOW,2024-11-22T14:16:44,2024-11-22T14:31:12.968696,2024-11-22T15:17:37.031712,CLOSED,,SUBSTATION-GW-02,False
ALT-CSE-02-01773,CSE-02,HIGH,2024-11-02T12:43:54,2024-11-02T12:56:41.760958,2024-11-02T13:09:14.296233,CLOSED,,SUBSTATION-GW-02,False
ALT-CSE-02-01774,CSE-02,CRITICAL,2024-12-22T14:46:57,2024-12-22T15:04:57.489534,2024-12-22T16:11:19.003418,CLOSED,,SUBSTATION-GW-02,False
ALT-CSE-02-01775,CSE-02,MEDIUM,2024-11-23T10:32:50,2024-11-23T10:51:51.194609,2024-11-23T11:46:06.508634,CLOSED,,SCADA-RTU-01,False
ALT-CSE-02-01776,CSE-02,HIGH,2024-12-14T16:35:22,2024-12-14T16:39:25.474244,2024-12-14T17:37:48.822424,CLOSED,,SCADA-RTU-01,False
ALT-CSE-02-01777,CSE-02,LOW,2024-12-29T06:12:45,2024-12-29T06:20:20.679149,2024-12-29T07:33:46.532285,CLOSED,,SUBSTATION-GW-02,False
ALT-CSE-02-01778,CSE-02,HIGH,2024-11-22T16:29:30,2024-11-22T16:41:35.657217,2024-11-22T17:07:54.147864,CLOSED,,SUBSTATION-GW-02,False
ALT-CSE-02-01779,CSE-02,HIGH,2024-11-24T14:56:06,2024-11-24T15:13:14.482915,2024-11-24T15:33:36.783256,CLOSED,,CORP-FW-02,False
ALT-CSE-02-01780,CSE-02,CRITICAL,2024-10-26T01:24:39,2024-10-26T01:39:09.445523,2024-10-26T02:16:22.658687,CLOSED,,CORP-FW-02,False
ALT-CSE-02-01781,CSE-02,HIGH,2024-11-10T21:12:52,2024-11-10T21:31:02.472900,2024-11-10T21:55:38.533100,CLOSED,,GRID-MONITOR-03,False
ALT-CSE-02-01782,CSE-02,LOW,2024-10-26T19:14:23,2024-10-26T19:18:09.126114,2024-10-26T19:54:23.464296,CLOSED,,SUBSTATION-GW-02,False
ALT-CSE-02-01783,CSE-02,CRITICAL,2024-10-23T03:14:36,2024-10-23T03:18:30.101095,2024-10-23T04:01:14.373772,CLOSED,,CORP-FW-02,False
ALT-CSE-02-01784,CSE-02,HIGH,2024-11-08T19:13:08,2024-11-08T19:15:48.301702,2024-11-08T19:55:02.577603,CLOSED,,SCADA-RTU-01,False
ALT-CSE-02-01785,CSE-02,MEDIUM,2024-10-11T18:26:04,2024-10-11T18:41:33.240461,2024-10-11T19:08:34.483545,CLOSED,,ENERGY-EMS-SRV,False
ALT-CSE-02-01786,CSE-02,HIGH,2024-11-22T19:43:43,2024-11-22T19:47:44.759023,2024-11-22T20:28:58.262800,CLOSED,,GRID-MONITOR-03,False
ALT-CSE-02-01787,CSE-02,LOW,2024-10-08T01:23:01,2024-10-08T01:32:28.197048,2024-10-08T02:12:47.715717,CLOSED,,GRID-MONITOR-03,False
ALT-CSE-02-01788,CSE-02,LOW,2024-12-23T11:21:26,2024-12-23T11:27:00.102720,2024-12-23T12:10:48.703229,CLOSED,,CORP-FW-02,False
ALT-CSE-02-01789,CSE-02,CRITICAL,2024-12-12T16:10:05,2024-12-12T16:25:33.209730,2024-12-12T17:25:57.507005,CLOSED,,ENERGY-EMS-SRV,False
ALT-CSE-02-01790,CSE-02,HIGH,2024-11-04T01:02:12,2024-11-04T01:20:34.548251,2024-11-04T01:38:36.254778,CLOSED,,SUBSTATION-GW-02,False
ALT-CSE-02-01791,CSE-02,HIGH,2024-12-13T02:45:21,2024-12-13T02:51:56.927008,2024-12-13T04:05:33.244852,CLOSED,,SUBSTATION-GW-02,False
ALT-CSE-02-01792,CSE-02,HIGH,2024-10-09T16:33:41,2024-10-09T16:53:28.729725,2024-10-09T17:51:08.123638,CLOSED,,ENERGY-EMS-SRV,False
ALT-CSE-02-01793,CSE-02,MEDIUM,2024-10-31T13:26:45,2024-10-31T13:33:48.274565,2024-10-31T14:13:43.053807,CLOSED,,GRID-MONITOR-03,False
ALT-CSE-02-01794,CSE-02,MEDIUM,2024-10-03T18:47:16,2024-10-03T18:49:25.576043,2024-10-03T20:16:46.657277,CLOSED,,SCADA-RTU-01,False
ALT-CSE-02-01795,CSE-02,MEDIUM,2024-11-10T03:54:11,2024-11-10T04:07:46.011149,2024-11-10T04:28:07.900579,CLOSED,,SUBSTATION-GW-02,False
ALT-CSE-02-01796,CSE-02,LOW,2024-11-20T17:53:04,2024-11-20T18:01:50.519837,2024-11-20T18:56:13.475306,CLOSED,,SUBSTATION-GW-02,False
ALT-CSE-02-01797,CSE-02,MEDIUM,2024-12-03T06:24:54,2024-12-03T06:42:19.819800,2024-12-03T07:52:41.030784,CLOSED,,SUBSTATION-GW-02,False
ALT-CSE-02-01798,CSE-02,HIGH,2024-11-21T11:52:04,2024-11-21T11:58:14.294378,2024-11-21T12:40:57.836975,CLOSED,,SCADA-RTU-01,False
ALT-CSE-02-01799,CSE-02,LOW,2024-11-01T12:56:29,2024-11-01T13:13:33.750664,2024-11-01T14:02:29.825500,CLOSED,CAS-CSE-02-0074,ENERGY-EMS-SRV,False
ALT-CSE-02-01800,CSE-02,CRITICAL,2024-12-09T12:43:03,2024-12-09T12:55:55.924075,2024-12-09T13:13:34.631441,CLOSED,,ENERGY-EMS-SRV,False
ALT-CSE-02-01801,CSE-02,CRITICAL,2024-10-12T00:28:43,2024-10-12T00:31:58.203842,2024-10-12T01:20:29.266708,CLOSED,,ENERGY-EMS-SRV,False
ALT-CSE-02-01802,CSE-02,LOW,2024-12-13T04:03:17,2024-12-13T04:19:12.535874,2024-12-13T04:29:32.116028,CLOSED,,CORP-FW-02,False
ALT-CSE-02-01803,CSE-02,MEDIUM,2024-11-24T13:29:30,2024-11-24T13:36:23.771001,2024-11-24T14:51:09.259876,CLOSED,,GRID-MONITOR-03,False
ALT-CSE-02-01804,CSE-02,CRITICAL,2024-12-07T02:12:37,2024-12-07T02:22:10.570223,2024-12-07T03:30:17.836588,CLOSED,,ENERGY-EMS-SRV,False
ALT-CSE-02-01805,CSE-02,MEDIUM,2024-11-25T23:06:47,2024-11-25T23:14:49.214731,2024-11-26T00:17:55.314052,CLOSED,,SUBSTATION-GW-02,False
ALT-CSE-02-01806,CSE-02,MEDIUM,2024-11-04T12:08:26,2024-11-04T12:15:01.489685,2024-11-04T13:13:16.921140,CLOSED,,CORP-FW-02,False
ALT-CSE-02-01807,CSE-02,HIGH,2024-10-14T10:00:06,2024-10-14T10:17:08.131402,2024-10-14T11:28:51.789221,CLOSED,,GRID-MONITOR-03,False
ALT-CSE-02-01808,CSE-02,LOW,2024-12-07T18:50:22,2024-12-07T19:09:48.721382,2024-12-07T20:10:16.489309,CLOSED,,ENERGY-EMS-SRV,False
ALT-CSE-02-01809,CSE-02,CRITICAL,2024-10-01T18:03:51,2024-10-01T18:23:15.607426,2024-10-01T18:36:08.759351,CLOSED,,SCADA-RTU-01,False
ALT-CSE-02-01810,CSE-02,MEDIUM,2024-11-13T09:11:13,2024-11-13T09:16:54.069163,2024-11-13T09:56:06.528599,CLOSED,,ENERGY-EMS-SRV,False
ALT-CSE-02-01811,CSE-02,MEDIUM,2024-10-31T23:08:50,2024-10-31T23:21:21.881652,2024-10-31T23:49:03.516087,CLOSED,,GRID-MONITOR-03,False
ALT-CSE-02-01812,CSE-02,MEDIUM,2024-11-23T11:27:48,2024-11-23T11:33:54.189200,2024-11-23T12:03:20.994151,CLOSED,,CORP-FW-02,False
ALT-CSE-02-01813,CSE-02,MEDIUM,2024-12-09T18:04:03,2024-12-09T18:07:41.384103,2024-12-09T19:31:09.643974,CLOSED,,SCADA-RTU-01,False
ALT-CSE-02-01814,CSE-02,CRITICAL,2024-10-02T05:43:52,2024-10-02T05:54:14.333172,2024-10-02T07:11:39.227391,CLOSED,,CORP-FW-02,False
ALT-CSE-02-01815,CSE-02,HIGH,2024-12-03T16:51:16,2024-12-03T16:59:20.868159,2024-12-03T17:42:35.639246,CLOSED,,SUBSTATION-GW-02,False
ALT-CSE-02-01816,CSE-02,CRITICAL,2024-10-27T06:30:23,2024-10-27T06:48:06.873327,2024-10-27T07:45:57.925373,CLOSED,,ENERGY-EMS-SRV,False
ALT-CSE-02-01817,CSE-02,MEDIUM,2024-10-09T17:23:38,2024-10-09T17:38:12.758947,2024-10-09T18:44:05.430596,CLOSED,,SUBSTATION-GW-02,False
ALT-CSE-02-01818,CSE-02,HIGH,2024-11-04T00:58:04,2024-11-04T01:13:59.777870,2024-11-04T02:14:13.984358,CLOSED,,CORP-FW-02,False
ALT-CSE-02-01819,CSE-02,HIGH,2024-10-21T16:56:56,2024-10-21T17:07:38.064705,2024-10-21T18:05:46.561449,CLOSED,,ENERGY-EMS-SRV,False
ALT-CSE-02-01820,CSE-02,LOW,2024-12-03T22:15:52,2024-12-03T22:26:43.298117,2024-12-03T23:45:26.831108,CLOSED,,SUBSTATION-GW-02,False
ALT-CSE-02-01821,CSE-02,CRITICAL,2024-10-14T10:46:39,2024-10-14T10:56:06.720484,2024-10-14T11:32:49.274759,CLOSED,,GRID-MONITOR-03,False
ALT-CSE-02-01822,CSE-02,LOW,2024-11-15T20:39:45,2024-11-15T20:43:28.524812,2024-11-15T21:10:07.871662,CLOSED,,SUBSTATION-GW-02,False
ALT-CSE-02-01823,CSE-02,LOW,2024-12-10T18:34:21,2024-12-10T18:54:04.366279,2024-12-10T19:53:40.588167,CLOSED,,GRID-MONITOR-03,False
ALT-CSE-02-01824,CSE-02,LOW,2024-12-05T13:10:49,2024-12-05T13:28:50.314758,2024-12-05T14:27:11.544843,CLOSED,,SCADA-RTU-01,False
ALT-CSE-02-01825,CSE-02,HIGH,2024-11-26T00:10:33,2024-11-26T00:14:43.486921,2024-11-26T01:39:49.497452,CLOSED,,ENERGY-EMS-SRV,False
ALT-CSE-02-01826,CSE-02,LOW,2024-10-26T00:42:22,2024-10-26T00:48:56.944889,2024-10-26T01:53:40.999557,CLOSED,,SCADA-RTU-01,False
ALT-CSE-02-01827,CSE-02,LOW,2024-12-23T03:13:38,2024-12-23T03:24:43.224291,2024-12-23T03:42:33.367495,CLOSED,,ENERGY-EMS-SRV,False
ALT-CSE-02-01828,CSE-02,LOW,2024-10-17T17:51:55,2024-10-17T18:07:04.970833,2024-10-17T18:36:32.697254,CLOSED,,SUBSTATION-GW-02,False
ALT-CSE-02-01829,CSE-02,LOW,2024-12-18T23:12:12,2024-12-18T23:28:03.187233,2024-12-19T00:10:45.103136,CLOSED,,ENERGY-EMS-SRV,False
ALT-CSE-02-01830,CSE-02,LOW,2024-10-18T22:26:22,2024-10-18T22:32:42.469458,2024-10-18T23:56:21.956551,CLOSED,,ENERGY-EMS-SRV,False
ALT-CSE-02-01831,CSE-02,MEDIUM,2024-12-21T10:30:16,2024-12-21T10:49:44.991387,2024-12-21T11:27:28.750256,CLOSED,CAS-CSE-02-0075,SCADA-RTU-01,False
ALT-CSE-02-01832,CSE-02,MEDIUM,2024-11-03T01:44:29,2024-11-03T01:50:50.630487,2024-11-03T02:31:12.903822,CLOSED,,SCADA-RTU-01,False
ALT-CSE-02-01833,CSE-02,MEDIUM,2024-12-10T14:12:16,2024-12-10T14:28:08.566022,2024-12-10T15:31:06.418059,CLOSED,,SUBSTATION-GW-02,False
ALT-CSE-02-01834,CSE-02,MEDIUM,2024-11-09T10:27:55,2024-11-09T10:38:36.716515,2024-11-09T11:56:04.197782,CLOSED,,GRID-MONITOR-03,False
ALT-CSE-02-01835,CSE-02,MEDIUM,2024-11-09T23:52:39,2024-11-10T00:07:45.253905,2024-11-10T00:27:17.769929,CLOSED,,SUBSTATION-GW-02,False
ALT-CSE-02-01836,CSE-02,MEDIUM,2024-10-21T21:00:15,2024-10-21T21:17:10.260327,2024-10-21T22:07:16.690169,CLOSED,,SCADA-RTU-01,False
ALT-CSE-02-01837,CSE-02,HIGH,2024-11-09T01:55:07,2024-11-09T02:10:45.619095,2024-11-09T03:03:34.682252,CLOSED,,SCADA-RTU-01,False
ALT-CSE-02-01838,CSE-02,MEDIUM,2024-10-01T02:42:43,2024-10-01T02:59:38.437251,2024-10-01T03:19:59.756459,CLOSED,,GRID-MONITOR-03,False
ALT-CSE-02-01839,CSE-02,CRITICAL,2024-12-13T11:58:04,2024-12-13T12:13:33.204290,2024-12-13T13:17:50.844940,CLOSED,CAS-CSE-02-0076,GRID-MONITOR-03,True
ALT-CSE-02-01840,CSE-02,MEDIUM,2024-10-06T21:36:21,2024-10-06T21:47:50.948143,2024-10-06T22:34:38.252015,CLOSED,,GRID-MONITOR-03,False
ALT-CSE-02-01841,CSE-02,MEDIUM,2024-11-26T07:35:33,2024-11-26T07:41:35.779928,2024-11-26T08:02:55.679376,CLOSED,,SCADA-RTU-01,False
ALT-CSE-02-01842,CSE-02,MEDIUM,2024-12-26T08:13:25,2024-12-26T08:31:26.329000,2024-12-26T08:53:39.855655,CLOSED,,CORP-FW-02,False
ALT-CSE-02-01843,CSE-02,CRITICAL,2024-12-07T12:02:12,2024-12-07T12:16:38.889696,2024-12-07T12:59:09.660797,CLOSED,,GRID-MONITOR-03,False
ALT-CSE-02-01844,CSE-02,LOW,2024-12-06T10:06:10,2024-12-06T10:11:20.082603,2024-12-06T10:57:48.398801,CLOSED,,GRID-MONITOR-03,False
ALT-CSE-02-01845,CSE-02,MEDIUM,2024-12-05T08:39:50,2024-12-05T08:57:22.560544,2024-12-05T09:57:37.088980,CLOSED,,GRID-MONITOR-03,False
ALT-CSE-02-01846,CSE-02,CRITICAL,2024-11-15T17:15:20,2024-11-15T17:24:26.780605,2024-11-15T18:24:20.228764,CLOSED,,CORP-FW-02,False
ALT-CSE-02-01847,CSE-02,MEDIUM,2024-11-18T18:04:58,2024-11-18T18:08:49.199899,2024-11-18T19:34:49.949063,CLOSED,,GRID-MONITOR-03,False
ALT-CSE-02-01848,CSE-02,MEDIUM,2024-10-01T08:08:16,2024-10-01T08:25:43.832907,2024-10-01T09:25:41.214721,CLOSED,,ENERGY-EMS-SRV,False
ALT-CSE-02-01849,CSE-02,MEDIUM,2024-12-13T06:48:08,2024-12-13T06:52:49.098688,2024-12-13T07:25:13.020193,CLOSED,,GRID-MONITOR-03,False
ALT-CSE-02-01850,CSE-02,MEDIUM,2024-10-22T22:04:40,2024-10-22T22:07:43.015391,2024-10-22T22:37:47.528617,CLOSED,,ENERGY-EMS-SRV,False
ALT-CSE-02-01851,CSE-02,HIGH,2024-12-29T22:40:49,2024-12-29T22:49:29.914365,2024-12-29T23:34:37.875503,CLOSED,,CORP-FW-02,False
ALT-CSE-02-01852,CSE-02,LOW,2024-12-13T16:27:00,2024-12-13T16:29:35.648167,2024-12-13T17:56:32.734100,CLOSED,,ENERGY-EMS-SRV,False
ALT-CSE-02-01853,CSE-02,MEDIUM,2024-10-04T19:23:41,2024-10-04T19:38:52.036042,2024-10-04T20:03:26.691142,CLOSED,,CORP-FW-02,False
ALT-CSE-02-01854,CSE-02,HIGH,2024-12-02T20:18:33,2024-12-02T20:23:13.364371,2024-12-02T21:13:46.438802,CLOSED,,ENERGY-EMS-SRV,False
ALT-CSE-02-01855,CSE-02,CRITICAL,2024-11-03T06:18:40,2024-11-03T06:33:24.737422,2024-11-03T06:56:40.412116,CLOSED,,CORP-FW-02,False
ALT-CSE-02-01856,CSE-02,MEDIUM,2024-10-03T09:36:33,2024-10-03T09:39:39.796674,2024-10-03T10:53:27.358502,CLOSED,,SUBSTATION-GW-02,False
ALT-CSE-02-01857,CSE-02,HIGH,2024-12-29T17:25:28,2024-12-29T17:41:16.434721,2024-12-29T18:29:29.868647,CLOSED,,SUBSTATION-GW-02,False
ALT-CSE-02-01858,CSE-02,HIGH,2024-10-23T09:12:58,2024-10-23T09:18:52.467318,2024-10-23T09:54:43.700689,CLOSED,,ENERGY-EMS-SRV,False
ALT-CSE-02-01859,CSE-02,MEDIUM,2024-10-16T11:17:28,2024-10-16T11:33:23.197014,2024-10-16T12:32:34.034681,CLOSED,,SUBSTATION-GW-02,False
ALT-CSE-02-01860,CSE-02,LOW,2024-12-20T20:47:48,2024-12-20T21:05:11.250392,2024-12-20T21:27:02.552888,CLOSED,,SUBSTATION-GW-02,False
ALT-CSE-02-01861,CSE-02,HIGH,2024-11-26T06:52:08,2024-11-26T06:57:52.529461,2024-11-26T07:19:25.845693,CLOSED,,GRID-MONITOR-03,False
ALT-CSE-02-01862,CSE-02,LOW,2024-12-11T04:49:37,2024-12-11T05:04:11.877867,2024-12-11T06:12:09.850982,CLOSED,CAS-CSE-02-0077,SUBSTATION-GW-02,False
ALT-CSE-02-01863,CSE-02,MEDIUM,2024-10-25T08:50:00,2024-10-25T09:08:50.454096,2024-10-25T09:17:12.714441,CLOSED,,SCADA-RTU-01,False
ALT-CSE-02-01864,CSE-02,HIGH,2024-10-19T13:15:57,2024-10-19T13:22:08.879293,2024-10-19T14:30:27.486799,CLOSED,,CORP-FW-02,False
ALT-CSE-02-01865,CSE-02,LOW,2024-11-19T23:11:40,2024-11-19T23:17:27.385486,2024-11-19T23:54:55.629965,CLOSED,,SCADA-RTU-01,False
ALT-CSE-02-01866,CSE-02,CRITICAL,2024-12-02T16:31:10,2024-12-02T16:41:55.815003,2024-12-02T17:31:44.958223,CLOSED,,ENERGY-EMS-SRV,False
ALT-CSE-02-01867,CSE-02,HIGH,2024-11-12T17:00:49,2024-11-12T17:04:38.109862,2024-11-12T17:59:51.682701,CLOSED,,ENERGY-EMS-SRV,False
ALT-CSE-02-01868,CSE-02,MEDIUM,2024-12-06T17:01:12,2024-12-06T17:15:23.734153,2024-12-06T17:57:14.322173,CLOSED,,GRID-MONITOR-03,False
ALT-CSE-02-01869,CSE-02,MEDIUM,2024-12-26T18:20:41,2024-12-26T18:40:16.422959,2024-12-26T19:26:29.551012,CLOSED,,ENERGY-EMS-SRV,False
ALT-CSE-02-01870,CSE-02,HIGH,2024-12-10T16:08:41,2024-12-10T16:25:39.558664,2024-12-10T16:43:02.909874,CLOSED,,CORP-FW-02,False
ALT-CSE-02-01871,CSE-02,MEDIUM,2024-11-15T00:11:25,2024-11-15T00:24:35.381982,2024-11-15T00:46:38.633645,CLOSED,,ENERGY-EMS-SRV,False
ALT-CSE-02-01872,CSE-02,HIGH,2024-10-15T02:58:07,2024-10-15T03:11:26.578103,2024-10-15T03:52:23.178609,CLOSED,,CORP-FW-02,False
ALT-CSE-02-01873,CSE-02,HIGH,2024-11-21T09:24:13,2024-11-21T09:32:44.672304,2024-11-21T10:02:29.295043,CLOSED,,SUBSTATION-GW-02,False
ALT-CSE-02-01874,CSE-02,MEDIUM,2024-11-23T23:47:23,2024-11-23T23:53:13.455468,2024-11-24T01:04:33.876633,CLOSED,,CORP-FW-02,False
ALT-CSE-02-01875,CSE-02,HIGH,2024-12-28T08:52:09,2024-12-28T09:05:04.763906,2024-12-28T10:16:32.450684,CLOSED,,CORP-FW-02,False
ALT-CSE-02-01876,CSE-02,LOW,2024-12-05T19:12:03,2024-12-05T19:17:51.125040,2024-12-05T20:22:07.204436,CLOSED,CAS-CSE-02-0078,CORP-FW-02,True
ALT-CSE-02-01877,CSE-02,HIGH,2024-11-26T11:21:08,2024-11-26T11:37:58.216838,2024-11-26T12:13:28.363030,CLOSED,,ENERGY-EMS-SRV,False
ALT-CSE-02-01878,CSE-02,MEDIUM,2024-12-06T02:41:39,2024-12-06T02:55:58.743915,2024-12-06T03:08:35.428394,CLOSED,,GRID-MONITOR-03,False
ALT-CSE-02-01879,CSE-02,HIGH,2024-12-25T03:26:37,2024-12-25T03:45:01.430249,2024-12-25T04:33:49.466652,CLOSED,,SCADA-RTU-01,False
ALT-CSE-02-01880,CSE-02,HIGH,2024-11-14T10:37:03,2024-11-14T10:43:04.006321,2024-11-14T11:21:23.890899,CLOSED,,SCADA-RTU-01,False
ALT-CSE-02-01881,CSE-02,LOW,2024-12-20T11:19:58,2024-12-20T11:32:11.700631,2024-12-20T12:29:04.305343,CLOSED,,SUBSTATION-GW-02,False
ALT-CSE-02-01882,CSE-02,MEDIUM,2024-11-04T19:04:26,2024-11-04T19:19:28.091752,2024-11-04T19:35:13.204987,CLOSED,,SUBSTATION-GW-02,False
ALT-CSE-02-01883,CSE-02,MEDIUM,2024-10-18T23:32:37,2024-10-18T23:40:12.253109,2024-10-19T00:53:17.413532,CLOSED,,SUBSTATION-GW-02,False
ALT-CSE-02-01884,CSE-02,CRITICAL,2024-11-04T05:18:49,2024-11-04T05:31:00.257886,2024-11-04T06:09:50.719872,CLOSED,,GRID-MONITOR-03,False
ALT-CSE-02-01885,CSE-02,HIGH,2024-11-25T14:37:47,2024-11-25T14:51:57.797525,2024-11-25T15:29:44.065388,CLOSED,,ENERGY-EMS-SRV,False
ALT-CSE-02-01886,CSE-02,MEDIUM,2024-12-29T00:39:26,2024-12-29T00:52:10.192404,2024-12-29T01:04:54.168438,CLOSED,,ENERGY-EMS-SRV,False
ALT-CSE-02-01887,CSE-02,HIGH,2024-12-12T05:52:34,2024-12-12T05:59:42.876357,2024-12-12T06:41:06.946045,CLOSED,,ENERGY-EMS-SRV,False
ALT-CSE-02-01888,CSE-02,CRITICAL,2024-11-15T15:00:59,2024-11-15T15:04:01.864431,2024-11-15T15:57:52.341187,CLOSED,CAS-CSE-02-0079,SCADA-RTU-01,True
ALT-CSE-02-01889,CSE-02,MEDIUM,2024-12-11T11:42:23,2024-12-11T11:58:54.198324,2024-12-11T12:37:47.197037,CLOSED,,GRID-MONITOR-03,False
ALT-CSE-02-01890,CSE-02,HIGH,2024-12-12T03:05:39,2024-12-12T03:25:09.811473,2024-12-12T03:53:27.603651,CLOSED,,GRID-MONITOR-03,False
ALT-CSE-02-01891,CSE-02,HIGH,2024-12-08T09:33:00,2024-12-08T09:49:52.976055,2024-12-08T10:09:03.046236,CLOSED,,ENERGY-EMS-SRV,False
ALT-CSE-02-01892,CSE-02,LOW,2024-11-13T21:16:38,2024-11-13T21:23:27.333853,2024-11-13T21:55:31.925604,CLOSED,,GRID-MONITOR-03,False
ALT-CSE-02-01893,CSE-02,MEDIUM,2024-10-01T11:51:24,2024-10-01T12:07:44.704139,2024-10-01T12:54:07.015199,CLOSED,,SCADA-RTU-01,False
ALT-CSE-02-01894,CSE-02,HIGH,2024-11-20T10:17:00,2024-11-20T10:26:45.254699,2024-11-20T11:28:47.990144,CLOSED,,GRID-MONITOR-03,False
ALT-CSE-02-01895,CSE-02,HIGH,2024-12-23T09:17:00,2024-12-23T09:32:25.555495,2024-12-23T10:08:52.066320,CLOSED,,GRID-MONITOR-03,False
ALT-CSE-02-01896,CSE-02,MEDIUM,2024-11-24T03:20:59,2024-11-24T03:38:56.493624,2024-11-24T04:26:48.004023,CLOSED,,GRID-MONITOR-03,False
ALT-CSE-02-01897,CSE-02,MEDIUM,2024-11-29T14:48:41,2024-11-29T14:57:13.112680,2024-11-29T16:14:44.835959,CLOSED,,GRID-MONITOR-03,False
ALT-CSE-02-01898,CSE-02,MEDIUM,2024-12-16T09:35:28,2024-12-16T09:52:09.377803,2024-12-16T10:44:04.491674,CLOSED,,GRID-MONITOR-03,False
ALT-CSE-02-01899,CSE-02,CRITICAL,2024-11-10T06:37:56,2024-11-10T06:45:12.046573,2024-11-10T08:03:53.069030,CLOSED,,ENERGY-EMS-SRV,False
ALT-CSE-02-01900,CSE-02,MEDIUM,2024-11-24T07:05:37,2024-11-24T07:09:33.037713,2024-11-24T07:49:10.700096,CLOSED,,SUBSTATION-GW-02,False
ALT-CSE-02-01901,CSE-02,MEDIUM,2024-11-10T15:05:54,2024-11-10T15:15:44.155390,2024-11-10T16:08:15.128707,CLOSED,,GRID-MONITOR-03,False
ALT-CSE-02-01902,CSE-02,MEDIUM,2024-12-06T20:42:30,2024-12-06T21:01:47.233617,2024-12-06T21:22:41.856139,CLOSED,,CORP-FW-02,False
ALT-CSE-02-01903,CSE-02,LOW,2024-12-12T06:06:44,2024-12-12T06:22:36.672336,2024-12-12T07:29:42.254960,CLOSED,,SUBSTATION-GW-02,False
ALT-CSE-02-01904,CSE-02,MEDIUM,2024-11-25T14:15:17,2024-11-25T14:17:49.393996,2024-11-25T15:01:50.844617,CLOSED,,SCADA-RTU-01,False
ALT-CSE-02-01905,CSE-02,MEDIUM,2024-11-12T23:06:16,2024-11-12T23:18:01.705942,2024-11-13T00:29:22.323098,CLOSED,,GRID-MONITOR-03,False
ALT-CSE-02-01906,CSE-02,CRITICAL,2024-11-21T07:52:44,2024-11-21T08:11:20.152133,2024-11-21T08:52:49.008926,CLOSED,,GRID-MONITOR-03,False
ALT-CSE-02-01907,CSE-02,HIGH,2024-12-19T03:45:33,2024-12-19T03:52:18.144817,2024-12-19T04:13:22.244635,CLOSED,,CORP-FW-02,False
ALT-CSE-02-01908,CSE-02,HIGH,2024-10-21T19:24:21,2024-10-21T19:35:24.633028,2024-10-21T20:15:01.778328,CLOSED,,SCADA-RTU-01,False
ALT-CSE-02-01909,CSE-02,CRITICAL,2024-10-05T09:02:28,2024-10-05T09:13:40.424313,2024-10-05T10:04:33.528874,CLOSED,,GRID-MONITOR-03,False
ALT-CSE-02-01910,CSE-02,HIGH,2024-12-17T21:17:47,2024-12-17T21:30:43.920677,2024-12-17T22:24:22.142295,CLOSED,,SUBSTATION-GW-02,False
ALT-CSE-02-01911,CSE-02,HIGH,2024-12-24T22:35:02,2024-12-24T22:41:12.769924,2024-12-24T23:16:21.427732,CLOSED,,ENERGY-EMS-SRV,False
ALT-CSE-02-01912,CSE-02,CRITICAL,2024-10-11T21:12:26,2024-10-11T21:17:47.597867,2024-10-11T21:44:04.279515,CLOSED,,SCADA-RTU-01,False
ALT-CSE-02-01913,CSE-02,LOW,2024-11-18T23:20:46,2024-11-18T23:30:54.023288,2024-11-18T23:46:05.925250,CLOSED,,SUBSTATION-GW-02,False
ALT-CSE-02-01914,CSE-02,HIGH,2024-10-31T03:08:52,2024-10-31T03:18:25.176143,2024-10-31T03:52:45.875834,CLOSED,,ENERGY-EMS-SRV,False
ALT-CSE-02-01915,CSE-02,MEDIUM,2024-10-06T16:32:37,2024-10-06T16:38:25.892562,2024-10-06T17:23:46.208685,CLOSED,,GRID-MONITOR-03,False
ALT-CSE-02-01916,CSE-02,HIGH,2024-12-28T17:47:19,2024-12-28T17:59:48.466029,2024-12-28T18:55:01.586372,CLOSED,,GRID-MONITOR-03,False
ALT-CSE-02-01917,CSE-02,CRITICAL,2024-10-18T05:25:01,2024-10-18T05:29:06.055743,2024-10-18T06:11:59.313933,CLOSED,,SUBSTATION-GW-02,False
ALT-CSE-02-01918,CSE-02,MEDIUM,2024-12-19T05:45:44,2024-12-19T05:59:59.025829,2024-12-19T06:56:09.134847,CLOSED,,CORP-FW-02,False
ALT-CSE-02-01919,CSE-02,MEDIUM,2024-12-08T22:47:39,2024-12-08T22:58:41.925124,2024-12-09T00:12:51.157249,CLOSED,,CORP-FW-02,False
ALT-CSE-02-01920,CSE-02,LOW,2024-10-05T07:29:35,2024-10-05T07:32:20.797569,2024-10-05T08:48:26.336392,CLOSED,,CORP-FW-02,False
ALT-CSE-02-01921,CSE-02,MEDIUM,2024-10-21T20:39:13,2024-10-21T20:45:07.009017,2024-10-21T21:12:43.986372,CLOSED,,GRID-MONITOR-03,False
ALT-CSE-02-01922,CSE-02,CRITICAL,2024-12-19T02:54:25,2024-12-19T03:00:26.298498,2024-12-19T03:39:48.801818,CLOSED,,SCADA-RTU-01,False
ALT-CSE-02-01923,CSE-02,CRITICAL,2024-11-02T21:18:43,2024-11-02T21:34:51.236726,2024-11-02T22:15:02.489299,CLOSED,,SCADA-RTU-01,False
ALT-CSE-02-01924,CSE-02,CRITICAL,2024-12-25T01:09:38,2024-12-25T01:27:33.019757,2024-12-25T01:39:05.461663,CLOSED,,ENERGY-EMS-SRV,False
ALT-CSE-02-01925,CSE-02,LOW,2024-10-10T04:36:47,2024-10-10T04:56:07.157139,2024-10-10T05:07:48.306071,CLOSED,,SCADA-RTU-01,False
ALT-CSE-02-01926,CSE-02,HIGH,2024-12-28T18:32:43,2024-12-28T18:46:29.401655,2024-12-28T19:03:36.403939,CLOSED,,CORP-FW-02,False
ALT-CSE-02-01927,CSE-02,MEDIUM,2024-10-12T06:08:59,2024-10-12T06:14:23.868186,2024-10-12T07:00:03.570342,CLOSED,,ENERGY-EMS-SRV,False
ALT-CSE-02-01928,CSE-02,CRITICAL,2024-11-04T14:06:11,2024-11-04T14:14:13.926377,2024-11-04T15:08:35.788506,CLOSED,,CORP-FW-02,False
ALT-CSE-02-01929,CSE-02,HIGH,2024-11-25T23:04:55,2024-11-25T23:14:19.726958,2024-11-25T23:58:23.286539,CLOSED,,GRID-MONITOR-03,False
ALT-CSE-02-01930,CSE-02,CRITICAL,2024-10-01T18:08:40,2024-10-01T18:20:19.169379,2024-10-01T19:15:23.840533,CLOSED,,SUBSTATION-GW-02,False
ALT-CSE-02-01931,CSE-02,MEDIUM,2024-10-20T19:22:18,2024-10-20T19:37:01.706147,2024-10-20T20:36:07.732930,CLOSED,,CORP-FW-02,False
ALT-CSE-02-01932,CSE-02,LOW,2024-12-15T20:49:29,2024-12-15T21:06:44.270440,2024-12-15T22:18:46.992534,CLOSED,CAS-CSE-02-0080,SCADA-RTU-01,False
ALT-CSE-02-01933,CSE-02,MEDIUM,2024-10-09T03:06:12,2024-10-09T03:10:57.994102,2024-10-09T04:09:36.867077,CLOSED,,SUBSTATION-GW-02,False
ALT-CSE-02-01934,CSE-02,CRITICAL,2024-10-19T21:42:53,2024-10-19T21:49:54.804419,2024-10-19T22:30:49.756086,CLOSED,,SCADA-RTU-01,False
ALT-CSE-02-01935,CSE-02,MEDIUM,2024-12-23T11:01:28,2024-12-23T11:17:21.402511,2024-12-23T11:43:42.227191,CLOSED,,SUBSTATION-GW-02,False
ALT-CSE-02-01936,CSE-02,HIGH,2024-12-05T15:42:45,2024-12-05T15:46:03.885108,2024-12-05T17:08:07.773256,CLOSED,,CORP-FW-02,False
ALT-CSE-02-01937,CSE-02,MEDIUM,2024-11-07T09:56:47,2024-11-07T10:01:33.859483,2024-11-07T10:50:57.966784,CLOSED,,GRID-MONITOR-03,False
ALT-CSE-02-01938,CSE-02,HIGH,2024-10-07T15:08:05,2024-10-07T15:22:30.746427,2024-10-07T16:31:20.555627,CLOSED,,GRID-MONITOR-03,False
ALT-CSE-02-01939,CSE-02,MEDIUM,2024-12-11T21:51:16,2024-12-11T21:55:37.812868,2024-12-11T22:18:24.017434,CLOSED,,SCADA-RTU-01,False
ALT-CSE-02-01940,CSE-02,LOW,2024-11-27T11:14:52,2024-11-27T11:34:48.372201,2024-11-27T12:03:57.333402,CLOSED,,ENERGY-EMS-SRV,False
ALT-CSE-02-01941,CSE-02,HIGH,2024-10-10T01:24:37,2024-10-10T01:29:38.459801,2024-10-10T01:57:16.730686,CLOSED,,SCADA-RTU-01,False
ALT-CSE-02-01942,CSE-02,MEDIUM,2024-12-27T07:19:42,2024-12-27T07:23:53.153911,2024-12-27T08:32:08.472747,CLOSED,,SUBSTATION-GW-02,False
ALT-CSE-02-01943,CSE-02,LOW,2024-11-29T16:04:40,2024-11-29T16:21:51.256764,2024-11-29T17:29:52.044115,CLOSED,,SUBSTATION-GW-02,False
ALT-CSE-02-01944,CSE-02,HIGH,2024-11-26T16:09:28,2024-11-26T16:27:12.801970,2024-11-26T17:07:29.076941,CLOSED,,SUBSTATION-GW-02,False
ALT-CSE-02-01945,CSE-02,CRITICAL,2024-12-16T12:14:38,2024-12-16T12:19:20.694891,2024-12-16T12:47:06.586215,CLOSED,,ENERGY-EMS-SRV,False
ALT-CSE-02-01946,CSE-02,MEDIUM,2024-11-23T21:10:38,2024-11-23T21:24:28.753833,2024-11-23T22:08:27.091486,CLOSED,,SCADA-RTU-01,False
ALT-CSE-02-01947,CSE-02,LOW,2024-12-25T13:58:52,2024-12-25T14:11:21.290521,2024-12-25T14:49:00.922020,CLOSED,,GRID-MONITOR-03,False
ALT-CSE-02-01948,CSE-02,LOW,2024-10-05T16:47:07,2024-10-05T17:06:31.237444,2024-10-05T17:35:28.309790,CLOSED,,SCADA-RTU-01,False
ALT-CSE-02-01949,CSE-02,CRITICAL,2024-12-13T06:11:33,2024-12-13T06:14:25.869444,2024-12-13T06:50:39.894187,CLOSED,,CORP-FW-02,False
ALT-CSE-02-01950,CSE-02,CRITICAL,2024-12-16T07:34:01,2024-12-16T07:40:57.012016,2024-12-16T08:05:43.552626,CLOSED,,CORP-FW-02,False
ALT-CSE-02-01951,CSE-02,MEDIUM,2024-10-25T13:56:05,2024-10-25T14:02:40.517482,2024-10-25T15:12:50.361107,CLOSED,,SCADA-RTU-01,False
ALT-CSE-02-01952,CSE-02,LOW,2024-12-08T02:32:30,2024-12-08T02:35:51.406862,2024-12-08T03:37:13.620698,CLOSED,,ENERGY-EMS-SRV,False
ALT-CSE-02-01953,CSE-02,CRITICAL,2024-12-15T04:31:49,2024-12-15T04:43:44.955720,2024-12-15T05:12:09.734550,CLOSED,,ENERGY-EMS-SRV,False
ALT-CSE-02-01954,CSE-02,HIGH,2024-11-24T22:58:00,2024-11-24T23:15:45.304085,2024-11-24T23:24:56.364750,CLOSED,,CORP-FW-02,False
ALT-CSE-02-01955,CSE-02,MEDIUM,2024-12-22T11:48:52,2024-12-22T12:04:11.418616,2024-12-22T13:07:43.674055,CLOSED,,SCADA-RTU-01,False
ALT-CSE-02-01956,CSE-02,HIGH,2024-10-13T18:53:24,2024-10-13T19:07:51.695691,2024-10-13T19:48:05.260754,CLOSED,,GRID-MONITOR-03,False
ALT-CSE-02-01957,CSE-02,MEDIUM,2024-10-22T09:39:32,2024-10-22T09:53:50.997566,2024-10-22T10:45:58.944758,CLOSED,,ENERGY-EMS-SRV,False
ALT-CSE-02-01958,CSE-02,MEDIUM,2024-10-04T22:39:18,2024-10-04T22:50:04.080496,2024-10-04T23:13:30.472380,CLOSED,,SCADA-RTU-01,False
ALT-CSE-02-01959,CSE-02,HIGH,2024-12-04T13:55:29,2024-12-04T14:08:37.155786,2024-12-04T14:21:31.697187,CLOSED,,GRID-MONITOR-03,False
ALT-CSE-02-01960,CSE-02,LOW,2024-12-03T03:52:25,2024-12-03T04:02:23.507603,2024-12-03T04:45:26.205956,CLOSED,,SUBSTATION-GW-02,False
ALT-CSE-02-01961,CSE-02,MEDIUM,2024-11-30T21:15:02,2024-11-30T21:26:38.346343,2024-11-30T22:09:33.143484,CLOSED,,CORP-FW-02,False
ALT-CSE-02-01962,CSE-02,CRITICAL,2024-11-28T07:25:48,2024-11-28T07:42:18.935878,2024-11-28T08:03:29.479261,CLOSED,,ENERGY-EMS-SRV,False
ALT-CSE-02-01963,CSE-02,HIGH,2024-11-20T22:01:31,2024-11-20T22:21:09.842832,2024-11-20T22:52:34.331471,CLOSED,,ENERGY-EMS-SRV,False
ALT-CSE-02-01964,CSE-02,MEDIUM,2024-11-06T10:34:13,2024-11-06T10:52:14.347966,2024-11-06T11:20:01.658252,CLOSED,,SUBSTATION-GW-02,False
ALT-CSE-02-01965,CSE-02,LOW,2024-12-06T15:23:05,2024-12-06T15:32:03.414147,2024-12-06T16:27:39.126217,CLOSED,,GRID-MONITOR-03,False
ALT-CSE-02-01966,CSE-02,CRITICAL,2024-12-13T15:33:40,2024-12-13T15:42:41.448057,2024-12-13T16:07:34.711626,CLOSED,,GRID-MONITOR-03,False
ALT-CSE-02-01967,CSE-02,HIGH,2024-12-14T13:33:17,2024-12-14T13:38:41.812257,2024-12-14T14:37:04.380044,CLOSED,,GRID-MONITOR-03,False
ALT-CSE-02-01968,CSE-02,LOW,2024-11-27T17:16:34,2024-11-27T17:35:04.888680,2024-11-27T18:46:25.895371,CLOSED,,GRID-MONITOR-03,False
ALT-CSE-02-01969,CSE-02,MEDIUM,2024-10-13T03:07:18,2024-10-13T03:16:25.500754,2024-10-13T03:56:54.067771,CLOSED,,GRID-MONITOR-03,False
ALT-CSE-02-01970,CSE-02,LOW,2024-10-29T16:13:15,2024-10-29T16:16:03.389632,2024-10-29T16:42:20.331410,CLOSED,,GRID-MONITOR-03,False
ALT-CSE-02-01971,CSE-02,LOW,2024-10-21T00:40:16,2024-10-21T00:43:49.675901,2024-10-21T02:06:13.465092,CLOSED,,ENERGY-EMS-SRV,False
ALT-CSE-02-01972,CSE-02,CRITICAL,2024-10-20T17:12:30,2024-10-20T17:20:37.418994,2024-10-20T17:59:42.127256,CLOSED,,SCADA-RTU-01,False
ALT-CSE-02-01973,CSE-02,CRITICAL,2024-11-01T04:03:07,2024-11-01T04:18:31.734833,2024-11-01T05:02:04.673927,CLOSED,,CORP-FW-02,False
ALT-CSE-02-01974,CSE-02,HIGH,2024-10-07T01:40:46,2024-10-07T01:50:54.825497,2024-10-07T02:12:47.201910,CLOSED,,SCADA-RTU-01,False
ALT-CSE-02-01975,CSE-02,HIGH,2024-10-15T13:59:18,2024-10-15T14:01:26.915072,2024-10-15T14:47:41.924068,CLOSED,,SUBSTATION-GW-02,False
ALT-CSE-02-01976,CSE-02,HIGH,2024-12-14T12:30:09,2024-12-14T12:33:43.669148,2024-12-14T13:41:53.068929,CLOSED,,ENERGY-EMS-SRV,False
ALT-CSE-02-01977,CSE-02,LOW,2024-10-02T14:48:59,2024-10-02T14:56:54.738104,2024-10-02T16:16:25.651735,CLOSED,,ENERGY-EMS-SRV,False
ALT-CSE-02-01978,CSE-02,MEDIUM,2024-10-24T12:22:04,2024-10-24T12:26:45.376853,2024-10-24T13:34:13.845442,CLOSED,,SCADA-RTU-01,False
ALT-CSE-02-01979,CSE-02,MEDIUM,2024-12-25T17:59:07,2024-12-25T18:03:45.634697,2024-12-25T19:21:11.904737,CLOSED,,ENERGY-EMS-SRV,False
ALT-CSE-02-01980,CSE-02,LOW,2024-10-22T23:07:57,2024-10-22T23:23:00.580478,2024-10-23T00:24:29.038497,CLOSED,,SCADA-RTU-01,False
ALT-CSE-02-01981,CSE-02,HIGH,2024-10-04T00:09:45,2024-10-04T00:26:17.041184,2024-10-04T01:09:44.168980,CLOSED,,CORP-FW-02,False
ALT-CSE-02-01982,CSE-02,HIGH,2024-12-07T10:41:27,2024-12-07T10:59:46.488478,2024-12-07T12:02:13.664729,CLOSED,,GRID-MONITOR-03,False
ALT-CSE-02-01983,CSE-02,LOW,2024-11-16T18:28:25,2024-11-16T18:41:04.080145,2024-11-16T19:28:46.566936,CLOSED,,ENERGY-EMS-SRV,False
ALT-CSE-02-01984,CSE-02,CRITICAL,2024-10-15T10:14:02,2024-10-15T10:17:46.402378,2024-10-15T10:46:29.553277,CLOSED,,SUBSTATION-GW-02,False
ALT-CSE-02-01985,CSE-02,HIGH,2024-10-22T01:40:18,2024-10-22T01:51:09.453111,2024-10-22T03:06:25.257344,CLOSED,,CORP-FW-02,False
ALT-CSE-02-01986,CSE-02,CRITICAL,2024-10-11T14:06:11,2024-10-11T14:19:56.395080,2024-10-11T15:33:35.445075,CLOSED,,CORP-FW-02,False
ALT-CSE-02-01987,CSE-02,HIGH,2024-12-23T15:28:34,2024-12-23T15:36:09.590851,2024-12-23T16:56:50.353912,CLOSED,,GRID-MONITOR-03,False
ALT-CSE-02-01988,CSE-02,MEDIUM,2024-11-29T20:40:13,2024-11-29T20:55:48.206198,2024-11-29T21:33:30.354985,CLOSED,,ENERGY-EMS-SRV,False
ALT-CSE-02-01989,CSE-02,HIGH,2024-11-15T23:16:05,2024-11-15T23:26:12.791198,2024-11-15T23:59:25.738999,CLOSED,,ENERGY-EMS-SRV,False
ALT-CSE-02-01990,CSE-02,LOW,2024-11-10T11:42:26,2024-11-10T11:48:16.263493,2024-11-10T12:53:04.858709,CLOSED,,CORP-FW-02,False
ALT-CSE-02-01991,CSE-02,CRITICAL,2024-12-12T17:15:45,2024-12-12T17:31:22.771038,2024-12-12T18:12:51.562580,CLOSED,,ENERGY-EMS-SRV,False
ALT-CSE-02-01992,CSE-02,HIGH,2024-12-12T14:37:17,2024-12-12T14:42:37.533767,2024-12-12T15:43:50.638847,CLOSED,,SCADA-RTU-01,False
ALT-CSE-02-01993,CSE-02,CRITICAL,2024-11-15T05:43:17,2024-11-15T06:02:44.597034,2024-11-15T06:52:27.296998,CLOSED,,CORP-FW-02,False
ALT-CSE-02-01994,CSE-02,CRITICAL,2024-10-05T11:19:59,2024-10-05T11:39:42.697262,2024-10-05T12:01:20.884809,CLOSED,,CORP-FW-02,False
ALT-CSE-02-01995,CSE-02,MEDIUM,2024-10-19T03:00:51,2024-10-19T03:12:02.647170,2024-10-19T03:56:30.735590,CLOSED,CAS-CSE-02-0081,GRID-MONITOR-03,False
ALT-CSE-02-01996,CSE-02,HIGH,2024-12-28T20:17:41,2024-12-28T20:26:30.172681,2024-12-28T20:45:33.617077,CLOSED,,CORP-FW-02,False
ALT-CSE-02-01997,CSE-02,LOW,2024-10-30T01:15:07,2024-10-30T01:22:53.629137,2024-10-30T02:25:22.557181,CLOSED,,SCADA-RTU-01,False
ALT-CSE-02-01998,CSE-02,MEDIUM,2024-10-13T13:28:54,2024-10-13T13:31:54.064801,2024-10-13T14:24:37.288339,CLOSED,,SUBSTATION-GW-02,False
ALT-CSE-02-01999,CSE-02,MEDIUM,2024-11-07T20:49:34,2024-11-07T21:01:33.880958,2024-11-07T21:53:50.291257,CLOSED,,SUBSTATION-GW-02,False
ALT-CSE-02-02000,CSE-02,HIGH,2024-10-10T06:01:21,2024-10-10T06:15:10.200359,2024-10-10T06:28:35.419790,CLOSED,,SCADA-RTU-01,False
ALT-CSE-02-02001,CSE-02,HIGH,2024-10-26T13:35:55,2024-10-26T13:41:52.457147,2024-10-26T14:42:13.724349,CLOSED,,GRID-MONITOR-03,False
ALT-CSE-02-02002,CSE-02,CRITICAL,2024-12-29T12:21:30,2024-12-29T12:28:39.048353,2024-12-29T12:55:45.112813,CLOSED,,CORP-FW-02,False
ALT-CSE-02-02003,CSE-02,HIGH,2024-10-30T16:46:40,2024-10-30T16:55:00.729399,2024-10-30T17:41:39.307177,CLOSED,,SUBSTATION-GW-02,False
ALT-CSE-02-02004,CSE-02,HIGH,2024-11-27T18:49:17,2024-11-27T19:05:36.352358,2024-11-27T20:09:32.794997,CLOSED,,SCADA-RTU-01,False
ALT-CSE-02-02005,CSE-02,MEDIUM,2024-11-05T04:30:37,2024-11-05T04:36:41.924177,2024-11-05T05:48:49.882530,CLOSED,,CORP-FW-02,False
ALT-CSE-02-02006,CSE-02,LOW,2024-10-16T23:36:36,2024-10-16T23:49:47.998950,2024-10-17T00:56:19.801152,CLOSED,,SCADA-RTU-01,False
ALT-CSE-02-02007,CSE-02,CRITICAL,2024-10-05T10:30:27,2024-10-05T10:45:53.016632,2024-10-05T11:46:55.111432,CLOSED,,ENERGY-EMS-SRV,False
ALT-CSE-02-02008,CSE-02,HIGH,2024-11-28T05:17:11,2024-11-28T05:28:07.041175,2024-11-28T06:30:12.682468,CLOSED,,ENERGY-EMS-SRV,False
ALT-CSE-02-02009,CSE-02,LOW,2024-12-09T14:35:38,2024-12-09T14:45:04.424194,2024-12-09T15:05:06.395202,CLOSED,,CORP-FW-02,False
ALT-CSE-02-02010,CSE-02,CRITICAL,2024-11-16T05:32:21,2024-11-16T05:43:33.674205,2024-11-16T06:00:50.380659,CLOSED,,SUBSTATION-GW-02,False
ALT-CSE-02-02011,CSE-02,CRITICAL,2024-11-25T14:27:31,2024-11-25T14:40:09.024503,2024-11-25T15:24:57.650180,CLOSED,,GRID-MONITOR-03,False
ALT-CSE-02-02012,CSE-02,HIGH,2024-12-29T03:49:16,2024-12-29T03:55:13.157768,2024-12-29T04:22:33.497951,CLOSED,,CORP-FW-02,False
ALT-CSE-02-02013,CSE-02,LOW,2024-12-29T07:20:51,2024-12-29T07:26:38.508589,2024-12-29T07:53:29.347113,CLOSED,,SUBSTATION-GW-02,False
ALT-CSE-02-02014,CSE-02,LOW,2024-11-01T05:07:58,2024-11-01T05:14:43.161757,2024-11-01T05:35:37.733214,CLOSED,,SCADA-RTU-01,False
ALT-CSE-02-02015,CSE-02,HIGH,2024-10-21T01:44:16,2024-10-21T01:58:36.623310,2024-10-21T03:13:00.185742,CLOSED,,CORP-FW-02,False
ALT-CSE-02-02016,CSE-02,HIGH,2024-11-08T11:32:44,2024-11-08T11:44:44.021597,2024-11-08T12:17:51.650429,CLOSED,,GRID-MONITOR-03,False
ALT-CSE-02-02017,CSE-02,HIGH,2024-11-14T13:38:48,2024-11-14T13:41:07.438697,2024-11-14T14:29:58.488370,CLOSED,,ENERGY-EMS-SRV,False
ALT-CSE-02-02018,CSE-02,HIGH,2024-10-01T08:41:44,2024-10-01T08:55:49.987034,2024-10-01T09:35:56.195009,CLOSED,,SUBSTATION-GW-02,False
ALT-CSE-02-02019,CSE-02,CRITICAL,2024-11-23T08:43:02,2024-11-23T09:00:22.699904,2024-11-23T09:15:50.570234,CLOSED,,CORP-FW-02,False
ALT-CSE-02-02020,CSE-02,CRITICAL,2024-11-26T09:53:40,2024-11-26T10:10:35.313027,2024-11-26T10:32:28.853928,CLOSED,,GRID-MONITOR-03,False
ALT-CSE-02-02021,CSE-02,LOW,2024-11-22T03:43:54,2024-11-22T03:48:52.235682,2024-11-22T04:45:00.828293,CLOSED,,GRID-MONITOR-03,False
ALT-CSE-02-02022,CSE-02,CRITICAL,2024-10-26T09:10:17,2024-10-26T09:25:01.980110,2024-10-26T09:49:17.425540,CLOSED,,SCADA-RTU-01,False
ALT-CSE-02-02023,CSE-02,LOW,2024-12-10T02:12:05,2024-12-10T02:28:06.587448,2024-12-10T03:18:56.003215,CLOSED,,GRID-MONITOR-03,False
ALT-CSE-02-02024,CSE-02,MEDIUM,2024-12-04T07:10:18,2024-12-04T07:25:59.329370,2024-12-04T08:33:48.522397,CLOSED,,GRID-MONITOR-03,False
ALT-CSE-02-02025,CSE-02,CRITICAL,2024-10-27T12:31:06,2024-10-27T12:42:52.527033,2024-10-27T14:00:21.294563,CLOSED,,SUBSTATION-GW-02,False
ALT-CSE-02-02026,CSE-02,HIGH,2024-12-28T18:06:51,2024-12-28T18:13:36.793809,2024-12-28T19:36:45.076977,CLOSED,,ENERGY-EMS-SRV,False
ALT-CSE-02-02027,CSE-02,MEDIUM,2024-11-24T14:32:14,2024-11-24T14:35:52.898133,2024-11-24T16:00:03.688035,CLOSED,,GRID-MONITOR-03,False
ALT-CSE-02-02028,CSE-02,HIGH,2024-10-15T22:53:35,2024-10-15T23:12:59.221246,2024-10-15T23:30:22.130818,CLOSED,CAS-CSE-02-0082,GRID-MONITOR-03,False
ALT-CSE-02-02029,CSE-02,MEDIUM,2024-10-09T13:51:58,2024-10-09T14:02:29.746890,2024-10-09T15:02:57.330473,CLOSED,,SUBSTATION-GW-02,False
ALT-CSE-02-02030,CSE-02,MEDIUM,2024-10-25T12:10:54,2024-10-25T12:24:09.992599,2024-10-25T13:10:17.206088,CLOSED,,GRID-MONITOR-03,False
ALT-CSE-02-02031,CSE-02,MEDIUM,2024-11-26T06:03:46,2024-11-26T06:12:03.581818,2024-11-26T06:52:15.575585,CLOSED,,CORP-FW-02,False
ALT-CSE-02-02032,CSE-02,LOW,2024-12-08T21:50:15,2024-12-08T21:58:57.054175,2024-12-08T23:15:49.998222,CLOSED,,CORP-FW-02,False
ALT-CSE-02-02033,CSE-02,HIGH,2024-11-25T17:04:12,2024-11-25T17:19:47.081962,2024-11-25T18:29:05.444702,CLOSED,,GRID-MONITOR-03,False
ALT-CSE-02-02034,CSE-02,CRITICAL,2024-12-06T22:17:45,2024-12-06T22:26:50.387211,2024-12-06T23:20:12.182197,CLOSED,,GRID-MONITOR-03,False
ALT-CSE-02-02035,CSE-02,HIGH,2024-11-20T10:54:40,2024-11-20T11:05:31.760572,2024-11-20T11:51:23.652454,CLOSED,,ENERGY-EMS-SRV,False
ALT-CSE-02-02036,CSE-02,MEDIUM,2024-11-11T06:39:37,2024-11-11T06:42:54.654813,2024-11-11T07:58:47.451640,CLOSED,,GRID-MONITOR-03,False
ALT-CSE-02-02037,CSE-02,HIGH,2024-11-27T19:53:03,2024-11-27T19:56:21.811647,2024-11-27T20:40:32.579409,CLOSED,,CORP-FW-02,False
ALT-CSE-02-02038,CSE-02,CRITICAL,2024-11-23T04:17:37,2024-11-23T04:31:21.545811,2024-11-23T05:34:34.844674,CLOSED,,GRID-MONITOR-03,False
ALT-CSE-02-02039,CSE-02,LOW,2024-10-19T15:21:57,2024-10-19T15:27:33.522725,2024-10-19T16:26:24.035234,CLOSED,,GRID-MONITOR-03,False
ALT-CSE-02-02040,CSE-02,LOW,2024-10-12T03:55:34,2024-10-12T04:04:06.385004,2024-10-12T04:22:21.516790,CLOSED,,SCADA-RTU-01,False
ALT-CSE-02-02041,CSE-02,HIGH,2024-10-11T07:36:32,2024-10-11T07:44:33.057260,2024-10-11T08:35:42.190289,CLOSED,CAS-CSE-02-0083,SUBSTATION-GW-02,False
ALT-CSE-02-02042,CSE-02,HIGH,2024-10-25T09:08:19,2024-10-25T09:19:18.342668,2024-10-25T09:43:28.507058,CLOSED,,CORP-FW-02,False
ALT-CSE-02-02043,CSE-02,MEDIUM,2024-10-09T10:47:48,2024-10-09T10:49:50.738652,2024-10-09T11:59:59.876713,CLOSED,,SCADA-RTU-01,False
ALT-CSE-02-02044,CSE-02,LOW,2024-11-07T07:53:16,2024-11-07T08:09:15.524385,2024-11-07T09:17:14.979990,CLOSED,,GRID-MONITOR-03,False
ALT-CSE-02-02045,CSE-02,MEDIUM,2024-10-02T19:13:13,2024-10-02T19:20:49.815464,2024-10-02T20:19:05.478206,CLOSED,,CORP-FW-02,False
ALT-CSE-02-02046,CSE-02,MEDIUM,2024-10-09T16:41:44,2024-10-09T16:49:54.037212,2024-10-09T18:05:36.371167,CLOSED,,SCADA-RTU-01,False
ALT-CSE-02-02047,CSE-02,HIGH,2024-11-29T12:37:09,2024-11-29T12:56:02.694752,2024-11-29T13:26:54.471234,CLOSED,,GRID-MONITOR-03,False
ALT-CSE-02-02048,CSE-02,HIGH,2024-10-04T13:12:43,2024-10-04T13:25:13.755997,2024-10-04T14:03:21.173488,CLOSED,,SUBSTATION-GW-02,False
ALT-CSE-02-02049,CSE-02,MEDIUM,2024-11-14T11:22:43,2024-11-14T11:27:58.700604,2024-11-14T12:07:34.655328,CLOSED,,SCADA-RTU-01,False
ALT-CSE-02-02050,CSE-02,HIGH,2024-12-17T12:29:48,2024-12-17T12:38:45.910230,2024-12-17T13:31:35.025725,CLOSED,,ENERGY-EMS-SRV,False
ALT-CSE-02-02051,CSE-02,LOW,2024-11-30T05:45:10,2024-11-30T06:04:52.913072,2024-11-30T06:16:53.877426,CLOSED,,ENERGY-EMS-SRV,False
ALT-CSE-02-02052,CSE-02,HIGH,2024-12-06T05:13:52,2024-12-06T05:23:51.445918,2024-12-06T05:51:34.330090,CLOSED,,GRID-MONITOR-03,False
ALT-CSE-02-02053,CSE-02,HIGH,2024-10-12T12:13:47,2024-10-12T12:17:51.882040,2024-10-12T13:00:36.006986,CLOSED,,SCADA-RTU-01,False
ALT-CSE-02-02054,CSE-02,LOW,2024-11-15T07:07:41,2024-11-15T07:21:51.001556,2024-11-15T07:46:02.847548,CLOSED,,GRID-MONITOR-03,False
ALT-CSE-02-02055,CSE-02,CRITICAL,2024-11-26T22:02:05,2024-11-26T22:11:42.931377,2024-11-26T22:49:12.293684,CLOSED,,CORP-FW-02,False
ALT-CSE-02-02056,CSE-02,LOW,2024-12-06T16:03:01,2024-12-06T16:14:55.320779,2024-12-06T17:17:02.866436,CLOSED,,CORP-FW-02,False
ALT-CSE-02-02057,CSE-02,HIGH,2024-11-28T17:38:10,2024-11-28T17:48:42.225362,2024-11-28T19:04:22.879337,CLOSED,,GRID-MONITOR-03,False
ALT-CSE-02-02058,CSE-02,LOW,2024-12-19T09:44:51,2024-12-19T10:03:25.067083,2024-12-19T10:48:16.530195,CLOSED,,SUBSTATION-GW-02,False
ALT-CSE-02-02059,CSE-02,LOW,2024-11-09T21:03:06,2024-11-09T21:10:01.711188,2024-11-09T22:25:32.461506,CLOSED,,GRID-MONITOR-03,False
ALT-CSE-02-02060,CSE-02,HIGH,2024-11-17T13:47:16,2024-11-17T13:56:23.262409,2024-11-17T14:44:17.899117,CLOSED,,ENERGY-EMS-SRV,False
ALT-CSE-02-02061,CSE-02,MEDIUM,2024-12-18T11:53:02,2024-12-18T12:10:43.627794,2024-12-18T12:35:10.967323,CLOSED,,GRID-MONITOR-03,False
ALT-CSE-02-02062,CSE-02,MEDIUM,2024-11-07T14:20:54,2024-11-07T14:29:49.811743,2024-11-07T15:02:45.203515,CLOSED,,ENERGY-EMS-SRV,False
ALT-CSE-02-02063,CSE-02,LOW,2024-12-12T07:00:02,2024-12-12T07:03:26.571308,2024-12-12T07:48:00.974569,CLOSED,,SUBSTATION-GW-02,False
ALT-CSE-02-02064,CSE-02,HIGH,2024-11-13T01:05:09,2024-11-13T01:23:28.694354,2024-11-13T02:26:16.784047,CLOSED,,SUBSTATION-GW-02,False
ALT-CSE-02-02065,CSE-02,HIGH,2024-12-15T05:04:18,2024-12-15T05:12:51.708444,2024-12-15T05:58:04.465821,CLOSED,,SCADA-RTU-01,False
ALT-CSE-02-02066,CSE-02,MEDIUM,2024-10-27T11:53:17,2024-10-27T12:07:30.564155,2024-10-27T13:06:54.344937,CLOSED,,ENERGY-EMS-SRV,False
ALT-CSE-02-02067,CSE-02,LOW,2024-12-02T07:13:45,2024-12-02T07:26:58.642946,2024-12-02T08:00:22.788022,CLOSED,CAS-CSE-02-0084,ENERGY-EMS-SRV,False
ALT-CSE-02-02068,CSE-02,MEDIUM,2024-10-04T03:49:09,2024-10-04T04:05:03.680429,2024-10-04T04:45:28.953789,CLOSED,CAS-CSE-02-0085,SUBSTATION-GW-02,False
ALT-CSE-02-02069,CSE-02,MEDIUM,2024-11-06T02:31:40,2024-11-06T02:50:18.905887,2024-11-06T03:34:23.348982,CLOSED,,CORP-FW-02,False
ALT-CSE-02-02070,CSE-02,CRITICAL,2024-11-09T12:34:09,2024-11-09T12:46:57.902466,2024-11-09T13:18:50.481065,CLOSED,,SCADA-RTU-01,False
ALT-CSE-02-02071,CSE-02,MEDIUM,2024-10-27T20:44:56,2024-10-27T21:01:32.336231,2024-10-27T21:11:49.784658,CLOSED,,SUBSTATION-GW-02,False
ALT-CSE-02-02072,CSE-02,CRITICAL,2024-12-17T22:57:55,2024-12-17T23:15:40.511454,2024-12-17T23:28:35.708377,CLOSED,CAS-CSE-02-0086,SUBSTATION-GW-02,False
ALT-CSE-02-02073,CSE-02,LOW,2024-12-08T14:19:11,2024-12-08T14:25:49.173256,2024-12-08T14:46:05.324944,CLOSED,,SUBSTATION-GW-02,False
ALT-CSE-02-02074,CSE-02,HIGH,2024-11-20T03:35:28,2024-11-20T03:41:36.897856,2024-11-20T04:35:06.555801,CLOSED,,GRID-MONITOR-03,False
ALT-CSE-02-02075,CSE-02,HIGH,2024-12-26T11:50:13,2024-12-26T11:57:27.659472,2024-12-26T12:40:51.815925,CLOSED,,GRID-MONITOR-03,False
ALT-CSE-02-02076,CSE-02,HIGH,2024-12-16T13:45:49,2024-12-16T14:04:59.230227,2024-12-16T14:36:25.973154,CLOSED,,SCADA-RTU-01,False
ALT-CSE-02-02077,CSE-02,HIGH,2024-12-22T14:25:30,2024-12-22T14:42:55.680660,2024-12-22T14:59:22.313243,CLOSED,,CORP-FW-02,False
ALT-CSE-02-02078,CSE-02,MEDIUM,2024-10-26T16:13:40,2024-10-26T16:17:40.376103,2024-10-26T17:17:19.077588,CLOSED,,CORP-FW-02,False
ALT-CSE-02-02079,CSE-02,HIGH,2024-12-19T04:45:25,2024-12-19T04:48:40.401064,2024-12-19T06:07:25.790534,CLOSED,CAS-CSE-02-0087,SCADA-RTU-01,False
ALT-CSE-02-02080,CSE-02,HIGH,2024-11-21T18:43:31,2024-11-21T18:47:29.989012,2024-11-21T20:05:19.024443,CLOSED,,GRID-MONITOR-03,False
ALT-CSE-02-02081,CSE-02,HIGH,2024-11-20T06:26:27,2024-11-20T06:33:10.360479,2024-11-20T07:48:43.493643,CLOSED,,GRID-MONITOR-03,False
ALT-CSE-02-02082,CSE-02,HIGH,2024-10-20T01:26:26,2024-10-20T01:46:21.512559,2024-10-20T02:47:31.864132,CLOSED,CAS-CSE-02-0088,SUBSTATION-GW-02,True
ALT-CSE-02-02083,CSE-02,LOW,2024-11-13T10:01:18,2024-11-13T10:18:49.187906,2024-11-13T10:50:25.698644,CLOSED,,GRID-MONITOR-03,False
ALT-CSE-02-02084,CSE-02,MEDIUM,2024-10-21T10:12:20,2024-10-21T10:29:43.414049,2024-10-21T10:38:49.414896,CLOSED,,ENERGY-EMS-SRV,False
ALT-CSE-02-02085,CSE-02,MEDIUM,2024-12-14T14:48:50,2024-12-14T15:02:22.633207,2024-12-14T15:25:45.351620,CLOSED,,GRID-MONITOR-03,False
ALT-CSE-02-02086,CSE-02,CRITICAL,2024-11-09T04:11:39,2024-11-09T04:29:08.574797,2024-11-09T05:07:13.447638,CLOSED,,GRID-MONITOR-03,False
ALT-CSE-02-02087,CSE-02,CRITICAL,2024-10-09T06:31:19,2024-10-09T06:44:46.429640,2024-10-09T07:55:44.779821,CLOSED,,SCADA-RTU-01,False
ALT-CSE-02-02088,CSE-02,LOW,2024-11-28T05:26:07,2024-11-28T05:31:23.920084,2024-11-28T06:48:30.880210,CLOSED,,SCADA-RTU-01,False
ALT-CSE-02-02089,CSE-02,LOW,2024-11-25T08:09:43,2024-11-25T08:13:41.570374,2024-11-25T08:46:54.652661,CLOSED,,ENERGY-EMS-SRV,False
ALT-CSE-02-02090,CSE-02,MEDIUM,2024-11-27T02:43:16,2024-11-27T02:54:38.590672,2024-11-27T03:27:36.623847,CLOSED,,SUBSTATION-GW-02,False
ALT-CSE-02-02091,CSE-02,LOW,2024-10-25T02:57:17,2024-10-25T03:08:15.087747,2024-10-25T04:23:04.178947,CLOSED,,ENERGY-EMS-SRV,False
ALT-CSE-02-02092,CSE-02,LOW,2024-11-19T00:47:30,2024-11-19T01:03:30.781567,2024-11-19T01:13:15.660338,CLOSED,,SCADA-RTU-01,False
ALT-CSE-02-02093,CSE-02,MEDIUM,2024-12-13T04:33:50,2024-12-13T04:43:06.819468,2024-12-13T05:40:30.601579,CLOSED,,SCADA-RTU-01,False
ALT-CSE-02-02094,CSE-02,LOW,2024-10-26T22:55:10,2024-10-26T22:57:54.095528,2024-10-26T23:22:29.669232,CLOSED,,SUBSTATION-GW-02,False
ALT-CSE-02-02095,CSE-02,MEDIUM,2024-12-06T02:13:00,2024-12-06T02:26:37.126336,2024-12-06T03:06:41.333089,CLOSED,,CORP-FW-02,False
ALT-CSE-02-02096,CSE-02,LOW,2024-12-18T05:01:20,2024-12-18T05:03:31.480447,2024-12-18T05:42:51.790319,CLOSED,,ENERGY-EMS-SRV,False
ALT-CSE-02-02097,CSE-02,HIGH,2024-11-12T00:38:08,2024-11-12T00:56:52.072308,2024-11-12T01:24:29.396667,CLOSED,,SCADA-RTU-01,False
ALT-CSE-02-02098,CSE-02,LOW,2024-12-25T05:03:05,2024-12-25T05:09:48.305747,2024-12-25T05:36:29.255217,CLOSED,,SCADA-RTU-01,False
ALT-CSE-02-02099,CSE-02,MEDIUM,2024-10-19T08:43:59,2024-10-19T08:48:06.098815,2024-10-19T09:38:20.576326,CLOSED,,CORP-FW-02,False
ALT-CSE-02-02100,CSE-02,HIGH,2024-12-04T09:24:54,2024-12-04T09:41:02.745068,2024-12-04T10:42:07.995652,CLOSED,,SCADA-RTU-01,False
ALT-CSE-02-02101,CSE-02,HIGH,2024-12-12T06:07:30,2024-12-12T06:18:50.798007,2024-12-12T07:20:59.839303,CLOSED,,ENERGY-EMS-SRV,False
ALT-CSE-02-02102,CSE-02,LOW,2024-10-26T22:30:26,2024-10-26T22:48:25.858081,2024-10-26T23:31:14.220973,CLOSED,,ENERGY-EMS-SRV,False
ALT-CSE-02-02103,CSE-02,LOW,2024-11-27T01:15:44,2024-11-27T01:21:36.861043,2024-11-27T01:53:43.621628,CLOSED,,SCADA-RTU-01,False
ALT-CSE-02-02104,CSE-02,HIGH,2024-12-26T03:56:33,2024-12-26T04:05:14.481978,2024-12-26T04:21:52.807606,CLOSED,,ENERGY-EMS-SRV,False
ALT-CSE-02-02105,CSE-02,CRITICAL,2024-11-30T03:06:20,2024-11-30T03:19:34.994076,2024-11-30T03:34:50.931770,CLOSED,,SUBSTATION-GW-02,False
ALT-CSE-02-02106,CSE-02,HIGH,2024-12-28T13:18:09,2024-12-28T13:31:49.891495,2024-12-28T14:41:34.838358,CLOSED,,CORP-FW-02,False
ALT-CSE-02-02107,CSE-02,MEDIUM,2024-11-09T01:12:23,2024-11-09T01:21:14.585192,2024-11-09T01:51:36.884964,CLOSED,,SUBSTATION-GW-02,False
ALT-CSE-02-02108,CSE-02,LOW,2024-11-04T18:42:17,2024-11-04T18:59:34.661061,2024-11-04T19:33:15.247299,CLOSED,,SCADA-RTU-01,False
ALT-CSE-02-02109,CSE-02,LOW,2024-10-03T20:23:39,2024-10-03T20:33:34.380239,2024-10-03T21:30:25.401561,CLOSED,,ENERGY-EMS-SRV,False
ALT-CSE-02-02110,CSE-02,HIGH,2024-12-17T04:08:06,2024-12-17T04:25:14.914716,2024-12-17T05:25:22.811190,CLOSED,,SUBSTATION-GW-02,False
ALT-CSE-02-02111,CSE-02,LOW,2024-10-03T12:00:57,2024-10-03T12:05:03.873004,2024-10-03T13:22:15.889055,CLOSED,,ENERGY-EMS-SRV,False
ALT-CSE-02-02112,CSE-02,HIGH,2024-11-24T05:13:38,2024-11-24T05:33:12.503570,2024-11-24T05:59:50.795989,CLOSED,CAS-CSE-02-0089,CORP-FW-02,True
ALT-CSE-02-02113,CSE-02,CRITICAL,2024-10-04T18:50:05,2024-10-04T19:05:43.708599,2024-10-04T20:00:07.184592,CLOSED,,CORP-FW-02,False
ALT-CSE-02-02114,CSE-02,CRITICAL,2024-12-28T05:06:40,2024-12-28T05:09:39.903826,2024-12-28T06:06:00.547458,CLOSED,,SCADA-RTU-01,False
ALT-CSE-02-02115,CSE-02,MEDIUM,2024-12-28T08:33:52,2024-12-28T08:53:17.119876,2024-12-28T09:57:59.219385,CLOSED,,CORP-FW-02,False
ALT-CSE-02-02116,CSE-02,HIGH,2024-11-13T12:35:07,2024-11-13T12:41:01.915683,2024-11-13T13:33:40.200665,CLOSED,,GRID-MONITOR-03,False
ALT-CSE-02-02117,CSE-02,MEDIUM,2024-12-25T22:08:39,2024-12-25T22:14:19.939414,2024-12-25T23:26:23.259360,CLOSED,,SUBSTATION-GW-02,False
ALT-CSE-02-02118,CSE-02,HIGH,2024-12-09T14:00:32,2024-12-09T14:08:27.868861,2024-12-09T15:09:43.645539,CLOSED,,SCADA-RTU-01,False
ALT-CSE-02-02119,CSE-02,HIGH,2024-10-09T05:14:19,2024-10-09T05:25:57.646849,2024-10-09T06:10:54.476111,CLOSED,,SUBSTATION-GW-02,False
ALT-CSE-02-02120,CSE-02,MEDIUM,2024-12-24T12:02:19,2024-12-24T12:06:48.129873,2024-12-24T13:27:53.010827,CLOSED,,CORP-FW-02,False
ALT-CSE-02-02121,CSE-02,HIGH,2024-10-10T13:26:37,2024-10-10T13:37:41.798738,2024-10-10T14:03:37.197020,CLOSED,,GRID-MONITOR-03,False
ALT-CSE-02-02122,CSE-02,MEDIUM,2024-12-15T03:33:46,2024-12-15T03:45:16.095856,2024-12-15T04:32:57.199323,CLOSED,,ENERGY-EMS-SRV,False
ALT-CSE-02-02123,CSE-02,LOW,2024-11-27T10:52:27,2024-11-27T10:55:11.300176,2024-11-27T11:20:56.186673,CLOSED,,CORP-FW-02,False
ALT-CSE-02-02124,CSE-02,HIGH,2024-12-10T13:22:47,2024-12-10T13:40:07.583305,2024-12-10T14:28:07.244876,CLOSED,,ENERGY-EMS-SRV,False
ALT-CSE-02-02125,CSE-02,MEDIUM,2024-11-14T00:41:28,2024-11-14T00:50:26.695062,2024-11-14T01:50:21.307804,CLOSED,,ENERGY-EMS-SRV,False
ALT-CSE-02-02126,CSE-02,MEDIUM,2024-10-28T08:27:59,2024-10-28T08:40:31.019905,2024-10-28T09:00:28.001824,CLOSED,,ENERGY-EMS-SRV,False
ALT-CSE-02-02127,CSE-02,MEDIUM,2024-11-19T13:22:01,2024-11-19T13:34:18.877293,2024-11-19T14:29:33.187606,CLOSED,,ENERGY-EMS-SRV,False
ALT-CSE-02-02128,CSE-02,CRITICAL,2024-12-29T01:48:48,2024-12-29T01:56:47.031068,2024-12-29T02:42:38.116909,CLOSED,,CORP-FW-02,False
ALT-CSE-02-02129,CSE-02,LOW,2024-11-03T15:47:56,2024-11-03T16:04:02.562637,2024-11-03T16:52:01.204095,CLOSED,,SUBSTATION-GW-02,False
ALT-CSE-02-02130,CSE-02,HIGH,2024-11-02T07:06:37,2024-11-02T07:17:45.967785,2024-11-02T07:36:40.431728,CLOSED,,SUBSTATION-GW-02,False
ALT-CSE-02-02131,CSE-02,MEDIUM,2024-11-13T08:44:20,2024-11-13T08:54:13.730432,2024-11-13T09:30:45.968004,CLOSED,,GRID-MONITOR-03,False
ALT-CSE-02-02132,CSE-02,MEDIUM,2024-11-17T21:08:47,2024-11-17T21:15:40.230149,2024-11-17T22:11:07.253271,CLOSED,,ENERGY-EMS-SRV,False
ALT-CSE-02-02133,CSE-02,LOW,2024-10-12T09:43:46,2024-10-12T09:48:02.286311,2024-10-12T10:42:11.826137,CLOSED,,ENERGY-EMS-SRV,False
ALT-CSE-02-02134,CSE-02,MEDIUM,2024-12-18T20:38:31,2024-12-18T20:55:07.333973,2024-12-18T21:34:52.857246,CLOSED,,SCADA-RTU-01,False
ALT-CSE-02-02135,CSE-02,CRITICAL,2024-10-07T00:45:35,2024-10-07T01:00:22.550432,2024-10-07T02:07:24.246758,CLOSED,,CORP-FW-02,False
ALT-CSE-02-02136,CSE-02,LOW,2024-11-23T03:34:44,2024-11-23T03:51:42.698013,2024-11-23T04:36:43.843472,CLOSED,,GRID-MONITOR-03,False
ALT-CSE-02-02137,CSE-02,LOW,2024-12-29T12:28:09,2024-12-29T12:43:06.198036,2024-12-29T13:51:10.184722,CLOSED,,SUBSTATION-GW-02,False
ALT-CSE-02-02138,CSE-02,CRITICAL,2024-11-24T17:22:33,2024-11-24T17:30:41.192666,2024-11-24T18:14:57.916730,CLOSED,,SCADA-RTU-01,False
ALT-CSE-02-02139,CSE-02,CRITICAL,2024-11-05T08:12:48,2024-11-05T08:25:21.013233,2024-11-05T09:00:07.673691,CLOSED,CAS-CSE-02-0090,GRID-MONITOR-03,True
ALT-CSE-02-02140,CSE-02,HIGH,2024-11-30T14:10:38,2024-11-30T14:25:50.976562,2024-11-30T14:36:59.204168,CLOSED,,SUBSTATION-GW-02,False
ALT-CSE-02-02141,CSE-02,LOW,2024-10-15T20:37:01,2024-10-15T20:47:51.084593,2024-10-15T21:46:11.205930,CLOSED,,SUBSTATION-GW-02,False
ALT-CSE-02-02142,CSE-02,LOW,2024-10-28T11:30:00,2024-10-28T11:46:42.398717,2024-10-28T12:56:38.898890,CLOSED,,SUBSTATION-GW-02,False
ALT-CSE-02-02143,CSE-02,HIGH,2024-11-18T04:46:50,2024-11-18T05:05:08.914215,2024-11-18T05:53:14.181042,CLOSED,,ENERGY-EMS-SRV,False
ALT-CSE-02-02144,CSE-02,HIGH,2024-11-05T09:25:58,2024-11-05T09:34:01.301184,2024-11-05T10:06:36.572587,CLOSED,,ENERGY-EMS-SRV,False
ALT-CSE-02-02145,CSE-02,MEDIUM,2024-11-02T15:25:49,2024-11-02T15:43:47.748586,2024-11-02T16:14:26.769071,CLOSED,,SUBSTATION-GW-02,False
ALT-CSE-02-02146,CSE-02,LOW,2024-11-11T03:54:16,2024-11-11T04:14:07.470942,2024-11-11T05:21:25.614623,CLOSED,,SUBSTATION-GW-02,False
ALT-CSE-02-02147,CSE-02,HIGH,2024-12-03T21:18:51,2024-12-03T21:29:33.346704,2024-12-03T22:46:56.105103,CLOSED,,GRID-MONITOR-03,False
ALT-CSE-02-02148,CSE-02,MEDIUM,2024-11-24T10:02:16,2024-11-24T10:19:02.001960,2024-11-24T11:07:05.769676,CLOSED,,ENERGY-EMS-SRV,False
ALT-CSE-02-02149,CSE-02,LOW,2024-12-12T05:13:18,2024-12-12T05:25:44.971510,2024-12-12T05:40:14.880245,CLOSED,,SCADA-RTU-01,False
ALT-CSE-02-02150,CSE-02,HIGH,2024-10-08T17:08:59,2024-10-08T17:19:30.541302,2024-10-08T17:58:04.171494,CLOSED,,GRID-MONITOR-03,False
ALT-CSE-02-02151,CSE-02,MEDIUM,2024-12-14T08:48:47,2024-12-14T08:53:38.369620,2024-12-14T09:54:27.414203,CLOSED,,CORP-FW-02,False
ALT-CSE-02-02152,CSE-02,HIGH,2024-11-07T23:01:26,2024-11-07T23:13:26.467050,2024-11-08T00:24:05.950979,CLOSED,,CORP-FW-02,False
ALT-CSE-02-02153,CSE-02,MEDIUM,2024-10-24T13:13:43,2024-10-24T13:31:22.967696,2024-10-24T14:22:09.095672,CLOSED,,CORP-FW-02,False
ALT-CSE-02-02154,CSE-02,MEDIUM,2024-12-25T18:21:42,2024-12-25T18:33:01.065573,2024-12-25T19:19:36.107375,CLOSED,,SCADA-RTU-01,False
ALT-CSE-02-02155,CSE-02,LOW,2024-10-04T05:51:19,2024-10-04T05:59:57.038142,2024-10-04T07:07:40.215595,CLOSED,,CORP-FW-02,False
ALT-CSE-02-02156,CSE-02,CRITICAL,2024-10-11T11:43:15,2024-10-11T11:51:53.977975,2024-10-11T12:21:32.976032,CLOSED,CAS-CSE-02-0091,SCADA-RTU-01,False
ALT-CSE-02-02157,CSE-02,MEDIUM,2024-10-19T10:24:16,2024-10-19T10:38:36.850214,2024-10-19T11:36:56.914123,CLOSED,,CORP-FW-02,False
ALT-CSE-02-02158,CSE-02,HIGH,2024-11-18T12:33:30,2024-11-18T12:46:04.430355,2024-11-18T13:10:31.269786,CLOSED,CAS-CSE-02-0092,CORP-FW-02,False
ALT-CSE-02-02159,CSE-02,MEDIUM,2024-11-13T10:51:29,2024-11-13T11:02:49.260765,2024-11-13T12:17:49.184226,CLOSED,,SCADA-RTU-01,False
ALT-CSE-02-02160,CSE-02,MEDIUM,2024-11-29T16:54:35,2024-11-29T17:00:23.155451,2024-11-29T17:38:53.901371,CLOSED,,GRID-MONITOR-03,False
ALT-CSE-02-02161,CSE-02,MEDIUM,2024-12-13T01:53:46,2024-12-13T02:09:22.394690,2024-12-13T03:09:00.406833,CLOSED,,SUBSTATION-GW-02,False
ALT-CSE-02-02162,CSE-02,MEDIUM,2024-10-27T12:03:50,2024-10-27T12:21:41.132309,2024-10-27T13:21:07.100541,CLOSED,,CORP-FW-02,False
ALT-CSE-02-02163,CSE-02,HIGH,2024-11-19T18:13:11,2024-11-19T18:27:46.308252,2024-11-19T18:50:14.817364,CLOSED,,GRID-MONITOR-03,False
ALT-CSE-02-02164,CSE-02,HIGH,2024-11-16T16:11:34,2024-11-16T16:18:34.341603,2024-11-16T17:23:52.929821,CLOSED,,ENERGY-EMS-SRV,False
ALT-CSE-02-02165,CSE-02,LOW,2024-10-26T00:23:05,2024-10-26T00:33:25.148031,2024-10-26T01:24:24.340392,CLOSED,,SUBSTATION-GW-02,False
ALT-CSE-02-02166,CSE-02,MEDIUM,2024-11-28T04:24:09,2024-11-28T04:40:55.065437,2024-11-28T05:15:34.213803,CLOSED,,ENERGY-EMS-SRV,False
ALT-CSE-02-02167,CSE-02,MEDIUM,2024-12-06T07:44:12,2024-12-06T07:58:40.501082,2024-12-06T08:40:02.048864,CLOSED,,ENERGY-EMS-SRV,False
ALT-CSE-02-02168,CSE-02,HIGH,2024-11-24T23:59:24,2024-11-25T00:04:26.265914,2024-11-25T00:49:37.864425,CLOSED,,SCADA-RTU-01,False
ALT-CSE-02-02169,CSE-02,HIGH,2024-10-25T23:25:17,2024-10-25T23:34:11.743989,2024-10-26T00:29:55.453756,CLOSED,,CORP-FW-02,False
ALT-CSE-02-02170,CSE-02,MEDIUM,2024-11-02T12:30:43,2024-11-02T12:37:12.267090,2024-11-02T13:48:23.457241,CLOSED,,GRID-MONITOR-03,False
ALT-CSE-02-02171,CSE-02,HIGH,2024-12-03T10:59:07,2024-12-03T11:03:42.706548,2024-12-03T12:04:05.695107,CLOSED,CAS-CSE-02-0093,CORP-FW-02,True
ALT-CSE-02-02172,CSE-02,MEDIUM,2024-12-22T05:23:52,2024-12-22T05:35:51.960865,2024-12-22T06:25:36.850363,CLOSED,,CORP-FW-02,False
ALT-CSE-02-02173,CSE-02,HIGH,2024-11-10T14:42:30,2024-11-10T14:56:31.085680,2024-11-10T16:00:00.502053,CLOSED,,SCADA-RTU-01,False
ALT-CSE-02-02174,CSE-02,MEDIUM,2024-11-22T05:06:19,2024-11-22T05:11:35.626645,2024-11-22T05:40:21.510271,CLOSED,,SUBSTATION-GW-02,False
ALT-CSE-02-02175,CSE-02,HIGH,2024-12-14T23:08:56,2024-12-14T23:22:37.920575,2024-12-15T00:37:17.616109,CLOSED,,ENERGY-EMS-SRV,False
ALT-CSE-02-02176,CSE-02,HIGH,2024-11-17T15:17:11,2024-11-17T15:21:39.360573,2024-11-17T16:40:53.932047,CLOSED,,SUBSTATION-GW-02,False
ALT-CSE-02-02177,CSE-02,HIGH,2024-12-08T15:26:07,2024-12-08T15:38:09.636923,2024-12-08T16:08:39.381530,CLOSED,,SCADA-RTU-01,False
ALT-CSE-02-02178,CSE-02,HIGH,2024-11-10T03:55:46,2024-11-10T04:06:37.294997,2024-11-10T04:40:19.126425,CLOSED,,CORP-FW-02,False
ALT-CSE-02-02179,CSE-02,LOW,2024-11-18T03:14:00,2024-11-18T03:25:01.558505,2024-11-18T03:42:20.685273,CLOSED,,ENERGY-EMS-SRV,False
ALT-CSE-02-02180,CSE-02,HIGH,2024-11-07T09:12:47,2024-11-07T09:27:08.404965,2024-11-07T10:37:09.117740,CLOSED,,GRID-MONITOR-03,False
ALT-CSE-02-02181,CSE-02,MEDIUM,2024-12-03T06:37:55,2024-12-03T06:54:40.001642,2024-12-03T08:02:27.615894,CLOSED,,GRID-MONITOR-03,False
ALT-CSE-02-02182,CSE-02,MEDIUM,2024-11-24T12:40:30,2024-11-24T12:54:41.161482,2024-11-24T13:09:01.035759,CLOSED,,SCADA-RTU-01,False
ALT-CSE-02-02183,CSE-02,LOW,2024-10-13T19:02:02,2024-10-13T19:20:31.889118,2024-10-13T20:08:27.085273,CLOSED,,GRID-MONITOR-03,False
ALT-CSE-02-02184,CSE-02,HIGH,2024-10-25T19:14:15,2024-10-25T19:33:10.890282,2024-10-25T19:56:24.473863,CLOSED,,SUBSTATION-GW-02,False
ALT-CSE-02-02185,CSE-02,CRITICAL,2024-10-04T12:52:01,2024-10-04T13:00:38.056655,2024-10-04T13:23:59.746539,CLOSED,,ENERGY-EMS-SRV,False
ALT-CSE-02-02186,CSE-02,CRITICAL,2024-10-25T09:35:44,2024-10-25T09:52:07.607010,2024-10-25T10:12:16.529221,CLOSED,CAS-CSE-02-0094,CORP-FW-02,True
ALT-CSE-02-02187,CSE-02,HIGH,2024-10-25T06:40:55,2024-10-25T06:51:07.386142,2024-10-25T07:12:24.032773,CLOSED,,SCADA-RTU-01,False
ALT-CSE-02-02188,CSE-02,HIGH,2024-10-09T00:59:21,2024-10-09T01:12:43.097950,2024-10-09T01:30:22.484269,CLOSED,,ENERGY-EMS-SRV,False
ALT-CSE-02-02189,CSE-02,MEDIUM,2024-12-03T19:50:47,2024-12-03T19:53:10.438246,2024-12-03T20:37:54.292551,CLOSED,,SCADA-RTU-01,False
ALT-CSE-02-02190,CSE-02,HIGH,2024-10-31T17:43:43,2024-10-31T18:01:32.454000,2024-10-31T18:44:17.587559,CLOSED,,SCADA-RTU-01,False
ALT-CSE-02-02191,CSE-02,MEDIUM,2024-10-19T04:59:34,2024-10-19T05:17:59.436386,2024-10-19T06:18:42.527102,CLOSED,,CORP-FW-02,False
ALT-CSE-02-02192,CSE-02,LOW,2024-11-16T04:40:43,2024-11-16T04:58:53.966203,2024-11-16T05:32:24.950743,CLOSED,,SUBSTATION-GW-02,False
ALT-CSE-02-02193,CSE-02,LOW,2024-12-05T04:59:01,2024-12-05T05:11:39.327366,2024-12-05T06:10:35.991495,CLOSED,,SUBSTATION-GW-02,False
ALT-CSE-02-02194,CSE-02,HIGH,2024-11-23T04:51:22,2024-11-23T04:55:05.451638,2024-11-23T05:42:30.625761,CLOSED,,CORP-FW-02,False
ALT-CSE-02-02195,CSE-02,MEDIUM,2024-10-08T12:24:08,2024-10-08T12:39:23.612847,2024-10-08T13:21:03.155634,CLOSED,,SUBSTATION-GW-02,False
ALT-CSE-02-02196,CSE-02,CRITICAL,2024-10-08T21:57:32,2024-10-08T22:09:03.044436,2024-10-08T22:45:15.329749,CLOSED,,ENERGY-EMS-SRV,False
ALT-CSE-02-02197,CSE-02,MEDIUM,2024-12-14T10:21:33,2024-12-14T10:30:51.943532,2024-12-14T11:26:43.724882,CLOSED,CAS-CSE-02-0095,SCADA-RTU-01,False
ALT-CSE-02-02198,CSE-02,MEDIUM,2024-11-04T02:41:53,2024-11-04T02:54:58.735046,2024-11-04T03:34:46.936494,CLOSED,,ENERGY-EMS-SRV,False
ALT-CSE-02-02199,CSE-02,HIGH,2024-12-27T17:27:40,2024-12-27T17:47:18.520949,2024-12-27T18:46:04.361165,CLOSED,,SCADA-RTU-01,False
ALT-CSE-02-02200,CSE-02,MEDIUM,2024-11-16T12:27:54,2024-11-16T12:43:04.099121,2024-11-16T13:41:07.847060,CLOSED,,SUBSTATION-GW-02,False
ALT-CSE-02-02201,CSE-02,CRITICAL,2024-10-08T10:58:54,2024-10-08T11:01:05.706680,2024-10-08T12:12:43.565395,CLOSED,,SUBSTATION-GW-02,False
ALT-CSE-02-02202,CSE-02,CRITICAL,2024-11-23T09:01:58,2024-11-23T09:14:32.687899,2024-11-23T09:45:39.252776,CLOSED,,SUBSTATION-GW-02,False
ALT-CSE-02-02203,CSE-02,LOW,2024-10-11T16:51:25,2024-10-11T16:58:30.117532,2024-10-11T17:45:28.344191,CLOSED,,SUBSTATION-GW-02,False
ALT-CSE-02-02204,CSE-02,CRITICAL,2024-10-24T20:49:24,2024-10-24T20:52:53.299372,2024-10-24T21:22:36.409935,CLOSED,,SCADA-RTU-01,False
ALT-CSE-02-02205,CSE-02,CRITICAL,2024-11-11T06:17:13,2024-11-11T06:26:37.132223,2024-11-11T07:08:05.759443,CLOSED,CAS-CSE-02-0096,SCADA-RTU-01,False
ALT-CSE-02-02206,CSE-02,LOW,2024-11-04T13:04:50,2024-11-04T13:12:56.932788,2024-11-04T13:31:16.465568,CLOSED,,ENERGY-EMS-SRV,False
ALT-CSE-02-02207,CSE-02,HIGH,2024-11-02T05:02:58,2024-11-02T05:11:03.441873,2024-11-02T05:55:19.846941,CLOSED,,SCADA-RTU-01,False
ALT-CSE-02-02208,CSE-02,MEDIUM,2024-11-09T08:08:37,2024-11-09T08:21:56.381211,2024-11-09T09:04:21.970390,CLOSED,,GRID-MONITOR-03,False
ALT-CSE-02-02209,CSE-02,MEDIUM,2024-10-11T22:41:26,2024-10-11T22:43:34.333602,2024-10-12T00:04:14.111448,CLOSED,,GRID-MONITOR-03,False
ALT-CSE-02-02210,CSE-02,MEDIUM,2024-10-05T01:05:47,2024-10-05T01:15:27.367220,2024-10-05T01:30:57.687445,CLOSED,,SCADA-RTU-01,False
ALT-CSE-02-02211,CSE-02,MEDIUM,2024-10-18T06:22:32,2024-10-18T06:26:01.887420,2024-10-18T07:21:29.945126,CLOSED,,GRID-MONITOR-03,False
ALT-CSE-02-02212,CSE-02,LOW,2024-11-28T03:22:15,2024-11-28T03:27:53.818188,2024-11-28T03:58:57.890196,CLOSED,,SUBSTATION-GW-02,False
ALT-CSE-02-02213,CSE-02,MEDIUM,2024-10-23T07:05:28,2024-10-23T07:21:09.059942,2024-10-23T08:30:12.269119,CLOSED,CAS-CSE-02-0097,CORP-FW-02,False
ALT-CSE-02-02214,CSE-02,HIGH,2024-11-26T13:55:58,2024-11-26T14:10:34.931926,2024-11-26T15:23:54.439013,CLOSED,,GRID-MONITOR-03,False
ALT-CSE-02-02215,CSE-02,HIGH,2024-12-19T09:22:40,2024-12-19T09:25:40.550248,2024-12-19T10:16:25.208313,CLOSED,,SUBSTATION-GW-02,False
ALT-CSE-02-02216,CSE-02,LOW,2024-12-08T13:42:49,2024-12-08T13:54:19.254040,2024-12-08T14:09:54.062121,CLOSED,,GRID-MONITOR-03,False
ALT-CSE-02-02217,CSE-02,MEDIUM,2024-11-10T00:38:48,2024-11-10T00:54:17.866269,2024-11-10T01:54:46.073098,CLOSED,,ENERGY-EMS-SRV,False
ALT-CSE-02-02218,CSE-02,MEDIUM,2024-11-25T16:26:17,2024-11-25T16:28:43.513814,2024-11-25T17:38:07.902120,CLOSED,,SCADA-RTU-01,False
ALT-CSE-02-02219,CSE-02,HIGH,2024-10-30T14:11:32,2024-10-30T14:23:19.922906,2024-10-30T14:38:39.830890,CLOSED,,SCADA-RTU-01,False
ALT-CSE-02-02220,CSE-02,MEDIUM,2024-10-19T11:34:26,2024-10-19T11:41:33.187844,2024-10-19T12:49:47.288666,CLOSED,,SUBSTATION-GW-02,False
ALT-CSE-02-02221,CSE-02,LOW,2024-10-20T17:13:01,2024-10-20T17:28:46.069194,2024-10-20T17:38:26.401434,CLOSED,,ENERGY-EMS-SRV,False
ALT-CSE-02-02222,CSE-02,MEDIUM,2024-10-19T18:54:20,2024-10-19T19:04:42.699230,2024-10-19T20:15:54.990152,CLOSED,CAS-CSE-02-0098,SCADA-RTU-01,False
ALT-CSE-02-02223,CSE-02,HIGH,2024-10-26T14:06:31,2024-10-26T14:12:42.950228,2024-10-26T15:31:54.396969,CLOSED,,SUBSTATION-GW-02,False
ALT-CSE-02-02224,CSE-02,CRITICAL,2024-11-14T21:31:17,2024-11-14T21:33:28.581919,2024-11-14T22:59:06.961964,CLOSED,,SCADA-RTU-01,False
ALT-CSE-02-02225,CSE-02,CRITICAL,2024-10-18T20:36:08,2024-10-18T20:44:16.289756,2024-10-18T21:46:38.277040,CLOSED,,CORP-FW-02,False
ALT-CSE-02-02226,CSE-02,LOW,2024-12-21T00:55:54,2024-12-21T01:12:23.392615,2024-12-21T02:16:58.172749,CLOSED,,CORP-FW-02,False
ALT-CSE-02-02227,CSE-02,MEDIUM,2024-10-09T23:37:16,2024-10-09T23:47:21.007264,2024-10-10T00:56:54.213737,CLOSED,,GRID-MONITOR-03,False
ALT-CSE-02-02228,CSE-02,MEDIUM,2024-11-14T01:55:39,2024-11-14T02:04:27.878471,2024-11-14T02:49:32.354336,CLOSED,,CORP-FW-02,False
ALT-CSE-02-02229,CSE-02,CRITICAL,2024-12-11T19:09:08,2024-12-11T19:15:23.695052,2024-12-11T20:18:56.746564,CLOSED,,SCADA-RTU-01,False
ALT-CSE-02-02230,CSE-02,MEDIUM,2024-10-07T17:13:22,2024-10-07T17:33:01.514262,2024-10-07T18:22:55.961867,CLOSED,,CORP-FW-02,False
ALT-CSE-02-02231,CSE-02,CRITICAL,2024-11-06T17:47:30,2024-11-06T18:00:25.101663,2024-11-06T18:48:07.965288,CLOSED,,SCADA-RTU-01,False
ALT-CSE-02-02232,CSE-02,HIGH,2024-10-21T13:43:17,2024-10-21T14:03:11.627572,2024-10-21T14:32:42.592311,CLOSED,,SCADA-RTU-01,False
ALT-CSE-02-02233,CSE-02,MEDIUM,2024-12-09T06:18:50,2024-12-09T06:35:31.951115,2024-12-09T07:30:48.462537,CLOSED,,ENERGY-EMS-SRV,False
ALT-CSE-02-02234,CSE-02,MEDIUM,2024-12-17T19:28:30,2024-12-17T19:41:49.838882,2024-12-17T20:53:49.498023,CLOSED,,SUBSTATION-GW-02,False
ALT-CSE-02-02235,CSE-02,LOW,2024-11-02T10:23:25,2024-11-02T10:35:41.608590,2024-11-02T11:48:57.443292,CLOSED,,SCADA-RTU-01,False
ALT-CSE-02-02236,CSE-02,MEDIUM,2024-12-22T18:27:00,2024-12-22T18:45:55.736740,2024-12-22T19:16:50.570476,CLOSED,,CORP-FW-02,False
ALT-CSE-02-02237,CSE-02,HIGH,2024-10-18T11:15:33,2024-10-18T11:33:11.896352,2024-10-18T12:11:01.998041,CLOSED,,ENERGY-EMS-SRV,False
ALT-CSE-02-02238,CSE-02,HIGH,2024-12-03T08:33:30,2024-12-03T08:52:27.135362,2024-12-03T09:10:20.922423,CLOSED,,SUBSTATION-GW-02,False
ALT-CSE-02-02239,CSE-02,HIGH,2024-12-13T19:07:51,2024-12-13T19:12:09.964042,2024-12-13T20:33:27.055836,CLOSED,,GRID-MONITOR-03,False
ALT-CSE-02-02240,CSE-02,MEDIUM,2024-12-19T12:36:01,2024-12-19T12:55:17.213354,2024-12-19T13:08:53.996112,CLOSED,,SCADA-RTU-01,False
ALT-CSE-02-02241,CSE-02,MEDIUM,2024-10-03T13:29:31,2024-10-03T13:49:20.048071,2024-10-03T14:52:06.989512,CLOSED,,GRID-MONITOR-03,False
ALT-CSE-02-02242,CSE-02,LOW,2024-11-27T01:17:19,2024-11-27T01:31:00.301310,2024-11-27T02:20:38.312347,CLOSED,,SCADA-RTU-01,False
ALT-CSE-02-02243,CSE-02,LOW,2024-10-07T12:41:16,2024-10-07T12:55:01.974947,2024-10-07T13:09:26.938685,CLOSED,,SUBSTATION-GW-02,False
ALT-CSE-02-02244,CSE-02,HIGH,2024-11-09T10:33:09,2024-11-09T10:47:09.113529,2024-11-09T11:32:25.788498,CLOSED,,CORP-FW-02,False
ALT-CSE-02-02245,CSE-02,HIGH,2024-12-19T22:22:58,2024-12-19T22:33:48.223299,2024-12-19T23:20:11.479370,CLOSED,,ENERGY-EMS-SRV,False
ALT-CSE-02-02246,CSE-02,MEDIUM,2024-11-15T01:32:17,2024-11-15T01:36:41.862193,2024-11-15T02:22:21.218982,CLOSED,,SCADA-RTU-01,False
ALT-CSE-02-02247,CSE-02,CRITICAL,2024-11-02T14:35:27,2024-11-02T14:45:07.946650,2024-11-02T15:43:05.547936,CLOSED,,GRID-MONITOR-03,False
ALT-CSE-02-02248,CSE-02,HIGH,2024-10-03T17:38:38,2024-10-03T17:57:59.271717,2024-10-03T18:32:51.432756,CLOSED,,CORP-FW-02,False
ALT-CSE-02-02249,CSE-02,HIGH,2024-12-07T12:18:56,2024-12-07T12:35:18.009451,2024-12-07T13:28:30.802080,CLOSED,,SUBSTATION-GW-02,False
ALT-CSE-02-02250,CSE-02,CRITICAL,2024-11-04T09:06:55,2024-11-04T09:24:29.546352,2024-11-04T10:30:31.157166,CLOSED,,SUBSTATION-GW-02,False
ALT-CSE-02-02251,CSE-02,HIGH,2024-10-24T07:36:32,2024-10-24T07:53:55.921433,2024-10-24T08:48:56.398369,CLOSED,,GRID-MONITOR-03,False
ALT-CSE-02-02252,CSE-02,MEDIUM,2024-12-10T22:26:15,2024-12-10T22:37:48.098576,2024-12-10T23:34:48.854337,CLOSED,,SCADA-RTU-01,False
ALT-CSE-02-02253,CSE-02,CRITICAL,2024-11-04T15:41:39,2024-11-04T15:45:33.307901,2024-11-04T16:37:00.204802,CLOSED,,CORP-FW-02,False
ALT-CSE-02-02254,CSE-02,HIGH,2024-11-15T21:53:55,2024-11-15T21:59:19.267662,2024-11-15T22:54:06.225571,CLOSED,,SCADA-RTU-01,False
ALT-CSE-02-02255,CSE-02,HIGH,2024-11-18T05:14:57,2024-11-18T05:21:40.111468,2024-11-18T06:09:09.170966,CLOSED,,GRID-MONITOR-03,False
ALT-CSE-02-02256,CSE-02,HIGH,2024-10-24T04:20:47,2024-10-24T04:29:30.721181,2024-10-24T05:49:48.127908,CLOSED,,ENERGY-EMS-SRV,False
ALT-CSE-02-02257,CSE-02,MEDIUM,2024-10-30T19:07:01,2024-10-30T19:12:54.452965,2024-10-30T19:47:18.266626,CLOSED,,CORP-FW-02,False
ALT-CSE-02-02258,CSE-02,MEDIUM,2024-12-12T23:38:53,2024-12-12T23:43:07.131400,2024-12-13T00:26:40.604965,CLOSED,,SCADA-RTU-01,False
ALT-CSE-02-02259,CSE-02,MEDIUM,2024-10-06T23:29:47,2024-10-06T23:44:19.790545,2024-10-07T00:52:46.029229,CLOSED,,CORP-FW-02,False
ALT-CSE-02-02260,CSE-02,CRITICAL,2024-11-07T01:00:52,2024-11-07T01:17:26.644409,2024-11-07T01:33:08.550109,CLOSED,,GRID-MONITOR-03,False
ALT-CSE-02-02261,CSE-02,LOW,2024-11-25T20:18:13,2024-11-25T20:23:37.281010,2024-11-25T21:07:14.287594,CLOSED,,SUBSTATION-GW-02,False
ALT-CSE-02-02262,CSE-02,MEDIUM,2024-10-24T19:37:37,2024-10-24T19:53:22.827905,2024-10-24T20:33:42.721687,CLOSED,,ENERGY-EMS-SRV,False
ALT-CSE-02-02263,CSE-02,MEDIUM,2024-11-21T11:51:00,2024-11-21T11:55:23.213060,2024-11-21T13:07:51.585259,CLOSED,,GRID-MONITOR-03,False
ALT-CSE-02-02264,CSE-02,HIGH,2024-10-23T20:34:20,2024-10-23T20:42:15.777960,2024-10-23T21:20:52.783004,CLOSED,,SUBSTATION-GW-02,False
ALT-CSE-02-02265,CSE-02,CRITICAL,2024-11-28T01:57:37,2024-11-28T02:11:46.579734,2024-11-28T03:13:01.652950,CLOSED,,ENERGY-EMS-SRV,False
ALT-CSE-02-02266,CSE-02,HIGH,2024-10-13T00:41:05,2024-10-13T00:45:07.835288,2024-10-13T01:42:23.269050,CLOSED,,CORP-FW-02,False
ALT-CSE-02-02267,CSE-02,CRITICAL,2024-12-12T10:19:33,2024-12-12T10:28:10.861017,2024-12-12T11:13:56.024792,CLOSED,,SUBSTATION-GW-02,False
ALT-CSE-02-02268,CSE-02,LOW,2024-10-14T08:16:11,2024-10-14T08:28:36.329863,2024-10-14T08:46:33.545846,CLOSED,,CORP-FW-02,False
ALT-CSE-02-02269,CSE-02,HIGH,2024-12-27T22:21:12,2024-12-27T22:39:59.317956,2024-12-27T23:37:45.541584,CLOSED,,ENERGY-EMS-SRV,False
ALT-CSE-02-02270,CSE-02,MEDIUM,2024-12-18T18:02:15,2024-12-18T18:19:26.512283,2024-12-18T18:51:31.734511,CLOSED,,SCADA-RTU-01,False
ALT-CSE-02-02271,CSE-02,HIGH,2024-11-16T19:58:11,2024-11-16T20:12:39.141069,2024-11-16T20:55:21.299748,CLOSED,,CORP-FW-02,False
ALT-CSE-02-02272,CSE-02,CRITICAL,2024-10-30T04:34:41,2024-10-30T04:40:21.147203,2024-10-30T05:59:08.050391,CLOSED,,SUBSTATION-GW-02,False
ALT-CSE-02-02273,CSE-02,HIGH,2024-10-31T23:56:27,2024-11-01T00:02:09.907512,2024-11-01T00:37:32.776803,CLOSED,,SCADA-RTU-01,False
ALT-CSE-02-02274,CSE-02,CRITICAL,2024-11-02T01:56:49,2024-11-02T02:07:43.549998,2024-11-02T02:23:52.464632,CLOSED,,GRID-MONITOR-03,False
ALT-CSE-02-02275,CSE-02,CRITICAL,2024-11-30T02:08:36,2024-11-30T02:15:29.407819,2024-11-30T02:35:51.093810,CLOSED,,GRID-MONITOR-03,False
ALT-CSE-02-02276,CSE-02,MEDIUM,2024-12-22T23:27:46,2024-12-22T23:36:29.012656,2024-12-23T00:34:36.243070,CLOSED,,SUBSTATION-GW-02,False
ALT-CSE-02-02277,CSE-02,LOW,2024-10-25T21:52:46,2024-10-25T21:58:18.845470,2024-10-25T22:55:14.809829,CLOSED,,GRID-MONITOR-03,False
ALT-CSE-02-02278,CSE-02,LOW,2024-12-16T19:08:37,2024-12-16T19:18:54.460830,2024-12-16T19:33:55.579006,CLOSED,,ENERGY-EMS-SRV,False
ALT-CSE-02-02279,CSE-02,HIGH,2024-11-08T19:27:06,2024-11-08T19:39:24.440458,2024-11-08T20:09:47.876810,CLOSED,,CORP-FW-02,False
ALT-CSE-02-02280,CSE-02,MEDIUM,2024-10-27T11:10:17,2024-10-27T11:17:04.304262,2024-10-27T11:42:11.004998,CLOSED,,SCADA-RTU-01,False
ALT-CSE-02-02281,CSE-02,CRITICAL,2024-10-15T03:59:15,2024-10-15T04:16:41.756055,2024-10-15T05:14:55.135073,CLOSED,,ENERGY-EMS-SRV,False
ALT-CSE-02-02282,CSE-02,MEDIUM,2024-11-03T20:46:51,2024-11-03T20:53:51.677515,2024-11-03T21:49:50.691571,CLOSED,,SCADA-RTU-01,False
ALT-CSE-02-02283,CSE-02,CRITICAL,2024-11-20T22:20:24,2024-11-20T22:36:47.671993,2024-11-20T23:18:13.226830,CLOSED,,CORP-FW-02,False
ALT-CSE-02-02284,CSE-02,HIGH,2024-12-26T18:21:23,2024-12-26T18:40:16.110454,2024-12-26T19:28:04.854754,CLOSED,,SUBSTATION-GW-02,False
ALT-CSE-02-02285,CSE-02,MEDIUM,2024-12-23T18:08:34,2024-12-23T18:21:51.868547,2024-12-23T18:49:31.137726,CLOSED,,ENERGY-EMS-SRV,False
ALT-CSE-02-02286,CSE-02,HIGH,2024-10-30T18:37:50,2024-10-30T18:54:10.300564,2024-10-30T20:00:32.181897,CLOSED,,SCADA-RTU-01,False
ALT-CSE-02-02287,CSE-02,HIGH,2024-11-18T11:52:59,2024-11-18T11:55:39.590420,2024-11-18T12:30:14.743424,CLOSED,,GRID-MONITOR-03,False
ALT-CSE-02-02288,CSE-02,CRITICAL,2024-10-09T23:33:38,2024-10-09T23:51:18.301429,2024-10-10T00:53:02.752743,CLOSED,,SUBSTATION-GW-02,False
ALT-CSE-02-02289,CSE-02,HIGH,2024-10-30T07:26:59,2024-10-30T07:43:57.743344,2024-10-30T08:13:42.859858,CLOSED,,GRID-MONITOR-03,False
ALT-CSE-02-02290,CSE-02,LOW,2024-10-01T07:33:53,2024-10-01T07:52:17.995238,2024-10-01T09:01:22.901189,CLOSED,,ENERGY-EMS-SRV,False
ALT-CSE-02-02291,CSE-02,MEDIUM,2024-12-16T23:55:57,2024-12-17T00:04:57.537084,2024-12-17T01:07:02.861258,CLOSED,,SUBSTATION-GW-02,False
ALT-CSE-02-02292,CSE-02,MEDIUM,2024-10-01T09:14:29,2024-10-01T09:25:18.406743,2024-10-01T10:35:23.376234,CLOSED,,SUBSTATION-GW-02,False
ALT-CSE-02-02293,CSE-02,MEDIUM,2024-10-23T05:46:51,2024-10-23T05:53:49.290423,2024-10-23T06:36:44.797083,CLOSED,,CORP-FW-02,False
ALT-CSE-02-02294,CSE-02,LOW,2024-12-20T21:29:49,2024-12-20T21:48:29.277192,2024-12-20T22:25:30.909263,CLOSED,,SCADA-RTU-01,False
ALT-CSE-02-02295,CSE-02,HIGH,2024-12-17T07:03:43,2024-12-17T07:19:57.722431,2024-12-17T08:28:55.717469,CLOSED,,SCADA-RTU-01,False
ALT-CSE-02-02296,CSE-02,CRITICAL,2024-11-26T03:02:49,2024-11-26T03:22:43.829662,2024-11-26T03:51:03.134478,CLOSED,,ENERGY-EMS-SRV,False
ALT-CSE-02-02297,CSE-02,CRITICAL,2024-10-26T05:16:52,2024-10-26T05:30:14.999408,2024-10-26T06:29:50.743249,CLOSED,,SCADA-RTU-01,False
ALT-CSE-02-02298,CSE-02,LOW,2024-10-17T01:32:41,2024-10-17T01:39:55.350398,2024-10-17T02:04:37.106839,CLOSED,,SCADA-RTU-01,False
ALT-CSE-02-02299,CSE-02,HIGH,2024-10-05T00:56:49,2024-10-05T01:15:06.881742,2024-10-05T01:43:44.996337,CLOSED,,SCADA-RTU-01,False
ALT-CSE-02-02300,CSE-02,MEDIUM,2024-12-28T02:16:31,2024-12-28T02:24:33.638156,2024-12-28T02:49:26.201024,CLOSED,,SUBSTATION-GW-02,False
ALT-CSE-02-02301,CSE-02,HIGH,2024-11-04T22:03:37,2024-11-04T22:18:46.284786,2024-11-04T22:29:25.098842,CLOSED,,CORP-FW-02,False
ALT-CSE-02-02302,CSE-02,LOW,2024-10-07T12:54:24,2024-10-07T13:02:19.038307,2024-10-07T13:47:25.268444,CLOSED,,ENERGY-EMS-SRV,False
ALT-CSE-02-02303,CSE-02,MEDIUM,2024-11-12T15:30:52,2024-11-12T15:44:30.540774,2024-11-12T16:02:17.725237,CLOSED,,GRID-MONITOR-03,False
ALT-CSE-02-02304,CSE-02,MEDIUM,2024-11-24T22:27:19,2024-11-24T22:30:23.308054,2024-11-24T23:13:42.854055,CLOSED,,ENERGY-EMS-SRV,False
ALT-CSE-02-02305,CSE-02,MEDIUM,2024-10-17T12:33:26,2024-10-17T12:36:58.495904,2024-10-17T13:36:27.095697,CLOSED,,SCADA-RTU-01,False
ALT-CSE-02-02306,CSE-02,MEDIUM,2024-10-16T12:54:08,2024-10-16T13:06:24.063241,2024-10-16T14:18:18.904940,CLOSED,,SCADA-RTU-01,False
ALT-CSE-02-02307,CSE-02,HIGH,2024-10-28T14:20:09,2024-10-28T14:22:16.387035,2024-10-28T14:50:36.953948,CLOSED,,ENERGY-EMS-SRV,False
ALT-CSE-02-02308,CSE-02,MEDIUM,2024-11-08T12:32:40,2024-11-08T12:50:53.382937,2024-11-08T13:35:26.215510,CLOSED,,ENERGY-EMS-SRV,False
ALT-CSE-02-02309,CSE-02,LOW,2024-11-10T00:28:03,2024-11-10T00:35:50.163228,2024-11-10T00:53:25.314146,CLOSED,,SUBSTATION-GW-02,False
ALT-CSE-02-02310,CSE-02,LOW,2024-10-03T23:08:13,2024-10-03T23:12:09.718445,2024-10-03T23:52:50.686009,CLOSED,,SCADA-RTU-01,False
ALT-CSE-02-02311,CSE-02,MEDIUM,2024-11-19T03:16:20,2024-11-19T03:29:58.330288,2024-11-19T04:26:57.179460,CLOSED,,CORP-FW-02,False
ALT-CSE-02-02312,CSE-02,MEDIUM,2024-11-20T13:01:14,2024-11-20T13:10:16.284037,2024-11-20T13:49:53.549749,CLOSED,,SCADA-RTU-01,False
ALT-CSE-02-02313,CSE-02,MEDIUM,2024-10-15T06:14:41,2024-10-15T06:25:01.419206,2024-10-15T07:40:45.032808,CLOSED,,SUBSTATION-GW-02,False
ALT-CSE-02-02314,CSE-02,MEDIUM,2024-11-14T09:01:55,2024-11-14T09:19:52.868477,2024-11-14T09:48:10.100170,CLOSED,,SCADA-RTU-01,False
ALT-CSE-02-02315,CSE-02,LOW,2024-10-31T07:24:41,2024-10-31T07:43:54.119178,2024-10-31T08:34:47.009917,CLOSED,,ENERGY-EMS-SRV,False
ALT-CSE-02-02316,CSE-02,CRITICAL,2024-10-15T12:26:17,2024-10-15T12:41:13.868899,2024-10-15T13:27:40.011152,CLOSED,CAS-CSE-02-0099,SCADA-RTU-01,True
ALT-CSE-02-02317,CSE-02,MEDIUM,2024-12-25T16:46:04,2024-12-25T16:50:32.385510,2024-12-25T17:17:43.129954,CLOSED,,CORP-FW-02,False
ALT-CSE-02-02318,CSE-02,MEDIUM,2024-12-26T03:21:08,2024-12-26T03:40:29.815908,2024-12-26T04:04:58.296932,CLOSED,,SCADA-RTU-01,False
ALT-CSE-02-02319,CSE-02,MEDIUM,2024-10-15T07:49:11,2024-10-15T08:07:02.920564,2024-10-15T09:11:10.283556,CLOSED,,GRID-MONITOR-03,False
ALT-CSE-02-02320,CSE-02,CRITICAL,2024-11-08T03:54:33,2024-11-08T04:05:07.742674,2024-11-08T04:24:51.525169,CLOSED,,SUBSTATION-GW-02,False
ALT-CSE-02-02321,CSE-02,CRITICAL,2024-10-14T12:54:47,2024-10-14T13:02:25.185502,2024-10-14T14:20:42.445603,CLOSED,,ENERGY-EMS-SRV,False
ALT-CSE-02-02322,CSE-02,CRITICAL,2024-11-22T03:03:32,2024-11-22T03:13:09.824815,2024-11-22T04:20:31.382029,CLOSED,,GRID-MONITOR-03,False
ALT-CSE-02-02323,CSE-02,HIGH,2024-10-31T04:32:06,2024-10-31T04:48:00.578568,2024-10-31T05:37:20.410020,CLOSED,,CORP-FW-02,False
ALT-CSE-02-02324,CSE-02,MEDIUM,2024-11-17T21:55:21,2024-11-17T22:08:51.975055,2024-11-17T23:19:29.722021,CLOSED,,GRID-MONITOR-03,False
ALT-CSE-02-02325,CSE-02,LOW,2024-10-30T08:36:20,2024-10-30T08:39:15.953710,2024-10-30T09:36:22.414612,CLOSED,,GRID-MONITOR-03,False
ALT-CSE-02-02326,CSE-02,HIGH,2024-10-14T00:27:38,2024-10-14T00:30:59.041862,2024-10-14T01:21:48.403142,CLOSED,,ENERGY-EMS-SRV,False
ALT-CSE-02-02327,CSE-02,LOW,2024-10-06T00:36:26,2024-10-06T00:38:48.101286,2024-10-06T01:55:32.984192,CLOSED,,ENERGY-EMS-SRV,False
ALT-CSE-02-02328,CSE-02,LOW,2024-10-02T19:30:15,2024-10-02T19:44:37.956370,2024-10-02T20:48:11.064521,CLOSED,,GRID-MONITOR-03,False
ALT-CSE-02-02329,CSE-02,LOW,2024-10-15T01:02:15,2024-10-15T01:09:21.349880,2024-10-15T01:57:16.612943,CLOSED,,ENERGY-EMS-SRV,False
ALT-CSE-02-02330,CSE-02,HIGH,2024-11-11T23:14:24,2024-11-11T23:22:38.063626,2024-11-12T00:36:56.914676,CLOSED,,CORP-FW-02,False
ALT-CSE-02-02331,CSE-02,MEDIUM,2024-10-21T03:12:06,2024-10-21T03:24:47.010035,2024-10-21T04:08:39.044798,CLOSED,,SUBSTATION-GW-02,False
ALT-CSE-02-02332,CSE-02,MEDIUM,2024-10-31T23:28:11,2024-10-31T23:42:46.261324,2024-11-01T00:07:27.168736,CLOSED,,CORP-FW-02,False
ALT-CSE-02-02333,CSE-02,CRITICAL,2024-11-19T15:23:25,2024-11-19T15:35:47.682836,2024-11-19T16:47:25.559065,CLOSED,,SUBSTATION-GW-02,False
ALT-CSE-02-02334,CSE-02,MEDIUM,2024-11-14T14:31:34,2024-11-14T14:43:27.223100,2024-11-14T15:24:17.269381,CLOSED,CAS-CSE-02-0100,SCADA-RTU-01,False
ALT-CSE-02-02335,CSE-02,HIGH,2024-12-03T04:16:20,2024-12-03T04:34:06.515978,2024-12-03T05:04:13.898936,CLOSED,,SUBSTATION-GW-02,False
ALT-CSE-02-02336,CSE-02,CRITICAL,2024-11-29T15:10:49,2024-11-29T15:23:39.251909,2024-11-29T16:13:26.371701,CLOSED,CAS-CSE-02-0101,CORP-FW-02,True
ALT-CSE-02-02337,CSE-02,MEDIUM,2024-12-05T11:36:38,2024-12-05T11:40:05.344951,2024-12-05T12:14:03.559753,CLOSED,,GRID-MONITOR-03,False
ALT-CSE-02-02338,CSE-02,MEDIUM,2024-11-03T14:39:36,2024-11-03T14:41:43.383471,2024-11-03T15:35:06.203466,CLOSED,,SCADA-RTU-01,False
ALT-CSE-02-02339,CSE-02,HIGH,2024-11-06T09:42:41,2024-11-06T09:44:47.620352,2024-11-06T10:43:59.500270,CLOSED,,ENERGY-EMS-SRV,False
ALT-CSE-02-02340,CSE-02,MEDIUM,2024-12-03T22:42:06,2024-12-03T22:54:30.098169,2024-12-03T23:46:52.628279,CLOSED,,SUBSTATION-GW-02,False
ALT-CSE-02-02341,CSE-02,MEDIUM,2024-11-14T06:43:00,2024-11-14T06:51:48.115570,2024-11-14T07:35:02.979572,CLOSED,,SUBSTATION-GW-02,False
ALT-CSE-02-02342,CSE-02,MEDIUM,2024-10-24T01:50:05,2024-10-24T02:01:55.580775,2024-10-24T02:15:49.790518,CLOSED,,CORP-FW-02,False
ALT-CSE-02-02343,CSE-02,HIGH,2024-11-29T07:28:15,2024-11-29T07:44:18.633741,2024-11-29T08:09:58.098652,CLOSED,,ENERGY-EMS-SRV,False
ALT-CSE-02-02344,CSE-02,HIGH,2024-10-17T15:11:33,2024-10-17T15:16:28.914016,2024-10-17T16:00:39.070488,CLOSED,,SCADA-RTU-01,False
ALT-CSE-02-02345,CSE-02,CRITICAL,2024-12-22T03:34:25,2024-12-22T03:51:15.425162,2024-12-22T04:45:26.129932,CLOSED,,CORP-FW-02,False
ALT-CSE-02-02346,CSE-02,CRITICAL,2024-10-29T13:24:29,2024-10-29T13:28:12.968815,2024-10-29T14:16:21.535040,CLOSED,,ENERGY-EMS-SRV,False
ALT-CSE-02-02347,CSE-02,CRITICAL,2024-12-12T14:10:16,2024-12-12T14:24:56.319287,2024-12-12T15:34:51.251426,CLOSED,CAS-CSE-02-0102,ENERGY-EMS-SRV,False
ALT-CSE-02-02348,CSE-02,CRITICAL,2024-10-23T08:51:12,2024-10-23T09:10:47.513147,2024-10-23T10:08:38.079114,CLOSED,,GRID-MONITOR-03,False
ALT-CSE-02-02349,CSE-02,MEDIUM,2024-12-11T06:39:27,2024-12-11T06:52:20.838723,2024-12-11T08:05:43.847993,CLOSED,,SCADA-RTU-01,False
ALT-CSE-02-02350,CSE-02,HIGH,2024-11-17T16:39:48,2024-11-17T16:46:04.339108,2024-11-17T18:02:11.320864,CLOSED,,SUBSTATION-GW-02,False
ALT-CSE-02-02351,CSE-02,HIGH,2024-10-14T00:57:38,2024-10-14T01:07:11.393895,2024-10-14T02:08:16.043687,CLOSED,,GRID-MONITOR-03,False
ALT-CSE-02-02352,CSE-02,LOW,2024-10-04T20:07:51,2024-10-04T20:27:43.490652,2024-10-04T20:45:46.015932,CLOSED,,SUBSTATION-GW-02,False
ALT-CSE-02-02353,CSE-02,HIGH,2024-12-20T03:38:21,2024-12-20T03:50:09.591932,2024-12-20T04:12:26.717639,CLOSED,,SCADA-RTU-01,False
ALT-CSE-02-02354,CSE-02,LOW,2024-12-24T18:42:40,2024-12-24T18:54:08.434284,2024-12-24T19:48:06.141680,CLOSED,,SUBSTATION-GW-02,False
ALT-CSE-02-02355,CSE-02,HIGH,2024-12-23T13:37:17,2024-12-23T13:44:48.784036,2024-12-23T14:31:05.169136,CLOSED,,ENERGY-EMS-SRV,False
ALT-CSE-02-02356,CSE-02,LOW,2024-12-19T17:18:32,2024-12-19T17:22:41.605646,2024-12-19T18:42:14.315978,CLOSED,,ENERGY-EMS-SRV,False
ALT-CSE-02-02357,CSE-02,LOW,2024-11-11T01:55:17,2024-11-11T02:01:40.701774,2024-11-11T03:15:57.853925,CLOSED,,SUBSTATION-GW-02,False
ALT-CSE-02-02358,CSE-02,CRITICAL,2024-10-30T16:35:47,2024-10-30T16:48:41.831579,2024-10-30T18:02:47.488411,CLOSED,,SCADA-RTU-01,False
ALT-CSE-02-02359,CSE-02,LOW,2024-11-21T22:43:52,2024-11-21T22:54:56.178086,2024-11-21T23:19:23.698301,CLOSED,,GRID-MONITOR-03,False
ALT-CSE-02-02360,CSE-02,MEDIUM,2024-11-02T11:02:37,2024-11-02T11:18:40.987166,2024-11-02T12:05:24.714769,CLOSED,,SCADA-RTU-01,False
ALT-CSE-02-02361,CSE-02,CRITICAL,2024-12-19T00:50:54,2024-12-19T01:09:36.001554,2024-12-19T01:22:06.546659,CLOSED,,SUBSTATION-GW-02,False
ALT-CSE-02-02362,CSE-02,MEDIUM,2024-10-29T22:01:05,2024-10-29T22:12:55.912980,2024-10-29T22:50:16.669826,CLOSED,,SCADA-RTU-01,False
ALT-CSE-02-02363,CSE-02,LOW,2024-10-13T12:33:59,2024-10-13T12:37:12.140062,2024-10-13T13:08:55.957154,CLOSED,,ENERGY-EMS-SRV,False
ALT-CSE-02-02364,CSE-02,CRITICAL,2024-10-09T11:17:34,2024-10-09T11:27:37.558512,2024-10-09T11:51:19.392286,CLOSED,,GRID-MONITOR-03,False
ALT-CSE-02-02365,CSE-02,CRITICAL,2024-12-01T14:16:34,2024-12-01T14:28:28.165021,2024-12-01T15:16:12.539500,CLOSED,,SUBSTATION-GW-02,False
ALT-CSE-02-02366,CSE-02,CRITICAL,2024-10-07T05:40:07,2024-10-07T05:47:11.072763,2024-10-07T06:44:32.671186,CLOSED,,SCADA-RTU-01,False
ALT-CSE-02-02367,CSE-02,HIGH,2024-10-13T11:05:54,2024-10-13T11:25:13.656868,2024-10-13T11:49:06.406725,CLOSED,,GRID-MONITOR-03,False
ALT-CSE-02-02368,CSE-02,HIGH,2024-12-10T07:35:38,2024-12-10T07:41:19.325247,2024-12-10T08:20:29.197906,CLOSED,,GRID-MONITOR-03,False
ALT-CSE-02-02369,CSE-02,HIGH,2024-12-24T13:05:04,2024-12-24T13:07:52.583231,2024-12-24T13:31:25.161684,CLOSED,,SCADA-RTU-01,False
ALT-CSE-02-02370,CSE-02,CRITICAL,2024-12-01T01:41:26,2024-12-01T01:48:41.679624,2024-12-01T02:19:23.182972,CLOSED,,ENERGY-EMS-SRV,False
ALT-CSE-02-02371,CSE-02,HIGH,2024-12-12T08:26:19,2024-12-12T08:36:30.632196,2024-12-12T09:11:02.499736,CLOSED,,GRID-MONITOR-03,False
ALT-CSE-02-02372,CSE-02,MEDIUM,2024-10-15T05:55:54,2024-10-15T06:10:13.403132,2024-10-15T06:29:12.822502,CLOSED,,ENERGY-EMS-SRV,False
ALT-CSE-02-02373,CSE-02,HIGH,2024-12-23T13:24:07,2024-12-23T13:44:02.169382,2024-12-23T14:19:17.586242,CLOSED,,GRID-MONITOR-03,False
ALT-CSE-02-02374,CSE-02,HIGH,2024-12-15T20:06:13,2024-12-15T20:09:35.895577,2024-12-15T21:05:11.665011,CLOSED,,CORP-FW-02,False
ALT-CSE-02-02375,CSE-02,LOW,2024-11-23T19:38:56,2024-11-23T19:49:52.562487,2024-11-23T20:39:55.530913,CLOSED,,GRID-MONITOR-03,False
ALT-CSE-02-02376,CSE-02,HIGH,2024-11-16T05:26:32,2024-11-16T05:41:46.393949,2024-11-16T06:51:11.516343,CLOSED,,SUBSTATION-GW-02,False
ALT-CSE-02-02377,CSE-02,MEDIUM,2024-11-15T02:52:27,2024-11-15T03:06:15.784319,2024-11-15T03:25:49.291478,CLOSED,,CORP-FW-02,False
ALT-CSE-02-02378,CSE-02,CRITICAL,2024-11-25T16:57:33,2024-11-25T17:03:34.062926,2024-11-25T17:52:13.238996,CLOSED,,SUBSTATION-GW-02,False
ALT-CSE-02-02379,CSE-02,CRITICAL,2024-11-19T04:38:50,2024-11-19T04:49:24.675625,2024-11-19T05:06:21.455942,CLOSED,,CORP-FW-02,False
ALT-CSE-02-02380,CSE-02,HIGH,2024-11-03T03:56:42,2024-11-03T04:12:00.404975,2024-11-03T04:48:20.567932,CLOSED,,SCADA-RTU-01,False
ALT-CSE-02-02381,CSE-02,MEDIUM,2024-12-16T17:41:08,2024-12-16T17:51:20.744580,2024-12-16T18:53:12.347386,CLOSED,,CORP-FW-02,False
ALT-CSE-02-02382,CSE-02,MEDIUM,2024-12-06T13:32:34,2024-12-06T13:35:07.070756,2024-12-06T15:00:05.177554,CLOSED,,GRID-MONITOR-03,False
ALT-CSE-02-02383,CSE-02,MEDIUM,2024-12-10T16:09:47,2024-12-10T16:23:58.522655,2024-12-10T16:50:54.102748,CLOSED,,SCADA-RTU-01,False
ALT-CSE-02-02384,CSE-02,HIGH,2024-11-17T00:52:24,2024-11-17T01:08:53.246448,2024-11-17T01:50:32.995207,CLOSED,,CORP-FW-02,False
ALT-CSE-02-02385,CSE-02,CRITICAL,2024-11-22T08:44:13,2024-11-22T08:57:41.564870,2024-11-22T09:24:42.861303,CLOSED,,SUBSTATION-GW-02,False
ALT-CSE-02-02386,CSE-02,CRITICAL,2024-12-27T10:22:52,2024-12-27T10:29:53.241889,2024-12-27T11:07:44.099160,CLOSED,,SUBSTATION-GW-02,False
ALT-CSE-02-02387,CSE-02,MEDIUM,2024-11-13T12:03:05,2024-11-13T12:06:32.642202,2024-11-13T13:04:42.809164,CLOSED,,GRID-MONITOR-03,False
ALT-CSE-02-02388,CSE-02,HIGH,2024-10-31T11:42:15,2024-10-31T11:59:30.235184,2024-10-31T13:05:30.981011,CLOSED,CAS-CSE-02-0103,GRID-MONITOR-03,False
ALT-CSE-02-02389,CSE-02,LOW,2024-10-08T06:04:17,2024-10-08T06:20:06.146517,2024-10-08T06:42:06.157307,CLOSED,,ENERGY-EMS-SRV,False
ALT-CSE-02-02390,CSE-02,CRITICAL,2024-12-06T16:19:13,2024-12-06T16:37:19.953310,2024-12-06T17:07:33.261336,CLOSED,,ENERGY-EMS-SRV,False
ALT-CSE-02-02391,CSE-02,MEDIUM,2024-12-05T09:59:49,2024-12-05T10:07:34.179365,2024-12-05T10:43:10.420600,CLOSED,,SCADA-RTU-01,False
ALT-CSE-02-02392,CSE-02,HIGH,2024-12-29T04:00:50,2024-12-29T04:12:07.440474,2024-12-29T05:04:24.577767,CLOSED,,GRID-MONITOR-03,False
ALT-CSE-02-02393,CSE-02,MEDIUM,2024-11-18T20:51:23,2024-11-18T21:09:07.489502,2024-11-18T21:51:21.381849,CLOSED,,SUBSTATION-GW-02,False
ALT-CSE-02-02394,CSE-02,MEDIUM,2024-12-27T03:17:54,2024-12-27T03:33:02.311581,2024-12-27T04:46:16.322814,CLOSED,,SCADA-RTU-01,False
ALT-CSE-02-02395,CSE-02,MEDIUM,2024-11-14T05:27:58,2024-11-14T05:43:59.996086,2024-11-14T06:37:06.631671,CLOSED,CAS-CSE-02-0104,ENERGY-EMS-SRV,False
ALT-CSE-02-02396,CSE-02,HIGH,2024-10-07T14:34:12,2024-10-07T14:53:58.140056,2024-10-07T15:50:02.935438,CLOSED,,SCADA-RTU-01,False
ALT-CSE-02-02397,CSE-02,MEDIUM,2024-11-05T15:18:50,2024-11-05T15:32:52.159845,2024-11-05T16:18:45.917960,CLOSED,CAS-CSE-02-0105,SCADA-RTU-01,False
ALT-CSE-02-02398,CSE-02,LOW,2024-10-31T03:48:32,2024-10-31T04:00:28.107911,2024-10-31T04:40:06.533899,CLOSED,,GRID-MONITOR-03,False
ALT-CSE-02-02399,CSE-02,HIGH,2024-10-27T13:07:05,2024-10-27T13:11:45.849668,2024-10-27T14:00:15.274349,CLOSED,,ENERGY-EMS-SRV,False
ALT-CSE-02-02400,CSE-02,LOW,2024-11-18T07:24:38,2024-11-18T07:27:42.037647,2024-11-18T08:06:27.168628,CLOSED,,GRID-MONITOR-03,False
ALT-CSE-02-02401,CSE-02,CRITICAL,2024-12-18T04:15:44,2024-12-18T04:18:00.925388,2024-12-18T04:48:22.134191,CLOSED,,SCADA-RTU-01,False
ALT-CSE-02-02402,CSE-02,HIGH,2024-10-16T05:54:24,2024-10-16T06:02:16.403604,2024-10-16T07:09:52.576567,CLOSED,,ENERGY-EMS-SRV,False
ALT-CSE-02-02403,CSE-02,HIGH,2024-12-13T06:37:09,2024-12-13T06:39:40.480099,2024-12-13T07:18:01.668363,CLOSED,,GRID-MONITOR-03,False
ALT-CSE-02-02404,CSE-02,MEDIUM,2024-12-15T00:28:11,2024-12-15T00:39:43.520528,2024-12-15T01:57:39.322573,CLOSED,,ENERGY-EMS-SRV,False
ALT-CSE-02-02405,CSE-02,MEDIUM,2024-12-18T17:28:30,2024-12-18T17:42:43.661827,2024-12-18T18:42:33.574485,CLOSED,,SCADA-RTU-01,False
ALT-CSE-02-02406,CSE-02,HIGH,2024-10-23T02:17:56,2024-10-23T02:29:10.500505,2024-10-23T02:49:30.293240,CLOSED,,CORP-FW-02,False
ALT-CSE-02-02407,CSE-02,MEDIUM,2024-12-11T21:55:26,2024-12-11T22:06:26.228041,2024-12-11T22:58:46.568763,CLOSED,,GRID-MONITOR-03,False
ALT-CSE-02-02408,CSE-02,LOW,2024-10-16T14:47:36,2024-10-16T14:54:42.320185,2024-10-16T15:14:03.091865,CLOSED,,SCADA-RTU-01,False
ALT-CSE-02-02409,CSE-02,CRITICAL,2024-12-06T00:43:04,2024-12-06T00:48:30.981256,2024-12-06T01:14:07.653683,CLOSED,,ENERGY-EMS-SRV,False
ALT-CSE-02-02410,CSE-02,HIGH,2024-10-25T00:37:29,2024-10-25T00:40:59.436869,2024-10-25T01:19:39.722852,CLOSED,,GRID-MONITOR-03,False
ALT-CSE-02-02411,CSE-02,LOW,2024-10-10T09:47:13,2024-10-10T09:58:23.912922,2024-10-10T10:20:19.323883,CLOSED,,CORP-FW-02,False
ALT-CSE-02-02412,CSE-02,CRITICAL,2024-12-19T07:28:02,2024-12-19T07:38:34.599908,2024-12-19T07:54:26.138396,CLOSED,,GRID-MONITOR-03,False
ALT-CSE-02-02413,CSE-02,HIGH,2024-12-10T18:18:49,2024-12-10T18:35:59.305963,2024-12-10T19:06:49.988937,CLOSED,,GRID-MONITOR-03,False
ALT-CSE-02-02414,CSE-02,HIGH,2024-12-18T21:18:14,2024-12-18T21:34:31.463456,2024-12-18T22:34:03.972960,CLOSED,,GRID-MONITOR-03,False
ALT-CSE-02-02415,CSE-02,CRITICAL,2024-10-09T20:59:59,2024-10-09T21:17:44.366352,2024-10-09T22:08:38.840237,CLOSED,,SCADA-RTU-01,False
ALT-CSE-02-02416,CSE-02,LOW,2024-10-26T00:47:52,2024-10-26T00:51:49.958384,2024-10-26T01:17:11.199722,CLOSED,,SCADA-RTU-01,False
ALT-CSE-02-02417,CSE-02,MEDIUM,2024-10-03T16:42:14,2024-10-03T16:51:03.515260,2024-10-03T17:39:00.320833,CLOSED,,GRID-MONITOR-03,False
ALT-CSE-02-02418,CSE-02,MEDIUM,2024-10-20T19:07:40,2024-10-20T19:10:36.978720,2024-10-20T19:34:48.889463,CLOSED,,SUBSTATION-GW-02,False
ALT-CSE-02-02419,CSE-02,CRITICAL,2024-12-05T12:37:24,2024-12-05T12:44:58.035334,2024-12-05T13:13:03.405701,CLOSED,,GRID-MONITOR-03,False
ALT-CSE-02-02420,CSE-02,MEDIUM,2024-10-24T17:21:46,2024-10-24T17:37:14.123806,2024-10-24T18:10:31.595874,CLOSED,,ENERGY-EMS-SRV,False
ALT-CSE-02-02421,CSE-02,MEDIUM,2024-10-31T16:14:49,2024-10-31T16:30:45.951199,2024-10-31T16:47:36.684518,CLOSED,,SCADA-RTU-01,False
ALT-CSE-02-02422,CSE-02,LOW,2024-10-31T08:34:26,2024-10-31T08:48:27.521508,2024-10-31T09:39:48.577978,CLOSED,,ENERGY-EMS-SRV,False
ALT-CSE-02-02423,CSE-02,HIGH,2024-10-14T18:06:46,2024-10-14T18:16:12.134066,2024-10-14T19:17:22.928341,CLOSED,,ENERGY-EMS-SRV,False
ALT-CSE-02-02424,CSE-02,HIGH,2024-11-12T13:59:05,2024-11-12T14:14:49.243783,2024-11-12T15:28:52.363573,CLOSED,,SUBSTATION-GW-02,False
ALT-CSE-02-02425,CSE-02,HIGH,2024-10-13T08:31:10,2024-10-13T08:46:07.423582,2024-10-13T09:36:46.977532,CLOSED,,SCADA-RTU-01,False
ALT-CSE-02-02426,CSE-02,HIGH,2024-11-29T10:09:30,2024-11-29T10:21:56.971870,2024-11-29T11:29:53.186299,CLOSED,,SCADA-RTU-01,False
ALT-CSE-02-02427,CSE-02,CRITICAL,2024-10-19T14:14:10,2024-10-19T14:18:34.251724,2024-10-19T15:01:44.615973,CLOSED,,SUBSTATION-GW-02,False
ALT-CSE-02-02428,CSE-02,LOW,2024-11-19T15:07:35,2024-11-19T15:10:35.440547,2024-11-19T15:45:59.391346,CLOSED,,ENERGY-EMS-SRV,False
ALT-CSE-02-02429,CSE-02,LOW,2024-10-17T15:22:44,2024-10-17T15:33:52.622086,2024-10-17T15:49:42.013328,CLOSED,CAS-CSE-02-0106,SCADA-RTU-01,False
ALT-CSE-02-02430,CSE-02,LOW,2024-12-09T12:34:02,2024-12-09T12:48:00.904960,2024-12-09T13:04:45.316796,CLOSED,,GRID-MONITOR-03,False
ALT-CSE-02-02431,CSE-02,LOW,2024-11-05T00:31:13,2024-11-05T00:37:52.986812,2024-11-05T01:47:33.736936,CLOSED,,SUBSTATION-GW-02,False
ALT-CSE-02-02432,CSE-02,HIGH,2024-10-28T05:36:34,2024-10-28T05:51:14.043713,2024-10-28T06:32:20.108061,CLOSED,,ENERGY-EMS-SRV,False
ALT-CSE-02-02433,CSE-02,HIGH,2024-12-28T07:51:51,2024-12-28T07:58:46.350541,2024-12-28T08:42:14.021553,CLOSED,,SUBSTATION-GW-02,False
ALT-CSE-02-02434,CSE-02,CRITICAL,2024-11-11T11:18:13,2024-11-11T11:25:17.896627,2024-11-11T11:46:39.191802,CLOSED,,GRID-MONITOR-03,False
ALT-CSE-02-02435,CSE-02,MEDIUM,2024-12-24T20:04:39,2024-12-24T20:15:50.916853,2024-12-24T20:38:28.295283,CLOSED,,GRID-MONITOR-03,False
ALT-CSE-02-02436,CSE-02,CRITICAL,2024-12-12T00:19:21,2024-12-12T00:33:26.323311,2024-12-12T01:08:01.202323,CLOSED,,SUBSTATION-GW-02,False
ALT-CSE-02-02437,CSE-02,HIGH,2024-11-27T15:24:15,2024-11-27T15:30:21.099536,2024-11-27T16:46:50.273712,CLOSED,,ENERGY-EMS-SRV,False
ALT-CSE-02-02438,CSE-02,LOW,2024-12-24T00:23:48,2024-12-24T00:31:01.473799,2024-12-24T01:41:05.402976,CLOSED,CAS-CSE-02-0107,SCADA-RTU-01,True
ALT-CSE-02-02439,CSE-02,LOW,2024-10-25T16:14:39,2024-10-25T16:17:05.305900,2024-10-25T16:49:51.924021,CLOSED,,ENERGY-EMS-SRV,False
ALT-CSE-02-02440,CSE-02,MEDIUM,2024-11-28T13:12:48,2024-11-28T13:22:37.868995,2024-11-28T13:43:49.061433,CLOSED,,CORP-FW-02,False
ALT-CSE-02-02441,CSE-02,LOW,2024-11-29T15:52:48,2024-11-29T16:10:10.789129,2024-11-29T17:10:43.611415,CLOSED,,ENERGY-EMS-SRV,False
ALT-CSE-02-02442,CSE-02,HIGH,2024-11-12T18:06:49,2024-11-12T18:18:57.759564,2024-11-12T18:57:37.841684,CLOSED,,SCADA-RTU-01,False
ALT-CSE-02-02443,CSE-02,MEDIUM,2024-10-29T19:14:30,2024-10-29T19:20:07.395169,2024-10-29T20:24:03.986887,CLOSED,,SUBSTATION-GW-02,False
ALT-CSE-02-02444,CSE-02,CRITICAL,2024-10-06T16:49:17,2024-10-06T17:02:58.011598,2024-10-06T17:29:18.442894,CLOSED,,CORP-FW-02,False
ALT-CSE-02-02445,CSE-02,HIGH,2024-12-05T10:30:09,2024-12-05T10:43:34.391129,2024-12-05T11:28:12.210562,CLOSED,,ENERGY-EMS-SRV,False
ALT-CSE-02-02446,CSE-02,LOW,2024-11-14T15:42:45,2024-11-14T15:54:46.355657,2024-11-14T16:30:59.201573,CLOSED,,SUBSTATION-GW-02,False
ALT-CSE-02-02447,CSE-02,HIGH,2024-12-16T08:20:50,2024-12-16T08:38:09.256390,2024-12-16T09:24:16.968315,CLOSED,,GRID-MONITOR-03,False
ALT-CSE-02-02448,CSE-02,MEDIUM,2024-11-02T15:13:26,2024-11-02T15:32:06.572547,2024-11-02T15:58:20.547409,CLOSED,,ENERGY-EMS-SRV,False
ALT-CSE-02-02449,CSE-02,MEDIUM,2024-11-04T08:58:15,2024-11-04T09:15:25.141291,2024-11-04T10:10:53.879280,CLOSED,,SUBSTATION-GW-02,False
ALT-CSE-02-02450,CSE-02,HIGH,2024-10-19T17:49:44,2024-10-19T18:04:47.699641,2024-10-19T18:46:46.744888,CLOSED,,SUBSTATION-GW-02,False
ALT-CSE-02-02451,CSE-02,HIGH,2024-10-11T08:05:38,2024-10-11T08:17:09.410324,2024-10-11T08:39:15.618751,CLOSED,,ENERGY-EMS-SRV,False
ALT-CSE-02-02452,CSE-02,LOW,2024-10-16T16:05:33,2024-10-16T16:11:23.339443,2024-10-16T17:33:16.464251,CLOSED,,SUBSTATION-GW-02,False
ALT-CSE-02-02453,CSE-02,HIGH,2024-10-10T22:31:15,2024-10-10T22:41:33.603286,2024-10-10T23:55:55.675682,CLOSED,,SCADA-RTU-01,False
ALT-CSE-02-02454,CSE-02,MEDIUM,2024-10-27T20:55:39,2024-10-27T21:15:15.773556,2024-10-27T21:38:43.843280,CLOSED,,ENERGY-EMS-SRV,False
ALT-CSE-02-02455,CSE-02,MEDIUM,2024-10-10T15:23:01,2024-10-10T15:26:28.230395,2024-10-10T16:23:55.482634,CLOSED,,SCADA-RTU-01,False
ALT-CSE-02-02456,CSE-02,LOW,2024-10-02T13:04:07,2024-10-02T13:12:25.232219,2024-10-02T14:30:04.120908,CLOSED,,SUBSTATION-GW-02,False
ALT-CSE-02-02457,CSE-02,MEDIUM,2024-11-28T13:19:38,2024-11-28T13:24:32.890076,2024-11-28T14:15:37.628792,CLOSED,,ENERGY-EMS-SRV,False
ALT-CSE-02-02458,CSE-02,MEDIUM,2024-10-17T11:26:55,2024-10-17T11:43:11.592915,2024-10-17T12:52:30.034231,CLOSED,,SUBSTATION-GW-02,False
ALT-CSE-02-02459,CSE-02,HIGH,2024-12-27T08:57:55,2024-12-27T09:07:28.598895,2024-12-27T09:54:12.924757,CLOSED,,SUBSTATION-GW-02,False
ALT-CSE-02-02460,CSE-02,MEDIUM,2024-10-31T21:47:56,2024-10-31T22:02:31.148849,2024-10-31T22:27:02.389553,CLOSED,,GRID-MONITOR-03,False
ALT-CSE-02-02461,CSE-02,CRITICAL,2024-12-16T11:05:38,2024-12-16T11:10:01.849308,2024-12-16T11:59:15.817102,CLOSED,,CORP-FW-02,False
ALT-CSE-02-02462,CSE-02,HIGH,2024-12-12T10:43:46,2024-12-12T10:56:10.745291,2024-12-12T11:13:57.265798,CLOSED,,SCADA-RTU-01,False
ALT-CSE-02-02463,CSE-02,CRITICAL,2024-10-14T09:27:17,2024-10-14T09:36:06.703865,2024-10-14T10:24:06.896717,CLOSED,,SCADA-RTU-01,False
ALT-CSE-02-02464,CSE-02,HIGH,2024-12-26T19:14:59,2024-12-26T19:28:17.274580,2024-12-26T19:56:19.386024,CLOSED,,CORP-FW-02,False
ALT-CSE-02-02465,CSE-02,HIGH,2024-12-25T04:02:37,2024-12-25T04:14:51.790901,2024-12-25T05:18:47.459805,CLOSED,,ENERGY-EMS-SRV,False
ALT-CSE-02-02466,CSE-02,HIGH,2024-11-18T05:26:15,2024-11-18T05:29:28.745843,2024-11-18T06:49:55.155286,CLOSED,,SCADA-RTU-01,False
ALT-CSE-02-02467,CSE-02,LOW,2024-11-04T13:45:52,2024-11-04T13:51:08.036370,2024-11-04T14:47:17.228625,CLOSED,,SCADA-RTU-01,False
ALT-CSE-02-02468,CSE-02,MEDIUM,2024-10-22T13:15:14,2024-10-22T13:17:46.746897,2024-10-22T14:32:52.609845,CLOSED,,SCADA-RTU-01,False
ALT-CSE-02-02469,CSE-02,HIGH,2024-10-21T08:23:09,2024-10-21T08:40:17.600336,2024-10-21T09:18:30.583380,CLOSED,,SUBSTATION-GW-02,False
ALT-CSE-02-02470,CSE-02,CRITICAL,2024-10-13T15:20:18,2024-10-13T15:33:19.284834,2024-10-13T16:49:34.725777,CLOSED,,ENERGY-EMS-SRV,False
ALT-CSE-02-02471,CSE-02,LOW,2024-12-12T01:09:51,2024-12-12T01:17:27.248158,2024-12-12T01:56:56.553463,CLOSED,,SUBSTATION-GW-02,False
ALT-CSE-02-02472,CSE-02,MEDIUM,2024-11-14T01:35:25,2024-11-14T01:49:28.428978,2024-11-14T03:05:15.965846,CLOSED,,SCADA-RTU-01,False
ALT-CSE-02-02473,CSE-02,MEDIUM,2024-11-09T23:58:15,2024-11-10T00:10:02.639522,2024-11-10T00:24:27.295520,CLOSED,,GRID-MONITOR-03,False
ALT-CSE-02-02474,CSE-02,CRITICAL,2024-10-03T16:07:27,2024-10-03T16:19:32.637050,2024-10-03T17:13:17.197021,CLOSED,,SUBSTATION-GW-02,False
ALT-CSE-02-02475,CSE-02,LOW,2024-10-12T18:30:23,2024-10-12T18:41:47.242416,2024-10-12T19:50:19.552152,CLOSED,,ENERGY-EMS-SRV,False
ALT-CSE-02-02476,CSE-02,CRITICAL,2024-11-27T21:16:03,2024-11-27T21:35:58.643384,2024-11-27T22:26:31.737541,CLOSED,,SCADA-RTU-01,False
ALT-CSE-02-02477,CSE-02,CRITICAL,2024-10-21T08:38:53,2024-10-21T08:42:14.417147,2024-10-21T09:25:11.624812,CLOSED,,CORP-FW-02,False
ALT-CSE-02-02478,CSE-02,MEDIUM,2024-11-15T02:30:00,2024-11-15T02:49:01.762330,2024-11-15T03:02:28.452426,CLOSED,,CORP-FW-02,False
ALT-CSE-02-02479,CSE-02,CRITICAL,2024-10-17T05:57:12,2024-10-17T06:02:44.341154,2024-10-17T07:15:26.300254,CLOSED,,CORP-FW-02,False
ALT-CSE-02-02480,CSE-02,CRITICAL,2024-11-12T03:10:26,2024-11-12T03:27:58.822066,2024-11-12T04:33:01.358756,CLOSED,,SCADA-RTU-01,False
ALT-CSE-02-02481,CSE-02,HIGH,2024-10-02T03:27:58,2024-10-02T03:33:00.844013,2024-10-02T04:44:39.651335,CLOSED,,SUBSTATION-GW-02,False
ALT-CSE-02-02482,CSE-02,LOW,2024-10-05T13:42:10,2024-10-05T13:52:09.197992,2024-10-05T14:47:48.566447,CLOSED,,ENERGY-EMS-SRV,False
ALT-CSE-02-02483,CSE-02,MEDIUM,2024-12-15T20:43:27,2024-12-15T20:54:10.361783,2024-12-15T21:30:35.633000,CLOSED,,SCADA-RTU-01,False
ALT-CSE-02-02484,CSE-02,MEDIUM,2024-11-25T19:56:28,2024-11-25T20:12:01.301435,2024-11-25T20:41:12.277023,CLOSED,,CORP-FW-02,False
ALT-CSE-02-02485,CSE-02,LOW,2024-11-12T12:00:13,2024-11-12T12:05:23.053557,2024-11-12T12:41:20.619815,CLOSED,,ENERGY-EMS-SRV,False
ALT-CSE-02-02486,CSE-02,MEDIUM,2024-10-13T10:06:45,2024-10-13T10:16:45.938073,2024-10-13T11:04:21.649622,CLOSED,,SCADA-RTU-01,False
ALT-CSE-02-02487,CSE-02,MEDIUM,2024-10-13T02:53:53,2024-10-13T03:01:04.075205,2024-10-13T04:03:43.214896,CLOSED,,SUBSTATION-GW-02,False
ALT-CSE-02-02488,CSE-02,MEDIUM,2024-10-27T06:03:17,2024-10-27T06:19:03.667604,2024-10-27T06:49:20.415546,CLOSED,,ENERGY-EMS-SRV,False
ALT-CSE-02-02489,CSE-02,LOW,2024-10-15T04:45:21,2024-10-15T04:49:15.529176,2024-10-15T06:07:20.292844,CLOSED,,SUBSTATION-GW-02,False
ALT-CSE-02-02490,CSE-02,LOW,2024-11-28T17:13:33,2024-11-28T17:31:12.404844,2024-11-28T18:34:20.424966,CLOSED,,SCADA-RTU-01,False
ALT-CSE-02-02491,CSE-02,HIGH,2024-12-25T07:47:56,2024-12-25T08:06:31.168297,2024-12-25T08:59:23.961547,CLOSED,,GRID-MONITOR-03,False
ALT-CSE-02-02492,CSE-02,HIGH,2024-10-04T06:05:21,2024-10-04T06:15:17.949371,2024-10-04T07:28:29.186203,CLOSED,,GRID-MONITOR-03,False
ALT-CSE-02-02493,CSE-02,MEDIUM,2024-12-11T10:28:55,2024-12-11T10:45:55.668443,2024-12-11T11:54:45.403147,CLOSED,,ENERGY-EMS-SRV,False
ALT-CSE-02-02494,CSE-02,MEDIUM,2024-11-13T08:27:49,2024-11-13T08:34:41.391724,2024-11-13T08:57:42.967664,CLOSED,,SCADA-RTU-01,False
ALT-CSE-02-02495,CSE-02,HIGH,2024-12-18T17:52:29,2024-12-18T18:11:21.219434,2024-12-18T18:47:14.147959,CLOSED,,GRID-MONITOR-03,False
ALT-CSE-02-02496,CSE-02,HIGH,2024-10-09T21:33:19,2024-10-09T21:44:23.324012,2024-10-09T22:38:55.775551,CLOSED,,GRID-MONITOR-03,False
ALT-CSE-02-02497,CSE-02,MEDIUM,2024-12-26T16:17:57,2024-12-26T16:25:39.393582,2024-12-26T17:12:29.604863,CLOSED,,SUBSTATION-GW-02,False
ALT-CSE-02-02498,CSE-02,HIGH,2024-10-21T15:46:09,2024-10-21T16:03:58.119743,2024-10-21T16:18:16.107191,CLOSED,,ENERGY-EMS-SRV,False
ALT-CSE-02-02499,CSE-02,MEDIUM,2024-11-28T00:35:34,2024-11-28T00:46:57.259990,2024-11-28T01:10:08.157245,CLOSED,,SUBSTATION-GW-02,False
ALT-CSE-02-02500,CSE-02,LOW,2024-11-12T13:52:18,2024-11-12T14:04:08.308373,2024-11-12T14:34:52.588121,CLOSED,CAS-CSE-02-0108,CORP-FW-02,True
ALT-CSE-02-02501,CSE-02,HIGH,2024-11-03T10:53:03,2024-11-03T10:56:16.733970,2024-11-03T11:51:07.947312,CLOSED,,GRID-MONITOR-03,False
ALT-CSE-02-02502,CSE-02,MEDIUM,2024-10-18T07:46:54,2024-10-18T08:06:38.610306,2024-10-18T09:10:23.746751,CLOSED,,SUBSTATION-GW-02,False
ALT-CSE-02-02503,CSE-02,MEDIUM,2024-12-20T22:36:49,2024-12-20T22:56:17.424599,2024-12-20T23:52:20.993349,CLOSED,,SUBSTATION-GW-02,False
ALT-CSE-02-02504,CSE-02,HIGH,2024-10-21T05:28:26,2024-10-21T05:47:47.011954,2024-10-21T06:43:53.626349,CLOSED,,ENERGY-EMS-SRV,False
ALT-CSE-02-02505,CSE-02,HIGH,2024-11-16T23:15:33,2024-11-16T23:35:22.442867,2024-11-17T00:44:50.128740,CLOSED,,SUBSTATION-GW-02,False
ALT-CSE-02-02506,CSE-02,CRITICAL,2024-11-23T15:34:24,2024-11-23T15:50:26.862766,2024-11-23T16:29:09.555749,CLOSED,,CORP-FW-02,False
ALT-CSE-02-02507,CSE-02,HIGH,2024-11-26T23:45:26,2024-11-26T23:49:30.350027,2024-11-27T00:25:39.101115,CLOSED,,SUBSTATION-GW-02,False
ALT-CSE-02-02508,CSE-02,HIGH,2024-11-07T16:56:39,2024-11-07T17:05:30.110045,2024-11-07T17:22:05.938135,CLOSED,,SCADA-RTU-01,False
ALT-CSE-02-02509,CSE-02,LOW,2024-11-02T09:26:52,2024-11-02T09:45:22.223239,2024-11-02T10:44:35.670777,CLOSED,,CORP-FW-02,False
ALT-CSE-02-02510,CSE-02,CRITICAL,2024-10-20T22:56:29,2024-10-20T22:59:02.292245,2024-10-21T00:20:06.309201,CLOSED,,SUBSTATION-GW-02,False
ALT-CSE-02-02511,CSE-02,LOW,2024-11-09T09:15:42,2024-11-09T09:23:47.448033,2024-11-09T09:52:59.287754,CLOSED,,ENERGY-EMS-SRV,False
ALT-CSE-02-02512,CSE-02,HIGH,2024-11-22T01:12:59,2024-11-22T01:19:47.324999,2024-11-22T02:35:50.098178,CLOSED,,GRID-MONITOR-03,False
ALT-CSE-02-02513,CSE-02,LOW,2024-12-17T22:25:45,2024-12-17T22:35:41.485935,2024-12-17T23:53:29.587250,CLOSED,,SCADA-RTU-01,False
ALT-CSE-02-02514,CSE-02,HIGH,2024-10-03T10:00:25,2024-10-03T10:11:23.617246,2024-10-03T11:26:25.701293,CLOSED,,ENERGY-EMS-SRV,False
ALT-CSE-02-02515,CSE-02,MEDIUM,2024-10-25T00:45:52,2024-10-25T01:03:33.629875,2024-10-25T01:12:54.408578,CLOSED,,ENERGY-EMS-SRV,False
ALT-CSE-02-02516,CSE-02,MEDIUM,2024-10-08T16:53:12,2024-10-08T17:08:19.937612,2024-10-08T18:01:07.857195,CLOSED,,ENERGY-EMS-SRV,False
ALT-CSE-02-02517,CSE-02,CRITICAL,2024-11-24T08:28:25,2024-11-24T08:38:17.697529,2024-11-24T09:36:20.238399,CLOSED,,GRID-MONITOR-03,False
ALT-CSE-02-02518,CSE-02,HIGH,2024-12-28T09:26:39,2024-12-28T09:41:17.736979,2024-12-28T10:20:01.985538,CLOSED,,ENERGY-EMS-SRV,False
ALT-CSE-02-02519,CSE-02,LOW,2024-12-08T17:27:48,2024-12-08T17:38:36.976176,2024-12-08T18:12:22.098046,CLOSED,CAS-CSE-02-0109,CORP-FW-02,False
ALT-CSE-02-02520,CSE-02,HIGH,2024-10-12T20:08:19,2024-10-12T20:19:44.404860,2024-10-12T20:52:11.832893,CLOSED,,GRID-MONITOR-03,False
ALT-CSE-02-02521,CSE-02,HIGH,2024-10-27T14:35:29,2024-10-27T14:40:32.967117,2024-10-27T15:33:22.027602,CLOSED,,SCADA-RTU-01,False
ALT-CSE-02-02522,CSE-02,HIGH,2024-12-10T11:13:12,2024-12-10T11:28:24.734212,2024-12-10T12:10:54.141476,CLOSED,,GRID-MONITOR-03,False
ALT-CSE-02-02523,CSE-02,HIGH,2024-10-26T01:44:25,2024-10-26T01:58:45.933334,2024-10-26T02:20:35.898239,CLOSED,,SUBSTATION-GW-02,False
ALT-CSE-02-02524,CSE-02,HIGH,2024-10-22T05:50:50,2024-10-22T06:03:12.341158,2024-10-22T06:53:52.401675,CLOSED,,SUBSTATION-GW-02,False
ALT-CSE-02-02525,CSE-02,CRITICAL,2024-11-24T16:19:14,2024-11-24T16:35:22.318915,2024-11-24T16:45:09.764216,CLOSED,,SCADA-RTU-01,False
ALT-CSE-02-02526,CSE-02,HIGH,2024-10-14T10:59:23,2024-10-14T11:13:17.762502,2024-10-14T11:24:49.211724,CLOSED,,CORP-FW-02,False
ALT-CSE-02-02527,CSE-02,HIGH,2024-12-15T18:51:03,2024-12-15T18:59:22.194937,2024-12-15T19:45:31.179367,CLOSED,,SCADA-RTU-01,False
ALT-CSE-02-02528,CSE-02,HIGH,2024-12-20T08:30:49,2024-12-20T08:44:49.094113,2024-12-20T09:02:59.805637,CLOSED,,GRID-MONITOR-03,False
ALT-CSE-02-02529,CSE-02,HIGH,2024-10-29T19:21:47,2024-10-29T19:29:27.902785,2024-10-29T20:22:24.419430,CLOSED,,CORP-FW-02,False
ALT-CSE-02-02530,CSE-02,CRITICAL,2024-10-10T14:03:32,2024-10-10T14:12:46.018935,2024-10-10T15:21:45.291584,CLOSED,,GRID-MONITOR-03,False
ALT-CSE-02-02531,CSE-02,MEDIUM,2024-11-17T17:23:41,2024-11-17T17:42:15.275169,2024-11-17T18:41:56.027114,CLOSED,,GRID-MONITOR-03,False
ALT-CSE-02-02532,CSE-02,LOW,2024-12-19T06:24:00,2024-12-19T06:34:31.740887,2024-12-19T07:17:08.792058,CLOSED,,ENERGY-EMS-SRV,False
ALT-CSE-02-02533,CSE-02,HIGH,2024-11-08T06:12:01,2024-11-08T06:14:51.618447,2024-11-08T06:59:56.875562,CLOSED,CAS-CSE-02-0110,SUBSTATION-GW-02,False
ALT-CSE-02-02534,CSE-02,MEDIUM,2024-10-31T04:20:08,2024-10-31T04:28:03.894854,2024-10-31T05:05:58.555585,CLOSED,,GRID-MONITOR-03,False
ALT-CSE-02-02535,CSE-02,HIGH,2024-10-28T21:57:56,2024-10-28T22:10:15.084436,2024-10-28T22:57:51.416688,CLOSED,,SUBSTATION-GW-02,False
ALT-CSE-02-02536,CSE-02,MEDIUM,2024-11-18T16:03:55,2024-11-18T16:14:41.662619,2024-11-18T16:38:15.005995,CLOSED,,ENERGY-EMS-SRV,False
ALT-CSE-02-02537,CSE-02,CRITICAL,2024-10-01T11:31:37,2024-10-01T11:41:22.614687,2024-10-01T12:41:16.062270,CLOSED,,SCADA-RTU-01,False
ALT-CSE-02-02538,CSE-02,HIGH,2024-11-28T23:10:05,2024-11-28T23:15:08.781128,2024-11-29T00:28:49.790553,CLOSED,,SUBSTATION-GW-02,False
ALT-CSE-02-02539,CSE-02,MEDIUM,2024-11-11T22:09:15,2024-11-11T22:25:22.931846,2024-11-11T22:52:09.954143,CLOSED,,GRID-MONITOR-03,False
ALT-CSE-02-02540,CSE-02,CRITICAL,2024-11-10T06:45:12,2024-11-10T07:02:41.707586,2024-11-10T07:38:15.989933,CLOSED,,SUBSTATION-GW-02,False
ALT-CSE-02-02541,CSE-02,CRITICAL,2024-12-24T03:36:19,2024-12-24T03:39:53.737706,2024-12-24T04:17:22.969661,CLOSED,,CORP-FW-02,False
ALT-CSE-02-02542,CSE-02,MEDIUM,2024-11-25T00:26:17,2024-11-25T00:43:03.422027,2024-11-25T01:06:49.354985,CLOSED,,SCADA-RTU-01,False
ALT-CSE-02-02543,CSE-02,CRITICAL,2024-10-11T21:04:05,2024-10-11T21:20:30.049075,2024-10-11T22:02:07.409899,CLOSED,,GRID-MONITOR-03,False
ALT-CSE-02-02544,CSE-02,HIGH,2024-11-18T17:12:10,2024-11-18T17:23:44.319237,2024-11-18T17:59:28.238775,CLOSED,,ENERGY-EMS-SRV,False
ALT-CSE-02-02545,CSE-02,CRITICAL,2024-10-29T02:41:58,2024-10-29T02:50:21.917484,2024-10-29T03:43:59.101411,CLOSED,,SCADA-RTU-01,False
ALT-CSE-02-02546,CSE-02,HIGH,2024-11-10T00:11:18,2024-11-10T00:24:15.301810,2024-11-10T01:37:09.970308,CLOSED,,CORP-FW-02,False
ALT-CSE-02-02547,CSE-02,HIGH,2024-10-08T01:46:16,2024-10-08T02:05:08.456101,2024-10-08T03:13:30.818971,CLOSED,,SUBSTATION-GW-02,False
ALT-CSE-02-02548,CSE-02,MEDIUM,2024-11-14T07:12:05,2024-11-14T07:26:54.628704,2024-11-14T07:42:52.069893,CLOSED,,ENERGY-EMS-SRV,False
ALT-CSE-02-02549,CSE-02,LOW,2024-11-11T04:29:24,2024-11-11T04:47:50.976764,2024-11-11T05:22:28.902092,CLOSED,,SUBSTATION-GW-02,False
ALT-CSE-02-02550,CSE-02,LOW,2024-11-22T16:22:15,2024-11-22T16:37:04.012049,2024-11-22T17:24:38.154275,CLOSED,,CORP-FW-02,False
ALT-CSE-02-02551,CSE-02,HIGH,2024-10-25T07:19:30,2024-10-25T07:22:43.755089,2024-10-25T08:26:57.972683,CLOSED,,ENERGY-EMS-SRV,False
ALT-CSE-02-02552,CSE-02,LOW,2024-11-07T13:56:56,2024-11-07T14:15:12.274504,2024-11-07T15:06:56.752339,CLOSED,,CORP-FW-02,False
ALT-CSE-02-02553,CSE-02,LOW,2024-12-15T05:40:45,2024-12-15T05:57:33.007977,2024-12-15T06:53:31.376168,CLOSED,,GRID-MONITOR-03,False
ALT-CSE-02-02554,CSE-02,LOW,2024-10-30T18:14:26,2024-10-30T18:27:50.526253,2024-10-30T19:06:47.529991,CLOSED,,CORP-FW-02,False
ALT-CSE-02-02555,CSE-02,CRITICAL,2024-12-17T20:06:51,2024-12-17T20:24:47.151343,2024-12-17T21:32:40.849950,CLOSED,,GRID-MONITOR-03,False
ALT-CSE-02-02556,CSE-02,MEDIUM,2024-11-05T03:15:33,2024-11-05T03:32:36.430739,2024-11-05T04:12:05.460891,CLOSED,,SUBSTATION-GW-02,False
ALT-CSE-02-02557,CSE-02,HIGH,2024-11-24T19:35:19,2024-11-24T19:50:24.036690,2024-11-24T20:39:43.191134,CLOSED,,SCADA-RTU-01,False
ALT-CSE-02-02558,CSE-02,LOW,2024-10-01T09:08:41,2024-10-01T09:13:02.605473,2024-10-01T10:37:54.391972,CLOSED,,GRID-MONITOR-03,False
ALT-CSE-02-02559,CSE-02,LOW,2024-11-28T21:45:15,2024-11-28T22:00:54.722289,2024-11-28T22:54:25.733706,CLOSED,,ENERGY-EMS-SRV,False
ALT-CSE-02-02560,CSE-02,LOW,2024-12-11T23:08:06,2024-12-11T23:22:16.184878,2024-12-11T23:41:22.106612,CLOSED,CAS-CSE-02-0111,GRID-MONITOR-03,False
ALT-CSE-02-02561,CSE-02,CRITICAL,2024-12-28T20:21:13,2024-12-28T20:25:31.894568,2024-12-28T21:36:38.797670,CLOSED,,SCADA-RTU-01,False
ALT-CSE-02-02562,CSE-02,MEDIUM,2024-12-01T13:07:15,2024-12-01T13:14:10.937513,2024-12-01T13:55:07.187283,CLOSED,,SUBSTATION-GW-02,False
ALT-CSE-02-02563,CSE-02,LOW,2024-12-19T04:16:28,2024-12-19T04:36:13.121084,2024-12-19T04:59:03.581559,CLOSED,,SUBSTATION-GW-02,False
ALT-CSE-02-02564,CSE-02,CRITICAL,2024-11-07T22:21:52,2024-11-07T22:29:55.508239,2024-11-07T23:13:23.333843,CLOSED,,SUBSTATION-GW-02,False
ALT-CSE-02-02565,CSE-02,MEDIUM,2024-12-05T20:07:07,2024-12-05T20:15:28.031673,2024-12-05T21:06:02.502690,CLOSED,,SUBSTATION-GW-02,False
ALT-CSE-02-02566,CSE-02,HIGH,2024-11-01T08:43:14,2024-11-01T08:49:33.828940,2024-11-01T09:43:13.993979,CLOSED,,SCADA-RTU-01,False
ALT-CSE-02-02567,CSE-02,HIGH,2024-12-02T10:46:34,2024-12-02T10:57:28.077275,2024-12-02T11:31:56.140051,CLOSED,,CORP-FW-02,False
ALT-CSE-02-02568,CSE-02,LOW,2024-10-07T08:43:57,2024-10-07T08:58:03.367553,2024-10-07T10:07:03.476894,CLOSED,,ENERGY-EMS-SRV,False
ALT-CSE-02-02569,CSE-02,MEDIUM,2024-10-19T09:51:41,2024-10-19T10:07:14.265417,2024-10-19T10:39:12.448222,CLOSED,,ENERGY-EMS-SRV,False
ALT-CSE-02-02570,CSE-02,CRITICAL,2024-12-12T09:26:36,2024-12-12T09:39:24.268833,2024-12-12T10:39:32.254895,CLOSED,,SUBSTATION-GW-02,False
ALT-CSE-02-02571,CSE-02,MEDIUM,2024-12-23T00:13:17,2024-12-23T00:25:47.998007,2024-12-23T01:39:24.014318,CLOSED,,GRID-MONITOR-03,False
ALT-CSE-02-02572,CSE-02,CRITICAL,2024-10-26T17:29:26,2024-10-26T17:36:17.416138,2024-10-26T18:14:04.891654,CLOSED,,SCADA-RTU-01,False
ALT-CSE-02-02573,CSE-02,CRITICAL,2024-11-30T04:05:19,2024-11-30T04:07:31.986608,2024-11-30T05:01:47.444251,CLOSED,,SUBSTATION-GW-02,False
ALT-CSE-02-02574,CSE-02,HIGH,2024-11-01T21:33:58,2024-11-01T21:48:36.812619,2024-11-01T22:14:39.952009,CLOSED,,GRID-MONITOR-03,False
ALT-CSE-02-02575,CSE-02,HIGH,2024-12-02T10:27:36,2024-12-02T10:33:34.260631,2024-12-02T11:20:57.044169,CLOSED,,GRID-MONITOR-03,False
ALT-CSE-02-02576,CSE-02,HIGH,2024-11-12T11:36:52,2024-11-12T11:41:09.455697,2024-11-12T12:25:04.174606,CLOSED,,ENERGY-EMS-SRV,False
ALT-CSE-02-02577,CSE-02,HIGH,2024-11-24T02:52:26,2024-11-24T03:11:06.892428,2024-11-24T03:36:09.592151,CLOSED,,SUBSTATION-GW-02,False
ALT-CSE-02-02578,CSE-02,LOW,2024-11-09T10:42:59,2024-11-09T10:52:41.229938,2024-11-09T11:30:03.383991,CLOSED,,CORP-FW-02,False
ALT-CSE-02-02579,CSE-02,HIGH,2024-12-14T22:39:25,2024-12-14T22:51:48.268812,2024-12-15T00:00:57.850842,CLOSED,,SUBSTATION-GW-02,False
ALT-CSE-02-02580,CSE-02,HIGH,2024-10-05T22:50:55,2024-10-05T23:07:53.850270,2024-10-06T00:18:25.706248,CLOSED,,SCADA-RTU-01,False
ALT-CSE-02-02581,CSE-02,HIGH,2024-10-25T17:27:18,2024-10-25T17:44:14.947031,2024-10-25T18:06:46.075388,CLOSED,,SCADA-RTU-01,False
ALT-CSE-02-02582,CSE-02,HIGH,2024-11-15T21:07:14,2024-11-15T21:20:22.228521,2024-11-15T22:20:23.333793,CLOSED,,ENERGY-EMS-SRV,False
ALT-CSE-02-02583,CSE-02,MEDIUM,2024-12-26T13:40:06,2024-12-26T13:47:17.063208,2024-12-26T14:34:07.206164,CLOSED,,CORP-FW-02,False
ALT-CSE-02-02584,CSE-02,CRITICAL,2024-10-13T18:38:39,2024-10-13T18:51:30.262851,2024-10-13T19:42:53.324739,CLOSED,CAS-CSE-02-0112,CORP-FW-02,False
ALT-CSE-02-02585,CSE-02,CRITICAL,2024-11-12T21:00:45,2024-11-12T21:08:59.368395,2024-11-12T21:41:30.439568,CLOSED,,ENERGY-EMS-SRV,False
ALT-CSE-02-02586,CSE-02,HIGH,2024-12-04T20:27:13,2024-12-04T20:45:46.692651,2024-12-04T21:53:53.846487,CLOSED,,SCADA-RTU-01,False
ALT-CSE-02-02587,CSE-02,MEDIUM,2024-10-09T16:43:06,2024-10-09T16:52:41.136207,2024-10-09T17:51:52.027924,CLOSED,,SCADA-RTU-01,False
ALT-CSE-02-02588,CSE-02,LOW,2024-12-08T13:33:39,2024-12-08T13:42:41.923997,2024-12-08T14:41:07.434031,CLOSED,,CORP-FW-02,False
ALT-CSE-02-02589,CSE-02,CRITICAL,2024-10-01T08:59:00,2024-10-01T09:13:54.512735,2024-10-01T10:18:13.224908,CLOSED,,ENERGY-EMS-SRV,False
ALT-CSE-02-02590,CSE-02,LOW,2024-11-08T02:06:57,2024-11-08T02:13:45.409325,2024-11-08T02:48:15.822286,CLOSED,,CORP-FW-02,False
ALT-CSE-02-02591,CSE-02,LOW,2024-11-10T14:56:59,2024-11-10T15:09:34.298635,2024-11-10T15:38:25.242086,CLOSED,,SCADA-RTU-01,False
ALT-CSE-02-02592,CSE-02,MEDIUM,2024-11-14T23:46:24,2024-11-14T23:59:43.591447,2024-11-15T00:22:08.085004,CLOSED,,GRID-MONITOR-03,False
ALT-CSE-02-02593,CSE-02,HIGH,2024-11-18T13:36:38,2024-11-18T13:42:56.094624,2024-11-18T14:11:51.121192,CLOSED,,CORP-FW-02,False
ALT-CSE-02-02594,CSE-02,LOW,2024-12-29T07:57:07,2024-12-29T08:07:08.720348,2024-12-29T08:57:33.931668,CLOSED,,SCADA-RTU-01,False
ALT-CSE-02-02595,CSE-02,CRITICAL,2024-12-28T22:26:19,2024-12-28T22:32:14.763237,2024-12-28T23:26:26.587388,CLOSED,,SCADA-RTU-01,False
ALT-CSE-02-02596,CSE-02,CRITICAL,2024-11-27T02:08:34,2024-11-27T02:11:20.858462,2024-11-27T02:37:27.988609,CLOSED,,SUBSTATION-GW-02,False
ALT-CSE-02-02597,CSE-02,HIGH,2024-12-10T23:05:01,2024-12-10T23:22:30.304140,2024-12-11T00:11:58.016045,CLOSED,,GRID-MONITOR-03,False
ALT-CSE-02-02598,CSE-02,LOW,2024-10-28T13:02:13,2024-10-28T13:11:27.686207,2024-10-28T14:03:03.962493,CLOSED,,SUBSTATION-GW-02,False
ALT-CSE-02-02599,CSE-02,MEDIUM,2024-10-31T00:10:35,2024-10-31T00:29:56.041165,2024-10-31T01:18:06.467822,CLOSED,,ENERGY-EMS-SRV,False
