alert_id,cse_id,severity,created_at,acknowledged_at,closed_at,status,case_id,asset_id,escalated
ALT-CSE-01-00000,CSE-01,HIGH,2024-12-02T15:01:40,2024-12-02T15:06:56.825409,2024-12-02T16:54:21.582566,CLOSED,,FIREWALL-01,False
ALT-CSE-01-00001,CSE-01,MEDIUM,2024-10-09T06:44:53,2024-10-09T06:56:26.601344,2024-10-09T09:01:54.175034,CLOSED,,DB-SERVER-01,False
ALT-CSE-01-00002,CSE-01,CRITICAL,2024-10-17T06:31:25,2024-10-17T06:39:31.788117,2024-10-17T07:26:22.132723,CLOSED,CAS-CSE-01-0001,FIREWALL-01,False
ALT-CSE-01-00003,CSE-01,HIGH,2024-12-04T19:30:37,2024-12-04T19:32:53.427465,2024-12-04T21:32:10.918285,CLOSED,,FIREWALL-01,False
ALT-CSE-01-00004,CSE-01,MEDIUM,2024-12-25T07:02:51,2024-12-25T07:07:29.639221,2024-12-25T09:57:19.373697,CLOSED,CAS-CSE-01-0002,DB-SERVER-01,False
ALT-CSE-01-00005,CSE-01,MEDIUM,2024-12-20T07:29:55,2024-12-20T07:44:52.147128,2024-12-20T09:13:40.315407,CLOSED,,ENDPOINT-01,False
ALT-CSE-01-00006,CSE-01,MEDIUM,2024-12-01T17:30:09,2024-12-01T17:40:47.215307,2024-12-01T19:23:40.698160,CLOSED,,WEB-SERVER-01,False
ALT-CSE-01-00007,CSE-01,HIGH,2024-11-22T04:09:07,2024-11-22T04:16:42.516046,2024-11-22T06:19:51.370770,CLOSED,,ENDPOINT-01,False
ALT-CSE-01-00008,CSE-01,MEDIUM,2024-10-18T16:34:53,2024-10-18T16:48:48.527087,2024-10-18T17:28:02.629114,CLOSED,,DB-SERVER-01,False
ALT-CSE-01-00009,CSE-01,MEDIUM,2024-12-16T09:27:13,2024-12-16T09:34:45.603814,2024-12-16T10:41:39.406536,CLOSED,,ROUTER-01,False
ALT-CSE-01-00010,CSE-01,MEDIUM,2024-11-18T09:59:33,2024-11-18T10:03:06.242196,2024-11-18T11:29:14.218205,CLOSED,,ROUTER-01,False
ALT-CSE-01-00011,CSE-01,CRITICAL,2024-11-13T04:59:37,2024-11-13T05:10:43.730404,2024-11-13T05:43:34.065524,CLOSED,CAS-CSE-01-0003,WEB-SERVER-01,False
ALT-CSE-01-00012,CSE-01,MEDIUM,2024-11-18T15:17:41,2024-11-18T15:25:39.397584,2024-11-18T17:51:18.533240,CLOSED,,WEB-SERVER-01,False
ALT-CSE-01-00013,CSE-01,HIGH,2024-11-16T14:16:19,2024-11-16T14:21:38.181879,2024-11-16T16:57:45.093770,CLOSED,,DB-SERVER-01,False
ALT-CSE-01-00014,CSE-01,HIGH,2024-11-12T15:26:03,2024-11-12T15:28:25.889053,2024-11-12T17:37:51.693100,CLOSED,,FIREWALL-01,False
ALT-CSE-01-00015,CSE-01,LOW,2024-12-08T19:13:57,2024-12-08T19:26:27.127992,2024-12-08T20:01:46.983332,CLOSED,,FIREWALL-01,False
ALT-CSE-01-00016,CSE-01,LOW,2024-10-20T22:57:23,2024-10-20T23:09:21.210009,2024-10-21T00:36:50.271180,CLOSED,,DB-SERVER-01,False
ALT-CSE-01-00017,CSE-01,CRITICAL,2024-11-08T03:14:29,2024-11-08T03:22:47.446687,2024-11-08T04:05:39.870319,CLOSED,CAS-CSE-01-0004,ENDPOINT-01,False
ALT-CSE-01-00018,CSE-01,MEDIUM,2024-10-30T23:06:01,2024-10-30T23:12:04.872682,2024-10-31T00:33:29.559636,CLOSED,,WEB-SERVER-01,False
ALT-CSE-01-00019,CSE-01,MEDIUM,2024-12-08T15:52:41,2024-12-08T16:06:05.434968,2024-12-08T17:49:13.975945,CLOSED,,WEB-SERVER-01,False
ALT-CSE-01-00020,CSE-01,MEDIUM,2024-10-07T02:21:38,2024-10-07T02:30:55.397727,2024-10-07T04:39:43.488104,CLOSED,,FIREWALL-01,False
ALT-CSE-01-00021,CSE-01,MEDIUM,2024-10-21T17:37:15,2024-10-21T17:40:39.631060,2024-10-21T19:40:33.158013,CLOSED,,ROUTER-01,False
ALT-CSE-01-00022,CSE-01,LOW,2024-12-01T13:11:29,2024-12-01T13:25:36.618112,2024-12-01T15:10:29.670480,CLOSED,,WEB-SERVER-01,False
ALT-CSE-01-00023,CSE-01,MEDIUM,2024-12-18T22:34:03,2024-12-18T22:35:37.227595,2024-12-19T00:28:16.869754,CLOSED,,ROUTER-01,False
ALT-CSE-01-00024,CSE-01,HIGH,2024-10-01T20:22:51,2024-10-01T20:33:17.047609,2024-10-01T22:51:58.043889,CLOSED,,DB-SERVER-01,False
ALT-CSE-01-00025,CSE-01,HIGH,2024-11-26T07:07:31,2024-11-26T07:12:18.667821,2024-11-26T08:40:37.861879,CLOSED,,ENDPOINT-01,False
ALT-CSE-01-00026,CSE-01,MEDIUM,2024-12-23T06:14:05,2024-12-23T06:16:05.323095,2024-12-23T07:31:41.506386,CLOSED,,FIREWALL-01,False
ALT-CSE-01-00027,CSE-01,MEDIUM,2024-12-26T23:59:18,2024-12-27T00:13:51.527067,2024-12-27T01:08:26.092568,CLOSED,,FIREWALL-01,False
ALT-CSE-01-00028,CSE-01,CRITICAL,2024-12-19T08:56:59,2024-12-19T09:11:41.464042,2024-12-19T09:50:54.435575,CLOSED,CAS-CSE-01-0005,WEB-SERVER-01,False
ALT-CSE-01-00029,CSE-01,LOW,2024-12-02T08:37:12,2024-12-02T08:49:13.541161,2024-12-02T10:56:38.031928,CLOSED,,ROUTER-01,False
ALT-CSE-01-00030,CSE-01,MEDIUM,2024-11-15T13:31:15,2024-11-15T13:41:42.359211,2024-11-15T15:06:46.906948,CLOSED,,FIREWALL-01,False
ALT-CSE-01-00031,CSE-01,CRITICAL,2024-12-26T09:46:52,2024-12-26T09:50:53.972611,2024-12-26T10:35:41.118793,CLOSED,CAS-CSE-01-0006,WEB-SERVER-01,False
ALT-CSE-01-00032,CSE-01,LOW,2024-11-13T20:58:43,2024-11-13T21:03:45.855141,2024-11-13T23:06:59.299109,CLOSED,,WEB-SERVER-01,False
ALT-CSE-01-00033,CSE-01,LOW,2024-10-17T05:27:55,2024-10-17T05:37:50.032439,2024-10-17T08:07:51.953852,CLOSED,,DB-SERVER-01,False
ALT-CSE-01-00034,CSE-01,LOW,2024-11-28T06:46:33,2024-11-28T06:59:36.202397,2024-11-28T08:19:08.678260,CLOSED,CAS-CSE-01-0007,FIREWALL-01,False
ALT-CSE-01-00035,CSE-01,MEDIUM,2024-10-02T12:48:53,2024-10-02T12:53:50.553059,2024-10-02T15:00:32.318559,CLOSED,,ROUTER-01,False
ALT-CSE-01-00036,CSE-01,MEDIUM,2024-10-24T02:31:53,2024-10-24T02:43:15.235443,2024-10-24T05:24:14.525950,CLOSED,,FIREWALL-01,False
ALT-CSE-01-00037,CSE-01,CRITICAL,2024-12-19T16:51:51,2024-12-19T16:59:26.266449,2024-12-19T17:28:20.473328,CLOSED,CAS-CSE-01-0008,WEB-SERVER-01,False
ALT-CSE-01-00038,CSE-01,MEDIUM,2024-12-04T00:48:13,2024-12-04T00:55:46.612376,2024-12-04T01:38:44.530934,CLOSED,,DB-SERVER-01,False
ALT-CSE-01-00039,CSE-01,MEDIUM,2024-10-29T04:48:38,2024-10-29T04:59:09.964319,2024-10-29T07:15:27.880144,CLOSED,,DB-SERVER-01,False
ALT-CSE-01-00040,CSE-01,MEDIUM,2024-10-24T02:49:11,2024-10-24T02:59:50.175095,2024-10-24T04:18:57.082635,CLOSED,CAS-CSE-01-0009,ROUTER-01,False
ALT-CSE-01-00041,CSE-01,HIGH,2024-10-10T07:49:10,2024-10-10T07:54:08.233000,2024-10-10T10:13:48.982343,CLOSED,,ENDPOINT-01,False
ALT-CSE-01-00042,CSE-01,HIGH,2024-10-17T13:56:24,2024-10-17T14:07:30.898884,2024-10-17T14:50:16.255251,CLOSED,CAS-CSE-01-0010,DB-SERVER-01,False
ALT-CSE-01-00043,CSE-01,MEDIUM,2024-10-01T09:16:54,2024-10-01T09:30:02.205157,2024-10-01T12:25:04.935596,CLOSED,CAS-CSE-01-0011,FIREWALL-01,False
ALT-CSE-01-00044,CSE-01,CRITICAL,2024-11-08T12:53:27,2024-11-08T12:55:01.722969,2024-11-08T13:28:52.795604,CLOSED,,ENDPOINT-01,False
ALT-CSE-01-00045,CSE-01,CRITICAL,2024-11-25T16:06:22,2024-11-25T16:16:29.552429,2024-11-25T16:51:08.632283,CLOSED,CAS-CSE-01-0012,WEB-SERVER-01,False
ALT-CSE-01-00046,CSE-01,CRITICAL,2024-12-13T23:33:24,2024-12-13T23:46:36.065867,2024-12-14T00:02:06.777047,CLOSED,CAS-CSE-01-0013,ENDPOINT-01,False
ALT-CSE-01-00047,CSE-01,MEDIUM,2024-10-27T06:26:24,2024-10-27T06:32:53.665552,2024-10-27T08:47:24.238192,CLOSED,,WEB-SERVER-01,False
ALT-CSE-01-00048,CSE-01,MEDIUM,2024-11-16T07:54:28,2024-11-16T08:04:27.753708,2024-11-16T09:46:14.625789,CLOSED,,DB-SERVER-01,False
ALT-CSE-01-00049,CSE-01,HIGH,2024-11-24T18:02:14,2024-11-24T18:07:38.929949,2024-11-24T19:34:40.286511,CLOSED,,ENDPOINT-01,False
ALT-CSE-01-00050,CSE-01,MEDIUM,2024-10-01T03:09:21,2024-10-01T03:15:24.655079,2024-10-01T06:16:07.657104,CLOSED,,ENDPOINT-01,False
ALT-CSE-01-00051,CSE-01,LOW,2024-11-29T05:33:34,2024-11-29T05:35:39.409841,2024-11-29T07:20:02.756450,CLOSED,CAS-CSE-01-0014,DB-SERVER-01,False
ALT-CSE-01-00052,CSE-01,HIGH,2024-12-20T22:07:52,2024-12-20T22:10:46.354426,2024-12-21T00:12:40.531769,CLOSED,,ENDPOINT-01,False
ALT-CSE-01-00053,CSE-01,HIGH,2024-12-09T20:26:00,2024-12-09T20:34:51.795621,2024-12-09T22:15:44.970362,CLOSED,,ENDPOINT-01,False
ALT-CSE-01-00054,CSE-01,HIGH,2024-10-15T10:52:08,2024-10-15T10:58:04.949147,2024-10-15T12:44:29.157042,CLOSED,,DB-SERVER-01,False
ALT-CSE-01-00055,CSE-01,HIGH,2024-10-15T03:26:18,2024-10-15T03:31:31.761894,2024-10-15T05:08:16.558626,CLOSED,,ROUTER-01,False
ALT-CSE-01-00056,CSE-01,CRITICAL,2024-12-15T17:28:38,2024-12-15T17:38:48.774401,2024-12-15T18:28:18.880019,CLOSED,,DB-SERVER-01,False
ALT-CSE-01-00057,CSE-01,HIGH,2024-10-26T20:13:27,2024-10-26T20:17:58.373568,2024-10-26T21:33:00.564414,CLOSED,CAS-CSE-01-0015,DB-SERVER-01,False
ALT-CSE-01-00058,CSE-01,MEDIUM,2024-10-24T04:01:21,2024-10-24T04:09:13.377365,2024-10-24T05:51:18.068624,CLOSED,,FIREWALL-01,False
ALT-CSE-01-00059,CSE-01,HIGH,2024-12-21T20:30:45,2024-12-21T20:39:44.746788,2024-12-21T22:03:13.084782,CLOSED,,WEB-SERVER-01,False
ALT-CSE-01-00060,CSE-01,CRITICAL,2024-12-11T11:43:58,2024-12-11T11:56:53.122798,2024-12-11T12:24:10.338677,CLOSED,CAS-CSE-01-0016,FIREWALL-01,False
ALT-CSE-01-00061,CSE-01,MEDIUM,2024-12-17T01:34:57,2024-12-17T01:46:56.356640,2024-12-17T02:57:19.871438,CLOSED,,ENDPOINT-01,False
ALT-CSE-01-00062,CSE-01,HIGH,2024-12-10T14:12:04,2024-12-10T14:22:47.805179,2024-12-10T16:04:39.548461,CLOSED,,DB-SERVER-01,False
ALT-CSE-01-00063,CSE-01,CRITICAL,2024-12-16T09:15:24,2024-12-16T09:19:19.117662,2024-12-16T10:12:56.953977,CLOSED,CAS-CSE-01-0017,FIREWALL-01,False
ALT-CSE-01-00064,CSE-01,LOW,2024-10-13T10:29:51,2024-10-13T10:40:06.747592,2024-10-13T11:59:19.468702,CLOSED,CAS-CSE-01-0018,DB-SERVER-01,False
ALT-CSE-01-00065,CSE-01,LOW,2024-10-26T05:29:22,2024-10-26T05:30:36.527556,2024-10-26T07:01:09.369983,CLOSED,,DB-SERVER-01,False
ALT-CSE-01-00066,CSE-01,MEDIUM,2024-12-21T07:04:33,2024-12-21T07:06:53.424952,2024-12-21T09:36:02.103245,CLOSED,,DB-SERVER-01,False
ALT-CSE-01-00067,CSE-01,LOW,2024-11-30T02:25:08,2024-11-30T02:31:03.886699,2024-11-30T05:00:54.605201,CLOSED,,WEB-SERVER-01,False
ALT-CSE-01-00068,CSE-01,CRITICAL,2024-12-25T03:26:21,2024-12-25T03:38:39.164729,2024-12-25T04:18:24.300955,CLOSED,CAS-CSE-01-0019,ROUTER-01,False
ALT-CSE-01-00069,CSE-01,MEDIUM,2024-10-28T15:41:17,2024-10-28T15:42:26.438818,2024-10-28T17:33:47.460307,CLOSED,,WEB-SERVER-01,False
ALT-CSE-01-00070,CSE-01,MEDIUM,2024-12-02T13:13:38,2024-12-02T13:20:09.900579,2024-12-02T15:00:51.059929,CLOSED,,ROUTER-01,False
ALT-CSE-01-00071,CSE-01,CRITICAL,2024-12-18T16:45:32,2024-12-18T16:58:22.000442,2024-12-18T17:39:52.091122,CLOSED,CAS-CSE-01-0020,DB-SERVER-01,False
ALT-CSE-01-00072,CSE-01,CRITICAL,2024-11-17T22:22:15,2024-11-17T22:30:09.433941,2024-11-17T22:59:45.477963,CLOSED,CAS-CSE-01-0021,ROUTER-01,False
ALT-CSE-01-00073,CSE-01,MEDIUM,2024-11-13T22:09:16,2024-11-13T22:11:47.079186,2024-11-13T23:36:09.868159,CLOSED,,ROUTER-01,False
ALT-CSE-01-00074,CSE-01,MEDIUM,2024-11-05T18:15:45,2024-11-05T18:26:19.366400,2024-11-05T20:38:58.599756,CLOSED,,ROUTER-01,False
ALT-CSE-01-00075,CSE-01,MEDIUM,2024-10-27T22:47:43,2024-10-27T22:55:13.875471,2024-10-28T00:45:21.195623,CLOSED,,FIREWALL-01,False
ALT-CSE-01-00076,CSE-01,HIGH,2024-11-09T13:26:29,2024-11-09T13:33:55.515482,2024-11-09T15:41:51.114310,CLOSED,,FIREWALL-01,False
ALT-CSE-01-00077,CSE-01,LOW,2024-12-18T12:13:46,2024-12-18T12:25:37.682472,2024-12-18T14:22:43.664715,CLOSED,,FIREWALL-01,False
ALT-CSE-01-00078,CSE-01,HIGH,2024-12-04T23:44:32,2024-12-04T23:54:28.233515,2024-12-05T01:25:09.867894,CLOSED,,ENDPOINT-01,False
ALT-CSE-01-00079,CSE-01,HIGH,2024-10-21T01:16:02,2024-10-21T01:21:08.549807,2024-10-21T04:05:27.811429,CLOSED,,ROUTER-01,False
ALT-CSE-01-00080,CSE-01,MEDIUM,2024-12-03T18:48:44,2024-12-03T19:02:10.522567,2024-12-03T22:00:35.092995,CLOSED,,FIREWALL-01,False
ALT-CSE-01-00081,CSE-01,LOW,2024-11-02T07:37:17,2024-11-02T07:44:11.627466,2024-11-02T08:57:43.139513,CLOSED,,WEB-SERVER-01,False
ALT-CSE-01-00082,CSE-01,MEDIUM,2024-12-12T04:47:47,2024-12-12T04:59:07.958609,2024-12-12T05:52:31.156754,CLOSED,,FIREWALL-01,False
ALT-CSE-01-00083,CSE-01,HIGH,2024-11-26T06:32:36,2024-11-26T06:36:39.037195,2024-11-26T08:05:37.684899,CLOSED,,ENDPOINT-01,False
ALT-CSE-01-00084,CSE-01,HIGH,2024-12-26T20:45:17,2024-12-26T20:51:26.047074,2024-12-26T21:59:26.497363,CLOSED,,ENDPOINT-01,False
ALT-CSE-01-00085,CSE-01,HIGH,2024-12-14T12:21:17,2024-12-14T12:29:11.014284,2024-12-14T15:14:18.374473,CLOSED,,WEB-SERVER-01,False
ALT-CSE-01-00086,CSE-01,HIGH,2024-11-16T17:45:14,2024-11-16T17:58:42.266569,2024-11-16T20:26:42.001943,CLOSED,,ROUTER-01,False
ALT-CSE-01-00087,CSE-01,HIGH,2024-12-02T10:54:51,2024-12-02T11:07:48.961166,2024-12-02T12:41:14.502094,CLOSED,,ROUTER-01,False
ALT-CSE-01-00088,CSE-01,CRITICAL,2024-12-24T15:02:55,2024-12-24T15:12:43.222818,2024-12-24T15:53:15.909624,CLOSED,CAS-CSE-01-0022,WEB-SERVER-01,False
ALT-CSE-01-00089,CSE-01,MEDIUM,2024-11-29T15:29:07,2024-11-29T15:38:20.586554,2024-11-29T16:24:28.478141,CLOSED,,WEB-SERVER-01,False
ALT-CSE-01-00090,CSE-01,HIGH,2024-12-15T20:54:31,2024-12-15T21:01:13.591499,2024-12-15T23:20:02.197952,CLOSED,,WEB-SERVER-01,False
ALT-CSE-01-00091,CSE-01,CRITICAL,2024-11-27T01:55:27,2024-11-27T02:10:21.943117,2024-11-27T02:43:19.705972,CLOSED,,ENDPOINT-01,False
ALT-CSE-01-00092,CSE-01,CRITICAL,2024-11-24T23:10:46,2024-11-24T23:17:06.648795,2024-11-24T23:50:11.839888,CLOSED,CAS-CSE-01-0023,WEB-SERVER-01,False
ALT-CSE-01-00093,CSE-01,HIGH,2024-12-10T10:03:18,2024-12-10T10:09:51.001550,2024-12-10T10:17:41.974648,CLOSED,,ENDPOINT-01,False
ALT-CSE-01-00094,CSE-01,HIGH,2024-10-13T20:18:16,2024-10-13T20:27:26.174467,2024-10-13T22:44:44.223560,CLOSED,,WEB-SERVER-01,False
ALT-CSE-01-00095,CSE-01,CRITICAL,2024-12-10T21:17:26,2024-12-10T21:20:47.920471,2024-12-10T22:20:39.221230,CLOSED,CAS-CSE-01-0024,ROUTER-01,False
ALT-CSE-01-00096,CSE-01,LOW,2024-11-21T05:01:33,2024-11-21T05:11:20.588269,2024-11-21T08:20:22.398813,CLOSED,,ENDPOINT-01,False
ALT-CSE-01-00097,CSE-01,CRITICAL,2024-10-25T01:48:57,2024-10-25T02:03:40.404954,2024-10-25T02:45:36.553396,CLOSED,CAS-CSE-01-0025,FIREWALL-01,False
ALT-CSE-01-00098,CSE-01,HIGH,2024-12-18T01:15:50,2024-12-18T01:17:07.523235,2024-12-18T03:23:07.132998,CLOSED,,ROUTER-01,False
ALT-CSE-01-00099,CSE-01,CRITICAL,2024-10-26T18:04:12,2024-10-26T18:08:32.559103,2024-10-26T18:55:05.729630,CLOSED,CAS-CSE-01-0026,WEB-SERVER-01,False
ALT-CSE-01-00100,CSE-01,LOW,2024-12-10T02:20:07,2024-12-10T02:31:22.733668,2024-12-10T04:01:14.539999,CLOSED,,WEB-SERVER-01,False
ALT-CSE-01-00101,CSE-01,MEDIUM,2024-12-17T23:36:33,2024-12-17T23:50:40.373879,2024-12-18T01:59:05.443099,CLOSED,,DB-SERVER-01,False
ALT-CSE-01-00102,CSE-01,HIGH,2024-12-09T12:19:45,2024-12-09T12:25:27.555750,2024-12-09T13:51:10.466331,CLOSED,CAS-CSE-01-0027,ENDPOINT-01,False
ALT-CSE-01-00103,CSE-01,CRITICAL,2024-10-31T04:24:19,2024-10-31T04:29:05.245087,2024-10-31T05:00:23.323929,CLOSED,CAS-CSE-01-0028,ROUTER-01,False
ALT-CSE-01-00104,CSE-01,CRITICAL,2024-10-24T18:35:11,2024-10-24T18:47:28.814212,2024-10-24T19:50:16.226957,CLOSED,CAS-CSE-01-0029,ENDPOINT-01,False
ALT-CSE-01-00105,CSE-01,LOW,2024-12-09T12:53:49,2024-12-09T13:06:36.298006,2024-12-09T14:19:20.839061,CLOSED,,DB-SERVER-01,False
ALT-CSE-01-00106,CSE-01,LOW,2024-12-10T17:40:12,2024-12-10T17:42:56.328897,2024-12-10T19:34:29.555208,CLOSED,,ROUTER-01,False
ALT-CSE-01-00107,CSE-01,MEDIUM,2024-12-24T15:55:55,2024-12-24T16:04:09.209457,2024-12-24T17:08:35.785152,CLOSED,CAS-CSE-01-0030,FIREWALL-01,False
ALT-CSE-01-00108,CSE-01,CRITICAL,2024-11-20T10:53:52,2024-11-20T10:55:50.792311,2024-11-20T11:46:22.166661,CLOSED,CAS-CSE-01-0031,ROUTER-01,False
ALT-CSE-01-00109,CSE-01,LOW,2024-12-07T08:25:15,2024-12-07T08:31:16.190098,2024-12-07T10:25:48.623797,CLOSED,,ENDPOINT-01,False
ALT-CSE-01-00110,CSE-01,MEDIUM,2024-11-02T12:56:27,2024-11-02T13:09:07.032401,2024-11-02T15:08:57.676204,CLOSED,,ROUTER-01,False
ALT-CSE-01-00111,CSE-01,MEDIUM,2024-10-18T01:33:17,2024-10-18T01:47:02.018953,2024-10-18T02:35:20.457741,CLOSED,,ENDPOINT-01,False
ALT-CSE-01-00112,CSE-01,CRITICAL,2024-11-19T09:18:34,2024-11-19T09:32:00.940491,2024-11-19T10:18:11.654517,CLOSED,CAS-CSE-01-0032,FIREWALL-01,False
ALT-CSE-01-00113,CSE-01,CRITICAL,2024-11-25T22:30:33,2024-11-25T22:43:11.153694,2024-11-25T23:22:00.779983,CLOSED,CAS-CSE-01-0033,WEB-SERVER-01,False
ALT-CSE-01-00114,CSE-01,MEDIUM,2024-11-07T12:29:31,2024-11-07T12:32:19.349387,2024-11-07T14:43:11.354684,CLOSED,,WEB-SERVER-01,False
ALT-CSE-01-00115,CSE-01,MEDIUM,2024-12-27T05:45:23,2024-12-27T05:47:03.237889,2024-12-27T07:44:21.094749,CLOSED,,FIREWALL-01,False
ALT-CSE-01-00116,CSE-01,HIGH,2024-10-16T21:32:12,2024-10-16T21:34:05.029818,2024-10-16T22:23:46.902824,CLOSED,,ROUTER-01,False
ALT-CSE-01-00117,CSE-01,MEDIUM,2024-12-05T03:58:48,2024-12-05T04:07:20.788616,2024-12-05T05:32:13.036863,CLOSED,,ENDPOINT-01,False
ALT-CSE-01-00118,CSE-01,CRITICAL,2024-10-16T13:40:43,2024-10-16T13:50:18.758364,2024-10-16T14:15:40.006874,CLOSED,,WEB-SERVER-01,False
ALT-CSE-01-00119,CSE-01,HIGH,2024-11-04T11:49:56,2024-11-04T12:02:49.357300,2024-11-04T14:25:37.287956,CLOSED,,ENDPOINT-01,False
ALT-CSE-01-00120,CSE-01,MEDIUM,2024-10-14T07:06:14,2024-10-14T07:20:45.407459,2024-10-14T10:13:42.178886,CLOSED,,DB-SERVER-01,False
ALT-CSE-01-00121,CSE-01,MEDIUM,2024-12-15T12:45:36,2024-12-15T12:54:13.239715,2024-12-15T15:02:52.016862,CLOSED,,FIREWALL-01,False
ALT-CSE-01-00122,CSE-01,HIGH,2024-11-17T16:36:07,2024-11-17T16:50:25.209042,2024-11-17T18:31:00.443824,CLOSED,,ROUTER-01,False
ALT-CSE-01-00123,CSE-01,LOW,2024-11-27T09:30:42,2024-11-27T09:40:31.723821,2024-11-27T11:29:23.744836,CLOSED,,DB-SERVER-01,False
ALT-CSE-01-00124,CSE-01,HIGH,2024-10-18T00:31:22,2024-10-18T00:41:36.338981,2024-10-18T01:59:37.051754,CLOSED,,FIREWALL-01,False
ALT-CSE-01-00125,CSE-01,MEDIUM,2024-12-16T23:36:10,2024-12-16T23:42:25.623637,2024-12-17T01:38:59.987624,CLOSED,,WEB-SERVER-01,False
ALT-CSE-01-00126,CSE-01,LOW,2024-11-23T13:16:01,2024-11-23T13:26:32.301826,2024-11-23T15:40:48.406405,CLOSED,,WEB-SERVER-01,False
ALT-CSE-01-00127,CSE-01,MEDIUM,2024-10-03T08:35:15,2024-10-03T08:38:46.204542,2024-10-03T10:04:31.684373,CLOSED,,DB-SERVER-01,False
ALT-CSE-01-00128,CSE-01,MEDIUM,2024-11-12T17:58:04,2024-11-12T18:10:44.763178,2024-11-12T19:22:24.464978,CLOSED,,WEB-SERVER-01,False
ALT-CSE-01-00129,CSE-01,LOW,2024-11-30T18:42:03,2024-11-30T18:51:06.631735,2024-11-30T20:12:54.544788,CLOSED,,DB-SERVER-01,False
ALT-CSE-01-00130,CSE-01,HIGH,2024-11-23T11:27:30,2024-11-23T11:40:19.396756,2024-11-23T13:48:02.166219,CLOSED,,ROUTER-01,False
ALT-CSE-01-00131,CSE-01,CRITICAL,2024-12-19T05:37:07,2024-12-19T05:40:38.891327,2024-12-19T06:13:25.204215,CLOSED,CAS-CSE-01-0034,FIREWALL-01,False
ALT-CSE-01-00132,CSE-01,CRITICAL,2024-10-28T07:21:39,2024-10-28T07:24:12.737498,2024-10-28T08:14:24.297530,CLOSED,CAS-CSE-01-0035,ENDPOINT-01,False
ALT-CSE-01-00133,CSE-01,HIGH,2024-12-20T06:08:44,2024-12-20T06:17:15.720215,2024-12-20T07:45:45.703389,CLOSED,CAS-CSE-01-0036,ENDPOINT-01,False
ALT-CSE-01-00134,CSE-01,MEDIUM,2024-11-26T04:40:46,2024-11-26T04:53:39.614052,2024-11-26T07:11:39.525816,CLOSED,,ENDPOINT-01,False
ALT-CSE-01-00135,CSE-01,HIGH,2024-11-12T17:28:16,2024-11-12T17:33:10.035934,2024-11-12T20:31:59.863679,CLOSED,,ENDPOINT-01,False
ALT-CSE-01-00136,CSE-01,MEDIUM,2024-10-11T07:04:36,2024-10-11T07:18:31.233525,2024-10-11T07:50:49.588767,CLOSED,,DB-SERVER-01,False
ALT-CSE-01-00137,CSE-01,LOW,2024-11-20T04:06:21,2024-11-20T04:15:11.214387,2024-11-20T04:57:15.696164,CLOSED,,FIREWALL-01,False
ALT-CSE-01-00138,CSE-01,HIGH,2024-12-22T07:13:59,2024-12-22T07:21:57.752442,2024-12-22T08:57:26.751346,CLOSED,,WEB-SERVER-01,False
ALT-CSE-01-00139,CSE-01,HIGH,2024-11-27T21:22:19,2024-11-27T21:27:30.422468,2024-11-27T23:30:18.582954,CLOSED,,DB-SERVER-01,False
ALT-CSE-01-00140,CSE-01,HIGH,2024-11-14T19:29:09,2024-11-14T19:30:21.508853,2024-11-14T22:46:45.058299,CLOSED,,ENDPOINT-01,False
ALT-CSE-01-00141,CSE-01,HIGH,2024-10-25T12:19:35,2024-10-25T12:31:56.906165,2024-10-25T14:54:11.454990,CLOSED,CAS-CSE-01-0037,DB-SERVER-01,False
ALT-CSE-01-00142,CSE-01,MEDIUM,2024-10-30T23:05:31,2024-10-30T23:16:34.596822,2024-10-31T01:29:15.805209,CLOSED,,ENDPOINT-01,False
ALT-CSE-01-00143,CSE-01,CRITICAL,2024-10-13T03:24:24,2024-10-13T03:37:26.368270,2024-10-13T04:20:26.379813,CLOSED,CAS-CSE-01-0038,WEB-SERVER-01,False
ALT-CSE-01-00144,CSE-01,MEDIUM,2024-10-24T00:02:33,2024-10-24T00:04:10.887021,2024-10-24T01:41:06.588625,CLOSED,,ROUTER-01,False
ALT-CSE-01-00145,CSE-01,MEDIUM,2024-11-07T12:47:26,2024-11-07T12:49:57.763523,2024-11-07T14:27:33.719369,CLOSED,,FIREWALL-01,False
ALT-CSE-01-00146,CSE-01,CRITICAL,2024-11-20T07:33:36,2024-11-20T07:39:27.536945,2024-11-20T08:04:12.240041,CLOSED,CAS-CSE-01-0039,ROUTER-01,False
ALT-CSE-01-00147,CSE-01,MEDIUM,2024-11-05T09:02:08,2024-11-05T09:10:58.090034,2024-11-05T11:01:54.394815,CLOSED,,FIREWALL-01,False
ALT-CSE-01-00148,CSE-01,HIGH,2024-11-29T22:59:05,2024-11-29T23:09:49.363411,2024-11-30T00:13:09.211478,CLOSED,CAS-CSE-01-0040,ENDPOINT-01,False
ALT-CSE-01-00149,CSE-01,MEDIUM,2024-10-08T05:24:20,2024-10-08T05:38:31.117961,2024-10-08T07:36:21.474418,CLOSED,,DB-SERVER-01,False
ALT-CSE-01-00150,CSE-01,MEDIUM,2024-11-29T06:21:27,2024-11-29T06:30:28.220510,2024-11-29T08:55:01.862568,CLOSED,,ROUTER-01,False
ALT-CSE-01-00151,CSE-01,HIGH,2024-12-16T08:47:41,2024-12-16T08:59:30.943411,2024-12-16T09:52:35.788679,CLOSED,,WEB-SERVER-01,False
ALT-CSE-01-00152,CSE-01,MEDIUM,2024-12-09T17:07:59,2024-12-09T17:17:37.605850,2024-12-09T17:50:02.996607,CLOSED,,ENDPOINT-01,False
ALT-CSE-01-00153,CSE-01,LOW,2024-10-10T02:15:13,2024-10-10T02:19:26.384986,2024-10-10T03:47:50.257170,CLOSED,,WEB-SERVER-01,False
ALT-CSE-01-00154,CSE-01,HIGH,2024-10-11T02:02:17,2024-10-11T02:13:54.263310,2024-10-11T04:23:55.969294,CLOSED,,DB-SERVER-01,False
ALT-CSE-01-00155,CSE-01,MEDIUM,2024-10-08T18:13:28,2024-10-08T18:14:56.116240,2024-10-08T19:50:49.611104,CLOSED,CAS-CSE-01-0041,ROUTER-01,False
ALT-CSE-01-00156,CSE-01,MEDIUM,2024-10-11T10:49:58,2024-10-11T10:57:48.841672,2024-10-11T13:06:41.784756,CLOSED,,ROUTER-01,False
ALT-CSE-01-00157,CSE-01,MEDIUM,2024-10-11T11:29:19,2024-10-11T11:39:42.825929,2024-10-11T13:46:20.805658,CLOSED,,WEB-SERVER-01,False
ALT-CSE-01-00158,CSE-01,HIGH,2024-11-20T16:28:55,2024-11-20T16:33:08.711415,2024-11-20T17:44:15.618999,CLOSED,,ENDPOINT-01,False
ALT-CSE-01-00159,CSE-01,HIGH,2024-10-09T17:05:46,2024-10-09T17:07:34.454553,2024-10-09T19:30:22.576885,CLOSED,,ENDPOINT-01,False
ALT-CSE-01-00160,CSE-01,HIGH,2024-10-14T20:32:02,2024-10-14T20:37:13.403992,2024-10-14T22:22:09.521118,CLOSED,,DB-SERVER-01,False
ALT-CSE-01-00161,CSE-01,MEDIUM,2024-11-29T09:54:58,2024-11-29T10:08:23.053005,2024-11-29T12:21:33.387825,CLOSED,,ENDPOINT-01,False
ALT-CSE-01-00162,CSE-01,HIGH,2024-10-28T13:32:38,2024-10-28T13:47:20.663975,2024-10-28T14:57:14.788183,CLOSED,,ENDPOINT-01,False
ALT-CSE-01-00163,CSE-01,HIGH,2024-11-01T14:27:03,2024-11-01T14:32:17.024862,2024-11-01T15:59:59.507980,CLOSED,,FIREWALL-01,False
ALT-CSE-01-00164,CSE-01,HIGH,2024-10-05T10:13:15,2024-10-05T10:22:39.432421,2024-10-05T11:55:59.339753,CLOSED,,FIREWALL-01,False
ALT-CSE-01-00165,CSE-01,MEDIUM,2024-10-06T01:19:52,2024-10-06T01:27:36.895319,2024-10-06T02:42:54.923597,CLOSED,,FIREWALL-01,False
ALT-CSE-01-00166,CSE-01,HIGH,2024-12-14T10:27:07,2024-12-14T10:30:18.651810,2024-12-14T11:44:49.769639,CLOSED,,ROUTER-01,False
ALT-CSE-01-00167,CSE-01,HIGH,2024-10-07T03:11:56,2024-10-07T03:22:06.669095,2024-10-07T05:33:10.119209,CLOSED,,ROUTER-01,False
ALT-CSE-01-00168,CSE-01,MEDIUM,2024-10-02T00:56:09,2024-10-02T01:04:27.880457,2024-10-02T03:21:24.469882,CLOSED,,WEB-SERVER-01,False
ALT-CSE-01-00169,CSE-01,LOW,2024-12-05T17:53:58,2024-12-05T17:56:17.818371,2024-12-05T20:08:45.497531,CLOSED,,FIREWALL-01,False
ALT-CSE-01-00170,CSE-01,HIGH,2024-11-05T06:42:50,2024-11-05T06:51:04.525990,2024-11-05T09:21:27.432894,CLOSED,,WEB-SERVER-01,False
ALT-CSE-01-00171,CSE-01,MEDIUM,2024-10-13T09:38:23,2024-10-13T09:44:56.597413,2024-10-13T12:26:28.547036,CLOSED,,ENDPOINT-01,False
ALT-CSE-01-00172,CSE-01,HIGH,2024-12-01T07:01:59,2024-12-01T07:03:36.922588,2024-12-01T08:51:22.536259,CLOSED,,DB-SERVER-01,False
ALT-CSE-01-00173,CSE-01,MEDIUM,2024-11-19T11:23:41,2024-11-19T11:33:10.010413,2024-11-19T12:55:28.585699,CLOSED,,WEB-SERVER-01,False
ALT-CSE-01-00174,CSE-01,MEDIUM,2024-10-23T01:56:20,2024-10-23T02:05:46.246942,2024-10-23T04:15:05.838932,CLOSED,,FIREWALL-01,False
ALT-CSE-01-00175,CSE-01,LOW,2024-12-01T23:34:19,2024-12-01T23:47:20.935712,2024-12-02T00:26:27.128110,CLOSED,,DB-SERVER-01,False
ALT-CSE-01-00176,CSE-01,MEDIUM,2024-12-12T02:35:54,2024-12-12T02:37:26.084136,2024-12-12T04:02:31.886321,CLOSED,,FIREWALL-01,False
ALT-CSE-01-00177,CSE-01,HIGH,2024-12-14T00:06:14,2024-12-14T00:18:19.558765,2024-12-14T02:56:32.749911,CLOSED,,WEB-SERVER-01,False
ALT-CSE-01-00178,CSE-01,HIGH,2024-11-07T23:14:46,2024-11-07T23:29:41.663579,2024-11-08T01:22:12.597226,CLOSED,,DB-SERVER-01,False
ALT-CSE-01-00179,CSE-01,MEDIUM,2024-11-13T02:45:48,2024-11-13T02:53:31.744334,2024-11-13T05:24:51.497865,CLOSED,,FIREWALL-01,False
ALT-CSE-01-00180,CSE-01,LOW,2024-10-21T10:24:48,2024-10-21T10:37:58.273326,2024-10-21T11:34:26.408056,CLOSED,CAS-CSE-01-0042,FIREWALL-01,False
ALT-CSE-01-00181,CSE-01,MEDIUM,2024-11-19T17:40:59,2024-11-19T17:42:02.063993,2024-11-19T20:25:05.052083,CLOSED,CAS-CSE-01-0043,ENDPOINT-01,False
ALT-CSE-01-00182,CSE-01,LOW,2024-10-04T07:34:10,2024-10-04T07:45:33.654703,2024-10-04T09:21:24.576851,CLOSED,,ROUTER-01,False
ALT-CSE-01-00183,CSE-01,MEDIUM,2024-12-08T07:00:55,2024-12-08T07:15:42.462843,2024-12-08T07:54:15.351495,CLOSED,,WEB-SERVER-01,False
ALT-CSE-01-00184,CSE-01,MEDIUM,2024-12-28T16:35:58,2024-12-28T16:37:20.057801,2024-12-28T19:06:14.286541,CLOSED,,FIREWALL-01,False
ALT-CSE-01-00185,CSE-01,LOW,2024-12-12T21:22:17,2024-12-12T21:30:57.728114,2024-12-12T23:35:08.947349,CLOSED,,FIREWALL-01,False
ALT-CSE-01-00186,CSE-01,CRITICAL,2024-10-06T13:00:37,2024-10-06T13:07:47.277948,2024-10-06T13:23:32.305976,CLOSED,CAS-CSE-01-0044,ENDPOINT-01,False
ALT-CSE-01-00187,CSE-01,HIGH,2024-12-07T12:30:58,2024-12-07T12:34:27.625531,2024-12-07T14:23:41.964160,CLOSED,,ENDPOINT-01,False
ALT-CSE-01-00188,CSE-01,HIGH,2024-10-21T07:38:51,2024-10-21T07:41:34.698788,2024-10-21T08:41:54.208966,CLOSED,,ENDPOINT-01,False
ALT-CSE-01-00189,CSE-01,HIGH,2024-10-18T21:10:55,2024-10-18T21:13:46.751045,2024-10-18T21:46:48.890747,CLOSED,,ROUTER-01,False
ALT-CSE-01-00190,CSE-01,CRITICAL,2024-12-29T06:06:15,2024-12-29T06:09:25.876366,2024-12-29T06:50:02.135802,CLOSED,CAS-CSE-01-0045,DB-SERVER-01,False
ALT-CSE-01-00191,CSE-01,MEDIUM,2024-12-18T05:05:27,2024-12-18T05:17:56.554691,2024-12-18T07:13:35.223530,CLOSED,,DB-SERVER-01,False
ALT-CSE-01-00192,CSE-01,MEDIUM,2024-11-17T14:45:11,2024-11-17T14:47:52.928289,2024-11-17T17:35:04.839278,CLOSED,,FIREWALL-01,False
ALT-CSE-01-00193,CSE-01,HIGH,2024-11-23T10:50:50,2024-11-23T10:52:06.003894,2024-11-23T11:58:18.195997,CLOSED,,FIREWALL-01,False
ALT-CSE-01-00194,CSE-01,MEDIUM,2024-11-25T03:03:14,2024-11-25T03:09:46.561686,2024-11-25T05:03:00.688229,CLOSED,,DB-SERVER-01,False
ALT-CSE-01-00195,CSE-01,MEDIUM,2024-11-08T15:25:20,2024-11-08T15:33:40.353243,2024-11-08T18:03:09.748090,CLOSED,,DB-SERVER-01,False
ALT-CSE-01-00196,CSE-01,MEDIUM,2024-12-19T17:41:29,2024-12-19T17:50:13.967044,2024-12-19T19:54:55.309641,CLOSED,,DB-SERVER-01,False
ALT-CSE-01-00197,CSE-01,MEDIUM,2024-10-16T09:06:53,2024-10-16T09:12:50.137347,2024-10-16T10:41:05.169172,CLOSED,,ENDPOINT-01,False
ALT-CSE-01-00198,CSE-01,MEDIUM,2024-11-04T09:38:31,2024-11-04T09:41:00.220342,2024-11-04T10:25:17.102158,CLOSED,,WEB-SERVER-01,False
ALT-CSE-01-00199,CSE-01,LOW,2024-12-25T22:52:46,2024-12-25T23:02:04.850854,2024-12-26T00:41:50.029457,CLOSED,,ROUTER-01,False
ALT-CSE-01-00200,CSE-01,CRITICAL,2024-11-11T08:16:34,2024-11-11T08:22:58.788380,2024-11-11T08:49:05.403007,CLOSED,CAS-CSE-01-0046,ENDPOINT-01,False
ALT-CSE-01-00201,CSE-01,LOW,2024-12-21T11:10:58,2024-12-21T11:20:35.398680,2024-12-21T12:43:38.645989,CLOSED,,FIREWALL-01,False
ALT-CSE-01-00202,CSE-01,HIGH,2024-11-11T03:52:04,2024-11-11T03:55:47.617708,2024-11-11T06:04:49.376080,CLOSED,CAS-CSE-01-0047,FIREWALL-01,False
ALT-CSE-01-00203,CSE-01,LOW,2024-11-02T18:51:10,2024-11-02T18:54:59.454032,2024-11-02T20:52:00.322540,CLOSED,CAS-CSE-01-0048,FIREWALL-01,False
ALT-CSE-01-00204,CSE-01,MEDIUM,2024-10-08T02:58:05,2024-10-08T03:02:48.437775,2024-10-08T04:00:56.373532,CLOSED,,FIREWALL-01,False
ALT-CSE-01-00205,CSE-01,LOW,2024-12-23T03:12:18,2024-12-23T03:22:33.267856,2024-12-23T05:25:09.278235,CLOSED,,DB-SERVER-01,False
ALT-CSE-01-00206,CSE-01,LOW,2024-11-23T03:34:49,2024-11-23T03:40:48.602766,2024-11-23T05:28:31.822040,CLOSED,,ENDPOINT-01,False
ALT-CSE-01-00207,CSE-01,CRITICAL,2024-10-15T11:33:40,2024-10-15T11:38:45.626418,2024-10-15T12:17:02.953883,CLOSED,CAS-CSE-01-0049,FIREWALL-01,False
ALT-CSE-01-00208,CSE-01,LOW,2024-10-23T08:25:01,2024-10-23T08:32:08.193406,2024-10-23T10:45:36.863779,CLOSED,,FIREWALL-01,False
ALT-CSE-01-00209,CSE-01,MEDIUM,2024-11-07T21:47:20,2024-11-07T21:58:34.549894,2024-11-07T23:53:12.280238,CLOSED,,ENDPOINT-01,False
ALT-CSE-01-00210,CSE-01,MEDIUM,2024-10-02T12:38:00,2024-10-02T12:47:43.325098,2024-10-02T14:01:56.641428,CLOSED,,DB-SERVER-01,False
ALT-CSE-01-00211,CSE-01,CRITICAL,2024-12-26T21:52:57,2024-12-26T22:06:09.238826,2024-12-26T22:10:04.388907,CLOSED,CAS-CSE-01-0050,DB-SERVER-01,False
ALT-CSE-01-00212,CSE-01,MEDIUM,2024-10-10T08:41:53,2024-10-10T08:51:05.371491,2024-10-10T12:03:41.368681,CLOSED,,WEB-SERVER-01,False
ALT-CSE-01-00213,CSE-01,CRITICAL,2024-11-10T03:23:13,2024-11-10T03:29:45.245940,2024-11-10T04:24:59.351386,CLOSED,CAS-CSE-01-0051,DB-SERVER-01,False
ALT-CSE-01-00214,CSE-01,HIGH,2024-11-24T16:41:22,2024-11-24T16:53:00.621775,2024-11-24T18:50:51.693871,CLOSED,,WEB-SERVER-01,False
ALT-CSE-01-00215,CSE-01,MEDIUM,2024-10-07T21:54:14,2024-10-07T22:02:48.640307,2024-10-07T23:29:51.714037,CLOSED,,FIREWALL-01,False
ALT-CSE-01-00216,CSE-01,HIGH,2024-10-03T05:14:36,2024-10-03T05:20:09.804941,2024-10-03T07:23:36.640103,CLOSED,,DB-SERVER-01,False
ALT-CSE-01-00217,CSE-01,MEDIUM,2024-11-02T01:03:08,2024-11-02T01:08:00.262589,2024-11-02T03:09:28.651063,CLOSED,,ENDPOINT-01,False
ALT-CSE-01-00218,CSE-01,HIGH,2024-11-17T05:54:59,2024-11-17T05:59:09.817033,2024-11-17T07:46:17.829786,CLOSED,,ENDPOINT-01,False
ALT-CSE-01-00219,CSE-01,HIGH,2024-10-27T09:50:49,2024-10-27T09:56:08.551268,2024-10-27T13:17:54.807767,CLOSED,CAS-CSE-01-0052,WEB-SERVER-01,False
ALT-CSE-01-00220,CSE-01,LOW,2024-10-12T18:50:50,2024-10-12T19:02:00.093474,2024-10-12T20:52:48.887067,CLOSED,,FIREWALL-01,False
ALT-CSE-01-00221,CSE-01,HIGH,2024-10-28T01:36:39,2024-10-28T01:42:40.391499,2024-10-28T02:48:06.389921,CLOSED,,WEB-SERVER-01,False
ALT-CSE-01-00222,CSE-01,HIGH,2024-12-11T00:15:04,2024-12-11T00:20:56.732788,2024-12-11T02:38:12.147024,CLOSED,,WEB-SERVER-01,False
ALT-CSE-01-00223,CSE-01,CRITICAL,2024-10-09T12:16:52,2024-10-09T12:26:04.041705,2024-10-09T13:11:47.316702,CLOSED,CAS-CSE-01-0053,ENDPOINT-01,False
ALT-CSE-01-00224,CSE-01,HIGH,2024-12-29T02:50:36,2024-12-29T02:58:23.347448,2024-12-29T05:10:31.044415,CLOSED,,ROUTER-01,False
ALT-CSE-01-00225,CSE-01,LOW,2024-12-23T16:10:58,2024-12-23T16:19:59.540163,2024-12-23T17:50:18.165099,CLOSED,,ENDPOINT-01,False
ALT-CSE-01-00226,CSE-01,MEDIUM,2024-11-24T13:52:51,2024-11-24T13:56:04.370065,2024-11-24T16:32:00.316923,CLOSED,,FIREWALL-01,False
ALT-CSE-01-00227,CSE-01,HIGH,2024-10-03T18:56:27,2024-10-03T19:00:49.586168,2024-10-03T21:08:14.902675,CLOSED,,ROUTER-01,False
ALT-CSE-01-00228,CSE-01,MEDIUM,2024-12-21T16:21:22,2024-12-21T16:25:21.322908,2024-12-21T17:36:35.982128,CLOSED,,ENDPOINT-01,False
ALT-CSE-01-00229,CSE-01,MEDIUM,2024-10-20T19:18:38,2024-10-20T19:29:28.856806,2024-10-20T21:23:05.399962,CLOSED,,DB-SERVER-01,False
ALT-CSE-01-00230,CSE-01,MEDIUM,2024-10-14T06:22:38,2024-10-14T06:37:20.910856,2024-10-14T08:47:00.295846,CLOSED,,FIREWALL-01,False
ALT-CSE-01-00231,CSE-01,CRITICAL,2024-10-19T18:13:32,2024-10-19T18:16:36.947438,2024-10-19T18:57:42.812608,CLOSED,CAS-CSE-01-0054,ROUTER-01,False
ALT-CSE-01-00232,CSE-01,LOW,2024-11-02T09:11:17,2024-11-02T09:21:40.524938,2024-11-02T10:52:09.379096,CLOSED,,ENDPOINT-01,False
ALT-CSE-01-00233,CSE-01,CRITICAL,2024-11-18T12:10:24,2024-11-18T12:11:27.072895,2024-11-18T13:14:05.907469,CLOSED,CAS-CSE-01-0055,WEB-SERVER-01,False
ALT-CSE-01-00234,CSE-01,HIGH,2024-12-10T08:48:24,2024-12-10T08:58:27.015242,2024-12-10T10:30:17.366067,CLOSED,CAS-CSE-01-0056,ENDPOINT-01,False
ALT-CSE-01-00235,CSE-01,HIGH,2024-10-29T12:18:39,2024-10-29T12:25:41.808770,2024-10-29T14:38:35.788198,CLOSED,,WEB-SERVER-01,False
ALT-CSE-01-00236,CSE-01,HIGH,2024-12-13T06:28:35,2024-12-13T06:35:04.684191,2024-12-13T08:03:44.010713,CLOSED,,FIREWALL-01,False
ALT-CSE-01-00237,CSE-01,HIGH,2024-12-04T06:11:25,2024-12-04T06:21:37.142876,2024-12-04T08:57:40.767600,CLOSED,,ENDPOINT-01,False
ALT-CSE-01-00238,CSE-01,HIGH,2024-11-07T20:33:19,2024-11-07T20:39:37.376407,2024-11-07T20:50:41.123220,CLOSED,,FIREWALL-01,False
ALT-CSE-01-00239,CSE-01,HIGH,2024-11-10T08:07:20,2024-11-10T08:19:41.088680,2024-11-10T10:59:42.096068,CLOSED,,ROUTER-01,False
ALT-CSE-01-00240,CSE-01,MEDIUM,2024-11-25T03:53:57,2024-11-25T03:56:20.186638,2024-11-25T06:41:02.416387,CLOSED,,ROUTER-01,False
ALT-CSE-01-00241,CSE-01,MEDIUM,2024-10-14T15:53:21,2024-10-14T16:03:29.571742,2024-10-14T18:23:57.376710,CLOSED,,DB-SERVER-01,False
ALT-CSE-01-00242,CSE-01,LOW,2024-12-06T17:02:35,2024-12-06T17:16:32.217929,2024-12-06T18:47:40.779581,CLOSED,,ENDPOINT-01,False
ALT-CSE-01-00243,CSE-01,LOW,2024-10-27T18:50:10,2024-10-27T19:03:54.460938,2024-10-27T20:40:07.214357,CLOSED,,WEB-SERVER-01,False
ALT-CSE-01-00244,CSE-01,CRITICAL,2024-12-11T16:42:22,2024-12-11T16:50:16.651132,2024-12-11T17:06:37.220984,CLOSED,CAS-CSE-01-0057,WEB-SERVER-01,False
ALT-CSE-01-00245,CSE-01,MEDIUM,2024-12-19T00:06:53,2024-12-19T00:21:14.071015,2024-12-19T01:56:42.988299,CLOSED,CAS-CSE-01-0058,WEB-SERVER-01,False
ALT-CSE-01-00246,CSE-01,MEDIUM,2024-12-05T00:30:03,2024-12-05T00:32:01.879200,2024-12-05T02:39:21.302530,CLOSED,,ENDPOINT-01,False
ALT-CSE-01-00247,CSE-01,HIGH,2024-11-28T17:01:14,2024-11-28T17:15:42.539977,2024-11-28T18:33:31.096026,CLOSED,CAS-CSE-01-0059,WEB-SERVER-01,False
ALT-CSE-01-00248,CSE-01,HIGH,2024-11-14T09:23:21,2024-11-14T09:36:20.451474,2024-11-14T12:56:05.792792,CLOSED,,WEB-SERVER-01,False
ALT-CSE-01-00249,CSE-01,LOW,2024-11-06T00:15:47,2024-11-06T00:26:50.873757,2024-11-06T01:37:17.742920,CLOSED,,ROUTER-01,False
ALT-CSE-01-00250,CSE-01,CRITICAL,2024-12-10T10:42:16,2024-12-10T10:50:05.992415,2024-12-10T11:23:26.927185,CLOSED,CAS-CSE-01-0060,ROUTER-01,False
ALT-CSE-01-00251,CSE-01,HIGH,2024-12-11T18:54:06,2024-12-11T18:55:12.533127,2024-12-11T20:23:24.309667,CLOSED,,WEB-SERVER-01,False
ALT-CSE-01-00252,CSE-01,CRITICAL,2024-10-21T08:32:55,2024-10-21T08:36:34.821313,2024-10-21T09:08:35.230943,CLOSED,,WEB-SERVER-01,False
ALT-CSE-01-00253,CSE-01,HIGH,2024-10-05T14:44:45,2024-10-05T14:56:04.274408,2024-10-05T16:41:05.457001,CLOSED,,ROUTER-01,False
ALT-CSE-01-00254,CSE-01,MEDIUM,2024-12-25T09:02:07,2024-12-25T09:14:10.778214,2024-12-25T11:30:52.012936,CLOSED,,FIREWALL-01,False
ALT-CSE-01-00255,CSE-01,LOW,2024-12-05T17:39:39,2024-12-05T17:49:38.607081,2024-12-05T20:57:28.835149,CLOSED,,FIREWALL-01,False
ALT-CSE-01-00256,CSE-01,LOW,2024-11-23T06:10:23,2024-11-23T06:21:04.117046,2024-11-23T07:55:55.730215,CLOSED,,DB-SERVER-01,False
ALT-CSE-01-00257,CSE-01,MEDIUM,2024-11-12T04:56:40,2024-11-12T05:11:29.698520,2024-11-12T07:21:58.895681,CLOSED,,WEB-SERVER-01,False
ALT-CSE-01-00258,CSE-01,LOW,2024-10-30T22:15:41,2024-10-30T22:26:26.790489,2024-10-31T00:48:36.582581,CLOSED,,WEB-SERVER-01,False
ALT-CSE-01-00259,CSE-01,LOW,2024-12-25T15:35:09,2024-12-25T15:39:44.883184,2024-12-25T16:51:24.296774,CLOSED,,DB-SERVER-01,False
ALT-CSE-01-00260,CSE-01,LOW,2024-11-12T15:10:32,2024-11-12T15:24:16.726732,2024-11-12T17:50:21.259572,CLOSED,,DB-SERVER-01,False
ALT-CSE-01-00261,CSE-01,LOW,2024-12-12T21:37:32,2024-12-12T21:44:48.271509,2024-12-12T22:38:43.828843,CLOSED,CAS-CSE-01-0061,ENDPOINT-01,False
ALT-CSE-01-00262,CSE-01,MEDIUM,2024-10-17T11:35:29,2024-10-17T11:48:43.388348,2024-10-17T14:05:57.841976,CLOSED,,DB-SERVER-01,False
ALT-CSE-01-00263,CSE-01,MEDIUM,2024-11-29T23:13:00,2024-11-29T23:18:42.757691,2024-11-30T02:12:06.014279,CLOSED,,DB-SERVER-01,False
ALT-CSE-01-00264,CSE-01,CRITICAL,2024-12-20T19:16:53,2024-12-20T19:19:05.453269,2024-12-20T20:13:26.036133,CLOSED,CAS-CSE-01-0062,ROUTER-01,False
ALT-CSE-01-00265,CSE-01,LOW,2024-12-05T16:30:19,2024-12-05T16:36:47.569835,2024-12-05T19:04:06.637384,CLOSED,,WEB-SERVER-01,False
ALT-CSE-01-00266,CSE-01,MEDIUM,2024-10-14T18:37:39,2024-10-14T18:43:59.992509,2024-10-14T20:55:21.148627,CLOSED,,WEB-SERVER-01,False
ALT-CSE-01-00267,CSE-01,LOW,2024-10-21T23:26:23,2024-10-21T23:29:36.055274,2024-10-22T01:54:23.025438,CLOSED,,DB-SERVER-01,False
ALT-CSE-01-00268,CSE-01,LOW,2024-10-02T02:31:59,2024-10-02T02:35:31.726843,2024-10-02T04:53:01.645952,CLOSED,,ENDPOINT-01,False
ALT-CSE-01-00269,CSE-01,LOW,2024-12-21T22:26:57,2024-12-21T22:37:13.759113,2024-12-21T23:57:12.055328,CLOSED,,FIREWALL-01,False
ALT-CSE-01-00270,CSE-01,LOW,2024-12-29T02:16:00,2024-12-29T02:20:09.258661,2024-12-29T04:03:00.642812,CLOSED,,FIREWALL-01,False
ALT-CSE-01-00271,CSE-01,HIGH,2024-10-29T13:55:09,2024-10-29T14:00:42.783834,2024-10-29T15:21:58.677036,CLOSED,,ROUTER-01,False
ALT-CSE-01-00272,CSE-01,MEDIUM,2024-12-26T11:05:11,2024-12-26T11:11:44.027899,2024-12-26T12:33:21.951620,CLOSED,,ROUTER-01,False
ALT-CSE-01-00273,CSE-01,HIGH,2024-10-17T08:26:21,2024-10-17T08:40:55.424182,2024-10-17T09:55:24.618805,CLOSED,CAS-CSE-01-0063,DB-SERVER-01,False
ALT-CSE-01-00274,CSE-01,CRITICAL,2024-10-06T19:57:43,2024-10-06T20:03:22.311582,2024-10-06T20:50:20.648388,CLOSED,CAS-CSE-01-0064,WEB-SERVER-01,False
ALT-CSE-01-00275,CSE-01,HIGH,2024-12-29T05:31:32,2024-12-29T05:41:09.594617,2024-12-29T07:50:20.588532,CLOSED,,ENDPOINT-01,False
ALT-CSE-01-00276,CSE-01,LOW,2024-10-08T09:38:10,2024-10-08T09:41:00.569095,2024-10-08T12:19:59.198947,CLOSED,,WEB-SERVER-01,False
ALT-CSE-01-00277,CSE-01,HIGH,2024-10-10T02:33:47,2024-10-10T02:39:52.466416,2024-10-10T05:20:15.946467,CLOSED,,WEB-SERVER-01,False
ALT-CSE-01-00278,CSE-01,CRITICAL,2024-12-20T20:48:39,2024-12-20T20:57:22.071415,2024-12-20T21:42:10.266293,CLOSED,CAS-CSE-01-0065,ROUTER-01,False
ALT-CSE-01-00279,CSE-01,LOW,2024-12-16T16:59:32,2024-12-16T17:08:54.974605,2024-12-16T18:36:49.465077,CLOSED,,ROUTER-01,False
ALT-CSE-01-00280,CSE-01,MEDIUM,2024-10-07T01:27:46,2024-10-07T01:34:08.376324,2024-10-07T03:08:52.552259,CLOSED,,WEB-SERVER-01,False
ALT-CSE-01-00281,CSE-01,LOW,2024-10-01T02:57:58,2024-10-01T03:07:25.385047,2024-10-01T05:16:55.160557,CLOSED,CAS-CSE-01-0066,WEB-SERVER-01,False
ALT-CSE-01-00282,CSE-01,MEDIUM,2024-12-05T05:56:50,2024-12-05T06:10:03.717826,2024-12-05T07:13:40.504124,CLOSED,,ENDPOINT-01,False
ALT-CSE-01-00283,CSE-01,HIGH,2024-12-21T16:38:40,2024-12-21T16:42:04.795082,2024-12-21T18:16:58.756766,CLOSED,,ROUTER-01,False
ALT-CSE-01-00284,CSE-01,LOW,2024-10-20T23:30:03,2024-10-20T23:41:35.041140,2024-10-21T02:17:40.133441,CLOSED,,DB-SERVER-01,False
ALT-CSE-01-00285,CSE-01,LOW,2024-12-24T04:38:30,2024-12-24T04:44:45.331759,2024-12-24T07:42:10.826321,CLOSED,,FIREWALL-01,False
ALT-CSE-01-00286,CSE-01,HIGH,2024-11-20T01:45:24,2024-11-20T01:47:43.495686,2024-11-20T03:59:57.171989,CLOSED,,ENDPOINT-01,False
ALT-CSE-01-00287,CSE-01,MEDIUM,2024-11-13T12:08:02,2024-11-13T12:11:58.646236,2024-11-13T14:06:58.491873,CLOSED,,FIREWALL-01,False
ALT-CSE-01-00288,CSE-01,MEDIUM,2024-11-20T05:30:20,2024-11-20T05:43:37.127916,2024-11-20T07:16:28.691395,CLOSED,,ENDPOINT-01,False
ALT-CSE-01-00289,CSE-01,LOW,2024-11-02T21:19:56,2024-11-02T21:24:13.221457,2024-11-03T00:07:29.266830,CLOSED,,WEB-SERVER-01,False
ALT-CSE-01-00290,CSE-01,HIGH,2024-11-23T13:58:18,2024-11-23T14:12:37.600063,2024-11-23T17:00:51.337640,CLOSED,,ENDPOINT-01,False
ALT-CSE-01-00291,CSE-01,MEDIUM,2024-12-18T07:40:55,2024-12-18T07:52:51.648894,2024-12-18T09:16:44.296081,CLOSED,,WEB-SERVER-01,False
ALT-CSE-01-00292,CSE-01,HIGH,2024-12-25T19:14:47,2024-12-25T19:24:38.433187,2024-12-25T21:58:48.336699,CLOSED,,ENDPOINT-01,False
ALT-CSE-01-00293,CSE-01,LOW,2024-10-02T08:25:44,2024-10-02T08:28:45.540820,2024-10-02T11:33:14.050233,CLOSED,CAS-CSE-01-0067,ENDPOINT-01,False
ALT-CSE-01-00294,CSE-01,HIGH,2024-10-15T17:23:44,2024-10-15T17:36:10.138395,2024-10-15T19:10:32.249835,CLOSED,CAS-CSE-01-0068,FIREWALL-01,False
ALT-CSE-01-00295,CSE-01,LOW,2024-11-06T07:09:37,2024-11-06T07:13:28.616490,2024-11-06T09:43:29.045992,CLOSED,,FIREWALL-01,False
ALT-CSE-01-00296,CSE-01,HIGH,2024-12-09T20:12:10,2024-12-09T20:14:56.386526,2024-12-09T22:12:36.926445,CLOSED,,ENDPOINT-01,False
ALT-CSE-01-00297,CSE-01,LOW,2024-12-09T04:24:41,2024-12-09T04:27:56.095368,2024-12-09T06:54:59.377678,CLOSED,,ROUTER-01,False
ALT-CSE-01-00298,CSE-01,CRITICAL,2024-12-09T21:03:22,2024-12-09T21:05:41.556657,2024-12-09T21:58:31.792972,CLOSED,CAS-CSE-01-0069,ROUTER-01,False
ALT-CSE-01-00299,CSE-01,HIGH,2024-12-05T06:59:49,2024-12-05T07:02:27.228250,2024-12-05T09:23:06.991913,CLOSED,CAS-CSE-01-0070,FIREWALL-01,False
ALT-CSE-01-00300,CSE-01,CRITICAL,2024-11-27T11:54:25,2024-11-27T11:59:53.684338,2024-11-27T12:26:59.834476,CLOSED,CAS-CSE-01-0071,ENDPOINT-01,False
ALT-CSE-01-00301,CSE-01,MEDIUM,2024-11-04T02:32:05,2024-11-04T02:44:47.706531,2024-11-04T04:25:51.506146,CLOSED,,WEB-SERVER-01,False
ALT-CSE-01-00302,CSE-01,CRITICAL,2024-10-31T14:43:08,2024-10-31T14:53:50.711060,2024-10-31T15:32:17.501965,CLOSED,CAS-CSE-01-0072,ENDPOINT-01,False
ALT-CSE-01-00303,CSE-01,HIGH,2024-12-19T08:45:47,2024-12-19T08:47:32.993417,2024-12-19T11:48:15.710957,CLOSED,CAS-CSE-01-0073,WEB-SERVER-01,False
ALT-CSE-01-00304,CSE-01,MEDIUM,2024-11-29T15:45:31,2024-11-29T15:47:24.343781,2024-11-29T16:52:10.992817,CLOSED,,ENDPOINT-01,False
ALT-CSE-01-00305,CSE-01,LOW,2024-10-09T19:08:45,2024-10-09T19:15:41.447133,2024-10-09T20:43:54.319767,CLOSED,,DB-SERVER-01,False
ALT-CSE-01-00306,CSE-01,LOW,2024-10-28T00:21:27,2024-10-28T00:34:25.437882,2024-10-28T03:13:00.092686,CLOSED,,ENDPOINT-01,False
ALT-CSE-01-00307,CSE-01,HIGH,2024-11-19T10:31:28,2024-11-19T10:32:31.982521,2024-11-19T11:54:13.849319,CLOSED,,DB-SERVER-01,False
ALT-CSE-01-00308,CSE-01,HIGH,2024-11-21T16:53:42,2024-11-21T16:57:23.281721,2024-11-21T18:51:48.523095,CLOSED,CAS-CSE-01-0074,WEB-SERVER-01,False
ALT-CSE-01-00309,CSE-01,HIGH,2024-10-18T19:10:34,2024-10-18T19:18:41.827177,2024-10-18T22:55:13.149984,CLOSED,,ROUTER-01,False
ALT-CSE-01-00310,CSE-01,HIGH,2024-12-21T14:48:57,2024-12-21T15:03:43.838147,2024-12-21T17:36:25.277820,CLOSED,,WEB-SERVER-01,False
ALT-CSE-01-00311,CSE-01,HIGH,2024-10-30T13:38:15,2024-10-30T13:43:06.383846,2024-10-30T16:16:59.500815,CLOSED,,ROUTER-01,False
ALT-CSE-01-00312,CSE-01,MEDIUM,2024-10-03T10:57:37,2024-10-03T10:59:14.160004,2024-10-03T12:45:46.115217,CLOSED,,ENDPOINT-01,False
ALT-CSE-01-00313,CSE-01,MEDIUM,2024-10-09T03:02:13,2024-10-09T03:08:04.738283,2024-10-09T04:35:42.914304,CLOSED,,DB-SERVER-01,False
ALT-CSE-01-00314,CSE-01,CRITICAL,2024-11-17T14:27:32,2024-11-17T14:38:13.308702,2024-11-17T15:06:16.064391,CLOSED,CAS-CSE-01-0075,ENDPOINT-01,False
ALT-CSE-01-00315,CSE-01,MEDIUM,2024-10-01T15:24:54,2024-10-01T15:33:38.384879,2024-10-01T17:22:53.099396,CLOSED,,DB-SERVER-01,False
ALT-CSE-01-00316,CSE-01,LOW,2024-12-04T21:33:35,2024-12-04T21:45:27.079787,2024-12-04T23:27:17.992140,CLOSED,,DB-SERVER-01,False
ALT-CSE-01-00317,CSE-01,MEDIUM,2024-11-19T23:10:50,2024-11-19T23:16:02.131804,2024-11-20T00:48:53.572950,CLOSED,CAS-CSE-01-0076,WEB-SERVER-01,False
ALT-CSE-01-00318,CSE-01,HIGH,2024-10-22T03:41:36,2024-10-22T03:56:31.063954,2024-10-22T06:04:54.297196,CLOSED,,DB-SERVER-01,False
ALT-CSE-01-00319,CSE-01,MEDIUM,2024-11-10T06:14:08,2024-11-10T06:22:20.579714,2024-11-10T07:13:09.501947,CLOSED,CAS-CSE-01-0077,DB-SERVER-01,False
ALT-CSE-01-00320,CSE-01,CRITICAL,2024-10-28T02:44:24,2024-10-28T02:46:50.115104,2024-10-28T03:37:07.634999,CLOSED,CAS-CSE-01-0078,ROUTER-01,False
ALT-CSE-01-00321,CSE-01,HIGH,2024-11-21T08:05:35,2024-11-21T08:16:26.545017,2024-11-21T09:06:23.184748,CLOSED,,DB-SERVER-01,False
ALT-CSE-01-00322,CSE-01,MEDIUM,2024-11-09T01:55:06,2024-11-09T02:01:44.997014,2024-11-09T04:03:08.022496,CLOSED,,DB-SERVER-01,False
ALT-CSE-01-00323,CSE-01,HIGH,2024-11-03T14:35:04,2024-11-03T14:38:06.509073,2024-11-03T16:54:26.031351,CLOSED,,FIREWALL-01,False
ALT-CSE-01-00324,CSE-01,MEDIUM,2024-11-06T00:45:48,2024-11-06T00:59:04.096755,2024-11-06T02:02:15.712185,CLOSED,CAS-CSE-01-0079,FIREWALL-01,False
ALT-CSE-01-00325,CSE-01,CRITICAL,2024-11-12T15:02:17,2024-11-12T15:07:01.102711,2024-11-12T15:49:59.704559,CLOSED,CAS-CSE-01-0080,DB-SERVER-01,False
ALT-CSE-01-00326,CSE-01,LOW,2024-11-17T13:51:24,2024-11-17T13:58:59.663999,2024-11-17T16:00:19.267217,CLOSED,,FIREWALL-01,False
ALT-CSE-01-00327,CSE-01,HIGH,2024-10-18T12:20:33,2024-10-18T12:34:56.293768,2024-10-18T13:26:32.673197,CLOSED,,ROUTER-01,False
ALT-CSE-01-00328,CSE-01,MEDIUM,2024-11-25T05:34:33,2024-11-25T05:41:03.776273,2024-11-25T08:18:23.541698,CLOSED,CAS-CSE-01-0081,DB-SERVER-01,False
ALT-CSE-01-00329,CSE-01,HIGH,2024-11-04T17:33:43,2024-11-04T17:35:13.992770,2024-11-04T18:34:14.922444,CLOSED,CAS-CSE-01-0082,DB-SERVER-01,False
ALT-CSE-01-00330,CSE-01,MEDIUM,2024-11-04T08:08:27,2024-11-04T08:12:08.433031,2024-11-04T09:48:00.723007,CLOSED,CAS-CSE-01-0083,WEB-SERVER-01,False
ALT-CSE-01-00331,CSE-01,LOW,2024-12-28T00:15:43,2024-12-28T00:19:48.735384,2024-12-28T01:25:21.018414,CLOSED,,FIREWALL-01,False
ALT-CSE-01-00332,CSE-01,CRITICAL,2024-10-09T11:17:20,2024-10-09T11:21:55.002393,2024-10-09T12:14:54.628949,CLOSED,CAS-CSE-01-0084,FIREWALL-01,False
ALT-CSE-01-00333,CSE-01,MEDIUM,2024-12-27T20:09:37,2024-12-27T20:23:23.240145,2024-12-27T22:10:42.802268,CLOSED,,ROUTER-01,False
ALT-CSE-01-00334,CSE-01,HIGH,2024-12-01T07:24:08,2024-12-01T07:26:59.115475,2024-12-01T10:24:09.706802,CLOSED,,DB-SERVER-01,False
ALT-CSE-01-00335,CSE-01,MEDIUM,2024-10-11T06:37:29,2024-10-11T06:50:00.024426,2024-10-11T08:20:14.828594,CLOSED,,ROUTER-01,False
ALT-CSE-01-00336,CSE-01,MEDIUM,2024-11-21T03:48:05,2024-11-21T03:57:07.503317,2024-11-21T05:40:47.550426,CLOSED,,ENDPOINT-01,False
ALT-CSE-01-00337,CSE-01,MEDIUM,2024-12-02T02:01:32,2024-12-02T02:07:10.882265,2024-12-02T03:21:00.315984,CLOSED,,ENDPOINT-01,False
ALT-CSE-01-00338,CSE-01,HIGH,2024-10-09T07:33:08,2024-10-09T07:36:41.780002,2024-10-09T10:51:47.438733,CLOSED,,ENDPOINT-01,False
ALT-CSE-01-00339,CSE-01,MEDIUM,2024-11-02T05:05:02,2024-11-02T05:16:40.027930,2024-11-02T06:53:54.369482,CLOSED,,FIREWALL-01,False
ALT-CSE-01-00340,CSE-01,MEDIUM,2024-10-02T16:13:24,2024-10-02T16:21:41.449259,2024-10-02T18:22:00.147956,CLOSED,,WEB-SERVER-01,False
ALT-CSE-01-00341,CSE-01,MEDIUM,2024-10-23T10:34:14,2024-10-23T10:44:08.941446,2024-10-23T12:25:01.469289,CLOSED,,DB-SERVER-01,False
ALT-CSE-01-00342,CSE-01,MEDIUM,2024-10-20T21:00:50,2024-10-20T21:05:33.839988,2024-10-20T21:55:34.025760,CLOSED,,FIREWALL-01,False
ALT-CSE-01-00343,CSE-01,MEDIUM,2024-10-22T16:44:26,2024-10-22T16:49:30.862484,2024-10-22T17:51:51.931571,CLOSED,,FIREWALL-01,False
ALT-CSE-01-00344,CSE-01,HIGH,2024-10-22T20:52:48,2024-10-22T20:59:58.150523,2024-10-22T22:40:42.054654,CLOSED,CAS-CSE-01-0085,ROUTER-01,False
ALT-CSE-01-00345,CSE-01,HIGH,2024-10-29T22:48:12,2024-10-29T22:53:21.864233,2024-10-30T00:16:02.285016,CLOSED,,WEB-SERVER-01,False
ALT-CSE-01-00346,CSE-01,MEDIUM,2024-12-27T07:24:46,2024-12-27T07:39:05.382011,2024-12-27T09:20:18.854563,CLOSED,,ROUTER-01,False
ALT-CSE-01-00347,CSE-01,MEDIUM,2024-12-04T05:27:41,2024-12-04T05:42:20.214823,2024-12-04T08:07:18.657071,CLOSED,,DB-SERVER-01,False
ALT-CSE-01-00348,CSE-01,CRITICAL,2024-10-29T15:15:59,2024-10-29T15:29:53.508370,2024-10-29T15:44:07.748572,CLOSED,CAS-CSE-01-0086,FIREWALL-01,False
ALT-CSE-01-00349,CSE-01,HIGH,2024-11-16T20:24:27,2024-11-16T20:34:14.345122,2024-11-16T21:41:10.421790,CLOSED,,ENDPOINT-01,False
ALT-CSE-01-00350,CSE-01,LOW,2024-11-05T14:06:50,2024-11-05T14:21:36.257172,2024-11-05T17:24:40.365735,CLOSED,CAS-CSE-01-0087,ROUTER-01,False
ALT-CSE-01-00351,CSE-01,LOW,2024-10-10T16:22:37,2024-10-10T16:34:35.782840,2024-10-10T17:26:25.204783,CLOSED,,WEB-SERVER-01,False
ALT-CSE-01-00352,CSE-01,LOW,2024-11-11T20:19:50,2024-11-11T20:23:43.599758,2024-11-11T22:20:56.973344,CLOSED,,ENDPOINT-01,False
ALT-CSE-01-00353,CSE-01,LOW,2024-12-05T22:58:45,2024-12-05T23:05:45.305990,2024-12-06T00:40:57.830710,CLOSED,,ENDPOINT-01,False
ALT-CSE-01-00354,CSE-01,LOW,2024-10-13T09:46:27,2024-10-13T09:48:38.938240,2024-10-13T10:45:32.172911,CLOSED,,ENDPOINT-01,False
ALT-CSE-01-00355,CSE-01,MEDIUM,2024-12-08T04:00:12,2024-12-08T04:03:43.496811,2024-12-08T06:24:12.540128,CLOSED,,DB-SERVER-01,False
ALT-CSE-01-00356,CSE-01,CRITICAL,2024-10-15T14:49:17,2024-10-15T14:50:24.364783,2024-10-15T15:28:44.537030,CLOSED,CAS-CSE-01-0088,DB-SERVER-01,False
ALT-CSE-01-00357,CSE-01,MEDIUM,2024-10-15T11:59:02,2024-10-15T12:08:30.071500,2024-10-15T13:29:38.793832,CLOSED,,WEB-SERVER-01,False
ALT-CSE-01-00358,CSE-01,MEDIUM,2024-12-12T12:37:53,2024-12-12T12:46:49.449508,2024-12-12T15:43:55.456310,CLOSED,,FIREWALL-01,False
ALT-CSE-01-00359,CSE-01,HIGH,2024-12-17T13:43:44,2024-12-17T13:52:06.698579,2024-12-17T15:05:56.544084,CLOSED,,ENDPOINT-01,False
ALT-CSE-01-00360,CSE-01,LOW,2024-12-02T00:54:56,2024-12-02T00:59:02.614476,2024-12-02T02:47:18.842020,CLOSED,,ROUTER-01,False
ALT-CSE-01-00361,CSE-01,HIGH,2024-12-23T13:39:41,2024-12-23T13:43:12.964282,2024-12-23T16:11:10.265589,CLOSED,CAS-CSE-01-0089,ROUTER-01,False
ALT-CSE-01-00362,CSE-01,MEDIUM,2024-11-10T00:56:54,2024-11-10T00:58:37.780698,2024-11-10T03:35:14.161507,CLOSED,,FIREWALL-01,False
ALT-CSE-01-00363,CSE-01,MEDIUM,2024-11-12T03:21:32,2024-11-12T03:28:42.152314,2024-11-12T05:04:32.644209,CLOSED,,FIREWALL-01,False
ALT-CSE-01-00364,CSE-01,LOW,2024-10-26T14:42:45,2024-10-26T14:46:55.265292,2024-10-26T16:32:56.670780,CLOSED,,DB-SERVER-01,False
ALT-CSE-01-00365,CSE-01,HIGH,2024-12-25T20:36:33,2024-12-25T20:46:14.020664,2024-12-25T21:53:46.150517,CLOSED,,FIREWALL-01,False
ALT-CSE-01-00366,CSE-01,LOW,2024-11-02T11:32:33,2024-11-02T11:45:04.047808,2024-11-02T14:05:44.561520,CLOSED,,FIREWALL-01,False
ALT-CSE-01-00367,CSE-01,MEDIUM,2024-10-04T07:36:00,2024-10-04T07:38:27.828673,2024-10-04T09:32:07.387846,CLOSED,,DB-SERVER-01,False
ALT-CSE-01-00368,CSE-01,HIGH,2024-10-11T10:37:50,2024-10-11T10:48:04.309498,2024-10-11T12:17:36.048192,CLOSED,,WEB-SERVER-01,False
ALT-CSE-01-00369,CSE-01,LOW,2024-10-03T15:28:26,2024-10-03T15:36:43.008925,2024-10-03T17:37:33.748702,CLOSED,CAS-CSE-01-0090,ROUTER-01,False
ALT-CSE-01-00370,CSE-01,LOW,2024-10-12T16:23:25,2024-10-12T16:31:46.058673,2024-10-12T17:50:37.698488,CLOSED,,FIREWALL-01,False
ALT-CSE-01-00371,CSE-01,HIGH,2024-11-05T17:55:58,2024-11-05T17:58:45.792066,2024-11-05T19:22:12.364238,CLOSED,,FIREWALL-01,False
ALT-CSE-01-00372,CSE-01,HIGH,2024-12-16T09:50:10,2024-12-16T10:00:02.964657,2024-12-16T10:19:52.419712,CLOSED,CAS-CSE-01-0091,FIREWALL-01,False
ALT-CSE-01-00373,CSE-01,LOW,2024-11-01T16:47:16,2024-11-01T16:52:07.765752,2024-11-01T18:51:39.781077,CLOSED,,ENDPOINT-01,False
ALT-CSE-01-00374,CSE-01,HIGH,2024-11-29T16:19:17,2024-11-29T16:30:10.393972,2024-11-29T18:56:38.009166,CLOSED,,WEB-SERVER-01,False
ALT-CSE-01-00375,CSE-01,MEDIUM,2024-10-21T18:05:05,2024-10-21T18:19:46.552412,2024-10-21T19:23:50.014943,CLOSED,,WEB-SERVER-01,False
ALT-CSE-01-00376,CSE-01,MEDIUM,2024-12-10T22:44:04,2024-12-10T22:52:12.365434,2024-12-11T01:50:59.188593,CLOSED,,ROUTER-01,False
ALT-CSE-01-00377,CSE-01,HIGH,2024-12-10T22:18:02,2024-12-10T22:32:39.422314,2024-12-10T23:06:36.942515,CLOSED,,WEB-SERVER-01,False
ALT-CSE-01-00378,CSE-01,MEDIUM,2024-10-03T01:57:46,2024-10-03T02:08:48.387006,2024-10-03T04:34:54.100237,CLOSED,,ROUTER-01,False
ALT-CSE-01-00379,CSE-01,LOW,2024-10-22T18:25:29,2024-10-22T18:28:35.606032,2024-10-22T20:45:28.056123,CLOSED,,DB-SERVER-01,False
ALT-CSE-01-00380,CSE-01,LOW,2024-12-15T10:19:24,2024-12-15T10:34:04.275257,2024-12-15T13:07:44.010887,CLOSED,,FIREWALL-01,False
ALT-CSE-01-00381,CSE-01,HIGH,2024-11-03T17:02:33,2024-11-03T17:16:30.804413,2024-11-03T18:41:45.311208,CLOSED,,DB-SERVER-01,False
ALT-CSE-01-00382,CSE-01,HIGH,2024-10-27T22:07:10,2024-10-27T22:22:08.193010,2024-10-27T23:55:13.473757,CLOSED,,ENDPOINT-01,False
ALT-CSE-01-00383,CSE-01,MEDIUM,2024-12-02T11:01:32,2024-12-02T11:08:07.194783,2024-12-02T13:10:37.298907,CLOSED,,DB-SERVER-01,False
ALT-CSE-01-00384,CSE-01,HIGH,2024-12-01T14:00:52,2024-12-01T14:04:50.927634,2024-12-01T16:28:51.733552,CLOSED,,ENDPOINT-01,False
ALT-CSE-01-00385,CSE-01,LOW,2024-12-27T01:31:36,2024-12-27T01:32:51.589281,2024-12-27T04:22:28.008405,CLOSED,,ROUTER-01,False
ALT-CSE-01-00386,CSE-01,HIGH,2024-11-30T17:47:38,2024-11-30T17:59:04.309324,2024-11-30T20:02:50.694571,CLOSED,,WEB-SERVER-01,False
ALT-CSE-01-00387,CSE-01,LOW,2024-11-17T02:10:44,2024-11-17T02:13:10.484716,2024-11-17T04:01:03.112421,CLOSED,,DB-SERVER-01,False
ALT-CSE-01-00388,CSE-01,CRITICAL,2024-12-08T00:05:42,2024-12-08T00:12:32.969710,2024-12-08T00:42:59.089836,CLOSED,CAS-CSE-01-0092,ENDPOINT-01,False
ALT-CSE-01-00389,CSE-01,HIGH,2024-10-25T09:02:49,2024-10-25T09:15:40.085892,2024-10-25T11:06:38.647918,CLOSED,,WEB-SERVER-01,False
ALT-CSE-01-00390,CSE-01,LOW,2024-10-31T13:21:54,2024-10-31T13:25:50.174393,2024-10-31T15:20:28.492181,CLOSED,,ROUTER-01,False
ALT-CSE-01-00391,CSE-01,HIGH,2024-12-14T09:51:22,2024-12-14T10:02:06.257819,2024-12-14T11:27:01.976447,CLOSED,,DB-SERVER-01,False
ALT-CSE-01-00392,CSE-01,MEDIUM,2024-12-14T18:59:10,2024-12-14T19:02:54.007729,2024-12-14T21:01:15.437599,CLOSED,,ENDPOINT-01,False
ALT-CSE-01-00393,CSE-01,HIGH,2024-10-17T20:27:36,2024-10-17T20:30:05.850040,2024-10-17T21:16:00.761384,CLOSED,,ROUTER-01,False
ALT-CSE-01-00394,CSE-01,MEDIUM,2024-11-24T15:09:36,2024-11-24T15:19:00.671479,2024-11-24T15:50:28.397876,CLOSED,,FIREWALL-01,False
ALT-CSE-01-00395,CSE-01,MEDIUM,2024-11-19T02:43:41,2024-11-19T02:52:09.211941,2024-11-19T05:48:21.246842,CLOSED,,DB-SERVER-01,False
ALT-CSE-01-00396,CSE-01,CRITICAL,2024-10-17T01:09:22,2024-10-17T01:13:11.957712,2024-10-17T02:01:20.656544,CLOSED,CAS-CSE-01-0093,ROUTER-01,False
ALT-CSE-01-00397,CSE-01,MEDIUM,2024-11-10T22:03:46,2024-11-10T22:04:59.638625,2024-11-11T00:08:52.178751,CLOSED,CAS-CSE-01-0094,FIREWALL-01,False
ALT-CSE-01-00398,CSE-01,HIGH,2024-11-29T16:54:03,2024-11-29T16:59:16.410807,2024-11-29T18:58:34.993684,CLOSED,,FIREWALL-01,False
ALT-CSE-01-00399,CSE-01,MEDIUM,2024-12-17T07:39:59,2024-12-17T07:54:39.147726,2024-12-17T09:21:43.131148,CLOSED,,ENDPOINT-01,False
ALT-CSE-01-00400,CSE-01,HIGH,2024-12-15T16:20:22,2024-12-15T16:23:47.757759,2024-12-15T19:34:39.872289,CLOSED,,FIREWALL-01,False
ALT-CSE-01-00401,CSE-01,LOW,2024-12-17T04:44:06,2024-12-17T04:55:10.284845,2024-12-17T07:20:56.169655,CLOSED,,WEB-SERVER-01,False
ALT-CSE-01-00402,CSE-01,HIGH,2024-11-09T15:59:19,2024-11-09T16:09:09.651376,2024-11-09T18:52:46.275723,CLOSED,,DB-SERVER-01,False
ALT-CSE-01-00403,CSE-01,LOW,2024-10-15T22:31:10,2024-10-15T22:33:16.005359,2024-10-15T23:18:16.175839,CLOSED,,FIREWALL-01,False
ALT-CSE-01-00404,CSE-01,MEDIUM,2024-11-11T06:17:47,2024-11-11T06:22:04.913585,2024-11-11T09:17:18.936474,CLOSED,,ROUTER-01,False
ALT-CSE-01-00405,CSE-01,MEDIUM,2024-11-22T03:50:08,2024-11-22T03:56:36.475587,2024-11-22T05:22:35.405086,CLOSED,,WEB-SERVER-01,False
ALT-CSE-01-00406,CSE-01,CRITICAL,2024-10-13T05:33:54,2024-10-13T05:38:37.121420,2024-10-13T06:18:23.787219,CLOSED,CAS-CSE-01-0095,FIREWALL-01,False
ALT-CSE-01-00407,CSE-01,MEDIUM,2024-10-28T07:04:14,2024-10-28T07:09:22.860610,2024-10-28T08:29:02.900039,CLOSED,,WEB-SERVER-01,False
ALT-CSE-01-00408,CSE-01,MEDIUM,2024-12-12T12:37:21,2024-12-12T12:45:16.444476,2024-12-12T14:58:34.392953,CLOSED,,WEB-SERVER-01,False
ALT-CSE-01-00409,CSE-01,CRITICAL,2024-10-20T05:21:36,2024-10-20T05:28:35.257573,2024-10-20T06:09:26.731277,CLOSED,,ROUTER-01,False
ALT-CSE-01-00410,CSE-01,MEDIUM,2024-11-07T01:35:00,2024-11-07T01:48:37.057399,2024-11-07T02:55:36.660389,CLOSED,,ENDPOINT-01,False
ALT-CSE-01-00411,CSE-01,HIGH,2024-12-13T03:26:33,2024-12-13T03:28:22.823603,2024-12-13T05:59:07.978173,CLOSED,,FIREWALL-01,False
ALT-CSE-01-00412,CSE-01,HIGH,2024-11-04T23:22:02,2024-11-04T23:34:15.685630,2024-11-05T01:32:26.168059,CLOSED,,ROUTER-01,False
ALT-CSE-01-00413,CSE-01,HIGH,2024-10-30T06:08:47,2024-10-30T06:13:03.946849,2024-10-30T08:45:59.314873,CLOSED,,ENDPOINT-01,False
ALT-CSE-01-00414,CSE-01,MEDIUM,2024-12-23T22:13:19,2024-12-23T22:22:25.552779,2024-12-24T00:24:55.001497,CLOSED,,DB-SERVER-01,False
ALT-CSE-01-00415,CSE-01,LOW,2024-12-19T06:14:04,2024-12-19T06:16:13.460078,2024-12-19T07:46:33.807009,CLOSED,,WEB-SERVER-01,False
ALT-CSE-01-00416,CSE-01,HIGH,2024-12-22T08:31:30,2024-12-22T08:43:06.073990,2024-12-22T10:14:16.634974,CLOSED,,WEB-SERVER-01,False
ALT-CSE-01-00417,CSE-01,CRITICAL,2024-10-31T14:13:50,2024-10-31T14:17:20.864059,2024-10-31T15:06:09.962620,CLOSED,CAS-CSE-01-0096,ENDPOINT-01,False
ALT-CSE-01-00418,CSE-01,HIGH,2024-12-14T03:16:31,2024-12-14T03:31:26.644635,2024-12-14T03:57:48.156937,CLOSED,,FIREWALL-01,False
ALT-CSE-01-00419,CSE-01,HIGH,2024-10-24T05:14:10,2024-10-24T05:19:34.383816,2024-10-24T07:05:37.105231,CLOSED,,WEB-SERVER-01,False
ALT-CSE-01-00420,CSE-01,HIGH,2024-11-05T03:54:35,2024-11-05T04:08:19.095432,2024-11-05T06:10:22.050530,CLOSED,CAS-CSE-01-0097,DB-SERVER-01,False
ALT-CSE-01-00421,CSE-01,MEDIUM,2024-10-09T17:13:02,2024-10-09T17:21:40.179789,2024-10-09T18:23:34.756643,CLOSED,,FIREWALL-01,False
ALT-CSE-01-00422,CSE-01,CRITICAL,2024-11-28T10:06:16,2024-11-28T10:13:57.114437,2024-11-28T11:11:49.122299,CLOSED,CAS-CSE-01-0098,ROUTER-01,False
ALT-CSE-01-00423,CSE-01,LOW,2024-10-13T09:37:25,2024-10-13T09:50:05.263218,2024-10-13T11:45:01.378311,CLOSED,,DB-SERVER-01,False
ALT-CSE-01-00424,CSE-01,HIGH,2024-10-20T07:48:07,2024-10-20T07:51:29.152087,2024-10-20T09:24:50.768029,CLOSED,,WEB-SERVER-01,False
ALT-CSE-01-00425,CSE-01,HIGH,2024-10-05T18:46:35,2024-10-05T18:48:13.457831,2024-10-05T21:05:02.220905,CLOSED,,FIREWALL-01,False
ALT-CSE-01-00426,CSE-01,MEDIUM,2024-12-22T05:51:02,2024-12-22T05:54:10.528455,2024-12-22T07:22:39.497500,CLOSED,CAS-CSE-01-0099,DB-SERVER-01,False
ALT-CSE-01-00427,CSE-01,HIGH,2024-11-12T07:44:37,2024-11-12T07:58:42.412215,2024-11-12T09:33:22.650743,CLOSED,,WEB-SERVER-01,False
ALT-CSE-01-00428,CSE-01,LOW,2024-11-20T18:29:38,2024-11-20T18:34:05.879377,2024-11-20T20:45:58.515822,CLOSED,,WEB-SERVER-01,False
ALT-CSE-01-00429,CSE-01,CRITICAL,2024-10-14T21:25:11,2024-10-14T21:38:12.537459,2024-10-14T21:41:54.330241,CLOSED,CAS-CSE-01-0100,DB-SERVER-01,False
ALT-CSE-01-00430,CSE-01,LOW,2024-10-25T05:34:26,2024-10-25T05:41:41.494264,2024-10-25T07:37:46.477388,CLOSED,,WEB-SERVER-01,False
ALT-CSE-01-00431,CSE-01,MEDIUM,2024-11-12T14:58:00,2024-11-12T14:59:58.122803,2024-11-12T16:48:02.932695,CLOSED,,ROUTER-01,False
ALT-CSE-01-00432,CSE-01,HIGH,2024-12-23T09:40:35,2024-12-23T09:53:38.718690,2024-12-23T11:24:58.577634,CLOSED,,ENDPOINT-01,False
ALT-CSE-01-00433,CSE-01,HIGH,2024-12-28T11:40:51,2024-12-28T11:44:53.047851,2024-12-28T13:18:35.416707,CLOSED,,ENDPOINT-01,False
ALT-CSE-01-00434,CSE-01,MEDIUM,2024-11-14T03:10:20,2024-11-14T03:24:57.206703,2024-11-14T05:09:03.035617,CLOSED,,ENDPOINT-01,False
ALT-CSE-01-00435,CSE-01,CRITICAL,2024-10-31T21:14:18,2024-10-31T21:22:07.431865,2024-10-31T22:04:39.237596,CLOSED,CAS-CSE-01-0101,ROUTER-01,False
ALT-CSE-01-00436,CSE-01,MEDIUM,2024-10-02T05:04:22,2024-10-02T05:14:47.691496,2024-10-02T07:34:43.053627,CLOSED,,ROUTER-01,False
ALT-CSE-01-00437,CSE-01,MEDIUM,2024-12-13T02:52:24,2024-12-13T02:58:35.342365,2024-12-13T04:56:07.190434,CLOSED,,ROUTER-01,False
ALT-CSE-01-00438,CSE-01,CRITICAL,2024-11-27T00:39:10,2024-11-27T00:47:11.973555,2024-11-27T01:34:53.254203,CLOSED,CAS-CSE-01-0102,ROUTER-01,False
ALT-CSE-01-00439,CSE-01,MEDIUM,2024-11-17T02:04:51,2024-11-17T02:18:51.295001,2024-11-17T04:10:55.223189,CLOSED,CAS-CSE-01-0103,DB-SERVER-01,False
ALT-CSE-01-00440,CSE-01,HIGH,2024-11-06T21:25:02,2024-11-06T21:36:50.586291,2024-11-06T22:39:36.537265,CLOSED,CAS-CSE-01-0104,ROUTER-01,False
ALT-CSE-01-00441,CSE-01,LOW,2024-11-24T19:17:37,2024-11-24T19:20:27.097547,2024-11-24T20:48:04.265224,CLOSED,,FIREWALL-01,False
ALT-CSE-01-00442,CSE-01,HIGH,2024-10-09T16:40:47,2024-10-09T16:55:03.623284,2024-10-09T18:06:50.218131,CLOSED,,WEB-SERVER-01,False
ALT-CSE-01-00443,CSE-01,MEDIUM,2024-11-29T19:59:42,2024-11-29T20:12:23.851966,2024-11-29T21:05:12.728908,CLOSED,,FIREWALL-01,False
ALT-CSE-01-00444,CSE-01,MEDIUM,2024-11-13T10:12:53,2024-11-13T10:21:55.462924,2024-11-13T12:10:06.347326,CLOSED,,ROUTER-01,False
ALT-CSE-01-00445,CSE-01,LOW,2024-12-16T03:09:24,2024-12-16T03:13:35.913993,2024-12-16T05:11:10.626365,CLOSED,,DB-SERVER-01,False
ALT-CSE-01-00446,CSE-01,MEDIUM,2024-10-07T15:59:29,2024-10-07T16:13:03.841054,2024-10-07T18:14:54.056024,CLOSED,,WEB-SERVER-01,False
ALT-CSE-01-00447,CSE-01,CRITICAL,2024-10-21T09:42:01,2024-10-21T09:54:33.972158,2024-10-21T10:40:16.045754,CLOSED,,WEB-SERVER-01,False
ALT-CSE-01-00448,CSE-01,CRITICAL,2024-12-07T19:35:07,2024-12-07T19:48:30.288716,2024-12-07T20:29:42.568152,CLOSED,CAS-CSE-01-0105,FIREWALL-01,False
ALT-CSE-01-00449,CSE-01,LOW,2024-11-17T06:09:26,2024-11-17T06:13:16.098443,2024-11-17T08:18:25.971935,CLOSED,,WEB-SERVER-01,False
ALT-CSE-01-00450,CSE-01,MEDIUM,2024-12-12T16:35:26,2024-12-12T16:46:15.590605,2024-12-12T18:55:34.236425,CLOSED,,DB-SERVER-01,False
ALT-CSE-01-00451,CSE-01,CRITICAL,2024-10-15T10:19:07,2024-10-15T10:30:49.770254,2024-10-15T10:53:44.592533,CLOSED,CAS-CSE-01-0106,ROUTER-01,False
ALT-CSE-01-00452,CSE-01,HIGH,2024-12-26T01:20:39,2024-12-26T01:24:04.850401,2024-12-26T03:34:03.182366,CLOSED,,ENDPOINT-01,False
ALT-CSE-01-00453,CSE-01,HIGH,2024-12-28T09:58:01,2024-12-28T09:59:44.199006,2024-12-28T10:53:31.641654,CLOSED,,ENDPOINT-01,False
ALT-CSE-01-00454,CSE-01,LOW,2024-10-25T02:56:09,2024-10-25T02:58:39.799049,2024-10-25T06:22:23.772750,CLOSED,CAS-CSE-01-0107,WEB-SERVER-01,False
ALT-CSE-01-00455,CSE-01,MEDIUM,2024-10-02T19:29:19,2024-10-02T19:34:56.430421,2024-10-02T21:40:26.008176,CLOSED,,ENDPOINT-01,False
ALT-CSE-01-00456,CSE-01,MEDIUM,2024-11-19T10:58:22,2024-11-19T11:00:28.104876,2024-11-19T12:53:00.622802,CLOSED,,ENDPOINT-01,False
ALT-CSE-01-00457,CSE-01,HIGH,2024-11-02T10:41:03,2024-11-02T10:54:54.009693,2024-11-02T12:18:47.829342,CLOSED,,DB-SERVER-01,False
ALT-CSE-01-00458,CSE-01,MEDIUM,2024-10-11T10:27:10,2024-10-11T10:29:12.169715,2024-10-11T12:26:11.357884,CLOSED,,FIREWALL-01,False
ALT-CSE-01-00459,CSE-01,HIGH,2024-10-07T06:51:35,2024-10-07T07:02:25.940639,2024-10-07T06:52:35,CLOSED,CAS-CSE-01-0108,ENDPOINT-01,False
ALT-CSE-01-00460,CSE-01,LOW,2024-10-26T15:25:34,2024-10-26T15:35:50.967809,2024-10-26T17:17:16.101131,CLOSED,,FIREWALL-01,False
ALT-CSE-01-00461,CSE-01,MEDIUM,2024-11-15T07:36:33,2024-11-15T07:39:51.548059,2024-11-15T09:08:09.593878,CLOSED,,DB-SERVER-01,False
ALT-CSE-01-00462,CSE-01,MEDIUM,2024-10-10T08:45:57,2024-10-10T08:48:45.010849,2024-10-10T11:36:20.281813,CLOSED,,DB-SERVER-01,False
ALT-CSE-01-00463,CSE-01,MEDIUM,2024-12-21T14:16:25,2024-12-21T14:27:14.393006,2024-12-21T17:34:46.841425,CLOSED,,ENDPOINT-01,False
ALT-CSE-01-00464,CSE-01,MEDIUM,2024-10-21T05:08:39,2024-10-21T05:18:43.830520,2024-10-21T05:46:21.341609,CLOSED,,FIREWALL-01,False
ALT-CSE-01-00465,CSE-01,HIGH,2024-10-24T19:44:55,2024-10-24T19:46:55.322514,2024-10-24T22:15:21.842996,CLOSED,,FIREWALL-01,False
ALT-CSE-01-00466,CSE-01,MEDIUM,2024-10-05T00:15:17,2024-10-05T00:27:12.205662,2024-10-05T02:18:40.929682,CLOSED,,WEB-SERVER-01,False
ALT-CSE-01-00467,CSE-01,MEDIUM,2024-10-18T15:58:59,2024-10-18T16:09:06.556898,2024-10-18T18:44:40.740859,CLOSED,,FIREWALL-01,False
ALT-CSE-01-00468,CSE-01,HIGH,2024-10-31T23:30:53,2024-10-31T23:43:23.181422,2024-11-01T01:55:07.948598,CLOSED,CAS-CSE-01-0109,DB-SERVER-01,False
ALT-CSE-01-00469,CSE-01,MEDIUM,2024-11-06T11:40:44,2024-11-06T11:52:37.984111,2024-11-06T14:40:39.921073,CLOSED,,FIREWALL-01,False
ALT-CSE-01-00470,CSE-01,CRITICAL,2024-12-04T19:59:44,2024-12-04T20:03:12.464335,2024-12-04T20:28:50.162240,CLOSED,CAS-CSE-01-0110,FIREWALL-01,False
ALT-CSE-01-00471,CSE-01,CRITICAL,2024-12-18T11:08:19,2024-12-18T11:21:59.607310,2024-12-18T12:15:45.139322,CLOSED,CAS-CSE-01-0111,WEB-SERVER-01,False
ALT-CSE-01-00472,CSE-01,MEDIUM,2024-11-11T10:08:37,2024-11-11T10:15:27.217497,2024-11-11T12:56:30.981735,CLOSED,,WEB-SERVER-01,False
ALT-CSE-01-00473,CSE-01,MEDIUM,2024-12-02T04:36:21,2024-12-02T04:42:24.610046,2024-12-02T06:09:15.808220,CLOSED,,DB-SERVER-01,False
ALT-CSE-01-00474,CSE-01,MEDIUM,2024-12-09T15:44:17,2024-12-09T15:56:37.449047,2024-12-09T16:24:38.859752,CLOSED,CAS-CSE-01-0112,ENDPOINT-01,False
ALT-CSE-01-00475,CSE-01,HIGH,2024-12-02T11:08:19,2024-12-02T11:09:20.593804,2024-12-02T13:32:39.903059,CLOSED,,ENDPOINT-01,False
ALT-CSE-01-00476,CSE-01,LOW,2024-12-29T19:24:52,2024-12-29T19:33:41.120192,2024-12-29T21:12:09.443669,CLOSED,,ENDPOINT-01,False
ALT-CSE-01-00477,CSE-01,LOW,2024-12-05T03:13:04,2024-12-05T03:25:11.700955,2024-12-05T05:58:31.251492,CLOSED,CAS-CSE-01-0113,DB-SERVER-01,False
ALT-CSE-01-00478,CSE-01,MEDIUM,2024-12-05T04:11:35,2024-12-05T04:22:18.166445,2024-12-05T06:08:55.844159,CLOSED,,ROUTER-01,False
ALT-CSE-01-00479,CSE-01,MEDIUM,2024-11-28T16:13:21,2024-11-28T16:26:26.620406,2024-11-28T18:30:50.282772,CLOSED,,DB-SERVER-01,False
ALT-CSE-01-00480,CSE-01,MEDIUM,2024-11-30T17:36:49,2024-11-30T17:42:57.494870,2024-11-30T20:13:05.130213,CLOSED,,WEB-SERVER-01,False
ALT-CSE-01-00481,CSE-01,CRITICAL,2024-11-09T19:52:21,2024-11-09T19:54:59.140125,2024-11-09T20:32:29.084251,CLOSED,,DB-SERVER-01,False
ALT-CSE-01-00482,CSE-01,CRITICAL,2024-12-12T21:26:44,2024-12-12T21:28:57.292609,2024-12-12T22:12:32.166891,CLOSED,CAS-CSE-01-0114,ENDPOINT-01,False
ALT-CSE-01-00483,CSE-01,LOW,2024-10-31T16:53:41,2024-10-31T17:04:01.760106,2024-10-31T18:34:05.753833,CLOSED,,ENDPOINT-01,False
ALT-CSE-01-00484,CSE-01,LOW,2024-11-24T01:40:32,2024-11-24T01:47:29.484800,2024-11-24T03:20:19.218729,CLOSED,,FIREWALL-01,False
ALT-CSE-01-00485,CSE-01,LOW,2024-10-07T07:59:48,2024-10-07T08:08:28.946915,2024-10-07T09:33:38.708588,CLOSED,,DB-SERVER-01,False
ALT-CSE-01-00486,CSE-01,CRITICAL,2024-12-01T04:19:32,2024-12-01T04:31:37.405126,2024-12-01T05:15:26.388211,CLOSED,,DB-SERVER-01,False
ALT-CSE-01-00487,CSE-01,HIGH,2024-11-13T02:17:28,2024-11-13T02:26:04.884855,2024-11-13T02:27:38.714958,CLOSED,,FIREWALL-01,False
ALT-CSE-01-00488,CSE-01,HIGH,2024-12-23T07:41:14,2024-12-23T07:54:45.800027,2024-12-23T08:12:01.803327,CLOSED,,DB-SERVER-01,False
ALT-CSE-01-00489,CSE-01,MEDIUM,2024-10-31T21:28:55,2024-10-31T21:36:32.451161,2024-10-31T23:15:44.070921,CLOSED,CAS-CSE-01-0115,ENDPOINT-01,False
ALT-CSE-01-00490,CSE-01,LOW,2024-12-03T16:59:09,2024-12-03T17:06:37.236950,2024-12-03T20:10:23.333975,CLOSED,,FIREWALL-01,False
ALT-CSE-01-00491,CSE-01,MEDIUM,2024-10-24T14:09:13,2024-10-24T14:17:33.586985,2024-10-24T16:52:02.201171,CLOSED,CAS-CSE-01-0116,ENDPOINT-01,False
ALT-CSE-01-00492,CSE-01,HIGH,2024-12-06T01:01:26,2024-12-06T01:08:47.162289,2024-12-06T03:05:38.303552,CLOSED,,DB-SERVER-01,False
ALT-CSE-01-00493,CSE-01,CRITICAL,2024-12-07T08:23:29,2024-12-07T08:26:50.944129,2024-12-07T09:14:24.113746,CLOSED,CAS-CSE-01-0117,FIREWALL-01,False
ALT-CSE-01-00494,CSE-01,MEDIUM,2024-12-17T13:29:55,2024-12-17T13:40:04.561347,2024-12-17T15:31:09.060306,CLOSED,,ROUTER-01,False
ALT-CSE-01-00495,CSE-01,MEDIUM,2024-12-03T19:58:59,2024-12-03T20:06:18.033289,2024-12-03T21:50:57.594788,CLOSED,,FIREWALL-01,False
ALT-CSE-01-00496,CSE-01,CRITICAL,2024-12-25T09:17:08,2024-12-25T09:31:06.466372,2024-12-25T10:19:26.162934,CLOSED,,DB-SERVER-01,False
ALT-CSE-01-00497,CSE-01,MEDIUM,2024-10-10T21:10:03,2024-10-10T21:15:57.914801,2024-10-10T23:23:16.022847,CLOSED,,ROUTER-01,False
ALT-CSE-01-00498,CSE-01,LOW,2024-12-29T08:06:24,2024-12-29T08:20:11.544662,2024-12-29T10:13:21.549205,CLOSED,,DB-SERVER-01,False
ALT-CSE-01-00499,CSE-01,MEDIUM,2024-10-20T02:12:58,2024-10-20T02:25:21.654488,2024-10-20T04:53:09.970449,CLOSED,,ROUTER-01,False
ALT-CSE-01-00500,CSE-01,HIGH,2024-11-29T14:35:08,2024-11-29T14:38:07.669056,2024-11-29T16:26:39.176268,CLOSED,,ENDPOINT-01,False
ALT-CSE-01-00501,CSE-01,MEDIUM,2024-11-11T03:30:04,2024-11-11T03:39:23.384789,2024-11-11T06:40:48.308695,CLOSED,,WEB-SERVER-01,False
ALT-CSE-01-00502,CSE-01,MEDIUM,2024-12-16T06:49:48,2024-12-16T06:58:29.468785,2024-12-16T09:38:46.967930,CLOSED,CAS-CSE-01-0118,WEB-SERVER-01,False
ALT-CSE-01-00503,CSE-01,LOW,2024-11-30T17:10:59,2024-11-30T17:14:07.086249,2024-11-30T19:45:45.061576,CLOSED,,WEB-SERVER-01,False
ALT-CSE-01-00504,CSE-01,CRITICAL,2024-11-14T23:43:33,2024-11-14T23:46:09.521151,2024-11-15T00:25:24.625020,CLOSED,CAS-CSE-01-0119,ENDPOINT-01,False
ALT-CSE-01-00505,CSE-01,CRITICAL,2024-10-09T06:06:17,2024-10-09T06:14:31.777323,2024-10-09T06:22:53.256024,CLOSED,CAS-CSE-01-0120,FIREWALL-01,False
ALT-CSE-01-00506,CSE-01,MEDIUM,2024-12-13T19:08:52,2024-12-13T19:19:07.053886,2024-12-13T21:11:27.269803,CLOSED,,WEB-SERVER-01,False
ALT-CSE-01-00507,CSE-01,HIGH,2024-12-22T16:37:00,2024-12-22T16:42:56.276680,2024-12-22T18:13:42.714183,CLOSED,,ENDPOINT-01,False
ALT-CSE-01-00508,CSE-01,MEDIUM,2024-12-04T13:07:26,2024-12-04T13:17:31.116188,2024-12-04T15:36:29.190093,CLOSED,,WEB-SERVER-01,False
ALT-CSE-01-00509,CSE-01,HIGH,2024-11-11T13:24:51,2024-11-11T13:27:43.255522,2024-11-11T16:01:21.906286,CLOSED,,ROUTER-01,False
ALT-CSE-01-00510,CSE-01,HIGH,2024-11-23T10:53:41,2024-11-23T10:55:58.734406,2024-11-23T12:54:13.662380,CLOSED,,DB-SERVER-01,False
ALT-CSE-01-00511,CSE-01,HIGH,2024-12-02T01:32:19,2024-12-02T01:41:43.330893,2024-12-02T03:37:46.934201,CLOSED,,DB-SERVER-01,False
ALT-CSE-01-00512,CSE-01,HIGH,2024-11-18T22:23:43,2024-11-18T22:29:46.239610,2024-11-18T23:57:24.855569,CLOSED,,DB-SERVER-01,False
ALT-CSE-01-00513,CSE-01,HIGH,2024-10-08T15:07:59,2024-10-08T15:15:51.254956,2024-10-08T17:21:29.643735,CLOSED,,WEB-SERVER-01,False
ALT-CSE-01-00514,CSE-01,MEDIUM,2024-10-16T16:26:34,2024-10-16T16:35:29.374821,2024-10-16T18:12:26.658957,CLOSED,,ENDPOINT-01,False
ALT-CSE-01-00515,CSE-01,CRITICAL,2024-10-03T21:05:30,2024-10-03T21:14:19.455427,2024-10-03T21:57:25.983580,CLOSED,CAS-CSE-01-0121,WEB-SERVER-01,False
ALT-CSE-01-00516,CSE-01,HIGH,2024-12-23T14:53:50,2024-12-23T15:00:16.108976,2024-12-23T18:03:18.422512,CLOSED,,FIREWALL-01,False
ALT-CSE-01-00517,CSE-01,LOW,2024-11-08T17:56:54,2024-11-08T18:06:13.386054,2024-11-08T19:42:24.812686,CLOSED,,DB-SERVER-01,False
ALT-CSE-01-00518,CSE-01,MEDIUM,2024-10-21T05:13:25,2024-10-21T05:21:22.496491,2024-10-21T08:00:14.976605,CLOSED,,WEB-SERVER-01,False
ALT-CSE-01-00519,CSE-01,HIGH,2024-11-07T09:57:47,2024-11-07T10:03:18.737306,2024-11-07T11:44:56.774677,CLOSED,,FIREWALL-01,False
ALT-CSE-01-00520,CSE-01,LOW,2024-11-10T00:39:55,2024-11-10T00:49:50.867442,2024-11-10T01:52:57.005162,CLOSED,CAS-CSE-01-0122,ENDPOINT-01,False
ALT-CSE-01-00521,CSE-01,CRITICAL,2024-10-20T01:40:48,2024-10-20T01:42:16.053182,2024-10-20T02:47:25.916030,CLOSED,CAS-CSE-01-0123,ROUTER-01,False
ALT-CSE-01-00522,CSE-01,MEDIUM,2024-11-20T11:44:59,2024-11-20T11:48:43.482173,2024-11-20T12:23:43.611082,CLOSED,,WEB-SERVER-01,False
ALT-CSE-01-00523,CSE-01,MEDIUM,2024-12-24T08:11:14,2024-12-24T08:21:49.124008,2024-12-24T08:43:07.767489,CLOSED,,FIREWALL-01,False
ALT-CSE-01-00524,CSE-01,HIGH,2024-12-24T02:03:33,2024-12-24T02:06:38.419088,2024-12-24T05:01:49.667313,CLOSED,,DB-SERVER-01,False
ALT-CSE-01-00525,CSE-01,CRITICAL,2024-11-13T13:06:55,2024-11-13T13:19:55.372720,2024-11-13T13:37:14.221249,CLOSED,CAS-CSE-01-0124,WEB-SERVER-01,False
ALT-CSE-01-00526,CSE-01,CRITICAL,2024-10-02T11:33:33,2024-10-02T11:38:02.846759,2024-10-02T12:03:54.823320,CLOSED,CAS-CSE-01-0125,DB-SERVER-01,False
ALT-CSE-01-00527,CSE-01,HIGH,2024-10-07T22:32:50,2024-10-07T22:40:06.688283,2024-10-08T00:31:28.524269,CLOSED,,ROUTER-01,False
ALT-CSE-01-00528,CSE-01,HIGH,2024-12-05T19:08:55,2024-12-05T19:11:03.610600,2024-12-05T21:55:40.271260,CLOSED,,ENDPOINT-01,False
ALT-CSE-01-00529,CSE-01,MEDIUM,2024-10-11T04:27:13,2024-10-11T04:32:07.377320,2024-10-11T06:57:18.934984,CLOSED,,WEB-SERVER-01,False
ALT-CSE-01-00530,CSE-01,MEDIUM,2024-10-22T04:43:46,2024-10-22T04:45:38.674381,2024-10-22T06:06:11.985640,CLOSED,,DB-SERVER-01,False
ALT-CSE-01-00531,CSE-01,HIGH,2024-12-28T04:00:45,2024-12-28T04:04:47.281739,2024-12-28T05:13:33.616444,CLOSED,,ROUTER-01,False
ALT-CSE-01-00532,CSE-01,HIGH,2024-10-03T07:57:30,2024-10-03T08:06:57.884721,2024-10-03T10:45:14.679404,CLOSED,,WEB-SERVER-01,False
ALT-CSE-01-00533,CSE-01,MEDIUM,2024-12-20T05:07:36,2024-12-20T05:22:32.882682,2024-12-20T06:50:13.487510,CLOSED,,ROUTER-01,False
ALT-CSE-01-00534,CSE-01,HIGH,2024-11-28T23:15:58,2024-11-28T23:20:45.129278,2024-11-29T01:17:13.882283,CLOSED,,ROUTER-01,False
ALT-CSE-01-00535,CSE-01,HIGH,2024-10-29T16:30:17,2024-10-29T16:34:12.082869,2024-10-29T18:36:18.053309,CLOSED,,FIREWALL-01,False
ALT-CSE-01-00536,CSE-01,MEDIUM,2024-10-27T03:19:03,2024-10-27T03:20:34.405361,2024-10-27T04:12:40.708319,CLOSED,,WEB-SERVER-01,False
ALT-CSE-01-00537,CSE-01,HIGH,2024-10-23T22:57:33,2024-10-23T23:08:11.635279,2024-10-24T01:46:56.504616,CLOSED,,WEB-SERVER-01,False
ALT-CSE-01-00538,CSE-01,MEDIUM,2024-10-21T04:41:57,2024-10-21T04:43:03.760416,2024-10-21T05:50:10.605287,CLOSED,,ENDPOINT-01,False
ALT-CSE-01-00539,CSE-01,MEDIUM,2024-10-27T07:49:58,2024-10-27T07:59:11.460601,2024-10-27T08:43:02.305582,CLOSED,,FIREWALL-01,False
ALT-CSE-01-00540,CSE-01,HIGH,2024-11-03T21:24:05,2024-11-03T21:37:48.507356,2024-11-03T23:28:20.355219,CLOSED,,DB-SERVER-01,False
ALT-CSE-01-00541,CSE-01,LOW,2024-11-26T05:17:31,2024-11-26T05:21:44.304747,2024-11-26T06:32:30.890747,CLOSED,CAS-CSE-01-0126,ROUTER-01,False
ALT-CSE-01-00542,CSE-01,HIGH,2024-10-31T11:10:08,2024-10-31T11:21:26.375860,2024-10-31T13:03:13.486876,CLOSED,CAS-CSE-01-0127,FIREWALL-01,False
ALT-CSE-01-00543,CSE-01,HIGH,2024-11-16T15:24:00,2024-11-16T15:27:40.552397,2024-11-16T18:10:12.427554,CLOSED,,ROUTER-01,False
ALT-CSE-01-00544,CSE-01,LOW,2024-12-27T11:44:10,2024-12-27T11:50:11.602812,2024-12-27T13:19:24.844438,CLOSED,CAS-CSE-01-0128,WEB-SERVER-01,False
ALT-CSE-01-00545,CSE-01,MEDIUM,2024-11-28T08:18:53,2024-11-28T08:25:24.875807,2024-11-28T10:57:40.492661,CLOSED,,WEB-SERVER-01,False
ALT-CSE-01-00546,CSE-01,HIGH,2024-11-11T09:40:14,2024-11-11T09:49:51.751420,2024-11-11T11:02:45.082277,CLOSED,,ENDPOINT-01,False
ALT-CSE-01-00547,CSE-01,HIGH,2024-12-24T18:13:00,2024-12-24T18:23:37.431420,2024-12-24T20:27:31.003469,CLOSED,,DB-SERVER-01,False
ALT-CSE-01-00548,CSE-01,MEDIUM,2024-12-23T14:26:12,2024-12-23T14:31:33.383631,2024-12-23T17:46:11.078890,CLOSED,,FIREWALL-01,False
ALT-CSE-01-00549,CSE-01,LOW,2024-11-08T05:48:50,2024-11-08T06:02:11.031250,2024-11-08T08:00:21.255874,CLOSED,,DB-SERVER-01,False
ALT-CSE-01-00550,CSE-01,MEDIUM,2024-10-29T04:44:31,2024-10-29T04:51:30.906162,2024-10-29T06:18:09.599595,CLOSED,,ROUTER-01,False
ALT-CSE-01-00551,CSE-01,MEDIUM,2024-11-14T20:12:26,2024-11-14T20:19:43.865464,2024-11-14T21:56:02.943075,CLOSED,,ENDPOINT-01,False
ALT-CSE-01-00552,CSE-01,MEDIUM,2024-12-11T15:47:19,2024-12-11T15:50:34.590285,2024-12-11T18:35:31.876085,CLOSED,,WEB-SERVER-01,False
ALT-CSE-01-00553,CSE-01,HIGH,2024-10-03T16:40:55,2024-10-03T16:42:31.922023,2024-10-03T19:15:34.433599,CLOSED,,DB-SERVER-01,False
ALT-CSE-01-00554,CSE-01,LOW,2024-10-05T10:57:54,2024-10-05T10:59:50.238737,2024-10-05T13:20:25.409951,CLOSED,,DB-SERVER-01,False
ALT-CSE-01-00555,CSE-01,MEDIUM,2024-12-18T13:14:37,2024-12-18T13:23:10.919243,2024-12-18T15:16:02.419460,CLOSED,,WEB-SERVER-01,False
ALT-CSE-01-00556,CSE-01,MEDIUM,2024-11-20T22:37:34,2024-11-20T22:51:47.578390,2024-11-21T01:13:39.683495,CLOSED,,ENDPOINT-01,False
ALT-CSE-01-00557,CSE-01,MEDIUM,2024-10-02T20:43:42,2024-10-02T20:45:01.859059,2024-10-02T22:43:37.161322,CLOSED,,ROUTER-01,False
ALT-CSE-01-00558,CSE-01,HIGH,2024-10-02T12:59:16,2024-10-02T13:00:36.000305,2024-10-02T14:22:35.624299,CLOSED,,WEB-SERVER-01,False
ALT-CSE-01-00559,CSE-01,LOW,2024-12-25T09:27:12,2024-12-25T09:32:49.846444,2024-12-25T11:19:56.528143,CLOSED,,DB-SERVER-01,False
ALT-CSE-01-00560,CSE-01,LOW,2024-12-13T22:48:28,2024-12-13T23:03:15.135492,2024-12-13T23:52:59.173179,CLOSED,CAS-CSE-01-0129,ROUTER-01,False
ALT-CSE-01-00561,CSE-01,HIGH,2024-10-11T16:49:00,2024-10-11T16:59:51.070365,2024-10-11T16:52:23.498437,CLOSED,,ROUTER-01,False
ALT-CSE-01-00562,CSE-01,HIGH,2024-10-30T01:30:08,2024-10-30T01:36:09.458347,2024-10-30T03:20:36.013984,CLOSED,,ENDPOINT-01,False
ALT-CSE-01-00563,CSE-01,HIGH,2024-10-06T12:51:29,2024-10-06T12:52:29.747438,2024-10-06T15:29:32.050696,CLOSED,,DB-SERVER-01,False
ALT-CSE-01-00564,CSE-01,LOW,2024-12-04T09:03:05,2024-12-04T09:06:25.552982,2024-12-04T10:55:56.944847,CLOSED,,ROUTER-01,False
ALT-CSE-01-00565,CSE-01,LOW,2024-12-26T04:17:25,2024-12-26T04:28:09.207308,2024-12-26T06:59:07.330409,CLOSED,,DB-SERVER-01,False
ALT-CSE-01-00566,CSE-01,CRITICAL,2024-10-27T15:00:57,2024-10-27T15:06:53.729026,2024-10-27T16:08:34.978661,CLOSED,CAS-CSE-01-0130,FIREWALL-01,False
ALT-CSE-01-00567,CSE-01,MEDIUM,2024-12-15T20:12:44,2024-12-15T20:23:39.958903,2024-12-15T22:01:36.331930,CLOSED,,FIREWALL-01,False
ALT-CSE-01-00568,CSE-01,MEDIUM,2024-12-15T07:13:49,2024-12-15T07:19:14.920863,2024-12-15T08:59:14.529169,CLOSED,,FIREWALL-01,False
ALT-CSE-01-00569,CSE-01,HIGH,2024-11-20T22:53:27,2024-11-20T22:54:58.797631,2024-11-20T23:54:06.549667,CLOSED,,FIREWALL-01,False
ALT-CSE-01-00570,CSE-01,LOW,2024-11-30T10:20:37,2024-11-30T10:33:42.636829,2024-11-30T12:49:34.342853,CLOSED,,FIREWALL-01,False
ALT-CSE-01-00571,CSE-01,LOW,2024-12-23T16:46:06,2024-12-23T16:56:42.331175,2024-12-23T19:18:26.638884,CLOSED,,ROUTER-01,False
ALT-CSE-01-00572,CSE-01,MEDIUM,2024-10-20T05:11:36,2024-10-20T05:20:40.242977,2024-10-20T06:35:33.258690,CLOSED,,ROUTER-01,False
ALT-CSE-01-00573,CSE-01,MEDIUM,2024-11-28T01:31:16,2024-11-28T01:35:23.565210,2024-11-28T03:11:15.484415,CLOSED,,DB-SERVER-01,False
ALT-CSE-01-00574,CSE-01,LOW,2024-11-06T06:48:28,2024-11-06T06:51:50.505004,2024-11-06T09:21:13.808873,CLOSED,,DB-SERVER-01,False
ALT-CSE-01-00575,CSE-01,CRITICAL,2024-10-23T16:32:13,2024-10-23T16:33:26.535768,2024-10-23T17:07:13.224849,CLOSED,CAS-CSE-01-0131,WEB-SERVER-01,False
ALT-CSE-01-00576,CSE-01,CRITICAL,2024-11-07T20:38:32,2024-11-07T20:40:13.218831,2024-11-07T21:27:44.555435,CLOSED,,DB-SERVER-01,False
ALT-CSE-01-00577,CSE-01,HIGH,2024-11-08T16:29:32,2024-11-08T16:41:01.941608,2024-11-08T19:13:56.223240,CLOSED,,ROUTER-01,False
ALT-CSE-01-00578,CSE-01,LOW,2024-12-08T16:12:40,2024-12-08T16:24:14.200924,2024-12-08T18:10:26.265100,CLOSED,,DB-SERVER-01,False
ALT-CSE-01-00579,CSE-01,HIGH,2024-12-07T22:19:37,2024-12-07T22:33:59.220564,2024-12-07T23:08:27.684981,CLOSED,,ROUTER-01,False
ALT-CSE-01-00580,CSE-01,HIGH,2024-10-21T02:27:00,2024-10-21T02:30:34.317027,2024-10-21T04:30:56.638280,CLOSED,,FIREWALL-01,False
ALT-CSE-01-00581,CSE-01,CRITICAL,2024-12-25T16:52:48,2024-12-25T16:57:53.968536,2024-12-25T17:50:17.197754,CLOSED,CAS-CSE-01-0132,ROUTER-01,False
ALT-CSE-01-00582,CSE-01,CRITICAL,2024-10-15T08:25:46,2024-10-15T08:36:00.106383,2024-10-15T08:52:39.491705,CLOSED,CAS-CSE-01-0133,ROUTER-01,False
ALT-CSE-01-00583,CSE-01,MEDIUM,2024-11-17T19:48:48,2024-11-17T19:53:37.727921,2024-11-17T21:54:53.174125,CLOSED,,DB-SERVER-01,False
ALT-CSE-01-00584,CSE-01,LOW,2024-11-16T17:39:41,2024-11-16T17:41:53.800218,2024-11-16T19:48:58.297539,CLOSED,,FIREWALL-01,False
ALT-CSE-01-00585,CSE-01,CRITICAL,2024-11-09T17:25:01,2024-11-09T17:29:17.715883,2024-11-09T18:45:23.309637,CLOSED,CAS-CSE-01-0134,ROUTER-01,False
ALT-CSE-01-00586,CSE-01,MEDIUM,2024-11-14T04:51:37,2024-11-14T04:53:25.695168,2024-11-14T06:44:49.211747,CLOSED,,ENDPOINT-01,False
ALT-CSE-01-00587,CSE-01,HIGH,2024-12-10T12:37:38,2024-12-10T12:40:19.137592,2024-12-10T13:47:25.023356,CLOSED,,ROUTER-01,False
ALT-CSE-01-00588,CSE-01,MEDIUM,2024-10-17T09:41:57,2024-10-17T09:54:32.908218,2024-10-17T12:31:18.530807,CLOSED,,ENDPOINT-01,False
ALT-CSE-01-00589,CSE-01,MEDIUM,2024-10-02T00:53:54,2024-10-02T01:02:11.731056,2024-10-02T03:39:13.883289,CLOSED,,FIREWALL-01,False
ALT-CSE-01-00590,CSE-01,MEDIUM,2024-12-16T10:10:28,2024-12-16T10:13:31.617379,2024-12-16T12:46:31.244418,CLOSED,,ENDPOINT-01,False
ALT-CSE-01-00591,CSE-01,HIGH,2024-10-12T23:30:12,2024-10-12T23:32:11.633496,2024-10-13T01:25:54.488228,CLOSED,,ROUTER-01,False
ALT-CSE-01-00592,CSE-01,MEDIUM,2024-10-11T21:54:30,2024-10-11T22:07:55.561319,2024-10-11T22:40:44.306253,CLOSED,,DB-SERVER-01,False
ALT-CSE-01-00593,CSE-01,MEDIUM,2024-12-09T21:14:48,2024-12-09T21:20:20.920691,2024-12-09T22:46:46.924848,CLOSED,,DB-SERVER-01,False
ALT-CSE-01-00594,CSE-01,MEDIUM,2024-10-14T16:10:13,2024-10-14T16:16:45.054415,2024-10-14T17:07:54.367189,CLOSED,,FIREWALL-01,False
ALT-CSE-01-00595,CSE-01,HIGH,2024-11-11T21:20:16,2024-11-11T21:21:50.100426,2024-11-11T22:16:22.406741,CLOSED,,WEB-SERVER-01,False
ALT-CSE-01-00596,CSE-01,HIGH,2024-11-17T22:31:00,2024-11-17T22:44:58.193165,2024-11-18T01:26:16.504378,CLOSED,,FIREWALL-01,False
ALT-CSE-01-00597,CSE-01,MEDIUM,2024-12-07T19:08:54,2024-12-07T19:11:33.368988,2024-12-07T21:13:24.306995,CLOSED,,WEB-SERVER-01,False
ALT-CSE-01-00598,CSE-01,HIGH,2024-10-12T09:13:16,2024-10-12T09:25:36.395893,2024-10-12T09:37:58.815330,CLOSED,,WEB-SERVER-01,False
ALT-CSE-01-00599,CSE-01,MEDIUM,2024-10-30T20:44:50,2024-10-30T20:58:54.055656,2024-10-31T00:06:08.329599,CLOSED,,ROUTER-01,False
ALT-CSE-01-00600,CSE-01,LOW,2024-11-15T14:42:37,2024-11-15T14:56:41.748293,2024-11-15T18:27:39.592669,CLOSED,,DB-SERVER-01,False
ALT-CSE-01-00601,CSE-01,MEDIUM,2024-11-25T12:57:12,2024-11-25T13:08:21.551377,2024-11-25T16:10:47.872370,CLOSED,,DB-SERVER-01,False
ALT-CSE-01-00602,CSE-01,LOW,2024-12-07T02:37:51,2024-12-07T02:42:37.796735,2024-12-07T04:09:32.962429,CLOSED,,ENDPOINT-01,False
ALT-CSE-01-00603,CSE-01,MEDIUM,2024-10-22T09:00:27,2024-10-22T09:04:46.552786,2024-10-22T11:28:11.010776,CLOSED,,ENDPOINT-01,False
ALT-CSE-01-00604,CSE-01,LOW,2024-12-12T23:16:25,2024-12-12T23:23:17.906624,2024-12-13T01:22:11.886628,CLOSED,,ROUTER-01,False
ALT-CSE-01-00605,CSE-01,LOW,2024-11-12T01:11:39,2024-11-12T01:23:54.809664,2024-11-12T02:43:53.354344,CLOSED,,WEB-SERVER-01,False
ALT-CSE-01-00606,CSE-01,MEDIUM,2024-11-29T03:13:44,2024-11-29T03:16:51.706338,2024-11-29T04:51:46.559947,CLOSED,,ROUTER-01,False
ALT-CSE-01-00607,CSE-01,MEDIUM,2024-11-12T21:37:06,2024-11-12T21:38:39.557767,2024-11-12T23:46:43.985794,CLOSED,,DB-SERVER-01,False
ALT-CSE-01-00608,CSE-01,CRITICAL,2024-11-04T07:40:44,2024-11-04T07:49:02.240620,2024-11-04T08:18:10.071405,CLOSED,CAS-CSE-01-0135,ROUTER-01,False
ALT-CSE-01-00609,CSE-01,MEDIUM,2024-11-05T08:38:57,2024-11-05T08:46:43.421405,2024-11-05T09:33:54.210411,CLOSED,,FIREWALL-01,False
ALT-CSE-01-00610,CSE-01,LOW,2024-10-17T10:27:00,2024-10-17T10:29:05.965336,2024-10-17T11:48:03.296422,CLOSED,,ENDPOINT-01,False
ALT-CSE-01-00611,CSE-01,HIGH,2024-12-03T12:26:11,2024-12-03T12:31:34.777300,2024-12-03T15:33:43.248312,CLOSED,,ROUTER-01,False
ALT-CSE-01-00612,CSE-01,HIGH,2024-10-27T07:44:00,2024-10-27T07:48:52.270233,2024-10-27T10:21:04.648349,CLOSED,,ROUTER-01,False
ALT-CSE-01-00613,CSE-01,MEDIUM,2024-10-19T18:31:57,2024-10-19T18:40:26.842589,2024-10-19T19:57:57.405108,CLOSED,,WEB-SERVER-01,False
ALT-CSE-01-00614,CSE-01,MEDIUM,2024-12-06T05:47:30,2024-12-06T06:00:37.374609,2024-12-06T07:55:20.039663,CLOSED,,WEB-SERVER-01,False
ALT-CSE-01-00615,CSE-01,HIGH,2024-11-13T13:26:18,2024-11-13T13:29:36.863622,2024-11-13T16:38:01.010194,CLOSED,,DB-SERVER-01,False
ALT-CSE-01-00616,CSE-01,MEDIUM,2024-11-02T13:16:43,2024-11-02T13:19:27.106012,2024-11-02T14:51:14.038544,CLOSED,,DB-SERVER-01,False
ALT-CSE-01-00617,CSE-01,HIGH,2024-10-03T09:46:35,2024-10-03T09:53:14.696310,2024-10-03T11:50:03.130592,CLOSED,,DB-SERVER-01,False
ALT-CSE-01-00618,CSE-01,HIGH,2024-11-17T22:58:17,2024-11-17T23:05:29.211508,2024-11-18T01:50:21.744696,CLOSED,,DB-SERVER-01,False
ALT-CSE-01-00619,CSE-01,MEDIUM,2024-12-08T05:02:32,2024-12-08T05:15:27.528573,2024-12-08T07:08:29.962634,CLOSED,CAS-CSE-01-0136,ENDPOINT-01,False
ALT-CSE-01-00620,CSE-01,HIGH,2024-10-26T17:19:43,2024-10-26T17:24:53.859121,2024-10-26T18:43:50.470320,CLOSED,,ENDPOINT-01,False
ALT-CSE-01-00621,CSE-01,MEDIUM,2024-10-07T05:29:42,2024-10-07T05:36:38.380309,2024-10-07T07:39:06.447512,CLOSED,,FIREWALL-01,False
ALT-CSE-01-00622,CSE-01,CRITICAL,2024-12-03T01:03:02,2024-12-03T01:04:02.795938,2024-12-03T01:57:17.416529,CLOSED,CAS-CSE-01-0137,ROUTER-01,False
ALT-CSE-01-00623,CSE-01,HIGH,2024-11-20T00:33:37,2024-11-20T00:43:50.826699,2024-11-20T01:49:05.385356,CLOSED,,WEB-SERVER-01,False
ALT-CSE-01-00624,CSE-01,HIGH,2024-12-06T15:07:26,2024-12-06T15:17:36.695241,2024-12-06T16:34:01.247907,CLOSED,,WEB-SERVER-01,False
ALT-CSE-01-00625,CSE-01,HIGH,2024-11-13T22:39:35,2024-11-13T22:43:45.708812,2024-11-13T22:40:35,CLOSED,,FIREWALL-01,False
ALT-CSE-01-00626,CSE-01,HIGH,2024-11-01T17:28:15,2024-11-01T17:30:40.736080,2024-11-01T18:45:40.949048,CLOSED,,ENDPOINT-01,False
ALT-CSE-01-00627,CSE-01,LOW,2024-10-25T23:39:20,2024-10-25T23:40:46.982175,2024-10-26T01:12:41.049799,CLOSED,,WEB-SERVER-01,False
ALT-CSE-01-00628,CSE-01,CRITICAL,2024-11-02T05:26:53,2024-11-02T05:41:15.569361,2024-11-02T06:18:28.663927,CLOSED,CAS-CSE-01-0138,DB-SERVER-01,False
ALT-CSE-01-00629,CSE-01,MEDIUM,2024-11-07T01:16:08,2024-11-07T01:30:22.281443,2024-11-07T03:19:19.312499,CLOSED,,ENDPOINT-01,False
ALT-CSE-01-00630,CSE-01,LOW,2024-11-08T21:30:13,2024-11-08T21:41:30.591415,2024-11-09T00:03:22.078071,CLOSED,CAS-CSE-01-0139,ENDPOINT-01,False
ALT-CSE-01-00631,CSE-01,MEDIUM,2024-10-20T04:48:50,2024-10-20T04:59:27.625149,2024-10-20T07:34:02.526279,CLOSED,,FIREWALL-01,False
ALT-CSE-01-00632,CSE-01,HIGH,2024-10-29T07:11:18,2024-10-29T07:12:53.599767,2024-10-29T10:09:30.123937,CLOSED,,WEB-SERVER-01,False
ALT-CSE-01-00633,CSE-01,LOW,2024-11-28T09:25:14,2024-11-28T09:36:09.803729,2024-11-28T11:53:02.884412,CLOSED,,WEB-SERVER-01,False
ALT-CSE-01-00634,CSE-01,CRITICAL,2024-10-04T03:53:53,2024-10-04T03:55:36.167080,2024-10-04T04:49:19.678190,CLOSED,CAS-CSE-01-0140,ENDPOINT-01,False
ALT-CSE-01-00635,CSE-01,MEDIUM,2024-11-18T15:54:19,2024-11-18T16:06:04.594094,2024-11-18T18:00:31.872100,CLOSED,CAS-CSE-01-0141,ROUTER-01,False
ALT-CSE-01-00636,CSE-01,HIGH,2024-11-07T23:21:46,2024-11-07T23:28:23.677560,2024-11-08T01:17:29.289000,CLOSED,,ENDPOINT-01,False
ALT-CSE-01-00637,CSE-01,LOW,2024-11-03T00:48:34,2024-11-03T00:54:39.482161,2024-11-03T02:45:12.886158,CLOSED,,ROUTER-01,False
ALT-CSE-01-00638,CSE-01,LOW,2024-11-30T15:30:19,2024-11-30T15:39:46.074469,2024-11-30T18:16:21.208732,CLOSED,,FIREWALL-01,False
ALT-CSE-01-00639,CSE-01,MEDIUM,2024-12-09T23:17:01,2024-12-09T23:23:58.387611,2024-12-10T00:40:10.046749,CLOSED,,ROUTER-01,False
ALT-CSE-01-00640,CSE-01,HIGH,2024-12-05T16:06:35,2024-12-05T16:19:22.759770,2024-12-05T18:43:17.836551,CLOSED,,ROUTER-01,False
ALT-CSE-01-00641,CSE-01,LOW,2024-12-13T16:18:10,2024-12-13T16:27:45.025992,2024-12-13T18:08:28.732641,CLOSED,,WEB-SERVER-01,False
ALT-CSE-01-00642,CSE-01,MEDIUM,2024-10-02T16:00:44,2024-10-02T16:01:57.746656,2024-10-02T18:11:02.632625,CLOSED,,WEB-SERVER-01,False
ALT-CSE-01-00643,CSE-01,HIGH,2024-12-19T14:21:17,2024-12-19T14:34:28.787465,2024-12-19T16:51:37.473075,CLOSED,,WEB-SERVER-01,False
ALT-CSE-01-00644,CSE-01,MEDIUM,2024-12-05T14:51:12,2024-12-05T14:54:24.527183,2024-12-05T17:13:16.459206,CLOSED,,WEB-SERVER-01,False
ALT-CSE-01-00645,CSE-01,MEDIUM,2024-10-31T02:57:22,2024-10-31T03:05:34.359445,2024-10-31T05:49:58.862167,CLOSED,,ROUTER-01,False
ALT-CSE-01-00646,CSE-01,LOW,2024-11-22T02:57:36,2024-11-22T03:01:13.282979,2024-11-22T04:57:27.276894,CLOSED,,FIREWALL-01,False
ALT-CSE-01-00647,CSE-01,HIGH,2024-12-06T18:10:17,2024-12-06T18:24:18.837648,2024-12-06T20:03:10.452959,CLOSED,,ROUTER-01,False
ALT-CSE-01-00648,CSE-01,MEDIUM,2024-10-21T21:50:27,2024-10-21T21:56:29.789391,2024-10-21T23:17:30.071034,CLOSED,,ROUTER-01,False
ALT-CSE-01-00649,CSE-01,MEDIUM,2024-10-20T12:41:09,2024-10-20T12:55:29.962779,2024-10-20T15:04:07.569933,CLOSED,,ENDPOINT-01,False
ALT-CSE-01-00650,CSE-01,LOW,2024-11-10T15:43:58,2024-11-10T15:53:10.221800,2024-11-10T16:23:56.067723,CLOSED,,ENDPOINT-01,False
ALT-CSE-01-00651,CSE-01,MEDIUM,2024-11-02T23:48:43,2024-11-02T23:56:14.216954,2024-11-03T01:13:29.860590,CLOSED,,WEB-SERVER-01,False
ALT-CSE-01-00652,CSE-01,MEDIUM,2024-10-30T23:51:57,2024-10-31T00:05:34.864205,2024-10-31T02:55:08.625326,CLOSED,,WEB-SERVER-01,False
ALT-CSE-01-00653,CSE-01,MEDIUM,2024-10-14T15:34:11,2024-10-14T15:44:40.776585,2024-10-14T16:59:57.412370,CLOSED,,DB-SERVER-01,False
ALT-CSE-01-00654,CSE-01,MEDIUM,2024-12-21T21:58:44,2024-12-21T22:01:19.652907,2024-12-21T23:35:42.334757,CLOSED,,ENDPOINT-01,False
ALT-CSE-01-00655,CSE-01,HIGH,2024-11-29T04:24:38,2024-11-29T04:37:38.748262,2024-11-29T06:40:43.883279,CLOSED,,FIREWALL-01,False
ALT-CSE-01-00656,CSE-01,CRITICAL,2024-11-24T08:41:18,2024-11-24T08:50:26.806826,2024-11-24T09:45:54.943830,CLOSED,CAS-CSE-01-0142,ENDPOINT-01,False
ALT-CSE-01-00657,CSE-01,CRITICAL,2024-12-26T23:41:45,2024-12-26T23:53:58.581769,2024-12-27T00:32:31.952652,CLOSED,,WEB-SERVER-01,False
ALT-CSE-01-00658,CSE-01,MEDIUM,2024-10-09T12:47:28,2024-10-09T12:59:24.962300,2024-10-09T16:06:23.531359,CLOSED,,DB-SERVER-01,False
ALT-CSE-01-00659,CSE-01,MEDIUM,2024-10-13T03:55:57,2024-10-13T04:00:20.165714,2024-10-13T06:00:06.195521,CLOSED,,ENDPOINT-01,False
ALT-CSE-01-00660,CSE-01,MEDIUM,2024-11-15T22:18:27,2024-11-15T22:25:06.471090,2024-11-16T00:14:32.725261,CLOSED,,ENDPOINT-01,False
ALT-CSE-01-00661,CSE-01,CRITICAL,2024-11-29T18:27:06,2024-11-29T18:34:51.794970,2024-11-29T19:15:25.496670,CLOSED,CAS-CSE-01-0143,WEB-SERVER-01,False
ALT-CSE-01-00662,CSE-01,HIGH,2024-12-20T21:49:57,2024-12-20T22:01:22.220181,2024-12-20T23:40:09.753006,CLOSED,,FIREWALL-01,False
ALT-CSE-01-00663,CSE-01,MEDIUM,2024-10-08T15:11:44,2024-10-08T15:25:17.152131,2024-10-08T16:42:15.301586,CLOSED,,ENDPOINT-01,False
ALT-CSE-01-00664,CSE-01,CRITICAL,2024-10-15T23:49:25,2024-10-16T00:01:23.285790,2024-10-16T00:53:49.223619,CLOSED,CAS-CSE-01-0144,WEB-SERVER-01,False
ALT-CSE-01-00665,CSE-01,LOW,2024-10-07T11:33:35,2024-10-07T11:39:09.429417,2024-10-07T12:56:00.084284,CLOSED,CAS-CSE-01-0145,WEB-SERVER-01,False
ALT-CSE-01-00666,CSE-01,MEDIUM,2024-10-31T06:44:26,2024-10-31T06:52:03.195136,2024-10-31T08:42:17.873349,CLOSED,,FIREWALL-01,False
ALT-CSE-01-00667,CSE-01,CRITICAL,2024-10-06T18:13:09,2024-10-06T18:25:51.138283,2024-10-06T18:58:14.455779,CLOSED,CAS-CSE-01-0146,DB-SERVER-01,False
ALT-CSE-01-00668,CSE-01,HIGH,2024-10-03T13:54:08,2024-10-03T13:57:01.383939,2024-10-03T16:07:49.850117,CLOSED,CAS-CSE-01-0147,ENDPOINT-01,False
ALT-CSE-01-00669,CSE-01,MEDIUM,2024-10-04T19:16:42,2024-10-04T19:22:59.229280,2024-10-04T19:44:20.284441,CLOSED,,FIREWALL-01,False
ALT-CSE-01-00670,CSE-01,HIGH,2024-10-21T05:34:38,2024-10-21T05:45:50.899715,2024-10-21T06:52:41.714922,CLOSED,,ROUTER-01,False
ALT-CSE-01-00671,CSE-01,LOW,2024-11-26T12:36:40,2024-11-26T12:37:42.031144,2024-11-26T13:45:58.920798,CLOSED,,WEB-SERVER-01,False
ALT-CSE-01-00672,CSE-01,MEDIUM,2024-12-03T16:38:46,2024-12-03T16:52:21.317761,2024-12-03T17:47:38.175942,CLOSED,,DB-SERVER-01,False
ALT-CSE-01-00673,CSE-01,HIGH,2024-10-03T13:45:37,2024-10-03T13:47:17.476092,2024-10-03T16:48:51.941397,CLOSED,,FIREWALL-01,False
ALT-CSE-01-00674,CSE-01,HIGH,2024-12-21T09:37:12,2024-12-21T09:46:21.779200,2024-12-21T11:42:51.802222,CLOSED,,FIREWALL-01,False
ALT-CSE-01-00675,CSE-01,CRITICAL,2024-12-12T02:52:14,2024-12-12T02:54:53.869511,2024-12-12T03:33:34.951015,CLOSED,CAS-CSE-01-0148,FIREWALL-01,False
ALT-CSE-01-00676,CSE-01,CRITICAL,2024-11-27T17:03:05,2024-11-27T17:09:42.397081,2024-11-27T17:41:05.911812,CLOSED,CAS-CSE-01-0149,FIREWALL-01,False
ALT-CSE-01-00677,CSE-01,HIGH,2024-10-25T00:31:35,2024-10-25T00:34:31.159727,2024-10-25T02:16:41.299962,CLOSED,CAS-CSE-01-0150,ROUTER-01,False
ALT-CSE-01-00678,CSE-01,MEDIUM,2024-10-27T11:59:50,2024-10-27T12:05:25.874300,2024-10-27T13:46:05.187709,CLOSED,,ENDPOINT-01,False
ALT-CSE-01-00679,CSE-01,LOW,2024-11-25T05:21:47,2024-11-25T05:33:34.555922,2024-11-25T07:17:02.018601,CLOSED,CAS-CSE-01-0151,WEB-SERVER-01,False
ALT-CSE-01-00680,CSE-01,LOW,2024-12-23T12:04:42,2024-12-23T12:15:57.200528,2024-12-23T14:21:38.618169,CLOSED,,DB-SERVER-01,False
ALT-CSE-01-00681,CSE-01,MEDIUM,2024-10-09T04:07:36,2024-10-09T04:09:55.612210,2024-10-09T07:06:32.630476,CLOSED,,FIREWALL-01,False
ALT-CSE-01-00682,CSE-01,HIGH,2024-11-23T09:17:15,2024-11-23T09:21:58.746580,2024-11-23T10:31:31.937986,CLOSED,CAS-CSE-01-0152,WEB-SERVER-01,False
ALT-CSE-01-00683,CSE-01,HIGH,2024-10-16T10:39:28,2024-10-16T10:45:18.679951,2024-10-16T14:04:17.353547,CLOSED,,ENDPOINT-01,False
ALT-CSE-01-00684,CSE-01,LOW,2024-10-06T11:06:14,2024-10-06T11:12:38.281399,2024-10-06T12:35:29.715130,CLOSED,,FIREWALL-01,False
ALT-CSE-01-00685,CSE-01,HIGH,2024-12-09T01:31:58,2024-12-09T01:38:35.611279,2024-12-09T02:54:13.294090,CLOSED,,DB-SERVER-01,False
ALT-CSE-01-00686,CSE-01,HIGH,2024-12-02T07:57:24,2024-12-02T08:09:54.721053,2024-12-02T09:48:20.761550,CLOSED,,ROUTER-01,False
ALT-CSE-01-00687,CSE-01,HIGH,2024-10-08T11:50:14,2024-10-08T11:59:03.323930,2024-10-08T14:30:07.656634,CLOSED,,FIREWALL-01,False
ALT-CSE-01-00688,CSE-01,LOW,2024-11-11T07:40:22,2024-11-11T07:51:27.940174,2024-11-11T09:32:30.857249,CLOSED,CAS-CSE-01-0153,ROUTER-01,False
ALT-CSE-01-00689,CSE-01,CRITICAL,2024-11-06T05:12:12,2024-11-06T05:15:42.519413,2024-11-06T05:43:25.656314,CLOSED,CAS-CSE-01-0154,ENDPOINT-01,False
ALT-CSE-01-00690,CSE-01,HIGH,2024-10-25T05:06:31,2024-10-25T05:19:56.272894,2024-10-25T07:32:01.640469,CLOSED,,ROUTER-01,False
ALT-CSE-01-00691,CSE-01,MEDIUM,2024-12-27T15:33:25,2024-12-27T15:46:37.166722,2024-12-27T18:43:27.738420,CLOSED,,ENDPOINT-01,False
ALT-CSE-01-00692,CSE-01,HIGH,2024-11-22T09:14:12,2024-11-22T09:24:35.189420,2024-11-22T10:57:22.627770,CLOSED,,ROUTER-01,False
ALT-CSE-01-00693,CSE-01,CRITICAL,2024-11-16T04:44:26,2024-11-16T04:56:08.271205,2024-11-16T05:23:10.120287,CLOSED,CAS-CSE-01-0155,DB-SERVER-01,False
ALT-CSE-01-00694,CSE-01,MEDIUM,2024-10-05T10:38:08,2024-10-05T10:42:22.440622,2024-10-05T10:41:29.151266,CLOSED,,FIREWALL-01,False
ALT-CSE-01-00695,CSE-01,MEDIUM,2024-12-17T21:46:58,2024-12-17T22:00:21.829899,2024-12-18T00:28:36.137191,CLOSED,,ROUTER-01,False
ALT-CSE-01-00696,CSE-01,LOW,2024-11-22T09:06:03,2024-11-22T09:11:03.675496,2024-11-22T11:28:01.139179,CLOSED,,FIREWALL-01,False
ALT-CSE-01-00697,CSE-01,HIGH,2024-10-30T04:00:00,2024-10-30T04:05:02.801825,2024-10-30T06:21:31.759709,CLOSED,,DB-SERVER-01,False
ALT-CSE-01-00698,CSE-01,CRITICAL,2024-11-09T04:51:24,2024-11-09T05:02:09.873494,2024-11-09T05:34:13.382070,CLOSED,CAS-CSE-01-0156,ROUTER-01,False
ALT-CSE-01-00699,CSE-01,CRITICAL,2024-11-03T17:45:31,2024-11-03T17:48:43.231123,2024-11-03T18:35:37.548117,CLOSED,,FIREWALL-01,False
ALT-CSE-01-00700,CSE-01,CRITICAL,2024-11-01T21:05:48,2024-11-01T21:20:33.299194,2024-11-01T21:54:14.367005,CLOSED,CAS-CSE-01-0157,ROUTER-01,False
ALT-CSE-01-00701,CSE-01,HIGH,2024-10-28T17:06:13,2024-10-28T17:13:10.311975,2024-10-28T19:17:21.652990,CLOSED,,DB-SERVER-01,False
ALT-CSE-01-00702,CSE-01,HIGH,2024-10-02T16:13:26,2024-10-02T16:16:04.032941,2024-10-02T17:40:44.715098,CLOSED,,FIREWALL-01,False
ALT-CSE-01-00703,CSE-01,MEDIUM,2024-10-29T06:14:27,2024-10-29T06:21:37.212954,2024-10-29T07:39:23.106469,CLOSED,,ENDPOINT-01,False
ALT-CSE-01-00704,CSE-01,LOW,2024-11-30T19:46:02,2024-11-30T19:57:40.457249,2024-11-30T22:33:10.739610,CLOSED,,FIREWALL-01,False
ALT-CSE-01-00705,CSE-01,MEDIUM,2024-10-04T02:09:08,2024-10-04T02:11:36.994611,2024-10-04T04:43:02.411254,CLOSED,,ENDPOINT-01,False
ALT-CSE-01-00706,CSE-01,MEDIUM,2024-12-04T15:54:53,2024-12-04T16:03:24.171234,2024-12-04T17:56:19.596874,CLOSED,,ENDPOINT-01,False
ALT-CSE-01-00707,CSE-01,MEDIUM,2024-12-21T04:34:41,2024-12-21T04:38:14.117942,2024-12-21T06:16:08.148689,CLOSED,,FIREWALL-01,False
ALT-CSE-01-00708,CSE-01,HIGH,2024-11-23T08:27:55,2024-11-23T08:37:27.751691,2024-11-23T10:13:00.574192,CLOSED,,DB-SERVER-01,False
ALT-CSE-01-00709,CSE-01,LOW,2024-12-26T04:23:46,2024-12-26T04:33:15.292988,2024-12-26T06:19:06.546835,CLOSED,,ENDPOINT-01,False
ALT-CSE-01-00710,CSE-01,MEDIUM,2024-12-29T10:51:38,2024-12-29T10:59:20.627403,2024-12-29T13:12:22.805189,CLOSED,,WEB-SERVER-01,False
ALT-CSE-01-00711,CSE-01,CRITICAL,2024-11-18T17:44:10,2024-11-18T17:51:34.290265,2024-11-18T18:28:13.257831,CLOSED,CAS-CSE-01-0158,ENDPOINT-01,False
ALT-CSE-01-00712,CSE-01,HIGH,2024-12-02T04:27:35,2024-12-02T04:33:07.105006,2024-12-02T06:07:54.703125,CLOSED,,FIREWALL-01,False
ALT-CSE-01-00713,CSE-01,CRITICAL,2024-10-03T13:25:51,2024-10-03T13:28:35.401811,2024-10-03T14:04:53.540983,CLOSED,CAS-CSE-01-0159,WEB-SERVER-01,False
ALT-CSE-01-00714,CSE-01,MEDIUM,2024-12-29T11:46:16,2024-12-29T11:56:08.325364,2024-12-29T12:37:12.155289,CLOSED,,FIREWALL-01,False
ALT-CSE-01-00715,CSE-01,MEDIUM,2024-11-01T06:53:44,2024-11-01T06:56:31.179633,2024-11-01T09:36:34.792901,CLOSED,,DB-SERVER-01,False
ALT-CSE-01-00716,CSE-01,MEDIUM,2024-11-22T07:29:51,2024-11-22T07:42:05.653387,2024-11-22T09:20:55.080941,CLOSED,,ENDPOINT-01,False
ALT-CSE-01-00717,CSE-01,HIGH,2024-12-28T04:44:56,2024-12-28T04:56:54.078801,2024-12-28T06:18:07.113620,CLOSED,CAS-CSE-01-0160,FIREWALL-01,False
ALT-CSE-01-00718,CSE-01,CRITICAL,2024-11-03T12:38:25,2024-11-03T12:52:54.975083,2024-11-03T13:36:17.502492,CLOSED,CAS-CSE-01-0161,ROUTER-01,False
ALT-CSE-01-00719,CSE-01,MEDIUM,2024-11-29T23:46:52,2024-11-29T23:53:02.557780,2024-11-30T00:46:18.927965,CLOSED,,WEB-SERVER-01,False
ALT-CSE-01-00720,CSE-01,LOW,2024-11-18T19:36:28,2024-11-18T19:38:51.994106,2024-11-18T22:47:53.265529,CLOSED,CAS-CSE-01-0162,DB-SERVER-01,False
ALT-CSE-01-00721,CSE-01,CRITICAL,2024-10-31T05:39:34,2024-10-31T05:41:18.085251,2024-10-31T06:33:22.588028,CLOSED,CAS-CSE-01-0163,FIREWALL-01,False
ALT-CSE-01-00722,CSE-01,CRITICAL,2024-11-21T18:58:44,2024-11-21T19:00:44.094372,2024-11-21T20:07:28.906262,CLOSED,CAS-CSE-01-0164,FIREWALL-01,False
ALT-CSE-01-00723,CSE-01,MEDIUM,2024-10-31T16:05:30,2024-10-31T16:14:07.930985,2024-10-31T17:24:21.910733,CLOSED,,FIREWALL-01,False
ALT-CSE-01-00724,CSE-01,HIGH,2024-11-10T06:36:40,2024-11-10T06:40:03.730903,2024-11-10T08:13:04.482506,CLOSED,,FIREWALL-01,False
ALT-CSE-01-00725,CSE-01,MEDIUM,2024-12-13T13:09:04,2024-12-13T13:19:48.249908,2024-12-13T15:44:55.742265,CLOSED,,ROUTER-01,False
ALT-CSE-01-00726,CSE-01,MEDIUM,2024-10-17T06:01:31,2024-10-17T06:15:47.357625,2024-10-17T08:14:07.278423,CLOSED,,FIREWALL-01,False
ALT-CSE-01-00727,CSE-01,MEDIUM,2024-12-21T02:09:02,2024-12-21T02:22:23.827089,2024-12-21T05:01:59.446447,CLOSED,,ENDPOINT-01,False
ALT-CSE-01-00728,CSE-01,MEDIUM,2024-12-16T22:24:35,2024-12-16T22:27:53.846399,2024-12-17T00:18:38.219531,CLOSED,,ENDPOINT-01,False
ALT-CSE-01-00729,CSE-01,MEDIUM,2024-10-04T17:47:37,2024-10-04T17:59:38.743485,2024-10-04T18:24:18.436712,CLOSED,,DB-SERVER-01,False
ALT-CSE-01-00730,CSE-01,MEDIUM,2024-12-28T00:57:00,2024-12-28T01:02:16.823527,2024-12-28T03:05:39.573530,CLOSED,,ENDPOINT-01,False
ALT-CSE-01-00731,CSE-01,HIGH,2024-11-12T03:08:36,2024-11-12T03:19:52.941853,2024-11-12T05:39:39.519771,CLOSED,,DB-SERVER-01,False
ALT-CSE-01-00732,CSE-01,MEDIUM,2024-11-13T10:34:50,2024-11-13T10:41:41.096225,2024-11-13T12:20:50.127684,CLOSED,,DB-SERVER-01,False
ALT-CSE-01-00733,CSE-01,MEDIUM,2024-10-21T14:09:39,2024-10-21T14:16:51.028693,2024-10-21T15:59:29.469347,CLOSED,,DB-SERVER-01,False
ALT-CSE-01-00734,CSE-01,LOW,2024-12-17T22:25:01,2024-12-17T22:33:03.936962,2024-12-18T00:39:14.055944,CLOSED,,DB-SERVER-01,False
ALT-CSE-01-00735,CSE-01,CRITICAL,2024-11-09T11:52:55,2024-11-09T12:05:19.117096,2024-11-09T12:43:51.821836,CLOSED,,WEB-SERVER-01,False
ALT-CSE-01-00736,CSE-01,LOW,2024-11-22T00:25:48,2024-11-22T00:38:37.452556,2024-11-22T02:59:54.713817,CLOSED,,ENDPOINT-01,False
ALT-CSE-01-00737,CSE-01,CRITICAL,2024-10-09T12:50:01,2024-10-09T12:55:22.253381,2024-10-09T13:35:37.117941,CLOSED,,DB-SERVER-01,False
ALT-CSE-01-00738,CSE-01,CRITICAL,2024-10-14T09:14:17,2024-10-14T09:26:00.768885,2024-10-14T09:57:11.699936,CLOSED,CAS-CSE-01-0165,WEB-SERVER-01,False
ALT-CSE-01-00739,CSE-01,MEDIUM,2024-12-03T01:55:00,2024-12-03T02:06:30.624793,2024-12-03T02:53:51.530955,CLOSED,,FIREWALL-01,False
ALT-CSE-01-00740,CSE-01,LOW,2024-12-14T23:40:55,2024-12-14T23:43:08.749556,2024-12-15T02:04:45.027979,CLOSED,,ENDPOINT-01,False
ALT-CSE-01-00741,CSE-01,HIGH,2024-11-17T03:07:59,2024-11-17T03:13:29.817474,2024-11-17T05:59:17.559993,CLOSED,,ROUTER-01,False
ALT-CSE-01-00742,CSE-01,MEDIUM,2024-12-25T03:31:42,2024-12-25T03:35:05.088619,2024-12-25T05:17:16.343977,CLOSED,,FIREWALL-01,False
ALT-CSE-01-00743,CSE-01,MEDIUM,2024-12-12T04:32:45,2024-12-12T04:44:06.761816,2024-12-12T07:13:18.784900,CLOSED,,FIREWALL-01,False
ALT-CSE-01-00744,CSE-01,MEDIUM,2024-11-12T21:09:19,2024-11-12T21:11:34.642124,2024-11-12T22:07:32.030648,CLOSED,,WEB-SERVER-01,False
ALT-CSE-01-00745,CSE-01,MEDIUM,2024-12-23T08:01:03,2024-12-23T08:09:37.022042,2024-12-23T10:13:53.746725,CLOSED,,ENDPOINT-01,False
ALT-CSE-01-00746,CSE-01,MEDIUM,2024-11-30T10:40:01,2024-11-30T10:52:03.583218,2024-11-30T12:01:35.222007,CLOSED,,WEB-SERVER-01,False
ALT-CSE-01-00747,CSE-01,LOW,2024-11-30T09:39:59,2024-11-30T09:42:04.293881,2024-11-30T11:33:34.660542,CLOSED,,WEB-SERVER-01,False
ALT-CSE-01-00748,CSE-01,MEDIUM,2024-12-17T06:31:19,2024-12-17T06:42:21.783841,2024-12-17T08:56:58.901634,CLOSED,,ROUTER-01,False
ALT-CSE-01-00749,CSE-01,MEDIUM,2024-12-18T21:31:01,2024-12-18T21:41:12.344765,2024-12-18T23:11:30.180401,CLOSED,,WEB-SERVER-01,False
ALT-CSE-01-00750,CSE-01,MEDIUM,2024-10-20T04:45:02,2024-10-20T04:57:55.105719,2024-10-20T06:36:27.923757,CLOSED,,FIREWALL-01,False
ALT-CSE-01-00751,CSE-01,HIGH,2024-11-29T04:19:27,2024-11-29T04:33:26.872608,2024-11-29T07:05:55.609474,CLOSED,,ENDPOINT-01,False
ALT-CSE-01-00752,CSE-01,LOW,2024-12-05T09:26:56,2024-12-05T09:38:33.787871,2024-12-05T11:05:25.334711,CLOSED,CAS-CSE-01-0166,WEB-SERVER-01,False
ALT-CSE-01-00753,CSE-01,CRITICAL,2024-10-17T13:26:16,2024-10-17T13:41:04.865001,2024-10-17T14:14:25.561988,CLOSED,CAS-CSE-01-0167,WEB-SERVER-01,False
ALT-CSE-01-00754,CSE-01,MEDIUM,2024-12-10T08:31:30,2024-12-10T08:41:58.070481,2024-12-10T10:50:17.698033,CLOSED,,ENDPOINT-01,False
ALT-CSE-01-00755,CSE-01,HIGH,2024-10-27T05:42:05,2024-10-27T05:49:47.144973,2024-10-27T07:43:54.808928,CLOSED,CAS-CSE-01-0168,FIREWALL-01,False
ALT-CSE-01-00756,CSE-01,HIGH,2024-11-16T03:18:30,2024-11-16T03:27:42.455831,2024-11-16T04:59:53.767556,CLOSED,,ENDPOINT-01,False
ALT-CSE-01-00757,CSE-01,MEDIUM,2024-10-05T14:13:51,2024-10-05T14:22:53.182059,2024-10-05T16:47:14.362525,CLOSED,,ROUTER-01,False
ALT-CSE-01-00758,CSE-01,MEDIUM,2024-10-08T09:19:07,2024-10-08T09:20:49.710396,2024-10-08T10:48:10.102882,CLOSED,CAS-CSE-01-0169,DB-SERVER-01,False
ALT-CSE-01-00759,CSE-01,CRITICAL,2024-12-18T11:15:42,2024-12-18T11:17:08.351004,2024-12-18T12:06:37.437439,CLOSED,CAS-CSE-01-0170,ENDPOINT-01,False
ALT-CSE-01-00760,CSE-01,MEDIUM,2024-10-04T19:50:08,2024-10-04T19:56:42.469511,2024-10-04T22:19:27.789177,CLOSED,,ROUTER-01,False
ALT-CSE-01-00761,CSE-01,HIGH,2024-12-28T14:58:16,2024-12-28T14:59:57.508191,2024-12-28T16:48:26.734192,CLOSED,,FIREWALL-01,False
ALT-CSE-01-00762,CSE-01,HIGH,2024-11-17T12:04:28,2024-11-17T12:19:15.864293,2024-11-17T13:43:58.269559,CLOSED,,ROUTER-01,False
ALT-CSE-01-00763,CSE-01,MEDIUM,2024-11-29T15:55:00,2024-11-29T16:02:24.121585,2024-11-29T16:51:52.235900,CLOSED,,DB-SERVER-01,False
ALT-CSE-01-00764,CSE-01,HIGH,2024-10-19T04:27:48,2024-10-19T04:29:13.672232,2024-10-19T06:45:43.032543,CLOSED,,FIREWALL-01,False
ALT-CSE-01-00765,CSE-01,CRITICAL,2024-12-17T10:44:30,2024-12-17T10:50:16.780850,2024-12-17T11:39:54.866244,CLOSED,CAS-CSE-01-0171,FIREWALL-01,False
ALT-CSE-01-00766,CSE-01,MEDIUM,2024-11-05T13:36:40,2024-11-05T13:48:47.388131,2024-11-05T15:21:28.605000,CLOSED,,DB-SERVER-01,False
ALT-CSE-01-00767,CSE-01,MEDIUM,2024-11-27T01:07:19,2024-11-27T01:17:44.817701,2024-11-27T03:56:51.477140,CLOSED,,ROUTER-01,False
ALT-CSE-01-00768,CSE-01,MEDIUM,2024-12-26T13:32:15,2024-12-26T13:36:14.445915,2024-12-26T15:24:14.574357,CLOSED,,ROUTER-01,False
ALT-CSE-01-00769,CSE-01,LOW,2024-12-12T21:28:22,2024-12-12T21:37:47.188154,2024-12-12T23:39:15.280135,CLOSED,CAS-CSE-01-0172,FIREWALL-01,False
ALT-CSE-01-00770,CSE-01,LOW,2024-10-26T05:16:32,2024-10-26T05:26:15.006065,2024-10-26T07:14:57.857503,CLOSED,,WEB-SERVER-01,False
ALT-CSE-01-00771,CSE-01,HIGH,2024-10-10T05:09:36,2024-10-10T05:12:11.158330,2024-10-10T07:36:12.156637,CLOSED,,WEB-SERVER-01,False
ALT-CSE-01-00772,CSE-01,HIGH,2024-10-23T19:39:18,2024-10-23T19:44:41.847768,2024-10-23T20:33:03.372079,CLOSED,CAS-CSE-01-0173,WEB-SERVER-01,False
ALT-CSE-01-00773,CSE-01,HIGH,2024-11-08T07:11:20,2024-11-08T07:21:42.878398,2024-11-08T09:04:05.308777,CLOSED,,ROUTER-01,False
ALT-CSE-01-00774,CSE-01,LOW,2024-11-21T15:16:13,2024-11-21T15:22:18.806867,2024-11-21T16:49:31.696812,CLOSED,,DB-SERVER-01,False
ALT-CSE-01-00775,CSE-01,HIGH,2024-11-30T04:28:41,2024-11-30T04:37:56.935081,2024-11-30T06:12:42.721237,CLOSED,,DB-SERVER-01,False
ALT-CSE-01-00776,CSE-01,MEDIUM,2024-10-27T09:24:12,2024-10-27T09:31:38.534029,2024-10-27T10:39:18.811794,CLOSED,,WEB-SERVER-01,False
ALT-CSE-01-00777,CSE-01,HIGH,2024-10-09T06:51:42,2024-10-09T07:06:08.957651,2024-10-09T09:17:05.333770,CLOSED,,FIREWALL-01,False
ALT-CSE-01-00778,CSE-01,CRITICAL,2024-10-31T10:27:55,2024-10-31T10:31:00.924801,2024-10-31T10:57:29.682911,CLOSED,CAS-CSE-01-0174,WEB-SERVER-01,False
ALT-CSE-01-00779,CSE-01,MEDIUM,2024-12-08T14:53:41,2024-12-08T15:02:22.764560,2024-12-08T16:01:02.611190,CLOSED,,DB-SERVER-01,False
ALT-CSE-01-00780,CSE-01,LOW,2024-10-17T03:18:19,2024-10-17T03:19:55.789121,2024-10-17T05:23:37.931797,CLOSED,,WEB-SERVER-01,False
ALT-CSE-01-00781,CSE-01,CRITICAL,2024-11-23T18:05:59,2024-11-23T18:08:04.492354,2024-11-23T18:49:30.709077,CLOSED,,ROUTER-01,False
ALT-CSE-01-00782,CSE-01,HIGH,2024-12-05T17:40:02,2024-12-05T17:44:24.969632,2024-12-05T19:49:10.621382,CLOSED,,DB-SERVER-01,False
ALT-CSE-01-00783,CSE-01,LOW,2024-10-26T20:01:29,2024-10-26T20:08:49.374104,2024-10-26T21:46:40.770113,CLOSED,,ROUTER-01,False
ALT-CSE-01-00784,CSE-01,CRITICAL,2024-10-16T10:06:27,2024-10-16T10:07:52.432600,2024-10-16T10:48:18.628779,CLOSED,CAS-CSE-01-0175,ENDPOINT-01,False
ALT-CSE-01-00785,CSE-01,MEDIUM,2024-10-01T01:46:07,2024-10-01T01:55:16.267894,2024-10-01T04:16:58.156495,CLOSED,,ENDPOINT-01,False
ALT-CSE-01-00786,CSE-01,LOW,2024-10-10T01:12:51,2024-10-10T01:22:52.490373,2024-10-10T02:20:00.975637,CLOSED,CAS-CSE-01-0176,FIREWALL-01,False
ALT-CSE-01-00787,CSE-01,HIGH,2024-12-10T22:01:26,2024-12-10T22:11:31.208908,2024-12-10T23:51:22.389067,CLOSED,,FIREWALL-01,False
ALT-CSE-01-00788,CSE-01,LOW,2024-12-15T22:43:34,2024-12-15T22:51:08.360844,2024-12-16T00:12:46.569581,CLOSED,,ROUTER-01,False
ALT-CSE-01-00789,CSE-01,LOW,2024-11-21T12:17:30,2024-11-21T12:25:39.861433,2024-11-21T13:11:12.831049,CLOSED,CAS-CSE-01-0177,DB-SERVER-01,False
ALT-CSE-01-00790,CSE-01,HIGH,2024-11-22T20:36:41,2024-11-22T20:42:00.018375,2024-11-22T22:52:53.935013,CLOSED,,ROUTER-01,False
ALT-CSE-01-00791,CSE-01,MEDIUM,2024-11-29T13:45:50,2024-11-29T13:59:08.539875,2024-11-29T14:33:57.411777,CLOSED,,ENDPOINT-01,False
ALT-CSE-01-00792,CSE-01,MEDIUM,2024-11-10T05:55:07,2024-11-10T06:05:26.508495,2024-11-10T08:19:26.179129,CLOSED,,ROUTER-01,False
ALT-CSE-01-00793,CSE-01,MEDIUM,2024-10-30T12:41:43,2024-10-30T12:49:10.054358,2024-10-30T14:36:08.839078,CLOSED,,FIREWALL-01,False
ALT-CSE-01-00794,CSE-01,MEDIUM,2024-11-18T01:44:14,2024-11-18T01:57:55.372446,2024-11-18T02:49:04.247110,CLOSED,,ROUTER-01,False
ALT-CSE-01-00795,CSE-01,HIGH,2024-10-12T16:43:43,2024-10-12T16:52:31.698612,2024-10-12T17:53:33.609097,CLOSED,,WEB-SERVER-01,False
ALT-CSE-01-00796,CSE-01,MEDIUM,2024-12-24T12:36:47,2024-12-24T12:42:22.352194,2024-12-24T14:56:36.772333,CLOSED,CAS-CSE-01-0178,ENDPOINT-01,False
ALT-CSE-01-00797,CSE-01,HIGH,2024-12-24T02:28:03,2024-12-24T02:39:24.243960,2024-12-24T05:09:11.087632,CLOSED,,FIREWALL-01,False
ALT-CSE-01-00798,CSE-01,MEDIUM,2024-12-07T07:23:59,2024-12-07T07:30:40.146810,2024-12-07T09:21:14.101572,CLOSED,,FIREWALL-01,False
ALT-CSE-01-00799,CSE-01,HIGH,2024-11-09T11:48:02,2024-11-09T12:02:09.266728,2024-11-09T14:17:39.311371,CLOSED,,WEB-SERVER-01,False
ALT-CSE-01-00800,CSE-01,HIGH,2024-11-10T09:54:59,2024-11-10T10:01:15.425397,2024-11-10T12:58:40.701580,CLOSED,,WEB-SERVER-01,False
ALT-CSE-01-00801,CSE-01,LOW,2024-12-09T09:59:26,2024-12-09T10:02:07.147933,2024-12-09T12:38:12.854508,CLOSED,,FIREWALL-01,False
ALT-CSE-01-00802,CSE-01,HIGH,2024-10-16T13:05:45,2024-10-16T13:09:14.702068,2024-10-16T15:35:04.583574,CLOSED,,ROUTER-01,False
ALT-CSE-01-00803,CSE-01,HIGH,2024-11-07T19:21:11,2024-11-07T19:32:20.383397,2024-11-07T22:12:44.898326,CLOSED,,WEB-SERVER-01,False
ALT-CSE-01-00804,CSE-01,CRITICAL,2024-12-18T23:24:23,2024-12-18T23:25:43.903398,2024-12-19T00:24:54.778678,CLOSED,CAS-CSE-01-0179,ENDPOINT-01,False
ALT-CSE-01-00805,CSE-01,CRITICAL,2024-11-08T22:05:27,2024-11-08T22:06:58.679648,2024-11-08T22:22:44.735323,CLOSED,CAS-CSE-01-0180,DB-SERVER-01,False
ALT-CSE-01-00806,CSE-01,HIGH,2024-11-18T12:39:53,2024-11-18T12:41:47.611016,2024-11-18T14:00:13.860246,CLOSED,,WEB-SERVER-01,False
ALT-CSE-01-00807,CSE-01,CRITICAL,2024-12-04T18:16:27,2024-12-04T18:26:53.725449,2024-12-04T19:20:02.999725,CLOSED,,DB-SERVER-01,False
ALT-CSE-01-00808,CSE-01,HIGH,2024-10-20T04:28:24,2024-10-20T04:42:28.741570,2024-10-20T06:22:49.093260,CLOSED,,ENDPOINT-01,False
ALT-CSE-01-00809,CSE-01,CRITICAL,2024-12-04T00:57:16,2024-12-04T01:11:48.036432,2024-12-04T02:00:52.783754,CLOSED,CAS-CSE-01-0181,FIREWALL-01,False
ALT-CSE-01-00810,CSE-01,CRITICAL,2024-10-25T03:20:35,2024-10-25T03:21:57.985143,2024-10-25T04:31:02.740935,CLOSED,CAS-CSE-01-0182,FIREWALL-01,False
ALT-CSE-01-00811,CSE-01,MEDIUM,2024-10-28T23:32:11,2024-10-28T23:37:41.978161,2024-10-29T00:59:32.620194,CLOSED,,ENDPOINT-01,False
ALT-CSE-01-00812,CSE-01,HIGH,2024-10-05T18:38:46,2024-10-05T18:48:27.526924,2024-10-05T20:21:14.158956,CLOSED,,ROUTER-01,False
ALT-CSE-01-00813,CSE-01,HIGH,2024-10-13T11:28:27,2024-10-13T11:33:20.542049,2024-10-13T13:11:46.978862,CLOSED,,FIREWALL-01,False
ALT-CSE-01-00814,CSE-01,HIGH,2024-12-12T16:29:32,2024-12-12T16:43:46.238805,2024-12-12T18:56:19.685900,CLOSED,,ENDPOINT-01,False
ALT-CSE-01-00815,CSE-01,CRITICAL,2024-12-18T11:20:49,2024-12-18T11:30:08.875810,2024-12-18T11:47:57.339978,CLOSED,CAS-CSE-01-0183,ENDPOINT-01,False
ALT-CSE-01-00816,CSE-01,MEDIUM,2024-11-09T03:56:51,2024-11-09T04:11:46.218239,2024-11-09T05:54:06.050277,CLOSED,,ENDPOINT-01,False
ALT-CSE-01-00817,CSE-01,CRITICAL,2024-10-13T07:09:37,2024-10-13T07:14:20.401645,2024-10-13T08:18:58.630818,CLOSED,CAS-CSE-01-0184,FIREWALL-01,False
ALT-CSE-01-00818,CSE-01,MEDIUM,2024-12-02T03:41:23,2024-12-02T03:47:16.863308,2024-12-02T05:13:11.310865,CLOSED,,WEB-SERVER-01,False
ALT-CSE-01-00819,CSE-01,HIGH,2024-12-15T18:58:08,2024-12-15T19:08:13.675271,2024-12-15T20:28:38.950326,CLOSED,,WEB-SERVER-01,False
ALT-CSE-01-00820,CSE-01,LOW,2024-12-16T09:07:58,2024-12-16T09:17:09.519365,2024-12-16T10:52:09.699015,CLOSED,CAS-CSE-01-0185,FIREWALL-01,False
ALT-CSE-01-00821,CSE-01,MEDIUM,2024-12-09T10:14:40,2024-12-09T10:20:21.223998,2024-12-09T11:51:12.800711,CLOSED,,DB-SERVER-01,False
ALT-CSE-01-00822,CSE-01,HIGH,2024-10-23T23:53:25,2024-10-24T00:04:02.424404,2024-10-24T02:16:42.196710,CLOSED,,FIREWALL-01,False
ALT-CSE-01-00823,CSE-01,HIGH,2024-12-12T12:26:25,2024-12-12T12:27:46.319694,2024-12-12T14:48:59.103795,CLOSED,,FIREWALL-01,False
ALT-CSE-01-00824,CSE-01,HIGH,2024-10-26T13:53:41,2024-10-26T14:06:45.929124,2024-10-26T16:22:40.878276,CLOSED,,FIREWALL-01,False
ALT-CSE-01-00825,CSE-01,LOW,2024-11-04T08:33:39,2024-11-04T08:48:36.297442,2024-11-04T10:20:20.664791,CLOSED,,ENDPOINT-01,False
ALT-CSE-01-00826,CSE-01,LOW,2024-11-08T03:19:06,2024-11-08T03:21:41.425518,2024-11-08T05:24:13.448563,CLOSED,,ENDPOINT-01,False
ALT-CSE-01-00827,CSE-01,MEDIUM,2024-11-26T16:21:37,2024-11-26T16:26:14.140369,2024-11-26T18:07:52.376538,CLOSED,,FIREWALL-01,False
ALT-CSE-01-00828,CSE-01,HIGH,2024-12-17T22:46:43,2024-12-17T22:53:35.296732,2024-12-18T00:57:25.047418,CLOSED,,ROUTER-01,False
ALT-CSE-01-00829,CSE-01,MEDIUM,2024-11-01T07:41:32,2024-11-01T07:56:08.234759,2024-11-01T09:50:23.740303,CLOSED,,WEB-SERVER-01,False
ALT-CSE-01-00830,CSE-01,MEDIUM,2024-10-04T12:14:16,2024-10-04T12:17:34.738407,2024-10-04T13:55:25.205898,CLOSED,,DB-SERVER-01,False
ALT-CSE-01-00831,CSE-01,MEDIUM,2024-12-22T18:06:41,2024-12-22T18:09:36.255531,2024-12-22T20:31:56.520433,CLOSED,,DB-SERVER-01,False
ALT-CSE-01-00832,CSE-01,MEDIUM,2024-10-08T08:13:35,2024-10-08T08:17:25.118611,2024-10-08T09:47:57.131978,CLOSED,,WEB-SERVER-01,False
ALT-CSE-01-00833,CSE-01,LOW,2024-12-17T21:36:46,2024-12-17T21:49:13.211874,2024-12-17T23:48:49.752057,CLOSED,,ENDPOINT-01,False
ALT-CSE-01-00834,CSE-01,HIGH,2024-11-08T22:32:32,2024-11-08T22:44:22.182867,2024-11-08T22:33:32,CLOSED,,ROUTER-01,False
ALT-CSE-01-00835,CSE-01,MEDIUM,2024-12-24T15:52:30,2024-12-24T16:01:36.781650,2024-12-24T17:51:27.352086,CLOSED,,ENDPOINT-01,False
ALT-CSE-01-00836,CSE-01,CRITICAL,2024-12-25T09:13:29,2024-12-25T09:23:02.961435,2024-12-25T09:52:56.642821,CLOSED,CAS-CSE-01-0186,DB-SERVER-01,False
ALT-CSE-01-00837,CSE-01,LOW,2024-11-22T19:36:49,2024-11-22T19:44:52.611641,2024-11-22T21:44:33.020473,CLOSED,,WEB-SERVER-01,False
ALT-CSE-01-00838,CSE-01,LOW,2024-10-14T23:53:21,2024-10-15T00:03:14.585254,2024-10-15T01:43:35.727336,CLOSED,,WEB-SERVER-01,False
ALT-CSE-01-00839,CSE-01,MEDIUM,2024-10-15T06:12:41,2024-10-15T06:18:47.046231,2024-10-15T08:39:15.202348,CLOSED,,ENDPOINT-01,False
ALT-CSE-01-00840,CSE-01,LOW,2024-12-06T23:37:19,2024-12-06T23:51:23.140856,2024-12-07T00:59:29.512424,CLOSED,CAS-CSE-01-0187,ROUTER-01,False
ALT-CSE-01-00841,CSE-01,MEDIUM,2024-12-28T01:11:45,2024-12-28T01:14:06.909571,2024-12-28T01:52:08.025422,CLOSED,CAS-CSE-01-0188,WEB-SERVER-01,False
ALT-CSE-01-00842,CSE-01,LOW,2024-11-30T12:13:01,2024-11-30T12:22:56.066928,2024-11-30T13:27:16.531030,CLOSED,,FIREWALL-01,False
ALT-CSE-01-00843,CSE-01,HIGH,2024-11-13T14:28:06,2024-11-13T14:42:40.693514,2024-11-13T16:30:05.872290,CLOSED,,WEB-SERVER-01,False
ALT-CSE-01-00844,CSE-01,LOW,2024-11-26T15:39:11,2024-11-26T15:41:34.148300,2024-11-26T17:40:13.561072,CLOSED,,ENDPOINT-01,False
ALT-CSE-01-00845,CSE-01,LOW,2024-11-08T00:31:48,2024-11-08T00:37:58.628497,2024-11-08T02:14:58.356032,CLOSED,,ROUTER-01,False
ALT-CSE-01-00846,CSE-01,CRITICAL,2024-12-28T15:27:06,2024-12-28T15:38:36.728753,2024-12-28T16:05:24.187674,CLOSED,CAS-CSE-01-0189,ROUTER-01,False
ALT-CSE-01-00847,CSE-01,MEDIUM,2024-11-24T17:03:22,2024-11-24T17:09:54.394326,2024-11-24T18:43:16.451091,CLOSED,,WEB-SERVER-01,False
ALT-CSE-01-00848,CSE-01,LOW,2024-12-15T07:46:33,2024-12-15T07:48:46.532045,2024-12-15T09:52:57.200246,CLOSED,,FIREWALL-01,False
ALT-CSE-01-00849,CSE-01,MEDIUM,2024-10-19T19:05:52,2024-10-19T19:11:05.838271,2024-10-19T22:36:51.258108,CLOSED,CAS-CSE-01-0190,WEB-SERVER-01,False
ALT-CSE-01-00850,CSE-01,HIGH,2024-10-23T02:52:17,2024-10-23T02:56:35.027538,2024-10-23T03:38:58.505833,CLOSED,,ROUTER-01,False
ALT-CSE-01-00851,CSE-01,MEDIUM,2024-11-27T02:30:07,2024-11-27T02:43:37.417150,2024-11-27T04:49:08.824859,CLOSED,,ROUTER-01,False
ALT-CSE-01-00852,CSE-01,MEDIUM,2024-11-22T17:25:58,2024-11-22T17:39:17.089268,2024-11-22T19:38:20.625373,CLOSED,,ENDPOINT-01,False
ALT-CSE-01-00853,CSE-01,HIGH,2024-11-24T11:45:27,2024-11-24T11:54:05.783825,2024-11-24T14:10:50.051313,CLOSED,,DB-SERVER-01,False
ALT-CSE-01-00854,CSE-01,LOW,2024-12-24T03:37:59,2024-12-24T03:49:58.571918,2024-12-24T05:03:13.057395,CLOSED,,WEB-SERVER-01,False
ALT-CSE-01-00855,CSE-01,LOW,2024-10-03T21:44:34,2024-10-03T21:50:50.293884,2024-10-03T23:39:28.415595,CLOSED,,ENDPOINT-01,False
ALT-CSE-01-00856,CSE-01,CRITICAL,2024-12-05T11:03:04,2024-12-05T11:07:50.866905,2024-12-05T11:50:56.296843,CLOSED,CAS-CSE-01-0191,DB-SERVER-01,False
ALT-CSE-01-00857,CSE-01,LOW,2024-12-13T18:40:44,2024-12-13T18:45:04.536036,2024-12-13T19:53:37.298412,CLOSED,,ENDPOINT-01,False
ALT-CSE-01-00858,CSE-01,HIGH,2024-12-13T11:43:48,2024-12-13T11:55:21.566614,2024-12-13T14:22:48.725649,CLOSED,,ENDPOINT-01,False
ALT-CSE-01-00859,CSE-01,MEDIUM,2024-10-11T06:55:02,2024-10-11T06:57:34.713126,2024-10-11T09:11:45.429659,CLOSED,,ENDPOINT-01,False
ALT-CSE-01-00860,CSE-01,HIGH,2024-11-28T17:36:26,2024-11-28T17:50:34.680797,2024-11-28T19:12:59.453070,CLOSED,,DB-SERVER-01,False
ALT-CSE-01-00861,CSE-01,MEDIUM,2024-10-25T11:08:55,2024-10-25T11:15:05.715168,2024-10-25T14:09:35.770354,CLOSED,,ROUTER-01,False
ALT-CSE-01-00862,CSE-01,MEDIUM,2024-12-10T22:45:34,2024-12-10T22:57:34.857661,2024-12-11T00:33:17.690482,CLOSED,,DB-SERVER-01,False
ALT-CSE-01-00863,CSE-01,MEDIUM,2024-10-23T14:52:49,2024-10-23T15:01:53.458772,2024-10-23T16:36:16.430416,CLOSED,,WEB-SERVER-01,False
ALT-CSE-01-00864,CSE-01,CRITICAL,2024-11-19T03:35:08,2024-11-19T03:40:37.820657,2024-11-19T04:31:10.428910,CLOSED,CAS-CSE-01-0192,ROUTER-01,False
ALT-CSE-01-00865,CSE-01,HIGH,2024-12-23T12:04:36,2024-12-23T12:05:37.140829,2024-12-23T14:19:22.606390,CLOSED,,ROUTER-01,False
ALT-CSE-01-00866,CSE-01,HIGH,2024-12-20T07:37:48,2024-12-20T07:44:48.701203,2024-12-20T09:52:24.268198,CLOSED,,DB-SERVER-01,False
ALT-CSE-01-00867,CSE-01,HIGH,2024-10-31T06:05:07,2024-10-31T06:07:52.228266,2024-10-31T06:56:31.621571,CLOSED,,ENDPOINT-01,False
ALT-CSE-01-00868,CSE-01,CRITICAL,2024-12-06T09:24:39,2024-12-06T09:36:22.118286,2024-12-06T09:50:14.251822,CLOSED,CAS-CSE-01-0193,ROUTER-01,False
ALT-CSE-01-00869,CSE-01,HIGH,2024-12-19T06:02:31,2024-12-19T06:16:51.697366,2024-12-19T08:23:13.616879,CLOSED,,WEB-SERVER-01,False
ALT-CSE-01-00870,CSE-01,CRITICAL,2024-10-15T13:33:20,2024-10-15T13:40:42.856415,2024-10-15T14:25:01.922983,CLOSED,CAS-CSE-01-0194,ENDPOINT-01,False
ALT-CSE-01-00871,CSE-01,LOW,2024-12-03T18:03:21,2024-12-03T18:10:17.022653,2024-12-03T19:26:16.915338,CLOSED,,FIREWALL-01,False
ALT-CSE-01-00872,CSE-01,MEDIUM,2024-10-30T21:21:11,2024-10-30T21:36:00.441902,2024-10-30T23:32:28.526438,CLOSED,,ROUTER-01,False
ALT-CSE-01-00873,CSE-01,MEDIUM,2024-12-01T06:12:37,2024-12-01T06:21:42.259827,2024-12-01T07:55:44.547497,CLOSED,,ENDPOINT-01,False
ALT-CSE-01-00874,CSE-01,HIGH,2024-11-23T02:41:09,2024-11-23T02:54:22.007634,2024-11-23T04:02:13.253560,CLOSED,,ROUTER-01,False
ALT-CSE-01-00875,CSE-01,LOW,2024-10-29T02:01:01,2024-10-29T02:12:18.226033,2024-10-29T04:45:37.191742,CLOSED,CAS-CSE-01-0195,FIREWALL-01,False
ALT-CSE-01-00876,CSE-01,LOW,2024-11-05T20:11:57,2024-11-05T20:25:58.416442,2024-11-05T22:21:27.768701,CLOSED,,WEB-SERVER-01,False
ALT-CSE-01-00877,CSE-01,MEDIUM,2024-10-19T09:23:30,2024-10-19T09:31:37.631474,2024-10-19T11:56:04.616562,CLOSED,,ENDPOINT-01,False
ALT-CSE-01-00878,CSE-01,HIGH,2024-10-05T15:45:43,2024-10-05T15:58:05.665798,2024-10-05T18:31:28.395069,CLOSED,,FIREWALL-01,False
ALT-CSE-01-00879,CSE-01,MEDIUM,2024-11-01T17:13:47,2024-11-01T17:16:09.677586,2024-11-01T19:06:01.691217,CLOSED,,ROUTER-01,False
ALT-CSE-01-00880,CSE-01,HIGH,2024-12-16T00:06:36,2024-12-16T00:13:15.582621,2024-12-16T01:41:28.370457,CLOSED,,FIREWALL-01,False
ALT-CSE-01-00881,CSE-01,MEDIUM,2024-12-04T09:45:49,2024-12-04T09:58:16.144028,2024-12-04T13:25:37.939922,CLOSED,,ROUTER-01,False
ALT-CSE-01-00882,CSE-01,HIGH,2024-12-06T20:07:11,2024-12-06T20:21:51.499694,2024-12-06T22:44:07.440478,CLOSED,,WEB-SERVER-01,False
ALT-CSE-01-00883,CSE-01,HIGH,2024-11-13T20:46:32,2024-11-13T20:54:17.820425,2024-11-13T23:32:39.253263,CLOSED,,WEB-SERVER-01,False
ALT-CSE-01-00884,CSE-01,LOW,2024-11-02T01:20:08,2024-11-02T01:26:39.243417,2024-11-02T03:34:29.841766,CLOSED,,ENDPOINT-01,False
ALT-CSE-01-00885,CSE-01,MEDIUM,2024-10-01T22:29:28,2024-10-01T22:41:44.798245,2024-10-02T00:19:53.722353,CLOSED,,FIREWALL-01,False
ALT-CSE-01-00886,CSE-01,CRITICAL,2024-12-10T10:21:21,2024-12-10T10:29:29.150666,2024-12-10T10:58:09.757462,CLOSED,CAS-CSE-01-0196,ROUTER-01,False
ALT-CSE-01-00887,CSE-01,MEDIUM,2024-11-24T01:04:36,2024-11-24T01:16:24.840260,2024-11-24T03:02:11.194042,CLOSED,,ROUTER-01,False
ALT-CSE-01-00888,CSE-01,LOW,2024-10-03T08:03:59,2024-10-03T08:09:57.197861,2024-10-03T09:40:29.187573,CLOSED,CAS-CSE-01-0197,DB-SERVER-01,False
ALT-CSE-01-00889,CSE-01,LOW,2024-12-15T05:45:18,2024-12-15T05:54:33.916666,2024-12-15T07:35:26.505519,CLOSED,,FIREWALL-01,False
ALT-CSE-01-00890,CSE-01,HIGH,2024-11-30T19:02:06,2024-11-30T19:15:02.237304,2024-11-30T20:49:29.933282,CLOSED,,WEB-SERVER-01,False
ALT-CSE-01-00891,CSE-01,HIGH,2024-10-07T00:35:39,2024-10-07T00:38:45.858745,2024-10-07T02:11:47.366904,CLOSED,,FIREWALL-01,False
ALT-CSE-01-00892,CSE-01,LOW,2024-12-13T05:49:29,2024-12-13T05:59:57.675931,2024-12-13T06:52:16.126186,CLOSED,,ROUTER-01,False
ALT-CSE-01-00893,CSE-01,MEDIUM,2024-11-15T18:59:26,2024-11-15T19:13:02.426579,2024-11-15T21:23:15.362738,CLOSED,,ROUTER-01,False
ALT-CSE-01-00894,CSE-01,CRITICAL,2024-12-04T03:39:14,2024-12-04T03:51:49.002543,2024-12-04T04:07:47.097003,CLOSED,CAS-CSE-01-0198,FIREWALL-01,False
ALT-CSE-01-00895,CSE-01,MEDIUM,2024-10-08T22:13:41,2024-10-08T22:23:59.800645,2024-10-09T00:32:36.853647,CLOSED,CAS-CSE-01-0199,DB-SERVER-01,False
ALT-CSE-01-00896,CSE-01,HIGH,2024-11-24T19:07:25,2024-11-24T19:09:55.663952,2024-11-24T21:20:49.117687,CLOSED,,WEB-SERVER-01,False
ALT-CSE-01-00897,CSE-01,LOW,2024-11-04T07:17:34,2024-11-04T07:24:55.369369,2024-11-04T08:54:57.913232,CLOSED,,ENDPOINT-01,False
ALT-CSE-01-00898,CSE-01,LOW,2024-11-17T07:31:44,2024-11-17T07:37:14.973573,2024-11-17T09:41:59.384122,CLOSED,,FIREWALL-01,False
ALT-CSE-01-00899,CSE-01,LOW,2024-10-19T10:20:38,2024-10-19T10:34:51.903730,2024-10-19T12:50:47.054946,CLOSED,,ENDPOINT-01,False
ALT-CSE-01-00900,CSE-01,MEDIUM,2024-12-22T16:44:37,2024-12-22T16:55:54.379587,2024-12-22T19:05:42.684401,CLOSED,,ENDPOINT-01,False
ALT-CSE-01-00901,CSE-01,HIGH,2024-10-29T16:38:04,2024-10-29T16:45:31.616611,2024-10-29T17:57:05.934081,CLOSED,,ROUTER-01,False
ALT-CSE-01-00902,CSE-01,LOW,2024-12-02T16:29:23,2024-12-02T16:32:57.156509,2024-12-02T18:50:40.021919,CLOSED,,WEB-SERVER-01,False
ALT-CSE-01-00903,CSE-01,HIGH,2024-10-29T01:09:50,2024-10-29T01:17:59.789198,2024-10-29T02:22:36.635883,CLOSED,CAS-CSE-01-0200,WEB-SERVER-01,False
ALT-CSE-01-00904,CSE-01,HIGH,2024-10-18T09:46:54,2024-10-18T09:51:13.505457,2024-10-18T11:51:48.732441,CLOSED,,DB-SERVER-01,False
ALT-CSE-01-00905,CSE-01,HIGH,2024-12-15T09:35:00,2024-12-15T09:43:39.713019,2024-12-15T12:52:39.679325,CLOSED,,WEB-SERVER-01,False
ALT-CSE-01-00906,CSE-01,MEDIUM,2024-12-06T01:04:00,2024-12-06T01:15:40.590192,2024-12-06T03:12:30.846952,CLOSED,,DB-SERVER-01,False
ALT-CSE-01-00907,CSE-01,LOW,2024-12-14T21:05:05,2024-12-14T21:09:04.228114,2024-12-14T23:40:11.228603,CLOSED,,FIREWALL-01,False
ALT-CSE-01-00908,CSE-01,LOW,2024-11-30T03:51:25,2024-11-30T03:54:13.395036,2024-11-30T05:26:30.382232,CLOSED,,WEB-SERVER-01,False
ALT-CSE-01-00909,CSE-01,MEDIUM,2024-10-05T14:19:20,2024-10-05T14:33:30.344371,2024-10-05T15:55:40.620779,CLOSED,,ROUTER-01,False
ALT-CSE-01-00910,CSE-01,CRITICAL,2024-12-17T08:23:57,2024-12-17T08:35:11.595185,2024-12-17T09:39:12.944158,CLOSED,CAS-CSE-01-0201,ROUTER-01,False
ALT-CSE-01-00911,CSE-01,HIGH,2024-10-26T17:25:37,2024-10-26T17:34:19.527900,2024-10-26T19:21:16.636552,CLOSED,,ENDPOINT-01,False
ALT-CSE-01-00912,CSE-01,MEDIUM,2024-11-17T09:00:56,2024-11-17T09:05:47.923865,2024-11-17T12:05:15.054302,CLOSED,CAS-CSE-01-0202,FIREWALL-01,False
ALT-CSE-01-00913,CSE-01,HIGH,2024-12-29T02:28:52,2024-12-29T02:30:20.195962,2024-12-29T04:03:59.281827,CLOSED,,DB-SERVER-01,False
ALT-CSE-01-00914,CSE-01,CRITICAL,2024-11-17T15:02:40,2024-11-17T15:14:21.279122,2024-11-17T15:47:49.808961,CLOSED,,ENDPOINT-01,False
ALT-CSE-01-00915,CSE-01,HIGH,2024-12-13T21:14:56,2024-12-13T21:26:40.864135,2024-12-13T23:22:07.501975,CLOSED,,FIREWALL-01,False
ALT-CSE-01-00916,CSE-01,CRITICAL,2024-10-11T10:17:43,2024-10-11T10:20:13.971675,2024-10-11T10:49:48.103202,CLOSED,CAS-CSE-01-0203,ROUTER-01,False
ALT-CSE-01-00917,CSE-01,LOW,2024-10-09T01:46:11,2024-10-09T01:53:45.106410,2024-10-09T03:34:17.620832,CLOSED,,ENDPOINT-01,False
ALT-CSE-01-00918,CSE-01,CRITICAL,2024-10-03T15:43:49,2024-10-03T15:51:17.479747,2024-10-03T16:13:29.799457,CLOSED,CAS-CSE-01-0204,FIREWALL-01,False
ALT-CSE-01-00919,CSE-01,HIGH,2024-10-04T04:00:04,2024-10-04T04:02:19.289807,2024-10-04T05:50:33.160604,CLOSED,,DB-SERVER-01,False
ALT-CSE-01-00920,CSE-01,MEDIUM,2024-12-26T15:28:13,2024-12-26T15:33:49.246083,2024-12-26T17:59:23.433165,CLOSED,,DB-SERVER-01,False
ALT-CSE-01-00921,CSE-01,LOW,2024-12-23T04:25:21,2024-12-23T04:38:35.969494,2024-12-23T06:59:31.309260,CLOSED,CAS-CSE-01-0205,FIREWALL-01,False
ALT-CSE-01-00922,CSE-01,LOW,2024-11-17T12:32:08,2024-11-17T12:40:26.600068,2024-11-17T14:07:24.910517,CLOSED,,FIREWALL-01,False
ALT-CSE-01-00923,CSE-01,LOW,2024-10-13T06:52:08,2024-10-13T06:54:57.637881,2024-10-13T09:14:22.662959,CLOSED,,WEB-SERVER-01,False
ALT-CSE-01-00924,CSE-01,HIGH,2024-10-14T15:25:13,2024-10-14T15:29:16.704877,2024-10-14T17:43:58.671793,CLOSED,,ROUTER-01,False
ALT-CSE-01-00925,CSE-01,HIGH,2024-12-28T01:27:55,2024-12-28T01:31:37.670547,2024-12-28T03:28:53.163629,CLOSED,,ROUTER-01,False
ALT-CSE-01-00926,CSE-01,LOW,2024-11-15T08:05:11,2024-11-15T08:11:37.900617,2024-11-15T10:38:53.909222,CLOSED,,WEB-SERVER-01,False
ALT-CSE-01-00927,CSE-01,HIGH,2024-11-15T07:45:03,2024-11-15T07:46:25.379239,2024-11-15T09:15:55.739901,CLOSED,CAS-CSE-01-0206,ROUTER-01,False
ALT-CSE-01-00928,CSE-01,CRITICAL,2024-12-29T07:38:32,2024-12-29T07:43:50.383275,2024-12-29T08:16:19.289902,CLOSED,CAS-CSE-01-0207,ROUTER-01,False
ALT-CSE-01-00929,CSE-01,HIGH,2024-12-26T10:10:53,2024-12-26T10:17:12.237398,2024-12-26T12:13:35.487123,CLOSED,,DB-SERVER-01,False
ALT-CSE-01-00930,CSE-01,LOW,2024-12-20T19:50:14,2024-12-20T19:57:43.134174,2024-12-20T21:31:46.706587,CLOSED,,WEB-SERVER-01,False
ALT-CSE-01-00931,CSE-01,LOW,2024-10-10T17:29:03,2024-10-10T17:30:56.269415,2024-10-10T19:55:00.438319,CLOSED,,DB-SERVER-01,False
ALT-CSE-01-00932,CSE-01,HIGH,2024-10-12T17:02:07,2024-10-12T17:14:33.771081,2024-10-12T19:30:15.951254,CLOSED,,DB-SERVER-01,False
ALT-CSE-01-00933,CSE-01,CRITICAL,2024-11-10T17:45:27,2024-11-10T17:59:04.420931,2024-11-10T18:36:38.741829,CLOSED,CAS-CSE-01-0208,DB-SERVER-01,False
ALT-CSE-01-00934,CSE-01,LOW,2024-10-07T06:48:26,2024-10-07T06:53:45.461268,2024-10-07T08:44:29.071912,CLOSED,,ENDPOINT-01,False
ALT-CSE-01-00935,CSE-01,CRITICAL,2024-12-20T14:04:38,2024-12-20T14:07:52.985497,2024-12-20T14:41:22.069284,CLOSED,CAS-CSE-01-0209,DB-SERVER-01,False
ALT-CSE-01-00936,CSE-01,CRITICAL,2024-10-15T20:54:17,2024-10-15T20:59:06.871176,2024-10-15T21:46:06.365919,CLOSED,,DB-SERVER-01,False
ALT-CSE-01-00937,CSE-01,MEDIUM,2024-10-04T17:38:12,2024-10-04T17:48:49.895196,2024-10-04T19:08:52.705527,CLOSED,,DB-SERVER-01,False
ALT-CSE-01-00938,CSE-01,LOW,2024-10-10T17:20:41,2024-10-10T17:28:47.468499,2024-10-10T19:00:17.503542,CLOSED,,ENDPOINT-01,False
ALT-CSE-01-00939,CSE-01,CRITICAL,2024-10-23T02:25:03,2024-10-23T02:36:15.619004,2024-10-23T03:11:15.548494,CLOSED,,ROUTER-01,False
ALT-CSE-01-00940,CSE-01,MEDIUM,2024-12-02T22:50:34,2024-12-02T22:53:57.188949,2024-12-03T00:23:37.490079,CLOSED,,ENDPOINT-01,False
ALT-CSE-01-00941,CSE-01,MEDIUM,2024-10-22T18:49:18,2024-10-22T19:03:44.927699,2024-10-22T20:17:38.256277,CLOSED,,WEB-SERVER-01,False
ALT-CSE-01-00942,CSE-01,HIGH,2024-10-21T10:59:26,2024-10-21T11:03:24.652428,2024-10-21T12:39:27.165036,CLOSED,,WEB-SERVER-01,False
ALT-CSE-01-00943,CSE-01,HIGH,2024-11-24T17:38:03,2024-11-24T17:51:18.001859,2024-11-24T19:40:44.925131,CLOSED,CAS-CSE-01-0210,WEB-SERVER-01,False
ALT-CSE-01-00944,CSE-01,HIGH,2024-12-28T11:57:24,2024-12-28T12:06:11.107688,2024-12-28T15:36:34.868872,CLOSED,,DB-SERVER-01,False
ALT-CSE-01-00945,CSE-01,HIGH,2024-10-07T22:02:03,2024-10-07T22:03:42.105047,2024-10-07T23:25:05.555037,CLOSED,,ENDPOINT-01,False
ALT-CSE-01-00946,CSE-01,MEDIUM,2024-11-09T18:20:48,2024-11-09T18:21:51.599067,2024-11-09T20:43:40.927214,CLOSED,,DB-SERVER-01,False
ALT-CSE-01-00947,CSE-01,HIGH,2024-12-15T15:36:58,2024-12-15T15:42:25.087972,2024-12-15T17:16:39.727535,CLOSED,,ROUTER-01,False
ALT-CSE-01-00948,CSE-01,LOW,2024-10-22T08:29:53,2024-10-22T08:32:42.052107,2024-10-22T10:59:15.675970,CLOSED,,ENDPOINT-01,False
ALT-CSE-01-00949,CSE-01,MEDIUM,2024-10-27T07:36:08,2024-10-27T07:38:11.970126,2024-10-27T08:35:31.951911,CLOSED,,ENDPOINT-01,False
ALT-CSE-01-00950,CSE-01,HIGH,2024-11-13T21:03:40,2024-11-13T21:11:04.875001,2024-11-13T22:17:39.559020,CLOSED,,ENDPOINT-01,False
ALT-CSE-01-00951,CSE-01,HIGH,2024-12-15T16:27:19,2024-12-15T16:39:07.127385,2024-12-15T18:38:40.134067,CLOSED,,ROUTER-01,False
ALT-CSE-01-00952,CSE-01,MEDIUM,2024-10-06T03:55:31,2024-10-06T04:04:05.309481,2024-10-06T05:24:20.190048,CLOSED,,WEB-SERVER-01,False
ALT-CSE-01-00953,CSE-01,HIGH,2024-10-02T10:15:25,2024-10-02T10:18:10.215736,2024-10-02T11:53:17.541603,CLOSED,,ROUTER-01,False
ALT-CSE-01-00954,CSE-01,HIGH,2024-10-15T08:20:13,2024-10-15T08:28:55.215491,2024-10-15T11:34:46.306709,CLOSED,,FIREWALL-01,False
ALT-CSE-01-00955,CSE-01,HIGH,2024-12-10T09:44:01,2024-12-10T09:50:26.288255,2024-12-10T12:15:09.691509,CLOSED,CAS-CSE-01-0211,WEB-SERVER-01,False
ALT-CSE-01-00956,CSE-01,MEDIUM,2024-11-25T20:29:34,2024-11-25T20:33:46.281025,2024-11-25T22:12:50.472663,CLOSED,,WEB-SERVER-01,False
ALT-CSE-01-00957,CSE-01,CRITICAL,2024-11-12T15:36:51,2024-11-12T15:48:53.459375,2024-11-12T16:22:26.169824,CLOSED,CAS-CSE-01-0212,ENDPOINT-01,False
ALT-CSE-01-00958,CSE-01,CRITICAL,2024-11-02T18:01:30,2024-11-02T18:08:14.877646,2024-11-02T18:50:16.268392,CLOSED,CAS-CSE-01-0213,FIREWALL-01,False
ALT-CSE-01-00959,CSE-01,LOW,2024-10-29T14:23:18,2024-10-29T14:35:00.842748,2024-10-29T15:20:39.986177,CLOSED,,DB-SERVER-01,False
ALT-CSE-01-00960,CSE-01,MEDIUM,2024-12-29T02:09:17,2024-12-29T02:17:46.783730,2024-12-29T05:18:46.748814,CLOSED,,DB-SERVER-01,False
ALT-CSE-01-00961,CSE-01,MEDIUM,2024-10-08T21:41:12,2024-10-08T21:50:53.517614,2024-10-09T00:45:11.968826,CLOSED,,ROUTER-01,False
ALT-CSE-01-00962,CSE-01,HIGH,2024-11-13T08:27:14,2024-11-13T08:37:35.784951,2024-11-13T10:01:22.015094,CLOSED,,ENDPOINT-01,False
ALT-CSE-01-00963,CSE-01,CRITICAL,2024-12-22T23:04:13,2024-12-22T23:12:37.847889,2024-12-22T23:58:12.189641,CLOSED,CAS-CSE-01-0214,FIREWALL-01,False
ALT-CSE-01-00964,CSE-01,LOW,2024-11-20T12:50:09,2024-11-20T12:55:55.051467,2024-11-20T15:07:30.406472,CLOSED,,WEB-SERVER-01,False
ALT-CSE-01-00965,CSE-01,HIGH,2024-10-02T03:21:29,2024-10-02T03:23:27.127705,2024-10-02T06:04:00.995672,CLOSED,,ENDPOINT-01,False
ALT-CSE-01-00966,CSE-01,CRITICAL,2024-11-05T10:27:41,2024-11-05T10:35:20.195376,2024-11-05T11:14:31.391908,CLOSED,CAS-CSE-01-0215,ENDPOINT-01,False
ALT-CSE-01-00967,CSE-01,HIGH,2024-11-23T04:53:10,2024-11-23T04:59:22.418293,2024-11-23T06:57:40.657047,CLOSED,,DB-SERVER-01,False
ALT-CSE-01-00968,CSE-01,MEDIUM,2024-11-06T19:19:57,2024-11-06T19:34:04.218408,2024-11-06T21:50:37.987749,CLOSED,,ENDPOINT-01,False
ALT-CSE-01-00969,CSE-01,MEDIUM,2024-11-06T11:52:53,2024-11-06T12:03:43.479452,2024-11-06T13:29:06.837345,CLOSED,,DB-SERVER-01,False
ALT-CSE-01-00970,CSE-01,MEDIUM,2024-12-25T00:42:14,2024-12-25T00:57:07.489279,2024-12-25T02:17:26.679859,CLOSED,,DB-SERVER-01,False
ALT-CSE-01-00971,CSE-01,LOW,2024-10-07T00:01:12,2024-10-07T00:07:25.455628,2024-10-07T03:34:26.292998,CLOSED,,ENDPOINT-01,False
ALT-CSE-01-00972,CSE-01,HIGH,2024-11-10T05:30:24,2024-11-10T05:43:01.123271,2024-11-10T08:36:46.078611,CLOSED,,WEB-SERVER-01,False
ALT-CSE-01-00973,CSE-01,LOW,2024-11-10T15:36:25,2024-11-10T15:46:44.680794,2024-11-10T17:55:10.808582,CLOSED,,FIREWALL-01,False
ALT-CSE-01-00974,CSE-01,HIGH,2024-10-17T03:50:36,2024-10-17T03:59:53.259244,2024-10-17T05:09:35.324122,CLOSED,,FIREWALL-01,False
ALT-CSE-01-00975,CSE-01,HIGH,2024-10-12T23:00:08,2024-10-12T23:07:41.344402,2024-10-13T01:30:47.973734,CLOSED,,FIREWALL-01,False
ALT-CSE-01-00976,CSE-01,HIGH,2024-10-01T21:12:15,2024-10-01T21:20:47.290790,2024-10-01T23:12:43.875713,CLOSED,,FIREWALL-01,False
ALT-CSE-01-00977,CSE-01,MEDIUM,2024-12-08T07:54:38,2024-12-08T07:56:12.655755,2024-12-08T10:42:44.660392,CLOSED,,ENDPOINT-01,False
ALT-CSE-01-00978,CSE-01,MEDIUM,2024-11-14T05:06:56,2024-11-14T05:21:38.383845,2024-11-14T06:35:24.684669,CLOSED,,FIREWALL-01,False
ALT-CSE-01-00979,CSE-01,HIGH,2024-10-19T23:03:12,2024-10-19T23:10:55.597491,2024-10-20T02:00:21.831052,CLOSED,,ENDPOINT-01,False
ALT-CSE-01-00980,CSE-01,CRITICAL,2024-10-12T13:57:52,2024-10-12T14:03:26.557926,2024-10-12T14:47:56.231294,CLOSED,CAS-CSE-01-0216,DB-SERVER-01,False
ALT-CSE-01-00981,CSE-01,HIGH,2024-11-07T10:38:42,2024-11-07T10:51:13.661473,2024-11-07T13:07:06.686453,CLOSED,,ROUTER-01,False
ALT-CSE-01-00982,CSE-01,MEDIUM,2024-10-31T03:36:04,2024-10-31T03:49:43.119635,2024-10-31T05:26:50.188099,CLOSED,,FIREWALL-01,False
ALT-CSE-01-00983,CSE-01,MEDIUM,2024-12-29T22:09:23,2024-12-29T22:21:38.524876,2024-12-30T01:06:40.917823,CLOSED,,DB-SERVER-01,False
ALT-CSE-01-00984,CSE-01,MEDIUM,2024-11-27T09:25:17,2024-11-27T09:33:15.664869,2024-11-27T11:47:51.450697,CLOSED,,WEB-SERVER-01,False
ALT-CSE-01-00985,CSE-01,CRITICAL,2024-12-20T10:42:41,2024-12-20T10:52:56.713972,2024-12-20T11:29:47.966155,CLOSED,CAS-CSE-01-0217,ROUTER-01,False
ALT-CSE-01-00986,CSE-01,MEDIUM,2024-10-14T11:37:29,2024-10-14T11:49:24.494054,2024-10-14T13:43:17.463430,CLOSED,CAS-CSE-01-0218,ENDPOINT-01,False
ALT-CSE-01-00987,CSE-01,HIGH,2024-12-19T07:25:45,2024-12-19T07:34:00.007375,2024-12-19T09:29:17.461031,CLOSED,CAS-CSE-01-0219,FIREWALL-01,False
ALT-CSE-01-00988,CSE-01,MEDIUM,2024-12-20T01:04:06,2024-12-20T01:11:47.959022,2024-12-20T03:55:58.186414,CLOSED,,ENDPOINT-01,False
ALT-CSE-01-00989,CSE-01,MEDIUM,2024-10-13T19:12:31,2024-10-13T19:26:19.975045,2024-10-13T20:57:23.498642,CLOSED,,DB-SERVER-01,False
ALT-CSE-01-00990,CSE-01,LOW,2024-12-25T09:22:31,2024-12-25T09:24:08.561759,2024-12-25T12:01:29.469066,CLOSED,,ENDPOINT-01,False
ALT-CSE-01-00991,CSE-01,LOW,2024-11-08T21:52:54,2024-11-08T22:05:55.297553,2024-11-09T00:18:41.837061,CLOSED,,WEB-SERVER-01,False
ALT-CSE-01-00992,CSE-01,MEDIUM,2024-12-16T10:02:47,2024-12-16T10:15:13.679756,2024-12-16T13:03:34.213810,CLOSED,,DB-SERVER-01,False
ALT-CSE-01-00993,CSE-01,HIGH,2024-11-23T12:36:36,2024-11-23T12:44:09.631248,2024-11-23T14:31:27.412015,CLOSED,CAS-CSE-01-0220,ENDPOINT-01,False
ALT-CSE-01-00994,CSE-01,CRITICAL,2024-10-02T11:19:46,2024-10-02T11:26:30.863883,2024-10-02T12:09:51.303335,CLOSED,CAS-CSE-01-0221,ROUTER-01,False
ALT-CSE-01-00995,CSE-01,LOW,2024-10-08T23:24:00,2024-10-08T23:34:55.597819,2024-10-09T01:38:17.993566,CLOSED,,WEB-SERVER-01,False
ALT-CSE-01-00996,CSE-01,HIGH,2024-10-13T12:05:20,2024-10-13T12:15:44.078055,2024-10-13T13:21:30.600077,CLOSED,,WEB-SERVER-01,False
ALT-CSE-01-00997,CSE-01,HIGH,2024-12-08T11:56:12,2024-12-08T12:01:24.432003,2024-12-08T14:04:57.026471,CLOSED,,FIREWALL-01,False
ALT-CSE-01-00998,CSE-01,MEDIUM,2024-12-08T12:01:49,2024-12-08T12:16:07.006731,2024-12-08T13:34:52.301558,CLOSED,,ROUTER-01,False
ALT-CSE-01-00999,CSE-01,LOW,2024-10-30T12:54:33,2024-10-30T13:08:29.244967,2024-10-30T15:16:00.805538,CLOSED,,ROUTER-01,False
ALT-CSE-01-01000,CSE-01,LOW,2024-10-18T21:16:05,2024-10-18T21:27:27.457843,2024-10-18T23:16:11.973739,CLOSED,,ENDPOINT-01,False
ALT-CSE-01-01001,CSE-01,LOW,2024-12-03T16:21:31,2024-12-03T16:23:38.443064,2024-12-03T17:49:49.054987,CLOSED,,ROUTER-01,False
ALT-CSE-01-01002,CSE-01,LOW,2024-12-17T15:18:10,2024-12-17T15:32:52.414683,2024-12-17T16:29:18.495594,CLOSED,,FIREWALL-01,False
ALT-CSE-01-01003,CSE-01,LOW,2024-11-16T15:40:16,2024-11-16T15:54:25.356227,2024-11-16T16:51:48.802547,CLOSED,,DB-SERVER-01,False
ALT-CSE-01-01004,CSE-01,LOW,2024-10-08T15:56:28,2024-10-08T16:07:26.299718,2024-10-08T17:21:08.181552,CLOSED,,DB-SERVER-01,False
ALT-CSE-01-01005,CSE-01,HIGH,2024-12-25T14:51:19,2024-12-25T15:00:13.263500,2024-12-25T16:56:25.173463,CLOSED,,FIREWALL-01,False
ALT-CSE-01-01006,CSE-01,HIGH,2024-11-01T06:36:19,2024-11-01T06:48:01.382482,2024-11-01T08:19:13.486603,CLOSED,,ROUTER-01,False
ALT-CSE-01-01007,CSE-01,CRITICAL,2024-10-11T14:27:35,2024-10-11T14:30:41.360517,2024-10-11T15:01:27.214845,CLOSED,CAS-CSE-01-0222,DB-SERVER-01,False
ALT-CSE-01-01008,CSE-01,HIGH,2024-10-20T00:00:56,2024-10-20T00:11:09.354286,2024-10-20T02:23:16.774971,CLOSED,,ENDPOINT-01,False
ALT-CSE-01-01009,CSE-01,CRITICAL,2024-11-18T17:42:09,2024-11-18T17:44:43.705922,2024-11-18T18:40:56.706352,CLOSED,,ROUTER-01,False
ALT-CSE-01-01010,CSE-01,HIGH,2024-10-23T08:34:24,2024-10-23T08:44:47.272836,2024-10-23T11:26:45.566120,CLOSED,CAS-CSE-01-0223,DB-SERVER-01,False
ALT-CSE-01-01011,CSE-01,HIGH,2024-12-13T17:29:52,2024-12-13T17:40:20.813467,2024-12-13T19:07:08.535547,CLOSED,CAS-CSE-01-0224,DB-SERVER-01,False
ALT-CSE-01-01012,CSE-01,LOW,2024-10-23T20:13:06,2024-10-23T20:25:13.953146,2024-10-23T22:44:56.083256,CLOSED,,FIREWALL-01,False
ALT-CSE-01-01013,CSE-01,MEDIUM,2024-12-15T22:57:24,2024-12-15T23:09:36.373087,2024-12-16T00:27:09.349562,CLOSED,,WEB-SERVER-01,False
ALT-CSE-01-01014,CSE-01,CRITICAL,2024-10-04T23:22:50,2024-10-04T23:35:54.568084,2024-10-05T00:37:08.630633,CLOSED,CAS-CSE-01-0225,ENDPOINT-01,False
ALT-CSE-01-01015,CSE-01,CRITICAL,2024-10-26T21:47:43,2024-10-26T21:56:31.457668,2024-10-26T22:36:04.874976,CLOSED,CAS-CSE-01-0226,FIREWALL-01,False
ALT-CSE-01-01016,CSE-01,CRITICAL,2024-10-21T03:38:15,2024-10-21T03:42:39.040169,2024-10-21T04:32:43.603228,CLOSED,CAS-CSE-01-0227,ENDPOINT-01,False
ALT-CSE-01-01017,CSE-01,LOW,2024-10-13T20:07:56,2024-10-13T20:16:43.951667,2024-10-13T22:41:07.516908,CLOSED,,ROUTER-01,False
ALT-CSE-01-01018,CSE-01,HIGH,2024-11-30T03:42:35,2024-11-30T03:53:47.184897,2024-11-30T05:38:22.483870,CLOSED,CAS-CSE-01-0228,ENDPOINT-01,False
ALT-CSE-01-01019,CSE-01,CRITICAL,2024-12-17T12:18:09,2024-12-17T12:26:24.443391,2024-12-17T12:45:42.765286,CLOSED,CAS-CSE-01-0229,FIREWALL-01,False
ALT-CSE-01-01020,CSE-01,MEDIUM,2024-12-05T22:20:59,2024-12-05T22:34:42.658802,2024-12-06T00:12:18.243857,CLOSED,,WEB-SERVER-01,False
ALT-CSE-01-01021,CSE-01,LOW,2024-10-05T18:21:53,2024-10-05T18:33:11.439040,2024-10-05T19:42:02.882543,CLOSED,,ROUTER-01,False
ALT-CSE-01-01022,CSE-01,MEDIUM,2024-10-12T06:05:32,2024-10-12T06:06:49.268117,2024-10-12T07:21:26.125668,CLOSED,,DB-SERVER-01,False
ALT-CSE-01-01023,CSE-01,MEDIUM,2024-11-22T04:57:09,2024-11-22T05:00:46.011524,2024-11-22T07:08:13.512755,CLOSED,,WEB-SERVER-01,False
ALT-CSE-01-01024,CSE-01,LOW,2024-12-26T23:48:48,2024-12-27T00:03:21.736374,2024-12-27T00:36:46.879380,CLOSED,,FIREWALL-01,False
ALT-CSE-01-01025,CSE-01,HIGH,2024-12-14T14:44:57,2024-12-14T14:52:59.342958,2024-12-14T16:23:25.333313,CLOSED,,ENDPOINT-01,False
ALT-CSE-01-01026,CSE-01,HIGH,2024-11-28T06:13:22,2024-11-28T06:26:38.848962,2024-11-28T08:30:33.583940,CLOSED,,DB-SERVER-01,False
ALT-CSE-01-01027,CSE-01,LOW,2024-12-03T05:52:18,2024-12-03T05:54:47.231097,2024-12-03T07:47:17.899214,CLOSED,,FIREWALL-01,False
ALT-CSE-01-01028,CSE-01,CRITICAL,2024-12-25T22:03:50,2024-12-25T22:05:07.015346,2024-12-25T22:45:18.849619,CLOSED,CAS-CSE-01-0230,FIREWALL-01,False
ALT-CSE-01-01029,CSE-01,CRITICAL,2024-10-26T14:59:00,2024-10-26T15:08:18.584504,2024-10-26T15:48:05.847263,CLOSED,CAS-CSE-01-0231,ENDPOINT-01,False
ALT-CSE-01-01030,CSE-01,HIGH,2024-10-05T06:00:45,2024-10-05T06:15:20.244465,2024-10-05T07:39:23.008794,CLOSED,,ENDPOINT-01,False
ALT-CSE-01-01031,CSE-01,LOW,2024-12-25T17:13:54,2024-12-25T17:15:44.110387,2024-12-25T19:54:19.631354,CLOSED,,ENDPOINT-01,False
ALT-CSE-01-01032,CSE-01,LOW,2024-10-15T10:41:33,2024-10-15T10:52:17.616008,2024-10-15T11:53:08.328740,CLOSED,,DB-SERVER-01,False
ALT-CSE-01-01033,CSE-01,HIGH,2024-12-20T01:21:44,2024-12-20T01:28:39.809881,2024-12-20T01:22:44,CLOSED,,DB-SERVER-01,False
ALT-CSE-01-01034,CSE-01,HIGH,2024-10-10T04:44:27,2024-10-10T04:58:58.509905,2024-10-10T04:58:19.311467,CLOSED,,DB-SERVER-01,False
ALT-CSE-01-01035,CSE-01,HIGH,2024-10-10T02:14:48,2024-10-10T02:16:30.888191,2024-10-10T04:01:15.869685,CLOSED,,FIREWALL-01,False
ALT-CSE-01-01036,CSE-01,CRITICAL,2024-10-14T00:53:20,2024-10-14T01:05:29.425872,2024-10-14T01:45:21.322591,CLOSED,CAS-CSE-01-0232,ROUTER-01,False
ALT-CSE-01-01037,CSE-01,MEDIUM,2024-11-23T18:49:00,2024-11-23T18:59:00.578082,2024-11-23T21:14:31.641712,CLOSED,,DB-SERVER-01,False
ALT-CSE-01-01038,CSE-01,MEDIUM,2024-11-23T16:28:28,2024-11-23T16:40:00.687895,2024-11-23T18:24:56.778850,CLOSED,,FIREWALL-01,False
ALT-CSE-01-01039,CSE-01,LOW,2024-11-12T12:34:45,2024-11-12T12:40:52.768014,2024-11-12T13:15:02.936192,CLOSED,,DB-SERVER-01,False
ALT-CSE-01-01040,CSE-01,MEDIUM,2024-10-05T11:32:20,2024-10-05T11:45:04.733841,2024-10-05T13:11:54.755359,CLOSED,,WEB-SERVER-01,False
ALT-CSE-01-01041,CSE-01,MEDIUM,2024-11-20T13:04:42,2024-11-20T13:08:24.308650,2024-11-20T15:05:48.774687,CLOSED,CAS-CSE-01-0233,WEB-SERVER-01,False
ALT-CSE-01-01042,CSE-01,MEDIUM,2024-12-01T00:54:38,2024-12-01T01:02:56.961756,2024-12-01T04:05:28.648105,CLOSED,,DB-SERVER-01,False
ALT-CSE-01-01043,CSE-01,HIGH,2024-10-07T04:44:51,2024-10-07T04:50:49.556434,2024-10-07T06:49:36.626129,CLOSED,,DB-SERVER-01,False
ALT-CSE-01-01044,CSE-01,CRITICAL,2024-11-23T15:17:18,2024-11-23T15:23:52.696186,2024-11-23T16:19:28.959708,CLOSED,CAS-CSE-01-0234,ROUTER-01,False
ALT-CSE-01-01045,CSE-01,MEDIUM,2024-10-27T05:25:36,2024-10-27T05:28:42.922046,2024-10-27T07:34:20.077031,CLOSED,,ENDPOINT-01,False
ALT-CSE-01-01046,CSE-01,LOW,2024-12-29T11:31:52,2024-12-29T11:41:35.668306,2024-12-29T13:42:23.279083,CLOSED,,FIREWALL-01,False
ALT-CSE-01-01047,CSE-01,MEDIUM,2024-10-06T11:51:50,2024-10-06T11:57:15.967837,2024-10-06T14:31:41.132032,CLOSED,,FIREWALL-01,False
ALT-CSE-01-01048,CSE-01,MEDIUM,2024-11-26T10:15:13,2024-11-26T10:16:54.046141,2024-11-26T12:39:59.109368,CLOSED,,ROUTER-01,False
ALT-CSE-01-01049,CSE-01,HIGH,2024-10-24T03:33:24,2024-10-24T03:44:58.106569,2024-10-24T05:32:56.918354,CLOSED,,ROUTER-01,False
ALT-CSE-01-01050,CSE-01,LOW,2024-10-25T22:16:44,2024-10-25T22:27:52.176005,2024-10-26T01:12:11.754106,CLOSED,,ROUTER-01,False
ALT-CSE-01-01051,CSE-01,LOW,2024-10-13T00:40:57,2024-10-13T00:52:43.251294,2024-10-13T02:35:43.360179,CLOSED,,DB-SERVER-01,False
ALT-CSE-01-01052,CSE-01,HIGH,2024-10-31T17:14:50,2024-10-31T17:17:36.778445,2024-10-31T19:14:42.757187,CLOSED,,WEB-SERVER-01,False
ALT-CSE-01-01053,CSE-01,MEDIUM,2024-12-01T08:32:06,2024-12-01T08:37:29.174748,2024-12-01T10:45:05.977549,CLOSED,,ENDPOINT-01,False
ALT-CSE-01-01054,CSE-01,MEDIUM,2024-12-13T05:41:13,2024-12-13T05:44:39.010499,2024-12-13T07:43:13.976426,CLOSED,,ROUTER-01,False
ALT-CSE-01-01055,CSE-01,LOW,2024-11-22T11:29:56,2024-11-22T11:41:29.131758,2024-11-22T12:26:15.490217,CLOSED,,ENDPOINT-01,False
ALT-CSE-01-01056,CSE-01,MEDIUM,2024-10-05T16:17:55,2024-10-05T16:27:05.809918,2024-10-05T17:53:52.781494,CLOSED,,ROUTER-01,False
ALT-CSE-01-01057,CSE-01,HIGH,2024-11-13T16:33:31,2024-11-13T16:41:01.020558,2024-11-13T18:07:32.389554,CLOSED,,ROUTER-01,False
ALT-CSE-01-01058,CSE-01,MEDIUM,2024-10-17T20:27:48,2024-10-17T20:42:43.782024,2024-10-17T22:02:18.066330,CLOSED,,ROUTER-01,False
ALT-CSE-01-01059,CSE-01,LOW,2024-11-26T02:46:31,2024-11-26T02:54:07.986330,2024-11-26T06:08:08.225760,CLOSED,CAS-CSE-01-0235,ROUTER-01,False
ALT-CSE-01-01060,CSE-01,LOW,2024-12-05T16:01:52,2024-12-05T16:06:44.920531,2024-12-05T18:15:55.656124,CLOSED,,FIREWALL-01,False
ALT-CSE-01-01061,CSE-01,CRITICAL,2024-10-26T20:09:33,2024-10-26T20:15:00.248009,2024-10-26T21:01:30.755699,CLOSED,,WEB-SERVER-01,False
ALT-CSE-01-01062,CSE-01,LOW,2024-11-09T13:16:24,2024-11-09T13:26:13.435375,2024-11-09T15:02:47.983709,CLOSED,,ROUTER-01,False
ALT-CSE-01-01063,CSE-01,HIGH,2024-12-02T00:03:15,2024-12-02T00:14:36.328713,2024-12-02T01:53:39.650831,CLOSED,,ROUTER-01,False
ALT-CSE-01-01064,CSE-01,CRITICAL,2024-12-09T11:43:03,2024-12-09T11:44:38.169760,2024-12-09T12:36:34.193545,CLOSED,CAS-CSE-01-0236,FIREWALL-01,False
ALT-CSE-01-01065,CSE-01,LOW,2024-11-30T00:04:41,2024-11-30T00:16:07.950576,2024-11-30T01:04:29.707390,CLOSED,,WEB-SERVER-01,False
ALT-CSE-01-01066,CSE-01,MEDIUM,2024-10-02T09:12:03,2024-10-02T09:18:13.643951,2024-10-02T12:05:24.342057,CLOSED,,WEB-SERVER-01,False
ALT-CSE-01-01067,CSE-01,HIGH,2024-12-17T00:12:18,2024-12-17T00:17:24.439200,2024-12-17T02:19:34.882980,CLOSED,,ROUTER-01,False
ALT-CSE-01-01068,CSE-01,MEDIUM,2024-12-26T04:35:33,2024-12-26T04:43:37.929449,2024-12-26T06:07:53.786684,CLOSED,,DB-SERVER-01,False
ALT-CSE-01-01069,CSE-01,LOW,2024-10-18T21:19:18,2024-10-18T21:23:04.585630,2024-10-18T22:52:30.358712,CLOSED,,FIREWALL-01,False
ALT-CSE-01-01070,CSE-01,MEDIUM,2024-12-08T11:15:06,2024-12-08T11:26:13.346795,2024-12-08T12:58:12.696843,CLOSED,,WEB-SERVER-01,False
ALT-CSE-01-01071,CSE-01,LOW,2024-11-18T22:29:25,2024-11-18T22:43:50.643779,2024-11-19T00:05:01.104200,CLOSED,,ROUTER-01,False
ALT-CSE-01-01072,CSE-01,MEDIUM,2024-11-29T17:20:46,2024-11-29T17:29:49.569285,2024-11-29T18:35:38.883015,CLOSED,,FIREWALL-01,False
ALT-CSE-01-01073,CSE-01,MEDIUM,2024-11-19T14:30:48,2024-11-19T14:41:05.181906,2024-11-19T16:55:02.126014,CLOSED,,ROUTER-01,False
ALT-CSE-01-01074,CSE-01,MEDIUM,2024-10-18T04:13:21,2024-10-18T04:23:13.228068,2024-10-18T06:28:44.520924,CLOSED,CAS-CSE-01-0237,WEB-SERVER-01,False
ALT-CSE-01-01075,CSE-01,MEDIUM,2024-12-18T16:24:25,2024-12-18T16:32:30.575726,2024-12-18T18:52:09.803658,CLOSED,CAS-CSE-01-0238,WEB-SERVER-01,False
ALT-CSE-01-01076,CSE-01,CRITICAL,2024-10-31T14:40:45,2024-10-31T14:51:51.999382,2024-10-31T15:54:39.127199,CLOSED,CAS-CSE-01-0239,ROUTER-01,False
ALT-CSE-01-01077,CSE-01,CRITICAL,2024-11-18T07:23:33,2024-11-18T07:26:37.941242,2024-11-18T08:03:46.727903,CLOSED,CAS-CSE-01-0240,ROUTER-01,False
ALT-CSE-01-01078,CSE-01,HIGH,2024-11-18T12:47:28,2024-11-18T12:52:35.921937,2024-11-18T14:48:07.465944,CLOSED,CAS-CSE-01-0241,WEB-SERVER-01,False
ALT-CSE-01-01079,CSE-01,MEDIUM,2024-11-11T17:13:48,2024-11-11T17:16:54.015282,2024-11-11T18:41:00.808980,CLOSED,,FIREWALL-01,False
ALT-CSE-01-01080,CSE-01,LOW,2024-12-09T16:46:04,2024-12-09T16:48:17.140925,2024-12-09T19:24:29.245082,CLOSED,,ROUTER-01,False
ALT-CSE-01-01081,CSE-01,MEDIUM,2024-12-16T01:33:10,2024-12-16T01:41:52.719455,2024-12-16T02:40:59.391993,CLOSED,,ENDPOINT-01,False
ALT-CSE-01-01082,CSE-01,LOW,2024-12-08T12:37:20,2024-12-08T12:41:33.123619,2024-12-08T14:46:29.043224,CLOSED,,ENDPOINT-01,False
ALT-CSE-01-01083,CSE-01,HIGH,2024-12-23T09:22:33,2024-12-23T09:30:50.400537,2024-12-23T10:43:31.663758,CLOSED,,ROUTER-01,False
ALT-CSE-01-01084,CSE-01,LOW,2024-10-31T19:11:43,2024-10-31T19:13:14.999864,2024-10-31T22:07:43.569233,CLOSED,,DB-SERVER-01,False
ALT-CSE-01-01085,CSE-01,HIGH,2024-11-29T18:29:16,2024-11-29T18:39:42.457893,2024-11-29T21:53:53.629302,CLOSED,,DB-SERVER-01,False
ALT-CSE-01-01086,CSE-01,LOW,2024-12-27T01:07:58,2024-12-27T01:19:47.365651,2024-12-27T02:16:49.644977,CLOSED,,ENDPOINT-01,False
ALT-CSE-01-01087,CSE-01,HIGH,2024-12-15T13:50:17,2024-12-15T13:55:35.529181,2024-12-15T14:46:19.509958,CLOSED,,DB-SERVER-01,False
ALT-CSE-01-01088,CSE-01,MEDIUM,2024-11-20T17:38:01,2024-11-20T17:41:30.881057,2024-11-20T19:49:04.922199,CLOSED,,DB-SERVER-01,False
ALT-CSE-01-01089,CSE-01,LOW,2024-11-14T12:03:15,2024-11-14T12:12:31.524243,2024-11-14T13:24:29.672669,CLOSED,,ROUTER-01,False
ALT-CSE-01-01090,CSE-01,CRITICAL,2024-12-08T07:55:08,2024-12-08T08:03:38.918291,2024-12-08T08:44:53.190334,CLOSED,CAS-CSE-01-0242,ENDPOINT-01,False
ALT-CSE-01-01091,CSE-01,MEDIUM,2024-10-04T04:38:34,2024-10-04T04:46:12.478278,2024-10-04T05:53:20.617575,CLOSED,,FIREWALL-01,False
ALT-CSE-01-01092,CSE-01,CRITICAL,2024-11-13T08:28:10,2024-11-13T08:33:05.824518,2024-11-13T08:53:21.810951,CLOSED,CAS-CSE-01-0243,ROUTER-01,False
ALT-CSE-01-01093,CSE-01,LOW,2024-10-23T11:50:00,2024-10-23T12:01:39.584315,2024-10-23T15:10:21.134982,CLOSED,,FIREWALL-01,False
ALT-CSE-01-01094,CSE-01,HIGH,2024-11-24T10:33:12,2024-11-24T10:42:09.725491,2024-11-24T12:33:20.979533,CLOSED,,WEB-SERVER-01,False
ALT-CSE-01-01095,CSE-01,LOW,2024-12-19T15:08:21,2024-12-19T15:12:14.092647,2024-12-19T16:29:10.565735,CLOSED,,WEB-SERVER-01,False
ALT-CSE-01-01096,CSE-01,HIGH,2024-10-10T09:52:30,2024-10-10T10:00:56.121746,2024-10-10T11:29:44.476507,CLOSED,,ENDPOINT-01,False
ALT-CSE-01-01097,CSE-01,MEDIUM,2024-10-29T20:49:22,2024-10-29T20:55:24.655871,2024-10-29T23:02:21.044649,CLOSED,,WEB-SERVER-01,False
ALT-CSE-01-01098,CSE-01,HIGH,2024-12-06T01:08:12,2024-12-06T01:18:43.117645,2024-12-06T02:43:10.003139,CLOSED,,FIREWALL-01,False
ALT-CSE-01-01099,CSE-01,HIGH,2024-10-11T09:01:10,2024-10-11T09:10:50.924062,2024-10-11T11:05:37.957872,CLOSED,CAS-CSE-01-0244,ENDPOINT-01,False
ALT-CSE-01-01100,CSE-01,CRITICAL,2024-11-06T04:50:49,2024-11-06T04:54:16.008874,2024-11-06T05:31:57.839265,CLOSED,,DB-SERVER-01,False
ALT-CSE-01-01101,CSE-01,MEDIUM,2024-10-22T05:03:16,2024-10-22T05:12:51.106275,2024-10-22T08:18:14.040696,CLOSED,,FIREWALL-01,False
ALT-CSE-01-01102,CSE-01,MEDIUM,2024-10-31T16:04:35,2024-10-31T16:05:56.141491,2024-10-31T17:10:13.795451,CLOSED,CAS-CSE-01-0245,DB-SERVER-01,False
ALT-CSE-01-01103,CSE-01,HIGH,2024-11-13T02:27:26,2024-11-13T02:33:33.623809,2024-11-13T04:06:36.214739,CLOSED,,ROUTER-01,False
ALT-CSE-01-01104,CSE-01,LOW,2024-11-29T13:24:01,2024-11-29T13:37:03.947077,2024-11-29T16:15:07.639802,CLOSED,,DB-SERVER-01,False
ALT-CSE-01-01105,CSE-01,HIGH,2024-12-09T14:28:13,2024-12-09T14:40:17.332797,2024-12-09T16:46:49.952304,CLOSED,,ROUTER-01,False
ALT-CSE-01-01106,CSE-01,MEDIUM,2024-10-05T23:20:23,2024-10-05T23:22:07.870849,2024-10-06T00:28:11.118306,CLOSED,,FIREWALL-01,False
ALT-CSE-01-01107,CSE-01,MEDIUM,2024-10-26T23:07:32,2024-10-26T23:19:56.984594,2024-10-27T02:23:03.359364,CLOSED,,ENDPOINT-01,False
ALT-CSE-01-01108,CSE-01,MEDIUM,2024-10-02T04:52:41,2024-10-02T04:57:26.297613,2024-10-02T05:25:09.185427,CLOSED,,DB-SERVER-01,False
ALT-CSE-01-01109,CSE-01,HIGH,2024-12-06T07:23:59,2024-12-06T07:34:20.292268,2024-12-06T10:06:38.357130,CLOSED,,ROUTER-01,False
ALT-CSE-01-01110,CSE-01,MEDIUM,2024-11-29T08:09:02,2024-11-29T08:17:27.938259,2024-11-29T10:11:34.411541,CLOSED,,FIREWALL-01,False
ALT-CSE-01-01111,CSE-01,HIGH,2024-12-03T01:30:24,2024-12-03T01:39:56.289303,2024-12-03T03:19:39.813036,CLOSED,CAS-CSE-01-0246,ROUTER-01,False
ALT-CSE-01-01112,CSE-01,MEDIUM,2024-12-25T14:37:08,2024-12-25T14:38:21.082684,2024-12-25T15:17:31.001252,CLOSED,,FIREWALL-01,False
ALT-CSE-01-01113,CSE-01,CRITICAL,2024-11-12T04:19:40,2024-11-12T04:27:28.742210,2024-11-12T04:55:03.351414,CLOSED,,FIREWALL-01,False
ALT-CSE-01-01114,CSE-01,MEDIUM,2024-12-06T22:33:12,2024-12-06T22:40:47.291376,2024-12-07T01:03:15.238260,CLOSED,,ENDPOINT-01,False
ALT-CSE-01-01115,CSE-01,CRITICAL,2024-12-15T08:54:55,2024-12-15T09:03:57.782458,2024-12-15T09:34:08.372652,CLOSED,CAS-CSE-01-0247,DB-SERVER-01,False
ALT-CSE-01-01116,CSE-01,MEDIUM,2024-10-28T03:34:59,2024-10-28T03:41:40.344697,2024-10-28T05:15:40.642704,CLOSED,,WEB-SERVER-01,False
ALT-CSE-01-01117,CSE-01,HIGH,2024-11-23T10:39:29,2024-11-23T10:48:52.483850,2024-11-23T13:10:59.292850,CLOSED,CAS-CSE-01-0248,FIREWALL-01,False
ALT-CSE-01-01118,CSE-01,CRITICAL,2024-12-10T21:56:38,2024-12-10T22:08:55.476826,2024-12-10T22:43:45.717790,CLOSED,CAS-CSE-01-0249,ENDPOINT-01,False
ALT-CSE-01-01119,CSE-01,HIGH,2024-10-09T07:19:50,2024-10-09T07:26:45.886432,2024-10-09T07:53:19.961623,CLOSED,,WEB-SERVER-01,False
ALT-CSE-01-01120,CSE-01,HIGH,2024-10-11T06:38:53,2024-10-11T06:51:10.725047,2024-10-11T08:40:55.071989,CLOSED,,DB-SERVER-01,False
ALT-CSE-01-01121,CSE-01,CRITICAL,2024-10-17T10:27:41,2024-10-17T10:32:06.643234,2024-10-17T11:08:01.262162,CLOSED,CAS-CSE-01-0250,FIREWALL-01,False
ALT-CSE-01-01122,CSE-01,MEDIUM,2024-11-06T19:55:19,2024-11-06T20:03:18.139819,2024-11-06T21:12:25.131207,CLOSED,,WEB-SERVER-01,False
ALT-CSE-01-01123,CSE-01,MEDIUM,2024-10-05T16:29:25,2024-10-05T16:42:37.936708,2024-10-05T19:10:32.917658,CLOSED,,ROUTER-01,False
ALT-CSE-01-01124,CSE-01,MEDIUM,2024-10-08T19:21:10,2024-10-08T19:32:19.746271,2024-10-08T21:10:21.265049,CLOSED,,WEB-SERVER-01,False
ALT-CSE-01-01125,CSE-01,HIGH,2024-11-06T09:26:29,2024-11-06T09:29:10.424199,2024-11-06T11:05:05.646655,CLOSED,,DB-SERVER-01,False
ALT-CSE-01-01126,CSE-01,HIGH,2024-12-06T17:34:35,2024-12-06T17:49:00.190573,2024-12-06T19:31:01.191010,CLOSED,,DB-SERVER-01,False
ALT-CSE-01-01127,CSE-01,HIGH,2024-12-21T06:53:22,2024-12-21T07:07:32.791069,2024-12-21T08:38:20.715530,CLOSED,,ENDPOINT-01,False
ALT-CSE-01-01128,CSE-01,LOW,2024-12-28T09:59:54,2024-12-28T10:14:41.197486,2024-12-28T11:34:00.816015,CLOSED,,DB-SERVER-01,False
ALT-CSE-01-01129,CSE-01,HIGH,2024-11-26T07:07:17,2024-11-26T07:20:16.073694,2024-11-26T10:02:55.751247,CLOSED,,FIREWALL-01,False
ALT-CSE-01-01130,CSE-01,HIGH,2024-10-06T15:35:46,2024-10-06T15:43:39.869538,2024-10-06T18:16:44.510289,CLOSED,,FIREWALL-01,False
ALT-CSE-01-01131,CSE-01,HIGH,2024-10-19T05:31:11,2024-10-19T05:39:13.337293,2024-10-19T07:24:47.011835,CLOSED,,WEB-SERVER-01,False
ALT-CSE-01-01132,CSE-01,MEDIUM,2024-11-27T02:22:41,2024-11-27T02:29:31.022232,2024-11-27T04:20:43.561497,CLOSED,,ROUTER-01,False
ALT-CSE-01-01133,CSE-01,MEDIUM,2024-11-08T15:15:07,2024-11-08T15:29:06.271058,2024-11-08T17:17:10.167529,CLOSED,,ROUTER-01,False
ALT-CSE-01-01134,CSE-01,HIGH,2024-12-02T06:23:08,2024-12-02T06:29:48.960923,2024-12-02T08:18:13.340998,CLOSED,,DB-SERVER-01,False
ALT-CSE-01-01135,CSE-01,HIGH,2024-11-11T13:01:40,2024-11-11T13:16:33.501703,2024-11-11T15:13:54.662274,CLOSED,,WEB-SERVER-01,False
ALT-CSE-01-01136,CSE-01,MEDIUM,2024-12-09T01:57:38,2024-12-09T02:01:56.995160,2024-12-09T03:33:02.260138,CLOSED,,FIREWALL-01,False
ALT-CSE-01-01137,CSE-01,MEDIUM,2024-12-25T19:39:52,2024-12-25T19:47:26.710052,2024-12-25T21:53:52.430119,CLOSED,,DB-SERVER-01,False
ALT-CSE-01-01138,CSE-01,MEDIUM,2024-11-12T00:45:13,2024-11-12T00:52:36.180228,2024-11-12T02:54:41.420627,CLOSED,,WEB-SERVER-01,False
ALT-CSE-01-01139,CSE-01,MEDIUM,2024-12-25T22:37:13,2024-12-25T22:44:11.570559,2024-12-26T01:40:45.257423,CLOSED,,WEB-SERVER-01,False
ALT-CSE-01-01140,CSE-01,MEDIUM,2024-10-27T00:27:16,2024-10-27T00:38:07.403787,2024-10-27T03:17:05.270262,CLOSED,,ROUTER-01,False
ALT-CSE-01-01141,CSE-01,MEDIUM,2024-10-12T07:31:47,2024-10-12T07:34:36.657044,2024-10-12T09:59:03.862887,CLOSED,,ROUTER-01,False
ALT-CSE-01-01142,CSE-01,LOW,2024-10-12T08:23:22,2024-10-12T08:31:09.592358,2024-10-12T11:11:03.324531,CLOSED,CAS-CSE-01-0251,DB-SERVER-01,False
ALT-CSE-01-01143,CSE-01,MEDIUM,2024-10-14T00:32:34,2024-10-14T00:35:09.091550,2024-10-14T03:19:48.006766,CLOSED,,WEB-SERVER-01,False
ALT-CSE-01-01144,CSE-01,MEDIUM,2024-10-13T00:00:36,2024-10-13T00:03:34.281494,2024-10-13T02:24:37.296829,CLOSED,,FIREWALL-01,False
ALT-CSE-01-01145,CSE-01,CRITICAL,2024-12-21T10:44:46,2024-12-21T10:57:13.766435,2024-12-21T11:35:38.965386,CLOSED,CAS-CSE-01-0252,ENDPOINT-01,False
ALT-CSE-01-01146,CSE-01,CRITICAL,2024-11-14T02:53:30,2024-11-14T02:57:32.778699,2024-11-14T04:06:13.744152,CLOSED,CAS-CSE-01-0253,DB-SERVER-01,False
ALT-CSE-01-01147,CSE-01,CRITICAL,2024-12-15T19:51:08,2024-12-15T19:57:37.457097,2024-12-15T20:17:44.887059,CLOSED,CAS-CSE-01-0254,ROUTER-01,False
ALT-CSE-01-01148,CSE-01,HIGH,2024-10-12T03:52:19,2024-10-12T03:53:42.899533,2024-10-12T05:17:25.658481,CLOSED,,DB-SERVER-01,False
ALT-CSE-01-01149,CSE-01,MEDIUM,2024-10-31T14:58:36,2024-10-31T15:03:58.340952,2024-10-31T17:06:13.644784,CLOSED,,ROUTER-01,False
ALT-CSE-01-01150,CSE-01,HIGH,2024-11-19T00:23:21,2024-11-19T00:37:14.713981,2024-11-19T02:33:13.038494,CLOSED,,WEB-SERVER-01,False
ALT-CSE-01-01151,CSE-01,CRITICAL,2024-10-05T11:26:31,2024-10-05T11:41:05.453353,2024-10-05T11:53:32.429687,CLOSED,CAS-CSE-01-0255,WEB-SERVER-01,False
ALT-CSE-01-01152,CSE-01,MEDIUM,2024-10-17T07:30:37,2024-10-17T07:34:22.707033,2024-10-17T09:44:52.660612,CLOSED,,DB-SERVER-01,False
ALT-CSE-01-01153,CSE-01,CRITICAL,2024-11-12T14:45:40,2024-11-12T14:59:59.451612,2024-11-12T15:41:14.254750,CLOSED,CAS-CSE-01-0256,WEB-SERVER-01,False
ALT-CSE-01-01154,CSE-01,HIGH,2024-10-01T20:23:18,2024-10-01T20:36:20.845534,2024-10-01T22:36:55.762702,CLOSED,,ENDPOINT-01,False
ALT-CSE-01-01155,CSE-01,CRITICAL,2024-11-24T04:21:02,2024-11-24T04:29:19.182294,2024-11-24T04:57:50.369335,CLOSED,CAS-CSE-01-0257,ENDPOINT-01,False
ALT-CSE-01-01156,CSE-01,LOW,2024-12-08T01:35:59,2024-12-08T01:40:35.458681,2024-12-08T02:29:46.996958,CLOSED,,ENDPOINT-01,False
ALT-CSE-01-01157,CSE-01,MEDIUM,2024-12-06T18:13:31,2024-12-06T18:26:53.515423,2024-12-06T20:00:09.377024,CLOSED,,ROUTER-01,False
ALT-CSE-01-01158,CSE-01,LOW,2024-10-20T17:02:01,2024-10-20T17:12:53.462292,2024-10-20T19:49:31.137465,CLOSED,,ROUTER-01,False
ALT-CSE-01-01159,CSE-01,MEDIUM,2024-11-27T00:07:59,2024-11-27T00:22:01.160704,2024-11-27T01:57:59.070437,CLOSED,,ROUTER-01,False
ALT-CSE-01-01160,CSE-01,MEDIUM,2024-11-13T21:28:28,2024-11-13T21:41:33.306655,2024-11-13T23:28:57.286862,CLOSED,,WEB-SERVER-01,False
ALT-CSE-01-01161,CSE-01,MEDIUM,2024-11-21T13:46:47,2024-11-21T13:57:16.615338,2024-11-21T15:46:51.252396,CLOSED,,ENDPOINT-01,False
ALT-CSE-01-01162,CSE-01,MEDIUM,2024-12-11T00:04:13,2024-12-11T00:16:12.925331,2024-12-11T02:23:32.285785,CLOSED,CAS-CSE-01-0258,ENDPOINT-01,False
ALT-CSE-01-01163,CSE-01,CRITICAL,2024-12-18T17:36:17,2024-12-18T17:42:04.166640,2024-12-18T18:11:42.393341,CLOSED,,ROUTER-01,False
ALT-CSE-01-01164,CSE-01,LOW,2024-11-18T01:25:41,2024-11-18T01:35:06.114002,2024-11-18T04:02:56.036244,CLOSED,,FIREWALL-01,False
ALT-CSE-01-01165,CSE-01,CRITICAL,2024-10-04T08:36:20,2024-10-04T08:46:13.112426,2024-10-04T09:27:19.056172,CLOSED,CAS-CSE-01-0259,WEB-SERVER-01,False
ALT-CSE-01-01166,CSE-01,MEDIUM,2024-11-06T13:43:37,2024-11-06T13:44:46.507554,2024-11-06T17:23:26.761517,CLOSED,,FIREWALL-01,False
ALT-CSE-01-01167,CSE-01,MEDIUM,2024-10-06T22:13:22,2024-10-06T22:26:22.705715,2024-10-07T00:07:39.691016,CLOSED,,FIREWALL-01,False
ALT-CSE-01-01168,CSE-01,LOW,2024-10-19T03:17:02,2024-10-19T03:24:42.232833,2024-10-19T04:49:48.512184,CLOSED,,FIREWALL-01,False
ALT-CSE-01-01169,CSE-01,HIGH,2024-12-10T01:08:03,2024-12-10T01:12:13.315425,2024-12-10T01:50:48.935589,CLOSED,CAS-CSE-01-0260,ROUTER-01,False
ALT-CSE-01-01170,CSE-01,MEDIUM,2024-12-06T10:16:04,2024-12-06T10:24:04.960654,2024-12-06T12:24:28.214109,CLOSED,,ENDPOINT-01,False
ALT-CSE-01-01171,CSE-01,LOW,2024-12-03T19:14:03,2024-12-03T19:27:13.044502,2024-12-03T21:38:14.007160,CLOSED,,WEB-SERVER-01,False
ALT-CSE-01-01172,CSE-01,LOW,2024-12-21T21:32:08,2024-12-21T21:34:22.760879,2024-12-21T22:27:54.286205,CLOSED,,WEB-SERVER-01,False
ALT-CSE-01-01173,CSE-01,MEDIUM,2024-11-03T23:25:43,2024-11-03T23:37:48.494615,2024-11-04T02:41:14.464671,CLOSED,,ROUTER-01,False
ALT-CSE-01-01174,CSE-01,LOW,2024-10-07T10:46:10,2024-10-07T10:52:59.702507,2024-10-07T12:57:11.494738,CLOSED,,DB-SERVER-01,False
ALT-CSE-01-01175,CSE-01,CRITICAL,2024-11-20T03:10:59,2024-11-20T03:19:03.338896,2024-11-20T03:59:15.866964,CLOSED,CAS-CSE-01-0261,WEB-SERVER-01,False
ALT-CSE-01-01176,CSE-01,LOW,2024-11-14T05:23:17,2024-11-14T05:37:32.279587,2024-11-14T07:37:33.179893,CLOSED,,WEB-SERVER-01,False
ALT-CSE-01-01177,CSE-01,LOW,2024-11-06T05:57:17,2024-11-06T06:01:21.096088,2024-11-06T06:36:27.377389,CLOSED,,WEB-SERVER-01,False
ALT-CSE-01-01178,CSE-01,MEDIUM,2024-10-11T19:30:09,2024-10-11T19:35:08.466001,2024-10-11T21:24:19.655099,CLOSED,,DB-SERVER-01,False
ALT-CSE-01-01179,CSE-01,HIGH,2024-10-20T16:48:11,2024-10-20T16:54:08.414606,2024-10-20T18:22:12.222956,CLOSED,,WEB-SERVER-01,False
ALT-CSE-01-01180,CSE-01,CRITICAL,2024-11-23T23:54:36,2024-11-24T00:03:43.346476,2024-11-24T00:36:25.425886,CLOSED,CAS-CSE-01-0262,DB-SERVER-01,False
ALT-CSE-01-01181,CSE-01,MEDIUM,2024-10-29T12:14:50,2024-10-29T12:20:41.128206,2024-10-29T14:00:14.483651,CLOSED,,ROUTER-01,False
ALT-CSE-01-01182,CSE-01,HIGH,2024-10-24T13:51:25,2024-10-24T14:05:02.589998,2024-10-24T15:16:27.790250,CLOSED,,FIREWALL-01,False
ALT-CSE-01-01183,CSE-01,LOW,2024-12-19T01:21:49,2024-12-19T01:32:25.973085,2024-12-19T03:23:26.860673,CLOSED,,FIREWALL-01,False
ALT-CSE-01-01184,CSE-01,MEDIUM,2024-12-07T19:28:43,2024-12-07T19:32:54.474693,2024-12-07T22:08:48.784050,CLOSED,,ENDPOINT-01,False
ALT-CSE-01-01185,CSE-01,LOW,2024-11-23T21:10:07,2024-11-23T21:13:28.596602,2024-11-24T00:28:44.295237,CLOSED,,ENDPOINT-01,False
ALT-CSE-01-01186,CSE-01,MEDIUM,2024-12-01T18:05:10,2024-12-01T18:11:27.309156,2024-12-01T21:35:13.102175,CLOSED,,WEB-SERVER-01,False
ALT-CSE-01-01187,CSE-01,MEDIUM,2024-10-29T11:46:54,2024-10-29T11:58:13.630439,2024-10-29T14:10:34.921980,CLOSED,,WEB-SERVER-01,False
ALT-CSE-01-01188,CSE-01,CRITICAL,2024-11-20T08:58:00,2024-11-20T09:08:40.933545,2024-11-20T09:49:16.311546,CLOSED,CAS-CSE-01-0263,FIREWALL-01,False
ALT-CSE-01-01189,CSE-01,MEDIUM,2024-12-19T08:46:15,2024-12-19T08:49:20.507387,2024-12-19T09:39:16.069743,CLOSED,,ENDPOINT-01,False
ALT-CSE-01-01190,CSE-01,MEDIUM,2024-12-01T22:59:03,2024-12-01T23:00:29.493298,2024-12-02T01:02:41.704609,CLOSED,,ROUTER-01,False
ALT-CSE-01-01191,CSE-01,HIGH,2024-10-31T12:31:03,2024-10-31T12:41:05.057911,2024-10-31T13:53:59.685329,CLOSED,,ENDPOINT-01,False
ALT-CSE-01-01192,CSE-01,CRITICAL,2024-11-18T15:28:02,2024-11-18T15:41:20.923564,2024-11-18T16:17:12.624362,CLOSED,CAS-CSE-01-0264,ROUTER-01,False
ALT-CSE-01-01193,CSE-01,HIGH,2024-12-14T09:28:54,2024-12-14T09:36:15.918878,2024-12-14T11:29:16.357827,CLOSED,,DB-SERVER-01,False
ALT-CSE-01-01194,CSE-01,MEDIUM,2024-12-26T06:50:34,2024-12-26T07:04:10.028274,2024-12-26T09:36:17.138597,CLOSED,,DB-SERVER-01,False
ALT-CSE-01-01195,CSE-01,LOW,2024-11-18T08:17:47,2024-11-18T08:24:45.404969,2024-11-18T09:49:10.029333,CLOSED,CAS-CSE-01-0265,ROUTER-01,False
ALT-CSE-01-01196,CSE-01,MEDIUM,2024-12-20T00:51:12,2024-12-20T00:56:03.113218,2024-12-20T03:45:24.702685,CLOSED,,DB-SERVER-01,False
ALT-CSE-01-01197,CSE-01,MEDIUM,2024-10-30T09:10:11,2024-10-30T09:19:45.282941,2024-10-30T10:14:56.177450,CLOSED,,ROUTER-01,False
ALT-CSE-01-01198,CSE-01,MEDIUM,2024-10-24T08:29:19,2024-10-24T08:40:16.540002,2024-10-24T09:41:53.247885,CLOSED,,ROUTER-01,False
ALT-CSE-01-01199,CSE-01,MEDIUM,2024-10-18T04:53:59,2024-10-18T05:03:21.732895,2024-10-18T06:27:24.571214,CLOSED,,ROUTER-01,False
ALT-CSE-01-01200,CSE-01,LOW,2024-10-05T18:36:51,2024-10-05T18:48:04.539751,2024-10-05T21:04:55.228771,CLOSED,,ENDPOINT-01,False
ALT-CSE-01-01201,CSE-01,LOW,2024-10-18T03:53:48,2024-10-18T04:06:40.920658,2024-10-18T05:36:05.593795,CLOSED,,WEB-SERVER-01,False
ALT-CSE-01-01202,CSE-01,MEDIUM,2024-11-02T23:20:28,2024-11-02T23:34:30.063050,2024-11-03T01:13:15.626801,CLOSED,,ROUTER-01,False
ALT-CSE-01-01203,CSE-01,HIGH,2024-12-07T16:27:15,2024-12-07T16:41:24.237957,2024-12-07T18:38:56.525737,CLOSED,,ROUTER-01,False
ALT-CSE-01-01204,CSE-01,MEDIUM,2024-10-10T21:09:37,2024-10-10T21:15:16.540329,2024-10-10T22:36:44.857305,CLOSED,,WEB-SERVER-01,False
ALT-CSE-01-01205,CSE-01,CRITICAL,2024-10-31T05:19:58,2024-10-31T05:22:26.128101,2024-10-31T06:09:02.418823,CLOSED,,WEB-SERVER-01,False
ALT-CSE-01-01206,CSE-01,HIGH,2024-10-18T07:31:06,2024-10-18T07:32:36.096969,2024-10-18T10:13:25.050269,CLOSED,,DB-SERVER-01,False
ALT-CSE-01-01207,CSE-01,MEDIUM,2024-12-29T04:26:01,2024-12-29T04:37:07.041288,2024-12-29T06:02:32.168307,CLOSED,,FIREWALL-01,False
ALT-CSE-01-01208,CSE-01,MEDIUM,2024-10-09T00:40:01,2024-10-09T00:41:28.862370,2024-10-09T03:09:09.359623,CLOSED,CAS-CSE-01-0266,ENDPOINT-01,False
ALT-CSE-01-01209,CSE-01,MEDIUM,2024-12-15T20:02:04,2024-12-15T20:16:50.916391,2024-12-15T22:40:56.139322,CLOSED,,WEB-SERVER-01,False
ALT-CSE-01-01210,CSE-01,HIGH,2024-12-14T05:26:42,2024-12-14T05:36:34.942096,2024-12-14T06:50:36.253740,CLOSED,,DB-SERVER-01,False
ALT-CSE-01-01211,CSE-01,CRITICAL,2024-12-09T19:04:23,2024-12-09T19:17:44.845658,2024-12-09T19:48:51.999115,CLOSED,CAS-CSE-01-0267,ENDPOINT-01,False
ALT-CSE-01-01212,CSE-01,LOW,2024-11-14T03:23:46,2024-11-14T03:33:59.183618,2024-11-14T05:21:01.483523,CLOSED,,WEB-SERVER-01,False
ALT-CSE-01-01213,CSE-01,MEDIUM,2024-11-20T10:14:59,2024-11-20T10:22:34.471353,2024-11-20T12:28:52.716260,CLOSED,,ROUTER-01,False
ALT-CSE-01-01214,CSE-01,MEDIUM,2024-10-29T15:04:20,2024-10-29T15:18:19.530112,2024-10-29T16:57:12.022762,CLOSED,CAS-CSE-01-0268,DB-SERVER-01,False
ALT-CSE-01-01215,CSE-01,LOW,2024-12-25T16:38:39,2024-12-25T16:43:46.067548,2024-12-25T18:04:33.794868,CLOSED,,DB-SERVER-01,False
ALT-CSE-01-01216,CSE-01,MEDIUM,2024-12-10T11:27:46,2024-12-10T11:33:38.421115,2024-12-10T14:01:22.367355,CLOSED,CAS-CSE-01-0269,ROUTER-01,False
ALT-CSE-01-01217,CSE-01,HIGH,2024-11-15T07:45:17,2024-11-15T07:52:01.674070,2024-11-15T09:27:54.726510,CLOSED,,FIREWALL-01,False
ALT-CSE-01-01218,CSE-01,CRITICAL,2024-11-07T05:31:47,2024-11-07T05:41:07.095489,2024-11-07T06:22:28.095318,CLOSED,CAS-CSE-01-0270,WEB-SERVER-01,False
ALT-CSE-01-01219,CSE-01,MEDIUM,2024-10-26T07:25:08,2024-10-26T07:34:41.935911,2024-10-26T08:54:01.061881,CLOSED,,WEB-SERVER-01,False
ALT-CSE-01-01220,CSE-01,HIGH,2024-11-06T03:01:13,2024-11-06T03:04:51.399985,2024-11-06T04:50:22.094820,CLOSED,CAS-CSE-01-0271,DB-SERVER-01,False
ALT-CSE-01-01221,CSE-01,MEDIUM,2024-10-14T01:05:01,2024-10-14T01:18:31.083250,2024-10-14T02:23:29.250679,CLOSED,,ENDPOINT-01,False
ALT-CSE-01-01222,CSE-01,HIGH,2024-12-21T01:48:45,2024-12-21T02:03:13.418116,2024-12-21T03:48:18.983205,CLOSED,,WEB-SERVER-01,False
ALT-CSE-01-01223,CSE-01,LOW,2024-11-01T10:18:35,2024-11-01T10:28:39.802911,2024-11-01T11:47:47.017071,CLOSED,CAS-CSE-01-0272,ENDPOINT-01,False
ALT-CSE-01-01224,CSE-01,HIGH,2024-12-10T20:31:50,2024-12-10T20:38:28.339443,2024-12-10T21:41:33.291702,CLOSED,,FIREWALL-01,False
ALT-CSE-01-01225,CSE-01,LOW,2024-10-03T04:25:53,2024-10-03T04:39:09.833454,2024-10-03T05:54:13.580165,CLOSED,,FIREWALL-01,False
ALT-CSE-01-01226,CSE-01,LOW,2024-10-29T08:42:57,2024-10-29T08:57:51.041512,2024-10-29T11:21:36.503793,CLOSED,,ROUTER-01,False
ALT-CSE-01-01227,CSE-01,LOW,2024-10-12T10:26:03,2024-10-12T10:35:19.560264,2024-10-12T11:58:04.203551,CLOSED,,ROUTER-01,False
ALT-CSE-01-01228,CSE-01,MEDIUM,2024-12-05T06:18:49,2024-12-05T06:31:50.321942,2024-12-05T08:01:56.365862,CLOSED,,DB-SERVER-01,False
ALT-CSE-01-01229,CSE-01,MEDIUM,2024-12-06T23:15:22,2024-12-06T23:27:37.788855,2024-12-07T01:32:40.323261,CLOSED,,ROUTER-01,False
ALT-CSE-01-01230,CSE-01,HIGH,2024-11-01T09:42:52,2024-11-01T09:54:08.126889,2024-11-01T10:45:29.245648,CLOSED,,ROUTER-01,False
ALT-CSE-01-01231,CSE-01,MEDIUM,2024-12-29T18:39:18,2024-12-29T18:52:14.008385,2024-12-29T20:18:36.743104,CLOSED,CAS-CSE-01-0273,DB-SERVER-01,False
ALT-CSE-01-01232,CSE-01,MEDIUM,2024-10-04T05:59:06,2024-10-04T06:05:22.119641,2024-10-04T07:31:13.420678,CLOSED,,ENDPOINT-01,False
ALT-CSE-01-01233,CSE-01,MEDIUM,2024-12-14T11:57:30,2024-12-14T12:10:11.041168,2024-12-14T14:17:53.462892,CLOSED,,WEB-SERVER-01,False
ALT-CSE-01-01234,CSE-01,MEDIUM,2024-11-25T08:54:59,2024-11-25T09:04:50.532399,2024-11-25T10:54:26.428822,CLOSED,,FIREWALL-01,False
ALT-CSE-01-01235,CSE-01,MEDIUM,2024-10-04T16:20:20,2024-10-04T16:31:50.776806,2024-10-04T19:50:49.567724,CLOSED,,ENDPOINT-01,False
ALT-CSE-01-01236,CSE-01,MEDIUM,2024-11-28T13:59:06,2024-11-28T14:05:08.163284,2024-11-28T16:51:04.437384,CLOSED,,DB-SERVER-01,False
ALT-CSE-01-01237,CSE-01,HIGH,2024-11-13T03:40:27,2024-11-13T03:51:40.621122,2024-11-13T05:56:34.713603,CLOSED,,FIREWALL-01,False
ALT-CSE-01-01238,CSE-01,MEDIUM,2024-10-31T18:15:01,2024-10-31T18:17:00.393047,2024-10-31T21:16:42.131228,CLOSED,,WEB-SERVER-01,False
ALT-CSE-01-01239,CSE-01,MEDIUM,2024-12-27T14:35:48,2024-12-27T14:46:06.936273,2024-12-27T17:32:47.092454,CLOSED,,ENDPOINT-01,False
ALT-CSE-01-01240,CSE-01,HIGH,2024-10-23T07:15:34,2024-10-23T07:25:39.029397,2024-10-23T09:37:27.106987,CLOSED,,ROUTER-01,False
ALT-CSE-01-01241,CSE-01,MEDIUM,2024-11-07T13:12:31,2024-11-07T13:26:41.131853,2024-11-07T15:18:41.900278,CLOSED,,ENDPOINT-01,False
ALT-CSE-01-01242,CSE-01,CRITICAL,2024-10-06T20:56:15,2024-10-06T21:10:52.254439,2024-10-06T21:52:06.297146,CLOSED,CAS-CSE-01-0274,FIREWALL-01,False
ALT-CSE-01-01243,CSE-01,CRITICAL,2024-11-20T11:11:18,2024-11-20T11:12:24.870952,2024-11-20T12:11:21.436972,CLOSED,CAS-CSE-01-0275,DB-SERVER-01,False
ALT-CSE-01-01244,CSE-01,HIGH,2024-12-11T01:57:37,2024-12-11T02:01:31.945917,2024-12-11T04:03:42.835375,CLOSED,,FIREWALL-01,False
ALT-CSE-01-01245,CSE-01,CRITICAL,2024-12-18T17:03:10,2024-12-18T17:05:39.531029,2024-12-18T17:49:53.139744,CLOSED,,ROUTER-01,False
ALT-CSE-01-01246,CSE-01,MEDIUM,2024-10-02T21:23:35,2024-10-02T21:35:01.537880,2024-10-03T00:20:28.626853,CLOSED,,DB-SERVER-01,False
ALT-CSE-01-01247,CSE-01,MEDIUM,2024-10-02T10:38:10,2024-10-02T10:39:11.519048,2024-10-02T12:47:32.357946,CLOSED,,ENDPOINT-01,False
ALT-CSE-01-01248,CSE-01,HIGH,2024-11-24T02:24:23,2024-11-24T02:38:47.494728,2024-11-24T03:32:16.770920,CLOSED,,ROUTER-01,False
ALT-CSE-01-01249,CSE-01,HIGH,2024-10-13T00:42:06,2024-10-13T00:48:45.253287,2024-10-13T02:51:35.445774,CLOSED,,DB-SERVER-01,False
ALT-CSE-01-01250,CSE-01,CRITICAL,2024-10-12T22:48:20,2024-10-12T22:52:52.137800,2024-10-12T23:45:17.646930,CLOSED,CAS-CSE-01-0276,ENDPOINT-01,False
ALT-CSE-01-01251,CSE-01,MEDIUM,2024-10-20T17:52:12,2024-10-20T18:05:26.134776,2024-10-20T19:48:35.127535,CLOSED,,ROUTER-01,False
ALT-CSE-01-01252,CSE-01,HIGH,2024-12-24T01:02:23,2024-12-24T01:14:40.429474,2024-12-24T02:39:17.885513,CLOSED,,DB-SERVER-01,False
ALT-CSE-01-01253,CSE-01,HIGH,2024-11-20T08:51:32,2024-11-20T09:05:09.148021,2024-11-20T11:01:40.544977,CLOSED,CAS-CSE-01-0277,ROUTER-01,False
ALT-CSE-01-01254,CSE-01,CRITICAL,2024-12-01T19:56:06,2024-12-01T19:58:30.224664,2024-12-01T20:33:28.482388,CLOSED,CAS-CSE-01-0278,DB-SERVER-01,False
ALT-CSE-01-01255,CSE-01,HIGH,2024-12-27T17:38:23,2024-12-27T17:51:28.886770,2024-12-27T19:05:01.757596,CLOSED,,FIREWALL-01,False
ALT-CSE-01-01256,CSE-01,HIGH,2024-12-18T11:35:36,2024-12-18T11:38:41.823342,2024-12-18T15:19:18.382991,CLOSED,,WEB-SERVER-01,False
ALT-CSE-01-01257,CSE-01,LOW,2024-11-16T18:49:21,2024-11-16T18:59:43.488963,2024-11-16T21:24:36.134420,CLOSED,,FIREWALL-01,False
ALT-CSE-01-01258,CSE-01,MEDIUM,2024-11-23T21:20:53,2024-11-23T21:29:30.679202,2024-11-23T22:33:27.075842,CLOSED,,FIREWALL-01,False
ALT-CSE-01-01259,CSE-01,CRITICAL,2024-11-03T09:05:33,2024-11-03T09:19:27.744679,2024-11-03T09:52:53.630230,CLOSED,CAS-CSE-01-0279,ROUTER-01,False
ALT-CSE-01-01260,CSE-01,LOW,2024-10-17T20:51:34,2024-10-17T21:01:38.878482,2024-10-17T23:46:16.921819,CLOSED,,WEB-SERVER-01,False
ALT-CSE-01-01261,CSE-01,MEDIUM,2024-10-23T15:05:31,2024-10-23T15:18:51.337322,2024-10-23T16:53:47.157853,CLOSED,,FIREWALL-01,False
ALT-CSE-01-01262,CSE-01,HIGH,2024-11-19T20:48:13,2024-11-19T21:00:25.061715,2024-11-19T21:40:49.817646,CLOSED,,ROUTER-01,False
ALT-CSE-01-01263,CSE-01,HIGH,2024-11-27T05:03:14,2024-11-27T05:07:37.310794,2024-11-27T07:07:49.121926,CLOSED,,ROUTER-01,False
ALT-CSE-01-01264,CSE-01,LOW,2024-11-12T20:32:05,2024-11-12T20:38:39.527468,2024-11-12T22:42:54.192739,CLOSED,,ENDPOINT-01,False
ALT-CSE-01-01265,CSE-01,HIGH,2024-10-20T07:57:41,2024-10-20T08:11:58.811148,2024-10-20T10:12:19.015482,CLOSED,,WEB-SERVER-01,False
ALT-CSE-01-01266,CSE-01,HIGH,2024-12-10T20:28:34,2024-12-10T20:39:29.772719,2024-12-10T22:00:29.330986,CLOSED,,FIREWALL-01,False
ALT-CSE-01-01267,CSE-01,CRITICAL,2024-10-22T06:53:25,2024-10-22T07:07:58.567525,2024-10-22T07:37:28.032500,CLOSED,CAS-CSE-01-0280,ROUTER-01,False
ALT-CSE-01-01268,CSE-01,MEDIUM,2024-11-21T16:23:19,2024-11-21T16:33:36.633246,2024-11-21T19:14:48.563512,CLOSED,,DB-SERVER-01,False
ALT-CSE-01-01269,CSE-01,CRITICAL,2024-11-21T06:44:28,2024-11-21T06:51:40.482619,2024-11-21T07:23:57.748840,CLOSED,CAS-CSE-01-0281,DB-SERVER-01,False
ALT-CSE-01-01270,CSE-01,LOW,2024-11-28T19:52:13,2024-11-28T20:06:39.566333,2024-11-28T22:32:22.290880,CLOSED,CAS-CSE-01-0282,ROUTER-01,False
ALT-CSE-01-01271,CSE-01,MEDIUM,2024-12-20T07:02:17,2024-12-20T07:13:12.149782,2024-12-20T08:47:31.932091,CLOSED,,WEB-SERVER-01,False
ALT-CSE-01-01272,CSE-01,MEDIUM,2024-10-30T01:31:02,2024-10-30T01:41:24.685183,2024-10-30T03:45:07.044143,CLOSED,,ENDPOINT-01,False
ALT-CSE-01-01273,CSE-01,HIGH,2024-12-02T12:50:36,2024-12-02T12:57:10.936466,2024-12-02T13:58:43.078335,CLOSED,,DB-SERVER-01,False
ALT-CSE-01-01274,CSE-01,LOW,2024-10-26T15:16:23,2024-10-26T15:21:01.285943,2024-10-26T16:38:07.978324,CLOSED,,ENDPOINT-01,False
ALT-CSE-01-01275,CSE-01,CRITICAL,2024-10-27T10:19:00,2024-10-27T10:24:38.716698,2024-10-27T10:56:35.069016,CLOSED,CAS-CSE-01-0283,FIREWALL-01,False
ALT-CSE-01-01276,CSE-01,CRITICAL,2024-10-13T17:00:53,2024-10-13T17:05:22.115313,2024-10-13T17:43:51.330925,CLOSED,CAS-CSE-01-0284,DB-SERVER-01,False
ALT-CSE-01-01277,CSE-01,HIGH,2024-12-11T23:35:32,2024-12-11T23:43:36.694310,2024-12-12T01:09:11.035291,CLOSED,CAS-CSE-01-0285,ENDPOINT-01,False
ALT-CSE-01-01278,CSE-01,CRITICAL,2024-10-04T14:27:57,2024-10-04T14:31:08.993764,2024-10-04T15:20:04.477669,CLOSED,CAS-CSE-01-0286,ENDPOINT-01,False
ALT-CSE-01-01279,CSE-01,LOW,2024-10-23T17:56:47,2024-10-23T18:11:40.484238,2024-10-23T21:10:09.091019,CLOSED,,DB-SERVER-01,False
ALT-CSE-01-01280,CSE-01,MEDIUM,2024-11-25T20:49:43,2024-11-25T21:00:07.756681,2024-11-25T23:00:20.508085,CLOSED,,DB-SERVER-01,False
ALT-CSE-01-01281,CSE-01,CRITICAL,2024-11-20T19:46:17,2024-11-20T19:58:01.247438,2024-11-20T20:15:41.795332,CLOSED,CAS-CSE-01-0287,DB-SERVER-01,False
ALT-CSE-01-01282,CSE-01,CRITICAL,2024-12-24T12:41:01,2024-12-24T12:42:47.222750,2024-12-24T13:36:38.531571,CLOSED,CAS-CSE-01-0288,ENDPOINT-01,False
ALT-CSE-01-01283,CSE-01,HIGH,2024-12-12T12:39:38,2024-12-12T12:54:02.610550,2024-12-12T13:49:59.285138,CLOSED,,DB-SERVER-01,False
ALT-CSE-01-01284,CSE-01,CRITICAL,2024-11-02T21:21:07,2024-11-02T21:25:40.703320,2024-11-02T22:00:17.426741,CLOSED,CAS-CSE-01-0289,WEB-SERVER-01,False
ALT-CSE-01-01285,CSE-01,LOW,2024-12-22T08:45:19,2024-12-22T08:56:18.805271,2024-12-22T10:50:13.718874,CLOSED,,WEB-SERVER-01,False
ALT-CSE-01-01286,CSE-01,MEDIUM,2024-11-04T13:56:16,2024-11-04T14:08:49.115787,2024-11-04T15:32:16.800876,CLOSED,,FIREWALL-01,False
ALT-CSE-01-01287,CSE-01,MEDIUM,2024-11-13T17:33:25,2024-11-13T17:45:01.987516,2024-11-13T18:38:59.501546,CLOSED,,DB-SERVER-01,False
ALT-CSE-01-01288,CSE-01,MEDIUM,2024-12-13T18:46:17,2024-12-13T18:54:08.586640,2024-12-13T20:40:55.074921,CLOSED,,WEB-SERVER-01,False
ALT-CSE-01-01289,CSE-01,MEDIUM,2024-10-12T10:29:14,2024-10-12T10:43:49.482027,2024-10-12T12:58:09.000205,CLOSED,,FIREWALL-01,False
ALT-CSE-01-01290,CSE-01,MEDIUM,2024-10-03T13:30:46,2024-10-03T13:32:57.614387,2024-10-03T15:23:15.315547,CLOSED,,WEB-SERVER-01,False
ALT-CSE-01-01291,CSE-01,HIGH,2024-12-18T11:30:53,2024-12-18T11:38:28.403148,2024-12-18T12:55:06.054149,CLOSED,,WEB-SERVER-01,False
ALT-CSE-01-01292,CSE-01,LOW,2024-10-10T15:26:53,2024-10-10T15:32:41.034963,2024-10-10T17:14:33.886412,CLOSED,,FIREWALL-01,False
ALT-CSE-01-01293,CSE-01,MEDIUM,2024-11-14T11:12:28,2024-11-14T11:22:17.387000,2024-11-14T14:04:48.107008,CLOSED,,DB-SERVER-01,False
ALT-CSE-01-01294,CSE-01,LOW,2024-10-19T11:34:46,2024-10-19T11:39:43.608188,2024-10-19T14:58:15.635932,CLOSED,CAS-CSE-01-0290,FIREWALL-01,False
ALT-CSE-01-01295,CSE-01,CRITICAL,2024-12-19T19:19:14,2024-12-19T19:34:06.811717,2024-12-19T19:53:08.803098,CLOSED,CAS-CSE-01-0291,ENDPOINT-01,False
ALT-CSE-01-01296,CSE-01,LOW,2024-10-09T19:48:54,2024-10-09T19:50:05.774552,2024-10-09T22:26:45.706223,CLOSED,,WEB-SERVER-01,False
ALT-CSE-01-01297,CSE-01,MEDIUM,2024-11-19T20:33:55,2024-11-19T20:47:25.942130,2024-11-19T22:11:33.771814,CLOSED,,DB-SERVER-01,False
ALT-CSE-01-01298,CSE-01,CRITICAL,2024-12-28T00:38:48,2024-12-28T00:51:59.546175,2024-12-28T01:10:08.685738,CLOSED,CAS-CSE-01-0292,ENDPOINT-01,False
ALT-CSE-01-01299,CSE-01,LOW,2024-12-03T02:08:16,2024-12-03T02:11:04.343114,2024-12-03T03:09:24.537444,CLOSED,,ENDPOINT-01,False
ALT-CSE-01-01300,CSE-01,HIGH,2024-10-12T14:15:36,2024-10-12T14:27:51.664613,2024-10-12T16:43:46.325672,CLOSED,,ROUTER-01,False
ALT-CSE-01-01301,CSE-01,HIGH,2024-11-20T03:56:21,2024-11-20T04:08:47.261549,2024-11-20T04:58:44.247966,CLOSED,,WEB-SERVER-01,False
ALT-CSE-01-01302,CSE-01,CRITICAL,2024-10-15T21:27:07,2024-10-15T21:30:19.903472,2024-10-15T22:19:51.348570,CLOSED,CAS-CSE-01-0293,ENDPOINT-01,False
ALT-CSE-01-01303,CSE-01,MEDIUM,2024-11-17T23:19:19,2024-11-17T23:31:37.190130,2024-11-18T00:57:35.169489,CLOSED,,FIREWALL-01,False
ALT-CSE-01-01304,CSE-01,MEDIUM,2024-10-02T05:34:40,2024-10-02T05:46:26.561104,2024-10-02T07:28:13.092891,CLOSED,,ROUTER-01,False
ALT-CSE-01-01305,CSE-01,HIGH,2024-11-18T21:07:29,2024-11-18T21:08:37.767641,2024-11-18T22:57:35.725405,CLOSED,,WEB-SERVER-01,False
ALT-CSE-01-01306,CSE-01,MEDIUM,2024-11-25T18:55:47,2024-11-25T19:03:38.307551,2024-11-25T21:27:51.069380,CLOSED,,DB-SERVER-01,False
ALT-CSE-01-01307,CSE-01,MEDIUM,2024-10-28T00:05:59,2024-10-28T00:11:33.476381,2024-10-28T01:51:12.340648,CLOSED,,ENDPOINT-01,False
ALT-CSE-01-01308,CSE-01,MEDIUM,2024-10-25T05:09:43,2024-10-25T05:21:15.346041,2024-10-25T06:21:58.170952,CLOSED,,ROUTER-01,False
ALT-CSE-01-01309,CSE-01,HIGH,2024-10-09T23:31:41,2024-10-09T23:40:22.493965,2024-10-10T00:54:59.131901,CLOSED,,WEB-SERVER-01,False
ALT-CSE-01-01310,CSE-01,HIGH,2024-10-27T22:06:53,2024-10-27T22:12:11.214349,2024-10-28T00:19:54.965422,CLOSED,,WEB-SERVER-01,False
ALT-CSE-01-01311,CSE-01,CRITICAL,2024-12-05T04:22:08,2024-12-05T04:24:33.972574,2024-12-05T05:21:57.866840,CLOSED,,FIREWALL-01,False
ALT-CSE-01-01312,CSE-01,MEDIUM,2024-11-20T07:23:51,2024-11-20T07:31:56.990173,2024-11-20T10:14:30.922987,CLOSED,,DB-SERVER-01,False
ALT-CSE-01-01313,CSE-01,HIGH,2024-10-02T20:54:52,2024-10-02T21:08:44.961113,2024-10-02T22:46:40.138277,CLOSED,,ENDPOINT-01,False
ALT-CSE-01-01314,CSE-01,LOW,2024-11-26T02:20:28,2024-11-26T02:28:00.271122,2024-11-26T04:41:54.504219,CLOSED,,WEB-SERVER-01,False
ALT-CSE-01-01315,CSE-01,HIGH,2024-11-02T16:43:27,2024-11-02T16:52:28.117514,2024-11-02T19:37:15.288597,CLOSED,,ROUTER-01,False
ALT-CSE-01-01316,CSE-01,MEDIUM,2024-11-30T22:26:29,2024-11-30T22:38:44.559834,2024-11-30T23:59:19.532632,CLOSED,,WEB-SERVER-01,False
ALT-CSE-01-01317,CSE-01,LOW,2024-12-10T02:45:17,2024-12-10T02:52:51.122208,2024-12-10T05:38:14.644995,CLOSED,,WEB-SERVER-01,False
ALT-CSE-01-01318,CSE-01,CRITICAL,2024-12-17T22:39:34,2024-12-17T22:54:00.279219,2024-12-17T23:20:14.311187,CLOSED,CAS-CSE-01-0294,ROUTER-01,False
ALT-CSE-01-01319,CSE-01,MEDIUM,2024-12-28T08:40:35,2024-12-28T08:52:37.525713,2024-12-28T09:26:56.736382,CLOSED,,DB-SERVER-01,False
ALT-CSE-01-01320,CSE-01,LOW,2024-10-16T07:36:28,2024-10-16T07:44:23.908865,2024-10-16T09:25:14.934540,CLOSED,,ROUTER-01,False
ALT-CSE-01-01321,CSE-01,CRITICAL,2024-12-11T20:57:22,2024-12-11T21:04:51.056139,2024-12-11T21:54:33.137703,CLOSED,CAS-CSE-01-0295,ROUTER-01,False
ALT-CSE-01-01322,CSE-01,HIGH,2024-10-16T04:05:33,2024-10-16T04:17:17.607879,2024-10-16T07:04:11.165643,CLOSED,,WEB-SERVER-01,False
ALT-CSE-01-01323,CSE-01,MEDIUM,2024-10-01T06:39:10,2024-10-01T06:53:17.050532,2024-10-01T07:47:16.644515,CLOSED,,ROUTER-01,False
ALT-CSE-01-01324,CSE-01,CRITICAL,2024-11-24T23:42:51,2024-11-24T23:45:34.157782,2024-11-25T00:28:28.774658,CLOSED,CAS-CSE-01-0296,ROUTER-01,False
ALT-CSE-01-01325,CSE-01,MEDIUM,2024-10-29T04:37:51,2024-10-29T04:39:11.978781,2024-10-29T06:39:30.067870,CLOSED,CAS-CSE-01-0297,WEB-SERVER-01,False
ALT-CSE-01-01326,CSE-01,MEDIUM,2024-11-08T21:59:25,2024-11-08T22:02:01.726762,2024-11-08T23:22:41.434913,CLOSED,,ROUTER-01,False
ALT-CSE-01-01327,CSE-01,MEDIUM,2024-12-28T01:35:33,2024-12-28T01:45:56.456714,2024-12-28T03:28:27.265984,CLOSED,CAS-CSE-01-0298,FIREWALL-01,False
ALT-CSE-01-01328,CSE-01,CRITICAL,2024-10-08T13:21:58,2024-10-08T13:34:02.555543,2024-10-08T14:23:06.476440,CLOSED,CAS-CSE-01-0299,FIREWALL-01,False
ALT-CSE-01-01329,CSE-01,CRITICAL,2024-10-23T19:44:35,2024-10-23T19:59:09.032471,2024-10-23T20:37:51.852171,CLOSED,,FIREWALL-01,False
ALT-CSE-01-01330,CSE-01,CRITICAL,2024-11-05T21:29:53,2024-11-05T21:41:26.368139,2024-11-05T22:28:02.392600,CLOSED,CAS-CSE-01-0300,ENDPOINT-01,False
ALT-CSE-01-01331,CSE-01,HIGH,2024-12-03T06:07:07,2024-12-03T06:17:16.561144,2024-12-03T08:31:11.897895,CLOSED,,WEB-SERVER-01,False
ALT-CSE-01-01332,CSE-01,MEDIUM,2024-10-17T07:15:25,2024-10-17T07:19:27.138833,2024-10-17T08:30:15.669926,CLOSED,,WEB-SERVER-01,False
ALT-CSE-01-01333,CSE-01,MEDIUM,2024-12-20T19:07:13,2024-12-20T19:18:48.073877,2024-12-20T21:20:42.981690,CLOSED,,DB-SERVER-01,False
ALT-CSE-01-01334,CSE-01,LOW,2024-10-20T12:08:22,2024-10-20T12:20:45.463467,2024-10-20T13:22:45.214955,CLOSED,,ROUTER-01,False
ALT-CSE-01-01335,CSE-01,MEDIUM,2024-12-18T23:01:14,2024-12-18T23:03:57.102344,2024-12-19T00:40:38.864490,CLOSED,,WEB-SERVER-01,False
ALT-CSE-01-01336,CSE-01,HIGH,2024-11-28T22:56:24,2024-11-28T22:59:06.227739,2024-11-29T00:45:25.158949,CLOSED,,ENDPOINT-01,False
ALT-CSE-01-01337,CSE-01,MEDIUM,2024-11-22T04:42:57,2024-11-22T04:52:22.835172,2024-11-22T07:23:57.727912,CLOSED,,WEB-SERVER-01,False
ALT-CSE-01-01338,CSE-01,HIGH,2024-11-27T12:36:01,2024-11-27T12:49:14.499010,2024-11-27T14:17:29.109190,CLOSED,CAS-CSE-01-0301,WEB-SERVER-01,False
ALT-CSE-01-01339,CSE-01,HIGH,2024-10-21T19:30:47,2024-10-21T19:44:30.329198,2024-10-21T22:16:59.944952,CLOSED,,DB-SERVER-01,False
ALT-CSE-01-01340,CSE-01,HIGH,2024-11-06T20:48:45,2024-11-06T20:57:57.557723,2024-11-06T22:13:31.102214,CLOSED,,WEB-SERVER-01,False
ALT-CSE-01-01341,CSE-01,MEDIUM,2024-12-02T00:07:11,2024-12-02T00:12:55.965191,2024-12-02T03:12:17.523237,CLOSED,,DB-SERVER-01,False
ALT-CSE-01-01342,CSE-01,CRITICAL,2024-11-18T21:40:12,2024-11-18T21:47:32.453148,2024-11-18T22:01:06.384149,CLOSED,CAS-CSE-01-0302,WEB-SERVER-01,False
ALT-CSE-01-01343,CSE-01,MEDIUM,2024-11-27T03:54:37,2024-11-27T04:09:18.366930,2024-11-27T06:54:08.881236,CLOSED,CAS-CSE-01-0303,ENDPOINT-01,False
ALT-CSE-01-01344,CSE-01,HIGH,2024-11-25T02:06:07,2024-11-25T02:16:37.052061,2024-11-25T04:48:39.257112,CLOSED,,ROUTER-01,False
ALT-CSE-01-01345,CSE-01,HIGH,2024-11-06T11:38:24,2024-11-06T11:41:10.637204,2024-11-06T13:11:42.424815,CLOSED,,WEB-SERVER-01,False
ALT-CSE-01-01346,CSE-01,MEDIUM,2024-11-27T15:21:44,2024-11-27T15:31:52.352709,2024-11-27T17:36:35.951430,CLOSED,,WEB-SERVER-01,False
ALT-CSE-01-01347,CSE-01,LOW,2024-11-28T10:39:39,2024-11-28T10:44:29.724115,2024-11-28T12:16:44.259075,CLOSED,,FIREWALL-01,False
ALT-CSE-01-01348,CSE-01,MEDIUM,2024-11-26T03:34:17,2024-11-26T03:41:48.329027,2024-11-26T05:40:23.531821,CLOSED,,DB-SERVER-01,False
ALT-CSE-01-01349,CSE-01,MEDIUM,2024-10-05T13:45:30,2024-10-05T13:52:03.865717,2024-10-05T14:49:31.902557,CLOSED,,FIREWALL-01,False
ALT-CSE-01-01350,CSE-01,MEDIUM,2024-12-13T10:32:50,2024-12-13T10:36:14.914357,2024-12-13T12:55:29.219915,CLOSED,,ROUTER-01,False
ALT-CSE-01-01351,CSE-01,MEDIUM,2024-12-17T00:34:57,2024-12-17T00:42:12.424113,2024-12-17T02:10:30.615874,CLOSED,,WEB-SERVER-01,False
ALT-CSE-01-01352,CSE-01,HIGH,2024-12-08T01:40:04,2024-12-08T01:47:45.354951,2024-12-08T02:58:11.850091,CLOSED,,ENDPOINT-01,False
ALT-CSE-01-01353,CSE-01,MEDIUM,2024-10-31T01:08:09,2024-10-31T01:18:22.458685,2024-10-31T02:58:02.365267,CLOSED,,WEB-SERVER-01,False
ALT-CSE-01-01354,CSE-01,MEDIUM,2024-10-22T09:30:38,2024-10-22T09:32:03.600431,2024-10-22T10:47:29.541841,CLOSED,,WEB-SERVER-01,False
ALT-CSE-01-01355,CSE-01,HIGH,2024-12-06T19:21:10,2024-12-06T19:24:35.156356,2024-12-06T21:38:10.158167,CLOSED,,WEB-SERVER-01,False
ALT-CSE-01-01356,CSE-01,CRITICAL,2024-10-27T22:11:24,2024-10-27T22:17:16.637562,2024-10-27T22:59:03.422769,CLOSED,CAS-CSE-01-0304,DB-SERVER-01,False
ALT-CSE-01-01357,CSE-01,CRITICAL,2024-11-19T13:02:35,2024-11-19T13:08:45.664760,2024-11-19T13:50:41.329171,CLOSED,CAS-CSE-01-0305,WEB-SERVER-01,False
ALT-CSE-01-01358,CSE-01,LOW,2024-12-27T18:50:30,2024-12-27T19:03:18.952101,2024-12-27T21:05:48.072966,CLOSED,,ROUTER-01,False
ALT-CSE-01-01359,CSE-01,LOW,2024-12-09T02:23:57,2024-12-09T02:26:41.367675,2024-12-09T04:25:55.836118,CLOSED,,ENDPOINT-01,False
ALT-CSE-01-01360,CSE-01,HIGH,2024-10-05T03:12:27,2024-10-05T03:15:09.498095,2024-10-05T04:19:20.365598,CLOSED,,DB-SERVER-01,False
ALT-CSE-01-01361,CSE-01,HIGH,2024-11-22T11:11:54,2024-11-22T11:25:29.523697,2024-11-22T12:58:40.747928,CLOSED,,DB-SERVER-01,False
ALT-CSE-01-01362,CSE-01,MEDIUM,2024-10-30T11:28:12,2024-10-30T11:35:40.981158,2024-10-30T13:08:56.502294,CLOSED,,FIREWALL-01,False
ALT-CSE-01-01363,CSE-01,HIGH,2024-11-09T07:30:43,2024-11-09T07:38:19.623441,2024-11-09T09:55:53.120907,CLOSED,,DB-SERVER-01,False
ALT-CSE-01-01364,CSE-01,MEDIUM,2024-10-30T05:41:11,2024-10-30T05:47:41.051480,2024-10-30T07:56:57.423022,CLOSED,,FIREWALL-01,False
ALT-CSE-01-01365,CSE-01,CRITICAL,2024-11-30T23:22:18,2024-11-30T23:28:59.696614,2024-12-01T00:11:00.301350,CLOSED,CAS-CSE-01-0306,ENDPOINT-01,False
ALT-CSE-01-01366,CSE-01,CRITICAL,2024-11-06T05:50:03,2024-11-06T05:54:08.409862,2024-11-06T06:51:18.025310,CLOSED,CAS-CSE-01-0307,DB-SERVER-01,False
ALT-CSE-01-01367,CSE-01,MEDIUM,2024-12-01T19:35:54,2024-12-01T19:37:31.974623,2024-12-01T21:23:15.033719,CLOSED,,FIREWALL-01,False
ALT-CSE-01-01368,CSE-01,MEDIUM,2024-11-20T09:00:54,2024-11-20T09:12:54.808818,2024-11-20T10:57:57.748476,CLOSED,CAS-CSE-01-0308,ROUTER-01,False
ALT-CSE-01-01369,CSE-01,CRITICAL,2024-12-01T20:40:14,2024-12-01T20:49:37.217825,2024-12-01T21:44:46.504872,CLOSED,CAS-CSE-01-0309,FIREWALL-01,False
ALT-CSE-01-01370,CSE-01,MEDIUM,2024-10-08T19:04:44,2024-10-08T19:16:54.902369,2024-10-08T20:49:13.659480,CLOSED,CAS-CSE-01-0310,DB-SERVER-01,False
ALT-CSE-01-01371,CSE-01,HIGH,2024-12-23T08:47:04,2024-12-23T08:53:32.190674,2024-12-23T10:31:56.013346,CLOSED,,DB-SERVER-01,False
ALT-CSE-01-01372,CSE-01,HIGH,2024-10-14T03:47:29,2024-10-14T03:49:53.380535,2024-10-14T06:33:34.996366,CLOSED,,ENDPOINT-01,False
ALT-CSE-01-01373,CSE-01,MEDIUM,2024-11-28T03:34:33,2024-11-28T03:39:38.225735,2024-11-28T04:35:46.625703,CLOSED,,WEB-SERVER-01,False
ALT-CSE-01-01374,CSE-01,LOW,2024-12-01T14:01:47,2024-12-01T14:13:28.643302,2024-12-01T16:21:41.527139,CLOSED,,WEB-SERVER-01,False
ALT-CSE-01-01375,CSE-01,MEDIUM,2024-10-05T08:47:55,2024-10-05T08:49:45.544924,2024-10-05T11:19:13.265627,CLOSED,,WEB-SERVER-01,False
ALT-CSE-01-01376,CSE-01,MEDIUM,2024-10-21T01:08:26,2024-10-21T01:23:00.264850,2024-10-21T04:12:59.442788,CLOSED,,ENDPOINT-01,False
ALT-CSE-01-01377,CSE-01,HIGH,2024-12-02T22:43:18,2024-12-02T22:55:18.407960,2024-12-03T00:13:45.788077,CLOSED,,WEB-SERVER-01,False
ALT-CSE-01-01378,CSE-01,CRITICAL,2024-11-26T23:00:52,2024-11-26T23:03:33.954085,2024-11-26T23:57:17.255838,CLOSED,CAS-CSE-01-0311,ROUTER-01,False
ALT-CSE-01-01379,CSE-01,MEDIUM,2024-11-14T19:23:48,2024-11-14T19:24:58.064464,2024-11-14T21:18:46.175804,CLOSED,,FIREWALL-01,False
ALT-CSE-01-01380,CSE-01,MEDIUM,2024-12-20T00:24:14,2024-12-20T00:36:53.819889,2024-12-20T01:52:39.710048,CLOSED,,ENDPOINT-01,False
ALT-CSE-01-01381,CSE-01,HIGH,2024-10-24T20:09:51,2024-10-24T20:24:21.433195,2024-10-24T21:05:48.823022,CLOSED,,DB-SERVER-01,False
ALT-CSE-01-01382,CSE-01,HIGH,2024-12-25T14:04:04,2024-12-25T14:16:23.249366,2024-12-25T15:40:28.871263,CLOSED,,ENDPOINT-01,False
ALT-CSE-01-01383,CSE-01,CRITICAL,2024-11-25T15:11:40,2024-11-25T15:20:15.512941,2024-11-25T15:57:31.834055,CLOSED,CAS-CSE-01-0312,FIREWALL-01,False
ALT-CSE-01-01384,CSE-01,MEDIUM,2024-12-13T07:09:06,2024-12-13T07:10:18.732822,2024-12-13T09:41:20.950197,CLOSED,CAS-CSE-01-0313,ROUTER-01,False
ALT-CSE-01-01385,CSE-01,HIGH,2024-12-15T08:08:39,2024-12-15T08:17:17.348275,2024-12-15T09:47:56.031978,CLOSED,CAS-CSE-01-0314,DB-SERVER-01,False
ALT-CSE-01-01386,CSE-01,CRITICAL,2024-11-06T04:26:30,2024-11-06T04:33:54.589290,2024-11-06T05:23:00.160782,CLOSED,CAS-CSE-01-0315,ROUTER-01,False
ALT-CSE-01-01387,CSE-01,CRITICAL,2024-10-06T15:02:53,2024-10-06T15:10:27.566334,2024-10-06T15:34:42.094389,CLOSED,CAS-CSE-01-0316,FIREWALL-01,False
ALT-CSE-01-01388,CSE-01,HIGH,2024-12-11T16:07:30,2024-12-11T16:19:13.774563,2024-12-11T18:29:34.916522,CLOSED,,DB-SERVER-01,False
ALT-CSE-01-01389,CSE-01,HIGH,2024-10-29T05:21:30,2024-10-29T05:32:54.729200,2024-10-29T05:35:18.890924,CLOSED,,ROUTER-01,False
ALT-CSE-01-01390,CSE-01,CRITICAL,2024-10-13T00:17:22,2024-10-13T00:30:32.026036,2024-10-13T01:20:27.397939,CLOSED,CAS-CSE-01-0317,DB-SERVER-01,False
ALT-CSE-01-01391,CSE-01,LOW,2024-11-21T05:28:15,2024-11-21T05:33:44.183829,2024-11-21T07:23:38.649981,CLOSED,CAS-CSE-01-0318,DB-SERVER-01,False
ALT-CSE-01-01392,CSE-01,CRITICAL,2024-10-04T21:07:12,2024-10-04T21:20:46.652453,2024-10-04T22:10:41.241719,CLOSED,,ROUTER-01,False
ALT-CSE-01-01393,CSE-01,CRITICAL,2024-11-02T08:01:57,2024-11-02T08:12:13.459206,2024-11-02T09:03:22.040170,CLOSED,CAS-CSE-01-0319,ENDPOINT-01,False
ALT-CSE-01-01394,CSE-01,MEDIUM,2024-10-01T12:42:38,2024-10-01T12:44:40.283138,2024-10-01T13:18:15.735650,CLOSED,,WEB-SERVER-01,False
ALT-CSE-01-01395,CSE-01,LOW,2024-12-07T03:48:43,2024-12-07T03:52:06.251333,2024-12-07T06:03:28.469387,CLOSED,,DB-SERVER-01,False
ALT-CSE-01-01396,CSE-01,MEDIUM,2024-10-29T16:09:00,2024-10-29T16:12:05.761030,2024-10-29T19:07:11.841626,CLOSED,,WEB-SERVER-01,False
ALT-CSE-01-01397,CSE-01,MEDIUM,2024-12-12T07:56:24,2024-12-12T07:59:12.233111,2024-12-12T10:10:33.149820,CLOSED,,WEB-SERVER-01,False
ALT-CSE-01-01398,CSE-01,HIGH,2024-10-14T22:50:31,2024-10-14T23:02:11.759583,2024-10-15T01:24:58.679888,CLOSED,,FIREWALL-01,False
ALT-CSE-01-01399,CSE-01,MEDIUM,2024-10-14T09:27:51,2024-10-14T09:30:24.497301,2024-10-14T12:15:02.233507,CLOSED,,ENDPOINT-01,False
ALT-CSE-01-01400,CSE-01,LOW,2024-10-09T13:36:35,2024-10-09T13:42:26.988515,2024-10-09T15:17:15.718265,CLOSED,,ENDPOINT-01,False
ALT-CSE-01-01401,CSE-01,HIGH,2024-11-10T02:13:09,2024-11-10T02:16:03.845435,2024-11-10T03:29:40.265462,CLOSED,,ENDPOINT-01,False
ALT-CSE-01-01402,CSE-01,LOW,2024-12-22T10:58:09,2024-12-22T11:04:59.518164,2024-12-22T13:05:28.312241,CLOSED,,DB-SERVER-01,False
ALT-CSE-01-01403,CSE-01,MEDIUM,2024-10-24T14:22:13,2024-10-24T14:31:26.429603,2024-10-24T15:51:54.653455,CLOSED,,DB-SERVER-01,False
ALT-CSE-01-01404,CSE-01,MEDIUM,2024-10-02T22:24:29,2024-10-02T22:33:40.030210,2024-10-03T00:31:17.424453,CLOSED,,ROUTER-01,False
ALT-CSE-01-01405,CSE-01,HIGH,2024-12-29T20:32:32,2024-12-29T20:46:29.875651,2024-12-29T23:19:17.422311,CLOSED,,DB-SERVER-01,False
ALT-CSE-01-01406,CSE-01,MEDIUM,2024-11-15T05:13:12,2024-11-15T05:16:49.840188,2024-11-15T07:26:29.669671,CLOSED,,DB-SERVER-01,False
ALT-CSE-01-01407,CSE-01,LOW,2024-11-05T01:25:30,2024-11-05T01:27:34.614034,2024-11-05T02:59:01.666220,CLOSED,CAS-CSE-01-0320,ROUTER-01,False
ALT-CSE-01-01408,CSE-01,HIGH,2024-11-27T03:48:53,2024-11-27T03:51:08.770009,2024-11-27T05:41:38.731256,CLOSED,,FIREWALL-01,False
ALT-CSE-01-01409,CSE-01,LOW,2024-10-17T06:01:49,2024-10-17T06:11:25.193807,2024-10-17T07:34:24.735247,CLOSED,,ROUTER-01,False
ALT-CSE-01-01410,CSE-01,MEDIUM,2024-12-05T10:57:09,2024-12-05T11:09:12.479593,2024-12-05T12:58:38.743788,CLOSED,,ROUTER-01,False
ALT-CSE-01-01411,CSE-01,HIGH,2024-12-26T17:33:49,2024-12-26T17:41:28.882480,2024-12-26T19:56:43.018513,CLOSED,,WEB-SERVER-01,False
ALT-CSE-01-01412,CSE-01,MEDIUM,2024-11-26T02:46:35,2024-11-26T02:55:52.153652,2024-11-26T04:29:54.422388,CLOSED,,FIREWALL-01,False
ALT-CSE-01-01413,CSE-01,MEDIUM,2024-10-04T06:16:23,2024-10-04T06:21:57.759971,2024-10-04T08:46:39.105655,CLOSED,,WEB-SERVER-01,False
ALT-CSE-01-01414,CSE-01,MEDIUM,2024-10-30T08:40:27,2024-10-30T08:54:27.308187,2024-10-30T12:45:35.765536,CLOSED,,FIREWALL-01,False
ALT-CSE-01-01415,CSE-01,LOW,2024-10-26T14:12:51,2024-10-26T14:24:23.983304,2024-10-26T16:46:16.121166,CLOSED,CAS-CSE-01-0321,ENDPOINT-01,False
ALT-CSE-01-01416,CSE-01,LOW,2024-12-01T07:24:04,2024-12-01T07:33:29.853895,2024-12-01T09:20:05.506376,CLOSED,,WEB-SERVER-01,False
ALT-CSE-01-01417,CSE-01,MEDIUM,2024-12-12T14:44:48,2024-12-12T14:49:02.498757,2024-12-12T17:03:56.956979,CLOSED,,ROUTER-01,False
ALT-CSE-01-01418,CSE-01,CRITICAL,2024-10-24T21:52:46,2024-10-24T22:05:54.125355,2024-10-24T23:02:42.626485,CLOSED,CAS-CSE-01-0322,DB-SERVER-01,False
ALT-CSE-01-01419,CSE-01,MEDIUM,2024-11-30T16:45:16,2024-11-30T16:49:30.385636,2024-11-30T18:26:34.685312,CLOSED,,ENDPOINT-01,False
ALT-CSE-01-01420,CSE-01,CRITICAL,2024-10-06T03:09:22,2024-10-06T03:20:40.072606,2024-10-06T03:40:47.929015,CLOSED,CAS-CSE-01-0323,ENDPOINT-01,False
ALT-CSE-01-01421,CSE-01,MEDIUM,2024-10-28T03:43:00,2024-10-28T03:51:59.547394,2024-10-28T05:28:30.004484,CLOSED,CAS-CSE-01-0324,FIREWALL-01,False
ALT-CSE-01-01422,CSE-01,HIGH,2024-11-13T22:09:22,2024-11-13T22:22:40.044272,2024-11-14T00:25:38.766927,CLOSED,,DB-SERVER-01,False
ALT-CSE-01-01423,CSE-01,LOW,2024-10-31T06:38:10,2024-10-31T06:52:55.391934,2024-10-31T08:23:50.881719,CLOSED,,WEB-SERVER-01,False
ALT-CSE-01-01424,CSE-01,HIGH,2024-10-17T05:42:37,2024-10-17T05:46:19.427631,2024-10-17T07:30:59.382863,CLOSED,,WEB-SERVER-01,False
ALT-CSE-01-01425,CSE-01,MEDIUM,2024-12-17T00:36:27,2024-12-17T00:43:46.533308,2024-12-17T02:43:58.974472,CLOSED,,DB-SERVER-01,False
ALT-CSE-01-01426,CSE-01,MEDIUM,2024-12-07T09:04:32,2024-12-07T09:14:42.971218,2024-12-07T11:07:56.966029,CLOSED,,FIREWALL-01,False
ALT-CSE-01-01427,CSE-01,MEDIUM,2024-12-04T07:36:36,2024-12-04T07:43:07.104622,2024-12-04T09:41:40.547987,CLOSED,,ENDPOINT-01,False
ALT-CSE-01-01428,CSE-01,CRITICAL,2024-10-14T02:06:20,2024-10-14T02:07:38.513441,2024-10-14T02:54:51.872238,CLOSED,CAS-CSE-01-0325,FIREWALL-01,False
ALT-CSE-01-01429,CSE-01,CRITICAL,2024-11-23T20:58:45,2024-11-23T21:12:13.434723,2024-11-23T21:34:19.848306,CLOSED,CAS-CSE-01-0326,WEB-SERVER-01,False
ALT-CSE-01-01430,CSE-01,LOW,2024-10-19T05:15:53,2024-10-19T05:27:32.231100,2024-10-19T08:05:02.590725,CLOSED,,WEB-SERVER-01,False
ALT-CSE-01-01431,CSE-01,HIGH,2024-10-17T07:49:22,2024-10-17T07:55:09.945172,2024-10-17T10:13:04.936577,CLOSED,,DB-SERVER-01,False
ALT-CSE-01-01432,CSE-01,MEDIUM,2024-12-09T20:26:09,2024-12-09T20:38:57.349277,2024-12-09T21:30:38.406968,CLOSED,,ENDPOINT-01,False
ALT-CSE-01-01433,CSE-01,HIGH,2024-12-01T00:35:51,2024-12-01T00:41:23.903821,2024-12-01T03:18:14.924911,CLOSED,,WEB-SERVER-01,False
ALT-CSE-01-01434,CSE-01,HIGH,2024-11-24T23:16:14,2024-11-24T23:21:01.608290,2024-11-25T01:31:57.192095,CLOSED,,DB-SERVER-01,False
ALT-CSE-01-01435,CSE-01,LOW,2024-10-09T20:55:39,2024-10-09T21:08:18.162968,2024-10-09T23:14:15.480523,CLOSED,,FIREWALL-01,False
ALT-CSE-01-01436,CSE-01,HIGH,2024-11-11T16:12:36,2024-11-11T16:18:24.488480,2024-11-11T16:57:21.039783,CLOSED,,ENDPOINT-01,False
ALT-CSE-01-01437,CSE-01,LOW,2024-12-14T05:58:48,2024-12-14T06:04:11.326022,2024-12-14T06:31:27.163534,CLOSED,,ROUTER-01,False
ALT-CSE-01-01438,CSE-01,HIGH,2024-11-08T05:20:31,2024-11-08T05:32:05.316471,2024-11-08T07:58:34.595435,CLOSED,,ENDPOINT-01,False
ALT-CSE-01-01439,CSE-01,MEDIUM,2024-12-22T05:21:08,2024-12-22T05:32:34.236473,2024-12-22T07:37:12.328119,CLOSED,,FIREWALL-01,False
ALT-CSE-01-01440,CSE-01,HIGH,2024-12-19T06:00:08,2024-12-19T06:04:24.119187,2024-12-19T08:23:38.772108,CLOSED,,WEB-SERVER-01,False
ALT-CSE-01-01441,CSE-01,LOW,2024-11-26T14:11:11,2024-11-26T14:19:41.588890,2024-11-26T16:51:52.672890,CLOSED,CAS-CSE-01-0327,FIREWALL-01,False
ALT-CSE-01-01442,CSE-01,CRITICAL,2024-11-08T14:12:58,2024-11-08T14:24:39.198379,2024-11-08T14:42:19.665025,CLOSED,CAS-CSE-01-0328,ROUTER-01,False
ALT-CSE-01-01443,CSE-01,HIGH,2024-12-22T18:00:57,2024-12-22T18:06:03.951095,2024-12-22T21:09:10.580344,CLOSED,,ENDPOINT-01,False
ALT-CSE-01-01444,CSE-01,HIGH,2024-10-01T22:11:14,2024-10-01T22:16:16.428237,2024-10-02T00:08:49.363672,CLOSED,CAS-CSE-01-0329,ENDPOINT-01,False
ALT-CSE-01-01445,CSE-01,MEDIUM,2024-10-15T13:57:46,2024-10-15T14:12:12.946850,2024-10-15T15:59:15.076214,CLOSED,,ENDPOINT-01,False
ALT-CSE-01-01446,CSE-01,CRITICAL,2024-12-27T02:57:23,2024-12-27T02:58:23.352486,2024-12-27T04:05:43.601120,CLOSED,CAS-CSE-01-0330,FIREWALL-01,False
ALT-CSE-01-01447,CSE-01,HIGH,2024-10-08T15:52:37,2024-10-08T15:55:45.147678,2024-10-08T17:12:17.495138,CLOSED,,ROUTER-01,False
ALT-CSE-01-01448,CSE-01,HIGH,2024-10-02T20:01:35,2024-10-02T20:11:00.715046,2024-10-02T21:45:22.584650,CLOSED,CAS-CSE-01-0331,ROUTER-01,False
ALT-CSE-01-01449,CSE-01,MEDIUM,2024-10-17T07:40:21,2024-10-17T07:41:22.257217,2024-10-17T10:05:27.589750,CLOSED,,FIREWALL-01,False
ALT-CSE-01-01450,CSE-01,HIGH,2024-12-24T08:42:39,2024-12-24T08:53:02.652954,2024-12-24T09:46:10.341940,CLOSED,,ENDPOINT-01,False
ALT-CSE-01-01451,CSE-01,HIGH,2024-11-17T19:34:10,2024-11-17T19:41:11.764113,2024-11-17T21:13:03.655008,CLOSED,CAS-CSE-01-0332,FIREWALL-01,False
ALT-CSE-01-01452,CSE-01,MEDIUM,2024-11-29T14:15:22,2024-11-29T14:17:13.257606,2024-11-29T16:09:01.549962,CLOSED,,ROUTER-01,False
ALT-CSE-01-01453,CSE-01,HIGH,2024-10-11T19:08:36,2024-10-11T19:21:35.728567,2024-10-11T21:14:52.489755,CLOSED,,WEB-SERVER-01,False
ALT-CSE-01-01454,CSE-01,CRITICAL,2024-11-11T19:32:43,2024-11-11T19:41:52.048754,2024-11-11T20:18:35.484981,CLOSED,CAS-CSE-01-0333,WEB-SERVER-01,False
ALT-CSE-01-01455,CSE-01,CRITICAL,2024-11-20T19:30:01,2024-11-20T19:38:47.408344,2024-11-20T20:15:01.091059,CLOSED,CAS-CSE-01-0334,WEB-SERVER-01,False
ALT-CSE-01-01456,CSE-01,HIGH,2024-11-21T17:21:33,2024-11-21T17:31:41.576586,2024-11-21T19:07:28.182069,CLOSED,,FIREWALL-01,False
ALT-CSE-01-01457,CSE-01,MEDIUM,2024-10-25T10:49:14,2024-10-25T10:57:22.274629,2024-10-25T11:47:03.228465,CLOSED,,FIREWALL-01,False
ALT-CSE-01-01458,CSE-01,MEDIUM,2024-11-21T11:34:57,2024-11-21T11:40:01.733009,2024-11-21T13:34:06.766824,CLOSED,,FIREWALL-01,False
ALT-CSE-01-01459,CSE-01,MEDIUM,2024-12-04T08:07:10,2024-12-04T08:16:35.115417,2024-12-04T11:03:09.666151,CLOSED,,DB-SERVER-01,False
ALT-CSE-01-01460,CSE-01,HIGH,2024-10-03T16:47:56,2024-10-03T16:54:36.631870,2024-10-03T19:32:33.817036,CLOSED,,FIREWALL-01,False
ALT-CSE-01-01461,CSE-01,LOW,2024-12-28T16:02:58,2024-12-28T16:15:22.681282,2024-12-28T18:39:16.861792,CLOSED,,WEB-SERVER-01,False
ALT-CSE-01-01462,CSE-01,HIGH,2024-12-04T19:31:17,2024-12-04T19:38:23.094920,2024-12-04T21:40:57.107613,CLOSED,,ROUTER-01,False
ALT-CSE-01-01463,CSE-01,CRITICAL,2024-12-10T05:11:02,2024-12-10T05:20:38.710711,2024-12-10T05:54:42.275469,CLOSED,CAS-CSE-01-0335,DB-SERVER-01,False
ALT-CSE-01-01464,CSE-01,MEDIUM,2024-10-25T03:23:21,2024-10-25T03:33:21.405380,2024-10-25T06:05:04.555805,CLOSED,,ENDPOINT-01,False
ALT-CSE-01-01465,CSE-01,HIGH,2024-10-14T07:02:23,2024-10-14T07:13:41.302343,2024-10-14T10:02:13.357530,CLOSED,,DB-SERVER-01,False
ALT-CSE-01-01466,CSE-01,MEDIUM,2024-11-13T00:45:28,2024-11-13T00:54:58.329006,2024-11-13T01:39:05.739036,CLOSED,,ENDPOINT-01,False
ALT-CSE-01-01467,CSE-01,MEDIUM,2024-11-22T21:06:04,2024-11-22T21:12:23.131374,2024-11-22T22:52:59.088328,CLOSED,,WEB-SERVER-01,False
ALT-CSE-01-01468,CSE-01,LOW,2024-10-20T04:07:39,2024-10-20T04:14:48.394957,2024-10-20T04:55:24.677339,CLOSED,,FIREWALL-01,False
ALT-CSE-01-01469,CSE-01,MEDIUM,2024-10-25T12:45:11,2024-10-25T12:49:17.284387,2024-10-25T14:20:19.550585,CLOSED,CAS-CSE-01-0336,DB-SERVER-01,False
ALT-CSE-01-01470,CSE-01,HIGH,2024-10-22T08:27:10,2024-10-22T08:30:14.996916,2024-10-22T10:26:52.240217,CLOSED,,ROUTER-01,False
ALT-CSE-01-01471,CSE-01,MEDIUM,2024-11-29T06:36:09,2024-11-29T06:37:48.220918,2024-11-29T08:07:39.182061,CLOSED,,DB-SERVER-01,False
ALT-CSE-01-01472,CSE-01,MEDIUM,2024-12-16T22:17:33,2024-12-16T22:32:15.651657,2024-12-17T00:00:19.458369,CLOSED,,ENDPOINT-01,False
ALT-CSE-01-01473,CSE-01,MEDIUM,2024-12-18T08:23:17,2024-12-18T08:25:21.735113,2024-12-18T09:25:43.473777,CLOSED,CAS-CSE-01-0337,WEB-SERVER-01,False
ALT-CSE-01-01474,CSE-01,HIGH,2024-11-18T15:38:57,2024-11-18T15:44:42.351362,2024-11-18T17:30:42.783339,CLOSED,,WEB-SERVER-01,False
ALT-CSE-01-01475,CSE-01,LOW,2024-11-04T04:36:12,2024-11-04T04:48:08.032726,2024-11-04T07:14:05.346207,CLOSED,,ENDPOINT-01,False
ALT-CSE-01-01476,CSE-01,MEDIUM,2024-12-12T16:12:15,2024-12-12T16:22:45.649309,2024-12-12T17:17:51.815945,CLOSED,,ENDPOINT-01,False
ALT-CSE-01-01477,CSE-01,CRITICAL,2024-10-15T04:19:12,2024-10-15T04:25:20.337958,2024-10-15T05:01:56.330661,CLOSED,,WEB-SERVER-01,False
ALT-CSE-01-01478,CSE-01,HIGH,2024-10-04T09:01:37,2024-10-04T09:06:47.565170,2024-10-04T11:17:39.973618,CLOSED,,FIREWALL-01,False
ALT-CSE-01-01479,CSE-01,HIGH,2024-10-25T14:02:23,2024-10-25T14:07:53.707137,2024-10-25T16:27:35.002065,CLOSED,,DB-SERVER-01,False
ALT-CSE-01-01480,CSE-01,MEDIUM,2024-11-22T16:40:58,2024-11-22T16:47:12.930134,2024-11-22T17:28:13.332293,CLOSED,,ENDPOINT-01,False
ALT-CSE-01-01481,CSE-01,LOW,2024-10-13T23:53:47,2024-10-14T00:04:03.487885,2024-10-14T02:41:36.242315,CLOSED,,ROUTER-01,False
ALT-CSE-01-01482,CSE-01,LOW,2024-12-11T05:55:44,2024-12-11T06:01:57.566023,2024-12-11T07:43:03.896420,CLOSED,,DB-SERVER-01,False
ALT-CSE-01-01483,CSE-01,MEDIUM,2024-11-15T12:08:12,2024-11-15T12:13:50.596245,2024-11-15T14:23:15.929730,CLOSED,,WEB-SERVER-01,False
ALT-CSE-01-01484,CSE-01,HIGH,2024-12-15T03:18:10,2024-12-15T03:19:35.841901,2024-12-15T04:20:13.572093,CLOSED,,DB-SERVER-01,False
ALT-CSE-01-01485,CSE-01,LOW,2024-11-13T21:49:37,2024-11-13T22:00:46.562639,2024-11-14T00:10:56.611080,CLOSED,,DB-SERVER-01,False
ALT-CSE-01-01486,CSE-01,HIGH,2024-12-08T23:39:50,2024-12-08T23:52:15.727199,2024-12-09T02:25:07.820385,CLOSED,,WEB-SERVER-01,False
ALT-CSE-01-01487,CSE-01,LOW,2024-10-21T18:00:32,2024-10-21T18:05:06.459791,2024-10-21T19:55:58.280603,CLOSED,,ENDPOINT-01,False
ALT-CSE-01-01488,CSE-01,HIGH,2024-11-26T09:32:07,2024-11-26T09:46:14.067280,2024-11-26T12:10:24.299335,CLOSED,,ROUTER-01,False
ALT-CSE-01-01489,CSE-01,MEDIUM,2024-10-31T06:13:37,2024-10-31T06:19:05.857956,2024-10-31T08:26:09.489105,CLOSED,,ENDPOINT-01,False
ALT-CSE-01-01490,CSE-01,HIGH,2024-12-17T16:28:06,2024-12-17T16:42:56.534384,2024-12-17T19:02:34.600580,CLOSED,,WEB-SERVER-01,False
ALT-CSE-01-01491,CSE-01,CRITICAL,2024-11-13T14:42:09,2024-11-13T14:44:15.681122,2024-11-13T15:13:18.535192,CLOSED,CAS-CSE-01-0338,ENDPOINT-01,False
ALT-CSE-01-01492,CSE-01,CRITICAL,2024-11-25T02:38:05,2024-11-25T02:43:32.565659,2024-11-25T03:16:53.380141,CLOSED,CAS-CSE-01-0339,ENDPOINT-01,False
ALT-CSE-01-01493,CSE-01,HIGH,2024-11-05T18:00:13,2024-11-05T18:13:56.227512,2024-11-05T19:42:34.076422,CLOSED,,FIREWALL-01,False
ALT-CSE-01-01494,CSE-01,MEDIUM,2024-10-13T17:25:11,2024-10-13T17:37:43.124147,2024-10-13T18:45:23.210819,CLOSED,,DB-SERVER-01,False
ALT-CSE-01-01495,CSE-01,MEDIUM,2024-11-09T09:05:12,2024-11-09T09:16:16.753370,2024-11-09T12:14:34.553778,CLOSED,,FIREWALL-01,False
ALT-CSE-01-01496,CSE-01,CRITICAL,2024-10-21T11:40:02,2024-10-21T11:43:33.427717,2024-10-21T12:28:21.480674,CLOSED,,DB-SERVER-01,False
ALT-CSE-01-01497,CSE-01,CRITICAL,2024-12-02T19:03:28,2024-12-02T19:17:00.636966,2024-12-02T20:14:01.763480,CLOSED,,WEB-SERVER-01,False
ALT-CSE-01-01498,CSE-01,MEDIUM,2024-12-06T01:38:07,2024-12-06T01:43:38.531777,2024-12-06T04:17:28.521944,CLOSED,,ROUTER-01,False
ALT-CSE-01-01499,CSE-01,CRITICAL,2024-10-03T16:06:27,2024-10-03T16:13:15.597880,2024-10-03T16:52:57.396021,CLOSED,CAS-CSE-01-0340,FIREWALL-01,False
ALT-CSE-01-01500,CSE-01,HIGH,2024-12-18T16:30:34,2024-12-18T16:40:43.099925,2024-12-18T18:49:04.869144,CLOSED,,ROUTER-01,False
ALT-CSE-01-01501,CSE-01,HIGH,2024-10-16T21:50:10,2024-10-16T21:51:28.311593,2024-10-17T00:21:54.628688,CLOSED,,WEB-SERVER-01,False
ALT-CSE-01-01502,CSE-01,HIGH,2024-12-04T15:52:39,2024-12-04T15:55:26.354250,2024-12-04T17:39:19.730528,CLOSED,,ROUTER-01,False
ALT-CSE-01-01503,CSE-01,CRITICAL,2024-12-17T14:38:30,2024-12-17T14:46:34.062100,2024-12-17T15:26:52.437476,CLOSED,CAS-CSE-01-0341,ENDPOINT-01,False
ALT-CSE-01-01504,CSE-01,MEDIUM,2024-10-21T18:15:36,2024-10-21T18:18:43.032810,2024-10-21T20:47:51.711017,CLOSED,,FIREWALL-01,False
ALT-CSE-01-01505,CSE-01,CRITICAL,2024-11-24T07:24:33,2024-11-24T07:28:03.396148,2024-11-24T08:13:26.738716,CLOSED,CAS-CSE-01-0342,ROUTER-01,False
ALT-CSE-01-01506,CSE-01,HIGH,2024-10-06T08:55:52,2024-10-06T09:06:09.321609,2024-10-06T10:25:48.426481,CLOSED,,WEB-SERVER-01,False
ALT-CSE-01-01507,CSE-01,MEDIUM,2024-12-25T22:58:40,2024-12-25T23:06:25.016149,2024-12-26T00:01:12.324823,CLOSED,,WEB-SERVER-01,False
ALT-CSE-01-01508,CSE-01,HIGH,2024-11-14T01:58:46,2024-11-14T02:00:03.101348,2024-11-14T04:51:36.751898,CLOSED,CAS-CSE-01-0343,ROUTER-01,False
ALT-CSE-01-01509,CSE-01,MEDIUM,2024-12-23T19:20:22,2024-12-23T19:23:10.671501,2024-12-23T20:04:26.975775,CLOSED,,ROUTER-01,False
ALT-CSE-01-01510,CSE-01,CRITICAL,2024-10-28T15:32:09,2024-10-28T15:46:39.525496,2024-10-28T15:46:54.365467,CLOSED,CAS-CSE-01-0344,FIREWALL-01,False
ALT-CSE-01-01511,CSE-01,HIGH,2024-12-23T20:52:46,2024-12-23T21:00:40.328564,2024-12-23T21:09:23.065174,CLOSED,,DB-SERVER-01,False
ALT-CSE-01-01512,CSE-01,HIGH,2024-10-10T22:18:28,2024-10-10T22:32:39.216849,2024-10-11T00:59:38.810270,CLOSED,,WEB-SERVER-01,False
ALT-CSE-01-01513,CSE-01,HIGH,2024-12-21T23:20:51,2024-12-21T23:30:30.128195,2024-12-22T00:37:00.112113,CLOSED,,ENDPOINT-01,False
ALT-CSE-01-01514,CSE-01,HIGH,2024-12-06T19:19:00,2024-12-06T19:25:19.043940,2024-12-06T21:37:16.244518,CLOSED,,ENDPOINT-01,False
ALT-CSE-01-01515,CSE-01,HIGH,2024-11-22T19:57:05,2024-11-22T20:01:26.098172,2024-11-22T21:46:03.672338,CLOSED,,WEB-SERVER-01,False
ALT-CSE-01-01516,CSE-01,CRITICAL,2024-10-16T22:28:50,2024-10-16T22:32:34.505236,2024-10-16T23:11:19.413635,CLOSED,CAS-CSE-01-0345,ENDPOINT-01,False
ALT-CSE-01-01517,CSE-01,MEDIUM,2024-11-25T07:36:32,2024-11-25T07:41:43.825899,2024-11-25T10:09:40.476663,CLOSED,,FIREWALL-01,False
ALT-CSE-01-01518,CSE-01,HIGH,2024-11-20T23:39:41,2024-11-20T23:45:34.779427,2024-11-21T01:47:32.178073,CLOSED,,ENDPOINT-01,False
ALT-CSE-01-01519,CSE-01,MEDIUM,2024-12-10T19:21:08,2024-12-10T19:33:15.656960,2024-12-10T20:54:11.033615,CLOSED,CAS-CSE-01-0346,DB-SERVER-01,False
ALT-CSE-01-01520,CSE-01,HIGH,2024-11-25T19:23:50,2024-11-25T19:29:03.254162,2024-11-25T21:07:54.630968,CLOSED,,WEB-SERVER-01,False
ALT-CSE-01-01521,CSE-01,HIGH,2024-12-18T21:35:24,2024-12-18T21:42:57.969469,2024-12-19T00:09:14.220830,CLOSED,,ENDPOINT-01,False
ALT-CSE-01-01522,CSE-01,HIGH,2024-11-01T00:21:46,2024-11-01T00:25:31.074143,2024-11-01T01:20:39.947291,CLOSED,,FIREWALL-01,False
ALT-CSE-01-01523,CSE-01,MEDIUM,2024-11-12T09:30:34,2024-11-12T09:38:45.427539,2024-11-12T12:30:25.847903,CLOSED,,ENDPOINT-01,False
ALT-CSE-01-01524,CSE-01,HIGH,2024-11-01T14:58:30,2024-11-01T15:01:24.930529,2024-11-01T17:02:48.299145,CLOSED,,DB-SERVER-01,False
ALT-CSE-01-01525,CSE-01,LOW,2024-12-17T16:30:21,2024-12-17T16:39:44.408562,2024-12-17T18:03:24.082743,CLOSED,,ENDPOINT-01,False
ALT-CSE-01-01526,CSE-01,HIGH,2024-11-20T20:36:23,2024-11-20T20:39:39.927993,2024-11-20T22:15:46.595974,CLOSED,,DB-SERVER-01,False
ALT-CSE-01-01527,CSE-01,HIGH,2024-10-12T03:16:35,2024-10-12T03:20:16.250599,2024-10-12T06:12:27.370183,CLOSED,,FIREWALL-01,False
ALT-CSE-01-01528,CSE-01,LOW,2024-12-14T14:29:42,2024-12-14T14:35:11.478881,2024-12-14T16:50:10.933925,CLOSED,,ROUTER-01,False
ALT-CSE-01-01529,CSE-01,MEDIUM,2024-12-02T16:11:11,2024-12-02T16:16:47.507830,2024-12-02T17:51:52.238964,CLOSED,,WEB-SERVER-01,False
ALT-CSE-01-01530,CSE-01,MEDIUM,2024-11-25T20:43:47,2024-11-25T20:57:12.993805,2024-11-25T23:29:27.970503,CLOSED,,DB-SERVER-01,False
ALT-CSE-01-01531,CSE-01,LOW,2024-11-04T08:18:55,2024-11-04T08:22:40.007137,2024-11-04T10:55:58.182499,CLOSED,,WEB-SERVER-01,False
ALT-CSE-01-01532,CSE-01,HIGH,2024-11-19T23:54:34,2024-11-19T23:55:46.034773,2024-11-20T00:51:28.134375,CLOSED,,DB-SERVER-01,False
ALT-CSE-01-01533,CSE-01,MEDIUM,2024-10-24T20:58:37,2024-10-24T21:12:35.458886,2024-10-24T22:40:40.798248,CLOSED,,FIREWALL-01,False
ALT-CSE-01-01534,CSE-01,MEDIUM,2024-12-13T22:20:33,2024-12-13T22:23:43.311476,2024-12-14T00:11:12.440514,CLOSED,CAS-CSE-01-0347,ROUTER-01,False
ALT-CSE-01-01535,CSE-01,LOW,2024-10-01T10:12:35,2024-10-01T10:22:42.187130,2024-10-01T12:31:25.259642,CLOSED,,FIREWALL-01,False
ALT-CSE-01-01536,CSE-01,LOW,2024-11-02T22:50:46,2024-11-02T23:03:21.207961,2024-11-03T00:24:45.638956,CLOSED,CAS-CSE-01-0348,WEB-SERVER-01,False
ALT-CSE-01-01537,CSE-01,MEDIUM,2024-12-22T14:57:55,2024-12-22T15:04:41.170935,2024-12-22T17:51:52.889403,CLOSED,,ENDPOINT-01,False
ALT-CSE-01-01538,CSE-01,MEDIUM,2024-12-02T02:56:38,2024-12-02T03:03:58.491946,2024-12-02T04:16:53.247228,CLOSED,,ENDPOINT-01,False
ALT-CSE-01-01539,CSE-01,MEDIUM,2024-10-20T05:05:06,2024-10-20T05:13:52.278880,2024-10-20T06:57:20.198139,CLOSED,,WEB-SERVER-01,False
ALT-CSE-01-01540,CSE-01,CRITICAL,2024-10-19T07:18:47,2024-10-19T07:23:02.160843,2024-10-19T07:57:57.405310,CLOSED,CAS-CSE-01-0349,FIREWALL-01,False
ALT-CSE-01-01541,CSE-01,LOW,2024-11-12T03:17:27,2024-11-12T03:24:05.020992,2024-11-12T04:30:27.797248,CLOSED,,WEB-SERVER-01,False
ALT-CSE-01-01542,CSE-01,MEDIUM,2024-11-19T02:31:13,2024-11-19T02:44:32.502252,2024-11-19T04:00:08.334840,CLOSED,,FIREWALL-01,False
ALT-CSE-01-01543,CSE-01,CRITICAL,2024-10-04T23:46:58,2024-10-04T23:52:21.797635,2024-10-05T00:37:26.458659,CLOSED,CAS-CSE-01-0350,DB-SERVER-01,False
ALT-CSE-01-01544,CSE-01,HIGH,2024-10-10T05:19:16,2024-10-10T05:32:07.708487,2024-10-10T06:40:54.852597,CLOSED,,WEB-SERVER-01,False
ALT-CSE-01-01545,CSE-01,LOW,2024-10-19T16:46:42,2024-10-19T16:58:21.904624,2024-10-19T18:18:50.848513,CLOSED,,FIREWALL-01,False
ALT-CSE-01-01546,CSE-01,HIGH,2024-12-10T15:25:14,2024-12-10T15:30:54.270113,2024-12-10T17:41:36.075527,CLOSED,,ROUTER-01,False
ALT-CSE-01-01547,CSE-01,LOW,2024-10-01T13:02:55,2024-10-01T13:11:05.858674,2024-10-01T14:54:34.356112,CLOSED,,FIREWALL-01,False
ALT-CSE-01-01548,CSE-01,LOW,2024-11-25T18:27:27,2024-11-25T18:42:11.465586,2024-11-25T21:54:44.025952,CLOSED,,WEB-SERVER-01,False
ALT-CSE-01-01549,CSE-01,LOW,2024-10-25T09:41:02,2024-10-25T09:54:48.811844,2024-10-25T10:57:28.075043,CLOSED,,ROUTER-01,False
ALT-CSE-01-01550,CSE-01,HIGH,2024-10-27T20:12:23,2024-10-27T20:23:28.001491,2024-10-27T22:03:56.756269,CLOSED,,ENDPOINT-01,False
ALT-CSE-01-01551,CSE-01,HIGH,2024-12-22T04:27:36,2024-12-22T04:41:07.529748,2024-12-22T06:59:19.116546,CLOSED,CAS-CSE-01-0351,ROUTER-01,False
ALT-CSE-01-01552,CSE-01,MEDIUM,2024-11-18T15:17:08,2024-11-18T15:30:32.322708,2024-11-18T16:53:28.318374,CLOSED,,FIREWALL-01,False
ALT-CSE-01-01553,CSE-01,CRITICAL,2024-10-27T20:31:32,2024-10-27T20:42:59.966188,2024-10-27T20:52:55.891055,CLOSED,CAS-CSE-01-0352,DB-SERVER-01,False
ALT-CSE-01-01554,CSE-01,CRITICAL,2024-12-18T04:22:46,2024-12-18T04:28:30.768688,2024-12-18T05:24:45.026333,CLOSED,CAS-CSE-01-0353,ROUTER-01,False
ALT-CSE-01-01555,CSE-01,CRITICAL,2024-12-21T00:37:11,2024-12-21T00:50:29.756669,2024-12-21T01:31:07.364407,CLOSED,CAS-CSE-01-0354,ENDPOINT-01,False
ALT-CSE-01-01556,CSE-01,CRITICAL,2024-11-18T05:49:03,2024-11-18T05:51:29.732514,2024-11-18T06:26:21.982395,CLOSED,CAS-CSE-01-0355,DB-SERVER-01,False
ALT-CSE-01-01557,CSE-01,HIGH,2024-11-05T07:24:30,2024-11-05T07:39:17.571847,2024-11-05T09:09:11.911688,CLOSED,,WEB-SERVER-01,False
ALT-CSE-01-01558,CSE-01,CRITICAL,2024-10-25T18:46:30,2024-10-25T18:56:53.446656,2024-10-25T19:41:36.978260,CLOSED,CAS-CSE-01-0356,ROUTER-01,False
ALT-CSE-01-01559,CSE-01,HIGH,2024-11-06T22:55:45,2024-11-06T23:09:57.942666,2024-11-07T01:06:40.195911,CLOSED,,FIREWALL-01,False
ALT-CSE-01-01560,CSE-01,CRITICAL,2024-11-03T16:15:30,2024-11-03T16:29:38.911536,2024-11-03T17:10:06.403859,CLOSED,CAS-CSE-01-0357,ROUTER-01,False
ALT-CSE-01-01561,CSE-01,LOW,2024-11-02T14:01:18,2024-11-02T14:06:15.530476,2024-11-02T17:09:57.370816,CLOSED,,FIREWALL-01,False
ALT-CSE-01-01562,CSE-01,LOW,2024-11-01T17:23:56,2024-11-01T17:28:35.096809,2024-11-01T20:00:41.575162,CLOSED,,ROUTER-01,False
ALT-CSE-01-01563,CSE-01,CRITICAL,2024-11-09T05:14:14,2024-11-09T05:19:46.397061,2024-11-09T06:03:23.813439,CLOSED,CAS-CSE-01-0358,DB-SERVER-01,False
ALT-CSE-01-01564,CSE-01,LOW,2024-11-27T00:38:10,2024-11-27T00:49:03.293865,2024-11-27T01:53:09.733784,CLOSED,CAS-CSE-01-0359,ENDPOINT-01,False
ALT-CSE-01-01565,CSE-01,MEDIUM,2024-11-26T04:44:37,2024-11-26T04:46:14.436371,2024-11-26T06:13:05.216552,CLOSED,,DB-SERVER-01,False
ALT-CSE-01-01566,CSE-01,LOW,2024-11-24T09:48:12,2024-11-24T10:01:47.669167,2024-11-24T11:27:19.586679,CLOSED,,WEB-SERVER-01,False
ALT-CSE-01-01567,CSE-01,HIGH,2024-10-25T03:56:02,2024-10-25T04:07:54.995831,2024-10-25T05:24:47.496029,CLOSED,,DB-SERVER-01,False
ALT-CSE-01-01568,CSE-01,LOW,2024-10-06T00:21:05,2024-10-06T00:36:02.805388,2024-10-06T01:51:10.744887,CLOSED,,DB-SERVER-01,False
ALT-CSE-01-01569,CSE-01,CRITICAL,2024-12-13T09:23:38,2024-12-13T09:34:29.604865,2024-12-13T10:10:19.049002,CLOSED,CAS-CSE-01-0360,ENDPOINT-01,False
ALT-CSE-01-01570,CSE-01,HIGH,2024-12-07T23:18:20,2024-12-07T23:22:51.198452,2024-12-08T01:34:57.733297,CLOSED,,ROUTER-01,False
ALT-CSE-01-01571,CSE-01,MEDIUM,2024-12-28T00:03:36,2024-12-28T00:07:52.026862,2024-12-28T01:55:34.079124,CLOSED,,WEB-SERVER-01,False
ALT-CSE-01-01572,CSE-01,MEDIUM,2024-10-10T05:44:47,2024-10-10T05:55:51.008458,2024-10-10T06:09:06.030857,CLOSED,,DB-SERVER-01,False
ALT-CSE-01-01573,CSE-01,MEDIUM,2024-10-20T14:41:42,2024-10-20T14:51:39.037480,2024-10-20T16:24:42.107787,CLOSED,,ROUTER-01,False
ALT-CSE-01-01574,CSE-01,CRITICAL,2024-10-23T10:42:28,2024-10-23T10:45:08.893105,2024-10-23T11:30:50.560084,CLOSED,CAS-CSE-01-0361,ENDPOINT-01,False
ALT-CSE-01-01575,CSE-01,HIGH,2024-11-18T14:30:16,2024-11-18T14:44:45.893846,2024-11-18T16:05:17.199414,CLOSED,,ROUTER-01,False
ALT-CSE-01-01576,CSE-01,HIGH,2024-10-30T01:58:50,2024-10-30T02:01:17.546670,2024-10-30T03:07:31.704100,CLOSED,CAS-CSE-01-0362,WEB-SERVER-01,False
ALT-CSE-01-01577,CSE-01,MEDIUM,2024-12-18T18:19:45,2024-12-18T18:21:56.018249,2024-12-18T20:14:38.670792,CLOSED,CAS-CSE-01-0363,DB-SERVER-01,False
ALT-CSE-01-01578,CSE-01,CRITICAL,2024-10-15T14:52:27,2024-10-15T14:56:22.355636,2024-10-15T15:27:41.537770,CLOSED,CAS-CSE-01-0364,ENDPOINT-01,False
ALT-CSE-01-01579,CSE-01,MEDIUM,2024-12-23T16:57:29,2024-12-23T17:04:58.389042,2024-12-23T19:00:51.647602,CLOSED,,WEB-SERVER-01,False
ALT-CSE-01-01580,CSE-01,MEDIUM,2024-12-26T14:39:29,2024-12-26T14:50:08.685902,2024-12-26T17:10:27.934929,CLOSED,,FIREWALL-01,False
ALT-CSE-01-01581,CSE-01,MEDIUM,2024-11-12T00:04:33,2024-11-12T00:11:12.393145,2024-11-12T02:09:34.010838,CLOSED,,WEB-SERVER-01,False
ALT-CSE-01-01582,CSE-01,LOW,2024-12-02T05:27:14,2024-12-02T05:37:08.483205,2024-12-02T07:41:32.093205,CLOSED,,DB-SERVER-01,False
ALT-CSE-01-01583,CSE-01,LOW,2024-12-21T20:53:01,2024-12-21T21:07:57.589932,2024-12-21T22:42:28.176843,CLOSED,CAS-CSE-01-0365,ENDPOINT-01,False
ALT-CSE-01-01584,CSE-01,LOW,2024-11-18T04:50:19,2024-11-18T05:03:11.314610,2024-11-18T05:45:02.558123,CLOSED,,WEB-SERVER-01,False
ALT-CSE-01-01585,CSE-01,MEDIUM,2024-10-11T16:03:07,2024-10-11T16:13:53.162195,2024-10-11T19:19:53.359462,CLOSED,,DB-SERVER-01,False
ALT-CSE-01-01586,CSE-01,CRITICAL,2024-10-14T20:27:15,2024-10-14T20:30:30.632255,2024-10-14T21:05:29.752796,CLOSED,CAS-CSE-01-0366,DB-SERVER-01,False
ALT-CSE-01-01587,CSE-01,MEDIUM,2024-10-17T23:57:10,2024-10-18T00:06:38.341219,2024-10-18T01:53:22.327792,CLOSED,CAS-CSE-01-0367,ROUTER-01,False
ALT-CSE-01-01588,CSE-01,MEDIUM,2024-11-12T02:21:06,2024-11-12T02:31:27.292023,2024-11-12T03:11:30.502349,CLOSED,,ENDPOINT-01,False
ALT-CSE-01-01589,CSE-01,LOW,2024-11-26T13:58:18,2024-11-26T14:08:35.337794,2024-11-26T16:07:56.928934,CLOSED,CAS-CSE-01-0368,DB-SERVER-01,False
ALT-CSE-01-01590,CSE-01,HIGH,2024-11-25T01:55:04,2024-11-25T02:09:34.614861,2024-11-25T04:24:22.277733,CLOSED,,WEB-SERVER-01,False
ALT-CSE-01-01591,CSE-01,HIGH,2024-10-02T13:36:03,2024-10-02T13:49:22.789615,2024-10-02T15:06:31.859809,CLOSED,,ROUTER-01,False
ALT-CSE-01-01592,CSE-01,HIGH,2024-12-27T01:22:16,2024-12-27T01:28:41.289720,2024-12-27T03:27:41.304853,CLOSED,CAS-CSE-01-0369,FIREWALL-01,False
ALT-CSE-01-01593,CSE-01,MEDIUM,2024-12-23T18:52:59,2024-12-23T18:54:04.923964,2024-12-23T19:38:28.809554,CLOSED,,ROUTER-01,False
ALT-CSE-01-01594,CSE-01,HIGH,2024-11-14T20:46:24,2024-11-14T20:58:41.892540,2024-11-14T22:46:50.885050,CLOSED,,ENDPOINT-01,False
ALT-CSE-01-01595,CSE-01,LOW,2024-10-25T23:39:08,2024-10-25T23:48:25.023024,2024-10-26T03:01:05.933358,CLOSED,,DB-SERVER-01,False
ALT-CSE-01-01596,CSE-01,CRITICAL,2024-11-19T06:52:16,2024-11-19T06:54:33.163710,2024-11-19T07:51:04.116434,CLOSED,CAS-CSE-01-0370,FIREWALL-01,False
ALT-CSE-01-01597,CSE-01,HIGH,2024-12-07T19:23:36,2024-12-07T19:26:47.123543,2024-12-07T21:37:57.737191,CLOSED,,ENDPOINT-01,False
ALT-CSE-01-01598,CSE-01,HIGH,2024-11-20T17:22:40,2024-11-20T17:33:38.393013,2024-11-20T18:58:37.540614,CLOSED,,DB-SERVER-01,False
ALT-CSE-01-01599,CSE-01,CRITICAL,2024-10-29T02:20:03,2024-10-29T02:29:32.435481,2024-10-29T03:07:33.356188,CLOSED,CAS-CSE-01-0371,DB-SERVER-01,False
ALT-CSE-01-01600,CSE-01,MEDIUM,2024-10-08T17:28:22,2024-10-08T17:41:00.452345,2024-10-08T19:16:13.601112,CLOSED,,DB-SERVER-01,False
ALT-CSE-01-01601,CSE-01,HIGH,2024-12-09T04:07:11,2024-12-09T04:15:53.239197,2024-12-09T05:12:32.019831,CLOSED,,WEB-SERVER-01,False
ALT-CSE-01-01602,CSE-01,HIGH,2024-11-03T19:11:37,2024-11-03T19:13:30.961013,2024-11-03T20:36:17.730627,CLOSED,,ENDPOINT-01,False
ALT-CSE-01-01603,CSE-01,MEDIUM,2024-11-18T16:15:09,2024-11-18T16:26:39.151958,2024-11-18T18:29:10.236379,CLOSED,CAS-CSE-01-0372,ENDPOINT-01,False
ALT-CSE-01-01604,CSE-01,CRITICAL,2024-12-17T07:39:15,2024-12-17T07:48:32.623048,2024-12-17T08:18:49.283258,CLOSED,CAS-CSE-01-0373,DB-SERVER-01,False
ALT-CSE-01-01605,CSE-01,HIGH,2024-10-30T08:21:29,2024-10-30T08:35:35.875138,2024-10-30T10:57:39.852716,CLOSED,,ROUTER-01,False
ALT-CSE-01-01606,CSE-01,HIGH,2024-10-14T01:38:12,2024-10-14T01:49:43.996203,2024-10-14T02:44:34.890692,CLOSED,,DB-SERVER-01,False
ALT-CSE-01-01607,CSE-01,CRITICAL,2024-11-29T20:37:42,2024-11-29T20:48:18.122485,2024-11-29T21:19:22.809653,CLOSED,,WEB-SERVER-01,False
ALT-CSE-01-01608,CSE-01,LOW,2024-10-24T06:11:24,2024-10-24T06:25:39.882087,2024-10-24T08:18:59.353151,CLOSED,,ROUTER-01,False
ALT-CSE-01-01609,CSE-01,LOW,2024-10-04T23:21:09,2024-10-04T23:25:15.001582,2024-10-05T01:35:27.003700,CLOSED,,ENDPOINT-01,False
ALT-CSE-01-01610,CSE-01,LOW,2024-10-04T15:21:15,2024-10-04T15:36:00.162943,2024-10-04T17:22:47.064738,CLOSED,,DB-SERVER-01,False
ALT-CSE-01-01611,CSE-01,CRITICAL,2024-10-17T20:39:36,2024-10-17T20:45:37.097034,2024-10-17T21:22:01.866288,CLOSED,CAS-CSE-01-0374,ENDPOINT-01,False
ALT-CSE-01-01612,CSE-01,LOW,2024-11-14T08:09:39,2024-11-14T08:12:51.491763,2024-11-14T09:50:36.985118,CLOSED,,WEB-SERVER-01,False
ALT-CSE-01-01613,CSE-01,HIGH,2024-12-21T08:26:32,2024-12-21T08:31:39.356892,2024-12-21T10:45:26.540450,CLOSED,,ROUTER-01,False
ALT-CSE-01-01614,CSE-01,MEDIUM,2024-11-30T01:12:57,2024-11-30T01:26:07.659555,2024-11-30T02:30:07.351275,CLOSED,,ENDPOINT-01,False
ALT-CSE-01-01615,CSE-01,MEDIUM,2024-10-23T10:47:25,2024-10-23T10:54:10.306432,2024-10-23T12:21:48.671922,CLOSED,,DB-SERVER-01,False
ALT-CSE-01-01616,CSE-01,MEDIUM,2024-10-12T19:54:07,2024-10-12T19:59:05.405606,2024-10-12T21:58:30.953548,CLOSED,,DB-SERVER-01,False
ALT-CSE-01-01617,CSE-01,MEDIUM,2024-11-19T05:02:32,2024-11-19T05:10:04.327694,2024-11-19T05:46:13.874260,CLOSED,,ROUTER-01,False
ALT-CSE-01-01618,CSE-01,MEDIUM,2024-11-19T05:52:46,2024-11-19T05:54:39.068831,2024-11-19T07:10:25.612986,CLOSED,,ENDPOINT-01,False
ALT-CSE-01-01619,CSE-01,MEDIUM,2024-10-05T21:00:01,2024-10-05T21:01:16.314397,2024-10-05T22:02:51.431515,CLOSED,CAS-CSE-01-0375,ENDPOINT-01,False
ALT-CSE-01-01620,CSE-01,MEDIUM,2024-12-08T17:45:06,2024-12-08T17:56:57.302467,2024-12-08T19:05:58.277755,CLOSED,,FIREWALL-01,False
ALT-CSE-01-01621,CSE-01,HIGH,2024-12-02T06:32:06,2024-12-02T06:45:04.727855,2024-12-02T07:35:51.340319,CLOSED,,WEB-SERVER-01,False
ALT-CSE-01-01622,CSE-01,HIGH,2024-11-23T15:02:14,2024-11-23T15:12:44.570946,2024-11-23T17:07:28.358569,CLOSED,,ENDPOINT-01,False
ALT-CSE-01-01623,CSE-01,LOW,2024-12-13T07:52:27,2024-12-13T08:01:47.283953,2024-12-13T10:02:25.685539,CLOSED,,WEB-SERVER-01,False
ALT-CSE-01-01624,CSE-01,MEDIUM,2024-12-23T03:12:55,2024-12-23T03:22:45.108623,2024-12-23T05:28:59.475726,CLOSED,,ROUTER-01,False
ALT-CSE-01-01625,CSE-01,MEDIUM,2024-12-04T12:49:10,2024-12-04T13:02:27.983157,2024-12-04T14:48:05.034004,CLOSED,,DB-SERVER-01,False
ALT-CSE-01-01626,CSE-01,LOW,2024-12-17T19:57:34,2024-12-17T19:59:27.646961,2024-12-17T21:52:33.088837,CLOSED,,FIREWALL-01,False
ALT-CSE-01-01627,CSE-01,CRITICAL,2024-11-06T01:16:14,2024-11-06T01:24:04.108617,2024-11-06T02:13:02.246820,CLOSED,CAS-CSE-01-0376,DB-SERVER-01,False
ALT-CSE-01-01628,CSE-01,MEDIUM,2024-12-28T05:23:23,2024-12-28T05:26:40.632551,2024-12-28T06:46:14.634175,CLOSED,,ENDPOINT-01,False
ALT-CSE-01-01629,CSE-01,LOW,2024-11-23T23:12:32,2024-11-23T23:25:37.024297,2024-11-24T01:29:13.334134,CLOSED,,ROUTER-01,False
ALT-CSE-01-01630,CSE-01,LOW,2024-12-16T14:50:35,2024-12-16T14:58:28.409188,2024-12-16T16:53:10.864410,CLOSED,,DB-SERVER-01,False
ALT-CSE-01-01631,CSE-01,MEDIUM,2024-10-07T09:52:03,2024-10-07T10:01:20.317531,2024-10-07T11:52:04.578998,CLOSED,,DB-SERVER-01,False
ALT-CSE-01-01632,CSE-01,CRITICAL,2024-10-23T04:42:36,2024-10-23T04:48:42.927472,2024-10-23T05:09:03.001766,CLOSED,CAS-CSE-01-0377,DB-SERVER-01,False
ALT-CSE-01-01633,CSE-01,LOW,2024-12-02T17:05:00,2024-12-02T17:09:12.248085,2024-12-02T18:52:11.103119,CLOSED,,ROUTER-01,False
ALT-CSE-01-01634,CSE-01,HIGH,2024-12-05T12:34:04,2024-12-05T12:48:10.574801,2024-12-05T13:43:12.864734,CLOSED,,FIREWALL-01,False
ALT-CSE-01-01635,CSE-01,MEDIUM,2024-10-27T06:17:59,2024-10-27T06:22:56.862970,2024-10-27T08:31:30.851174,CLOSED,,DB-SERVER-01,False
ALT-CSE-01-01636,CSE-01,MEDIUM,2024-12-14T08:59:15,2024-12-14T09:11:02.404992,2024-12-14T10:43:19.311458,CLOSED,,ROUTER-01,False
ALT-CSE-01-01637,CSE-01,MEDIUM,2024-11-29T16:29:40,2024-11-29T16:41:41.618555,2024-11-29T17:42:57.424047,CLOSED,,FIREWALL-01,False
ALT-CSE-01-01638,CSE-01,LOW,2024-12-04T06:19:07,2024-12-04T06:32:50.524502,2024-12-04T08:37:28.712580,CLOSED,,FIREWALL-01,False
ALT-CSE-01-01639,CSE-01,CRITICAL,2024-10-29T20:51:20,2024-10-29T20:58:41.885415,2024-10-29T21:41:45.368700,CLOSED,CAS-CSE-01-0378,ENDPOINT-01,False
ALT-CSE-01-01640,CSE-01,CRITICAL,2024-10-14T21:50:03,2024-10-14T21:53:27.620502,2024-10-14T22:49:39.847506,CLOSED,CAS-CSE-01-0379,WEB-SERVER-01,False
ALT-CSE-01-01641,CSE-01,HIGH,2024-10-13T23:15:59,2024-10-13T23:27:34.442570,2024-10-13T23:59:25.361506,CLOSED,,FIREWALL-01,False
ALT-CSE-01-01642,CSE-01,MEDIUM,2024-11-09T07:50:06,2024-11-09T07:51:37.514268,2024-11-09T09:17:23.763979,CLOSED,,FIREWALL-01,False
ALT-CSE-01-01643,CSE-01,LOW,2024-12-03T20:21:05,2024-12-03T20:33:32.658232,2024-12-03T23:48:01.284171,CLOSED,,ROUTER-01,False
ALT-CSE-01-01644,CSE-01,MEDIUM,2024-11-07T22:43:56,2024-11-07T22:58:48.027220,2024-11-08T00:48:00.981719,CLOSED,,FIREWALL-01,False
ALT-CSE-01-01645,CSE-01,CRITICAL,2024-12-07T04:16:47,2024-12-07T04:24:26.483955,2024-12-07T04:45:39.236629,CLOSED,CAS-CSE-01-0380,DB-SERVER-01,False
ALT-CSE-01-01646,CSE-01,HIGH,2024-10-03T03:55:23,2024-10-03T03:59:42.637664,2024-10-03T06:01:47.922903,CLOSED,CAS-CSE-01-0381,ENDPOINT-01,False
ALT-CSE-01-01647,CSE-01,CRITICAL,2024-12-28T23:49:14,2024-12-29T00:02:03.193176,2024-12-29T00:32:11.917237,CLOSED,CAS-CSE-01-0382,DB-SERVER-01,False
ALT-CSE-01-01648,CSE-01,CRITICAL,2024-10-29T17:11:58,2024-10-29T17:24:52.340324,2024-10-29T18:08:26.584153,CLOSED,,DB-SERVER-01,False
ALT-CSE-01-01649,CSE-01,MEDIUM,2024-10-01T00:03:20,2024-10-01T00:16:51.001676,2024-10-01T01:48:03.028994,CLOSED,,ROUTER-01,False
ALT-CSE-01-01650,CSE-01,HIGH,2024-11-18T21:47:01,2024-11-18T21:54:15.924453,2024-11-18T23:41:49.099458,CLOSED,,ENDPOINT-01,False
ALT-CSE-01-01651,CSE-01,MEDIUM,2024-12-12T21:33:59,2024-12-12T21:39:46.499472,2024-12-12T22:53:25.913178,CLOSED,,ENDPOINT-01,False
ALT-CSE-01-01652,CSE-01,HIGH,2024-10-19T21:02:06,2024-10-19T21:12:01.122404,2024-10-19T23:04:24.447684,CLOSED,,WEB-SERVER-01,False
ALT-CSE-01-01653,CSE-01,HIGH,2024-11-22T13:35:37,2024-11-22T13:43:41.103786,2024-11-22T15:22:24.476027,CLOSED,,ROUTER-01,False
ALT-CSE-01-01654,CSE-01,CRITICAL,2024-10-31T16:45:30,2024-10-31T16:51:59.757473,2024-10-31T17:26:58.210386,CLOSED,CAS-CSE-01-0383,ROUTER-01,False
ALT-CSE-01-01655,CSE-01,MEDIUM,2024-12-25T16:23:47,2024-12-25T16:28:19.394243,2024-12-25T18:57:33.457057,CLOSED,,DB-SERVER-01,False
ALT-CSE-01-01656,CSE-01,CRITICAL,2024-12-22T17:30:49,2024-12-22T17:36:42.173853,2024-12-22T18:20:11.277037,CLOSED,CAS-CSE-01-0384,ENDPOINT-01,False
ALT-CSE-01-01657,CSE-01,CRITICAL,2024-11-15T19:16:55,2024-11-15T19:26:01.545944,2024-11-15T19:56:52.267740,CLOSED,CAS-CSE-01-0385,ENDPOINT-01,False
ALT-CSE-01-01658,CSE-01,HIGH,2024-11-02T14:57:27,2024-11-02T15:04:05.649629,2024-11-02T18:05:46.850941,CLOSED,CAS-CSE-01-0386,WEB-SERVER-01,False
ALT-CSE-01-01659,CSE-01,MEDIUM,2024-10-01T13:43:26,2024-10-01T13:54:54.621810,2024-10-01T16:13:12.873636,CLOSED,,ENDPOINT-01,False
ALT-CSE-01-01660,CSE-01,MEDIUM,2024-10-14T02:45:41,2024-10-14T02:59:00.401385,2024-10-14T04:46:39.129580,CLOSED,,DB-SERVER-01,False
ALT-CSE-01-01661,CSE-01,LOW,2024-12-07T22:44:09,2024-12-07T22:50:02.870948,2024-12-08T00:01:35.907569,CLOSED,,ENDPOINT-01,False
ALT-CSE-01-01662,CSE-01,HIGH,2024-11-15T19:24:35,2024-11-15T19:28:58.747968,2024-11-15T21:59:34.883031,CLOSED,,ROUTER-01,False
ALT-CSE-01-01663,CSE-01,HIGH,2024-11-11T21:13:31,2024-11-11T21:22:04.595545,2024-11-11T22:28:01.624525,CLOSED,,ROUTER-01,False
ALT-CSE-01-01664,CSE-01,MEDIUM,2024-10-08T09:41:37,2024-10-08T09:51:53.368719,2024-10-08T10:48:12.308023,CLOSED,,WEB-SERVER-01,False
ALT-CSE-01-01665,CSE-01,LOW,2024-10-01T09:15:51,2024-10-01T09:23:33.309539,2024-10-01T11:01:39.160561,CLOSED,,DB-SERVER-01,False
ALT-CSE-01-01666,CSE-01,HIGH,2024-11-26T05:18:48,2024-11-26T05:21:10.771583,2024-11-26T08:03:16.682100,CLOSED,,ENDPOINT-01,False
ALT-CSE-01-01667,CSE-01,MEDIUM,2024-11-08T08:15:43,2024-11-08T08:29:10.901594,2024-11-08T09:58:24.079766,CLOSED,,ENDPOINT-01,False
ALT-CSE-01-01668,CSE-01,CRITICAL,2024-12-05T01:25:40,2024-12-05T01:38:37.932155,2024-12-05T02:16:49.458695,CLOSED,,FIREWALL-01,False
ALT-CSE-01-01669,CSE-01,CRITICAL,2024-11-20T12:43:13,2024-11-20T12:47:49.194959,2024-11-20T13:29:43.139299,CLOSED,CAS-CSE-01-0387,DB-SERVER-01,False
ALT-CSE-01-01670,CSE-01,CRITICAL,2024-12-02T19:09:09,2024-12-02T19:12:46.594608,2024-12-02T19:54:45.134352,CLOSED,CAS-CSE-01-0388,ROUTER-01,False
ALT-CSE-01-01671,CSE-01,CRITICAL,2024-11-10T22:40:23,2024-11-10T22:45:58.571099,2024-11-10T23:36:59.508109,CLOSED,CAS-CSE-01-0389,DB-SERVER-01,False
ALT-CSE-01-01672,CSE-01,MEDIUM,2024-10-10T07:08:55,2024-10-10T07:22:05.880889,2024-10-10T09:53:59.664995,CLOSED,CAS-CSE-01-0390,WEB-SERVER-01,False
ALT-CSE-01-01673,CSE-01,MEDIUM,2024-11-15T05:36:27,2024-11-15T05:40:30.899987,2024-11-15T07:36:40.647928,CLOSED,,ROUTER-01,False
ALT-CSE-01-01674,CSE-01,MEDIUM,2024-12-21T13:04:23,2024-12-21T13:13:17.908500,2024-12-21T15:55:58.511543,CLOSED,,DB-SERVER-01,False
ALT-CSE-01-01675,CSE-01,HIGH,2024-10-31T02:28:27,2024-10-31T02:30:45.127738,2024-10-31T04:20:27.122033,CLOSED,CAS-CSE-01-0391,ENDPOINT-01,False
ALT-CSE-01-01676,CSE-01,CRITICAL,2024-11-26T20:42:07,2024-11-26T20:54:35.151383,2024-11-26T21:22:45.728044,CLOSED,CAS-CSE-01-0392,ENDPOINT-01,False
ALT-CSE-01-01677,CSE-01,HIGH,2024-10-05T15:28:21,2024-10-05T15:39:23.277283,2024-10-05T17:55:59.743571,CLOSED,CAS-CSE-01-0393,ENDPOINT-01,False
ALT-CSE-01-01678,CSE-01,CRITICAL,2024-12-05T15:15:25,2024-12-05T15:16:57.968460,2024-12-05T15:56:53.531726,CLOSED,CAS-CSE-01-0394,ENDPOINT-01,False
ALT-CSE-01-01679,CSE-01,HIGH,2024-12-08T15:58:50,2024-12-08T16:06:35.099150,2024-12-08T18:45:56.419398,CLOSED,,ROUTER-01,False
ALT-CSE-01-01680,CSE-01,CRITICAL,2024-12-27T18:56:14,2024-12-27T18:58:07.395737,2024-12-27T19:34:49.411848,CLOSED,CAS-CSE-01-0395,WEB-SERVER-01,False
ALT-CSE-01-01681,CSE-01,HIGH,2024-12-24T04:09:48,2024-12-24T04:16:58.098806,2024-12-24T05:04:29.340245,CLOSED,,ROUTER-01,False
ALT-CSE-01-01682,CSE-01,MEDIUM,2024-12-20T06:00:57,2024-12-20T06:12:16.482791,2024-12-20T08:02:16.639144,CLOSED,,ENDPOINT-01,False
ALT-CSE-01-01683,CSE-01,HIGH,2024-12-13T11:48:13,2024-12-13T12:02:43.324605,2024-12-13T13:47:26.847771,CLOSED,,WEB-SERVER-01,False
ALT-CSE-01-01684,CSE-01,MEDIUM,2024-12-14T16:38:57,2024-12-14T16:40:57.635792,2024-12-14T18:49:08.700251,CLOSED,,DB-SERVER-01,False
ALT-CSE-01-01685,CSE-01,LOW,2024-11-29T05:13:44,2024-11-29T05:15:42.165550,2024-11-29T07:01:34.873294,CLOSED,CAS-CSE-01-0396,FIREWALL-01,False
ALT-CSE-01-01686,CSE-01,MEDIUM,2024-10-28T10:41:11,2024-10-28T10:47:07.169268,2024-10-28T13:44:23.688199,CLOSED,,FIREWALL-01,False
ALT-CSE-01-01687,CSE-01,LOW,2024-10-30T08:33:39,2024-10-30T08:41:04.968054,2024-10-30T10:07:06.208859,CLOSED,,WEB-SERVER-01,False
ALT-CSE-01-01688,CSE-01,MEDIUM,2024-12-16T17:26:55,2024-12-16T17:36:29.335511,2024-12-16T19:34:14.082374,CLOSED,CAS-CSE-01-0397,FIREWALL-01,False
ALT-CSE-01-01689,CSE-01,CRITICAL,2024-11-26T22:44:52,2024-11-26T22:52:24.488212,2024-11-26T23:23:07.025740,CLOSED,CAS-CSE-01-0398,DB-SERVER-01,False
ALT-CSE-01-01690,CSE-01,HIGH,2024-11-04T02:50:31,2024-11-04T02:55:34.784981,2024-11-04T04:04:57.267404,CLOSED,,FIREWALL-01,False
ALT-CSE-01-01691,CSE-01,MEDIUM,2024-10-24T05:16:00,2024-10-24T05:26:49.003613,2024-10-24T07:45:11.915862,CLOSED,,WEB-SERVER-01,False
ALT-CSE-01-01692,CSE-01,MEDIUM,2024-11-20T09:44:08,2024-11-20T09:51:28.409255,2024-11-20T12:16:02.921514,CLOSED,,FIREWALL-01,False
ALT-CSE-01-01693,CSE-01,HIGH,2024-11-19T03:40:40,2024-11-19T03:47:50.352244,2024-11-19T05:13:37.711325,CLOSED,,ENDPOINT-01,False
ALT-CSE-01-01694,CSE-01,HIGH,2024-12-02T03:49:47,2024-12-02T03:56:38.633830,2024-12-02T06:05:03.491347,CLOSED,,DB-SERVER-01,False
ALT-CSE-01-01695,CSE-01,HIGH,2024-11-22T15:33:51,2024-11-22T15:40:14.005454,2024-11-22T17:51:36.533418,CLOSED,,WEB-SERVER-01,False
ALT-CSE-01-01696,CSE-01,MEDIUM,2024-10-08T10:58:03,2024-10-08T11:09:34.186117,2024-10-08T12:23:01.398023,CLOSED,,DB-SERVER-01,False
ALT-CSE-01-01697,CSE-01,MEDIUM,2024-11-10T14:04:34,2024-11-10T14:16:32.952170,2024-11-10T16:21:57.420455,CLOSED,,FIREWALL-01,False
ALT-CSE-01-01698,CSE-01,LOW,2024-12-09T04:41:46,2024-12-09T04:46:16.372248,2024-12-09T07:34:27.829265,CLOSED,,WEB-SERVER-01,False
ALT-CSE-01-01699,CSE-01,MEDIUM,2024-12-08T02:10:39,2024-12-08T02:17:25.056102,2024-12-08T04:12:28.995471,CLOSED,,FIREWALL-01,False
ALT-CSE-01-01700,CSE-01,HIGH,2024-11-07T22:24:07,2024-11-07T22:26:50.961275,2024-11-08T00:29:00.022251,CLOSED,,ROUTER-01,False
ALT-CSE-01-01701,CSE-01,LOW,2024-11-21T04:37:58,2024-11-21T04:43:22.108576,2024-11-21T07:44:48.036031,CLOSED,,ENDPOINT-01,False
ALT-CSE-01-01702,CSE-01,LOW,2024-10-23T08:05:37,2024-10-23T08:12:43.037438,2024-10-23T09:48:36.595425,CLOSED,,ENDPOINT-01,False
ALT-CSE-01-01703,CSE-01,MEDIUM,2024-10-05T03:16:44,2024-10-05T03:18:47.071780,2024-10-05T05:36:28.538653,CLOSED,,DB-SERVER-01,False
ALT-CSE-01-01704,CSE-01,MEDIUM,2024-10-12T20:31:22,2024-10-12T20:37:21.373708,2024-10-12T22:15:20.971566,CLOSED,,FIREWALL-01,False
ALT-CSE-01-01705,CSE-01,HIGH,2024-10-01T08:19:14,2024-10-01T08:21:15.292264,2024-10-01T09:59:53.179189,CLOSED,,ROUTER-01,False
ALT-CSE-01-01706,CSE-01,HIGH,2024-10-08T22:00:09,2024-10-08T22:09:55.947402,2024-10-08T22:49:13.917850,CLOSED,,WEB-SERVER-01,False
ALT-CSE-01-01707,CSE-01,CRITICAL,2024-11-22T17:47:21,2024-11-22T17:56:12.908999,2024-11-22T18:30:20.532538,CLOSED,CAS-CSE-01-0399,FIREWALL-01,False
ALT-CSE-01-01708,CSE-01,CRITICAL,2024-11-01T00:40:29,2024-11-01T00:53:37.414603,2024-11-01T01:36:00.224254,CLOSED,CAS-CSE-01-0400,WEB-SERVER-01,False
ALT-CSE-01-01709,CSE-01,LOW,2024-11-12T14:45:36,2024-11-12T14:56:36.075834,2024-11-12T16:57:15.261381,CLOSED,,ENDPOINT-01,False
ALT-CSE-01-01710,CSE-01,MEDIUM,2024-10-03T12:09:52,2024-10-03T12:18:46.721090,2024-10-03T12:38:47.044163,CLOSED,,DB-SERVER-01,False
ALT-CSE-01-01711,CSE-01,MEDIUM,2024-12-03T13:15:59,2024-12-03T13:26:23.938778,2024-12-03T16:08:50.309085,CLOSED,,FIREWALL-01,False
ALT-CSE-01-01712,CSE-01,HIGH,2024-10-10T15:24:14,2024-10-10T15:25:35.426892,2024-10-10T17:22:07.443413,CLOSED,,FIREWALL-01,False
ALT-CSE-01-01713,CSE-01,HIGH,2024-12-20T14:11:24,2024-12-20T14:22:16.823851,2024-12-20T16:18:34.098678,CLOSED,,WEB-SERVER-01,False
ALT-CSE-01-01714,CSE-01,HIGH,2024-12-29T04:46:02,2024-12-29T04:51:51.519347,2024-12-29T06:38:52.553037,CLOSED,,FIREWALL-01,False
ALT-CSE-01-01715,CSE-01,CRITICAL,2024-10-16T20:13:42,2024-10-16T20:16:40.910036,2024-10-16T20:55:09.932045,CLOSED,CAS-CSE-01-0401,ROUTER-01,False
ALT-CSE-01-01716,CSE-01,LOW,2024-11-08T02:01:14,2024-11-08T02:08:12.330228,2024-11-08T03:39:22.744138,CLOSED,,ROUTER-01,False
ALT-CSE-01-01717,CSE-01,LOW,2024-11-08T20:42:55,2024-11-08T20:49:30.463331,2024-11-08T22:55:44.371485,CLOSED,CAS-CSE-01-0402,ROUTER-01,False
ALT-CSE-01-01718,CSE-01,MEDIUM,2024-11-25T21:45:11,2024-11-25T21:53:47.248107,2024-11-25T23:37:27.477105,CLOSED,,FIREWALL-01,False
ALT-CSE-01-01719,CSE-01,HIGH,2024-11-13T17:39:05,2024-11-13T17:43:40.309046,2024-11-13T19:57:25.700930,CLOSED,,DB-SERVER-01,False
ALT-CSE-01-01720,CSE-01,HIGH,2024-10-27T23:42:15,2024-10-27T23:55:44.835155,2024-10-28T01:45:51.164082,CLOSED,,WEB-SERVER-01,False
ALT-CSE-01-01721,CSE-01,LOW,2024-10-11T21:03:11,2024-10-11T21:09:36.179888,2024-10-11T23:39:28.375844,CLOSED,,ROUTER-01,False
ALT-CSE-01-01722,CSE-01,HIGH,2024-11-05T01:41:40,2024-11-05T01:43:40.334658,2024-11-05T04:37:01.632445,CLOSED,,ROUTER-01,False
ALT-CSE-01-01723,CSE-01,MEDIUM,2024-10-14T17:52:37,2024-10-14T18:02:28.796869,2024-10-14T20:58:35.062038,CLOSED,,ENDPOINT-01,False
ALT-CSE-01-01724,CSE-01,MEDIUM,2024-12-16T17:47:11,2024-12-16T17:56:17.408764,2024-12-16T18:25:40.054315,CLOSED,,DB-SERVER-01,False
ALT-CSE-01-01725,CSE-01,LOW,2024-12-05T22:11:23,2024-12-05T22:22:41.920516,2024-12-05T23:23:36.969466,CLOSED,,ENDPOINT-01,False
ALT-CSE-01-01726,CSE-01,LOW,2024-12-29T10:27:16,2024-12-29T10:32:19.349200,2024-12-29T11:24:41.262057,CLOSED,,ENDPOINT-01,False
ALT-CSE-01-01727,CSE-01,HIGH,2024-12-02T17:15:50,2024-12-02T17:28:19.294338,2024-12-02T19:59:45.462883,CLOSED,CAS-CSE-01-0403,FIREWALL-01,False
ALT-CSE-01-01728,CSE-01,HIGH,2024-10-30T08:26:58,2024-10-30T08:36:14.725966,2024-10-30T09:37:50.238449,CLOSED,,DB-SERVER-01,False
ALT-CSE-01-01729,CSE-01,MEDIUM,2024-10-16T03:22:13,2024-10-16T03:36:17.661585,2024-10-16T05:36:26.852579,CLOSED,,FIREWALL-01,False
ALT-CSE-01-01730,CSE-01,LOW,2024-11-12T17:32:07,2024-11-12T17:34:00.410374,2024-11-12T18:26:16.312294,CLOSED,,ENDPOINT-01,False
ALT-CSE-01-01731,CSE-01,LOW,2024-11-08T13:56:00,2024-11-08T14:02:23.828596,2024-11-08T16:01:54.831461,CLOSED,,ROUTER-01,False
ALT-CSE-01-01732,CSE-01,MEDIUM,2024-10-25T10:12:14,2024-10-25T10:17:34.833234,2024-10-25T12:53:58.762381,CLOSED,,FIREWALL-01,False
ALT-CSE-01-01733,CSE-01,CRITICAL,2024-10-18T22:01:34,2024-10-18T22:16:27.708583,2024-10-18T22:52:05.529839,CLOSED,CAS-CSE-01-0404,ROUTER-01,False
ALT-CSE-01-01734,CSE-01,MEDIUM,2024-11-21T00:14:32,2024-11-21T00:23:07.528108,2024-11-21T01:06:29.482847,CLOSED,,DB-SERVER-01,False
ALT-CSE-01-01735,CSE-01,MEDIUM,2024-10-04T10:45:53,2024-10-04T10:49:32.902384,2024-10-04T13:36:51.045470,CLOSED,,WEB-SERVER-01,False
ALT-CSE-01-01736,CSE-01,LOW,2024-10-01T09:59:35,2024-10-01T10:14:27.770286,2024-10-01T11:44:30.486101,CLOSED,,WEB-SERVER-01,False
ALT-CSE-01-01737,CSE-01,HIGH,2024-10-26T06:35:05,2024-10-26T06:38:01.009130,2024-10-26T08:44:58.687242,CLOSED,,DB-SERVER-01,False
ALT-CSE-01-01738,CSE-01,CRITICAL,2024-11-29T20:48:32,2024-11-29T20:59:45.487130,2024-11-29T21:11:11.781005,CLOSED,CAS-CSE-01-0405,WEB-SERVER-01,False
ALT-CSE-01-01739,CSE-01,LOW,2024-12-25T14:29:26,2024-12-25T14:39:32.760956,2024-12-25T16:03:23.436763,CLOSED,,ENDPOINT-01,False
ALT-CSE-01-01740,CSE-01,LOW,2024-10-10T00:38:06,2024-10-10T00:42:25.274392,2024-10-10T02:30:01.005683,CLOSED,,WEB-SERVER-01,False
ALT-CSE-01-01741,CSE-01,MEDIUM,2024-11-09T10:33:33,2024-11-09T10:38:06.839215,2024-11-09T12:51:47.048016,CLOSED,,FIREWALL-01,False
ALT-CSE-01-01742,CSE-01,MEDIUM,2024-11-26T20:58:26,2024-11-26T21:03:25.396799,2024-11-26T23:04:04.081130,CLOSED,,ROUTER-01,False
ALT-CSE-01-01743,CSE-01,HIGH,2024-12-02T22:01:06,2024-12-02T22:07:31.842948,2024-12-02T22:58:12.546619,CLOSED,CAS-CSE-01-0406,DB-SERVER-01,False
ALT-CSE-01-01744,CSE-01,HIGH,2024-12-12T04:03:58,2024-12-12T04:06:45.506308,2024-12-12T05:15:06.871337,CLOSED,,FIREWALL-01,False
ALT-CSE-01-01745,CSE-01,HIGH,2024-11-29T04:39:10,2024-11-29T04:46:37.822332,2024-11-29T06:09:09.070028,CLOSED,,WEB-SERVER-01,False
ALT-CSE-01-01746,CSE-01,HIGH,2024-11-21T13:28:42,2024-11-21T13:39:48.757799,2024-11-21T14:56:01.921280,CLOSED,,WEB-SERVER-01,False
ALT-CSE-01-01747,CSE-01,HIGH,2024-12-19T02:12:55,2024-12-19T02:17:56.933078,2024-12-19T04:34:31.955644,CLOSED,CAS-CSE-01-0407,WEB-SERVER-01,False
ALT-CSE-01-01748,CSE-01,HIGH,2024-10-24T12:47:05,2024-10-24T12:50:51.872727,2024-10-24T14:16:22.793330,CLOSED,,FIREWALL-01,False
ALT-CSE-01-01749,CSE-01,MEDIUM,2024-12-03T18:37:41,2024-12-03T18:44:10.719477,2024-12-03T21:26:57.110534,CLOSED,,ENDPOINT-01,False
ALT-CSE-01-01750,CSE-01,HIGH,2024-12-28T14:38:40,2024-12-28T14:44:39.412722,2024-12-28T16:48:56.766000,CLOSED,,DB-SERVER-01,False
ALT-CSE-01-01751,CSE-01,MEDIUM,2024-11-01T16:40:12,2024-11-01T16:46:12.636194,2024-11-01T18:38:18.519092,CLOSED,,ROUTER-01,False
ALT-CSE-01-01752,CSE-01,LOW,2024-10-30T01:58:51,2024-10-30T02:12:03.413824,2024-10-30T03:46:10.370593,CLOSED,,WEB-SERVER-01,False
ALT-CSE-01-01753,CSE-01,MEDIUM,2024-11-17T16:10:22,2024-11-17T16:20:39.071655,2024-11-17T17:17:38.939169,CLOSED,,ROUTER-01,False
ALT-CSE-01-01754,CSE-01,HIGH,2024-12-15T07:10:26,2024-12-15T07:15:05.769476,2024-12-15T09:06:32.953017,CLOSED,,WEB-SERVER-01,False
ALT-CSE-01-01755,CSE-01,HIGH,2024-10-02T16:30:35,2024-10-02T16:44:00.033386,2024-10-02T18:20:58.566162,CLOSED,,ENDPOINT-01,False
ALT-CSE-01-01756,CSE-01,MEDIUM,2024-10-28T21:04:32,2024-10-28T21:17:25.484443,2024-10-28T22:20:54.718431,CLOSED,,DB-SERVER-01,False
ALT-CSE-01-01757,CSE-01,HIGH,2024-11-21T16:31:18,2024-11-21T16:37:17.468510,2024-11-21T19:29:11.636146,CLOSED,,ENDPOINT-01,False
ALT-CSE-01-01758,CSE-01,MEDIUM,2024-10-08T05:50:51,2024-10-08T05:59:14.987713,2024-10-08T08:51:02.272930,CLOSED,,ENDPOINT-01,False
ALT-CSE-01-01759,CSE-01,HIGH,2024-12-25T11:24:34,2024-12-25T11:29:52.752460,2024-12-25T12:45:34.884781,CLOSED,,FIREWALL-01,False
ALT-CSE-01-01760,CSE-01,MEDIUM,2024-10-13T21:29:07,2024-10-13T21:34:30.307447,2024-10-14T00:06:22.252284,CLOSED,CAS-CSE-01-0408,DB-SERVER-01,False
ALT-CSE-01-01761,CSE-01,HIGH,2024-12-10T20:19:44,2024-12-10T20:24:07.349270,2024-12-10T22:28:28.012589,CLOSED,,DB-SERVER-01,False
ALT-CSE-01-01762,CSE-01,MEDIUM,2024-10-07T10:15:56,2024-10-07T10:28:16.030572,2024-10-07T13:00:31.489164,CLOSED,,ROUTER-01,False
ALT-CSE-01-01763,CSE-01,MEDIUM,2024-10-10T08:41:32,2024-10-10T08:51:15.328615,2024-10-10T09:57:14.172580,CLOSED,,WEB-SERVER-01,False
ALT-CSE-01-01764,CSE-01,CRITICAL,2024-12-13T02:11:36,2024-12-13T02:21:03.680350,2024-12-13T03:05:47.663042,CLOSED,CAS-CSE-01-0409,DB-SERVER-01,False
ALT-CSE-01-01765,CSE-01,HIGH,2024-10-16T18:10:47,2024-10-16T18:21:25.216760,2024-10-16T20:08:02.354459,CLOSED,CAS-CSE-01-0410,ENDPOINT-01,False
ALT-CSE-01-01766,CSE-01,MEDIUM,2024-11-19T09:42:22,2024-11-19T09:46:44.813824,2024-11-19T12:20:50.450351,CLOSED,,ROUTER-01,False
ALT-CSE-01-01767,CSE-01,HIGH,2024-10-30T08:59:12,2024-10-30T09:12:28.109664,2024-10-30T11:43:51.088908,CLOSED,,FIREWALL-01,False
ALT-CSE-01-01768,CSE-01,HIGH,2024-10-19T23:25:23,2024-10-19T23:40:13.208857,2024-10-20T01:30:39.943259,CLOSED,,WEB-SERVER-01,False
ALT-CSE-01-01769,CSE-01,CRITICAL,2024-12-01T04:46:00,2024-12-01T04:53:26.797198,2024-12-01T05:48:31.398598,CLOSED,CAS-CSE-01-0411,ENDPOINT-01,False
ALT-CSE-01-01770,CSE-01,CRITICAL,2024-11-24T06:53:31,2024-11-24T06:58:33.762799,2024-11-24T07:44:28.114127,CLOSED,CAS-CSE-01-0412,WEB-SERVER-01,False
ALT-CSE-01-01771,CSE-01,HIGH,2024-12-10T08:22:16,2024-12-10T08:31:46.838455,2024-12-10T11:01:24.354932,CLOSED,,ROUTER-01,False
ALT-CSE-01-01772,CSE-01,HIGH,2024-11-25T13:54:52,2024-11-25T14:04:15.675584,2024-11-25T15:03:40.124982,CLOSED,,ENDPOINT-01,False
ALT-CSE-01-01773,CSE-01,MEDIUM,2024-11-10T15:52:13,2024-11-10T16:05:19.748748,2024-11-10T18:15:29.054202,CLOSED,CAS-CSE-01-0413,WEB-SERVER-01,False
ALT-CSE-01-01774,CSE-01,LOW,2024-12-17T20:59:19,2024-12-17T21:12:07.160297,2024-12-17T22:09:08.162103,CLOSED,,ROUTER-01,False
ALT-CSE-01-01775,CSE-01,MEDIUM,2024-11-13T00:56:46,2024-11-13T01:07:59.938135,2024-11-13T02:10:42.134774,CLOSED,,ROUTER-01,False
ALT-CSE-01-01776,CSE-01,HIGH,2024-12-25T14:00:10,2024-12-25T14:13:57.432187,2024-12-25T16:17:20.243933,CLOSED,,FIREWALL-01,False
ALT-CSE-01-01777,CSE-01,LOW,2024-10-25T18:56:52,2024-10-25T19:01:57.457257,2024-10-25T21:19:24.802388,CLOSED,,DB-SERVER-01,False
ALT-CSE-01-01778,CSE-01,HIGH,2024-10-31T23:20:20,2024-10-31T23:29:25.795112,2024-11-01T01:08:30.191047,CLOSED,,DB-SERVER-01,False
ALT-CSE-01-01779,CSE-01,MEDIUM,2024-12-04T17:04:49,2024-12-04T17:07:42.855767,2024-12-04T18:11:27.151088,CLOSED,,ENDPOINT-01,False
ALT-CSE-01-01780,CSE-01,MEDIUM,2024-12-19T15:20:31,2024-12-19T15:27:39.444175,2024-12-19T18:15:45.650261,CLOSED,,ENDPOINT-01,False
ALT-CSE-01-01781,CSE-01,MEDIUM,2024-10-24T09:48:42,2024-10-24T09:56:36.892481,2024-10-24T12:09:31.789135,CLOSED,,FIREWALL-01,False
ALT-CSE-01-01782,CSE-01,CRITICAL,2024-10-21T02:36:56,2024-10-21T02:44:50.127514,2024-10-21T03:23:54.872416,CLOSED,CAS-CSE-01-0414,DB-SERVER-01,False
ALT-CSE-01-01783,CSE-01,MEDIUM,2024-11-21T07:42:28,2024-11-21T07:46:26.521046,2024-11-21T10:23:44.530011,CLOSED,,ROUTER-01,False
ALT-CSE-01-01784,CSE-01,HIGH,2024-11-12T13:04:21,2024-11-12T13:08:26.293067,2024-11-12T14:41:11.964798,CLOSED,,WEB-SERVER-01,False
ALT-CSE-01-01785,CSE-01,MEDIUM,2024-12-06T05:53:16,2024-12-06T05:57:14.385882,2024-12-06T06:37:48.855747,CLOSED,,ROUTER-01,False
ALT-CSE-01-01786,CSE-01,LOW,2024-10-12T12:38:27,2024-10-12T12:40:29.615966,2024-10-12T14:58:51.202597,CLOSED,,ROUTER-01,False
ALT-CSE-01-01787,CSE-01,MEDIUM,2024-10-30T11:28:11,2024-10-30T11:34:58.951236,2024-10-30T13:33:17.570835,CLOSED,,WEB-SERVER-01,False
ALT-CSE-01-01788,CSE-01,LOW,2024-12-08T22:45:34,2024-12-08T22:56:32.881265,2024-12-09T00:52:31.825796,CLOSED,,FIREWALL-01,False
ALT-CSE-01-01789,CSE-01,LOW,2024-11-20T06:37:05,2024-11-20T06:38:59.019289,2024-11-20T09:13:25.719080,CLOSED,CAS-CSE-01-0415,FIREWALL-01,False
ALT-CSE-01-01790,CSE-01,MEDIUM,2024-10-11T21:59:37,2024-10-11T22:05:52.395556,2024-10-11T23:52:28.714224,CLOSED,,ROUTER-01,False
ALT-CSE-01-01791,CSE-01,HIGH,2024-11-28T12:53:32,2024-11-28T13:07:40.613755,2024-11-28T14:49:47.813275,CLOSED,CAS-CSE-01-0416,WEB-SERVER-01,False
ALT-CSE-01-01792,CSE-01,LOW,2024-11-13T09:15:00,2024-11-13T09:27:59.780142,2024-11-13T11:02:21.374794,CLOSED,,ROUTER-01,False
ALT-CSE-01-01793,CSE-01,MEDIUM,2024-11-30T15:30:15,2024-11-30T15:43:22.419722,2024-11-30T17:34:18.289752,CLOSED,,ENDPOINT-01,False
ALT-CSE-01-01794,CSE-01,LOW,2024-10-12T21:53:32,2024-10-12T21:58:23.313719,2024-10-13T01:20:22.384594,CLOSED,,WEB-SERVER-01,False
ALT-CSE-01-01795,CSE-01,MEDIUM,2024-12-04T10:56:39,2024-12-04T11:08:43.070838,2024-12-04T13:30:01.571573,CLOSED,,DB-SERVER-01,False
ALT-CSE-01-01796,CSE-01,MEDIUM,2024-10-28T22:21:17,2024-10-28T22:33:23.484089,2024-10-29T01:22:27.107568,CLOSED,,WEB-SERVER-01,False
ALT-CSE-01-01797,CSE-01,MEDIUM,2024-11-15T22:57:19,2024-11-15T23:07:58.028543,2024-11-16T00:42:56.671977,CLOSED,,DB-SERVER-01,False
ALT-CSE-01-01798,CSE-01,HIGH,2024-11-21T06:45:42,2024-11-21T06:48:07.637733,2024-11-21T07:09:30.592417,CLOSED,,ENDPOINT-01,False
ALT-CSE-01-01799,CSE-01,MEDIUM,2024-12-04T06:33:41,2024-12-04T06:39:44.373749,2024-12-04T09:59:35.829182,CLOSED,,ROUTER-01,False
ALT-CSE-01-01800,CSE-01,HIGH,2024-10-12T20:28:11,2024-10-12T20:40:31.279893,2024-10-12T22:14:15.546291,CLOSED,,WEB-SERVER-01,False
ALT-CSE-01-01801,CSE-01,HIGH,2024-12-26T17:35:05,2024-12-26T17:49:50.373823,2024-12-26T20:04:02.656898,CLOSED,,DB-SERVER-01,False
ALT-CSE-01-01802,CSE-01,HIGH,2024-12-20T02:00:50,2024-12-20T02:13:43.241393,2024-12-20T02:51:21.288829,CLOSED,,ENDPOINT-01,False
ALT-CSE-01-01803,CSE-01,CRITICAL,2024-10-19T08:45:58,2024-10-19T08:57:00.743706,2024-10-19T09:30:15.952196,CLOSED,,WEB-SERVER-01,False
ALT-CSE-01-01804,CSE-01,MEDIUM,2024-11-11T01:08:29,2024-11-11T01:22:37.064149,2024-11-11T02:41:07.461355,CLOSED,,ROUTER-01,False
ALT-CSE-01-01805,CSE-01,MEDIUM,2024-12-19T22:10:22,2024-12-19T22:13:02.566725,2024-12-20T00:47:01.166979,CLOSED,,DB-SERVER-01,False
ALT-CSE-01-01806,CSE-01,HIGH,2024-11-04T09:56:39,2024-11-04T10:08:22.422946,2024-11-04T11:14:24.413890,CLOSED,,ENDPOINT-01,False
ALT-CSE-01-01807,CSE-01,HIGH,2024-12-11T08:04:24,2024-12-11T08:13:48.552661,2024-12-11T09:28:33.330230,CLOSED,,FIREWALL-01,False
ALT-CSE-01-01808,CSE-01,HIGH,2024-12-27T19:23:34,2024-12-27T19:36:25.214991,2024-12-27T20:54:20.659296,CLOSED,CAS-CSE-01-0417,ENDPOINT-01,False
ALT-CSE-01-01809,CSE-01,LOW,2024-10-19T13:43:12,2024-10-19T13:45:02.013903,2024-10-19T16:17:02.031872,CLOSED,,ROUTER-01,False
ALT-CSE-01-01810,CSE-01,MEDIUM,2024-12-16T05:57:22,2024-12-16T05:59:23.286096,2024-12-16T09:05:09.388369,CLOSED,,ROUTER-01,False
ALT-CSE-01-01811,CSE-01,LOW,2024-12-07T06:47:52,2024-12-07T06:55:59.118111,2024-12-07T09:32:22.797555,CLOSED,,ENDPOINT-01,False
ALT-CSE-01-01812,CSE-01,LOW,2024-12-03T01:48:08,2024-12-03T01:52:00.999082,2024-12-03T05:22:10.035647,CLOSED,,ROUTER-01,False
ALT-CSE-01-01813,CSE-01,HIGH,2024-11-27T14:48:46,2024-11-27T14:58:29.970938,2024-11-27T17:39:33.989978,CLOSED,,FIREWALL-01,False
ALT-CSE-01-01814,CSE-01,MEDIUM,2024-10-19T08:10:46,2024-10-19T08:24:36.683277,2024-10-19T10:36:38.436325,CLOSED,,ENDPOINT-01,False
ALT-CSE-01-01815,CSE-01,MEDIUM,2024-10-18T03:57:29,2024-10-18T04:04:56.657423,2024-10-18T05:43:19.320126,CLOSED,,DB-SERVER-01,False
ALT-CSE-01-01816,CSE-01,MEDIUM,2024-10-16T17:56:43,2024-10-16T18:07:25.773941,2024-10-16T20:47:05.863638,CLOSED,,DB-SERVER-01,False
ALT-CSE-01-01817,CSE-01,HIGH,2024-12-27T23:56:05,2024-12-28T00:01:41.187496,2024-12-28T00:44:11.159651,CLOSED,,ROUTER-01,False
ALT-CSE-01-01818,CSE-01,LOW,2024-10-22T13:42:27,2024-10-22T13:44:34.510544,2024-10-22T14:55:57.357727,CLOSED,,DB-SERVER-01,False
ALT-CSE-01-01819,CSE-01,HIGH,2024-11-17T16:12:55,2024-11-17T16:15:10.528245,2024-11-17T17:33:11.529763,CLOSED,,ENDPOINT-01,False
ALT-CSE-01-01820,CSE-01,MEDIUM,2024-10-10T09:48:42,2024-10-10T10:01:02.878379,2024-10-10T10:50:47.984711,CLOSED,,WEB-SERVER-01,False
ALT-CSE-01-01821,CSE-01,CRITICAL,2024-11-05T03:48:17,2024-11-05T03:51:24.580251,2024-11-05T04:48:25.036174,CLOSED,CAS-CSE-01-0418,FIREWALL-01,False
ALT-CSE-01-01822,CSE-01,LOW,2024-10-23T18:20:40,2024-10-23T18:25:00.770973,2024-10-23T19:53:31.362522,CLOSED,,FIREWALL-01,False
ALT-CSE-01-01823,CSE-01,MEDIUM,2024-11-29T14:18:35,2024-11-29T14:21:56.882790,2024-11-29T16:44:39.321153,CLOSED,,WEB-SERVER-01,False
ALT-CSE-01-01824,CSE-01,HIGH,2024-10-03T02:07:22,2024-10-03T02:20:42.487558,2024-10-03T03:53:21.326610,CLOSED,,WEB-SERVER-01,False
ALT-CSE-01-01825,CSE-01,LOW,2024-11-26T18:33:40,2024-11-26T18:48:28.813526,2024-11-26T20:01:08.059246,CLOSED,CAS-CSE-01-0419,FIREWALL-01,False
ALT-CSE-01-01826,CSE-01,HIGH,2024-10-12T11:51:27,2024-10-12T12:05:58.811097,2024-10-12T14:30:12.044782,CLOSED,,DB-SERVER-01,False
ALT-CSE-01-01827,CSE-01,HIGH,2024-11-11T09:49:04,2024-11-11T10:02:37.114722,2024-11-11T11:16:19.356027,CLOSED,CAS-CSE-01-0420,ROUTER-01,False
ALT-CSE-01-01828,CSE-01,CRITICAL,2024-10-04T08:13:45,2024-10-04T08:18:54.851121,2024-10-04T09:32:39.418288,CLOSED,CAS-CSE-01-0421,ROUTER-01,False
ALT-CSE-01-01829,CSE-01,LOW,2024-11-25T03:05:25,2024-11-25T03:12:06.362609,2024-11-25T06:09:37.426832,CLOSED,,ENDPOINT-01,False
ALT-CSE-01-01830,CSE-01,HIGH,2024-10-11T09:41:11,2024-10-11T09:49:00.286836,2024-10-11T11:29:26.748237,CLOSED,,FIREWALL-01,False
ALT-CSE-01-01831,CSE-01,MEDIUM,2024-11-29T04:30:08,2024-11-29T04:34:28.591492,2024-11-29T08:03:15.982695,CLOSED,,WEB-SERVER-01,False
ALT-CSE-01-01832,CSE-01,MEDIUM,2024-10-28T15:19:48,2024-10-28T15:29:12.221803,2024-10-28T17:19:25.677183,CLOSED,,WEB-SERVER-01,False
ALT-CSE-01-01833,CSE-01,MEDIUM,2024-12-07T03:09:02,2024-12-07T03:12:36.943182,2024-12-07T04:23:06.989041,CLOSED,,ENDPOINT-01,False
ALT-CSE-01-01834,CSE-01,HIGH,2024-12-22T21:04:43,2024-12-22T21:07:08.458033,2024-12-23T00:28:29.727872,CLOSED,,DB-SERVER-01,False
ALT-CSE-01-01835,CSE-01,MEDIUM,2024-11-30T00:05:41,2024-11-30T00:07:50.029922,2024-11-30T01:52:34.326823,CLOSED,,FIREWALL-01,False
ALT-CSE-01-01836,CSE-01,MEDIUM,2024-10-15T13:58:35,2024-10-15T14:06:40.744953,2024-10-15T15:13:30.935967,CLOSED,,FIREWALL-01,False
ALT-CSE-01-01837,CSE-01,HIGH,2024-12-01T06:58:32,2024-12-01T07:04:39.518508,2024-12-01T08:56:19.493086,CLOSED,,WEB-SERVER-01,False
ALT-CSE-01-01838,CSE-01,HIGH,2024-11-05T03:04:22,2024-11-05T03:09:02.781560,2024-11-05T04:52:42.986626,CLOSED,CAS-CSE-01-0422,FIREWALL-01,False
ALT-CSE-01-01839,CSE-01,HIGH,2024-11-06T00:50:55,2024-11-06T01:05:45.756780,2024-11-06T03:25:53.156177,CLOSED,,ENDPOINT-01,False
ALT-CSE-01-01840,CSE-01,CRITICAL,2024-12-15T23:05:14,2024-12-15T23:10:18.561030,2024-12-15T23:51:35.435198,CLOSED,CAS-CSE-01-0423,DB-SERVER-01,False
ALT-CSE-01-01841,CSE-01,MEDIUM,2024-11-08T13:26:27,2024-11-08T13:36:48.777974,2024-11-08T14:37:04.154062,CLOSED,,ROUTER-01,False
ALT-CSE-01-01842,CSE-01,LOW,2024-11-26T08:06:01,2024-11-26T08:20:14.562562,2024-11-26T09:43:42.979983,CLOSED,,FIREWALL-01,False
ALT-CSE-01-01843,CSE-01,LOW,2024-12-15T08:39:13,2024-12-15T08:49:36.782608,2024-12-15T09:50:16.856763,CLOSED,,ENDPOINT-01,False
ALT-CSE-01-01844,CSE-01,MEDIUM,2024-12-09T03:52:01,2024-12-09T03:56:08.597907,2024-12-09T05:42:15.722544,CLOSED,,ROUTER-01,False
ALT-CSE-01-01845,CSE-01,CRITICAL,2024-10-15T01:50:00,2024-10-15T02:04:12.032640,2024-10-15T02:32:56.553119,CLOSED,CAS-CSE-01-0424,WEB-SERVER-01,False
ALT-CSE-01-01846,CSE-01,HIGH,2024-11-14T13:22:06,2024-11-14T13:27:38.582434,2024-11-14T14:43:59.125354,CLOSED,,WEB-SERVER-01,False
ALT-CSE-01-01847,CSE-01,MEDIUM,2024-12-04T21:44:22,2024-12-04T21:53:02.897799,2024-12-05T00:39:26.521016,CLOSED,,ROUTER-01,False
ALT-CSE-01-01848,CSE-01,MEDIUM,2024-11-28T20:59:16,2024-11-28T21:01:55.750351,2024-11-28T23:01:11.782187,CLOSED,,DB-SERVER-01,False
ALT-CSE-01-01849,CSE-01,MEDIUM,2024-12-09T07:49:08,2024-12-09T07:50:36.593647,2024-12-09T09:08:02.110683,CLOSED,,DB-SERVER-01,False
ALT-CSE-01-01850,CSE-01,MEDIUM,2024-11-03T09:24:49,2024-11-03T09:36:23.566003,2024-11-03T11:50:30.450593,CLOSED,,ROUTER-01,False
ALT-CSE-01-01851,CSE-01,MEDIUM,2024-10-08T16:38:53,2024-10-08T16:51:06.959593,2024-10-08T19:01:29.459261,CLOSED,,ROUTER-01,False
ALT-CSE-01-01852,CSE-01,MEDIUM,2024-10-14T05:41:02,2024-10-14T05:46:52.793674,2024-10-14T07:39:29.072063,CLOSED,,ENDPOINT-01,False
ALT-CSE-01-01853,CSE-01,HIGH,2024-12-29T13:14:47,2024-12-29T13:17:26.063113,2024-12-29T15:54:24.839845,CLOSED,,FIREWALL-01,False
ALT-CSE-01-01854,CSE-01,MEDIUM,2024-10-16T02:42:43,2024-10-16T02:52:34.275909,2024-10-16T04:30:22.613651,CLOSED,,FIREWALL-01,False
ALT-CSE-01-01855,CSE-01,HIGH,2024-11-04T01:38:14,2024-11-04T01:39:49.699585,2024-11-04T03:24:53.704094,CLOSED,,FIREWALL-01,False
ALT-CSE-01-01856,CSE-01,MEDIUM,2024-12-12T07:21:15,2024-12-12T07:33:10.480805,2024-12-12T09:10:21.939007,CLOSED,,FIREWALL-01,False
ALT-CSE-01-01857,CSE-01,LOW,2024-11-02T06:39:00,2024-11-02T06:40:58.852236,2024-11-02T07:37:55.228089,CLOSED,,ROUTER-01,False
ALT-CSE-01-01858,CSE-01,MEDIUM,2024-10-10T15:48:20,2024-10-10T15:58:34.500269,2024-10-10T16:59:01.598412,CLOSED,,ROUTER-01,False
ALT-CSE-01-01859,CSE-01,MEDIUM,2024-11-19T06:50:32,2024-11-19T06:56:27.198895,2024-11-19T08:58:32.116299,CLOSED,,WEB-SERVER-01,False
ALT-CSE-01-01860,CSE-01,LOW,2024-12-14T20:04:10,2024-12-14T20:09:02.290124,2024-12-14T22:17:24.793074,CLOSED,,ENDPOINT-01,False
ALT-CSE-01-01861,CSE-01,HIGH,2024-11-01T23:30:13,2024-11-01T23:43:13.481666,2024-11-02T01:38:11.092472,CLOSED,,ENDPOINT-01,False
ALT-CSE-01-01862,CSE-01,MEDIUM,2024-12-22T03:33:10,2024-12-22T03:45:07.201256,2024-12-22T05:56:03.546142,CLOSED,,DB-SERVER-01,False
ALT-CSE-01-01863,CSE-01,HIGH,2024-10-25T18:54:52,2024-10-25T19:01:36.355246,2024-10-25T20:14:50.042999,CLOSED,,WEB-SERVER-01,False
ALT-CSE-01-01864,CSE-01,MEDIUM,2024-10-24T22:43:10,2024-10-24T22:52:17.068770,2024-10-25T00:07:25.653597,CLOSED,,ENDPOINT-01,False
ALT-CSE-01-01865,CSE-01,HIGH,2024-11-20T19:11:10,2024-11-20T19:20:43.798704,2024-11-20T21:45:53.193717,CLOSED,,ENDPOINT-01,False
ALT-CSE-01-01866,CSE-01,CRITICAL,2024-12-22T21:03:32,2024-12-22T21:06:56.946970,2024-12-22T21:49:08.999456,CLOSED,CAS-CSE-01-0425,WEB-SERVER-01,False
ALT-CSE-01-01867,CSE-01,HIGH,2024-12-15T15:40:47,2024-12-15T15:51:42.101442,2024-12-15T16:58:01.520125,CLOSED,,ROUTER-01,False
ALT-CSE-01-01868,CSE-01,HIGH,2024-11-18T07:54:48,2024-11-18T08:02:48.197570,2024-11-18T09:19:06.703788,CLOSED,,ROUTER-01,False
ALT-CSE-01-01869,CSE-01,HIGH,2024-12-27T12:56:08,2024-12-27T12:58:50.454025,2024-12-27T15:06:46.699340,CLOSED,,DB-SERVER-01,False
ALT-CSE-01-01870,CSE-01,MEDIUM,2024-10-15T02:30:08,2024-10-15T02:39:48.609905,2024-10-15T04:45:50.653936,CLOSED,,FIREWALL-01,False
ALT-CSE-01-01871,CSE-01,MEDIUM,2024-12-04T07:28:27,2024-12-04T07:33:17.602005,2024-12-04T09:35:12.005894,CLOSED,,FIREWALL-01,False
ALT-CSE-01-01872,CSE-01,MEDIUM,2024-11-10T11:29:21,2024-11-10T11:39:57.970932,2024-11-10T13:11:27.834770,CLOSED,CAS-CSE-01-0426,DB-SERVER-01,False
ALT-CSE-01-01873,CSE-01,HIGH,2024-11-25T12:58:41,2024-11-25T13:03:32.745600,2024-11-25T14:03:03.525607,CLOSED,,ENDPOINT-01,False
ALT-CSE-01-01874,CSE-01,MEDIUM,2024-10-01T21:26:52,2024-10-01T21:35:29.745737,2024-10-01T23:39:58.327009,CLOSED,,DB-SERVER-01,False
ALT-CSE-01-01875,CSE-01,MEDIUM,2024-12-14T22:16:27,2024-12-14T22:24:20.340638,2024-12-14T22:54:28.283882,CLOSED,,FIREWALL-01,False
ALT-CSE-01-01876,CSE-01,MEDIUM,2024-10-03T19:42:14,2024-10-03T19:46:20.147322,2024-10-03T22:52:35.554793,CLOSED,,ENDPOINT-01,False
ALT-CSE-01-01877,CSE-01,LOW,2024-12-08T09:53:26,2024-12-08T10:08:13.933530,2024-12-08T12:22:34.018570,CLOSED,,ENDPOINT-01,False
ALT-CSE-01-01878,CSE-01,MEDIUM,2024-10-12T01:18:23,2024-10-12T01:29:22.593469,2024-10-12T03:50:56.985545,CLOSED,,ENDPOINT-01,False
ALT-CSE-01-01879,CSE-01,LOW,2024-10-18T02:18:25,2024-10-18T02:30:33.642835,2024-10-18T04:34:46.730912,CLOSED,,FIREWALL-01,False
ALT-CSE-01-01880,CSE-01,HIGH,2024-11-22T21:25:25,2024-11-22T21:31:26.013456,2024-11-22T23:37:13.453759,CLOSED,,WEB-SERVER-01,False
ALT-CSE-01-01881,CSE-01,MEDIUM,2024-11-18T14:34:34,2024-11-18T14:41:53.394023,2024-11-18T17:04:09.547702,CLOSED,,WEB-SERVER-01,False
ALT-CSE-01-01882,CSE-01,MEDIUM,2024-12-20T06:01:15,2024-12-20T06:12:54.824037,2024-12-20T09:31:19.871986,CLOSED,,ROUTER-01,False
ALT-CSE-01-01883,CSE-01,LOW,2024-10-23T06:20:53,2024-10-23T06:30:43.374107,2024-10-23T08:43:40.203614,CLOSED,,DB-SERVER-01,False
ALT-CSE-01-01884,CSE-01,MEDIUM,2024-11-14T21:10:06,2024-11-14T21:15:21.860907,2024-11-14T22:23:08.992278,CLOSED,,ROUTER-01,False
ALT-CSE-01-01885,CSE-01,CRITICAL,2024-11-10T21:19:54,2024-11-10T21:23:57.568704,2024-11-10T22:07:32.085167,CLOSED,CAS-CSE-01-0427,FIREWALL-01,False
ALT-CSE-01-01886,CSE-01,HIGH,2024-12-14T13:00:30,2024-12-14T13:04:27.187940,2024-12-14T16:38:49.377514,CLOSED,,WEB-SERVER-01,False
ALT-CSE-01-01887,CSE-01,MEDIUM,2024-12-03T17:32:02,2024-12-03T17:42:02.947709,2024-12-03T20:07:28.197350,CLOSED,,ROUTER-01,False
ALT-CSE-01-01888,CSE-01,MEDIUM,2024-12-09T19:55:02,2024-12-09T20:04:57.747523,2024-12-09T21:17:11.541728,CLOSED,,WEB-SERVER-01,False
ALT-CSE-01-01889,CSE-01,LOW,2024-11-27T05:18:34,2024-11-27T05:26:31.243490,2024-11-27T08:30:20.981403,CLOSED,,ENDPOINT-01,False
ALT-CSE-01-01890,CSE-01,LOW,2024-10-18T19:17:39,2024-10-18T19:19:32.153597,2024-10-18T21:56:34.570109,CLOSED,,ENDPOINT-01,False
ALT-CSE-01-01891,CSE-01,LOW,2024-11-26T12:36:46,2024-11-26T12:40:38.452461,2024-11-26T15:14:49.662255,CLOSED,,FIREWALL-01,False
ALT-CSE-01-01892,CSE-01,HIGH,2024-10-18T21:45:19,2024-10-18T21:56:42.327031,2024-10-18T22:22:40.283537,CLOSED,,FIREWALL-01,False
ALT-CSE-01-01893,CSE-01,CRITICAL,2024-10-09T09:51:51,2024-10-09T09:56:47.117801,2024-10-09T10:33:59.245762,CLOSED,,ENDPOINT-01,False
ALT-CSE-01-01894,CSE-01,LOW,2024-12-13T06:53:36,2024-12-13T06:54:37.387982,2024-12-13T09:03:26.257879,CLOSED,,FIREWALL-01,False
ALT-CSE-01-01895,CSE-01,CRITICAL,2024-10-25T16:02:52,2024-10-25T16:10:59.482871,2024-10-25T16:44:15.310997,CLOSED,CAS-CSE-01-0428,ENDPOINT-01,False
ALT-CSE-01-01896,CSE-01,MEDIUM,2024-12-15T17:59:05,2024-12-15T18:02:06.024181,2024-12-15T20:06:24.626710,CLOSED,,ENDPOINT-01,False
ALT-CSE-01-01897,CSE-01,MEDIUM,2024-12-20T00:00:45,2024-12-20T00:02:13.461079,2024-12-20T01:12:15.462416,CLOSED,,DB-SERVER-01,False
ALT-CSE-01-01898,CSE-01,LOW,2024-11-02T04:12:54,2024-11-02T04:26:47.652698,2024-11-02T05:52:34.121742,CLOSED,,WEB-SERVER-01,False
ALT-CSE-01-01899,CSE-01,MEDIUM,2024-10-15T22:10:12,2024-10-15T22:23:35.156860,2024-10-16T00:05:49.093048,CLOSED,,WEB-SERVER-01,False
ALT-CSE-01-01900,CSE-01,MEDIUM,2024-12-05T01:51:36,2024-12-05T02:05:08.427680,2024-12-05T03:42:21.877519,CLOSED,,ROUTER-01,False
ALT-CSE-01-01901,CSE-01,MEDIUM,2024-11-09T05:03:57,2024-11-09T05:17:31.659127,2024-11-09T06:43:21.120336,CLOSED,,DB-SERVER-01,False
ALT-CSE-01-01902,CSE-01,HIGH,2024-11-14T14:03:04,2024-11-14T14:17:52.770472,2024-11-14T15:43:34.765294,CLOSED,,FIREWALL-01,False
ALT-CSE-01-01903,CSE-01,MEDIUM,2024-12-01T12:06:01,2024-12-01T12:15:29.210705,2024-12-01T14:46:11.578032,CLOSED,,DB-SERVER-01,False
ALT-CSE-01-01904,CSE-01,HIGH,2024-11-04T00:43:50,2024-11-04T00:46:45.944812,2024-11-04T03:51:28.851081,CLOSED,,WEB-SERVER-01,False
ALT-CSE-01-01905,CSE-01,HIGH,2024-11-06T17:43:13,2024-11-06T17:48:33.430298,2024-11-06T19:20:09.135590,CLOSED,,ROUTER-01,False
ALT-CSE-01-01906,CSE-01,MEDIUM,2024-11-25T00:15:51,2024-11-25T00:22:55.451978,2024-11-25T01:56:15.689639,CLOSED,,ENDPOINT-01,False
ALT-CSE-01-01907,CSE-01,CRITICAL,2024-11-12T01:29:29,2024-11-12T01:43:49.446534,2024-11-12T02:01:11.355176,CLOSED,CAS-CSE-01-0429,ROUTER-01,False
ALT-CSE-01-01908,CSE-01,HIGH,2024-12-19T21:10:26,2024-12-19T21:13:34.700487,2024-12-20T00:58:07.685568,CLOSED,,FIREWALL-01,False
ALT-CSE-01-01909,CSE-01,MEDIUM,2024-12-24T07:37:48,2024-12-24T07:46:33.141587,2024-12-24T09:11:23.790556,CLOSED,,FIREWALL-01,False
ALT-CSE-01-01910,CSE-01,HIGH,2024-11-20T06:06:28,2024-11-20T06:16:49.074241,2024-11-20T09:08:06.527086,CLOSED,,DB-SERVER-01,False
ALT-CSE-01-01911,CSE-01,MEDIUM,2024-12-11T21:34:17,2024-12-11T21:36:50.587733,2024-12-11T22:31:39.646127,CLOSED,,FIREWALL-01,False
ALT-CSE-01-01912,CSE-01,CRITICAL,2024-11-12T12:03:38,2024-11-12T12:16:01.186784,2024-11-12T13:02:51.581636,CLOSED,CAS-CSE-01-0430,DB-SERVER-01,False
ALT-CSE-01-01913,CSE-01,HIGH,2024-11-21T01:07:19,2024-11-21T01:16:44.934490,2024-11-21T02:42:38.967075,CLOSED,,WEB-SERVER-01,False
ALT-CSE-01-01914,CSE-01,CRITICAL,2024-10-05T21:21:50,2024-10-05T21:35:19.798888,2024-10-05T22:07:21.990579,CLOSED,CAS-CSE-01-0431,ROUTER-01,False
ALT-CSE-01-01915,CSE-01,MEDIUM,2024-11-07T19:49:35,2024-11-07T19:52:14.293814,2024-11-07T21:12:48.179746,CLOSED,,WEB-SERVER-01,False
ALT-CSE-01-01916,CSE-01,CRITICAL,2024-11-11T05:45:47,2024-11-11T05:55:44.661204,2024-11-11T06:58:11.055034,CLOSED,CAS-CSE-01-0432,ROUTER-01,False
ALT-CSE-01-01917,CSE-01,MEDIUM,2024-11-21T08:25:05,2024-11-21T08:33:55.488489,2024-11-21T10:07:43.953608,CLOSED,,ENDPOINT-01,False
ALT-CSE-01-01918,CSE-01,MEDIUM,2024-11-14T06:00:12,2024-11-14T06:12:11.041443,2024-11-14T07:51:42.106528,CLOSED,,ROUTER-01,False
ALT-CSE-01-01919,CSE-01,MEDIUM,2024-10-10T10:04:13,2024-10-10T10:13:13.470036,2024-10-10T12:35:50.122370,CLOSED,,ROUTER-01,False
ALT-CSE-01-01920,CSE-01,MEDIUM,2024-11-09T21:34:08,2024-11-09T21:36:22.120461,2024-11-10T00:16:44.098361,CLOSED,,ROUTER-01,False
ALT-CSE-01-01921,CSE-01,HIGH,2024-12-13T13:39:27,2024-12-13T13:52:04.345276,2024-12-13T15:37:44.914187,CLOSED,,DB-SERVER-01,False
ALT-CSE-01-01922,CSE-01,HIGH,2024-10-04T00:36:39,2024-10-04T00:42:15.649656,2024-10-04T02:28:58.723626,CLOSED,,DB-SERVER-01,False
ALT-CSE-01-01923,CSE-01,LOW,2024-11-04T10:37:14,2024-11-04T10:43:25.710903,2024-11-04T12:59:01.557567,CLOSED,,DB-SERVER-01,False
ALT-CSE-01-01924,CSE-01,MEDIUM,2024-10-19T23:25:24,2024-10-19T23:28:58.113566,2024-10-20T02:11:56.455878,CLOSED,,ENDPOINT-01,False
ALT-CSE-01-01925,CSE-01,HIGH,2024-12-05T22:27:35,2024-12-05T22:38:11.640849,2024-12-05T23:45:21.997027,CLOSED,,FIREWALL-01,False
ALT-CSE-01-01926,CSE-01,LOW,2024-12-13T14:58:00,2024-12-13T15:00:46.295571,2024-12-13T16:39:53.677587,CLOSED,,DB-SERVER-01,False
ALT-CSE-01-01927,CSE-01,LOW,2024-10-21T00:37:27,2024-10-21T00:40:51.753305,2024-10-21T01:25:02.510636,CLOSED,,FIREWALL-01,False
ALT-CSE-01-01928,CSE-01,MEDIUM,2024-12-24T06:46:24,2024-12-24T06:52:47.872558,2024-12-24T08:08:47.547975,CLOSED,,ENDPOINT-01,False
ALT-CSE-01-01929,CSE-01,MEDIUM,2024-12-07T23:04:23,2024-12-07T23:07:00.559004,2024-12-08T01:58:08.271715,CLOSED,,DB-SERVER-01,False
ALT-CSE-01-01930,CSE-01,MEDIUM,2024-10-11T23:03:49,2024-10-11T23:06:25.501550,2024-10-12T01:10:30.883892,CLOSED,,DB-SERVER-01,False
ALT-CSE-01-01931,CSE-01,HIGH,2024-10-02T18:23:30,2024-10-02T18:35:33.919069,2024-10-02T19:07:37.760453,CLOSED,,ROUTER-01,False
ALT-CSE-01-01932,CSE-01,LOW,2024-11-20T04:49:58,2024-11-20T04:55:51.545116,2024-11-20T07:47:04.874776,CLOSED,CAS-CSE-01-0433,ROUTER-01,False
ALT-CSE-01-01933,CSE-01,MEDIUM,2024-10-08T19:07:26,2024-10-08T19:19:40.255746,2024-10-08T20:54:10.748278,CLOSED,,FIREWALL-01,False
ALT-CSE-01-01934,CSE-01,HIGH,2024-10-05T22:56:39,2024-10-05T23:00:16.623646,2024-10-06T01:41:35.463492,CLOSED,,FIREWALL-01,False
ALT-CSE-01-01935,CSE-01,LOW,2024-10-16T14:17:38,2024-10-16T14:25:06.132444,2024-10-16T16:02:21.042705,CLOSED,,ENDPOINT-01,False
ALT-CSE-01-01936,CSE-01,HIGH,2024-12-28T16:46:34,2024-12-28T16:49:01.351337,2024-12-28T17:49:53.445913,CLOSED,,DB-SERVER-01,False
ALT-CSE-01-01937,CSE-01,MEDIUM,2024-10-09T10:18:36,2024-10-09T10:31:09.415955,2024-10-09T11:37:49.568826,CLOSED,,ROUTER-01,False
ALT-CSE-01-01938,CSE-01,CRITICAL,2024-10-13T07:09:20,2024-10-13T07:13:28.883129,2024-10-13T07:58:57.774323,CLOSED,CAS-CSE-01-0434,FIREWALL-01,False
ALT-CSE-01-01939,CSE-01,MEDIUM,2024-10-20T06:49:37,2024-10-20T06:57:06.526957,2024-10-20T09:01:19.339712,CLOSED,,ROUTER-01,False
ALT-CSE-01-01940,CSE-01,CRITICAL,2024-10-17T01:26:02,2024-10-17T01:31:15.108215,2024-10-17T02:21:54.037087,CLOSED,CAS-CSE-01-0435,DB-SERVER-01,False
ALT-CSE-01-01941,CSE-01,LOW,2024-11-23T12:26:44,2024-11-23T12:41:01.097107,2024-11-23T13:58:49.347698,CLOSED,CAS-CSE-01-0436,WEB-SERVER-01,False
ALT-CSE-01-01942,CSE-01,HIGH,2024-11-24T17:26:11,2024-11-24T17:38:46.537879,2024-11-24T18:34:17.973447,CLOSED,,ROUTER-01,False
ALT-CSE-01-01943,CSE-01,MEDIUM,2024-12-05T03:33:41,2024-12-05T03:40:26.053415,2024-12-05T07:02:31.696734,CLOSED,,FIREWALL-01,False
ALT-CSE-01-01944,CSE-01,LOW,2024-11-12T10:27:57,2024-11-12T10:39:25.784478,2024-11-12T12:50:38.187605,CLOSED,,ENDPOINT-01,False
ALT-CSE-01-01945,CSE-01,HIGH,2024-12-29T04:56:19,2024-12-29T04:58:11.270597,2024-12-29T07:42:56.704489,CLOSED,,ENDPOINT-01,False
ALT-CSE-01-01946,CSE-01,MEDIUM,2024-11-01T07:38:00,2024-11-01T07:46:23.544669,2024-11-01T09:08:35.376521,CLOSED,,DB-SERVER-01,False
ALT-CSE-01-01947,CSE-01,MEDIUM,2024-11-16T14:21:41,2024-11-16T14:30:23.602046,2024-11-16T16:55:39.509963,CLOSED,,ENDPOINT-01,False
ALT-CSE-01-01948,CSE-01,HIGH,2024-10-24T22:10:42,2024-10-24T22:12:40.385206,2024-10-24T23:12:07.245738,CLOSED,CAS-CSE-01-0437,WEB-SERVER-01,False
ALT-CSE-01-01949,CSE-01,HIGH,2024-10-03T13:48:55,2024-10-03T14:00:05.463763,2024-10-03T15:32:11.596376,CLOSED,,DB-SERVER-01,False
ALT-CSE-01-01950,CSE-01,HIGH,2024-10-14T06:33:27,2024-10-14T06:35:27.180205,2024-10-14T08:01:38.807918,CLOSED,CAS-CSE-01-0438,ENDPOINT-01,False
ALT-CSE-01-01951,CSE-01,MEDIUM,2024-10-01T18:46:53,2024-10-01T18:53:12.133645,2024-10-01T20:20:22.045065,CLOSED,,DB-SERVER-01,False
ALT-CSE-01-01952,CSE-01,MEDIUM,2024-11-05T19:36:47,2024-11-05T19:43:51.402364,2024-11-05T22:28:36.647771,CLOSED,,ROUTER-01,False
ALT-CSE-01-01953,CSE-01,MEDIUM,2024-10-04T06:02:27,2024-10-04T06:12:51.938834,2024-10-04T08:12:30.175254,CLOSED,,ENDPOINT-01,False
ALT-CSE-01-01954,CSE-01,LOW,2024-12-15T04:53:17,2024-12-15T04:55:28.576192,2024-12-15T06:06:16.838975,CLOSED,,ROUTER-01,False
ALT-CSE-01-01955,CSE-01,HIGH,2024-10-10T09:56:07,2024-10-10T10:00:31.885065,2024-10-10T11:44:47.494236,CLOSED,,FIREWALL-01,False
ALT-CSE-01-01956,CSE-01,MEDIUM,2024-11-17T00:10:35,2024-11-17T00:13:00.407620,2024-11-17T02:12:23.391303,CLOSED,,WEB-SERVER-01,False
ALT-CSE-01-01957,CSE-01,HIGH,2024-11-28T04:16:17,2024-11-28T04:24:04.859764,2024-11-28T06:04:48.492499,CLOSED,,FIREWALL-01,False
ALT-CSE-01-01958,CSE-01,LOW,2024-12-23T06:53:04,2024-12-23T07:06:18.299812,2024-12-23T10:01:52.701694,CLOSED,,ROUTER-01,False
ALT-CSE-01-01959,CSE-01,LOW,2024-10-09T00:52:58,2024-10-09T00:58:45.655512,2024-10-09T04:15:01.495441,CLOSED,,DB-SERVER-01,False
ALT-CSE-01-01960,CSE-01,MEDIUM,2024-12-20T02:34:21,2024-12-20T02:45:23.053445,2024-12-20T04:36:36.437560,CLOSED,,FIREWALL-01,False
ALT-CSE-01-01961,CSE-01,MEDIUM,2024-11-18T15:12:45,2024-11-18T15:19:39.944475,2024-11-18T17:37:32.219298,CLOSED,,ROUTER-01,False
ALT-CSE-01-01962,CSE-01,CRITICAL,2024-11-10T09:58:06,2024-11-10T10:06:15.500870,2024-11-10T10:49:35.945729,CLOSED,CAS-CSE-01-0439,DB-SERVER-01,False
ALT-CSE-01-01963,CSE-01,MEDIUM,2024-10-15T15:31:35,2024-10-15T15:40:13.263848,2024-10-15T17:47:00.442679,CLOSED,,FIREWALL-01,False
ALT-CSE-01-01964,CSE-01,MEDIUM,2024-10-27T07:41:48,2024-10-27T07:44:55.929545,2024-10-27T10:03:29.989844,CLOSED,,ROUTER-01,False
ALT-CSE-01-01965,CSE-01,CRITICAL,2024-12-19T13:14:09,2024-12-19T13:23:39.621775,2024-12-19T13:44:31.389220,CLOSED,CAS-CSE-01-0440,WEB-SERVER-01,False
ALT-CSE-01-01966,CSE-01,HIGH,2024-11-04T13:15:33,2024-11-04T13:17:49.234660,2024-11-04T15:47:58.951654,CLOSED,,FIREWALL-01,False
ALT-CSE-01-01967,CSE-01,HIGH,2024-12-26T05:37:12,2024-12-26T05:50:58.950392,2024-12-26T07:14:21.958711,CLOSED,,ROUTER-01,False
ALT-CSE-01-01968,CSE-01,HIGH,2024-10-05T11:46:40,2024-10-05T11:54:24.504658,2024-10-05T14:11:19.393007,CLOSED,,ROUTER-01,False
ALT-CSE-01-01969,CSE-01,HIGH,2024-12-23T10:17:47,2024-12-23T10:31:19.202670,2024-12-23T11:20:29.567342,CLOSED,,ROUTER-01,False
ALT-CSE-01-01970,CSE-01,LOW,2024-10-16T20:38:19,2024-10-16T20:52:22.100721,2024-10-16T22:39:00.507675,CLOSED,,WEB-SERVER-01,False
ALT-CSE-01-01971,CSE-01,LOW,2024-12-13T09:20:52,2024-12-13T09:25:53.200424,2024-12-13T11:08:10.268035,CLOSED,,FIREWALL-01,False
ALT-CSE-01-01972,CSE-01,CRITICAL,2024-11-24T16:13:00,2024-11-24T16:27:59.637151,2024-11-24T17:04:26.753767,CLOSED,CAS-CSE-01-0441,FIREWALL-01,False
ALT-CSE-01-01973,CSE-01,HIGH,2024-11-25T00:23:23,2024-11-25T00:24:34.128157,2024-11-25T02:13:45.256380,CLOSED,,FIREWALL-01,False
ALT-CSE-01-01974,CSE-01,LOW,2024-11-27T05:25:59,2024-11-27T05:30:22.796459,2024-11-27T06:34:51.179745,CLOSED,,ENDPOINT-01,False
ALT-CSE-01-01975,CSE-01,HIGH,2024-11-15T21:54:13,2024-11-15T22:07:24.444408,2024-11-16T00:15:15.024311,CLOSED,,DB-SERVER-01,False
ALT-CSE-01-01976,CSE-01,MEDIUM,2024-10-02T12:07:30,2024-10-02T12:19:18.867350,2024-10-02T14:14:26.937038,CLOSED,,DB-SERVER-01,False
ALT-CSE-01-01977,CSE-01,MEDIUM,2024-12-25T00:08:36,2024-12-25T00:21:46.551924,2024-12-25T02:53:31.695655,CLOSED,,DB-SERVER-01,False
ALT-CSE-01-01978,CSE-01,HIGH,2024-11-03T20:17:56,2024-11-03T20:27:54.728011,2024-11-03T20:18:56,CLOSED,,WEB-SERVER-01,False
ALT-CSE-01-01979,CSE-01,MEDIUM,2024-12-21T16:48:48,2024-12-21T16:56:48.575005,2024-12-21T17:50:40.592646,CLOSED,,WEB-SERVER-01,False
ALT-CSE-01-01980,CSE-01,HIGH,2024-11-08T23:11:25,2024-11-08T23:18:19.024023,2024-11-09T00:54:43.136197,CLOSED,,WEB-SERVER-01,False
ALT-CSE-01-01981,CSE-01,MEDIUM,2024-10-14T04:15:24,2024-10-14T04:22:45.436527,2024-10-14T06:41:14.866223,CLOSED,,WEB-SERVER-01,False
ALT-CSE-01-01982,CSE-01,MEDIUM,2024-12-04T01:20:42,2024-12-04T01:32:38.209396,2024-12-04T02:21:51.871832,CLOSED,,ROUTER-01,False
ALT-CSE-01-01983,CSE-01,CRITICAL,2024-10-22T07:12:08,2024-10-22T07:22:54.643641,2024-10-22T07:55:22.241175,CLOSED,CAS-CSE-01-0442,ROUTER-01,False
ALT-CSE-01-01984,CSE-01,LOW,2024-12-17T09:56:00,2024-12-17T09:59:57.479441,2024-12-17T11:13:27.534829,CLOSED,,ROUTER-01,False
ALT-CSE-01-01985,CSE-01,LOW,2024-11-30T13:37:57,2024-11-30T13:49:32.821481,2024-11-30T15:09:09.610523,CLOSED,,WEB-SERVER-01,False
ALT-CSE-01-01986,CSE-01,MEDIUM,2024-12-13T06:35:32,2024-12-13T06:44:55.593196,2024-12-13T09:21:33.534241,CLOSED,,FIREWALL-01,False
ALT-CSE-01-01987,CSE-01,HIGH,2024-12-07T20:15:53,2024-12-07T20:27:32.873434,2024-12-07T21:03:48.210827,CLOSED,,ENDPOINT-01,False
ALT-CSE-01-01988,CSE-01,MEDIUM,2024-12-22T12:12:54,2024-12-22T12:20:32.098629,2024-12-22T15:28:24.957573,CLOSED,,FIREWALL-01,False
ALT-CSE-01-01989,CSE-01,MEDIUM,2024-11-14T09:59:07,2024-11-14T10:01:41.799138,2024-11-14T11:10:42.384117,CLOSED,,WEB-SERVER-01,False
ALT-CSE-01-01990,CSE-01,CRITICAL,2024-11-25T07:41:04,2024-11-25T07:44:12.329235,2024-11-25T08:28:02.829249,CLOSED,,FIREWALL-01,False
ALT-CSE-01-01991,CSE-01,LOW,2024-11-09T13:24:54,2024-11-09T13:36:12.875598,2024-11-09T15:57:43.851264,CLOSED,,FIREWALL-01,False
ALT-CSE-01-01992,CSE-01,LOW,2024-10-28T08:15:31,2024-10-28T08:21:56.793509,2024-10-28T10:24:38.061603,CLOSED,,ROUTER-01,False
ALT-CSE-01-01993,CSE-01,MEDIUM,2024-11-06T21:24:36,2024-11-06T21:28:53.461304,2024-11-06T23:43:13.685228,CLOSED,,ROUTER-01,False
ALT-CSE-01-01994,CSE-01,MEDIUM,2024-10-31T01:59:43,2024-10-31T02:07:42.954976,2024-10-31T03:39:16.485461,CLOSED,,ENDPOINT-01,False
ALT-CSE-01-01995,CSE-01,MEDIUM,2024-10-05T03:36:37,2024-10-05T03:51:33.760739,2024-10-05T04:59:56.821506,CLOSED,,WEB-SERVER-01,False
ALT-CSE-01-01996,CSE-01,MEDIUM,2024-12-26T13:28:02,2024-12-26T13:41:04.347842,2024-12-26T14:23:36.393074,CLOSED,,ENDPOINT-01,False
ALT-CSE-01-01997,CSE-01,MEDIUM,2024-11-28T13:50:14,2024-11-28T13:52:00.592584,2024-11-28T16:20:23.601900,CLOSED,,ROUTER-01,False
ALT-CSE-01-01998,CSE-01,MEDIUM,2024-10-13T17:01:00,2024-10-13T17:15:16.484045,2024-10-13T19:11:36.873339,CLOSED,,FIREWALL-01,False
ALT-CSE-01-01999,CSE-01,HIGH,2024-11-06T10:25:20,2024-11-06T10:29:51.393203,2024-11-06T12:23:30.283571,CLOSED,,ROUTER-01,False
ALT-CSE-01-02000,CSE-01,HIGH,2024-11-05T21:56:11,2024-11-05T22:04:28.980975,2024-11-05T23:15:56.737846,CLOSED,,ROUTER-01,False
ALT-CSE-01-02001,CSE-01,MEDIUM,2024-11-04T16:39:37,2024-11-04T16:51:07.925961,2024-11-04T18:50:25.995227,CLOSED,,WEB-SERVER-01,False
ALT-CSE-01-02002,CSE-01,MEDIUM,2024-12-09T19:02:28,2024-12-09T19:03:48.744902,2024-12-09T20:20:22.783211,CLOSED,,FIREWALL-01,False
ALT-CSE-01-02003,CSE-01,HIGH,2024-12-11T02:28:32,2024-12-11T02:33:46.083093,2024-12-11T04:15:46.211452,CLOSED,,WEB-SERVER-01,False
ALT-CSE-01-02004,CSE-01,HIGH,2024-12-25T19:20:57,2024-12-25T19:29:54.857509,2024-12-25T21:30:45.634838,CLOSED,,ROUTER-01,False
ALT-CSE-01-02005,CSE-01,MEDIUM,2024-11-03T05:28:39,2024-11-03T05:33:24.940145,2024-11-03T06:02:40.871365,CLOSED,,ROUTER-01,False
ALT-CSE-01-02006,CSE-01,MEDIUM,2024-12-14T03:12:41,2024-12-14T03:15:50.370356,2024-12-14T05:15:37.664879,CLOSED,,ENDPOINT-01,False
ALT-CSE-01-02007,CSE-01,LOW,2024-12-08T02:15:29,2024-12-08T02:17:21.515031,2024-12-08T04:39:58.679437,CLOSED,,DB-SERVER-01,False
ALT-CSE-01-02008,CSE-01,MEDIUM,2024-12-27T00:01:30,2024-12-27T00:04:45.085542,2024-12-27T01:55:04.904183,CLOSED,,DB-SERVER-01,False
ALT-CSE-01-02009,CSE-01,CRITICAL,2024-11-07T19:27:37,2024-11-07T19:29:36.950383,2024-11-07T20:37:22.523855,CLOSED,CAS-CSE-01-0443,ROUTER-01,False
ALT-CSE-01-02010,CSE-01,LOW,2024-11-24T23:59:28,2024-11-25T00:13:59.156655,2024-11-25T02:51:17.843080,CLOSED,,DB-SERVER-01,False
ALT-CSE-01-02011,CSE-01,CRITICAL,2024-12-25T00:52:44,2024-12-25T01:02:43.907181,2024-12-25T02:00:06.629643,CLOSED,CAS-CSE-01-0444,FIREWALL-01,False
ALT-CSE-01-02012,CSE-01,HIGH,2024-10-16T12:11:22,2024-10-16T12:18:15.445110,2024-10-16T15:29:55.768928,CLOSED,,ROUTER-01,False
ALT-CSE-01-02013,CSE-01,HIGH,2024-12-22T03:39:44,2024-12-22T03:53:48.755853,2024-12-22T05:55:37.357640,CLOSED,,DB-SERVER-01,False
ALT-CSE-01-02014,CSE-01,MEDIUM,2024-10-25T10:56:52,2024-10-25T11:05:26.915657,2024-10-25T12:15:10.215493,CLOSED,,ENDPOINT-01,False
ALT-CSE-01-02015,CSE-01,LOW,2024-12-10T09:23:22,2024-12-10T09:25:26.162716,2024-12-10T11:03:46.704496,CLOSED,,DB-SERVER-01,False
ALT-CSE-01-02016,CSE-01,MEDIUM,2024-10-15T00:29:04,2024-10-15T00:42:27.395459,2024-10-15T01:19:16.683991,CLOSED,,WEB-SERVER-01,False
ALT-CSE-01-02017,CSE-01,LOW,2024-10-13T04:11:31,2024-10-13T04:20:38.606513,2024-10-13T05:27:29.634292,CLOSED,,WEB-SERVER-01,False
ALT-CSE-01-02018,CSE-01,HIGH,2024-11-16T22:16:56,2024-11-16T22:21:41.935932,2024-11-17T00:00:59.051359,CLOSED,,DB-SERVER-01,False
ALT-CSE-01-02019,CSE-01,MEDIUM,2024-10-23T16:55:41,2024-10-23T17:08:32.371131,2024-10-23T18:30:03.364461,CLOSED,,FIREWALL-01,False
ALT-CSE-01-02020,CSE-01,MEDIUM,2024-10-18T16:27:12,2024-10-18T16:36:04.238569,2024-10-18T18:56:02.577344,CLOSED,,ENDPOINT-01,False
ALT-CSE-01-02021,CSE-01,HIGH,2024-11-14T09:58:35,2024-11-14T10:04:31.521243,2024-11-14T11:30:03.845915,CLOSED,,WEB-SERVER-01,False
ALT-CSE-01-02022,CSE-01,CRITICAL,2024-11-10T18:47:40,2024-11-10T18:52:15.390501,2024-11-10T19:35:54.754910,CLOSED,CAS-CSE-01-0445,DB-SERVER-01,False
ALT-CSE-01-02023,CSE-01,HIGH,2024-10-02T20:15:57,2024-10-02T20:30:17.786132,2024-10-02T21:05:04.229998,CLOSED,,FIREWALL-01,False
ALT-CSE-01-02024,CSE-01,CRITICAL,2024-10-15T09:34:54,2024-10-15T09:49:03.475463,2024-10-15T10:36:14.109292,CLOSED,CAS-CSE-01-0446,ROUTER-01,False
ALT-CSE-01-02025,CSE-01,HIGH,2024-11-20T17:04:17,2024-11-20T17:11:33.469100,2024-11-20T19:53:26.119196,CLOSED,,WEB-SERVER-01,False
ALT-CSE-01-02026,CSE-01,MEDIUM,2024-12-09T23:40:40,2024-12-09T23:55:15.281391,2024-12-10T00:26:24.621131,CLOSED,,ROUTER-01,False
ALT-CSE-01-02027,CSE-01,MEDIUM,2024-12-28T07:11:15,2024-12-28T07:14:24.651187,2024-12-28T09:01:20.117266,CLOSED,,FIREWALL-01,False
ALT-CSE-01-02028,CSE-01,HIGH,2024-11-21T02:43:07,2024-11-21T02:45:52.282645,2024-11-21T04:15:20.524150,CLOSED,,WEB-SERVER-01,False
ALT-CSE-01-02029,CSE-01,HIGH,2024-11-06T14:45:34,2024-11-06T14:48:03.503137,2024-11-06T16:35:15.382776,CLOSED,,ROUTER-01,False
ALT-CSE-01-02030,CSE-01,HIGH,2024-10-01T17:09:49,2024-10-01T17:13:29.411438,2024-10-01T19:52:20.850919,CLOSED,,FIREWALL-01,False
ALT-CSE-01-02031,CSE-01,HIGH,2024-10-30T12:12:36,2024-10-30T12:13:55.246110,2024-10-30T14:40:49.547472,CLOSED,,WEB-SERVER-01,False
ALT-CSE-01-02032,CSE-01,CRITICAL,2024-10-14T21:06:23,2024-10-14T21:17:18.798898,2024-10-14T21:59:02.252144,CLOSED,CAS-CSE-01-0447,WEB-SERVER-01,False
ALT-CSE-01-02033,CSE-01,MEDIUM,2024-11-21T12:41:12,2024-11-21T12:52:06.552138,2024-11-21T13:44:08.085644,CLOSED,,DB-SERVER-01,False
ALT-CSE-01-02034,CSE-01,HIGH,2024-12-27T14:49:22,2024-12-27T14:57:11.356832,2024-12-27T15:46:08.569200,CLOSED,CAS-CSE-01-0448,ROUTER-01,False
ALT-CSE-01-02035,CSE-01,MEDIUM,2024-10-07T14:15:21,2024-10-07T14:17:04.798550,2024-10-07T16:15:22.228114,CLOSED,,FIREWALL-01,False
ALT-CSE-01-02036,CSE-01,MEDIUM,2024-10-07T15:34:12,2024-10-07T15:41:54.149389,2024-10-07T18:48:57.056478,CLOSED,CAS-CSE-01-0449,FIREWALL-01,False
ALT-CSE-01-02037,CSE-01,HIGH,2024-12-12T00:31:43,2024-12-12T00:41:04.422904,2024-12-12T03:14:47.106804,CLOSED,,ROUTER-01,False
ALT-CSE-01-02038,CSE-01,HIGH,2024-11-08T11:21:51,2024-11-08T11:27:23.484189,2024-11-08T14:02:23.428739,CLOSED,,WEB-SERVER-01,False
ALT-CSE-01-02039,CSE-01,HIGH,2024-10-03T14:46:35,2024-10-03T15:00:06.639565,2024-10-03T16:42:16.789746,CLOSED,,ROUTER-01,False
ALT-CSE-01-02040,CSE-01,MEDIUM,2024-10-10T17:09:22,2024-10-10T17:22:52.284046,2024-10-10T17:43:33.571759,CLOSED,,ENDPOINT-01,False
ALT-CSE-01-02041,CSE-01,MEDIUM,2024-10-07T18:29:47,2024-10-07T18:32:41.277796,2024-10-07T20:16:45.840459,CLOSED,CAS-CSE-01-0450,DB-SERVER-01,False
ALT-CSE-01-02042,CSE-01,MEDIUM,2024-10-12T03:37:34,2024-10-12T03:39:38.875683,2024-10-12T05:53:09.979766,CLOSED,,ROUTER-01,False
ALT-CSE-01-02043,CSE-01,HIGH,2024-11-01T09:46:32,2024-11-01T09:49:58.375033,2024-11-01T11:32:15.636981,CLOSED,,ENDPOINT-01,False
ALT-CSE-01-02044,CSE-01,MEDIUM,2024-12-21T04:48:23,2024-12-21T04:49:31.083255,2024-12-21T05:42:16.149701,CLOSED,,ROUTER-01,False
ALT-CSE-01-02045,CSE-01,MEDIUM,2024-11-29T07:58:43,2024-11-29T08:11:16.697313,2024-11-29T09:39:06.280531,CLOSED,,ROUTER-01,False
ALT-CSE-01-02046,CSE-01,HIGH,2024-10-18T17:10:34,2024-10-18T17:15:20.155210,2024-10-18T18:53:49.695664,CLOSED,CAS-CSE-01-0451,ROUTER-01,False
ALT-CSE-01-02047,CSE-01,MEDIUM,2024-11-01T14:21:29,2024-11-01T14:34:03.032673,2024-11-01T15:28:35.375060,CLOSED,,DB-SERVER-01,False
ALT-CSE-01-02048,CSE-01,CRITICAL,2024-12-14T12:36:14,2024-12-14T12:48:24.713848,2024-12-14T13:04:12.768230,CLOSED,CAS-CSE-01-0452,DB-SERVER-01,False
ALT-CSE-01-02049,CSE-01,MEDIUM,2024-10-24T11:51:46,2024-10-24T12:03:12.629591,2024-10-24T14:09:27.850633,CLOSED,,DB-SERVER-01,False
ALT-CSE-01-02050,CSE-01,CRITICAL,2024-11-28T19:54:54,2024-11-28T20:01:15.577403,2024-11-28T20:44:51.353991,CLOSED,CAS-CSE-01-0453,ENDPOINT-01,False
ALT-CSE-01-02051,CSE-01,HIGH,2024-10-12T10:40:27,2024-10-12T10:53:35.950628,2024-10-12T11:32:02.974956,CLOSED,,WEB-SERVER-01,False
ALT-CSE-01-02052,CSE-01,HIGH,2024-12-07T15:41:25,2024-12-07T15:47:33.041645,2024-12-07T18:03:58.328610,CLOSED,,FIREWALL-01,False
ALT-CSE-01-02053,CSE-01,MEDIUM,2024-11-22T03:37:41,2024-11-22T03:46:57.868210,2024-11-22T04:52:13.769422,CLOSED,,FIREWALL-01,False
ALT-CSE-01-02054,CSE-01,MEDIUM,2024-10-08T09:42:09,2024-10-08T09:45:16.780007,2024-10-08T11:51:16.081475,CLOSED,CAS-CSE-01-0454,ENDPOINT-01,False
ALT-CSE-01-02055,CSE-01,CRITICAL,2024-12-01T23:28:36,2024-12-01T23:33:24.734279,2024-12-02T00:22:46.243601,CLOSED,CAS-CSE-01-0455,ENDPOINT-01,False
ALT-CSE-01-02056,CSE-01,HIGH,2024-12-13T19:31:48,2024-12-13T19:36:03.291426,2024-12-13T22:00:39.035494,CLOSED,,DB-SERVER-01,False
ALT-CSE-01-02057,CSE-01,LOW,2024-11-16T23:41:13,2024-11-16T23:49:08.466198,2024-11-17T01:16:39.293086,CLOSED,,ROUTER-01,False
ALT-CSE-01-02058,CSE-01,LOW,2024-12-03T06:06:11,2024-12-03T06:12:00.529650,2024-12-03T07:37:40.262989,CLOSED,,ROUTER-01,False
ALT-CSE-01-02059,CSE-01,CRITICAL,2024-12-05T08:54:59,2024-12-05T09:03:25.460291,2024-12-05T09:38:36.339193,CLOSED,,ENDPOINT-01,False
ALT-CSE-01-02060,CSE-01,MEDIUM,2024-11-22T11:31:57,2024-11-22T11:42:36.163294,2024-11-22T13:27:55.409058,CLOSED,,WEB-SERVER-01,False
ALT-CSE-01-02061,CSE-01,LOW,2024-11-21T20:57:49,2024-11-21T21:02:53.690669,2024-11-21T22:09:09.786983,CLOSED,,DB-SERVER-01,False
ALT-CSE-01-02062,CSE-01,HIGH,2024-12-20T06:04:36,2024-12-20T06:16:22.908808,2024-12-20T08:09:57.378129,CLOSED,,ENDPOINT-01,False
ALT-CSE-01-02063,CSE-01,MEDIUM,2024-10-28T07:11:44,2024-10-28T07:13:13.218181,2024-10-28T08:06:50.387000,CLOSED,CAS-CSE-01-0456,DB-SERVER-01,False
ALT-CSE-01-02064,CSE-01,HIGH,2024-11-21T17:07:23,2024-11-21T17:12:56.999857,2024-11-21T20:08:25.082469,CLOSED,,ENDPOINT-01,False
ALT-CSE-01-02065,CSE-01,MEDIUM,2024-10-28T11:05:27,2024-10-28T11:09:17.598664,2024-10-28T11:52:21.134840,CLOSED,,DB-SERVER-01,False
ALT-CSE-01-02066,CSE-01,MEDIUM,2024-12-24T23:24:56,2024-12-24T23:37:03.855935,2024-12-25T02:34:23.245740,CLOSED,,FIREWALL-01,False
ALT-CSE-01-02067,CSE-01,MEDIUM,2024-10-03T12:06:41,2024-10-03T12:09:33.512976,2024-10-03T13:28:13.622587,CLOSED,CAS-CSE-01-0457,FIREWALL-01,False
ALT-CSE-01-02068,CSE-01,MEDIUM,2024-12-12T16:27:39,2024-12-12T16:38:42.639344,2024-12-12T17:32:07.417051,CLOSED,,WEB-SERVER-01,False
ALT-CSE-01-02069,CSE-01,MEDIUM,2024-11-07T23:17:35,2024-11-07T23:20:27.027196,2024-11-08T00:28:06.574218,CLOSED,CAS-CSE-01-0458,DB-SERVER-01,False
ALT-CSE-01-02070,CSE-01,HIGH,2024-10-16T17:49:01,2024-10-16T17:59:16.336377,2024-10-16T18:55:42.653064,CLOSED,CAS-CSE-01-0459,FIREWALL-01,False
ALT-CSE-01-02071,CSE-01,CRITICAL,2024-11-06T00:11:16,2024-11-06T00:19:29.689465,2024-11-06T01:15:55.527430,CLOSED,CAS-CSE-01-0460,DB-SERVER-01,False
ALT-CSE-01-02072,CSE-01,MEDIUM,2024-10-10T04:15:20,2024-10-10T04:17:46.515765,2024-10-10T05:32:10.269758,CLOSED,,WEB-SERVER-01,False
ALT-CSE-01-02073,CSE-01,MEDIUM,2024-12-05T08:58:35,2024-12-05T09:00:05.362817,2024-12-05T10:29:26.152343,CLOSED,,FIREWALL-01,False
ALT-CSE-01-02074,CSE-01,LOW,2024-10-14T19:50:12,2024-10-14T19:55:09.037987,2024-10-14T21:03:54.782362,CLOSED,CAS-CSE-01-0461,ROUTER-01,False
ALT-CSE-01-02075,CSE-01,CRITICAL,2024-12-27T08:34:15,2024-12-27T08:47:10.679004,2024-12-27T09:20:00.124821,CLOSED,CAS-CSE-01-0462,WEB-SERVER-01,False
ALT-CSE-01-02076,CSE-01,HIGH,2024-10-04T16:01:36,2024-10-04T16:02:54.535252,2024-10-04T17:22:58.059311,CLOSED,,ENDPOINT-01,False
ALT-CSE-01-02077,CSE-01,CRITICAL,2024-10-22T01:03:53,2024-10-22T01:18:31.924136,2024-10-22T02:05:10.507907,CLOSED,,DB-SERVER-01,False
ALT-CSE-01-02078,CSE-01,MEDIUM,2024-12-13T22:25:18,2024-12-13T22:37:15.476708,2024-12-14T00:00:27.795438,CLOSED,,WEB-SERVER-01,False
ALT-CSE-01-02079,CSE-01,HIGH,2024-10-11T07:14:53,2024-10-11T07:24:52.272706,2024-10-11T09:56:58.541258,CLOSED,,FIREWALL-01,False
ALT-CSE-01-02080,CSE-01,MEDIUM,2024-11-19T11:09:03,2024-11-19T11:20:07.529815,2024-11-19T12:49:43.276360,CLOSED,,WEB-SERVER-01,False
ALT-CSE-01-02081,CSE-01,LOW,2024-11-04T08:25:59,2024-11-04T08:36:09.934879,2024-11-04T09:30:56.503726,CLOSED,,ROUTER-01,False
ALT-CSE-01-02082,CSE-01,LOW,2024-10-23T09:41:59,2024-10-23T09:43:13.963603,2024-10-23T11:10:34.722797,CLOSED,,ROUTER-01,False
ALT-CSE-01-02083,CSE-01,MEDIUM,2024-11-08T06:18:15,2024-11-08T06:28:13.310422,2024-11-08T08:24:51.796846,CLOSED,,WEB-SERVER-01,False
ALT-CSE-01-02084,CSE-01,MEDIUM,2024-11-25T09:07:20,2024-11-25T09:18:04.300697,2024-11-25T10:39:08.305150,CLOSED,,ROUTER-01,False
ALT-CSE-01-02085,CSE-01,MEDIUM,2024-11-16T18:52:39,2024-11-16T18:59:38.210324,2024-11-16T20:25:21.446979,CLOSED,CAS-CSE-01-0463,ROUTER-01,False
ALT-CSE-01-02086,CSE-01,LOW,2024-10-07T02:19:28,2024-10-07T02:33:17.670852,2024-10-07T04:22:03.717656,CLOSED,,ENDPOINT-01,False
ALT-CSE-01-02087,CSE-01,MEDIUM,2024-11-27T08:56:43,2024-11-27T08:59:18.044636,2024-11-27T10:58:18.294160,CLOSED,,WEB-SERVER-01,False
ALT-CSE-01-02088,CSE-01,CRITICAL,2024-12-08T11:31:57,2024-12-08T11:33:21.205129,2024-12-08T12:29:29.471504,CLOSED,CAS-CSE-01-0464,ROUTER-01,False
ALT-CSE-01-02089,CSE-01,MEDIUM,2024-10-25T19:45:09,2024-10-25T19:47:59.748752,2024-10-25T21:29:56.638148,CLOSED,CAS-CSE-01-0465,ROUTER-01,False
ALT-CSE-01-02090,CSE-01,MEDIUM,2024-12-19T22:59:18,2024-12-19T23:07:49.784588,2024-12-20T01:06:16.730879,CLOSED,,FIREWALL-01,False
ALT-CSE-01-02091,CSE-01,HIGH,2024-10-19T09:35:47,2024-10-19T09:50:31.711967,2024-10-19T11:19:41.597944,CLOSED,,FIREWALL-01,False
ALT-CSE-01-02092,CSE-01,CRITICAL,2024-12-10T08:24:43,2024-12-10T08:30:02.175149,2024-12-10T09:17:58.466043,CLOSED,CAS-CSE-01-0466,ENDPOINT-01,False
ALT-CSE-01-02093,CSE-01,LOW,2024-11-22T20:20:47,2024-11-22T20:34:24.170373,2024-11-22T22:29:52.879711,CLOSED,,ENDPOINT-01,False
ALT-CSE-01-02094,CSE-01,MEDIUM,2024-11-19T03:12:25,2024-11-19T03:26:37.054228,2024-11-19T05:22:48.272190,CLOSED,,ENDPOINT-01,False
ALT-CSE-01-02095,CSE-01,LOW,2024-12-06T07:29:49,2024-12-06T07:40:27.381771,2024-12-06T09:42:17.868361,CLOSED,,ROUTER-01,False
ALT-CSE-01-02096,CSE-01,MEDIUM,2024-12-25T01:08:23,2024-12-25T01:16:45.449558,2024-12-25T01:59:10.907096,CLOSED,,DB-SERVER-01,False
ALT-CSE-01-02097,CSE-01,HIGH,2024-11-25T23:57:02,2024-11-26T00:04:34.498023,2024-11-26T01:23:39.303566,CLOSED,,FIREWALL-01,False
ALT-CSE-01-02098,CSE-01,LOW,2024-11-12T08:12:03,2024-11-12T08:20:25.881706,2024-11-12T10:55:49.065731,CLOSED,,FIREWALL-01,False
ALT-CSE-01-02099,CSE-01,LOW,2024-11-30T09:54:55,2024-11-30T10:03:03.084992,2024-11-30T11:45:56.715724,CLOSED,,WEB-SERVER-01,False
ALT-CSE-01-02100,CSE-01,MEDIUM,2024-12-07T00:58:55,2024-12-07T01:08:51.697177,2024-12-07T04:14:25.035235,CLOSED,,FIREWALL-01,False
ALT-CSE-01-02101,CSE-01,HIGH,2024-11-22T22:27:17,2024-11-22T22:29:44.883290,2024-11-23T01:14:18.817177,CLOSED,,DB-SERVER-01,False
ALT-CSE-01-02102,CSE-01,CRITICAL,2024-10-24T12:26:39,2024-10-24T12:37:37.503919,2024-10-24T13:20:20.977391,CLOSED,CAS-CSE-01-0467,ROUTER-01,False
ALT-CSE-01-02103,CSE-01,HIGH,2024-10-14T06:24:06,2024-10-14T06:29:19.115304,2024-10-14T08:00:12.080440,CLOSED,,WEB-SERVER-01,False
ALT-CSE-01-02104,CSE-01,MEDIUM,2024-10-05T02:59:32,2024-10-05T03:05:56.138483,2024-10-05T05:24:14.982290,CLOSED,,WEB-SERVER-01,False
ALT-CSE-01-02105,CSE-01,LOW,2024-12-20T15:38:33,2024-12-20T15:46:11.247129,2024-12-20T18:09:39.092156,CLOSED,,FIREWALL-01,False
ALT-CSE-01-02106,CSE-01,MEDIUM,2024-12-26T13:11:15,2024-12-26T13:19:15.502258,2024-12-26T15:56:32.410446,CLOSED,,FIREWALL-01,False
ALT-CSE-01-02107,CSE-01,MEDIUM,2024-12-29T18:38:10,2024-12-29T18:41:58.511733,2024-12-29T20:30:12.447289,CLOSED,,FIREWALL-01,False
ALT-CSE-01-02108,CSE-01,MEDIUM,2024-11-28T10:40:59,2024-11-28T10:44:52.836916,2024-11-28T12:29:32.729496,CLOSED,,WEB-SERVER-01,False
ALT-CSE-01-02109,CSE-01,MEDIUM,2024-12-04T05:28:53,2024-12-04T05:39:41.342019,2024-12-04T07:08:30.454621,CLOSED,,WEB-SERVER-01,False
ALT-CSE-01-02110,CSE-01,HIGH,2024-11-26T05:58:06,2024-11-26T06:08:34.895743,2024-11-26T08:21:07.626013,CLOSED,,FIREWALL-01,False
ALT-CSE-01-02111,CSE-01,HIGH,2024-12-18T12:27:16,2024-12-18T12:33:53.916267,2024-12-18T14:08:05.174691,CLOSED,,FIREWALL-01,False
ALT-CSE-01-02112,CSE-01,CRITICAL,2024-10-26T14:10:26,2024-10-26T14:25:20.904509,2024-10-26T15:02:22.286332,CLOSED,CAS-CSE-01-0468,ENDPOINT-01,False
ALT-CSE-01-02113,CSE-01,LOW,2024-11-13T01:22:54,2024-11-13T01:33:20.033490,2024-11-13T03:15:10.385094,CLOSED,,FIREWALL-01,False
ALT-CSE-01-02114,CSE-01,MEDIUM,2024-10-07T21:00:29,2024-10-07T21:01:56.290812,2024-10-07T22:48:20.371386,CLOSED,,FIREWALL-01,False
ALT-CSE-01-02115,CSE-01,MEDIUM,2024-11-09T23:54:46,2024-11-10T00:07:13.797075,2024-11-10T02:14:46.062875,CLOSED,,ENDPOINT-01,False
ALT-CSE-01-02116,CSE-01,HIGH,2024-10-29T03:32:36,2024-10-29T03:46:26.590517,2024-10-29T06:27:41.702124,CLOSED,,ROUTER-01,False
ALT-CSE-01-02117,CSE-01,HIGH,2024-10-15T05:26:24,2024-10-15T05:27:35.195032,2024-10-15T09:43:52.210985,CLOSED,,DB-SERVER-01,False
ALT-CSE-01-02118,CSE-01,CRITICAL,2024-11-24T05:00:59,2024-11-24T05:06:15.581831,2024-11-24T05:37:49.860454,CLOSED,CAS-CSE-01-0469,ENDPOINT-01,False
ALT-CSE-01-02119,CSE-01,LOW,2024-12-22T02:36:34,2024-12-22T02:50:49.559821,2024-12-22T05:20:36.339171,CLOSED,,ROUTER-01,False
ALT-CSE-01-02120,CSE-01,HIGH,2024-10-13T18:48:02,2024-10-13T18:50:26.183777,2024-10-13T20:54:16.915947,CLOSED,,DB-SERVER-01,False
ALT-CSE-01-02121,CSE-01,MEDIUM,2024-10-16T08:53:41,2024-10-16T08:56:15.104247,2024-10-16T11:08:10.739818,CLOSED,,WEB-SERVER-01,False
ALT-CSE-01-02122,CSE-01,LOW,2024-12-09T00:03:03,2024-12-09T00:12:18.356208,2024-12-09T03:22:54.119744,CLOSED,,WEB-SERVER-01,False
ALT-CSE-01-02123,CSE-01,MEDIUM,2024-12-03T18:43:25,2024-12-03T18:53:51.061723,2024-12-03T20:34:57.100949,CLOSED,,WEB-SERVER-01,False
ALT-CSE-01-02124,CSE-01,HIGH,2024-11-28T06:34:58,2024-11-28T06:42:01.309185,2024-11-28T08:08:01.878294,CLOSED,,FIREWALL-01,False
ALT-CSE-01-02125,CSE-01,LOW,2024-12-13T08:55:42,2024-12-13T08:56:45.209615,2024-12-13T10:54:00.605725,CLOSED,,WEB-SERVER-01,False
ALT-CSE-01-02126,CSE-01,MEDIUM,2024-10-14T05:09:13,2024-10-14T05:15:54.686555,2024-10-14T06:59:15.260072,CLOSED,,DB-SERVER-01,False
ALT-CSE-01-02127,CSE-01,MEDIUM,2024-12-12T17:53:36,2024-12-12T18:00:02.348998,2024-12-12T19:47:34.224934,CLOSED,,DB-SERVER-01,False
ALT-CSE-01-02128,CSE-01,HIGH,2024-10-11T07:59:17,2024-10-11T08:05:15.654613,2024-10-11T09:27:01.728753,CLOSED,,DB-SERVER-01,False
ALT-CSE-01-02129,CSE-01,CRITICAL,2024-12-12T12:11:17,2024-12-12T12:16:04.069404,2024-12-12T13:02:07.651407,CLOSED,CAS-CSE-01-0470,FIREWALL-01,False
ALT-CSE-01-02130,CSE-01,MEDIUM,2024-10-24T03:02:52,2024-10-24T03:10:53.540290,2024-10-24T05:50:27.100905,CLOSED,,DB-SERVER-01,False
ALT-CSE-01-02131,CSE-01,CRITICAL,2024-12-06T02:13:57,2024-12-06T02:16:58.988898,2024-12-06T03:06:41.099856,CLOSED,CAS-CSE-01-0471,ENDPOINT-01,False
ALT-CSE-01-02132,CSE-01,MEDIUM,2024-10-05T05:12:21,2024-10-05T05:26:46.232947,2024-10-05T07:03:47.411765,CLOSED,,FIREWALL-01,False
ALT-CSE-01-02133,CSE-01,LOW,2024-11-19T07:20:19,2024-11-19T07:33:13.650953,2024-11-19T09:30:09.433077,CLOSED,,FIREWALL-01,False
ALT-CSE-01-02134,CSE-01,MEDIUM,2024-10-31T00:17:02,2024-10-31T00:29:44.638754,2024-10-31T02:16:15.370888,CLOSED,CAS-CSE-01-0472,FIREWALL-01,False
ALT-CSE-01-02135,CSE-01,LOW,2024-12-13T04:55:19,2024-12-13T05:05:12.596554,2024-12-13T06:29:29.408102,CLOSED,,FIREWALL-01,False
ALT-CSE-01-02136,CSE-01,HIGH,2024-10-23T11:39:10,2024-10-23T11:50:48.836756,2024-10-23T12:55:56.955999,CLOSED,,FIREWALL-01,False
ALT-CSE-01-02137,CSE-01,LOW,2024-11-28T12:13:13,2024-11-28T12:19:54.931304,2024-11-28T13:53:40.280974,CLOSED,,FIREWALL-01,False
ALT-CSE-01-02138,CSE-01,HIGH,2024-10-28T11:35:30,2024-10-28T11:49:41.961605,2024-10-28T13:18:13.745814,CLOSED,,WEB-SERVER-01,False
ALT-CSE-01-02139,CSE-01,MEDIUM,2024-11-22T16:07:54,2024-11-22T16:11:41.614972,2024-11-22T18:25:19.760888,CLOSED,,FIREWALL-01,False
ALT-CSE-01-02140,CSE-01,MEDIUM,2024-11-09T13:32:53,2024-11-09T13:38:35.241467,2024-11-09T16:49:10.642075,CLOSED,,ROUTER-01,False
ALT-CSE-01-02141,CSE-01,HIGH,2024-10-06T16:07:34,2024-10-06T16:17:02.020632,2024-10-06T18:49:40.763046,CLOSED,,DB-SERVER-01,False
ALT-CSE-01-02142,CSE-01,LOW,2024-10-14T18:39:20,2024-10-14T18:51:29.580879,2024-10-14T20:39:30.938487,CLOSED,,WEB-SERVER-01,False
ALT-CSE-01-02143,CSE-01,MEDIUM,2024-11-13T17:45:58,2024-11-13T17:52:20.982934,2024-11-13T18:47:12.356421,CLOSED,,WEB-SERVER-01,False
ALT-CSE-01-02144,CSE-01,CRITICAL,2024-11-30T12:00:49,2024-11-30T12:15:17.818624,2024-11-30T13:00:40.470148,CLOSED,CAS-CSE-01-0473,WEB-SERVER-01,False
ALT-CSE-01-02145,CSE-01,CRITICAL,2024-10-21T18:35:57,2024-10-21T18:49:25.453705,2024-10-21T19:35:44.066847,CLOSED,CAS-CSE-01-0474,FIREWALL-01,False
ALT-CSE-01-02146,CSE-01,LOW,2024-11-03T21:24:02,2024-11-03T21:38:19.387076,2024-11-04T00:07:32.305049,CLOSED,,ROUTER-01,False
ALT-CSE-01-02147,CSE-01,LOW,2024-11-14T00:23:22,2024-11-14T00:26:08.400691,2024-11-14T02:27:34.691530,CLOSED,CAS-CSE-01-0475,DB-SERVER-01,False
ALT-CSE-01-02148,CSE-01,HIGH,2024-12-21T01:31:01,2024-12-21T01:40:31.495234,2024-12-21T03:15:59.237035,CLOSED,,DB-SERVER-01,False
ALT-CSE-01-02149,CSE-01,CRITICAL,2024-11-11T21:40:11,2024-11-11T21:44:42.154856,2024-11-11T22:20:06.339925,CLOSED,CAS-CSE-01-0476,ROUTER-01,False
ALT-CSE-01-02150,CSE-01,HIGH,2024-10-31T03:08:06,2024-10-31T03:20:18.425025,2024-10-31T04:15:31.039424,CLOSED,,WEB-SERVER-01,False
ALT-CSE-01-02151,CSE-01,LOW,2024-11-09T03:38:37,2024-11-09T03:42:03.203711,2024-11-09T04:26:50.848433,CLOSED,,ENDPOINT-01,False
ALT-CSE-01-02152,CSE-01,MEDIUM,2024-11-11T16:08:50,2024-11-11T16:22:29.494197,2024-11-11T17:59:16.481913,CLOSED,,ROUTER-01,False
ALT-CSE-01-02153,CSE-01,MEDIUM,2024-10-28T05:53:31,2024-10-28T05:57:30.872785,2024-10-28T08:40:57.444804,CLOSED,,ROUTER-01,False
ALT-CSE-01-02154,CSE-01,HIGH,2024-11-26T23:15:41,2024-11-26T23:23:55.776000,2024-11-27T00:59:19.038665,CLOSED,,DB-SERVER-01,False
ALT-CSE-01-02155,CSE-01,LOW,2024-12-17T18:55:58,2024-12-17T18:59:20.222901,2024-12-17T20:26:50.752348,CLOSED,,ENDPOINT-01,False
ALT-CSE-01-02156,CSE-01,MEDIUM,2024-12-19T02:50:50,2024-12-19T02:55:28.625096,2024-12-19T05:07:21.731295,CLOSED,,WEB-SERVER-01,False
ALT-CSE-01-02157,CSE-01,CRITICAL,2024-11-18T04:58:49,2024-11-18T05:00:03.355703,2024-11-18T06:06:25.708062,CLOSED,,DB-SERVER-01,False
ALT-CSE-01-02158,CSE-01,CRITICAL,2024-12-06T23:45:14,2024-12-06T23:59:19.973108,2024-12-07T00:39:13.213251,CLOSED,CAS-CSE-01-0477,WEB-SERVER-01,False
ALT-CSE-01-02159,CSE-01,MEDIUM,2024-11-13T11:44:33,2024-11-13T11:50:54.258961,2024-11-13T14:19:53.387466,CLOSED,,ROUTER-01,False
ALT-CSE-01-02160,CSE-01,LOW,2024-12-17T21:20:00,2024-12-17T21:23:02.708049,2024-12-17T23:03:37.777986,CLOSED,CAS-CSE-01-0478,DB-SERVER-01,False
ALT-CSE-01-02161,CSE-01,LOW,2024-10-02T15:32:20,2024-10-02T15:43:32.773306,2024-10-02T17:01:57.660839,CLOSED,,DB-SERVER-01,False
ALT-CSE-01-02162,CSE-01,HIGH,2024-12-09T07:07:57,2024-12-09T07:12:06.927613,2024-12-09T09:02:52.943752,CLOSED,,WEB-SERVER-01,False
ALT-CSE-01-02163,CSE-01,MEDIUM,2024-12-11T13:32:43,2024-12-11T13:38:50.252764,2024-12-11T15:48:37.118268,CLOSED,,DB-SERVER-01,False
ALT-CSE-01-02164,CSE-01,HIGH,2024-11-26T18:24:56,2024-11-26T18:31:20.051803,2024-11-26T21:07:29.443115,CLOSED,,WEB-SERVER-01,False
ALT-CSE-01-02165,CSE-01,HIGH,2024-11-16T10:49:04,2024-11-16T11:00:33.343634,2024-11-16T13:20:26.889171,CLOSED,,WEB-SERVER-01,False
ALT-CSE-01-02166,CSE-01,HIGH,2024-12-16T03:42:21,2024-12-16T03:43:47.579829,2024-12-16T05:32:46.431920,CLOSED,,WEB-SERVER-01,False
ALT-CSE-01-02167,CSE-01,MEDIUM,2024-10-08T23:35:27,2024-10-08T23:46:55.671536,2024-10-09T02:07:18.300139,CLOSED,CAS-CSE-01-0479,WEB-SERVER-01,False
ALT-CSE-01-02168,CSE-01,MEDIUM,2024-11-12T15:22:41,2024-11-12T15:24:27.539103,2024-11-12T17:16:22.026388,CLOSED,,ENDPOINT-01,False
ALT-CSE-01-02169,CSE-01,HIGH,2024-12-26T13:26:37,2024-12-26T13:39:55.207993,2024-12-26T15:00:19.328706,CLOSED,,DB-SERVER-01,False
ALT-CSE-01-02170,CSE-01,MEDIUM,2024-12-02T06:39:07,2024-12-02T06:48:55.361639,2024-12-02T08:15:57.113281,CLOSED,,WEB-SERVER-01,False
ALT-CSE-01-02171,CSE-01,HIGH,2024-12-25T02:31:57,2024-12-25T02:35:50.154251,2024-12-25T04:22:41.841447,CLOSED,,ENDPOINT-01,False
ALT-CSE-01-02172,CSE-01,HIGH,2024-12-15T08:05:31,2024-12-15T08:12:33.440962,2024-12-15T10:46:09.811080,CLOSED,,ENDPOINT-01,False
ALT-CSE-01-02173,CSE-01,LOW,2024-12-28T21:36:27,2024-12-28T21:44:24.975622,2024-12-28T22:27:37.710489,CLOSED,,FIREWALL-01,False
ALT-CSE-01-02174,CSE-01,CRITICAL,2024-10-22T08:20:37,2024-10-22T08:27:14.625353,2024-10-22T08:57:51.313299,CLOSED,CAS-CSE-01-0480,DB-SERVER-01,False
ALT-CSE-01-02175,CSE-01,LOW,2024-11-25T13:25:06,2024-11-25T13:33:58.943066,2024-11-25T14:26:47.166399,CLOSED,,FIREWALL-01,False
ALT-CSE-01-02176,CSE-01,MEDIUM,2024-10-16T23:59:08,2024-10-17T00:02:06.967548,2024-10-17T01:31:50.119284,CLOSED,,ENDPOINT-01,False
ALT-CSE-01-02177,CSE-01,MEDIUM,2024-12-23T03:48:29,2024-12-23T03:49:38.741751,2024-12-23T04:48:08.723875,CLOSED,,WEB-SERVER-01,False
ALT-CSE-01-02178,CSE-01,LOW,2024-12-07T18:47:00,2024-12-07T18:48:15.529271,2024-12-07T20:43:08.916964,CLOSED,,WEB-SERVER-01,False
ALT-CSE-01-02179,CSE-01,HIGH,2024-10-15T16:57:04,2024-10-15T17:03:28.309705,2024-10-15T20:04:52.008764,CLOSED,,FIREWALL-01,False
ALT-CSE-01-02180,CSE-01,CRITICAL,2024-12-02T01:30:02,2024-12-02T01:42:21.687084,2024-12-02T02:05:34.125009,CLOSED,CAS-CSE-01-0481,ROUTER-01,False
ALT-CSE-01-02181,CSE-01,MEDIUM,2024-10-30T17:10:55,2024-10-30T17:24:29.883365,2024-10-30T19:07:35.712258,CLOSED,,ROUTER-01,False
ALT-CSE-01-02182,CSE-01,CRITICAL,2024-10-05T06:51:57,2024-10-05T06:53:34.006906,2024-10-05T07:40:18.245020,CLOSED,CAS-CSE-01-0482,DB-SERVER-01,False
ALT-CSE-01-02183,CSE-01,LOW,2024-11-23T15:12:50,2024-11-23T15:27:15.511572,2024-11-23T16:50:15.276694,CLOSED,,WEB-SERVER-01,False
ALT-CSE-01-02184,CSE-01,CRITICAL,2024-12-04T08:29:21,2024-12-04T08:42:21.939580,2024-12-04T09:05:40.779285,CLOSED,CAS-CSE-01-0483,DB-SERVER-01,False
ALT-CSE-01-02185,CSE-01,HIGH,2024-12-01T00:27:12,2024-12-01T00:35:07.281101,2024-12-01T01:47:25.716797,CLOSED,,WEB-SERVER-01,False
ALT-CSE-01-02186,CSE-01,LOW,2024-10-19T00:41:34,2024-10-19T00:50:01.462533,2024-10-19T02:50:28.801997,CLOSED,,ROUTER-01,False
ALT-CSE-01-02187,CSE-01,MEDIUM,2024-11-04T20:44:23,2024-11-04T20:55:30.011188,2024-11-04T22:18:24.846034,CLOSED,,DB-SERVER-01,False
ALT-CSE-01-02188,CSE-01,MEDIUM,2024-10-10T08:28:55,2024-10-10T08:39:35.307618,2024-10-10T09:33:36.623250,CLOSED,,ROUTER-01,False
ALT-CSE-01-02189,CSE-01,MEDIUM,2024-11-23T02:03:39,2024-11-23T02:04:41.868897,2024-11-23T05:03:44.027025,CLOSED,,WEB-SERVER-01,False
ALT-CSE-01-02190,CSE-01,CRITICAL,2024-11-02T08:00:28,2024-11-02T08:02:27.740830,2024-11-02T08:44:11.379036,CLOSED,CAS-CSE-01-0484,ENDPOINT-01,False
ALT-CSE-01-02191,CSE-01,LOW,2024-12-03T05:30:39,2024-12-03T05:43:39.233396,2024-12-03T07:19:33.674806,CLOSED,,WEB-SERVER-01,False
ALT-CSE-01-02192,CSE-01,HIGH,2024-10-19T14:15:52,2024-10-19T14:18:38.493438,2024-10-19T15:52:18.232379,CLOSED,CAS-CSE-01-0485,ENDPOINT-01,False
ALT-CSE-01-02193,CSE-01,MEDIUM,2024-12-02T14:51:09,2024-12-02T15:05:19.115929,2024-12-02T15:46:21.391899,CLOSED,,WEB-SERVER-01,False
ALT-CSE-01-02194,CSE-01,LOW,2024-11-16T14:24:39,2024-11-16T14:35:54.775402,2024-11-16T16:11:15.642508,CLOSED,,WEB-SERVER-01,False
ALT-CSE-01-02195,CSE-01,MEDIUM,2024-10-06T03:03:51,2024-10-06T03:09:51.482797,2024-10-06T05:40:24.064587,CLOSED,,WEB-SERVER-01,False
ALT-CSE-01-02196,CSE-01,LOW,2024-10-08T01:00:21,2024-10-08T01:14:38.688942,2024-10-08T02:31:36.835254,CLOSED,,DB-SERVER-01,False
ALT-CSE-01-02197,CSE-01,MEDIUM,2024-11-07T16:29:40,2024-11-07T16:44:16.130486,2024-11-07T18:43:26.697892,CLOSED,,WEB-SERVER-01,False
ALT-CSE-01-02198,CSE-01,LOW,2024-11-09T15:18:41,2024-11-09T15:30:23.423397,2024-11-09T18:02:35.152977,CLOSED,,WEB-SERVER-01,False
ALT-CSE-01-02199,CSE-01,MEDIUM,2024-11-13T15:11:00,2024-11-13T15:16:51.238116,2024-11-13T17:17:39.578199,CLOSED,,ROUTER-01,False
ALT-CSE-01-02200,CSE-01,LOW,2024-10-01T03:26:46,2024-10-01T03:32:41.556773,2024-10-01T05:07:22.683732,CLOSED,,ENDPOINT-01,False
ALT-CSE-01-02201,CSE-01,HIGH,2024-11-29T20:42:04,2024-11-29T20:52:31.331956,2024-11-29T23:07:43.313282,CLOSED,,ROUTER-01,False
ALT-CSE-01-02202,CSE-01,LOW,2024-10-28T00:20:32,2024-10-28T00:26:17.996462,2024-10-28T02:53:07.972926,CLOSED,,ENDPOINT-01,False
ALT-CSE-01-02203,CSE-01,HIGH,2024-12-05T16:10:59,2024-12-05T16:15:20.525653,2024-12-05T18:31:49.560427,CLOSED,CAS-CSE-01-0486,DB-SERVER-01,False
ALT-CSE-01-02204,CSE-01,CRITICAL,2024-11-08T21:59:54,2024-11-08T22:04:31.088580,2024-11-08T22:59:52.816567,CLOSED,,DB-SERVER-01,False
ALT-CSE-01-02205,CSE-01,MEDIUM,2024-10-29T17:58:08,2024-10-29T17:59:21.654573,2024-10-29T20:36:24.217889,CLOSED,,ENDPOINT-01,False
ALT-CSE-01-02206,CSE-01,MEDIUM,2024-10-18T14:07:26,2024-10-18T14:17:23.572332,2024-10-18T16:01:24.604570,CLOSED,,DB-SERVER-01,False
ALT-CSE-01-02207,CSE-01,MEDIUM,2024-12-29T21:35:34,2024-12-29T21:37:39.982480,2024-12-29T23:37:59.633669,CLOSED,,FIREWALL-01,False
ALT-CSE-01-02208,CSE-01,CRITICAL,2024-12-01T17:09:43,2024-12-01T17:10:48.344531,2024-12-01T18:14:20.856585,CLOSED,CAS-CSE-01-0487,ENDPOINT-01,False
ALT-CSE-01-02209,CSE-01,HIGH,2024-11-11T23:41:09,2024-11-11T23:46:59.886536,2024-11-12T00:39:46.432816,CLOSED,,ROUTER-01,False
ALT-CSE-01-02210,CSE-01,MEDIUM,2024-10-07T11:20:57,2024-10-07T11:31:10.457968,2024-10-07T13:34:23.383241,CLOSED,,ENDPOINT-01,False
ALT-CSE-01-02211,CSE-01,LOW,2024-11-20T02:46:37,2024-11-20T02:53:26.067661,2024-11-20T05:12:43.286381,CLOSED,,WEB-SERVER-01,False
ALT-CSE-01-02212,CSE-01,HIGH,2024-12-05T18:11:47,2024-12-05T18:23:33.053124,2024-12-05T20:00:06.305207,CLOSED,,WEB-SERVER-01,False
ALT-CSE-01-02213,CSE-01,CRITICAL,2024-10-29T06:52:45,2024-10-29T06:54:36.935662,2024-10-29T07:46:59.100396,CLOSED,CAS-CSE-01-0488,FIREWALL-01,False
ALT-CSE-01-02214,CSE-01,MEDIUM,2024-11-10T22:42:21,2024-11-10T22:50:41.042608,2024-11-11T00:15:47.591394,CLOSED,,DB-SERVER-01,False
ALT-CSE-01-02215,CSE-01,LOW,2024-10-05T01:07:39,2024-10-05T01:20:56.193528,2024-10-05T03:06:24.209347,CLOSED,CAS-CSE-01-0489,ROUTER-01,False
ALT-CSE-01-02216,CSE-01,MEDIUM,2024-10-10T14:22:24,2024-10-10T14:28:18.066663,2024-10-10T15:59:57.532423,CLOSED,,WEB-SERVER-01,False
ALT-CSE-01-02217,CSE-01,MEDIUM,2024-10-18T04:21:31,2024-10-18T04:35:49.121906,2024-10-18T05:59:17.005094,CLOSED,,WEB-SERVER-01,False
ALT-CSE-01-02218,CSE-01,CRITICAL,2024-11-07T11:41:14,2024-11-07T11:48:58.874195,2024-11-07T12:35:57.291354,CLOSED,CAS-CSE-01-0490,WEB-SERVER-01,False
ALT-CSE-01-02219,CSE-01,MEDIUM,2024-11-21T06:35:58,2024-11-21T06:49:17.938244,2024-11-21T08:17:48.386497,CLOSED,,WEB-SERVER-01,False
ALT-CSE-01-02220,CSE-01,HIGH,2024-11-27T12:30:04,2024-11-27T12:38:43.151126,2024-11-27T14:55:32.644201,CLOSED,,DB-SERVER-01,False
ALT-CSE-01-02221,CSE-01,MEDIUM,2024-11-02T08:22:10,2024-11-02T08:33:07.675550,2024-11-02T10:21:55.753131,CLOSED,,FIREWALL-01,False
ALT-CSE-01-02222,CSE-01,MEDIUM,2024-12-11T02:47:07,2024-12-11T02:52:05.133725,2024-12-11T06:05:18.918508,CLOSED,,FIREWALL-01,False
ALT-CSE-01-02223,CSE-01,MEDIUM,2024-12-20T23:42:00,2024-12-20T23:51:19.569758,2024-12-21T01:16:19.215927,CLOSED,,ROUTER-01,False
ALT-CSE-01-02224,CSE-01,LOW,2024-10-28T14:12:38,2024-10-28T14:18:53.780635,2024-10-28T16:18:21.400480,CLOSED,,FIREWALL-01,False
ALT-CSE-01-02225,CSE-01,CRITICAL,2024-10-24T19:26:55,2024-10-24T19:29:53.161801,2024-10-24T20:11:15.324704,CLOSED,CAS-CSE-01-0491,WEB-SERVER-01,False
ALT-CSE-01-02226,CSE-01,HIGH,2024-10-24T19:54:34,2024-10-24T20:05:48.379849,2024-10-24T23:21:08.048025,CLOSED,,DB-SERVER-01,False
ALT-CSE-01-02227,CSE-01,MEDIUM,2024-11-26T05:05:08,2024-11-26T05:10:27.556695,2024-11-26T06:19:49.704969,CLOSED,,WEB-SERVER-01,False
ALT-CSE-01-02228,CSE-01,MEDIUM,2024-12-16T12:02:56,2024-12-16T12:08:00.078297,2024-12-16T12:43:42.042970,CLOSED,,ENDPOINT-01,False
ALT-CSE-01-02229,CSE-01,LOW,2024-12-16T01:21:18,2024-12-16T01:23:37.954314,2024-12-16T04:03:05.611048,CLOSED,,FIREWALL-01,False
ALT-CSE-01-02230,CSE-01,HIGH,2024-10-24T21:06:44,2024-10-24T21:19:50.854113,2024-10-25T00:08:13.149163,CLOSED,,WEB-SERVER-01,False
ALT-CSE-01-02231,CSE-01,HIGH,2024-10-27T00:48:53,2024-10-27T01:01:08.947323,2024-10-27T02:46:59.641726,CLOSED,,ENDPOINT-01,False
ALT-CSE-01-02232,CSE-01,MEDIUM,2024-11-14T17:13:34,2024-11-14T17:25:09.063032,2024-11-14T19:28:24.706660,CLOSED,,FIREWALL-01,False
ALT-CSE-01-02233,CSE-01,MEDIUM,2024-12-08T23:45:57,2024-12-08T23:59:41.133723,2024-12-09T01:34:45.639956,CLOSED,,ROUTER-01,False
ALT-CSE-01-02234,CSE-01,HIGH,2024-12-07T05:20:08,2024-12-07T05:29:30.150779,2024-12-07T07:17:22.800285,CLOSED,,FIREWALL-01,False
ALT-CSE-01-02235,CSE-01,CRITICAL,2024-12-25T12:54:53,2024-12-25T13:03:02.726993,2024-12-25T14:01:49.674242,CLOSED,CAS-CSE-01-0492,DB-SERVER-01,False
ALT-CSE-01-02236,CSE-01,MEDIUM,2024-11-04T21:53:08,2024-11-04T21:57:25.484815,2024-11-05T00:13:34.436163,CLOSED,,ENDPOINT-01,False
ALT-CSE-01-02237,CSE-01,LOW,2024-11-08T10:11:13,2024-11-08T10:15:28.918813,2024-11-08T12:33:07.572677,CLOSED,,ENDPOINT-01,False
ALT-CSE-01-02238,CSE-01,CRITICAL,2024-11-24T17:38:32,2024-11-24T17:42:38.410395,2024-11-24T18:30:35.714151,CLOSED,CAS-CSE-01-0493,FIREWALL-01,False
ALT-CSE-01-02239,CSE-01,HIGH,2024-12-18T07:57:24,2024-12-18T08:07:20.671137,2024-12-18T10:23:15.156725,CLOSED,,ENDPOINT-01,False
ALT-CSE-01-02240,CSE-01,HIGH,2024-12-27T04:44:40,2024-12-27T04:54:15.267949,2024-12-27T06:40:09.174441,CLOSED,,FIREWALL-01,False
ALT-CSE-01-02241,CSE-01,HIGH,2024-10-28T23:03:15,2024-10-28T23:13:37.658879,2024-10-29T01:51:33.315601,CLOSED,,ROUTER-01,False
ALT-CSE-01-02242,CSE-01,LOW,2024-10-28T05:10:52,2024-10-28T05:23:58.420397,2024-10-28T06:28:13.104068,CLOSED,,DB-SERVER-01,False
ALT-CSE-01-02243,CSE-01,MEDIUM,2024-11-21T20:27:57,2024-11-21T20:41:49.574938,2024-11-21T22:10:32.873533,CLOSED,,FIREWALL-01,False
ALT-CSE-01-02244,CSE-01,MEDIUM,2024-10-01T17:32:16,2024-10-01T17:40:10.726908,2024-10-01T20:09:56.874280,CLOSED,CAS-CSE-01-0494,FIREWALL-01,False
ALT-CSE-01-02245,CSE-01,MEDIUM,2024-11-09T01:15:09,2024-11-09T01:23:20.773938,2024-11-09T04:04:32.742838,CLOSED,,DB-SERVER-01,False
ALT-CSE-01-02246,CSE-01,HIGH,2024-10-28T02:29:48,2024-10-28T02:32:32.818858,2024-10-28T04:34:32.280487,CLOSED,,ROUTER-01,False
ALT-CSE-01-02247,CSE-01,CRITICAL,2024-10-31T23:48:19,2024-11-01T00:02:51.307751,2024-11-01T00:08:13.108457,CLOSED,CAS-CSE-01-0495,ENDPOINT-01,False
ALT-CSE-01-02248,CSE-01,MEDIUM,2024-11-28T16:17:31,2024-11-28T16:28:15.572887,2024-11-28T18:18:02.770158,CLOSED,,FIREWALL-01,False
ALT-CSE-01-02249,CSE-01,MEDIUM,2024-10-04T06:41:40,2024-10-04T06:54:22.484019,2024-10-04T08:04:35.920982,CLOSED,,FIREWALL-01,False
ALT-CSE-01-02250,CSE-01,CRITICAL,2024-10-04T16:03:07,2024-10-04T16:14:48.509114,2024-10-04T16:54:33.278551,CLOSED,CAS-CSE-01-0496,WEB-SERVER-01,False
ALT-CSE-01-02251,CSE-01,LOW,2024-11-15T13:35:02,2024-11-15T13:44:42.485776,2024-11-15T16:20:24.945081,CLOSED,,ROUTER-01,False
ALT-CSE-01-02252,CSE-01,MEDIUM,2024-11-13T12:32:10,2024-11-13T12:45:04.822700,2024-11-13T14:01:29.934517,CLOSED,,ENDPOINT-01,False
ALT-CSE-01-02253,CSE-01,MEDIUM,2024-11-16T16:42:58,2024-11-16T16:50:18.426593,2024-11-16T19:06:00.510048,CLOSED,,ENDPOINT-01,False
ALT-CSE-01-02254,CSE-01,LOW,2024-12-16T13:40:27,2024-12-16T13:41:54.545263,2024-12-16T15:34:02.895010,CLOSED,CAS-CSE-01-0497,ROUTER-01,False
ALT-CSE-01-02255,CSE-01,LOW,2024-12-18T09:53:57,2024-12-18T09:56:02.060300,2024-12-18T11:45:31.701661,CLOSED,,WEB-SERVER-01,False
ALT-CSE-01-02256,CSE-01,MEDIUM,2024-11-22T01:04:30,2024-11-22T01:18:19.132467,2024-11-22T03:12:24.707113,CLOSED,,WEB-SERVER-01,False
ALT-CSE-01-02257,CSE-01,HIGH,2024-11-03T06:55:17,2024-11-03T07:09:18.472691,2024-11-03T08:48:07.485839,CLOSED,,DB-SERVER-01,False
ALT-CSE-01-02258,CSE-01,MEDIUM,2024-10-22T06:21:16,2024-10-22T06:25:38.703696,2024-10-22T08:17:50.180725,CLOSED,,ROUTER-01,False
ALT-CSE-01-02259,CSE-01,HIGH,2024-11-19T17:27:11,2024-11-19T17:37:20.609069,2024-11-19T19:57:53.696789,CLOSED,,WEB-SERVER-01,False
ALT-CSE-01-02260,CSE-01,MEDIUM,2024-11-01T17:32:09,2024-11-01T17:40:53.663200,2024-11-01T19:32:11.406402,CLOSED,,DB-SERVER-01,False
ALT-CSE-01-02261,CSE-01,HIGH,2024-10-21T20:26:16,2024-10-21T20:33:57.829467,2024-10-21T22:29:09.638093,CLOSED,,WEB-SERVER-01,False
ALT-CSE-01-02262,CSE-01,MEDIUM,2024-11-03T17:40:55,2024-11-03T17:41:58.200015,2024-11-03T19:51:09.127652,CLOSED,CAS-CSE-01-0498,DB-SERVER-01,False
ALT-CSE-01-02263,CSE-01,MEDIUM,2024-11-22T02:15:10,2024-11-22T02:30:01.495073,2024-11-22T04:46:01.998177,CLOSED,,FIREWALL-01,False
ALT-CSE-01-02264,CSE-01,CRITICAL,2024-11-30T19:06:51,2024-11-30T19:18:36.801182,2024-11-30T20:11:41.283732,CLOSED,CAS-CSE-01-0499,DB-SERVER-01,False
ALT-CSE-01-02265,CSE-01,HIGH,2024-10-02T04:14:10,2024-10-02T04:23:18.671139,2024-10-02T06:02:52.939364,CLOSED,,FIREWALL-01,False
ALT-CSE-01-02266,CSE-01,HIGH,2024-12-02T15:03:04,2024-12-02T15:05:45.178706,2024-12-02T17:59:11.066110,CLOSED,,FIREWALL-01,False
ALT-CSE-01-02267,CSE-01,HIGH,2024-11-17T03:46:37,2024-11-17T03:49:46.838841,2024-11-17T05:00:30.397680,CLOSED,,DB-SERVER-01,False
ALT-CSE-01-02268,CSE-01,MEDIUM,2024-11-26T10:31:32,2024-11-26T10:45:13.194467,2024-11-26T12:30:46.137907,CLOSED,,WEB-SERVER-01,False
ALT-CSE-01-02269,CSE-01,LOW,2024-10-09T16:53:01,2024-10-09T17:00:33.756711,2024-10-09T19:22:21.417086,CLOSED,,FIREWALL-01,False
ALT-CSE-01-02270,CSE-01,CRITICAL,2024-10-31T22:48:11,2024-10-31T22:53:14.201079,2024-10-31T23:54:15.963433,CLOSED,CAS-CSE-01-0500,ROUTER-01,False
ALT-CSE-01-02271,CSE-01,HIGH,2024-12-22T22:06:46,2024-12-22T22:12:54.083918,2024-12-23T00:45:31.548542,CLOSED,,DB-SERVER-01,False
ALT-CSE-01-02272,CSE-01,CRITICAL,2024-11-02T13:25:43,2024-11-02T13:36:13.275241,2024-11-02T14:19:03.058878,CLOSED,CAS-CSE-01-0501,WEB-SERVER-01,False
ALT-CSE-01-02273,CSE-01,CRITICAL,2024-10-21T13:07:37,2024-10-21T13:15:01.929242,2024-10-21T13:47:27.929915,CLOSED,CAS-CSE-01-0502,WEB-SERVER-01,False
ALT-CSE-01-02274,CSE-01,HIGH,2024-11-18T12:09:46,2024-11-18T12:16:46.872160,2024-11-18T15:41:43.420676,CLOSED,,FIREWALL-01,False
ALT-CSE-01-02275,CSE-01,MEDIUM,2024-10-24T22:17:12,2024-10-24T22:32:08.897454,2024-10-25T00:17:14.436646,CLOSED,,FIREWALL-01,False
ALT-CSE-01-02276,CSE-01,MEDIUM,2024-10-23T23:17:40,2024-10-23T23:21:27.322868,2024-10-24T01:26:05.641927,CLOSED,,DB-SERVER-01,False
ALT-CSE-01-02277,CSE-01,LOW,2024-10-29T11:55:48,2024-10-29T12:02:49.765631,2024-10-29T14:03:13.096174,CLOSED,,WEB-SERVER-01,False
ALT-CSE-01-02278,CSE-01,HIGH,2024-10-26T21:33:14,2024-10-26T21:34:57.871252,2024-10-26T22:20:19.492959,CLOSED,,ENDPOINT-01,False
ALT-CSE-01-02279,CSE-01,HIGH,2024-11-25T09:36:50,2024-11-25T09:40:06.933776,2024-11-25T11:54:00.978566,CLOSED,,ENDPOINT-01,False
ALT-CSE-01-02280,CSE-01,LOW,2024-12-28T09:43:36,2024-12-28T09:46:06.586173,2024-12-28T12:16:53.480990,CLOSED,,ROUTER-01,False
ALT-CSE-01-02281,CSE-01,HIGH,2024-12-21T14:10:47,2024-12-21T14:23:07.161471,2024-12-21T17:04:33.086999,CLOSED,CAS-CSE-01-0503,WEB-SERVER-01,False
ALT-CSE-01-02282,CSE-01,HIGH,2024-12-12T19:51:12,2024-12-12T20:00:36.578366,2024-12-12T21:43:08.593710,CLOSED,,DB-SERVER-01,False
ALT-CSE-01-02283,CSE-01,HIGH,2024-11-18T21:36:56,2024-11-18T21:50:21.647700,2024-11-18T23:47:15.615671,CLOSED,,ROUTER-01,False
ALT-CSE-01-02284,CSE-01,LOW,2024-10-10T02:33:29,2024-10-10T02:41:34.247693,2024-10-10T05:30:33.442296,CLOSED,,ROUTER-01,False
ALT-CSE-01-02285,CSE-01,LOW,2024-10-11T21:51:58,2024-10-11T22:04:32.525351,2024-10-11T23:47:31.392157,CLOSED,,ROUTER-01,False
ALT-CSE-01-02286,CSE-01,MEDIUM,2024-12-12T08:59:36,2024-12-12T09:01:27.052875,2024-12-12T11:42:17.228489,CLOSED,,WEB-SERVER-01,False
ALT-CSE-01-02287,CSE-01,MEDIUM,2024-10-09T07:49:42,2024-10-09T07:54:22.332026,2024-10-09T10:24:19.573965,CLOSED,,ROUTER-01,False
ALT-CSE-01-02288,CSE-01,MEDIUM,2024-12-16T08:32:02,2024-12-16T08:40:48.726302,2024-12-16T10:44:39.683398,CLOSED,,ENDPOINT-01,False
ALT-CSE-01-02289,CSE-01,HIGH,2024-12-14T05:37:25,2024-12-14T05:44:06.167697,2024-12-14T08:05:24.760619,CLOSED,,WEB-SERVER-01,False
ALT-CSE-01-02290,CSE-01,HIGH,2024-12-11T08:22:04,2024-12-11T08:23:34.184743,2024-12-11T10:20:41.105070,CLOSED,,FIREWALL-01,False
ALT-CSE-01-02291,CSE-01,HIGH,2024-11-25T10:27:48,2024-11-25T10:37:00.050340,2024-11-25T12:55:11.376584,CLOSED,,ENDPOINT-01,False
ALT-CSE-01-02292,CSE-01,CRITICAL,2024-12-15T16:46:53,2024-12-15T16:52:59.445977,2024-12-15T17:59:28.770210,CLOSED,CAS-CSE-01-0504,DB-SERVER-01,False
ALT-CSE-01-02293,CSE-01,MEDIUM,2024-12-24T22:45:15,2024-12-24T22:51:53.460179,2024-12-25T01:03:45.223233,CLOSED,,ENDPOINT-01,False
ALT-CSE-01-02294,CSE-01,CRITICAL,2024-11-11T05:53:32,2024-11-11T05:59:23.208084,2024-11-11T06:41:45.372521,CLOSED,CAS-CSE-01-0505,WEB-SERVER-01,False
ALT-CSE-01-02295,CSE-01,MEDIUM,2024-12-01T00:47:50,2024-12-01T00:49:19.981743,2024-12-01T02:17:13.156404,CLOSED,,FIREWALL-01,False
ALT-CSE-01-02296,CSE-01,MEDIUM,2024-12-19T09:43:58,2024-12-19T09:57:36.965487,2024-12-19T12:23:49.267249,CLOSED,,DB-SERVER-01,False
ALT-CSE-01-02297,CSE-01,LOW,2024-12-24T10:41:09,2024-12-24T10:47:07.579066,2024-12-24T13:39:25.046113,CLOSED,,ROUTER-01,False
ALT-CSE-01-02298,CSE-01,MEDIUM,2024-11-07T00:47:51,2024-11-07T00:53:20.822017,2024-11-07T02:47:08.479382,CLOSED,CAS-CSE-01-0506,ENDPOINT-01,False
ALT-CSE-01-02299,CSE-01,CRITICAL,2024-12-03T22:45:18,2024-12-03T22:49:38.384928,2024-12-04T00:02:03.814431,CLOSED,,ENDPOINT-01,False
ALT-CSE-01-02300,CSE-01,HIGH,2024-11-29T16:18:28,2024-11-29T16:28:28.970127,2024-11-29T18:30:43.646702,CLOSED,,WEB-SERVER-01,False
ALT-CSE-01-02301,CSE-01,CRITICAL,2024-11-17T10:14:57,2024-11-17T10:20:07.817620,2024-11-17T11:09:24.849255,CLOSED,CAS-CSE-01-0507,ENDPOINT-01,False
ALT-CSE-01-02302,CSE-01,MEDIUM,2024-11-30T04:06:46,2024-11-30T04:15:41.697867,2024-11-30T05:59:11.914124,CLOSED,,FIREWALL-01,False
ALT-CSE-01-02303,CSE-01,HIGH,2024-12-24T07:33:49,2024-12-24T07:45:57.754845,2024-12-24T10:41:49.709308,CLOSED,,WEB-SERVER-01,False
ALT-CSE-01-02304,CSE-01,HIGH,2024-12-12T01:56:57,2024-12-12T02:01:29.256518,2024-12-12T03:49:19.328423,CLOSED,,WEB-SERVER-01,False
ALT-CSE-01-02305,CSE-01,HIGH,2024-11-10T23:10:08,2024-11-10T23:16:47.644200,2024-11-11T00:47:40.730060,CLOSED,CAS-CSE-01-0508,DB-SERVER-01,False
ALT-CSE-01-02306,CSE-01,LOW,2024-10-20T23:01:09,2024-10-20T23:15:08.480469,2024-10-21T01:21:04.655337,CLOSED,,DB-SERVER-01,False
ALT-CSE-01-02307,CSE-01,HIGH,2024-10-04T19:37:20,2024-10-04T19:44:58.687725,2024-10-04T20:14:36.928601,CLOSED,,DB-SERVER-01,False
ALT-CSE-01-02308,CSE-01,HIGH,2024-12-24T13:59:19,2024-12-24T14:06:46.743223,2024-12-24T15:35:03.784353,CLOSED,,ROUTER-01,False
ALT-CSE-01-02309,CSE-01,MEDIUM,2024-11-05T14:50:52,2024-11-05T15:02:52.732521,2024-11-05T17:10:08.987461,CLOSED,,FIREWALL-01,False
ALT-CSE-01-02310,CSE-01,MEDIUM,2024-12-25T17:57:23,2024-12-25T18:11:38.646989,2024-12-25T20:09:54.813281,CLOSED,,WEB-SERVER-01,False
ALT-CSE-01-02311,CSE-01,HIGH,2024-11-13T00:58:31,2024-11-13T01:11:39.712177,2024-11-13T02:55:51.767326,CLOSED,,DB-SERVER-01,False
ALT-CSE-01-02312,CSE-01,LOW,2024-12-24T17:03:54,2024-12-24T17:18:08.467851,2024-12-24T19:08:06.925680,CLOSED,,ROUTER-01,False
ALT-CSE-01-02313,CSE-01,LOW,2024-10-08T21:13:26,2024-10-08T21:22:46.363293,2024-10-08T23:06:20.294932,CLOSED,,WEB-SERVER-01,False
ALT-CSE-01-02314,CSE-01,MEDIUM,2024-10-18T12:26:43,2024-10-18T12:28:35.230442,2024-10-18T14:57:58.446161,CLOSED,,WEB-SERVER-01,False
ALT-CSE-01-02315,CSE-01,LOW,2024-10-19T03:33:48,2024-10-19T03:43:34.753790,2024-10-19T06:33:14.022271,CLOSED,,ROUTER-01,False
ALT-CSE-01-02316,CSE-01,MEDIUM,2024-12-28T20:37:02,2024-12-28T20:45:09.126065,2024-12-28T22:18:56.159646,CLOSED,,ENDPOINT-01,False
ALT-CSE-01-02317,CSE-01,HIGH,2024-11-08T06:41:16,2024-11-08T06:44:35.785787,2024-11-08T08:28:37.454981,CLOSED,,ROUTER-01,False
ALT-CSE-01-02318,CSE-01,CRITICAL,2024-10-27T05:46:04,2024-10-27T05:47:56.248299,2024-10-27T06:52:00.010672,CLOSED,CAS-CSE-01-0509,WEB-SERVER-01,False
ALT-CSE-01-02319,CSE-01,MEDIUM,2024-10-01T21:30:08,2024-10-01T21:36:48.715501,2024-10-01T22:43:06.872909,CLOSED,,DB-SERVER-01,False
ALT-CSE-01-02320,CSE-01,CRITICAL,2024-11-15T15:09:32,2024-11-15T15:22:54.887860,2024-11-15T16:07:28.873678,CLOSED,CAS-CSE-01-0510,DB-SERVER-01,False
ALT-CSE-01-02321,CSE-01,MEDIUM,2024-11-15T01:25:35,2024-11-15T01:38:34.943556,2024-11-15T03:55:27.162024,CLOSED,CAS-CSE-01-0511,ROUTER-01,False
ALT-CSE-01-02322,CSE-01,LOW,2024-10-15T01:30:35,2024-10-15T01:45:28.989622,2024-10-15T02:59:40.380503,CLOSED,,ROUTER-01,False
ALT-CSE-01-02323,CSE-01,HIGH,2024-10-26T18:59:01,2024-10-26T19:08:25.313224,2024-10-26T20:33:09.311507,CLOSED,,ROUTER-01,False
ALT-CSE-01-02324,CSE-01,HIGH,2024-10-06T13:49:00,2024-10-06T14:03:15.008120,2024-10-06T17:23:26.579894,CLOSED,,WEB-SERVER-01,False
ALT-CSE-01-02325,CSE-01,HIGH,2024-10-23T07:56:23,2024-10-23T08:05:03.976308,2024-10-23T10:17:25.487162,CLOSED,,WEB-SERVER-01,False
ALT-CSE-01-02326,CSE-01,HIGH,2024-10-21T08:35:58,2024-10-21T08:48:55.858503,2024-10-21T10:49:42.583604,CLOSED,,DB-SERVER-01,False
ALT-CSE-01-02327,CSE-01,LOW,2024-12-11T04:28:56,2024-12-11T04:36:32.817408,2024-12-11T07:20:22.797998,CLOSED,,ENDPOINT-01,False
ALT-CSE-01-02328,CSE-01,HIGH,2024-10-22T07:33:56,2024-10-22T07:39:25.820604,2024-10-22T08:54:51.670793,CLOSED,,WEB-SERVER-01,False
ALT-CSE-01-02329,CSE-01,HIGH,2024-11-08T20:51:56,2024-11-08T20:58:18.834317,2024-11-09T00:12:00.496861,CLOSED,CAS-CSE-01-0512,ROUTER-01,False
ALT-CSE-01-02330,CSE-01,LOW,2024-12-01T01:32:23,2024-12-01T01:41:08.655131,2024-12-01T01:51:50.259247,CLOSED,CAS-CSE-01-0513,WEB-SERVER-01,False
ALT-CSE-01-02331,CSE-01,MEDIUM,2024-11-02T04:32:15,2024-11-02T04:35:52.760552,2024-11-02T06:25:27.386646,CLOSED,,WEB-SERVER-01,False
ALT-CSE-01-02332,CSE-01,MEDIUM,2024-11-22T02:45:16,2024-11-22T02:50:35.163986,2024-11-22T04:30:39.861002,CLOSED,,ENDPOINT-01,False
ALT-CSE-01-02333,CSE-01,LOW,2024-12-08T11:32:45,2024-12-08T11:45:51.946003,2024-12-08T13:08:07.083112,CLOSED,CAS-CSE-01-0514,ENDPOINT-01,False
ALT-CSE-01-02334,CSE-01,MEDIUM,2024-12-08T05:05:00,2024-12-08T05:17:01.562072,2024-12-08T07:05:34.608720,CLOSED,,WEB-SERVER-01,False
ALT-CSE-01-02335,CSE-01,MEDIUM,2024-11-02T11:16:18,2024-11-02T11:30:39.047481,2024-11-02T13:11:03.596598,CLOSED,CAS-CSE-01-0515,WEB-SERVER-01,False
ALT-CSE-01-02336,CSE-01,CRITICAL,2024-11-15T13:45:38,2024-11-15T13:57:27.257442,2024-11-15T14:29:21.380768,CLOSED,,DB-SERVER-01,False
ALT-CSE-01-02337,CSE-01,MEDIUM,2024-10-11T03:22:43,2024-10-11T03:37:34.141159,2024-10-11T04:52:08.450911,CLOSED,,ENDPOINT-01,False
ALT-CSE-01-02338,CSE-01,MEDIUM,2024-10-03T03:21:35,2024-10-03T03:26:27.546554,2024-10-03T05:24:57.175807,CLOSED,,DB-SERVER-01,False
ALT-CSE-01-02339,CSE-01,LOW,2024-11-10T16:05:57,2024-11-10T16:10:58.287339,2024-11-10T18:59:34.092292,CLOSED,CAS-CSE-01-0516,WEB-SERVER-01,False
ALT-CSE-01-02340,CSE-01,MEDIUM,2024-12-18T17:35:01,2024-12-18T17:49:29.661597,2024-12-18T19:44:44.646015,CLOSED,,ENDPOINT-01,False
ALT-CSE-01-02341,CSE-01,HIGH,2024-10-16T12:19:45,2024-10-16T12:28:19.800979,2024-10-16T14:19:53.004996,CLOSED,,DB-SERVER-01,False
ALT-CSE-01-02342,CSE-01,MEDIUM,2024-11-23T08:17:37,2024-11-23T08:21:39.110762,2024-11-23T10:42:54.703110,CLOSED,,WEB-SERVER-01,False
ALT-CSE-01-02343,CSE-01,LOW,2024-10-02T06:27:17,2024-10-02T06:32:26.944221,2024-10-02T07:55:18.590539,CLOSED,,ENDPOINT-01,False
ALT-CSE-01-02344,CSE-01,CRITICAL,2024-10-23T08:30:33,2024-10-23T08:39:37.120878,2024-10-23T09:20:48.208032,CLOSED,CAS-CSE-01-0517,ROUTER-01,False
ALT-CSE-01-02345,CSE-01,MEDIUM,2024-11-25T22:47:51,2024-11-25T22:52:02.056889,2024-11-26T00:41:39.482442,CLOSED,,ENDPOINT-01,False
ALT-CSE-01-02346,CSE-01,CRITICAL,2024-11-25T23:12:26,2024-11-25T23:19:25.549441,2024-11-25T23:51:55.329599,CLOSED,CAS-CSE-01-0518,DB-SERVER-01,False
ALT-CSE-01-02347,CSE-01,MEDIUM,2024-11-22T23:21:27,2024-11-22T23:32:52.338440,2024-11-23T01:52:43.772845,CLOSED,,FIREWALL-01,False
ALT-CSE-01-02348,CSE-01,HIGH,2024-12-28T07:47:45,2024-12-28T07:56:48.899327,2024-12-28T09:29:16.274519,CLOSED,CAS-CSE-01-0519,WEB-SERVER-01,False
ALT-CSE-01-02349,CSE-01,HIGH,2024-12-06T16:34:24,2024-12-06T16:40:48.780243,2024-12-06T17:10:33.348978,CLOSED,CAS-CSE-01-0520,WEB-SERVER-01,False
ALT-CSE-01-02350,CSE-01,HIGH,2024-10-16T20:36:52,2024-10-16T20:46:47.183643,2024-10-16T22:31:17.590407,CLOSED,,FIREWALL-01,False
ALT-CSE-01-02351,CSE-01,MEDIUM,2024-12-17T18:17:17,2024-12-17T18:30:15.640879,2024-12-17T19:54:44.797573,CLOSED,,FIREWALL-01,False
ALT-CSE-01-02352,CSE-01,MEDIUM,2024-10-19T14:11:10,2024-10-19T14:20:56.110561,2024-10-19T16:56:05.036180,CLOSED,CAS-CSE-01-0521,DB-SERVER-01,False
ALT-CSE-01-02353,CSE-01,MEDIUM,2024-11-01T00:54:08,2024-11-01T01:05:01.368746,2024-11-01T01:54:49.774057,CLOSED,CAS-CSE-01-0522,WEB-SERVER-01,False
ALT-CSE-01-02354,CSE-01,MEDIUM,2024-10-26T10:33:30,2024-10-26T10:44:57.049924,2024-10-26T12:56:24.749450,CLOSED,,ENDPOINT-01,False
ALT-CSE-01-02355,CSE-01,CRITICAL,2024-12-24T12:36:09,2024-12-24T12:46:19.340972,2024-12-24T13:22:39.782498,CLOSED,CAS-CSE-01-0523,WEB-SERVER-01,False
ALT-CSE-01-02356,CSE-01,MEDIUM,2024-11-12T21:44:46,2024-11-12T21:46:13.054225,2024-11-12T23:41:35.192944,CLOSED,CAS-CSE-01-0524,DB-SERVER-01,False
ALT-CSE-01-02357,CSE-01,MEDIUM,2024-12-26T23:17:25,2024-12-26T23:29:19.932982,2024-12-27T01:47:05.321317,CLOSED,,ROUTER-01,False
ALT-CSE-01-02358,CSE-01,MEDIUM,2024-12-18T04:22:32,2024-12-18T04:29:54.915607,2024-12-18T06:39:50.699903,CLOSED,,WEB-SERVER-01,False
ALT-CSE-01-02359,CSE-01,CRITICAL,2024-11-05T18:16:33,2024-11-05T18:23:44.553935,2024-11-05T19:11:37.940532,CLOSED,CAS-CSE-01-0525,ROUTER-01,False
ALT-CSE-01-02360,CSE-01,CRITICAL,2024-12-26T03:48:07,2024-12-26T03:55:27.450702,2024-12-26T04:22:45.045802,CLOSED,CAS-CSE-01-0526,DB-SERVER-01,False
ALT-CSE-01-02361,CSE-01,CRITICAL,2024-11-12T17:48:14,2024-11-12T17:51:55.985832,2024-11-12T18:42:42.951849,CLOSED,CAS-CSE-01-0527,ROUTER-01,False
ALT-CSE-01-02362,CSE-01,LOW,2024-11-09T01:01:46,2024-11-09T01:14:32.611456,2024-11-09T03:39:42.011142,CLOSED,,WEB-SERVER-01,False
ALT-CSE-01-02363,CSE-01,MEDIUM,2024-12-23T21:54:58,2024-12-23T22:05:41.038978,2024-12-23T23:51:16.069645,CLOSED,,ROUTER-01,False
ALT-CSE-01-02364,CSE-01,CRITICAL,2024-11-15T01:36:58,2024-11-15T01:43:25.802290,2024-11-15T02:39:48.083015,CLOSED,,ENDPOINT-01,False
ALT-CSE-01-02365,CSE-01,HIGH,2024-10-14T15:17:16,2024-10-14T15:30:29.920181,2024-10-14T16:28:58.611198,CLOSED,CAS-CSE-01-0528,ROUTER-01,False
ALT-CSE-01-02366,CSE-01,MEDIUM,2024-10-08T14:34:03,2024-10-08T14:42:10.996463,2024-10-08T16:01:05.170439,CLOSED,CAS-CSE-01-0529,FIREWALL-01,False
ALT-CSE-01-02367,CSE-01,HIGH,2024-11-17T11:00:52,2024-11-17T11:14:10.331458,2024-11-17T15:13:49.881792,CLOSED,,DB-SERVER-01,False
ALT-CSE-01-02368,CSE-01,MEDIUM,2024-12-28T20:17:02,2024-12-28T20:19:44.582809,2024-12-28T22:03:32.262364,CLOSED,,ENDPOINT-01,False
ALT-CSE-01-02369,CSE-01,MEDIUM,2024-12-20T02:14:01,2024-12-20T02:19:29.529952,2024-12-20T04:08:04.992142,CLOSED,,ROUTER-01,False
ALT-CSE-01-02370,CSE-01,MEDIUM,2024-10-25T06:14:21,2024-10-25T06:22:05.314181,2024-10-25T07:15:10.986989,CLOSED,,ROUTER-01,False
ALT-CSE-01-02371,CSE-01,HIGH,2024-10-28T01:28:29,2024-10-28T01:42:47.817452,2024-10-28T03:34:40.955582,CLOSED,CAS-CSE-01-0530,DB-SERVER-01,False
ALT-CSE-01-02372,CSE-01,HIGH,2024-11-04T21:08:29,2024-11-04T21:15:51.758974,2024-11-04T23:20:58.429931,CLOSED,,DB-SERVER-01,False
ALT-CSE-01-02373,CSE-01,MEDIUM,2024-12-07T03:20:37,2024-12-07T03:33:13.898668,2024-12-07T05:50:49.416934,CLOSED,,ROUTER-01,False
ALT-CSE-01-02374,CSE-01,CRITICAL,2024-12-12T22:24:31,2024-12-12T22:34:37.724016,2024-12-12T23:16:33.975688,CLOSED,CAS-CSE-01-0531,FIREWALL-01,False
ALT-CSE-01-02375,CSE-01,MEDIUM,2024-12-28T19:28:34,2024-12-28T19:30:30.024514,2024-12-28T21:18:49.232668,CLOSED,,FIREWALL-01,False
ALT-CSE-01-02376,CSE-01,CRITICAL,2024-10-23T14:09:08,2024-10-23T14:20:44.528170,2024-10-23T15:11:06.971752,CLOSED,CAS-CSE-01-0532,FIREWALL-01,False
ALT-CSE-01-02377,CSE-01,MEDIUM,2024-10-27T03:12:27,2024-10-27T03:20:11.825322,2024-10-27T06:31:35.456551,CLOSED,,DB-SERVER-01,False
ALT-CSE-01-02378,CSE-01,MEDIUM,2024-11-30T18:52:06,2024-11-30T18:56:09.467427,2024-11-30T20:11:14.326531,CLOSED,,ENDPOINT-01,False
ALT-CSE-01-02379,CSE-01,HIGH,2024-12-25T22:31:39,2024-12-25T22:41:26.613545,2024-12-26T00:53:11.839242,CLOSED,,FIREWALL-01,False
ALT-CSE-01-02380,CSE-01,MEDIUM,2024-11-04T06:11:21,2024-11-04T06:17:46.872010,2024-11-04T06:24:16.577840,CLOSED,,FIREWALL-01,False
ALT-CSE-01-02381,CSE-01,HIGH,2024-10-19T10:05:21,2024-10-19T10:10:55.931165,2024-10-19T13:02:38.120962,CLOSED,,FIREWALL-01,False
ALT-CSE-01-02382,CSE-01,MEDIUM,2024-10-27T03:57:01,2024-10-27T04:07:32.519622,2024-10-27T05:18:01.791967,CLOSED,,DB-SERVER-01,False
ALT-CSE-01-02383,CSE-01,HIGH,2024-11-13T08:15:51,2024-11-13T08:26:36.428725,2024-11-13T10:14:23.043358,CLOSED,,DB-SERVER-01,False
ALT-CSE-01-02384,CSE-01,MEDIUM,2024-11-04T01:15:38,2024-11-04T01:22:31.635730,2024-11-04T03:09:20.833271,CLOSED,,FIREWALL-01,False
ALT-CSE-01-02385,CSE-01,HIGH,2024-12-04T04:26:27,2024-12-04T04:31:23.775466,2024-12-04T05:31:48.711667,CLOSED,,DB-SERVER-01,False
ALT-CSE-01-02386,CSE-01,CRITICAL,2024-12-24T23:17:20,2024-12-24T23:21:54.384447,2024-12-24T23:50:47.392049,CLOSED,CAS-CSE-01-0533,DB-SERVER-01,False
ALT-CSE-01-02387,CSE-01,MEDIUM,2024-11-12T02:01:02,2024-11-12T02:10:43.562777,2024-11-12T03:00:46.928055,CLOSED,CAS-CSE-01-0534,ROUTER-01,False
ALT-CSE-01-02388,CSE-01,HIGH,2024-12-11T15:35:41,2024-12-11T15:39:32.590481,2024-12-11T18:38:42.165339,CLOSED,,ROUTER-01,False
ALT-CSE-01-02389,CSE-01,MEDIUM,2024-11-27T06:08:08,2024-11-27T06:20:16.907150,2024-11-27T08:35:39.415525,CLOSED,,ROUTER-01,False
ALT-CSE-01-02390,CSE-01,HIGH,2024-10-13T16:51:25,2024-10-13T16:55:03.583071,2024-10-13T18:40:56.645833,CLOSED,,FIREWALL-01,False
ALT-CSE-01-02391,CSE-01,HIGH,2024-12-20T11:53:35,2024-12-20T11:59:02.228342,2024-12-20T14:39:01.450696,CLOSED,,ROUTER-01,False
ALT-CSE-01-02392,CSE-01,HIGH,2024-10-10T19:38:51,2024-10-10T19:47:16.565065,2024-10-10T22:10:02.925237,CLOSED,,DB-SERVER-01,False
ALT-CSE-01-02393,CSE-01,HIGH,2024-11-26T23:17:36,2024-11-26T23:29:54.996805,2024-11-27T01:10:15.830086,CLOSED,CAS-CSE-01-0535,ROUTER-01,False
ALT-CSE-01-02394,CSE-01,HIGH,2024-11-09T19:05:39,2024-11-09T19:20:18.120038,2024-11-09T20:50:53.866755,CLOSED,,ENDPOINT-01,False
ALT-CSE-01-02395,CSE-01,HIGH,2024-10-11T06:38:44,2024-10-11T06:44:55.455408,2024-10-11T08:03:20.536642,CLOSED,,WEB-SERVER-01,False
ALT-CSE-01-02396,CSE-01,CRITICAL,2024-10-29T00:19:37,2024-10-29T00:30:27.611439,2024-10-29T01:04:36.983967,CLOSED,CAS-CSE-01-0536,ENDPOINT-01,False
ALT-CSE-01-02397,CSE-01,LOW,2024-11-19T01:14:50,2024-11-19T01:24:13.332484,2024-11-19T02:13:33.960300,CLOSED,,ROUTER-01,False
ALT-CSE-01-02398,CSE-01,MEDIUM,2024-11-28T16:07:07,2024-11-28T16:18:42.206580,2024-11-28T19:05:23.371455,CLOSED,,ROUTER-01,False
ALT-CSE-01-02399,CSE-01,MEDIUM,2024-10-09T09:40:46,2024-10-09T09:54:20.028073,2024-10-09T12:08:02.178515,CLOSED,,ENDPOINT-01,False
ALT-CSE-01-02400,CSE-01,MEDIUM,2024-10-18T21:36:41,2024-10-18T21:41:04.554983,2024-10-19T00:07:38.068674,CLOSED,,ENDPOINT-01,False
ALT-CSE-01-02401,CSE-01,MEDIUM,2024-11-15T03:18:28,2024-11-15T03:29:13.598923,2024-11-15T05:14:32.439332,CLOSED,CAS-CSE-01-0537,DB-SERVER-01,False
ALT-CSE-01-02402,CSE-01,CRITICAL,2024-11-23T14:02:25,2024-11-23T14:07:22.364922,2024-11-23T15:03:10.361362,CLOSED,CAS-CSE-01-0538,DB-SERVER-01,False
ALT-CSE-01-02403,CSE-01,MEDIUM,2024-11-30T13:25:27,2024-11-30T13:36:42.842426,2024-11-30T15:10:07.117908,CLOSED,CAS-CSE-01-0539,WEB-SERVER-01,False
ALT-CSE-01-02404,CSE-01,HIGH,2024-12-12T11:01:42,2024-12-12T11:05:28.884214,2024-12-12T12:08:20.006594,CLOSED,,ENDPOINT-01,False
ALT-CSE-01-02405,CSE-01,HIGH,2024-10-31T20:18:03,2024-10-31T20:30:22.920655,2024-10-31T22:55:36.414994,CLOSED,,WEB-SERVER-01,False
ALT-CSE-01-02406,CSE-01,MEDIUM,2024-11-29T04:27:09,2024-11-29T04:28:37.886754,2024-11-29T06:22:18.086922,CLOSED,,FIREWALL-01,False
ALT-CSE-01-02407,CSE-01,CRITICAL,2024-12-02T05:27:19,2024-12-02T05:38:51.726222,2024-12-02T06:01:22.210078,CLOSED,,WEB-SERVER-01,False
ALT-CSE-01-02408,CSE-01,CRITICAL,2024-10-13T12:32:13,2024-10-13T12:38:15.700953,2024-10-13T12:58:08.590466,CLOSED,CAS-CSE-01-0540,ROUTER-01,False
ALT-CSE-01-02409,CSE-01,HIGH,2024-10-04T11:09:49,2024-10-04T11:20:06.338025,2024-10-04T13:50:42.997981,CLOSED,,ENDPOINT-01,False
ALT-CSE-01-02410,CSE-01,LOW,2024-10-26T01:11:32,2024-10-26T01:17:45.725978,2024-10-26T02:53:28.221858,CLOSED,,ENDPOINT-01,False
ALT-CSE-01-02411,CSE-01,MEDIUM,2024-11-25T11:19:00,2024-11-25T11:22:23.144516,2024-11-25T14:16:13.344888,CLOSED,,ROUTER-01,False
ALT-CSE-01-02412,CSE-01,MEDIUM,2024-11-27T05:39:41,2024-11-27T05:51:10.417918,2024-11-27T07:33:47.856143,CLOSED,,ENDPOINT-01,False
ALT-CSE-01-02413,CSE-01,CRITICAL,2024-12-25T01:23:46,2024-12-25T01:25:53.712559,2024-12-25T02:33:04.140566,CLOSED,,ENDPOINT-01,False
ALT-CSE-01-02414,CSE-01,MEDIUM,2024-12-05T13:21:26,2024-12-05T13:33:57.345238,2024-12-05T16:20:44.532335,CLOSED,CAS-CSE-01-0541,FIREWALL-01,False
ALT-CSE-01-02415,CSE-01,MEDIUM,2024-11-15T23:10:03,2024-11-15T23:23:35.217045,2024-11-16T02:34:20.223577,CLOSED,,ENDPOINT-01,False
ALT-CSE-01-02416,CSE-01,LOW,2024-12-26T05:07:59,2024-12-26T05:15:59.270228,2024-12-26T07:26:50.788839,CLOSED,,ROUTER-01,False
ALT-CSE-01-02417,CSE-01,MEDIUM,2024-10-18T09:55:47,2024-10-18T10:04:10.005565,2024-10-18T12:13:30.636411,CLOSED,,DB-SERVER-01,False
ALT-CSE-01-02418,CSE-01,HIGH,2024-10-12T22:22:11,2024-10-12T22:25:30.040247,2024-10-12T23:54:52.318543,CLOSED,,WEB-SERVER-01,False
ALT-CSE-01-02419,CSE-01,HIGH,2024-11-01T07:27:58,2024-11-01T07:41:35.834946,2024-11-01T09:24:33.379819,CLOSED,,WEB-SERVER-01,False
ALT-CSE-01-02420,CSE-01,MEDIUM,2024-10-12T05:27:19,2024-10-12T05:35:41.541646,2024-10-12T06:52:27.188243,CLOSED,,FIREWALL-01,False
ALT-CSE-01-02421,CSE-01,HIGH,2024-11-28T01:43:15,2024-11-28T01:45:08.336916,2024-11-28T04:01:00.574742,CLOSED,,ENDPOINT-01,False
ALT-CSE-01-02422,CSE-01,MEDIUM,2024-10-28T17:48:09,2024-10-28T17:55:17.327403,2024-10-28T19:40:42.338632,CLOSED,,ENDPOINT-01,False
ALT-CSE-01-02423,CSE-01,MEDIUM,2024-10-06T08:34:53,2024-10-06T08:47:22.361677,2024-10-06T09:33:40.822491,CLOSED,,DB-SERVER-01,False
ALT-CSE-01-02424,CSE-01,LOW,2024-12-21T18:02:20,2024-12-21T18:04:52.970992,2024-12-21T20:49:24.621857,CLOSED,,WEB-SERVER-01,False
ALT-CSE-01-02425,CSE-01,MEDIUM,2024-10-20T03:09:23,2024-10-20T03:17:04.672109,2024-10-20T05:13:38.363733,CLOSED,CAS-CSE-01-0542,ROUTER-01,False
ALT-CSE-01-02426,CSE-01,LOW,2024-10-02T15:28:35,2024-10-02T15:30:54.632754,2024-10-02T18:19:09.134214,CLOSED,,ROUTER-01,False
ALT-CSE-01-02427,CSE-01,MEDIUM,2024-10-29T20:29:08,2024-10-29T20:34:19.049334,2024-10-29T22:51:53.315357,CLOSED,,ENDPOINT-01,False
ALT-CSE-01-02428,CSE-01,CRITICAL,2024-11-26T02:37:23,2024-11-26T02:49:49.940301,2024-11-26T03:31:08.119420,CLOSED,CAS-CSE-01-0543,DB-SERVER-01,False
ALT-CSE-01-02429,CSE-01,LOW,2024-11-06T01:43:31,2024-11-06T01:47:22.581395,2024-11-06T04:40:33.993685,CLOSED,,ROUTER-01,False
ALT-CSE-01-02430,CSE-01,MEDIUM,2024-12-28T10:23:57,2024-12-28T10:32:45.535738,2024-12-28T12:38:46.890050,CLOSED,,DB-SERVER-01,False
ALT-CSE-01-02431,CSE-01,HIGH,2024-12-12T07:08:31,2024-12-12T07:09:34.888806,2024-12-12T10:02:15.545936,CLOSED,,ROUTER-01,False
ALT-CSE-01-02432,CSE-01,HIGH,2024-10-31T09:58:11,2024-10-31T10:03:52.697075,2024-10-31T11:42:07.952651,CLOSED,,DB-SERVER-01,False
ALT-CSE-01-02433,CSE-01,HIGH,2024-10-04T17:50:42,2024-10-04T17:56:20.322512,2024-10-04T18:54:26.670585,CLOSED,,ENDPOINT-01,False
ALT-CSE-01-02434,CSE-01,LOW,2024-11-18T08:56:35,2024-11-18T09:04:52.350324,2024-11-18T10:58:44.781468,CLOSED,,DB-SERVER-01,False
ALT-CSE-01-02435,CSE-01,HIGH,2024-11-20T17:52:48,2024-11-20T18:04:56.980251,2024-11-20T19:36:39.988206,CLOSED,,WEB-SERVER-01,False
ALT-CSE-01-02436,CSE-01,LOW,2024-12-09T16:07:52,2024-12-09T16:21:19.594887,2024-12-09T17:43:23.796205,CLOSED,,ENDPOINT-01,False
ALT-CSE-01-02437,CSE-01,HIGH,2024-10-20T21:56:47,2024-10-20T22:07:29.426151,2024-10-21T01:01:31.285528,CLOSED,,FIREWALL-01,False
ALT-CSE-01-02438,CSE-01,LOW,2024-10-02T02:41:14,2024-10-02T02:47:02.495714,2024-10-02T05:46:13.100199,CLOSED,,ENDPOINT-01,False
ALT-CSE-01-02439,CSE-01,MEDIUM,2024-11-23T01:27:20,2024-11-23T01:30:25.727523,2024-11-23T03:47:20.346319,CLOSED,,ROUTER-01,False
ALT-CSE-01-02440,CSE-01,CRITICAL,2024-11-12T16:35:22,2024-11-12T16:38:38.739028,2024-11-12T17:20:08.025928,CLOSED,CAS-CSE-01-0544,FIREWALL-01,False
ALT-CSE-01-02441,CSE-01,HIGH,2024-12-21T05:31:48,2024-12-21T05:35:15.665858,2024-12-21T07:23:12.995207,CLOSED,,WEB-SERVER-01,False
ALT-CSE-01-02442,CSE-01,MEDIUM,2024-10-19T17:48:00,2024-10-19T17:53:11.827698,2024-10-19T19:22:26.931206,CLOSED,,DB-SERVER-01,False
ALT-CSE-01-02443,CSE-01,HIGH,2024-10-10T07:35:50,2024-10-10T07:37:07.114230,2024-10-10T09:05:59.544534,CLOSED,,WEB-SERVER-01,False
ALT-CSE-01-02444,CSE-01,LOW,2024-11-27T12:32:05,2024-11-27T12:43:20.695405,2024-11-27T14:21:02.961344,CLOSED,,FIREWALL-01,False
ALT-CSE-01-02445,CSE-01,HIGH,2024-10-09T10:49:31,2024-10-09T11:01:09.458046,2024-10-09T13:47:39.842317,CLOSED,,ROUTER-01,False
ALT-CSE-01-02446,CSE-01,LOW,2024-11-25T06:17:15,2024-11-25T06:31:54.660551,2024-11-25T09:29:17.054641,CLOSED,,FIREWALL-01,False
ALT-CSE-01-02447,CSE-01,HIGH,2024-11-20T14:24:54,2024-11-20T14:35:50.613250,2024-11-20T16:37:02.976097,CLOSED,,FIREWALL-01,False
ALT-CSE-01-02448,CSE-01,HIGH,2024-10-01T15:40:54,2024-10-01T15:42:21.817031,2024-10-01T17:52:35.879388,CLOSED,,FIREWALL-01,False
ALT-CSE-01-02449,CSE-01,MEDIUM,2024-11-30T15:05:09,2024-11-30T15:15:31.991653,2024-11-30T17:38:51.473350,CLOSED,,DB-SERVER-01,False
ALT-CSE-01-02450,CSE-01,HIGH,2024-11-25T05:50:24,2024-11-25T05:51:35.236506,2024-11-25T08:26:12.753855,CLOSED,,FIREWALL-01,False
ALT-CSE-01-02451,CSE-01,LOW,2024-12-04T10:23:28,2024-12-04T10:36:42.727513,2024-12-04T11:51:49.419187,CLOSED,,WEB-SERVER-01,False
ALT-CSE-01-02452,CSE-01,CRITICAL,2024-11-01T09:41:58,2024-11-01T09:48:17.343054,2024-11-01T10:17:10.624494,CLOSED,CAS-CSE-01-0545,FIREWALL-01,False
ALT-CSE-01-02453,CSE-01,HIGH,2024-11-13T14:17:46,2024-11-13T14:29:13.200381,2024-11-13T17:50:47.836099,CLOSED,,DB-SERVER-01,False
ALT-CSE-01-02454,CSE-01,LOW,2024-11-19T18:39:11,2024-11-19T18:48:12.936143,2024-11-19T21:18:14.125835,CLOSED,,ENDPOINT-01,False
ALT-CSE-01-02455,CSE-01,HIGH,2024-11-05T22:24:56,2024-11-05T22:34:25.090387,2024-11-06T00:13:05.872360,CLOSED,,FIREWALL-01,False
ALT-CSE-01-02456,CSE-01,MEDIUM,2024-12-07T14:44:54,2024-12-07T14:59:29.310124,2024-12-07T14:45:54,CLOSED,,FIREWALL-01,False
ALT-CSE-01-02457,CSE-01,MEDIUM,2024-12-07T13:44:13,2024-12-07T13:57:55.196442,2024-12-07T15:13:28.974026,CLOSED,CAS-CSE-01-0546,ROUTER-01,False
ALT-CSE-01-02458,CSE-01,MEDIUM,2024-12-08T22:11:46,2024-12-08T22:24:33.713873,2024-12-08T23:21:27.491644,CLOSED,,FIREWALL-01,False
ALT-CSE-01-02459,CSE-01,LOW,2024-12-19T07:31:46,2024-12-19T07:40:59.254681,2024-12-19T09:35:17.302583,CLOSED,CAS-CSE-01-0547,WEB-SERVER-01,False
ALT-CSE-01-02460,CSE-01,LOW,2024-11-22T10:22:24,2024-11-22T10:37:02.499732,2024-11-22T12:26:59.580835,CLOSED,,FIREWALL-01,False
ALT-CSE-01-02461,CSE-01,MEDIUM,2024-12-05T15:16:46,2024-12-05T15:24:36.470151,2024-12-05T18:06:33.154259,CLOSED,,FIREWALL-01,False
ALT-CSE-01-02462,CSE-01,LOW,2024-12-19T14:23:41,2024-12-19T14:26:24.805326,2024-12-19T16:28:31.456818,CLOSED,,WEB-SERVER-01,False
ALT-CSE-01-02463,CSE-01,LOW,2024-11-18T10:01:52,2024-11-18T10:04:59.226439,2024-11-18T12:50:18.283140,CLOSED,,ROUTER-01,False
ALT-CSE-01-02464,CSE-01,HIGH,2024-10-10T10:50:01,2024-10-10T11:00:59.017997,2024-10-10T12:43:43.110820,CLOSED,,DB-SERVER-01,False
ALT-CSE-01-02465,CSE-01,HIGH,2024-12-26T05:40:55,2024-12-26T05:48:28.588243,2024-12-26T08:33:48.324222,CLOSED,CAS-CSE-01-0548,FIREWALL-01,False
ALT-CSE-01-02466,CSE-01,HIGH,2024-10-22T03:21:32,2024-10-22T03:29:15.169766,2024-10-22T05:07:56.464591,CLOSED,,DB-SERVER-01,False
ALT-CSE-01-02467,CSE-01,LOW,2024-12-25T11:56:18,2024-12-25T12:03:49.733591,2024-12-25T14:05:09.005512,CLOSED,,FIREWALL-01,False
ALT-CSE-01-02468,CSE-01,MEDIUM,2024-10-02T01:27:00,2024-10-02T01:31:38.370730,2024-10-02T03:17:59.202950,CLOSED,,FIREWALL-01,False
ALT-CSE-01-02469,CSE-01,HIGH,2024-11-01T03:37:11,2024-11-01T03:46:08.333816,2024-11-01T05:40:31.382870,CLOSED,,ENDPOINT-01,False
ALT-CSE-01-02470,CSE-01,HIGH,2024-10-19T11:49:53,2024-10-19T11:56:04.010841,2024-10-19T13:23:15.917731,CLOSED,,FIREWALL-01,False
ALT-CSE-01-02471,CSE-01,MEDIUM,2024-11-29T20:11:49,2024-11-29T20:22:55.767752,2024-11-29T22:04:11.483888,CLOSED,,ROUTER-01,False
ALT-CSE-01-02472,CSE-01,CRITICAL,2024-11-09T23:11:32,2024-11-09T23:16:33.431242,2024-11-10T00:00:22.077326,CLOSED,CAS-CSE-01-0549,WEB-SERVER-01,False
ALT-CSE-01-02473,CSE-01,CRITICAL,2024-11-14T14:09:00,2024-11-14T14:11:10.695800,2024-11-14T14:40:31.750592,CLOSED,CAS-CSE-01-0550,ENDPOINT-01,False
ALT-CSE-01-02474,CSE-01,HIGH,2024-10-04T22:40:27,2024-10-04T22:54:50.507130,2024-10-05T00:41:55.881850,CLOSED,,ENDPOINT-01,False
ALT-CSE-01-02475,CSE-01,MEDIUM,2024-10-08T14:12:14,2024-10-08T14:14:17.564462,2024-10-08T16:29:31.539790,CLOSED,,FIREWALL-01,False
ALT-CSE-01-02476,CSE-01,MEDIUM,2024-12-09T09:25:09,2024-12-09T09:39:10.259711,2024-12-09T12:06:57.030468,CLOSED,,WEB-SERVER-01,False
ALT-CSE-01-02477,CSE-01,MEDIUM,2024-10-30T09:33:24,2024-10-30T09:47:06.431531,2024-10-30T11:07:32.659603,CLOSED,,FIREWALL-01,False
ALT-CSE-01-02478,CSE-01,HIGH,2024-10-18T21:27:52,2024-10-18T21:34:42.854886,2024-10-18T23:39:24.288612,CLOSED,,WEB-SERVER-01,False
ALT-CSE-01-02479,CSE-01,LOW,2024-11-25T04:56:51,2024-11-25T05:05:22.388086,2024-11-25T06:54:34.740499,CLOSED,,WEB-SERVER-01,False
ALT-CSE-01-02480,CSE-01,MEDIUM,2024-12-26T09:23:19,2024-12-26T09:33:50.143863,2024-12-26T11:21:37.289739,CLOSED,,ENDPOINT-01,False
ALT-CSE-01-02481,CSE-01,CRITICAL,2024-12-11T04:10:16,2024-12-11T04:18:09.427116,2024-12-11T04:53:42.487700,CLOSED,CAS-CSE-01-0551,DB-SERVER-01,False
ALT-CSE-01-02482,CSE-01,CRITICAL,2024-12-07T01:10:04,2024-12-07T01:12:09.197927,2024-12-07T02:03:01.630873,CLOSED,CAS-CSE-01-0552,ROUTER-01,False
ALT-CSE-01-02483,CSE-01,MEDIUM,2024-11-11T14:20:42,2024-11-11T14:25:29.331338,2024-11-11T15:56:44.176923,CLOSED,,FIREWALL-01,False
ALT-CSE-01-02484,CSE-01,CRITICAL,2024-12-28T03:53:11,2024-12-28T03:54:11.677688,2024-12-28T04:36:30.245719,CLOSED,,DB-SERVER-01,False
ALT-CSE-01-02485,CSE-01,CRITICAL,2024-11-14T10:59:36,2024-11-14T11:10:48.828653,2024-11-14T11:19:08.934163,CLOSED,CAS-CSE-01-0553,ENDPOINT-01,False
ALT-CSE-01-02486,CSE-01,LOW,2024-12-29T04:38:20,2024-12-29T04:53:18.975476,2024-12-29T06:57:18.900543,CLOSED,CAS-CSE-01-0554,ENDPOINT-01,False
ALT-CSE-01-02487,CSE-01,HIGH,2024-12-25T18:52:21,2024-12-25T18:54:50.727160,2024-12-25T20:10:23.554602,CLOSED,,ROUTER-01,False
ALT-CSE-01-02488,CSE-01,HIGH,2024-10-05T20:15:08,2024-10-05T20:29:03.239585,2024-10-05T22:53:48.378633,CLOSED,,WEB-SERVER-01,False
ALT-CSE-01-02489,CSE-01,MEDIUM,2024-10-22T03:19:32,2024-10-22T03:29:09.631567,2024-10-22T04:51:54.096154,CLOSED,,WEB-SERVER-01,False
ALT-CSE-01-02490,CSE-01,LOW,2024-10-21T03:45:10,2024-10-21T03:59:51.244069,2024-10-21T06:01:23.117234,CLOSED,,ENDPOINT-01,False
ALT-CSE-01-02491,CSE-01,MEDIUM,2024-10-28T08:26:57,2024-10-28T08:37:10.521291,2024-10-28T10:09:38.845871,CLOSED,,ROUTER-01,False
ALT-CSE-01-02492,CSE-01,HIGH,2024-11-08T14:53:09,2024-11-08T14:56:20.698891,2024-11-08T16:05:59.046844,CLOSED,,ENDPOINT-01,False
ALT-CSE-01-02493,CSE-01,LOW,2024-10-19T04:55:04,2024-10-19T05:09:36.075326,2024-10-19T06:32:11.990487,CLOSED,,ENDPOINT-01,False
ALT-CSE-01-02494,CSE-01,LOW,2024-11-28T11:24:02,2024-11-28T11:34:53.625793,2024-11-28T14:16:56.826409,CLOSED,CAS-CSE-01-0555,ROUTER-01,False
ALT-CSE-01-02495,CSE-01,HIGH,2024-12-12T22:44:11,2024-12-12T22:55:33.768176,2024-12-13T01:21:34.553193,CLOSED,,ENDPOINT-01,False
ALT-CSE-01-02496,CSE-01,MEDIUM,2024-11-25T07:54:58,2024-11-25T08:04:12.795433,2024-11-25T10:28:27.262475,CLOSED,,ROUTER-01,False
ALT-CSE-01-02497,CSE-01,MEDIUM,2024-12-18T03:37:40,2024-12-18T03:45:43.783976,2024-12-18T05:44:23.073374,CLOSED,,ENDPOINT-01,False
ALT-CSE-01-02498,CSE-01,HIGH,2024-12-01T03:10:49,2024-12-01T03:14:32.014655,2024-12-01T05:05:37.256399,CLOSED,,DB-SERVER-01,False
ALT-CSE-01-02499,CSE-01,HIGH,2024-11-09T08:27:04,2024-11-09T08:35:55.643423,2024-11-09T10:01:12.040352,CLOSED,,FIREWALL-01,False
ALT-CSE-01-02500,CSE-01,MEDIUM,2024-11-23T06:30:57,2024-11-23T06:35:56.385015,2024-11-23T08:41:12.621893,CLOSED,,FIREWALL-01,False
ALT-CSE-01-02501,CSE-01,LOW,2024-11-13T02:29:47,2024-11-13T02:38:24.024441,2024-11-13T05:24:01.791393,CLOSED,,DB-SERVER-01,False
ALT-CSE-01-02502,CSE-01,HIGH,2024-12-06T10:38:26,2024-12-06T10:40:49.369552,2024-12-06T11:14:37.661081,CLOSED,,ROUTER-01,False
ALT-CSE-01-02503,CSE-01,MEDIUM,2024-10-27T18:14:23,2024-10-27T18:27:15.717310,2024-10-27T20:36:28.741542,CLOSED,,ENDPOINT-01,False
ALT-CSE-01-02504,CSE-01,LOW,2024-11-10T00:45:06,2024-11-10T00:53:32.013818,2024-11-10T02:25:49.957844,CLOSED,,FIREWALL-01,False
ALT-CSE-01-02505,CSE-01,CRITICAL,2024-12-17T10:18:31,2024-12-17T10:32:30.363781,2024-12-17T11:04:18.786324,CLOSED,CAS-CSE-01-0556,FIREWALL-01,False
ALT-CSE-01-02506,CSE-01,LOW,2024-11-27T07:25:39,2024-11-27T07:27:52.492183,2024-11-27T09:15:22.262245,CLOSED,,FIREWALL-01,False
ALT-CSE-01-02507,CSE-01,HIGH,2024-12-16T19:55:45,2024-12-16T20:07:21.280328,2024-12-16T22:25:30.269531,CLOSED,,WEB-SERVER-01,False
ALT-CSE-01-02508,CSE-01,MEDIUM,2024-10-29T12:13:47,2024-10-29T12:14:56.537911,2024-10-29T13:49:57.422301,CLOSED,CAS-CSE-01-0557,WEB-SERVER-01,False
ALT-CSE-01-02509,CSE-01,MEDIUM,2024-10-06T15:24:43,2024-10-06T15:37:48.782123,2024-10-06T18:05:26.091259,CLOSED,,ROUTER-01,False
ALT-CSE-01-02510,CSE-01,HIGH,2024-10-11T01:22:01,2024-10-11T01:25:05.625788,2024-10-11T04:01:57.692879,CLOSED,,ENDPOINT-01,False
ALT-CSE-01-02511,CSE-01,CRITICAL,2024-10-29T14:02:37,2024-10-29T14:09:44.887028,2024-10-29T14:49:59.298869,CLOSED,CAS-CSE-01-0558,DB-SERVER-01,False
ALT-CSE-01-02512,CSE-01,HIGH,2024-12-26T23:22:06,2024-12-26T23:26:27.254105,2024-12-27T02:14:38.091208,CLOSED,,ENDPOINT-01,False
ALT-CSE-01-02513,CSE-01,HIGH,2024-11-09T23:05:05,2024-11-09T23:13:59.470591,2024-11-10T01:22:17.278342,CLOSED,,ENDPOINT-01,False
ALT-CSE-01-02514,CSE-01,MEDIUM,2024-12-24T18:09:14,2024-12-24T18:22:33.185140,2024-12-24T20:49:21.248402,CLOSED,,WEB-SERVER-01,False
ALT-CSE-01-02515,CSE-01,MEDIUM,2024-12-16T11:28:19,2024-12-16T11:40:33.333732,2024-12-16T13:31:47.655899,CLOSED,,DB-SERVER-01,False
ALT-CSE-01-02516,CSE-01,HIGH,2024-10-06T10:15:59,2024-10-06T10:17:53.533972,2024-10-06T13:28:16.395615,CLOSED,,WEB-SERVER-01,False
ALT-CSE-01-02517,CSE-01,MEDIUM,2024-12-06T03:58:23,2024-12-06T04:08:08.574816,2024-12-06T07:34:46.246481,CLOSED,,WEB-SERVER-01,False
ALT-CSE-01-02518,CSE-01,MEDIUM,2024-10-20T03:35:17,2024-10-20T03:48:16.264199,2024-10-20T05:34:52.585735,CLOSED,,ROUTER-01,False
ALT-CSE-01-02519,CSE-01,MEDIUM,2024-10-14T01:33:39,2024-10-14T01:45:09.858062,2024-10-14T04:04:41.071744,CLOSED,,FIREWALL-01,False
ALT-CSE-01-02520,CSE-01,MEDIUM,2024-10-19T18:56:36,2024-10-19T19:03:25.037604,2024-10-19T20:39:50.014353,CLOSED,,DB-SERVER-01,False
ALT-CSE-01-02521,CSE-01,MEDIUM,2024-10-31T08:16:10,2024-10-31T08:27:35.272607,2024-10-31T09:30:41.519033,CLOSED,,ENDPOINT-01,False
ALT-CSE-01-02522,CSE-01,LOW,2024-12-19T03:52:09,2024-12-19T03:55:51.956304,2024-12-19T05:07:55.598087,CLOSED,,FIREWALL-01,False
ALT-CSE-01-02523,CSE-01,HIGH,2024-10-16T13:40:02,2024-10-16T13:45:56.647140,2024-10-16T16:31:41.705082,CLOSED,,WEB-SERVER-01,False
ALT-CSE-01-02524,CSE-01,CRITICAL,2024-10-18T23:42:57,2024-10-18T23:55:21.514590,2024-10-19T00:26:17.644104,CLOSED,CAS-CSE-01-0559,ENDPOINT-01,False
ALT-CSE-01-02525,CSE-01,HIGH,2024-11-18T21:00:50,2024-11-18T21:06:03.334984,2024-11-18T23:38:09.822800,CLOSED,,WEB-SERVER-01,False
ALT-CSE-01-02526,CSE-01,HIGH,2024-11-09T11:45:05,2024-11-09T11:56:50.875160,2024-11-09T14:12:40.471910,CLOSED,,DB-SERVER-01,False
ALT-CSE-01-02527,CSE-01,HIGH,2024-11-01T14:28:17,2024-11-01T14:34:52.199693,2024-11-01T17:23:42.214076,CLOSED,,WEB-SERVER-01,False
ALT-CSE-01-02528,CSE-01,MEDIUM,2024-11-25T02:44:53,2024-11-25T02:51:28.962237,2024-11-25T04:52:12.880323,CLOSED,,DB-SERVER-01,False
ALT-CSE-01-02529,CSE-01,MEDIUM,2024-11-19T00:17:01,2024-11-19T00:30:53.791360,2024-11-19T02:54:36.619264,CLOSED,,ENDPOINT-01,False
ALT-CSE-01-02530,CSE-01,HIGH,2024-11-12T04:09:58,2024-11-12T04:18:08.706975,2024-11-12T05:40:49.814892,CLOSED,,WEB-SERVER-01,False
ALT-CSE-01-02531,CSE-01,HIGH,2024-10-28T17:15:17,2024-10-28T17:20:39.348260,2024-10-28T19:42:45.172091,CLOSED,,DB-SERVER-01,False
ALT-CSE-01-02532,CSE-01,MEDIUM,2024-12-18T16:49:00,2024-12-18T16:56:56.211241,2024-12-18T18:54:14.016090,CLOSED,,FIREWALL-01,False
ALT-CSE-01-02533,CSE-01,MEDIUM,2024-12-03T23:27:04,2024-12-03T23:39:03.771736,2024-12-04T01:23:46.992988,CLOSED,,FIREWALL-01,False
ALT-CSE-01-02534,CSE-01,LOW,2024-10-24T08:53:25,2024-10-24T09:06:40.328604,2024-10-24T11:21:28.025535,CLOSED,,FIREWALL-01,False
ALT-CSE-01-02535,CSE-01,CRITICAL,2024-10-05T06:47:32,2024-10-05T06:49:16.601836,2024-10-05T07:29:03.674750,CLOSED,,FIREWALL-01,False
ALT-CSE-01-02536,CSE-01,MEDIUM,2024-10-14T09:57:59,2024-10-14T10:03:55.301149,2024-10-14T13:13:10.262573,CLOSED,,FIREWALL-01,False
ALT-CSE-01-02537,CSE-01,HIGH,2024-10-10T13:14:51,2024-10-10T13:24:55.904192,2024-10-10T14:58:38.823851,CLOSED,,DB-SERVER-01,False
ALT-CSE-01-02538,CSE-01,MEDIUM,2024-11-09T22:10:34,2024-11-09T22:12:17.895444,2024-11-10T00:35:29.050690,CLOSED,,DB-SERVER-01,False
ALT-CSE-01-02539,CSE-01,CRITICAL,2024-11-20T14:49:53,2024-11-20T14:58:41.733838,2024-11-20T15:49:19.016927,CLOSED,CAS-CSE-01-0560,ROUTER-01,False
ALT-CSE-01-02540,CSE-01,CRITICAL,2024-12-24T07:39:37,2024-12-24T07:45:30.411207,2024-12-24T08:37:38.313640,CLOSED,CAS-CSE-01-0561,ENDPOINT-01,False
ALT-CSE-01-02541,CSE-01,MEDIUM,2024-10-08T00:57:01,2024-10-08T01:03:14.472716,2024-10-08T02:12:38.030598,CLOSED,,WEB-SERVER-01,False
ALT-CSE-01-02542,CSE-01,HIGH,2024-11-03T16:40:23,2024-11-03T16:42:59.304042,2024-11-03T18:43:28.176109,CLOSED,CAS-CSE-01-0562,WEB-SERVER-01,False
ALT-CSE-01-02543,CSE-01,CRITICAL,2024-10-11T00:13:34,2024-10-11T00:17:03.259984,2024-10-11T01:05:35.666866,CLOSED,CAS-CSE-01-0563,ROUTER-01,False
ALT-CSE-01-02544,CSE-01,MEDIUM,2024-10-25T04:22:33,2024-10-25T04:24:49.126949,2024-10-25T05:55:18.050180,CLOSED,,DB-SERVER-01,False
ALT-CSE-01-02545,CSE-01,MEDIUM,2024-11-02T22:26:41,2024-11-02T22:27:59.130089,2024-11-03T00:44:37.839473,CLOSED,,ROUTER-01,False
ALT-CSE-01-02546,CSE-01,MEDIUM,2024-12-24T05:39:06,2024-12-24T05:51:27.219286,2024-12-24T08:32:37.758435,CLOSED,,WEB-SERVER-01,False
ALT-CSE-01-02547,CSE-01,CRITICAL,2024-10-30T12:51:26,2024-10-30T13:00:08.941037,2024-10-30T13:33:17.960238,CLOSED,,ENDPOINT-01,False
ALT-CSE-01-02548,CSE-01,HIGH,2024-10-08T23:53:42,2024-10-09T00:00:59.479624,2024-10-09T00:28:44.622767,CLOSED,,WEB-SERVER-01,False
ALT-CSE-01-02549,CSE-01,HIGH,2024-11-30T10:03:41,2024-11-30T10:11:56.787637,2024-11-30T11:32:45.523036,CLOSED,,ROUTER-01,False
ALT-CSE-01-02550,CSE-01,LOW,2024-11-11T23:39:04,2024-11-11T23:41:56.191700,2024-11-12T01:22:06.229488,CLOSED,,WEB-SERVER-01,False
ALT-CSE-01-02551,CSE-01,LOW,2024-12-15T05:06:35,2024-12-15T05:09:59.774948,2024-12-15T07:02:25.895609,CLOSED,,WEB-SERVER-01,False
ALT-CSE-01-02552,CSE-01,LOW,2024-10-04T03:08:56,2024-10-04T03:22:03.385795,2024-10-04T05:18:29.633010,CLOSED,,DB-SERVER-01,False
ALT-CSE-01-02553,CSE-01,HIGH,2024-10-16T02:43:53,2024-10-16T02:55:32.549665,2024-10-16T03:48:11.513833,CLOSED,,WEB-SERVER-01,False
ALT-CSE-01-02554,CSE-01,CRITICAL,2024-12-16T23:54:55,2024-12-17T00:03:33.150384,2024-12-17T00:33:44.496529,CLOSED,CAS-CSE-01-0564,FIREWALL-01,False
ALT-CSE-01-02555,CSE-01,MEDIUM,2024-10-16T01:12:11,2024-10-16T01:20:48.108657,2024-10-16T02:50:55.237075,CLOSED,,ROUTER-01,False
ALT-CSE-01-02556,CSE-01,CRITICAL,2024-11-25T17:09:52,2024-11-25T17:12:49.223376,2024-11-25T17:56:29.162243,CLOSED,CAS-CSE-01-0565,ENDPOINT-01,False
ALT-CSE-01-02557,CSE-01,HIGH,2024-11-02T21:01:05,2024-11-02T21:07:58.965445,2024-11-02T22:42:34.653574,CLOSED,,WEB-SERVER-01,False
ALT-CSE-01-02558,CSE-01,LOW,2024-10-09T22:42:57,2024-10-09T22:54:25.037468,2024-10-10T00:33:45.843364,CLOSED,,ENDPOINT-01,False
ALT-CSE-01-02559,CSE-01,MEDIUM,2024-11-18T13:17:30,2024-11-18T13:29:16.365091,2024-11-18T16:39:50.668755,CLOSED,,FIREWALL-01,False
ALT-CSE-01-02560,CSE-01,HIGH,2024-11-24T06:25:38,2024-11-24T06:40:28.227985,2024-11-24T07:45:11.831759,CLOSED,,ROUTER-01,False
ALT-CSE-01-02561,CSE-01,CRITICAL,2024-11-28T21:00:12,2024-11-28T21:11:33.317417,2024-11-28T21:56:41.776490,CLOSED,CAS-CSE-01-0566,DB-SERVER-01,False
ALT-CSE-01-02562,CSE-01,LOW,2024-10-26T08:00:46,2024-10-26T08:09:47.706043,2024-10-26T09:20:44.622916,CLOSED,,DB-SERVER-01,False
ALT-CSE-01-02563,CSE-01,LOW,2024-11-13T07:48:33,2024-11-13T08:03:31.461559,2024-11-13T10:05:25.170910,CLOSED,CAS-CSE-01-0567,FIREWALL-01,False
ALT-CSE-01-02564,CSE-01,CRITICAL,2024-11-08T07:02:11,2024-11-08T07:09:23.880325,2024-11-08T08:14:27.326411,CLOSED,CAS-CSE-01-0568,ENDPOINT-01,False
ALT-CSE-01-02565,CSE-01,LOW,2024-12-18T13:19:54,2024-12-18T13:24:04.360197,2024-12-18T15:07:17.986712,CLOSED,,ENDPOINT-01,False
ALT-CSE-01-02566,CSE-01,HIGH,2024-10-23T18:57:33,2024-10-23T19:01:27.111563,2024-10-23T21:08:22.443722,CLOSED,CAS-CSE-01-0569,ROUTER-01,False
ALT-CSE-01-02567,CSE-01,LOW,2024-10-23T00:53:04,2024-10-23T01:06:18.736628,2024-10-23T02:57:07.330939,CLOSED,,DB-SERVER-01,False
ALT-CSE-01-02568,CSE-01,HIGH,2024-11-19T00:13:17,2024-11-19T00:17:37.051750,2024-11-19T02:23:19.706639,CLOSED,,ENDPOINT-01,False
ALT-CSE-01-02569,CSE-01,HIGH,2024-11-17T00:10:52,2024-11-17T00:24:20.328385,2024-11-17T02:02:23.633476,CLOSED,,DB-SERVER-01,False
ALT-CSE-01-02570,CSE-01,HIGH,2024-11-25T07:22:21,2024-11-25T07:36:44.607797,2024-11-25T09:56:13.107872,CLOSED,,WEB-SERVER-01,False
ALT-CSE-01-02571,CSE-01,MEDIUM,2024-12-07T10:06:14,2024-12-07T10:14:21.270494,2024-12-07T11:39:39.124805,CLOSED,,ROUTER-01,False
ALT-CSE-01-02572,CSE-01,MEDIUM,2024-10-04T13:12:10,2024-10-04T13:23:05.851753,2024-10-04T14:29:48.204580,CLOSED,,ROUTER-01,False
ALT-CSE-01-02573,CSE-01,HIGH,2024-10-01T12:44:57,2024-10-01T12:51:29.661926,2024-10-01T14:48:04.884103,CLOSED,,FIREWALL-01,False
ALT-CSE-01-02574,CSE-01,LOW,2024-11-27T16:59:23,2024-11-27T17:10:43.442543,2024-11-27T17:43:44.719800,CLOSED,,ROUTER-01,False
ALT-CSE-01-02575,CSE-01,HIGH,2024-12-05T21:30:46,2024-12-05T21:37:26.923907,2024-12-05T23:09:30.518113,CLOSED,CAS-CSE-01-0570,ROUTER-01,False
ALT-CSE-01-02576,CSE-01,LOW,2024-12-07T23:45:49,2024-12-07T23:57:37.274407,2024-12-08T01:21:49.302013,CLOSED,,ENDPOINT-01,False
ALT-CSE-01-02577,CSE-01,MEDIUM,2024-11-20T19:28:30,2024-11-20T19:43:10.067051,2024-11-20T21:15:22.330136,CLOSED,,WEB-SERVER-01,False
ALT-CSE-01-02578,CSE-01,MEDIUM,2024-10-23T07:58:44,2024-10-23T08:04:40.426980,2024-10-23T10:14:07.033860,CLOSED,,ROUTER-01,False
ALT-CSE-01-02579,CSE-01,LOW,2024-11-13T23:31:05,2024-11-13T23:36:27.052366,2024-11-14T01:13:41.972095,CLOSED,,WEB-SERVER-01,False
ALT-CSE-01-02580,CSE-01,MEDIUM,2024-10-22T22:09:22,2024-10-22T22:13:36.998184,2024-10-22T23:52:53.826162,CLOSED,,WEB-SERVER-01,False
ALT-CSE-01-02581,CSE-01,HIGH,2024-12-15T11:40:48,2024-12-15T11:52:51.058432,2024-12-15T13:51:01.693051,CLOSED,,ENDPOINT-01,False
ALT-CSE-01-02582,CSE-01,CRITICAL,2024-11-01T12:56:59,2024-11-01T12:58:53.893493,2024-11-01T13:31:37.906186,CLOSED,CAS-CSE-01-0571,FIREWALL-01,False
ALT-CSE-01-02583,CSE-01,LOW,2024-11-13T07:09:55,2024-11-13T07:16:01.915940,2024-11-13T08:41:03.978005,CLOSED,,WEB-SERVER-01,False
ALT-CSE-01-02584,CSE-01,LOW,2024-12-08T15:47:53,2024-12-08T15:55:03.197902,2024-12-08T18:17:40.272334,CLOSED,,ROUTER-01,False
ALT-CSE-01-02585,CSE-01,CRITICAL,2024-11-12T10:12:32,2024-11-12T10:25:52.007101,2024-11-12T10:46:33.438980,CLOSED,CAS-CSE-01-0572,DB-SERVER-01,False
ALT-CSE-01-02586,CSE-01,MEDIUM,2024-12-03T11:38:16,2024-12-03T11:47:24.244614,2024-12-03T12:57:29.494459,CLOSED,,FIREWALL-01,False
ALT-CSE-01-02587,CSE-01,MEDIUM,2024-10-25T17:06:26,2024-10-25T17:11:19.196092,2024-10-25T18:28:46.306904,CLOSED,,WEB-SERVER-01,False
ALT-CSE-01-02588,CSE-01,CRITICAL,2024-10-26T03:21:44,2024-10-26T03:30:29.286399,2024-10-26T04:11:26.922188,CLOSED,CAS-CSE-01-0573,ENDPOINT-01,False
ALT-CSE-01-02589,CSE-01,CRITICAL,2024-10-19T10:29:57,2024-10-19T10:37:11.734240,2024-10-19T11:01:00.879843,CLOSED,CAS-CSE-01-0574,WEB-SERVER-01,False
ALT-CSE-01-02590,CSE-01,HIGH,2024-11-16T11:43:48,2024-11-16T11:47:43.613638,2024-11-16T13:10:51.582740,CLOSED,,ROUTER-01,False
ALT-CSE-01-02591,CSE-01,HIGH,2024-12-13T07:27:15,2024-12-13T07:31:14.036735,2024-12-13T09:29:59.040124,CLOSED,,DB-SERVER-01,False
ALT-CSE-01-02592,CSE-01,HIGH,2024-12-16T22:46:15,2024-12-16T22:56:29.015419,2024-12-17T01:11:08.089446,CLOSED,,DB-SERVER-01,False
ALT-CSE-01-02593,CSE-01,CRITICAL,2024-11-08T01:19:41,2024-11-08T01:34:19.558502,2024-11-08T02:12:05.466277,CLOSED,CAS-CSE-01-0575,WEB-SERVER-01,False
ALT-CSE-01-02594,CSE-01,LOW,2024-12-06T14:42:54,2024-12-06T14:55:35.568023,2024-12-06T17:19:09.900375,CLOSED,CAS-CSE-01-0576,DB-SERVER-01,False
ALT-CSE-01-02595,CSE-01,LOW,2024-10-08T12:31:32,2024-10-08T12:43:46.715539,2024-10-08T13:55:07.507950,CLOSED,,FIREWALL-01,False
ALT-CSE-01-02596,CSE-01,MEDIUM,2024-11-12T22:13:00,2024-11-12T22:21:01.360906,2024-11-12T23:10:18.229549,CLOSED,,WEB-SERVER-01,False
ALT-CSE-01-02597,CSE-01,LOW,2024-10-15T23:09:18,2024-10-15T23:11:18.728716,2024-10-16T01:56:12.093242,CLOSED,,WEB-SERVER-01,False
ALT-CSE-01-02598,CSE-01,CRITICAL,2024-11-24T22:40:31,2024-11-24T22:52:12.149382,2024-11-24T23:30:55.057974,CLOSED,,DB-SERVER-01,False
ALT-CSE-01-02599,CSE-01,MEDIUM,2024-10-12T13:33:02,2024-10-12T13:48:01.686009,2024-10-12T13:58:45.136433,CLOSED,,FIREWALL-01,False
ALT-CSE-01-02600,CSE-01,LOW,2024-11-21T08:48:20,2024-11-21T08:51:54.957841,2024-11-21T09:03:55.985499,CLOSED,,ENDPOINT-01,False
ALT-CSE-01-02601,CSE-01,MEDIUM,2024-10-14T04:41:24,2024-10-14T04:50:21.175788,2024-10-14T06:36:16.985038,CLOSED,,WEB-SERVER-01,False
ALT-CSE-01-02602,CSE-01,MEDIUM,2024-12-03T02:38:20,2024-12-03T02:47:08.833129,2024-12-03T05:12:36.451029,CLOSED,,FIREWALL-01,False
ALT-CSE-01-02603,CSE-01,HIGH,2024-12-05T23:01:22,2024-12-05T23:03:05.090244,2024-12-06T01:29:54.041878,CLOSED,,DB-SERVER-01,False
ALT-CSE-01-02604,CSE-01,LOW,2024-10-13T23:22:40,2024-10-13T23:32:19.118776,2024-10-14T01:47:43.937611,CLOSED,,ENDPOINT-01,False
ALT-CSE-01-02605,CSE-01,MEDIUM,2024-12-13T04:13:23,2024-12-13T04:14:37.961882,2024-12-13T06:02:13.493613,CLOSED,,ROUTER-01,False
ALT-CSE-01-02606,CSE-01,LOW,2024-12-08T00:08:10,2024-12-08T00:15:58.374005,2024-12-08T02:59:41.577486,CLOSED,CAS-CSE-01-0577,ROUTER-01,False
ALT-CSE-01-02607,CSE-01,HIGH,2024-11-12T22:24:54,2024-11-12T22:26:16.486611,2024-11-13T00:13:33.307643,CLOSED,,FIREWALL-01,False
ALT-CSE-01-02608,CSE-01,LOW,2024-10-01T23:01:48,2024-10-01T23:12:18.186198,2024-10-02T01:06:04.139014,CLOSED,,FIREWALL-01,False
ALT-CSE-01-02609,CSE-01,HIGH,2024-12-16T13:29:53,2024-12-16T13:41:47.406770,2024-12-16T15:58:06.612746,CLOSED,,ROUTER-01,False
ALT-CSE-01-02610,CSE-01,MEDIUM,2024-12-25T17:02:37,2024-12-25T17:08:04.449926,2024-12-25T18:18:12.496557,CLOSED,,ENDPOINT-01,False
ALT-CSE-01-02611,CSE-01,MEDIUM,2024-10-02T18:43:41,2024-10-02T18:57:55.480007,2024-10-02T20:57:55.444215,CLOSED,,ROUTER-01,False
ALT-CSE-01-02612,CSE-01,HIGH,2024-10-08T12:15:19,2024-10-08T12:25:39.839880,2024-10-08T14:52:53.399050,CLOSED,,DB-SERVER-01,False
ALT-CSE-01-02613,CSE-01,MEDIUM,2024-11-11T23:07:11,2024-11-11T23:21:06.582866,2024-11-12T01:36:23.328217,CLOSED,,ROUTER-01,False
ALT-CSE-01-02614,CSE-01,HIGH,2024-12-20T04:20:27,2024-12-20T04:24:54.897463,2024-12-20T05:49:53.937307,CLOSED,,ROUTER-01,False
ALT-CSE-01-02615,CSE-01,HIGH,2024-12-23T06:28:44,2024-12-23T06:34:38.276097,2024-12-23T09:13:47.115022,CLOSED,,ENDPOINT-01,False
ALT-CSE-01-02616,CSE-01,LOW,2024-10-29T06:26:43,2024-10-29T06:29:49.694790,2024-10-29T07:34:52.641269,CLOSED,,WEB-SERVER-01,False
ALT-CSE-01-02617,CSE-01,HIGH,2024-10-19T14:47:05,2024-10-19T15:01:34.379671,2024-10-19T15:52:39.651680,CLOSED,,ROUTER-01,False
ALT-CSE-01-02618,CSE-01,MEDIUM,2024-10-06T05:56:25,2024-10-06T06:08:40.091024,2024-10-06T06:55:19.393781,CLOSED,,FIREWALL-01,False
ALT-CSE-01-02619,CSE-01,HIGH,2024-10-26T02:58:37,2024-10-26T03:13:20.637126,2024-10-26T05:06:31.015975,CLOSED,,FIREWALL-01,False
ALT-CSE-01-02620,CSE-01,CRITICAL,2024-10-18T04:39:58,2024-10-18T04:45:01.405481,2024-10-18T05:24:19.725055,CLOSED,CAS-CSE-01-0578,DB-SERVER-01,False
ALT-CSE-01-02621,CSE-01,MEDIUM,2024-12-10T22:11:05,2024-12-10T22:24:22.284577,2024-12-11T00:16:27.981473,CLOSED,,ENDPOINT-01,False
ALT-CSE-01-02622,CSE-01,MEDIUM,2024-12-29T16:45:02,2024-12-29T16:55:15.931148,2024-12-29T17:47:01.866035,CLOSED,,ROUTER-01,False
ALT-CSE-01-02623,CSE-01,LOW,2024-11-28T08:38:29,2024-11-28T08:50:43.851592,2024-11-28T09:49:52.762683,CLOSED,,ROUTER-01,False
ALT-CSE-01-02624,CSE-01,HIGH,2024-12-26T22:20:16,2024-12-26T22:34:12.708993,2024-12-27T01:12:51.790768,CLOSED,,DB-SERVER-01,False
ALT-CSE-01-02625,CSE-01,CRITICAL,2024-11-29T14:30:50,2024-11-29T14:42:54.912619,2024-11-29T15:30:49.841679,CLOSED,CAS-CSE-01-0579,ENDPOINT-01,False
ALT-CSE-01-02626,CSE-01,MEDIUM,2024-11-19T06:34:04,2024-11-19T06:44:36.502619,2024-11-19T08:24:00.982265,CLOSED,CAS-CSE-01-0580,WEB-SERVER-01,False
ALT-CSE-01-02627,CSE-01,HIGH,2024-10-31T12:18:14,2024-10-31T12:20:02.817102,2024-10-31T14:57:27.879483,CLOSED,,WEB-SERVER-01,False
ALT-CSE-01-02628,CSE-01,HIGH,2024-10-28T13:45:58,2024-10-28T13:49:46.700247,2024-10-28T15:26:59.141091,CLOSED,,WEB-SERVER-01,False
ALT-CSE-01-02629,CSE-01,LOW,2024-11-02T05:20:26,2024-11-02T05:26:19.353697,2024-11-02T08:08:05.064172,CLOSED,,ENDPOINT-01,False
ALT-CSE-01-02630,CSE-01,CRITICAL,2024-10-22T04:23:40,2024-10-22T04:28:10.286162,2024-10-22T05:00:41.272693,CLOSED,CAS-CSE-01-0581,ENDPOINT-01,False
ALT-CSE-01-02631,CSE-01,MEDIUM,2024-12-03T00:55:10,2024-12-03T01:01:29.500387,2024-12-03T03:42:15.649827,CLOSED,,ENDPOINT-01,False
ALT-CSE-01-02632,CSE-01,LOW,2024-11-26T12:44:36,2024-11-26T12:50:20.983953,2024-11-26T15:48:29.632421,CLOSED,,WEB-SERVER-01,False
ALT-CSE-01-02633,CSE-01,HIGH,2024-11-19T01:29:03,2024-11-19T01:35:40.626566,2024-11-19T02:43:27.537394,CLOSED,,ENDPOINT-01,False
ALT-CSE-01-02634,CSE-01,LOW,2024-12-03T02:24:48,2024-12-03T02:38:05.871379,2024-12-03T05:00:22.864982,CLOSED,,ROUTER-01,False
ALT-CSE-01-02635,CSE-01,CRITICAL,2024-12-19T09:50:35,2024-12-19T09:54:30.870633,2024-12-19T10:45:47.187164,CLOSED,CAS-CSE-01-0582,ENDPOINT-01,False
ALT-CSE-01-02636,CSE-01,MEDIUM,2024-12-05T10:13:14,2024-12-05T10:27:23.698757,2024-12-05T11:32:27.455138,CLOSED,,WEB-SERVER-01,False
ALT-CSE-01-02637,CSE-01,MEDIUM,2024-10-29T05:16:00,2024-10-29T05:27:33.403836,2024-10-29T07:28:45.109105,CLOSED,CAS-CSE-01-0583,WEB-SERVER-01,False
ALT-CSE-01-02638,CSE-01,LOW,2024-10-28T21:15:48,2024-10-28T21:26:08.298964,2024-10-28T22:29:11.756742,CLOSED,,FIREWALL-01,False
ALT-CSE-01-02639,CSE-01,LOW,2024-11-20T08:36:28,2024-11-20T08:46:59.658698,2024-11-20T11:28:36.151888,CLOSED,,FIREWALL-01,False
ALT-CSE-01-02640,CSE-01,MEDIUM,2024-10-26T17:10:31,2024-10-26T17:16:51.632960,2024-10-26T19:33:25.690066,CLOSED,,WEB-SERVER-01,False
ALT-CSE-01-02641,CSE-01,LOW,2024-10-17T09:18:56,2024-10-17T09:23:50.243670,2024-10-17T11:02:44.985796,CLOSED,,FIREWALL-01,False
ALT-CSE-01-02642,CSE-01,HIGH,2024-12-03T16:52:51,2024-12-03T17:03:21.351669,2024-12-03T19:00:13.919462,CLOSED,,ENDPOINT-01,False
ALT-CSE-01-02643,CSE-01,CRITICAL,2024-12-06T07:12:22,2024-12-06T07:27:00.880068,2024-12-06T08:13:57.679469,CLOSED,CAS-CSE-01-0584,DB-SERVER-01,False
ALT-CSE-01-02644,CSE-01,CRITICAL,2024-12-23T23:48:01,2024-12-24T00:02:59.631577,2024-12-24T00:15:37.869371,CLOSED,,ENDPOINT-01,False
ALT-CSE-01-02645,CSE-01,MEDIUM,2024-12-02T22:03:30,2024-12-02T22:18:14.074448,2024-12-03T00:23:51.265799,CLOSED,CAS-CSE-01-0585,ROUTER-01,False
ALT-CSE-01-02646,CSE-01,MEDIUM,2024-12-20T23:34:41,2024-12-20T23:41:27.793648,2024-12-21T01:39:58.907656,CLOSED,,FIREWALL-01,False
ALT-CSE-01-02647,CSE-01,HIGH,2024-11-01T20:45:50,2024-11-01T20:47:49.321306,2024-11-01T22:34:22.901143,CLOSED,,DB-SERVER-01,False
ALT-CSE-01-02648,CSE-01,MEDIUM,2024-11-03T18:16:13,2024-11-03T18:25:03.439823,2024-11-03T19:40:44.805928,CLOSED,,FIREWALL-01,False
ALT-CSE-01-02649,CSE-01,HIGH,2024-10-15T06:43:36,2024-10-15T06:52:05.628078,2024-10-15T08:59:04.426310,CLOSED,,ROUTER-01,False
ALT-CSE-01-02650,CSE-01,LOW,2024-11-04T11:08:36,2024-11-04T11:17:52.924289,2024-11-04T11:53:33.386685,CLOSED,,FIREWALL-01,False
ALT-CSE-01-02651,CSE-01,HIGH,2024-12-22T20:46:36,2024-12-22T20:50:43.736941,2024-12-22T23:06:32.208388,CLOSED,CAS-CSE-01-0586,DB-SERVER-01,False
ALT-CSE-01-02652,CSE-01,HIGH,2024-10-05T02:04:10,2024-10-05T02:11:18.783600,2024-10-05T03:45:38.968477,CLOSED,,ROUTER-01,False
ALT-CSE-01-02653,CSE-01,MEDIUM,2024-10-26T21:27:16,2024-10-26T21:37:07.270589,2024-10-26T23:44:58.711151,CLOSED,,FIREWALL-01,False
ALT-CSE-01-02654,CSE-01,CRITICAL,2024-10-01T04:13:16,2024-10-01T04:25:33.368656,2024-10-01T04:49:11.325017,CLOSED,CAS-CSE-01-0587,FIREWALL-01,False
ALT-CSE-01-02655,CSE-01,LOW,2024-12-01T23:46:51,2024-12-01T23:52:32.365504,2024-12-02T02:11:46.928182,CLOSED,,ENDPOINT-01,False
ALT-CSE-01-02656,CSE-01,LOW,2024-10-24T02:00:53,2024-10-24T02:04:16.737824,2024-10-24T02:38:34.919223,CLOSED,,FIREWALL-01,False
ALT-CSE-01-02657,CSE-01,HIGH,2024-12-16T11:39:50,2024-12-16T11:47:44.015791,2024-12-16T12:53:40.564318,CLOSED,,ENDPOINT-01,False
ALT-CSE-01-02658,CSE-01,HIGH,2024-11-19T15:22:31,2024-11-19T15:36:59.169947,2024-11-19T16:55:38.964143,CLOSED,,FIREWALL-01,False
ALT-CSE-01-02659,CSE-01,CRITICAL,2024-11-15T18:10:42,2024-11-15T18:19:20.131714,2024-11-15T19:06:48.773570,CLOSED,CAS-CSE-01-0588,WEB-SERVER-01,False
ALT-CSE-01-02660,CSE-01,MEDIUM,2024-11-15T10:26:45,2024-11-15T10:34:56.573430,2024-11-15T11:54:08.882458,CLOSED,,DB-SERVER-01,False
ALT-CSE-01-02661,CSE-01,LOW,2024-10-26T13:48:03,2024-10-26T13:59:06.941916,2024-10-26T16:13:40.652652,CLOSED,,DB-SERVER-01,False
ALT-CSE-01-02662,CSE-01,LOW,2024-11-25T02:50:51,2024-11-25T03:00:39.014104,2024-11-25T05:32:24.267798,CLOSED,,FIREWALL-01,False
ALT-CSE-01-02663,CSE-01,LOW,2024-12-24T02:39:01,2024-12-24T02:43:01.966966,2024-12-24T05:03:00.700257,CLOSED,,WEB-SERVER-01,False
ALT-CSE-01-02664,CSE-01,HIGH,2024-12-01T15:52:51,2024-12-01T15:58:31.160391,2024-12-01T18:03:32.525168,CLOSED,,DB-SERVER-01,False
ALT-CSE-01-02665,CSE-01,LOW,2024-10-20T12:12:24,2024-10-20T12:16:16.617102,2024-10-20T14:42:37.830387,CLOSED,,ENDPOINT-01,False
ALT-CSE-01-02666,CSE-01,MEDIUM,2024-12-16T04:36:01,2024-12-16T04:39:15.382650,2024-12-16T06:28:36.100409,CLOSED,,FIREWALL-01,False
ALT-CSE-01-02667,CSE-01,LOW,2024-12-29T16:39:25,2024-12-29T16:41:41.834076,2024-12-29T17:34:01.287606,CLOSED,CAS-CSE-01-0589,ROUTER-01,False
ALT-CSE-01-02668,CSE-01,LOW,2024-11-10T06:11:59,2024-11-10T06:22:27.709007,2024-11-10T08:30:35.706136,CLOSED,,ENDPOINT-01,False
ALT-CSE-01-02669,CSE-01,CRITICAL,2024-10-21T11:22:02,2024-10-21T11:36:20.793764,2024-10-21T12:28:25.962457,CLOSED,CAS-CSE-01-0590,ENDPOINT-01,False
ALT-CSE-01-02670,CSE-01,HIGH,2024-10-09T04:38:11,2024-10-09T04:50:29.521007,2024-10-09T08:09:37.092386,CLOSED,,ENDPOINT-01,False
ALT-CSE-01-02671,CSE-01,HIGH,2024-10-03T23:21:22,2024-10-03T23:33:31.436638,2024-10-04T01:18:35.953628,CLOSED,,WEB-SERVER-01,False
ALT-CSE-01-02672,CSE-01,LOW,2024-10-08T16:53:27,2024-10-08T17:07:09.807152,2024-10-08T19:20:50.218013,CLOSED,,ROUTER-01,False
ALT-CSE-01-02673,CSE-01,LOW,2024-10-05T22:32:35,2024-10-05T22:43:32.229464,2024-10-05T23:29:28.911161,CLOSED,,ENDPOINT-01,False
ALT-CSE-01-02674,CSE-01,LOW,2024-11-16T23:00:57,2024-11-16T23:09:43.130485,2024-11-17T01:17:21.478247,CLOSED,,ENDPOINT-01,False
ALT-CSE-01-02675,CSE-01,LOW,2024-12-05T15:06:26,2024-12-05T15:13:25.389096,2024-12-05T17:15:37.667252,CLOSED,,WEB-SERVER-01,False
ALT-CSE-01-02676,CSE-01,LOW,2024-11-23T02:25:49,2024-11-23T02:32:48.330919,2024-11-23T04:46:23.956882,CLOSED,CAS-CSE-01-0591,FIREWALL-01,False
ALT-CSE-01-02677,CSE-01,MEDIUM,2024-12-26T08:54:34,2024-12-26T08:56:00.288545,2024-12-26T11:50:58.329010,CLOSED,,DB-SERVER-01,False
ALT-CSE-01-02678,CSE-01,MEDIUM,2024-10-23T13:36:57,2024-10-23T13:40:02.352801,2024-10-23T15:03:15.593946,CLOSED,,ROUTER-01,False
ALT-CSE-01-02679,CSE-01,HIGH,2024-11-29T02:32:19,2024-11-29T02:45:01.985430,2024-11-29T03:27:49.200182,CLOSED,,DB-SERVER-01,False
ALT-CSE-01-02680,CSE-01,HIGH,2024-10-24T15:04:57,2024-10-24T15:18:56.710560,2024-10-24T17:41:11.046067,CLOSED,CAS-CSE-01-0592,FIREWALL-01,False
ALT-CSE-01-02681,CSE-01,HIGH,2024-12-23T22:54:46,2024-12-23T23:03:52.678822,2024-12-24T01:06:03.726705,CLOSED,,ENDPOINT-01,False
ALT-CSE-01-02682,CSE-01,MEDIUM,2024-12-23T08:22:33,2024-12-23T08:36:44.046693,2024-12-23T11:12:54.660123,CLOSED,,FIREWALL-01,False
ALT-CSE-01-02683,CSE-01,CRITICAL,2024-10-29T10:57:40,2024-10-29T11:08:45.627450,2024-10-29T11:51:06.272491,CLOSED,CAS-CSE-01-0593,ENDPOINT-01,False
ALT-CSE-01-02684,CSE-01,HIGH,2024-12-10T15:09:25,2024-12-10T15:14:09.324263,2024-12-10T17:16:57.347406,CLOSED,,WEB-SERVER-01,False
ALT-CSE-01-02685,CSE-01,HIGH,2024-10-05T13:08:58,2024-10-05T13:19:51.466313,2024-10-05T14:07:31.207665,CLOSED,,DB-SERVER-01,False
ALT-CSE-01-02686,CSE-01,LOW,2024-11-17T17:46:16,2024-11-17T17:59:00.791891,2024-11-17T20:31:57.890013,CLOSED,,ENDPOINT-01,False
ALT-CSE-01-02687,CSE-01,CRITICAL,2024-11-03T03:59:20,2024-11-03T04:03:27.343139,2024-11-03T04:59:16.132091,CLOSED,,ENDPOINT-01,False
ALT-CSE-01-02688,CSE-01,MEDIUM,2024-11-29T17:00:07,2024-11-29T17:10:46.184067,2024-11-29T18:46:33.297258,CLOSED,,DB-SERVER-01,False
ALT-CSE-01-02689,CSE-01,MEDIUM,2024-10-04T12:18:01,2024-10-04T12:25:30.352996,2024-10-04T13:32:30.754117,CLOSED,CAS-CSE-01-0594,ROUTER-01,False
ALT-CSE-01-02690,CSE-01,MEDIUM,2024-11-15T03:16:21,2024-11-15T03:23:10.959293,2024-11-15T04:41:06.595699,CLOSED,,WEB-SERVER-01,False
ALT-CSE-01-02691,CSE-01,MEDIUM,2024-11-04T14:24:05,2024-11-04T14:25:54.729355,2024-11-04T16:01:31.496076,CLOSED,,WEB-SERVER-01,False
ALT-CSE-01-02692,CSE-01,HIGH,2024-10-03T10:59:05,2024-10-03T11:01:43.872858,2024-10-03T13:36:45.943945,CLOSED,,WEB-SERVER-01,False
ALT-CSE-01-02693,CSE-01,MEDIUM,2024-10-18T15:28:06,2024-10-18T15:35:16.400450,2024-10-18T17:56:59.662311,CLOSED,,WEB-SERVER-01,False
ALT-CSE-01-02694,CSE-01,HIGH,2024-10-28T22:46:21,2024-10-28T22:56:18.540321,2024-10-29T00:24:12.538468,CLOSED,,FIREWALL-01,False
ALT-CSE-01-02695,CSE-01,MEDIUM,2024-10-09T17:15:24,2024-10-09T17:28:09.093652,2024-10-09T19:04:38.734143,CLOSED,,DB-SERVER-01,False
ALT-CSE-01-02696,CSE-01,CRITICAL,2024-10-16T13:05:12,2024-10-16T13:06:45.543220,2024-10-16T14:04:53.747199,CLOSED,CAS-CSE-01-0595,WEB-SERVER-01,False
ALT-CSE-01-02697,CSE-01,CRITICAL,2024-11-29T20:04:35,2024-11-29T20:08:35.265491,2024-11-29T20:47:10.063197,CLOSED,,FIREWALL-01,False
ALT-CSE-01-02698,CSE-01,MEDIUM,2024-11-06T15:22:53,2024-11-06T15:30:23.364440,2024-11-06T16:04:41.588139,CLOSED,,WEB-SERVER-01,False
ALT-CSE-01-02699,CSE-01,MEDIUM,2024-11-22T10:03:50,2024-11-22T10:15:36.973783,2024-11-22T12:31:04.265772,CLOSED,,ENDPOINT-01,False
ALT-CSE-01-02700,CSE-01,MEDIUM,2024-12-29T08:20:41,2024-12-29T08:34:52.916652,2024-12-29T10:34:11.416824,CLOSED,,ENDPOINT-01,False
ALT-CSE-01-02701,CSE-01,MEDIUM,2024-11-20T00:10:19,2024-11-20T00:15:49.018755,2024-11-20T02:52:00.037831,CLOSED,,FIREWALL-01,False
ALT-CSE-01-02702,CSE-01,MEDIUM,2024-11-21T03:04:03,2024-11-21T03:14:36.262817,2024-11-21T04:34:40.557778,CLOSED,,WEB-SERVER-01,False
ALT-CSE-01-02703,CSE-01,MEDIUM,2024-11-20T12:28:51,2024-11-20T12:40:04.905123,2024-11-20T13:40:10.492362,CLOSED,,ENDPOINT-01,False
ALT-CSE-01-02704,CSE-01,CRITICAL,2024-10-26T06:28:52,2024-10-26T06:42:27.965353,2024-10-26T07:20:39.628569,CLOSED,,DB-SERVER-01,False
ALT-CSE-01-02705,CSE-01,MEDIUM,2024-12-13T23:26:18,2024-12-13T23:40:03.622251,2024-12-14T02:55:30.783956,CLOSED,,DB-SERVER-01,False
ALT-CSE-01-02706,CSE-01,LOW,2024-10-16T06:02:59,2024-10-16T06:10:30.347670,2024-10-16T07:53:17.316924,CLOSED,,DB-SERVER-01,False
ALT-CSE-01-02707,CSE-01,LOW,2024-10-22T21:07:43,2024-10-22T21:12:07.712231,2024-10-22T22:26:29.254112,CLOSED,,DB-SERVER-01,False
ALT-CSE-01-02708,CSE-01,LOW,2024-10-19T22:42:34,2024-10-19T22:55:09.375600,2024-10-20T00:38:07.681158,CLOSED,,WEB-SERVER-01,False
ALT-CSE-01-02709,CSE-01,MEDIUM,2024-10-05T01:46:47,2024-10-05T01:49:43.689934,2024-10-05T03:39:55.272895,CLOSED,CAS-CSE-01-0596,ROUTER-01,False
ALT-CSE-01-02710,CSE-01,HIGH,2024-11-10T09:58:56,2024-11-10T10:10:11.828375,2024-11-10T11:25:49.448585,CLOSED,,WEB-SERVER-01,False
ALT-CSE-01-02711,CSE-01,HIGH,2024-12-17T08:35:52,2024-12-17T08:50:10.298196,2024-12-17T11:07:35.953608,CLOSED,,DB-SERVER-01,False
ALT-CSE-01-02712,CSE-01,HIGH,2024-12-21T11:25:26,2024-12-21T11:37:52.254976,2024-12-21T13:35:40.640706,CLOSED,,WEB-SERVER-01,False
ALT-CSE-01-02713,CSE-01,HIGH,2024-12-25T11:59:25,2024-12-25T12:03:58.003096,2024-12-25T13:24:58.420331,CLOSED,,DB-SERVER-01,False
ALT-CSE-01-02714,CSE-01,HIGH,2024-10-29T15:21:53,2024-10-29T15:35:56.943302,2024-10-29T16:50:26.517868,CLOSED,,ROUTER-01,False
ALT-CSE-01-02715,CSE-01,CRITICAL,2024-10-18T06:41:58,2024-10-18T06:51:38.547793,2024-10-18T07:25:11.284341,CLOSED,CAS-CSE-01-0597,DB-SERVER-01,False
ALT-CSE-01-02716,CSE-01,MEDIUM,2024-11-05T07:39:12,2024-11-05T07:54:11.197722,2024-11-05T08:49:21.581303,CLOSED,,DB-SERVER-01,False
ALT-CSE-01-02717,CSE-01,LOW,2024-10-31T04:06:27,2024-10-31T04:17:53.086353,2024-10-31T06:10:30.121722,CLOSED,,DB-SERVER-01,False
ALT-CSE-01-02718,CSE-01,CRITICAL,2024-12-03T07:39:23,2024-12-03T07:52:18.783178,2024-12-03T08:26:37.944722,CLOSED,CAS-CSE-01-0598,FIREWALL-01,False
ALT-CSE-01-02719,CSE-01,HIGH,2024-10-17T16:25:52,2024-10-17T16:39:53.950563,2024-10-17T18:29:48.776891,CLOSED,,ROUTER-01,False
ALT-CSE-01-02720,CSE-01,HIGH,2024-10-09T08:21:09,2024-10-09T08:23:10.760861,2024-10-09T09:50:06.458288,CLOSED,,ROUTER-01,False
ALT-CSE-01-02721,CSE-01,HIGH,2024-12-26T13:57:07,2024-12-26T14:08:35.726484,2024-12-26T15:50:52.359226,CLOSED,,ENDPOINT-01,False
ALT-CSE-01-02722,CSE-01,LOW,2024-10-06T13:37:58,2024-10-06T13:42:59.062567,2024-10-06T15:24:48.005312,CLOSED,,WEB-SERVER-01,False
ALT-CSE-01-02723,CSE-01,LOW,2024-11-06T00:22:58,2024-11-06T00:35:51.611733,2024-11-06T03:36:29.637418,CLOSED,,ROUTER-01,False
ALT-CSE-01-02724,CSE-01,MEDIUM,2024-12-14T13:21:54,2024-12-14T13:24:04.581636,2024-12-14T14:55:01.878225,CLOSED,,FIREWALL-01,False
ALT-CSE-01-02725,CSE-01,MEDIUM,2024-12-18T18:41:42,2024-12-18T18:45:11.615568,2024-12-18T20:42:29.182652,CLOSED,,ENDPOINT-01,False
ALT-CSE-01-02726,CSE-01,CRITICAL,2024-12-21T06:29:23,2024-12-21T06:43:29.407133,2024-12-21T07:05:28.211487,CLOSED,CAS-CSE-01-0599,DB-SERVER-01,False
ALT-CSE-01-02727,CSE-01,CRITICAL,2024-10-13T05:16:21,2024-10-13T05:30:44.854652,2024-10-13T06:12:10.388613,CLOSED,CAS-CSE-01-0600,ENDPOINT-01,False
ALT-CSE-01-02728,CSE-01,HIGH,2024-12-09T18:15:57,2024-12-09T18:17:20.680623,2024-12-09T21:20:55.640684,CLOSED,,DB-SERVER-01,False
ALT-CSE-01-02729,CSE-01,HIGH,2024-11-27T08:09:13,2024-11-27T08:19:06.803045,2024-11-27T10:43:31.604220,CLOSED,,ENDPOINT-01,False
ALT-CSE-01-02730,CSE-01,MEDIUM,2024-11-21T12:30:27,2024-11-21T12:36:48.540230,2024-11-21T14:15:26.862945,CLOSED,,FIREWALL-01,False
ALT-CSE-01-02731,CSE-01,CRITICAL,2024-12-09T16:14:31,2024-12-09T16:24:20.130665,2024-12-09T17:16:58.081993,CLOSED,,ROUTER-01,False
ALT-CSE-01-02732,CSE-01,MEDIUM,2024-10-25T08:32:32,2024-10-25T08:33:35.248080,2024-10-25T11:36:46.264440,CLOSED,,ENDPOINT-01,False
ALT-CSE-01-02733,CSE-01,LOW,2024-11-08T03:37:03,2024-11-08T03:48:36.182241,2024-11-08T05:00:04.476927,CLOSED,,WEB-SERVER-01,False
ALT-CSE-01-02734,CSE-01,MEDIUM,2024-12-19T06:29:59,2024-12-19T06:32:11.400804,2024-12-19T09:00:21.004705,CLOSED,,DB-SERVER-01,False
ALT-CSE-01-02735,CSE-01,MEDIUM,2024-11-26T05:22:59,2024-11-26T05:37:05.681414,2024-11-26T07:11:22.130573,CLOSED,,ENDPOINT-01,False
ALT-CSE-01-02736,CSE-01,CRITICAL,2024-11-11T00:54:45,2024-11-11T01:08:35.877697,2024-11-11T01:41:11.956012,CLOSED,,ROUTER-01,False
ALT-CSE-01-02737,CSE-01,LOW,2024-10-10T07:13:37,2024-10-10T07:26:47.210773,2024-10-10T07:45:08.087369,CLOSED,,WEB-SERVER-01,False
ALT-CSE-01-02738,CSE-01,HIGH,2024-10-27T15:05:14,2024-10-27T15:15:44.257360,2024-10-27T16:31:56.888670,CLOSED,,ENDPOINT-01,False
ALT-CSE-01-02739,CSE-01,HIGH,2024-11-28T10:07:00,2024-11-28T10:16:27.464017,2024-11-28T11:35:44.882359,CLOSED,,WEB-SERVER-01,False
ALT-CSE-01-02740,CSE-01,LOW,2024-11-15T15:09:39,2024-11-15T15:20:46.379643,2024-11-15T18:02:47.536584,CLOSED,,ENDPOINT-01,False
ALT-CSE-01-02741,CSE-01,HIGH,2024-10-15T17:48:33,2024-10-15T17:58:11.987151,2024-10-15T18:50:53.682660,CLOSED,,WEB-SERVER-01,False
ALT-CSE-01-02742,CSE-01,HIGH,2024-11-13T15:15:39,2024-11-13T15:25:42.825809,2024-11-13T17:34:01.187955,CLOSED,,FIREWALL-01,False
ALT-CSE-01-02743,CSE-01,MEDIUM,2024-12-12T19:28:28,2024-12-12T19:30:10.772546,2024-12-12T21:44:12.193951,CLOSED,,WEB-SERVER-01,False
ALT-CSE-01-02744,CSE-01,MEDIUM,2024-11-19T21:09:30,2024-11-19T21:15:01.702900,2024-11-19T23:31:53.974706,CLOSED,,FIREWALL-01,False
ALT-CSE-01-02745,CSE-01,HIGH,2024-11-06T15:04:11,2024-11-06T15:05:15.972467,2024-11-06T16:24:52.595464,CLOSED,,ROUTER-01,False
ALT-CSE-01-02746,CSE-01,HIGH,2024-12-21T05:12:32,2024-12-21T05:24:55.676204,2024-12-21T06:52:47.869931,CLOSED,,ROUTER-01,False
ALT-CSE-01-02747,CSE-01,HIGH,2024-10-04T20:55:39,2024-10-04T21:09:50.947288,2024-10-04T23:35:07.305237,CLOSED,,ROUTER-01,False
ALT-CSE-01-02748,CSE-01,CRITICAL,2024-10-25T03:31:19,2024-10-25T03:32:26.241783,2024-10-25T04:23:04.050803,CLOSED,,ROUTER-01,False
ALT-CSE-01-02749,CSE-01,MEDIUM,2024-10-03T03:13:52,2024-10-03T03:20:00.462578,2024-10-03T05:11:24.189331,CLOSED,,ENDPOINT-01,False
ALT-CSE-01-02750,CSE-01,CRITICAL,2024-12-12T10:13:41,2024-12-12T10:21:06.098800,2024-12-12T11:08:58.047178,CLOSED,,DB-SERVER-01,False
ALT-CSE-01-02751,CSE-01,MEDIUM,2024-12-08T09:33:37,2024-12-08T09:40:24.435738,2024-12-08T12:42:38.919605,CLOSED,,ENDPOINT-01,False
ALT-CSE-01-02752,CSE-01,HIGH,2024-12-15T12:10:20,2024-12-15T12:19:14.138281,2024-12-15T14:57:41.190584,CLOSED,,FIREWALL-01,False
ALT-CSE-01-02753,CSE-01,HIGH,2024-10-29T15:48:49,2024-10-29T15:58:42.227593,2024-10-29T18:46:21.679788,CLOSED,,ROUTER-01,False
ALT-CSE-01-02754,CSE-01,MEDIUM,2024-11-02T04:24:27,2024-11-02T04:26:52.094895,2024-11-02T07:15:02.205596,CLOSED,,ROUTER-01,False
ALT-CSE-01-02755,CSE-01,MEDIUM,2024-10-03T15:54:22,2024-10-03T16:00:48.121797,2024-10-03T18:01:10.040550,CLOSED,,DB-SERVER-01,False
ALT-CSE-01-02756,CSE-01,MEDIUM,2024-12-12T07:17:45,2024-12-12T07:24:57.286407,2024-12-12T08:57:40.518502,CLOSED,,FIREWALL-01,False
ALT-CSE-01-02757,CSE-01,MEDIUM,2024-11-26T21:38:07,2024-11-26T21:43:00.991345,2024-11-26T23:21:44.016970,CLOSED,,FIREWALL-01,False
ALT-CSE-01-02758,CSE-01,MEDIUM,2024-11-01T21:41:36,2024-11-01T21:54:54.113374,2024-11-01T22:31:47.921299,CLOSED,CAS-CSE-01-0601,ENDPOINT-01,False
ALT-CSE-01-02759,CSE-01,CRITICAL,2024-12-22T17:49:54,2024-12-22T18:01:12.820560,2024-12-22T18:31:17.992336,CLOSED,CAS-CSE-01-0602,WEB-SERVER-01,False
ALT-CSE-01-02760,CSE-01,CRITICAL,2024-11-09T04:44:06,2024-11-09T04:53:45.907650,2024-11-09T05:24:27.989787,CLOSED,,WEB-SERVER-01,False
ALT-CSE-01-02761,CSE-01,LOW,2024-10-28T02:10:40,2024-10-28T02:19:37.967112,2024-10-28T03:56:54.731436,CLOSED,,ROUTER-01,False
ALT-CSE-01-02762,CSE-01,HIGH,2024-10-15T21:17:23,2024-10-15T21:21:56.557384,2024-10-16T00:17:57.108157,CLOSED,,FIREWALL-01,False
ALT-CSE-01-02763,CSE-01,HIGH,2024-10-25T22:50:54,2024-10-25T22:58:23.539248,2024-10-26T00:17:09.777626,CLOSED,,ENDPOINT-01,False
ALT-CSE-01-02764,CSE-01,LOW,2024-11-12T21:07:25,2024-11-12T21:15:46.175089,2024-11-12T22:00:13.885820,CLOSED,,WEB-SERVER-01,False
ALT-CSE-01-02765,CSE-01,MEDIUM,2024-10-21T23:23:13,2024-10-21T23:29:13.522018,2024-10-22T01:28:44.749861,CLOSED,,ENDPOINT-01,False
ALT-CSE-01-02766,CSE-01,LOW,2024-12-16T06:00:32,2024-12-16T06:15:14.420011,2024-12-16T07:50:32.158421,CLOSED,,ROUTER-01,False
ALT-CSE-01-02767,CSE-01,HIGH,2024-12-20T10:03:12,2024-12-20T10:04:34.382519,2024-12-20T11:39:27.370797,CLOSED,,ENDPOINT-01,False
ALT-CSE-01-02768,CSE-01,HIGH,2024-10-14T18:48:46,2024-10-14T19:02:09.774191,2024-10-14T20:58:51.331683,CLOSED,,WEB-SERVER-01,False
ALT-CSE-01-02769,CSE-01,HIGH,2024-11-28T11:49:03,2024-11-28T12:00:22.355076,2024-11-28T14:24:23.784861,CLOSED,,ROUTER-01,False
ALT-CSE-01-02770,CSE-01,MEDIUM,2024-11-01T02:39:29,2024-11-01T02:48:17.963952,2024-11-01T05:05:23.731350,CLOSED,,ROUTER-01,False
ALT-CSE-01-02771,CSE-01,HIGH,2024-12-28T07:10:46,2024-12-28T07:24:40.207984,2024-12-28T08:53:00.891264,CLOSED,,WEB-SERVER-01,False
ALT-CSE-01-02772,CSE-01,CRITICAL,2024-10-24T11:58:22,2024-10-24T12:06:30.687021,2024-10-24T12:23:35.139522,CLOSED,CAS-CSE-01-0603,ENDPOINT-01,False
ALT-CSE-01-02773,CSE-01,MEDIUM,2024-12-29T14:36:46,2024-12-29T14:40:30.753998,2024-12-29T16:20:33.066515,CLOSED,,ROUTER-01,False
ALT-CSE-01-02774,CSE-01,CRITICAL,2024-12-25T21:33:32,2024-12-25T21:36:37.289643,2024-12-25T22:14:34.507531,CLOSED,CAS-CSE-01-0604,WEB-SERVER-01,False
ALT-CSE-01-02775,CSE-01,HIGH,2024-11-09T19:02:17,2024-11-09T19:06:51.234487,2024-11-09T22:30:23.603089,CLOSED,,ROUTER-01,False
ALT-CSE-01-02776,CSE-01,CRITICAL,2024-10-18T21:12:03,2024-10-18T21:17:52.087302,2024-10-18T21:57:23.501612,CLOSED,CAS-CSE-01-0605,FIREWALL-01,False
ALT-CSE-01-02777,CSE-01,LOW,2024-11-17T07:58:07,2024-11-17T08:06:35.446226,2024-11-17T11:00:00.700858,CLOSED,,ROUTER-01,False
ALT-CSE-01-02778,CSE-01,HIGH,2024-12-11T15:33:24,2024-12-11T15:47:02.185763,2024-12-11T17:14:03.607679,CLOSED,,FIREWALL-01,False
ALT-CSE-01-02779,CSE-01,MEDIUM,2024-12-23T14:09:03,2024-12-23T14:21:39.025752,2024-12-23T16:21:17.600099,CLOSED,,ROUTER-01,False
ALT-CSE-01-02780,CSE-01,HIGH,2024-12-07T11:45:20,2024-12-07T11:54:16.095699,2024-12-07T13:20:05.707311,CLOSED,,ENDPOINT-01,False
ALT-CSE-01-02781,CSE-01,MEDIUM,2024-10-25T16:12:00,2024-10-25T16:17:19.642576,2024-10-25T16:48:19.136662,CLOSED,,ROUTER-01,False
ALT-CSE-01-02782,CSE-01,MEDIUM,2024-10-11T16:14:47,2024-10-11T16:18:40.822053,2024-10-11T17:45:14.448116,CLOSED,,ENDPOINT-01,False
ALT-CSE-01-02783,CSE-01,HIGH,2024-10-09T23:37:10,2024-10-09T23:42:46.359566,2024-10-10T01:15:45.084438,CLOSED,,FIREWALL-01,False
ALT-CSE-01-02784,CSE-01,HIGH,2024-11-21T13:25:16,2024-11-21T13:35:56.337001,2024-11-21T14:34:59.461116,CLOSED,,ENDPOINT-01,False
ALT-CSE-01-02785,CSE-01,CRITICAL,2024-10-24T07:01:19,2024-10-24T07:12:20.300798,2024-10-24T07:45:01.520200,CLOSED,CAS-CSE-01-0606,DB-SERVER-01,False
ALT-CSE-01-02786,CSE-01,HIGH,2024-12-18T18:52:21,2024-12-18T18:53:41.758709,2024-12-18T21:04:09.649857,CLOSED,,ENDPOINT-01,False
ALT-CSE-01-02787,CSE-01,HIGH,2024-10-27T20:12:49,2024-10-27T20:27:47.660797,2024-10-27T22:13:26.970069,CLOSED,,ROUTER-01,False
ALT-CSE-01-02788,CSE-01,MEDIUM,2024-11-22T14:33:12,2024-11-22T14:39:20.231758,2024-11-22T16:40:43.755500,CLOSED,,ENDPOINT-01,False
ALT-CSE-01-02789,CSE-01,HIGH,2024-10-21T01:35:55,2024-10-21T01:41:19.567049,2024-10-21T03:36:03.024161,CLOSED,,ROUTER-01,False
ALT-CSE-01-02790,CSE-01,HIGH,2024-12-29T07:26:33,2024-12-29T07:33:23.351011,2024-12-29T07:56:45.923224,CLOSED,,ENDPOINT-01,False
ALT-CSE-01-02791,CSE-01,HIGH,2024-11-24T15:56:06,2024-11-24T16:09:39.151434,2024-11-24T17:19:44.453005,CLOSED,,ROUTER-01,False
ALT-CSE-01-02792,CSE-01,CRITICAL,2024-11-01T05:42:07,2024-11-01T05:55:51.324485,2024-11-01T06:33:43.284255,CLOSED,CAS-CSE-01-0607,WEB-SERVER-01,False
ALT-CSE-01-02793,CSE-01,MEDIUM,2024-11-26T06:21:48,2024-11-26T06:22:58.734409,2024-11-26T07:54:09.958203,CLOSED,,ENDPOINT-01,False
ALT-CSE-01-02794,CSE-01,HIGH,2024-10-12T00:53:23,2024-10-12T01:04:56.196115,2024-10-12T02:44:14.546096,CLOSED,,DB-SERVER-01,False
ALT-CSE-01-02795,CSE-01,HIGH,2024-10-19T10:42:06,2024-10-19T10:54:55.309282,2024-10-19T13:27:20.056505,CLOSED,,WEB-SERVER-01,False
ALT-CSE-01-02796,CSE-01,HIGH,2024-12-05T04:13:01,2024-12-05T04:15:26.635821,2024-12-05T05:22:31.814208,CLOSED,,ROUTER-01,False
ALT-CSE-01-02797,CSE-01,HIGH,2024-12-08T11:19:01,2024-12-08T11:23:28.129090,2024-12-08T13:41:31.237904,CLOSED,,ENDPOINT-01,False
ALT-CSE-01-02798,CSE-01,MEDIUM,2024-11-27T20:53:33,2024-11-27T20:56:16.941365,2024-11-27T23:08:12.885452,CLOSED,,FIREWALL-01,False
ALT-CSE-01-02799,CSE-01,HIGH,2024-12-16T14:03:42,2024-12-16T14:12:05.674144,2024-12-16T16:23:17.404729,CLOSED,,FIREWALL-01,False
ALT-CSE-01-02800,CSE-01,CRITICAL,2024-12-29T17:17:59,2024-12-29T17:21:12.252590,2024-12-29T17:58:09.003364,CLOSED,CAS-CSE-01-0608,DB-SERVER-01,False
ALT-CSE-01-02801,CSE-01,MEDIUM,2024-12-25T03:18:17,2024-12-25T03:25:35.182302,2024-12-25T05:27:14.547588,CLOSED,,ROUTER-01,False
ALT-CSE-01-02802,CSE-01,MEDIUM,2024-10-20T12:11:50,2024-10-20T12:23:27.696278,2024-10-20T13:18:22.604448,CLOSED,,ENDPOINT-01,False
ALT-CSE-01-02803,CSE-01,HIGH,2024-12-12T07:00:35,2024-12-12T07:02:16.542979,2024-12-12T09:37:15.114849,CLOSED,,FIREWALL-01,False
ALT-CSE-01-02804,CSE-01,CRITICAL,2024-10-22T19:51:24,2024-10-22T20:04:27.533277,2024-10-22T20:28:52.217896,CLOSED,CAS-CSE-01-0609,DB-SERVER-01,False
ALT-CSE-01-02805,CSE-01,CRITICAL,2024-11-21T06:47:31,2024-11-21T06:57:25.579126,2024-11-21T07:53:10.470823,CLOSED,CAS-CSE-01-0610,WEB-SERVER-01,False
ALT-CSE-01-02806,CSE-01,MEDIUM,2024-12-03T17:08:10,2024-12-03T17:20:51.573118,2024-12-03T19:08:03.013611,CLOSED,,FIREWALL-01,False
ALT-CSE-01-02807,CSE-01,LOW,2024-10-16T00:48:31,2024-10-16T00:59:48.132085,2024-10-16T02:34:18.417229,CLOSED,,FIREWALL-01,False
ALT-CSE-01-02808,CSE-01,LOW,2024-11-04T06:24:53,2024-11-04T06:32:26.321841,2024-11-04T08:17:37.699023,CLOSED,,ROUTER-01,False
ALT-CSE-01-02809,CSE-01,HIGH,2024-12-11T20:05:06,2024-12-11T20:07:12.899250,2024-12-11T23:25:18.082747,CLOSED,,WEB-SERVER-01,False
ALT-CSE-01-02810,CSE-01,HIGH,2024-11-17T19:07:53,2024-11-17T19:22:39.869731,2024-11-17T20:05:51.452144,CLOSED,,WEB-SERVER-01,False
ALT-CSE-01-02811,CSE-01,LOW,2024-10-12T22:30:10,2024-10-12T22:34:43.689020,2024-10-13T00:55:42.064450,CLOSED,,FIREWALL-01,False
ALT-CSE-01-02812,CSE-01,MEDIUM,2024-10-04T01:03:12,2024-10-04T01:13:31.554636,2024-10-04T03:08:39.936834,CLOSED,,ROUTER-01,False
ALT-CSE-01-02813,CSE-01,MEDIUM,2024-12-01T00:29:24,2024-12-01T00:30:41.956879,2024-12-01T02:22:34.059804,CLOSED,,WEB-SERVER-01,False
ALT-CSE-01-02814,CSE-01,LOW,2024-12-16T11:16:23,2024-12-16T11:25:27.823453,2024-12-16T12:46:55.701314,CLOSED,CAS-CSE-01-0611,DB-SERVER-01,False
ALT-CSE-01-02815,CSE-01,LOW,2024-12-11T03:25:40,2024-12-11T03:28:49.816404,2024-12-11T04:54:43.773919,CLOSED,,DB-SERVER-01,False
ALT-CSE-01-02816,CSE-01,HIGH,2024-11-26T09:19:55,2024-11-26T09:34:45.126958,2024-11-26T10:51:04.337990,CLOSED,,ROUTER-01,False
ALT-CSE-01-02817,CSE-01,LOW,2024-11-12T14:11:24,2024-11-12T14:13:08.990743,2024-11-12T16:51:31.366177,CLOSED,,FIREWALL-01,False
ALT-CSE-01-02818,CSE-01,MEDIUM,2024-10-17T01:14:36,2024-10-17T01:28:27.366461,2024-10-17T04:15:28.997479,CLOSED,,ROUTER-01,False
ALT-CSE-01-02819,CSE-01,LOW,2024-10-18T15:09:21,2024-10-18T15:24:17.210546,2024-10-18T17:08:31.513543,CLOSED,CAS-CSE-01-0612,FIREWALL-01,False
ALT-CSE-01-02820,CSE-01,LOW,2024-11-01T02:16:18,2024-11-01T02:30:23.293791,2024-11-01T03:37:39.304862,CLOSED,,DB-SERVER-01,False
ALT-CSE-01-02821,CSE-01,MEDIUM,2024-10-21T18:15:31,2024-10-21T18:27:08.732510,2024-10-21T20:47:57.265110,CLOSED,,ROUTER-01,False
ALT-CSE-01-02822,CSE-01,HIGH,2024-11-22T04:54:28,2024-11-22T05:05:52.587501,2024-11-22T06:06:42.072743,CLOSED,,DB-SERVER-01,False
ALT-CSE-01-02823,CSE-01,MEDIUM,2024-12-03T10:02:10,2024-12-03T10:12:05.963946,2024-12-03T12:08:39.871320,CLOSED,CAS-CSE-01-0613,FIREWALL-01,False
ALT-CSE-01-02824,CSE-01,HIGH,2024-11-17T13:09:06,2024-11-17T13:13:39.645057,2024-11-17T16:07:55.936681,CLOSED,,FIREWALL-01,False
ALT-CSE-01-02825,CSE-01,CRITICAL,2024-12-07T19:01:09,2024-12-07T19:10:03.916251,2024-12-07T19:50:26.047739,CLOSED,CAS-CSE-01-0614,ENDPOINT-01,False
ALT-CSE-01-02826,CSE-01,MEDIUM,2024-12-09T21:09:14,2024-12-09T21:10:39.469382,2024-12-09T23:34:52.027026,CLOSED,CAS-CSE-01-0615,FIREWALL-01,False
ALT-CSE-01-02827,CSE-01,LOW,2024-11-13T01:18:59,2024-11-13T01:25:44.198509,2024-11-13T04:12:52.116877,CLOSED,,WEB-SERVER-01,False
ALT-CSE-01-02828,CSE-01,MEDIUM,2024-11-18T09:29:29,2024-11-18T09:32:14.574353,2024-11-18T11:14:31.411370,CLOSED,,FIREWALL-01,False
ALT-CSE-01-02829,CSE-01,CRITICAL,2024-10-13T02:55:11,2024-10-13T02:59:36.628560,2024-10-13T03:57:19.301563,CLOSED,CAS-CSE-01-0616,ROUTER-01,False
ALT-CSE-01-02830,CSE-01,HIGH,2024-11-06T17:07:15,2024-11-06T17:14:55.563268,2024-11-06T20:10:52.460313,CLOSED,,ROUTER-01,False
ALT-CSE-01-02831,CSE-01,MEDIUM,2024-11-29T09:34:28,2024-11-29T09:49:22.696726,2024-11-29T11:12:07.322772,CLOSED,,ROUTER-01,False
ALT-CSE-01-02832,CSE-01,CRITICAL,2024-11-24T22:14:29,2024-11-24T22:21:07.511672,2024-11-24T23:05:46.622917,CLOSED,CAS-CSE-01-0617,ROUTER-01,False
ALT-CSE-01-02833,CSE-01,HIGH,2024-12-21T17:21:02,2024-12-21T17:26:04.801686,2024-12-21T19:00:04.651217,CLOSED,,FIREWALL-01,False
ALT-CSE-01-02834,CSE-01,HIGH,2024-12-26T06:37:43,2024-12-26T06:48:30.801066,2024-12-26T09:14:51.870811,CLOSED,,WEB-SERVER-01,False
ALT-CSE-01-02835,CSE-01,MEDIUM,2024-12-11T06:22:15,2024-12-11T06:27:16.016019,2024-12-11T09:01:20.720683,CLOSED,,ROUTER-01,False
ALT-CSE-01-02836,CSE-01,MEDIUM,2024-10-13T07:23:50,2024-10-13T07:24:52.444097,2024-10-13T09:47:55.141559,CLOSED,CAS-CSE-01-0618,ENDPOINT-01,False
ALT-CSE-01-02837,CSE-01,HIGH,2024-12-18T01:10:55,2024-12-18T01:17:25.235229,2024-12-18T03:16:40.963046,CLOSED,,DB-SERVER-01,False
ALT-CSE-01-02838,CSE-01,HIGH,2024-10-09T19:53:16,2024-10-09T19:59:06.218905,2024-10-09T21:20:39.811254,CLOSED,,DB-SERVER-01,False
ALT-CSE-01-02839,CSE-01,MEDIUM,2024-10-03T19:06:58,2024-10-03T19:08:05.902364,2024-10-03T20:19:20.334723,CLOSED,,ROUTER-01,False
ALT-CSE-01-02840,CSE-01,MEDIUM,2024-12-10T17:10:47,2024-12-10T17:12:53.106851,2024-12-10T20:23:18.158581,CLOSED,,ENDPOINT-01,False
ALT-CSE-01-02841,CSE-01,HIGH,2024-10-22T21:31:47,2024-10-22T21:43:03.981812,2024-10-22T23:48:22.809270,CLOSED,,ENDPOINT-01,False
ALT-CSE-01-02842,CSE-01,HIGH,2024-12-05T21:28:02,2024-12-05T21:40:30.599087,2024-12-06T00:35:11.917313,CLOSED,,FIREWALL-01,False
ALT-CSE-01-02843,CSE-01,HIGH,2024-12-10T20:01:33,2024-12-10T20:04:56.057380,2024-12-10T22:51:30.562657,CLOSED,,DB-SERVER-01,False
ALT-CSE-01-02844,CSE-01,CRITICAL,2024-10-24T08:42:28,2024-10-24T08:53:25.667428,2024-10-24T09:45:39.993605,CLOSED,CAS-CSE-01-0619,DB-SERVER-01,False
ALT-CSE-01-02845,CSE-01,LOW,2024-10-30T14:32:22,2024-10-30T14:34:36.657050,2024-10-30T17:02:59.699378,CLOSED,,WEB-SERVER-01,False
ALT-CSE-01-02846,CSE-01,MEDIUM,2024-11-17T17:48:00,2024-11-17T18:01:08.309151,2024-11-17T19:56:21.819279,CLOSED,CAS-CSE-01-0620,FIREWALL-01,False
ALT-CSE-01-02847,CSE-01,MEDIUM,2024-11-14T14:52:22,2024-11-14T14:53:23.075515,2024-11-14T16:50:01.633855,CLOSED,,FIREWALL-01,False
ALT-CSE-01-02848,CSE-01,LOW,2024-10-14T16:17:06,2024-10-14T16:30:53.293218,2024-10-14T17:43:28.371255,CLOSED,,ENDPOINT-01,False
ALT-CSE-01-02849,CSE-01,CRITICAL,2024-12-21T15:40:05,2024-12-21T15:49:09.331234,2024-12-21T16:20:04.998021,CLOSED,CAS-CSE-01-0621,ENDPOINT-01,False
ALT-CSE-01-02850,CSE-01,HIGH,2024-12-10T18:35:07,2024-12-10T18:47:35.219105,2024-12-10T19:18:26.571094,CLOSED,,DB-SERVER-01,False
ALT-CSE-01-02851,CSE-01,CRITICAL,2024-11-24T10:16:42,2024-11-24T10:22:06.791813,2024-11-24T11:06:43.377796,CLOSED,CAS-CSE-01-0622,WEB-SERVER-01,False
ALT-CSE-01-02852,CSE-01,LOW,2024-12-09T15:26:38,2024-12-09T15:32:20.712648,2024-12-09T17:00:55.610879,CLOSED,,DB-SERVER-01,False
ALT-CSE-01-02853,CSE-01,LOW,2024-11-23T15:34:21,2024-11-23T15:40:35.774806,2024-11-23T17:11:26.869016,CLOSED,,ENDPOINT-01,False
ALT-CSE-01-02854,CSE-01,MEDIUM,2024-12-23T00:51:59,2024-12-23T00:56:18.341656,2024-12-23T03:03:29.135464,CLOSED,,DB-SERVER-01,False
ALT-CSE-01-02855,CSE-01,MEDIUM,2024-12-28T13:26:02,2024-12-28T13:38:37.743915,2024-12-28T14:11:23.492026,CLOSED,,FIREWALL-01,False
ALT-CSE-01-02856,CSE-01,HIGH,2024-12-24T06:16:02,2024-12-24T06:25:47.238631,2024-12-24T08:11:36.948105,CLOSED,,ROUTER-01,False
ALT-CSE-01-02857,CSE-01,CRITICAL,2024-12-10T01:15:48,2024-12-10T01:23:43.753671,2024-12-10T02:18:58.760908,CLOSED,CAS-CSE-01-0623,ENDPOINT-01,False
ALT-CSE-01-02858,CSE-01,LOW,2024-11-24T17:14:55,2024-11-24T17:20:06.830065,2024-11-24T19:50:00.198886,CLOSED,CAS-CSE-01-0624,FIREWALL-01,False
ALT-CSE-01-02859,CSE-01,HIGH,2024-11-09T22:46:51,2024-11-09T22:52:39.615062,2024-11-10T00:29:14.838940,CLOSED,,ROUTER-01,False
ALT-CSE-01-02860,CSE-01,HIGH,2024-10-13T17:19:57,2024-10-13T17:30:14.397200,2024-10-13T19:02:11.060799,CLOSED,,FIREWALL-01,False
ALT-CSE-01-02861,CSE-01,LOW,2024-11-01T23:43:09,2024-11-01T23:53:42.295399,2024-11-02T01:10:35.383342,CLOSED,,DB-SERVER-01,False
ALT-CSE-01-02862,CSE-01,HIGH,2024-12-09T22:11:18,2024-12-09T22:20:23.128089,2024-12-10T00:18:44.710990,CLOSED,,ENDPOINT-01,False
ALT-CSE-01-02863,CSE-01,HIGH,2024-11-03T04:57:10,2024-11-03T05:03:09.750047,2024-11-03T08:02:00.106759,CLOSED,,DB-SERVER-01,False
ALT-CSE-01-02864,CSE-01,CRITICAL,2024-10-12T05:15:59,2024-10-12T05:28:54.311211,2024-10-12T06:06:42.010395,CLOSED,CAS-CSE-01-0625,ROUTER-01,False
ALT-CSE-01-02865,CSE-01,HIGH,2024-10-06T20:08:23,2024-10-06T20:20:42.076580,2024-10-06T22:31:21.468881,CLOSED,,ENDPOINT-01,False
ALT-CSE-01-02866,CSE-01,MEDIUM,2024-12-02T12:32:38,2024-12-02T12:37:40.417127,2024-12-02T14:16:44.551876,CLOSED,,ENDPOINT-01,False
ALT-CSE-01-02867,CSE-01,LOW,2024-12-03T06:54:19,2024-12-03T06:57:15.635451,2024-12-03T09:21:08.223652,CLOSED,,FIREWALL-01,False
ALT-CSE-01-02868,CSE-01,CRITICAL,2024-12-09T13:43:03,2024-12-09T13:55:19.274011,2024-12-09T14:39:27.406102,CLOSED,CAS-CSE-01-0626,ENDPOINT-01,False
ALT-CSE-01-02869,CSE-01,LOW,2024-12-04T10:59:56,2024-12-04T11:09:35.304399,2024-12-04T13:23:26.335467,CLOSED,,FIREWALL-01,False
ALT-CSE-01-02870,CSE-01,CRITICAL,2024-10-29T18:37:13,2024-10-29T18:50:50.176115,2024-10-29T19:19:00.732823,CLOSED,CAS-CSE-01-0627,ROUTER-01,False
ALT-CSE-01-02871,CSE-01,HIGH,2024-12-17T20:26:49,2024-12-17T20:28:11.812282,2024-12-17T22:30:36.781076,CLOSED,,WEB-SERVER-01,False
ALT-CSE-01-02872,CSE-01,MEDIUM,2024-12-10T23:25:02,2024-12-10T23:37:33.206721,2024-12-11T01:08:29.754290,CLOSED,,DB-SERVER-01,False
ALT-CSE-01-02873,CSE-01,HIGH,2024-11-10T05:30:22,2024-11-10T05:35:30.672279,2024-11-10T05:52:19.479864,CLOSED,,FIREWALL-01,False
ALT-CSE-01-02874,CSE-01,MEDIUM,2024-11-15T17:57:57,2024-11-15T17:59:34.202896,2024-11-15T19:28:58.151951,CLOSED,,ENDPOINT-01,False
ALT-CSE-01-02875,CSE-01,MEDIUM,2024-12-28T03:58:56,2024-12-28T04:10:02.942466,2024-12-28T06:17:10.772569,CLOSED,,DB-SERVER-01,False
ALT-CSE-01-02876,CSE-01,CRITICAL,2024-11-25T12:37:59,2024-11-25T12:41:40.332289,2024-11-25T12:57:54.356719,CLOSED,CAS-CSE-01-0628,ENDPOINT-01,False
ALT-CSE-01-02877,CSE-01,CRITICAL,2024-11-27T06:10:56,2024-11-27T06:20:16.926210,2024-11-27T06:36:22.057809,CLOSED,CAS-CSE-01-0629,WEB-SERVER-01,False
ALT-CSE-01-02878,CSE-01,MEDIUM,2024-10-03T00:08:30,2024-10-03T00:20:59.478380,2024-10-03T01:59:33.460661,CLOSED,,DB-SERVER-01,False
ALT-CSE-01-02879,CSE-01,LOW,2024-12-22T07:27:08,2024-12-22T07:28:56.065023,2024-12-22T10:41:07.210212,CLOSED,,ROUTER-01,False
ALT-CSE-01-02880,CSE-01,LOW,2024-12-12T14:44:07,2024-12-12T14:50:01.665239,2024-12-12T17:46:49.525698,CLOSED,CAS-CSE-01-0630,WEB-SERVER-01,False
ALT-CSE-01-02881,CSE-01,CRITICAL,2024-12-06T17:35:01,2024-12-06T17:45:58.459889,2024-12-06T18:18:07.291142,CLOSED,CAS-CSE-01-0631,DB-SERVER-01,False
ALT-CSE-01-02882,CSE-01,HIGH,2024-10-18T12:00:09,2024-10-18T12:05:56.357846,2024-10-18T13:37:31.621228,CLOSED,,ENDPOINT-01,False
ALT-CSE-01-02883,CSE-01,CRITICAL,2024-12-03T00:26:36,2024-12-03T00:35:55.581142,2024-12-03T00:58:55.347854,CLOSED,CAS-CSE-01-0632,ROUTER-01,False
ALT-CSE-01-02884,CSE-01,MEDIUM,2024-11-30T19:18:10,2024-11-30T19:21:02.698192,2024-11-30T21:18:22.729666,CLOSED,,ENDPOINT-01,False
ALT-CSE-01-02885,CSE-01,HIGH,2024-10-25T02:08:19,2024-10-25T02:09:35.116573,2024-10-25T04:32:11.618628,CLOSED,,DB-SERVER-01,False
ALT-CSE-01-02886,CSE-01,HIGH,2024-10-24T20:02:13,2024-10-24T20:10:15.414171,2024-10-24T22:48:11.982355,CLOSED,,ENDPOINT-01,False
ALT-CSE-01-02887,CSE-01,LOW,2024-12-03T16:22:07,2024-12-03T16:26:00.584909,2024-12-03T19:09:11.904633,CLOSED,,DB-SERVER-01,False
ALT-CSE-01-02888,CSE-01,MEDIUM,2024-11-08T23:05:11,2024-11-08T23:15:02.100550,2024-11-09T01:41:01.954774,CLOSED,,ENDPOINT-01,False
ALT-CSE-01-02889,CSE-01,HIGH,2024-10-05T17:03:38,2024-10-05T17:07:27.164016,2024-10-05T20:29:51.847854,CLOSED,,ENDPOINT-01,False
ALT-CSE-01-02890,CSE-01,HIGH,2024-10-19T12:39:05,2024-10-19T12:45:44.868170,2024-10-19T14:05:32.343681,CLOSED,,DB-SERVER-01,False
ALT-CSE-01-02891,CSE-01,LOW,2024-10-31T23:28:41,2024-10-31T23:40:23.815740,2024-11-01T02:06:01.192228,CLOSED,,DB-SERVER-01,False
ALT-CSE-01-02892,CSE-01,HIGH,2024-11-05T07:06:10,2024-11-05T07:17:27.075503,2024-11-05T09:09:38.201008,CLOSED,,WEB-SERVER-01,False
ALT-CSE-01-02893,CSE-01,CRITICAL,2024-11-15T06:47:21,2024-11-15T06:58:43.943551,2024-11-15T07:58:54.076733,CLOSED,CAS-CSE-01-0633,DB-SERVER-01,False
ALT-CSE-01-02894,CSE-01,LOW,2024-10-25T06:59:53,2024-10-25T07:10:12.381276,2024-10-25T08:24:37.100113,CLOSED,,DB-SERVER-01,False
ALT-CSE-01-02895,CSE-01,MEDIUM,2024-10-24T19:59:32,2024-10-24T20:12:17.263405,2024-10-24T22:42:58.746860,CLOSED,CAS-CSE-01-0634,WEB-SERVER-01,False
ALT-CSE-01-02896,CSE-01,MEDIUM,2024-12-03T05:14:47,2024-12-03T05:25:43.195157,2024-12-03T07:02:37.197935,CLOSED,,WEB-SERVER-01,False
ALT-CSE-01-02897,CSE-01,LOW,2024-11-24T10:44:15,2024-11-24T10:55:23.254400,2024-11-24T12:26:54.076395,CLOSED,,ROUTER-01,False
ALT-CSE-01-02898,CSE-01,MEDIUM,2024-12-24T05:57:09,2024-12-24T05:59:21.053154,2024-12-24T07:02:24.452046,CLOSED,,DB-SERVER-01,False
ALT-CSE-01-02899,CSE-01,HIGH,2024-12-07T14:51:43,2024-12-07T15:01:11.807523,2024-12-07T16:44:22.362811,CLOSED,,DB-SERVER-01,False
ALT-CSE-01-02900,CSE-01,MEDIUM,2024-12-28T05:32:50,2024-12-28T05:37:35.845955,2024-12-28T09:21:53.041667,CLOSED,,ROUTER-01,False
ALT-CSE-01-02901,CSE-01,LOW,2024-11-10T00:24:01,2024-11-10T00:34:11.772353,2024-11-10T02:15:02.568774,CLOSED,,FIREWALL-01,False
ALT-CSE-01-02902,CSE-01,MEDIUM,2024-11-04T01:31:46,2024-11-04T01:37:57.156295,2024-11-04T03:44:29.285182,CLOSED,,ENDPOINT-01,False
ALT-CSE-01-02903,CSE-01,HIGH,2024-11-02T16:25:15,2024-11-02T16:34:35.329517,2024-11-02T18:14:28.932956,CLOSED,,DB-SERVER-01,False
ALT-CSE-01-02904,CSE-01,MEDIUM,2024-11-04T08:17:03,2024-11-04T08:20:29.085238,2024-11-04T09:53:11.575687,CLOSED,,DB-SERVER-01,False
ALT-CSE-01-02905,CSE-01,HIGH,2024-12-25T14:58:53,2024-12-25T15:00:16.292684,2024-12-25T16:31:49.364190,CLOSED,,ROUTER-01,False
ALT-CSE-01-02906,CSE-01,LOW,2024-12-27T22:58:29,2024-12-27T23:04:15.112163,2024-12-28T01:00:25.997229,CLOSED,,DB-SERVER-01,False
ALT-CSE-01-02907,CSE-01,CRITICAL,2024-11-23T09:58:09,2024-11-23T10:00:54.446822,2024-11-23T10:45:10.965479,CLOSED,CAS-CSE-01-0635,WEB-SERVER-01,False
ALT-CSE-01-02908,CSE-01,MEDIUM,2024-11-09T12:16:21,2024-11-09T12:18:56.398603,2024-11-09T13:52:40.184345,CLOSED,,ENDPOINT-01,False
ALT-CSE-01-02909,CSE-01,HIGH,2024-10-01T16:32:27,2024-10-01T16:40:40.730623,2024-10-01T18:37:34.509336,CLOSED,,FIREWALL-01,False
ALT-CSE-01-02910,CSE-01,HIGH,2024-10-09T08:17:07,2024-10-09T08:25:17.511717,2024-10-09T11:04:51.667342,CLOSED,,ENDPOINT-01,False
ALT-CSE-01-02911,CSE-01,MEDIUM,2024-10-25T09:20:41,2024-10-25T09:29:19.994241,2024-10-25T11:39:26.819096,CLOSED,,ENDPOINT-01,False
ALT-CSE-01-02912,CSE-01,HIGH,2024-10-10T03:24:21,2024-10-10T03:29:05.319927,2024-10-10T05:15:26.356245,CLOSED,,DB-SERVER-01,False
ALT-CSE-01-02913,CSE-01,HIGH,2024-10-08T03:46:56,2024-10-08T03:54:30.111095,2024-10-08T04:29:37.222751,CLOSED,,DB-SERVER-01,False
ALT-CSE-01-02914,CSE-01,HIGH,2024-10-27T21:36:39,2024-10-27T21:38:43.411916,2024-10-28T00:29:06.340505,CLOSED,,WEB-SERVER-01,False
ALT-CSE-01-02915,CSE-01,LOW,2024-11-27T20:01:01,2024-11-27T20:14:57.831063,2024-11-27T23:10:07.829315,CLOSED,,WEB-SERVER-01,False
ALT-CSE-01-02916,CSE-01,CRITICAL,2024-11-04T03:14:15,2024-11-04T03:24:44.462589,2024-11-04T04:09:45.427616,CLOSED,CAS-CSE-01-0636,ENDPOINT-01,False
ALT-CSE-01-02917,CSE-01,MEDIUM,2024-12-17T00:35:25,2024-12-17T00:41:08.725576,2024-12-17T02:44:47.018425,CLOSED,,ENDPOINT-01,False
ALT-CSE-01-02918,CSE-01,MEDIUM,2024-12-10T08:58:17,2024-12-10T09:01:56.365508,2024-12-10T10:35:42.694447,CLOSED,,FIREWALL-01,False
ALT-CSE-01-02919,CSE-01,MEDIUM,2024-10-29T01:41:03,2024-10-29T01:46:27.183736,2024-10-29T03:36:44.492069,CLOSED,,WEB-SERVER-01,False
ALT-CSE-01-02920,CSE-01,HIGH,2024-11-21T17:09:04,2024-11-21T17:23:04.102297,2024-11-21T19:43:56.897171,CLOSED,,FIREWALL-01,False
ALT-CSE-01-02921,CSE-01,HIGH,2024-12-07T11:12:18,2024-12-07T11:15:10.160710,2024-12-07T14:26:00.949282,CLOSED,,DB-SERVER-01,False
ALT-CSE-01-02922,CSE-01,MEDIUM,2024-11-05T06:55:25,2024-11-05T07:00:55.846534,2024-11-05T08:52:18.970303,CLOSED,,ROUTER-01,False
ALT-CSE-01-02923,CSE-01,HIGH,2024-12-25T05:44:38,2024-12-25T05:49:36.050572,2024-12-25T08:00:50.809054,CLOSED,,ROUTER-01,False
ALT-CSE-01-02924,CSE-01,MEDIUM,2024-11-01T20:59:48,2024-11-01T21:09:56.816342,2024-11-02T00:12:48.056105,CLOSED,CAS-CSE-01-0637,ROUTER-01,False
ALT-CSE-01-02925,CSE-01,HIGH,2024-10-06T07:16:37,2024-10-06T07:21:26.825796,2024-10-06T09:48:13.389359,CLOSED,CAS-CSE-01-0638,ROUTER-01,False
ALT-CSE-01-02926,CSE-01,MEDIUM,2024-10-11T14:22:06,2024-10-11T14:35:46.072698,2024-10-11T17:25:11.922002,CLOSED,,FIREWALL-01,False
ALT-CSE-01-02927,CSE-01,HIGH,2024-12-10T16:06:44,2024-12-10T16:18:33.617801,2024-12-10T19:00:02.154768,CLOSED,CAS-CSE-01-0639,FIREWALL-01,False
ALT-CSE-01-02928,CSE-01,MEDIUM,2024-11-17T21:16:53,2024-11-17T21:24:26.449232,2024-11-17T23:40:12.177668,CLOSED,,DB-SERVER-01,False
ALT-CSE-01-02929,CSE-01,MEDIUM,2024-11-10T08:06:42,2024-11-10T08:21:36.332825,2024-11-10T10:36:22.047145,CLOSED,,DB-SERVER-01,False
ALT-CSE-01-02930,CSE-01,HIGH,2024-11-28T16:32:50,2024-11-28T16:40:38.468540,2024-11-28T18:48:17.225935,CLOSED,,DB-SERVER-01,False
ALT-CSE-01-02931,CSE-01,MEDIUM,2024-10-15T13:12:56,2024-10-15T13:22:13.188959,2024-10-15T14:35:27.959920,CLOSED,,DB-SERVER-01,False
ALT-CSE-01-02932,CSE-01,MEDIUM,2024-10-05T00:34:03,2024-10-05T00:48:07.616131,2024-10-05T02:03:06.161901,CLOSED,,WEB-SERVER-01,False
ALT-CSE-01-02933,CSE-01,LOW,2024-11-26T22:21:06,2024-11-26T22:25:33.712453,2024-11-26T23:33:48.158069,CLOSED,CAS-CSE-01-0640,FIREWALL-01,False
ALT-CSE-01-02934,CSE-01,HIGH,2024-11-30T16:41:59,2024-11-30T16:47:53.816420,2024-11-30T18:48:52.280927,CLOSED,,DB-SERVER-01,False
ALT-CSE-01-02935,CSE-01,HIGH,2024-10-20T10:10:50,2024-10-20T10:16:14.382119,2024-10-20T11:45:32.622138,CLOSED,,ROUTER-01,False
ALT-CSE-01-02936,CSE-01,HIGH,2024-11-03T16:51:23,2024-11-03T16:58:20.726486,2024-11-03T18:21:16.364634,CLOSED,,ROUTER-01,False
ALT-CSE-01-02937,CSE-01,HIGH,2024-11-20T15:19:14,2024-11-20T15:21:27.699118,2024-11-20T17:54:36.100852,CLOSED,,DB-SERVER-01,False
ALT-CSE-01-02938,CSE-01,CRITICAL,2024-12-02T03:15:46,2024-12-02T03:24:16.948839,2024-12-02T04:02:43.802708,CLOSED,CAS-CSE-01-0641,ENDPOINT-01,False
ALT-CSE-01-02939,CSE-01,MEDIUM,2024-11-18T06:00:54,2024-11-18T06:07:11.423705,2024-11-18T08:36:29.026223,CLOSED,,ENDPOINT-01,False
ALT-CSE-01-02940,CSE-01,HIGH,2024-12-21T11:09:18,2024-12-21T11:20:45.412035,2024-12-21T12:57:40.626531,CLOSED,,ENDPOINT-01,False
ALT-CSE-01-02941,CSE-01,HIGH,2024-10-24T04:24:21,2024-10-24T04:31:02.163633,2024-10-24T06:37:04.228824,CLOSED,,FIREWALL-01,False
ALT-CSE-01-02942,CSE-01,HIGH,2024-10-06T02:08:39,2024-10-06T02:12:06.119018,2024-10-06T04:08:43.942773,CLOSED,,ROUTER-01,False
ALT-CSE-01-02943,CSE-01,LOW,2024-11-23T17:02:38,2024-11-23T17:12:14.751582,2024-11-23T17:52:01.361262,CLOSED,,WEB-SERVER-01,False
ALT-CSE-01-02944,CSE-01,LOW,2024-11-30T07:46:44,2024-11-30T07:59:04.663214,2024-11-30T09:33:28.386777,CLOSED,,DB-SERVER-01,False
ALT-CSE-01-02945,CSE-01,MEDIUM,2024-11-12T15:45:29,2024-11-12T15:47:16.859867,2024-11-12T17:52:02.155185,CLOSED,CAS-CSE-01-0642,FIREWALL-01,False
ALT-CSE-01-02946,CSE-01,HIGH,2024-11-17T23:38:41,2024-11-17T23:48:19.442132,2024-11-18T01:28:33.121505,CLOSED,,ROUTER-01,False
ALT-CSE-01-02947,CSE-01,MEDIUM,2024-11-10T05:29:11,2024-11-10T05:33:09.927747,2024-11-10T06:09:44.373917,CLOSED,,ENDPOINT-01,False
ALT-CSE-01-02948,CSE-01,MEDIUM,2024-12-13T03:01:03,2024-12-13T03:09:02.994646,2024-12-13T04:56:58.783270,CLOSED,,DB-SERVER-01,False
ALT-CSE-01-02949,CSE-01,HIGH,2024-11-22T12:34:50,2024-11-22T12:45:23.985933,2024-11-22T14:34:40.455915,CLOSED,,ROUTER-01,False
ALT-CSE-01-02950,CSE-01,MEDIUM,2024-10-17T18:42:45,2024-10-17T18:55:21.948939,2024-10-17T19:42:05.645894,CLOSED,,ENDPOINT-01,False
ALT-CSE-01-02951,CSE-01,HIGH,2024-12-24T09:44:56,2024-12-24T09:54:03.389071,2024-12-24T10:58:58.401481,CLOSED,,ROUTER-01,False
ALT-CSE-01-02952,CSE-01,HIGH,2024-11-17T03:12:47,2024-11-17T03:20:16.960292,2024-11-17T05:20:26.041540,CLOSED,,WEB-SERVER-01,False
ALT-CSE-01-02953,CSE-01,MEDIUM,2024-12-28T09:02:49,2024-12-28T09:07:22.676309,2024-12-28T10:48:19.218743,CLOSED,,DB-SERVER-01,False
ALT-CSE-01-02954,CSE-01,MEDIUM,2024-10-10T21:30:33,2024-10-10T21:45:05.922091,2024-10-10T23:11:18.163023,CLOSED,,FIREWALL-01,False
ALT-CSE-01-02955,CSE-01,MEDIUM,2024-10-26T11:35:49,2024-10-26T11:47:00.901310,2024-10-26T14:00:04.583119,CLOSED,,ROUTER-01,False
ALT-CSE-01-02956,CSE-01,HIGH,2024-12-10T22:12:52,2024-12-10T22:25:41.159790,2024-12-10T23:53:45.486845,CLOSED,,DB-SERVER-01,False
ALT-CSE-01-02957,CSE-01,HIGH,2024-11-16T12:48:39,2024-11-16T12:51:16.029630,2024-11-16T14:52:43.869191,CLOSED,,WEB-SERVER-01,False
ALT-CSE-01-02958,CSE-01,HIGH,2024-12-03T21:25:17,2024-12-03T21:28:27.735449,2024-12-04T00:16:31.158871,CLOSED,,FIREWALL-01,False
ALT-CSE-01-02959,CSE-01,CRITICAL,2024-11-20T18:08:22,2024-11-20T18:19:18.235008,2024-11-20T18:45:46.657546,CLOSED,,ENDPOINT-01,False
ALT-CSE-01-02960,CSE-01,MEDIUM,2024-12-02T08:35:00,2024-12-02T08:44:12.415558,2024-12-02T08:36:00,CLOSED,,ENDPOINT-01,False
ALT-CSE-01-02961,CSE-01,CRITICAL,2024-12-28T20:47:45,2024-12-28T20:50:25.569848,2024-12-28T21:21:37.898392,CLOSED,CAS-CSE-01-0643,ENDPOINT-01,False
ALT-CSE-01-02962,CSE-01,HIGH,2024-10-03T20:19:50,2024-10-03T20:27:15.325419,2024-10-03T23:43:40.567311,CLOSED,,ROUTER-01,False
ALT-CSE-01-02963,CSE-01,MEDIUM,2024-10-23T05:35:17,2024-10-23T05:46:38.569583,2024-10-23T07:03:28.788537,CLOSED,,DB-SERVER-01,False
ALT-CSE-01-02964,CSE-01,HIGH,2024-10-09T06:08:49,2024-10-09T06:20:01.966401,2024-10-09T08:55:52.874900,CLOSED,,FIREWALL-01,False
ALT-CSE-01-02965,CSE-01,LOW,2024-11-28T21:10:08,2024-11-28T21:23:13.675077,2024-11-28T23:24:39.712273,CLOSED,,ENDPOINT-01,False
ALT-CSE-01-02966,CSE-01,MEDIUM,2024-10-16T16:02:42,2024-10-16T16:13:06.406225,2024-10-16T16:46:59.836760,CLOSED,CAS-CSE-01-0644,DB-SERVER-01,False
ALT-CSE-01-02967,CSE-01,MEDIUM,2024-10-23T07:31:17,2024-10-23T07:32:51.804268,2024-10-23T08:45:34.816653,CLOSED,CAS-CSE-01-0645,ENDPOINT-01,False
ALT-CSE-01-02968,CSE-01,HIGH,2024-12-17T07:19:19,2024-12-17T07:28:54.330945,2024-12-17T10:15:38.182697,CLOSED,,ROUTER-01,False
ALT-CSE-01-02969,CSE-01,HIGH,2024-11-01T21:11:27,2024-11-01T21:14:10.098630,2024-11-01T23:05:50.636905,CLOSED,,ROUTER-01,False
ALT-CSE-01-02970,CSE-01,CRITICAL,2024-12-08T08:20:07,2024-12-08T08:29:05.176201,2024-12-08T09:21:47.035167,CLOSED,CAS-CSE-01-0646,ENDPOINT-01,False
ALT-CSE-01-02971,CSE-01,LOW,2024-10-26T20:12:19,2024-10-26T20:21:44.886880,2024-10-26T23:01:58.433218,CLOSED,,FIREWALL-01,False
ALT-CSE-01-02972,CSE-01,MEDIUM,2024-11-14T07:56:01,2024-11-14T07:58:30.655462,2024-11-14T09:47:32.121488,CLOSED,,FIREWALL-01,False
ALT-CSE-01-02973,CSE-01,LOW,2024-11-28T00:42:39,2024-11-28T00:43:57.441913,2024-11-28T03:22:02.425549,CLOSED,,FIREWALL-01,False
ALT-CSE-01-02974,CSE-01,MEDIUM,2024-10-18T07:04:54,2024-10-18T07:16:07.694495,2024-10-18T08:02:16.277110,CLOSED,,WEB-SERVER-01,False
ALT-CSE-01-02975,CSE-01,CRITICAL,2024-10-22T18:58:00,2024-10-22T19:00:36.931722,2024-10-22T19:49:59.375213,CLOSED,CAS-CSE-01-0647,WEB-SERVER-01,False
ALT-CSE-01-02976,CSE-01,MEDIUM,2024-10-25T00:30:38,2024-10-25T00:32:40.500795,2024-10-25T02:30:14.600015,CLOSED,,WEB-SERVER-01,False
ALT-CSE-01-02977,CSE-01,LOW,2024-10-07T22:07:28,2024-10-07T22:15:56.053136,2024-10-08T01:08:24.777271,CLOSED,CAS-CSE-01-0648,DB-SERVER-01,False
ALT-CSE-01-02978,CSE-01,CRITICAL,2024-10-23T20:29:16,2024-10-23T20:39:06.525028,2024-10-23T21:38:17.211266,CLOSED,CAS-CSE-01-0649,DB-SERVER-01,False
ALT-CSE-01-02979,CSE-01,MEDIUM,2024-10-31T11:57:59,2024-10-31T12:05:29.504292,2024-10-31T13:38:36.276734,CLOSED,,ROUTER-01,False
ALT-CSE-01-02980,CSE-01,CRITICAL,2024-11-01T20:37:39,2024-11-01T20:40:37.736946,2024-11-01T21:19:38.009721,CLOSED,CAS-CSE-01-0650,WEB-SERVER-01,False
ALT-CSE-01-02981,CSE-01,LOW,2024-10-04T07:05:07,2024-10-04T07:07:53.916501,2024-10-04T08:43:11.975107,CLOSED,,ENDPOINT-01,False
ALT-CSE-01-02982,CSE-01,MEDIUM,2024-11-03T08:42:17,2024-11-03T08:43:27.504184,2024-11-03T10:49:15.972234,CLOSED,,WEB-SERVER-01,False
ALT-CSE-01-02983,CSE-01,HIGH,2024-12-24T22:12:03,2024-12-24T22:23:56.368824,2024-12-25T01:33:16.454019,CLOSED,,ENDPOINT-01,False
ALT-CSE-01-02984,CSE-01,HIGH,2024-10-02T00:45:40,2024-10-02T00:51:55.174731,2024-10-02T03:17:55.530235,CLOSED,,ROUTER-01,False
ALT-CSE-01-02985,CSE-01,LOW,2024-12-14T17:40:44,2024-12-14T17:43:36.284459,2024-12-14T19:29:52.497292,CLOSED,,DB-SERVER-01,False
ALT-CSE-01-02986,CSE-01,LOW,2024-12-07T04:27:59,2024-12-07T04:32:40.459565,2024-12-07T06:20:58.649174,CLOSED,,FIREWALL-01,False
ALT-CSE-01-02987,CSE-01,MEDIUM,2024-12-07T10:13:27,2024-12-07T10:21:03.998890,2024-12-07T12:14:16.091218,CLOSED,,WEB-SERVER-01,False
ALT-CSE-01-02988,CSE-01,MEDIUM,2024-11-12T20:29:46,2024-11-12T20:35:06.738892,2024-11-12T21:59:24.924896,CLOSED,,ENDPOINT-01,False
ALT-CSE-01-02989,CSE-01,MEDIUM,2024-11-11T03:15:44,2024-11-11T03:23:10.403950,2024-11-11T05:18:50.852686,CLOSED,,ROUTER-01,False
ALT-CSE-01-02990,CSE-01,MEDIUM,2024-12-09T05:21:07,2024-12-09T05:25:05.258213,2024-12-09T07:21:14.609586,CLOSED,,ROUTER-01,False
ALT-CSE-01-02991,CSE-01,CRITICAL,2024-10-05T06:56:47,2024-10-05T06:58:43.570020,2024-10-05T07:47:03.343173,CLOSED,CAS-CSE-01-0651,FIREWALL-01,False
ALT-CSE-01-02992,CSE-01,MEDIUM,2024-10-07T16:27:04,2024-10-07T16:32:17.327430,2024-10-07T17:47:02.601903,CLOSED,,FIREWALL-01,False
ALT-CSE-01-02993,CSE-01,HIGH,2024-12-21T17:28:59,2024-12-21T17:33:33.336175,2024-12-21T19:37:57.807643,CLOSED,,ROUTER-01,False
ALT-CSE-01-02994,CSE-01,HIGH,2024-10-10T00:58:02,2024-10-10T00:59:55.611982,2024-10-10T03:21:36.452538,CLOSED,,ENDPOINT-01,False
ALT-CSE-01-02995,CSE-01,CRITICAL,2024-11-09T15:11:16,2024-11-09T15:14:10.223017,2024-11-09T15:52:30.775658,CLOSED,,WEB-SERVER-01,False
ALT-CSE-01-02996,CSE-01,LOW,2024-12-02T12:20:38,2024-12-02T12:24:46.202251,2024-12-02T13:48:31.797989,CLOSED,,WEB-SERVER-01,False
ALT-CSE-01-02997,CSE-01,LOW,2024-11-30T17:00:00,2024-11-30T17:12:05.163207,2024-11-30T18:59:34.186930,CLOSED,,DB-SERVER-01,False
ALT-CSE-01-02998,CSE-01,HIGH,2024-10-03T21:50:20,2024-10-03T22:01:03.557418,2024-10-03T23:22:24.007990,CLOSED,,FIREWALL-01,False
ALT-CSE-01-02999,CSE-01,MEDIUM,2024-10-28T13:32:05,2024-10-28T13:36:21.110245,2024-10-28T16:09:27.033132,CLOSED,,DB-SERVER-01,False
ALT-CSE-01-03000,CSE-01,MEDIUM,2024-11-08T14:23:45,2024-11-08T14:38:34.208872,2024-11-08T16:44:34.970587,CLOSED,,DB-SERVER-01,False
ALT-CSE-01-03001,CSE-01,HIGH,2024-12-29T07:43:23,2024-12-29T07:45:44.204364,2024-12-29T10:02:16.246532,CLOSED,,WEB-SERVER-01,False
ALT-CSE-01-03002,CSE-01,MEDIUM,2024-11-29T19:50:52,2024-11-29T20:03:59.369479,2024-11-29T21:22:59.057360,CLOSED,,ENDPOINT-01,False
ALT-CSE-01-03003,CSE-01,HIGH,2024-11-01T09:20:49,2024-11-01T09:24:05.856067,2024-11-01T10:21:25.765136,CLOSED,,FIREWALL-01,False
ALT-CSE-01-03004,CSE-01,HIGH,2024-12-13T12:19:55,2024-12-13T12:21:45.949320,2024-12-13T12:39:14.905571,CLOSED,,WEB-SERVER-01,False
ALT-CSE-01-03005,CSE-01,MEDIUM,2024-12-03T10:55:08,2024-12-03T11:07:07.315140,2024-12-03T12:44:05.879827,CLOSED,,FIREWALL-01,False
ALT-CSE-01-03006,CSE-01,LOW,2024-12-07T09:25:09,2024-12-07T09:39:38.348789,2024-12-07T10:20:45.708875,CLOSED,,DB-SERVER-01,False
ALT-CSE-01-03007,CSE-01,LOW,2024-11-18T14:36:15,2024-11-18T14:40:35.737396,2024-11-18T16:22:37.789575,CLOSED,,ENDPOINT-01,False
ALT-CSE-01-03008,CSE-01,CRITICAL,2024-10-31T15:49:55,2024-10-31T15:57:17.980501,2024-10-31T16:54:32.663822,CLOSED,CAS-CSE-01-0652,WEB-SERVER-01,False
ALT-CSE-01-03009,CSE-01,HIGH,2024-12-25T09:36:49,2024-12-25T09:43:27.172712,2024-12-25T11:34:12.695793,CLOSED,,DB-SERVER-01,False
ALT-CSE-01-03010,CSE-01,MEDIUM,2024-10-21T20:07:11,2024-10-21T20:15:22.288214,2024-10-21T21:38:15.874989,CLOSED,,ROUTER-01,False
ALT-CSE-01-03011,CSE-01,CRITICAL,2024-11-30T12:26:10,2024-11-30T12:27:22.772041,2024-11-30T13:33:07.124581,CLOSED,CAS-CSE-01-0653,FIREWALL-01,False
ALT-CSE-01-03012,CSE-01,CRITICAL,2024-11-22T08:04:28,2024-11-22T08:18:17.541759,2024-11-22T08:55:36.194519,CLOSED,CAS-CSE-01-0654,ENDPOINT-01,False
ALT-CSE-01-03013,CSE-01,HIGH,2024-11-11T02:33:38,2024-11-11T02:39:04.211516,2024-11-11T04:26:15.113419,CLOSED,,FIREWALL-01,False
ALT-CSE-01-03014,CSE-01,HIGH,2024-12-13T02:16:44,2024-12-13T02:19:39.194992,2024-12-13T03:20:11.616195,CLOSED,,WEB-SERVER-01,False
ALT-CSE-01-03015,CSE-01,MEDIUM,2024-12-24T17:11:45,2024-12-24T17:21:44.523502,2024-12-24T19:59:54.873837,CLOSED,,ENDPOINT-01,False
ALT-CSE-01-03016,CSE-01,HIGH,2024-11-13T10:34:27,2024-11-13T10:39:46.469962,2024-11-13T10:56:23.443687,CLOSED,CAS-CSE-01-0655,WEB-SERVER-01,False
ALT-CSE-01-03017,CSE-01,MEDIUM,2024-11-17T22:57:59,2024-11-17T23:09:27.733459,2024-11-18T01:04:31.170684,CLOSED,CAS-CSE-01-0656,ROUTER-01,False
ALT-CSE-01-03018,CSE-01,HIGH,2024-12-26T08:44:33,2024-12-26T08:52:07.439068,2024-12-26T10:01:30.465890,CLOSED,,FIREWALL-01,False
ALT-CSE-01-03019,CSE-01,MEDIUM,2024-11-27T15:37:38,2024-11-27T15:45:13.751260,2024-11-27T17:26:30.105813,CLOSED,,DB-SERVER-01,False
ALT-CSE-01-03020,CSE-01,MEDIUM,2024-10-20T09:32:43,2024-10-20T09:36:28.830351,2024-10-20T12:04:08.378667,CLOSED,,ROUTER-01,False
ALT-CSE-01-03021,CSE-01,MEDIUM,2024-12-07T10:54:13,2024-12-07T10:57:39.549342,2024-12-07T11:57:13.554563,CLOSED,,ENDPOINT-01,False
ALT-CSE-01-03022,CSE-01,HIGH,2024-11-28T09:15:19,2024-11-28T09:18:51.692367,2024-11-28T10:58:47.145157,CLOSED,,FIREWALL-01,False
ALT-CSE-01-03023,CSE-01,HIGH,2024-12-28T06:41:53,2024-12-28T06:52:47.170686,2024-12-28T09:42:40.058384,CLOSED,,WEB-SERVER-01,False
ALT-CSE-01-03024,CSE-01,MEDIUM,2024-11-19T06:36:29,2024-11-19T06:49:33.161218,2024-11-19T08:56:51.036628,CLOSED,,ROUTER-01,False
ALT-CSE-01-03025,CSE-01,MEDIUM,2024-10-15T05:36:37,2024-10-15T05:42:43.133703,2024-10-15T07:41:24.223558,CLOSED,,FIREWALL-01,False
ALT-CSE-01-03026,CSE-01,LOW,2024-10-02T03:51:08,2024-10-02T04:02:16.710813,2024-10-02T05:24:04.889158,CLOSED,,DB-SERVER-01,False
ALT-CSE-01-03027,CSE-01,HIGH,2024-12-15T04:27:19,2024-12-15T04:42:09.656324,2024-12-15T05:34:25.782083,CLOSED,,ENDPOINT-01,False
ALT-CSE-01-03028,CSE-01,MEDIUM,2024-12-09T01:05:59,2024-12-09T01:17:36.982825,2024-12-09T03:03:01.777601,CLOSED,CAS-CSE-01-0657,FIREWALL-01,False
ALT-CSE-01-03029,CSE-01,MEDIUM,2024-11-21T18:38:06,2024-11-21T18:43:15.906689,2024-11-21T20:44:27.096694,CLOSED,,DB-SERVER-01,False
ALT-CSE-01-03030,CSE-01,CRITICAL,2024-11-14T05:35:30,2024-11-14T05:42:48.091000,2024-11-14T06:44:48.682782,CLOSED,CAS-CSE-01-0658,FIREWALL-01,False
ALT-CSE-01-03031,CSE-01,MEDIUM,2024-10-27T07:34:52,2024-10-27T07:45:04.626121,2024-10-27T09:49:46.315170,CLOSED,CAS-CSE-01-0659,FIREWALL-01,False
ALT-CSE-01-03032,CSE-01,MEDIUM,2024-11-28T15:56:33,2024-11-28T15:58:17.481325,2024-11-28T19:08:52.241518,CLOSED,CAS-CSE-01-0660,ROUTER-01,False
ALT-CSE-01-03033,CSE-01,CRITICAL,2024-10-29T09:20:41,2024-10-29T09:23:45.407458,2024-10-29T10:21:00.553450,CLOSED,,DB-SERVER-01,False
ALT-CSE-01-03034,CSE-01,MEDIUM,2024-11-02T23:52:27,2024-11-03T00:06:16.362223,2024-11-03T01:41:33.340090,CLOSED,,FIREWALL-01,False
ALT-CSE-01-03035,CSE-01,CRITICAL,2024-11-07T23:22:42,2024-11-07T23:30:26.533501,2024-11-07T23:59:48.567517,CLOSED,CAS-CSE-01-0661,ENDPOINT-01,False
ALT-CSE-01-03036,CSE-01,LOW,2024-11-15T17:30:03,2024-11-15T17:39:47.298313,2024-11-15T19:49:24.134577,CLOSED,,DB-SERVER-01,False
ALT-CSE-01-03037,CSE-01,LOW,2024-11-04T18:21:21,2024-11-04T18:25:00.849814,2024-11-04T20:25:11.495113,CLOSED,,ENDPOINT-01,False
ALT-CSE-01-03038,CSE-01,HIGH,2024-10-16T00:54:05,2024-10-16T01:04:51.843103,2024-10-16T03:34:16.136657,CLOSED,CAS-CSE-01-0662,DB-SERVER-01,False
ALT-CSE-01-03039,CSE-01,MEDIUM,2024-10-28T06:57:40,2024-10-28T07:09:31.448077,2024-10-28T08:39:55.097039,CLOSED,,ROUTER-01,False
ALT-CSE-01-03040,CSE-01,MEDIUM,2024-11-02T19:43:44,2024-11-02T19:52:36.743069,2024-11-02T22:21:05.816316,CLOSED,,ENDPOINT-01,False
ALT-CSE-01-03041,CSE-01,CRITICAL,2024-10-02T02:00:15,2024-10-02T02:05:38.988594,2024-10-02T02:29:14.068741,CLOSED,CAS-CSE-01-0663,FIREWALL-01,False
ALT-CSE-01-03042,CSE-01,LOW,2024-12-09T16:11:03,2024-12-09T16:24:46.188420,2024-12-09T18:44:09.208486,CLOSED,,DB-SERVER-01,False
ALT-CSE-01-03043,CSE-01,HIGH,2024-12-25T21:32:11,2024-12-25T21:35:14.318055,2024-12-25T22:58:33.705310,CLOSED,,DB-SERVER-01,False
ALT-CSE-01-03044,CSE-01,CRITICAL,2024-11-05T08:29:22,2024-11-05T08:35:27.478887,2024-11-05T09:00:49.934950,CLOSED,CAS-CSE-01-0664,FIREWALL-01,False
ALT-CSE-01-03045,CSE-01,LOW,2024-11-29T10:17:02,2024-11-29T10:22:15.456257,2024-11-29T12:44:05.271587,CLOSED,,ENDPOINT-01,False
ALT-CSE-01-03046,CSE-01,MEDIUM,2024-12-22T07:08:54,2024-12-22T07:16:22.187341,2024-12-22T09:08:36.527007,CLOSED,CAS-CSE-01-0665,ENDPOINT-01,False
ALT-CSE-01-03047,CSE-01,MEDIUM,2024-12-11T03:54:49,2024-12-11T04:07:41.083424,2024-12-11T05:19:38.598958,CLOSED,,ROUTER-01,False
ALT-CSE-01-03048,CSE-01,MEDIUM,2024-12-03T19:10:32,2024-12-03T19:25:06.392219,2024-12-03T21:39:16.467680,CLOSED,,FIREWALL-01,False
ALT-CSE-01-03049,CSE-01,CRITICAL,2024-11-04T17:43:37,2024-11-04T17:49:10.492819,2024-11-04T18:14:27.924760,CLOSED,CAS-CSE-01-0666,WEB-SERVER-01,False
ALT-CSE-01-03050,CSE-01,MEDIUM,2024-10-24T02:57:11,2024-10-24T03:01:12.378511,2024-10-24T05:05:32.489413,CLOSED,,ENDPOINT-01,False
ALT-CSE-01-03051,CSE-01,LOW,2024-12-08T19:24:52,2024-12-08T19:26:58.761111,2024-12-08T21:27:04.501538,CLOSED,,DB-SERVER-01,False
ALT-CSE-01-03052,CSE-01,MEDIUM,2024-12-16T04:23:57,2024-12-16T04:33:53.836068,2024-12-16T04:54:27.252735,CLOSED,,FIREWALL-01,False
ALT-CSE-01-03053,CSE-01,LOW,2024-10-24T23:26:30,2024-10-24T23:38:24.836157,2024-10-25T01:45:59.643517,CLOSED,,ROUTER-01,False
ALT-CSE-01-03054,CSE-01,MEDIUM,2024-12-21T11:48:40,2024-12-21T11:54:23.720153,2024-12-21T13:34:45.937203,CLOSED,,ENDPOINT-01,False
ALT-CSE-01-03055,CSE-01,LOW,2024-11-02T06:32:07,2024-11-02T06:42:16.581970,2024-11-02T09:33:36.370599,CLOSED,,ENDPOINT-01,False
ALT-CSE-01-03056,CSE-01,HIGH,2024-12-01T01:51:28,2024-12-01T01:56:34.067289,2024-12-01T04:14:58.006329,CLOSED,,FIREWALL-01,False
ALT-CSE-01-03057,CSE-01,LOW,2024-12-28T20:23:11,2024-12-28T20:37:59.721321,2024-12-28T23:00:56.586583,CLOSED,,FIREWALL-01,False
ALT-CSE-01-03058,CSE-01,HIGH,2024-11-16T01:32:25,2024-11-16T01:37:11.852106,2024-11-16T03:10:45.679918,CLOSED,,DB-SERVER-01,False
ALT-CSE-01-03059,CSE-01,LOW,2024-11-03T13:26:59,2024-11-03T13:39:44.847091,2024-11-03T15:57:29.551239,CLOSED,,ENDPOINT-01,False
ALT-CSE-01-03060,CSE-01,MEDIUM,2024-10-02T17:05:12,2024-10-02T17:06:44.931556,2024-10-02T20:28:51.417183,CLOSED,,ENDPOINT-01,False
ALT-CSE-01-03061,CSE-01,MEDIUM,2024-10-02T03:39:23,2024-10-02T03:41:29.813282,2024-10-02T06:26:11.394200,CLOSED,,ROUTER-01,False
ALT-CSE-01-03062,CSE-01,CRITICAL,2024-11-24T18:44:03,2024-11-24T18:54:45.646148,2024-11-24T19:16:02.447492,CLOSED,CAS-CSE-01-0667,WEB-SERVER-01,False
ALT-CSE-01-03063,CSE-01,HIGH,2024-12-08T21:45:19,2024-12-08T22:00:06.002183,2024-12-08T23:56:09.752942,CLOSED,,DB-SERVER-01,False
ALT-CSE-01-03064,CSE-01,MEDIUM,2024-10-10T12:15:32,2024-10-10T12:29:46.500309,2024-10-10T14:08:44.624669,CLOSED,,WEB-SERVER-01,False
ALT-CSE-01-03065,CSE-01,HIGH,2024-12-15T11:23:32,2024-12-15T11:34:26.722025,2024-12-15T12:50:24.796004,CLOSED,,ENDPOINT-01,False
ALT-CSE-01-03066,CSE-01,LOW,2024-11-23T02:54:42,2024-11-23T03:04:34.098315,2024-11-23T06:26:44.090063,CLOSED,,WEB-SERVER-01,False
ALT-CSE-01-03067,CSE-01,MEDIUM,2024-10-02T08:53:42,2024-10-02T09:06:00.161470,2024-10-02T11:24:09.503273,CLOSED,,FIREWALL-01,False
ALT-CSE-01-03068,CSE-01,LOW,2024-11-09T19:21:51,2024-11-09T19:30:19.882080,2024-11-09T22:03:20.374337,CLOSED,,ROUTER-01,False
ALT-CSE-01-03069,CSE-01,HIGH,2024-11-14T07:39:27,2024-11-14T07:40:49.395564,2024-11-14T09:27:20.253920,CLOSED,,ENDPOINT-01,False
ALT-CSE-01-03070,CSE-01,MEDIUM,2024-12-27T13:54:02,2024-12-27T14:08:19.905294,2024-12-27T16:14:54.250062,CLOSED,,FIREWALL-01,False
ALT-CSE-01-03071,CSE-01,HIGH,2024-10-03T03:49:41,2024-10-03T03:54:21.790963,2024-10-03T05:51:26.248668,CLOSED,,FIREWALL-01,False
ALT-CSE-01-03072,CSE-01,MEDIUM,2024-11-20T22:47:39,2024-11-20T22:51:51.298678,2024-11-21T00:43:17.542143,CLOSED,,ROUTER-01,False
ALT-CSE-01-03073,CSE-01,MEDIUM,2024-11-11T11:15:18,2024-11-11T11:27:53.297777,2024-11-11T13:10:55.209745,CLOSED,,FIREWALL-01,False
ALT-CSE-01-03074,CSE-01,MEDIUM,2024-11-06T06:12:19,2024-11-06T06:21:54.227317,2024-11-06T07:29:02.119607,CLOSED,CAS-CSE-01-0668,DB-SERVER-01,False
ALT-CSE-01-03075,CSE-01,CRITICAL,2024-12-02T01:20:09,2024-12-02T01:32:58.028788,2024-12-02T01:58:05.788847,CLOSED,CAS-CSE-01-0669,FIREWALL-01,False
ALT-CSE-01-03076,CSE-01,HIGH,2024-12-01T23:55:43,2024-12-02T00:00:19.150219,2024-12-02T01:56:25.388655,CLOSED,,FIREWALL-01,False
ALT-CSE-01-03077,CSE-01,HIGH,2024-10-18T22:41:17,2024-10-18T22:56:07.191719,2024-10-19T00:25:56.874208,CLOSED,,ROUTER-01,False
ALT-CSE-01-03078,CSE-01,MEDIUM,2024-10-21T00:15:52,2024-10-21T00:18:32.211693,2024-10-21T02:32:19.383176,CLOSED,,ROUTER-01,False
ALT-CSE-01-03079,CSE-01,HIGH,2024-10-22T19:31:08,2024-10-22T19:45:05.871772,2024-10-22T21:11:11.610780,CLOSED,,DB-SERVER-01,False
ALT-CSE-01-03080,CSE-01,LOW,2024-11-20T03:28:54,2024-11-20T03:39:40.940493,2024-11-20T04:39:38.205564,CLOSED,,WEB-SERVER-01,False
ALT-CSE-01-03081,CSE-01,LOW,2024-11-25T12:32:48,2024-11-25T12:38:37.044729,2024-11-25T15:24:24.791144,CLOSED,CAS-CSE-01-0670,WEB-SERVER-01,False
ALT-CSE-01-03082,CSE-01,HIGH,2024-12-11T05:57:29,2024-12-11T06:03:14.626813,2024-12-11T08:16:41.253505,CLOSED,,FIREWALL-01,False
ALT-CSE-01-03083,CSE-01,CRITICAL,2024-12-14T14:59:05,2024-12-14T15:12:10.612239,2024-12-14T15:33:32.480125,CLOSED,,ENDPOINT-01,False
ALT-CSE-01-03084,CSE-01,MEDIUM,2024-12-19T12:18:56,2024-12-19T12:20:03.648479,2024-12-19T14:02:03.952960,CLOSED,,WEB-SERVER-01,False
ALT-CSE-01-03085,CSE-01,HIGH,2024-12-03T07:59:36,2024-12-03T08:03:38.953701,2024-12-03T10:49:58.677147,CLOSED,,WEB-SERVER-01,False
ALT-CSE-01-03086,CSE-01,HIGH,2024-10-04T04:38:40,2024-10-04T04:42:22.406388,2024-10-04T06:17:34.874381,CLOSED,,FIREWALL-01,False
ALT-CSE-01-03087,CSE-01,MEDIUM,2024-12-07T13:01:49,2024-12-07T13:11:19.825652,2024-12-07T15:44:54.870957,CLOSED,,FIREWALL-01,False
ALT-CSE-01-03088,CSE-01,CRITICAL,2024-10-23T06:08:52,2024-10-23T06:23:08.819418,2024-10-23T06:55:16.938107,CLOSED,CAS-CSE-01-0671,FIREWALL-01,False
ALT-CSE-01-03089,CSE-01,CRITICAL,2024-12-05T14:55:52,2024-12-05T15:01:18.082651,2024-12-05T15:40:59.357104,CLOSED,CAS-CSE-01-0672,WEB-SERVER-01,False
ALT-CSE-01-03090,CSE-01,CRITICAL,2024-12-13T01:14:17,2024-12-13T01:17:17.630243,2024-12-13T01:52:24.548015,CLOSED,,FIREWALL-01,False
ALT-CSE-01-03091,CSE-01,MEDIUM,2024-11-19T20:27:37,2024-11-19T20:37:32.948471,2024-11-19T22:15:08.399348,CLOSED,CAS-CSE-01-0673,ROUTER-01,False
ALT-CSE-01-03092,CSE-01,HIGH,2024-11-09T14:19:42,2024-11-09T14:33:40.200198,2024-11-09T15:41:05.954444,CLOSED,,WEB-SERVER-01,False
ALT-CSE-01-03093,CSE-01,MEDIUM,2024-12-10T14:52:06,2024-12-10T14:58:00.786594,2024-12-10T16:29:05.193613,CLOSED,,FIREWALL-01,False
ALT-CSE-01-03094,CSE-01,HIGH,2024-11-16T05:45:35,2024-11-16T05:54:40.201495,2024-11-16T08:14:18.619591,CLOSED,,DB-SERVER-01,False
ALT-CSE-01-03095,CSE-01,MEDIUM,2024-10-06T20:12:53,2024-10-06T20:26:04.737029,2024-10-06T22:43:19.362894,CLOSED,,WEB-SERVER-01,False
ALT-CSE-01-03096,CSE-01,CRITICAL,2024-11-02T05:26:22,2024-11-02T05:28:02.031816,2024-11-02T06:21:06.683438,CLOSED,CAS-CSE-01-0674,ROUTER-01,False
ALT-CSE-01-03097,CSE-01,HIGH,2024-11-26T17:17:04,2024-11-26T17:20:03.134081,2024-11-26T19:18:32.725759,CLOSED,,DB-SERVER-01,False
ALT-CSE-01-03098,CSE-01,MEDIUM,2024-10-17T05:56:43,2024-10-17T06:09:39.249668,2024-10-17T08:29:55.942461,CLOSED,,DB-SERVER-01,False
ALT-CSE-01-03099,CSE-01,MEDIUM,2024-12-17T14:26:09,2024-12-17T14:29:35.674087,2024-12-17T16:46:33.966048,CLOSED,CAS-CSE-01-0675,ENDPOINT-01,False
ALT-CSE-01-03100,CSE-01,CRITICAL,2024-12-24T09:34:14,2024-12-24T09:38:11.722846,2024-12-24T10:36:04.417299,CLOSED,CAS-CSE-01-0676,WEB-SERVER-01,False
ALT-CSE-01-03101,CSE-01,MEDIUM,2024-11-12T16:57:54,2024-11-12T17:04:32.098692,2024-11-12T19:15:08.058095,CLOSED,,DB-SERVER-01,False
ALT-CSE-01-03102,CSE-01,HIGH,2024-10-28T23:59:10,2024-10-29T00:05:41.415783,2024-10-29T01:43:21.232359,CLOSED,CAS-CSE-01-0677,DB-SERVER-01,False
ALT-CSE-01-03103,CSE-01,HIGH,2024-11-30T18:16:51,2024-11-30T18:30:25.619496,2024-11-30T20:40:45.929251,CLOSED,,WEB-SERVER-01,False
ALT-CSE-01-03104,CSE-01,HIGH,2024-12-23T08:46:56,2024-12-23T08:57:55.933682,2024-12-23T09:44:25.653887,CLOSED,,ROUTER-01,False
ALT-CSE-01-03105,CSE-01,MEDIUM,2024-12-16T23:19:59,2024-12-16T23:26:03.568386,2024-12-17T01:05:17.625815,CLOSED,,DB-SERVER-01,False
ALT-CSE-01-03106,CSE-01,MEDIUM,2024-10-11T04:58:23,2024-10-11T05:12:35.327343,2024-10-11T07:26:43.130169,CLOSED,,ENDPOINT-01,False
ALT-CSE-01-03107,CSE-01,MEDIUM,2024-11-14T11:25:59,2024-11-14T11:28:15.696518,2024-11-14T12:40:19.112810,CLOSED,,DB-SERVER-01,False
ALT-CSE-01-03108,CSE-01,LOW,2024-12-16T11:43:15,2024-12-16T11:50:15.150690,2024-12-16T12:16:22.776682,CLOSED,,ROUTER-01,False
ALT-CSE-01-03109,CSE-01,MEDIUM,2024-12-15T11:35:19,2024-12-15T11:47:55.183481,2024-12-15T13:36:40.237618,CLOSED,,WEB-SERVER-01,False
ALT-CSE-01-03110,CSE-01,LOW,2024-12-15T10:16:36,2024-12-15T10:28:41.441375,2024-12-15T12:09:24.211863,CLOSED,CAS-CSE-01-0678,DB-SERVER-01,False
ALT-CSE-01-03111,CSE-01,MEDIUM,2024-11-29T15:35:34,2024-11-29T15:46:26.946790,2024-11-29T17:04:18.640178,CLOSED,,DB-SERVER-01,False
ALT-CSE-01-03112,CSE-01,LOW,2024-10-29T10:17:53,2024-10-29T10:25:28.951720,2024-10-29T12:59:44.709726,CLOSED,,FIREWALL-01,False
ALT-CSE-01-03113,CSE-01,MEDIUM,2024-10-21T05:26:14,2024-10-21T05:32:20.603778,2024-10-21T06:52:34.380393,CLOSED,,ENDPOINT-01,False
ALT-CSE-01-03114,CSE-01,MEDIUM,2024-10-12T22:01:54,2024-10-12T22:14:35.773822,2024-10-12T23:29:28.846010,CLOSED,,WEB-SERVER-01,False
ALT-CSE-01-03115,CSE-01,CRITICAL,2024-11-13T01:54:21,2024-11-13T02:01:03.974431,2024-11-13T02:58:37.572000,CLOSED,CAS-CSE-01-0679,WEB-SERVER-01,False
ALT-CSE-01-03116,CSE-01,MEDIUM,2024-12-11T18:27:49,2024-12-11T18:37:16.362862,2024-12-11T20:38:52.358528,CLOSED,,DB-SERVER-01,False
ALT-CSE-01-03117,CSE-01,MEDIUM,2024-12-18T03:57:20,2024-12-18T04:08:52.915522,2024-12-18T06:12:38.818141,CLOSED,,ROUTER-01,False
ALT-CSE-01-03118,CSE-01,MEDIUM,2024-11-14T13:17:55,2024-11-14T13:20:09.681805,2024-11-14T15:48:55.390026,CLOSED,,ENDPOINT-01,False
ALT-CSE-01-03119,CSE-01,LOW,2024-11-15T00:26:49,2024-11-15T00:31:58.705739,2024-11-15T01:40:05.863641,CLOSED,CAS-CSE-01-0680,WEB-SERVER-01,False
ALT-CSE-01-03120,CSE-01,HIGH,2024-11-08T04:02:20,2024-11-08T04:06:31.991101,2024-11-08T06:41:53.275948,CLOSED,,ROUTER-01,False
ALT-CSE-01-03121,CSE-01,MEDIUM,2024-12-01T21:32:08,2024-12-01T21:45:49.576280,2024-12-01T23:51:52.596777,CLOSED,,WEB-SERVER-01,False
ALT-CSE-01-03122,CSE-01,MEDIUM,2024-11-05T18:52:24,2024-11-05T19:03:37.466932,2024-11-05T21:39:48.908395,CLOSED,CAS-CSE-01-0681,DB-SERVER-01,False
ALT-CSE-01-03123,CSE-01,MEDIUM,2024-12-10T14:46:24,2024-12-10T14:58:10.540449,2024-12-10T16:16:21.994522,CLOSED,,DB-SERVER-01,False
ALT-CSE-01-03124,CSE-01,HIGH,2024-10-11T11:58:01,2024-10-11T12:12:09.653528,2024-10-11T14:10:33.514384,CLOSED,,ROUTER-01,False
ALT-CSE-01-03125,CSE-01,CRITICAL,2024-11-06T15:58:17,2024-11-06T16:09:02.908784,2024-11-06T16:47:39.768223,CLOSED,CAS-CSE-01-0682,WEB-SERVER-01,False
ALT-CSE-01-03126,CSE-01,LOW,2024-10-29T02:03:45,2024-10-29T02:06:59.567102,2024-10-29T03:56:42.036087,CLOSED,,FIREWALL-01,False
ALT-CSE-01-03127,CSE-01,HIGH,2024-10-11T18:57:54,2024-10-11T19:06:03.829729,2024-10-11T20:45:15.417001,CLOSED,,DB-SERVER-01,False
ALT-CSE-01-03128,CSE-01,HIGH,2024-10-24T13:06:56,2024-10-24T13:10:17.493259,2024-10-24T14:27:06.219193,CLOSED,CAS-CSE-01-0683,ROUTER-01,False
ALT-CSE-01-03129,CSE-01,HIGH,2024-10-15T21:33:56,2024-10-15T21:39:59.066633,2024-10-15T23:33:27.407722,CLOSED,,ROUTER-01,False
ALT-CSE-01-03130,CSE-01,MEDIUM,2024-10-04T00:00:16,2024-10-04T00:07:52.094197,2024-10-04T01:45:42.174578,CLOSED,,DB-SERVER-01,False
ALT-CSE-01-03131,CSE-01,MEDIUM,2024-11-13T16:13:56,2024-11-13T16:21:11.018059,2024-11-13T18:37:47.538719,CLOSED,,ROUTER-01,False
ALT-CSE-01-03132,CSE-01,HIGH,2024-10-31T18:46:56,2024-10-31T18:54:55.769838,2024-10-31T20:06:37.406098,CLOSED,,DB-SERVER-01,False
ALT-CSE-01-03133,CSE-01,MEDIUM,2024-12-20T19:25:44,2024-12-20T19:38:57.162655,2024-12-20T21:30:54.722925,CLOSED,,ROUTER-01,False
ALT-CSE-01-03134,CSE-01,MEDIUM,2024-11-03T11:18:30,2024-11-03T11:25:39.990559,2024-11-03T12:44:50.872598,CLOSED,,ROUTER-01,False
ALT-CSE-01-03135,CSE-01,CRITICAL,2024-10-10T04:23:14,2024-10-10T04:37:14.416757,2024-10-10T05:21:57.727643,CLOSED,CAS-CSE-01-0684,WEB-SERVER-01,False
ALT-CSE-01-03136,CSE-01,LOW,2024-11-29T17:44:47,2024-11-29T17:46:22.271656,2024-11-29T20:10:18.787729,CLOSED,,ENDPOINT-01,False
ALT-CSE-01-03137,CSE-01,HIGH,2024-12-15T17:44:27,2024-12-15T17:53:50.183092,2024-12-15T20:03:38.555183,CLOSED,,DB-SERVER-01,False
ALT-CSE-01-03138,CSE-01,LOW,2024-10-12T16:40:10,2024-10-12T16:52:42.168800,2024-10-12T20:04:07.036673,CLOSED,,FIREWALL-01,False
ALT-CSE-01-03139,CSE-01,MEDIUM,2024-11-26T09:33:33,2024-11-26T09:39:12.393849,2024-11-26T11:50:29.224057,CLOSED,,ENDPOINT-01,False
ALT-CSE-01-03140,CSE-01,HIGH,2024-11-15T13:51:49,2024-11-15T14:01:33.938498,2024-11-15T15:41:34.153530,CLOSED,,WEB-SERVER-01,False
ALT-CSE-01-03141,CSE-01,LOW,2024-10-18T20:50:13,2024-10-18T20:57:29.331678,2024-10-18T23:02:31.472676,CLOSED,,WEB-SERVER-01,False
ALT-CSE-01-03142,CSE-01,MEDIUM,2024-12-13T08:28:11,2024-12-13T08:41:56.709257,2024-12-13T10:38:40.954749,CLOSED,,ENDPOINT-01,False
ALT-CSE-01-03143,CSE-01,HIGH,2024-12-07T22:03:20,2024-12-07T22:11:43.854778,2024-12-08T00:37:56.682363,CLOSED,,FIREWALL-01,False
ALT-CSE-01-03144,CSE-01,HIGH,2024-12-01T00:14:16,2024-12-01T00:28:48.521838,2024-12-01T01:59:54.113148,CLOSED,,ROUTER-01,False
ALT-CSE-01-03145,CSE-01,HIGH,2024-11-10T06:16:53,2024-11-10T06:28:51.388222,2024-11-10T09:54:23.186261,CLOSED,,WEB-SERVER-01,False
ALT-CSE-01-03146,CSE-01,HIGH,2024-12-13T21:51:20,2024-12-13T21:54:59.284301,2024-12-14T00:32:04.612976,CLOSED,,DB-SERVER-01,False
ALT-CSE-01-03147,CSE-01,MEDIUM,2024-12-04T11:19:32,2024-12-04T11:21:06.101913,2024-12-04T13:17:11.329050,CLOSED,,WEB-SERVER-01,False
ALT-CSE-01-03148,CSE-01,CRITICAL,2024-11-12T12:16:07,2024-11-12T12:21:45.647523,2024-11-12T13:05:38.784823,CLOSED,,ENDPOINT-01,False
ALT-CSE-01-03149,CSE-01,HIGH,2024-12-18T10:24:40,2024-12-18T10:30:54.042899,2024-12-18T12:12:16.632412,CLOSED,,FIREWALL-01,False
ALT-CSE-01-03150,CSE-01,CRITICAL,2024-11-10T00:32:08,2024-11-10T00:44:01.480934,2024-11-10T01:18:20.183044,CLOSED,CAS-CSE-01-0685,ROUTER-01,False
ALT-CSE-01-03151,CSE-01,CRITICAL,2024-11-09T18:34:10,2024-11-09T18:47:53.893815,2024-11-09T19:12:50.647270,CLOSED,CAS-CSE-01-0686,ENDPOINT-01,False
ALT-CSE-01-03152,CSE-01,CRITICAL,2024-11-23T04:38:17,2024-11-23T04:39:24.792460,2024-11-23T05:19:37.510369,CLOSED,,DB-SERVER-01,False
ALT-CSE-01-03153,CSE-01,HIGH,2024-10-03T03:39:19,2024-10-03T03:40:58.272505,2024-10-03T06:09:08.323246,CLOSED,,FIREWALL-01,False
ALT-CSE-01-03154,CSE-01,LOW,2024-10-21T06:04:49,2024-10-21T06:06:50.468711,2024-10-21T07:34:45.746644,CLOSED,,FIREWALL-01,False
ALT-CSE-01-03155,CSE-01,LOW,2024-10-09T19:31:13,2024-10-09T19:42:45.105252,2024-10-09T21:14:18.987762,CLOSED,,DB-SERVER-01,False
ALT-CSE-01-03156,CSE-01,MEDIUM,2024-12-09T12:44:17,2024-12-09T12:48:46.969374,2024-12-09T15:13:47.801188,CLOSED,,ROUTER-01,False
ALT-CSE-01-03157,CSE-01,LOW,2024-12-07T03:13:56,2024-12-07T03:26:40.529852,2024-12-07T04:35:05.961569,CLOSED,,DB-SERVER-01,False
ALT-CSE-01-03158,CSE-01,HIGH,2024-10-21T07:27:57,2024-10-21T07:33:19.229744,2024-10-21T09:17:32.739036,CLOSED,CAS-CSE-01-0687,FIREWALL-01,False
ALT-CSE-01-03159,CSE-01,MEDIUM,2024-10-08T18:49:55,2024-10-08T18:55:04.098616,2024-10-08T20:23:13.741544,CLOSED,,ENDPOINT-01,False
ALT-CSE-01-03160,CSE-01,LOW,2024-10-30T07:01:27,2024-10-30T07:14:53.846530,2024-10-30T08:53:10.125287,CLOSED,,DB-SERVER-01,False
ALT-CSE-01-03161,CSE-01,HIGH,2024-12-27T10:12:12,2024-12-27T10:19:11.207547,2024-12-27T11:43:32.239116,CLOSED,,ROUTER-01,False
ALT-CSE-01-03162,CSE-01,MEDIUM,2024-12-21T10:34:32,2024-12-21T10:38:59.843114,2024-12-21T11:23:38.252707,CLOSED,,DB-SERVER-01,False
ALT-CSE-01-03163,CSE-01,MEDIUM,2024-11-26T00:43:15,2024-11-26T00:53:15.460704,2024-11-26T02:37:21.999208,CLOSED,,ENDPOINT-01,False
ALT-CSE-01-03164,CSE-01,MEDIUM,2024-12-26T04:24:09,2024-12-26T04:33:33.677585,2024-12-26T06:36:42.618732,CLOSED,,ROUTER-01,False
ALT-CSE-01-03165,CSE-01,LOW,2024-10-14T12:25:04,2024-10-14T12:36:21.456051,2024-10-14T15:41:00.632574,CLOSED,,ROUTER-01,False
ALT-CSE-01-03166,CSE-01,LOW,2024-12-18T18:59:28,2024-12-18T19:07:43.492509,2024-12-18T21:30:24.671705,CLOSED,,WEB-SERVER-01,False
ALT-CSE-01-03167,CSE-01,CRITICAL,2024-11-25T13:24:11,2024-11-25T13:34:35.829048,2024-11-25T14:06:15.749402,CLOSED,CAS-CSE-01-0688,DB-SERVER-01,False
ALT-CSE-01-03168,CSE-01,MEDIUM,2024-10-02T03:54:22,2024-10-02T04:02:59.528368,2024-10-02T05:35:17.713192,CLOSED,,ENDPOINT-01,False
ALT-CSE-01-03169,CSE-01,LOW,2024-12-29T05:11:44,2024-12-29T05:19:33.241239,2024-12-29T07:39:32.088387,CLOSED,,ROUTER-01,False
ALT-CSE-01-03170,CSE-01,MEDIUM,2024-11-01T01:55:38,2024-11-01T02:09:11.253245,2024-11-01T03:21:54.523859,CLOSED,,FIREWALL-01,False
ALT-CSE-01-03171,CSE-01,HIGH,2024-11-18T01:35:29,2024-11-18T01:46:09.037125,2024-11-18T03:46:20.678883,CLOSED,CAS-CSE-01-0689,FIREWALL-01,False
ALT-CSE-01-03172,CSE-01,HIGH,2024-10-08T14:17:37,2024-10-08T14:25:35.499603,2024-10-08T17:08:13.591294,CLOSED,,ENDPOINT-01,False
ALT-CSE-01-03173,CSE-01,MEDIUM,2024-11-10T18:03:00,2024-11-10T18:09:05.819129,2024-11-10T19:57:24.770734,CLOSED,,ROUTER-01,False
ALT-CSE-01-03174,CSE-01,CRITICAL,2024-11-13T23:04:49,2024-11-13T23:15:47.233752,2024-11-13T23:44:12.925142,CLOSED,CAS-CSE-01-0690,FIREWALL-01,False
ALT-CSE-01-03175,CSE-01,HIGH,2024-12-10T09:41:06,2024-12-10T09:47:03.736753,2024-12-10T10:25:02.965398,CLOSED,,ROUTER-01,False
ALT-CSE-01-03176,CSE-01,LOW,2024-11-07T14:34:00,2024-11-07T14:47:28.936606,2024-11-07T17:04:07.369588,CLOSED,,ROUTER-01,False
ALT-CSE-01-03177,CSE-01,HIGH,2024-12-06T07:50:20,2024-12-06T07:56:58.169330,2024-12-06T08:45:42.301106,CLOSED,CAS-CSE-01-0691,ROUTER-01,False
ALT-CSE-01-03178,CSE-01,CRITICAL,2024-10-19T21:52:07,2024-10-19T21:57:15.651649,2024-10-19T22:38:26.209194,CLOSED,CAS-CSE-01-0692,DB-SERVER-01,False
ALT-CSE-01-03179,CSE-01,CRITICAL,2024-11-30T15:49:38,2024-11-30T16:00:46.164797,2024-11-30T16:37:08.873679,CLOSED,CAS-CSE-01-0693,DB-SERVER-01,False
ALT-CSE-01-03180,CSE-01,LOW,2024-10-25T10:07:36,2024-10-25T10:16:19.579491,2024-10-25T11:24:55.292453,CLOSED,,ROUTER-01,False
ALT-CSE-01-03181,CSE-01,MEDIUM,2024-12-01T19:54:37,2024-12-01T20:08:44.049767,2024-12-01T22:50:49.077804,CLOSED,,FIREWALL-01,False
ALT-CSE-01-03182,CSE-01,HIGH,2024-10-01T19:58:36,2024-10-01T20:04:03.928804,2024-10-01T21:31:16.054672,CLOSED,,FIREWALL-01,False
ALT-CSE-01-03183,CSE-01,LOW,2024-10-11T03:58:29,2024-10-11T04:00:42.541181,2024-10-11T05:33:17.970729,CLOSED,,WEB-SERVER-01,False
ALT-CSE-01-03184,CSE-01,CRITICAL,2024-11-11T22:28:57,2024-11-11T22:42:32.503442,2024-11-11T23:16:41.049757,CLOSED,CAS-CSE-01-0694,DB-SERVER-01,False
ALT-CSE-01-03185,CSE-01,MEDIUM,2024-10-17T09:20:10,2024-10-17T09:21:47.032759,2024-10-17T11:48:38.589087,CLOSED,,ROUTER-01,False
ALT-CSE-01-03186,CSE-01,CRITICAL,2024-11-22T14:21:00,2024-11-22T14:22:01.558248,2024-11-22T15:00:33.899701,CLOSED,CAS-CSE-01-0695,ENDPOINT-01,False
ALT-CSE-01-03187,CSE-01,CRITICAL,2024-12-10T04:00:05,2024-12-10T04:12:10.028479,2024-12-10T04:28:47.659329,CLOSED,CAS-CSE-01-0696,DB-SERVER-01,False
ALT-CSE-01-03188,CSE-01,CRITICAL,2024-12-20T17:41:29,2024-12-20T17:54:14.934056,2024-12-20T18:35:56.005332,CLOSED,CAS-CSE-01-0697,WEB-SERVER-01,False
ALT-CSE-01-03189,CSE-01,LOW,2024-10-22T04:57:59,2024-10-22T05:10:49.846128,2024-10-22T07:44:01.963023,CLOSED,,ROUTER-01,False
ALT-CSE-01-03190,CSE-01,MEDIUM,2024-10-01T06:23:59,2024-10-01T06:25:31.645465,2024-10-01T08:58:41.022348,CLOSED,,FIREWALL-01,False
ALT-CSE-01-03191,CSE-01,HIGH,2024-11-04T21:45:24,2024-11-04T21:51:37.490209,2024-11-05T00:19:54.529183,CLOSED,,WEB-SERVER-01,False
ALT-CSE-01-03192,CSE-01,LOW,2024-12-14T23:58:16,2024-12-15T00:12:16.911892,2024-12-15T02:07:47.558719,CLOSED,,WEB-SERVER-01,False
ALT-CSE-01-03193,CSE-01,MEDIUM,2024-12-13T18:36:35,2024-12-13T18:39:36.628098,2024-12-13T21:15:34.942860,CLOSED,,DB-SERVER-01,False
ALT-CSE-01-03194,CSE-01,LOW,2024-10-11T00:33:27,2024-10-11T00:41:57.910548,2024-10-11T03:03:44.572998,CLOSED,,ROUTER-01,False
ALT-CSE-01-03195,CSE-01,MEDIUM,2024-10-05T09:21:53,2024-10-05T09:32:51.436379,2024-10-05T10:44:10.590255,CLOSED,,DB-SERVER-01,False
ALT-CSE-01-03196,CSE-01,HIGH,2024-12-22T09:33:50,2024-12-22T09:40:52.547844,2024-12-22T11:31:50.372264,CLOSED,CAS-CSE-01-0698,ENDPOINT-01,False
ALT-CSE-01-03197,CSE-01,HIGH,2024-12-29T21:59:15,2024-12-29T22:06:00.258147,2024-12-29T23:43:36.601026,CLOSED,,DB-SERVER-01,False
ALT-CSE-01-03198,CSE-01,HIGH,2024-11-27T13:43:08,2024-11-27T13:48:44.091121,2024-11-27T16:25:55.766680,CLOSED,,WEB-SERVER-01,False
ALT-CSE-01-03199,CSE-01,MEDIUM,2024-12-11T05:52:42,2024-12-11T06:05:48.300445,2024-12-11T07:21:11.883752,CLOSED,,WEB-SERVER-01,False
