alert_id,cse_id,severity,created_at,acknowledged_at,closed_at,status,case_id,asset_id,escalated
ALT-CSE-03-00000,CSE-03,LOW,2024-12-01T22:00:02,2024-12-01T22:03:45.967100,2024-12-01T22:40:08.574650,CLOSED,,CARRIER-ROUTER-99,False
ALT-CSE-03-00001,CSE-03,LOW,2024-11-04T08:11:49,2024-11-04T08:19:00.283470,2024-11-04T09:35:17.056361,CLOSED,,TELCO-AAA-SRV,False
ALT-CSE-03-00002,CSE-03,LOW,2024-11-21T07:10:21,2024-11-21T07:14:37.821931,2024-11-21T08:25:34.633569,CLOSED,,5G-CORE-UPF-01,False
ALT-CSE-03-00003,CSE-03,HIGH,2024-12-12T16:16:54,2024-12-12T16:22:11.192905,2024-12-12T16:57:56.296854,CLOSED,CAS-CSE-03-0001,CARRIER-ROUTER-99,False
ALT-CSE-03-00004,CSE-03,LOW,2024-12-13T10:18:03,2024-12-13T10:20:35.632816,2024-12-13T11:42:27.805760,CLOSED,,CARRIER-ROUTER-99,False
ALT-CSE-03-00005,CSE-03,CRITICAL,2024-12-10T18:53:58,2024-12-10T19:02:42.702235,2024-12-10T19:51:27.001855,CLOSED,CAS-CSE-03-0002,EDGE-GATEWAY-12,False
ALT-CSE-03-00006,CSE-03,MEDIUM,2024-11-26T07:18:06,2024-11-26T07:23:22.026289,2024-11-26T08:31:29.928216,CLOSED,,5G-CORE-UPF-01,False
ALT-CSE-03-00007,CSE-03,CRITICAL,2024-12-02T04:37:33,2024-12-02T04:46:55.342986,2024-12-02T05:58:03.645515,CLOSED,CAS-CSE-03-0003,CARRIER-ROUTER-99,False
ALT-CSE-03-00008,CSE-03,HIGH,2024-11-25T06:43:32,2024-11-25T06:52:16.643618,2024-11-25T07:54:03.319408,CLOSED,,5G-AMF-NODE-02,False
ALT-CSE-03-00009,CSE-03,CRITICAL,2024-11-24T18:06:26,2024-11-24T18:09:42.682811,2024-11-24T19:29:49.514423,CLOSED,CAS-CSE-03-0004,CARRIER-ROUTER-99,True
ALT-CSE-03-00010,CSE-03,MEDIUM,2024-12-29T02:39:00,2024-12-29T02:45:42.179263,2024-12-29T03:29:15.278243,CLOSED,,5G-AMF-NODE-02,False
ALT-CSE-03-00011,CSE-03,MEDIUM,2024-10-13T15:59:52,2024-10-13T16:03:42.329054,2024-10-13T16:51:40.446171,CLOSED,,5G-CORE-UPF-01,False
ALT-CSE-03-00012,CSE-03,HIGH,2024-10-28T15:29:33,2024-10-28T15:32:42.082474,2024-10-28T16:23:10.824260,CLOSED,,5G-AMF-NODE-02,False
ALT-CSE-03-00013,CSE-03,MEDIUM,2024-11-15T19:31:22,2024-11-15T19:33:44.194466,2024-11-15T20:05:37.678755,CLOSED,,TELCO-AAA-SRV,False
ALT-CSE-03-00014,CSE-03,HIGH,2024-11-27T07:35:09,2024-11-27T07:41:37.591075,2024-11-27T08:11:51.137181,CLOSED,,5G-AMF-NODE-02,False
ALT-CSE-03-00015,CSE-03,MEDIUM,2024-12-13T12:25:32,2024-12-13T12:28:43.330346,2024-12-13T13:44:37.223513,CLOSED,,5G-AMF-NODE-02,False
ALT-CSE-03-00016,CSE-03,MEDIUM,2024-10-17T03:15:49,2024-10-17T03:22:40.530663,2024-10-17T04:06:07.626199,CLOSED,,5G-CORE-UPF-01,False
ALT-CSE-03-00017,CSE-03,MEDIUM,2024-12-05T09:51:12,2024-12-05T09:58:32.183025,2024-12-05T11:12:38.446317,CLOSED,,EDGE-GATEWAY-12,False
ALT-CSE-03-00018,CSE-03,MEDIUM,2024-10-13T22:06:51,2024-10-13T22:13:18.356122,2024-10-13T22:38:15.404730,CLOSED,,TELCO-AAA-SRV,False
ALT-CSE-03-00019,CSE-03,MEDIUM,2024-12-04T19:39:18,2024-12-04T19:46:01.990938,2024-12-04T20:27:21.790843,CLOSED,,EDGE-GATEWAY-12,False
ALT-CSE-03-00020,CSE-03,CRITICAL,2024-11-22T23:44:10,2024-11-22T23:49:54.562104,2024-11-23T01:05:31.645031,CLOSED,CAS-CSE-03-0005,TELCO-AAA-SRV,False
ALT-CSE-03-00021,CSE-03,MEDIUM,2024-11-30T13:19:54,2024-11-30T13:22:05.542672,2024-11-30T14:42:11.917296,CLOSED,,TELCO-AAA-SRV,False
ALT-CSE-03-00022,CSE-03,MEDIUM,2024-10-31T03:59:32,2024-10-31T04:03:57.655173,2024-10-31T04:53:14.107318,CLOSED,,TELCO-AAA-SRV,False
ALT-CSE-03-00023,CSE-03,MEDIUM,2024-10-30T23:06:28,2024-10-30T23:13:58.159840,2024-10-30T23:48:40.537373,CLOSED,,5G-CORE-UPF-01,False
ALT-CSE-03-00024,CSE-03,MEDIUM,2024-11-24T20:42:09,2024-11-24T20:49:13.215636,2024-11-24T21:23:43.193317,CLOSED,,TELCO-AAA-SRV,False
ALT-CSE-03-00025,CSE-03,MEDIUM,2024-12-25T07:44:38,2024-12-25T07:52:05.492713,2024-12-25T08:34:12.737297,CLOSED,,5G-CORE-UPF-01,False
ALT-CSE-03-00026,CSE-03,MEDIUM,2024-11-02T13:30:57,2024-11-02T13:37:35.055068,2024-11-02T14:19:19.852995,CLOSED,,TELCO-AAA-SRV,False
ALT-CSE-03-00027,CSE-03,HIGH,2024-11-16T06:50:51,2024-11-16T06:59:11.523316,2024-11-16T07:41:35.111874,CLOSED,,5G-AMF-NODE-02,False
ALT-CSE-03-00028,CSE-03,HIGH,2024-12-28T15:41:07,2024-12-28T15:49:20.469471,2024-12-28T16:29:07.401592,CLOSED,,5G-AMF-NODE-02,False
ALT-CSE-03-00029,CSE-03,MEDIUM,2024-12-01T08:41:01,2024-12-01T08:50:34.830027,2024-12-01T09:50:29.872220,CLOSED,,TELCO-AAA-SRV,False
ALT-CSE-03-00030,CSE-03,LOW,2024-12-19T14:49:34,2024-12-19T14:57:18.454673,2024-12-19T15:58:42.294726,CLOSED,,TELCO-AAA-SRV,False
ALT-CSE-03-00031,CSE-03,LOW,2024-12-10T15:33:37,2024-12-10T15:41:04.371443,2024-12-10T16:29:19.831981,CLOSED,,5G-AMF-NODE-02,False
ALT-CSE-03-00032,CSE-03,LOW,2024-12-06T00:22:06,2024-12-06T00:26:01.662415,2024-12-06T01:27:11.510759,CLOSED,,TELCO-AAA-SRV,False
ALT-CSE-03-00033,CSE-03,MEDIUM,2024-10-11T05:29:43,2024-10-11T05:32:05.066968,2024-10-11T06:05:13.429340,CLOSED,,CARRIER-ROUTER-99,False
ALT-CSE-03-00034,CSE-03,MEDIUM,2024-12-12T04:49:16,2024-12-12T04:54:21.440876,2024-12-12T05:49:20.592694,CLOSED,,TELCO-AAA-SRV,False
ALT-CSE-03-00035,CSE-03,LOW,2024-11-08T10:24:37,2024-11-08T10:27:58.027058,2024-11-08T11:39:22.393155,CLOSED,,TELCO-AAA-SRV,False
ALT-CSE-03-00036,CSE-03,LOW,2024-12-12T10:47:41,2024-12-12T10:53:50.577652,2024-12-12T11:46:22.865907,CLOSED,,TELCO-AAA-SRV,False
ALT-CSE-03-00037,CSE-03,LOW,2024-11-29T19:33:22,2024-11-29T19:43:06.145156,2024-11-29T20:18:19.069167,CLOSED,,CARRIER-ROUTER-99,False
ALT-CSE-03-00038,CSE-03,MEDIUM,2024-10-25T17:46:38,2024-10-25T17:55:44.957021,2024-10-25T18:58:05.908088,CLOSED,,EDGE-GATEWAY-12,False
ALT-CSE-03-00039,CSE-03,MEDIUM,2024-11-20T12:01:02,2024-11-20T12:10:41.396667,2024-11-20T13:05:13.224458,CLOSED,,CARRIER-ROUTER-99,False
ALT-CSE-03-00040,CSE-03,MEDIUM,2024-10-09T09:58:24,2024-10-09T10:02:14.183003,2024-10-09T10:44:52.995744,CLOSED,,5G-CORE-UPF-01,False
ALT-CSE-03-00041,CSE-03,LOW,2024-11-22T10:49:57,2024-11-22T10:53:46.371899,2024-11-22T11:56:01.054025,CLOSED,,5G-CORE-UPF-01,False
ALT-CSE-03-00042,CSE-03,MEDIUM,2024-11-22T20:40:23,2024-11-22T20:42:36.276467,2024-11-22T21:32:06.638695,CLOSED,,5G-AMF-NODE-02,False
ALT-CSE-03-00043,CSE-03,HIGH,2024-11-10T20:36:01,2024-11-10T20:42:42.096156,2024-11-10T21:50:15.853195,CLOSED,,5G-AMF-NODE-02,False
ALT-CSE-03-00044,CSE-03,MEDIUM,2024-11-17T22:43:06,2024-11-17T22:49:55.184550,2024-11-17T23:56:16.662514,CLOSED,,EDGE-GATEWAY-12,False
ALT-CSE-03-00045,CSE-03,MEDIUM,2024-10-01T05:29:44,2024-10-01T05:32:27.708294,2024-10-01T06:36:46.380278,CLOSED,,5G-AMF-NODE-02,False
ALT-CSE-03-00046,CSE-03,HIGH,2024-12-17T15:39:56,2024-12-17T15:42:09.345421,2024-12-17T16:31:08.333961,CLOSED,CAS-CSE-03-0006,5G-CORE-UPF-01,False
ALT-CSE-03-00047,CSE-03,CRITICAL,2024-10-15T21:11:26,2024-10-15T21:15:21.420931,2024-10-15T21:46:54.040363,CLOSED,CAS-CSE-03-0007,5G-AMF-NODE-02,True
ALT-CSE-03-00048,CSE-03,LOW,2024-11-08T08:21:55,2024-11-08T08:29:00.836672,2024-11-08T09:29:37.919833,CLOSED,,5G-CORE-UPF-01,False
ALT-CSE-03-00049,CSE-03,HIGH,2024-10-01T11:20:58,2024-10-01T11:27:42.950596,2024-10-01T12:00:43.529415,CLOSED,,5G-CORE-UPF-01,False
ALT-CSE-03-00050,CSE-03,HIGH,2024-10-12T20:43:50,2024-10-12T20:50:13.646786,2024-10-12T22:04:09.959586,CLOSED,,5G-CORE-UPF-01,False
ALT-CSE-03-00051,CSE-03,LOW,2024-10-18T18:15:48,2024-10-18T18:22:46.764068,2024-10-18T19:19:02.504147,CLOSED,,5G-AMF-NODE-02,False
ALT-CSE-03-00052,CSE-03,CRITICAL,2024-12-15T01:52:50,2024-12-15T01:58:29.119752,2024-12-15T02:57:47.492943,CLOSED,CAS-CSE-03-0008,5G-CORE-UPF-01,False
ALT-CSE-03-00053,CSE-03,CRITICAL,2024-10-01T13:17:21,2024-10-01T13:24:52.325505,2024-10-01T14:23:26.322472,CLOSED,CAS-CSE-03-0009,TELCO-AAA-SRV,False
ALT-CSE-03-00054,CSE-03,MEDIUM,2024-11-03T06:40:26,2024-11-03T06:49:10.589708,2024-11-03T07:59:01.796841,CLOSED,,5G-AMF-NODE-02,False
ALT-CSE-03-00055,CSE-03,LOW,2024-12-22T12:29:39,2024-12-22T12:34:07.275567,2024-12-22T13:12:45.911333,CLOSED,,5G-AMF-NODE-02,False
ALT-CSE-03-00056,CSE-03,LOW,2024-11-19T13:06:55,2024-11-19T13:16:11.641894,2024-11-19T14:03:22.166393,CLOSED,,CARRIER-ROUTER-99,False
ALT-CSE-03-00057,CSE-03,LOW,2024-10-31T08:26:54,2024-10-31T08:31:10.645538,2024-10-31T09:24:00.283026,CLOSED,,TELCO-AAA-SRV,False
ALT-CSE-03-00058,CSE-03,MEDIUM,2024-10-12T00:37:45,2024-10-12T00:43:28.294133,2024-10-12T01:42:11.975189,CLOSED,,EDGE-GATEWAY-12,False
ALT-CSE-03-00059,CSE-03,MEDIUM,2024-10-13T22:47:05,2024-10-13T22:52:56.663695,2024-10-13T23:46:24.027678,CLOSED,,5G-AMF-NODE-02,False
ALT-CSE-03-00060,CSE-03,LOW,2024-12-21T22:07:03,2024-12-21T22:11:05.167475,2024-12-21T22:39:36.737206,CLOSED,,5G-AMF-NODE-02,False
ALT-CSE-03-00061,CSE-03,MEDIUM,2024-12-11T03:29:30,2024-12-11T03:37:15.116735,2024-12-11T04:00:01.911920,CLOSED,,EDGE-GATEWAY-12,False
ALT-CSE-03-00062,CSE-03,LOW,2024-10-20T14:56:23,2024-10-20T15:00:38.855466,2024-10-20T16:05:37.208135,CLOSED,,5G-CORE-UPF-01,False
ALT-CSE-03-00063,CSE-03,HIGH,2024-10-20T21:26:25,2024-10-20T21:29:45.510996,2024-10-20T22:17:20.450481,CLOSED,,5G-CORE-UPF-01,False
ALT-CSE-03-00064,CSE-03,MEDIUM,2024-11-28T06:48:30,2024-11-28T06:57:27.808620,2024-11-28T07:30:18.493403,CLOSED,,CARRIER-ROUTER-99,False
ALT-CSE-03-00065,CSE-03,MEDIUM,2024-11-23T01:10:05,2024-11-23T01:13:57.049425,2024-11-23T02:17:39.695571,CLOSED,,CARRIER-ROUTER-99,False
ALT-CSE-03-00066,CSE-03,HIGH,2024-11-13T18:35:56,2024-11-13T18:41:00.502600,2024-11-13T19:25:47.121655,CLOSED,,5G-CORE-UPF-01,False
ALT-CSE-03-00067,CSE-03,LOW,2024-10-09T13:39:20,2024-10-09T13:43:05.716429,2024-10-09T14:14:45.802955,CLOSED,,TELCO-AAA-SRV,False
ALT-CSE-03-00068,CSE-03,MEDIUM,2024-12-10T10:38:46,2024-12-10T10:43:05.264033,2024-12-10T11:37:52.136119,CLOSED,,5G-AMF-NODE-02,False
ALT-CSE-03-00069,CSE-03,HIGH,2024-11-07T12:05:50,2024-11-07T12:11:47.171570,2024-11-07T12:37:17.688648,CLOSED,,5G-CORE-UPF-01,False
ALT-CSE-03-00070,CSE-03,MEDIUM,2024-11-19T01:59:08,2024-11-19T02:02:01.192017,2024-11-19T03:13:18.575596,CLOSED,,TELCO-AAA-SRV,False
ALT-CSE-03-00071,CSE-03,LOW,2024-12-12T00:54:58,2024-12-12T01:01:15.768449,2024-12-12T02:05:29.621086,CLOSED,,EDGE-GATEWAY-12,False
ALT-CSE-03-00072,CSE-03,CRITICAL,2024-11-01T01:19:28,2024-11-01T01:22:14.008329,2024-11-01T01:59:51.046724,CLOSED,CAS-CSE-03-0010,TELCO-AAA-SRV,False
ALT-CSE-03-00073,CSE-03,MEDIUM,2024-12-15T16:51:52,2024-12-15T16:53:59.555419,2024-12-15T17:31:16.684356,CLOSED,,EDGE-GATEWAY-12,False
ALT-CSE-03-00074,CSE-03,MEDIUM,2024-10-09T02:57:49,2024-10-09T03:03:40.997174,2024-10-09T04:12:11.835210,CLOSED,,CARRIER-ROUTER-99,False
ALT-CSE-03-00075,CSE-03,HIGH,2024-12-23T05:15:27,2024-12-23T05:17:38.114857,2024-12-23T06:37:26.898644,CLOSED,CAS-CSE-03-0011,EDGE-GATEWAY-12,False
ALT-CSE-03-00076,CSE-03,MEDIUM,2024-12-15T15:54:55,2024-12-15T15:57:30.644748,2024-12-15T17:01:28.653183,CLOSED,,5G-CORE-UPF-01,False
ALT-CSE-03-00077,CSE-03,MEDIUM,2024-12-17T05:20:09,2024-12-17T05:24:42.469874,2024-12-17T06:19:10.138565,CLOSED,,EDGE-GATEWAY-12,False
ALT-CSE-03-00078,CSE-03,HIGH,2024-11-23T04:20:47,2024-11-23T04:25:06.782434,2024-11-23T05:41:52.986639,CLOSED,,5G-AMF-NODE-02,False
ALT-CSE-03-00079,CSE-03,LOW,2024-11-18T22:53:20,2024-11-18T22:57:20.241611,2024-11-18T23:48:11.878018,CLOSED,,TELCO-AAA-SRV,False
ALT-CSE-03-00080,CSE-03,CRITICAL,2024-10-01T16:09:54,2024-10-01T16:16:22.383614,2024-10-01T17:19:50.054295,CLOSED,,TELCO-AAA-SRV,False
ALT-CSE-03-00081,CSE-03,MEDIUM,2024-12-04T01:37:49,2024-12-04T01:42:10.175385,2024-12-04T02:10:02.113793,CLOSED,,EDGE-GATEWAY-12,False
ALT-CSE-03-00082,CSE-03,HIGH,2024-11-01T19:32:01,2024-11-01T19:39:45.585362,2024-11-01T20:02:26.669062,CLOSED,,5G-AMF-NODE-02,False
ALT-CSE-03-00083,CSE-03,MEDIUM,2024-11-14T03:12:25,2024-11-14T03:19:32.795624,2024-11-14T04:36:25.272885,CLOSED,,5G-AMF-NODE-02,False
ALT-CSE-03-00084,CSE-03,LOW,2024-10-14T08:30:14,2024-10-14T08:36:37.278993,2024-10-14T09:31:17.535891,CLOSED,,5G-CORE-UPF-01,False
ALT-CSE-03-00085,CSE-03,LOW,2024-11-23T02:56:12,2024-11-23T03:05:27.731976,2024-11-23T03:33:22.439106,CLOSED,,CARRIER-ROUTER-99,False
ALT-CSE-03-00086,CSE-03,CRITICAL,2024-12-12T22:54:14,2024-12-12T22:57:29.672065,2024-12-13T00:09:41.176225,CLOSED,CAS-CSE-03-0012,TELCO-AAA-SRV,False
ALT-CSE-03-00087,CSE-03,MEDIUM,2024-10-08T02:05:34,2024-10-08T02:14:39.181576,2024-10-08T03:08:22.575130,CLOSED,,CARRIER-ROUTER-99,False
ALT-CSE-03-00088,CSE-03,CRITICAL,2024-10-30T09:41:20,2024-10-30T09:43:39.899557,2024-10-30T10:28:38.833737,CLOSED,CAS-CSE-03-0013,CARRIER-ROUTER-99,False
ALT-CSE-03-00089,CSE-03,LOW,2024-11-16T01:56:29,2024-11-16T02:04:53.946565,2024-11-16T03:06:01.750247,CLOSED,,TELCO-AAA-SRV,False
ALT-CSE-03-00090,CSE-03,CRITICAL,2024-11-08T03:28:11,2024-11-08T03:32:21.327930,2024-11-08T04:17:31.424270,CLOSED,,TELCO-AAA-SRV,False
ALT-CSE-03-00091,CSE-03,MEDIUM,2024-12-28T13:57:03,2024-12-28T14:03:07.903259,2024-12-28T14:49:21.278620,CLOSED,,5G-AMF-NODE-02,False
ALT-CSE-03-00092,CSE-03,MEDIUM,2024-10-09T16:42:04,2024-10-09T16:45:22.493251,2024-10-09T18:04:36.577732,CLOSED,,CARRIER-ROUTER-99,False
ALT-CSE-03-00093,CSE-03,LOW,2024-11-13T11:31:18,2024-11-13T11:39:12.372524,2024-11-13T12:34:31.744387,CLOSED,,CARRIER-ROUTER-99,False
ALT-CSE-03-00094,CSE-03,MEDIUM,2024-11-22T17:20:21,2024-11-22T17:27:49.675196,2024-11-22T18:42:03.111082,CLOSED,,EDGE-GATEWAY-12,False
ALT-CSE-03-00095,CSE-03,LOW,2024-11-20T14:31:13,2024-11-20T14:34:10.825761,2024-11-20T15:04:39.054679,CLOSED,,5G-CORE-UPF-01,False
ALT-CSE-03-00096,CSE-03,CRITICAL,2024-12-13T02:45:55,2024-12-13T02:55:30.438818,2024-12-13T03:31:00.436608,CLOSED,,TELCO-AAA-SRV,False
ALT-CSE-03-00097,CSE-03,MEDIUM,2024-12-07T11:56:22,2024-12-07T12:01:35.016211,2024-12-07T12:50:30.627784,CLOSED,,5G-CORE-UPF-01,False
ALT-CSE-03-00098,CSE-03,MEDIUM,2024-11-02T20:21:40,2024-11-02T20:24:42.038226,2024-11-02T21:22:42.831337,CLOSED,,5G-CORE-UPF-01,False
ALT-CSE-03-00099,CSE-03,CRITICAL,2024-10-04T18:54:04,2024-10-04T19:00:36.757258,2024-10-04T20:07:31.488541,CLOSED,CAS-CSE-03-0014,TELCO-AAA-SRV,False
ALT-CSE-03-00100,CSE-03,LOW,2024-11-15T07:29:33,2024-11-15T07:37:37.023545,2024-11-15T08:01:45.402439,CLOSED,,5G-AMF-NODE-02,False
ALT-CSE-03-00101,CSE-03,MEDIUM,2024-11-23T21:31:14,2024-11-23T21:33:16.014286,2024-11-23T22:39:57.096353,CLOSED,,CARRIER-ROUTER-99,False
ALT-CSE-03-00102,CSE-03,LOW,2024-10-30T15:28:44,2024-10-30T15:34:21.015759,2024-10-30T16:46:48.119549,CLOSED,,TELCO-AAA-SRV,False
ALT-CSE-03-00103,CSE-03,MEDIUM,2024-10-14T04:52:03,2024-10-14T04:56:37.845750,2024-10-14T05:32:28.668579,CLOSED,,5G-AMF-NODE-02,False
ALT-CSE-03-00104,CSE-03,CRITICAL,2024-12-29T01:42:40,2024-12-29T01:47:29.590385,2024-12-29T02:45:00.584957,CLOSED,CAS-CSE-03-0015,EDGE-GATEWAY-12,False
ALT-CSE-03-00105,CSE-03,MEDIUM,2024-12-16T02:28:48,2024-12-16T02:32:41.145802,2024-12-16T03:37:46.886772,CLOSED,,TELCO-AAA-SRV,False
ALT-CSE-03-00106,CSE-03,HIGH,2024-11-14T12:34:04,2024-11-14T12:43:43.512047,2024-11-14T13:38:08.017219,CLOSED,,5G-AMF-NODE-02,False
ALT-CSE-03-00107,CSE-03,HIGH,2024-12-10T08:47:52,2024-12-10T08:52:34.936136,2024-12-10T09:43:51.572664,CLOSED,,5G-CORE-UPF-01,False
ALT-CSE-03-00108,CSE-03,HIGH,2024-12-27T11:48:43,2024-12-27T11:52:45.369310,2024-12-27T13:07:54.123386,CLOSED,,EDGE-GATEWAY-12,False
ALT-CSE-03-00109,CSE-03,MEDIUM,2024-12-04T15:50:30,2024-12-04T15:55:53.370234,2024-12-04T16:59:45.762422,CLOSED,,EDGE-GATEWAY-12,False
ALT-CSE-03-00110,CSE-03,HIGH,2024-11-07T07:04:27,2024-11-07T07:08:44.367270,2024-11-07T07:50:10.792306,CLOSED,CAS-CSE-03-0016,EDGE-GATEWAY-12,False
ALT-CSE-03-00111,CSE-03,HIGH,2024-12-10T04:19:51,2024-12-10T04:27:55.221959,2024-12-10T05:33:38.012436,CLOSED,,5G-AMF-NODE-02,False
ALT-CSE-03-00112,CSE-03,MEDIUM,2024-11-23T16:45:18,2024-11-23T16:53:09.860503,2024-11-23T17:38:11.816222,CLOSED,,TELCO-AAA-SRV,False
ALT-CSE-03-00113,CSE-03,MEDIUM,2024-12-16T14:34:57,2024-12-16T14:44:43.183205,2024-12-16T15:30:58.959817,CLOSED,,CARRIER-ROUTER-99,False
ALT-CSE-03-00114,CSE-03,LOW,2024-12-24T03:08:23,2024-12-24T03:12:11.358890,2024-12-24T03:51:17.425227,CLOSED,,CARRIER-ROUTER-99,False
ALT-CSE-03-00115,CSE-03,LOW,2024-11-07T21:45:56,2024-11-07T21:52:58.768984,2024-11-07T22:19:02.518996,CLOSED,,5G-CORE-UPF-01,False
ALT-CSE-03-00116,CSE-03,MEDIUM,2024-10-19T21:03:31,2024-10-19T21:07:29.004745,2024-10-19T22:16:23.496638,CLOSED,,5G-CORE-UPF-01,False
ALT-CSE-03-00117,CSE-03,HIGH,2024-12-25T04:47:13,2024-12-25T04:50:16.932423,2024-12-25T05:37:48.516903,CLOSED,,CARRIER-ROUTER-99,False
ALT-CSE-03-00118,CSE-03,LOW,2024-11-03T08:06:24,2024-11-03T08:09:48.985281,2024-11-03T09:24:27.099911,CLOSED,,5G-AMF-NODE-02,False
ALT-CSE-03-00119,CSE-03,MEDIUM,2024-12-17T15:27:41,2024-12-17T15:36:37.996307,2024-12-17T16:28:17.795711,CLOSED,,5G-AMF-NODE-02,False
ALT-CSE-03-00120,CSE-03,LOW,2024-10-19T22:17:08,2024-10-19T22:22:02.929811,2024-10-19T22:48:54.109932,CLOSED,,CARRIER-ROUTER-99,False
ALT-CSE-03-00121,CSE-03,HIGH,2024-11-05T06:00:50,2024-11-05T06:09:13.622056,2024-11-05T06:37:16.737995,CLOSED,,CARRIER-ROUTER-99,False
ALT-CSE-03-00122,CSE-03,HIGH,2024-12-24T14:11:22,2024-12-24T14:15:41.435436,2024-12-24T14:49:28.083970,CLOSED,CAS-CSE-03-0017,EDGE-GATEWAY-12,False
ALT-CSE-03-00123,CSE-03,HIGH,2024-11-25T02:40:17,2024-11-25T02:44:56.575917,2024-11-25T03:45:34.098549,CLOSED,,5G-CORE-UPF-01,False
ALT-CSE-03-00124,CSE-03,MEDIUM,2024-11-21T14:26:05,2024-11-21T14:33:49.924574,2024-11-21T15:05:57.785033,CLOSED,,CARRIER-ROUTER-99,False
ALT-CSE-03-00125,CSE-03,MEDIUM,2024-11-19T02:17:23,2024-11-19T02:20:15.637114,2024-11-19T03:07:34.388697,CLOSED,,5G-AMF-NODE-02,False
ALT-CSE-03-00126,CSE-03,MEDIUM,2024-10-12T22:38:56,2024-10-12T22:48:45.777196,2024-10-12T23:31:21.972390,CLOSED,,TELCO-AAA-SRV,False
ALT-CSE-03-00127,CSE-03,MEDIUM,2024-10-17T20:36:16,2024-10-17T20:45:28.996219,2024-10-17T21:42:36.070855,CLOSED,,CARRIER-ROUTER-99,False
ALT-CSE-03-00128,CSE-03,HIGH,2024-11-27T21:19:15,2024-11-27T21:28:16.652264,2024-11-27T22:43:44.300738,CLOSED,,TELCO-AAA-SRV,False
ALT-CSE-03-00129,CSE-03,MEDIUM,2024-11-01T09:07:50,2024-11-01T09:11:32.915683,2024-11-01T10:27:44.469425,CLOSED,,EDGE-GATEWAY-12,False
ALT-CSE-03-00130,CSE-03,MEDIUM,2024-11-18T03:23:47,2024-11-18T03:28:46.835451,2024-11-18T04:29:15.985985,CLOSED,,5G-CORE-UPF-01,False
ALT-CSE-03-00131,CSE-03,MEDIUM,2024-12-22T22:07:14,2024-12-22T22:09:15.008049,2024-12-22T23:02:47.568471,CLOSED,,5G-CORE-UPF-01,False
ALT-CSE-03-00132,CSE-03,HIGH,2024-12-03T04:44:24,2024-12-03T04:47:00.141314,2024-12-03T05:43:29.806390,CLOSED,,TELCO-AAA-SRV,False
ALT-CSE-03-00133,CSE-03,LOW,2024-10-18T05:25:24,2024-10-18T05:34:44.352644,2024-10-18T06:44:46.359912,CLOSED,,5G-CORE-UPF-01,False
ALT-CSE-03-00134,CSE-03,HIGH,2024-11-15T04:46:52,2024-11-15T04:55:22.128173,2024-11-15T05:47:32.426898,CLOSED,,5G-AMF-NODE-02,False
ALT-CSE-03-00135,CSE-03,LOW,2024-10-03T11:54:40,2024-10-03T12:02:27.624686,2024-10-03T12:29:42.907243,CLOSED,,CARRIER-ROUTER-99,False
ALT-CSE-03-00136,CSE-03,MEDIUM,2024-10-30T02:43:28,2024-10-30T02:52:41.962740,2024-10-30T03:26:35.419458,CLOSED,,TELCO-AAA-SRV,False
ALT-CSE-03-00137,CSE-03,MEDIUM,2024-12-06T01:48:24,2024-12-06T01:57:00.428268,2024-12-06T02:39:30.961418,CLOSED,,5G-AMF-NODE-02,False
ALT-CSE-03-00138,CSE-03,HIGH,2024-12-12T07:27:23,2024-12-12T07:29:45.774000,2024-12-12T08:42:22.301213,CLOSED,CAS-CSE-03-0018,5G-CORE-UPF-01,False
ALT-CSE-03-00139,CSE-03,MEDIUM,2024-12-11T11:53:34,2024-12-11T12:01:30.854078,2024-12-11T12:44:58.546353,CLOSED,,5G-CORE-UPF-01,False
ALT-CSE-03-00140,CSE-03,MEDIUM,2024-12-23T23:24:25,2024-12-23T23:31:10.567812,2024-12-24T00:17:08.627148,CLOSED,,TELCO-AAA-SRV,False
ALT-CSE-03-00141,CSE-03,LOW,2024-11-28T22:43:45,2024-11-28T22:46:34.171128,2024-11-28T23:58:24.767388,CLOSED,,5G-CORE-UPF-01,False
ALT-CSE-03-00142,CSE-03,MEDIUM,2024-11-17T16:18:35,2024-11-17T16:25:21.906217,2024-11-17T17:27:05.176658,CLOSED,,5G-CORE-UPF-01,False
ALT-CSE-03-00143,CSE-03,MEDIUM,2024-10-01T20:51:53,2024-10-01T20:57:16.875505,2024-10-01T22:08:36.364158,CLOSED,,CARRIER-ROUTER-99,False
ALT-CSE-03-00144,CSE-03,MEDIUM,2024-11-03T23:33:01,2024-11-03T23:39:40.027990,2024-11-04T00:08:38.838316,CLOSED,,5G-AMF-NODE-02,False
ALT-CSE-03-00145,CSE-03,HIGH,2024-10-14T11:24:41,2024-10-14T11:32:30.030656,2024-10-14T12:05:11.335701,CLOSED,,5G-CORE-UPF-01,False
ALT-CSE-03-00146,CSE-03,LOW,2024-12-13T22:30:59,2024-12-13T22:33:24.297545,2024-12-13T23:51:03.202780,CLOSED,,TELCO-AAA-SRV,False
ALT-CSE-03-00147,CSE-03,HIGH,2024-12-18T18:35:41,2024-12-18T18:42:39.072331,2024-12-18T19:28:32.559023,CLOSED,,EDGE-GATEWAY-12,False
ALT-CSE-03-00148,CSE-03,LOW,2024-12-02T00:40:44,2024-12-02T00:43:48.158844,2024-12-02T02:01:38.160644,CLOSED,,5G-CORE-UPF-01,False
ALT-CSE-03-00149,CSE-03,MEDIUM,2024-12-26T06:30:15,2024-12-26T06:32:53.375213,2024-12-26T07:41:21.858380,CLOSED,,EDGE-GATEWAY-12,False
ALT-CSE-03-00150,CSE-03,MEDIUM,2024-10-14T16:34:36,2024-10-14T16:39:34.524317,2024-10-14T17:51:22.540977,CLOSED,,EDGE-GATEWAY-12,False
ALT-CSE-03-00151,CSE-03,MEDIUM,2024-11-06T23:09:27,2024-11-06T23:16:23.585514,2024-11-07T00:24:14.566124,CLOSED,,TELCO-AAA-SRV,False
ALT-CSE-03-00152,CSE-03,MEDIUM,2024-10-26T08:47:59,2024-10-26T08:51:17.684801,2024-10-26T10:09:12.736104,CLOSED,,5G-CORE-UPF-01,False
ALT-CSE-03-00153,CSE-03,HIGH,2024-10-28T00:24:12,2024-10-28T00:32:54.310854,2024-10-28T01:01:42.169325,CLOSED,,TELCO-AAA-SRV,False
ALT-CSE-03-00154,CSE-03,HIGH,2024-11-17T09:54:32,2024-11-17T09:57:53.398353,2024-11-17T11:03:20.336707,CLOSED,,TELCO-AAA-SRV,False
ALT-CSE-03-00155,CSE-03,CRITICAL,2024-11-04T08:47:52,2024-11-04T08:54:29.831315,2024-11-04T09:27:11.868750,CLOSED,,CARRIER-ROUTER-99,False
ALT-CSE-03-00156,CSE-03,MEDIUM,2024-12-08T19:21:43,2024-12-08T19:30:39.227371,2024-12-08T20:06:44.759847,CLOSED,,CARRIER-ROUTER-99,False
ALT-CSE-03-00157,CSE-03,MEDIUM,2024-12-07T17:21:38,2024-12-07T17:27:07.672074,2024-12-07T18:40:52.790646,CLOSED,,TELCO-AAA-SRV,False
ALT-CSE-03-00158,CSE-03,MEDIUM,2024-11-29T02:37:00,2024-11-29T02:43:01.844649,2024-11-29T03:39:37.010211,CLOSED,,5G-CORE-UPF-01,False
ALT-CSE-03-00159,CSE-03,HIGH,2024-11-18T10:33:01,2024-11-18T10:38:50.373015,2024-11-18T11:28:49.455316,CLOSED,,EDGE-GATEWAY-12,False
ALT-CSE-03-00160,CSE-03,LOW,2024-10-21T06:56:53,2024-10-21T07:02:00.177289,2024-10-21T07:50:47.009992,CLOSED,,TELCO-AAA-SRV,False
ALT-CSE-03-00161,CSE-03,HIGH,2024-11-30T18:04:02,2024-11-30T18:06:49.858402,2024-11-30T18:54:19.606987,CLOSED,,CARRIER-ROUTER-99,False
ALT-CSE-03-00162,CSE-03,MEDIUM,2024-11-21T23:46:17,2024-11-21T23:49:06.620900,2024-11-22T00:16:31.658271,CLOSED,,CARRIER-ROUTER-99,False
ALT-CSE-03-00163,CSE-03,LOW,2024-10-23T07:40:18,2024-10-23T07:46:51.504253,2024-10-23T09:03:56.294463,CLOSED,,CARRIER-ROUTER-99,False
ALT-CSE-03-00164,CSE-03,LOW,2024-11-12T02:28:45,2024-11-12T02:36:41.195812,2024-11-12T03:46:51.089772,CLOSED,,EDGE-GATEWAY-12,False
ALT-CSE-03-00165,CSE-03,MEDIUM,2024-11-23T13:10:41,2024-11-23T13:17:44.683222,2024-11-23T14:14:43.608340,CLOSED,,TELCO-AAA-SRV,False
ALT-CSE-03-00166,CSE-03,MEDIUM,2024-10-02T11:08:06,2024-10-02T11:16:56.205444,2024-10-02T12:01:09.174507,CLOSED,,CARRIER-ROUTER-99,False
ALT-CSE-03-00167,CSE-03,HIGH,2024-11-15T10:31:33,2024-11-15T10:40:48.456830,2024-11-15T11:23:09.226144,CLOSED,,CARRIER-ROUTER-99,False
ALT-CSE-03-00168,CSE-03,LOW,2024-12-17T09:36:25,2024-12-17T09:39:47.278300,2024-12-17T10:09:32.903516,CLOSED,,EDGE-GATEWAY-12,False
ALT-CSE-03-00169,CSE-03,HIGH,2024-11-07T19:24:50,2024-11-07T19:28:09.293404,2024-11-07T20:02:21.367252,CLOSED,,CARRIER-ROUTER-99,False
ALT-CSE-03-00170,CSE-03,LOW,2024-11-21T02:35:37,2024-11-21T02:37:48.202904,2024-11-21T03:48:47.681099,CLOSED,,CARRIER-ROUTER-99,False
ALT-CSE-03-00171,CSE-03,HIGH,2024-10-29T11:39:31,2024-10-29T11:42:00.224944,2024-10-29T12:28:42.831587,CLOSED,,5G-AMF-NODE-02,False
ALT-CSE-03-00172,CSE-03,HIGH,2024-11-06T06:19:13,2024-11-06T06:23:08.393307,2024-11-06T06:57:52.675985,CLOSED,,5G-AMF-NODE-02,False
ALT-CSE-03-00173,CSE-03,MEDIUM,2024-11-13T23:55:54,2024-11-14T00:04:00.616765,2024-11-14T01:17:53.204947,CLOSED,,CARRIER-ROUTER-99,False
ALT-CSE-03-00174,CSE-03,CRITICAL,2024-11-13T10:11:47,2024-11-13T10:19:33.913230,2024-11-13T11:04:44.275853,CLOSED,CAS-CSE-03-0019,TELCO-AAA-SRV,False
ALT-CSE-03-00175,CSE-03,LOW,2024-11-17T04:05:27,2024-11-17T04:14:27.232061,2024-11-17T04:49:18.623926,CLOSED,,CARRIER-ROUTER-99,False
ALT-CSE-03-00176,CSE-03,MEDIUM,2024-12-12T19:25:18,2024-12-12T19:28:32.260663,2024-12-12T19:59:28.960155,CLOSED,,5G-AMF-NODE-02,False
ALT-CSE-03-00177,CSE-03,LOW,2024-12-19T09:32:20,2024-12-19T09:40:17.345749,2024-12-19T10:47:57.184208,CLOSED,,TELCO-AAA-SRV,False
ALT-CSE-03-00178,CSE-03,MEDIUM,2024-11-27T12:48:09,2024-11-27T12:56:54.936966,2024-11-27T13:20:58.548965,CLOSED,,TELCO-AAA-SRV,False
ALT-CSE-03-00179,CSE-03,LOW,2024-12-15T00:53:25,2024-12-15T00:56:46.550769,2024-12-15T01:32:05.734895,CLOSED,,TELCO-AAA-SRV,False
ALT-CSE-03-00180,CSE-03,MEDIUM,2024-12-01T14:34:35,2024-12-01T14:43:50.733860,2024-12-01T15:38:44.846375,CLOSED,,EDGE-GATEWAY-12,False
ALT-CSE-03-00181,CSE-03,MEDIUM,2024-12-22T06:49:49,2024-12-22T06:59:45.191326,2024-12-22T07:37:50.592568,CLOSED,,5G-AMF-NODE-02,False
ALT-CSE-03-00182,CSE-03,HIGH,2024-11-30T14:25:43,2024-11-30T14:30:53.756078,2024-11-30T15:09:43.824352,CLOSED,,EDGE-GATEWAY-12,False
ALT-CSE-03-00183,CSE-03,MEDIUM,2024-10-14T19:22:16,2024-10-14T19:24:44.905862,2024-10-14T20:04:35.432754,CLOSED,,EDGE-GATEWAY-12,False
ALT-CSE-03-00184,CSE-03,HIGH,2024-10-04T16:39:25,2024-10-04T16:44:55.075191,2024-10-04T17:12:39.204884,CLOSED,,5G-CORE-UPF-01,False
ALT-CSE-03-00185,CSE-03,HIGH,2024-12-09T08:54:09,2024-12-09T08:56:48.431112,2024-12-09T09:31:14.379322,CLOSED,CAS-CSE-03-0020,TELCO-AAA-SRV,False
ALT-CSE-03-00186,CSE-03,LOW,2024-10-22T11:50:37,2024-10-22T11:59:18.835164,2024-10-22T12:50:30.080665,CLOSED,,5G-CORE-UPF-01,False
ALT-CSE-03-00187,CSE-03,MEDIUM,2024-10-20T14:01:59,2024-10-20T14:09:23.343167,2024-10-20T15:05:26.296961,CLOSED,,TELCO-AAA-SRV,False
ALT-CSE-03-00188,CSE-03,MEDIUM,2024-10-25T01:05:03,2024-10-25T01:09:43.180518,2024-10-25T02:08:52.589141,CLOSED,,TELCO-AAA-SRV,False
ALT-CSE-03-00189,CSE-03,CRITICAL,2024-10-13T16:52:53,2024-10-13T17:00:40.047754,2024-10-13T18:04:00.862398,CLOSED,CAS-CSE-03-0021,5G-AMF-NODE-02,True
ALT-CSE-03-00190,CSE-03,CRITICAL,2024-12-16T18:14:22,2024-12-16T18:18:20.112566,2024-12-16T18:58:51.422334,CLOSED,CAS-CSE-03-0022,TELCO-AAA-SRV,True
ALT-CSE-03-00191,CSE-03,MEDIUM,2024-10-19T08:03:54,2024-10-19T08:09:29.435311,2024-10-19T09:02:34.222080,CLOSED,,TELCO-AAA-SRV,False
ALT-CSE-03-00192,CSE-03,LOW,2024-11-28T13:37:59,2024-11-28T13:47:07.688715,2024-11-28T14:18:21.359671,CLOSED,,5G-AMF-NODE-02,False
ALT-CSE-03-00193,CSE-03,MEDIUM,2024-10-04T23:41:33,2024-10-04T23:45:50.690592,2024-10-05T00:50:42.264699,CLOSED,,EDGE-GATEWAY-12,False
ALT-CSE-03-00194,CSE-03,CRITICAL,2024-10-09T06:07:53,2024-10-09T06:16:19.135194,2024-10-09T07:22:10.819539,CLOSED,CAS-CSE-03-0023,5G-AMF-NODE-02,False
ALT-CSE-03-00195,CSE-03,CRITICAL,2024-12-19T03:33:29,2024-12-19T03:38:28.378240,2024-12-19T04:18:57.525597,CLOSED,CAS-CSE-03-0024,TELCO-AAA-SRV,False
ALT-CSE-03-00196,CSE-03,CRITICAL,2024-10-18T13:08:29,2024-10-18T13:15:53.952104,2024-10-18T14:13:09.521855,CLOSED,,5G-CORE-UPF-01,False
ALT-CSE-03-00197,CSE-03,HIGH,2024-12-28T09:50:16,2024-12-28T09:56:41.596079,2024-12-28T10:22:55.321758,CLOSED,,5G-CORE-UPF-01,False
ALT-CSE-03-00198,CSE-03,CRITICAL,2024-10-24T07:55:43,2024-10-24T08:05:09.303857,2024-10-24T08:52:25.225526,CLOSED,,TELCO-AAA-SRV,False
ALT-CSE-03-00199,CSE-03,MEDIUM,2024-11-14T10:29:01,2024-11-14T10:37:16.898763,2024-11-14T11:24:02.234019,CLOSED,,TELCO-AAA-SRV,False
ALT-CSE-03-00200,CSE-03,HIGH,2024-11-14T06:53:01,2024-11-14T06:58:02.188073,2024-11-14T07:42:39.365648,CLOSED,,EDGE-GATEWAY-12,False
ALT-CSE-03-00201,CSE-03,LOW,2024-10-21T04:44:19,2024-10-21T04:48:19.093169,2024-10-21T06:07:16.036961,CLOSED,,5G-CORE-UPF-01,False
ALT-CSE-03-00202,CSE-03,MEDIUM,2024-12-18T05:56:09,2024-12-18T06:05:02.216299,2024-12-18T06:39:54.390322,CLOSED,,CARRIER-ROUTER-99,False
ALT-CSE-03-00203,CSE-03,LOW,2024-12-10T02:11:17,2024-12-10T02:14:10.298852,2024-12-10T03:30:52.750679,CLOSED,,5G-AMF-NODE-02,False
ALT-CSE-03-00204,CSE-03,MEDIUM,2024-10-20T20:05:50,2024-10-20T20:12:25.615188,2024-10-20T20:56:15.830588,CLOSED,,5G-AMF-NODE-02,False
ALT-CSE-03-00205,CSE-03,LOW,2024-11-22T04:07:50,2024-11-22T04:14:46.769046,2024-11-22T05:19:08.655119,CLOSED,,5G-AMF-NODE-02,False
ALT-CSE-03-00206,CSE-03,MEDIUM,2024-10-19T07:27:06,2024-10-19T07:34:19.344548,2024-10-19T08:45:25.967953,CLOSED,,5G-AMF-NODE-02,False
ALT-CSE-03-00207,CSE-03,MEDIUM,2024-12-12T08:27:29,2024-12-12T08:37:21.030746,2024-12-12T09:14:36.375962,CLOSED,,EDGE-GATEWAY-12,False
ALT-CSE-03-00208,CSE-03,HIGH,2024-12-12T11:57:53,2024-12-12T12:06:10.023630,2024-12-12T12:53:25.883201,CLOSED,CAS-CSE-03-0025,5G-AMF-NODE-02,False
ALT-CSE-03-00209,CSE-03,LOW,2024-11-11T00:41:49,2024-11-11T00:43:55.818756,2024-11-11T01:36:01.054066,CLOSED,,5G-CORE-UPF-01,False
ALT-CSE-03-00210,CSE-03,HIGH,2024-10-12T23:18:02,2024-10-12T23:26:00.248013,2024-10-13T00:04:21.947244,CLOSED,,TELCO-AAA-SRV,False
ALT-CSE-03-00211,CSE-03,MEDIUM,2024-10-11T10:10:21,2024-10-11T10:19:48.621807,2024-10-11T11:30:05.748481,CLOSED,,TELCO-AAA-SRV,False
ALT-CSE-03-00212,CSE-03,LOW,2024-11-24T14:41:23,2024-11-24T14:51:15.353871,2024-11-24T15:51:47.709823,CLOSED,,CARRIER-ROUTER-99,False
ALT-CSE-03-00213,CSE-03,MEDIUM,2024-11-13T23:57:11,2024-11-14T00:04:45.686366,2024-11-14T01:13:07.420584,CLOSED,,EDGE-GATEWAY-12,False
ALT-CSE-03-00214,CSE-03,MEDIUM,2024-10-06T07:04:05,2024-10-06T07:07:28.647147,2024-10-06T07:49:35.182852,CLOSED,,TELCO-AAA-SRV,False
ALT-CSE-03-00215,CSE-03,MEDIUM,2024-12-20T02:30:45,2024-12-20T02:36:34.433201,2024-12-20T03:10:02.286972,CLOSED,,5G-AMF-NODE-02,False
ALT-CSE-03-00216,CSE-03,MEDIUM,2024-10-16T07:25:41,2024-10-16T07:29:30.867107,2024-10-16T08:39:33.102938,CLOSED,,CARRIER-ROUTER-99,False
ALT-CSE-03-00217,CSE-03,MEDIUM,2024-10-21T00:35:09,2024-10-21T00:40:46.896307,2024-10-21T01:47:24.754321,CLOSED,,5G-AMF-NODE-02,False
ALT-CSE-03-00218,CSE-03,MEDIUM,2024-10-18T13:08:49,2024-10-18T13:15:06.766213,2024-10-18T14:08:00.381812,CLOSED,,EDGE-GATEWAY-12,False
ALT-CSE-03-00219,CSE-03,MEDIUM,2024-10-09T05:12:27,2024-10-09T05:19:11.035580,2024-10-09T06:31:25.116981,CLOSED,,EDGE-GATEWAY-12,False
ALT-CSE-03-00220,CSE-03,LOW,2024-10-30T03:24:50,2024-10-30T03:33:28.472643,2024-10-30T04:14:32.180446,CLOSED,,5G-CORE-UPF-01,False
ALT-CSE-03-00221,CSE-03,MEDIUM,2024-12-10T09:54:17,2024-12-10T09:58:57.230477,2024-12-10T10:56:18.845361,CLOSED,,EDGE-GATEWAY-12,False
ALT-CSE-03-00222,CSE-03,HIGH,2024-12-21T04:30:45,2024-12-21T04:39:16.919848,2024-12-21T05:36:52.477427,CLOSED,,CARRIER-ROUTER-99,False
ALT-CSE-03-00223,CSE-03,MEDIUM,2024-12-14T12:18:01,2024-12-14T12:22:35.286256,2024-12-14T13:01:07.246640,CLOSED,,EDGE-GATEWAY-12,False
ALT-CSE-03-00224,CSE-03,CRITICAL,2024-10-26T00:46:54,2024-10-26T00:49:28.824146,2024-10-26T01:37:16.324222,CLOSED,CAS-CSE-03-0026,EDGE-GATEWAY-12,True
ALT-CSE-03-00225,CSE-03,MEDIUM,2024-11-22T06:26:04,2024-11-22T06:30:59.429546,2024-11-22T07:10:07.631387,CLOSED,,5G-CORE-UPF-01,False
ALT-CSE-03-00226,CSE-03,LOW,2024-11-18T17:59:34,2024-11-18T18:06:16.202776,2024-11-18T19:11:28.905093,CLOSED,,EDGE-GATEWAY-12,False
ALT-CSE-03-00227,CSE-03,MEDIUM,2024-12-14T05:24:38,2024-12-14T05:26:59.624928,2024-12-14T06:43:45.857970,CLOSED,,CARRIER-ROUTER-99,False
ALT-CSE-03-00228,CSE-03,MEDIUM,2024-10-05T05:20:03,2024-10-05T05:28:02.332931,2024-10-05T06:23:56.016248,CLOSED,,5G-AMF-NODE-02,False
ALT-CSE-03-00229,CSE-03,MEDIUM,2024-10-14T21:48:11,2024-10-14T21:56:15.209794,2024-10-14T23:10:36.082400,CLOSED,,5G-CORE-UPF-01,False
ALT-CSE-03-00230,CSE-03,MEDIUM,2024-12-28T02:49:48,2024-12-28T02:55:49.684108,2024-12-28T03:21:19.934267,CLOSED,,CARRIER-ROUTER-99,False
ALT-CSE-03-00231,CSE-03,MEDIUM,2024-11-14T19:12:03,2024-11-14T19:17:55.107743,2024-11-14T20:21:09.581801,CLOSED,,TELCO-AAA-SRV,False
ALT-CSE-03-00232,CSE-03,HIGH,2024-12-08T01:34:22,2024-12-08T01:43:10.295428,2024-12-08T02:06:43.546597,CLOSED,,TELCO-AAA-SRV,False
ALT-CSE-03-00233,CSE-03,CRITICAL,2024-12-04T10:21:10,2024-12-04T10:25:33.074901,2024-12-04T11:32:13.539706,CLOSED,CAS-CSE-03-0027,5G-CORE-UPF-01,True
ALT-CSE-03-00234,CSE-03,MEDIUM,2024-10-27T00:56:19,2024-10-27T01:01:07.024110,2024-10-27T01:44:06.925069,CLOSED,,5G-AMF-NODE-02,False
ALT-CSE-03-00235,CSE-03,MEDIUM,2024-10-29T00:26:35,2024-10-29T00:33:45.846571,2024-10-29T01:36:02.940442,CLOSED,,5G-AMF-NODE-02,False
ALT-CSE-03-00236,CSE-03,LOW,2024-12-13T19:34:56,2024-12-13T19:41:25.543244,2024-12-13T20:26:54.721512,CLOSED,,EDGE-GATEWAY-12,False
ALT-CSE-03-00237,CSE-03,HIGH,2024-10-09T18:26:13,2024-10-09T18:35:53.546522,2024-10-09T19:33:37.182017,CLOSED,,TELCO-AAA-SRV,False
ALT-CSE-03-00238,CSE-03,MEDIUM,2024-11-19T07:56:10,2024-11-19T07:58:43.713459,2024-11-19T08:45:53.293761,CLOSED,,TELCO-AAA-SRV,False
ALT-CSE-03-00239,CSE-03,CRITICAL,2024-11-01T13:32:26,2024-11-01T13:37:21.106720,2024-11-01T14:25:18.403606,CLOSED,CAS-CSE-03-0028,EDGE-GATEWAY-12,False
ALT-CSE-03-00240,CSE-03,LOW,2024-12-26T13:18:51,2024-12-26T13:23:15.727746,2024-12-26T13:51:13.391056,CLOSED,,5G-AMF-NODE-02,False
ALT-CSE-03-00241,CSE-03,MEDIUM,2024-12-12T10:55:57,2024-12-12T10:59:51.711987,2024-12-12T11:39:44.917789,CLOSED,,5G-CORE-UPF-01,False
ALT-CSE-03-00242,CSE-03,HIGH,2024-12-25T16:37:34,2024-12-25T16:42:31.837998,2024-12-25T17:14:08.081221,CLOSED,,5G-CORE-UPF-01,False
ALT-CSE-03-00243,CSE-03,HIGH,2024-11-26T23:50:16,2024-11-26T23:54:56.426181,2024-11-27T01:14:23.713395,CLOSED,,CARRIER-ROUTER-99,False
ALT-CSE-03-00244,CSE-03,LOW,2024-10-08T05:55:23,2024-10-08T06:01:28.164712,2024-10-08T06:45:54.536183,CLOSED,,EDGE-GATEWAY-12,False
ALT-CSE-03-00245,CSE-03,MEDIUM,2024-11-27T14:51:34,2024-11-27T14:54:35.756443,2024-11-27T16:13:45.024555,CLOSED,,TELCO-AAA-SRV,False
ALT-CSE-03-00246,CSE-03,LOW,2024-11-13T19:01:17,2024-11-13T19:10:02.919074,2024-11-13T20:20:20.538187,CLOSED,,EDGE-GATEWAY-12,False
ALT-CSE-03-00247,CSE-03,LOW,2024-12-07T22:27:47,2024-12-07T22:36:48.130617,2024-12-07T23:29:40.121811,CLOSED,,EDGE-GATEWAY-12,False
ALT-CSE-03-00248,CSE-03,HIGH,2024-11-16T18:31:25,2024-11-16T18:37:59.112834,2024-11-16T19:46:55.014964,CLOSED,,TELCO-AAA-SRV,False
ALT-CSE-03-00249,CSE-03,MEDIUM,2024-10-09T06:42:15,2024-10-09T06:48:49.393689,2024-10-09T08:03:23.056924,CLOSED,,5G-CORE-UPF-01,False
ALT-CSE-03-00250,CSE-03,HIGH,2024-11-18T00:38:34,2024-11-18T00:45:34.947746,2024-11-18T01:22:51.573550,CLOSED,,EDGE-GATEWAY-12,False
ALT-CSE-03-00251,CSE-03,LOW,2024-10-18T18:53:33,2024-10-18T18:56:59.606847,2024-10-18T19:42:39.897284,CLOSED,,EDGE-GATEWAY-12,False
ALT-CSE-03-00252,CSE-03,MEDIUM,2024-11-10T23:13:45,2024-11-10T23:17:45.211037,2024-11-10T23:56:40.700111,CLOSED,,5G-CORE-UPF-01,False
ALT-CSE-03-00253,CSE-03,HIGH,2024-10-28T08:05:59,2024-10-28T08:11:13.575927,2024-10-28T09:26:24.157292,CLOSED,,5G-CORE-UPF-01,False
ALT-CSE-03-00254,CSE-03,MEDIUM,2024-10-20T18:53:14,2024-10-20T19:03:01.052763,2024-10-20T20:04:39.381127,CLOSED,,5G-CORE-UPF-01,False
ALT-CSE-03-00255,CSE-03,MEDIUM,2024-11-18T18:41:56,2024-11-18T18:50:49.884150,2024-11-18T19:25:20.266111,CLOSED,,5G-CORE-UPF-01,False
ALT-CSE-03-00256,CSE-03,LOW,2024-11-05T05:26:01,2024-11-05T05:33:21.331339,2024-11-05T06:08:27.533263,CLOSED,,TELCO-AAA-SRV,False
ALT-CSE-03-00257,CSE-03,CRITICAL,2024-12-16T12:26:43,2024-12-16T12:29:54.954849,2024-12-16T13:07:18.738969,CLOSED,CAS-CSE-03-0029,5G-AMF-NODE-02,False
ALT-CSE-03-00258,CSE-03,MEDIUM,2024-11-04T06:02:59,2024-11-04T06:08:54.359408,2024-11-04T06:53:32.254390,CLOSED,,EDGE-GATEWAY-12,False
ALT-CSE-03-00259,CSE-03,MEDIUM,2024-10-17T03:16:37,2024-10-17T03:24:44.848546,2024-10-17T04:15:15.763047,CLOSED,,5G-CORE-UPF-01,False
ALT-CSE-03-00260,CSE-03,CRITICAL,2024-10-29T22:19:01,2024-10-29T22:28:03.338818,2024-10-29T23:35:06.716579,CLOSED,,5G-AMF-NODE-02,False
ALT-CSE-03-00261,CSE-03,LOW,2024-10-16T11:18:21,2024-10-16T11:24:06.011373,2024-10-16T11:49:21.938382,CLOSED,,5G-AMF-NODE-02,False
ALT-CSE-03-00262,CSE-03,HIGH,2024-11-20T20:27:05,2024-11-20T20:30:28.575064,2024-11-20T21:21:31.814477,CLOSED,,TELCO-AAA-SRV,False
ALT-CSE-03-00263,CSE-03,HIGH,2024-12-17T01:41:43,2024-12-17T01:46:18.941047,2024-12-17T02:49:18.585249,CLOSED,,CARRIER-ROUTER-99,False
ALT-CSE-03-00264,CSE-03,LOW,2024-10-08T20:25:32,2024-10-08T20:28:27.649227,2024-10-08T21:23:51.011674,CLOSED,,5G-AMF-NODE-02,False
ALT-CSE-03-00265,CSE-03,CRITICAL,2024-10-24T13:50:46,2024-10-24T13:59:26.706212,2024-10-24T14:50:28.141175,CLOSED,CAS-CSE-03-0030,EDGE-GATEWAY-12,False
ALT-CSE-03-00266,CSE-03,HIGH,2024-12-04T16:21:01,2024-12-04T16:30:53.784730,2024-12-04T17:44:10.725817,CLOSED,,EDGE-GATEWAY-12,False
ALT-CSE-03-00267,CSE-03,HIGH,2024-12-29T04:12:36,2024-12-29T04:19:47.730180,2024-12-29T05:19:09.265239,CLOSED,CAS-CSE-03-0031,5G-AMF-NODE-02,True
ALT-CSE-03-00268,CSE-03,MEDIUM,2024-10-08T15:09:21,2024-10-08T15:15:04.983713,2024-10-08T16:23:05.056964,CLOSED,,5G-CORE-UPF-01,False
ALT-CSE-03-00269,CSE-03,LOW,2024-10-21T07:14:00,2024-10-21T07:21:06.022977,2024-10-21T08:07:18.865881,CLOSED,,TELCO-AAA-SRV,False
ALT-CSE-03-00270,CSE-03,HIGH,2024-12-03T04:46:50,2024-12-03T04:54:35.620169,2024-12-03T05:50:45.032636,CLOSED,,EDGE-GATEWAY-12,False
ALT-CSE-03-00271,CSE-03,CRITICAL,2024-10-24T21:50:06,2024-10-24T21:53:22.015393,2024-10-24T23:12:26.468161,CLOSED,CAS-CSE-03-0032,5G-CORE-UPF-01,False
ALT-CSE-03-00272,CSE-03,HIGH,2024-12-06T09:31:44,2024-12-06T09:37:39.841094,2024-12-06T10:04:26.519606,CLOSED,,EDGE-GATEWAY-12,False
ALT-CSE-03-00273,CSE-03,HIGH,2024-10-03T23:55:24,2024-10-04T00:04:03.649427,2024-10-04T00:52:22.873957,CLOSED,,5G-AMF-NODE-02,False
ALT-CSE-03-00274,CSE-03,MEDIUM,2024-10-11T10:51:22,2024-10-11T10:58:38.872168,2024-10-11T11:29:54.491341,CLOSED,,CARRIER-ROUTER-99,False
ALT-CSE-03-00275,CSE-03,MEDIUM,2024-10-13T05:56:15,2024-10-13T06:05:00.803564,2024-10-13T06:50:54.105345,CLOSED,,CARRIER-ROUTER-99,False
ALT-CSE-03-00276,CSE-03,MEDIUM,2024-12-20T15:07:44,2024-12-20T15:10:31.108959,2024-12-20T16:12:27.486171,CLOSED,,5G-CORE-UPF-01,False
ALT-CSE-03-00277,CSE-03,LOW,2024-12-20T10:09:22,2024-12-20T10:17:38.162948,2024-12-20T10:53:05.431971,CLOSED,,CARRIER-ROUTER-99,False
ALT-CSE-03-00278,CSE-03,MEDIUM,2024-11-14T03:42:07,2024-11-14T03:48:33.615478,2024-11-14T04:37:12.068288,CLOSED,,5G-CORE-UPF-01,False
ALT-CSE-03-00279,CSE-03,HIGH,2024-12-23T07:34:21,2024-12-23T07:42:31.976899,2024-12-23T08:22:29.217003,CLOSED,,EDGE-GATEWAY-12,False
ALT-CSE-03-00280,CSE-03,HIGH,2024-11-22T14:30:38,2024-11-22T14:37:27.743580,2024-11-22T15:28:09.641259,CLOSED,,EDGE-GATEWAY-12,False
ALT-CSE-03-00281,CSE-03,LOW,2024-10-24T02:29:03,2024-10-24T02:35:06.685657,2024-10-24T03:48:31.221259,CLOSED,,5G-CORE-UPF-01,False
ALT-CSE-03-00282,CSE-03,LOW,2024-10-08T04:03:09,2024-10-08T04:07:46.442944,2024-10-08T04:48:21.572487,CLOSED,,TELCO-AAA-SRV,False
ALT-CSE-03-00283,CSE-03,MEDIUM,2024-11-10T03:53:17,2024-11-10T03:57:25.758441,2024-11-10T04:28:11.536999,CLOSED,,TELCO-AAA-SRV,False
ALT-CSE-03-00284,CSE-03,MEDIUM,2024-11-09T15:11:50,2024-11-09T15:20:41.416832,2024-11-09T16:06:03.529431,CLOSED,,CARRIER-ROUTER-99,False
ALT-CSE-03-00285,CSE-03,HIGH,2024-12-27T14:20:20,2024-12-27T14:30:17.657402,2024-12-27T15:43:04.062535,CLOSED,,TELCO-AAA-SRV,False
ALT-CSE-03-00286,CSE-03,CRITICAL,2024-11-25T02:21:48,2024-11-25T02:29:02.645781,2024-11-25T03:27:54.611335,CLOSED,,EDGE-GATEWAY-12,False
ALT-CSE-03-00287,CSE-03,MEDIUM,2024-10-03T07:13:12,2024-10-03T07:22:18.897761,2024-10-03T08:35:50.069843,CLOSED,,EDGE-GATEWAY-12,False
ALT-CSE-03-00288,CSE-03,HIGH,2024-12-23T02:16:45,2024-12-23T02:20:51.499384,2024-12-23T03:29:34.697006,CLOSED,,CARRIER-ROUTER-99,False
ALT-CSE-03-00289,CSE-03,MEDIUM,2024-11-01T01:16:51,2024-11-01T01:22:30.848823,2024-11-01T02:32:42.064027,CLOSED,,TELCO-AAA-SRV,False
ALT-CSE-03-00290,CSE-03,LOW,2024-10-08T11:00:48,2024-10-08T11:08:34.478304,2024-10-08T11:43:52.453469,CLOSED,,EDGE-GATEWAY-12,False
ALT-CSE-03-00291,CSE-03,MEDIUM,2024-11-12T10:07:09,2024-11-12T10:11:53.765413,2024-11-12T10:55:50.790138,CLOSED,,5G-CORE-UPF-01,False
ALT-CSE-03-00292,CSE-03,MEDIUM,2024-11-26T13:36:15,2024-11-26T13:45:03.391339,2024-11-26T14:44:36.550553,CLOSED,,EDGE-GATEWAY-12,False
ALT-CSE-03-00293,CSE-03,HIGH,2024-11-08T20:43:04,2024-11-08T20:51:01.510862,2024-11-08T21:41:25.375472,CLOSED,CAS-CSE-03-0033,CARRIER-ROUTER-99,False
ALT-CSE-03-00294,CSE-03,LOW,2024-12-13T11:27:17,2024-12-13T11:34:00.753308,2024-12-13T12:07:38.288977,CLOSED,,5G-CORE-UPF-01,False
ALT-CSE-03-00295,CSE-03,LOW,2024-11-26T05:34:18,2024-11-26T05:42:32.494694,2024-11-26T06:09:04.969070,CLOSED,,TELCO-AAA-SRV,False
ALT-CSE-03-00296,CSE-03,CRITICAL,2024-11-07T04:07:55,2024-11-07T04:10:45.916365,2024-11-07T05:20:32.504011,CLOSED,CAS-CSE-03-0034,EDGE-GATEWAY-12,False
ALT-CSE-03-00297,CSE-03,MEDIUM,2024-10-05T00:54:26,2024-10-05T01:04:23.718030,2024-10-05T01:48:32.524981,CLOSED,,5G-CORE-UPF-01,False
ALT-CSE-03-00298,CSE-03,MEDIUM,2024-10-03T19:43:58,2024-10-03T19:53:11.143017,2024-10-03T21:03:38.503703,CLOSED,,5G-AMF-NODE-02,False
ALT-CSE-03-00299,CSE-03,MEDIUM,2024-11-23T07:34:17,2024-11-23T07:37:05.094979,2024-11-23T08:07:57.081791,CLOSED,,5G-CORE-UPF-01,False
ALT-CSE-03-00300,CSE-03,LOW,2024-11-26T02:27:55,2024-11-26T02:34:51.546622,2024-11-26T03:19:41.859490,CLOSED,,TELCO-AAA-SRV,False
ALT-CSE-03-00301,CSE-03,MEDIUM,2024-10-22T08:15:47,2024-10-22T08:21:19.580186,2024-10-22T09:37:43.051735,CLOSED,,5G-AMF-NODE-02,False
ALT-CSE-03-00302,CSE-03,MEDIUM,2024-10-22T16:53:53,2024-10-22T16:58:14.714284,2024-10-22T17:37:38.728695,CLOSED,,5G-AMF-NODE-02,False
ALT-CSE-03-00303,CSE-03,LOW,2024-11-06T10:35:40,2024-11-06T10:40:33.566673,2024-11-06T11:32:13.943282,CLOSED,,TELCO-AAA-SRV,False
ALT-CSE-03-00304,CSE-03,MEDIUM,2024-11-26T05:52:44,2024-11-26T05:59:45.884748,2024-11-26T06:22:52.284201,CLOSED,,TELCO-AAA-SRV,False
ALT-CSE-03-00305,CSE-03,MEDIUM,2024-11-01T15:34:50,2024-11-01T15:40:45.384139,2024-11-01T16:20:37.107841,CLOSED,,5G-AMF-NODE-02,False
ALT-CSE-03-00306,CSE-03,MEDIUM,2024-11-17T11:43:43,2024-11-17T11:49:32.591777,2024-11-17T12:31:11.234304,CLOSED,,TELCO-AAA-SRV,False
ALT-CSE-03-00307,CSE-03,LOW,2024-10-20T12:53:32,2024-10-20T13:00:20.497591,2024-10-20T13:27:42.452343,CLOSED,,CARRIER-ROUTER-99,False
ALT-CSE-03-00308,CSE-03,MEDIUM,2024-10-01T13:08:11,2024-10-01T13:14:54.364918,2024-10-01T14:19:01.894619,CLOSED,,CARRIER-ROUTER-99,False
ALT-CSE-03-00309,CSE-03,HIGH,2024-11-11T07:58:09,2024-11-11T08:07:18.247468,2024-11-11T09:04:06.548039,CLOSED,,5G-AMF-NODE-02,False
ALT-CSE-03-00310,CSE-03,MEDIUM,2024-10-05T20:41:26,2024-10-05T20:49:28.425566,2024-10-05T21:39:53.697746,CLOSED,,EDGE-GATEWAY-12,False
ALT-CSE-03-00311,CSE-03,MEDIUM,2024-10-13T02:08:01,2024-10-13T02:10:28.903993,2024-10-13T02:46:51.732365,CLOSED,,5G-AMF-NODE-02,False
ALT-CSE-03-00312,CSE-03,LOW,2024-10-14T06:17:50,2024-10-14T06:27:34.453886,2024-10-14T07:31:52.653636,CLOSED,,TELCO-AAA-SRV,False
ALT-CSE-03-00313,CSE-03,LOW,2024-11-10T17:40:34,2024-11-10T17:43:35.334346,2024-11-10T18:25:32.002585,CLOSED,,TELCO-AAA-SRV,False
ALT-CSE-03-00314,CSE-03,LOW,2024-12-26T20:32:12,2024-12-26T20:34:35.377761,2024-12-26T21:03:59.795569,CLOSED,,CARRIER-ROUTER-99,False
ALT-CSE-03-00315,CSE-03,MEDIUM,2024-10-30T16:41:38,2024-10-30T16:43:44.782062,2024-10-30T17:16:37.057636,CLOSED,,CARRIER-ROUTER-99,False
ALT-CSE-03-00316,CSE-03,MEDIUM,2024-12-20T18:39:37,2024-12-20T18:44:08.432209,2024-12-20T19:52:55.623664,CLOSED,,5G-CORE-UPF-01,False
ALT-CSE-03-00317,CSE-03,CRITICAL,2024-10-07T19:54:11,2024-10-07T20:03:30.855158,2024-10-07T21:01:07.024688,CLOSED,,5G-CORE-UPF-01,False
ALT-CSE-03-00318,CSE-03,MEDIUM,2024-11-20T09:28:48,2024-11-20T09:34:51.104599,2024-11-20T10:16:24.745827,CLOSED,,TELCO-AAA-SRV,False
ALT-CSE-03-00319,CSE-03,MEDIUM,2024-12-13T14:54:42,2024-12-13T15:02:22.365094,2024-12-13T15:59:23.653658,CLOSED,,TELCO-AAA-SRV,False
ALT-CSE-03-00320,CSE-03,HIGH,2024-12-21T23:56:33,2024-12-22T00:01:45.904740,2024-12-22T00:58:02.101789,CLOSED,,5G-CORE-UPF-01,False
ALT-CSE-03-00321,CSE-03,MEDIUM,2024-10-27T19:48:45,2024-10-27T19:51:35.224565,2024-10-27T20:24:39.131339,CLOSED,,EDGE-GATEWAY-12,False
ALT-CSE-03-00322,CSE-03,HIGH,2024-11-25T20:24:25,2024-11-25T20:29:26.422277,2024-11-25T20:58:08.355745,CLOSED,,5G-CORE-UPF-01,False
ALT-CSE-03-00323,CSE-03,HIGH,2024-10-02T06:55:36,2024-10-02T07:00:24.073344,2024-10-02T07:32:31.313750,CLOSED,,CARRIER-ROUTER-99,False
ALT-CSE-03-00324,CSE-03,MEDIUM,2024-12-08T21:46:59,2024-12-08T21:50:23.068840,2024-12-08T22:51:38.853767,CLOSED,,5G-CORE-UPF-01,False
ALT-CSE-03-00325,CSE-03,CRITICAL,2024-12-27T16:07:18,2024-12-27T16:13:57.803809,2024-12-27T16:39:36.103704,CLOSED,,EDGE-GATEWAY-12,False
ALT-CSE-03-00326,CSE-03,HIGH,2024-12-12T14:56:27,2024-12-12T14:58:33.912237,2024-12-12T15:42:36.562637,CLOSED,,CARRIER-ROUTER-99,False
ALT-CSE-03-00327,CSE-03,CRITICAL,2024-10-18T14:47:19,2024-10-18T14:51:49.486505,2024-10-18T15:41:58.986409,CLOSED,CAS-CSE-03-0035,5G-AMF-NODE-02,False
ALT-CSE-03-00328,CSE-03,LOW,2024-10-14T13:06:36,2024-10-14T13:10:34.513218,2024-10-14T14:06:25.396742,CLOSED,,TELCO-AAA-SRV,False
ALT-CSE-03-00329,CSE-03,MEDIUM,2024-11-15T11:07:31,2024-11-15T11:12:37.810668,2024-11-15T12:01:10.679631,CLOSED,,TELCO-AAA-SRV,False
ALT-CSE-03-00330,CSE-03,LOW,2024-12-21T16:56:17,2024-12-21T17:04:06.398167,2024-12-21T17:58:01.887418,CLOSED,,CARRIER-ROUTER-99,False
ALT-CSE-03-00331,CSE-03,LOW,2024-12-21T07:35:14,2024-12-21T07:37:48.096162,2024-12-21T08:16:20.641299,CLOSED,,CARRIER-ROUTER-99,False
ALT-CSE-03-00332,CSE-03,CRITICAL,2024-10-21T15:03:00,2024-10-21T15:09:30.804010,2024-10-21T16:17:59.750400,CLOSED,CAS-CSE-03-0036,CARRIER-ROUTER-99,False
ALT-CSE-03-00333,CSE-03,HIGH,2024-12-07T22:28:09,2024-12-07T22:35:22.188705,2024-12-07T22:59:19.445732,CLOSED,CAS-CSE-03-0037,5G-AMF-NODE-02,False
ALT-CSE-03-00334,CSE-03,MEDIUM,2024-11-25T04:38:28,2024-11-25T04:45:46.964463,2024-11-25T05:43:19.008815,CLOSED,,TELCO-AAA-SRV,False
ALT-CSE-03-00335,CSE-03,MEDIUM,2024-10-18T12:16:13,2024-10-18T12:21:17.717712,2024-10-18T13:07:13.201474,CLOSED,,EDGE-GATEWAY-12,False
ALT-CSE-03-00336,CSE-03,HIGH,2024-10-01T10:17:14,2024-10-01T10:23:00.523399,2024-10-01T11:06:23.228077,CLOSED,,5G-CORE-UPF-01,False
ALT-CSE-03-00337,CSE-03,MEDIUM,2024-10-12T09:08:30,2024-10-12T09:12:16.781753,2024-10-12T10:23:52.180524,CLOSED,,5G-CORE-UPF-01,False
ALT-CSE-03-00338,CSE-03,CRITICAL,2024-11-15T14:57:20,2024-11-15T15:03:24.490295,2024-11-15T15:30:26.385280,CLOSED,CAS-CSE-03-0038,TELCO-AAA-SRV,False
ALT-CSE-03-00339,CSE-03,CRITICAL,2024-10-14T06:17:23,2024-10-14T06:27:17.018387,2024-10-14T07:30:24.375510,CLOSED,,EDGE-GATEWAY-12,False
ALT-CSE-03-00340,CSE-03,MEDIUM,2024-10-14T02:02:44,2024-10-14T02:10:50.354876,2024-10-14T03:20:50.087438,CLOSED,,5G-CORE-UPF-01,False
ALT-CSE-03-00341,CSE-03,LOW,2024-11-21T12:32:29,2024-11-21T12:42:14.659226,2024-11-21T13:56:59.208094,CLOSED,,CARRIER-ROUTER-99,False
ALT-CSE-03-00342,CSE-03,LOW,2024-10-27T04:43:01,2024-10-27T04:45:17.078299,2024-10-27T05:40:42.488768,CLOSED,,5G-AMF-NODE-02,False
ALT-CSE-03-00343,CSE-03,HIGH,2024-12-21T03:55:45,2024-12-21T03:57:51.210849,2024-12-21T04:48:43.230811,CLOSED,,TELCO-AAA-SRV,False
ALT-CSE-03-00344,CSE-03,MEDIUM,2024-10-11T18:05:57,2024-10-11T18:12:42.424071,2024-10-11T19:11:20.246062,CLOSED,,CARRIER-ROUTER-99,False
ALT-CSE-03-00345,CSE-03,LOW,2024-11-15T20:11:12,2024-11-15T20:18:29.947315,2024-11-15T20:50:49.392407,CLOSED,,CARRIER-ROUTER-99,False
ALT-CSE-03-00346,CSE-03,HIGH,2024-12-25T11:35:04,2024-12-25T11:40:47.360684,2024-12-25T12:15:28.831498,CLOSED,,EDGE-GATEWAY-12,False
ALT-CSE-03-00347,CSE-03,LOW,2024-11-16T06:36:59,2024-11-16T06:46:34.052210,2024-11-16T07:45:22.444631,CLOSED,,5G-CORE-UPF-01,False
ALT-CSE-03-00348,CSE-03,MEDIUM,2024-10-31T00:25:47,2024-10-31T00:30:18.850407,2024-10-31T01:20:40.604898,CLOSED,,5G-AMF-NODE-02,False
ALT-CSE-03-00349,CSE-03,MEDIUM,2024-12-09T19:48:05,2024-12-09T19:52:29.215219,2024-12-09T21:02:27.314714,CLOSED,,EDGE-GATEWAY-12,False
ALT-CSE-03-00350,CSE-03,MEDIUM,2024-12-23T02:47:08,2024-12-23T02:51:43.106676,2024-12-23T03:56:44.992285,CLOSED,,EDGE-GATEWAY-12,False
ALT-CSE-03-00351,CSE-03,MEDIUM,2024-10-05T17:05:04,2024-10-05T17:12:43.454154,2024-10-05T18:19:58.027538,CLOSED,,CARRIER-ROUTER-99,False
ALT-CSE-03-00352,CSE-03,LOW,2024-12-13T23:20:59,2024-12-13T23:30:23.236055,2024-12-14T00:36:01.484149,CLOSED,,CARRIER-ROUTER-99,False
ALT-CSE-03-00353,CSE-03,MEDIUM,2024-11-16T05:54:48,2024-11-16T06:03:56.714269,2024-11-16T07:08:06.243323,CLOSED,,EDGE-GATEWAY-12,False
ALT-CSE-03-00354,CSE-03,LOW,2024-10-08T05:45:19,2024-10-08T05:49:52.488150,2024-10-08T06:38:50.822372,CLOSED,,TELCO-AAA-SRV,False
ALT-CSE-03-00355,CSE-03,MEDIUM,2024-10-04T14:23:46,2024-10-04T14:30:57.524516,2024-10-04T14:57:04.939097,CLOSED,,TELCO-AAA-SRV,False
ALT-CSE-03-00356,CSE-03,LOW,2024-12-22T04:18:11,2024-12-22T04:28:06.154269,2024-12-22T04:48:41.509952,CLOSED,,EDGE-GATEWAY-12,False
ALT-CSE-03-00357,CSE-03,MEDIUM,2024-11-18T22:24:59,2024-11-18T22:32:51.911695,2024-11-18T23:49:34.215136,CLOSED,,EDGE-GATEWAY-12,False
ALT-CSE-03-00358,CSE-03,HIGH,2024-11-12T03:06:07,2024-11-12T03:10:42.333246,2024-11-12T03:39:26.756993,CLOSED,,CARRIER-ROUTER-99,False
ALT-CSE-03-00359,CSE-03,MEDIUM,2024-11-11T14:04:19,2024-11-11T14:06:43.777908,2024-11-11T15:25:00.741607,CLOSED,,CARRIER-ROUTER-99,False
ALT-CSE-03-00360,CSE-03,MEDIUM,2024-12-27T09:01:55,2024-12-27T09:06:40.169234,2024-12-27T09:43:04.076729,CLOSED,,5G-AMF-NODE-02,False
ALT-CSE-03-00361,CSE-03,LOW,2024-12-15T11:31:59,2024-12-15T11:38:18.430461,2024-12-15T12:10:16.408585,CLOSED,,CARRIER-ROUTER-99,False
ALT-CSE-03-00362,CSE-03,MEDIUM,2024-12-25T23:54:59,2024-12-25T23:59:51.591450,2024-12-26T00:40:19.358283,CLOSED,,CARRIER-ROUTER-99,False
ALT-CSE-03-00363,CSE-03,MEDIUM,2024-11-02T21:55:53,2024-11-02T21:58:30.022557,2024-11-02T23:13:22.798887,CLOSED,,CARRIER-ROUTER-99,False
ALT-CSE-03-00364,CSE-03,MEDIUM,2024-12-22T20:10:11,2024-12-22T20:16:25.623693,2024-12-22T21:32:34.887679,CLOSED,,5G-AMF-NODE-02,False
ALT-CSE-03-00365,CSE-03,MEDIUM,2024-11-21T23:36:22,2024-11-21T23:42:43.079663,2024-11-22T00:51:40.828363,CLOSED,,5G-AMF-NODE-02,False
ALT-CSE-03-00366,CSE-03,LOW,2024-10-27T03:36:57,2024-10-27T03:46:54.777710,2024-10-27T04:47:35.652520,CLOSED,,5G-AMF-NODE-02,False
ALT-CSE-03-00367,CSE-03,MEDIUM,2024-11-06T15:43:22,2024-11-06T15:46:14.848815,2024-11-06T16:42:15.604630,CLOSED,,TELCO-AAA-SRV,False
ALT-CSE-03-00368,CSE-03,LOW,2024-12-09T10:40:06,2024-12-09T10:49:32.242997,2024-12-09T11:38:13.121373,CLOSED,,TELCO-AAA-SRV,False
ALT-CSE-03-00369,CSE-03,MEDIUM,2024-11-14T22:09:10,2024-11-14T22:18:50.120020,2024-11-14T22:52:58.093021,CLOSED,,TELCO-AAA-SRV,False
ALT-CSE-03-00370,CSE-03,MEDIUM,2024-10-18T11:06:42,2024-10-18T11:16:19.283814,2024-10-18T12:31:34.267420,CLOSED,,TELCO-AAA-SRV,False
ALT-CSE-03-00371,CSE-03,CRITICAL,2024-12-06T11:04:12,2024-12-06T11:10:39.124434,2024-12-06T12:10:01.793263,CLOSED,CAS-CSE-03-0039,5G-AMF-NODE-02,False
ALT-CSE-03-00372,CSE-03,MEDIUM,2024-10-10T07:39:21,2024-10-10T07:45:54.982855,2024-10-10T08:57:04.787080,CLOSED,,5G-CORE-UPF-01,False
ALT-CSE-03-00373,CSE-03,LOW,2024-10-16T01:12:56,2024-10-16T01:16:21.849488,2024-10-16T02:14:23.307257,CLOSED,,CARRIER-ROUTER-99,False
ALT-CSE-03-00374,CSE-03,CRITICAL,2024-12-17T02:35:11,2024-12-17T02:42:53.107867,2024-12-17T03:14:50.813150,CLOSED,,5G-AMF-NODE-02,False
ALT-CSE-03-00375,CSE-03,HIGH,2024-12-13T04:10:24,2024-12-13T04:17:58.659162,2024-12-13T05:28:05.233083,CLOSED,,TELCO-AAA-SRV,False
ALT-CSE-03-00376,CSE-03,HIGH,2024-10-24T08:45:43,2024-10-24T08:53:11.897493,2024-10-24T09:29:30.329312,CLOSED,,EDGE-GATEWAY-12,False
ALT-CSE-03-00377,CSE-03,MEDIUM,2024-11-03T04:16:45,2024-11-03T04:21:41.667353,2024-11-03T04:50:17.599838,CLOSED,,EDGE-GATEWAY-12,False
ALT-CSE-03-00378,CSE-03,MEDIUM,2024-10-31T21:41:13,2024-10-31T21:47:31.610671,2024-10-31T22:40:21.462457,CLOSED,,5G-AMF-NODE-02,False
ALT-CSE-03-00379,CSE-03,CRITICAL,2024-12-14T08:29:45,2024-12-14T08:31:46.728087,2024-12-14T09:48:43.782879,CLOSED,CAS-CSE-03-0040,5G-AMF-NODE-02,False
ALT-CSE-03-00380,CSE-03,MEDIUM,2024-11-11T20:31:05,2024-11-11T20:36:52.924853,2024-11-11T21:19:02.065497,CLOSED,,CARRIER-ROUTER-99,False
ALT-CSE-03-00381,CSE-03,LOW,2024-10-01T21:08:17,2024-10-01T21:12:45.008814,2024-10-01T22:02:51.364732,CLOSED,,EDGE-GATEWAY-12,False
ALT-CSE-03-00382,CSE-03,LOW,2024-11-04T23:32:07,2024-11-04T23:37:39.653842,2024-11-05T00:25:34.886684,CLOSED,,EDGE-GATEWAY-12,False
ALT-CSE-03-00383,CSE-03,MEDIUM,2024-11-12T09:33:09,2024-11-12T09:40:23.037338,2024-11-12T10:08:13.849094,CLOSED,,5G-AMF-NODE-02,False
ALT-CSE-03-00384,CSE-03,LOW,2024-12-17T01:35:09,2024-12-17T01:40:05.009295,2024-12-17T02:33:59.879875,CLOSED,,5G-AMF-NODE-02,False
ALT-CSE-03-00385,CSE-03,LOW,2024-11-09T14:12:11,2024-11-09T14:21:26.467060,2024-11-09T14:59:26.305007,CLOSED,,CARRIER-ROUTER-99,False
ALT-CSE-03-00386,CSE-03,LOW,2024-10-21T10:05:51,2024-10-21T10:10:14.067017,2024-10-21T10:57:06.784534,CLOSED,,EDGE-GATEWAY-12,False
ALT-CSE-03-00387,CSE-03,LOW,2024-11-22T06:14:59,2024-11-22T06:18:22.922709,2024-11-22T06:46:05.939565,CLOSED,,5G-AMF-NODE-02,False
ALT-CSE-03-00388,CSE-03,LOW,2024-11-22T20:29:07,2024-11-22T20:34:37.893849,2024-11-22T21:27:45.195367,CLOSED,,CARRIER-ROUTER-99,False
ALT-CSE-03-00389,CSE-03,MEDIUM,2024-12-24T23:10:50,2024-12-24T23:18:08.902239,2024-12-25T00:02:26.674393,CLOSED,,5G-CORE-UPF-01,False
ALT-CSE-03-00390,CSE-03,MEDIUM,2024-10-24T16:45:50,2024-10-24T16:47:57.894202,2024-10-24T17:46:18.560247,CLOSED,,TELCO-AAA-SRV,False
ALT-CSE-03-00391,CSE-03,CRITICAL,2024-11-15T13:03:27,2024-11-15T13:06:42.694745,2024-11-15T13:55:07.634061,CLOSED,,EDGE-GATEWAY-12,False
ALT-CSE-03-00392,CSE-03,LOW,2024-10-23T21:01:34,2024-10-23T21:11:07.447408,2024-10-23T22:10:07.295809,CLOSED,,TELCO-AAA-SRV,False
ALT-CSE-03-00393,CSE-03,HIGH,2024-10-05T18:24:53,2024-10-05T18:31:00.472004,2024-10-05T19:39:25.806172,CLOSED,,TELCO-AAA-SRV,False
ALT-CSE-03-00394,CSE-03,HIGH,2024-10-08T20:07:43,2024-10-08T20:14:46.210447,2024-10-08T21:01:32.253795,CLOSED,,CARRIER-ROUTER-99,False
ALT-CSE-03-00395,CSE-03,LOW,2024-12-08T16:16:42,2024-12-08T16:20:28.833436,2024-12-08T17:41:32.843874,CLOSED,,5G-CORE-UPF-01,False
ALT-CSE-03-00396,CSE-03,HIGH,2024-10-10T05:24:22,2024-10-10T05:26:51.310281,2024-10-10T06:46:39.473298,CLOSED,CAS-CSE-03-0041,TELCO-AAA-SRV,False
ALT-CSE-03-00397,CSE-03,HIGH,2024-12-12T23:40:32,2024-12-12T23:50:18.125277,2024-12-13T00:39:21.732990,CLOSED,,CARRIER-ROUTER-99,False
ALT-CSE-03-00398,CSE-03,HIGH,2024-10-29T03:59:31,2024-10-29T04:07:31.062603,2024-10-29T04:58:51.292028,CLOSED,,EDGE-GATEWAY-12,False
ALT-CSE-03-00399,CSE-03,LOW,2024-12-22T20:53:03,2024-12-22T21:02:39.634077,2024-12-22T21:31:25.469701,CLOSED,,EDGE-GATEWAY-12,False
ALT-CSE-03-00400,CSE-03,MEDIUM,2024-12-14T03:48:02,2024-12-14T03:56:44.016676,2024-12-14T04:52:53.721009,CLOSED,,EDGE-GATEWAY-12,False
ALT-CSE-03-00401,CSE-03,HIGH,2024-11-11T10:57:27,2024-11-11T11:00:05.303433,2024-11-11T11:48:29.744167,CLOSED,,TELCO-AAA-SRV,False
ALT-CSE-03-00402,CSE-03,MEDIUM,2024-12-11T19:47:46,2024-12-11T19:55:02.715687,2024-12-11T20:21:04.442823,CLOSED,,TELCO-AAA-SRV,False
ALT-CSE-03-00403,CSE-03,LOW,2024-10-29T18:10:57,2024-10-29T18:16:18.042726,2024-10-29T18:41:55.038685,CLOSED,,5G-CORE-UPF-01,False
ALT-CSE-03-00404,CSE-03,MEDIUM,2024-11-29T11:11:21,2024-11-29T11:18:37.858776,2024-11-29T11:52:18.530365,CLOSED,,EDGE-GATEWAY-12,False
ALT-CSE-03-00405,CSE-03,CRITICAL,2024-12-19T21:19:28,2024-12-19T21:27:13.146722,2024-12-19T22:38:28.986348,CLOSED,CAS-CSE-03-0042,5G-CORE-UPF-01,False
ALT-CSE-03-00406,CSE-03,MEDIUM,2024-11-30T19:49:09,2024-11-30T19:55:04.971109,2024-11-30T20:49:05.346715,CLOSED,,CARRIER-ROUTER-99,False
ALT-CSE-03-00407,CSE-03,LOW,2024-12-24T19:43:46,2024-12-24T19:53:12.353634,2024-12-24T21:00:25.620974,CLOSED,,5G-AMF-NODE-02,False
ALT-CSE-03-00408,CSE-03,LOW,2024-11-11T19:18:32,2024-11-11T19:23:19.590002,2024-11-11T20:36:39.011069,CLOSED,,CARRIER-ROUTER-99,False
ALT-CSE-03-00409,CSE-03,HIGH,2024-10-21T12:44:09,2024-10-21T12:52:20.609697,2024-10-21T13:45:37.377089,CLOSED,,CARRIER-ROUTER-99,False
ALT-CSE-03-00410,CSE-03,LOW,2024-10-02T08:35:21,2024-10-02T08:41:02.239211,2024-10-02T09:49:21.834521,CLOSED,,5G-CORE-UPF-01,False
ALT-CSE-03-00411,CSE-03,MEDIUM,2024-12-13T09:29:23,2024-12-13T09:32:45.337475,2024-12-13T10:27:45.172265,CLOSED,,5G-CORE-UPF-01,False
ALT-CSE-03-00412,CSE-03,HIGH,2024-12-04T04:45:42,2024-12-04T04:52:58.214240,2024-12-04T06:10:10.549507,CLOSED,,5G-CORE-UPF-01,False
ALT-CSE-03-00413,CSE-03,LOW,2024-11-12T02:38:36,2024-11-12T02:44:09.363154,2024-11-12T03:22:29.518937,CLOSED,,CARRIER-ROUTER-99,False
ALT-CSE-03-00414,CSE-03,HIGH,2024-10-22T14:10:19,2024-10-22T14:17:34.387913,2024-10-22T15:23:00.470662,CLOSED,,5G-CORE-UPF-01,False
ALT-CSE-03-00415,CSE-03,HIGH,2024-11-25T19:38:23,2024-11-25T19:46:27.971075,2024-11-25T20:28:00.544763,CLOSED,,5G-CORE-UPF-01,False
ALT-CSE-03-00416,CSE-03,HIGH,2024-12-29T05:40:55,2024-12-29T05:49:18.827536,2024-12-29T06:41:17.930714,CLOSED,,EDGE-GATEWAY-12,False
ALT-CSE-03-00417,CSE-03,HIGH,2024-10-01T13:29:01,2024-10-01T13:37:34.931059,2024-10-01T14:08:54.678906,CLOSED,,EDGE-GATEWAY-12,False
ALT-CSE-03-00418,CSE-03,CRITICAL,2024-12-16T07:50:06,2024-12-16T07:57:19.716220,2024-12-16T08:22:42.943583,CLOSED,CAS-CSE-03-0043,5G-AMF-NODE-02,False
ALT-CSE-03-00419,CSE-03,CRITICAL,2024-11-12T18:24:36,2024-11-12T18:33:35.010942,2024-11-12T19:24:42.892725,CLOSED,CAS-CSE-03-0044,EDGE-GATEWAY-12,False
ALT-CSE-03-00420,CSE-03,MEDIUM,2024-11-02T10:39:34,2024-11-02T10:49:17.133058,2024-11-02T11:56:22.423864,CLOSED,,5G-CORE-UPF-01,False
ALT-CSE-03-00421,CSE-03,MEDIUM,2024-10-23T03:12:56,2024-10-23T03:22:49.688890,2024-10-23T03:50:24.374383,CLOSED,,EDGE-GATEWAY-12,False
ALT-CSE-03-00422,CSE-03,CRITICAL,2024-12-26T03:47:40,2024-12-26T03:54:28.376591,2024-12-26T04:30:47.412286,CLOSED,CAS-CSE-03-0045,CARRIER-ROUTER-99,False
ALT-CSE-03-00423,CSE-03,CRITICAL,2024-12-13T08:49:47,2024-12-13T08:53:07.825527,2024-12-13T09:33:33.988137,CLOSED,CAS-CSE-03-0046,EDGE-GATEWAY-12,True
ALT-CSE-03-00424,CSE-03,HIGH,2024-10-28T08:26:32,2024-10-28T08:30:53.930149,2024-10-28T09:38:15.652680,CLOSED,,5G-AMF-NODE-02,False
ALT-CSE-03-00425,CSE-03,MEDIUM,2024-11-08T03:43:13,2024-11-08T03:48:03.294442,2024-11-08T04:24:47.606133,CLOSED,,EDGE-GATEWAY-12,False
ALT-CSE-03-00426,CSE-03,MEDIUM,2024-10-15T23:41:04,2024-10-15T23:49:48.628835,2024-10-16T00:41:59.069576,CLOSED,,CARRIER-ROUTER-99,False
ALT-CSE-03-00427,CSE-03,MEDIUM,2024-10-02T20:38:26,2024-10-02T20:41:57.717112,2024-10-02T22:02:37.621236,CLOSED,,EDGE-GATEWAY-12,False
ALT-CSE-03-00428,CSE-03,MEDIUM,2024-10-25T17:24:04,2024-10-25T17:32:38.142901,2024-10-25T18:09:52.691330,CLOSED,,TELCO-AAA-SRV,False
ALT-CSE-03-00429,CSE-03,MEDIUM,2024-12-20T12:50:52,2024-12-20T12:53:53.459996,2024-12-20T13:56:33.203408,CLOSED,,EDGE-GATEWAY-12,False
ALT-CSE-03-00430,CSE-03,HIGH,2024-10-02T23:25:39,2024-10-02T23:30:18.695967,2024-10-02T23:58:47.846219,CLOSED,,EDGE-GATEWAY-12,False
ALT-CSE-03-00431,CSE-03,LOW,2024-12-04T03:45:15,2024-12-04T03:48:05.787665,2024-12-04T04:47:24.019478,CLOSED,,CARRIER-ROUTER-99,False
ALT-CSE-03-00432,CSE-03,CRITICAL,2024-10-13T03:52:14,2024-10-13T04:01:31.426556,2024-10-13T04:47:53.860685,CLOSED,CAS-CSE-03-0047,TELCO-AAA-SRV,True
ALT-CSE-03-00433,CSE-03,HIGH,2024-10-25T23:12:57,2024-10-25T23:18:42.849737,2024-10-26T00:20:56.879150,CLOSED,,5G-CORE-UPF-01,False
ALT-CSE-03-00434,CSE-03,MEDIUM,2024-11-17T00:47:32,2024-11-17T00:57:03.034518,2024-11-17T02:04:30.563124,CLOSED,,5G-CORE-UPF-01,False
ALT-CSE-03-00435,CSE-03,CRITICAL,2024-12-08T22:28:43,2024-12-08T22:32:45.976048,2024-12-08T23:20:24.799199,CLOSED,CAS-CSE-03-0048,EDGE-GATEWAY-12,False
ALT-CSE-03-00436,CSE-03,MEDIUM,2024-12-05T11:01:10,2024-12-05T11:10:38.047075,2024-12-05T12:12:39.229830,CLOSED,,TELCO-AAA-SRV,False
ALT-CSE-03-00437,CSE-03,HIGH,2024-10-28T00:06:18,2024-10-28T00:13:05.460245,2024-10-28T00:58:34.042328,CLOSED,,TELCO-AAA-SRV,False
ALT-CSE-03-00438,CSE-03,HIGH,2024-11-08T05:31:21,2024-11-08T05:36:22.653867,2024-11-08T06:04:32.568212,CLOSED,,TELCO-AAA-SRV,False
ALT-CSE-03-00439,CSE-03,HIGH,2024-10-15T08:49:04,2024-10-15T08:51:07.206418,2024-10-15T09:24:52.558517,CLOSED,CAS-CSE-03-0049,5G-AMF-NODE-02,False
ALT-CSE-03-00440,CSE-03,MEDIUM,2024-10-15T22:29:51,2024-10-15T22:34:41.683286,2024-10-15T23:47:01.039938,CLOSED,,EDGE-GATEWAY-12,False
ALT-CSE-03-00441,CSE-03,MEDIUM,2024-11-26T20:37:02,2024-11-26T20:44:02.071945,2024-11-26T21:07:17.665561,CLOSED,,5G-AMF-NODE-02,False
ALT-CSE-03-00442,CSE-03,MEDIUM,2024-12-15T02:53:10,2024-12-15T02:58:05.207504,2024-12-15T03:45:17.107557,CLOSED,,5G-AMF-NODE-02,False
ALT-CSE-03-00443,CSE-03,MEDIUM,2024-12-15T03:54:43,2024-12-15T04:02:23.104766,2024-12-15T04:51:17.398926,CLOSED,,TELCO-AAA-SRV,False
ALT-CSE-03-00444,CSE-03,MEDIUM,2024-12-06T23:40:43,2024-12-06T23:50:03.654960,2024-12-07T00:33:44.827792,CLOSED,,CARRIER-ROUTER-99,False
ALT-CSE-03-00445,CSE-03,LOW,2024-10-05T23:35:01,2024-10-05T23:38:45.173646,2024-10-06T00:45:44.865320,CLOSED,,TELCO-AAA-SRV,False
ALT-CSE-03-00446,CSE-03,HIGH,2024-11-15T14:54:02,2024-11-15T15:00:13.155082,2024-11-15T15:49:19.779737,CLOSED,CAS-CSE-03-0050,5G-CORE-UPF-01,False
ALT-CSE-03-00447,CSE-03,HIGH,2024-10-24T16:48:18,2024-10-24T16:54:11.992665,2024-10-24T18:07:03.139969,CLOSED,,EDGE-GATEWAY-12,False
ALT-CSE-03-00448,CSE-03,HIGH,2024-11-29T13:02:15,2024-11-29T13:06:00.702521,2024-11-29T13:43:45.336403,CLOSED,,CARRIER-ROUTER-99,False
ALT-CSE-03-00449,CSE-03,HIGH,2024-11-05T14:27:40,2024-11-05T14:30:45.111656,2024-11-05T15:36:04.016584,CLOSED,,5G-CORE-UPF-01,False
ALT-CSE-03-00450,CSE-03,MEDIUM,2024-11-22T03:59:50,2024-11-22T04:09:41.208600,2024-11-22T04:40:11.079861,CLOSED,,EDGE-GATEWAY-12,False
ALT-CSE-03-00451,CSE-03,LOW,2024-12-21T05:36:41,2024-12-21T05:42:25.634558,2024-12-21T06:19:42.241370,CLOSED,,5G-CORE-UPF-01,False
ALT-CSE-03-00452,CSE-03,CRITICAL,2024-10-25T15:46:01,2024-10-25T15:52:58.312615,2024-10-25T16:49:08.954917,CLOSED,,CARRIER-ROUTER-99,False
ALT-CSE-03-00453,CSE-03,MEDIUM,2024-11-01T22:43:33,2024-11-01T22:47:43.720606,2024-11-01T23:40:28.165656,CLOSED,,TELCO-AAA-SRV,False
ALT-CSE-03-00454,CSE-03,LOW,2024-10-04T14:04:43,2024-10-04T14:08:55.220533,2024-10-04T15:07:04.930115,CLOSED,,EDGE-GATEWAY-12,False
ALT-CSE-03-00455,CSE-03,CRITICAL,2024-11-10T11:42:21,2024-11-10T11:48:01.234067,2024-11-10T12:16:04.912075,CLOSED,CAS-CSE-03-0051,CARRIER-ROUTER-99,False
ALT-CSE-03-00456,CSE-03,MEDIUM,2024-11-13T18:15:11,2024-11-13T18:19:02.846899,2024-11-13T19:06:21.321937,CLOSED,,5G-CORE-UPF-01,False
ALT-CSE-03-00457,CSE-03,MEDIUM,2024-12-15T01:57:16,2024-12-15T02:04:45.840374,2024-12-15T02:28:26.082013,CLOSED,,TELCO-AAA-SRV,False
ALT-CSE-03-00458,CSE-03,HIGH,2024-12-27T02:12:03,2024-12-27T02:17:15.703598,2024-12-27T03:31:45.996611,CLOSED,,5G-CORE-UPF-01,False
ALT-CSE-03-00459,CSE-03,LOW,2024-11-20T09:05:54,2024-11-20T09:14:49.314155,2024-11-20T09:37:00.589194,CLOSED,,5G-CORE-UPF-01,False
ALT-CSE-03-00460,CSE-03,MEDIUM,2024-11-18T05:53:26,2024-11-18T06:03:09.860504,2024-11-18T06:40:41.445620,CLOSED,,EDGE-GATEWAY-12,False
ALT-CSE-03-00461,CSE-03,MEDIUM,2024-12-26T10:47:56,2024-12-26T10:51:38.996959,2024-12-26T11:43:59.542295,CLOSED,,5G-AMF-NODE-02,False
ALT-CSE-03-00462,CSE-03,LOW,2024-12-27T04:07:30,2024-12-27T04:14:58.657706,2024-12-27T05:13:48.779093,CLOSED,,EDGE-GATEWAY-12,False
ALT-CSE-03-00463,CSE-03,MEDIUM,2024-11-14T01:43:04,2024-11-14T01:51:28.900753,2024-11-14T02:50:19.519375,CLOSED,,TELCO-AAA-SRV,False
ALT-CSE-03-00464,CSE-03,LOW,2024-11-25T22:34:52,2024-11-25T22:41:34.332933,2024-11-25T23:26:09.778294,CLOSED,,EDGE-GATEWAY-12,False
ALT-CSE-03-00465,CSE-03,MEDIUM,2024-10-23T11:39:55,2024-10-23T11:45:11.886466,2024-10-23T12:26:52.069245,CLOSED,,5G-CORE-UPF-01,False
ALT-CSE-03-00466,CSE-03,CRITICAL,2024-10-26T14:26:34,2024-10-26T14:32:52.253759,2024-10-26T15:14:48.985075,CLOSED,,TELCO-AAA-SRV,False
ALT-CSE-03-00467,CSE-03,MEDIUM,2024-12-28T15:14:04,2024-12-28T15:16:56.980687,2024-12-28T15:52:03.776548,CLOSED,,CARRIER-ROUTER-99,False
ALT-CSE-03-00468,CSE-03,LOW,2024-12-07T09:41:38,2024-12-07T09:44:54.710239,2024-12-07T10:57:23.320210,CLOSED,,EDGE-GATEWAY-12,False
ALT-CSE-03-00469,CSE-03,LOW,2024-12-21T15:42:37,2024-12-21T15:50:46.695426,2024-12-21T16:58:49.218863,CLOSED,,5G-AMF-NODE-02,False
ALT-CSE-03-00470,CSE-03,LOW,2024-12-13T14:35:38,2024-12-13T14:42:07.861954,2024-12-13T15:40:54.416005,CLOSED,,EDGE-GATEWAY-12,False
ALT-CSE-03-00471,CSE-03,MEDIUM,2024-12-28T12:38:20,2024-12-28T12:45:31.291260,2024-12-28T13:22:32.240326,CLOSED,,EDGE-GATEWAY-12,False
ALT-CSE-03-00472,CSE-03,CRITICAL,2024-12-25T08:39:04,2024-12-25T08:44:18.080603,2024-12-25T09:44:09.980400,CLOSED,CAS-CSE-03-0052,EDGE-GATEWAY-12,False
ALT-CSE-03-00473,CSE-03,LOW,2024-12-25T00:27:14,2024-12-25T00:32:10.596735,2024-12-25T01:22:49.157828,CLOSED,,5G-AMF-NODE-02,False
ALT-CSE-03-00474,CSE-03,CRITICAL,2024-12-17T04:01:12,2024-12-17T04:05:25.488143,2024-12-17T04:56:15.919320,CLOSED,CAS-CSE-03-0053,CARRIER-ROUTER-99,True
ALT-CSE-03-00475,CSE-03,MEDIUM,2024-11-17T23:08:51,2024-11-17T23:11:01.463310,2024-11-18T00:24:02.215454,CLOSED,,TELCO-AAA-SRV,False
ALT-CSE-03-00476,CSE-03,LOW,2024-12-21T00:46:49,2024-12-21T00:50:51.616589,2024-12-21T01:46:55.540781,CLOSED,,5G-CORE-UPF-01,False
ALT-CSE-03-00477,CSE-03,HIGH,2024-10-30T15:41:36,2024-10-30T15:43:37.087940,2024-10-30T16:14:51.062455,CLOSED,,5G-CORE-UPF-01,False
ALT-CSE-03-00478,CSE-03,LOW,2024-11-05T21:12:38,2024-11-05T21:17:54.942789,2024-11-05T21:50:49.690700,CLOSED,,5G-CORE-UPF-01,False
ALT-CSE-03-00479,CSE-03,CRITICAL,2024-11-11T01:12:56,2024-11-11T01:17:25.927319,2024-11-11T02:25:35.155876,CLOSED,CAS-CSE-03-0054,5G-AMF-NODE-02,False
ALT-CSE-03-00480,CSE-03,MEDIUM,2024-11-20T21:08:08,2024-11-20T21:16:03.480457,2024-11-20T21:47:50.334386,CLOSED,,EDGE-GATEWAY-12,False
ALT-CSE-03-00481,CSE-03,MEDIUM,2024-12-27T05:22:00,2024-12-27T05:26:38.491075,2024-12-27T06:35:33.696595,CLOSED,,5G-AMF-NODE-02,False
ALT-CSE-03-00482,CSE-03,MEDIUM,2024-10-21T00:19:25,2024-10-21T00:27:21.467535,2024-10-21T01:03:38.456306,CLOSED,,EDGE-GATEWAY-12,False
ALT-CSE-03-00483,CSE-03,MEDIUM,2024-11-25T21:31:56,2024-11-25T21:40:30.959961,2024-11-25T22:34:53.385903,CLOSED,,CARRIER-ROUTER-99,False
ALT-CSE-03-00484,CSE-03,CRITICAL,2024-12-22T18:55:35,2024-12-22T19:02:43.196734,2024-12-22T19:58:23.640862,CLOSED,CAS-CSE-03-0055,CARRIER-ROUTER-99,False
ALT-CSE-03-00485,CSE-03,LOW,2024-11-13T05:45:12,2024-11-13T05:53:03.726737,2024-11-13T06:35:20.543215,CLOSED,,TELCO-AAA-SRV,False
ALT-CSE-03-00486,CSE-03,LOW,2024-12-08T04:21:09,2024-12-08T04:30:58.619622,2024-12-08T05:27:50.087151,CLOSED,,5G-AMF-NODE-02,False
ALT-CSE-03-00487,CSE-03,LOW,2024-11-17T00:32:08,2024-11-17T00:41:24.697388,2024-11-17T01:52:11.853402,CLOSED,,CARRIER-ROUTER-99,False
ALT-CSE-03-00488,CSE-03,HIGH,2024-11-26T23:44:14,2024-11-26T23:52:11.530911,2024-11-27T00:22:05.488151,CLOSED,,EDGE-GATEWAY-12,False
ALT-CSE-03-00489,CSE-03,CRITICAL,2024-11-11T18:21:19,2024-11-11T18:28:51.736933,2024-11-11T19:18:34.365215,CLOSED,CAS-CSE-03-0056,TELCO-AAA-SRV,False
ALT-CSE-03-00490,CSE-03,CRITICAL,2024-12-01T16:04:27,2024-12-01T16:07:18.272798,2024-12-01T16:50:22.270035,CLOSED,CAS-CSE-03-0057,5G-AMF-NODE-02,True
ALT-CSE-03-00491,CSE-03,MEDIUM,2024-12-17T00:26:52,2024-12-17T00:29:20.258753,2024-12-17T01:13:00.606549,CLOSED,,5G-AMF-NODE-02,False
ALT-CSE-03-00492,CSE-03,LOW,2024-11-09T17:03:34,2024-11-09T17:11:01.397129,2024-11-09T18:20:08.183987,CLOSED,,TELCO-AAA-SRV,False
ALT-CSE-03-00493,CSE-03,MEDIUM,2024-11-16T15:10:21,2024-11-16T15:18:33.677286,2024-11-16T15:40:22.972668,CLOSED,,5G-CORE-UPF-01,False
ALT-CSE-03-00494,CSE-03,LOW,2024-12-25T13:41:10,2024-12-25T13:46:44.982659,2024-12-25T15:05:46.510735,CLOSED,,TELCO-AAA-SRV,False
ALT-CSE-03-00495,CSE-03,CRITICAL,2024-11-11T17:54:47,2024-11-11T17:58:29.235579,2024-11-11T19:17:26.700550,CLOSED,CAS-CSE-03-0058,5G-AMF-NODE-02,False
ALT-CSE-03-00496,CSE-03,LOW,2024-11-14T12:25:37,2024-11-14T12:28:52.496397,2024-11-14T13:35:15.310296,CLOSED,,5G-CORE-UPF-01,False
ALT-CSE-03-00497,CSE-03,MEDIUM,2024-10-21T10:52:17,2024-10-21T10:58:22.625996,2024-10-21T11:56:52.945948,CLOSED,,TELCO-AAA-SRV,False
ALT-CSE-03-00498,CSE-03,LOW,2024-11-09T12:51:00,2024-11-09T12:56:41.690399,2024-11-09T13:28:27.128235,CLOSED,,5G-AMF-NODE-02,False
ALT-CSE-03-00499,CSE-03,LOW,2024-11-12T13:33:12,2024-11-12T13:35:28.629879,2024-11-12T14:43:48.200478,CLOSED,,CARRIER-ROUTER-99,False
ALT-CSE-03-00500,CSE-03,HIGH,2024-10-07T23:27:07,2024-10-07T23:32:17.208028,2024-10-08T00:51:14.262909,CLOSED,,5G-CORE-UPF-01,False
ALT-CSE-03-00501,CSE-03,HIGH,2024-10-30T23:58:37,2024-10-31T00:08:34.893484,2024-10-31T00:43:36.940204,CLOSED,,CARRIER-ROUTER-99,False
ALT-CSE-03-00502,CSE-03,MEDIUM,2024-12-20T05:05:41,2024-12-20T05:09:56.724681,2024-12-20T06:20:03.766306,CLOSED,,EDGE-GATEWAY-12,False
ALT-CSE-03-00503,CSE-03,HIGH,2024-12-03T10:27:58,2024-12-03T10:30:19.505536,2024-12-03T11:09:11.742508,CLOSED,,TELCO-AAA-SRV,False
ALT-CSE-03-00504,CSE-03,MEDIUM,2024-10-11T10:29:30,2024-10-11T10:34:03.730784,2024-10-11T11:43:15.279280,CLOSED,,CARRIER-ROUTER-99,False
ALT-CSE-03-00505,CSE-03,CRITICAL,2024-12-18T22:45:23,2024-12-18T22:48:51.695947,2024-12-19T00:05:26.944914,CLOSED,CAS-CSE-03-0059,TELCO-AAA-SRV,True
ALT-CSE-03-00506,CSE-03,HIGH,2024-12-23T23:54:59,2024-12-23T23:58:03.831710,2024-12-24T01:08:35.778036,CLOSED,,TELCO-AAA-SRV,False
ALT-CSE-03-00507,CSE-03,MEDIUM,2024-11-12T06:37:05,2024-11-12T06:42:19.853551,2024-11-12T07:24:50.806401,CLOSED,,5G-CORE-UPF-01,False
ALT-CSE-03-00508,CSE-03,HIGH,2024-12-11T10:43:58,2024-12-11T10:51:02.763944,2024-12-11T11:29:14.463331,CLOSED,,5G-CORE-UPF-01,False
ALT-CSE-03-00509,CSE-03,MEDIUM,2024-11-09T23:44:06,2024-11-09T23:53:55.361653,2024-11-10T00:29:21.885196,CLOSED,,CARRIER-ROUTER-99,False
ALT-CSE-03-00510,CSE-03,HIGH,2024-10-17T04:21:23,2024-10-17T04:30:56.622835,2024-10-17T05:18:54.910963,CLOSED,,5G-CORE-UPF-01,False
ALT-CSE-03-00511,CSE-03,MEDIUM,2024-12-04T14:47:45,2024-12-04T14:49:50.772748,2024-12-04T15:48:13.267751,CLOSED,,5G-CORE-UPF-01,False
ALT-CSE-03-00512,CSE-03,HIGH,2024-11-20T10:02:32,2024-11-20T10:04:47.370663,2024-11-20T10:50:50.673359,CLOSED,,5G-CORE-UPF-01,False
ALT-CSE-03-00513,CSE-03,HIGH,2024-12-15T07:40:01,2024-12-15T07:48:28.098588,2024-12-15T08:57:09.950306,CLOSED,,EDGE-GATEWAY-12,False
ALT-CSE-03-00514,CSE-03,MEDIUM,2024-11-04T15:37:58,2024-11-04T15:42:37.479269,2024-11-04T16:28:26.556144,CLOSED,,TELCO-AAA-SRV,False
ALT-CSE-03-00515,CSE-03,CRITICAL,2024-10-12T13:37:20,2024-10-12T13:39:34.482739,2024-10-12T14:07:56.743671,CLOSED,,CARRIER-ROUTER-99,False
ALT-CSE-03-00516,CSE-03,LOW,2024-10-01T19:34:14,2024-10-01T19:39:08.801653,2024-10-01T20:56:51.901767,CLOSED,,EDGE-GATEWAY-12,False
ALT-CSE-03-00517,CSE-03,LOW,2024-10-04T12:09:38,2024-10-04T12:16:07.822006,2024-10-04T13:08:52.288637,CLOSED,,CARRIER-ROUTER-99,False
ALT-CSE-03-00518,CSE-03,HIGH,2024-10-13T07:14:58,2024-10-13T07:23:08.771294,2024-10-13T08:03:52.120327,CLOSED,,EDGE-GATEWAY-12,False
ALT-CSE-03-00519,CSE-03,LOW,2024-12-07T19:59:33,2024-12-07T20:05:55.158121,2024-12-07T20:53:25.262345,CLOSED,,5G-AMF-NODE-02,False
ALT-CSE-03-00520,CSE-03,LOW,2024-10-31T20:54:33,2024-10-31T21:01:02.431863,2024-10-31T21:57:22.115602,CLOSED,,TELCO-AAA-SRV,False
ALT-CSE-03-00521,CSE-03,HIGH,2024-11-11T20:02:10,2024-11-11T20:04:21.978710,2024-11-11T20:53:13.489738,CLOSED,,CARRIER-ROUTER-99,False
ALT-CSE-03-00522,CSE-03,CRITICAL,2024-10-09T11:38:21,2024-10-09T11:44:12.632927,2024-10-09T12:50:13.502422,CLOSED,CAS-CSE-03-0060,CARRIER-ROUTER-99,False
ALT-CSE-03-00523,CSE-03,CRITICAL,2024-11-26T19:13:09,2024-11-26T19:16:45.362945,2024-11-26T20:31:24.732327,CLOSED,CAS-CSE-03-0061,5G-AMF-NODE-02,False
ALT-CSE-03-00524,CSE-03,MEDIUM,2024-10-20T05:06:24,2024-10-20T05:10:32.216728,2024-10-20T06:24:09.396295,CLOSED,,CARRIER-ROUTER-99,False
ALT-CSE-03-00525,CSE-03,MEDIUM,2024-10-02T22:21:22,2024-10-02T22:28:43.138200,2024-10-02T23:25:42.560707,CLOSED,,TELCO-AAA-SRV,False
ALT-CSE-03-00526,CSE-03,MEDIUM,2024-10-16T11:40:13,2024-10-16T11:43:06.759280,2024-10-16T13:01:48.127562,CLOSED,,TELCO-AAA-SRV,False
ALT-CSE-03-00527,CSE-03,LOW,2024-11-08T12:24:13,2024-11-08T12:28:26.071197,2024-11-08T13:14:56.133135,CLOSED,,CARRIER-ROUTER-99,False
ALT-CSE-03-00528,CSE-03,HIGH,2024-12-07T22:54:52,2024-12-07T23:03:18.175466,2024-12-07T23:48:36.051056,CLOSED,,5G-AMF-NODE-02,False
ALT-CSE-03-00529,CSE-03,LOW,2024-10-13T09:06:41,2024-10-13T09:15:27.489358,2024-10-13T10:20:10.855651,CLOSED,,TELCO-AAA-SRV,False
ALT-CSE-03-00530,CSE-03,CRITICAL,2024-12-05T16:22:39,2024-12-05T16:28:43.827823,2024-12-05T17:46:33.742071,CLOSED,CAS-CSE-03-0062,5G-CORE-UPF-01,False
ALT-CSE-03-00531,CSE-03,HIGH,2024-12-09T22:58:58,2024-12-09T23:04:30.509682,2024-12-10T00:02:48.897713,CLOSED,,5G-CORE-UPF-01,False
ALT-CSE-03-00532,CSE-03,LOW,2024-11-23T22:32:25,2024-11-23T22:39:13.523560,2024-11-23T23:55:37.543957,CLOSED,,CARRIER-ROUTER-99,False
ALT-CSE-03-00533,CSE-03,HIGH,2024-12-14T13:41:44,2024-12-14T13:50:03.645078,2024-12-14T14:28:20.734532,CLOSED,,5G-CORE-UPF-01,False
ALT-CSE-03-00534,CSE-03,LOW,2024-12-26T19:44:01,2024-12-26T19:49:13.887991,2024-12-26T20:20:03.886664,CLOSED,,EDGE-GATEWAY-12,False
ALT-CSE-03-00535,CSE-03,HIGH,2024-12-10T15:57:45,2024-12-10T15:59:51.818417,2024-12-10T17:14:35.535135,CLOSED,,EDGE-GATEWAY-12,False
ALT-CSE-03-00536,CSE-03,LOW,2024-11-29T00:48:06,2024-11-29T00:57:04.859171,2024-11-29T01:36:14.011523,CLOSED,,EDGE-GATEWAY-12,False
ALT-CSE-03-00537,CSE-03,CRITICAL,2024-10-12T17:20:25,2024-10-12T17:24:33.529940,2024-10-12T18:01:00.547688,CLOSED,CAS-CSE-03-0063,5G-CORE-UPF-01,False
ALT-CSE-03-00538,CSE-03,MEDIUM,2024-12-11T22:49:48,2024-12-11T22:52:41.906850,2024-12-11T23:59:29.651591,CLOSED,,5G-CORE-UPF-01,False
ALT-CSE-03-00539,CSE-03,HIGH,2024-12-08T22:53:40,2024-12-08T22:57:26.250941,2024-12-09T00:16:18.747397,CLOSED,,TELCO-AAA-SRV,False
ALT-CSE-03-00540,CSE-03,LOW,2024-11-27T09:50:58,2024-11-27T09:57:41.343496,2024-11-27T10:55:52.720125,CLOSED,,5G-CORE-UPF-01,False
ALT-CSE-03-00541,CSE-03,LOW,2024-10-07T15:35:12,2024-10-07T15:37:58.662406,2024-10-07T16:43:47.462618,CLOSED,,EDGE-GATEWAY-12,False
ALT-CSE-03-00542,CSE-03,HIGH,2024-10-03T03:21:28,2024-10-03T03:30:35.060000,2024-10-03T04:44:18.646456,CLOSED,CAS-CSE-03-0064,TELCO-AAA-SRV,False
ALT-CSE-03-00543,CSE-03,LOW,2024-12-20T12:46:55,2024-12-20T12:52:17.572197,2024-12-20T13:31:07.319927,CLOSED,,EDGE-GATEWAY-12,False
ALT-CSE-03-00544,CSE-03,CRITICAL,2024-12-08T12:17:24,2024-12-08T12:24:53.002507,2024-12-08T13:27:23.860402,CLOSED,CAS-CSE-03-0065,5G-AMF-NODE-02,False
ALT-CSE-03-00545,CSE-03,CRITICAL,2024-12-19T10:39:08,2024-12-19T10:47:36.188365,2024-12-19T11:43:20.250268,CLOSED,,CARRIER-ROUTER-99,False
ALT-CSE-03-00546,CSE-03,MEDIUM,2024-12-07T00:22:52,2024-12-07T00:30:39.702663,2024-12-07T01:25:48.100350,CLOSED,,5G-AMF-NODE-02,False
ALT-CSE-03-00547,CSE-03,MEDIUM,2024-12-23T16:33:28,2024-12-23T16:40:05.787937,2024-12-23T17:03:29.609195,CLOSED,,5G-AMF-NODE-02,False
ALT-CSE-03-00548,CSE-03,CRITICAL,2024-12-21T21:19:53,2024-12-21T21:23:57.663956,2024-12-21T22:13:41.027143,CLOSED,CAS-CSE-03-0066,5G-CORE-UPF-01,False
ALT-CSE-03-00549,CSE-03,LOW,2024-11-07T22:29:50,2024-11-07T22:34:40.122964,2024-11-07T23:46:37.048706,CLOSED,,EDGE-GATEWAY-12,False
ALT-CSE-03-00550,CSE-03,MEDIUM,2024-10-21T11:51:22,2024-10-21T11:53:32.895803,2024-10-21T13:15:15.912474,CLOSED,,EDGE-GATEWAY-12,False
ALT-CSE-03-00551,CSE-03,HIGH,2024-10-06T13:36:45,2024-10-06T13:41:10.539044,2024-10-06T14:57:44.488292,CLOSED,,TELCO-AAA-SRV,False
ALT-CSE-03-00552,CSE-03,HIGH,2024-10-10T18:00:42,2024-10-10T18:05:53.009092,2024-10-10T18:50:02.641720,CLOSED,,5G-AMF-NODE-02,False
ALT-CSE-03-00553,CSE-03,LOW,2024-12-08T14:07:49,2024-12-08T14:17:16.394061,2024-12-08T15:26:04.775644,CLOSED,,5G-AMF-NODE-02,False
ALT-CSE-03-00554,CSE-03,LOW,2024-10-13T15:20:58,2024-10-13T15:29:07.054387,2024-10-13T16:37:33.165588,CLOSED,,5G-CORE-UPF-01,False
ALT-CSE-03-00555,CSE-03,MEDIUM,2024-10-15T08:16:46,2024-10-15T08:26:42.744439,2024-10-15T09:35:54.040356,CLOSED,,EDGE-GATEWAY-12,False
ALT-CSE-03-00556,CSE-03,LOW,2024-11-07T10:23:32,2024-11-07T10:27:34.243110,2024-11-07T11:43:57.618382,CLOSED,,TELCO-AAA-SRV,False
ALT-CSE-03-00557,CSE-03,CRITICAL,2024-10-22T02:58:31,2024-10-22T03:05:52.360608,2024-10-22T03:59:47.084397,CLOSED,,CARRIER-ROUTER-99,False
ALT-CSE-03-00558,CSE-03,MEDIUM,2024-11-01T03:02:24,2024-11-01T03:08:45.162251,2024-11-01T03:38:55.281086,CLOSED,,5G-CORE-UPF-01,False
ALT-CSE-03-00559,CSE-03,MEDIUM,2024-12-23T00:51:17,2024-12-23T00:57:18.919658,2024-12-23T01:52:59.808798,CLOSED,,CARRIER-ROUTER-99,False
ALT-CSE-03-00560,CSE-03,LOW,2024-10-04T12:12:17,2024-10-04T12:18:25.677523,2024-10-04T13:02:34.677101,CLOSED,,CARRIER-ROUTER-99,False
ALT-CSE-03-00561,CSE-03,LOW,2024-12-05T13:37:49,2024-12-05T13:44:55.751909,2024-12-05T14:36:08.361984,CLOSED,,CARRIER-ROUTER-99,False
ALT-CSE-03-00562,CSE-03,MEDIUM,2024-11-19T12:15:38,2024-11-19T12:18:37.992492,2024-11-19T12:55:05.549248,CLOSED,,TELCO-AAA-SRV,False
ALT-CSE-03-00563,CSE-03,MEDIUM,2024-11-06T04:53:46,2024-11-06T04:58:48.827433,2024-11-06T05:34:33.276949,CLOSED,,CARRIER-ROUTER-99,False
ALT-CSE-03-00564,CSE-03,MEDIUM,2024-11-28T01:12:47,2024-11-28T01:18:06.097685,2024-11-28T01:50:35.836491,CLOSED,,TELCO-AAA-SRV,False
ALT-CSE-03-00565,CSE-03,MEDIUM,2024-10-16T20:21:34,2024-10-16T20:24:40.651042,2024-10-16T21:14:21.249668,CLOSED,,5G-AMF-NODE-02,False
ALT-CSE-03-00566,CSE-03,CRITICAL,2024-10-17T21:29:22,2024-10-17T21:35:07.605226,2024-10-17T22:12:03.296626,CLOSED,CAS-CSE-03-0067,EDGE-GATEWAY-12,False
ALT-CSE-03-00567,CSE-03,MEDIUM,2024-11-03T10:28:51,2024-11-03T10:38:34.320931,2024-11-03T11:33:45.776400,CLOSED,,TELCO-AAA-SRV,False
ALT-CSE-03-00568,CSE-03,LOW,2024-12-19T17:30:49,2024-12-19T17:38:48.231507,2024-12-19T18:53:07.184778,CLOSED,,5G-AMF-NODE-02,False
ALT-CSE-03-00569,CSE-03,LOW,2024-12-16T01:30:42,2024-12-16T01:40:07.590044,2024-12-16T02:47:27.656496,CLOSED,,5G-AMF-NODE-02,False
ALT-CSE-03-00570,CSE-03,LOW,2024-10-02T17:21:20,2024-10-02T17:24:02.206643,2024-10-02T18:16:19.355806,CLOSED,,5G-CORE-UPF-01,False
ALT-CSE-03-00571,CSE-03,MEDIUM,2024-10-03T14:17:55,2024-10-03T14:23:16.837491,2024-10-03T15:18:56.293718,CLOSED,,CARRIER-ROUTER-99,False
ALT-CSE-03-00572,CSE-03,LOW,2024-10-02T17:18:51,2024-10-02T17:21:55.089384,2024-10-02T18:10:06.696356,CLOSED,,EDGE-GATEWAY-12,False
ALT-CSE-03-00573,CSE-03,HIGH,2024-11-14T03:50:01,2024-11-14T03:53:48.140717,2024-11-14T04:40:04.689245,CLOSED,,5G-CORE-UPF-01,False
ALT-CSE-03-00574,CSE-03,LOW,2024-12-21T10:52:14,2024-12-21T10:59:22.418429,2024-12-21T12:00:32.507108,CLOSED,,EDGE-GATEWAY-12,False
ALT-CSE-03-00575,CSE-03,CRITICAL,2024-12-12T03:16:43,2024-12-12T03:20:27.141930,2024-12-12T04:38:57.275759,CLOSED,,5G-CORE-UPF-01,False
ALT-CSE-03-00576,CSE-03,LOW,2024-11-11T20:43:50,2024-11-11T20:52:32.229999,2024-11-11T21:54:59.768529,CLOSED,,TELCO-AAA-SRV,False
ALT-CSE-03-00577,CSE-03,LOW,2024-12-01T20:39:48,2024-12-01T20:42:11.969868,2024-12-01T21:33:09.017237,CLOSED,,TELCO-AAA-SRV,False
ALT-CSE-03-00578,CSE-03,LOW,2024-10-25T22:52:15,2024-10-25T22:58:00.933257,2024-10-25T23:57:46.468798,CLOSED,,5G-AMF-NODE-02,False
ALT-CSE-03-00579,CSE-03,LOW,2024-12-09T04:04:59,2024-12-09T04:14:23.824463,2024-12-09T04:39:21.261101,CLOSED,,5G-CORE-UPF-01,False
ALT-CSE-03-00580,CSE-03,HIGH,2024-11-23T12:37:55,2024-11-23T12:41:45.621354,2024-11-23T13:21:41.065210,CLOSED,,EDGE-GATEWAY-12,False
ALT-CSE-03-00581,CSE-03,HIGH,2024-10-02T17:34:43,2024-10-02T17:43:03.330576,2024-10-02T18:40:02.956169,CLOSED,,TELCO-AAA-SRV,False
ALT-CSE-03-00582,CSE-03,LOW,2024-12-13T02:27:57,2024-12-13T02:32:42.980368,2024-12-13T03:10:08.572871,CLOSED,,CARRIER-ROUTER-99,False
ALT-CSE-03-00583,CSE-03,HIGH,2024-11-01T12:08:43,2024-11-01T12:12:24.636770,2024-11-01T12:51:08.723496,CLOSED,,5G-AMF-NODE-02,False
ALT-CSE-03-00584,CSE-03,HIGH,2024-11-04T23:03:18,2024-11-04T23:12:22.834831,2024-11-05T00:00:23.380149,CLOSED,,5G-AMF-NODE-02,False
ALT-CSE-03-00585,CSE-03,MEDIUM,2024-10-25T11:47:40,2024-10-25T11:52:33.813748,2024-10-25T12:54:45.694237,CLOSED,,5G-CORE-UPF-01,False
ALT-CSE-03-00586,CSE-03,HIGH,2024-10-11T08:30:51,2024-10-11T08:38:07.017272,2024-10-11T09:29:30.847065,CLOSED,,5G-AMF-NODE-02,False
ALT-CSE-03-00587,CSE-03,CRITICAL,2024-12-29T20:44:13,2024-12-29T20:48:28.347559,2024-12-29T21:31:12.739130,CLOSED,,5G-AMF-NODE-02,False
ALT-CSE-03-00588,CSE-03,MEDIUM,2024-10-19T09:48:36,2024-10-19T09:54:50.997508,2024-10-19T10:50:38.038190,CLOSED,,TELCO-AAA-SRV,False
ALT-CSE-03-00589,CSE-03,MEDIUM,2024-11-21T20:50:48,2024-11-21T20:56:42.809423,2024-11-21T22:06:34.210808,CLOSED,,CARRIER-ROUTER-99,False
ALT-CSE-03-00590,CSE-03,HIGH,2024-12-16T02:19:05,2024-12-16T02:21:12.590973,2024-12-16T03:30:13.660898,CLOSED,,TELCO-AAA-SRV,False
ALT-CSE-03-00591,CSE-03,HIGH,2024-12-06T19:17:55,2024-12-06T19:24:55.410084,2024-12-06T20:36:33.569222,CLOSED,,5G-AMF-NODE-02,False
ALT-CSE-03-00592,CSE-03,MEDIUM,2024-11-18T20:00:06,2024-11-18T20:08:25.965926,2024-11-18T20:47:12.542231,CLOSED,,TELCO-AAA-SRV,False
ALT-CSE-03-00593,CSE-03,CRITICAL,2024-11-07T05:11:50,2024-11-07T05:18:26.589575,2024-11-07T06:34:12.192487,CLOSED,,EDGE-GATEWAY-12,False
ALT-CSE-03-00594,CSE-03,HIGH,2024-11-03T01:02:00,2024-11-03T01:05:55.846575,2024-11-03T02:07:29.206286,CLOSED,CAS-CSE-03-0068,CARRIER-ROUTER-99,False
ALT-CSE-03-00595,CSE-03,MEDIUM,2024-12-22T17:42:33,2024-12-22T17:47:54.449496,2024-12-22T18:49:08.043164,CLOSED,,TELCO-AAA-SRV,False
ALT-CSE-03-00596,CSE-03,MEDIUM,2024-10-29T03:18:32,2024-10-29T03:23:49.524509,2024-10-29T04:42:49.622691,CLOSED,,TELCO-AAA-SRV,False
ALT-CSE-03-00597,CSE-03,MEDIUM,2024-12-17T00:04:17,2024-12-17T00:06:49.759172,2024-12-17T01:28:56.091723,CLOSED,,EDGE-GATEWAY-12,False
ALT-CSE-03-00598,CSE-03,MEDIUM,2024-11-12T04:30:03,2024-11-12T04:33:46.319649,2024-11-12T05:22:50.074295,CLOSED,,5G-CORE-UPF-01,False
ALT-CSE-03-00599,CSE-03,LOW,2024-12-24T10:36:49,2024-12-24T10:43:24.611808,2024-12-24T11:40:49.720731,CLOSED,,CARRIER-ROUTER-99,False
ALT-CSE-03-00600,CSE-03,LOW,2024-11-01T20:21:51,2024-11-01T20:31:40.508163,2024-11-01T21:24:04.058472,CLOSED,,5G-CORE-UPF-01,False
ALT-CSE-03-00601,CSE-03,CRITICAL,2024-11-24T09:32:08,2024-11-24T09:36:48.951670,2024-11-24T10:26:14.150867,CLOSED,CAS-CSE-03-0069,5G-CORE-UPF-01,False
ALT-CSE-03-00602,CSE-03,CRITICAL,2024-10-28T06:16:31,2024-10-28T06:22:12.100616,2024-10-28T07:13:42.286689,CLOSED,CAS-CSE-03-0070,5G-AMF-NODE-02,True
ALT-CSE-03-00603,CSE-03,MEDIUM,2024-12-15T22:02:49,2024-12-15T22:09:29.038219,2024-12-15T23:21:24.025294,CLOSED,,CARRIER-ROUTER-99,False
ALT-CSE-03-00604,CSE-03,HIGH,2024-11-24T15:14:37,2024-11-24T15:24:09.954473,2024-11-24T16:32:53.934036,CLOSED,,EDGE-GATEWAY-12,False
ALT-CSE-03-00605,CSE-03,CRITICAL,2024-11-16T11:25:49,2024-11-16T11:32:14.898526,2024-11-16T12:30:33.487198,CLOSED,,5G-AMF-NODE-02,False
ALT-CSE-03-00606,CSE-03,CRITICAL,2024-11-23T09:55:14,2024-11-23T10:02:58.687478,2024-11-23T10:32:00.972886,CLOSED,,5G-CORE-UPF-01,False
ALT-CSE-03-00607,CSE-03,MEDIUM,2024-10-18T06:33:01,2024-10-18T06:39:03.212675,2024-10-18T07:25:26.739833,CLOSED,,TELCO-AAA-SRV,False
ALT-CSE-03-00608,CSE-03,MEDIUM,2024-11-08T08:40:43,2024-11-08T08:44:10.458326,2024-11-08T09:15:26.161889,CLOSED,,TELCO-AAA-SRV,False
ALT-CSE-03-00609,CSE-03,HIGH,2024-11-03T00:42:40,2024-11-03T00:45:31.686462,2024-11-03T02:00:21.234574,CLOSED,,5G-CORE-UPF-01,False
ALT-CSE-03-00610,CSE-03,MEDIUM,2024-11-08T14:19:54,2024-11-08T14:25:27.746320,2024-11-08T15:24:41.139525,CLOSED,,5G-CORE-UPF-01,False
ALT-CSE-03-00611,CSE-03,MEDIUM,2024-10-01T18:27:39,2024-10-01T18:29:39.751153,2024-10-01T19:12:14.057993,CLOSED,,CARRIER-ROUTER-99,False
ALT-CSE-03-00612,CSE-03,MEDIUM,2024-11-16T23:12:47,2024-11-16T23:21:59.101223,2024-11-16T23:57:47.560858,CLOSED,,5G-AMF-NODE-02,False
ALT-CSE-03-00613,CSE-03,MEDIUM,2024-12-05T09:06:23,2024-12-05T09:15:34.907501,2024-12-05T09:52:29.894015,CLOSED,,EDGE-GATEWAY-12,False
ALT-CSE-03-00614,CSE-03,LOW,2024-11-11T02:55:03,2024-11-11T02:59:50.794067,2024-11-11T04:01:18.459032,CLOSED,,EDGE-GATEWAY-12,False
ALT-CSE-03-00615,CSE-03,HIGH,2024-11-20T03:00:22,2024-11-20T03:03:57.219957,2024-11-20T03:32:50.083379,CLOSED,,5G-CORE-UPF-01,False
ALT-CSE-03-00616,CSE-03,MEDIUM,2024-11-26T22:13:59,2024-11-26T22:19:42.079328,2024-11-26T23:24:50.709437,CLOSED,,5G-CORE-UPF-01,False
ALT-CSE-03-00617,CSE-03,HIGH,2024-10-22T01:58:50,2024-10-22T02:07:45.029641,2024-10-22T02:42:54.862939,CLOSED,,5G-AMF-NODE-02,False
ALT-CSE-03-00618,CSE-03,HIGH,2024-11-11T22:40:41,2024-11-11T22:46:23.381965,2024-11-11T23:47:50.193622,CLOSED,,TELCO-AAA-SRV,False
ALT-CSE-03-00619,CSE-03,MEDIUM,2024-10-25T08:09:06,2024-10-25T08:18:19.536271,2024-10-25T09:22:23.153375,CLOSED,,5G-AMF-NODE-02,False
ALT-CSE-03-00620,CSE-03,MEDIUM,2024-12-20T20:58:35,2024-12-20T21:06:44.139063,2024-12-20T21:57:50.707114,CLOSED,,TELCO-AAA-SRV,False
ALT-CSE-03-00621,CSE-03,HIGH,2024-10-21T01:55:06,2024-10-21T02:02:25.495583,2024-10-21T02:25:35.947781,CLOSED,,EDGE-GATEWAY-12,False
ALT-CSE-03-00622,CSE-03,MEDIUM,2024-10-09T22:43:32,2024-10-09T22:47:35.245155,2024-10-09T23:39:24.030850,CLOSED,,TELCO-AAA-SRV,False
ALT-CSE-03-00623,CSE-03,CRITICAL,2024-12-26T22:31:25,2024-12-26T22:38:54.147178,2024-12-26T23:11:26.682350,CLOSED,CAS-CSE-03-0071,5G-CORE-UPF-01,False
ALT-CSE-03-00624,CSE-03,LOW,2024-11-25T23:09:31,2024-11-25T23:16:17.238369,2024-11-26T00:05:59.518569,CLOSED,,CARRIER-ROUTER-99,False
ALT-CSE-03-00625,CSE-03,LOW,2024-11-08T03:50:29,2024-11-08T03:59:34.946989,2024-11-08T05:14:20.846161,CLOSED,,EDGE-GATEWAY-12,False
ALT-CSE-03-00626,CSE-03,LOW,2024-12-20T19:55:25,2024-12-20T20:02:45.882919,2024-12-20T20:51:31.072123,CLOSED,,5G-CORE-UPF-01,False
ALT-CSE-03-00627,CSE-03,MEDIUM,2024-12-12T21:15:16,2024-12-12T21:24:45.151711,2024-12-12T22:01:12.442163,CLOSED,,5G-AMF-NODE-02,False
ALT-CSE-03-00628,CSE-03,MEDIUM,2024-11-11T02:07:00,2024-11-11T02:13:00.216957,2024-11-11T03:21:31.904495,CLOSED,,5G-CORE-UPF-01,False
ALT-CSE-03-00629,CSE-03,HIGH,2024-11-03T19:30:57,2024-11-03T19:39:00.440846,2024-11-03T20:22:13.629288,CLOSED,,EDGE-GATEWAY-12,False
ALT-CSE-03-00630,CSE-03,MEDIUM,2024-10-15T00:29:41,2024-10-15T00:38:45.117056,2024-10-15T01:17:36.551653,CLOSED,,TELCO-AAA-SRV,False
ALT-CSE-03-00631,CSE-03,MEDIUM,2024-12-26T08:34:37,2024-12-26T08:39:39.283956,2024-12-26T09:15:59.704977,CLOSED,,5G-CORE-UPF-01,False
ALT-CSE-03-00632,CSE-03,MEDIUM,2024-11-24T09:26:40,2024-11-24T09:34:44.449810,2024-11-24T10:37:42.188300,CLOSED,,TELCO-AAA-SRV,False
ALT-CSE-03-00633,CSE-03,HIGH,2024-12-06T20:29:28,2024-12-06T20:33:15.518736,2024-12-06T21:32:12.777490,CLOSED,,TELCO-AAA-SRV,False
ALT-CSE-03-00634,CSE-03,HIGH,2024-12-10T11:45:15,2024-12-10T11:50:34.295453,2024-12-10T12:52:33.815527,CLOSED,,5G-AMF-NODE-02,False
ALT-CSE-03-00635,CSE-03,MEDIUM,2024-10-09T13:26:42,2024-10-09T13:30:46.947884,2024-10-09T14:35:04.308574,CLOSED,,EDGE-GATEWAY-12,False
ALT-CSE-03-00636,CSE-03,HIGH,2024-11-09T07:26:50,2024-11-09T07:34:11.686096,2024-11-09T08:09:50.566061,CLOSED,,TELCO-AAA-SRV,False
ALT-CSE-03-00637,CSE-03,HIGH,2024-12-28T23:39:58,2024-12-28T23:45:29.870735,2024-12-29T00:31:39.727139,CLOSED,,5G-AMF-NODE-02,False
ALT-CSE-03-00638,CSE-03,MEDIUM,2024-12-13T23:42:48,2024-12-13T23:45:06.359930,2024-12-14T00:30:18.598946,CLOSED,,EDGE-GATEWAY-12,False
ALT-CSE-03-00639,CSE-03,LOW,2024-11-08T04:20:09,2024-11-08T04:29:15.563519,2024-11-08T05:12:11.964691,CLOSED,,5G-CORE-UPF-01,False
ALT-CSE-03-00640,CSE-03,CRITICAL,2024-11-08T05:46:24,2024-11-08T05:50:00.408714,2024-11-08T06:24:22.807291,CLOSED,,5G-CORE-UPF-01,False
ALT-CSE-03-00641,CSE-03,MEDIUM,2024-10-08T11:56:12,2024-10-08T12:01:18.643586,2024-10-08T12:29:18.405149,CLOSED,,EDGE-GATEWAY-12,False
ALT-CSE-03-00642,CSE-03,MEDIUM,2024-12-11T22:34:39,2024-12-11T22:44:22.226044,2024-12-11T23:49:11.390196,CLOSED,,5G-CORE-UPF-01,False
ALT-CSE-03-00643,CSE-03,LOW,2024-12-21T11:39:15,2024-12-21T11:48:31.559084,2024-12-21T12:15:11.710815,CLOSED,,5G-AMF-NODE-02,False
ALT-CSE-03-00644,CSE-03,MEDIUM,2024-11-05T08:03:17,2024-11-05T08:11:24.270935,2024-11-05T09:22:20.583954,CLOSED,,5G-AMF-NODE-02,False
ALT-CSE-03-00645,CSE-03,LOW,2024-12-06T18:45:07,2024-12-06T18:52:57.145609,2024-12-06T19:56:17.461517,CLOSED,,5G-AMF-NODE-02,False
ALT-CSE-03-00646,CSE-03,MEDIUM,2024-11-05T10:15:22,2024-11-05T10:24:48.884636,2024-11-05T11:11:55.011239,CLOSED,,5G-AMF-NODE-02,False
ALT-CSE-03-00647,CSE-03,LOW,2024-11-27T20:04:28,2024-11-27T20:09:00.113372,2024-11-27T21:15:40.687073,CLOSED,,TELCO-AAA-SRV,False
ALT-CSE-03-00648,CSE-03,MEDIUM,2024-11-15T12:24:50,2024-11-15T12:32:24.547067,2024-11-15T13:13:14.309071,CLOSED,,CARRIER-ROUTER-99,False
ALT-CSE-03-00649,CSE-03,MEDIUM,2024-11-26T18:36:49,2024-11-26T18:44:31.829080,2024-11-26T19:08:50.879198,CLOSED,,5G-CORE-UPF-01,False
ALT-CSE-03-00650,CSE-03,LOW,2024-12-07T07:43:39,2024-12-07T07:50:21.151386,2024-12-07T08:46:56.013398,CLOSED,,EDGE-GATEWAY-12,False
ALT-CSE-03-00651,CSE-03,LOW,2024-10-10T07:55:37,2024-10-10T08:00:13.315859,2024-10-10T09:04:19.550341,CLOSED,,5G-AMF-NODE-02,False
ALT-CSE-03-00652,CSE-03,LOW,2024-11-16T10:25:20,2024-11-16T10:27:24.543458,2024-11-16T11:31:27.630951,CLOSED,,EDGE-GATEWAY-12,False
ALT-CSE-03-00653,CSE-03,HIGH,2024-12-15T08:02:55,2024-12-15T08:10:28.798830,2024-12-15T08:38:41.068445,CLOSED,,TELCO-AAA-SRV,False
ALT-CSE-03-00654,CSE-03,MEDIUM,2024-10-19T22:27:58,2024-10-19T22:33:44.063241,2024-10-19T23:12:22.005972,CLOSED,,5G-CORE-UPF-01,False
ALT-CSE-03-00655,CSE-03,HIGH,2024-10-25T05:52:30,2024-10-25T05:57:58.588242,2024-10-25T06:52:28.575435,CLOSED,,5G-CORE-UPF-01,False
ALT-CSE-03-00656,CSE-03,MEDIUM,2024-11-16T19:12:37,2024-11-16T19:15:17.124151,2024-11-16T19:50:03.845088,CLOSED,,EDGE-GATEWAY-12,False
ALT-CSE-03-00657,CSE-03,LOW,2024-11-21T02:22:10,2024-11-21T02:26:17.638131,2024-11-21T03:30:41.269472,CLOSED,,CARRIER-ROUTER-99,False
ALT-CSE-03-00658,CSE-03,CRITICAL,2024-11-27T07:48:55,2024-11-27T07:53:44.532886,2024-11-27T08:41:40.131265,CLOSED,CAS-CSE-03-0072,CARRIER-ROUTER-99,False
ALT-CSE-03-00659,CSE-03,MEDIUM,2024-10-16T04:41:49,2024-10-16T04:45:03.466495,2024-10-16T05:49:54.978159,CLOSED,,CARRIER-ROUTER-99,False
ALT-CSE-03-00660,CSE-03,LOW,2024-12-07T01:41:18,2024-12-07T01:47:40.461849,2024-12-07T02:41:54.027864,CLOSED,,5G-CORE-UPF-01,False
ALT-CSE-03-00661,CSE-03,LOW,2024-12-27T05:04:21,2024-12-27T05:09:50.846017,2024-12-27T05:34:39.948713,CLOSED,,5G-AMF-NODE-02,False
ALT-CSE-03-00662,CSE-03,LOW,2024-11-23T02:27:28,2024-11-23T02:35:41.560662,2024-11-23T03:36:42.543146,CLOSED,,EDGE-GATEWAY-12,False
ALT-CSE-03-00663,CSE-03,LOW,2024-12-17T10:01:33,2024-12-17T10:05:26.058004,2024-12-17T11:23:49.730244,CLOSED,,EDGE-GATEWAY-12,False
ALT-CSE-03-00664,CSE-03,LOW,2024-11-21T04:21:39,2024-11-21T04:28:32.983825,2024-11-21T04:57:21.771466,CLOSED,,5G-AMF-NODE-02,False
ALT-CSE-03-00665,CSE-03,MEDIUM,2024-12-27T21:51:06,2024-12-27T21:57:53.340863,2024-12-27T22:43:38.804407,CLOSED,,TELCO-AAA-SRV,False
ALT-CSE-03-00666,CSE-03,LOW,2024-11-09T20:37:26,2024-11-09T20:43:38.599075,2024-11-09T21:24:28.349336,CLOSED,,TELCO-AAA-SRV,False
ALT-CSE-03-00667,CSE-03,HIGH,2024-10-27T21:24:40,2024-10-27T21:32:04.426328,2024-10-27T22:12:19.164141,CLOSED,,5G-AMF-NODE-02,False
ALT-CSE-03-00668,CSE-03,LOW,2024-10-24T19:47:56,2024-10-24T19:50:45.300027,2024-10-24T20:18:28.365796,CLOSED,,5G-CORE-UPF-01,False
ALT-CSE-03-00669,CSE-03,LOW,2024-11-04T07:32:05,2024-11-04T07:39:53.467705,2024-11-04T08:04:47.624907,CLOSED,,EDGE-GATEWAY-12,False
ALT-CSE-03-00670,CSE-03,CRITICAL,2024-11-22T09:55:21,2024-11-22T10:01:11.487876,2024-11-22T10:47:31.300259,CLOSED,CAS-CSE-03-0073,5G-CORE-UPF-01,False
ALT-CSE-03-00671,CSE-03,MEDIUM,2024-11-02T20:34:19,2024-11-02T20:40:39.609565,2024-11-02T21:40:05.683978,CLOSED,,CARRIER-ROUTER-99,False
ALT-CSE-03-00672,CSE-03,MEDIUM,2024-10-11T13:41:27,2024-10-11T13:43:27.724034,2024-10-11T15:01:11.783484,CLOSED,,EDGE-GATEWAY-12,False
ALT-CSE-03-00673,CSE-03,LOW,2024-12-19T23:21:21,2024-12-19T23:26:42.824242,2024-12-20T00:24:02.984495,CLOSED,,CARRIER-ROUTER-99,False
ALT-CSE-03-00674,CSE-03,HIGH,2024-11-12T06:11:12,2024-11-12T06:13:50.102087,2024-11-12T06:52:52.079890,CLOSED,,EDGE-GATEWAY-12,False
ALT-CSE-03-00675,CSE-03,LOW,2024-11-06T14:18:19,2024-11-06T14:21:52.053487,2024-11-06T15:09:26.520668,CLOSED,,CARRIER-ROUTER-99,False
ALT-CSE-03-00676,CSE-03,MEDIUM,2024-11-02T02:06:26,2024-11-02T02:10:22.273710,2024-11-02T02:48:29.551342,CLOSED,,CARRIER-ROUTER-99,False
ALT-CSE-03-00677,CSE-03,LOW,2024-11-12T23:31:57,2024-11-12T23:36:09.721044,2024-11-13T00:33:31.449226,CLOSED,,5G-AMF-NODE-02,False
ALT-CSE-03-00678,CSE-03,HIGH,2024-11-16T13:20:35,2024-11-16T13:27:12.035409,2024-11-16T14:37:55.043642,CLOSED,,TELCO-AAA-SRV,False
ALT-CSE-03-00679,CSE-03,LOW,2024-10-17T12:45:16,2024-10-17T12:51:16.959337,2024-10-17T13:49:09.234758,CLOSED,,5G-CORE-UPF-01,False
ALT-CSE-03-00680,CSE-03,HIGH,2024-10-18T14:30:07,2024-10-18T14:33:51.916946,2024-10-18T15:16:04.560756,CLOSED,,TELCO-AAA-SRV,False
ALT-CSE-03-00681,CSE-03,HIGH,2024-10-31T09:51:41,2024-10-31T09:54:05.133799,2024-10-31T11:14:40.979785,CLOSED,CAS-CSE-03-0074,5G-CORE-UPF-01,False
ALT-CSE-03-00682,CSE-03,HIGH,2024-10-13T16:14:12,2024-10-13T16:22:12.743438,2024-10-13T16:45:39.188071,CLOSED,,EDGE-GATEWAY-12,False
ALT-CSE-03-00683,CSE-03,MEDIUM,2024-11-27T18:51:07,2024-11-27T18:53:43.496898,2024-11-27T19:40:39.829304,CLOSED,,EDGE-GATEWAY-12,False
ALT-CSE-03-00684,CSE-03,MEDIUM,2024-10-23T22:29:08,2024-10-23T22:38:56.723203,2024-10-23T23:21:39.976297,CLOSED,,5G-CORE-UPF-01,False
ALT-CSE-03-00685,CSE-03,MEDIUM,2024-12-12T22:07:50,2024-12-12T22:15:45.911834,2024-12-12T22:55:16.376303,CLOSED,,5G-CORE-UPF-01,False
ALT-CSE-03-00686,CSE-03,MEDIUM,2024-10-10T01:01:03,2024-10-10T01:06:33.760184,2024-10-10T01:47:26.528382,CLOSED,,5G-AMF-NODE-02,False
ALT-CSE-03-00687,CSE-03,MEDIUM,2024-11-05T10:08:08,2024-11-05T10:11:46.393199,2024-11-05T11:02:24.027124,CLOSED,,EDGE-GATEWAY-12,False
ALT-CSE-03-00688,CSE-03,MEDIUM,2024-11-20T20:56:41,2024-11-20T21:02:17.192283,2024-11-20T21:43:09.148190,CLOSED,,EDGE-GATEWAY-12,False
ALT-CSE-03-00689,CSE-03,MEDIUM,2024-11-03T15:03:58,2024-11-03T15:13:11.515872,2024-11-03T16:21:55.903072,CLOSED,,TELCO-AAA-SRV,False
ALT-CSE-03-00690,CSE-03,CRITICAL,2024-10-11T23:50:54,2024-10-11T23:59:17.898760,2024-10-12T00:54:33.844541,CLOSED,CAS-CSE-03-0075,EDGE-GATEWAY-12,False
ALT-CSE-03-00691,CSE-03,LOW,2024-10-07T06:20:34,2024-10-07T06:29:55.033112,2024-10-07T07:03:56.422495,CLOSED,,EDGE-GATEWAY-12,False
ALT-CSE-03-00692,CSE-03,HIGH,2024-11-02T21:48:17,2024-11-02T21:54:06.868164,2024-11-02T22:44:32.656431,CLOSED,,5G-AMF-NODE-02,False
ALT-CSE-03-00693,CSE-03,MEDIUM,2024-10-16T07:43:34,2024-10-16T07:46:12.092261,2024-10-16T08:25:47.458327,CLOSED,,CARRIER-ROUTER-99,False
ALT-CSE-03-00694,CSE-03,MEDIUM,2024-11-13T03:28:12,2024-11-13T03:33:09.211498,2024-11-13T04:47:50.133588,CLOSED,,5G-CORE-UPF-01,False
ALT-CSE-03-00695,CSE-03,LOW,2024-12-29T01:49:27,2024-12-29T01:56:25.004666,2024-12-29T03:10:28.650762,CLOSED,,EDGE-GATEWAY-12,False
ALT-CSE-03-00696,CSE-03,LOW,2024-11-15T13:01:25,2024-11-15T13:06:04.412860,2024-11-15T13:58:31.161893,CLOSED,,EDGE-GATEWAY-12,False
ALT-CSE-03-00697,CSE-03,LOW,2024-10-22T10:49:53,2024-10-22T10:52:53.879796,2024-10-22T11:30:11.417039,CLOSED,,EDGE-GATEWAY-12,False
ALT-CSE-03-00698,CSE-03,CRITICAL,2024-12-15T15:08:09,2024-12-15T15:10:22.664628,2024-12-15T15:41:26.128164,CLOSED,CAS-CSE-03-0076,5G-CORE-UPF-01,False
ALT-CSE-03-00699,CSE-03,MEDIUM,2024-11-06T20:57:39,2024-11-06T21:02:13.600545,2024-11-06T21:47:41.257540,CLOSED,,5G-CORE-UPF-01,False
ALT-CSE-03-00700,CSE-03,HIGH,2024-11-25T01:50:48,2024-11-25T01:53:20.235462,2024-11-25T02:33:07.586610,CLOSED,,5G-AMF-NODE-02,False
ALT-CSE-03-00701,CSE-03,HIGH,2024-10-13T04:52:02,2024-10-13T05:00:54.669876,2024-10-13T06:02:41.967993,CLOSED,,5G-AMF-NODE-02,False
ALT-CSE-03-00702,CSE-03,HIGH,2024-10-23T17:56:31,2024-10-23T18:00:29.542173,2024-10-23T19:15:06.041204,CLOSED,CAS-CSE-03-0077,CARRIER-ROUTER-99,False
ALT-CSE-03-00703,CSE-03,HIGH,2024-11-06T02:29:41,2024-11-06T02:38:42.095317,2024-11-06T03:10:23.672009,CLOSED,,EDGE-GATEWAY-12,False
ALT-CSE-03-00704,CSE-03,LOW,2024-10-31T11:08:00,2024-10-31T11:17:27.697177,2024-10-31T12:23:09.824338,CLOSED,,EDGE-GATEWAY-12,False
ALT-CSE-03-00705,CSE-03,CRITICAL,2024-11-08T10:38:01,2024-11-08T10:47:59.815479,2024-11-08T11:16:37.220729,CLOSED,CAS-CSE-03-0078,TELCO-AAA-SRV,False
ALT-CSE-03-00706,CSE-03,LOW,2024-11-21T00:08:52,2024-11-21T00:14:47.241642,2024-11-21T01:05:45.026239,CLOSED,,CARRIER-ROUTER-99,False
ALT-CSE-03-00707,CSE-03,MEDIUM,2024-11-18T22:58:53,2024-11-18T23:06:05.787510,2024-11-18T23:59:14.700789,CLOSED,,TELCO-AAA-SRV,False
ALT-CSE-03-00708,CSE-03,LOW,2024-11-15T03:41:25,2024-11-15T03:50:13.930938,2024-11-15T04:34:47.246997,CLOSED,,5G-CORE-UPF-01,False
ALT-CSE-03-00709,CSE-03,MEDIUM,2024-11-15T12:31:46,2024-11-15T12:37:24.715095,2024-11-15T13:33:43.446358,CLOSED,,EDGE-GATEWAY-12,False
ALT-CSE-03-00710,CSE-03,MEDIUM,2024-12-24T05:44:46,2024-12-24T05:50:15.925473,2024-12-24T06:35:55.908221,CLOSED,,5G-CORE-UPF-01,False
ALT-CSE-03-00711,CSE-03,MEDIUM,2024-12-03T19:43:43,2024-12-03T19:50:16.303730,2024-12-03T20:41:08.348020,CLOSED,,CARRIER-ROUTER-99,False
ALT-CSE-03-00712,CSE-03,LOW,2024-10-02T01:56:48,2024-10-02T02:05:07.662348,2024-10-02T03:08:16.465075,CLOSED,,CARRIER-ROUTER-99,False
ALT-CSE-03-00713,CSE-03,HIGH,2024-11-05T07:42:54,2024-11-05T07:50:11.644640,2024-11-05T08:37:18.178302,CLOSED,CAS-CSE-03-0079,5G-CORE-UPF-01,False
ALT-CSE-03-00714,CSE-03,MEDIUM,2024-10-02T16:07:12,2024-10-02T16:16:37.958356,2024-10-02T17:10:52.107934,CLOSED,,5G-AMF-NODE-02,False
ALT-CSE-03-00715,CSE-03,MEDIUM,2024-10-15T07:51:06,2024-10-15T07:56:20.285497,2024-10-15T08:29:13.464018,CLOSED,,EDGE-GATEWAY-12,False
ALT-CSE-03-00716,CSE-03,HIGH,2024-10-29T02:55:52,2024-10-29T03:00:57.189321,2024-10-29T03:26:43.808918,CLOSED,,5G-CORE-UPF-01,False
ALT-CSE-03-00717,CSE-03,MEDIUM,2024-11-11T07:08:56,2024-11-11T07:14:55.940091,2024-11-11T07:42:39.369586,CLOSED,,TELCO-AAA-SRV,False
ALT-CSE-03-00718,CSE-03,HIGH,2024-11-26T16:56:37,2024-11-26T17:03:01.549887,2024-11-26T18:09:00.133712,CLOSED,,TELCO-AAA-SRV,False
ALT-CSE-03-00719,CSE-03,HIGH,2024-12-17T19:44:21,2024-12-17T19:51:27.004462,2024-12-17T20:44:47.932072,CLOSED,,EDGE-GATEWAY-12,False
ALT-CSE-03-00720,CSE-03,LOW,2024-12-22T06:41:15,2024-12-22T06:47:40.472569,2024-12-22T07:48:07.967181,CLOSED,,EDGE-GATEWAY-12,False
ALT-CSE-03-00721,CSE-03,MEDIUM,2024-10-30T12:44:24,2024-10-30T12:46:27.430054,2024-10-30T13:32:30.791713,CLOSED,,CARRIER-ROUTER-99,False
ALT-CSE-03-00722,CSE-03,LOW,2024-12-07T01:24:25,2024-12-07T01:30:49.297755,2024-12-07T01:54:32.325508,CLOSED,,5G-AMF-NODE-02,False
ALT-CSE-03-00723,CSE-03,MEDIUM,2024-11-02T21:18:07,2024-11-02T21:25:03.922074,2024-11-02T22:14:21.822017,CLOSED,,TELCO-AAA-SRV,False
ALT-CSE-03-00724,CSE-03,MEDIUM,2024-12-24T12:14:37,2024-12-24T12:21:34.222558,2024-12-24T13:05:01.161156,CLOSED,,TELCO-AAA-SRV,False
ALT-CSE-03-00725,CSE-03,MEDIUM,2024-10-03T08:00:23,2024-10-03T08:05:10.616341,2024-10-03T09:14:14.763993,CLOSED,,5G-CORE-UPF-01,False
ALT-CSE-03-00726,CSE-03,MEDIUM,2024-11-10T07:58:13,2024-11-10T08:03:48.248465,2024-11-10T08:31:46.925341,CLOSED,,5G-AMF-NODE-02,False
ALT-CSE-03-00727,CSE-03,MEDIUM,2024-10-31T19:59:47,2024-10-31T20:04:53.300783,2024-10-31T20:43:06.695627,CLOSED,,TELCO-AAA-SRV,False
ALT-CSE-03-00728,CSE-03,LOW,2024-12-20T09:14:57,2024-12-20T09:24:23.992390,2024-12-20T10:11:32.566950,CLOSED,,EDGE-GATEWAY-12,False
ALT-CSE-03-00729,CSE-03,LOW,2024-10-22T18:52:38,2024-10-22T18:58:13.901870,2024-10-22T20:10:53.488309,CLOSED,,EDGE-GATEWAY-12,False
ALT-CSE-03-00730,CSE-03,LOW,2024-10-11T20:08:16,2024-10-11T20:12:34.617005,2024-10-11T21:31:05.316035,CLOSED,,EDGE-GATEWAY-12,False
ALT-CSE-03-00731,CSE-03,HIGH,2024-10-09T04:49:55,2024-10-09T04:53:41.893523,2024-10-09T05:25:36.302352,CLOSED,,TELCO-AAA-SRV,False
ALT-CSE-03-00732,CSE-03,MEDIUM,2024-11-24T23:42:39,2024-11-24T23:44:55.963312,2024-11-25T01:05:18.394472,CLOSED,,CARRIER-ROUTER-99,False
ALT-CSE-03-00733,CSE-03,MEDIUM,2024-10-04T05:41:08,2024-10-04T05:46:23.838593,2024-10-04T06:25:28.653946,CLOSED,,EDGE-GATEWAY-12,False
ALT-CSE-03-00734,CSE-03,HIGH,2024-12-23T12:46:02,2024-12-23T12:51:26.024860,2024-12-23T14:07:22.248311,CLOSED,,5G-CORE-UPF-01,False
ALT-CSE-03-00735,CSE-03,MEDIUM,2024-10-16T17:12:54,2024-10-16T17:16:29.496664,2024-10-16T18:04:36.397101,CLOSED,,CARRIER-ROUTER-99,False
ALT-CSE-03-00736,CSE-03,MEDIUM,2024-10-05T11:01:11,2024-10-05T11:10:39.467552,2024-10-05T11:57:17.851021,CLOSED,,CARRIER-ROUTER-99,False
ALT-CSE-03-00737,CSE-03,LOW,2024-11-03T23:19:00,2024-11-03T23:25:30.778482,2024-11-04T00:13:41.377860,CLOSED,,5G-AMF-NODE-02,False
ALT-CSE-03-00738,CSE-03,MEDIUM,2024-12-13T03:33:30,2024-12-13T03:41:49.561684,2024-12-13T04:19:29.015192,CLOSED,,5G-CORE-UPF-01,False
ALT-CSE-03-00739,CSE-03,HIGH,2024-12-12T08:05:32,2024-12-12T08:13:35.463081,2024-12-12T09:12:19.993515,CLOSED,,5G-AMF-NODE-02,False
ALT-CSE-03-00740,CSE-03,MEDIUM,2024-10-02T03:49:05,2024-10-02T03:53:25.958764,2024-10-02T04:28:55.157170,CLOSED,,EDGE-GATEWAY-12,False
ALT-CSE-03-00741,CSE-03,MEDIUM,2024-12-11T14:14:22,2024-12-11T14:20:23.052848,2024-12-11T14:47:55.483152,CLOSED,,EDGE-GATEWAY-12,False
ALT-CSE-03-00742,CSE-03,LOW,2024-12-18T05:56:23,2024-12-18T06:00:59.160035,2024-12-18T06:50:59.928449,CLOSED,,5G-AMF-NODE-02,False
ALT-CSE-03-00743,CSE-03,HIGH,2024-11-18T22:03:25,2024-11-18T22:07:45.141315,2024-11-18T22:53:12.303396,CLOSED,,5G-AMF-NODE-02,False
ALT-CSE-03-00744,CSE-03,CRITICAL,2024-10-03T01:35:10,2024-10-03T01:38:23.399681,2024-10-03T02:56:55.958685,CLOSED,CAS-CSE-03-0080,5G-CORE-UPF-01,False
ALT-CSE-03-00745,CSE-03,LOW,2024-12-11T09:00:21,2024-12-11T09:09:56.990928,2024-12-11T10:12:17.993993,CLOSED,,EDGE-GATEWAY-12,False
ALT-CSE-03-00746,CSE-03,HIGH,2024-11-09T10:12:19,2024-11-09T10:17:20.908048,2024-11-09T11:11:04.889918,CLOSED,CAS-CSE-03-0081,5G-CORE-UPF-01,False
ALT-CSE-03-00747,CSE-03,HIGH,2024-11-05T14:31:44,2024-11-05T14:38:46.249477,2024-11-05T15:55:02.382631,CLOSED,CAS-CSE-03-0082,CARRIER-ROUTER-99,False
ALT-CSE-03-00748,CSE-03,MEDIUM,2024-12-03T12:52:25,2024-12-03T12:57:16.021073,2024-12-03T13:24:43.904225,CLOSED,,CARRIER-ROUTER-99,False
ALT-CSE-03-00749,CSE-03,HIGH,2024-10-30T05:04:32,2024-10-30T05:06:48.280064,2024-10-30T06:09:46.380791,CLOSED,,5G-AMF-NODE-02,False
ALT-CSE-03-00750,CSE-03,MEDIUM,2024-10-03T05:50:08,2024-10-03T05:55:22.946101,2024-10-03T07:09:11.059093,CLOSED,,EDGE-GATEWAY-12,False
ALT-CSE-03-00751,CSE-03,MEDIUM,2024-12-29T23:43:24,2024-12-29T23:50:36.392451,2024-12-30T00:30:27.557777,CLOSED,,CARRIER-ROUTER-99,False
ALT-CSE-03-00752,CSE-03,MEDIUM,2024-11-02T05:41:39,2024-11-02T05:47:08.805489,2024-11-02T06:30:48.337853,CLOSED,,EDGE-GATEWAY-12,False
ALT-CSE-03-00753,CSE-03,LOW,2024-12-29T08:29:16,2024-12-29T08:36:41.318055,2024-12-29T09:42:38.084769,CLOSED,,TELCO-AAA-SRV,False
ALT-CSE-03-00754,CSE-03,HIGH,2024-10-22T02:53:31,2024-10-22T02:58:44.655964,2024-10-22T03:50:18.887190,CLOSED,,CARRIER-ROUTER-99,False
ALT-CSE-03-00755,CSE-03,MEDIUM,2024-12-14T21:03:44,2024-12-14T21:09:48.793833,2024-12-14T22:14:38.541008,CLOSED,,TELCO-AAA-SRV,False
ALT-CSE-03-00756,CSE-03,CRITICAL,2024-12-10T19:58:25,2024-12-10T20:02:11.046953,2024-12-10T20:47:38.278185,CLOSED,,CARRIER-ROUTER-99,False
ALT-CSE-03-00757,CSE-03,LOW,2024-12-04T20:16:47,2024-12-04T20:20:15.309329,2024-12-04T21:01:45.084919,CLOSED,,EDGE-GATEWAY-12,False
ALT-CSE-03-00758,CSE-03,MEDIUM,2024-12-08T22:52:15,2024-12-08T22:57:30.346357,2024-12-09T00:00:52.748853,CLOSED,,EDGE-GATEWAY-12,False
ALT-CSE-03-00759,CSE-03,CRITICAL,2024-10-04T22:40:00,2024-10-04T22:47:50.222973,2024-10-04T23:24:17.504649,CLOSED,CAS-CSE-03-0083,EDGE-GATEWAY-12,False
ALT-CSE-03-00760,CSE-03,CRITICAL,2024-12-08T02:33:25,2024-12-08T02:43:11.989462,2024-12-08T03:53:02.255686,CLOSED,CAS-CSE-03-0084,TELCO-AAA-SRV,False
ALT-CSE-03-00761,CSE-03,MEDIUM,2024-10-17T02:08:53,2024-10-17T02:17:37.241043,2024-10-17T02:44:37.816285,CLOSED,,5G-CORE-UPF-01,False
ALT-CSE-03-00762,CSE-03,MEDIUM,2024-11-06T13:15:40,2024-11-06T13:18:32.554963,2024-11-06T14:09:43.849406,CLOSED,,EDGE-GATEWAY-12,False
ALT-CSE-03-00763,CSE-03,MEDIUM,2024-11-13T11:29:22,2024-11-13T11:33:03.163243,2024-11-13T12:26:44.794112,CLOSED,,5G-CORE-UPF-01,False
ALT-CSE-03-00764,CSE-03,LOW,2024-11-18T15:36:46,2024-11-18T15:46:30.930646,2024-11-18T16:55:34.881683,CLOSED,,TELCO-AAA-SRV,False
ALT-CSE-03-00765,CSE-03,LOW,2024-12-28T10:51:17,2024-12-28T10:57:46.256263,2024-12-28T11:33:32.498337,CLOSED,,5G-CORE-UPF-01,False
ALT-CSE-03-00766,CSE-03,HIGH,2024-11-30T20:19:57,2024-11-30T20:26:18.875332,2024-11-30T21:10:50.101888,CLOSED,CAS-CSE-03-0085,CARRIER-ROUTER-99,False
ALT-CSE-03-00767,CSE-03,CRITICAL,2024-11-06T23:50:45,2024-11-06T23:54:46.143527,2024-11-07T00:35:06.659852,CLOSED,CAS-CSE-03-0086,TELCO-AAA-SRV,False
ALT-CSE-03-00768,CSE-03,HIGH,2024-10-16T00:40:52,2024-10-16T00:49:47.718967,2024-10-16T01:22:54.818558,CLOSED,CAS-CSE-03-0087,EDGE-GATEWAY-12,False
ALT-CSE-03-00769,CSE-03,MEDIUM,2024-10-17T17:17:26,2024-10-17T17:25:35.732903,2024-10-17T17:56:19.941141,CLOSED,,EDGE-GATEWAY-12,False
ALT-CSE-03-00770,CSE-03,MEDIUM,2024-11-18T08:49:25,2024-11-18T08:57:45.054497,2024-11-18T09:54:33.289556,CLOSED,,CARRIER-ROUTER-99,False
ALT-CSE-03-00771,CSE-03,MEDIUM,2024-11-05T07:51:18,2024-11-05T07:53:35.819898,2024-11-05T08:24:35.759465,CLOSED,,EDGE-GATEWAY-12,False
ALT-CSE-03-00772,CSE-03,MEDIUM,2024-11-29T21:28:12,2024-11-29T21:36:28.149224,2024-11-29T22:04:47.118857,CLOSED,,5G-AMF-NODE-02,False
ALT-CSE-03-00773,CSE-03,MEDIUM,2024-10-09T16:40:12,2024-10-09T16:48:16.053423,2024-10-09T17:52:46.221539,CLOSED,,5G-CORE-UPF-01,False
ALT-CSE-03-00774,CSE-03,LOW,2024-10-04T13:48:12,2024-10-04T13:57:21.027008,2024-10-04T14:27:41.215856,CLOSED,,5G-CORE-UPF-01,False
ALT-CSE-03-00775,CSE-03,HIGH,2024-12-28T04:19:54,2024-12-28T04:28:03.598765,2024-12-28T05:14:31.731112,CLOSED,,CARRIER-ROUTER-99,False
ALT-CSE-03-00776,CSE-03,CRITICAL,2024-10-26T17:16:58,2024-10-26T17:21:03.996306,2024-10-26T17:52:43.803058,CLOSED,CAS-CSE-03-0088,EDGE-GATEWAY-12,False
ALT-CSE-03-00777,CSE-03,MEDIUM,2024-10-14T22:13:34,2024-10-14T22:20:21.805640,2024-10-14T23:27:06.122494,CLOSED,,EDGE-GATEWAY-12,False
ALT-CSE-03-00778,CSE-03,HIGH,2024-11-05T20:05:23,2024-11-05T20:09:26.336683,2024-11-05T21:11:40.536910,CLOSED,,5G-CORE-UPF-01,False
ALT-CSE-03-00779,CSE-03,LOW,2024-12-10T21:42:28,2024-12-10T21:51:00.544560,2024-12-10T22:43:08.426231,CLOSED,,CARRIER-ROUTER-99,False
ALT-CSE-03-00780,CSE-03,MEDIUM,2024-11-17T02:22:45,2024-11-17T02:31:22.675765,2024-11-17T03:00:10.622018,CLOSED,,EDGE-GATEWAY-12,False
ALT-CSE-03-00781,CSE-03,HIGH,2024-11-23T03:57:22,2024-11-23T04:05:49.827712,2024-11-23T04:51:48.004632,CLOSED,,CARRIER-ROUTER-99,False
ALT-CSE-03-00782,CSE-03,MEDIUM,2024-10-31T08:04:50,2024-10-31T08:14:01.498066,2024-10-31T09:19:45.282207,CLOSED,,TELCO-AAA-SRV,False
ALT-CSE-03-00783,CSE-03,CRITICAL,2024-12-17T19:58:28,2024-12-17T20:04:21.204471,2024-12-17T21:04:45.656083,CLOSED,CAS-CSE-03-0089,5G-CORE-UPF-01,False
ALT-CSE-03-00784,CSE-03,LOW,2024-11-12T06:23:37,2024-11-12T06:31:10.019728,2024-11-12T07:04:05.106142,CLOSED,,5G-AMF-NODE-02,False
ALT-CSE-03-00785,CSE-03,HIGH,2024-11-01T14:35:11,2024-11-01T14:40:00.546438,2024-11-01T15:26:22.778343,CLOSED,,5G-AMF-NODE-02,False
ALT-CSE-03-00786,CSE-03,LOW,2024-11-11T18:32:14,2024-11-11T18:39:59.538774,2024-11-11T19:47:56.702097,CLOSED,,5G-AMF-NODE-02,False
ALT-CSE-03-00787,CSE-03,MEDIUM,2024-10-12T22:20:00,2024-10-12T22:28:54.282574,2024-10-12T23:09:48.281379,CLOSED,,5G-CORE-UPF-01,False
ALT-CSE-03-00788,CSE-03,LOW,2024-11-25T21:20:14,2024-11-25T21:27:34.166358,2024-11-25T22:05:15.462381,CLOSED,,5G-AMF-NODE-02,False
ALT-CSE-03-00789,CSE-03,LOW,2024-12-01T00:20:48,2024-12-01T00:25:41.773344,2024-12-01T00:58:34.498322,CLOSED,,TELCO-AAA-SRV,False
ALT-CSE-03-00790,CSE-03,HIGH,2024-11-05T17:00:54,2024-11-05T17:06:06.942302,2024-11-05T18:00:39.852214,CLOSED,,EDGE-GATEWAY-12,False
ALT-CSE-03-00791,CSE-03,LOW,2024-12-02T20:09:26,2024-12-02T20:18:26.870972,2024-12-02T21:30:10.780490,CLOSED,,5G-CORE-UPF-01,False
ALT-CSE-03-00792,CSE-03,MEDIUM,2024-11-15T17:04:26,2024-11-15T17:07:00.474047,2024-11-15T17:55:57.262271,CLOSED,,5G-AMF-NODE-02,False
ALT-CSE-03-00793,CSE-03,HIGH,2024-12-07T05:05:51,2024-12-07T05:13:09.700348,2024-12-07T06:11:57.698013,CLOSED,,EDGE-GATEWAY-12,False
ALT-CSE-03-00794,CSE-03,LOW,2024-12-11T04:43:12,2024-12-11T04:51:27.847568,2024-12-11T05:21:31.772325,CLOSED,,TELCO-AAA-SRV,False
ALT-CSE-03-00795,CSE-03,HIGH,2024-10-25T00:37:09,2024-10-25T00:41:06.044528,2024-10-25T01:55:27.726494,CLOSED,CAS-CSE-03-0090,TELCO-AAA-SRV,False
ALT-CSE-03-00796,CSE-03,MEDIUM,2024-11-12T04:15:56,2024-11-12T04:24:59.402424,2024-11-12T05:04:23.952275,CLOSED,,EDGE-GATEWAY-12,False
ALT-CSE-03-00797,CSE-03,LOW,2024-12-23T11:45:23,2024-12-23T11:48:22.338137,2024-12-23T12:50:17.043952,CLOSED,,CARRIER-ROUTER-99,False
ALT-CSE-03-00798,CSE-03,LOW,2024-11-22T04:17:55,2024-11-22T04:27:40.375089,2024-11-22T05:23:07.545283,CLOSED,,TELCO-AAA-SRV,False
ALT-CSE-03-00799,CSE-03,LOW,2024-11-26T15:48:58,2024-11-26T15:56:27.277807,2024-11-26T17:12:37.581892,CLOSED,,CARRIER-ROUTER-99,False
ALT-CSE-03-00800,CSE-03,HIGH,2024-11-29T06:44:33,2024-11-29T06:48:06.063586,2024-11-29T07:18:33.648453,CLOSED,,CARRIER-ROUTER-99,False
ALT-CSE-03-00801,CSE-03,MEDIUM,2024-11-18T01:12:41,2024-11-18T01:15:56.351888,2024-11-18T02:30:19.898135,CLOSED,,TELCO-AAA-SRV,False
ALT-CSE-03-00802,CSE-03,MEDIUM,2024-10-26T07:19:19,2024-10-26T07:26:59.472051,2024-10-26T08:22:30.676601,CLOSED,,5G-CORE-UPF-01,False
ALT-CSE-03-00803,CSE-03,LOW,2024-11-02T01:44:03,2024-11-02T01:47:53.356698,2024-11-02T02:49:45.146227,CLOSED,,TELCO-AAA-SRV,False
ALT-CSE-03-00804,CSE-03,MEDIUM,2024-10-21T07:33:30,2024-10-21T07:41:36.363112,2024-10-21T08:05:14.770312,CLOSED,,5G-CORE-UPF-01,False
ALT-CSE-03-00805,CSE-03,MEDIUM,2024-12-27T13:40:33,2024-12-27T13:48:15.319135,2024-12-27T14:53:17.219776,CLOSED,,5G-CORE-UPF-01,False
ALT-CSE-03-00806,CSE-03,MEDIUM,2024-11-27T22:48:53,2024-11-27T22:51:00.110623,2024-11-27T23:32:15.974901,CLOSED,,5G-CORE-UPF-01,False
ALT-CSE-03-00807,CSE-03,LOW,2024-11-23T20:15:38,2024-11-23T20:23:04.682435,2024-11-23T20:57:49.306964,CLOSED,,5G-AMF-NODE-02,False
ALT-CSE-03-00808,CSE-03,CRITICAL,2024-10-31T23:05:10,2024-10-31T23:13:31.834637,2024-11-01T00:11:43.664680,CLOSED,,5G-CORE-UPF-01,False
ALT-CSE-03-00809,CSE-03,MEDIUM,2024-10-11T05:36:00,2024-10-11T05:41:11.046293,2024-10-11T06:21:22.506977,CLOSED,,5G-CORE-UPF-01,False
ALT-CSE-03-00810,CSE-03,HIGH,2024-11-11T02:32:04,2024-11-11T02:35:08.882545,2024-11-11T03:05:16.459663,CLOSED,CAS-CSE-03-0091,EDGE-GATEWAY-12,False
ALT-CSE-03-00811,CSE-03,LOW,2024-12-11T14:44:22,2024-12-11T14:53:40.935797,2024-12-11T15:49:48.687313,CLOSED,,CARRIER-ROUTER-99,False
ALT-CSE-03-00812,CSE-03,LOW,2024-10-07T23:41:06,2024-10-07T23:43:58.967353,2024-10-08T00:26:16.903655,CLOSED,,5G-AMF-NODE-02,False
ALT-CSE-03-00813,CSE-03,MEDIUM,2024-11-22T20:01:31,2024-11-22T20:10:47.362516,2024-11-22T20:51:17.282270,CLOSED,,5G-AMF-NODE-02,False
ALT-CSE-03-00814,CSE-03,HIGH,2024-10-09T09:45:40,2024-10-09T09:54:32.922463,2024-10-09T10:47:33.346715,CLOSED,CAS-CSE-03-0092,5G-CORE-UPF-01,False
ALT-CSE-03-00815,CSE-03,MEDIUM,2024-12-22T03:23:50,2024-12-22T03:27:18.007946,2024-12-22T04:33:11.890632,CLOSED,,CARRIER-ROUTER-99,False
ALT-CSE-03-00816,CSE-03,CRITICAL,2024-11-08T13:29:31,2024-11-08T13:31:49.179258,2024-11-08T14:07:16.790159,CLOSED,,5G-AMF-NODE-02,False
ALT-CSE-03-00817,CSE-03,LOW,2024-10-31T04:32:27,2024-10-31T04:41:21.155567,2024-10-31T05:29:38.707668,CLOSED,,EDGE-GATEWAY-12,False
ALT-CSE-03-00818,CSE-03,HIGH,2024-12-29T16:13:03,2024-12-29T16:22:43.415977,2024-12-29T16:48:48.725935,CLOSED,,5G-AMF-NODE-02,False
ALT-CSE-03-00819,CSE-03,LOW,2024-12-26T18:36:17,2024-12-26T18:41:41.605548,2024-12-26T19:41:33.038848,CLOSED,,5G-AMF-NODE-02,False
ALT-CSE-03-00820,CSE-03,HIGH,2024-11-10T08:54:36,2024-11-10T08:57:36.178850,2024-11-10T09:27:55.140141,CLOSED,,5G-CORE-UPF-01,False
ALT-CSE-03-00821,CSE-03,HIGH,2024-11-16T14:38:18,2024-11-16T14:47:03.288933,2024-11-16T15:57:15.027357,CLOSED,,5G-CORE-UPF-01,False
ALT-CSE-03-00822,CSE-03,MEDIUM,2024-12-08T20:18:55,2024-12-08T20:25:50.261677,2024-12-08T21:17:42.396146,CLOSED,,5G-CORE-UPF-01,False
ALT-CSE-03-00823,CSE-03,MEDIUM,2024-11-29T09:33:59,2024-11-29T09:39:48.254651,2024-11-29T10:23:26.599476,CLOSED,,TELCO-AAA-SRV,False
ALT-CSE-03-00824,CSE-03,MEDIUM,2024-11-10T14:56:28,2024-11-10T15:05:55.733724,2024-11-10T15:29:11.738017,CLOSED,,EDGE-GATEWAY-12,False
ALT-CSE-03-00825,CSE-03,HIGH,2024-11-23T15:03:24,2024-11-23T15:06:08.612606,2024-11-23T15:54:55.399992,CLOSED,,5G-AMF-NODE-02,False
ALT-CSE-03-00826,CSE-03,CRITICAL,2024-10-05T01:48:08,2024-10-05T01:53:40.411853,2024-10-05T02:30:33.916909,CLOSED,,5G-CORE-UPF-01,False
ALT-CSE-03-00827,CSE-03,MEDIUM,2024-11-14T00:26:40,2024-11-14T00:29:19.723394,2024-11-14T01:12:05.892551,CLOSED,,5G-AMF-NODE-02,False
ALT-CSE-03-00828,CSE-03,MEDIUM,2024-10-19T22:24:30,2024-10-19T22:31:27.178034,2024-10-19T23:27:39.147220,CLOSED,,5G-AMF-NODE-02,False
ALT-CSE-03-00829,CSE-03,CRITICAL,2024-10-06T01:16:59,2024-10-06T01:21:42.818812,2024-10-06T02:30:27.560768,CLOSED,CAS-CSE-03-0093,TELCO-AAA-SRV,True
ALT-CSE-03-00830,CSE-03,CRITICAL,2024-10-18T05:04:19,2024-10-18T05:14:11.774836,2024-10-18T06:25:46.967164,CLOSED,CAS-CSE-03-0094,TELCO-AAA-SRV,False
ALT-CSE-03-00831,CSE-03,MEDIUM,2024-12-09T13:01:25,2024-12-09T13:07:41.445320,2024-12-09T14:00:32.844778,CLOSED,,5G-AMF-NODE-02,False
ALT-CSE-03-00832,CSE-03,CRITICAL,2024-10-17T08:01:24,2024-10-17T08:07:05.686182,2024-10-17T09:00:42.733155,CLOSED,,5G-AMF-NODE-02,False
ALT-CSE-03-00833,CSE-03,HIGH,2024-12-16T04:24:50,2024-12-16T04:33:26.566038,2024-12-16T05:04:20.638425,CLOSED,,5G-AMF-NODE-02,False
ALT-CSE-03-00834,CSE-03,LOW,2024-11-01T20:14:03,2024-11-01T20:18:05.842655,2024-11-01T20:50:13.040862,CLOSED,,EDGE-GATEWAY-12,False
ALT-CSE-03-00835,CSE-03,MEDIUM,2024-12-05T15:07:43,2024-12-05T15:11:42.434303,2024-12-05T16:15:19.985946,CLOSED,,CARRIER-ROUTER-99,False
ALT-CSE-03-00836,CSE-03,MEDIUM,2024-12-25T18:19:10,2024-12-25T18:24:06.557468,2024-12-25T19:02:04.590716,CLOSED,,5G-CORE-UPF-01,False
ALT-CSE-03-00837,CSE-03,MEDIUM,2024-11-09T00:18:16,2024-11-09T00:26:33.957598,2024-11-09T01:08:07.324975,CLOSED,,CARRIER-ROUTER-99,False
ALT-CSE-03-00838,CSE-03,MEDIUM,2024-10-06T01:25:47,2024-10-06T01:28:14.566655,2024-10-06T02:40:33.169611,CLOSED,,EDGE-GATEWAY-12,False
ALT-CSE-03-00839,CSE-03,HIGH,2024-10-27T04:12:18,2024-10-27T04:20:19.690151,2024-10-27T04:54:13.060918,CLOSED,,EDGE-GATEWAY-12,False
ALT-CSE-03-00840,CSE-03,LOW,2024-10-24T12:19:29,2024-10-24T12:25:18.459626,2024-10-24T13:08:45.274944,CLOSED,,CARRIER-ROUTER-99,False
ALT-CSE-03-00841,CSE-03,MEDIUM,2024-10-28T04:46:47,2024-10-28T04:55:26.158027,2024-10-28T05:35:16.400116,CLOSED,,5G-AMF-NODE-02,False
ALT-CSE-03-00842,CSE-03,MEDIUM,2024-11-05T00:53:18,2024-11-05T00:55:36.572384,2024-11-05T02:11:23.861767,CLOSED,,TELCO-AAA-SRV,False
ALT-CSE-03-00843,CSE-03,MEDIUM,2024-10-04T01:02:52,2024-10-04T01:09:48.194802,2024-10-04T01:35:50.898426,CLOSED,,5G-AMF-NODE-02,False
ALT-CSE-03-00844,CSE-03,CRITICAL,2024-12-16T15:46:15,2024-12-16T15:49:24.509054,2024-12-16T16:50:54.492678,CLOSED,CAS-CSE-03-0095,EDGE-GATEWAY-12,False
ALT-CSE-03-00845,CSE-03,MEDIUM,2024-10-01T05:30:36,2024-10-01T05:34:51.721433,2024-10-01T06:12:07.276712,CLOSED,,5G-CORE-UPF-01,False
ALT-CSE-03-00846,CSE-03,LOW,2024-11-06T09:15:11,2024-11-06T09:22:34.198209,2024-11-06T10:17:07.265492,CLOSED,,CARRIER-ROUTER-99,False
ALT-CSE-03-00847,CSE-03,CRITICAL,2024-10-05T17:37:16,2024-10-05T17:39:56.030129,2024-10-05T18:29:34.828041,CLOSED,CAS-CSE-03-0096,5G-AMF-NODE-02,False
ALT-CSE-03-00848,CSE-03,HIGH,2024-10-01T16:37:29,2024-10-01T16:46:16.619581,2024-10-01T17:31:23.770125,CLOSED,,TELCO-AAA-SRV,False
ALT-CSE-03-00849,CSE-03,CRITICAL,2024-11-25T01:18:54,2024-11-25T01:22:33.392381,2024-11-25T02:43:19.984749,CLOSED,,5G-AMF-NODE-02,False
ALT-CSE-03-00850,CSE-03,LOW,2024-11-08T16:49:24,2024-11-08T16:58:06.182071,2024-11-08T17:31:52.161369,CLOSED,,5G-CORE-UPF-01,False
ALT-CSE-03-00851,CSE-03,MEDIUM,2024-10-29T10:21:17,2024-10-29T10:23:42.192744,2024-10-29T11:21:31.123982,CLOSED,,5G-AMF-NODE-02,False
ALT-CSE-03-00852,CSE-03,HIGH,2024-10-01T18:10:44,2024-10-01T18:13:14.627167,2024-10-01T18:45:26.859848,CLOSED,,EDGE-GATEWAY-12,False
ALT-CSE-03-00853,CSE-03,LOW,2024-10-29T15:38:25,2024-10-29T15:42:56.889153,2024-10-29T16:59:05.094016,CLOSED,,CARRIER-ROUTER-99,False
ALT-CSE-03-00854,CSE-03,CRITICAL,2024-12-14T00:32:36,2024-12-14T00:35:28.864414,2024-12-14T01:39:13.396302,CLOSED,CAS-CSE-03-0097,EDGE-GATEWAY-12,True
ALT-CSE-03-00855,CSE-03,LOW,2024-10-02T03:03:50,2024-10-02T03:05:52.726225,2024-10-02T04:19:29.151271,CLOSED,,CARRIER-ROUTER-99,False
ALT-CSE-03-00856,CSE-03,MEDIUM,2024-11-12T19:32:55,2024-11-12T19:41:18.003918,2024-11-12T20:15:43.076068,CLOSED,,CARRIER-ROUTER-99,False
ALT-CSE-03-00857,CSE-03,HIGH,2024-11-10T12:08:11,2024-11-10T12:18:09.917436,2024-11-10T12:58:14.845247,CLOSED,,TELCO-AAA-SRV,False
ALT-CSE-03-00858,CSE-03,LOW,2024-10-24T04:03:03,2024-10-24T04:07:56.525356,2024-10-24T04:47:33.318680,CLOSED,,5G-AMF-NODE-02,False
ALT-CSE-03-00859,CSE-03,MEDIUM,2024-10-03T17:32:57,2024-10-03T17:36:09.034738,2024-10-03T18:13:09.875320,CLOSED,,EDGE-GATEWAY-12,False
ALT-CSE-03-00860,CSE-03,LOW,2024-11-06T13:00:40,2024-11-06T13:06:29.889821,2024-11-06T13:36:02.788639,CLOSED,,TELCO-AAA-SRV,False
ALT-CSE-03-00861,CSE-03,MEDIUM,2024-12-12T02:07:45,2024-12-12T02:13:08.247063,2024-12-12T02:47:01.154080,CLOSED,,EDGE-GATEWAY-12,False
ALT-CSE-03-00862,CSE-03,HIGH,2024-10-19T18:21:02,2024-10-19T18:25:57.839575,2024-10-19T19:15:32.978938,CLOSED,,5G-CORE-UPF-01,False
ALT-CSE-03-00863,CSE-03,MEDIUM,2024-11-26T07:26:35,2024-11-26T07:28:56.045518,2024-11-26T08:22:28.701633,CLOSED,,TELCO-AAA-SRV,False
ALT-CSE-03-00864,CSE-03,HIGH,2024-10-15T16:13:32,2024-10-15T16:16:33.682445,2024-10-15T17:10:48.767318,CLOSED,,EDGE-GATEWAY-12,False
ALT-CSE-03-00865,CSE-03,LOW,2024-11-17T21:14:33,2024-11-17T21:22:06.167137,2024-11-17T22:21:49.375689,CLOSED,,CARRIER-ROUTER-99,False
ALT-CSE-03-00866,CSE-03,HIGH,2024-10-12T20:19:56,2024-10-12T20:24:27.636060,2024-10-12T21:15:29.146550,CLOSED,,EDGE-GATEWAY-12,False
ALT-CSE-03-00867,CSE-03,MEDIUM,2024-12-21T22:33:51,2024-12-21T22:43:14.770986,2024-12-21T23:36:33.760564,CLOSED,,5G-CORE-UPF-01,False
ALT-CSE-03-00868,CSE-03,MEDIUM,2024-12-10T17:59:08,2024-12-10T18:05:33.842289,2024-12-10T18:42:50.605679,CLOSED,,TELCO-AAA-SRV,False
ALT-CSE-03-00869,CSE-03,LOW,2024-10-31T19:14:32,2024-10-31T19:23:27.569223,2024-10-31T19:50:45.975010,CLOSED,,5G-CORE-UPF-01,False
ALT-CSE-03-00870,CSE-03,HIGH,2024-12-10T05:27:18,2024-12-10T05:31:24.285299,2024-12-10T06:05:56.806284,CLOSED,,EDGE-GATEWAY-12,False
ALT-CSE-03-00871,CSE-03,HIGH,2024-11-05T08:47:21,2024-11-05T08:56:26.681388,2024-11-05T10:10:29.304970,CLOSED,,5G-CORE-UPF-01,False
ALT-CSE-03-00872,CSE-03,LOW,2024-10-20T19:06:03,2024-10-20T19:11:35.961180,2024-10-20T20:26:49.194055,CLOSED,,TELCO-AAA-SRV,False
ALT-CSE-03-00873,CSE-03,LOW,2024-12-25T21:41:09,2024-12-25T21:48:51.699781,2024-12-25T22:16:13.946861,CLOSED,,5G-CORE-UPF-01,False
ALT-CSE-03-00874,CSE-03,MEDIUM,2024-11-09T01:23:50,2024-11-09T01:30:36.613386,2024-11-09T02:10:53.875742,CLOSED,,CARRIER-ROUTER-99,False
ALT-CSE-03-00875,CSE-03,MEDIUM,2024-11-22T16:41:45,2024-11-22T16:46:33.904214,2024-11-22T17:52:27.913283,CLOSED,,5G-CORE-UPF-01,False
ALT-CSE-03-00876,CSE-03,HIGH,2024-10-01T17:20:09,2024-10-01T17:29:17.534815,2024-10-01T18:25:52.446028,CLOSED,,TELCO-AAA-SRV,False
ALT-CSE-03-00877,CSE-03,MEDIUM,2024-12-27T23:57:48,2024-12-28T00:00:30.880939,2024-12-28T00:29:23.459522,CLOSED,,5G-CORE-UPF-01,False
ALT-CSE-03-00878,CSE-03,HIGH,2024-12-25T03:10:51,2024-12-25T03:13:08.650048,2024-12-25T03:46:32.644803,CLOSED,CAS-CSE-03-0098,5G-CORE-UPF-01,False
ALT-CSE-03-00879,CSE-03,MEDIUM,2024-11-20T17:09:27,2024-11-20T17:16:30.103440,2024-11-20T18:15:11.924220,CLOSED,,TELCO-AAA-SRV,False
ALT-CSE-03-00880,CSE-03,HIGH,2024-10-24T17:28:17,2024-10-24T17:38:00.108683,2024-10-24T18:24:08.424430,CLOSED,,TELCO-AAA-SRV,False
ALT-CSE-03-00881,CSE-03,HIGH,2024-10-03T23:25:33,2024-10-03T23:28:03.552648,2024-10-03T23:59:03.622554,CLOSED,,CARRIER-ROUTER-99,False
ALT-CSE-03-00882,CSE-03,HIGH,2024-10-13T14:38:34,2024-10-13T14:46:48.950280,2024-10-13T15:48:19.234523,CLOSED,,TELCO-AAA-SRV,False
ALT-CSE-03-00883,CSE-03,MEDIUM,2024-10-15T10:09:08,2024-10-15T10:17:56.864199,2024-10-15T10:43:15.898247,CLOSED,,TELCO-AAA-SRV,False
ALT-CSE-03-00884,CSE-03,LOW,2024-10-20T23:29:28,2024-10-20T23:33:38.192615,2024-10-21T00:37:20.049740,CLOSED,,CARRIER-ROUTER-99,False
ALT-CSE-03-00885,CSE-03,LOW,2024-12-08T16:16:38,2024-12-08T16:26:31.628845,2024-12-08T16:50:28.065817,CLOSED,,5G-CORE-UPF-01,False
ALT-CSE-03-00886,CSE-03,HIGH,2024-11-15T22:13:54,2024-11-15T22:18:26.209746,2024-11-15T22:59:56.416880,CLOSED,,TELCO-AAA-SRV,False
ALT-CSE-03-00887,CSE-03,HIGH,2024-12-28T07:27:37,2024-12-28T07:35:38.389204,2024-12-28T08:05:38.322666,CLOSED,,5G-CORE-UPF-01,False
ALT-CSE-03-00888,CSE-03,MEDIUM,2024-12-26T20:27:57,2024-12-26T20:37:53.538916,2024-12-26T21:14:06.712813,CLOSED,,5G-CORE-UPF-01,False
ALT-CSE-03-00889,CSE-03,LOW,2024-11-11T01:01:49,2024-11-11T01:11:10.871342,2024-11-11T01:46:12.648011,CLOSED,,5G-CORE-UPF-01,False
ALT-CSE-03-00890,CSE-03,HIGH,2024-12-18T07:43:59,2024-12-18T07:53:34.651732,2024-12-18T08:46:51.071482,CLOSED,,CARRIER-ROUTER-99,False
ALT-CSE-03-00891,CSE-03,MEDIUM,2024-10-24T02:44:02,2024-10-24T02:48:15.957282,2024-10-24T03:51:57.167245,CLOSED,,TELCO-AAA-SRV,False
ALT-CSE-03-00892,CSE-03,HIGH,2024-10-07T06:35:52,2024-10-07T06:44:37.840582,2024-10-07T07:33:06.313604,CLOSED,,CARRIER-ROUTER-99,False
ALT-CSE-03-00893,CSE-03,HIGH,2024-12-29T20:24:44,2024-12-29T20:28:36.137902,2024-12-29T21:46:47.654044,CLOSED,,CARRIER-ROUTER-99,False
ALT-CSE-03-00894,CSE-03,MEDIUM,2024-10-31T12:46:33,2024-10-31T12:48:37.583632,2024-10-31T13:18:24.317994,CLOSED,,CARRIER-ROUTER-99,False
ALT-CSE-03-00895,CSE-03,MEDIUM,2024-10-28T23:04:17,2024-10-28T23:07:06.632079,2024-10-29T00:12:17.400040,CLOSED,,5G-AMF-NODE-02,False
ALT-CSE-03-00896,CSE-03,MEDIUM,2024-12-03T10:12:58,2024-12-03T10:15:48.028369,2024-12-03T10:55:16.426264,CLOSED,,CARRIER-ROUTER-99,False
ALT-CSE-03-00897,CSE-03,MEDIUM,2024-12-12T02:55:10,2024-12-12T03:04:14.702999,2024-12-12T03:38:28.928443,CLOSED,,5G-CORE-UPF-01,False
ALT-CSE-03-00898,CSE-03,LOW,2024-10-02T03:41:11,2024-10-02T03:50:45.309972,2024-10-02T04:41:03.962310,CLOSED,,5G-CORE-UPF-01,False
ALT-CSE-03-00899,CSE-03,MEDIUM,2024-11-21T23:52:20,2024-11-21T23:57:45.552989,2024-11-22T01:08:17.515065,CLOSED,,CARRIER-ROUTER-99,False
ALT-CSE-03-00900,CSE-03,MEDIUM,2024-11-06T11:32:23,2024-11-06T11:34:48.686257,2024-11-06T12:33:02.512845,CLOSED,,EDGE-GATEWAY-12,False
ALT-CSE-03-00901,CSE-03,HIGH,2024-10-02T07:54:06,2024-10-02T07:58:17.658951,2024-10-02T09:02:21.148619,CLOSED,,CARRIER-ROUTER-99,False
ALT-CSE-03-00902,CSE-03,MEDIUM,2024-11-17T10:10:46,2024-11-17T10:15:13.092066,2024-11-17T11:08:10.420497,CLOSED,,5G-AMF-NODE-02,False
ALT-CSE-03-00903,CSE-03,HIGH,2024-10-22T15:23:11,2024-10-22T15:28:09.137320,2024-10-22T16:29:10.492527,CLOSED,,EDGE-GATEWAY-12,False
ALT-CSE-03-00904,CSE-03,MEDIUM,2024-11-11T22:40:38,2024-11-11T22:48:42.347098,2024-11-11T23:36:54.791229,CLOSED,,5G-CORE-UPF-01,False
ALT-CSE-03-00905,CSE-03,MEDIUM,2024-11-18T17:39:31,2024-11-18T17:47:41.447248,2024-11-18T18:18:06.581108,CLOSED,,CARRIER-ROUTER-99,False
ALT-CSE-03-00906,CSE-03,LOW,2024-10-08T10:15:55,2024-10-08T10:23:14.565273,2024-10-08T11:32:12.717471,CLOSED,,TELCO-AAA-SRV,False
ALT-CSE-03-00907,CSE-03,LOW,2024-11-01T01:07:04,2024-11-01T01:09:27.415081,2024-11-01T02:31:09.514362,CLOSED,,EDGE-GATEWAY-12,False
ALT-CSE-03-00908,CSE-03,HIGH,2024-10-02T19:12:15,2024-10-02T19:14:54.651067,2024-10-02T20:23:22.192010,CLOSED,,EDGE-GATEWAY-12,False
ALT-CSE-03-00909,CSE-03,MEDIUM,2024-11-25T13:33:06,2024-11-25T13:40:40.335024,2024-11-25T14:17:52.596584,CLOSED,,5G-CORE-UPF-01,False
ALT-CSE-03-00910,CSE-03,MEDIUM,2024-11-04T19:17:35,2024-11-04T19:20:56.192954,2024-11-04T19:48:45.112205,CLOSED,,CARRIER-ROUTER-99,False
ALT-CSE-03-00911,CSE-03,CRITICAL,2024-11-03T23:47:37,2024-11-03T23:53:28.884461,2024-11-04T00:48:59.707148,CLOSED,CAS-CSE-03-0099,5G-AMF-NODE-02,False
ALT-CSE-03-00912,CSE-03,MEDIUM,2024-11-19T01:29:45,2024-11-19T01:32:08.821097,2024-11-19T02:51:47.876600,CLOSED,,EDGE-GATEWAY-12,False
ALT-CSE-03-00913,CSE-03,MEDIUM,2024-12-26T13:54:06,2024-12-26T13:57:28.517382,2024-12-26T14:28:19.983688,CLOSED,,5G-CORE-UPF-01,False
ALT-CSE-03-00914,CSE-03,CRITICAL,2024-11-03T15:00:20,2024-11-03T15:09:13.681139,2024-11-03T15:32:16.271275,CLOSED,CAS-CSE-03-0100,TELCO-AAA-SRV,False
ALT-CSE-03-00915,CSE-03,HIGH,2024-11-17T09:02:50,2024-11-17T09:08:56.143795,2024-11-17T10:21:53.400736,CLOSED,,EDGE-GATEWAY-12,False
ALT-CSE-03-00916,CSE-03,LOW,2024-12-11T10:19:19,2024-12-11T10:27:16.661306,2024-12-11T10:52:16.953739,CLOSED,,EDGE-GATEWAY-12,False
ALT-CSE-03-00917,CSE-03,LOW,2024-10-09T15:27:17,2024-10-09T15:35:22.826388,2024-10-09T16:05:32.307060,CLOSED,,5G-CORE-UPF-01,False
ALT-CSE-03-00918,CSE-03,MEDIUM,2024-11-26T13:28:54,2024-11-26T13:33:33.473825,2024-11-26T14:06:34.496312,CLOSED,,EDGE-GATEWAY-12,False
ALT-CSE-03-00919,CSE-03,HIGH,2024-12-20T04:42:56,2024-12-20T04:51:58.761750,2024-12-20T05:24:27.902031,CLOSED,,5G-AMF-NODE-02,False
ALT-CSE-03-00920,CSE-03,HIGH,2024-11-17T04:34:07,2024-11-17T04:40:06.217210,2024-11-17T05:23:09.513589,CLOSED,,5G-AMF-NODE-02,False
ALT-CSE-03-00921,CSE-03,MEDIUM,2024-11-03T09:39:26,2024-11-03T09:48:58.579941,2024-11-03T10:58:29.335348,CLOSED,,5G-CORE-UPF-01,False
ALT-CSE-03-00922,CSE-03,MEDIUM,2024-12-06T21:38:31,2024-12-06T21:44:12.036953,2024-12-06T22:14:54.219736,CLOSED,,CARRIER-ROUTER-99,False
ALT-CSE-03-00923,CSE-03,CRITICAL,2024-10-28T02:44:33,2024-10-28T02:52:52.755543,2024-10-28T03:41:52.456679,CLOSED,,5G-AMF-NODE-02,False
ALT-CSE-03-00924,CSE-03,HIGH,2024-10-31T15:16:51,2024-10-31T15:24:03.267893,2024-10-31T15:59:38.326415,CLOSED,,CARRIER-ROUTER-99,False
ALT-CSE-03-00925,CSE-03,HIGH,2024-12-16T03:41:20,2024-12-16T03:44:08.591123,2024-12-16T05:00:36.441228,CLOSED,,5G-CORE-UPF-01,False
ALT-CSE-03-00926,CSE-03,MEDIUM,2024-10-18T23:23:51,2024-10-18T23:26:07.649342,2024-10-19T00:26:30.931383,CLOSED,,TELCO-AAA-SRV,False
ALT-CSE-03-00927,CSE-03,HIGH,2024-11-05T21:16:03,2024-11-05T21:23:14.751804,2024-11-05T22:11:05.635837,CLOSED,,EDGE-GATEWAY-12,False
ALT-CSE-03-00928,CSE-03,HIGH,2024-11-03T05:48:07,2024-11-03T05:50:31.198861,2024-11-03T07:05:23.118427,CLOSED,,EDGE-GATEWAY-12,False
ALT-CSE-03-00929,CSE-03,HIGH,2024-12-22T05:27:19,2024-12-22T05:35:39.922254,2024-12-22T06:09:45.542560,CLOSED,,5G-CORE-UPF-01,False
ALT-CSE-03-00930,CSE-03,LOW,2024-11-25T19:05:47,2024-11-25T19:10:41.785311,2024-11-25T20:13:40.987698,CLOSED,,EDGE-GATEWAY-12,False
ALT-CSE-03-00931,CSE-03,MEDIUM,2024-11-29T00:15:55,2024-11-29T00:24:19.348782,2024-11-29T01:24:45.239949,CLOSED,,5G-AMF-NODE-02,False
ALT-CSE-03-00932,CSE-03,MEDIUM,2024-12-05T04:29:21,2024-12-05T04:37:37.177240,2024-12-05T05:26:13.259409,CLOSED,,TELCO-AAA-SRV,False
ALT-CSE-03-00933,CSE-03,MEDIUM,2024-11-14T01:30:14,2024-11-14T01:33:25.501821,2024-11-14T02:28:51.885993,CLOSED,,5G-CORE-UPF-01,False
ALT-CSE-03-00934,CSE-03,MEDIUM,2024-12-06T02:52:49,2024-12-06T03:01:05.740203,2024-12-06T03:26:44.760523,CLOSED,,EDGE-GATEWAY-12,False
ALT-CSE-03-00935,CSE-03,HIGH,2024-10-24T05:44:00,2024-10-24T05:48:33.897382,2024-10-24T06:19:36.525585,CLOSED,,5G-CORE-UPF-01,False
ALT-CSE-03-00936,CSE-03,HIGH,2024-10-21T03:27:24,2024-10-21T03:29:48.347935,2024-10-21T03:59:00.957482,CLOSED,,CARRIER-ROUTER-99,False
ALT-CSE-03-00937,CSE-03,LOW,2024-12-05T16:07:07,2024-12-05T16:09:28.288622,2024-12-05T17:24:52.904089,CLOSED,,TELCO-AAA-SRV,False
ALT-CSE-03-00938,CSE-03,LOW,2024-10-28T01:55:45,2024-10-28T02:05:23.245767,2024-10-28T03:11:31.542197,CLOSED,,CARRIER-ROUTER-99,False
ALT-CSE-03-00939,CSE-03,MEDIUM,2024-12-25T03:13:28,2024-12-25T03:16:17.722047,2024-12-25T03:55:04.726375,CLOSED,,5G-AMF-NODE-02,False
ALT-CSE-03-00940,CSE-03,HIGH,2024-12-23T02:51:44,2024-12-23T02:55:05.661105,2024-12-23T03:23:34.154143,CLOSED,,5G-AMF-NODE-02,False
ALT-CSE-03-00941,CSE-03,MEDIUM,2024-11-01T05:44:29,2024-11-01T05:53:34.512550,2024-11-01T07:01:47.351242,CLOSED,,TELCO-AAA-SRV,False
ALT-CSE-03-00942,CSE-03,CRITICAL,2024-12-14T13:53:10,2024-12-14T14:01:13.308944,2024-12-14T15:02:44.478891,CLOSED,CAS-CSE-03-0101,5G-AMF-NODE-02,False
ALT-CSE-03-00943,CSE-03,MEDIUM,2024-11-21T03:30:48,2024-11-21T03:40:35.973616,2024-11-21T04:31:42.127974,CLOSED,,TELCO-AAA-SRV,False
ALT-CSE-03-00944,CSE-03,LOW,2024-10-20T21:55:19,2024-10-20T22:01:09.267975,2024-10-20T22:34:38.204771,CLOSED,,5G-AMF-NODE-02,False
ALT-CSE-03-00945,CSE-03,LOW,2024-10-11T20:03:42,2024-10-11T20:09:05.640428,2024-10-11T21:25:44.872507,CLOSED,,EDGE-GATEWAY-12,False
ALT-CSE-03-00946,CSE-03,HIGH,2024-11-06T11:38:25,2024-11-06T11:45:36.761097,2024-11-06T12:36:47.352478,CLOSED,,EDGE-GATEWAY-12,False
ALT-CSE-03-00947,CSE-03,HIGH,2024-10-07T13:32:02,2024-10-07T13:37:00.740685,2024-10-07T14:36:23.163559,CLOSED,CAS-CSE-03-0102,CARRIER-ROUTER-99,False
ALT-CSE-03-00948,CSE-03,HIGH,2024-11-28T02:45:52,2024-11-28T02:52:13.342997,2024-11-28T03:59:08.238421,CLOSED,,EDGE-GATEWAY-12,False
ALT-CSE-03-00949,CSE-03,CRITICAL,2024-11-13T03:12:27,2024-11-13T03:19:33.215713,2024-11-13T04:36:36.202194,CLOSED,CAS-CSE-03-0103,EDGE-GATEWAY-12,False
ALT-CSE-03-00950,CSE-03,HIGH,2024-10-22T16:24:05,2024-10-22T16:32:25.625959,2024-10-22T17:18:34.778276,CLOSED,,EDGE-GATEWAY-12,False
ALT-CSE-03-00951,CSE-03,HIGH,2024-10-17T09:54:57,2024-10-17T09:59:23.975519,2024-10-17T10:45:05.609718,CLOSED,,TELCO-AAA-SRV,False
ALT-CSE-03-00952,CSE-03,LOW,2024-12-25T15:58:56,2024-12-25T16:08:48.175342,2024-12-25T16:29:47.199113,CLOSED,,5G-AMF-NODE-02,False
ALT-CSE-03-00953,CSE-03,LOW,2024-11-01T06:06:12,2024-11-01T06:13:24.005664,2024-11-01T07:04:07.428047,CLOSED,,5G-AMF-NODE-02,False
ALT-CSE-03-00954,CSE-03,LOW,2024-12-29T01:16:34,2024-12-29T01:20:40.624457,2024-12-29T02:26:21.692159,CLOSED,,5G-CORE-UPF-01,False
ALT-CSE-03-00955,CSE-03,LOW,2024-10-03T15:55:29,2024-10-03T16:02:49.519770,2024-10-03T17:10:05.714702,CLOSED,,EDGE-GATEWAY-12,False
ALT-CSE-03-00956,CSE-03,MEDIUM,2024-10-23T13:23:45,2024-10-23T13:29:53.387718,2024-10-23T14:11:27.637044,CLOSED,,5G-AMF-NODE-02,False
ALT-CSE-03-00957,CSE-03,MEDIUM,2024-11-21T22:30:21,2024-11-21T22:34:35.559579,2024-11-21T23:26:49.107789,CLOSED,,EDGE-GATEWAY-12,False
ALT-CSE-03-00958,CSE-03,LOW,2024-11-03T01:40:53,2024-11-03T01:47:00.413699,2024-11-03T02:51:22.859660,CLOSED,,5G-AMF-NODE-02,False
ALT-CSE-03-00959,CSE-03,MEDIUM,2024-11-06T00:43:18,2024-11-06T00:48:42.560930,2024-11-06T01:29:30.797290,CLOSED,,CARRIER-ROUTER-99,False
ALT-CSE-03-00960,CSE-03,LOW,2024-12-18T08:07:16,2024-12-18T08:16:50.662732,2024-12-18T08:49:10.004009,CLOSED,,5G-CORE-UPF-01,False
ALT-CSE-03-00961,CSE-03,MEDIUM,2024-10-02T13:36:06,2024-10-02T13:41:09.036291,2024-10-02T14:28:59.106054,CLOSED,,TELCO-AAA-SRV,False
ALT-CSE-03-00962,CSE-03,CRITICAL,2024-12-26T10:14:20,2024-12-26T10:21:38.000529,2024-12-26T11:06:25.244463,CLOSED,,5G-AMF-NODE-02,False
ALT-CSE-03-00963,CSE-03,CRITICAL,2024-11-25T15:21:05,2024-11-25T15:29:23.608208,2024-11-25T15:54:52.990482,CLOSED,CAS-CSE-03-0104,EDGE-GATEWAY-12,True
ALT-CSE-03-00964,CSE-03,HIGH,2024-12-12T04:37:40,2024-12-12T04:41:25.704917,2024-12-12T05:40:23.401310,CLOSED,,5G-CORE-UPF-01,False
ALT-CSE-03-00965,CSE-03,LOW,2024-10-25T19:40:10,2024-10-25T19:47:38.885850,2024-10-25T20:22:50.207170,CLOSED,,TELCO-AAA-SRV,False
ALT-CSE-03-00966,CSE-03,MEDIUM,2024-11-15T07:03:09,2024-11-15T07:05:13.042220,2024-11-15T08:25:17.119883,CLOSED,,TELCO-AAA-SRV,False
ALT-CSE-03-00967,CSE-03,MEDIUM,2024-12-03T07:34:26,2024-12-03T07:38:07.379583,2024-12-03T08:27:12.756591,CLOSED,,EDGE-GATEWAY-12,False
ALT-CSE-03-00968,CSE-03,MEDIUM,2024-12-25T08:29:44,2024-12-25T08:32:08.405477,2024-12-25T09:00:32.073353,CLOSED,,CARRIER-ROUTER-99,False
ALT-CSE-03-00969,CSE-03,MEDIUM,2024-10-05T09:03:10,2024-10-05T09:08:58.872649,2024-10-05T10:17:31.288107,CLOSED,,TELCO-AAA-SRV,False
ALT-CSE-03-00970,CSE-03,HIGH,2024-10-27T05:50:51,2024-10-27T05:56:26.407623,2024-10-27T06:58:57.149676,CLOSED,CAS-CSE-03-0105,TELCO-AAA-SRV,False
ALT-CSE-03-00971,CSE-03,HIGH,2024-11-04T23:17:36,2024-11-04T23:26:37.957522,2024-11-05T00:38:15.242192,CLOSED,CAS-CSE-03-0106,5G-AMF-NODE-02,False
ALT-CSE-03-00972,CSE-03,MEDIUM,2024-11-28T19:51:35,2024-11-28T19:53:46.557189,2024-11-28T21:00:59.464403,CLOSED,,5G-AMF-NODE-02,False
ALT-CSE-03-00973,CSE-03,MEDIUM,2024-12-28T20:33:22,2024-12-28T20:42:53.224573,2024-12-28T21:37:42.096546,CLOSED,,5G-CORE-UPF-01,False
ALT-CSE-03-00974,CSE-03,HIGH,2024-12-19T01:47:39,2024-12-19T01:53:15.142219,2024-12-19T02:26:23.392421,CLOSED,,5G-CORE-UPF-01,False
ALT-CSE-03-00975,CSE-03,MEDIUM,2024-11-16T06:45:31,2024-11-16T06:51:54.391877,2024-11-16T07:51:53.728519,CLOSED,,EDGE-GATEWAY-12,False
ALT-CSE-03-00976,CSE-03,CRITICAL,2024-10-23T17:37:11,2024-10-23T17:41:41.612658,2024-10-23T19:00:49.502013,CLOSED,CAS-CSE-03-0107,5G-CORE-UPF-01,False
ALT-CSE-03-00977,CSE-03,MEDIUM,2024-12-13T03:51:02,2024-12-13T03:59:27.069255,2024-12-13T05:14:13.843456,CLOSED,,TELCO-AAA-SRV,False
ALT-CSE-03-00978,CSE-03,MEDIUM,2024-12-17T17:50:29,2024-12-17T17:59:59.018203,2024-12-17T19:01:35.614516,CLOSED,,CARRIER-ROUTER-99,False
ALT-CSE-03-00979,CSE-03,HIGH,2024-11-01T17:07:51,2024-11-01T17:17:27.701738,2024-11-01T18:02:25.104293,CLOSED,,EDGE-GATEWAY-12,False
ALT-CSE-03-00980,CSE-03,LOW,2024-12-20T00:55:30,2024-12-20T01:03:19.989801,2024-12-20T01:39:59.681711,CLOSED,,5G-AMF-NODE-02,False
ALT-CSE-03-00981,CSE-03,CRITICAL,2024-10-31T13:03:27,2024-10-31T13:07:31.943994,2024-10-31T14:24:24.605733,CLOSED,CAS-CSE-03-0108,CARRIER-ROUTER-99,False
ALT-CSE-03-00982,CSE-03,MEDIUM,2024-12-17T10:27:35,2024-12-17T10:37:28.731192,2024-12-17T10:58:06.745214,CLOSED,,5G-AMF-NODE-02,False
ALT-CSE-03-00983,CSE-03,CRITICAL,2024-12-10T19:29:51,2024-12-10T19:34:59.908076,2024-12-10T20:27:15.767875,CLOSED,CAS-CSE-03-0109,5G-AMF-NODE-02,False
ALT-CSE-03-00984,CSE-03,CRITICAL,2024-10-03T08:00:34,2024-10-03T08:03:08.346070,2024-10-03T09:19:12.070812,CLOSED,,5G-CORE-UPF-01,False
ALT-CSE-03-00985,CSE-03,HIGH,2024-10-04T05:31:22,2024-10-04T05:36:09.575006,2024-10-04T06:35:58.183615,CLOSED,CAS-CSE-03-0110,EDGE-GATEWAY-12,False
ALT-CSE-03-00986,CSE-03,CRITICAL,2024-10-25T17:49:37,2024-10-25T17:57:53.045431,2024-10-25T18:34:33.837681,CLOSED,CAS-CSE-03-0111,5G-CORE-UPF-01,False
ALT-CSE-03-00987,CSE-03,LOW,2024-10-02T07:34:37,2024-10-02T07:36:56.296140,2024-10-02T08:20:46.533916,CLOSED,,5G-CORE-UPF-01,False
ALT-CSE-03-00988,CSE-03,HIGH,2024-11-10T00:49:50,2024-11-10T00:53:52.337609,2024-11-10T01:39:33.990886,CLOSED,,TELCO-AAA-SRV,False
ALT-CSE-03-00989,CSE-03,MEDIUM,2024-10-21T11:47:50,2024-10-21T11:52:11.931607,2024-10-21T13:11:03.639449,CLOSED,,TELCO-AAA-SRV,False
ALT-CSE-03-00990,CSE-03,MEDIUM,2024-11-05T01:50:49,2024-11-05T01:56:04.018300,2024-11-05T02:36:19.778100,CLOSED,,EDGE-GATEWAY-12,False
ALT-CSE-03-00991,CSE-03,MEDIUM,2024-10-14T18:48:43,2024-10-14T18:57:35.645159,2024-10-14T19:40:30.840817,CLOSED,,5G-AMF-NODE-02,False
ALT-CSE-03-00992,CSE-03,HIGH,2024-11-10T23:27:07,2024-11-10T23:29:36.049032,2024-11-11T00:50:15.424605,CLOSED,,TELCO-AAA-SRV,False
ALT-CSE-03-00993,CSE-03,MEDIUM,2024-12-11T16:46:51,2024-12-11T16:49:28.977541,2024-12-11T18:11:10.543349,CLOSED,,5G-CORE-UPF-01,False
ALT-CSE-03-00994,CSE-03,HIGH,2024-12-26T15:33:44,2024-12-26T15:36:35.248266,2024-12-26T16:48:31.611431,CLOSED,,CARRIER-ROUTER-99,False
ALT-CSE-03-00995,CSE-03,CRITICAL,2024-12-05T12:57:01,2024-12-05T12:59:57.400806,2024-12-05T13:58:09.275690,CLOSED,CAS-CSE-03-0112,CARRIER-ROUTER-99,False
ALT-CSE-03-00996,CSE-03,LOW,2024-11-12T15:23:33,2024-11-12T15:32:29.648704,2024-11-12T16:44:40.942217,CLOSED,,5G-CORE-UPF-01,False
ALT-CSE-03-00997,CSE-03,LOW,2024-10-25T22:12:26,2024-10-25T22:15:00.154951,2024-10-25T23:06:14.364189,CLOSED,,CARRIER-ROUTER-99,False
ALT-CSE-03-00998,CSE-03,MEDIUM,2024-12-18T01:20:48,2024-12-18T01:26:40.412581,2024-12-18T02:32:56.594411,CLOSED,,TELCO-AAA-SRV,False
ALT-CSE-03-00999,CSE-03,LOW,2024-12-19T11:22:46,2024-12-19T11:30:55.754500,2024-12-19T12:37:34.525517,CLOSED,,5G-CORE-UPF-01,False
ALT-CSE-03-01000,CSE-03,MEDIUM,2024-12-26T16:10:23,2024-12-26T16:14:12.775747,2024-12-26T17:25:38.865308,CLOSED,,5G-AMF-NODE-02,False
ALT-CSE-03-01001,CSE-03,HIGH,2024-11-14T12:32:15,2024-11-14T12:37:27.960271,2024-11-14T13:05:26.105472,CLOSED,,TELCO-AAA-SRV,False
ALT-CSE-03-01002,CSE-03,CRITICAL,2024-11-19T12:08:35,2024-11-19T12:12:36.910140,2024-11-19T12:54:40.329756,CLOSED,CAS-CSE-03-0113,EDGE-GATEWAY-12,False
ALT-CSE-03-01003,CSE-03,MEDIUM,2024-12-13T16:50:45,2024-12-13T16:54:11.406388,2024-12-13T17:58:19.506733,CLOSED,,5G-CORE-UPF-01,False
ALT-CSE-03-01004,CSE-03,LOW,2024-11-22T15:30:58,2024-11-22T15:34:47.406537,2024-11-22T16:28:56.012043,CLOSED,,5G-CORE-UPF-01,False
ALT-CSE-03-01005,CSE-03,LOW,2024-12-23T03:02:04,2024-12-23T03:10:27.534788,2024-12-23T03:45:22.860146,CLOSED,,TELCO-AAA-SRV,False
ALT-CSE-03-01006,CSE-03,MEDIUM,2024-10-27T09:28:15,2024-10-27T09:37:47.028564,2024-10-27T10:35:48.401364,CLOSED,,CARRIER-ROUTER-99,False
ALT-CSE-03-01007,CSE-03,LOW,2024-12-09T03:58:07,2024-12-09T04:04:52.934434,2024-12-09T05:07:10.795369,CLOSED,,EDGE-GATEWAY-12,False
ALT-CSE-03-01008,CSE-03,MEDIUM,2024-12-09T14:49:24,2024-12-09T14:53:59.815093,2024-12-09T15:51:00.492883,CLOSED,,CARRIER-ROUTER-99,False
ALT-CSE-03-01009,CSE-03,LOW,2024-10-30T01:30:23,2024-10-30T01:40:09.276372,2024-10-30T02:50:24.313373,CLOSED,,EDGE-GATEWAY-12,False
ALT-CSE-03-01010,CSE-03,LOW,2024-10-02T22:38:19,2024-10-02T22:47:25.753788,2024-10-02T23:39:54.627241,CLOSED,,CARRIER-ROUTER-99,False
ALT-CSE-03-01011,CSE-03,MEDIUM,2024-12-22T14:21:27,2024-12-22T14:29:32.155434,2024-12-22T15:21:23.568095,CLOSED,,TELCO-AAA-SRV,False
ALT-CSE-03-01012,CSE-03,HIGH,2024-12-17T05:47:02,2024-12-17T05:53:40.418929,2024-12-17T06:52:28.390521,CLOSED,,EDGE-GATEWAY-12,False
ALT-CSE-03-01013,CSE-03,MEDIUM,2024-10-02T18:36:19,2024-10-02T18:43:28.129506,2024-10-02T19:32:31.749773,CLOSED,,5G-AMF-NODE-02,False
ALT-CSE-03-01014,CSE-03,MEDIUM,2024-12-04T16:04:38,2024-12-04T16:11:44.527852,2024-12-04T17:18:56.296946,CLOSED,,TELCO-AAA-SRV,False
ALT-CSE-03-01015,CSE-03,LOW,2024-12-22T21:15:59,2024-12-22T21:22:33.641175,2024-12-22T22:36:52.269787,CLOSED,,TELCO-AAA-SRV,False
ALT-CSE-03-01016,CSE-03,MEDIUM,2024-11-01T05:26:59,2024-11-01T05:30:58.151096,2024-11-01T06:44:05.348115,CLOSED,,CARRIER-ROUTER-99,False
ALT-CSE-03-01017,CSE-03,CRITICAL,2024-10-10T16:07:17,2024-10-10T16:16:07.401359,2024-10-10T17:02:17.108943,CLOSED,CAS-CSE-03-0114,TELCO-AAA-SRV,False
ALT-CSE-03-01018,CSE-03,HIGH,2024-11-12T06:07:45,2024-11-12T06:16:12.231046,2024-11-12T07:01:32.350882,CLOSED,,TELCO-AAA-SRV,False
ALT-CSE-03-01019,CSE-03,LOW,2024-12-07T04:38:42,2024-12-07T04:45:35.095361,2024-12-07T05:41:03.480621,CLOSED,,EDGE-GATEWAY-12,False
ALT-CSE-03-01020,CSE-03,HIGH,2024-11-05T10:00:04,2024-11-05T10:03:22.567282,2024-11-05T11:16:11.392332,CLOSED,CAS-CSE-03-0115,EDGE-GATEWAY-12,False
ALT-CSE-03-01021,CSE-03,HIGH,2024-11-13T12:40:18,2024-11-13T12:45:46.909646,2024-11-13T13:42:09.923469,CLOSED,,5G-CORE-UPF-01,False
ALT-CSE-03-01022,CSE-03,MEDIUM,2024-11-04T11:17:44,2024-11-04T11:23:05.820932,2024-11-04T12:34:53.261204,CLOSED,,CARRIER-ROUTER-99,False
ALT-CSE-03-01023,CSE-03,MEDIUM,2024-10-03T12:57:08,2024-10-03T13:04:09.608343,2024-10-03T14:13:38.859913,CLOSED,,TELCO-AAA-SRV,False
ALT-CSE-03-01024,CSE-03,MEDIUM,2024-10-21T15:17:38,2024-10-21T15:26:00.321708,2024-10-21T16:27:59.161627,CLOSED,,TELCO-AAA-SRV,False
ALT-CSE-03-01025,CSE-03,MEDIUM,2024-12-04T05:34:44,2024-12-04T05:39:09.445255,2024-12-04T06:19:59.659674,CLOSED,,TELCO-AAA-SRV,False
ALT-CSE-03-01026,CSE-03,MEDIUM,2024-11-16T17:33:11,2024-11-16T17:42:31.016993,2024-11-16T18:57:52.380700,CLOSED,,CARRIER-ROUTER-99,False
ALT-CSE-03-01027,CSE-03,CRITICAL,2024-12-18T03:41:24,2024-12-18T03:47:00.135084,2024-12-18T04:58:00.582464,CLOSED,,5G-CORE-UPF-01,False
ALT-CSE-03-01028,CSE-03,HIGH,2024-11-05T10:57:13,2024-11-05T11:07:11.090589,2024-11-05T12:08:27.564763,CLOSED,,CARRIER-ROUTER-99,False
ALT-CSE-03-01029,CSE-03,MEDIUM,2024-10-28T09:20:16,2024-10-28T09:24:18.902778,2024-10-28T10:05:47.175131,CLOSED,,EDGE-GATEWAY-12,False
ALT-CSE-03-01030,CSE-03,MEDIUM,2024-12-25T06:01:26,2024-12-25T06:07:44.349065,2024-12-25T06:56:38.360129,CLOSED,,CARRIER-ROUTER-99,False
ALT-CSE-03-01031,CSE-03,HIGH,2024-11-07T19:28:02,2024-11-07T19:37:58.813592,2024-11-07T20:09:56.349695,CLOSED,,CARRIER-ROUTER-99,False
ALT-CSE-03-01032,CSE-03,LOW,2024-11-23T08:36:05,2024-11-23T08:40:14.161651,2024-11-23T09:24:35.886031,CLOSED,,CARRIER-ROUTER-99,False
ALT-CSE-03-01033,CSE-03,MEDIUM,2024-12-03T13:05:07,2024-12-03T13:10:54.231707,2024-12-03T14:26:56.369596,CLOSED,,TELCO-AAA-SRV,False
ALT-CSE-03-01034,CSE-03,HIGH,2024-12-20T09:33:20,2024-12-20T09:38:02.366713,2024-12-20T10:18:15.907313,CLOSED,,CARRIER-ROUTER-99,False
ALT-CSE-03-01035,CSE-03,CRITICAL,2024-11-24T21:13:38,2024-11-24T21:22:49.278586,2024-11-24T22:35:59.647063,CLOSED,,TELCO-AAA-SRV,False
ALT-CSE-03-01036,CSE-03,HIGH,2024-12-11T05:42:58,2024-12-11T05:48:43.671597,2024-12-11T06:42:00.308370,CLOSED,,5G-AMF-NODE-02,False
ALT-CSE-03-01037,CSE-03,MEDIUM,2024-11-25T12:21:16,2024-11-25T12:25:52.952660,2024-11-25T13:19:10.782428,CLOSED,,EDGE-GATEWAY-12,False
ALT-CSE-03-01038,CSE-03,MEDIUM,2024-12-09T15:38:11,2024-12-09T15:44:37.554815,2024-12-09T17:02:41.226235,CLOSED,,5G-AMF-NODE-02,False
ALT-CSE-03-01039,CSE-03,MEDIUM,2024-12-02T15:13:28,2024-12-02T15:23:19.606733,2024-12-02T16:28:23.791646,CLOSED,,5G-CORE-UPF-01,False
ALT-CSE-03-01040,CSE-03,HIGH,2024-12-29T19:41:51,2024-12-29T19:47:14.361171,2024-12-29T20:45:24.421062,CLOSED,CAS-CSE-03-0116,TELCO-AAA-SRV,False
ALT-CSE-03-01041,CSE-03,MEDIUM,2024-10-30T17:34:20,2024-10-30T17:38:26.817380,2024-10-30T18:13:49.181933,CLOSED,,EDGE-GATEWAY-12,False
ALT-CSE-03-01042,CSE-03,LOW,2024-12-18T01:24:00,2024-12-18T01:33:54.319490,2024-12-18T02:04:48.601754,CLOSED,,CARRIER-ROUTER-99,False
ALT-CSE-03-01043,CSE-03,CRITICAL,2024-11-16T19:00:56,2024-11-16T19:07:45.515455,2024-11-16T19:52:49.740653,CLOSED,CAS-CSE-03-0117,TELCO-AAA-SRV,False
ALT-CSE-03-01044,CSE-03,LOW,2024-11-15T08:16:08,2024-11-15T08:23:34.766331,2024-11-15T09:00:12.959932,CLOSED,,CARRIER-ROUTER-99,False
ALT-CSE-03-01045,CSE-03,MEDIUM,2024-11-10T18:50:45,2024-11-10T19:00:42.000168,2024-11-10T19:51:47.029277,CLOSED,,5G-CORE-UPF-01,False
ALT-CSE-03-01046,CSE-03,MEDIUM,2024-11-07T19:48:47,2024-11-07T19:52:19.661449,2024-11-07T20:56:12.167716,CLOSED,,EDGE-GATEWAY-12,False
ALT-CSE-03-01047,CSE-03,HIGH,2024-12-22T23:11:56,2024-12-22T23:20:37.450256,2024-12-23T00:07:49.429449,CLOSED,,EDGE-GATEWAY-12,False
ALT-CSE-03-01048,CSE-03,HIGH,2024-10-04T12:03:39,2024-10-04T12:06:26.572082,2024-10-04T13:07:00.245413,CLOSED,,EDGE-GATEWAY-12,False
ALT-CSE-03-01049,CSE-03,MEDIUM,2024-10-07T00:25:12,2024-10-07T00:31:02.571970,2024-10-07T01:23:13.761677,CLOSED,,5G-AMF-NODE-02,False
ALT-CSE-03-01050,CSE-03,CRITICAL,2024-12-05T00:57:30,2024-12-05T00:59:52.118901,2024-12-05T01:56:18.823245,CLOSED,CAS-CSE-03-0118,CARRIER-ROUTER-99,False
ALT-CSE-03-01051,CSE-03,LOW,2024-11-26T06:22:22,2024-11-26T06:24:30.823706,2024-11-26T07:03:50.050951,CLOSED,,TELCO-AAA-SRV,False
ALT-CSE-03-01052,CSE-03,HIGH,2024-10-18T06:25:13,2024-10-18T06:33:51.976985,2024-10-18T07:18:59.246884,CLOSED,,5G-AMF-NODE-02,False
ALT-CSE-03-01053,CSE-03,LOW,2024-10-28T01:26:14,2024-10-28T01:33:13.288540,2024-10-28T02:01:36.307903,CLOSED,,5G-CORE-UPF-01,False
ALT-CSE-03-01054,CSE-03,CRITICAL,2024-11-06T19:54:50,2024-11-06T20:02:12.915473,2024-11-06T20:59:57.737967,CLOSED,,EDGE-GATEWAY-12,False
ALT-CSE-03-01055,CSE-03,CRITICAL,2024-12-02T14:38:09,2024-12-02T14:45:42.247348,2024-12-02T15:39:37.798082,CLOSED,CAS-CSE-03-0119,5G-AMF-NODE-02,False
ALT-CSE-03-01056,CSE-03,CRITICAL,2024-10-11T09:16:43,2024-10-11T09:23:03.351798,2024-10-11T10:17:08.883056,CLOSED,,5G-CORE-UPF-01,False
ALT-CSE-03-01057,CSE-03,HIGH,2024-12-28T19:44:17,2024-12-28T19:49:08.469322,2024-12-28T20:33:28.298840,CLOSED,,5G-AMF-NODE-02,False
ALT-CSE-03-01058,CSE-03,CRITICAL,2024-10-19T07:23:24,2024-10-19T07:32:00.671849,2024-10-19T08:24:21.512042,CLOSED,,5G-CORE-UPF-01,False
ALT-CSE-03-01059,CSE-03,LOW,2024-11-28T12:28:49,2024-11-28T12:38:25.984259,2024-11-28T13:52:55.750307,CLOSED,,TELCO-AAA-SRV,False
ALT-CSE-03-01060,CSE-03,MEDIUM,2024-10-25T15:24:55,2024-10-25T15:28:09.007845,2024-10-25T16:26:29.062143,CLOSED,,CARRIER-ROUTER-99,False
ALT-CSE-03-01061,CSE-03,LOW,2024-11-24T03:21:32,2024-11-24T03:28:56.319114,2024-11-24T04:31:11.335567,CLOSED,,CARRIER-ROUTER-99,False
ALT-CSE-03-01062,CSE-03,LOW,2024-12-05T15:02:39,2024-12-05T15:10:37.008967,2024-12-05T16:27:30.637333,CLOSED,,5G-AMF-NODE-02,False
ALT-CSE-03-01063,CSE-03,MEDIUM,2024-10-30T02:50:24,2024-10-30T02:55:28.755490,2024-10-30T03:46:28.347759,CLOSED,,TELCO-AAA-SRV,False
ALT-CSE-03-01064,CSE-03,HIGH,2024-11-30T22:53:57,2024-11-30T23:00:20.948603,2024-12-01T00:06:44.344801,CLOSED,CAS-CSE-03-0120,5G-AMF-NODE-02,False
ALT-CSE-03-01065,CSE-03,LOW,2024-11-16T02:35:34,2024-11-16T02:43:53.364251,2024-11-16T03:43:10.488746,CLOSED,,5G-CORE-UPF-01,False
ALT-CSE-03-01066,CSE-03,LOW,2024-11-25T20:54:25,2024-11-25T20:58:03.087349,2024-11-25T21:28:31.245866,CLOSED,,5G-AMF-NODE-02,False
ALT-CSE-03-01067,CSE-03,MEDIUM,2024-12-21T16:41:06,2024-12-21T16:45:44.403144,2024-12-21T17:21:58.963681,CLOSED,,TELCO-AAA-SRV,False
ALT-CSE-03-01068,CSE-03,MEDIUM,2024-11-28T20:50:17,2024-11-28T20:53:26.931141,2024-11-28T22:07:41.319618,CLOSED,,CARRIER-ROUTER-99,False
ALT-CSE-03-01069,CSE-03,MEDIUM,2024-12-08T05:59:59,2024-12-08T06:06:04.292790,2024-12-08T07:07:59.213366,CLOSED,,5G-AMF-NODE-02,False
ALT-CSE-03-01070,CSE-03,MEDIUM,2024-11-24T05:03:07,2024-11-24T05:10:51.974181,2024-11-24T06:15:02.577452,CLOSED,,TELCO-AAA-SRV,False
ALT-CSE-03-01071,CSE-03,MEDIUM,2024-10-24T08:37:15,2024-10-24T08:45:07.224872,2024-10-24T09:55:37.966662,CLOSED,,EDGE-GATEWAY-12,False
ALT-CSE-03-01072,CSE-03,MEDIUM,2024-10-27T01:25:10,2024-10-27T01:34:03.094995,2024-10-27T01:59:31.551944,CLOSED,,5G-AMF-NODE-02,False
ALT-CSE-03-01073,CSE-03,LOW,2024-11-12T08:25:10,2024-11-12T08:30:42.372804,2024-11-12T09:23:01.204014,CLOSED,,TELCO-AAA-SRV,False
ALT-CSE-03-01074,CSE-03,HIGH,2024-12-16T13:13:40,2024-12-16T13:19:58.419700,2024-12-16T14:34:13.767603,CLOSED,CAS-CSE-03-0121,TELCO-AAA-SRV,False
ALT-CSE-03-01075,CSE-03,MEDIUM,2024-12-23T04:47:30,2024-12-23T04:55:46.473789,2024-12-23T05:50:19.467422,CLOSED,,EDGE-GATEWAY-12,False
ALT-CSE-03-01076,CSE-03,LOW,2024-11-06T23:33:27,2024-11-06T23:37:57.478106,2024-11-07T00:49:22.006980,CLOSED,,CARRIER-ROUTER-99,False
ALT-CSE-03-01077,CSE-03,CRITICAL,2024-10-31T18:03:57,2024-10-31T18:09:50.316937,2024-10-31T18:38:02.218483,CLOSED,CAS-CSE-03-0122,5G-CORE-UPF-01,True
ALT-CSE-03-01078,CSE-03,HIGH,2024-12-08T09:17:24,2024-12-08T09:26:33.992123,2024-12-08T10:12:42.634390,CLOSED,CAS-CSE-03-0123,CARRIER-ROUTER-99,True
ALT-CSE-03-01079,CSE-03,HIGH,2024-12-06T20:15:58,2024-12-06T20:19:57.277032,2024-12-06T20:49:03.556028,CLOSED,,TELCO-AAA-SRV,False
ALT-CSE-03-01080,CSE-03,MEDIUM,2024-11-21T08:54:47,2024-11-21T09:04:10.118114,2024-11-21T09:40:47.648342,CLOSED,,TELCO-AAA-SRV,False
ALT-CSE-03-01081,CSE-03,HIGH,2024-11-04T17:16:44,2024-11-04T17:21:16.568076,2024-11-04T17:51:04.527279,CLOSED,,5G-AMF-NODE-02,False
ALT-CSE-03-01082,CSE-03,LOW,2024-12-04T05:55:27,2024-12-04T05:58:05.140816,2024-12-04T07:13:58.455748,CLOSED,,CARRIER-ROUTER-99,False
ALT-CSE-03-01083,CSE-03,MEDIUM,2024-11-05T20:42:51,2024-11-05T20:48:00.920195,2024-11-05T21:59:14.036543,CLOSED,,5G-CORE-UPF-01,False
ALT-CSE-03-01084,CSE-03,LOW,2024-11-16T07:50:20,2024-11-16T07:52:47.617675,2024-11-16T08:22:52.860956,CLOSED,,5G-CORE-UPF-01,False
ALT-CSE-03-01085,CSE-03,LOW,2024-12-07T06:56:03,2024-12-07T07:01:44.363183,2024-12-07T07:57:14.849960,CLOSED,,5G-CORE-UPF-01,False
ALT-CSE-03-01086,CSE-03,LOW,2024-11-13T18:55:58,2024-11-13T19:00:50.541079,2024-11-13T20:18:18.196775,CLOSED,,TELCO-AAA-SRV,False
ALT-CSE-03-01087,CSE-03,LOW,2024-10-01T15:52:21,2024-10-01T15:55:49.744941,2024-10-01T16:28:03.057864,CLOSED,,TELCO-AAA-SRV,False
ALT-CSE-03-01088,CSE-03,HIGH,2024-10-21T16:29:58,2024-10-21T16:33:51.303196,2024-10-21T17:32:43.363401,CLOSED,,5G-CORE-UPF-01,False
ALT-CSE-03-01089,CSE-03,CRITICAL,2024-12-25T23:41:55,2024-12-25T23:50:54.880728,2024-12-26T00:17:17.431923,CLOSED,,CARRIER-ROUTER-99,False
ALT-CSE-03-01090,CSE-03,MEDIUM,2024-11-10T04:03:50,2024-11-10T04:07:05.112671,2024-11-10T05:19:19.384071,CLOSED,,EDGE-GATEWAY-12,False
ALT-CSE-03-01091,CSE-03,MEDIUM,2024-10-16T08:18:50,2024-10-16T08:28:11.282817,2024-10-16T08:57:35.661919,CLOSED,,CARRIER-ROUTER-99,False
ALT-CSE-03-01092,CSE-03,CRITICAL,2024-10-01T00:12:03,2024-10-01T00:17:22.645654,2024-10-01T00:53:31.763100,CLOSED,CAS-CSE-03-0124,EDGE-GATEWAY-12,False
ALT-CSE-03-01093,CSE-03,MEDIUM,2024-11-09T02:43:54,2024-11-09T02:46:19.441132,2024-11-09T04:04:15.314429,CLOSED,,CARRIER-ROUTER-99,False
ALT-CSE-03-01094,CSE-03,LOW,2024-10-27T07:06:56,2024-10-27T07:10:55.784595,2024-10-27T08:06:46.201841,CLOSED,,5G-CORE-UPF-01,False
ALT-CSE-03-01095,CSE-03,LOW,2024-12-20T10:56:35,2024-12-20T11:02:21.061179,2024-12-20T11:30:06.676845,CLOSED,,EDGE-GATEWAY-12,False
ALT-CSE-03-01096,CSE-03,MEDIUM,2024-10-04T00:05:30,2024-10-04T00:15:27.073087,2024-10-04T00:37:17.393484,CLOSED,,CARRIER-ROUTER-99,False
ALT-CSE-03-01097,CSE-03,HIGH,2024-10-09T01:11:02,2024-10-09T01:20:11.208811,2024-10-09T02:22:04.987970,CLOSED,,5G-CORE-UPF-01,False
ALT-CSE-03-01098,CSE-03,MEDIUM,2024-11-01T20:14:38,2024-11-01T20:21:31.398594,2024-11-01T21:34:45.330430,CLOSED,,TELCO-AAA-SRV,False
ALT-CSE-03-01099,CSE-03,CRITICAL,2024-10-15T16:05:37,2024-10-15T16:11:28.321135,2024-10-15T17:08:38.403642,CLOSED,CAS-CSE-03-0125,TELCO-AAA-SRV,False
ALT-CSE-03-01100,CSE-03,LOW,2024-11-28T22:17:58,2024-11-28T22:23:27.770251,2024-11-28T22:50:41.961828,CLOSED,,CARRIER-ROUTER-99,False
ALT-CSE-03-01101,CSE-03,HIGH,2024-11-18T18:44:06,2024-11-18T18:52:50.486192,2024-11-18T19:32:22.546933,CLOSED,CAS-CSE-03-0126,CARRIER-ROUTER-99,False
ALT-CSE-03-01102,CSE-03,HIGH,2024-10-31T01:27:21,2024-10-31T01:32:33.341437,2024-10-31T02:11:42.098701,CLOSED,CAS-CSE-03-0127,EDGE-GATEWAY-12,False
ALT-CSE-03-01103,CSE-03,MEDIUM,2024-10-11T15:27:16,2024-10-11T15:35:30.572988,2024-10-11T16:39:04.268839,CLOSED,,CARRIER-ROUTER-99,False
ALT-CSE-03-01104,CSE-03,LOW,2024-12-25T10:06:20,2024-12-25T10:09:10.829019,2024-12-25T11:04:50.135199,CLOSED,,TELCO-AAA-SRV,False
ALT-CSE-03-01105,CSE-03,LOW,2024-10-11T14:51:03,2024-10-11T14:59:23.800535,2024-10-11T15:37:33.360719,CLOSED,,EDGE-GATEWAY-12,False
ALT-CSE-03-01106,CSE-03,LOW,2024-10-10T10:20:46,2024-10-10T10:25:49.687580,2024-10-10T11:11:04.010221,CLOSED,,EDGE-GATEWAY-12,False
ALT-CSE-03-01107,CSE-03,CRITICAL,2024-10-08T08:15:02,2024-10-08T08:21:34.410707,2024-10-08T09:21:56.842198,CLOSED,,CARRIER-ROUTER-99,False
ALT-CSE-03-01108,CSE-03,LOW,2024-10-05T01:57:25,2024-10-05T02:03:52.195755,2024-10-05T02:49:29.928528,CLOSED,,EDGE-GATEWAY-12,False
ALT-CSE-03-01109,CSE-03,MEDIUM,2024-11-01T15:51:57,2024-11-01T16:01:03.041018,2024-11-01T16:36:23.755548,CLOSED,,CARRIER-ROUTER-99,False
ALT-CSE-03-01110,CSE-03,CRITICAL,2024-10-30T00:43:01,2024-10-30T00:52:15.945726,2024-10-30T01:28:21.677273,CLOSED,CAS-CSE-03-0128,5G-AMF-NODE-02,False
ALT-CSE-03-01111,CSE-03,MEDIUM,2024-11-17T22:22:11,2024-11-17T22:30:30.667439,2024-11-17T22:53:12.981637,CLOSED,,EDGE-GATEWAY-12,False
ALT-CSE-03-01112,CSE-03,CRITICAL,2024-11-03T15:31:00,2024-11-03T15:39:47.063527,2024-11-03T16:04:33.831900,CLOSED,,5G-AMF-NODE-02,False
ALT-CSE-03-01113,CSE-03,MEDIUM,2024-11-19T16:34:31,2024-11-19T16:41:46.804532,2024-11-19T17:58:23.182150,CLOSED,,5G-AMF-NODE-02,False
ALT-CSE-03-01114,CSE-03,MEDIUM,2024-10-25T11:21:26,2024-10-25T11:30:27.327724,2024-10-25T12:43:32.307674,CLOSED,,TELCO-AAA-SRV,False
ALT-CSE-03-01115,CSE-03,CRITICAL,2024-10-14T21:09:59,2024-10-14T21:14:01.297559,2024-10-14T22:02:35.235841,CLOSED,CAS-CSE-03-0129,5G-AMF-NODE-02,False
ALT-CSE-03-01116,CSE-03,LOW,2024-12-29T23:51:12,2024-12-29T23:53:14.677418,2024-12-30T01:14:52.307201,CLOSED,,EDGE-GATEWAY-12,False
ALT-CSE-03-01117,CSE-03,CRITICAL,2024-12-03T10:29:19,2024-12-03T10:31:24.092642,2024-12-03T11:22:55.273102,CLOSED,CAS-CSE-03-0130,CARRIER-ROUTER-99,False
ALT-CSE-03-01118,CSE-03,MEDIUM,2024-10-15T23:13:20,2024-10-15T23:20:42.412846,2024-10-15T23:55:44.583195,CLOSED,,TELCO-AAA-SRV,False
ALT-CSE-03-01119,CSE-03,MEDIUM,2024-12-11T13:47:50,2024-12-11T13:50:40.290828,2024-12-11T14:20:26.326029,CLOSED,,CARRIER-ROUTER-99,False
ALT-CSE-03-01120,CSE-03,HIGH,2024-11-14T13:31:26,2024-11-14T13:39:42.045511,2024-11-14T14:19:10.071911,CLOSED,CAS-CSE-03-0131,5G-CORE-UPF-01,False
ALT-CSE-03-01121,CSE-03,MEDIUM,2024-12-24T12:54:04,2024-12-24T12:59:43.434124,2024-12-24T14:05:44.650496,CLOSED,,5G-CORE-UPF-01,False
ALT-CSE-03-01122,CSE-03,MEDIUM,2024-11-22T03:01:53,2024-11-22T03:10:55.677295,2024-11-22T03:32:10.966223,CLOSED,,TELCO-AAA-SRV,False
ALT-CSE-03-01123,CSE-03,LOW,2024-11-23T17:58:28,2024-11-23T18:02:28.202236,2024-11-23T18:56:20.782415,CLOSED,,CARRIER-ROUTER-99,False
ALT-CSE-03-01124,CSE-03,MEDIUM,2024-11-12T09:49:11,2024-11-12T09:52:00.270150,2024-11-12T10:53:33.935789,CLOSED,,TELCO-AAA-SRV,False
ALT-CSE-03-01125,CSE-03,MEDIUM,2024-10-05T10:35:01,2024-10-05T10:40:29.064938,2024-10-05T11:31:51.743304,CLOSED,,5G-CORE-UPF-01,False
ALT-CSE-03-01126,CSE-03,MEDIUM,2024-10-16T11:14:49,2024-10-16T11:23:12.222705,2024-10-16T11:54:32.692661,CLOSED,,5G-AMF-NODE-02,False
ALT-CSE-03-01127,CSE-03,HIGH,2024-12-23T21:34:47,2024-12-23T21:37:43.313730,2024-12-23T22:16:04.495420,CLOSED,,EDGE-GATEWAY-12,False
ALT-CSE-03-01128,CSE-03,LOW,2024-10-11T18:03:15,2024-10-11T18:08:08.942561,2024-10-11T18:58:08.167758,CLOSED,,5G-AMF-NODE-02,False
ALT-CSE-03-01129,CSE-03,MEDIUM,2024-11-30T09:44:13,2024-11-30T09:50:05.932842,2024-11-30T10:26:25.758280,CLOSED,,TELCO-AAA-SRV,False
ALT-CSE-03-01130,CSE-03,LOW,2024-11-15T00:53:18,2024-11-15T01:02:35.564092,2024-11-15T01:38:43.280903,CLOSED,,5G-CORE-UPF-01,False
ALT-CSE-03-01131,CSE-03,LOW,2024-12-05T19:33:08,2024-12-05T19:39:44.591794,2024-12-05T20:12:30.907402,CLOSED,,5G-CORE-UPF-01,False
ALT-CSE-03-01132,CSE-03,HIGH,2024-11-26T16:48:45,2024-11-26T16:57:13.036145,2024-11-26T18:03:11.840402,CLOSED,,TELCO-AAA-SRV,False
ALT-CSE-03-01133,CSE-03,MEDIUM,2024-12-22T06:30:26,2024-12-22T06:36:42.034188,2024-12-22T07:47:45.865863,CLOSED,,5G-CORE-UPF-01,False
ALT-CSE-03-01134,CSE-03,CRITICAL,2024-12-05T03:56:47,2024-12-05T04:04:58.619959,2024-12-05T04:45:36.398799,CLOSED,CAS-CSE-03-0132,5G-AMF-NODE-02,True
ALT-CSE-03-01135,CSE-03,MEDIUM,2024-12-12T03:17:16,2024-12-12T03:19:22.987590,2024-12-12T04:18:01.863492,CLOSED,,5G-CORE-UPF-01,False
ALT-CSE-03-01136,CSE-03,HIGH,2024-11-17T15:51:16,2024-11-17T15:59:51.425210,2024-11-17T16:23:23.000021,CLOSED,CAS-CSE-03-0133,5G-AMF-NODE-02,False
ALT-CSE-03-01137,CSE-03,MEDIUM,2024-12-11T09:11:49,2024-12-11T09:19:02.809927,2024-12-11T10:21:19.290576,CLOSED,,TELCO-AAA-SRV,False
ALT-CSE-03-01138,CSE-03,CRITICAL,2024-12-27T12:42:49,2024-12-27T12:47:47.397566,2024-12-27T13:31:21.268280,CLOSED,CAS-CSE-03-0134,CARRIER-ROUTER-99,False
ALT-CSE-03-01139,CSE-03,HIGH,2024-11-12T12:52:25,2024-11-12T13:01:36.525160,2024-11-12T14:03:50.814262,CLOSED,,TELCO-AAA-SRV,False
ALT-CSE-03-01140,CSE-03,HIGH,2024-11-25T14:06:58,2024-11-25T14:12:12.817323,2024-11-25T15:21:15.153518,CLOSED,,TELCO-AAA-SRV,False
ALT-CSE-03-01141,CSE-03,LOW,2024-12-12T10:47:45,2024-12-12T10:51:17.573917,2024-12-12T12:04:49.406752,CLOSED,,5G-CORE-UPF-01,False
ALT-CSE-03-01142,CSE-03,HIGH,2024-11-04T22:16:00,2024-11-04T22:19:56.865270,2024-11-04T23:33:23.694091,CLOSED,,5G-AMF-NODE-02,False
ALT-CSE-03-01143,CSE-03,LOW,2024-12-18T14:00:11,2024-12-18T14:02:40.094345,2024-12-18T14:38:19.967698,CLOSED,,CARRIER-ROUTER-99,False
ALT-CSE-03-01144,CSE-03,LOW,2024-11-04T21:53:52,2024-11-04T21:56:14.080284,2024-11-04T22:54:05.613288,CLOSED,,5G-CORE-UPF-01,False
ALT-CSE-03-01145,CSE-03,MEDIUM,2024-10-27T01:01:32,2024-10-27T01:03:40.803838,2024-10-27T01:55:41.338054,CLOSED,,TELCO-AAA-SRV,False
ALT-CSE-03-01146,CSE-03,LOW,2024-12-19T20:13:49,2024-12-19T20:23:29.131751,2024-12-19T21:19:32.166865,CLOSED,,EDGE-GATEWAY-12,False
ALT-CSE-03-01147,CSE-03,MEDIUM,2024-10-10T09:47:43,2024-10-10T09:56:15.267453,2024-10-10T10:47:11.195474,CLOSED,,5G-AMF-NODE-02,False
ALT-CSE-03-01148,CSE-03,MEDIUM,2024-10-28T21:56:30,2024-10-28T22:05:38.176382,2024-10-28T23:08:00.408376,CLOSED,,5G-CORE-UPF-01,False
ALT-CSE-03-01149,CSE-03,MEDIUM,2024-11-12T10:19:29,2024-11-12T10:24:35.964761,2024-11-12T11:19:10.712288,CLOSED,,EDGE-GATEWAY-12,False
ALT-CSE-03-01150,CSE-03,HIGH,2024-10-24T09:12:51,2024-10-24T09:21:39.792020,2024-10-24T10:24:23.313634,CLOSED,,5G-AMF-NODE-02,False
ALT-CSE-03-01151,CSE-03,LOW,2024-12-13T10:41:49,2024-12-13T10:43:51.791590,2024-12-13T11:35:29.964544,CLOSED,,5G-AMF-NODE-02,False
ALT-CSE-03-01152,CSE-03,MEDIUM,2024-10-31T09:45:45,2024-10-31T09:54:26.539938,2024-10-31T10:55:03.076562,CLOSED,,5G-CORE-UPF-01,False
ALT-CSE-03-01153,CSE-03,MEDIUM,2024-11-29T03:35:10,2024-11-29T03:42:44.230136,2024-11-29T04:57:30.710386,CLOSED,,TELCO-AAA-SRV,False
ALT-CSE-03-01154,CSE-03,LOW,2024-11-07T06:20:57,2024-11-07T06:25:09.441443,2024-11-07T07:38:22.269682,CLOSED,,5G-AMF-NODE-02,False
ALT-CSE-03-01155,CSE-03,MEDIUM,2024-11-30T13:36:11,2024-11-30T13:44:33.465053,2024-11-30T14:21:50.272297,CLOSED,,TELCO-AAA-SRV,False
ALT-CSE-03-01156,CSE-03,LOW,2024-10-05T22:41:46,2024-10-05T22:48:51.017200,2024-10-06T00:03:51.798340,CLOSED,,EDGE-GATEWAY-12,False
ALT-CSE-03-01157,CSE-03,LOW,2024-10-06T14:24:57,2024-10-06T14:29:03.146237,2024-10-06T14:55:45.695472,CLOSED,,TELCO-AAA-SRV,False
ALT-CSE-03-01158,CSE-03,MEDIUM,2024-11-26T00:23:26,2024-11-26T00:25:37.328389,2024-11-26T01:40:06.915564,CLOSED,,TELCO-AAA-SRV,False
ALT-CSE-03-01159,CSE-03,HIGH,2024-10-12T00:39:56,2024-10-12T00:49:54.937964,2024-10-12T01:10:10.464082,CLOSED,,5G-CORE-UPF-01,False
ALT-CSE-03-01160,CSE-03,HIGH,2024-12-01T05:21:05,2024-12-01T05:29:26.635835,2024-12-01T06:40:25.448319,CLOSED,CAS-CSE-03-0135,TELCO-AAA-SRV,False
ALT-CSE-03-01161,CSE-03,HIGH,2024-11-16T19:36:00,2024-11-16T19:39:40.680456,2024-11-16T20:35:48.982546,CLOSED,,EDGE-GATEWAY-12,False
ALT-CSE-03-01162,CSE-03,HIGH,2024-11-17T01:28:03,2024-11-17T01:32:30.579296,2024-11-17T02:19:06.269452,CLOSED,,EDGE-GATEWAY-12,False
ALT-CSE-03-01163,CSE-03,HIGH,2024-10-01T06:13:06,2024-10-01T06:18:39.317872,2024-10-01T07:02:02.765397,CLOSED,,5G-CORE-UPF-01,False
ALT-CSE-03-01164,CSE-03,MEDIUM,2024-10-14T14:18:21,2024-10-14T14:28:02.786969,2024-10-14T15:08:11.403789,CLOSED,,CARRIER-ROUTER-99,False
ALT-CSE-03-01165,CSE-03,LOW,2024-12-27T05:20:28,2024-12-27T05:22:54.921282,2024-12-27T06:00:50.150428,CLOSED,,5G-AMF-NODE-02,False
ALT-CSE-03-01166,CSE-03,HIGH,2024-10-08T19:51:35,2024-10-08T19:54:19.098101,2024-10-08T20:45:39.456150,CLOSED,,CARRIER-ROUTER-99,False
ALT-CSE-03-01167,CSE-03,CRITICAL,2024-11-05T02:13:28,2024-11-05T02:16:26.600714,2024-11-05T03:37:33.173657,CLOSED,CAS-CSE-03-0136,CARRIER-ROUTER-99,False
ALT-CSE-03-01168,CSE-03,CRITICAL,2024-10-03T09:07:08,2024-10-03T09:12:00.250990,2024-10-03T09:42:13.540715,CLOSED,CAS-CSE-03-0137,5G-CORE-UPF-01,True
ALT-CSE-03-01169,CSE-03,MEDIUM,2024-12-01T08:33:03,2024-12-01T08:42:27.013117,2024-12-01T09:56:48.865611,CLOSED,,CARRIER-ROUTER-99,False
ALT-CSE-03-01170,CSE-03,CRITICAL,2024-11-11T12:53:39,2024-11-11T13:00:17.629066,2024-11-11T14:13:55.858498,CLOSED,CAS-CSE-03-0138,TELCO-AAA-SRV,False
ALT-CSE-03-01171,CSE-03,MEDIUM,2024-11-30T16:16:45,2024-11-30T16:19:54.791636,2024-11-30T17:29:20.197759,CLOSED,,EDGE-GATEWAY-12,False
ALT-CSE-03-01172,CSE-03,MEDIUM,2024-12-29T01:37:59,2024-12-29T01:44:39.279521,2024-12-29T02:32:37.642454,CLOSED,,EDGE-GATEWAY-12,False
ALT-CSE-03-01173,CSE-03,MEDIUM,2024-11-29T09:29:06,2024-11-29T09:32:43.471111,2024-11-29T10:30:18.258490,CLOSED,,5G-AMF-NODE-02,False
ALT-CSE-03-01174,CSE-03,MEDIUM,2024-10-18T07:09:36,2024-10-18T07:18:24.370107,2024-10-18T08:12:45.010127,CLOSED,,TELCO-AAA-SRV,False
ALT-CSE-03-01175,CSE-03,LOW,2024-11-05T15:05:46,2024-11-05T15:11:04.132528,2024-11-05T15:58:23.843360,CLOSED,,5G-CORE-UPF-01,False
ALT-CSE-03-01176,CSE-03,MEDIUM,2024-10-15T10:31:26,2024-10-15T10:35:50.801353,2024-10-15T11:46:08.955074,CLOSED,,5G-CORE-UPF-01,False
ALT-CSE-03-01177,CSE-03,HIGH,2024-10-20T22:06:41,2024-10-20T22:13:33.677104,2024-10-20T22:53:01.354706,CLOSED,CAS-CSE-03-0139,5G-CORE-UPF-01,False
ALT-CSE-03-01178,CSE-03,MEDIUM,2024-12-26T18:12:27,2024-12-26T18:17:53.521845,2024-12-26T19:14:16.388209,CLOSED,,5G-AMF-NODE-02,False
ALT-CSE-03-01179,CSE-03,MEDIUM,2024-10-21T03:39:18,2024-10-21T03:49:02.602119,2024-10-21T04:28:32.816554,CLOSED,,5G-AMF-NODE-02,False
ALT-CSE-03-01180,CSE-03,CRITICAL,2024-10-30T17:34:32,2024-10-30T17:43:44.541218,2024-10-30T18:57:48.804074,CLOSED,CAS-CSE-03-0140,CARRIER-ROUTER-99,False
ALT-CSE-03-01181,CSE-03,LOW,2024-11-23T14:04:28,2024-11-23T14:12:33.102227,2024-11-23T14:54:42.927663,CLOSED,,EDGE-GATEWAY-12,False
ALT-CSE-03-01182,CSE-03,MEDIUM,2024-10-11T13:40:08,2024-10-11T13:49:27.750483,2024-10-11T14:31:06.864916,CLOSED,,5G-AMF-NODE-02,False
ALT-CSE-03-01183,CSE-03,LOW,2024-10-11T11:09:59,2024-10-11T11:16:15.372677,2024-10-11T12:13:56.318783,CLOSED,,EDGE-GATEWAY-12,False
ALT-CSE-03-01184,CSE-03,MEDIUM,2024-11-09T21:21:11,2024-11-09T21:29:25.906739,2024-11-09T22:04:22.516382,CLOSED,,5G-CORE-UPF-01,False
ALT-CSE-03-01185,CSE-03,HIGH,2024-10-01T18:15:23,2024-10-01T18:19:37.971730,2024-10-01T19:29:57.484144,CLOSED,,5G-AMF-NODE-02,False
ALT-CSE-03-01186,CSE-03,MEDIUM,2024-11-20T23:41:48,2024-11-20T23:48:51.050354,2024-11-21T00:24:57.745512,CLOSED,,EDGE-GATEWAY-12,False
ALT-CSE-03-01187,CSE-03,MEDIUM,2024-12-14T14:46:21,2024-12-14T14:49:30.684353,2024-12-14T15:17:50.412474,CLOSED,,5G-AMF-NODE-02,False
ALT-CSE-03-01188,CSE-03,MEDIUM,2024-10-26T02:21:42,2024-10-26T02:23:44.768515,2024-10-26T03:34:30.100111,CLOSED,,5G-AMF-NODE-02,False
ALT-CSE-03-01189,CSE-03,LOW,2024-11-23T00:54:00,2024-11-23T01:03:20.115285,2024-11-23T02:15:05.294662,CLOSED,,TELCO-AAA-SRV,False
ALT-CSE-03-01190,CSE-03,MEDIUM,2024-11-15T08:53:33,2024-11-15T08:55:52.250181,2024-11-15T09:51:01.827196,CLOSED,,5G-AMF-NODE-02,False
ALT-CSE-03-01191,CSE-03,MEDIUM,2024-12-11T16:10:55,2024-12-11T16:14:11.892275,2024-12-11T16:58:12.777936,CLOSED,,EDGE-GATEWAY-12,False
ALT-CSE-03-01192,CSE-03,MEDIUM,2024-11-11T10:05:52,2024-11-11T10:09:29.217880,2024-11-11T11:03:33.436383,CLOSED,,CARRIER-ROUTER-99,False
ALT-CSE-03-01193,CSE-03,HIGH,2024-11-17T03:22:11,2024-11-17T03:25:43.895371,2024-11-17T03:55:22.016976,CLOSED,,EDGE-GATEWAY-12,False
ALT-CSE-03-01194,CSE-03,LOW,2024-10-15T07:04:47,2024-10-15T07:08:23.598746,2024-10-15T08:23:20.661827,CLOSED,,5G-CORE-UPF-01,False
ALT-CSE-03-01195,CSE-03,MEDIUM,2024-10-03T20:50:21,2024-10-03T20:53:05.816464,2024-10-03T22:04:11.569900,CLOSED,,EDGE-GATEWAY-12,False
ALT-CSE-03-01196,CSE-03,MEDIUM,2024-10-29T14:28:43,2024-10-29T14:34:25.787916,2024-10-29T15:01:29.240391,CLOSED,,TELCO-AAA-SRV,False
ALT-CSE-03-01197,CSE-03,MEDIUM,2024-11-20T20:09:54,2024-11-20T20:17:26.350208,2024-11-20T21:01:41.372724,CLOSED,,5G-CORE-UPF-01,False
ALT-CSE-03-01198,CSE-03,CRITICAL,2024-11-19T05:24:56,2024-11-19T05:32:12.909610,2024-11-19T06:43:07.668117,CLOSED,CAS-CSE-03-0141,TELCO-AAA-SRV,False
ALT-CSE-03-01199,CSE-03,MEDIUM,2024-12-06T13:33:12,2024-12-06T13:36:35.456141,2024-12-06T14:38:53.423770,CLOSED,,5G-CORE-UPF-01,False
ALT-CSE-03-01200,CSE-03,LOW,2024-11-22T20:38:38,2024-11-22T20:48:12.768294,2024-11-22T21:29:55.783793,CLOSED,,5G-CORE-UPF-01,False
ALT-CSE-03-01201,CSE-03,MEDIUM,2024-12-25T20:22:12,2024-12-25T20:31:23.386887,2024-12-25T21:39:08.613875,CLOSED,,EDGE-GATEWAY-12,False
ALT-CSE-03-01202,CSE-03,MEDIUM,2024-11-20T20:01:43,2024-11-20T20:04:13.381882,2024-11-20T21:21:35.699697,CLOSED,,TELCO-AAA-SRV,False
ALT-CSE-03-01203,CSE-03,MEDIUM,2024-10-31T06:01:45,2024-10-31T06:09:33.917838,2024-10-31T06:40:44.320699,CLOSED,,5G-AMF-NODE-02,False
ALT-CSE-03-01204,CSE-03,MEDIUM,2024-10-26T20:25:44,2024-10-26T20:30:45.167706,2024-10-26T21:23:25.815560,CLOSED,,5G-CORE-UPF-01,False
ALT-CSE-03-01205,CSE-03,MEDIUM,2024-12-15T08:46:32,2024-12-15T08:49:08.037726,2024-12-15T09:41:15.636508,CLOSED,,5G-AMF-NODE-02,False
ALT-CSE-03-01206,CSE-03,HIGH,2024-10-28T17:13:40,2024-10-28T17:16:28.414258,2024-10-28T18:17:16.782981,CLOSED,,EDGE-GATEWAY-12,False
ALT-CSE-03-01207,CSE-03,MEDIUM,2024-10-22T01:30:56,2024-10-22T01:33:55.189394,2024-10-22T02:31:36.111617,CLOSED,,EDGE-GATEWAY-12,False
ALT-CSE-03-01208,CSE-03,HIGH,2024-11-24T06:00:57,2024-11-24T06:08:44.942659,2024-11-24T07:04:55.745020,CLOSED,,CARRIER-ROUTER-99,False
ALT-CSE-03-01209,CSE-03,LOW,2024-10-26T02:17:54,2024-10-26T02:21:57.557603,2024-10-26T03:17:05.334703,CLOSED,,TELCO-AAA-SRV,False
ALT-CSE-03-01210,CSE-03,MEDIUM,2024-10-05T07:45:11,2024-10-05T07:54:44.179011,2024-10-05T08:59:05.510911,CLOSED,,CARRIER-ROUTER-99,False
ALT-CSE-03-01211,CSE-03,LOW,2024-11-21T20:16:23,2024-11-21T20:20:21.408142,2024-11-21T21:00:24.426627,CLOSED,,CARRIER-ROUTER-99,False
ALT-CSE-03-01212,CSE-03,MEDIUM,2024-12-29T02:56:59,2024-12-29T03:04:31.184421,2024-12-29T04:17:21.754044,CLOSED,,5G-AMF-NODE-02,False
ALT-CSE-03-01213,CSE-03,MEDIUM,2024-10-18T17:57:00,2024-10-18T17:59:47.980246,2024-10-18T18:30:51.806050,CLOSED,,EDGE-GATEWAY-12,False
ALT-CSE-03-01214,CSE-03,MEDIUM,2024-11-11T00:09:47,2024-11-11T00:17:24.551725,2024-11-11T01:20:54.391449,CLOSED,,TELCO-AAA-SRV,False
ALT-CSE-03-01215,CSE-03,HIGH,2024-11-01T02:03:54,2024-11-01T02:13:16.512001,2024-11-01T03:07:13.273735,CLOSED,,CARRIER-ROUTER-99,False
ALT-CSE-03-01216,CSE-03,HIGH,2024-10-03T08:36:54,2024-10-03T08:43:08.978072,2024-10-03T09:46:45.836713,CLOSED,CAS-CSE-03-0142,EDGE-GATEWAY-12,False
ALT-CSE-03-01217,CSE-03,HIGH,2024-12-02T08:56:08,2024-12-02T09:04:20.451870,2024-12-02T10:04:57.927777,CLOSED,,TELCO-AAA-SRV,False
ALT-CSE-03-01218,CSE-03,CRITICAL,2024-11-10T14:38:08,2024-11-10T14:46:00.777358,2024-11-10T15:56:13.824341,CLOSED,CAS-CSE-03-0143,CARRIER-ROUTER-99,True
ALT-CSE-03-01219,CSE-03,LOW,2024-11-01T01:43:52,2024-11-01T01:49:45.573383,2024-11-01T03:06:08.506638,CLOSED,,5G-CORE-UPF-01,False
ALT-CSE-03-01220,CSE-03,HIGH,2024-12-11T06:20:18,2024-12-11T06:25:49.012259,2024-12-11T07:29:35.537584,CLOSED,,5G-AMF-NODE-02,False
ALT-CSE-03-01221,CSE-03,LOW,2024-10-12T14:19:09,2024-10-12T14:27:52.551094,2024-10-12T15:25:55.562125,CLOSED,,TELCO-AAA-SRV,False
ALT-CSE-03-01222,CSE-03,LOW,2024-10-27T05:22:47,2024-10-27T05:28:37.627409,2024-10-27T06:25:54.553112,CLOSED,,CARRIER-ROUTER-99,False
ALT-CSE-03-01223,CSE-03,HIGH,2024-12-21T01:50:49,2024-12-21T01:53:42.381379,2024-12-21T03:14:29.906585,CLOSED,,5G-AMF-NODE-02,False
ALT-CSE-03-01224,CSE-03,MEDIUM,2024-10-04T18:55:20,2024-10-04T19:00:08.891330,2024-10-04T20:12:51.270777,CLOSED,,TELCO-AAA-SRV,False
ALT-CSE-03-01225,CSE-03,MEDIUM,2024-10-14T02:15:08,2024-10-14T02:17:23.372521,2024-10-14T03:02:07.395881,CLOSED,,5G-CORE-UPF-01,False
ALT-CSE-03-01226,CSE-03,LOW,2024-11-12T18:30:43,2024-11-12T18:36:53.009740,2024-11-12T19:40:02.442894,CLOSED,,TELCO-AAA-SRV,False
ALT-CSE-03-01227,CSE-03,HIGH,2024-10-02T07:34:48,2024-10-02T07:42:54.707304,2024-10-02T08:23:03.775077,CLOSED,,TELCO-AAA-SRV,False
ALT-CSE-03-01228,CSE-03,LOW,2024-10-14T11:41:39,2024-10-14T11:44:35.085214,2024-10-14T12:45:26.715039,CLOSED,,TELCO-AAA-SRV,False
ALT-CSE-03-01229,CSE-03,MEDIUM,2024-10-31T17:45:29,2024-10-31T17:54:13.399680,2024-10-31T18:34:20.717342,CLOSED,,5G-AMF-NODE-02,False
ALT-CSE-03-01230,CSE-03,HIGH,2024-11-03T08:39:09,2024-11-03T08:46:27.714541,2024-11-03T09:25:41.305214,CLOSED,,EDGE-GATEWAY-12,False
ALT-CSE-03-01231,CSE-03,LOW,2024-11-09T00:29:46,2024-11-09T00:35:24.120238,2024-11-09T01:33:19.436912,CLOSED,,EDGE-GATEWAY-12,False
ALT-CSE-03-01232,CSE-03,MEDIUM,2024-11-14T23:23:24,2024-11-14T23:26:41.768262,2024-11-15T00:47:26.831529,CLOSED,,TELCO-AAA-SRV,False
ALT-CSE-03-01233,CSE-03,MEDIUM,2024-10-27T08:11:38,2024-10-27T08:13:58.962266,2024-10-27T09:18:16.483816,CLOSED,,5G-CORE-UPF-01,False
ALT-CSE-03-01234,CSE-03,HIGH,2024-12-15T02:25:26,2024-12-15T02:29:30.696466,2024-12-15T03:07:57.293184,CLOSED,,5G-AMF-NODE-02,False
ALT-CSE-03-01235,CSE-03,MEDIUM,2024-12-05T03:21:21,2024-12-05T03:27:39.022376,2024-12-05T04:03:22.483035,CLOSED,,5G-AMF-NODE-02,False
ALT-CSE-03-01236,CSE-03,MEDIUM,2024-12-18T00:15:19,2024-12-18T00:18:56.386563,2024-12-18T01:14:49.090898,CLOSED,,EDGE-GATEWAY-12,False
ALT-CSE-03-01237,CSE-03,MEDIUM,2024-10-14T09:09:34,2024-10-14T09:12:48.464943,2024-10-14T10:15:08.766918,CLOSED,,CARRIER-ROUTER-99,False
ALT-CSE-03-01238,CSE-03,MEDIUM,2024-11-18T15:23:54,2024-11-18T15:31:49.027533,2024-11-18T16:04:10.162708,CLOSED,,TELCO-AAA-SRV,False
ALT-CSE-03-01239,CSE-03,LOW,2024-10-09T10:26:13,2024-10-09T10:28:41.989874,2024-10-09T11:16:02.327701,CLOSED,,CARRIER-ROUTER-99,False
ALT-CSE-03-01240,CSE-03,MEDIUM,2024-12-02T06:37:43,2024-12-02T06:44:09.227938,2024-12-02T07:38:29.549083,CLOSED,,CARRIER-ROUTER-99,False
ALT-CSE-03-01241,CSE-03,HIGH,2024-12-03T06:51:29,2024-12-03T07:00:53.506589,2024-12-03T08:00:18.910059,CLOSED,,EDGE-GATEWAY-12,False
ALT-CSE-03-01242,CSE-03,HIGH,2024-10-15T03:24:32,2024-10-15T03:30:22.899212,2024-10-15T04:29:00.758805,CLOSED,CAS-CSE-03-0144,5G-CORE-UPF-01,False
ALT-CSE-03-01243,CSE-03,HIGH,2024-11-11T13:12:37,2024-11-11T13:17:55.043531,2024-11-11T13:58:18.716324,CLOSED,,5G-CORE-UPF-01,False
ALT-CSE-03-01244,CSE-03,MEDIUM,2024-11-12T03:09:08,2024-11-12T03:11:44.225136,2024-11-12T04:12:24.065681,CLOSED,,5G-CORE-UPF-01,False
ALT-CSE-03-01245,CSE-03,MEDIUM,2024-12-23T05:17:40,2024-12-23T05:20:20.122024,2024-12-23T05:50:14.957307,CLOSED,,5G-CORE-UPF-01,False
ALT-CSE-03-01246,CSE-03,MEDIUM,2024-11-04T12:38:59,2024-11-04T12:47:39.574894,2024-11-04T13:41:35.497467,CLOSED,,CARRIER-ROUTER-99,False
ALT-CSE-03-01247,CSE-03,HIGH,2024-10-31T04:38:24,2024-10-31T04:47:53.036153,2024-10-31T05:22:04.439841,CLOSED,CAS-CSE-03-0145,CARRIER-ROUTER-99,False
ALT-CSE-03-01248,CSE-03,LOW,2024-10-13T15:36:17,2024-10-13T15:43:31.171858,2024-10-13T16:54:05.307318,CLOSED,,CARRIER-ROUTER-99,False
ALT-CSE-03-01249,CSE-03,LOW,2024-12-03T04:30:40,2024-12-03T04:38:11.622834,2024-12-03T05:44:54.501742,CLOSED,,5G-CORE-UPF-01,False
ALT-CSE-03-01250,CSE-03,LOW,2024-10-31T13:31:00,2024-10-31T13:34:26.831012,2024-10-31T14:40:16.475038,CLOSED,,CARRIER-ROUTER-99,False
ALT-CSE-03-01251,CSE-03,MEDIUM,2024-11-23T09:24:49,2024-11-23T09:31:22.893293,2024-11-23T10:46:10.987322,CLOSED,,TELCO-AAA-SRV,False
ALT-CSE-03-01252,CSE-03,MEDIUM,2024-12-20T01:17:39,2024-12-20T01:21:13.802656,2024-12-20T02:15:05.947111,CLOSED,,5G-AMF-NODE-02,False
ALT-CSE-03-01253,CSE-03,HIGH,2024-11-09T23:15:06,2024-11-09T23:25:02.090238,2024-11-10T00:05:38.604003,CLOSED,,TELCO-AAA-SRV,False
ALT-CSE-03-01254,CSE-03,MEDIUM,2024-10-11T06:58:08,2024-10-11T07:00:30.007520,2024-10-11T07:52:44.533728,CLOSED,,EDGE-GATEWAY-12,False
ALT-CSE-03-01255,CSE-03,MEDIUM,2024-11-09T05:25:34,2024-11-09T05:33:34.483470,2024-11-09T05:59:10.893132,CLOSED,,5G-CORE-UPF-01,False
ALT-CSE-03-01256,CSE-03,LOW,2024-10-10T01:11:13,2024-10-10T01:14:55.431526,2024-10-10T02:31:25.426323,CLOSED,,5G-CORE-UPF-01,False
ALT-CSE-03-01257,CSE-03,MEDIUM,2024-11-04T17:16:03,2024-11-04T17:18:19.092013,2024-11-04T17:47:17.075028,CLOSED,,CARRIER-ROUTER-99,False
ALT-CSE-03-01258,CSE-03,HIGH,2024-11-14T12:06:29,2024-11-14T12:16:26.095012,2024-11-14T13:26:25.914082,CLOSED,,CARRIER-ROUTER-99,False
ALT-CSE-03-01259,CSE-03,LOW,2024-12-02T18:07:38,2024-12-02T18:12:05.170683,2024-12-02T19:14:33.857235,CLOSED,,CARRIER-ROUTER-99,False
ALT-CSE-03-01260,CSE-03,HIGH,2024-11-11T20:25:58,2024-11-11T20:33:21.378011,2024-11-11T21:46:15.983042,CLOSED,CAS-CSE-03-0146,CARRIER-ROUTER-99,False
ALT-CSE-03-01261,CSE-03,MEDIUM,2024-11-17T14:35:09,2024-11-17T14:42:31.517380,2024-11-17T15:19:38.165651,CLOSED,,5G-CORE-UPF-01,False
ALT-CSE-03-01262,CSE-03,LOW,2024-10-02T10:39:30,2024-10-02T10:42:45.341905,2024-10-02T11:30:04.228261,CLOSED,,EDGE-GATEWAY-12,False
ALT-CSE-03-01263,CSE-03,LOW,2024-10-19T15:57:55,2024-10-19T16:05:39.183388,2024-10-19T17:21:56.611457,CLOSED,,EDGE-GATEWAY-12,False
ALT-CSE-03-01264,CSE-03,MEDIUM,2024-11-18T09:39:57,2024-11-18T09:44:41.813659,2024-11-18T10:42:55.368580,CLOSED,,EDGE-GATEWAY-12,False
ALT-CSE-03-01265,CSE-03,MEDIUM,2024-10-31T17:19:46,2024-10-31T17:26:16.614419,2024-10-31T18:30:23.959201,CLOSED,,5G-CORE-UPF-01,False
ALT-CSE-03-01266,CSE-03,HIGH,2024-10-07T18:32:07,2024-10-07T18:39:30.090738,2024-10-07T19:50:36.292449,CLOSED,,EDGE-GATEWAY-12,False
ALT-CSE-03-01267,CSE-03,MEDIUM,2024-12-21T14:33:58,2024-12-21T14:43:18.119944,2024-12-21T15:45:54.910838,CLOSED,,5G-CORE-UPF-01,False
ALT-CSE-03-01268,CSE-03,LOW,2024-10-10T14:36:59,2024-10-10T14:42:10.695804,2024-10-10T15:58:45.696862,CLOSED,,5G-AMF-NODE-02,False
ALT-CSE-03-01269,CSE-03,CRITICAL,2024-12-03T23:16:28,2024-12-03T23:20:26.126891,2024-12-04T00:39:36.454793,CLOSED,CAS-CSE-03-0147,CARRIER-ROUTER-99,False
ALT-CSE-03-01270,CSE-03,HIGH,2024-12-15T04:48:15,2024-12-15T04:52:32.887817,2024-12-15T05:30:47.074317,CLOSED,,5G-AMF-NODE-02,False
ALT-CSE-03-01271,CSE-03,MEDIUM,2024-10-31T00:12:52,2024-10-31T00:17:37.624460,2024-10-31T01:07:58.612340,CLOSED,,TELCO-AAA-SRV,False
ALT-CSE-03-01272,CSE-03,LOW,2024-12-28T20:31:22,2024-12-28T20:37:21.465395,2024-12-28T21:36:45.725864,CLOSED,,CARRIER-ROUTER-99,False
ALT-CSE-03-01273,CSE-03,LOW,2024-10-06T05:20:44,2024-10-06T05:25:05.568816,2024-10-06T06:37:51.335470,CLOSED,,TELCO-AAA-SRV,False
ALT-CSE-03-01274,CSE-03,LOW,2024-10-13T13:42:26,2024-10-13T13:46:31.677484,2024-10-13T14:47:26.310221,CLOSED,,TELCO-AAA-SRV,False
ALT-CSE-03-01275,CSE-03,MEDIUM,2024-12-28T16:38:05,2024-12-28T16:45:02.770882,2024-12-28T17:16:21.121350,CLOSED,,EDGE-GATEWAY-12,False
ALT-CSE-03-01276,CSE-03,HIGH,2024-12-15T02:30:38,2024-12-15T02:34:59.993170,2024-12-15T03:31:35.637435,CLOSED,CAS-CSE-03-0148,5G-CORE-UPF-01,False
ALT-CSE-03-01277,CSE-03,CRITICAL,2024-11-27T21:47:52,2024-11-27T21:54:26.706763,2024-11-27T22:48:36.820017,CLOSED,CAS-CSE-03-0149,5G-AMF-NODE-02,True
ALT-CSE-03-01278,CSE-03,MEDIUM,2024-10-25T01:01:15,2024-10-25T01:03:46.693437,2024-10-25T02:06:13.980720,CLOSED,,5G-AMF-NODE-02,False
ALT-CSE-03-01279,CSE-03,HIGH,2024-11-18T19:31:21,2024-11-18T19:34:21.790760,2024-11-18T20:20:54.136458,CLOSED,,EDGE-GATEWAY-12,False
ALT-CSE-03-01280,CSE-03,MEDIUM,2024-12-15T05:27:14,2024-12-15T05:29:38.150084,2024-12-15T06:47:49.278598,CLOSED,,5G-AMF-NODE-02,False
ALT-CSE-03-01281,CSE-03,HIGH,2024-11-27T11:47:06,2024-11-27T11:49:40.290655,2024-11-27T12:35:55.878241,CLOSED,,EDGE-GATEWAY-12,False
ALT-CSE-03-01282,CSE-03,MEDIUM,2024-10-09T14:26:18,2024-10-09T14:31:11.597123,2024-10-09T15:42:58.442963,CLOSED,,EDGE-GATEWAY-12,False
ALT-CSE-03-01283,CSE-03,MEDIUM,2024-10-23T04:39:51,2024-10-23T04:43:57.959569,2024-10-23T06:04:11.293836,CLOSED,,TELCO-AAA-SRV,False
ALT-CSE-03-01284,CSE-03,MEDIUM,2024-10-12T08:34:29,2024-10-12T08:41:41.314991,2024-10-12T09:59:08.870957,CLOSED,,5G-AMF-NODE-02,False
ALT-CSE-03-01285,CSE-03,HIGH,2024-12-29T05:42:59,2024-12-29T05:47:06.314410,2024-12-29T06:16:03.383718,CLOSED,,5G-CORE-UPF-01,False
ALT-CSE-03-01286,CSE-03,MEDIUM,2024-10-02T22:51:12,2024-10-02T22:56:30.913907,2024-10-02T23:57:04.632050,CLOSED,,5G-CORE-UPF-01,False
ALT-CSE-03-01287,CSE-03,LOW,2024-10-24T05:42:12,2024-10-24T05:48:55.642174,2024-10-24T06:45:46.158943,CLOSED,,CARRIER-ROUTER-99,False
ALT-CSE-03-01288,CSE-03,HIGH,2024-11-13T16:06:35,2024-11-13T16:12:54.140636,2024-11-13T17:19:40.280350,CLOSED,,CARRIER-ROUTER-99,False
ALT-CSE-03-01289,CSE-03,MEDIUM,2024-12-12T01:58:46,2024-12-12T02:04:32.840318,2024-12-12T03:23:35.489971,CLOSED,,5G-CORE-UPF-01,False
ALT-CSE-03-01290,CSE-03,HIGH,2024-10-16T21:04:16,2024-10-16T21:06:51.195645,2024-10-16T21:39:48.489179,CLOSED,CAS-CSE-03-0150,5G-AMF-NODE-02,False
ALT-CSE-03-01291,CSE-03,CRITICAL,2024-12-04T01:55:39,2024-12-04T02:01:44.215481,2024-12-04T02:43:12.808698,CLOSED,CAS-CSE-03-0151,EDGE-GATEWAY-12,False
ALT-CSE-03-01292,CSE-03,MEDIUM,2024-12-14T11:44:24,2024-12-14T11:50:06.911785,2024-12-14T13:07:50.239454,CLOSED,,5G-CORE-UPF-01,False
ALT-CSE-03-01293,CSE-03,MEDIUM,2024-11-05T21:58:48,2024-11-05T22:07:38.752266,2024-11-05T22:53:13.029976,CLOSED,,EDGE-GATEWAY-12,False
ALT-CSE-03-01294,CSE-03,MEDIUM,2024-12-02T15:41:30,2024-12-02T15:49:16.335887,2024-12-02T16:46:36.920945,CLOSED,,5G-AMF-NODE-02,False
ALT-CSE-03-01295,CSE-03,MEDIUM,2024-10-22T02:22:32,2024-10-22T02:26:01.041087,2024-10-22T03:14:47.391778,CLOSED,,CARRIER-ROUTER-99,False
ALT-CSE-03-01296,CSE-03,MEDIUM,2024-12-24T19:27:21,2024-12-24T19:35:27.232262,2024-12-24T20:51:41.894195,CLOSED,,5G-AMF-NODE-02,False
ALT-CSE-03-01297,CSE-03,MEDIUM,2024-11-13T23:34:32,2024-11-13T23:37:45.402848,2024-11-14T00:57:12.679587,CLOSED,,TELCO-AAA-SRV,False
ALT-CSE-03-01298,CSE-03,MEDIUM,2024-10-06T02:30:45,2024-10-06T02:34:47.560482,2024-10-06T03:27:45.592501,CLOSED,,TELCO-AAA-SRV,False
ALT-CSE-03-01299,CSE-03,MEDIUM,2024-12-16T19:30:05,2024-12-16T19:38:01.399885,2024-12-16T20:35:19.603172,CLOSED,,TELCO-AAA-SRV,False
ALT-CSE-03-01300,CSE-03,MEDIUM,2024-11-20T04:57:38,2024-11-20T05:03:37.403661,2024-11-20T06:04:07.747674,CLOSED,,5G-AMF-NODE-02,False
ALT-CSE-03-01301,CSE-03,MEDIUM,2024-12-03T06:43:43,2024-12-03T06:47:14.589426,2024-12-03T07:46:06.426934,CLOSED,,TELCO-AAA-SRV,False
ALT-CSE-03-01302,CSE-03,LOW,2024-10-19T22:45:57,2024-10-19T22:51:03.625455,2024-10-20T00:00:15.277341,CLOSED,,EDGE-GATEWAY-12,False
ALT-CSE-03-01303,CSE-03,HIGH,2024-10-27T21:42:53,2024-10-27T21:47:01.498873,2024-10-27T23:00:32.006830,CLOSED,,EDGE-GATEWAY-12,False
ALT-CSE-03-01304,CSE-03,MEDIUM,2024-11-19T05:15:35,2024-11-19T05:24:53.950623,2024-11-19T06:10:27.834630,CLOSED,,EDGE-GATEWAY-12,False
ALT-CSE-03-01305,CSE-03,HIGH,2024-10-17T01:49:32,2024-10-17T01:54:43.889824,2024-10-17T02:27:36.464471,CLOSED,,5G-CORE-UPF-01,False
ALT-CSE-03-01306,CSE-03,MEDIUM,2024-12-29T02:57:11,2024-12-29T03:01:59.913161,2024-12-29T03:44:32.742334,CLOSED,,EDGE-GATEWAY-12,False
ALT-CSE-03-01307,CSE-03,HIGH,2024-11-16T18:22:48,2024-11-16T18:32:13.688844,2024-11-16T19:17:20.899433,CLOSED,,TELCO-AAA-SRV,False
ALT-CSE-03-01308,CSE-03,LOW,2024-11-05T01:27:51,2024-11-05T01:34:59.534672,2024-11-05T02:38:15.095599,CLOSED,,5G-AMF-NODE-02,False
ALT-CSE-03-01309,CSE-03,LOW,2024-10-07T20:41:21,2024-10-07T20:51:09.488980,2024-10-07T21:35:52.703321,CLOSED,,5G-AMF-NODE-02,False
ALT-CSE-03-01310,CSE-03,CRITICAL,2024-12-04T13:53:36,2024-12-04T13:57:18.318805,2024-12-04T14:40:01.905871,CLOSED,CAS-CSE-03-0152,EDGE-GATEWAY-12,False
ALT-CSE-03-01311,CSE-03,LOW,2024-12-12T18:19:19,2024-12-12T18:22:04.488662,2024-12-12T19:14:52.811465,CLOSED,,CARRIER-ROUTER-99,False
ALT-CSE-03-01312,CSE-03,MEDIUM,2024-10-14T20:02:39,2024-10-14T20:05:33.028554,2024-10-14T20:33:46.300580,CLOSED,,5G-CORE-UPF-01,False
ALT-CSE-03-01313,CSE-03,LOW,2024-10-17T15:41:36,2024-10-17T15:47:35.381828,2024-10-17T16:34:55.697065,CLOSED,,EDGE-GATEWAY-12,False
ALT-CSE-03-01314,CSE-03,LOW,2024-11-04T15:20:54,2024-11-04T15:30:00.146367,2024-11-04T16:36:05.559484,CLOSED,,TELCO-AAA-SRV,False
ALT-CSE-03-01315,CSE-03,CRITICAL,2024-10-01T11:38:51,2024-10-01T11:43:39.496739,2024-10-01T12:43:51.448457,CLOSED,,5G-AMF-NODE-02,False
ALT-CSE-03-01316,CSE-03,MEDIUM,2024-12-03T06:54:41,2024-12-03T06:57:06.635430,2024-12-03T08:00:24.894464,CLOSED,,TELCO-AAA-SRV,False
ALT-CSE-03-01317,CSE-03,HIGH,2024-11-29T14:52:43,2024-11-29T15:00:19.084824,2024-11-29T15:40:54.988925,CLOSED,,TELCO-AAA-SRV,False
ALT-CSE-03-01318,CSE-03,LOW,2024-11-07T04:37:57,2024-11-07T04:47:50.413033,2024-11-07T05:19:24.039844,CLOSED,,EDGE-GATEWAY-12,False
ALT-CSE-03-01319,CSE-03,MEDIUM,2024-11-25T21:07:07,2024-11-25T21:16:22.294513,2024-11-25T22:14:43.092266,CLOSED,,TELCO-AAA-SRV,False
ALT-CSE-03-01320,CSE-03,HIGH,2024-12-21T19:16:12,2024-12-21T19:24:32.854227,2024-12-21T20:28:48.536045,CLOSED,,EDGE-GATEWAY-12,False
ALT-CSE-03-01321,CSE-03,MEDIUM,2024-11-16T04:31:45,2024-11-16T04:36:17.284474,2024-11-16T05:06:38.198483,CLOSED,,CARRIER-ROUTER-99,False
ALT-CSE-03-01322,CSE-03,HIGH,2024-10-26T06:11:14,2024-10-26T06:19:18.633344,2024-10-26T06:52:35.139485,CLOSED,,5G-CORE-UPF-01,False
ALT-CSE-03-01323,CSE-03,MEDIUM,2024-11-13T07:24:33,2024-11-13T07:31:22.244103,2024-11-13T08:34:51.579546,CLOSED,,CARRIER-ROUTER-99,False
ALT-CSE-03-01324,CSE-03,LOW,2024-10-30T02:33:09,2024-10-30T02:37:09.526005,2024-10-30T03:36:37.734839,CLOSED,,5G-CORE-UPF-01,False
ALT-CSE-03-01325,CSE-03,MEDIUM,2024-11-24T19:20:46,2024-11-24T19:25:46.291991,2024-11-24T20:05:37.547569,CLOSED,,EDGE-GATEWAY-12,False
ALT-CSE-03-01326,CSE-03,LOW,2024-12-13T18:20:53,2024-12-13T18:28:59.176200,2024-12-13T19:12:01.401553,CLOSED,,CARRIER-ROUTER-99,False
ALT-CSE-03-01327,CSE-03,MEDIUM,2024-11-23T16:15:58,2024-11-23T16:20:11.417747,2024-11-23T17:39:05.320539,CLOSED,,5G-AMF-NODE-02,False
ALT-CSE-03-01328,CSE-03,LOW,2024-11-13T09:00:58,2024-11-13T09:10:29.801542,2024-11-13T09:35:03.726478,CLOSED,,CARRIER-ROUTER-99,False
ALT-CSE-03-01329,CSE-03,MEDIUM,2024-12-29T15:48:26,2024-12-29T15:52:15.688829,2024-12-29T16:53:25.348913,CLOSED,,EDGE-GATEWAY-12,False
ALT-CSE-03-01330,CSE-03,HIGH,2024-12-02T19:45:05,2024-12-02T19:50:38.455290,2024-12-02T20:32:42.629442,CLOSED,CAS-CSE-03-0153,5G-CORE-UPF-01,False
ALT-CSE-03-01331,CSE-03,MEDIUM,2024-10-12T12:19:38,2024-10-12T12:27:57.347611,2024-10-12T13:41:12.406525,CLOSED,,5G-CORE-UPF-01,False
ALT-CSE-03-01332,CSE-03,MEDIUM,2024-11-12T04:36:14,2024-11-12T04:41:51.406921,2024-11-12T06:01:04.817599,CLOSED,,TELCO-AAA-SRV,False
ALT-CSE-03-01333,CSE-03,MEDIUM,2024-10-11T05:37:57,2024-10-11T05:42:08.466620,2024-10-11T06:53:31.616067,CLOSED,,CARRIER-ROUTER-99,False
ALT-CSE-03-01334,CSE-03,MEDIUM,2024-12-28T12:42:19,2024-12-28T12:44:56.042600,2024-12-28T13:34:46.000850,CLOSED,,TELCO-AAA-SRV,False
ALT-CSE-03-01335,CSE-03,MEDIUM,2024-12-06T15:11:15,2024-12-06T15:16:15.690142,2024-12-06T15:41:46.524138,CLOSED,,5G-CORE-UPF-01,False
ALT-CSE-03-01336,CSE-03,MEDIUM,2024-10-06T07:12:32,2024-10-06T07:20:15.862512,2024-10-06T07:55:26.148880,CLOSED,,5G-CORE-UPF-01,False
ALT-CSE-03-01337,CSE-03,LOW,2024-10-01T02:21:02,2024-10-01T02:30:55.876081,2024-10-01T03:12:36.297513,CLOSED,,CARRIER-ROUTER-99,False
ALT-CSE-03-01338,CSE-03,HIGH,2024-11-06T17:56:45,2024-11-06T18:04:18.305076,2024-11-06T18:52:07.745115,CLOSED,,TELCO-AAA-SRV,False
ALT-CSE-03-01339,CSE-03,MEDIUM,2024-11-14T11:10:27,2024-11-14T11:19:30.554421,2024-11-14T12:20:19.887719,CLOSED,,EDGE-GATEWAY-12,False
ALT-CSE-03-01340,CSE-03,MEDIUM,2024-11-16T13:46:06,2024-11-16T13:55:53.592757,2024-11-16T14:20:41.844022,CLOSED,,5G-CORE-UPF-01,False
ALT-CSE-03-01341,CSE-03,HIGH,2024-11-12T01:28:38,2024-11-12T01:34:47.432987,2024-11-12T02:32:25.215735,CLOSED,,5G-AMF-NODE-02,False
ALT-CSE-03-01342,CSE-03,HIGH,2024-10-06T07:01:48,2024-10-06T07:08:41.739695,2024-10-06T07:48:07.982122,CLOSED,,5G-AMF-NODE-02,False
ALT-CSE-03-01343,CSE-03,CRITICAL,2024-12-08T06:02:50,2024-12-08T06:08:42.910455,2024-12-08T06:34:07.305834,CLOSED,CAS-CSE-03-0154,CARRIER-ROUTER-99,True
ALT-CSE-03-01344,CSE-03,HIGH,2024-12-21T07:24:20,2024-12-21T07:33:30.733051,2024-12-21T08:06:25.102225,CLOSED,,5G-CORE-UPF-01,False
ALT-CSE-03-01345,CSE-03,HIGH,2024-12-15T08:16:46,2024-12-15T08:25:46.094900,2024-12-15T09:03:03.914861,CLOSED,,5G-CORE-UPF-01,False
ALT-CSE-03-01346,CSE-03,LOW,2024-12-08T20:53:08,2024-12-08T20:59:21.528912,2024-12-08T21:58:03.319326,CLOSED,,TELCO-AAA-SRV,False
ALT-CSE-03-01347,CSE-03,HIGH,2024-10-20T15:36:33,2024-10-20T15:39:02.956974,2024-10-20T16:38:12.153033,CLOSED,,5G-CORE-UPF-01,False
ALT-CSE-03-01348,CSE-03,MEDIUM,2024-10-06T10:52:45,2024-10-06T10:58:34.921382,2024-10-06T12:09:58.435507,CLOSED,,5G-CORE-UPF-01,False
ALT-CSE-03-01349,CSE-03,MEDIUM,2024-10-12T19:42:54,2024-10-12T19:48:04.707652,2024-10-12T20:15:54.120728,CLOSED,,TELCO-AAA-SRV,False
ALT-CSE-03-01350,CSE-03,LOW,2024-11-14T15:02:19,2024-11-14T15:04:46.686152,2024-11-14T16:04:00.393964,CLOSED,,CARRIER-ROUTER-99,False
ALT-CSE-03-01351,CSE-03,CRITICAL,2024-11-14T16:09:36,2024-11-14T16:16:51.321353,2024-11-14T17:11:10.596065,CLOSED,,TELCO-AAA-SRV,False
ALT-CSE-03-01352,CSE-03,MEDIUM,2024-11-11T19:42:03,2024-11-11T19:49:26.871847,2024-11-11T20:17:45.900037,CLOSED,,EDGE-GATEWAY-12,False
ALT-CSE-03-01353,CSE-03,LOW,2024-11-10T00:58:53,2024-11-10T01:04:25.718902,2024-11-10T02:00:06.458086,CLOSED,,EDGE-GATEWAY-12,False
ALT-CSE-03-01354,CSE-03,MEDIUM,2024-10-05T17:27:24,2024-10-05T17:33:47.762002,2024-10-05T18:12:18.778789,CLOSED,,TELCO-AAA-SRV,False
ALT-CSE-03-01355,CSE-03,LOW,2024-12-23T18:55:47,2024-12-23T18:58:58.385216,2024-12-23T19:59:03.784604,CLOSED,,EDGE-GATEWAY-12,False
ALT-CSE-03-01356,CSE-03,HIGH,2024-11-19T19:38:44,2024-11-19T19:46:05.375120,2024-11-19T20:35:41.290318,CLOSED,,TELCO-AAA-SRV,False
ALT-CSE-03-01357,CSE-03,MEDIUM,2024-11-24T16:19:00,2024-11-24T16:25:18.796107,2024-11-24T17:38:50.865694,CLOSED,,5G-AMF-NODE-02,False
ALT-CSE-03-01358,CSE-03,HIGH,2024-10-22T01:10:18,2024-10-22T01:15:56.529269,2024-10-22T02:14:29.680169,CLOSED,,TELCO-AAA-SRV,False
ALT-CSE-03-01359,CSE-03,MEDIUM,2024-11-11T19:50:55,2024-11-11T20:00:53.191673,2024-11-11T20:45:30.072182,CLOSED,,CARRIER-ROUTER-99,False
ALT-CSE-03-01360,CSE-03,LOW,2024-10-19T04:39:52,2024-10-19T04:49:22.630010,2024-10-19T05:22:45.295978,CLOSED,,5G-CORE-UPF-01,False
ALT-CSE-03-01361,CSE-03,MEDIUM,2024-11-12T17:54:50,2024-11-12T17:57:21.105234,2024-11-12T18:42:40.695779,CLOSED,,TELCO-AAA-SRV,False
ALT-CSE-03-01362,CSE-03,LOW,2024-11-27T07:45:14,2024-11-27T07:55:08.235230,2024-11-27T08:16:06.652638,CLOSED,,5G-AMF-NODE-02,False
ALT-CSE-03-01363,CSE-03,LOW,2024-12-17T20:28:25,2024-12-17T20:37:56.733752,2024-12-17T21:19:34.326372,CLOSED,,5G-AMF-NODE-02,False
ALT-CSE-03-01364,CSE-03,MEDIUM,2024-10-09T12:42:08,2024-10-09T12:44:39.505466,2024-10-09T13:30:08.848089,CLOSED,,TELCO-AAA-SRV,False
ALT-CSE-03-01365,CSE-03,LOW,2024-11-20T16:04:29,2024-11-20T16:14:13.189880,2024-11-20T16:49:43.177163,CLOSED,,EDGE-GATEWAY-12,False
ALT-CSE-03-01366,CSE-03,HIGH,2024-11-21T21:57:51,2024-11-21T22:01:18.605191,2024-11-21T22:44:00.461525,CLOSED,,CARRIER-ROUTER-99,False
ALT-CSE-03-01367,CSE-03,LOW,2024-12-02T09:16:28,2024-12-02T09:25:06.331230,2024-12-02T10:30:14.192047,CLOSED,,5G-CORE-UPF-01,False
ALT-CSE-03-01368,CSE-03,MEDIUM,2024-11-13T15:07:55,2024-11-13T15:10:33.269928,2024-11-13T16:21:29.018242,CLOSED,,5G-CORE-UPF-01,False
ALT-CSE-03-01369,CSE-03,MEDIUM,2024-12-05T01:27:52,2024-12-05T01:34:59.140020,2024-12-05T02:34:22.903885,CLOSED,,5G-AMF-NODE-02,False
ALT-CSE-03-01370,CSE-03,MEDIUM,2024-11-06T06:47:04,2024-11-06T06:56:19.032904,2024-11-06T07:39:31.433452,CLOSED,,5G-AMF-NODE-02,False
ALT-CSE-03-01371,CSE-03,MEDIUM,2024-11-22T07:13:32,2024-11-22T07:16:13.180451,2024-11-22T07:55:46.948087,CLOSED,,EDGE-GATEWAY-12,False
ALT-CSE-03-01372,CSE-03,CRITICAL,2024-10-11T07:28:57,2024-10-11T07:35:03.075560,2024-10-11T08:03:03.050899,CLOSED,CAS-CSE-03-0155,5G-CORE-UPF-01,False
ALT-CSE-03-01373,CSE-03,HIGH,2024-11-12T17:30:09,2024-11-12T17:36:54.187862,2024-11-12T18:16:51.750579,CLOSED,,CARRIER-ROUTER-99,False
ALT-CSE-03-01374,CSE-03,MEDIUM,2024-10-06T19:46:15,2024-10-06T19:54:24.593934,2024-10-06T20:53:46.767911,CLOSED,,EDGE-GATEWAY-12,False
ALT-CSE-03-01375,CSE-03,CRITICAL,2024-10-10T12:55:06,2024-10-10T13:01:56.327074,2024-10-10T13:37:21.038309,CLOSED,CAS-CSE-03-0156,EDGE-GATEWAY-12,True
ALT-CSE-03-01376,CSE-03,LOW,2024-12-24T00:27:56,2024-12-24T00:35:33.595038,2024-12-24T01:51:40.198171,CLOSED,,EDGE-GATEWAY-12,False
ALT-CSE-03-01377,CSE-03,LOW,2024-10-16T14:04:18,2024-10-16T14:09:46.327195,2024-10-16T15:20:36.092171,CLOSED,,EDGE-GATEWAY-12,False
ALT-CSE-03-01378,CSE-03,CRITICAL,2024-11-30T13:09:55,2024-11-30T13:15:55.255761,2024-11-30T14:34:33.431458,CLOSED,,5G-CORE-UPF-01,False
ALT-CSE-03-01379,CSE-03,MEDIUM,2024-12-20T06:44:07,2024-12-20T06:53:29.643278,2024-12-20T07:18:06.628850,CLOSED,,CARRIER-ROUTER-99,False
ALT-CSE-03-01380,CSE-03,HIGH,2024-10-08T20:05:30,2024-10-08T20:10:55.871679,2024-10-08T21:10:37.664675,CLOSED,,TELCO-AAA-SRV,False
ALT-CSE-03-01381,CSE-03,CRITICAL,2024-11-16T07:16:28,2024-11-16T07:24:32.435242,2024-11-16T08:24:07.958829,CLOSED,,CARRIER-ROUTER-99,False
ALT-CSE-03-01382,CSE-03,HIGH,2024-10-01T04:33:50,2024-10-01T04:39:06.429545,2024-10-01T05:51:25.922519,CLOSED,CAS-CSE-03-0157,EDGE-GATEWAY-12,False
ALT-CSE-03-01383,CSE-03,MEDIUM,2024-11-03T11:04:05,2024-11-03T11:10:31.098188,2024-11-03T11:49:29.430865,CLOSED,,5G-CORE-UPF-01,False
ALT-CSE-03-01384,CSE-03,HIGH,2024-12-02T20:51:42,2024-12-02T20:57:32.217428,2024-12-02T22:00:50.572620,CLOSED,,CARRIER-ROUTER-99,False
ALT-CSE-03-01385,CSE-03,MEDIUM,2024-10-18T03:35:59,2024-10-18T03:40:15.738365,2024-10-18T04:06:21.316831,CLOSED,,5G-AMF-NODE-02,False
ALT-CSE-03-01386,CSE-03,CRITICAL,2024-10-09T02:35:56,2024-10-09T02:40:51.440098,2024-10-09T03:46:59.167689,CLOSED,CAS-CSE-03-0158,CARRIER-ROUTER-99,False
ALT-CSE-03-01387,CSE-03,MEDIUM,2024-11-29T02:44:59,2024-11-29T02:50:27.897827,2024-11-29T03:57:30.479991,CLOSED,,CARRIER-ROUTER-99,False
ALT-CSE-03-01388,CSE-03,MEDIUM,2024-12-01T12:33:10,2024-12-01T12:42:36.353531,2024-12-01T13:26:13.838208,CLOSED,,5G-CORE-UPF-01,False
ALT-CSE-03-01389,CSE-03,MEDIUM,2024-11-27T06:19:27,2024-11-27T06:29:10.327420,2024-11-27T07:08:29.579257,CLOSED,,EDGE-GATEWAY-12,False
ALT-CSE-03-01390,CSE-03,LOW,2024-10-18T14:06:33,2024-10-18T14:16:30.794042,2024-10-18T14:40:41.434942,CLOSED,,EDGE-GATEWAY-12,False
ALT-CSE-03-01391,CSE-03,CRITICAL,2024-10-01T23:21:13,2024-10-01T23:24:18.417060,2024-10-02T00:38:34.967092,CLOSED,CAS-CSE-03-0159,5G-AMF-NODE-02,False
ALT-CSE-03-01392,CSE-03,LOW,2024-11-13T00:25:12,2024-11-13T00:34:33.285227,2024-11-13T01:21:56.879068,CLOSED,,TELCO-AAA-SRV,False
ALT-CSE-03-01393,CSE-03,CRITICAL,2024-11-01T18:50:10,2024-11-01T18:56:47.082517,2024-11-01T20:06:56.101958,CLOSED,CAS-CSE-03-0160,EDGE-GATEWAY-12,False
ALT-CSE-03-01394,CSE-03,MEDIUM,2024-11-04T23:49:00,2024-11-04T23:56:55.869568,2024-11-05T00:33:30.933847,CLOSED,,CARRIER-ROUTER-99,False
ALT-CSE-03-01395,CSE-03,HIGH,2024-12-16T11:47:59,2024-12-16T11:51:26.281070,2024-12-16T12:31:14.437713,CLOSED,,5G-CORE-UPF-01,False
ALT-CSE-03-01396,CSE-03,HIGH,2024-12-02T21:50:30,2024-12-02T21:59:21.693243,2024-12-02T22:46:45.050485,CLOSED,,5G-CORE-UPF-01,False
ALT-CSE-03-01397,CSE-03,MEDIUM,2024-11-05T23:41:42,2024-11-05T23:50:39.645603,2024-11-06T00:17:20.772966,CLOSED,,EDGE-GATEWAY-12,False
ALT-CSE-03-01398,CSE-03,MEDIUM,2024-12-26T16:38:26,2024-12-26T16:43:20.001290,2024-12-26T17:28:41.759113,CLOSED,,5G-AMF-NODE-02,False
ALT-CSE-03-01399,CSE-03,HIGH,2024-10-20T21:10:39,2024-10-20T21:16:24.865128,2024-10-20T21:41:24.951532,CLOSED,,EDGE-GATEWAY-12,False
ALT-CSE-03-01400,CSE-03,MEDIUM,2024-10-12T09:34:36,2024-10-12T09:40:18.165843,2024-10-12T10:53:56.853052,CLOSED,,CARRIER-ROUTER-99,False
ALT-CSE-03-01401,CSE-03,HIGH,2024-12-09T15:35:22,2024-12-09T15:39:07.775248,2024-12-09T16:20:41.908132,CLOSED,,5G-AMF-NODE-02,False
ALT-CSE-03-01402,CSE-03,CRITICAL,2024-10-20T20:33:27,2024-10-20T20:40:00.090346,2024-10-20T21:47:19.346224,CLOSED,CAS-CSE-03-0161,CARRIER-ROUTER-99,False
ALT-CSE-03-01403,CSE-03,LOW,2024-10-17T02:17:47,2024-10-17T02:24:11.819767,2024-10-17T03:14:46.744305,CLOSED,,5G-AMF-NODE-02,False
ALT-CSE-03-01404,CSE-03,MEDIUM,2024-10-02T04:41:52,2024-10-02T04:47:13.752117,2024-10-02T05:26:06.794102,CLOSED,,CARRIER-ROUTER-99,False
ALT-CSE-03-01405,CSE-03,LOW,2024-12-09T22:43:36,2024-12-09T22:49:47.136850,2024-12-10T00:08:32.757672,CLOSED,,CARRIER-ROUTER-99,False
ALT-CSE-03-01406,CSE-03,LOW,2024-10-17T13:44:20,2024-10-17T13:51:14.288171,2024-10-17T14:30:25.599739,CLOSED,,TELCO-AAA-SRV,False
ALT-CSE-03-01407,CSE-03,LOW,2024-11-22T12:44:49,2024-11-22T12:48:05.433278,2024-11-22T13:35:39.840349,CLOSED,,CARRIER-ROUTER-99,False
ALT-CSE-03-01408,CSE-03,MEDIUM,2024-11-20T15:20:23,2024-11-20T15:25:54.529026,2024-11-20T16:00:16.009185,CLOSED,,5G-AMF-NODE-02,False
ALT-CSE-03-01409,CSE-03,LOW,2024-12-12T17:39:20,2024-12-12T17:44:56.867532,2024-12-12T18:51:28.303485,CLOSED,,5G-AMF-NODE-02,False
ALT-CSE-03-01410,CSE-03,MEDIUM,2024-11-05T01:39:37,2024-11-05T01:48:34.088203,2024-11-05T03:01:57.761891,CLOSED,,5G-AMF-NODE-02,False
ALT-CSE-03-01411,CSE-03,MEDIUM,2024-11-20T20:01:18,2024-11-20T20:03:47.033959,2024-11-20T20:50:39.798669,CLOSED,,5G-AMF-NODE-02,False
ALT-CSE-03-01412,CSE-03,LOW,2024-10-14T04:37:48,2024-10-14T04:43:08.671263,2024-10-14T05:49:21.917203,CLOSED,,5G-CORE-UPF-01,False
ALT-CSE-03-01413,CSE-03,LOW,2024-11-14T16:18:34,2024-11-14T16:23:33.172277,2024-11-14T16:49:40.286966,CLOSED,,5G-CORE-UPF-01,False
ALT-CSE-03-01414,CSE-03,MEDIUM,2024-12-22T12:54:35,2024-12-22T12:57:40.125847,2024-12-22T14:16:20.716365,CLOSED,,5G-CORE-UPF-01,False
ALT-CSE-03-01415,CSE-03,LOW,2024-10-21T21:03:00,2024-10-21T21:11:41.061503,2024-10-21T22:15:11.025839,CLOSED,,CARRIER-ROUTER-99,False
ALT-CSE-03-01416,CSE-03,LOW,2024-11-13T02:11:41,2024-11-13T02:17:29.863686,2024-11-13T03:00:14.644315,CLOSED,,TELCO-AAA-SRV,False
ALT-CSE-03-01417,CSE-03,LOW,2024-11-22T21:31:22,2024-11-22T21:37:26.475411,2024-11-22T22:38:31.628391,CLOSED,,5G-AMF-NODE-02,False
ALT-CSE-03-01418,CSE-03,MEDIUM,2024-10-09T17:07:54,2024-10-09T17:11:47.457477,2024-10-09T18:02:04.616683,CLOSED,,EDGE-GATEWAY-12,False
ALT-CSE-03-01419,CSE-03,MEDIUM,2024-11-15T21:05:47,2024-11-15T21:07:50.792699,2024-11-15T21:37:29.381119,CLOSED,,CARRIER-ROUTER-99,False
ALT-CSE-03-01420,CSE-03,HIGH,2024-10-18T21:28:33,2024-10-18T21:34:52.019708,2024-10-18T22:30:37.970296,CLOSED,,5G-CORE-UPF-01,False
ALT-CSE-03-01421,CSE-03,LOW,2024-12-08T09:29:54,2024-12-08T09:33:06.016914,2024-12-08T10:42:57.309908,CLOSED,,5G-AMF-NODE-02,False
ALT-CSE-03-01422,CSE-03,LOW,2024-12-24T08:38:39,2024-12-24T08:45:32.636582,2024-12-24T09:52:42.471585,CLOSED,,CARRIER-ROUTER-99,False
ALT-CSE-03-01423,CSE-03,MEDIUM,2024-12-12T14:23:32,2024-12-12T14:28:26.608266,2024-12-12T15:04:16.335434,CLOSED,,TELCO-AAA-SRV,False
ALT-CSE-03-01424,CSE-03,LOW,2024-11-07T18:15:07,2024-11-07T18:19:16.518025,2024-11-07T19:00:57.888608,CLOSED,,5G-CORE-UPF-01,False
ALT-CSE-03-01425,CSE-03,HIGH,2024-11-01T19:34:39,2024-11-01T19:44:03.845532,2024-11-01T20:13:09.467573,CLOSED,,5G-CORE-UPF-01,False
ALT-CSE-03-01426,CSE-03,MEDIUM,2024-12-25T03:01:36,2024-12-25T03:08:51.265339,2024-12-25T04:14:46.256044,CLOSED,,TELCO-AAA-SRV,False
ALT-CSE-03-01427,CSE-03,LOW,2024-12-05T16:36:32,2024-12-05T16:40:41.037241,2024-12-05T18:00:34.503574,CLOSED,,EDGE-GATEWAY-12,False
ALT-CSE-03-01428,CSE-03,MEDIUM,2024-12-11T05:52:21,2024-12-11T05:57:26.589141,2024-12-11T06:33:53.007024,CLOSED,,5G-CORE-UPF-01,False
ALT-CSE-03-01429,CSE-03,MEDIUM,2024-11-24T06:33:59,2024-11-24T06:41:24.332745,2024-11-24T07:55:49.744953,CLOSED,,5G-CORE-UPF-01,False
ALT-CSE-03-01430,CSE-03,LOW,2024-11-11T23:51:04,2024-11-11T23:57:37.744570,2024-11-12T01:04:55.571095,CLOSED,,5G-AMF-NODE-02,False
ALT-CSE-03-01431,CSE-03,MEDIUM,2024-10-26T12:49:06,2024-10-26T12:53:49.137213,2024-10-26T13:21:07.897158,CLOSED,,TELCO-AAA-SRV,False
ALT-CSE-03-01432,CSE-03,MEDIUM,2024-11-21T09:18:48,2024-11-21T09:22:23.846896,2024-11-21T10:28:25.457955,CLOSED,,EDGE-GATEWAY-12,False
ALT-CSE-03-01433,CSE-03,HIGH,2024-11-07T00:06:22,2024-11-07T00:09:31.937498,2024-11-07T01:08:23.308197,CLOSED,,TELCO-AAA-SRV,False
ALT-CSE-03-01434,CSE-03,CRITICAL,2024-12-07T09:10:32,2024-12-07T09:14:01.059737,2024-12-07T10:08:24.597942,CLOSED,,5G-CORE-UPF-01,False
ALT-CSE-03-01435,CSE-03,LOW,2024-10-24T19:58:41,2024-10-24T20:04:03.324439,2024-10-24T20:39:10.147872,CLOSED,,5G-CORE-UPF-01,False
ALT-CSE-03-01436,CSE-03,MEDIUM,2024-11-28T02:35:55,2024-11-28T02:40:34.866362,2024-11-28T03:58:21.432376,CLOSED,,TELCO-AAA-SRV,False
ALT-CSE-03-01437,CSE-03,LOW,2024-10-31T16:16:59,2024-10-31T16:23:59.743494,2024-10-31T17:24:44.715817,CLOSED,,TELCO-AAA-SRV,False
ALT-CSE-03-01438,CSE-03,MEDIUM,2024-10-08T02:50:37,2024-10-08T02:53:44.282220,2024-10-08T03:38:10.042642,CLOSED,,EDGE-GATEWAY-12,False
ALT-CSE-03-01439,CSE-03,MEDIUM,2024-11-29T15:46:37,2024-11-29T15:53:16.568411,2024-11-29T17:00:15.869892,CLOSED,,5G-CORE-UPF-01,False
ALT-CSE-03-01440,CSE-03,MEDIUM,2024-11-23T05:55:44,2024-11-23T06:04:51.000006,2024-11-23T07:07:30.995882,CLOSED,,EDGE-GATEWAY-12,False
ALT-CSE-03-01441,CSE-03,LOW,2024-12-14T00:48:57,2024-12-14T00:51:11.905059,2024-12-14T01:22:43.346069,CLOSED,,5G-CORE-UPF-01,False
ALT-CSE-03-01442,CSE-03,MEDIUM,2024-10-28T09:54:32,2024-10-28T10:01:18.002848,2024-10-28T10:34:07.585454,CLOSED,,5G-AMF-NODE-02,False
ALT-CSE-03-01443,CSE-03,MEDIUM,2024-10-03T11:48:31,2024-10-03T11:52:28.353660,2024-10-03T13:12:02.552243,CLOSED,,EDGE-GATEWAY-12,False
ALT-CSE-03-01444,CSE-03,CRITICAL,2024-12-03T02:58:04,2024-12-03T03:02:44.173104,2024-12-03T03:58:46.558472,CLOSED,CAS-CSE-03-0162,5G-AMF-NODE-02,False
ALT-CSE-03-01445,CSE-03,LOW,2024-11-17T09:03:44,2024-11-17T09:06:48.478770,2024-11-17T09:39:56.667176,CLOSED,,5G-AMF-NODE-02,False
ALT-CSE-03-01446,CSE-03,HIGH,2024-12-23T09:20:34,2024-12-23T09:28:53.335911,2024-12-23T10:29:39.776001,CLOSED,,TELCO-AAA-SRV,False
ALT-CSE-03-01447,CSE-03,HIGH,2024-11-24T06:43:27,2024-11-24T06:51:42.042475,2024-11-24T07:25:45.053308,CLOSED,,EDGE-GATEWAY-12,False
ALT-CSE-03-01448,CSE-03,CRITICAL,2024-12-29T12:57:47,2024-12-29T13:03:49.065155,2024-12-29T14:11:50.405187,CLOSED,CAS-CSE-03-0163,5G-AMF-NODE-02,False
ALT-CSE-03-01449,CSE-03,CRITICAL,2024-11-27T09:45:56,2024-11-27T09:55:48.019350,2024-11-27T10:47:16.982445,CLOSED,CAS-CSE-03-0164,EDGE-GATEWAY-12,False
ALT-CSE-03-01450,CSE-03,MEDIUM,2024-10-26T09:09:25,2024-10-26T09:12:49.756732,2024-10-26T10:09:57.569115,CLOSED,,EDGE-GATEWAY-12,False
ALT-CSE-03-01451,CSE-03,LOW,2024-10-04T04:46:20,2024-10-04T04:48:51.539219,2024-10-04T05:45:14.511004,CLOSED,,TELCO-AAA-SRV,False
ALT-CSE-03-01452,CSE-03,HIGH,2024-10-17T03:06:53,2024-10-17T03:13:40.225515,2024-10-17T04:16:07.222503,CLOSED,,5G-AMF-NODE-02,False
ALT-CSE-03-01453,CSE-03,CRITICAL,2024-10-16T11:38:11,2024-10-16T11:47:53.971468,2024-10-16T12:27:48.456701,CLOSED,CAS-CSE-03-0165,5G-AMF-NODE-02,False
ALT-CSE-03-01454,CSE-03,CRITICAL,2024-12-06T14:35:07,2024-12-06T14:38:49.005493,2024-12-06T15:12:25.672700,CLOSED,CAS-CSE-03-0166,CARRIER-ROUTER-99,True
ALT-CSE-03-01455,CSE-03,HIGH,2024-10-24T17:43:16,2024-10-24T17:52:12.958132,2024-10-24T18:40:25.969036,CLOSED,,EDGE-GATEWAY-12,False
ALT-CSE-03-01456,CSE-03,MEDIUM,2024-12-24T17:58:25,2024-12-24T18:01:03.090499,2024-12-24T18:45:52.635596,CLOSED,,5G-AMF-NODE-02,False
ALT-CSE-03-01457,CSE-03,CRITICAL,2024-10-22T05:28:48,2024-10-22T05:30:59.666908,2024-10-22T06:13:11.651348,CLOSED,CAS-CSE-03-0167,5G-AMF-NODE-02,True
ALT-CSE-03-01458,CSE-03,LOW,2024-10-09T16:23:20,2024-10-09T16:29:45.552672,2024-10-09T17:24:29.214167,CLOSED,,5G-CORE-UPF-01,False
ALT-CSE-03-01459,CSE-03,MEDIUM,2024-10-22T20:51:46,2024-10-22T20:54:32.494655,2024-10-22T21:24:06.323259,CLOSED,,5G-CORE-UPF-01,False
ALT-CSE-03-01460,CSE-03,MEDIUM,2024-12-03T23:08:30,2024-12-03T23:17:12.677619,2024-12-04T00:20:10.533815,CLOSED,,5G-CORE-UPF-01,False
ALT-CSE-03-01461,CSE-03,HIGH,2024-12-24T05:17:04,2024-12-24T05:24:09.871885,2024-12-24T05:55:39.133512,CLOSED,,5G-CORE-UPF-01,False
ALT-CSE-03-01462,CSE-03,CRITICAL,2024-12-04T07:44:49,2024-12-04T07:50:24.415677,2024-12-04T08:16:34.563363,CLOSED,CAS-CSE-03-0168,5G-CORE-UPF-01,False
ALT-CSE-03-01463,CSE-03,LOW,2024-10-31T06:23:51,2024-10-31T06:25:53.344891,2024-10-31T07:41:27.408810,CLOSED,,CARRIER-ROUTER-99,False
ALT-CSE-03-01464,CSE-03,MEDIUM,2024-11-07T14:58:37,2024-11-07T15:01:16.535321,2024-11-07T16:07:21.906006,CLOSED,,TELCO-AAA-SRV,False
ALT-CSE-03-01465,CSE-03,CRITICAL,2024-11-15T04:31:02,2024-11-15T04:36:59.758943,2024-11-15T05:50:13.794576,CLOSED,CAS-CSE-03-0169,CARRIER-ROUTER-99,False
ALT-CSE-03-01466,CSE-03,CRITICAL,2024-12-09T05:25:09,2024-12-09T05:31:43.276267,2024-12-09T06:25:28.643156,CLOSED,CAS-CSE-03-0170,CARRIER-ROUTER-99,False
ALT-CSE-03-01467,CSE-03,HIGH,2024-10-21T01:54:01,2024-10-21T01:58:54.961511,2024-10-21T02:30:10.715470,CLOSED,,5G-AMF-NODE-02,False
ALT-CSE-03-01468,CSE-03,MEDIUM,2024-11-01T14:22:24,2024-11-01T14:32:11.584234,2024-11-01T14:54:21.702197,CLOSED,,EDGE-GATEWAY-12,False
ALT-CSE-03-01469,CSE-03,HIGH,2024-10-12T14:29:42,2024-10-12T14:35:34.967785,2024-10-12T15:01:39.135236,CLOSED,,5G-CORE-UPF-01,False
ALT-CSE-03-01470,CSE-03,LOW,2024-11-02T19:25:32,2024-11-02T19:28:20.237502,2024-11-02T20:07:42.418429,CLOSED,,5G-AMF-NODE-02,False
ALT-CSE-03-01471,CSE-03,CRITICAL,2024-11-08T10:17:41,2024-11-08T10:23:13.702444,2024-11-08T10:50:42.863636,CLOSED,,EDGE-GATEWAY-12,False
ALT-CSE-03-01472,CSE-03,LOW,2024-12-20T07:06:58,2024-12-20T07:15:18.586688,2024-12-20T07:53:06.274253,CLOSED,,5G-CORE-UPF-01,False
ALT-CSE-03-01473,CSE-03,MEDIUM,2024-10-10T01:33:09,2024-10-10T01:40:15.108144,2024-10-10T02:14:14.069889,CLOSED,,EDGE-GATEWAY-12,False
ALT-CSE-03-01474,CSE-03,MEDIUM,2024-11-10T17:45:20,2024-11-10T17:50:39.139129,2024-11-10T18:28:28.236838,CLOSED,,EDGE-GATEWAY-12,False
ALT-CSE-03-01475,CSE-03,CRITICAL,2024-12-17T05:18:58,2024-12-17T05:24:02.267817,2024-12-17T06:25:19.086924,CLOSED,CAS-CSE-03-0171,CARRIER-ROUTER-99,False
ALT-CSE-03-01476,CSE-03,HIGH,2024-11-28T17:46:47,2024-11-28T17:49:35.566006,2024-11-28T18:34:23.279084,CLOSED,,5G-CORE-UPF-01,False
ALT-CSE-03-01477,CSE-03,CRITICAL,2024-11-23T15:41:57,2024-11-23T15:46:20.253315,2024-11-23T16:33:30.099405,CLOSED,CAS-CSE-03-0172,5G-CORE-UPF-01,False
ALT-CSE-03-01478,CSE-03,MEDIUM,2024-11-11T19:11:42,2024-11-11T19:17:51.367244,2024-11-11T20:17:21.672259,CLOSED,,CARRIER-ROUTER-99,False
ALT-CSE-03-01479,CSE-03,MEDIUM,2024-10-01T12:40:27,2024-10-01T12:50:10.242391,2024-10-01T13:53:26.196867,CLOSED,,5G-AMF-NODE-02,False
ALT-CSE-03-01480,CSE-03,MEDIUM,2024-12-14T14:49:24,2024-12-14T14:56:27.900014,2024-12-14T16:13:35.794066,CLOSED,,CARRIER-ROUTER-99,False
ALT-CSE-03-01481,CSE-03,MEDIUM,2024-12-05T14:04:24,2024-12-05T14:12:12.623624,2024-12-05T15:26:40.970560,CLOSED,,TELCO-AAA-SRV,False
ALT-CSE-03-01482,CSE-03,LOW,2024-10-28T22:05:48,2024-10-28T22:12:56.559777,2024-10-28T22:39:01.559367,CLOSED,,EDGE-GATEWAY-12,False
ALT-CSE-03-01483,CSE-03,CRITICAL,2024-12-02T16:22:06,2024-12-02T16:31:25.131530,2024-12-02T16:53:16.146573,CLOSED,CAS-CSE-03-0173,CARRIER-ROUTER-99,True
ALT-CSE-03-01484,CSE-03,CRITICAL,2024-11-20T17:03:05,2024-11-20T17:09:27.822698,2024-11-20T18:06:18.197032,CLOSED,CAS-CSE-03-0174,5G-CORE-UPF-01,True
ALT-CSE-03-01485,CSE-03,LOW,2024-12-14T08:03:48,2024-12-14T08:08:35.548628,2024-12-14T08:58:54.243621,CLOSED,,CARRIER-ROUTER-99,False
ALT-CSE-03-01486,CSE-03,CRITICAL,2024-12-12T03:15:46,2024-12-12T03:22:23.617273,2024-12-12T03:54:39.004369,CLOSED,,TELCO-AAA-SRV,False
ALT-CSE-03-01487,CSE-03,MEDIUM,2024-11-04T09:37:27,2024-11-04T09:45:52.158470,2024-11-04T10:22:52.860284,CLOSED,,5G-CORE-UPF-01,False
ALT-CSE-03-01488,CSE-03,LOW,2024-12-02T20:47:28,2024-12-02T20:50:44.555165,2024-12-02T21:25:27.711572,CLOSED,,EDGE-GATEWAY-12,False
ALT-CSE-03-01489,CSE-03,MEDIUM,2024-10-28T13:14:30,2024-10-28T13:24:25.969946,2024-10-28T14:24:50.116240,CLOSED,,TELCO-AAA-SRV,False
ALT-CSE-03-01490,CSE-03,HIGH,2024-11-22T05:28:14,2024-11-22T05:37:16.285202,2024-11-22T06:46:06.301368,CLOSED,,TELCO-AAA-SRV,False
ALT-CSE-03-01491,CSE-03,LOW,2024-10-16T23:42:12,2024-10-16T23:44:16.875842,2024-10-17T01:01:03.267538,CLOSED,,CARRIER-ROUTER-99,False
ALT-CSE-03-01492,CSE-03,LOW,2024-11-23T22:53:51,2024-11-23T23:03:40.958197,2024-11-23T23:28:16.098141,CLOSED,,5G-CORE-UPF-01,False
ALT-CSE-03-01493,CSE-03,LOW,2024-11-07T05:30:41,2024-11-07T05:38:56.837492,2024-11-07T06:19:20.886256,CLOSED,,CARRIER-ROUTER-99,False
ALT-CSE-03-01494,CSE-03,MEDIUM,2024-12-13T00:28:28,2024-12-13T00:32:49.770028,2024-12-13T01:12:21.320638,CLOSED,,5G-AMF-NODE-02,False
ALT-CSE-03-01495,CSE-03,MEDIUM,2024-12-09T00:02:19,2024-12-09T00:11:12.035626,2024-12-09T00:58:06.750641,CLOSED,,EDGE-GATEWAY-12,False
ALT-CSE-03-01496,CSE-03,LOW,2024-10-29T16:24:41,2024-10-29T16:29:22.815568,2024-10-29T16:58:13.607485,CLOSED,,CARRIER-ROUTER-99,False
ALT-CSE-03-01497,CSE-03,MEDIUM,2024-11-05T17:58:29,2024-11-05T18:03:19.462569,2024-11-05T19:21:07.732421,CLOSED,,5G-CORE-UPF-01,False
ALT-CSE-03-01498,CSE-03,CRITICAL,2024-11-30T23:38:51,2024-11-30T23:45:47.261787,2024-12-01T00:09:51.932844,CLOSED,CAS-CSE-03-0175,TELCO-AAA-SRV,False
ALT-CSE-03-01499,CSE-03,HIGH,2024-10-31T14:19:05,2024-10-31T14:24:28.868155,2024-10-31T15:39:32.385052,CLOSED,CAS-CSE-03-0176,EDGE-GATEWAY-12,False
ALT-CSE-03-01500,CSE-03,HIGH,2024-11-10T01:57:59,2024-11-10T02:05:01.010177,2024-11-10T02:30:04.469662,CLOSED,,5G-CORE-UPF-01,False
ALT-CSE-03-01501,CSE-03,MEDIUM,2024-10-16T11:37:48,2024-10-16T11:41:53.314015,2024-10-16T12:10:55.065509,CLOSED,,EDGE-GATEWAY-12,False
ALT-CSE-03-01502,CSE-03,CRITICAL,2024-12-08T21:52:26,2024-12-08T21:57:52.690997,2024-12-08T22:38:46.520860,CLOSED,CAS-CSE-03-0177,5G-CORE-UPF-01,False
ALT-CSE-03-01503,CSE-03,MEDIUM,2024-10-11T21:47:04,2024-10-11T21:53:00.152468,2024-10-11T23:00:12.362535,CLOSED,,5G-CORE-UPF-01,False
ALT-CSE-03-01504,CSE-03,HIGH,2024-11-05T05:51:50,2024-11-05T05:55:11.503861,2024-11-05T06:39:35.900461,CLOSED,,5G-CORE-UPF-01,False
ALT-CSE-03-01505,CSE-03,HIGH,2024-12-12T03:19:18,2024-12-12T03:22:02.787038,2024-12-12T04:12:28.163116,CLOSED,,EDGE-GATEWAY-12,False
ALT-CSE-03-01506,CSE-03,CRITICAL,2024-11-25T22:10:18,2024-11-25T22:15:04.285462,2024-11-25T23:31:14.146994,CLOSED,CAS-CSE-03-0178,5G-CORE-UPF-01,False
ALT-CSE-03-01507,CSE-03,MEDIUM,2024-11-13T14:33:04,2024-11-13T14:39:58.748446,2024-11-13T15:22:22.284590,CLOSED,,EDGE-GATEWAY-12,False
ALT-CSE-03-01508,CSE-03,HIGH,2024-10-16T23:49:58,2024-10-16T23:56:23.780574,2024-10-17T00:44:28.517460,CLOSED,,5G-AMF-NODE-02,False
ALT-CSE-03-01509,CSE-03,LOW,2024-11-29T07:41:16,2024-11-29T07:49:12.589558,2024-11-29T08:45:16.842188,CLOSED,,5G-CORE-UPF-01,False
ALT-CSE-03-01510,CSE-03,CRITICAL,2024-12-29T01:07:43,2024-12-29T01:17:23.593183,2024-12-29T02:26:37.668817,CLOSED,CAS-CSE-03-0179,CARRIER-ROUTER-99,False
ALT-CSE-03-01511,CSE-03,MEDIUM,2024-10-11T14:11:40,2024-10-11T14:14:45.576616,2024-10-11T14:45:00.992550,CLOSED,,TELCO-AAA-SRV,False
ALT-CSE-03-01512,CSE-03,HIGH,2024-10-27T23:15:57,2024-10-27T23:23:43.009267,2024-10-28T00:31:58.169646,CLOSED,,TELCO-AAA-SRV,False
ALT-CSE-03-01513,CSE-03,HIGH,2024-11-23T21:15:08,2024-11-23T21:23:39.965896,2024-11-23T22:06:09.967870,CLOSED,,5G-CORE-UPF-01,False
ALT-CSE-03-01514,CSE-03,MEDIUM,2024-12-29T11:42:13,2024-12-29T11:47:02.435945,2024-12-29T12:53:10.440312,CLOSED,,5G-CORE-UPF-01,False
ALT-CSE-03-01515,CSE-03,MEDIUM,2024-12-25T23:49:42,2024-12-25T23:59:14.464780,2024-12-26T00:33:19.784006,CLOSED,,EDGE-GATEWAY-12,False
ALT-CSE-03-01516,CSE-03,MEDIUM,2024-10-16T01:44:30,2024-10-16T01:49:20.967441,2024-10-16T03:03:03.196770,CLOSED,,EDGE-GATEWAY-12,False
ALT-CSE-03-01517,CSE-03,MEDIUM,2024-10-17T13:36:03,2024-10-17T13:42:10.027904,2024-10-17T14:12:38.359871,CLOSED,,5G-AMF-NODE-02,False
ALT-CSE-03-01518,CSE-03,MEDIUM,2024-12-01T00:50:39,2024-12-01T00:55:19.774469,2024-12-01T02:06:26.856892,CLOSED,,CARRIER-ROUTER-99,False
ALT-CSE-03-01519,CSE-03,HIGH,2024-12-05T15:37:24,2024-12-05T15:46:15.994440,2024-12-05T16:25:07.702926,CLOSED,,5G-CORE-UPF-01,False
ALT-CSE-03-01520,CSE-03,HIGH,2024-12-29T20:34:10,2024-12-29T20:41:32.837790,2024-12-29T21:44:02.506755,CLOSED,,CARRIER-ROUTER-99,False
ALT-CSE-03-01521,CSE-03,LOW,2024-10-12T10:32:32,2024-10-12T10:38:49.626840,2024-10-12T11:55:34.923305,CLOSED,,EDGE-GATEWAY-12,False
ALT-CSE-03-01522,CSE-03,LOW,2024-11-21T08:53:03,2024-11-21T08:55:19.955222,2024-11-21T09:42:14.334641,CLOSED,,EDGE-GATEWAY-12,False
ALT-CSE-03-01523,CSE-03,LOW,2024-12-18T13:51:20,2024-12-18T13:58:10.270332,2024-12-18T15:16:18.846084,CLOSED,,5G-CORE-UPF-01,False
ALT-CSE-03-01524,CSE-03,LOW,2024-11-02T21:36:22,2024-11-02T21:39:55.485631,2024-11-02T22:59:45.503299,CLOSED,,TELCO-AAA-SRV,False
ALT-CSE-03-01525,CSE-03,HIGH,2024-10-02T10:52:56,2024-10-02T11:00:48.297059,2024-10-02T11:52:42.182999,CLOSED,,5G-AMF-NODE-02,False
ALT-CSE-03-01526,CSE-03,MEDIUM,2024-11-21T04:41:03,2024-11-21T04:45:21.964394,2024-11-21T05:16:48.191418,CLOSED,,TELCO-AAA-SRV,False
ALT-CSE-03-01527,CSE-03,MEDIUM,2024-11-15T01:00:28,2024-11-15T01:08:48.038896,2024-11-15T02:03:03.153405,CLOSED,,5G-CORE-UPF-01,False
ALT-CSE-03-01528,CSE-03,MEDIUM,2024-12-02T18:53:54,2024-12-02T18:56:53.049170,2024-12-02T19:24:51.346924,CLOSED,,5G-CORE-UPF-01,False
ALT-CSE-03-01529,CSE-03,LOW,2024-12-25T13:13:47,2024-12-25T13:16:35.743851,2024-12-25T14:08:59.054789,CLOSED,,EDGE-GATEWAY-12,False
ALT-CSE-03-01530,CSE-03,MEDIUM,2024-11-17T02:12:56,2024-11-17T02:17:16.753943,2024-11-17T03:33:03.284965,CLOSED,,CARRIER-ROUTER-99,False
ALT-CSE-03-01531,CSE-03,HIGH,2024-12-08T14:38:51,2024-12-08T14:43:04.126330,2024-12-08T15:55:34.884679,CLOSED,,5G-CORE-UPF-01,False
ALT-CSE-03-01532,CSE-03,LOW,2024-10-25T00:05:46,2024-10-25T00:11:50.720664,2024-10-25T01:19:40.988720,CLOSED,,TELCO-AAA-SRV,False
ALT-CSE-03-01533,CSE-03,HIGH,2024-12-02T11:30:06,2024-12-02T11:34:32.490520,2024-12-02T12:06:30.272764,CLOSED,,CARRIER-ROUTER-99,False
ALT-CSE-03-01534,CSE-03,MEDIUM,2024-11-06T04:21:25,2024-11-06T04:26:43.312820,2024-11-06T05:14:46.215068,CLOSED,,CARRIER-ROUTER-99,False
ALT-CSE-03-01535,CSE-03,MEDIUM,2024-11-14T20:10:09,2024-11-14T20:17:08.967231,2024-11-14T21:11:07.547386,CLOSED,,5G-AMF-NODE-02,False
ALT-CSE-03-01536,CSE-03,MEDIUM,2024-10-22T23:58:16,2024-10-23T00:01:34.751147,2024-10-23T00:54:26.363280,CLOSED,,5G-AMF-NODE-02,False
ALT-CSE-03-01537,CSE-03,LOW,2024-10-23T04:07:18,2024-10-23T04:13:12.733142,2024-10-23T04:39:39.538053,CLOSED,,EDGE-GATEWAY-12,False
ALT-CSE-03-01538,CSE-03,CRITICAL,2024-12-04T17:42:05,2024-12-04T17:51:59.380490,2024-12-04T18:30:02.333808,CLOSED,CAS-CSE-03-0180,CARRIER-ROUTER-99,False
ALT-CSE-03-01539,CSE-03,CRITICAL,2024-10-23T16:15:56,2024-10-23T16:20:23.931756,2024-10-23T16:47:05.488793,CLOSED,CAS-CSE-03-0181,5G-AMF-NODE-02,False
ALT-CSE-03-01540,CSE-03,LOW,2024-12-15T17:55:59,2024-12-15T18:02:02.367179,2024-12-15T18:47:08.345829,CLOSED,,EDGE-GATEWAY-12,False
ALT-CSE-03-01541,CSE-03,CRITICAL,2024-12-01T11:08:54,2024-12-01T11:16:53.297960,2024-12-01T11:40:44.198015,CLOSED,CAS-CSE-03-0182,EDGE-GATEWAY-12,False
ALT-CSE-03-01542,CSE-03,CRITICAL,2024-12-16T22:31:07,2024-12-16T22:33:10.568243,2024-12-16T23:38:33.336943,CLOSED,CAS-CSE-03-0183,5G-AMF-NODE-02,False
ALT-CSE-03-01543,CSE-03,MEDIUM,2024-12-10T18:25:41,2024-12-10T18:32:58.560395,2024-12-10T19:21:07.238372,CLOSED,,EDGE-GATEWAY-12,False
ALT-CSE-03-01544,CSE-03,CRITICAL,2024-10-22T03:38:18,2024-10-22T03:48:03.594367,2024-10-22T04:37:12.254419,CLOSED,CAS-CSE-03-0184,CARRIER-ROUTER-99,False
ALT-CSE-03-01545,CSE-03,LOW,2024-11-16T18:05:04,2024-11-16T18:12:47.558560,2024-11-16T19:19:19.816371,CLOSED,,EDGE-GATEWAY-12,False
ALT-CSE-03-01546,CSE-03,HIGH,2024-10-13T01:43:19,2024-10-13T01:45:50.382178,2024-10-13T02:54:02.473501,CLOSED,,TELCO-AAA-SRV,False
ALT-CSE-03-01547,CSE-03,LOW,2024-10-17T13:28:09,2024-10-17T13:30:21.082717,2024-10-17T14:09:25.409963,CLOSED,,TELCO-AAA-SRV,False
ALT-CSE-03-01548,CSE-03,MEDIUM,2024-12-26T00:07:27,2024-12-26T00:15:46.749075,2024-12-26T00:50:02.554618,CLOSED,,CARRIER-ROUTER-99,False
ALT-CSE-03-01549,CSE-03,HIGH,2024-10-28T05:46:35,2024-10-28T05:55:10.911950,2024-10-28T06:34:22.955756,CLOSED,,TELCO-AAA-SRV,False
ALT-CSE-03-01550,CSE-03,LOW,2024-11-13T21:23:10,2024-11-13T21:32:23.302351,2024-11-13T22:47:36.407590,CLOSED,,5G-CORE-UPF-01,False
ALT-CSE-03-01551,CSE-03,MEDIUM,2024-12-15T13:53:46,2024-12-15T13:58:56.285086,2024-12-15T14:53:07.513523,CLOSED,,EDGE-GATEWAY-12,False
ALT-CSE-03-01552,CSE-03,HIGH,2024-11-09T01:42:53,2024-11-09T01:46:44.069218,2024-11-09T02:47:55.390543,CLOSED,CAS-CSE-03-0185,EDGE-GATEWAY-12,False
ALT-CSE-03-01553,CSE-03,LOW,2024-10-27T01:43:49,2024-10-27T01:47:36.324665,2024-10-27T02:24:30.336132,CLOSED,,5G-CORE-UPF-01,False
ALT-CSE-03-01554,CSE-03,HIGH,2024-12-04T20:18:35,2024-12-04T20:23:30.636001,2024-12-04T21:16:28.438184,CLOSED,,5G-CORE-UPF-01,False
ALT-CSE-03-01555,CSE-03,MEDIUM,2024-12-27T13:45:02,2024-12-27T13:50:30.113216,2024-12-27T14:43:34.971604,CLOSED,,5G-CORE-UPF-01,False
ALT-CSE-03-01556,CSE-03,LOW,2024-12-16T21:58:01,2024-12-16T22:07:34.119607,2024-12-16T23:17:21.311916,CLOSED,,EDGE-GATEWAY-12,False
ALT-CSE-03-01557,CSE-03,MEDIUM,2024-10-04T15:57:26,2024-10-04T16:05:26.506651,2024-10-04T17:04:20.278330,CLOSED,,CARRIER-ROUTER-99,False
ALT-CSE-03-01558,CSE-03,HIGH,2024-11-09T01:04:11,2024-11-09T01:12:38.085951,2024-11-09T01:44:20.124703,CLOSED,,5G-AMF-NODE-02,False
ALT-CSE-03-01559,CSE-03,MEDIUM,2024-11-15T08:51:39,2024-11-15T08:55:17.508215,2024-11-15T09:59:44.189141,CLOSED,,5G-CORE-UPF-01,False
ALT-CSE-03-01560,CSE-03,LOW,2024-12-18T18:59:33,2024-12-18T19:05:54.651701,2024-12-18T19:41:30.849108,CLOSED,,TELCO-AAA-SRV,False
ALT-CSE-03-01561,CSE-03,LOW,2024-10-08T14:12:05,2024-10-08T14:16:10.715700,2024-10-08T14:52:48.984282,CLOSED,,5G-CORE-UPF-01,False
ALT-CSE-03-01562,CSE-03,MEDIUM,2024-10-19T10:41:51,2024-10-19T10:47:27.683081,2024-10-19T11:19:12.198260,CLOSED,,5G-AMF-NODE-02,False
ALT-CSE-03-01563,CSE-03,MEDIUM,2024-10-20T13:20:55,2024-10-20T13:27:04.647036,2024-10-20T14:45:40.577782,CLOSED,,CARRIER-ROUTER-99,False
ALT-CSE-03-01564,CSE-03,HIGH,2024-12-03T02:27:19,2024-12-03T02:31:09.020258,2024-12-03T03:40:00.562980,CLOSED,,5G-AMF-NODE-02,False
ALT-CSE-03-01565,CSE-03,HIGH,2024-10-11T20:51:01,2024-10-11T20:58:15.175393,2024-10-11T21:43:07.075404,CLOSED,,CARRIER-ROUTER-99,False
ALT-CSE-03-01566,CSE-03,MEDIUM,2024-12-10T10:11:56,2024-12-10T10:17:45.093080,2024-12-10T11:12:46.853287,CLOSED,,TELCO-AAA-SRV,False
ALT-CSE-03-01567,CSE-03,MEDIUM,2024-10-10T07:08:09,2024-10-10T07:11:46.663132,2024-10-10T07:51:00.757892,CLOSED,,TELCO-AAA-SRV,False
ALT-CSE-03-01568,CSE-03,MEDIUM,2024-12-26T05:18:38,2024-12-26T05:26:13.353171,2024-12-26T06:23:35.640567,CLOSED,,EDGE-GATEWAY-12,False
ALT-CSE-03-01569,CSE-03,CRITICAL,2024-10-08T07:12:42,2024-10-08T07:17:36.613775,2024-10-08T08:32:05.641135,CLOSED,CAS-CSE-03-0186,EDGE-GATEWAY-12,False
ALT-CSE-03-01570,CSE-03,MEDIUM,2024-10-04T07:38:28,2024-10-04T07:47:55.611479,2024-10-04T08:13:19.629767,CLOSED,,TELCO-AAA-SRV,False
ALT-CSE-03-01571,CSE-03,MEDIUM,2024-11-09T14:54:58,2024-11-09T14:57:22.649478,2024-11-09T15:38:05.122141,CLOSED,,EDGE-GATEWAY-12,False
ALT-CSE-03-01572,CSE-03,HIGH,2024-12-28T17:28:13,2024-12-28T17:36:01.466807,2024-12-28T18:39:58.446335,CLOSED,,5G-CORE-UPF-01,False
ALT-CSE-03-01573,CSE-03,HIGH,2024-11-17T21:02:44,2024-11-17T21:07:12.690129,2024-11-17T22:27:24.524212,CLOSED,,TELCO-AAA-SRV,False
ALT-CSE-03-01574,CSE-03,LOW,2024-12-06T13:49:07,2024-12-06T13:53:07.420193,2024-12-06T14:47:06.079882,CLOSED,,5G-CORE-UPF-01,False
ALT-CSE-03-01575,CSE-03,HIGH,2024-10-03T22:33:44,2024-10-03T22:37:43.126986,2024-10-03T23:08:34.651385,CLOSED,,5G-CORE-UPF-01,False
ALT-CSE-03-01576,CSE-03,HIGH,2024-11-19T14:05:02,2024-11-19T14:12:23.215995,2024-11-19T14:59:27.957508,CLOSED,,EDGE-GATEWAY-12,False
ALT-CSE-03-01577,CSE-03,MEDIUM,2024-11-01T22:28:29,2024-11-01T22:37:43.739528,2024-11-01T23:29:41.171091,CLOSED,,5G-CORE-UPF-01,False
ALT-CSE-03-01578,CSE-03,LOW,2024-12-26T16:16:56,2024-12-26T16:20:10.526075,2024-12-26T17:39:44.256636,CLOSED,,5G-AMF-NODE-02,False
ALT-CSE-03-01579,CSE-03,LOW,2024-12-02T17:52:00,2024-12-02T18:01:38.397262,2024-12-02T18:27:18.139234,CLOSED,,TELCO-AAA-SRV,False
ALT-CSE-03-01580,CSE-03,MEDIUM,2024-10-25T06:22:24,2024-10-25T06:29:08.911263,2024-10-25T07:05:52.785048,CLOSED,,TELCO-AAA-SRV,False
ALT-CSE-03-01581,CSE-03,MEDIUM,2024-12-10T18:58:31,2024-12-10T19:01:42.349471,2024-12-10T20:20:34.192610,CLOSED,,5G-AMF-NODE-02,False
ALT-CSE-03-01582,CSE-03,CRITICAL,2024-10-17T06:03:16,2024-10-17T06:10:19.522872,2024-10-17T07:18:02.924624,CLOSED,CAS-CSE-03-0187,CARRIER-ROUTER-99,False
ALT-CSE-03-01583,CSE-03,MEDIUM,2024-12-26T08:25:33,2024-12-26T08:32:55.573631,2024-12-26T09:38:53.696029,CLOSED,,5G-AMF-NODE-02,False
ALT-CSE-03-01584,CSE-03,HIGH,2024-10-06T01:08:08,2024-10-06T01:16:40.447175,2024-10-06T01:59:31.049290,CLOSED,,5G-CORE-UPF-01,False
ALT-CSE-03-01585,CSE-03,MEDIUM,2024-10-28T03:08:19,2024-10-28T03:13:24.143674,2024-10-28T03:40:22.443086,CLOSED,,5G-CORE-UPF-01,False
ALT-CSE-03-01586,CSE-03,HIGH,2024-10-08T12:29:42,2024-10-08T12:38:29.405541,2024-10-08T13:30:34.487117,CLOSED,,CARRIER-ROUTER-99,False
ALT-CSE-03-01587,CSE-03,HIGH,2024-10-11T05:07:05,2024-10-11T05:17:01.105665,2024-10-11T06:25:52.006155,CLOSED,,EDGE-GATEWAY-12,False
ALT-CSE-03-01588,CSE-03,HIGH,2024-11-10T18:16:16,2024-11-10T18:19:17.516990,2024-11-10T19:16:26.046574,CLOSED,,CARRIER-ROUTER-99,False
ALT-CSE-03-01589,CSE-03,MEDIUM,2024-10-21T18:48:42,2024-10-21T18:57:13.813718,2024-10-21T19:48:38.976666,CLOSED,,EDGE-GATEWAY-12,False
ALT-CSE-03-01590,CSE-03,MEDIUM,2024-10-07T19:38:02,2024-10-07T19:43:52.230690,2024-10-07T20:20:12.505347,CLOSED,,5G-AMF-NODE-02,False
ALT-CSE-03-01591,CSE-03,LOW,2024-11-14T13:59:41,2024-11-14T14:09:26.053703,2024-11-14T14:31:04.601801,CLOSED,,TELCO-AAA-SRV,False
ALT-CSE-03-01592,CSE-03,LOW,2024-10-19T06:37:10,2024-10-19T06:44:03.385919,2024-10-19T07:42:55.528385,CLOSED,,CARRIER-ROUTER-99,False
ALT-CSE-03-01593,CSE-03,MEDIUM,2024-12-08T12:51:39,2024-12-08T12:55:34.285833,2024-12-08T13:52:18.194857,CLOSED,,EDGE-GATEWAY-12,False
ALT-CSE-03-01594,CSE-03,CRITICAL,2024-11-04T22:14:25,2024-11-04T22:22:35.850295,2024-11-04T23:00:27.865749,CLOSED,CAS-CSE-03-0188,5G-AMF-NODE-02,False
ALT-CSE-03-01595,CSE-03,LOW,2024-11-10T07:30:21,2024-11-10T07:35:35.239722,2024-11-10T08:39:18.604435,CLOSED,,5G-AMF-NODE-02,False
ALT-CSE-03-01596,CSE-03,MEDIUM,2024-12-21T00:03:51,2024-12-21T00:12:30.740157,2024-12-21T00:56:45.403041,CLOSED,,5G-CORE-UPF-01,False
ALT-CSE-03-01597,CSE-03,LOW,2024-11-19T05:51:53,2024-11-19T05:56:03.732210,2024-11-19T06:34:03.713956,CLOSED,,TELCO-AAA-SRV,False
ALT-CSE-03-01598,CSE-03,MEDIUM,2024-12-09T08:50:54,2024-12-09T08:56:52.064267,2024-12-09T09:49:45.115785,CLOSED,,EDGE-GATEWAY-12,False
ALT-CSE-03-01599,CSE-03,HIGH,2024-11-29T03:58:05,2024-11-29T04:02:17.755974,2024-11-29T04:46:44.356365,CLOSED,,5G-CORE-UPF-01,False
ALT-CSE-03-01600,CSE-03,MEDIUM,2024-12-06T03:10:23,2024-12-06T03:19:48.834575,2024-12-06T04:08:36.096387,CLOSED,,5G-AMF-NODE-02,False
ALT-CSE-03-01601,CSE-03,MEDIUM,2024-10-31T07:08:24,2024-10-31T07:14:43.836838,2024-10-31T08:09:30.384233,CLOSED,,5G-AMF-NODE-02,False
ALT-CSE-03-01602,CSE-03,HIGH,2024-11-30T03:27:55,2024-11-30T03:37:00.610437,2024-11-30T04:18:40.188157,CLOSED,,CARRIER-ROUTER-99,False
ALT-CSE-03-01603,CSE-03,HIGH,2024-10-01T10:07:42,2024-10-01T10:11:09.559259,2024-10-01T11:23:29.594027,CLOSED,,5G-CORE-UPF-01,False
ALT-CSE-03-01604,CSE-03,HIGH,2024-11-16T13:03:24,2024-11-16T13:11:53.765777,2024-11-16T13:42:55.092065,CLOSED,,EDGE-GATEWAY-12,False
ALT-CSE-03-01605,CSE-03,MEDIUM,2024-12-28T15:24:39,2024-12-28T15:27:13.379722,2024-12-28T16:16:32.279721,CLOSED,,5G-CORE-UPF-01,False
ALT-CSE-03-01606,CSE-03,MEDIUM,2024-10-23T17:36:10,2024-10-23T17:41:40.316045,2024-10-23T18:28:46.414895,CLOSED,,5G-AMF-NODE-02,False
ALT-CSE-03-01607,CSE-03,MEDIUM,2024-10-01T05:57:04,2024-10-01T06:00:50.940867,2024-10-01T07:10:38.565551,CLOSED,,5G-CORE-UPF-01,False
ALT-CSE-03-01608,CSE-03,HIGH,2024-11-17T15:45:20,2024-11-17T15:49:22.621438,2024-11-17T16:49:42.949428,CLOSED,,EDGE-GATEWAY-12,False
ALT-CSE-03-01609,CSE-03,LOW,2024-11-19T18:13:44,2024-11-19T18:21:34.952506,2024-11-19T19:01:16.119702,CLOSED,,5G-CORE-UPF-01,False
ALT-CSE-03-01610,CSE-03,CRITICAL,2024-11-10T02:50:03,2024-11-10T02:58:15.815455,2024-11-10T03:25:38.521848,CLOSED,,TELCO-AAA-SRV,False
ALT-CSE-03-01611,CSE-03,LOW,2024-10-01T07:10:46,2024-10-01T07:19:41.980436,2024-10-01T08:27:24.277026,CLOSED,,EDGE-GATEWAY-12,False
ALT-CSE-03-01612,CSE-03,HIGH,2024-12-16T18:28:16,2024-12-16T18:31:55.179924,2024-12-16T19:02:40.256491,CLOSED,CAS-CSE-03-0189,TELCO-AAA-SRV,False
ALT-CSE-03-01613,CSE-03,LOW,2024-11-27T02:15:45,2024-11-27T02:20:04.647021,2024-11-27T03:05:29.586865,CLOSED,,5G-CORE-UPF-01,False
ALT-CSE-03-01614,CSE-03,CRITICAL,2024-11-09T04:18:08,2024-11-09T04:23:07.270498,2024-11-09T05:08:10.656317,CLOSED,CAS-CSE-03-0190,5G-AMF-NODE-02,False
ALT-CSE-03-01615,CSE-03,MEDIUM,2024-11-23T21:48:44,2024-11-23T21:51:18.196076,2024-11-23T22:19:19.492976,CLOSED,,TELCO-AAA-SRV,False
ALT-CSE-03-01616,CSE-03,MEDIUM,2024-12-13T06:03:26,2024-12-13T06:05:27.528386,2024-12-13T06:52:10.908162,CLOSED,,5G-CORE-UPF-01,False
ALT-CSE-03-01617,CSE-03,LOW,2024-11-02T18:09:41,2024-11-02T18:19:36.551468,2024-11-02T19:06:01.188383,CLOSED,,EDGE-GATEWAY-12,False
ALT-CSE-03-01618,CSE-03,MEDIUM,2024-12-14T02:11:13,2024-12-14T02:20:52.167504,2024-12-14T02:56:49.701067,CLOSED,,5G-CORE-UPF-01,False
ALT-CSE-03-01619,CSE-03,MEDIUM,2024-10-01T15:26:52,2024-10-01T15:35:05.829441,2024-10-01T16:37:55.014823,CLOSED,,TELCO-AAA-SRV,False
ALT-CSE-03-01620,CSE-03,LOW,2024-11-09T14:45:21,2024-11-09T14:54:22.729789,2024-11-09T15:59:34.477743,CLOSED,,5G-CORE-UPF-01,False
ALT-CSE-03-01621,CSE-03,MEDIUM,2024-10-19T19:18:14,2024-10-19T19:28:06.043731,2024-10-19T20:12:27.667314,CLOSED,,TELCO-AAA-SRV,False
ALT-CSE-03-01622,CSE-03,CRITICAL,2024-12-07T06:36:18,2024-12-07T06:39:36.971437,2024-12-07T07:22:21.174797,CLOSED,CAS-CSE-03-0191,EDGE-GATEWAY-12,False
ALT-CSE-03-01623,CSE-03,CRITICAL,2024-10-09T05:10:58,2024-10-09T05:15:18.808832,2024-10-09T05:53:37.472470,CLOSED,CAS-CSE-03-0192,EDGE-GATEWAY-12,False
ALT-CSE-03-01624,CSE-03,LOW,2024-11-01T20:37:23,2024-11-01T20:43:02.921943,2024-11-01T21:53:57.958457,CLOSED,,CARRIER-ROUTER-99,False
ALT-CSE-03-01625,CSE-03,HIGH,2024-12-16T05:54:16,2024-12-16T05:56:24.017256,2024-12-16T06:54:52.761432,CLOSED,,5G-AMF-NODE-02,False
ALT-CSE-03-01626,CSE-03,MEDIUM,2024-11-06T04:30:17,2024-11-06T04:33:50.290943,2024-11-06T05:48:11.541380,CLOSED,,EDGE-GATEWAY-12,False
ALT-CSE-03-01627,CSE-03,HIGH,2024-12-01T03:11:04,2024-12-01T03:15:32.941903,2024-12-01T04:19:48.618224,CLOSED,,EDGE-GATEWAY-12,False
ALT-CSE-03-01628,CSE-03,MEDIUM,2024-12-10T11:33:02,2024-12-10T11:35:26.085924,2024-12-10T12:41:45.873983,CLOSED,,5G-CORE-UPF-01,False
ALT-CSE-03-01629,CSE-03,MEDIUM,2024-12-13T13:47:53,2024-12-13T13:52:26.706625,2024-12-13T14:48:27.715059,CLOSED,,CARRIER-ROUTER-99,False
ALT-CSE-03-01630,CSE-03,CRITICAL,2024-12-02T01:58:04,2024-12-02T02:00:13.432497,2024-12-02T02:51:06.819098,CLOSED,CAS-CSE-03-0193,CARRIER-ROUTER-99,False
ALT-CSE-03-01631,CSE-03,HIGH,2024-10-14T09:49:40,2024-10-14T09:58:04.958086,2024-10-14T10:41:08.128692,CLOSED,,5G-AMF-NODE-02,False
ALT-CSE-03-01632,CSE-03,LOW,2024-11-29T11:08:52,2024-11-29T11:11:19.131137,2024-11-29T11:47:55.561690,CLOSED,,EDGE-GATEWAY-12,False
ALT-CSE-03-01633,CSE-03,HIGH,2024-10-03T03:18:36,2024-10-03T03:25:24.317054,2024-10-03T04:26:25.892807,CLOSED,,5G-CORE-UPF-01,False
ALT-CSE-03-01634,CSE-03,MEDIUM,2024-10-09T05:31:14,2024-10-09T05:39:33.718507,2024-10-09T06:16:20.437275,CLOSED,,CARRIER-ROUTER-99,False
ALT-CSE-03-01635,CSE-03,HIGH,2024-11-12T16:10:13,2024-11-12T16:17:04.196216,2024-11-12T17:13:01.671437,CLOSED,,TELCO-AAA-SRV,False
ALT-CSE-03-01636,CSE-03,HIGH,2024-11-08T22:34:23,2024-11-08T22:39:28.933578,2024-11-08T23:51:14.419276,CLOSED,,TELCO-AAA-SRV,False
ALT-CSE-03-01637,CSE-03,HIGH,2024-10-25T05:28:24,2024-10-25T05:30:51.552561,2024-10-25T06:33:38.095525,CLOSED,,CARRIER-ROUTER-99,False
ALT-CSE-03-01638,CSE-03,MEDIUM,2024-11-21T03:43:17,2024-11-21T03:53:05.099064,2024-11-21T04:37:35.799472,CLOSED,,5G-CORE-UPF-01,False
ALT-CSE-03-01639,CSE-03,MEDIUM,2024-11-05T22:50:15,2024-11-05T22:53:07.396406,2024-11-06T00:03:33.754407,CLOSED,,CARRIER-ROUTER-99,False
ALT-CSE-03-01640,CSE-03,CRITICAL,2024-11-08T17:35:14,2024-11-08T17:41:07.127302,2024-11-08T18:31:48.809331,CLOSED,CAS-CSE-03-0194,EDGE-GATEWAY-12,False
ALT-CSE-03-01641,CSE-03,MEDIUM,2024-12-02T12:04:15,2024-12-02T12:07:51.828964,2024-12-02T12:41:19.445669,CLOSED,,5G-AMF-NODE-02,False
ALT-CSE-03-01642,CSE-03,HIGH,2024-11-28T09:32:35,2024-11-28T09:37:38.854622,2024-11-28T10:14:34.801548,CLOSED,CAS-CSE-03-0195,CARRIER-ROUTER-99,False
ALT-CSE-03-01643,CSE-03,LOW,2024-11-26T13:36:19,2024-11-26T13:46:10.266706,2024-11-26T14:50:48.890037,CLOSED,,5G-CORE-UPF-01,False
ALT-CSE-03-01644,CSE-03,LOW,2024-10-30T16:25:23,2024-10-30T16:30:03.551768,2024-10-30T17:32:14.052745,CLOSED,,5G-AMF-NODE-02,False
ALT-CSE-03-01645,CSE-03,MEDIUM,2024-11-30T15:22:32,2024-11-30T15:31:36.032650,2024-11-30T16:07:48.840169,CLOSED,,CARRIER-ROUTER-99,False
ALT-CSE-03-01646,CSE-03,HIGH,2024-12-29T21:11:21,2024-12-29T21:19:14.647387,2024-12-29T21:48:57.215865,CLOSED,,TELCO-AAA-SRV,False
ALT-CSE-03-01647,CSE-03,MEDIUM,2024-10-28T01:43:17,2024-10-28T01:52:55.861225,2024-10-28T02:26:14.304965,CLOSED,,TELCO-AAA-SRV,False
ALT-CSE-03-01648,CSE-03,MEDIUM,2024-10-27T04:03:53,2024-10-27T04:12:00.935550,2024-10-27T05:02:31.991143,CLOSED,,EDGE-GATEWAY-12,False
ALT-CSE-03-01649,CSE-03,MEDIUM,2024-11-26T14:46:36,2024-11-26T14:51:43.607062,2024-11-26T16:04:32.323821,CLOSED,,EDGE-GATEWAY-12,False
ALT-CSE-03-01650,CSE-03,LOW,2024-11-20T07:32:00,2024-11-20T07:37:23.460643,2024-11-20T08:33:03.988828,CLOSED,,5G-CORE-UPF-01,False
ALT-CSE-03-01651,CSE-03,LOW,2024-10-29T20:06:07,2024-10-29T20:09:05.656934,2024-10-29T21:14:12.914919,CLOSED,,CARRIER-ROUTER-99,False
ALT-CSE-03-01652,CSE-03,MEDIUM,2024-12-12T10:02:19,2024-12-12T10:10:06.920142,2024-12-12T11:06:35.637773,CLOSED,,EDGE-GATEWAY-12,False
ALT-CSE-03-01653,CSE-03,CRITICAL,2024-10-28T07:49:48,2024-10-28T07:58:07.177735,2024-10-28T08:34:07.359735,CLOSED,CAS-CSE-03-0196,5G-AMF-NODE-02,False
ALT-CSE-03-01654,CSE-03,MEDIUM,2024-10-27T11:25:26,2024-10-27T11:30:10.923066,2024-10-27T12:03:42.853123,CLOSED,,EDGE-GATEWAY-12,False
ALT-CSE-03-01655,CSE-03,MEDIUM,2024-10-06T21:56:10,2024-10-06T22:02:58.753334,2024-10-06T22:40:03.398164,CLOSED,,5G-AMF-NODE-02,False
ALT-CSE-03-01656,CSE-03,MEDIUM,2024-10-27T22:04:33,2024-10-27T22:13:47.318748,2024-10-27T22:59:39.033878,CLOSED,,5G-CORE-UPF-01,False
ALT-CSE-03-01657,CSE-03,LOW,2024-10-24T20:29:41,2024-10-24T20:36:34.256491,2024-10-24T21:50:55.209481,CLOSED,,TELCO-AAA-SRV,False
ALT-CSE-03-01658,CSE-03,LOW,2024-10-24T05:27:17,2024-10-24T05:32:52.440319,2024-10-24T06:06:32.522237,CLOSED,,EDGE-GATEWAY-12,False
ALT-CSE-03-01659,CSE-03,LOW,2024-10-04T00:12:47,2024-10-04T00:16:36.626107,2024-10-04T01:05:32.886840,CLOSED,,EDGE-GATEWAY-12,False
ALT-CSE-03-01660,CSE-03,MEDIUM,2024-10-12T04:19:04,2024-10-12T04:26:28.462983,2024-10-12T04:50:05.390199,CLOSED,,CARRIER-ROUTER-99,False
ALT-CSE-03-01661,CSE-03,MEDIUM,2024-11-16T15:12:01,2024-11-16T15:17:41.344454,2024-11-16T16:31:00.133107,CLOSED,,TELCO-AAA-SRV,False
ALT-CSE-03-01662,CSE-03,MEDIUM,2024-10-11T07:43:29,2024-10-11T07:47:00.866970,2024-10-11T08:49:27.358403,CLOSED,,EDGE-GATEWAY-12,False
ALT-CSE-03-01663,CSE-03,HIGH,2024-12-17T22:20:29,2024-12-17T22:27:17.302570,2024-12-17T23:00:01.030802,CLOSED,,TELCO-AAA-SRV,False
ALT-CSE-03-01664,CSE-03,LOW,2024-11-16T10:09:19,2024-11-16T10:16:50.974291,2024-11-16T10:56:03.787687,CLOSED,,TELCO-AAA-SRV,False
ALT-CSE-03-01665,CSE-03,LOW,2024-10-09T22:21:12,2024-10-09T22:29:18.275539,2024-10-09T23:17:33.366381,CLOSED,,TELCO-AAA-SRV,False
ALT-CSE-03-01666,CSE-03,CRITICAL,2024-11-09T03:39:10,2024-11-09T03:42:37.022138,2024-11-09T04:31:31.073532,CLOSED,CAS-CSE-03-0197,TELCO-AAA-SRV,False
ALT-CSE-03-01667,CSE-03,CRITICAL,2024-12-27T13:53:51,2024-12-27T13:57:42.567553,2024-12-27T14:36:18.327394,CLOSED,CAS-CSE-03-0198,5G-CORE-UPF-01,False
ALT-CSE-03-01668,CSE-03,HIGH,2024-10-20T05:06:03,2024-10-20T05:09:11.358513,2024-10-20T06:20:00.929044,CLOSED,CAS-CSE-03-0199,EDGE-GATEWAY-12,False
ALT-CSE-03-01669,CSE-03,MEDIUM,2024-10-03T15:26:27,2024-10-03T15:33:19.820042,2024-10-03T16:18:34.920139,CLOSED,,CARRIER-ROUTER-99,False
ALT-CSE-03-01670,CSE-03,LOW,2024-10-27T21:00:10,2024-10-27T21:06:42.170427,2024-10-27T21:55:03.277565,CLOSED,,CARRIER-ROUTER-99,False
ALT-CSE-03-01671,CSE-03,HIGH,2024-10-29T19:55:39,2024-10-29T19:59:48.131616,2024-10-29T21:18:12.017863,CLOSED,,CARRIER-ROUTER-99,False
ALT-CSE-03-01672,CSE-03,LOW,2024-12-03T02:14:08,2024-12-03T02:18:49.512621,2024-12-03T02:49:48.511652,CLOSED,,5G-CORE-UPF-01,False
ALT-CSE-03-01673,CSE-03,MEDIUM,2024-11-06T22:08:28,2024-11-06T22:11:49.785803,2024-11-06T23:28:14.679207,CLOSED,,5G-CORE-UPF-01,False
ALT-CSE-03-01674,CSE-03,LOW,2024-12-08T00:35:18,2024-12-08T00:38:42.784026,2024-12-08T01:34:30.422887,CLOSED,,5G-AMF-NODE-02,False
ALT-CSE-03-01675,CSE-03,LOW,2024-12-29T02:50:01,2024-12-29T02:56:04.685967,2024-12-29T03:49:18.696667,CLOSED,,5G-CORE-UPF-01,False
ALT-CSE-03-01676,CSE-03,LOW,2024-11-27T04:59:05,2024-11-27T05:02:23.191803,2024-11-27T05:30:06.971798,CLOSED,,5G-AMF-NODE-02,False
ALT-CSE-03-01677,CSE-03,LOW,2024-11-01T04:47:22,2024-11-01T04:49:34.423968,2024-11-01T05:52:10.848995,CLOSED,,TELCO-AAA-SRV,False
ALT-CSE-03-01678,CSE-03,MEDIUM,2024-11-30T02:21:15,2024-11-30T02:26:36.007746,2024-11-30T02:53:25.114772,CLOSED,,5G-CORE-UPF-01,False
ALT-CSE-03-01679,CSE-03,MEDIUM,2024-12-25T02:31:12,2024-12-25T02:34:56.869631,2024-12-25T03:06:07.264367,CLOSED,,CARRIER-ROUTER-99,False
ALT-CSE-03-01680,CSE-03,HIGH,2024-10-30T04:08:16,2024-10-30T04:10:22.998817,2024-10-30T04:53:14.866764,CLOSED,,CARRIER-ROUTER-99,False
ALT-CSE-03-01681,CSE-03,MEDIUM,2024-11-01T18:05:29,2024-11-01T18:11:35.734053,2024-11-01T18:50:09.740277,CLOSED,,5G-AMF-NODE-02,False
ALT-CSE-03-01682,CSE-03,MEDIUM,2024-11-20T05:19:31,2024-11-20T05:24:51.276449,2024-11-20T06:36:01.499849,CLOSED,,5G-AMF-NODE-02,False
ALT-CSE-03-01683,CSE-03,MEDIUM,2024-12-19T01:09:33,2024-12-19T01:18:53.248310,2024-12-19T02:32:04.002794,CLOSED,,EDGE-GATEWAY-12,False
ALT-CSE-03-01684,CSE-03,MEDIUM,2024-10-20T03:51:13,2024-10-20T03:59:39.077327,2024-10-20T04:33:39.460619,CLOSED,,CARRIER-ROUTER-99,False
ALT-CSE-03-01685,CSE-03,MEDIUM,2024-12-21T16:40:42,2024-12-21T16:47:37.464986,2024-12-21T18:00:26.870977,CLOSED,,5G-CORE-UPF-01,False
ALT-CSE-03-01686,CSE-03,CRITICAL,2024-10-26T23:54:17,2024-10-26T23:58:20.118875,2024-10-27T00:41:54.591769,CLOSED,CAS-CSE-03-0200,5G-AMF-NODE-02,False
ALT-CSE-03-01687,CSE-03,LOW,2024-12-21T16:12:51,2024-12-21T16:21:30.055606,2024-12-21T17:22:10.198964,CLOSED,,CARRIER-ROUTER-99,False
ALT-CSE-03-01688,CSE-03,CRITICAL,2024-11-10T05:39:50,2024-11-10T05:44:05.044132,2024-11-10T06:10:35.836360,CLOSED,CAS-CSE-03-0201,TELCO-AAA-SRV,False
ALT-CSE-03-01689,CSE-03,LOW,2024-12-04T21:24:20,2024-12-04T21:27:46.687227,2024-12-04T22:16:46.207149,CLOSED,,5G-AMF-NODE-02,False
ALT-CSE-03-01690,CSE-03,HIGH,2024-12-01T14:34:47,2024-12-01T14:44:46.598743,2024-12-01T15:25:06.201353,CLOSED,,CARRIER-ROUTER-99,False
ALT-CSE-03-01691,CSE-03,HIGH,2024-12-12T14:25:37,2024-12-12T14:28:07.502868,2024-12-12T15:40:37.082881,CLOSED,,5G-AMF-NODE-02,False
ALT-CSE-03-01692,CSE-03,LOW,2024-11-22T14:07:11,2024-11-22T14:11:25.614344,2024-11-22T15:31:01.114283,CLOSED,,TELCO-AAA-SRV,False
ALT-CSE-03-01693,CSE-03,MEDIUM,2024-11-12T07:00:20,2024-11-12T07:04:24.948416,2024-11-12T08:07:27.058066,CLOSED,,5G-CORE-UPF-01,False
ALT-CSE-03-01694,CSE-03,LOW,2024-12-19T19:37:31,2024-12-19T19:45:32.763561,2024-12-19T20:41:29.252461,CLOSED,,EDGE-GATEWAY-12,False
ALT-CSE-03-01695,CSE-03,LOW,2024-10-12T02:51:34,2024-10-12T03:00:42.453852,2024-10-12T03:58:56.837436,CLOSED,,CARRIER-ROUTER-99,False
ALT-CSE-03-01696,CSE-03,LOW,2024-11-02T23:26:34,2024-11-02T23:35:34.713764,2024-11-03T00:31:48.055278,CLOSED,,5G-AMF-NODE-02,False
ALT-CSE-03-01697,CSE-03,HIGH,2024-12-09T10:15:41,2024-12-09T10:25:23.720386,2024-12-09T11:09:19.261977,CLOSED,,EDGE-GATEWAY-12,False
ALT-CSE-03-01698,CSE-03,MEDIUM,2024-11-11T01:16:47,2024-11-11T01:25:13.929739,2024-11-11T02:22:20.514119,CLOSED,,TELCO-AAA-SRV,False
ALT-CSE-03-01699,CSE-03,MEDIUM,2024-11-19T15:08:35,2024-11-19T15:11:15.635645,2024-11-19T16:20:18.417711,CLOSED,,EDGE-GATEWAY-12,False
ALT-CSE-03-01700,CSE-03,HIGH,2024-12-09T02:09:38,2024-12-09T02:15:16.217698,2024-12-09T02:57:57.205429,CLOSED,CAS-CSE-03-0202,5G-CORE-UPF-01,False
ALT-CSE-03-01701,CSE-03,MEDIUM,2024-10-27T12:37:23,2024-10-27T12:44:19.850107,2024-10-27T13:35:02.869332,CLOSED,,CARRIER-ROUTER-99,False
ALT-CSE-03-01702,CSE-03,CRITICAL,2024-12-07T20:19:42,2024-12-07T20:28:42.929963,2024-12-07T21:38:21.499797,CLOSED,CAS-CSE-03-0203,CARRIER-ROUTER-99,False
ALT-CSE-03-01703,CSE-03,LOW,2024-11-10T13:14:12,2024-11-10T13:21:53.960014,2024-11-10T13:48:29.663531,CLOSED,,5G-CORE-UPF-01,False
ALT-CSE-03-01704,CSE-03,MEDIUM,2024-10-03T05:47:19,2024-10-03T05:54:36.698684,2024-10-03T06:52:46.449791,CLOSED,,5G-CORE-UPF-01,False
ALT-CSE-03-01705,CSE-03,CRITICAL,2024-12-15T22:47:35,2024-12-15T22:55:21.569079,2024-12-16T00:00:00.289532,CLOSED,CAS-CSE-03-0204,CARRIER-ROUTER-99,False
ALT-CSE-03-01706,CSE-03,HIGH,2024-10-01T02:28:02,2024-10-01T02:31:53.376659,2024-10-01T03:15:23.460173,CLOSED,,CARRIER-ROUTER-99,False
ALT-CSE-03-01707,CSE-03,HIGH,2024-12-14T03:50:07,2024-12-14T03:56:53.048028,2024-12-14T04:33:52.860057,CLOSED,,5G-AMF-NODE-02,False
ALT-CSE-03-01708,CSE-03,MEDIUM,2024-12-06T19:03:08,2024-12-06T19:07:41.800198,2024-12-06T20:10:08.112335,CLOSED,,5G-CORE-UPF-01,False
ALT-CSE-03-01709,CSE-03,MEDIUM,2024-10-17T00:15:58,2024-10-17T00:24:12.220929,2024-10-17T01:26:11.436004,CLOSED,,5G-AMF-NODE-02,False
ALT-CSE-03-01710,CSE-03,CRITICAL,2024-11-04T11:01:30,2024-11-04T11:10:58.362250,2024-11-04T11:34:07.842935,CLOSED,CAS-CSE-03-0205,CARRIER-ROUTER-99,False
ALT-CSE-03-01711,CSE-03,MEDIUM,2024-11-26T11:45:36,2024-11-26T11:47:48.946482,2024-11-26T12:17:41.220751,CLOSED,,CARRIER-ROUTER-99,False
ALT-CSE-03-01712,CSE-03,MEDIUM,2024-12-14T03:14:51,2024-12-14T03:21:54.576108,2024-12-14T04:36:51.457837,CLOSED,,EDGE-GATEWAY-12,False
ALT-CSE-03-01713,CSE-03,HIGH,2024-11-07T16:57:44,2024-11-07T17:00:52.250300,2024-11-07T18:16:52.901036,CLOSED,,CARRIER-ROUTER-99,False
ALT-CSE-03-01714,CSE-03,MEDIUM,2024-12-10T08:58:00,2024-12-10T09:07:56.492487,2024-12-10T10:13:02.557517,CLOSED,,EDGE-GATEWAY-12,False
ALT-CSE-03-01715,CSE-03,HIGH,2024-11-18T08:01:04,2024-11-18T08:06:02.304430,2024-11-18T09:14:52.971070,CLOSED,,TELCO-AAA-SRV,False
ALT-CSE-03-01716,CSE-03,MEDIUM,2024-10-22T07:47:55,2024-10-22T07:56:35.464581,2024-10-22T09:02:28.874349,CLOSED,,EDGE-GATEWAY-12,False
ALT-CSE-03-01717,CSE-03,HIGH,2024-11-26T08:32:58,2024-11-26T08:41:08.982359,2024-11-26T09:14:22.818758,CLOSED,CAS-CSE-03-0206,EDGE-GATEWAY-12,False
ALT-CSE-03-01718,CSE-03,MEDIUM,2024-11-04T07:41:27,2024-11-04T07:49:32.692461,2024-11-04T08:41:31.919193,CLOSED,,EDGE-GATEWAY-12,False
ALT-CSE-03-01719,CSE-03,LOW,2024-12-16T05:40:39,2024-12-16T05:49:41.730541,2024-12-16T07:02:21.791884,CLOSED,,5G-CORE-UPF-01,False
ALT-CSE-03-01720,CSE-03,MEDIUM,2024-11-24T22:33:46,2024-11-24T22:38:29.250726,2024-11-24T23:13:40.363067,CLOSED,,EDGE-GATEWAY-12,False
ALT-CSE-03-01721,CSE-03,HIGH,2024-11-13T06:33:04,2024-11-13T06:39:12.847478,2024-11-13T07:03:43.986480,CLOSED,,EDGE-GATEWAY-12,False
ALT-CSE-03-01722,CSE-03,MEDIUM,2024-11-11T23:01:00,2024-11-11T23:09:30.539122,2024-11-12T00:05:42.836542,CLOSED,,EDGE-GATEWAY-12,False
ALT-CSE-03-01723,CSE-03,LOW,2024-12-06T01:28:46,2024-12-06T01:34:56.862368,2024-12-06T02:20:59.900399,CLOSED,,5G-CORE-UPF-01,False
ALT-CSE-03-01724,CSE-03,LOW,2024-12-13T04:12:46,2024-12-13T04:17:06.319766,2024-12-13T05:30:34.051760,CLOSED,,5G-AMF-NODE-02,False
ALT-CSE-03-01725,CSE-03,MEDIUM,2024-12-05T21:59:09,2024-12-05T22:07:07.289739,2024-12-05T23:04:22.089681,CLOSED,,5G-CORE-UPF-01,False
ALT-CSE-03-01726,CSE-03,LOW,2024-12-28T13:34:53,2024-12-28T13:38:08.140571,2024-12-28T14:10:21.039984,CLOSED,,EDGE-GATEWAY-12,False
ALT-CSE-03-01727,CSE-03,LOW,2024-11-19T06:44:02,2024-11-19T06:49:36.681000,2024-11-19T07:42:39.343279,CLOSED,,CARRIER-ROUTER-99,False
ALT-CSE-03-01728,CSE-03,CRITICAL,2024-11-26T06:57:06,2024-11-26T07:03:31.039933,2024-11-26T07:28:51.152281,CLOSED,CAS-CSE-03-0207,5G-AMF-NODE-02,False
ALT-CSE-03-01729,CSE-03,CRITICAL,2024-11-08T20:58:26,2024-11-08T21:06:46.711853,2024-11-08T22:00:37.886752,CLOSED,CAS-CSE-03-0208,5G-AMF-NODE-02,False
ALT-CSE-03-01730,CSE-03,MEDIUM,2024-12-01T10:30:05,2024-12-01T10:35:16.472161,2024-12-01T11:14:22.016072,CLOSED,,EDGE-GATEWAY-12,False
ALT-CSE-03-01731,CSE-03,HIGH,2024-11-18T01:16:21,2024-11-18T01:19:52.268805,2024-11-18T01:55:34.564506,CLOSED,CAS-CSE-03-0209,CARRIER-ROUTER-99,False
ALT-CSE-03-01732,CSE-03,CRITICAL,2024-11-16T09:02:24,2024-11-16T09:06:17.052974,2024-11-16T09:37:58.097748,CLOSED,CAS-CSE-03-0210,EDGE-GATEWAY-12,False
ALT-CSE-03-01733,CSE-03,MEDIUM,2024-10-01T00:58:12,2024-10-01T01:01:09.980451,2024-10-01T01:38:08.885275,CLOSED,,5G-AMF-NODE-02,False
ALT-CSE-03-01734,CSE-03,LOW,2024-11-17T09:48:54,2024-11-17T09:58:10.695471,2024-11-17T10:52:28.399207,CLOSED,,5G-CORE-UPF-01,False
ALT-CSE-03-01735,CSE-03,MEDIUM,2024-11-30T00:56:29,2024-11-30T01:04:55.624381,2024-11-30T01:40:22.826431,CLOSED,,5G-AMF-NODE-02,False
ALT-CSE-03-01736,CSE-03,LOW,2024-10-09T00:21:55,2024-10-09T00:31:44.823215,2024-10-09T01:34:37.866925,CLOSED,,TELCO-AAA-SRV,False
ALT-CSE-03-01737,CSE-03,MEDIUM,2024-11-10T19:21:37,2024-11-10T19:25:48.801639,2024-11-10T19:55:15.728868,CLOSED,,5G-CORE-UPF-01,False
ALT-CSE-03-01738,CSE-03,MEDIUM,2024-11-25T15:30:45,2024-11-25T15:34:30.540016,2024-11-25T16:10:48.737019,CLOSED,,CARRIER-ROUTER-99,False
ALT-CSE-03-01739,CSE-03,MEDIUM,2024-10-14T02:59:16,2024-10-14T03:09:10.550880,2024-10-14T04:08:09.920596,CLOSED,,EDGE-GATEWAY-12,False
ALT-CSE-03-01740,CSE-03,HIGH,2024-12-06T11:26:55,2024-12-06T11:36:07.522962,2024-12-06T12:38:49.193923,CLOSED,,5G-CORE-UPF-01,False
ALT-CSE-03-01741,CSE-03,CRITICAL,2024-11-07T12:02:32,2024-11-07T12:05:10.425869,2024-11-07T13:20:09.116707,CLOSED,CAS-CSE-03-0211,EDGE-GATEWAY-12,True
ALT-CSE-03-01742,CSE-03,LOW,2024-10-06T18:26:48,2024-10-06T18:35:30.778705,2024-10-06T19:23:52.563294,CLOSED,,5G-CORE-UPF-01,False
ALT-CSE-03-01743,CSE-03,LOW,2024-11-07T04:53:07,2024-11-07T05:02:07.614281,2024-11-07T06:02:14.428542,CLOSED,,CARRIER-ROUTER-99,False
ALT-CSE-03-01744,CSE-03,HIGH,2024-10-04T15:48:33,2024-10-04T15:54:56.923146,2024-10-04T16:19:52.862994,CLOSED,,EDGE-GATEWAY-12,False
ALT-CSE-03-01745,CSE-03,LOW,2024-10-23T19:55:07,2024-10-23T19:57:53.282873,2024-10-23T20:52:06.426395,CLOSED,,5G-AMF-NODE-02,False
ALT-CSE-03-01746,CSE-03,HIGH,2024-10-30T04:40:32,2024-10-30T04:45:35.352718,2024-10-30T05:51:12.300787,CLOSED,,TELCO-AAA-SRV,False
ALT-CSE-03-01747,CSE-03,CRITICAL,2024-11-06T23:16:52,2024-11-06T23:19:15.157226,2024-11-07T00:08:30.402284,CLOSED,CAS-CSE-03-0212,TELCO-AAA-SRV,False
ALT-CSE-03-01748,CSE-03,LOW,2024-11-21T07:10:34,2024-11-21T07:16:49.184375,2024-11-21T08:14:35.243607,CLOSED,,5G-CORE-UPF-01,False
ALT-CSE-03-01749,CSE-03,HIGH,2024-11-22T18:10:34,2024-11-22T18:13:30.581582,2024-11-22T18:43:51.877970,CLOSED,,EDGE-GATEWAY-12,False
ALT-CSE-03-01750,CSE-03,CRITICAL,2024-12-04T03:32:57,2024-12-04T03:37:00.462680,2024-12-04T04:37:05.155595,CLOSED,,EDGE-GATEWAY-12,False
ALT-CSE-03-01751,CSE-03,MEDIUM,2024-12-10T12:40:10,2024-12-10T12:43:00.271594,2024-12-10T13:15:23.601723,CLOSED,,5G-CORE-UPF-01,False
ALT-CSE-03-01752,CSE-03,MEDIUM,2024-12-14T12:09:43,2024-12-14T12:14:50.538943,2024-12-14T13:05:17.337041,CLOSED,,TELCO-AAA-SRV,False
ALT-CSE-03-01753,CSE-03,MEDIUM,2024-11-22T08:46:55,2024-11-22T08:53:57.301372,2024-11-22T09:41:54.991310,CLOSED,,CARRIER-ROUTER-99,False
ALT-CSE-03-01754,CSE-03,MEDIUM,2024-10-03T01:36:18,2024-10-03T01:45:23.471886,2024-10-03T02:50:36.335184,CLOSED,,5G-AMF-NODE-02,False
ALT-CSE-03-01755,CSE-03,MEDIUM,2024-11-14T18:35:58,2024-11-14T18:44:55.928425,2024-11-14T19:23:34.660052,CLOSED,,EDGE-GATEWAY-12,False
ALT-CSE-03-01756,CSE-03,LOW,2024-12-29T10:53:44,2024-12-29T10:57:58.162492,2024-12-29T11:50:38.372918,CLOSED,,EDGE-GATEWAY-12,False
ALT-CSE-03-01757,CSE-03,LOW,2024-12-20T22:05:48,2024-12-20T22:15:34.953482,2024-12-20T23:20:48.520993,CLOSED,,EDGE-GATEWAY-12,False
ALT-CSE-03-01758,CSE-03,MEDIUM,2024-11-26T16:45:41,2024-11-26T16:54:23.422625,2024-11-26T17:27:38.566653,CLOSED,,TELCO-AAA-SRV,False
ALT-CSE-03-01759,CSE-03,MEDIUM,2024-11-22T10:08:14,2024-11-22T10:15:57.791103,2024-11-22T11:00:21.310504,CLOSED,,5G-AMF-NODE-02,False
ALT-CSE-03-01760,CSE-03,HIGH,2024-10-05T04:09:30,2024-10-05T04:15:48.262496,2024-10-05T04:55:23.741034,CLOSED,,5G-AMF-NODE-02,False
ALT-CSE-03-01761,CSE-03,HIGH,2024-10-21T14:04:25,2024-10-21T14:06:36.906159,2024-10-21T15:08:04.169662,CLOSED,,5G-CORE-UPF-01,False
ALT-CSE-03-01762,CSE-03,LOW,2024-12-22T09:30:59,2024-12-22T09:33:14.493226,2024-12-22T10:02:16.402074,CLOSED,,TELCO-AAA-SRV,False
ALT-CSE-03-01763,CSE-03,LOW,2024-11-15T11:56:39,2024-11-15T12:01:26.766668,2024-11-15T12:41:03.241147,CLOSED,,CARRIER-ROUTER-99,False
ALT-CSE-03-01764,CSE-03,HIGH,2024-12-08T19:51:42,2024-12-08T19:59:54.392924,2024-12-08T20:45:34.748506,CLOSED,,5G-CORE-UPF-01,False
ALT-CSE-03-01765,CSE-03,LOW,2024-10-21T11:14:38,2024-10-21T11:20:51.921713,2024-10-21T12:03:24.945992,CLOSED,,5G-CORE-UPF-01,False
ALT-CSE-03-01766,CSE-03,MEDIUM,2024-12-19T11:28:13,2024-12-19T11:31:20.710642,2024-12-19T12:52:27.485553,CLOSED,,5G-AMF-NODE-02,False
ALT-CSE-03-01767,CSE-03,CRITICAL,2024-12-21T19:36:13,2024-12-21T19:44:41.415345,2024-12-21T20:34:05.958873,CLOSED,CAS-CSE-03-0213,TELCO-AAA-SRV,False
ALT-CSE-03-01768,CSE-03,LOW,2024-12-06T12:31:54,2024-12-06T12:35:53.134290,2024-12-06T13:03:30.314782,CLOSED,,5G-CORE-UPF-01,False
ALT-CSE-03-01769,CSE-03,LOW,2024-12-12T16:33:18,2024-12-12T16:42:38.651852,2024-12-12T17:33:44.186126,CLOSED,,5G-CORE-UPF-01,False
ALT-CSE-03-01770,CSE-03,MEDIUM,2024-12-07T03:01:10,2024-12-07T03:07:17.451000,2024-12-07T03:54:46.486525,CLOSED,,5G-CORE-UPF-01,False
ALT-CSE-03-01771,CSE-03,CRITICAL,2024-12-14T22:21:38,2024-12-14T22:26:34.320902,2024-12-14T22:52:46.303394,CLOSED,CAS-CSE-03-0214,TELCO-AAA-SRV,False
ALT-CSE-03-01772,CSE-03,LOW,2024-12-06T03:49:11,2024-12-06T03:57:48.887274,2024-12-06T04:44:43.603916,CLOSED,,TELCO-AAA-SRV,False
ALT-CSE-03-01773,CSE-03,HIGH,2024-10-10T16:50:20,2024-10-10T16:53:24.098442,2024-10-10T17:26:13.158143,CLOSED,,5G-CORE-UPF-01,False
ALT-CSE-03-01774,CSE-03,CRITICAL,2024-11-21T12:51:25,2024-11-21T13:00:36.992168,2024-11-21T14:14:28.028706,CLOSED,,TELCO-AAA-SRV,False
ALT-CSE-03-01775,CSE-03,LOW,2024-12-27T09:51:11,2024-12-27T09:56:36.876644,2024-12-27T10:33:59.831041,CLOSED,,CARRIER-ROUTER-99,False
ALT-CSE-03-01776,CSE-03,HIGH,2024-11-02T09:52:13,2024-11-02T09:55:26.075747,2024-11-02T10:45:13.127408,CLOSED,,TELCO-AAA-SRV,False
ALT-CSE-03-01777,CSE-03,CRITICAL,2024-10-02T05:06:55,2024-10-02T05:12:31.960060,2024-10-02T05:37:16.681626,CLOSED,CAS-CSE-03-0215,TELCO-AAA-SRV,False
ALT-CSE-03-01778,CSE-03,HIGH,2024-12-11T16:04:28,2024-12-11T16:13:07.104645,2024-12-11T16:40:00.804543,CLOSED,,5G-AMF-NODE-02,False
ALT-CSE-03-01779,CSE-03,HIGH,2024-11-28T22:07:31,2024-11-28T22:16:14.156569,2024-11-28T23:01:02.513469,CLOSED,,5G-AMF-NODE-02,False
ALT-CSE-03-01780,CSE-03,MEDIUM,2024-10-29T07:59:25,2024-10-29T08:09:13.962571,2024-10-29T08:48:16.214110,CLOSED,,CARRIER-ROUTER-99,False
ALT-CSE-03-01781,CSE-03,MEDIUM,2024-12-29T20:18:00,2024-12-29T20:23:02.318879,2024-12-29T21:20:03.707126,CLOSED,,EDGE-GATEWAY-12,False
ALT-CSE-03-01782,CSE-03,MEDIUM,2024-11-17T16:50:30,2024-11-17T16:58:14.375659,2024-11-17T18:05:07.098223,CLOSED,,5G-AMF-NODE-02,False
ALT-CSE-03-01783,CSE-03,MEDIUM,2024-11-25T14:07:04,2024-11-25T14:12:03.485013,2024-11-25T14:58:24.496483,CLOSED,,TELCO-AAA-SRV,False
ALT-CSE-03-01784,CSE-03,CRITICAL,2024-12-10T09:42:28,2024-12-10T09:45:45.321151,2024-12-10T10:49:12.637444,CLOSED,CAS-CSE-03-0216,5G-CORE-UPF-01,False
ALT-CSE-03-01785,CSE-03,HIGH,2024-12-10T08:12:06,2024-12-10T08:14:14.144810,2024-12-10T09:15:55.614492,CLOSED,,5G-CORE-UPF-01,False
ALT-CSE-03-01786,CSE-03,MEDIUM,2024-12-17T06:51:54,2024-12-17T06:59:04.124380,2024-12-17T07:26:07.031386,CLOSED,,5G-CORE-UPF-01,False
ALT-CSE-03-01787,CSE-03,MEDIUM,2024-11-06T21:24:56,2024-11-06T21:32:45.629624,2024-11-06T22:29:38.861722,CLOSED,,5G-AMF-NODE-02,False
ALT-CSE-03-01788,CSE-03,HIGH,2024-10-06T15:02:38,2024-10-06T15:09:50.240044,2024-10-06T15:59:27.291515,CLOSED,,CARRIER-ROUTER-99,False
ALT-CSE-03-01789,CSE-03,MEDIUM,2024-11-10T15:19:28,2024-11-10T15:22:04.144900,2024-11-10T15:54:29.834030,CLOSED,,EDGE-GATEWAY-12,False
ALT-CSE-03-01790,CSE-03,LOW,2024-11-03T10:54:19,2024-11-03T11:01:48.615109,2024-11-03T11:58:54.511319,CLOSED,,5G-AMF-NODE-02,False
ALT-CSE-03-01791,CSE-03,HIGH,2024-12-15T12:20:48,2024-12-15T12:26:50.459842,2024-12-15T13:06:48.997291,CLOSED,,EDGE-GATEWAY-12,False
ALT-CSE-03-01792,CSE-03,MEDIUM,2024-12-28T05:20:33,2024-12-28T05:29:45.727553,2024-12-28T05:51:30.118244,CLOSED,,5G-AMF-NODE-02,False
ALT-CSE-03-01793,CSE-03,MEDIUM,2024-12-14T04:07:00,2024-12-14T04:13:04.250558,2024-12-14T04:54:39.012850,CLOSED,,TELCO-AAA-SRV,False
ALT-CSE-03-01794,CSE-03,MEDIUM,2024-12-04T05:43:53,2024-12-04T05:52:30.602914,2024-12-04T07:03:51.300720,CLOSED,,5G-CORE-UPF-01,False
ALT-CSE-03-01795,CSE-03,LOW,2024-11-25T21:26:59,2024-11-25T21:33:15.870351,2024-11-25T22:16:18.485149,CLOSED,,5G-CORE-UPF-01,False
ALT-CSE-03-01796,CSE-03,MEDIUM,2024-10-21T22:04:15,2024-10-21T22:08:21.268133,2024-10-21T22:45:15.114911,CLOSED,,EDGE-GATEWAY-12,False
ALT-CSE-03-01797,CSE-03,HIGH,2024-10-25T05:47:36,2024-10-25T05:52:10.431175,2024-10-25T06:46:36.580782,CLOSED,,EDGE-GATEWAY-12,False
ALT-CSE-03-01798,CSE-03,MEDIUM,2024-11-29T18:18:53,2024-11-29T18:25:54.917997,2024-11-29T19:30:31.804191,CLOSED,,5G-AMF-NODE-02,False
ALT-CSE-03-01799,CSE-03,HIGH,2024-10-15T01:48:43,2024-10-15T01:53:04.500834,2024-10-15T02:57:17.230515,CLOSED,CAS-CSE-03-0217,5G-AMF-NODE-02,False
ALT-CSE-03-01800,CSE-03,CRITICAL,2024-11-22T02:47:22,2024-11-22T02:53:17.570982,2024-11-22T03:33:19.760378,CLOSED,CAS-CSE-03-0218,CARRIER-ROUTER-99,False
ALT-CSE-03-01801,CSE-03,HIGH,2024-12-02T03:57:41,2024-12-02T04:01:17.498507,2024-12-02T04:49:10.769854,CLOSED,,CARRIER-ROUTER-99,False
ALT-CSE-03-01802,CSE-03,MEDIUM,2024-10-03T08:20:44,2024-10-03T08:27:33.936855,2024-10-03T09:42:58.572115,CLOSED,,5G-AMF-NODE-02,False
ALT-CSE-03-01803,CSE-03,MEDIUM,2024-11-02T14:00:10,2024-11-02T14:03:00.039025,2024-11-02T15:07:07.658122,CLOSED,,EDGE-GATEWAY-12,False
ALT-CSE-03-01804,CSE-03,MEDIUM,2024-10-04T22:24:21,2024-10-04T22:30:48.114205,2024-10-04T23:13:30.882933,CLOSED,,EDGE-GATEWAY-12,False
ALT-CSE-03-01805,CSE-03,LOW,2024-11-06T15:56:05,2024-11-06T15:59:12.130754,2024-11-06T16:52:18.362777,CLOSED,,5G-AMF-NODE-02,False
ALT-CSE-03-01806,CSE-03,HIGH,2024-12-23T15:33:35,2024-12-23T15:42:58.837532,2024-12-23T16:22:09.142587,CLOSED,CAS-CSE-03-0219,TELCO-AAA-SRV,False
ALT-CSE-03-01807,CSE-03,MEDIUM,2024-11-09T01:43:22,2024-11-09T01:47:09.011683,2024-11-09T02:13:45.167151,CLOSED,,5G-CORE-UPF-01,False
ALT-CSE-03-01808,CSE-03,MEDIUM,2024-12-24T04:34:23,2024-12-24T04:42:19.296972,2024-12-24T05:18:45.075715,CLOSED,,TELCO-AAA-SRV,False
ALT-CSE-03-01809,CSE-03,MEDIUM,2024-12-09T10:07:55,2024-12-09T10:11:22.410366,2024-12-09T11:20:13.218398,CLOSED,,CARRIER-ROUTER-99,False
ALT-CSE-03-01810,CSE-03,MEDIUM,2024-11-29T07:23:57,2024-11-29T07:29:09.534909,2024-11-29T08:37:51.313635,CLOSED,,5G-CORE-UPF-01,False
ALT-CSE-03-01811,CSE-03,MEDIUM,2024-10-18T06:43:15,2024-10-18T06:45:46.934869,2024-10-18T07:33:38.331988,CLOSED,,TELCO-AAA-SRV,False
ALT-CSE-03-01812,CSE-03,CRITICAL,2024-11-06T01:48:47,2024-11-06T01:56:17.083537,2024-11-06T02:26:40.822980,CLOSED,CAS-CSE-03-0220,TELCO-AAA-SRV,False
ALT-CSE-03-01813,CSE-03,CRITICAL,2024-11-30T19:06:15,2024-11-30T19:14:55.324889,2024-11-30T19:36:38.446959,CLOSED,CAS-CSE-03-0221,CARRIER-ROUTER-99,False
ALT-CSE-03-01814,CSE-03,MEDIUM,2024-12-08T20:36:59,2024-12-08T20:43:11.742030,2024-12-08T21:09:22.685482,CLOSED,,TELCO-AAA-SRV,False
ALT-CSE-03-01815,CSE-03,MEDIUM,2024-11-21T21:53:53,2024-11-21T21:59:33.621678,2024-11-21T22:40:16.786338,CLOSED,,5G-AMF-NODE-02,False
ALT-CSE-03-01816,CSE-03,MEDIUM,2024-10-25T05:54:06,2024-10-25T05:57:03.092776,2024-10-25T06:49:11.252460,CLOSED,,5G-CORE-UPF-01,False
ALT-CSE-03-01817,CSE-03,MEDIUM,2024-12-15T01:16:43,2024-12-15T01:20:35.739064,2024-12-15T02:05:58.486792,CLOSED,,CARRIER-ROUTER-99,False
ALT-CSE-03-01818,CSE-03,MEDIUM,2024-12-01T20:47:47,2024-12-01T20:57:07.308756,2024-12-01T22:00:45.388108,CLOSED,,CARRIER-ROUTER-99,False
ALT-CSE-03-01819,CSE-03,MEDIUM,2024-10-28T20:36:47,2024-10-28T20:45:23.532413,2024-10-28T21:50:58.463683,CLOSED,,EDGE-GATEWAY-12,False
ALT-CSE-03-01820,CSE-03,MEDIUM,2024-11-07T13:32:46,2024-11-07T13:41:44.872696,2024-11-07T14:39:15.086307,CLOSED,,CARRIER-ROUTER-99,False
ALT-CSE-03-01821,CSE-03,LOW,2024-10-31T00:31:35,2024-10-31T00:34:26.784220,2024-10-31T01:24:53.928168,CLOSED,,CARRIER-ROUTER-99,False
ALT-CSE-03-01822,CSE-03,HIGH,2024-10-11T08:28:17,2024-10-11T08:36:44.557417,2024-10-11T09:03:42.731227,CLOSED,,EDGE-GATEWAY-12,False
ALT-CSE-03-01823,CSE-03,MEDIUM,2024-10-04T03:58:13,2024-10-04T04:05:26.979034,2024-10-04T04:44:19.573839,CLOSED,,TELCO-AAA-SRV,False
ALT-CSE-03-01824,CSE-03,LOW,2024-11-25T03:56:16,2024-11-25T04:03:23.622054,2024-11-25T05:03:41.694723,CLOSED,,5G-CORE-UPF-01,False
ALT-CSE-03-01825,CSE-03,MEDIUM,2024-12-20T10:06:43,2024-12-20T10:13:19.947889,2024-12-20T11:21:46.883108,CLOSED,,5G-AMF-NODE-02,False
ALT-CSE-03-01826,CSE-03,LOW,2024-10-31T10:14:02,2024-10-31T10:20:11.493186,2024-10-31T10:59:31.711829,CLOSED,,5G-CORE-UPF-01,False
ALT-CSE-03-01827,CSE-03,MEDIUM,2024-10-14T01:48:02,2024-10-14T01:53:42.169082,2024-10-14T02:22:04.503632,CLOSED,,TELCO-AAA-SRV,False
ALT-CSE-03-01828,CSE-03,LOW,2024-12-07T16:50:39,2024-12-07T16:53:29.452909,2024-12-07T17:38:20.577356,CLOSED,,EDGE-GATEWAY-12,False
ALT-CSE-03-01829,CSE-03,LOW,2024-10-19T21:32:00,2024-10-19T21:40:37.239986,2024-10-19T22:35:05.194950,CLOSED,,EDGE-GATEWAY-12,False
ALT-CSE-03-01830,CSE-03,CRITICAL,2024-11-13T18:39:26,2024-11-13T18:43:41.256359,2024-11-13T19:36:14.596164,CLOSED,,CARRIER-ROUTER-99,False
ALT-CSE-03-01831,CSE-03,CRITICAL,2024-11-21T02:02:37,2024-11-21T02:04:37.956010,2024-11-21T02:43:11.587073,CLOSED,,EDGE-GATEWAY-12,False
ALT-CSE-03-01832,CSE-03,MEDIUM,2024-10-16T12:46:00,2024-10-16T12:49:19.955684,2024-10-16T13:50:56.204213,CLOSED,,TELCO-AAA-SRV,False
ALT-CSE-03-01833,CSE-03,HIGH,2024-10-10T09:46:35,2024-10-10T09:53:25.410504,2024-10-10T10:58:35.686212,CLOSED,,CARRIER-ROUTER-99,False
ALT-CSE-03-01834,CSE-03,CRITICAL,2024-12-07T10:23:02,2024-12-07T10:29:33.221633,2024-12-07T11:18:35.125614,CLOSED,CAS-CSE-03-0222,CARRIER-ROUTER-99,True
ALT-CSE-03-01835,CSE-03,MEDIUM,2024-10-13T13:44:47,2024-10-13T13:50:58.845969,2024-10-13T15:05:52.032585,CLOSED,,5G-AMF-NODE-02,False
ALT-CSE-03-01836,CSE-03,MEDIUM,2024-11-07T08:43:38,2024-11-07T08:48:11.718427,2024-11-07T09:23:26.784721,CLOSED,,TELCO-AAA-SRV,False
ALT-CSE-03-01837,CSE-03,CRITICAL,2024-10-02T07:10:26,2024-10-02T07:16:52.123314,2024-10-02T08:00:30.684226,CLOSED,CAS-CSE-03-0223,EDGE-GATEWAY-12,False
ALT-CSE-03-01838,CSE-03,LOW,2024-11-19T15:46:57,2024-11-19T15:49:03.484015,2024-11-19T16:55:23.711983,CLOSED,,5G-CORE-UPF-01,False
ALT-CSE-03-01839,CSE-03,CRITICAL,2024-10-19T22:39:21,2024-10-19T22:44:59.911019,2024-10-19T23:17:48.461911,CLOSED,,EDGE-GATEWAY-12,False
ALT-CSE-03-01840,CSE-03,MEDIUM,2024-12-01T03:08:29,2024-12-01T03:11:45.921266,2024-12-01T04:18:20.046492,CLOSED,,5G-AMF-NODE-02,False
ALT-CSE-03-01841,CSE-03,CRITICAL,2024-12-13T09:02:47,2024-12-13T09:12:46.310709,2024-12-13T09:33:20.267043,CLOSED,CAS-CSE-03-0224,5G-CORE-UPF-01,False
ALT-CSE-03-01842,CSE-03,LOW,2024-11-11T04:13:43,2024-11-11T04:20:17.129560,2024-11-11T04:53:04.182513,CLOSED,,5G-AMF-NODE-02,False
ALT-CSE-03-01843,CSE-03,HIGH,2024-12-08T16:50:13,2024-12-08T16:56:56.352381,2024-12-08T17:41:01.923670,CLOSED,,5G-AMF-NODE-02,False
ALT-CSE-03-01844,CSE-03,CRITICAL,2024-10-27T03:04:51,2024-10-27T03:07:24.165326,2024-10-27T04:21:40.027636,CLOSED,CAS-CSE-03-0225,5G-CORE-UPF-01,False
ALT-CSE-03-01845,CSE-03,MEDIUM,2024-12-21T09:35:31,2024-12-21T09:43:44.727137,2024-12-21T10:54:43.735828,CLOSED,,TELCO-AAA-SRV,False
ALT-CSE-03-01846,CSE-03,MEDIUM,2024-11-30T03:53:25,2024-11-30T04:00:43.313594,2024-11-30T05:09:10.008294,CLOSED,,EDGE-GATEWAY-12,False
ALT-CSE-03-01847,CSE-03,HIGH,2024-12-19T18:14:49,2024-12-19T18:24:16.439442,2024-12-19T19:21:14.273623,CLOSED,,CARRIER-ROUTER-99,False
ALT-CSE-03-01848,CSE-03,MEDIUM,2024-12-22T17:14:36,2024-12-22T17:18:30.101323,2024-12-22T18:16:42.381428,CLOSED,,TELCO-AAA-SRV,False
ALT-CSE-03-01849,CSE-03,HIGH,2024-11-26T13:37:00,2024-11-26T13:45:10.252118,2024-11-26T14:42:01.422755,CLOSED,,CARRIER-ROUTER-99,False
ALT-CSE-03-01850,CSE-03,MEDIUM,2024-11-04T02:13:58,2024-11-04T02:20:50.323321,2024-11-04T02:46:52.954239,CLOSED,,5G-AMF-NODE-02,False
ALT-CSE-03-01851,CSE-03,LOW,2024-12-12T11:24:39,2024-12-12T11:28:29.256486,2024-12-12T12:07:50.205293,CLOSED,,CARRIER-ROUTER-99,False
ALT-CSE-03-01852,CSE-03,LOW,2024-11-18T22:45:34,2024-11-18T22:50:21.250193,2024-11-19T00:02:03.268336,CLOSED,,5G-AMF-NODE-02,False
ALT-CSE-03-01853,CSE-03,LOW,2024-12-03T01:20:56,2024-12-03T01:24:42.111448,2024-12-03T02:12:56.007633,CLOSED,,5G-AMF-NODE-02,False
ALT-CSE-03-01854,CSE-03,MEDIUM,2024-12-19T05:30:49,2024-12-19T05:37:41.310089,2024-12-19T06:49:37.702863,CLOSED,,5G-CORE-UPF-01,False
ALT-CSE-03-01855,CSE-03,MEDIUM,2024-10-03T14:19:08,2024-10-03T14:23:56.069478,2024-10-03T15:41:56.083400,CLOSED,,EDGE-GATEWAY-12,False
ALT-CSE-03-01856,CSE-03,MEDIUM,2024-10-21T04:34:24,2024-10-21T04:36:32.904375,2024-10-21T05:39:23.609380,CLOSED,,EDGE-GATEWAY-12,False
ALT-CSE-03-01857,CSE-03,MEDIUM,2024-10-27T09:30:43,2024-10-27T09:38:28.396003,2024-10-27T10:33:47.789700,CLOSED,,5G-CORE-UPF-01,False
ALT-CSE-03-01858,CSE-03,LOW,2024-12-24T23:28:21,2024-12-24T23:35:45.726229,2024-12-25T00:43:39.626659,CLOSED,,EDGE-GATEWAY-12,False
ALT-CSE-03-01859,CSE-03,HIGH,2024-11-11T14:42:03,2024-11-11T14:47:47.647778,2024-11-11T15:30:04.562222,CLOSED,,5G-CORE-UPF-01,False
ALT-CSE-03-01860,CSE-03,HIGH,2024-11-27T20:18:39,2024-11-27T20:26:53.759488,2024-11-27T21:16:35.476976,CLOSED,,5G-CORE-UPF-01,False
ALT-CSE-03-01861,CSE-03,HIGH,2024-12-22T14:31:48,2024-12-22T14:35:54.364402,2024-12-22T15:31:34.652925,CLOSED,,EDGE-GATEWAY-12,False
ALT-CSE-03-01862,CSE-03,LOW,2024-10-12T17:55:35,2024-10-12T18:01:22.138857,2024-10-12T18:34:28.731678,CLOSED,,CARRIER-ROUTER-99,False
ALT-CSE-03-01863,CSE-03,HIGH,2024-11-20T02:33:55,2024-11-20T02:38:19.408748,2024-11-20T03:44:32.632571,CLOSED,,CARRIER-ROUTER-99,False
ALT-CSE-03-01864,CSE-03,CRITICAL,2024-10-05T06:47:13,2024-10-05T06:53:49.632165,2024-10-05T07:26:48.223916,CLOSED,CAS-CSE-03-0226,TELCO-AAA-SRV,False
ALT-CSE-03-01865,CSE-03,HIGH,2024-11-22T10:26:42,2024-11-22T10:35:25.339734,2024-11-22T11:50:36.167841,CLOSED,,5G-AMF-NODE-02,False
ALT-CSE-03-01866,CSE-03,LOW,2024-12-20T09:55:22,2024-12-20T09:57:48.786283,2024-12-20T11:00:26.524194,CLOSED,,5G-CORE-UPF-01,False
ALT-CSE-03-01867,CSE-03,MEDIUM,2024-12-17T21:10:55,2024-12-17T21:13:04.918273,2024-12-17T22:12:15.488837,CLOSED,,TELCO-AAA-SRV,False
ALT-CSE-03-01868,CSE-03,HIGH,2024-10-21T10:05:03,2024-10-21T10:14:45.922578,2024-10-21T11:11:13.066839,CLOSED,,TELCO-AAA-SRV,False
ALT-CSE-03-01869,CSE-03,HIGH,2024-10-15T06:12:25,2024-10-15T06:19:40.645990,2024-10-15T07:16:20.795342,CLOSED,,CARRIER-ROUTER-99,False
ALT-CSE-03-01870,CSE-03,LOW,2024-11-10T22:33:29,2024-11-10T22:39:29.104731,2024-11-10T23:42:06.268460,CLOSED,,EDGE-GATEWAY-12,False
ALT-CSE-03-01871,CSE-03,HIGH,2024-12-19T09:57:51,2024-12-19T10:04:38.900243,2024-12-19T10:28:34.766997,CLOSED,CAS-CSE-03-0227,5G-CORE-UPF-01,False
ALT-CSE-03-01872,CSE-03,HIGH,2024-10-21T11:48:52,2024-10-21T11:53:54.486504,2024-10-21T12:27:14.739373,CLOSED,,CARRIER-ROUTER-99,False
ALT-CSE-03-01873,CSE-03,MEDIUM,2024-12-06T08:49:36,2024-12-06T08:53:53.012750,2024-12-06T09:46:11.538055,CLOSED,,5G-CORE-UPF-01,False
ALT-CSE-03-01874,CSE-03,CRITICAL,2024-12-28T11:15:29,2024-12-28T11:20:14.577795,2024-12-28T12:16:57.103547,CLOSED,CAS-CSE-03-0228,5G-AMF-NODE-02,False
ALT-CSE-03-01875,CSE-03,HIGH,2024-10-27T03:32:58,2024-10-27T03:41:12.928748,2024-10-27T04:05:45.037253,CLOSED,,TELCO-AAA-SRV,False
ALT-CSE-03-01876,CSE-03,MEDIUM,2024-12-27T03:25:08,2024-12-27T03:28:24.481101,2024-12-27T04:10:55.970760,CLOSED,,TELCO-AAA-SRV,False
ALT-CSE-03-01877,CSE-03,MEDIUM,2024-11-14T11:24:01,2024-11-14T11:29:06.442629,2024-11-14T12:46:24.730895,CLOSED,,5G-CORE-UPF-01,False
ALT-CSE-03-01878,CSE-03,LOW,2024-11-21T14:18:42,2024-11-21T14:22:24.060061,2024-11-21T15:12:52.248202,CLOSED,,EDGE-GATEWAY-12,False
ALT-CSE-03-01879,CSE-03,MEDIUM,2024-11-29T23:58:49,2024-11-30T00:01:34.355417,2024-11-30T01:11:57.530076,CLOSED,,5G-CORE-UPF-01,False
ALT-CSE-03-01880,CSE-03,CRITICAL,2024-12-07T01:39:52,2024-12-07T01:48:30.171144,2024-12-07T02:23:36.491377,CLOSED,CAS-CSE-03-0229,5G-CORE-UPF-01,False
ALT-CSE-03-01881,CSE-03,MEDIUM,2024-12-19T14:40:23,2024-12-19T14:44:29.795147,2024-12-19T15:53:00.130654,CLOSED,,5G-CORE-UPF-01,False
ALT-CSE-03-01882,CSE-03,MEDIUM,2024-10-16T05:34:38,2024-10-16T05:38:11.482763,2024-10-16T06:22:00.904094,CLOSED,,EDGE-GATEWAY-12,False
ALT-CSE-03-01883,CSE-03,MEDIUM,2024-11-03T10:08:50,2024-11-03T10:14:29.209984,2024-11-03T10:50:38.835181,CLOSED,,TELCO-AAA-SRV,False
ALT-CSE-03-01884,CSE-03,LOW,2024-12-15T05:01:33,2024-12-15T05:08:46.190188,2024-12-15T05:41:50.874237,CLOSED,,EDGE-GATEWAY-12,False
ALT-CSE-03-01885,CSE-03,LOW,2024-11-06T17:08:41,2024-11-06T17:13:26.226686,2024-11-06T18:03:23.770379,CLOSED,,CARRIER-ROUTER-99,False
ALT-CSE-03-01886,CSE-03,HIGH,2024-11-02T05:17:49,2024-11-02T05:23:53.283103,2024-11-02T06:18:28.580939,CLOSED,,EDGE-GATEWAY-12,False
ALT-CSE-03-01887,CSE-03,MEDIUM,2024-12-10T08:42:53,2024-12-10T08:52:32.114924,2024-12-10T09:54:48.276451,CLOSED,,CARRIER-ROUTER-99,False
ALT-CSE-03-01888,CSE-03,LOW,2024-11-18T15:19:50,2024-11-18T15:25:38.937599,2024-11-18T15:59:03.752512,CLOSED,,TELCO-AAA-SRV,False
ALT-CSE-03-01889,CSE-03,HIGH,2024-11-19T12:44:10,2024-11-19T12:49:57.027922,2024-11-19T13:26:29.741477,CLOSED,CAS-CSE-03-0230,CARRIER-ROUTER-99,True
ALT-CSE-03-01890,CSE-03,MEDIUM,2024-10-26T17:32:22,2024-10-26T17:37:05.474516,2024-10-26T18:16:04.776291,CLOSED,,CARRIER-ROUTER-99,False
ALT-CSE-03-01891,CSE-03,MEDIUM,2024-11-19T11:43:21,2024-11-19T11:48:08.578555,2024-11-19T12:45:31.385238,CLOSED,,EDGE-GATEWAY-12,False
ALT-CSE-03-01892,CSE-03,HIGH,2024-11-14T04:30:34,2024-11-14T04:32:36.905438,2024-11-14T05:45:34.256746,CLOSED,,CARRIER-ROUTER-99,False
ALT-CSE-03-01893,CSE-03,MEDIUM,2024-11-01T22:29:14,2024-11-01T22:36:33.852047,2024-11-01T23:20:26.601712,CLOSED,,5G-AMF-NODE-02,False
ALT-CSE-03-01894,CSE-03,MEDIUM,2024-11-11T11:54:44,2024-11-11T12:01:33.611700,2024-11-11T12:43:09.048824,CLOSED,,5G-CORE-UPF-01,False
ALT-CSE-03-01895,CSE-03,LOW,2024-11-20T17:41:19,2024-11-20T17:44:09.135027,2024-11-20T18:32:58.875030,CLOSED,,5G-CORE-UPF-01,False
ALT-CSE-03-01896,CSE-03,HIGH,2024-12-02T14:48:53,2024-12-02T14:54:24.619628,2024-12-02T16:06:59.462736,CLOSED,,CARRIER-ROUTER-99,False
ALT-CSE-03-01897,CSE-03,HIGH,2024-10-28T03:04:12,2024-10-28T03:07:30.495377,2024-10-28T04:05:49.059302,CLOSED,,5G-AMF-NODE-02,False
ALT-CSE-03-01898,CSE-03,HIGH,2024-12-02T21:13:11,2024-12-02T21:16:23.844828,2024-12-02T21:47:23.637977,CLOSED,,TELCO-AAA-SRV,False
ALT-CSE-03-01899,CSE-03,LOW,2024-12-26T10:48:47,2024-12-26T10:54:28.768702,2024-12-26T11:23:34.501031,CLOSED,,EDGE-GATEWAY-12,False
ALT-CSE-03-01900,CSE-03,CRITICAL,2024-10-11T11:31:44,2024-10-11T11:39:26.637599,2024-10-11T12:22:29.512936,CLOSED,CAS-CSE-03-0231,TELCO-AAA-SRV,False
ALT-CSE-03-01901,CSE-03,CRITICAL,2024-10-26T15:11:11,2024-10-26T15:17:32.841881,2024-10-26T16:34:38.902724,CLOSED,,EDGE-GATEWAY-12,False
ALT-CSE-03-01902,CSE-03,HIGH,2024-10-16T01:45:34,2024-10-16T01:51:04.474866,2024-10-16T03:10:16.742032,CLOSED,,TELCO-AAA-SRV,False
ALT-CSE-03-01903,CSE-03,MEDIUM,2024-10-27T08:11:03,2024-10-27T08:16:48.757839,2024-10-27T09:35:59.093892,CLOSED,,5G-AMF-NODE-02,False
ALT-CSE-03-01904,CSE-03,LOW,2024-10-30T16:29:15,2024-10-30T16:37:27.263827,2024-10-30T17:20:43.437714,CLOSED,,EDGE-GATEWAY-12,False
ALT-CSE-03-01905,CSE-03,MEDIUM,2024-10-21T14:32:32,2024-10-21T14:40:15.358021,2024-10-21T15:25:31.109328,CLOSED,,TELCO-AAA-SRV,False
ALT-CSE-03-01906,CSE-03,MEDIUM,2024-10-09T19:18:10,2024-10-09T19:25:46.293295,2024-10-09T20:17:07.266259,CLOSED,,TELCO-AAA-SRV,False
ALT-CSE-03-01907,CSE-03,LOW,2024-11-07T04:41:10,2024-11-07T04:45:37.421256,2024-11-07T05:51:09.676147,CLOSED,,EDGE-GATEWAY-12,False
ALT-CSE-03-01908,CSE-03,MEDIUM,2024-11-22T09:30:53,2024-11-22T09:35:13.598905,2024-11-22T10:05:21.271793,CLOSED,,EDGE-GATEWAY-12,False
ALT-CSE-03-01909,CSE-03,MEDIUM,2024-10-31T21:09:00,2024-10-31T21:12:18.030699,2024-10-31T21:42:42.235230,CLOSED,,TELCO-AAA-SRV,False
ALT-CSE-03-01910,CSE-03,LOW,2024-12-11T11:07:59,2024-12-11T11:10:16.414688,2024-12-11T12:21:19.814889,CLOSED,,CARRIER-ROUTER-99,False
ALT-CSE-03-01911,CSE-03,HIGH,2024-10-07T06:57:48,2024-10-07T07:00:52.399030,2024-10-07T07:50:53.739410,CLOSED,,TELCO-AAA-SRV,False
ALT-CSE-03-01912,CSE-03,HIGH,2024-10-14T14:05:15,2024-10-14T14:14:30.207122,2024-10-14T15:29:58.444321,CLOSED,,CARRIER-ROUTER-99,False
ALT-CSE-03-01913,CSE-03,LOW,2024-11-30T07:26:02,2024-11-30T07:30:58.329070,2024-11-30T08:37:58.308083,CLOSED,,TELCO-AAA-SRV,False
ALT-CSE-03-01914,CSE-03,MEDIUM,2024-11-01T03:58:35,2024-11-01T04:03:34.678287,2024-11-01T05:16:29.194688,CLOSED,,5G-CORE-UPF-01,False
ALT-CSE-03-01915,CSE-03,MEDIUM,2024-11-10T08:47:32,2024-11-10T08:53:39.608158,2024-11-10T09:30:01.590430,CLOSED,,TELCO-AAA-SRV,False
ALT-CSE-03-01916,CSE-03,MEDIUM,2024-11-13T18:57:24,2024-11-13T19:06:20.073751,2024-11-13T19:33:24.345589,CLOSED,,EDGE-GATEWAY-12,False
ALT-CSE-03-01917,CSE-03,MEDIUM,2024-10-24T11:21:48,2024-10-24T11:26:35.305668,2024-10-24T12:42:19.871674,CLOSED,,5G-CORE-UPF-01,False
ALT-CSE-03-01918,CSE-03,HIGH,2024-10-23T21:47:09,2024-10-23T21:55:16.163278,2024-10-23T23:11:32.872312,CLOSED,,5G-AMF-NODE-02,False
ALT-CSE-03-01919,CSE-03,HIGH,2024-12-18T17:32:57,2024-12-18T17:37:54.494594,2024-12-18T18:31:20.895529,CLOSED,,5G-AMF-NODE-02,False
ALT-CSE-03-01920,CSE-03,HIGH,2024-10-31T23:55:02,2024-11-01T00:03:43.613616,2024-11-01T00:29:17.950482,CLOSED,CAS-CSE-03-0232,TELCO-AAA-SRV,False
ALT-CSE-03-01921,CSE-03,HIGH,2024-10-21T03:53:09,2024-10-21T03:57:48.812490,2024-10-21T05:13:13.322882,CLOSED,,5G-AMF-NODE-02,False
ALT-CSE-03-01922,CSE-03,MEDIUM,2024-11-09T23:13:28,2024-11-09T23:17:04.557640,2024-11-10T00:10:44.190776,CLOSED,,5G-CORE-UPF-01,False
ALT-CSE-03-01923,CSE-03,HIGH,2024-10-10T16:09:51,2024-10-10T16:15:34.042521,2024-10-10T17:14:43.030015,CLOSED,,5G-AMF-NODE-02,False
ALT-CSE-03-01924,CSE-03,MEDIUM,2024-10-08T05:03:18,2024-10-08T05:05:39.346425,2024-10-08T05:54:13.119181,CLOSED,,TELCO-AAA-SRV,False
ALT-CSE-03-01925,CSE-03,MEDIUM,2024-12-20T15:00:29,2024-12-20T15:04:51.440384,2024-12-20T15:41:54.868327,CLOSED,,CARRIER-ROUTER-99,False
ALT-CSE-03-01926,CSE-03,MEDIUM,2024-10-01T04:47:58,2024-10-01T04:51:25.099780,2024-10-01T06:12:57.210931,CLOSED,,TELCO-AAA-SRV,False
ALT-CSE-03-01927,CSE-03,LOW,2024-10-21T04:48:53,2024-10-21T04:52:50.906413,2024-10-21T05:39:02.912925,CLOSED,,CARRIER-ROUTER-99,False
ALT-CSE-03-01928,CSE-03,CRITICAL,2024-11-09T04:07:59,2024-11-09T04:15:05.392456,2024-11-09T05:10:33.980551,CLOSED,CAS-CSE-03-0233,5G-AMF-NODE-02,False
ALT-CSE-03-01929,CSE-03,HIGH,2024-10-10T04:31:20,2024-10-10T04:36:12.793583,2024-10-10T05:41:02.788785,CLOSED,CAS-CSE-03-0234,5G-AMF-NODE-02,False
ALT-CSE-03-01930,CSE-03,LOW,2024-12-22T23:02:34,2024-12-22T23:11:32.794512,2024-12-22T23:58:40.997181,CLOSED,,5G-AMF-NODE-02,False
ALT-CSE-03-01931,CSE-03,MEDIUM,2024-12-29T14:43:09,2024-12-29T14:49:12.521731,2024-12-29T15:15:32.737601,CLOSED,,CARRIER-ROUTER-99,False
ALT-CSE-03-01932,CSE-03,MEDIUM,2024-10-17T10:53:56,2024-10-17T10:59:02.460787,2024-10-17T11:58:46.551849,CLOSED,,5G-AMF-NODE-02,False
ALT-CSE-03-01933,CSE-03,LOW,2024-10-24T20:47:27,2024-10-24T20:52:07.224732,2024-10-24T21:53:28.955341,CLOSED,,5G-AMF-NODE-02,False
ALT-CSE-03-01934,CSE-03,LOW,2024-10-25T21:37:05,2024-10-25T21:39:22.055112,2024-10-25T22:24:39.537176,CLOSED,,CARRIER-ROUTER-99,False
ALT-CSE-03-01935,CSE-03,LOW,2024-12-27T01:11:44,2024-12-27T01:15:37.835215,2024-12-27T02:23:44.683016,CLOSED,,5G-CORE-UPF-01,False
ALT-CSE-03-01936,CSE-03,LOW,2024-10-22T21:53:16,2024-10-22T22:00:10.147703,2024-10-22T22:23:30.084105,CLOSED,,CARRIER-ROUTER-99,False
ALT-CSE-03-01937,CSE-03,MEDIUM,2024-12-28T14:50:23,2024-12-28T14:57:13.071450,2024-12-28T15:46:24.793735,CLOSED,,5G-AMF-NODE-02,False
ALT-CSE-03-01938,CSE-03,HIGH,2024-10-06T00:00:44,2024-10-06T00:06:47.158925,2024-10-06T00:32:42.010503,CLOSED,,EDGE-GATEWAY-12,False
ALT-CSE-03-01939,CSE-03,LOW,2024-12-04T12:41:46,2024-12-04T12:45:34.223469,2024-12-04T13:30:09.746596,CLOSED,,CARRIER-ROUTER-99,False
ALT-CSE-03-01940,CSE-03,MEDIUM,2024-11-19T10:19:58,2024-11-19T10:24:55.904635,2024-11-19T11:20:28.888622,CLOSED,,EDGE-GATEWAY-12,False
ALT-CSE-03-01941,CSE-03,LOW,2024-11-24T00:50:29,2024-11-24T00:54:34.104844,2024-11-24T01:32:01.655555,CLOSED,,EDGE-GATEWAY-12,False
ALT-CSE-03-01942,CSE-03,LOW,2024-10-29T20:15:55,2024-10-29T20:22:09.339968,2024-10-29T21:07:20.510123,CLOSED,,EDGE-GATEWAY-12,False
ALT-CSE-03-01943,CSE-03,CRITICAL,2024-12-24T21:06:13,2024-12-24T21:10:58.713327,2024-12-24T21:55:59.589655,CLOSED,,5G-AMF-NODE-02,False
ALT-CSE-03-01944,CSE-03,LOW,2024-12-21T15:27:46,2024-12-21T15:31:23.170639,2024-12-21T16:26:37.264281,CLOSED,,TELCO-AAA-SRV,False
ALT-CSE-03-01945,CSE-03,MEDIUM,2024-12-11T07:14:53,2024-12-11T07:24:38.337279,2024-12-11T08:07:12.984895,CLOSED,,TELCO-AAA-SRV,False
ALT-CSE-03-01946,CSE-03,CRITICAL,2024-12-05T10:03:32,2024-12-05T10:07:50.691403,2024-12-05T10:50:15.140990,CLOSED,CAS-CSE-03-0235,5G-CORE-UPF-01,False
ALT-CSE-03-01947,CSE-03,MEDIUM,2024-10-31T13:09:17,2024-10-31T13:11:24.449286,2024-10-31T14:01:57.835191,CLOSED,,TELCO-AAA-SRV,False
ALT-CSE-03-01948,CSE-03,HIGH,2024-11-01T09:12:24,2024-11-01T09:18:31.595228,2024-11-01T10:24:29.585677,CLOSED,,5G-CORE-UPF-01,False
ALT-CSE-03-01949,CSE-03,MEDIUM,2024-11-01T08:49:07,2024-11-01T08:55:23.755552,2024-11-01T09:40:56.785530,CLOSED,,EDGE-GATEWAY-12,False
ALT-CSE-03-01950,CSE-03,MEDIUM,2024-12-16T14:47:31,2024-12-16T14:55:30.388663,2024-12-16T15:56:42.492597,CLOSED,,5G-AMF-NODE-02,False
ALT-CSE-03-01951,CSE-03,HIGH,2024-10-29T02:31:17,2024-10-29T02:34:44.207137,2024-10-29T03:15:08.789634,CLOSED,CAS-CSE-03-0236,5G-CORE-UPF-01,False
ALT-CSE-03-01952,CSE-03,MEDIUM,2024-12-24T05:11:48,2024-12-24T05:14:05.845680,2024-12-24T06:05:25.633848,CLOSED,,EDGE-GATEWAY-12,False
ALT-CSE-03-01953,CSE-03,MEDIUM,2024-12-22T02:51:53,2024-12-22T02:54:41.350450,2024-12-22T04:08:30.554773,CLOSED,,TELCO-AAA-SRV,False
ALT-CSE-03-01954,CSE-03,LOW,2024-11-02T23:58:50,2024-11-03T00:05:34.032896,2024-11-03T01:10:43.854720,CLOSED,,5G-CORE-UPF-01,False
ALT-CSE-03-01955,CSE-03,LOW,2024-12-09T18:47:12,2024-12-09T18:50:22.552761,2024-12-09T19:19:55.059221,CLOSED,,5G-AMF-NODE-02,False
ALT-CSE-03-01956,CSE-03,MEDIUM,2024-10-11T13:32:50,2024-10-11T13:35:54.116693,2024-10-11T14:10:46.566304,CLOSED,,5G-AMF-NODE-02,False
ALT-CSE-03-01957,CSE-03,MEDIUM,2024-12-05T22:56:38,2024-12-05T23:05:28.999547,2024-12-06T00:20:05.112715,CLOSED,,5G-CORE-UPF-01,False
ALT-CSE-03-01958,CSE-03,HIGH,2024-12-09T11:52:12,2024-12-09T12:00:22.302870,2024-12-09T12:57:10.851344,CLOSED,,CARRIER-ROUTER-99,False
ALT-CSE-03-01959,CSE-03,HIGH,2024-10-26T08:45:05,2024-10-26T08:52:59.356874,2024-10-26T09:23:40.458305,CLOSED,,5G-CORE-UPF-01,False
ALT-CSE-03-01960,CSE-03,HIGH,2024-12-07T02:57:15,2024-12-07T03:00:18.120463,2024-12-07T04:05:53.114234,CLOSED,CAS-CSE-03-0237,TELCO-AAA-SRV,True
ALT-CSE-03-01961,CSE-03,MEDIUM,2024-11-28T14:29:49,2024-11-28T14:33:11.223792,2024-11-28T15:36:04.670222,CLOSED,,5G-AMF-NODE-02,False
ALT-CSE-03-01962,CSE-03,HIGH,2024-10-23T21:26:32,2024-10-23T21:31:11.797187,2024-10-23T22:31:46.289181,CLOSED,,EDGE-GATEWAY-12,False
ALT-CSE-03-01963,CSE-03,CRITICAL,2024-10-23T15:42:37,2024-10-23T15:47:18.112285,2024-10-23T16:54:21.477356,CLOSED,CAS-CSE-03-0238,TELCO-AAA-SRV,False
ALT-CSE-03-01964,CSE-03,LOW,2024-10-18T20:16:10,2024-10-18T20:22:52.423940,2024-10-18T21:35:21.095084,CLOSED,,EDGE-GATEWAY-12,False
ALT-CSE-03-01965,CSE-03,HIGH,2024-12-11T09:15:46,2024-12-11T09:21:40.332349,2024-12-11T10:06:26.307439,CLOSED,CAS-CSE-03-0239,TELCO-AAA-SRV,False
ALT-CSE-03-01966,CSE-03,MEDIUM,2024-11-05T05:37:15,2024-11-05T05:40:58.454824,2024-11-05T06:11:03.078753,CLOSED,,CARRIER-ROUTER-99,False
ALT-CSE-03-01967,CSE-03,CRITICAL,2024-10-19T08:54:45,2024-10-19T08:56:45.128126,2024-10-19T09:50:19.288934,CLOSED,CAS-CSE-03-0240,TELCO-AAA-SRV,False
ALT-CSE-03-01968,CSE-03,CRITICAL,2024-11-17T02:29:30,2024-11-17T02:39:05.238891,2024-11-17T03:49:32.660520,CLOSED,,CARRIER-ROUTER-99,False
ALT-CSE-03-01969,CSE-03,MEDIUM,2024-12-21T12:12:35,2024-12-21T12:20:22.536183,2024-12-21T13:05:45.609464,CLOSED,,TELCO-AAA-SRV,False
ALT-CSE-03-01970,CSE-03,MEDIUM,2024-12-28T18:07:24,2024-12-28T18:15:38.745119,2024-12-28T19:01:00.761488,CLOSED,,EDGE-GATEWAY-12,False
ALT-CSE-03-01971,CSE-03,HIGH,2024-11-01T04:34:09,2024-11-01T04:42:38.593007,2024-11-01T05:40:55.085734,CLOSED,,TELCO-AAA-SRV,False
ALT-CSE-03-01972,CSE-03,LOW,2024-10-19T23:30:25,2024-10-19T23:36:46.067860,2024-10-20T00:41:11.107305,CLOSED,,CARRIER-ROUTER-99,False
ALT-CSE-03-01973,CSE-03,HIGH,2024-11-18T18:47:38,2024-11-18T18:50:52.975882,2024-11-18T19:32:59.898694,CLOSED,,5G-AMF-NODE-02,False
ALT-CSE-03-01974,CSE-03,HIGH,2024-10-16T14:15:32,2024-10-16T14:25:06.148771,2024-10-16T15:32:30.676728,CLOSED,,5G-CORE-UPF-01,False
ALT-CSE-03-01975,CSE-03,HIGH,2024-11-01T14:18:37,2024-11-01T14:22:01.768844,2024-11-01T14:57:36.019284,CLOSED,,5G-CORE-UPF-01,False
ALT-CSE-03-01976,CSE-03,MEDIUM,2024-11-17T02:56:12,2024-11-17T03:03:39.184060,2024-11-17T04:08:37.656074,CLOSED,,CARRIER-ROUTER-99,False
ALT-CSE-03-01977,CSE-03,LOW,2024-12-19T10:32:23,2024-12-19T10:41:11.711051,2024-12-19T11:50:38.575246,CLOSED,,5G-CORE-UPF-01,False
ALT-CSE-03-01978,CSE-03,LOW,2024-10-30T01:24:22,2024-10-30T01:26:57.716907,2024-10-30T02:11:29.948231,CLOSED,,5G-AMF-NODE-02,False
ALT-CSE-03-01979,CSE-03,HIGH,2024-10-16T00:49:03,2024-10-16T00:53:03.787210,2024-10-16T01:39:22.947312,CLOSED,,5G-CORE-UPF-01,False
ALT-CSE-03-01980,CSE-03,MEDIUM,2024-12-20T00:23:43,2024-12-20T00:30:52.611154,2024-12-20T01:05:50.703048,CLOSED,,5G-AMF-NODE-02,False
ALT-CSE-03-01981,CSE-03,LOW,2024-12-07T16:55:04,2024-12-07T17:02:13.174411,2024-12-07T17:26:58.198413,CLOSED,,TELCO-AAA-SRV,False
ALT-CSE-03-01982,CSE-03,LOW,2024-12-07T09:27:29,2024-12-07T09:37:12.402561,2024-12-07T10:35:31.172273,CLOSED,,5G-AMF-NODE-02,False
ALT-CSE-03-01983,CSE-03,MEDIUM,2024-11-14T13:44:07,2024-11-14T13:48:20.600628,2024-11-14T14:33:29.968254,CLOSED,,5G-AMF-NODE-02,False
ALT-CSE-03-01984,CSE-03,LOW,2024-11-23T16:09:22,2024-11-23T16:17:55.119662,2024-11-23T17:19:22.444944,CLOSED,,5G-AMF-NODE-02,False
ALT-CSE-03-01985,CSE-03,HIGH,2024-11-20T17:01:07,2024-11-20T17:06:41.454300,2024-11-20T18:06:31.977565,CLOSED,,EDGE-GATEWAY-12,False
ALT-CSE-03-01986,CSE-03,CRITICAL,2024-12-27T22:18:29,2024-12-27T22:26:56.182064,2024-12-27T23:22:00.051756,CLOSED,CAS-CSE-03-0241,CARRIER-ROUTER-99,False
ALT-CSE-03-01987,CSE-03,HIGH,2024-11-16T19:38:59,2024-11-16T19:43:52.476072,2024-11-16T20:27:59.367275,CLOSED,,5G-AMF-NODE-02,False
ALT-CSE-03-01988,CSE-03,HIGH,2024-12-28T06:25:13,2024-12-28T06:31:01.959921,2024-12-28T07:07:35.483561,CLOSED,,5G-AMF-NODE-02,False
ALT-CSE-03-01989,CSE-03,CRITICAL,2024-11-16T19:16:00,2024-11-16T19:18:02.149671,2024-11-16T20:09:10.523479,CLOSED,,EDGE-GATEWAY-12,False
ALT-CSE-03-01990,CSE-03,MEDIUM,2024-12-18T23:19:49,2024-12-18T23:24:14.680344,2024-12-19T00:35:14.151544,CLOSED,,TELCO-AAA-SRV,False
ALT-CSE-03-01991,CSE-03,MEDIUM,2024-10-28T16:23:52,2024-10-28T16:29:35.861637,2024-10-28T17:28:31.351251,CLOSED,,CARRIER-ROUTER-99,False
ALT-CSE-03-01992,CSE-03,HIGH,2024-11-30T04:10:20,2024-11-30T04:13:07.027561,2024-11-30T05:10:27.450510,CLOSED,,TELCO-AAA-SRV,False
ALT-CSE-03-01993,CSE-03,LOW,2024-10-05T00:19:43,2024-10-05T00:26:09.879406,2024-10-05T01:32:07.654718,CLOSED,,EDGE-GATEWAY-12,False
ALT-CSE-03-01994,CSE-03,HIGH,2024-12-21T09:34:03,2024-12-21T09:37:09.911668,2024-12-21T10:50:29.659885,CLOSED,,5G-CORE-UPF-01,False
ALT-CSE-03-01995,CSE-03,MEDIUM,2024-11-02T07:48:20,2024-11-02T07:56:53.005544,2024-11-02T08:55:35.708619,CLOSED,,CARRIER-ROUTER-99,False
ALT-CSE-03-01996,CSE-03,LOW,2024-12-01T15:59:00,2024-12-01T16:06:20.635760,2024-12-01T16:43:31.799569,CLOSED,,5G-CORE-UPF-01,False
ALT-CSE-03-01997,CSE-03,LOW,2024-12-12T10:17:42,2024-12-12T10:25:02.613671,2024-12-12T11:36:46.123096,CLOSED,,CARRIER-ROUTER-99,False
ALT-CSE-03-01998,CSE-03,MEDIUM,2024-11-09T20:29:13,2024-11-09T20:32:38.410879,2024-11-09T21:15:53.828879,CLOSED,,5G-CORE-UPF-01,False
ALT-CSE-03-01999,CSE-03,HIGH,2024-12-04T01:14:39,2024-12-04T01:19:54.915393,2024-12-04T02:07:47.906964,CLOSED,,5G-CORE-UPF-01,False
ALT-CSE-03-02000,CSE-03,LOW,2024-11-25T07:16:27,2024-11-25T07:25:04.153953,2024-11-25T08:38:40.893600,CLOSED,,CARRIER-ROUTER-99,False
ALT-CSE-03-02001,CSE-03,MEDIUM,2024-10-30T08:13:01,2024-10-30T08:18:53.258934,2024-10-30T08:56:40.572074,CLOSED,,TELCO-AAA-SRV,False
ALT-CSE-03-02002,CSE-03,LOW,2024-10-17T13:21:10,2024-10-17T13:29:53.856407,2024-10-17T14:37:29.886038,CLOSED,,CARRIER-ROUTER-99,False
ALT-CSE-03-02003,CSE-03,LOW,2024-12-09T10:24:58,2024-12-09T10:28:12.823711,2024-12-09T11:18:37.579053,CLOSED,,CARRIER-ROUTER-99,False
ALT-CSE-03-02004,CSE-03,LOW,2024-12-11T02:51:23,2024-12-11T02:55:10.962118,2024-12-11T04:15:11.447315,CLOSED,,5G-CORE-UPF-01,False
ALT-CSE-03-02005,CSE-03,HIGH,2024-10-22T10:09:54,2024-10-22T10:14:17.218345,2024-10-22T10:43:07.569512,CLOSED,,5G-AMF-NODE-02,False
ALT-CSE-03-02006,CSE-03,MEDIUM,2024-11-03T12:26:39,2024-11-03T12:29:50.691427,2024-11-03T13:42:57.203825,CLOSED,,CARRIER-ROUTER-99,False
ALT-CSE-03-02007,CSE-03,HIGH,2024-10-12T15:04:02,2024-10-12T15:06:22.645108,2024-10-12T15:37:36.363248,CLOSED,,TELCO-AAA-SRV,False
ALT-CSE-03-02008,CSE-03,MEDIUM,2024-12-03T03:52:51,2024-12-03T04:02:07.968277,2024-12-03T04:56:54.017031,CLOSED,,CARRIER-ROUTER-99,False
ALT-CSE-03-02009,CSE-03,HIGH,2024-10-08T13:49:21,2024-10-08T13:57:19.771287,2024-10-08T14:29:35.905889,CLOSED,,5G-AMF-NODE-02,False
ALT-CSE-03-02010,CSE-03,MEDIUM,2024-12-14T21:20:09,2024-12-14T21:25:21.888773,2024-12-14T22:22:24.326991,CLOSED,,CARRIER-ROUTER-99,False
ALT-CSE-03-02011,CSE-03,MEDIUM,2024-11-15T00:07:55,2024-11-15T00:10:24.634409,2024-11-15T01:02:01.446414,CLOSED,,TELCO-AAA-SRV,False
ALT-CSE-03-02012,CSE-03,HIGH,2024-10-16T20:34:35,2024-10-16T20:40:38.006200,2024-10-16T21:39:04.942556,CLOSED,,5G-CORE-UPF-01,False
ALT-CSE-03-02013,CSE-03,MEDIUM,2024-12-03T23:41:14,2024-12-03T23:49:07.784900,2024-12-04T00:36:32.669665,CLOSED,,5G-CORE-UPF-01,False
ALT-CSE-03-02014,CSE-03,MEDIUM,2024-12-11T01:04:13,2024-12-11T01:06:46.209033,2024-12-11T01:36:13.984742,CLOSED,,5G-AMF-NODE-02,False
ALT-CSE-03-02015,CSE-03,HIGH,2024-12-21T11:43:59,2024-12-21T11:53:44.566637,2024-12-21T12:42:47.247559,CLOSED,CAS-CSE-03-0242,CARRIER-ROUTER-99,False
ALT-CSE-03-02016,CSE-03,LOW,2024-10-11T04:10:00,2024-10-11T04:12:53.985825,2024-10-11T05:08:00.581783,CLOSED,,CARRIER-ROUTER-99,False
ALT-CSE-03-02017,CSE-03,MEDIUM,2024-12-03T09:23:40,2024-12-03T09:25:49.478726,2024-12-03T10:09:02.236317,CLOSED,,EDGE-GATEWAY-12,False
ALT-CSE-03-02018,CSE-03,CRITICAL,2024-10-06T07:19:54,2024-10-06T07:27:09.789117,2024-10-06T08:32:45.599970,CLOSED,CAS-CSE-03-0243,5G-CORE-UPF-01,True
ALT-CSE-03-02019,CSE-03,MEDIUM,2024-12-18T05:11:22,2024-12-18T05:15:42.850395,2024-12-18T06:12:43.051392,CLOSED,,5G-CORE-UPF-01,False
ALT-CSE-03-02020,CSE-03,HIGH,2024-11-28T08:18:49,2024-11-28T08:22:28.840528,2024-11-28T09:28:01.706179,CLOSED,,5G-CORE-UPF-01,False
ALT-CSE-03-02021,CSE-03,LOW,2024-10-09T07:27:32,2024-10-09T07:30:34.444047,2024-10-09T08:00:46.687744,CLOSED,,5G-CORE-UPF-01,False
ALT-CSE-03-02022,CSE-03,MEDIUM,2024-10-27T15:37:29,2024-10-27T15:44:57.827814,2024-10-27T16:18:51.916148,CLOSED,,5G-CORE-UPF-01,False
ALT-CSE-03-02023,CSE-03,LOW,2024-11-05T23:15:14,2024-11-05T23:23:31.206149,2024-11-05T23:57:10.188589,CLOSED,,CARRIER-ROUTER-99,False
ALT-CSE-03-02024,CSE-03,MEDIUM,2024-11-19T20:41:26,2024-11-19T20:47:04.740495,2024-11-19T21:28:50.441447,CLOSED,,TELCO-AAA-SRV,False
ALT-CSE-03-02025,CSE-03,MEDIUM,2024-12-14T20:00:57,2024-12-14T20:06:23.713359,2024-12-14T21:24:06.997986,CLOSED,,CARRIER-ROUTER-99,False
ALT-CSE-03-02026,CSE-03,MEDIUM,2024-10-26T22:47:33,2024-10-26T22:50:28.687542,2024-10-26T23:46:16.875550,CLOSED,,CARRIER-ROUTER-99,False
ALT-CSE-03-02027,CSE-03,LOW,2024-11-02T05:55:19,2024-11-02T06:00:32.506099,2024-11-02T06:56:29.465401,CLOSED,,5G-CORE-UPF-01,False
ALT-CSE-03-02028,CSE-03,HIGH,2024-10-13T18:37:37,2024-10-13T18:47:04.039347,2024-10-13T19:33:41.625648,CLOSED,,5G-CORE-UPF-01,False
ALT-CSE-03-02029,CSE-03,HIGH,2024-10-23T08:43:02,2024-10-23T08:49:21.143864,2024-10-23T09:19:21.032317,CLOSED,,5G-CORE-UPF-01,False
ALT-CSE-03-02030,CSE-03,CRITICAL,2024-12-28T01:57:52,2024-12-28T02:05:32.489363,2024-12-28T02:37:26.747654,CLOSED,,5G-CORE-UPF-01,False
ALT-CSE-03-02031,CSE-03,HIGH,2024-12-12T22:53:59,2024-12-12T22:58:56.496750,2024-12-12T23:34:35.266635,CLOSED,CAS-CSE-03-0244,TELCO-AAA-SRV,False
ALT-CSE-03-02032,CSE-03,LOW,2024-10-02T00:16:28,2024-10-02T00:23:31.265944,2024-10-02T01:38:55.464930,CLOSED,,TELCO-AAA-SRV,False
ALT-CSE-03-02033,CSE-03,HIGH,2024-10-31T20:03:16,2024-10-31T20:08:02.926231,2024-10-31T20:39:56.904880,CLOSED,,TELCO-AAA-SRV,False
ALT-CSE-03-02034,CSE-03,HIGH,2024-12-27T01:26:11,2024-12-27T01:28:46.703235,2024-12-27T02:04:11.564574,CLOSED,,CARRIER-ROUTER-99,False
ALT-CSE-03-02035,CSE-03,MEDIUM,2024-11-22T23:40:01,2024-11-22T23:47:12.016440,2024-11-23T00:26:51.401582,CLOSED,,5G-AMF-NODE-02,False
ALT-CSE-03-02036,CSE-03,HIGH,2024-10-02T22:36:19,2024-10-02T22:42:42.420933,2024-10-02T23:30:20.953870,CLOSED,,EDGE-GATEWAY-12,False
ALT-CSE-03-02037,CSE-03,MEDIUM,2024-11-27T13:44:44,2024-11-27T13:47:45.597857,2024-11-27T14:56:50.979591,CLOSED,,5G-AMF-NODE-02,False
ALT-CSE-03-02038,CSE-03,LOW,2024-11-09T13:33:57,2024-11-09T13:36:15.708555,2024-11-09T14:40:55.104543,CLOSED,,EDGE-GATEWAY-12,False
ALT-CSE-03-02039,CSE-03,MEDIUM,2024-11-29T12:37:41,2024-11-29T12:44:17.044359,2024-11-29T13:50:42.060729,CLOSED,,EDGE-GATEWAY-12,False
ALT-CSE-03-02040,CSE-03,LOW,2024-12-15T01:19:09,2024-12-15T01:26:47.486437,2024-12-15T02:03:56.337292,CLOSED,,5G-CORE-UPF-01,False
ALT-CSE-03-02041,CSE-03,CRITICAL,2024-11-27T18:38:26,2024-11-27T18:45:19.355370,2024-11-27T19:36:12.727293,CLOSED,CAS-CSE-03-0245,TELCO-AAA-SRV,False
ALT-CSE-03-02042,CSE-03,LOW,2024-10-11T17:42:30,2024-10-11T17:52:27.091433,2024-10-11T18:44:47.863419,CLOSED,,5G-AMF-NODE-02,False
ALT-CSE-03-02043,CSE-03,MEDIUM,2024-11-13T10:40:03,2024-11-13T10:48:54.657740,2024-11-13T11:26:52.482607,CLOSED,,5G-CORE-UPF-01,False
ALT-CSE-03-02044,CSE-03,HIGH,2024-11-27T09:29:44,2024-11-27T09:38:38.509847,2024-11-27T10:13:51.753092,CLOSED,,CARRIER-ROUTER-99,False
ALT-CSE-03-02045,CSE-03,HIGH,2024-10-19T14:44:08,2024-10-19T14:48:30.969532,2024-10-19T15:32:19.561774,CLOSED,CAS-CSE-03-0246,5G-AMF-NODE-02,False
ALT-CSE-03-02046,CSE-03,MEDIUM,2024-11-21T16:55:22,2024-11-21T17:04:51.685691,2024-11-21T17:49:12.527787,CLOSED,,EDGE-GATEWAY-12,False
ALT-CSE-03-02047,CSE-03,LOW,2024-12-21T12:59:05,2024-12-21T13:04:34.925856,2024-12-21T13:44:23.921246,CLOSED,,5G-CORE-UPF-01,False
ALT-CSE-03-02048,CSE-03,LOW,2024-10-04T15:26:27,2024-10-04T15:31:07.451850,2024-10-04T16:48:49.241785,CLOSED,,5G-AMF-NODE-02,False
ALT-CSE-03-02049,CSE-03,MEDIUM,2024-12-10T20:04:05,2024-12-10T20:07:10.121799,2024-12-10T21:22:22.293152,CLOSED,,5G-AMF-NODE-02,False
ALT-CSE-03-02050,CSE-03,LOW,2024-10-19T08:27:42,2024-10-19T08:29:51.230446,2024-10-19T09:21:08.020922,CLOSED,,TELCO-AAA-SRV,False
ALT-CSE-03-02051,CSE-03,MEDIUM,2024-11-20T03:53:34,2024-11-20T03:57:26.118174,2024-11-20T04:44:45.865488,CLOSED,,TELCO-AAA-SRV,False
ALT-CSE-03-02052,CSE-03,MEDIUM,2024-10-02T02:57:56,2024-10-02T03:03:52.721250,2024-10-02T03:56:01.245853,CLOSED,,5G-AMF-NODE-02,False
ALT-CSE-03-02053,CSE-03,HIGH,2024-10-06T05:22:55,2024-10-06T05:28:56.592161,2024-10-06T06:36:29.857710,CLOSED,,5G-CORE-UPF-01,False
ALT-CSE-03-02054,CSE-03,MEDIUM,2024-12-23T14:49:47,2024-12-23T14:58:52.476878,2024-12-23T15:30:17.284773,CLOSED,,5G-CORE-UPF-01,False
ALT-CSE-03-02055,CSE-03,LOW,2024-11-14T02:50:27,2024-11-14T02:57:03.639988,2024-11-14T03:23:27.715936,CLOSED,,5G-AMF-NODE-02,False
ALT-CSE-03-02056,CSE-03,MEDIUM,2024-12-16T20:13:10,2024-12-16T20:18:37.490813,2024-12-16T20:47:46.858972,CLOSED,,TELCO-AAA-SRV,False
ALT-CSE-03-02057,CSE-03,MEDIUM,2024-10-02T13:38:08,2024-10-02T13:40:47.525752,2024-10-02T14:53:34.677228,CLOSED,,5G-AMF-NODE-02,False
ALT-CSE-03-02058,CSE-03,MEDIUM,2024-11-01T14:13:05,2024-11-01T14:20:57.079180,2024-11-01T15:20:26.389806,CLOSED,,TELCO-AAA-SRV,False
ALT-CSE-03-02059,CSE-03,MEDIUM,2024-12-24T20:15:38,2024-12-24T20:20:50.562266,2024-12-24T21:34:07.325797,CLOSED,,EDGE-GATEWAY-12,False
ALT-CSE-03-02060,CSE-03,LOW,2024-11-10T15:07:01,2024-11-10T15:16:37.530491,2024-11-10T16:00:17.790903,CLOSED,,5G-CORE-UPF-01,False
ALT-CSE-03-02061,CSE-03,LOW,2024-12-22T14:38:16,2024-12-22T14:47:58.848042,2024-12-22T15:38:46.433499,CLOSED,,5G-CORE-UPF-01,False
ALT-CSE-03-02062,CSE-03,MEDIUM,2024-11-30T15:51:15,2024-11-30T15:53:27.943628,2024-11-30T16:52:29.354629,CLOSED,,TELCO-AAA-SRV,False
ALT-CSE-03-02063,CSE-03,MEDIUM,2024-11-16T22:25:13,2024-11-16T22:28:56.849632,2024-11-16T23:17:52.563491,CLOSED,,EDGE-GATEWAY-12,False
ALT-CSE-03-02064,CSE-03,MEDIUM,2024-12-26T05:09:26,2024-12-26T05:17:52.063594,2024-12-26T05:51:27.195216,CLOSED,,EDGE-GATEWAY-12,False
ALT-CSE-03-02065,CSE-03,MEDIUM,2024-11-03T15:15:17,2024-11-03T15:17:38.140987,2024-11-03T16:06:47.443687,CLOSED,,TELCO-AAA-SRV,False
ALT-CSE-03-02066,CSE-03,MEDIUM,2024-11-17T21:18:03,2024-11-17T21:23:28.540080,2024-11-17T22:31:36.748041,CLOSED,,CARRIER-ROUTER-99,False
ALT-CSE-03-02067,CSE-03,MEDIUM,2024-11-21T01:57:44,2024-11-21T02:04:53.883937,2024-11-21T03:03:24.397989,CLOSED,,CARRIER-ROUTER-99,False
ALT-CSE-03-02068,CSE-03,LOW,2024-10-05T17:24:13,2024-10-05T17:31:38.812816,2024-10-05T17:57:09.018950,CLOSED,,5G-AMF-NODE-02,False
ALT-CSE-03-02069,CSE-03,CRITICAL,2024-11-30T18:03:53,2024-11-30T18:10:51.511092,2024-11-30T18:53:43.333445,CLOSED,CAS-CSE-03-0247,5G-CORE-UPF-01,False
ALT-CSE-03-02070,CSE-03,MEDIUM,2024-11-05T23:57:23,2024-11-06T00:06:30.747119,2024-11-06T01:18:25.818069,CLOSED,,CARRIER-ROUTER-99,False
ALT-CSE-03-02071,CSE-03,LOW,2024-11-26T19:14:20,2024-11-26T19:20:55.478504,2024-11-26T20:00:10.144225,CLOSED,,5G-CORE-UPF-01,False
ALT-CSE-03-02072,CSE-03,LOW,2024-10-26T08:45:17,2024-10-26T08:48:58.367611,2024-10-26T09:18:54.246852,CLOSED,,5G-CORE-UPF-01,False
ALT-CSE-03-02073,CSE-03,MEDIUM,2024-12-07T21:10:31,2024-12-07T21:13:57.428079,2024-12-07T22:15:28.791733,CLOSED,,EDGE-GATEWAY-12,False
ALT-CSE-03-02074,CSE-03,MEDIUM,2024-10-05T02:35:12,2024-10-05T02:40:43.304599,2024-10-05T03:10:16.300373,CLOSED,,5G-CORE-UPF-01,False
ALT-CSE-03-02075,CSE-03,LOW,2024-11-19T00:09:37,2024-11-19T00:12:29.588126,2024-11-19T01:29:01.243237,CLOSED,,CARRIER-ROUTER-99,False
ALT-CSE-03-02076,CSE-03,MEDIUM,2024-11-22T02:22:07,2024-11-22T02:25:48.037299,2024-11-22T03:19:14.941984,CLOSED,,CARRIER-ROUTER-99,False
ALT-CSE-03-02077,CSE-03,MEDIUM,2024-10-24T00:16:25,2024-10-24T00:19:29.287453,2024-10-24T01:38:25.098374,CLOSED,,TELCO-AAA-SRV,False
ALT-CSE-03-02078,CSE-03,MEDIUM,2024-11-24T17:01:49,2024-11-24T17:10:29.091411,2024-11-24T18:10:04.273138,CLOSED,,5G-CORE-UPF-01,False
ALT-CSE-03-02079,CSE-03,LOW,2024-11-12T06:40:48,2024-11-12T06:46:18.665389,2024-11-12T07:31:13.454059,CLOSED,,5G-CORE-UPF-01,False
ALT-CSE-03-02080,CSE-03,HIGH,2024-12-20T04:05:07,2024-12-20T04:11:03.979208,2024-12-20T05:10:24.563477,CLOSED,,5G-CORE-UPF-01,False
ALT-CSE-03-02081,CSE-03,HIGH,2024-11-13T06:43:53,2024-11-13T06:48:43.119592,2024-11-13T08:05:33.860061,CLOSED,,5G-AMF-NODE-02,False
ALT-CSE-03-02082,CSE-03,MEDIUM,2024-10-06T02:11:15,2024-10-06T02:18:58.770320,2024-10-06T02:54:52.706090,CLOSED,,EDGE-GATEWAY-12,False
ALT-CSE-03-02083,CSE-03,MEDIUM,2024-12-28T01:54:41,2024-12-28T01:58:15.958803,2024-12-28T02:56:45.681830,CLOSED,,5G-AMF-NODE-02,False
ALT-CSE-03-02084,CSE-03,MEDIUM,2024-10-29T06:23:58,2024-10-29T06:30:24.503417,2024-10-29T07:18:16.942768,CLOSED,,CARRIER-ROUTER-99,False
ALT-CSE-03-02085,CSE-03,LOW,2024-11-15T19:47:48,2024-11-15T19:57:24.727901,2024-11-15T21:04:44.303279,CLOSED,,CARRIER-ROUTER-99,False
ALT-CSE-03-02086,CSE-03,LOW,2024-12-26T06:36:06,2024-12-26T06:40:37.429511,2024-12-26T07:20:19.746866,CLOSED,,TELCO-AAA-SRV,False
ALT-CSE-03-02087,CSE-03,HIGH,2024-11-28T02:30:19,2024-11-28T02:39:47.359976,2024-11-28T03:27:37.347302,CLOSED,,5G-AMF-NODE-02,False
ALT-CSE-03-02088,CSE-03,CRITICAL,2024-11-22T23:33:03,2024-11-22T23:35:24.487140,2024-11-23T00:48:30.315645,CLOSED,CAS-CSE-03-0248,5G-CORE-UPF-01,False
ALT-CSE-03-02089,CSE-03,CRITICAL,2024-10-25T04:23:38,2024-10-25T04:30:42.326064,2024-10-25T05:37:45.270756,CLOSED,CAS-CSE-03-0249,CARRIER-ROUTER-99,True
ALT-CSE-03-02090,CSE-03,LOW,2024-12-18T21:49:33,2024-12-18T21:57:41.848952,2024-12-18T22:20:04.776022,CLOSED,,EDGE-GATEWAY-12,False
ALT-CSE-03-02091,CSE-03,CRITICAL,2024-11-15T01:17:14,2024-11-15T01:22:00.798208,2024-11-15T02:25:58.170126,CLOSED,CAS-CSE-03-0250,TELCO-AAA-SRV,False
ALT-CSE-03-02092,CSE-03,MEDIUM,2024-11-24T14:44:09,2024-11-24T14:46:17.868626,2024-11-24T16:02:33.164653,CLOSED,,CARRIER-ROUTER-99,False
ALT-CSE-03-02093,CSE-03,HIGH,2024-12-26T23:21:17,2024-12-26T23:28:04.627278,2024-12-27T00:06:43.298394,CLOSED,,CARRIER-ROUTER-99,False
ALT-CSE-03-02094,CSE-03,MEDIUM,2024-12-08T13:18:47,2024-12-08T13:27:55.114955,2024-12-08T14:10:42.640187,CLOSED,,5G-CORE-UPF-01,False
ALT-CSE-03-02095,CSE-03,MEDIUM,2024-12-02T19:17:01,2024-12-02T19:20:08.828893,2024-12-02T20:24:56.226739,CLOSED,,TELCO-AAA-SRV,False
ALT-CSE-03-02096,CSE-03,MEDIUM,2024-12-25T14:09:02,2024-12-25T14:14:35.077041,2024-12-25T15:02:46.040467,CLOSED,,5G-CORE-UPF-01,False
ALT-CSE-03-02097,CSE-03,HIGH,2024-12-15T18:44:57,2024-12-15T18:52:08.127022,2024-12-15T20:02:05.774420,CLOSED,CAS-CSE-03-0251,5G-AMF-NODE-02,False
ALT-CSE-03-02098,CSE-03,MEDIUM,2024-10-30T08:20:58,2024-10-30T08:29:46.684299,2024-10-30T09:13:38.488631,CLOSED,,CARRIER-ROUTER-99,False
ALT-CSE-03-02099,CSE-03,MEDIUM,2024-12-27T15:45:51,2024-12-27T15:48:34.689307,2024-12-27T16:45:01.324122,CLOSED,,CARRIER-ROUTER-99,False
ALT-CSE-03-02100,CSE-03,MEDIUM,2024-11-19T05:43:40,2024-11-19T05:52:07.984700,2024-11-19T07:03:20.645423,CLOSED,,EDGE-GATEWAY-12,False
ALT-CSE-03-02101,CSE-03,MEDIUM,2024-10-22T02:09:16,2024-10-22T02:18:03.909132,2024-10-22T03:16:02.628909,CLOSED,,TELCO-AAA-SRV,False
ALT-CSE-03-02102,CSE-03,LOW,2024-11-04T04:51:55,2024-11-04T04:55:26.292635,2024-11-04T05:55:16.415036,CLOSED,,5G-CORE-UPF-01,False
ALT-CSE-03-02103,CSE-03,MEDIUM,2024-10-18T02:38:05,2024-10-18T02:41:56.973652,2024-10-18T03:24:15.318940,CLOSED,,TELCO-AAA-SRV,False
ALT-CSE-03-02104,CSE-03,MEDIUM,2024-12-16T04:56:20,2024-12-16T05:03:26.719589,2024-12-16T05:43:02.081220,CLOSED,,5G-AMF-NODE-02,False
ALT-CSE-03-02105,CSE-03,MEDIUM,2024-12-22T06:10:34,2024-12-22T06:14:21.805003,2024-12-22T07:17:44.310539,CLOSED,,TELCO-AAA-SRV,False
ALT-CSE-03-02106,CSE-03,LOW,2024-11-06T16:12:14,2024-11-06T16:20:24.145744,2024-11-06T17:17:45.645908,CLOSED,,EDGE-GATEWAY-12,False
ALT-CSE-03-02107,CSE-03,LOW,2024-10-07T00:19:27,2024-10-07T00:25:32.803393,2024-10-07T01:13:33.576914,CLOSED,,5G-AMF-NODE-02,False
ALT-CSE-03-02108,CSE-03,LOW,2024-11-15T10:09:25,2024-11-15T10:16:14.368104,2024-11-15T11:03:46.197721,CLOSED,,5G-AMF-NODE-02,False
ALT-CSE-03-02109,CSE-03,CRITICAL,2024-12-09T10:49:53,2024-12-09T10:53:37.552216,2024-12-09T11:33:54.260217,CLOSED,,5G-CORE-UPF-01,False
ALT-CSE-03-02110,CSE-03,CRITICAL,2024-10-28T17:17:18,2024-10-28T17:26:45.593131,2024-10-28T17:56:25.602267,CLOSED,CAS-CSE-03-0252,5G-AMF-NODE-02,False
ALT-CSE-03-02111,CSE-03,LOW,2024-10-29T16:20:18,2024-10-29T16:25:29.757452,2024-10-29T17:42:34.673756,CLOSED,,5G-CORE-UPF-01,False
ALT-CSE-03-02112,CSE-03,HIGH,2024-12-16T15:39:05,2024-12-16T15:48:53.720449,2024-12-16T17:01:52.546083,CLOSED,CAS-CSE-03-0253,TELCO-AAA-SRV,False
ALT-CSE-03-02113,CSE-03,MEDIUM,2024-12-19T16:09:02,2024-12-19T16:15:13.059685,2024-12-19T17:12:30.156435,CLOSED,,5G-CORE-UPF-01,False
ALT-CSE-03-02114,CSE-03,CRITICAL,2024-11-06T17:01:25,2024-11-06T17:10:58.804770,2024-11-06T17:54:54.752758,CLOSED,CAS-CSE-03-0254,EDGE-GATEWAY-12,False
ALT-CSE-03-02115,CSE-03,MEDIUM,2024-12-08T12:21:20,2024-12-08T12:25:49.008127,2024-12-08T13:31:45.656995,CLOSED,,TELCO-AAA-SRV,False
ALT-CSE-03-02116,CSE-03,MEDIUM,2024-10-13T16:46:34,2024-10-13T16:54:36.621243,2024-10-13T17:28:35.158108,CLOSED,,CARRIER-ROUTER-99,False
ALT-CSE-03-02117,CSE-03,HIGH,2024-12-02T00:05:14,2024-12-02T00:14:33.944542,2024-12-02T01:09:46.246761,CLOSED,,CARRIER-ROUTER-99,False
ALT-CSE-03-02118,CSE-03,MEDIUM,2024-10-02T17:23:23,2024-10-02T17:30:53.920885,2024-10-02T18:41:51.198903,CLOSED,,EDGE-GATEWAY-12,False
ALT-CSE-03-02119,CSE-03,MEDIUM,2024-11-21T04:00:42,2024-11-21T04:09:46.118567,2024-11-21T04:41:37.010925,CLOSED,,CARRIER-ROUTER-99,False
ALT-CSE-03-02120,CSE-03,MEDIUM,2024-11-07T20:53:20,2024-11-07T21:00:09.283144,2024-11-07T21:24:34.789846,CLOSED,,5G-CORE-UPF-01,False
ALT-CSE-03-02121,CSE-03,LOW,2024-10-29T13:34:01,2024-10-29T13:40:52.436560,2024-10-29T14:25:32.297795,CLOSED,,5G-CORE-UPF-01,False
ALT-CSE-03-02122,CSE-03,HIGH,2024-12-09T01:04:17,2024-12-09T01:09:31.124859,2024-12-09T01:52:28.446220,CLOSED,,EDGE-GATEWAY-12,False
ALT-CSE-03-02123,CSE-03,MEDIUM,2024-10-22T15:28:19,2024-10-22T15:37:14.578078,2024-10-22T16:17:16.025978,CLOSED,,5G-AMF-NODE-02,False
ALT-CSE-03-02124,CSE-03,CRITICAL,2024-10-02T14:48:27,2024-10-02T14:54:10.821891,2024-10-02T15:51:30.048335,CLOSED,,EDGE-GATEWAY-12,False
ALT-CSE-03-02125,CSE-03,CRITICAL,2024-10-29T07:12:52,2024-10-29T07:20:30.623143,2024-10-29T08:21:08.876584,CLOSED,CAS-CSE-03-0255,CARRIER-ROUTER-99,False
ALT-CSE-03-02126,CSE-03,CRITICAL,2024-12-09T00:15:12,2024-12-09T00:23:19.270824,2024-12-09T01:29:17.659043,CLOSED,,5G-AMF-NODE-02,False
ALT-CSE-03-02127,CSE-03,LOW,2024-10-27T21:48:37,2024-10-27T21:57:05.498125,2024-10-27T22:22:29.449822,CLOSED,,EDGE-GATEWAY-12,False
ALT-CSE-03-02128,CSE-03,MEDIUM,2024-11-28T12:51:13,2024-11-28T13:01:09.056322,2024-11-28T14:02:07.762639,CLOSED,,CARRIER-ROUTER-99,False
ALT-CSE-03-02129,CSE-03,HIGH,2024-10-09T10:38:09,2024-10-09T10:44:12.817070,2024-10-09T11:19:06.695522,CLOSED,,EDGE-GATEWAY-12,False
ALT-CSE-03-02130,CSE-03,CRITICAL,2024-12-03T04:01:05,2024-12-03T04:07:00.897564,2024-12-03T05:20:55.384139,CLOSED,CAS-CSE-03-0256,TELCO-AAA-SRV,False
ALT-CSE-03-02131,CSE-03,LOW,2024-10-30T22:53:04,2024-10-30T22:56:50.739307,2024-10-31T00:09:29.728193,CLOSED,,5G-CORE-UPF-01,False
ALT-CSE-03-02132,CSE-03,LOW,2024-11-27T18:03:40,2024-11-27T18:08:30.662096,2024-11-27T19:10:41.946963,CLOSED,,5G-CORE-UPF-01,False
ALT-CSE-03-02133,CSE-03,MEDIUM,2024-11-11T12:51:12,2024-11-11T12:56:46.674112,2024-11-11T14:08:53.639662,CLOSED,,CARRIER-ROUTER-99,False
ALT-CSE-03-02134,CSE-03,CRITICAL,2024-12-15T11:14:36,2024-12-15T11:19:10.008090,2024-12-15T12:38:02.941344,CLOSED,CAS-CSE-03-0257,TELCO-AAA-SRV,False
ALT-CSE-03-02135,CSE-03,MEDIUM,2024-12-03T07:59:35,2024-12-03T08:03:20.574177,2024-12-03T09:16:48.473730,CLOSED,,5G-AMF-NODE-02,False
ALT-CSE-03-02136,CSE-03,HIGH,2024-11-07T18:33:17,2024-11-07T18:35:49.621839,2024-11-07T19:13:13.520010,CLOSED,,CARRIER-ROUTER-99,False
ALT-CSE-03-02137,CSE-03,CRITICAL,2024-11-04T14:12:43,2024-11-04T14:20:49.950822,2024-11-04T14:47:50.405166,CLOSED,CAS-CSE-03-0258,CARRIER-ROUTER-99,False
ALT-CSE-03-02138,CSE-03,MEDIUM,2024-12-08T19:35:02,2024-12-08T19:37:32.907233,2024-12-08T20:20:10.334192,CLOSED,,5G-AMF-NODE-02,False
ALT-CSE-03-02139,CSE-03,LOW,2024-10-26T16:09:33,2024-10-26T16:16:46.239778,2024-10-26T17:02:27.699080,CLOSED,,EDGE-GATEWAY-12,False
ALT-CSE-03-02140,CSE-03,HIGH,2024-11-13T01:41:51,2024-11-13T01:48:04.197320,2024-11-13T02:50:05.777450,CLOSED,,TELCO-AAA-SRV,False
ALT-CSE-03-02141,CSE-03,MEDIUM,2024-10-06T20:12:49,2024-10-06T20:20:54.986885,2024-10-06T20:46:34.440119,CLOSED,,TELCO-AAA-SRV,False
ALT-CSE-03-02142,CSE-03,CRITICAL,2024-11-17T19:50:35,2024-11-17T19:57:56.455474,2024-11-17T21:02:42.435731,CLOSED,CAS-CSE-03-0259,5G-CORE-UPF-01,False
ALT-CSE-03-02143,CSE-03,CRITICAL,2024-12-10T17:19:04,2024-12-10T17:25:46.322412,2024-12-10T18:07:04.432595,CLOSED,CAS-CSE-03-0260,CARRIER-ROUTER-99,False
ALT-CSE-03-02144,CSE-03,LOW,2024-12-03T13:44:14,2024-12-03T13:53:35.995296,2024-12-03T14:59:49.648899,CLOSED,,TELCO-AAA-SRV,False
ALT-CSE-03-02145,CSE-03,MEDIUM,2024-11-30T18:23:08,2024-11-30T18:31:35.440686,2024-11-30T19:23:45.639142,CLOSED,,TELCO-AAA-SRV,False
ALT-CSE-03-02146,CSE-03,MEDIUM,2024-11-01T21:25:26,2024-11-01T21:29:31.139724,2024-11-01T22:02:48.418422,CLOSED,,CARRIER-ROUTER-99,False
ALT-CSE-03-02147,CSE-03,LOW,2024-11-15T17:44:22,2024-11-15T17:52:27.715223,2024-11-15T18:29:56.296054,CLOSED,,5G-CORE-UPF-01,False
ALT-CSE-03-02148,CSE-03,LOW,2024-11-13T20:32:47,2024-11-13T20:36:57.822194,2024-11-13T21:51:04.641660,CLOSED,,5G-AMF-NODE-02,False
ALT-CSE-03-02149,CSE-03,MEDIUM,2024-12-15T21:48:32,2024-12-15T21:51:50.421324,2024-12-15T23:03:32.884825,CLOSED,,TELCO-AAA-SRV,False
ALT-CSE-03-02150,CSE-03,LOW,2024-10-18T13:23:10,2024-10-18T13:29:43.633668,2024-10-18T14:43:23.185749,CLOSED,,TELCO-AAA-SRV,False
ALT-CSE-03-02151,CSE-03,MEDIUM,2024-11-07T17:15:17,2024-11-07T17:18:42.797838,2024-11-07T18:05:37.454721,CLOSED,,CARRIER-ROUTER-99,False
ALT-CSE-03-02152,CSE-03,HIGH,2024-12-20T02:15:06,2024-12-20T02:19:10.059777,2024-12-20T02:57:59.404056,CLOSED,,EDGE-GATEWAY-12,False
ALT-CSE-03-02153,CSE-03,LOW,2024-11-25T13:49:36,2024-11-25T13:53:34.464809,2024-11-25T14:44:17.505259,CLOSED,,EDGE-GATEWAY-12,False
ALT-CSE-03-02154,CSE-03,MEDIUM,2024-10-23T23:55:47,2024-10-24T00:00:58.668920,2024-10-24T00:42:11.715663,CLOSED,,5G-AMF-NODE-02,False
ALT-CSE-03-02155,CSE-03,HIGH,2024-10-05T18:23:55,2024-10-05T18:32:45.898230,2024-10-05T19:08:19.612188,CLOSED,CAS-CSE-03-0261,TELCO-AAA-SRV,False
ALT-CSE-03-02156,CSE-03,LOW,2024-11-04T18:19:09,2024-11-04T18:25:11.077052,2024-11-04T19:28:07.722856,CLOSED,,5G-AMF-NODE-02,False
ALT-CSE-03-02157,CSE-03,MEDIUM,2024-12-14T11:40:30,2024-12-14T11:48:09.801288,2024-12-14T13:03:40.416927,CLOSED,,5G-CORE-UPF-01,False
ALT-CSE-03-02158,CSE-03,LOW,2024-12-10T17:39:24,2024-12-10T17:46:38.427951,2024-12-10T18:30:34.797686,CLOSED,,EDGE-GATEWAY-12,False
ALT-CSE-03-02159,CSE-03,HIGH,2024-11-13T07:53:46,2024-11-13T07:56:15.969660,2024-11-13T09:10:56.164055,CLOSED,,CARRIER-ROUTER-99,False
ALT-CSE-03-02160,CSE-03,LOW,2024-10-15T05:56:24,2024-10-15T06:05:19.751695,2024-10-15T06:54:58.240656,CLOSED,,5G-CORE-UPF-01,False
ALT-CSE-03-02161,CSE-03,LOW,2024-11-04T06:58:48,2024-11-04T07:06:57.268848,2024-11-04T07:57:16.429312,CLOSED,,CARRIER-ROUTER-99,False
ALT-CSE-03-02162,CSE-03,MEDIUM,2024-12-02T23:21:29,2024-12-02T23:29:42.555109,2024-12-03T00:03:50.543525,CLOSED,,5G-AMF-NODE-02,False
ALT-CSE-03-02163,CSE-03,LOW,2024-11-30T04:24:48,2024-11-30T04:32:18.800402,2024-11-30T05:20:26.289738,CLOSED,,5G-AMF-NODE-02,False
ALT-CSE-03-02164,CSE-03,MEDIUM,2024-10-31T04:03:28,2024-10-31T04:07:37.752057,2024-10-31T05:20:03.926159,CLOSED,,CARRIER-ROUTER-99,False
ALT-CSE-03-02165,CSE-03,CRITICAL,2024-11-29T17:43:52,2024-11-29T17:53:02.559531,2024-11-29T18:56:10.999503,CLOSED,,EDGE-GATEWAY-12,False
ALT-CSE-03-02166,CSE-03,LOW,2024-10-30T06:38:48,2024-10-30T06:46:23.462245,2024-10-30T07:37:09.353622,CLOSED,,TELCO-AAA-SRV,False
ALT-CSE-03-02167,CSE-03,MEDIUM,2024-12-26T09:34:02,2024-12-26T09:41:03.361738,2024-12-26T10:43:09.110074,CLOSED,,EDGE-GATEWAY-12,False
ALT-CSE-03-02168,CSE-03,MEDIUM,2024-10-05T12:57:46,2024-10-05T13:04:04.846136,2024-10-05T13:52:35.551377,CLOSED,,5G-AMF-NODE-02,False
ALT-CSE-03-02169,CSE-03,LOW,2024-12-21T14:59:01,2024-12-21T15:03:03.371931,2024-12-21T16:05:09.660702,CLOSED,,TELCO-AAA-SRV,False
ALT-CSE-03-02170,CSE-03,HIGH,2024-11-12T15:24:05,2024-11-12T15:32:31.503631,2024-11-12T15:59:46.878660,CLOSED,,EDGE-GATEWAY-12,False
ALT-CSE-03-02171,CSE-03,MEDIUM,2024-11-16T15:28:19,2024-11-16T15:36:34.383309,2024-11-16T16:27:51.155447,CLOSED,,CARRIER-ROUTER-99,False
ALT-CSE-03-02172,CSE-03,LOW,2024-10-12T21:39:52,2024-10-12T21:48:34.670283,2024-10-12T22:32:04.068560,CLOSED,,5G-CORE-UPF-01,False
ALT-CSE-03-02173,CSE-03,MEDIUM,2024-10-21T13:07:41,2024-10-21T13:12:42.481201,2024-10-21T14:03:44.257996,CLOSED,,5G-CORE-UPF-01,False
ALT-CSE-03-02174,CSE-03,HIGH,2024-11-21T05:15:31,2024-11-21T05:23:17.797976,2024-11-21T05:56:22.711762,CLOSED,,5G-AMF-NODE-02,False
ALT-CSE-03-02175,CSE-03,LOW,2024-11-25T06:15:04,2024-11-25T06:22:35.602723,2024-11-25T06:51:31.313247,CLOSED,,TELCO-AAA-SRV,False
ALT-CSE-03-02176,CSE-03,MEDIUM,2024-12-15T05:22:03,2024-12-15T05:29:47.796464,2024-12-15T06:15:22.852918,CLOSED,,CARRIER-ROUTER-99,False
ALT-CSE-03-02177,CSE-03,MEDIUM,2024-12-04T04:14:43,2024-12-04T04:19:53.614641,2024-12-04T05:24:33.455518,CLOSED,,EDGE-GATEWAY-12,False
ALT-CSE-03-02178,CSE-03,MEDIUM,2024-12-02T10:24:47,2024-12-02T10:32:38.498683,2024-12-02T11:21:09.411549,CLOSED,,TELCO-AAA-SRV,False
ALT-CSE-03-02179,CSE-03,HIGH,2024-12-11T12:17:13,2024-12-11T12:19:49.478391,2024-12-11T12:54:50.433282,CLOSED,,EDGE-GATEWAY-12,False
ALT-CSE-03-02180,CSE-03,LOW,2024-12-01T03:59:50,2024-12-01T04:03:17.047010,2024-12-01T04:44:00.190070,CLOSED,,TELCO-AAA-SRV,False
ALT-CSE-03-02181,CSE-03,MEDIUM,2024-12-26T09:19:07,2024-12-26T09:28:32.629321,2024-12-26T10:12:24.905813,CLOSED,,5G-CORE-UPF-01,False
ALT-CSE-03-02182,CSE-03,LOW,2024-11-14T06:11:49,2024-11-14T06:14:38.200019,2024-11-14T07:28:07.939876,CLOSED,,5G-CORE-UPF-01,False
ALT-CSE-03-02183,CSE-03,MEDIUM,2024-11-20T08:55:17,2024-11-20T09:02:36.483132,2024-11-20T09:45:02.713992,CLOSED,,EDGE-GATEWAY-12,False
ALT-CSE-03-02184,CSE-03,HIGH,2024-11-14T06:47:59,2024-11-14T06:54:16.652860,2024-11-14T07:56:02.124868,CLOSED,,CARRIER-ROUTER-99,False
ALT-CSE-03-02185,CSE-03,LOW,2024-11-28T00:38:17,2024-11-28T00:44:18.322565,2024-11-28T02:02:14.584417,CLOSED,,5G-CORE-UPF-01,False
ALT-CSE-03-02186,CSE-03,LOW,2024-10-19T08:39:12,2024-10-19T08:43:32.310791,2024-10-19T09:13:03.600345,CLOSED,,TELCO-AAA-SRV,False
ALT-CSE-03-02187,CSE-03,HIGH,2024-11-03T02:51:47,2024-11-03T02:55:56.305310,2024-11-03T04:16:32.569823,CLOSED,,5G-CORE-UPF-01,False
ALT-CSE-03-02188,CSE-03,LOW,2024-11-03T13:54:57,2024-11-03T14:03:57.387494,2024-11-03T14:53:26.050445,CLOSED,,5G-AMF-NODE-02,False
ALT-CSE-03-02189,CSE-03,LOW,2024-10-07T10:17:25,2024-10-07T10:23:52.538362,2024-10-07T11:32:52.954311,CLOSED,,CARRIER-ROUTER-99,False
ALT-CSE-03-02190,CSE-03,CRITICAL,2024-10-09T22:33:33,2024-10-09T22:41:48.450141,2024-10-09T23:56:47.231316,CLOSED,CAS-CSE-03-0262,TELCO-AAA-SRV,True
ALT-CSE-03-02191,CSE-03,MEDIUM,2024-12-04T19:18:51,2024-12-04T19:25:41.746355,2024-12-04T20:34:19.135475,CLOSED,,5G-CORE-UPF-01,False
ALT-CSE-03-02192,CSE-03,HIGH,2024-12-17T00:38:29,2024-12-17T00:47:15.940658,2024-12-17T01:58:04.753404,CLOSED,,5G-AMF-NODE-02,False
ALT-CSE-03-02193,CSE-03,MEDIUM,2024-10-19T18:06:13,2024-10-19T18:11:25.118882,2024-10-19T18:52:29.757653,CLOSED,,CARRIER-ROUTER-99,False
ALT-CSE-03-02194,CSE-03,HIGH,2024-10-01T18:54:51,2024-10-01T19:03:41.519858,2024-10-01T20:17:42.291118,CLOSED,,5G-AMF-NODE-02,False
ALT-CSE-03-02195,CSE-03,LOW,2024-10-09T14:19:37,2024-10-09T14:21:52.870821,2024-10-09T14:58:26.637682,CLOSED,,CARRIER-ROUTER-99,False
ALT-CSE-03-02196,CSE-03,MEDIUM,2024-11-13T19:15:50,2024-11-13T19:20:27.202714,2024-11-13T20:32:54.216293,CLOSED,,5G-CORE-UPF-01,False
ALT-CSE-03-02197,CSE-03,HIGH,2024-11-27T03:55:00,2024-11-27T04:02:20.892290,2024-11-27T04:44:41.945712,CLOSED,,TELCO-AAA-SRV,False
ALT-CSE-03-02198,CSE-03,MEDIUM,2024-10-23T13:42:01,2024-10-23T13:44:46.740496,2024-10-23T14:56:16.505003,CLOSED,,5G-CORE-UPF-01,False
ALT-CSE-03-02199,CSE-03,MEDIUM,2024-11-21T17:39:05,2024-11-21T17:46:20.814539,2024-11-21T18:16:00.623211,CLOSED,,EDGE-GATEWAY-12,False
ALT-CSE-03-02200,CSE-03,HIGH,2024-10-04T23:47:58,2024-10-04T23:50:30.147405,2024-10-05T00:32:34.985759,CLOSED,,CARRIER-ROUTER-99,False
ALT-CSE-03-02201,CSE-03,HIGH,2024-11-07T16:55:35,2024-11-07T17:04:01.211919,2024-11-07T18:13:06.967190,CLOSED,,TELCO-AAA-SRV,False
ALT-CSE-03-02202,CSE-03,MEDIUM,2024-11-20T01:28:31,2024-11-20T01:36:00.500536,2024-11-20T02:52:35.807364,CLOSED,,5G-AMF-NODE-02,False
ALT-CSE-03-02203,CSE-03,MEDIUM,2024-11-12T02:19:01,2024-11-12T02:22:53.930950,2024-11-12T03:23:48.931129,CLOSED,,CARRIER-ROUTER-99,False
ALT-CSE-03-02204,CSE-03,LOW,2024-10-31T06:46:59,2024-10-31T06:54:44.290981,2024-10-31T08:06:21.598094,CLOSED,,EDGE-GATEWAY-12,False
ALT-CSE-03-02205,CSE-03,LOW,2024-10-03T22:44:21,2024-10-03T22:51:38.614719,2024-10-04T00:05:32.841950,CLOSED,,5G-AMF-NODE-02,False
ALT-CSE-03-02206,CSE-03,LOW,2024-12-16T02:49:01,2024-12-16T02:54:19.005018,2024-12-16T03:43:40.953539,CLOSED,,5G-AMF-NODE-02,False
ALT-CSE-03-02207,CSE-03,MEDIUM,2024-12-01T12:45:57,2024-12-01T12:48:10.017903,2024-12-01T14:01:05.263810,CLOSED,,5G-CORE-UPF-01,False
ALT-CSE-03-02208,CSE-03,HIGH,2024-12-24T05:32:03,2024-12-24T05:41:59.279968,2024-12-24T06:18:14.939724,CLOSED,,5G-AMF-NODE-02,False
ALT-CSE-03-02209,CSE-03,LOW,2024-10-09T16:44:10,2024-10-09T16:51:04.818551,2024-10-09T17:23:47.235417,CLOSED,,TELCO-AAA-SRV,False
ALT-CSE-03-02210,CSE-03,HIGH,2024-10-21T15:06:39,2024-10-21T15:13:47.302223,2024-10-21T16:20:11.353199,CLOSED,,TELCO-AAA-SRV,False
ALT-CSE-03-02211,CSE-03,MEDIUM,2024-11-16T22:12:17,2024-11-16T22:18:36.917637,2024-11-16T22:51:36.297732,CLOSED,,EDGE-GATEWAY-12,False
ALT-CSE-03-02212,CSE-03,MEDIUM,2024-10-21T02:27:22,2024-10-21T02:33:23.266949,2024-10-21T03:04:45.487453,CLOSED,,5G-CORE-UPF-01,False
ALT-CSE-03-02213,CSE-03,CRITICAL,2024-10-02T19:09:23,2024-10-02T19:13:06.454652,2024-10-02T19:47:41.379681,CLOSED,CAS-CSE-03-0263,EDGE-GATEWAY-12,False
ALT-CSE-03-02214,CSE-03,LOW,2024-12-29T00:12:48,2024-12-29T00:15:07.650371,2024-12-29T01:03:05.967094,CLOSED,,5G-CORE-UPF-01,False
ALT-CSE-03-02215,CSE-03,LOW,2024-12-15T18:14:58,2024-12-15T18:22:23.231826,2024-12-15T19:05:10.920820,CLOSED,,CARRIER-ROUTER-99,False
ALT-CSE-03-02216,CSE-03,LOW,2024-11-17T13:56:55,2024-11-17T14:06:47.445066,2024-11-17T14:31:14.464309,CLOSED,,EDGE-GATEWAY-12,False
ALT-CSE-03-02217,CSE-03,LOW,2024-10-06T21:55:56,2024-10-06T22:03:43.092161,2024-10-06T23:19:40.283200,CLOSED,,EDGE-GATEWAY-12,False
ALT-CSE-03-02218,CSE-03,CRITICAL,2024-10-24T01:22:40,2024-10-24T01:24:58.298510,2024-10-24T02:32:40.398526,CLOSED,,5G-CORE-UPF-01,False
ALT-CSE-03-02219,CSE-03,LOW,2024-11-01T17:20:13,2024-11-01T17:27:40.433459,2024-11-01T18:28:33.047036,CLOSED,,TELCO-AAA-SRV,False
ALT-CSE-03-02220,CSE-03,MEDIUM,2024-10-08T16:39:12,2024-10-08T16:47:37.849985,2024-10-08T17:51:29.009092,CLOSED,,5G-CORE-UPF-01,False
ALT-CSE-03-02221,CSE-03,LOW,2024-12-27T15:30:51,2024-12-27T15:35:02.619573,2024-12-27T16:51:19.257371,CLOSED,,TELCO-AAA-SRV,False
ALT-CSE-03-02222,CSE-03,CRITICAL,2024-11-04T17:33:45,2024-11-04T17:39:41.928217,2024-11-04T18:14:31.898262,CLOSED,CAS-CSE-03-0264,CARRIER-ROUTER-99,False
ALT-CSE-03-02223,CSE-03,HIGH,2024-11-02T06:29:08,2024-11-02T06:36:05.335918,2024-11-02T07:39:47.168102,CLOSED,,5G-AMF-NODE-02,False
ALT-CSE-03-02224,CSE-03,MEDIUM,2024-12-13T15:36:49,2024-12-13T15:44:17.030230,2024-12-13T16:39:33.275215,CLOSED,,5G-CORE-UPF-01,False
ALT-CSE-03-02225,CSE-03,MEDIUM,2024-12-21T19:03:08,2024-12-21T19:13:03.772080,2024-12-21T20:21:49.089726,CLOSED,,5G-CORE-UPF-01,False
ALT-CSE-03-02226,CSE-03,MEDIUM,2024-10-07T10:51:48,2024-10-07T10:55:40.772789,2024-10-07T11:37:54.212347,CLOSED,,TELCO-AAA-SRV,False
ALT-CSE-03-02227,CSE-03,MEDIUM,2024-10-31T18:39:01,2024-10-31T18:48:39.046390,2024-10-31T19:40:18.643448,CLOSED,,5G-CORE-UPF-01,False
ALT-CSE-03-02228,CSE-03,LOW,2024-12-20T06:19:23,2024-12-20T06:24:19.936524,2024-12-20T07:20:57.019493,CLOSED,,EDGE-GATEWAY-12,False
ALT-CSE-03-02229,CSE-03,MEDIUM,2024-12-16T07:55:24,2024-12-16T08:00:35.001352,2024-12-16T09:14:57.439055,CLOSED,,5G-CORE-UPF-01,False
ALT-CSE-03-02230,CSE-03,LOW,2024-10-08T05:39:41,2024-10-08T05:45:02.861863,2024-10-08T06:38:16.483342,CLOSED,,5G-CORE-UPF-01,False
ALT-CSE-03-02231,CSE-03,LOW,2024-11-03T01:01:15,2024-11-03T01:10:24.046340,2024-11-03T02:16:34.806997,CLOSED,,5G-AMF-NODE-02,False
ALT-CSE-03-02232,CSE-03,LOW,2024-11-10T10:10:23,2024-11-10T10:12:31.661363,2024-11-10T11:01:33.504278,CLOSED,,5G-AMF-NODE-02,False
ALT-CSE-03-02233,CSE-03,MEDIUM,2024-11-05T07:59:31,2024-11-05T08:06:34.200132,2024-11-05T09:23:35.055108,CLOSED,,CARRIER-ROUTER-99,False
ALT-CSE-03-02234,CSE-03,LOW,2024-11-17T20:32:35,2024-11-17T20:36:14.635504,2024-11-17T21:05:49.110653,CLOSED,,EDGE-GATEWAY-12,False
ALT-CSE-03-02235,CSE-03,MEDIUM,2024-10-12T07:33:17,2024-10-12T07:38:15.374621,2024-10-12T08:21:41.737420,CLOSED,,5G-CORE-UPF-01,False
ALT-CSE-03-02236,CSE-03,MEDIUM,2024-10-18T09:15:22,2024-10-18T09:23:43.305823,2024-10-18T10:04:16.830521,CLOSED,,TELCO-AAA-SRV,False
ALT-CSE-03-02237,CSE-03,MEDIUM,2024-10-30T22:18:28,2024-10-30T22:25:53.036304,2024-10-30T23:43:19.935087,CLOSED,,EDGE-GATEWAY-12,False
ALT-CSE-03-02238,CSE-03,MEDIUM,2024-11-24T12:40:54,2024-11-24T12:48:04.494307,2024-11-24T13:48:45.835998,CLOSED,,EDGE-GATEWAY-12,False
ALT-CSE-03-02239,CSE-03,CRITICAL,2024-12-17T14:52:38,2024-12-17T14:57:02.207108,2024-12-17T15:55:24.598869,CLOSED,CAS-CSE-03-0265,CARRIER-ROUTER-99,False
ALT-CSE-03-02240,CSE-03,HIGH,2024-10-10T10:39:04,2024-10-10T10:46:31.914212,2024-10-10T11:40:25.563477,CLOSED,,CARRIER-ROUTER-99,False
ALT-CSE-03-02241,CSE-03,CRITICAL,2024-11-02T07:57:21,2024-11-02T08:06:29.284921,2024-11-02T09:02:28.459927,CLOSED,CAS-CSE-03-0266,5G-CORE-UPF-01,False
ALT-CSE-03-02242,CSE-03,CRITICAL,2024-12-02T03:45:48,2024-12-02T03:52:19.558160,2024-12-02T04:36:07.696988,CLOSED,CAS-CSE-03-0267,EDGE-GATEWAY-12,False
ALT-CSE-03-02243,CSE-03,MEDIUM,2024-11-26T05:32:29,2024-11-26T05:35:04.324931,2024-11-26T06:24:17.284399,CLOSED,,TELCO-AAA-SRV,False
ALT-CSE-03-02244,CSE-03,MEDIUM,2024-12-06T17:20:32,2024-12-06T17:22:44.746464,2024-12-06T18:38:14.344332,CLOSED,,CARRIER-ROUTER-99,False
ALT-CSE-03-02245,CSE-03,HIGH,2024-11-19T06:14:08,2024-11-19T06:23:26.657596,2024-11-19T07:02:24.487784,CLOSED,,TELCO-AAA-SRV,False
ALT-CSE-03-02246,CSE-03,MEDIUM,2024-12-09T12:44:20,2024-12-09T12:46:40.564365,2024-12-09T13:52:33.630705,CLOSED,,5G-AMF-NODE-02,False
ALT-CSE-03-02247,CSE-03,MEDIUM,2024-10-15T00:29:07,2024-10-15T00:35:50.159229,2024-10-15T01:00:54.942241,CLOSED,,EDGE-GATEWAY-12,False
ALT-CSE-03-02248,CSE-03,MEDIUM,2024-11-21T13:31:36,2024-11-21T13:38:17.745965,2024-11-21T14:09:27.662520,CLOSED,,EDGE-GATEWAY-12,False
ALT-CSE-03-02249,CSE-03,LOW,2024-11-01T12:02:26,2024-11-01T12:08:18.352917,2024-11-01T13:15:55.533044,CLOSED,,EDGE-GATEWAY-12,False
ALT-CSE-03-02250,CSE-03,MEDIUM,2024-11-22T20:22:55,2024-11-22T20:25:16.641072,2024-11-22T21:19:13.251372,CLOSED,,5G-AMF-NODE-02,False
ALT-CSE-03-02251,CSE-03,MEDIUM,2024-10-21T00:21:53,2024-10-21T00:29:53.731170,2024-10-21T01:00:19.234373,CLOSED,,CARRIER-ROUTER-99,False
ALT-CSE-03-02252,CSE-03,LOW,2024-12-16T17:05:31,2024-12-16T17:11:57.384802,2024-12-16T18:06:41.675922,CLOSED,,CARRIER-ROUTER-99,False
ALT-CSE-03-02253,CSE-03,MEDIUM,2024-10-20T22:16:20,2024-10-20T22:23:52.114382,2024-10-20T23:11:27.812691,CLOSED,,EDGE-GATEWAY-12,False
ALT-CSE-03-02254,CSE-03,MEDIUM,2024-11-23T12:25:42,2024-11-23T12:28:19.268149,2024-11-23T13:06:05.260402,CLOSED,,5G-CORE-UPF-01,False
ALT-CSE-03-02255,CSE-03,MEDIUM,2024-11-03T21:24:13,2024-11-03T21:31:44.853484,2024-11-03T22:00:41.054309,CLOSED,,CARRIER-ROUTER-99,False
ALT-CSE-03-02256,CSE-03,CRITICAL,2024-10-06T13:30:16,2024-10-06T13:38:12.939485,2024-10-06T14:30:42.722764,CLOSED,CAS-CSE-03-0268,5G-CORE-UPF-01,False
ALT-CSE-03-02257,CSE-03,MEDIUM,2024-10-04T06:01:03,2024-10-04T06:03:04.130483,2024-10-04T07:24:18.526316,CLOSED,,EDGE-GATEWAY-12,False
ALT-CSE-03-02258,CSE-03,LOW,2024-10-30T13:21:01,2024-10-30T13:28:50.514807,2024-10-30T13:57:01.214736,CLOSED,,5G-AMF-NODE-02,False
ALT-CSE-03-02259,CSE-03,MEDIUM,2024-12-04T14:35:26,2024-12-04T14:39:26.401822,2024-12-04T15:56:19.296388,CLOSED,,5G-CORE-UPF-01,False
ALT-CSE-03-02260,CSE-03,LOW,2024-11-26T13:42:27,2024-11-26T13:46:43.522900,2024-11-26T14:30:20.684439,CLOSED,,CARRIER-ROUTER-99,False
ALT-CSE-03-02261,CSE-03,HIGH,2024-10-25T04:13:38,2024-10-25T04:21:13.864777,2024-10-25T05:04:49.117546,CLOSED,,CARRIER-ROUTER-99,False
ALT-CSE-03-02262,CSE-03,MEDIUM,2024-10-27T08:47:45,2024-10-27T08:51:54.086445,2024-10-27T10:09:16.333749,CLOSED,,EDGE-GATEWAY-12,False
ALT-CSE-03-02263,CSE-03,MEDIUM,2024-10-06T22:42:45,2024-10-06T22:45:15.078041,2024-10-06T23:58:58.143723,CLOSED,,EDGE-GATEWAY-12,False
ALT-CSE-03-02264,CSE-03,HIGH,2024-10-13T13:03:50,2024-10-13T13:06:48.155557,2024-10-13T13:41:50.641619,CLOSED,,TELCO-AAA-SRV,False
ALT-CSE-03-02265,CSE-03,LOW,2024-10-11T15:21:44,2024-10-11T15:24:37.127723,2024-10-11T16:40:23.910813,CLOSED,,CARRIER-ROUTER-99,False
ALT-CSE-03-02266,CSE-03,MEDIUM,2024-10-23T17:40:55,2024-10-23T17:44:10.624065,2024-10-23T18:52:10.444967,CLOSED,,5G-CORE-UPF-01,False
ALT-CSE-03-02267,CSE-03,MEDIUM,2024-12-12T18:21:40,2024-12-12T18:26:24.537691,2024-12-12T19:33:18.539763,CLOSED,,TELCO-AAA-SRV,False
ALT-CSE-03-02268,CSE-03,LOW,2024-10-13T18:55:03,2024-10-13T18:58:02.255946,2024-10-13T20:10:01.757108,CLOSED,,TELCO-AAA-SRV,False
ALT-CSE-03-02269,CSE-03,LOW,2024-11-24T17:13:46,2024-11-24T17:18:09.313995,2024-11-24T17:48:36.538642,CLOSED,,5G-CORE-UPF-01,False
ALT-CSE-03-02270,CSE-03,CRITICAL,2024-10-07T05:47:05,2024-10-07T05:50:24.054548,2024-10-07T06:28:28.204138,CLOSED,,5G-CORE-UPF-01,False
ALT-CSE-03-02271,CSE-03,HIGH,2024-11-14T03:39:34,2024-11-14T03:46:12.257791,2024-11-14T04:30:33.096688,CLOSED,,TELCO-AAA-SRV,False
ALT-CSE-03-02272,CSE-03,MEDIUM,2024-12-27T22:23:45,2024-12-27T22:27:42.953890,2024-12-27T23:05:55.611949,CLOSED,,5G-AMF-NODE-02,False
ALT-CSE-03-02273,CSE-03,MEDIUM,2024-10-30T20:21:58,2024-10-30T20:24:45.731606,2024-10-30T21:05:12.788171,CLOSED,,CARRIER-ROUTER-99,False
ALT-CSE-03-02274,CSE-03,MEDIUM,2024-10-17T11:49:00,2024-10-17T11:52:24.103624,2024-10-17T12:46:47.512449,CLOSED,,TELCO-AAA-SRV,False
ALT-CSE-03-02275,CSE-03,HIGH,2024-11-28T12:30:37,2024-11-28T12:37:45.712298,2024-11-28T13:17:52.480596,CLOSED,,EDGE-GATEWAY-12,False
ALT-CSE-03-02276,CSE-03,LOW,2024-10-02T07:42:59,2024-10-02T07:47:43.514745,2024-10-02T08:46:44.317019,CLOSED,,5G-CORE-UPF-01,False
ALT-CSE-03-02277,CSE-03,MEDIUM,2024-12-27T17:26:19,2024-12-27T17:35:40.637358,2024-12-27T18:49:40.400450,CLOSED,,5G-AMF-NODE-02,False
ALT-CSE-03-02278,CSE-03,MEDIUM,2024-10-07T16:03:12,2024-10-07T16:08:41.276732,2024-10-07T16:45:55.729882,CLOSED,,5G-AMF-NODE-02,False
ALT-CSE-03-02279,CSE-03,HIGH,2024-11-13T06:21:07,2024-11-13T06:27:03.081476,2024-11-13T06:55:50.088514,CLOSED,,TELCO-AAA-SRV,False
ALT-CSE-03-02280,CSE-03,HIGH,2024-10-28T20:01:36,2024-10-28T20:11:13.678009,2024-10-28T20:38:19.631547,CLOSED,CAS-CSE-03-0269,5G-CORE-UPF-01,False
ALT-CSE-03-02281,CSE-03,LOW,2024-12-28T16:00:27,2024-12-28T16:05:14.916740,2024-12-28T16:55:46.879179,CLOSED,,EDGE-GATEWAY-12,False
ALT-CSE-03-02282,CSE-03,MEDIUM,2024-12-21T07:02:59,2024-12-21T07:10:58.797271,2024-12-21T07:37:36.452218,CLOSED,,CARRIER-ROUTER-99,False
ALT-CSE-03-02283,CSE-03,HIGH,2024-11-23T13:48:35,2024-11-23T13:53:04.753235,2024-11-23T14:38:14.052296,CLOSED,,CARRIER-ROUTER-99,False
ALT-CSE-03-02284,CSE-03,HIGH,2024-11-11T04:24:03,2024-11-11T04:28:05.873012,2024-11-11T05:28:31.833302,CLOSED,CAS-CSE-03-0270,5G-AMF-NODE-02,True
ALT-CSE-03-02285,CSE-03,MEDIUM,2024-10-14T17:50:13,2024-10-14T17:54:19.954656,2024-10-14T18:49:03.827433,CLOSED,,5G-AMF-NODE-02,False
ALT-CSE-03-02286,CSE-03,MEDIUM,2024-10-06T19:09:31,2024-10-06T19:16:49.314195,2024-10-06T19:40:45.232716,CLOSED,,5G-AMF-NODE-02,False
ALT-CSE-03-02287,CSE-03,MEDIUM,2024-12-02T11:35:03,2024-12-02T11:44:29.005681,2024-12-02T12:59:26.650167,CLOSED,,TELCO-AAA-SRV,False
ALT-CSE-03-02288,CSE-03,HIGH,2024-10-11T07:51:18,2024-10-11T07:58:31.810235,2024-10-11T08:34:43.104162,CLOSED,,5G-CORE-UPF-01,False
ALT-CSE-03-02289,CSE-03,HIGH,2024-11-02T14:00:58,2024-11-02T14:09:41.684271,2024-11-02T14:59:19.790365,CLOSED,CAS-CSE-03-0271,CARRIER-ROUTER-99,False
ALT-CSE-03-02290,CSE-03,MEDIUM,2024-12-13T23:41:05,2024-12-13T23:49:59.412338,2024-12-14T00:18:37.713984,CLOSED,,CARRIER-ROUTER-99,False
ALT-CSE-03-02291,CSE-03,HIGH,2024-10-22T05:33:39,2024-10-22T05:36:08.022027,2024-10-22T06:11:16.030305,CLOSED,,5G-AMF-NODE-02,False
ALT-CSE-03-02292,CSE-03,CRITICAL,2024-10-12T05:17:33,2024-10-12T05:20:27.298214,2024-10-12T05:51:10.508184,CLOSED,CAS-CSE-03-0272,5G-CORE-UPF-01,False
ALT-CSE-03-02293,CSE-03,HIGH,2024-11-15T03:27:51,2024-11-15T03:34:59.252998,2024-11-15T04:25:28.170692,CLOSED,,5G-CORE-UPF-01,False
ALT-CSE-03-02294,CSE-03,LOW,2024-11-06T01:12:46,2024-11-06T01:17:27.192163,2024-11-06T02:32:43.540479,CLOSED,,5G-AMF-NODE-02,False
ALT-CSE-03-02295,CSE-03,MEDIUM,2024-12-26T13:29:44,2024-12-26T13:35:33.642897,2024-12-26T14:25:49.047928,CLOSED,,5G-AMF-NODE-02,False
ALT-CSE-03-02296,CSE-03,MEDIUM,2024-12-11T21:27:49,2024-12-11T21:32:15.772339,2024-12-11T22:23:28.052092,CLOSED,,EDGE-GATEWAY-12,False
ALT-CSE-03-02297,CSE-03,LOW,2024-11-15T22:14:44,2024-11-15T22:21:38.036085,2024-11-15T23:25:12.902040,CLOSED,,EDGE-GATEWAY-12,False
ALT-CSE-03-02298,CSE-03,LOW,2024-12-07T13:24:16,2024-12-07T13:27:44.239152,2024-12-07T14:16:25.389017,CLOSED,,EDGE-GATEWAY-12,False
ALT-CSE-03-02299,CSE-03,MEDIUM,2024-12-15T17:00:32,2024-12-15T17:04:58.745676,2024-12-15T17:34:02.006640,CLOSED,,CARRIER-ROUTER-99,False
ALT-CSE-03-02300,CSE-03,CRITICAL,2024-11-13T11:31:43,2024-11-13T11:39:14.677205,2024-11-13T12:44:57.661675,CLOSED,CAS-CSE-03-0273,TELCO-AAA-SRV,False
ALT-CSE-03-02301,CSE-03,MEDIUM,2024-10-19T10:43:59,2024-10-19T10:47:43.527812,2024-10-19T11:36:34.895995,CLOSED,,5G-CORE-UPF-01,False
ALT-CSE-03-02302,CSE-03,LOW,2024-11-13T00:00:53,2024-11-13T00:03:47.327614,2024-11-13T00:36:42.666971,CLOSED,,CARRIER-ROUTER-99,False
ALT-CSE-03-02303,CSE-03,MEDIUM,2024-10-05T15:12:13,2024-10-05T15:19:28.918013,2024-10-05T16:25:10.064723,CLOSED,,5G-AMF-NODE-02,False
ALT-CSE-03-02304,CSE-03,HIGH,2024-10-10T05:42:58,2024-10-10T05:45:29.703876,2024-10-10T07:01:36.385416,CLOSED,,TELCO-AAA-SRV,False
ALT-CSE-03-02305,CSE-03,LOW,2024-10-01T19:08:28,2024-10-01T19:16:19.466535,2024-10-01T19:46:17.883849,CLOSED,,CARRIER-ROUTER-99,False
ALT-CSE-03-02306,CSE-03,LOW,2024-12-10T09:19:00,2024-12-10T09:22:47.231878,2024-12-10T10:24:41.522685,CLOSED,,5G-AMF-NODE-02,False
ALT-CSE-03-02307,CSE-03,HIGH,2024-11-23T14:02:16,2024-11-23T14:04:57.142246,2024-11-23T14:49:00.965265,CLOSED,,TELCO-AAA-SRV,False
ALT-CSE-03-02308,CSE-03,LOW,2024-10-08T05:19:07,2024-10-08T05:24:34.062741,2024-10-08T06:11:27.187691,CLOSED,,EDGE-GATEWAY-12,False
ALT-CSE-03-02309,CSE-03,LOW,2024-11-15T19:04:09,2024-11-15T19:08:36.553173,2024-11-15T19:51:03.406903,CLOSED,,TELCO-AAA-SRV,False
ALT-CSE-03-02310,CSE-03,MEDIUM,2024-10-04T20:26:02,2024-10-04T20:31:56.114240,2024-10-04T21:02:11.617778,CLOSED,,EDGE-GATEWAY-12,False
ALT-CSE-03-02311,CSE-03,LOW,2024-11-26T07:35:33,2024-11-26T07:40:11.641015,2024-11-26T08:09:17.209975,CLOSED,,5G-CORE-UPF-01,False
ALT-CSE-03-02312,CSE-03,CRITICAL,2024-11-17T23:18:29,2024-11-17T23:24:50.673275,2024-11-18T00:13:26.054806,CLOSED,CAS-CSE-03-0274,TELCO-AAA-SRV,True
ALT-CSE-03-02313,CSE-03,CRITICAL,2024-12-02T20:02:41,2024-12-02T20:07:38.095278,2024-12-02T21:23:24.744848,CLOSED,CAS-CSE-03-0275,5G-AMF-NODE-02,False
ALT-CSE-03-02314,CSE-03,HIGH,2024-12-24T11:25:19,2024-12-24T11:28:44.318765,2024-12-24T12:41:32.737429,CLOSED,,EDGE-GATEWAY-12,False
ALT-CSE-03-02315,CSE-03,MEDIUM,2024-10-28T17:30:44,2024-10-28T17:38:25.405190,2024-10-28T18:41:28.532719,CLOSED,,5G-AMF-NODE-02,False
ALT-CSE-03-02316,CSE-03,MEDIUM,2024-12-18T21:07:56,2024-12-18T21:12:10.953750,2024-12-18T22:13:30.939141,CLOSED,,TELCO-AAA-SRV,False
ALT-CSE-03-02317,CSE-03,HIGH,2024-10-03T12:08:03,2024-10-03T12:14:12.196639,2024-10-03T12:39:19.103595,CLOSED,,TELCO-AAA-SRV,False
ALT-CSE-03-02318,CSE-03,MEDIUM,2024-10-07T13:17:01,2024-10-07T13:26:07.706452,2024-10-07T14:32:04.171150,CLOSED,,TELCO-AAA-SRV,False
ALT-CSE-03-02319,CSE-03,MEDIUM,2024-12-01T08:58:29,2024-12-01T09:02:56.268278,2024-12-01T09:31:10.971007,CLOSED,,5G-AMF-NODE-02,False
ALT-CSE-03-02320,CSE-03,MEDIUM,2024-12-20T03:05:16,2024-12-20T03:09:21.012325,2024-12-20T04:03:15.562806,CLOSED,,CARRIER-ROUTER-99,False
ALT-CSE-03-02321,CSE-03,HIGH,2024-10-30T18:59:18,2024-10-30T19:08:47.850123,2024-10-30T19:53:35.148876,CLOSED,,TELCO-AAA-SRV,False
ALT-CSE-03-02322,CSE-03,MEDIUM,2024-10-06T01:32:31,2024-10-06T01:36:48.564329,2024-10-06T02:32:08.818765,CLOSED,,TELCO-AAA-SRV,False
ALT-CSE-03-02323,CSE-03,LOW,2024-12-11T07:47:35,2024-12-11T07:53:15.097713,2024-12-11T08:24:09.445374,CLOSED,,EDGE-GATEWAY-12,False
ALT-CSE-03-02324,CSE-03,CRITICAL,2024-10-07T14:06:14,2024-10-07T14:12:26.519451,2024-10-07T15:16:55.428422,CLOSED,,5G-AMF-NODE-02,False
ALT-CSE-03-02325,CSE-03,HIGH,2024-11-13T05:51:30,2024-11-13T05:57:12.552328,2024-11-13T06:53:50.798317,CLOSED,,EDGE-GATEWAY-12,False
ALT-CSE-03-02326,CSE-03,MEDIUM,2024-11-06T09:34:29,2024-11-06T09:42:05.125393,2024-11-06T10:29:56.281610,CLOSED,,5G-AMF-NODE-02,False
ALT-CSE-03-02327,CSE-03,MEDIUM,2024-10-24T12:43:30,2024-10-24T12:50:38.264990,2024-10-24T13:48:42.281377,CLOSED,,EDGE-GATEWAY-12,False
ALT-CSE-03-02328,CSE-03,LOW,2024-12-27T17:34:46,2024-12-27T17:40:55.585736,2024-12-27T18:22:14.237160,CLOSED,,TELCO-AAA-SRV,False
ALT-CSE-03-02329,CSE-03,HIGH,2024-10-28T15:51:55,2024-10-28T15:54:53.035850,2024-10-28T16:33:39.955361,CLOSED,,CARRIER-ROUTER-99,False
ALT-CSE-03-02330,CSE-03,HIGH,2024-11-12T13:02:49,2024-11-12T13:09:35.642719,2024-11-12T14:07:50.354600,CLOSED,CAS-CSE-03-0276,5G-CORE-UPF-01,False
ALT-CSE-03-02331,CSE-03,MEDIUM,2024-11-12T21:51:14,2024-11-12T21:58:22.129078,2024-11-12T23:07:00.999650,CLOSED,,CARRIER-ROUTER-99,False
ALT-CSE-03-02332,CSE-03,HIGH,2024-10-21T10:26:12,2024-10-21T10:28:24.864329,2024-10-21T10:57:17.036648,CLOSED,,5G-CORE-UPF-01,False
ALT-CSE-03-02333,CSE-03,LOW,2024-10-26T10:56:46,2024-10-26T10:59:36.078273,2024-10-26T11:52:39.495523,CLOSED,,CARRIER-ROUTER-99,False
ALT-CSE-03-02334,CSE-03,MEDIUM,2024-10-11T12:41:26,2024-10-11T12:48:32.390947,2024-10-11T13:43:02.508951,CLOSED,,EDGE-GATEWAY-12,False
ALT-CSE-03-02335,CSE-03,MEDIUM,2024-11-13T11:26:40,2024-11-13T11:34:11.513156,2024-11-13T12:10:52.498254,CLOSED,,CARRIER-ROUTER-99,False
ALT-CSE-03-02336,CSE-03,MEDIUM,2024-12-16T12:26:57,2024-12-16T12:34:06.953098,2024-12-16T13:31:24.379573,CLOSED,,CARRIER-ROUTER-99,False
ALT-CSE-03-02337,CSE-03,LOW,2024-10-11T03:44:55,2024-10-11T03:50:54.072404,2024-10-11T04:30:47.768408,CLOSED,,EDGE-GATEWAY-12,False
ALT-CSE-03-02338,CSE-03,MEDIUM,2024-11-01T03:19:29,2024-11-01T03:22:43.886206,2024-11-01T04:25:14.274223,CLOSED,,CARRIER-ROUTER-99,False
ALT-CSE-03-02339,CSE-03,LOW,2024-12-13T17:17:45,2024-12-13T17:26:47.000741,2024-12-13T18:02:34.882467,CLOSED,,TELCO-AAA-SRV,False
ALT-CSE-03-02340,CSE-03,HIGH,2024-11-19T01:24:06,2024-11-19T01:32:03.317198,2024-11-19T02:37:06.956728,CLOSED,CAS-CSE-03-0277,5G-CORE-UPF-01,True
ALT-CSE-03-02341,CSE-03,CRITICAL,2024-10-29T09:44:18,2024-10-29T09:53:32.167605,2024-10-29T10:36:37.197411,CLOSED,CAS-CSE-03-0278,5G-CORE-UPF-01,False
ALT-CSE-03-02342,CSE-03,LOW,2024-12-25T01:31:25,2024-12-25T01:38:54.553101,2024-12-25T02:41:14.794443,CLOSED,,EDGE-GATEWAY-12,False
ALT-CSE-03-02343,CSE-03,MEDIUM,2024-10-05T13:44:56,2024-10-05T13:51:54.996283,2024-10-05T14:39:45.672654,CLOSED,,5G-AMF-NODE-02,False
ALT-CSE-03-02344,CSE-03,MEDIUM,2024-11-06T07:19:31,2024-11-06T07:21:47.103751,2024-11-06T08:21:03.806447,CLOSED,,5G-AMF-NODE-02,False
ALT-CSE-03-02345,CSE-03,LOW,2024-12-11T08:07:08,2024-12-11T08:13:43.015496,2024-12-11T08:58:34.086935,CLOSED,,EDGE-GATEWAY-12,False
ALT-CSE-03-02346,CSE-03,HIGH,2024-10-18T09:58:17,2024-10-18T10:00:45.420305,2024-10-18T11:08:34.146643,CLOSED,,CARRIER-ROUTER-99,False
ALT-CSE-03-02347,CSE-03,CRITICAL,2024-12-26T18:12:23,2024-12-26T18:18:55.796751,2024-12-26T19:32:27.321673,CLOSED,CAS-CSE-03-0279,EDGE-GATEWAY-12,False
ALT-CSE-03-02348,CSE-03,MEDIUM,2024-10-27T11:02:31,2024-10-27T11:09:52.332142,2024-10-27T11:39:28.799395,CLOSED,,TELCO-AAA-SRV,False
ALT-CSE-03-02349,CSE-03,HIGH,2024-12-28T01:23:17,2024-12-28T01:27:23.905798,2024-12-28T01:58:58.495517,CLOSED,,5G-CORE-UPF-01,False
ALT-CSE-03-02350,CSE-03,LOW,2024-12-05T18:28:36,2024-12-05T18:31:57.906803,2024-12-05T19:28:10.637287,CLOSED,,TELCO-AAA-SRV,False
ALT-CSE-03-02351,CSE-03,MEDIUM,2024-12-12T12:01:36,2024-12-12T12:03:52.363726,2024-12-12T12:34:48.971515,CLOSED,,TELCO-AAA-SRV,False
ALT-CSE-03-02352,CSE-03,HIGH,2024-10-19T02:34:44,2024-10-19T02:37:30.363813,2024-10-19T03:24:40.504566,CLOSED,,TELCO-AAA-SRV,False
ALT-CSE-03-02353,CSE-03,HIGH,2024-11-28T11:27:08,2024-11-28T11:32:08.627717,2024-11-28T12:29:35.794238,CLOSED,,EDGE-GATEWAY-12,False
ALT-CSE-03-02354,CSE-03,MEDIUM,2024-11-02T18:01:15,2024-11-02T18:07:26.045181,2024-11-02T18:50:42.030364,CLOSED,,5G-CORE-UPF-01,False
ALT-CSE-03-02355,CSE-03,LOW,2024-12-05T21:35:20,2024-12-05T21:43:42.357028,2024-12-05T22:20:12.593781,CLOSED,,5G-AMF-NODE-02,False
ALT-CSE-03-02356,CSE-03,HIGH,2024-11-18T02:02:45,2024-11-18T02:11:21.868129,2024-11-18T03:22:21.873299,CLOSED,,5G-CORE-UPF-01,False
ALT-CSE-03-02357,CSE-03,LOW,2024-11-14T09:50:58,2024-11-14T09:54:18.818717,2024-11-14T10:28:51.245702,CLOSED,,TELCO-AAA-SRV,False
ALT-CSE-03-02358,CSE-03,HIGH,2024-11-28T00:09:36,2024-11-28T00:18:33.779940,2024-11-28T01:29:47.365256,CLOSED,,TELCO-AAA-SRV,False
ALT-CSE-03-02359,CSE-03,MEDIUM,2024-10-29T10:52:22,2024-10-29T10:55:40.908588,2024-10-29T12:02:23.152298,CLOSED,,5G-CORE-UPF-01,False
ALT-CSE-03-02360,CSE-03,CRITICAL,2024-12-15T02:58:29,2024-12-15T03:03:37.102685,2024-12-15T04:17:15.149346,CLOSED,CAS-CSE-03-0280,TELCO-AAA-SRV,False
ALT-CSE-03-02361,CSE-03,LOW,2024-12-27T22:06:18,2024-12-27T22:12:19.278068,2024-12-27T23:24:26.487251,CLOSED,,5G-CORE-UPF-01,False
ALT-CSE-03-02362,CSE-03,CRITICAL,2024-10-07T04:31:29,2024-10-07T04:39:56.143037,2024-10-07T05:03:18.183748,CLOSED,CAS-CSE-03-0281,5G-AMF-NODE-02,False
ALT-CSE-03-02363,CSE-03,LOW,2024-11-21T10:07:44,2024-11-21T10:11:30.810224,2024-11-21T11:28:32.635320,CLOSED,,5G-AMF-NODE-02,False
ALT-CSE-03-02364,CSE-03,HIGH,2024-11-15T04:35:38,2024-11-15T04:41:35.022445,2024-11-15T05:08:03.978649,CLOSED,,EDGE-GATEWAY-12,False
ALT-CSE-03-02365,CSE-03,LOW,2024-11-08T14:19:08,2024-11-08T14:26:21.433358,2024-11-08T15:23:44.302952,CLOSED,,CARRIER-ROUTER-99,False
ALT-CSE-03-02366,CSE-03,HIGH,2024-12-06T03:27:37,2024-12-06T03:34:29.540732,2024-12-06T04:27:48.331751,CLOSED,,CARRIER-ROUTER-99,False
ALT-CSE-03-02367,CSE-03,LOW,2024-12-29T22:21:33,2024-12-29T22:31:01.789600,2024-12-29T23:00:51.741118,CLOSED,,5G-CORE-UPF-01,False
ALT-CSE-03-02368,CSE-03,MEDIUM,2024-12-12T04:39:10,2024-12-12T04:44:05.886369,2024-12-12T05:43:52.303613,CLOSED,,5G-AMF-NODE-02,False
ALT-CSE-03-02369,CSE-03,MEDIUM,2024-10-25T01:01:25,2024-10-25T01:04:59.266084,2024-10-25T02:03:45.320302,CLOSED,,TELCO-AAA-SRV,False
ALT-CSE-03-02370,CSE-03,CRITICAL,2024-10-12T17:24:26,2024-10-12T17:33:32.211842,2024-10-12T18:10:48.854410,CLOSED,CAS-CSE-03-0282,5G-CORE-UPF-01,False
ALT-CSE-03-02371,CSE-03,HIGH,2024-12-04T23:47:51,2024-12-04T23:52:53.426502,2024-12-05T00:20:37.506655,CLOSED,,TELCO-AAA-SRV,False
ALT-CSE-03-02372,CSE-03,MEDIUM,2024-12-02T23:05:36,2024-12-02T23:12:47.613339,2024-12-02T23:55:46.252516,CLOSED,,CARRIER-ROUTER-99,False
ALT-CSE-03-02373,CSE-03,CRITICAL,2024-12-12T15:30:15,2024-12-12T15:32:36.359452,2024-12-12T16:44:02.471783,CLOSED,CAS-CSE-03-0283,5G-AMF-NODE-02,False
ALT-CSE-03-02374,CSE-03,MEDIUM,2024-11-10T05:42:25,2024-11-10T05:48:05.032978,2024-11-10T07:00:44.767667,CLOSED,,CARRIER-ROUTER-99,False
ALT-CSE-03-02375,CSE-03,CRITICAL,2024-11-01T04:53:07,2024-11-01T04:58:25.505675,2024-11-01T06:08:35.962332,CLOSED,CAS-CSE-03-0284,CARRIER-ROUTER-99,False
ALT-CSE-03-02376,CSE-03,MEDIUM,2024-10-27T01:42:06,2024-10-27T01:50:16.378387,2024-10-27T03:06:07.135186,CLOSED,,TELCO-AAA-SRV,False
ALT-CSE-03-02377,CSE-03,CRITICAL,2024-11-22T03:58:56,2024-11-22T04:07:00.815141,2024-11-22T05:17:53.267000,CLOSED,,5G-CORE-UPF-01,False
ALT-CSE-03-02378,CSE-03,MEDIUM,2024-10-04T01:06:00,2024-10-04T01:15:17.478112,2024-10-04T01:53:36.745470,CLOSED,,TELCO-AAA-SRV,False
ALT-CSE-03-02379,CSE-03,MEDIUM,2024-10-18T01:58:24,2024-10-18T02:07:17.506541,2024-10-18T03:05:25.849632,CLOSED,,TELCO-AAA-SRV,False
ALT-CSE-03-02380,CSE-03,MEDIUM,2024-12-13T20:07:17,2024-12-13T20:10:12.372078,2024-12-13T21:22:03.949259,CLOSED,,EDGE-GATEWAY-12,False
ALT-CSE-03-02381,CSE-03,HIGH,2024-10-18T10:44:40,2024-10-18T10:49:26.867535,2024-10-18T11:53:47.697583,CLOSED,,5G-AMF-NODE-02,False
ALT-CSE-03-02382,CSE-03,LOW,2024-11-26T11:30:20,2024-11-26T11:32:57.045546,2024-11-26T12:33:09.619170,CLOSED,,5G-AMF-NODE-02,False
ALT-CSE-03-02383,CSE-03,LOW,2024-10-13T16:38:51,2024-10-13T16:47:53.562246,2024-10-13T17:42:13.861783,CLOSED,,CARRIER-ROUTER-99,False
ALT-CSE-03-02384,CSE-03,HIGH,2024-10-25T23:25:45,2024-10-25T23:28:18.930701,2024-10-26T00:20:07.164133,CLOSED,,TELCO-AAA-SRV,False
ALT-CSE-03-02385,CSE-03,LOW,2024-11-07T21:22:36,2024-11-07T21:25:17.586623,2024-11-07T22:14:53.207551,CLOSED,,TELCO-AAA-SRV,False
ALT-CSE-03-02386,CSE-03,HIGH,2024-12-05T00:57:15,2024-12-05T01:01:19.009802,2024-12-05T02:17:30.357469,CLOSED,,EDGE-GATEWAY-12,False
ALT-CSE-03-02387,CSE-03,LOW,2024-11-20T12:45:51,2024-11-20T12:55:39.893001,2024-11-20T14:04:03.749140,CLOSED,,TELCO-AAA-SRV,False
ALT-CSE-03-02388,CSE-03,MEDIUM,2024-11-18T12:16:17,2024-11-18T12:22:57.947263,2024-11-18T12:58:10.751415,CLOSED,,CARRIER-ROUTER-99,False
ALT-CSE-03-02389,CSE-03,CRITICAL,2024-10-20T12:24:59,2024-10-20T12:32:50.877952,2024-10-20T13:39:07.720925,CLOSED,CAS-CSE-03-0285,5G-CORE-UPF-01,False
ALT-CSE-03-02390,CSE-03,MEDIUM,2024-12-01T14:32:06,2024-12-01T14:38:42.625450,2024-12-01T15:48:57.268350,CLOSED,,TELCO-AAA-SRV,False
ALT-CSE-03-02391,CSE-03,MEDIUM,2024-11-07T03:23:26,2024-11-07T03:30:35.335741,2024-11-07T03:54:43.865940,CLOSED,,5G-CORE-UPF-01,False
ALT-CSE-03-02392,CSE-03,MEDIUM,2024-11-05T20:20:43,2024-11-05T20:26:03.198283,2024-11-05T21:03:50.319372,CLOSED,,5G-CORE-UPF-01,False
ALT-CSE-03-02393,CSE-03,CRITICAL,2024-12-18T19:05:12,2024-12-18T19:08:20.697769,2024-12-18T20:30:07.935325,CLOSED,CAS-CSE-03-0286,5G-CORE-UPF-01,False
ALT-CSE-03-02394,CSE-03,HIGH,2024-12-24T19:55:31,2024-12-24T19:57:33.749020,2024-12-24T20:34:03.781783,CLOSED,CAS-CSE-03-0287,5G-CORE-UPF-01,False
ALT-CSE-03-02395,CSE-03,HIGH,2024-12-06T05:40:33,2024-12-06T05:43:26.501344,2024-12-06T06:54:47.771280,CLOSED,,5G-AMF-NODE-02,False
ALT-CSE-03-02396,CSE-03,MEDIUM,2024-11-25T05:15:38,2024-11-25T05:19:27.281358,2024-11-25T05:55:16.899690,CLOSED,,5G-AMF-NODE-02,False
ALT-CSE-03-02397,CSE-03,MEDIUM,2024-12-10T06:33:24,2024-12-10T06:41:01.624113,2024-12-10T07:37:36.935426,CLOSED,,EDGE-GATEWAY-12,False
ALT-CSE-03-02398,CSE-03,HIGH,2024-10-16T07:42:26,2024-10-16T07:48:25.398062,2024-10-16T08:35:20.739684,CLOSED,,EDGE-GATEWAY-12,False
ALT-CSE-03-02399,CSE-03,HIGH,2024-12-10T18:28:13,2024-12-10T18:36:18.209434,2024-12-10T19:49:54.632034,CLOSED,,EDGE-GATEWAY-12,False
ALT-CSE-03-02400,CSE-03,HIGH,2024-12-13T00:17:47,2024-12-13T00:22:15.500062,2024-12-13T01:25:07.853082,CLOSED,,EDGE-GATEWAY-12,False
ALT-CSE-03-02401,CSE-03,CRITICAL,2024-11-29T21:51:15,2024-11-29T21:59:52.924867,2024-11-29T22:54:53.670073,CLOSED,CAS-CSE-03-0288,5G-CORE-UPF-01,False
ALT-CSE-03-02402,CSE-03,MEDIUM,2024-10-03T11:18:54,2024-10-03T11:25:36.971859,2024-10-03T12:16:44.351938,CLOSED,,5G-CORE-UPF-01,False
ALT-CSE-03-02403,CSE-03,MEDIUM,2024-11-24T11:56:25,2024-11-24T12:04:12.438876,2024-11-24T12:40:52.152350,CLOSED,,EDGE-GATEWAY-12,False
ALT-CSE-03-02404,CSE-03,HIGH,2024-11-08T06:10:17,2024-11-08T06:18:04.124714,2024-11-08T07:04:21.051734,CLOSED,,CARRIER-ROUTER-99,False
ALT-CSE-03-02405,CSE-03,HIGH,2024-10-13T07:59:15,2024-10-13T08:02:44.125637,2024-10-13T08:49:00.996646,CLOSED,,TELCO-AAA-SRV,False
ALT-CSE-03-02406,CSE-03,MEDIUM,2024-12-17T09:44:59,2024-12-17T09:48:03.248132,2024-12-17T10:53:41.333709,CLOSED,,TELCO-AAA-SRV,False
ALT-CSE-03-02407,CSE-03,HIGH,2024-12-26T23:01:04,2024-12-26T23:04:14.897944,2024-12-27T00:15:05.528640,CLOSED,,5G-AMF-NODE-02,False
ALT-CSE-03-02408,CSE-03,HIGH,2024-10-05T20:56:18,2024-10-05T21:04:31.029017,2024-10-05T21:47:52.760017,CLOSED,,5G-AMF-NODE-02,False
ALT-CSE-03-02409,CSE-03,LOW,2024-10-19T01:11:26,2024-10-19T01:17:58.015161,2024-10-19T02:31:21.079545,CLOSED,,CARRIER-ROUTER-99,False
ALT-CSE-03-02410,CSE-03,MEDIUM,2024-10-09T06:52:01,2024-10-09T06:59:39.218334,2024-10-09T07:43:43.285229,CLOSED,,5G-CORE-UPF-01,False
ALT-CSE-03-02411,CSE-03,MEDIUM,2024-11-23T01:46:38,2024-11-23T01:51:49.510558,2024-11-23T02:59:15.217441,CLOSED,,CARRIER-ROUTER-99,False
ALT-CSE-03-02412,CSE-03,LOW,2024-12-16T01:08:39,2024-12-16T01:13:14.995112,2024-12-16T01:44:29.591405,CLOSED,,5G-AMF-NODE-02,False
ALT-CSE-03-02413,CSE-03,MEDIUM,2024-11-11T08:52:27,2024-11-11T09:00:57.406372,2024-11-11T09:22:42.355437,CLOSED,,CARRIER-ROUTER-99,False
ALT-CSE-03-02414,CSE-03,LOW,2024-11-01T10:17:33,2024-11-01T10:26:18.040362,2024-11-01T11:22:49.647140,CLOSED,,TELCO-AAA-SRV,False
ALT-CSE-03-02415,CSE-03,MEDIUM,2024-10-30T14:17:44,2024-10-30T14:26:59.245007,2024-10-30T15:14:04.378313,CLOSED,,5G-CORE-UPF-01,False
ALT-CSE-03-02416,CSE-03,MEDIUM,2024-10-21T14:27:15,2024-10-21T14:36:33.032105,2024-10-21T15:04:39.205459,CLOSED,,5G-CORE-UPF-01,False
ALT-CSE-03-02417,CSE-03,MEDIUM,2024-10-19T18:26:29,2024-10-19T18:34:22.672818,2024-10-19T19:03:00.644532,CLOSED,,5G-CORE-UPF-01,False
ALT-CSE-03-02418,CSE-03,MEDIUM,2024-11-08T19:10:13,2024-11-08T19:14:51.215803,2024-11-08T20:00:17.320249,CLOSED,,5G-CORE-UPF-01,False
ALT-CSE-03-02419,CSE-03,LOW,2024-10-22T02:22:27,2024-10-22T02:27:54.662918,2024-10-22T03:30:40.698852,CLOSED,,EDGE-GATEWAY-12,False
ALT-CSE-03-02420,CSE-03,HIGH,2024-12-27T22:28:21,2024-12-27T22:36:39.128733,2024-12-27T23:51:41.801786,CLOSED,,TELCO-AAA-SRV,False
ALT-CSE-03-02421,CSE-03,MEDIUM,2024-11-05T00:24:49,2024-11-05T00:29:39.493338,2024-11-05T01:28:50.586196,CLOSED,,EDGE-GATEWAY-12,False
ALT-CSE-03-02422,CSE-03,CRITICAL,2024-11-27T22:59:02,2024-11-27T23:04:03.964375,2024-11-28T00:14:23.645305,CLOSED,CAS-CSE-03-0289,5G-AMF-NODE-02,False
ALT-CSE-03-02423,CSE-03,HIGH,2024-11-06T17:21:36,2024-11-06T17:25:47.874633,2024-11-06T18:08:26.947811,CLOSED,,CARRIER-ROUTER-99,False
ALT-CSE-03-02424,CSE-03,MEDIUM,2024-12-22T06:55:33,2024-12-22T06:59:51.871991,2024-12-22T07:50:19.030759,CLOSED,,5G-CORE-UPF-01,False
ALT-CSE-03-02425,CSE-03,MEDIUM,2024-10-20T03:16:52,2024-10-20T03:25:57.936936,2024-10-20T04:00:43.407374,CLOSED,,5G-AMF-NODE-02,False
ALT-CSE-03-02426,CSE-03,HIGH,2024-10-11T01:22:31,2024-10-11T01:31:19.750377,2024-10-11T02:01:03.596861,CLOSED,,TELCO-AAA-SRV,False
ALT-CSE-03-02427,CSE-03,MEDIUM,2024-12-14T04:07:58,2024-12-14T04:12:08.357024,2024-12-14T05:27:30.251549,CLOSED,,5G-AMF-NODE-02,False
ALT-CSE-03-02428,CSE-03,HIGH,2024-10-10T14:08:22,2024-10-10T14:17:13.766034,2024-10-10T15:15:45.099511,CLOSED,CAS-CSE-03-0290,EDGE-GATEWAY-12,False
ALT-CSE-03-02429,CSE-03,LOW,2024-10-19T14:55:26,2024-10-19T15:05:13.177734,2024-10-19T15:30:31.726269,CLOSED,,EDGE-GATEWAY-12,False
ALT-CSE-03-02430,CSE-03,CRITICAL,2024-10-23T13:56:16,2024-10-23T14:00:19.539344,2024-10-23T14:37:29.208177,CLOSED,CAS-CSE-03-0291,5G-AMF-NODE-02,True
ALT-CSE-03-02431,CSE-03,MEDIUM,2024-11-05T11:20:08,2024-11-05T11:26:27.415571,2024-11-05T12:30:12.847371,CLOSED,,CARRIER-ROUTER-99,False
ALT-CSE-03-02432,CSE-03,CRITICAL,2024-12-11T09:56:11,2024-12-11T09:59:49.778860,2024-12-11T10:35:26.362287,CLOSED,CAS-CSE-03-0292,CARRIER-ROUTER-99,False
ALT-CSE-03-02433,CSE-03,CRITICAL,2024-10-22T03:00:57,2024-10-22T03:05:29.557038,2024-10-22T03:54:24.415867,CLOSED,CAS-CSE-03-0293,5G-AMF-NODE-02,False
ALT-CSE-03-02434,CSE-03,CRITICAL,2024-11-12T16:05:58,2024-11-12T16:15:40.258168,2024-11-12T17:09:15.970623,CLOSED,,5G-CORE-UPF-01,False
ALT-CSE-03-02435,CSE-03,LOW,2024-11-06T23:08:06,2024-11-06T23:11:56.512018,2024-11-07T00:22:27.144349,CLOSED,,CARRIER-ROUTER-99,False
ALT-CSE-03-02436,CSE-03,HIGH,2024-11-30T23:51:17,2024-11-30T23:53:57.854806,2024-12-01T00:41:00.117574,CLOSED,,5G-AMF-NODE-02,False
ALT-CSE-03-02437,CSE-03,HIGH,2024-12-02T00:49:21,2024-12-02T00:56:25.204407,2024-12-02T02:11:19.544304,CLOSED,,CARRIER-ROUTER-99,False
ALT-CSE-03-02438,CSE-03,CRITICAL,2024-12-17T18:01:40,2024-12-17T18:06:56.880170,2024-12-17T19:03:05.765092,CLOSED,CAS-CSE-03-0294,TELCO-AAA-SRV,False
ALT-CSE-03-02439,CSE-03,LOW,2024-10-13T21:47:57,2024-10-13T21:54:30.413694,2024-10-13T22:53:25.395187,CLOSED,,CARRIER-ROUTER-99,False
ALT-CSE-03-02440,CSE-03,HIGH,2024-11-23T12:03:14,2024-11-23T12:10:44.119884,2024-11-23T12:42:47.289897,CLOSED,,CARRIER-ROUTER-99,False
ALT-CSE-03-02441,CSE-03,HIGH,2024-10-12T12:07:00,2024-10-12T12:14:23.655051,2024-10-12T12:59:58.144205,CLOSED,,5G-CORE-UPF-01,False
ALT-CSE-03-02442,CSE-03,LOW,2024-12-04T10:47:24,2024-12-04T10:54:33.314287,2024-12-04T12:10:51.125312,CLOSED,,TELCO-AAA-SRV,False
ALT-CSE-03-02443,CSE-03,MEDIUM,2024-11-05T20:10:31,2024-11-05T20:20:02.886839,2024-11-05T21:13:20.842550,CLOSED,,5G-AMF-NODE-02,False
ALT-CSE-03-02444,CSE-03,CRITICAL,2024-10-30T08:43:49,2024-10-30T08:48:23.676665,2024-10-30T09:53:56.848127,CLOSED,CAS-CSE-03-0295,TELCO-AAA-SRV,False
ALT-CSE-03-02445,CSE-03,CRITICAL,2024-10-22T15:42:47,2024-10-22T15:48:05.851511,2024-10-22T16:50:51.695089,CLOSED,,5G-CORE-UPF-01,False
ALT-CSE-03-02446,CSE-03,MEDIUM,2024-11-11T16:26:59,2024-11-11T16:35:35.496339,2024-11-11T17:14:30.767346,CLOSED,,5G-AMF-NODE-02,False
ALT-CSE-03-02447,CSE-03,HIGH,2024-12-06T05:03:52,2024-12-06T05:06:01.522530,2024-12-06T06:15:14.724611,CLOSED,,5G-AMF-NODE-02,False
ALT-CSE-03-02448,CSE-03,MEDIUM,2024-10-08T14:17:01,2024-10-08T14:20:01.985774,2024-10-08T15:25:33.623784,CLOSED,,TELCO-AAA-SRV,False
ALT-CSE-03-02449,CSE-03,CRITICAL,2024-11-28T18:51:31,2024-11-28T18:59:32.387735,2024-11-28T20:08:30.603978,CLOSED,,5G-CORE-UPF-01,False
ALT-CSE-03-02450,CSE-03,HIGH,2024-11-14T00:34:03,2024-11-14T00:42:21.928748,2024-11-14T01:48:53.496101,CLOSED,,5G-CORE-UPF-01,False
ALT-CSE-03-02451,CSE-03,MEDIUM,2024-11-07T15:48:08,2024-11-07T15:55:06.460751,2024-11-07T16:42:56.469252,CLOSED,,EDGE-GATEWAY-12,False
ALT-CSE-03-02452,CSE-03,MEDIUM,2024-10-14T16:06:36,2024-10-14T16:15:25.942911,2024-10-14T16:51:36.412302,CLOSED,,EDGE-GATEWAY-12,False
ALT-CSE-03-02453,CSE-03,MEDIUM,2024-11-29T12:03:37,2024-11-29T12:07:10.781067,2024-11-29T13:07:29.340847,CLOSED,,5G-CORE-UPF-01,False
ALT-CSE-03-02454,CSE-03,MEDIUM,2024-12-26T07:12:53,2024-12-26T07:18:26.019132,2024-12-26T08:33:47.515623,CLOSED,,TELCO-AAA-SRV,False
ALT-CSE-03-02455,CSE-03,HIGH,2024-12-06T22:41:55,2024-12-06T22:51:24.282497,2024-12-06T23:33:05.918160,CLOSED,,CARRIER-ROUTER-99,False
ALT-CSE-03-02456,CSE-03,CRITICAL,2024-12-15T15:30:55,2024-12-15T15:39:59.085184,2024-12-15T16:34:19.858331,CLOSED,CAS-CSE-03-0296,5G-CORE-UPF-01,False
ALT-CSE-03-02457,CSE-03,MEDIUM,2024-11-02T12:18:50,2024-11-02T12:23:26.577899,2024-11-02T12:48:53.995233,CLOSED,,TELCO-AAA-SRV,False
ALT-CSE-03-02458,CSE-03,LOW,2024-11-12T04:21:24,2024-11-12T04:24:17.853365,2024-11-12T05:30:13.807456,CLOSED,,EDGE-GATEWAY-12,False
ALT-CSE-03-02459,CSE-03,LOW,2024-12-27T15:09:17,2024-12-27T15:18:43.649107,2024-12-27T15:41:58.247811,CLOSED,,EDGE-GATEWAY-12,False
ALT-CSE-03-02460,CSE-03,LOW,2024-10-13T04:54:10,2024-10-13T05:02:55.790488,2024-10-13T05:50:23.329718,CLOSED,,CARRIER-ROUTER-99,False
ALT-CSE-03-02461,CSE-03,HIGH,2024-11-10T14:23:44,2024-11-10T14:32:16.891770,2024-11-10T15:28:30.443625,CLOSED,,5G-CORE-UPF-01,False
ALT-CSE-03-02462,CSE-03,HIGH,2024-11-04T13:02:14,2024-11-04T13:11:42.199772,2024-11-04T14:13:36.950451,CLOSED,,TELCO-AAA-SRV,False
ALT-CSE-03-02463,CSE-03,HIGH,2024-12-05T18:02:42,2024-12-05T18:10:32.996254,2024-12-05T18:44:41.625162,CLOSED,,CARRIER-ROUTER-99,False
ALT-CSE-03-02464,CSE-03,HIGH,2024-12-13T08:59:25,2024-12-13T09:05:35.968147,2024-12-13T09:39:51.436438,CLOSED,,5G-AMF-NODE-02,False
ALT-CSE-03-02465,CSE-03,MEDIUM,2024-11-11T12:08:51,2024-11-11T12:14:44.372156,2024-11-11T12:50:44.414787,CLOSED,,CARRIER-ROUTER-99,False
ALT-CSE-03-02466,CSE-03,HIGH,2024-11-04T20:22:24,2024-11-04T20:28:41.175120,2024-11-04T21:29:58.320791,CLOSED,,EDGE-GATEWAY-12,False
ALT-CSE-03-02467,CSE-03,CRITICAL,2024-11-28T21:11:08,2024-11-28T21:16:50.356028,2024-11-28T22:23:46.231910,CLOSED,CAS-CSE-03-0297,TELCO-AAA-SRV,False
ALT-CSE-03-02468,CSE-03,MEDIUM,2024-12-03T20:08:02,2024-12-03T20:14:38.276606,2024-12-03T20:45:49.805374,CLOSED,,CARRIER-ROUTER-99,False
ALT-CSE-03-02469,CSE-03,HIGH,2024-12-07T05:12:39,2024-12-07T05:17:54.353040,2024-12-07T06:05:48.080904,CLOSED,,TELCO-AAA-SRV,False
ALT-CSE-03-02470,CSE-03,CRITICAL,2024-11-14T19:16:37,2024-11-14T19:25:06.947418,2024-11-14T20:39:41.732501,CLOSED,CAS-CSE-03-0298,CARRIER-ROUTER-99,False
ALT-CSE-03-02471,CSE-03,MEDIUM,2024-11-02T07:34:07,2024-11-02T07:38:53.606332,2024-11-02T08:14:51.397733,CLOSED,,CARRIER-ROUTER-99,False
ALT-CSE-03-02472,CSE-03,LOW,2024-12-18T07:57:13,2024-12-18T07:59:35.875328,2024-12-18T09:03:49.079474,CLOSED,,EDGE-GATEWAY-12,False
ALT-CSE-03-02473,CSE-03,MEDIUM,2024-11-18T19:01:58,2024-11-18T19:10:11.651373,2024-11-18T19:39:01.939889,CLOSED,,CARRIER-ROUTER-99,False
ALT-CSE-03-02474,CSE-03,MEDIUM,2024-10-23T20:41:20,2024-10-23T20:49:35.261837,2024-10-23T21:14:41.759043,CLOSED,,EDGE-GATEWAY-12,False
ALT-CSE-03-02475,CSE-03,MEDIUM,2024-12-08T08:09:15,2024-12-08T08:12:27.225135,2024-12-08T08:57:35.633596,CLOSED,,CARRIER-ROUTER-99,False
ALT-CSE-03-02476,CSE-03,HIGH,2024-11-26T08:24:01,2024-11-26T08:27:39.100227,2024-11-26T09:39:49.197167,CLOSED,,5G-AMF-NODE-02,False
ALT-CSE-03-02477,CSE-03,CRITICAL,2024-12-27T02:23:02,2024-12-27T02:29:33.666809,2024-12-27T02:59:33.753223,CLOSED,CAS-CSE-03-0299,CARRIER-ROUTER-99,True
ALT-CSE-03-02478,CSE-03,MEDIUM,2024-12-24T21:01:34,2024-12-24T21:03:49.923973,2024-12-24T21:53:38.553356,CLOSED,,TELCO-AAA-SRV,False
ALT-CSE-03-02479,CSE-03,HIGH,2024-12-28T07:56:27,2024-12-28T07:59:35.450584,2024-12-28T09:18:55.102204,CLOSED,,CARRIER-ROUTER-99,False
ALT-CSE-03-02480,CSE-03,CRITICAL,2024-10-03T04:38:19,2024-10-03T04:47:54.268891,2024-10-03T05:28:40.184176,CLOSED,,TELCO-AAA-SRV,False
ALT-CSE-03-02481,CSE-03,MEDIUM,2024-11-15T04:05:34,2024-11-15T04:15:30.071458,2024-11-15T05:19:01.895846,CLOSED,,5G-AMF-NODE-02,False
ALT-CSE-03-02482,CSE-03,MEDIUM,2024-12-29T09:51:39,2024-12-29T09:57:20.704096,2024-12-29T10:42:34.186941,CLOSED,,5G-AMF-NODE-02,False
ALT-CSE-03-02483,CSE-03,CRITICAL,2024-11-13T23:02:49,2024-11-13T23:11:07.889793,2024-11-14T00:09:03.372456,CLOSED,CAS-CSE-03-0300,CARRIER-ROUTER-99,False
ALT-CSE-03-02484,CSE-03,CRITICAL,2024-12-02T14:24:26,2024-12-02T14:26:26.222114,2024-12-02T14:55:58.924685,CLOSED,,CARRIER-ROUTER-99,False
ALT-CSE-03-02485,CSE-03,LOW,2024-12-28T08:49:00,2024-12-28T08:51:47.259667,2024-12-28T10:05:47.739879,CLOSED,,5G-CORE-UPF-01,False
ALT-CSE-03-02486,CSE-03,MEDIUM,2024-12-20T06:02:02,2024-12-20T06:10:25.999237,2024-12-20T06:44:35.933321,CLOSED,,TELCO-AAA-SRV,False
ALT-CSE-03-02487,CSE-03,CRITICAL,2024-12-10T12:36:40,2024-12-10T12:39:00.042547,2024-12-10T13:13:10.533649,CLOSED,,TELCO-AAA-SRV,False
ALT-CSE-03-02488,CSE-03,CRITICAL,2024-10-15T20:22:34,2024-10-15T20:29:04.523006,2024-10-15T21:00:13.222223,CLOSED,CAS-CSE-03-0301,5G-AMF-NODE-02,False
ALT-CSE-03-02489,CSE-03,MEDIUM,2024-10-01T10:11:21,2024-10-01T10:14:47.081567,2024-10-01T11:19:12.244425,CLOSED,,5G-CORE-UPF-01,False
ALT-CSE-03-02490,CSE-03,CRITICAL,2024-12-11T11:12:08,2024-12-11T11:14:52.960512,2024-12-11T12:06:23.977301,CLOSED,,TELCO-AAA-SRV,False
ALT-CSE-03-02491,CSE-03,HIGH,2024-11-25T13:17:57,2024-11-25T13:20:23.310753,2024-11-25T14:07:03.536451,CLOSED,,5G-AMF-NODE-02,False
ALT-CSE-03-02492,CSE-03,HIGH,2024-11-18T22:26:50,2024-11-18T22:30:20.138791,2024-11-18T23:30:49.509956,CLOSED,,TELCO-AAA-SRV,False
ALT-CSE-03-02493,CSE-03,HIGH,2024-12-08T04:21:14,2024-12-08T04:29:23.594291,2024-12-08T05:08:27.916952,CLOSED,,CARRIER-ROUTER-99,False
ALT-CSE-03-02494,CSE-03,HIGH,2024-12-20T01:40:31,2024-12-20T01:45:34.444322,2024-12-20T02:21:16.414811,CLOSED,,5G-AMF-NODE-02,False
ALT-CSE-03-02495,CSE-03,LOW,2024-12-22T14:41:14,2024-12-22T14:48:18.583475,2024-12-22T15:41:09.320915,CLOSED,,CARRIER-ROUTER-99,False
ALT-CSE-03-02496,CSE-03,LOW,2024-12-24T03:07:04,2024-12-24T03:12:22.901449,2024-12-24T03:40:42.492995,CLOSED,,5G-CORE-UPF-01,False
ALT-CSE-03-02497,CSE-03,HIGH,2024-10-29T05:58:36,2024-10-29T06:05:05.497770,2024-10-29T07:12:09.543904,CLOSED,,CARRIER-ROUTER-99,False
ALT-CSE-03-02498,CSE-03,CRITICAL,2024-10-04T23:52:09,2024-10-04T23:55:05.404407,2024-10-05T01:05:51.339259,CLOSED,CAS-CSE-03-0302,CARRIER-ROUTER-99,False
ALT-CSE-03-02499,CSE-03,LOW,2024-10-04T23:35:03,2024-10-04T23:38:39.646283,2024-10-05T00:40:11.116148,CLOSED,,EDGE-GATEWAY-12,False
ALT-CSE-03-02500,CSE-03,HIGH,2024-10-29T05:16:55,2024-10-29T05:26:20.085871,2024-10-29T05:53:26.904326,CLOSED,,TELCO-AAA-SRV,False
ALT-CSE-03-02501,CSE-03,MEDIUM,2024-11-30T16:57:24,2024-11-30T17:07:14.777786,2024-11-30T17:38:36.837559,CLOSED,,5G-AMF-NODE-02,False
ALT-CSE-03-02502,CSE-03,LOW,2024-12-08T19:19:41,2024-12-08T19:26:43.631447,2024-12-08T20:42:19.486926,CLOSED,,TELCO-AAA-SRV,False
ALT-CSE-03-02503,CSE-03,CRITICAL,2024-12-09T21:02:56,2024-12-09T21:11:28.548761,2024-12-09T22:18:41.491013,CLOSED,CAS-CSE-03-0303,5G-CORE-UPF-01,False
ALT-CSE-03-02504,CSE-03,LOW,2024-12-05T02:28:03,2024-12-05T02:30:11.098672,2024-12-05T03:21:54.650107,CLOSED,,5G-AMF-NODE-02,False
ALT-CSE-03-02505,CSE-03,MEDIUM,2024-10-22T08:02:06,2024-10-22T08:04:38.173728,2024-10-22T09:23:10.428735,CLOSED,,TELCO-AAA-SRV,False
ALT-CSE-03-02506,CSE-03,LOW,2024-12-04T15:26:10,2024-12-04T15:32:20.093013,2024-12-04T16:33:18.032766,CLOSED,,5G-CORE-UPF-01,False
ALT-CSE-03-02507,CSE-03,MEDIUM,2024-10-06T21:32:54,2024-10-06T21:36:08.040695,2024-10-06T22:50:45.363908,CLOSED,,EDGE-GATEWAY-12,False
ALT-CSE-03-02508,CSE-03,MEDIUM,2024-12-26T03:36:45,2024-12-26T03:41:56.576053,2024-12-26T04:38:29.725679,CLOSED,,TELCO-AAA-SRV,False
ALT-CSE-03-02509,CSE-03,LOW,2024-12-14T19:03:25,2024-12-14T19:10:49.358689,2024-12-14T20:17:17.569009,CLOSED,,CARRIER-ROUTER-99,False
ALT-CSE-03-02510,CSE-03,MEDIUM,2024-12-25T16:57:42,2024-12-25T17:02:13.902731,2024-12-25T18:10:43.712953,CLOSED,,TELCO-AAA-SRV,False
ALT-CSE-03-02511,CSE-03,HIGH,2024-12-04T00:24:39,2024-12-04T00:27:09.641316,2024-12-04T00:58:28.377353,CLOSED,,5G-AMF-NODE-02,False
ALT-CSE-03-02512,CSE-03,HIGH,2024-12-28T08:14:26,2024-12-28T08:22:40.533494,2024-12-28T09:22:36.082449,CLOSED,,5G-AMF-NODE-02,False
ALT-CSE-03-02513,CSE-03,MEDIUM,2024-11-24T21:51:36,2024-11-24T21:59:12.675508,2024-11-24T22:30:32.385462,CLOSED,,5G-CORE-UPF-01,False
ALT-CSE-03-02514,CSE-03,MEDIUM,2024-10-23T11:31:53,2024-10-23T11:37:54.055570,2024-10-23T12:16:19.011000,CLOSED,,EDGE-GATEWAY-12,False
ALT-CSE-03-02515,CSE-03,HIGH,2024-10-22T21:24:08,2024-10-22T21:26:41.752834,2024-10-22T22:28:59.129112,CLOSED,,CARRIER-ROUTER-99,False
ALT-CSE-03-02516,CSE-03,HIGH,2024-11-28T22:53:22,2024-11-28T22:55:43.308032,2024-11-28T23:58:42.916546,CLOSED,,EDGE-GATEWAY-12,False
ALT-CSE-03-02517,CSE-03,MEDIUM,2024-12-14T11:29:01,2024-12-14T11:34:51.043583,2024-12-14T12:27:40.935341,CLOSED,,TELCO-AAA-SRV,False
ALT-CSE-03-02518,CSE-03,MEDIUM,2024-11-29T16:44:39,2024-11-29T16:49:22.195732,2024-11-29T17:46:20.848451,CLOSED,,5G-CORE-UPF-01,False
ALT-CSE-03-02519,CSE-03,CRITICAL,2024-12-22T12:59:54,2024-12-22T13:07:38.603375,2024-12-22T13:42:21.384840,CLOSED,CAS-CSE-03-0304,TELCO-AAA-SRV,False
ALT-CSE-03-02520,CSE-03,LOW,2024-11-01T01:33:44,2024-11-01T01:42:17.617657,2024-11-01T02:55:52.518770,CLOSED,,CARRIER-ROUTER-99,False
ALT-CSE-03-02521,CSE-03,MEDIUM,2024-10-06T02:15:24,2024-10-06T02:24:16.369034,2024-10-06T03:23:28.435452,CLOSED,,EDGE-GATEWAY-12,False
ALT-CSE-03-02522,CSE-03,MEDIUM,2024-11-20T14:19:54,2024-11-20T14:26:49.552610,2024-11-20T15:28:38.248009,CLOSED,,5G-AMF-NODE-02,False
ALT-CSE-03-02523,CSE-03,LOW,2024-11-05T03:58:17,2024-11-05T04:04:39.964120,2024-11-05T05:08:08.027552,CLOSED,,5G-AMF-NODE-02,False
ALT-CSE-03-02524,CSE-03,CRITICAL,2024-10-01T03:45:49,2024-10-01T03:53:15.446255,2024-10-01T04:21:58.281168,CLOSED,CAS-CSE-03-0305,CARRIER-ROUTER-99,False
ALT-CSE-03-02525,CSE-03,MEDIUM,2024-10-30T09:25:40,2024-10-30T09:33:51.420089,2024-10-30T10:25:56.875649,CLOSED,,CARRIER-ROUTER-99,False
ALT-CSE-03-02526,CSE-03,MEDIUM,2024-10-14T17:01:47,2024-10-14T17:03:48.878521,2024-10-14T17:46:41.383270,CLOSED,,CARRIER-ROUTER-99,False
ALT-CSE-03-02527,CSE-03,CRITICAL,2024-12-10T15:55:52,2024-12-10T16:04:27.341944,2024-12-10T16:56:04.912139,CLOSED,,5G-CORE-UPF-01,False
ALT-CSE-03-02528,CSE-03,LOW,2024-12-05T21:04:19,2024-12-05T21:07:23.640412,2024-12-05T21:39:57.839437,CLOSED,,TELCO-AAA-SRV,False
ALT-CSE-03-02529,CSE-03,MEDIUM,2024-11-29T17:51:11,2024-11-29T17:58:04.901884,2024-11-29T18:28:33.027862,CLOSED,,CARRIER-ROUTER-99,False
ALT-CSE-03-02530,CSE-03,MEDIUM,2024-11-30T21:17:31,2024-11-30T21:24:17.559858,2024-11-30T22:42:18.615338,CLOSED,,5G-AMF-NODE-02,False
ALT-CSE-03-02531,CSE-03,MEDIUM,2024-10-03T12:42:35,2024-10-03T12:52:16.358229,2024-10-03T13:24:04.051275,CLOSED,,5G-CORE-UPF-01,False
ALT-CSE-03-02532,CSE-03,MEDIUM,2024-10-11T06:35:42,2024-10-11T06:43:29.090560,2024-10-11T07:18:19.521569,CLOSED,,TELCO-AAA-SRV,False
ALT-CSE-03-02533,CSE-03,HIGH,2024-12-13T23:26:47,2024-12-13T23:29:19.433175,2024-12-14T00:51:04.981063,CLOSED,,EDGE-GATEWAY-12,False
ALT-CSE-03-02534,CSE-03,MEDIUM,2024-11-27T19:28:26,2024-11-27T19:33:09.952028,2024-11-27T20:44:13.612113,CLOSED,,CARRIER-ROUTER-99,False
ALT-CSE-03-02535,CSE-03,LOW,2024-12-25T21:19:09,2024-12-25T21:28:54.147665,2024-12-25T21:57:43.013215,CLOSED,,5G-AMF-NODE-02,False
ALT-CSE-03-02536,CSE-03,MEDIUM,2024-12-02T11:40:52,2024-12-02T11:43:18.773394,2024-12-02T12:52:48.688459,CLOSED,,TELCO-AAA-SRV,False
ALT-CSE-03-02537,CSE-03,LOW,2024-12-03T14:48:10,2024-12-03T14:56:07.442439,2024-12-03T15:29:35.898950,CLOSED,,5G-CORE-UPF-01,False
ALT-CSE-03-02538,CSE-03,LOW,2024-10-16T09:00:26,2024-10-16T09:05:13.496293,2024-10-16T09:56:06.967339,CLOSED,,TELCO-AAA-SRV,False
ALT-CSE-03-02539,CSE-03,MEDIUM,2024-11-21T16:54:05,2024-11-21T17:01:04.036610,2024-11-21T17:33:40.135076,CLOSED,,5G-AMF-NODE-02,False
ALT-CSE-03-02540,CSE-03,MEDIUM,2024-11-10T13:45:42,2024-11-10T13:48:58.981931,2024-11-10T15:02:37.825506,CLOSED,,5G-AMF-NODE-02,False
ALT-CSE-03-02541,CSE-03,HIGH,2024-11-26T00:44:56,2024-11-26T00:54:03.466661,2024-11-26T01:34:03.146417,CLOSED,,EDGE-GATEWAY-12,False
ALT-CSE-03-02542,CSE-03,LOW,2024-11-08T15:05:24,2024-11-08T15:14:53.633057,2024-11-08T15:57:16.612221,CLOSED,,5G-CORE-UPF-01,False
ALT-CSE-03-02543,CSE-03,MEDIUM,2024-10-17T14:41:10,2024-10-17T14:47:57.005591,2024-10-17T15:51:03.732358,CLOSED,,EDGE-GATEWAY-12,False
ALT-CSE-03-02544,CSE-03,CRITICAL,2024-12-27T00:14:58,2024-12-27T00:22:50.303078,2024-12-27T01:01:41.020185,CLOSED,CAS-CSE-03-0306,CARRIER-ROUTER-99,False
ALT-CSE-03-02545,CSE-03,LOW,2024-12-13T21:16:03,2024-12-13T21:21:33.716305,2024-12-13T22:32:34.705077,CLOSED,,TELCO-AAA-SRV,False
ALT-CSE-03-02546,CSE-03,LOW,2024-12-28T01:42:59,2024-12-28T01:50:39.785724,2024-12-28T02:58:14.648157,CLOSED,,CARRIER-ROUTER-99,False
ALT-CSE-03-02547,CSE-03,LOW,2024-10-29T08:40:11,2024-10-29T08:48:20.430999,2024-10-29T09:29:38.849681,CLOSED,,TELCO-AAA-SRV,False
ALT-CSE-03-02548,CSE-03,LOW,2024-11-18T07:44:53,2024-11-18T07:50:22.744602,2024-11-18T08:46:58.738067,CLOSED,,CARRIER-ROUTER-99,False
ALT-CSE-03-02549,CSE-03,MEDIUM,2024-11-17T04:41:47,2024-11-17T04:49:33.998417,2024-11-17T05:29:28.137833,CLOSED,,EDGE-GATEWAY-12,False
ALT-CSE-03-02550,CSE-03,MEDIUM,2024-11-05T11:20:31,2024-11-05T11:30:02.709958,2024-11-05T11:53:23.448041,CLOSED,,TELCO-AAA-SRV,False
ALT-CSE-03-02551,CSE-03,MEDIUM,2024-12-15T03:46:52,2024-12-15T03:53:30.913701,2024-12-15T05:07:39.157408,CLOSED,,CARRIER-ROUTER-99,False
ALT-CSE-03-02552,CSE-03,CRITICAL,2024-11-06T07:36:50,2024-11-06T07:43:31.230855,2024-11-06T08:07:07.310254,CLOSED,CAS-CSE-03-0307,TELCO-AAA-SRV,False
ALT-CSE-03-02553,CSE-03,MEDIUM,2024-10-01T06:28:23,2024-10-01T06:32:51.995180,2024-10-01T07:07:29.782362,CLOSED,,CARRIER-ROUTER-99,False
ALT-CSE-03-02554,CSE-03,MEDIUM,2024-11-29T06:13:55,2024-11-29T06:19:54.769203,2024-11-29T07:03:33.462980,CLOSED,,EDGE-GATEWAY-12,False
ALT-CSE-03-02555,CSE-03,CRITICAL,2024-12-15T09:44:09,2024-12-15T09:48:32.713992,2024-12-15T10:36:00.514372,CLOSED,,TELCO-AAA-SRV,False
ALT-CSE-03-02556,CSE-03,HIGH,2024-12-08T08:43:27,2024-12-08T08:51:42.459637,2024-12-08T09:59:01.752633,CLOSED,,5G-CORE-UPF-01,False
ALT-CSE-03-02557,CSE-03,MEDIUM,2024-10-10T22:10:05,2024-10-10T22:15:25.414258,2024-10-10T23:22:02.984259,CLOSED,,CARRIER-ROUTER-99,False
ALT-CSE-03-02558,CSE-03,CRITICAL,2024-12-17T12:55:59,2024-12-17T13:03:01.228911,2024-12-17T13:34:56.110794,CLOSED,CAS-CSE-03-0308,5G-AMF-NODE-02,True
ALT-CSE-03-02559,CSE-03,CRITICAL,2024-12-14T08:48:02,2024-12-14T08:56:14.197241,2024-12-14T09:30:21.903198,CLOSED,CAS-CSE-03-0309,CARRIER-ROUTER-99,False
ALT-CSE-03-02560,CSE-03,HIGH,2024-12-19T14:59:32,2024-12-19T15:04:35.482276,2024-12-19T16:23:49.789376,CLOSED,,TELCO-AAA-SRV,False
ALT-CSE-03-02561,CSE-03,MEDIUM,2024-11-01T11:23:54,2024-11-01T11:33:33.041193,2024-11-01T11:59:10.549189,CLOSED,,CARRIER-ROUTER-99,False
ALT-CSE-03-02562,CSE-03,MEDIUM,2024-10-26T14:07:43,2024-10-26T14:14:26.253481,2024-10-26T15:03:38.262104,CLOSED,,5G-CORE-UPF-01,False
ALT-CSE-03-02563,CSE-03,HIGH,2024-10-10T11:17:47,2024-10-10T11:20:50.145790,2024-10-10T12:20:38.330165,CLOSED,,CARRIER-ROUTER-99,False
ALT-CSE-03-02564,CSE-03,LOW,2024-11-24T09:36:23,2024-11-24T09:43:10.180991,2024-11-24T10:46:32.419442,CLOSED,,EDGE-GATEWAY-12,False
ALT-CSE-03-02565,CSE-03,HIGH,2024-12-27T03:28:50,2024-12-27T03:35:53.391231,2024-12-27T04:46:26.778728,CLOSED,,CARRIER-ROUTER-99,False
ALT-CSE-03-02566,CSE-03,MEDIUM,2024-11-30T21:45:01,2024-11-30T21:53:42.272908,2024-11-30T22:52:33.280715,CLOSED,,5G-CORE-UPF-01,False
ALT-CSE-03-02567,CSE-03,MEDIUM,2024-11-03T17:36:45,2024-11-03T17:40:31.963566,2024-11-03T18:25:53.986043,CLOSED,,EDGE-GATEWAY-12,False
ALT-CSE-03-02568,CSE-03,MEDIUM,2024-10-14T21:34:12,2024-10-14T21:37:16.065795,2024-10-14T22:43:33.131390,CLOSED,,CARRIER-ROUTER-99,False
ALT-CSE-03-02569,CSE-03,CRITICAL,2024-10-01T16:20:40,2024-10-01T16:27:14.244148,2024-10-01T16:53:05.733930,CLOSED,CAS-CSE-03-0310,EDGE-GATEWAY-12,False
ALT-CSE-03-02570,CSE-03,MEDIUM,2024-12-14T09:15:02,2024-12-14T09:17:32.369752,2024-12-14T09:49:24.548267,CLOSED,,EDGE-GATEWAY-12,False
ALT-CSE-03-02571,CSE-03,MEDIUM,2024-10-21T09:13:10,2024-10-21T09:18:33.342692,2024-10-21T09:44:34.003622,CLOSED,,EDGE-GATEWAY-12,False
ALT-CSE-03-02572,CSE-03,MEDIUM,2024-10-10T08:23:32,2024-10-10T08:32:58.073253,2024-10-10T08:56:29.535563,CLOSED,,5G-CORE-UPF-01,False
ALT-CSE-03-02573,CSE-03,HIGH,2024-12-12T22:46:41,2024-12-12T22:51:15.668963,2024-12-12T23:58:02.325190,CLOSED,,5G-CORE-UPF-01,False
ALT-CSE-03-02574,CSE-03,MEDIUM,2024-11-13T21:53:54,2024-11-13T22:03:05.937689,2024-11-13T23:16:49.083156,CLOSED,,5G-CORE-UPF-01,False
ALT-CSE-03-02575,CSE-03,CRITICAL,2024-12-08T10:25:09,2024-12-08T10:30:02.831111,2024-12-08T11:22:08.481032,CLOSED,,5G-AMF-NODE-02,False
ALT-CSE-03-02576,CSE-03,HIGH,2024-12-05T06:46:41,2024-12-05T06:56:37.194211,2024-12-05T07:36:21.116735,CLOSED,,5G-AMF-NODE-02,False
ALT-CSE-03-02577,CSE-03,CRITICAL,2024-12-09T12:36:00,2024-12-09T12:40:23.850085,2024-12-09T13:06:55.095337,CLOSED,CAS-CSE-03-0311,EDGE-GATEWAY-12,False
ALT-CSE-03-02578,CSE-03,HIGH,2024-11-30T21:26:30,2024-11-30T21:35:54.585053,2024-11-30T22:18:53.317447,CLOSED,,5G-CORE-UPF-01,False
ALT-CSE-03-02579,CSE-03,LOW,2024-11-23T03:02:40,2024-11-23T03:08:12.611617,2024-11-23T03:50:30.624085,CLOSED,,5G-CORE-UPF-01,False
ALT-CSE-03-02580,CSE-03,MEDIUM,2024-10-31T04:17:30,2024-10-31T04:20:27.326754,2024-10-31T05:42:05.721450,CLOSED,,5G-CORE-UPF-01,False
ALT-CSE-03-02581,CSE-03,MEDIUM,2024-11-25T16:58:15,2024-11-25T17:01:53.429620,2024-11-25T17:48:34.911426,CLOSED,,TELCO-AAA-SRV,False
ALT-CSE-03-02582,CSE-03,LOW,2024-10-01T05:11:23,2024-10-01T05:21:14.506266,2024-10-01T06:28:24.036168,CLOSED,,EDGE-GATEWAY-12,False
ALT-CSE-03-02583,CSE-03,LOW,2024-12-03T19:46:46,2024-12-03T19:55:59.293393,2024-12-03T21:11:02.932399,CLOSED,,TELCO-AAA-SRV,False
ALT-CSE-03-02584,CSE-03,CRITICAL,2024-12-05T02:11:48,2024-12-05T02:17:11.407347,2024-12-05T02:56:57.462476,CLOSED,CAS-CSE-03-0312,5G-AMF-NODE-02,False
ALT-CSE-03-02585,CSE-03,LOW,2024-10-26T11:47:44,2024-10-26T11:56:02.326139,2024-10-26T12:48:20.790027,CLOSED,,TELCO-AAA-SRV,False
ALT-CSE-03-02586,CSE-03,LOW,2024-10-31T09:44:01,2024-10-31T09:53:50.567383,2024-10-31T10:57:10.932826,CLOSED,,EDGE-GATEWAY-12,False
ALT-CSE-03-02587,CSE-03,LOW,2024-11-22T05:51:11,2024-11-22T06:00:56.312571,2024-11-22T06:47:49.447592,CLOSED,,5G-CORE-UPF-01,False
ALT-CSE-03-02588,CSE-03,MEDIUM,2024-11-26T14:32:58,2024-11-26T14:39:55.303196,2024-11-26T15:10:11.619470,CLOSED,,5G-AMF-NODE-02,False
ALT-CSE-03-02589,CSE-03,MEDIUM,2024-12-21T10:33:22,2024-12-21T10:40:37.016898,2024-12-21T11:48:30.063344,CLOSED,,TELCO-AAA-SRV,False
ALT-CSE-03-02590,CSE-03,MEDIUM,2024-12-05T04:26:54,2024-12-05T04:36:01.752722,2024-12-05T05:29:47.502618,CLOSED,,TELCO-AAA-SRV,False
ALT-CSE-03-02591,CSE-03,LOW,2024-12-22T14:47:16,2024-12-22T14:53:27.384706,2024-12-22T15:27:03.731897,CLOSED,,TELCO-AAA-SRV,False
ALT-CSE-03-02592,CSE-03,HIGH,2024-10-02T01:05:39,2024-10-02T01:09:00.460514,2024-10-02T01:48:02.542622,CLOSED,,5G-AMF-NODE-02,False
ALT-CSE-03-02593,CSE-03,CRITICAL,2024-11-30T13:48:57,2024-11-30T13:57:03.145209,2024-11-30T14:33:11.114458,CLOSED,,TELCO-AAA-SRV,False
ALT-CSE-03-02594,CSE-03,MEDIUM,2024-11-02T11:02:24,2024-11-02T11:12:00.710990,2024-11-02T11:58:12.811520,CLOSED,,CARRIER-ROUTER-99,False
ALT-CSE-03-02595,CSE-03,MEDIUM,2024-12-25T12:26:15,2024-12-25T12:29:48.442878,2024-12-25T13:15:17.093249,CLOSED,,TELCO-AAA-SRV,False
ALT-CSE-03-02596,CSE-03,HIGH,2024-11-16T06:41:17,2024-11-16T06:46:09.091924,2024-11-16T07:58:56.735803,CLOSED,,CARRIER-ROUTER-99,False
ALT-CSE-03-02597,CSE-03,MEDIUM,2024-10-09T06:06:59,2024-10-09T06:10:55.516317,2024-10-09T07:06:43.019732,CLOSED,,TELCO-AAA-SRV,False
ALT-CSE-03-02598,CSE-03,LOW,2024-11-21T08:03:46,2024-11-21T08:09:45.045909,2024-11-21T08:33:54.970883,CLOSED,,EDGE-GATEWAY-12,False
ALT-CSE-03-02599,CSE-03,MEDIUM,2024-12-01T03:43:44,2024-12-01T03:52:00.059843,2024-12-01T04:51:36.098144,CLOSED,,5G-CORE-UPF-01,False
ALT-CSE-03-02600,CSE-03,CRITICAL,2024-10-23T09:03:16,2024-10-23T09:07:08.151655,2024-10-23T09:59:17.733724,CLOSED,CAS-CSE-03-0313,5G-AMF-NODE-02,False
ALT-CSE-03-02601,CSE-03,HIGH,2024-10-26T19:42:25,2024-10-26T19:46:17.861734,2024-10-26T20:27:34.101392,CLOSED,,TELCO-AAA-SRV,False
ALT-CSE-03-02602,CSE-03,CRITICAL,2024-11-15T04:15:16,2024-11-15T04:24:17.580886,2024-11-15T05:27:10.759062,CLOSED,CAS-CSE-03-0314,TELCO-AAA-SRV,False
ALT-CSE-03-02603,CSE-03,HIGH,2024-12-12T09:33:30,2024-12-12T09:39:34.747462,2024-12-12T10:45:16.226608,CLOSED,,5G-CORE-UPF-01,False
ALT-CSE-03-02604,CSE-03,LOW,2024-12-10T08:34:06,2024-12-10T08:36:38.924088,2024-12-10T09:41:13.717632,CLOSED,,5G-AMF-NODE-02,False
ALT-CSE-03-02605,CSE-03,HIGH,2024-10-05T21:42:02,2024-10-05T21:50:40.657793,2024-10-05T23:03:38.173929,CLOSED,,5G-CORE-UPF-01,False
ALT-CSE-03-02606,CSE-03,HIGH,2024-11-20T09:29:44,2024-11-20T09:34:04.995333,2024-11-20T10:44:30.597942,CLOSED,,CARRIER-ROUTER-99,False
ALT-CSE-03-02607,CSE-03,CRITICAL,2024-11-17T15:40:00,2024-11-17T15:46:07.155468,2024-11-17T16:58:13.300712,CLOSED,CAS-CSE-03-0315,EDGE-GATEWAY-12,False
ALT-CSE-03-02608,CSE-03,MEDIUM,2024-10-11T19:36:08,2024-10-11T19:44:33.499446,2024-10-11T20:08:01.481201,CLOSED,,CARRIER-ROUTER-99,False
ALT-CSE-03-02609,CSE-03,LOW,2024-12-04T21:59:17,2024-12-04T22:08:14.777555,2024-12-04T23:23:49.373837,CLOSED,,EDGE-GATEWAY-12,False
ALT-CSE-03-02610,CSE-03,CRITICAL,2024-12-08T06:48:51,2024-12-08T06:57:06.235315,2024-12-08T07:53:36.591102,CLOSED,CAS-CSE-03-0316,5G-CORE-UPF-01,True
ALT-CSE-03-02611,CSE-03,MEDIUM,2024-12-08T14:16:09,2024-12-08T14:19:08.713349,2024-12-08T15:30:11.368787,CLOSED,,5G-AMF-NODE-02,False
ALT-CSE-03-02612,CSE-03,LOW,2024-12-16T05:47:45,2024-12-16T05:50:30.925438,2024-12-16T06:44:56.600295,CLOSED,,CARRIER-ROUTER-99,False
ALT-CSE-03-02613,CSE-03,HIGH,2024-10-04T09:21:37,2024-10-04T09:25:24.599239,2024-10-04T10:40:33.053207,CLOSED,CAS-CSE-03-0317,TELCO-AAA-SRV,False
ALT-CSE-03-02614,CSE-03,MEDIUM,2024-11-02T05:50:02,2024-11-02T05:57:41.460558,2024-11-02T06:55:11.090413,CLOSED,,TELCO-AAA-SRV,False
ALT-CSE-03-02615,CSE-03,HIGH,2024-10-24T21:03:21,2024-10-24T21:12:43.432474,2024-10-24T22:01:58.834173,CLOSED,,EDGE-GATEWAY-12,False
ALT-CSE-03-02616,CSE-03,HIGH,2024-10-16T18:04:40,2024-10-16T18:07:02.500927,2024-10-16T19:09:12.963205,CLOSED,,5G-AMF-NODE-02,False
ALT-CSE-03-02617,CSE-03,MEDIUM,2024-12-06T21:12:31,2024-12-06T21:18:24.523934,2024-12-06T22:05:31.904971,CLOSED,,CARRIER-ROUTER-99,False
ALT-CSE-03-02618,CSE-03,LOW,2024-11-09T05:29:32,2024-11-09T05:32:56.328827,2024-11-09T06:04:36.964707,CLOSED,,TELCO-AAA-SRV,False
ALT-CSE-03-02619,CSE-03,CRITICAL,2024-10-06T04:45:47,2024-10-06T04:51:07.189803,2024-10-06T05:18:10.736918,CLOSED,CAS-CSE-03-0318,CARRIER-ROUTER-99,True
ALT-CSE-03-02620,CSE-03,CRITICAL,2024-12-21T12:48:14,2024-12-21T12:56:26.019653,2024-12-21T13:38:59.722711,CLOSED,CAS-CSE-03-0319,5G-AMF-NODE-02,False
ALT-CSE-03-02621,CSE-03,MEDIUM,2024-12-20T09:41:01,2024-12-20T09:47:37.018978,2024-12-20T10:17:24.695635,CLOSED,,5G-AMF-NODE-02,False
ALT-CSE-03-02622,CSE-03,LOW,2024-11-02T07:14:10,2024-11-02T07:16:31.037100,2024-11-02T08:31:07.146706,CLOSED,,5G-CORE-UPF-01,False
ALT-CSE-03-02623,CSE-03,HIGH,2024-10-25T21:11:28,2024-10-25T21:20:51.527564,2024-10-25T22:02:12.021717,CLOSED,,EDGE-GATEWAY-12,False
ALT-CSE-03-02624,CSE-03,HIGH,2024-11-27T06:34:05,2024-11-27T06:37:08.640622,2024-11-27T07:35:04.285675,CLOSED,,EDGE-GATEWAY-12,False
ALT-CSE-03-02625,CSE-03,HIGH,2024-11-26T20:12:36,2024-11-26T20:22:02.590918,2024-11-26T20:56:42.703494,CLOSED,,EDGE-GATEWAY-12,False
ALT-CSE-03-02626,CSE-03,HIGH,2024-11-27T15:39:07,2024-11-27T15:44:37.805386,2024-11-27T16:28:27.942596,CLOSED,,5G-AMF-NODE-02,False
ALT-CSE-03-02627,CSE-03,MEDIUM,2024-12-14T03:11:52,2024-12-14T03:14:18.430732,2024-12-14T04:08:47.336118,CLOSED,,CARRIER-ROUTER-99,False
ALT-CSE-03-02628,CSE-03,LOW,2024-12-05T21:55:23,2024-12-05T21:58:14.725090,2024-12-05T23:11:23.890251,CLOSED,,TELCO-AAA-SRV,False
ALT-CSE-03-02629,CSE-03,HIGH,2024-10-25T23:09:29,2024-10-25T23:16:10.664215,2024-10-26T00:31:15.355595,CLOSED,,CARRIER-ROUTER-99,False
ALT-CSE-03-02630,CSE-03,CRITICAL,2024-10-28T12:36:24,2024-10-28T12:40:48.507209,2024-10-28T13:23:11.033005,CLOSED,CAS-CSE-03-0320,EDGE-GATEWAY-12,False
ALT-CSE-03-02631,CSE-03,CRITICAL,2024-10-29T09:21:38,2024-10-29T09:29:32.836509,2024-10-29T10:00:26.168490,CLOSED,CAS-CSE-03-0321,EDGE-GATEWAY-12,False
ALT-CSE-03-02632,CSE-03,MEDIUM,2024-11-08T05:51:43,2024-11-08T05:56:06.035671,2024-11-08T06:39:12.406205,CLOSED,,5G-CORE-UPF-01,False
ALT-CSE-03-02633,CSE-03,LOW,2024-11-29T06:16:49,2024-11-29T06:20:39.081992,2024-11-29T06:48:11.128714,CLOSED,,5G-AMF-NODE-02,False
ALT-CSE-03-02634,CSE-03,LOW,2024-11-16T04:21:59,2024-11-16T04:31:24.648350,2024-11-16T05:08:08.361712,CLOSED,,5G-CORE-UPF-01,False
ALT-CSE-03-02635,CSE-03,HIGH,2024-11-27T20:40:09,2024-11-27T20:42:56.000503,2024-11-27T21:52:52.639678,CLOSED,,EDGE-GATEWAY-12,False
ALT-CSE-03-02636,CSE-03,LOW,2024-11-03T00:48:00,2024-11-03T00:52:05.103613,2024-11-03T01:30:02.003408,CLOSED,,5G-AMF-NODE-02,False
ALT-CSE-03-02637,CSE-03,MEDIUM,2024-11-16T23:07:56,2024-11-16T23:17:05.819982,2024-11-16T23:45:13.272590,CLOSED,,TELCO-AAA-SRV,False
ALT-CSE-03-02638,CSE-03,MEDIUM,2024-11-05T03:38:09,2024-11-05T03:42:09.652420,2024-11-05T04:16:29.315469,CLOSED,,CARRIER-ROUTER-99,False
ALT-CSE-03-02639,CSE-03,CRITICAL,2024-10-31T19:26:56,2024-10-31T19:36:41.931069,2024-10-31T20:51:17.505883,CLOSED,CAS-CSE-03-0322,5G-AMF-NODE-02,False
ALT-CSE-03-02640,CSE-03,HIGH,2024-10-10T12:13:10,2024-10-10T12:16:39.298196,2024-10-10T13:09:16.862322,CLOSED,,TELCO-AAA-SRV,False
ALT-CSE-03-02641,CSE-03,LOW,2024-10-05T05:31:06,2024-10-05T05:36:39.382749,2024-10-05T06:51:22.201762,CLOSED,,EDGE-GATEWAY-12,False
ALT-CSE-03-02642,CSE-03,MEDIUM,2024-10-22T00:33:44,2024-10-22T00:42:19.087752,2024-10-22T01:06:26.679771,CLOSED,,5G-CORE-UPF-01,False
ALT-CSE-03-02643,CSE-03,LOW,2024-10-23T22:24:16,2024-10-23T22:27:33.373581,2024-10-23T23:27:02.010343,CLOSED,,EDGE-GATEWAY-12,False
ALT-CSE-03-02644,CSE-03,MEDIUM,2024-11-30T21:02:55,2024-11-30T21:09:21.655739,2024-11-30T21:59:50.540698,CLOSED,,TELCO-AAA-SRV,False
ALT-CSE-03-02645,CSE-03,HIGH,2024-11-06T04:44:38,2024-11-06T04:47:54.463800,2024-11-06T06:09:12.367132,CLOSED,,EDGE-GATEWAY-12,False
ALT-CSE-03-02646,CSE-03,HIGH,2024-12-02T03:40:45,2024-12-02T03:46:25.819053,2024-12-02T04:30:21.047012,CLOSED,,5G-AMF-NODE-02,False
ALT-CSE-03-02647,CSE-03,LOW,2024-10-22T23:28:15,2024-10-22T23:31:31.376238,2024-10-23T00:03:04.110698,CLOSED,,EDGE-GATEWAY-12,False
ALT-CSE-03-02648,CSE-03,HIGH,2024-12-14T20:23:57,2024-12-14T20:32:04.619195,2024-12-14T21:42:17.765234,CLOSED,,EDGE-GATEWAY-12,False
ALT-CSE-03-02649,CSE-03,MEDIUM,2024-12-14T07:05:35,2024-12-14T07:11:38.552034,2024-12-14T08:14:24.241354,CLOSED,,EDGE-GATEWAY-12,False
ALT-CSE-03-02650,CSE-03,MEDIUM,2024-12-08T22:25:06,2024-12-08T22:32:26.646208,2024-12-08T23:24:07.639348,CLOSED,,5G-CORE-UPF-01,False
ALT-CSE-03-02651,CSE-03,LOW,2024-11-28T09:55:22,2024-11-28T10:02:19.770298,2024-11-28T10:35:20.435247,CLOSED,,5G-CORE-UPF-01,False
ALT-CSE-03-02652,CSE-03,MEDIUM,2024-12-26T07:04:08,2024-12-26T07:11:49.174439,2024-12-26T07:47:03.989186,CLOSED,,5G-AMF-NODE-02,False
ALT-CSE-03-02653,CSE-03,LOW,2024-10-01T04:49:23,2024-10-01T04:54:40.634395,2024-10-01T05:29:49.009243,CLOSED,,EDGE-GATEWAY-12,False
ALT-CSE-03-02654,CSE-03,MEDIUM,2024-12-26T17:16:20,2024-12-26T17:26:11.365030,2024-12-26T18:05:00.026621,CLOSED,,CARRIER-ROUTER-99,False
ALT-CSE-03-02655,CSE-03,HIGH,2024-10-28T13:17:01,2024-10-28T13:23:31.642313,2024-10-28T14:11:58.353035,CLOSED,CAS-CSE-03-0323,5G-CORE-UPF-01,False
ALT-CSE-03-02656,CSE-03,HIGH,2024-12-20T10:53:40,2024-12-20T11:03:04.284695,2024-12-20T11:54:44.851774,CLOSED,,5G-AMF-NODE-02,False
ALT-CSE-03-02657,CSE-03,HIGH,2024-10-27T21:31:39,2024-10-27T21:39:51.084332,2024-10-27T22:47:11.251835,CLOSED,,5G-CORE-UPF-01,False
ALT-CSE-03-02658,CSE-03,LOW,2024-11-29T12:10:51,2024-11-29T12:18:00.702180,2024-11-29T13:18:17.272561,CLOSED,,TELCO-AAA-SRV,False
ALT-CSE-03-02659,CSE-03,HIGH,2024-11-06T12:33:46,2024-11-06T12:37:18.503378,2024-11-06T13:11:07.465484,CLOSED,,5G-CORE-UPF-01,False
ALT-CSE-03-02660,CSE-03,MEDIUM,2024-12-03T15:02:17,2024-12-03T15:10:39.247367,2024-12-03T15:59:40.238174,CLOSED,,5G-AMF-NODE-02,False
ALT-CSE-03-02661,CSE-03,HIGH,2024-11-16T14:45:50,2024-11-16T14:51:51.308747,2024-11-16T16:01:58.730876,CLOSED,,TELCO-AAA-SRV,False
ALT-CSE-03-02662,CSE-03,CRITICAL,2024-10-14T03:25:20,2024-10-14T03:28:00.109167,2024-10-14T04:45:06.206047,CLOSED,CAS-CSE-03-0324,EDGE-GATEWAY-12,False
ALT-CSE-03-02663,CSE-03,MEDIUM,2024-11-28T06:24:52,2024-11-28T06:34:44.641131,2024-11-28T06:57:36.505379,CLOSED,,CARRIER-ROUTER-99,False
ALT-CSE-03-02664,CSE-03,LOW,2024-11-25T05:38:13,2024-11-25T05:48:07.845765,2024-11-25T06:54:11.983030,CLOSED,,5G-AMF-NODE-02,False
ALT-CSE-03-02665,CSE-03,MEDIUM,2024-10-16T19:25:53,2024-10-16T19:35:51.268227,2024-10-16T20:11:52.900556,CLOSED,,EDGE-GATEWAY-12,False
ALT-CSE-03-02666,CSE-03,MEDIUM,2024-10-04T14:57:16,2024-10-04T15:02:47.513540,2024-10-04T15:58:38.782050,CLOSED,,5G-CORE-UPF-01,False
ALT-CSE-03-02667,CSE-03,MEDIUM,2024-12-19T05:41:29,2024-12-19T05:50:43.886194,2024-12-19T06:23:03.662228,CLOSED,,5G-CORE-UPF-01,False
ALT-CSE-03-02668,CSE-03,LOW,2024-11-24T21:39:05,2024-11-24T21:44:47.485842,2024-11-24T22:36:57.215645,CLOSED,,CARRIER-ROUTER-99,False
ALT-CSE-03-02669,CSE-03,CRITICAL,2024-11-09T09:19:34,2024-11-09T09:24:25.973106,2024-11-09T10:39:50.645457,CLOSED,,EDGE-GATEWAY-12,False
ALT-CSE-03-02670,CSE-03,CRITICAL,2024-11-06T03:50:07,2024-11-06T03:54:19.501663,2024-11-06T05:13:39.490323,CLOSED,,TELCO-AAA-SRV,False
ALT-CSE-03-02671,CSE-03,MEDIUM,2024-10-06T17:42:08,2024-10-06T17:45:04.224468,2024-10-06T18:59:43.474094,CLOSED,,5G-AMF-NODE-02,False
ALT-CSE-03-02672,CSE-03,CRITICAL,2024-10-14T08:40:04,2024-10-14T08:44:46.962372,2024-10-14T09:35:59.455843,CLOSED,CAS-CSE-03-0325,5G-AMF-NODE-02,False
ALT-CSE-03-02673,CSE-03,MEDIUM,2024-11-09T21:42:14,2024-11-09T21:50:14.192509,2024-11-09T22:31:25.082977,CLOSED,,CARRIER-ROUTER-99,False
ALT-CSE-03-02674,CSE-03,HIGH,2024-12-15T14:34:01,2024-12-15T14:43:28.012033,2024-12-15T15:30:07.795860,CLOSED,,EDGE-GATEWAY-12,False
ALT-CSE-03-02675,CSE-03,HIGH,2024-12-17T11:23:15,2024-12-17T11:28:51.493767,2024-12-17T12:28:23.340137,CLOSED,,EDGE-GATEWAY-12,False
ALT-CSE-03-02676,CSE-03,HIGH,2024-12-28T07:56:06,2024-12-28T08:01:01.729070,2024-12-28T08:30:11.954670,CLOSED,,5G-CORE-UPF-01,False
ALT-CSE-03-02677,CSE-03,LOW,2024-10-11T09:41:21,2024-10-11T09:44:44.537377,2024-10-11T10:55:37.276530,CLOSED,,EDGE-GATEWAY-12,False
ALT-CSE-03-02678,CSE-03,HIGH,2024-11-09T12:29:23,2024-11-09T12:32:55.973382,2024-11-09T13:46:18.802672,CLOSED,,CARRIER-ROUTER-99,False
ALT-CSE-03-02679,CSE-03,LOW,2024-10-10T01:34:14,2024-10-10T01:37:20.886245,2024-10-10T02:40:44.428908,CLOSED,,5G-CORE-UPF-01,False
ALT-CSE-03-02680,CSE-03,MEDIUM,2024-10-20T23:02:04,2024-10-20T23:11:42.414557,2024-10-21T00:11:40.282084,CLOSED,,5G-CORE-UPF-01,False
ALT-CSE-03-02681,CSE-03,HIGH,2024-10-15T20:14:54,2024-10-15T20:18:45.588051,2024-10-15T20:46:15.277346,CLOSED,CAS-CSE-03-0326,CARRIER-ROUTER-99,False
ALT-CSE-03-02682,CSE-03,MEDIUM,2024-10-17T22:24:40,2024-10-17T22:32:04.714691,2024-10-17T23:03:28.227979,CLOSED,,5G-AMF-NODE-02,False
ALT-CSE-03-02683,CSE-03,MEDIUM,2024-11-01T15:39:16,2024-11-01T15:43:31.048562,2024-11-01T16:58:12.646929,CLOSED,,TELCO-AAA-SRV,False
ALT-CSE-03-02684,CSE-03,HIGH,2024-12-19T07:23:52,2024-12-19T07:31:54.611598,2024-12-19T08:30:50.929416,CLOSED,,5G-AMF-NODE-02,False
ALT-CSE-03-02685,CSE-03,LOW,2024-11-11T23:47:26,2024-11-11T23:54:14.917005,2024-11-12T00:33:45.752640,CLOSED,,CARRIER-ROUTER-99,False
ALT-CSE-03-02686,CSE-03,LOW,2024-12-21T18:52:30,2024-12-21T18:54:55.707683,2024-12-21T19:43:40.095325,CLOSED,,5G-AMF-NODE-02,False
ALT-CSE-03-02687,CSE-03,MEDIUM,2024-12-12T14:40:20,2024-12-12T14:49:44.201961,2024-12-12T15:59:14.930897,CLOSED,,5G-AMF-NODE-02,False
ALT-CSE-03-02688,CSE-03,LOW,2024-10-20T19:24:34,2024-10-20T19:30:05.664737,2024-10-20T20:48:54.959862,CLOSED,,CARRIER-ROUTER-99,False
ALT-CSE-03-02689,CSE-03,MEDIUM,2024-11-13T20:59:33,2024-11-13T21:08:29.123111,2024-11-13T22:10:32.674873,CLOSED,,5G-AMF-NODE-02,False
ALT-CSE-03-02690,CSE-03,HIGH,2024-12-28T11:58:33,2024-12-28T12:06:08.019985,2024-12-28T12:49:59.473844,CLOSED,,TELCO-AAA-SRV,False
ALT-CSE-03-02691,CSE-03,MEDIUM,2024-10-27T22:36:33,2024-10-27T22:44:59.278386,2024-10-28T00:01:16.628206,CLOSED,,CARRIER-ROUTER-99,False
ALT-CSE-03-02692,CSE-03,LOW,2024-12-13T09:54:25,2024-12-13T09:57:33.552357,2024-12-13T11:04:14.402244,CLOSED,,5G-AMF-NODE-02,False
ALT-CSE-03-02693,CSE-03,MEDIUM,2024-11-04T22:54:40,2024-11-04T23:01:26.738443,2024-11-04T23:48:08.352027,CLOSED,,5G-AMF-NODE-02,False
ALT-CSE-03-02694,CSE-03,MEDIUM,2024-11-28T16:05:38,2024-11-28T16:11:13.949556,2024-11-28T16:38:31.575842,CLOSED,,CARRIER-ROUTER-99,False
ALT-CSE-03-02695,CSE-03,HIGH,2024-10-09T01:39:08,2024-10-09T01:46:04.344932,2024-10-09T03:00:58.836898,CLOSED,,TELCO-AAA-SRV,False
ALT-CSE-03-02696,CSE-03,CRITICAL,2024-12-02T19:10:28,2024-12-02T19:13:58.741256,2024-12-02T20:27:14.562325,CLOSED,,EDGE-GATEWAY-12,False
ALT-CSE-03-02697,CSE-03,MEDIUM,2024-10-22T13:33:52,2024-10-22T13:36:25.165497,2024-10-22T14:27:25.055769,CLOSED,,5G-CORE-UPF-01,False
ALT-CSE-03-02698,CSE-03,HIGH,2024-12-22T03:01:20,2024-12-22T03:06:04.746954,2024-12-22T04:20:10.349583,CLOSED,,CARRIER-ROUTER-99,False
ALT-CSE-03-02699,CSE-03,HIGH,2024-10-09T22:11:58,2024-10-09T22:14:44.016521,2024-10-09T23:22:47.115034,CLOSED,,CARRIER-ROUTER-99,False
ALT-CSE-03-02700,CSE-03,HIGH,2024-10-18T19:43:28,2024-10-18T19:47:30.432524,2024-10-18T20:18:36.181117,CLOSED,CAS-CSE-03-0327,TELCO-AAA-SRV,False
ALT-CSE-03-02701,CSE-03,MEDIUM,2024-12-16T14:23:00,2024-12-16T14:25:29.186660,2024-12-16T15:21:51.439522,CLOSED,,EDGE-GATEWAY-12,False
ALT-CSE-03-02702,CSE-03,CRITICAL,2024-12-18T02:50:46,2024-12-18T02:56:51.628141,2024-12-18T03:39:22.728344,CLOSED,,CARRIER-ROUTER-99,False
ALT-CSE-03-02703,CSE-03,LOW,2024-11-18T19:16:18,2024-11-18T19:23:27.548428,2024-11-18T20:38:31.635220,CLOSED,,TELCO-AAA-SRV,False
ALT-CSE-03-02704,CSE-03,HIGH,2024-10-26T12:37:34,2024-10-26T12:44:38.150931,2024-10-26T13:32:13.499237,CLOSED,,TELCO-AAA-SRV,False
ALT-CSE-03-02705,CSE-03,MEDIUM,2024-12-14T22:45:56,2024-12-14T22:54:01.385764,2024-12-14T23:42:30.281039,CLOSED,,5G-AMF-NODE-02,False
ALT-CSE-03-02706,CSE-03,HIGH,2024-10-29T09:27:15,2024-10-29T09:36:37.548252,2024-10-29T10:32:00.755057,CLOSED,,5G-CORE-UPF-01,False
ALT-CSE-03-02707,CSE-03,MEDIUM,2024-12-22T08:19:09,2024-12-22T08:23:34.554905,2024-12-22T09:10:18.154340,CLOSED,,5G-AMF-NODE-02,False
ALT-CSE-03-02708,CSE-03,LOW,2024-11-01T17:04:17,2024-11-01T17:09:30.721436,2024-11-01T17:48:21.196470,CLOSED,,TELCO-AAA-SRV,False
ALT-CSE-03-02709,CSE-03,LOW,2024-11-21T06:19:43,2024-11-21T06:24:20.345369,2024-11-21T07:34:05.437682,CLOSED,,TELCO-AAA-SRV,False
ALT-CSE-03-02710,CSE-03,MEDIUM,2024-12-02T05:20:48,2024-12-02T05:29:47.521274,2024-12-02T06:40:42.425862,CLOSED,,TELCO-AAA-SRV,False
ALT-CSE-03-02711,CSE-03,LOW,2024-12-14T01:49:47,2024-12-14T01:54:19.369539,2024-12-14T02:22:54.198847,CLOSED,,EDGE-GATEWAY-12,False
ALT-CSE-03-02712,CSE-03,CRITICAL,2024-11-21T10:50:56,2024-11-21T10:52:58.738158,2024-11-21T12:08:09.156976,CLOSED,,EDGE-GATEWAY-12,False
ALT-CSE-03-02713,CSE-03,MEDIUM,2024-12-29T18:55:27,2024-12-29T19:04:32.366026,2024-12-29T19:39:50.079610,CLOSED,,5G-CORE-UPF-01,False
ALT-CSE-03-02714,CSE-03,CRITICAL,2024-12-26T22:01:51,2024-12-26T22:08:40.175623,2024-12-26T22:44:05.075930,CLOSED,,5G-AMF-NODE-02,False
ALT-CSE-03-02715,CSE-03,LOW,2024-11-10T01:43:34,2024-11-10T01:49:25.521369,2024-11-10T02:49:04.830106,CLOSED,,EDGE-GATEWAY-12,False
ALT-CSE-03-02716,CSE-03,MEDIUM,2024-10-15T23:33:04,2024-10-15T23:38:46.797117,2024-10-16T00:12:28.559016,CLOSED,,TELCO-AAA-SRV,False
ALT-CSE-03-02717,CSE-03,LOW,2024-10-02T23:14:15,2024-10-02T23:23:15.963578,2024-10-03T00:24:03.728253,CLOSED,,EDGE-GATEWAY-12,False
ALT-CSE-03-02718,CSE-03,LOW,2024-11-05T17:51:27,2024-11-05T18:00:23.861299,2024-11-05T18:56:41.078147,CLOSED,,5G-AMF-NODE-02,False
ALT-CSE-03-02719,CSE-03,HIGH,2024-12-17T19:52:47,2024-12-17T20:00:54.859282,2024-12-17T21:09:22.953089,CLOSED,,5G-CORE-UPF-01,False
ALT-CSE-03-02720,CSE-03,MEDIUM,2024-12-19T02:16:10,2024-12-19T02:19:36.943462,2024-12-19T03:17:06.956449,CLOSED,,5G-AMF-NODE-02,False
ALT-CSE-03-02721,CSE-03,MEDIUM,2024-10-22T11:34:17,2024-10-22T11:41:45.322105,2024-10-22T12:05:23.436971,CLOSED,,CARRIER-ROUTER-99,False
ALT-CSE-03-02722,CSE-03,HIGH,2024-11-09T13:11:41,2024-11-09T13:15:52.324836,2024-11-09T14:34:45.952070,CLOSED,,TELCO-AAA-SRV,False
ALT-CSE-03-02723,CSE-03,HIGH,2024-11-24T19:07:21,2024-11-24T19:16:00.008592,2024-11-24T20:13:27.466027,CLOSED,CAS-CSE-03-0328,TELCO-AAA-SRV,True
ALT-CSE-03-02724,CSE-03,HIGH,2024-10-02T09:06:32,2024-10-02T09:11:38.050425,2024-10-02T10:19:28.150688,CLOSED,,EDGE-GATEWAY-12,False
ALT-CSE-03-02725,CSE-03,LOW,2024-10-26T20:13:02,2024-10-26T20:15:21.105225,2024-10-26T21:35:50.930595,CLOSED,,TELCO-AAA-SRV,False
ALT-CSE-03-02726,CSE-03,CRITICAL,2024-10-19T09:47:45,2024-10-19T09:56:49.631907,2024-10-19T10:59:01.388995,CLOSED,,TELCO-AAA-SRV,False
ALT-CSE-03-02727,CSE-03,CRITICAL,2024-11-14T15:39:22,2024-11-14T15:42:10.643890,2024-11-14T16:23:54.779789,CLOSED,,EDGE-GATEWAY-12,False
ALT-CSE-03-02728,CSE-03,CRITICAL,2024-11-15T04:08:10,2024-11-15T04:13:58.523961,2024-11-15T05:16:33.522199,CLOSED,CAS-CSE-03-0329,TELCO-AAA-SRV,False
ALT-CSE-03-02729,CSE-03,LOW,2024-12-17T03:40:46,2024-12-17T03:43:54.730621,2024-12-17T04:29:44.619725,CLOSED,,5G-AMF-NODE-02,False
ALT-CSE-03-02730,CSE-03,MEDIUM,2024-11-10T04:10:37,2024-11-10T04:20:01.708792,2024-11-10T04:45:15.307564,CLOSED,,5G-CORE-UPF-01,False
ALT-CSE-03-02731,CSE-03,LOW,2024-12-01T20:56:15,2024-12-01T21:03:07.443956,2024-12-01T22:02:05.995658,CLOSED,,TELCO-AAA-SRV,False
ALT-CSE-03-02732,CSE-03,MEDIUM,2024-10-06T00:05:21,2024-10-06T00:07:21.777342,2024-10-06T01:13:14.831733,CLOSED,,5G-CORE-UPF-01,False
ALT-CSE-03-02733,CSE-03,CRITICAL,2024-10-21T21:56:51,2024-10-21T21:59:54.487270,2024-10-21T23:01:29.074771,CLOSED,CAS-CSE-03-0330,5G-CORE-UPF-01,False
ALT-CSE-03-02734,CSE-03,MEDIUM,2024-11-06T16:38:05,2024-11-06T16:40:50.000608,2024-11-06T17:37:02.936480,CLOSED,,CARRIER-ROUTER-99,False
ALT-CSE-03-02735,CSE-03,LOW,2024-12-18T17:14:15,2024-12-18T17:19:52.808322,2024-12-18T17:44:36.361543,CLOSED,,5G-CORE-UPF-01,False
ALT-CSE-03-02736,CSE-03,LOW,2024-10-10T17:33:57,2024-10-10T17:35:59.962146,2024-10-10T18:12:10.899134,CLOSED,,5G-AMF-NODE-02,False
ALT-CSE-03-02737,CSE-03,HIGH,2024-10-12T07:58:29,2024-10-12T08:01:50.251545,2024-10-12T08:50:15.026724,CLOSED,,EDGE-GATEWAY-12,False
ALT-CSE-03-02738,CSE-03,CRITICAL,2024-10-10T07:13:35,2024-10-10T07:22:20.536827,2024-10-10T07:45:33.003382,CLOSED,,5G-CORE-UPF-01,False
ALT-CSE-03-02739,CSE-03,LOW,2024-12-26T17:17:14,2024-12-26T17:23:36.106559,2024-12-26T17:50:58.937746,CLOSED,,TELCO-AAA-SRV,False
ALT-CSE-03-02740,CSE-03,MEDIUM,2024-12-16T16:08:58,2024-12-16T16:13:06.932281,2024-12-16T17:11:18.472926,CLOSED,,5G-CORE-UPF-01,False
ALT-CSE-03-02741,CSE-03,LOW,2024-12-28T22:11:12,2024-12-28T22:16:54.336868,2024-12-28T23:15:04.786159,CLOSED,,TELCO-AAA-SRV,False
ALT-CSE-03-02742,CSE-03,LOW,2024-10-04T20:25:43,2024-10-04T20:34:25.623538,2024-10-04T21:01:45.615171,CLOSED,,EDGE-GATEWAY-12,False
ALT-CSE-03-02743,CSE-03,HIGH,2024-10-08T22:03:21,2024-10-08T22:11:40.911367,2024-10-08T23:25:03.451427,CLOSED,,5G-AMF-NODE-02,False
ALT-CSE-03-02744,CSE-03,LOW,2024-11-24T05:43:55,2024-11-24T05:47:06.913309,2024-11-24T06:22:15.968945,CLOSED,,5G-CORE-UPF-01,False
ALT-CSE-03-02745,CSE-03,MEDIUM,2024-10-25T23:31:54,2024-10-25T23:40:05.044611,2024-10-26T00:52:03.942693,CLOSED,,EDGE-GATEWAY-12,False
ALT-CSE-03-02746,CSE-03,LOW,2024-11-19T05:05:29,2024-11-19T05:12:31.938669,2024-11-19T05:42:10.091608,CLOSED,,TELCO-AAA-SRV,False
ALT-CSE-03-02747,CSE-03,HIGH,2024-10-07T02:35:54,2024-10-07T02:45:05.156566,2024-10-07T03:32:33.450580,CLOSED,,5G-AMF-NODE-02,False
ALT-CSE-03-02748,CSE-03,LOW,2024-10-25T13:57:54,2024-10-25T14:06:43.823257,2024-10-25T15:11:10.088196,CLOSED,,EDGE-GATEWAY-12,False
ALT-CSE-03-02749,CSE-03,MEDIUM,2024-11-01T17:35:28,2024-11-01T17:37:45.296132,2024-11-01T18:14:06.261349,CLOSED,,CARRIER-ROUTER-99,False
ALT-CSE-03-02750,CSE-03,LOW,2024-10-16T05:05:38,2024-10-16T05:14:50.503953,2024-10-16T05:40:13.973941,CLOSED,,EDGE-GATEWAY-12,False
ALT-CSE-03-02751,CSE-03,MEDIUM,2024-12-16T23:16:51,2024-12-16T23:19:59.122590,2024-12-17T00:04:45.478613,CLOSED,,CARRIER-ROUTER-99,False
ALT-CSE-03-02752,CSE-03,MEDIUM,2024-10-05T21:26:36,2024-10-05T21:31:15.040703,2024-10-05T22:22:15.797040,CLOSED,,CARRIER-ROUTER-99,False
ALT-CSE-03-02753,CSE-03,MEDIUM,2024-11-01T21:53:28,2024-11-01T21:55:28.947385,2024-11-01T23:11:52.444372,CLOSED,,CARRIER-ROUTER-99,False
ALT-CSE-03-02754,CSE-03,HIGH,2024-10-25T10:48:36,2024-10-25T10:55:48.407172,2024-10-25T11:26:12.450672,CLOSED,,CARRIER-ROUTER-99,False
ALT-CSE-03-02755,CSE-03,HIGH,2024-10-12T04:49:41,2024-10-12T04:56:57.542912,2024-10-12T05:54:17.878018,CLOSED,,TELCO-AAA-SRV,False
ALT-CSE-03-02756,CSE-03,MEDIUM,2024-10-13T03:08:54,2024-10-13T03:17:39.054823,2024-10-13T04:31:47.580746,CLOSED,,5G-AMF-NODE-02,False
ALT-CSE-03-02757,CSE-03,CRITICAL,2024-10-02T14:45:23,2024-10-02T14:50:35.297557,2024-10-02T15:53:20.677514,CLOSED,CAS-CSE-03-0331,5G-AMF-NODE-02,False
ALT-CSE-03-02758,CSE-03,CRITICAL,2024-11-20T21:02:01,2024-11-20T21:07:20.354014,2024-11-20T21:55:24.527965,CLOSED,,TELCO-AAA-SRV,False
ALT-CSE-03-02759,CSE-03,HIGH,2024-11-20T07:10:24,2024-11-20T07:19:28.519934,2024-11-20T07:50:11.026179,CLOSED,,EDGE-GATEWAY-12,False
ALT-CSE-03-02760,CSE-03,CRITICAL,2024-12-28T13:09:35,2024-12-28T13:13:08.745056,2024-12-28T13:42:58.877462,CLOSED,,CARRIER-ROUTER-99,False
ALT-CSE-03-02761,CSE-03,MEDIUM,2024-10-23T08:51:02,2024-10-23T08:53:17.019046,2024-10-23T09:52:51.412786,CLOSED,,TELCO-AAA-SRV,False
ALT-CSE-03-02762,CSE-03,MEDIUM,2024-12-24T04:10:16,2024-12-24T04:15:51.574102,2024-12-24T05:26:17.197318,CLOSED,,5G-AMF-NODE-02,False
ALT-CSE-03-02763,CSE-03,MEDIUM,2024-10-04T01:44:29,2024-10-04T01:51:32.728235,2024-10-04T03:06:35.160812,CLOSED,,EDGE-GATEWAY-12,False
ALT-CSE-03-02764,CSE-03,LOW,2024-12-03T04:20:36,2024-12-03T04:25:05.705575,2024-12-03T05:24:08.813619,CLOSED,,5G-CORE-UPF-01,False
ALT-CSE-03-02765,CSE-03,LOW,2024-12-01T21:20:05,2024-12-01T21:22:24.950407,2024-12-01T22:33:38.629631,CLOSED,,TELCO-AAA-SRV,False
ALT-CSE-03-02766,CSE-03,HIGH,2024-11-10T07:05:01,2024-11-10T07:09:23.946508,2024-11-10T08:29:53.355770,CLOSED,,CARRIER-ROUTER-99,False
ALT-CSE-03-02767,CSE-03,LOW,2024-11-01T03:20:44,2024-11-01T03:27:50.216025,2024-11-01T04:37:24.722847,CLOSED,,CARRIER-ROUTER-99,False
ALT-CSE-03-02768,CSE-03,LOW,2024-11-03T09:58:47,2024-11-03T10:04:31.531624,2024-11-03T11:08:12.989235,CLOSED,,5G-CORE-UPF-01,False
ALT-CSE-03-02769,CSE-03,HIGH,2024-12-19T03:36:24,2024-12-19T03:45:36.097412,2024-12-19T04:31:09.670768,CLOSED,,CARRIER-ROUTER-99,False
ALT-CSE-03-02770,CSE-03,HIGH,2024-11-18T17:42:38,2024-11-18T17:50:36.262342,2024-11-18T18:24:17.265674,CLOSED,,EDGE-GATEWAY-12,False
ALT-CSE-03-02771,CSE-03,LOW,2024-11-15T01:48:26,2024-11-15T01:56:35.481495,2024-11-15T02:26:27.871884,CLOSED,,5G-AMF-NODE-02,False
ALT-CSE-03-02772,CSE-03,LOW,2024-12-14T12:25:44,2024-12-14T12:30:45.257832,2024-12-14T13:48:34.851355,CLOSED,,CARRIER-ROUTER-99,False
ALT-CSE-03-02773,CSE-03,LOW,2024-11-21T20:59:50,2024-11-21T21:06:53.155852,2024-11-21T21:36:52.696895,CLOSED,,CARRIER-ROUTER-99,False
ALT-CSE-03-02774,CSE-03,LOW,2024-12-14T19:15:52,2024-12-14T19:24:15.518958,2024-12-14T20:39:48.571963,CLOSED,,CARRIER-ROUTER-99,False
ALT-CSE-03-02775,CSE-03,HIGH,2024-10-27T17:06:57,2024-10-27T17:14:07.867210,2024-10-27T17:47:21.045650,CLOSED,,5G-CORE-UPF-01,False
ALT-CSE-03-02776,CSE-03,HIGH,2024-10-10T17:18:30,2024-10-10T17:27:17.899136,2024-10-10T18:01:21.146353,CLOSED,,EDGE-GATEWAY-12,False
ALT-CSE-03-02777,CSE-03,HIGH,2024-12-27T07:06:10,2024-12-27T07:15:29.395658,2024-12-27T08:06:38.622740,CLOSED,,5G-AMF-NODE-02,False
ALT-CSE-03-02778,CSE-03,HIGH,2024-10-25T03:50:01,2024-10-25T03:54:27.715591,2024-10-25T05:12:37.180589,CLOSED,,5G-AMF-NODE-02,False
ALT-CSE-03-02779,CSE-03,HIGH,2024-11-10T12:13:38,2024-11-10T12:19:45.053655,2024-11-10T12:52:32.307737,CLOSED,CAS-CSE-03-0332,TELCO-AAA-SRV,False
ALT-CSE-03-02780,CSE-03,LOW,2024-12-14T19:04:50,2024-12-14T19:10:42.452281,2024-12-14T19:55:06.339893,CLOSED,,EDGE-GATEWAY-12,False
ALT-CSE-03-02781,CSE-03,LOW,2024-10-15T10:38:00,2024-10-15T10:45:18.978714,2024-10-15T12:01:31.541287,CLOSED,,5G-AMF-NODE-02,False
ALT-CSE-03-02782,CSE-03,LOW,2024-11-29T16:27:54,2024-11-29T16:34:16.645862,2024-11-29T17:04:07.038005,CLOSED,,5G-AMF-NODE-02,False
ALT-CSE-03-02783,CSE-03,LOW,2024-11-15T07:33:02,2024-11-15T07:40:08.638165,2024-11-15T08:07:03.642713,CLOSED,,EDGE-GATEWAY-12,False
ALT-CSE-03-02784,CSE-03,CRITICAL,2024-11-05T11:30:11,2024-11-05T11:37:33.555466,2024-11-05T12:26:41.009793,CLOSED,CAS-CSE-03-0333,5G-CORE-UPF-01,False
ALT-CSE-03-02785,CSE-03,LOW,2024-11-04T13:51:21,2024-11-04T13:59:20.373532,2024-11-04T14:50:24.481080,CLOSED,,TELCO-AAA-SRV,False
ALT-CSE-03-02786,CSE-03,LOW,2024-10-21T13:40:43,2024-10-21T13:43:16.184123,2024-10-21T14:24:06.052332,CLOSED,,CARRIER-ROUTER-99,False
ALT-CSE-03-02787,CSE-03,HIGH,2024-10-08T02:49:31,2024-10-08T02:52:25.314262,2024-10-08T03:49:30.682107,CLOSED,,TELCO-AAA-SRV,False
ALT-CSE-03-02788,CSE-03,HIGH,2024-11-26T00:10:15,2024-11-26T00:18:27.375409,2024-11-26T01:00:57.030439,CLOSED,,TELCO-AAA-SRV,False
ALT-CSE-03-02789,CSE-03,LOW,2024-11-05T08:51:27,2024-11-05T08:53:37.886419,2024-11-05T10:10:14.044525,CLOSED,,EDGE-GATEWAY-12,False
ALT-CSE-03-02790,CSE-03,LOW,2024-12-13T18:15:54,2024-12-13T18:18:59.811314,2024-12-13T19:33:50.785927,CLOSED,,CARRIER-ROUTER-99,False
ALT-CSE-03-02791,CSE-03,CRITICAL,2024-12-03T15:30:40,2024-12-03T15:40:10.501615,2024-12-03T16:31:16.986270,CLOSED,CAS-CSE-03-0334,CARRIER-ROUTER-99,True
ALT-CSE-03-02792,CSE-03,HIGH,2024-10-02T11:15:23,2024-10-02T11:17:40.036258,2024-10-02T12:10:39.119337,CLOSED,,5G-CORE-UPF-01,False
ALT-CSE-03-02793,CSE-03,MEDIUM,2024-11-02T14:41:57,2024-11-02T14:47:07.550357,2024-11-02T15:27:51.031819,CLOSED,,TELCO-AAA-SRV,False
ALT-CSE-03-02794,CSE-03,MEDIUM,2024-12-01T00:31:55,2024-12-01T00:35:25.574392,2024-12-01T01:02:23.118626,CLOSED,,EDGE-GATEWAY-12,False
ALT-CSE-03-02795,CSE-03,HIGH,2024-12-23T20:06:58,2024-12-23T20:10:32.882146,2024-12-23T20:46:02.371970,CLOSED,,TELCO-AAA-SRV,False
ALT-CSE-03-02796,CSE-03,MEDIUM,2024-10-22T23:22:46,2024-10-22T23:30:19.588544,2024-10-22T23:58:17.510947,CLOSED,,CARRIER-ROUTER-99,False
ALT-CSE-03-02797,CSE-03,HIGH,2024-12-12T11:42:46,2024-12-12T11:45:15.474432,2024-12-12T12:31:27.027728,CLOSED,,EDGE-GATEWAY-12,False
ALT-CSE-03-02798,CSE-03,LOW,2024-12-25T10:20:25,2024-12-25T10:29:18.342552,2024-12-25T11:45:00.256148,CLOSED,,CARRIER-ROUTER-99,False
ALT-CSE-03-02799,CSE-03,CRITICAL,2024-12-22T13:52:44,2024-12-22T14:02:32.847936,2024-12-22T14:32:57.632908,CLOSED,,CARRIER-ROUTER-99,False
ALT-CSE-03-02800,CSE-03,HIGH,2024-10-22T10:21:51,2024-10-22T10:24:05.754012,2024-10-22T11:12:33.107924,CLOSED,,CARRIER-ROUTER-99,False
ALT-CSE-03-02801,CSE-03,MEDIUM,2024-12-26T06:36:41,2024-12-26T06:39:34.768307,2024-12-26T07:58:24.648968,CLOSED,,EDGE-GATEWAY-12,False
ALT-CSE-03-02802,CSE-03,MEDIUM,2024-12-20T22:43:44,2024-12-20T22:52:58.475556,2024-12-20T23:41:34.654457,CLOSED,,5G-CORE-UPF-01,False
ALT-CSE-03-02803,CSE-03,MEDIUM,2024-10-30T04:07:53,2024-10-30T04:15:33.165267,2024-10-30T04:45:16.401541,CLOSED,,EDGE-GATEWAY-12,False
ALT-CSE-03-02804,CSE-03,MEDIUM,2024-12-20T21:16:52,2024-12-20T21:21:22.228856,2024-12-20T22:03:57.105112,CLOSED,,5G-CORE-UPF-01,False
ALT-CSE-03-02805,CSE-03,MEDIUM,2024-10-28T14:40:03,2024-10-28T14:47:18.187377,2024-10-28T15:24:19.563779,CLOSED,,EDGE-GATEWAY-12,False
ALT-CSE-03-02806,CSE-03,LOW,2024-10-29T10:18:50,2024-10-29T10:24:44.513269,2024-10-29T11:07:18.960811,CLOSED,,EDGE-GATEWAY-12,False
ALT-CSE-03-02807,CSE-03,LOW,2024-11-17T00:33:10,2024-11-17T00:41:34.541114,2024-11-17T01:12:04.385349,CLOSED,,CARRIER-ROUTER-99,False
ALT-CSE-03-02808,CSE-03,HIGH,2024-11-28T22:41:47,2024-11-28T22:47:26.959299,2024-11-28T23:42:47.940730,CLOSED,,EDGE-GATEWAY-12,False
ALT-CSE-03-02809,CSE-03,HIGH,2024-12-29T21:11:43,2024-12-29T21:20:05.853012,2024-12-29T22:00:24.560800,CLOSED,,5G-CORE-UPF-01,False
ALT-CSE-03-02810,CSE-03,MEDIUM,2024-10-28T03:26:12,2024-10-28T03:29:24.661593,2024-10-28T03:57:22.386464,CLOSED,,5G-CORE-UPF-01,False
ALT-CSE-03-02811,CSE-03,HIGH,2024-11-27T10:24:52,2024-11-27T10:31:45.321855,2024-11-27T11:01:22.895062,CLOSED,,TELCO-AAA-SRV,False
ALT-CSE-03-02812,CSE-03,MEDIUM,2024-11-01T05:40:09,2024-11-01T05:48:33.100600,2024-11-01T06:30:35.823973,CLOSED,,EDGE-GATEWAY-12,False
ALT-CSE-03-02813,CSE-03,MEDIUM,2024-12-03T00:04:02,2024-12-03T00:06:17.046362,2024-12-03T00:53:05.101301,CLOSED,,EDGE-GATEWAY-12,False
ALT-CSE-03-02814,CSE-03,MEDIUM,2024-11-07T07:34:12,2024-11-07T07:43:40.085998,2024-11-07T08:57:54.350579,CLOSED,,TELCO-AAA-SRV,False
ALT-CSE-03-02815,CSE-03,MEDIUM,2024-12-22T11:40:55,2024-12-22T11:49:11.780018,2024-12-22T12:23:56.817792,CLOSED,,CARRIER-ROUTER-99,False
ALT-CSE-03-02816,CSE-03,LOW,2024-12-29T22:38:30,2024-12-29T22:47:56.140179,2024-12-29T23:54:25.631617,CLOSED,,5G-CORE-UPF-01,False
ALT-CSE-03-02817,CSE-03,MEDIUM,2024-12-01T01:17:32,2024-12-01T01:26:41.493758,2024-12-01T02:23:31.368892,CLOSED,,CARRIER-ROUTER-99,False
ALT-CSE-03-02818,CSE-03,LOW,2024-11-27T18:05:32,2024-11-27T18:10:12.643906,2024-11-27T19:11:45.930440,CLOSED,,CARRIER-ROUTER-99,False
ALT-CSE-03-02819,CSE-03,MEDIUM,2024-10-21T00:21:10,2024-10-21T00:26:48.126610,2024-10-21T01:36:23.535386,CLOSED,,5G-AMF-NODE-02,False
ALT-CSE-03-02820,CSE-03,CRITICAL,2024-12-19T08:04:23,2024-12-19T08:09:15.222560,2024-12-19T08:51:30.801743,CLOSED,CAS-CSE-03-0335,5G-CORE-UPF-01,False
ALT-CSE-03-02821,CSE-03,HIGH,2024-10-10T05:17:54,2024-10-10T05:25:48.283028,2024-10-10T05:54:20.009616,CLOSED,,5G-CORE-UPF-01,False
ALT-CSE-03-02822,CSE-03,MEDIUM,2024-12-04T18:18:17,2024-12-04T18:21:55.994689,2024-12-04T19:18:55.707634,CLOSED,,TELCO-AAA-SRV,False
ALT-CSE-03-02823,CSE-03,HIGH,2024-10-29T13:01:59,2024-10-29T13:10:38.507321,2024-10-29T14:06:44.528946,CLOSED,CAS-CSE-03-0336,EDGE-GATEWAY-12,True
ALT-CSE-03-02824,CSE-03,HIGH,2024-10-22T09:17:08,2024-10-22T09:23:33.533419,2024-10-22T10:35:51.488571,CLOSED,,TELCO-AAA-SRV,False
ALT-CSE-03-02825,CSE-03,LOW,2024-10-23T10:13:22,2024-10-23T10:17:57.355749,2024-10-23T11:20:59.514613,CLOSED,,EDGE-GATEWAY-12,False
ALT-CSE-03-02826,CSE-03,HIGH,2024-12-26T23:56:22,2024-12-27T00:03:56.229707,2024-12-27T00:54:36.547968,CLOSED,,5G-CORE-UPF-01,False
ALT-CSE-03-02827,CSE-03,LOW,2024-12-16T01:35:29,2024-12-16T01:44:03.028371,2024-12-16T02:35:06.106092,CLOSED,,5G-AMF-NODE-02,False
ALT-CSE-03-02828,CSE-03,HIGH,2024-10-16T10:36:41,2024-10-16T10:44:27.360570,2024-10-16T11:33:17.901585,CLOSED,,CARRIER-ROUTER-99,False
ALT-CSE-03-02829,CSE-03,HIGH,2024-12-15T14:36:26,2024-12-15T14:40:03.008107,2024-12-15T15:13:17.401049,CLOSED,CAS-CSE-03-0337,EDGE-GATEWAY-12,True
ALT-CSE-03-02830,CSE-03,MEDIUM,2024-11-23T08:10:26,2024-11-23T08:15:47.935444,2024-11-23T09:09:46.658718,CLOSED,,TELCO-AAA-SRV,False
ALT-CSE-03-02831,CSE-03,MEDIUM,2024-10-15T20:54:43,2024-10-15T21:02:02.988200,2024-10-15T21:50:40.983897,CLOSED,,CARRIER-ROUTER-99,False
ALT-CSE-03-02832,CSE-03,CRITICAL,2024-10-22T13:50:21,2024-10-22T13:55:31.568224,2024-10-22T14:44:32.138707,CLOSED,CAS-CSE-03-0338,CARRIER-ROUTER-99,False
ALT-CSE-03-02833,CSE-03,CRITICAL,2024-11-07T06:23:01,2024-11-07T06:28:01.240271,2024-11-07T07:25:37.186104,CLOSED,CAS-CSE-03-0339,EDGE-GATEWAY-12,False
ALT-CSE-03-02834,CSE-03,HIGH,2024-12-23T00:54:24,2024-12-23T01:02:18.351262,2024-12-23T01:52:53.357790,CLOSED,,CARRIER-ROUTER-99,False
ALT-CSE-03-02835,CSE-03,HIGH,2024-11-10T19:32:11,2024-11-10T19:36:28.104607,2024-11-10T20:33:38.131025,CLOSED,,5G-CORE-UPF-01,False
ALT-CSE-03-02836,CSE-03,CRITICAL,2024-11-07T01:00:27,2024-11-07T01:08:30.256190,2024-11-07T02:09:21.789634,CLOSED,CAS-CSE-03-0340,TELCO-AAA-SRV,False
ALT-CSE-03-02837,CSE-03,MEDIUM,2024-10-13T03:41:42,2024-10-13T03:44:29.704466,2024-10-13T04:13:58.250003,CLOSED,,5G-CORE-UPF-01,False
ALT-CSE-03-02838,CSE-03,MEDIUM,2024-12-12T20:04:50,2024-12-12T20:14:38.931312,2024-12-12T20:48:34.415967,CLOSED,,5G-AMF-NODE-02,False
ALT-CSE-03-02839,CSE-03,MEDIUM,2024-12-11T19:38:01,2024-12-11T19:40:59.754674,2024-12-11T20:25:54.614212,CLOSED,,5G-AMF-NODE-02,False
ALT-CSE-03-02840,CSE-03,HIGH,2024-12-03T23:59:20,2024-12-04T00:02:02.704163,2024-12-04T01:14:23.202510,CLOSED,,5G-AMF-NODE-02,False
ALT-CSE-03-02841,CSE-03,MEDIUM,2024-10-07T00:04:50,2024-10-07T00:13:31.529438,2024-10-07T01:15:14.433093,CLOSED,,5G-AMF-NODE-02,False
ALT-CSE-03-02842,CSE-03,LOW,2024-11-20T01:20:34,2024-11-20T01:30:12.283046,2024-11-20T01:54:53.163026,CLOSED,,CARRIER-ROUTER-99,False
ALT-CSE-03-02843,CSE-03,MEDIUM,2024-12-06T04:16:42,2024-12-06T04:21:16.230101,2024-12-06T05:01:36.117074,CLOSED,,5G-AMF-NODE-02,False
ALT-CSE-03-02844,CSE-03,CRITICAL,2024-11-15T01:40:39,2024-11-15T01:47:48.951172,2024-11-15T02:53:41.461034,CLOSED,,TELCO-AAA-SRV,False
ALT-CSE-03-02845,CSE-03,MEDIUM,2024-11-15T12:33:48,2024-11-15T12:43:09.734567,2024-11-15T13:10:27.649591,CLOSED,,CARRIER-ROUTER-99,False
ALT-CSE-03-02846,CSE-03,LOW,2024-12-19T19:00:04,2024-12-19T19:08:47.595366,2024-12-19T20:15:26.642904,CLOSED,,CARRIER-ROUTER-99,False
ALT-CSE-03-02847,CSE-03,LOW,2024-11-18T16:24:28,2024-11-18T16:28:08.784315,2024-11-18T17:16:32.538451,CLOSED,,5G-AMF-NODE-02,False
ALT-CSE-03-02848,CSE-03,LOW,2024-12-25T23:42:59,2024-12-25T23:47:55.105988,2024-12-26T01:00:14.900860,CLOSED,,5G-AMF-NODE-02,False
ALT-CSE-03-02849,CSE-03,MEDIUM,2024-10-20T02:42:02,2024-10-20T02:44:21.083786,2024-10-20T03:37:09.303655,CLOSED,,CARRIER-ROUTER-99,False
ALT-CSE-03-02850,CSE-03,MEDIUM,2024-11-19T02:14:32,2024-11-19T02:23:02.543356,2024-11-19T03:06:44.752021,CLOSED,,5G-CORE-UPF-01,False
ALT-CSE-03-02851,CSE-03,MEDIUM,2024-10-06T15:58:49,2024-10-06T16:02:18.682783,2024-10-06T17:18:39.818496,CLOSED,,CARRIER-ROUTER-99,False
ALT-CSE-03-02852,CSE-03,CRITICAL,2024-12-09T19:33:06,2024-12-09T19:43:00.483237,2024-12-09T20:26:37.354757,CLOSED,CAS-CSE-03-0341,CARRIER-ROUTER-99,False
ALT-CSE-03-02853,CSE-03,CRITICAL,2024-11-05T01:15:11,2024-11-05T01:22:52.681489,2024-11-05T02:08:38.573035,CLOSED,,TELCO-AAA-SRV,False
ALT-CSE-03-02854,CSE-03,MEDIUM,2024-11-09T18:48:09,2024-11-09T18:53:07.777075,2024-11-09T20:05:25.396386,CLOSED,,5G-AMF-NODE-02,False
ALT-CSE-03-02855,CSE-03,HIGH,2024-12-14T02:29:14,2024-12-14T02:39:03.411809,2024-12-14T03:26:32.293094,CLOSED,,CARRIER-ROUTER-99,False
ALT-CSE-03-02856,CSE-03,CRITICAL,2024-12-05T07:00:38,2024-12-05T07:04:48.570625,2024-12-05T08:07:43.425488,CLOSED,,5G-AMF-NODE-02,False
ALT-CSE-03-02857,CSE-03,MEDIUM,2024-11-20T12:35:15,2024-11-20T12:39:31.096117,2024-11-20T13:51:39.499267,CLOSED,,CARRIER-ROUTER-99,False
ALT-CSE-03-02858,CSE-03,MEDIUM,2024-12-14T22:48:19,2024-12-14T22:53:25.132531,2024-12-14T23:18:42.507206,CLOSED,,5G-CORE-UPF-01,False
ALT-CSE-03-02859,CSE-03,MEDIUM,2024-12-06T15:25:27,2024-12-06T15:28:41.583160,2024-12-06T16:45:02.527982,CLOSED,,TELCO-AAA-SRV,False
ALT-CSE-03-02860,CSE-03,CRITICAL,2024-12-01T09:05:03,2024-12-01T09:08:47.030866,2024-12-01T10:23:51.378097,CLOSED,CAS-CSE-03-0342,EDGE-GATEWAY-12,False
ALT-CSE-03-02861,CSE-03,MEDIUM,2024-10-15T02:05:50,2024-10-15T02:11:38.842444,2024-10-15T03:06:59.070530,CLOSED,,EDGE-GATEWAY-12,False
ALT-CSE-03-02862,CSE-03,MEDIUM,2024-12-18T07:56:51,2024-12-18T08:00:36.785228,2024-12-18T09:13:06.328683,CLOSED,,5G-CORE-UPF-01,False
ALT-CSE-03-02863,CSE-03,LOW,2024-11-21T20:58:34,2024-11-21T21:04:23.379893,2024-11-21T22:01:46.975630,CLOSED,,5G-CORE-UPF-01,False
ALT-CSE-03-02864,CSE-03,MEDIUM,2024-10-01T06:21:20,2024-10-01T06:24:06.716828,2024-10-01T07:20:11.617889,CLOSED,,5G-CORE-UPF-01,False
ALT-CSE-03-02865,CSE-03,MEDIUM,2024-11-05T03:36:48,2024-11-05T03:42:27.167960,2024-11-05T04:47:44.742691,CLOSED,,5G-CORE-UPF-01,False
ALT-CSE-03-02866,CSE-03,MEDIUM,2024-11-20T11:30:35,2024-11-20T11:36:01.899591,2024-11-20T12:24:45.469178,CLOSED,,CARRIER-ROUTER-99,False
ALT-CSE-03-02867,CSE-03,MEDIUM,2024-10-13T05:55:44,2024-10-13T06:01:01.518516,2024-10-13T06:42:34.502714,CLOSED,,5G-CORE-UPF-01,False
ALT-CSE-03-02868,CSE-03,HIGH,2024-12-06T14:47:09,2024-12-06T14:53:17.798921,2024-12-06T15:29:30.990789,CLOSED,,TELCO-AAA-SRV,False
ALT-CSE-03-02869,CSE-03,LOW,2024-11-02T17:15:25,2024-11-02T17:23:45.941850,2024-11-02T17:49:50.402296,CLOSED,,TELCO-AAA-SRV,False
ALT-CSE-03-02870,CSE-03,HIGH,2024-10-21T00:32:37,2024-10-21T00:35:17.054131,2024-10-21T01:36:24.156745,CLOSED,,CARRIER-ROUTER-99,False
ALT-CSE-03-02871,CSE-03,MEDIUM,2024-10-12T05:38:57,2024-10-12T05:42:51.858925,2024-10-12T06:16:31.156793,CLOSED,,TELCO-AAA-SRV,False
ALT-CSE-03-02872,CSE-03,MEDIUM,2024-11-11T10:20:37,2024-11-11T10:29:01.050385,2024-11-11T11:33:42.283795,CLOSED,,CARRIER-ROUTER-99,False
ALT-CSE-03-02873,CSE-03,HIGH,2024-10-24T23:38:25,2024-10-24T23:48:02.176899,2024-10-25T00:31:41.142051,CLOSED,,5G-CORE-UPF-01,False
ALT-CSE-03-02874,CSE-03,LOW,2024-12-25T06:13:50,2024-12-25T06:16:51.219051,2024-12-25T07:07:53.069871,CLOSED,,TELCO-AAA-SRV,False
ALT-CSE-03-02875,CSE-03,MEDIUM,2024-11-02T18:34:31,2024-11-02T18:37:23.920239,2024-11-02T19:16:18.843557,CLOSED,,5G-CORE-UPF-01,False
ALT-CSE-03-02876,CSE-03,MEDIUM,2024-11-15T12:23:12,2024-11-15T12:25:57.906775,2024-11-15T13:11:20.062944,CLOSED,,EDGE-GATEWAY-12,False
ALT-CSE-03-02877,CSE-03,MEDIUM,2024-11-10T03:18:38,2024-11-10T03:22:00.634456,2024-11-10T03:53:44.905929,CLOSED,,5G-AMF-NODE-02,False
ALT-CSE-03-02878,CSE-03,HIGH,2024-10-23T17:53:48,2024-10-23T18:02:04.421994,2024-10-23T18:25:05.524886,CLOSED,,TELCO-AAA-SRV,False
ALT-CSE-03-02879,CSE-03,CRITICAL,2024-11-15T23:04:43,2024-11-15T23:09:12.359156,2024-11-16T00:07:19.093616,CLOSED,,EDGE-GATEWAY-12,False
ALT-CSE-03-02880,CSE-03,MEDIUM,2024-11-13T06:54:37,2024-11-13T06:59:01.730760,2024-11-13T08:05:35.174615,CLOSED,,TELCO-AAA-SRV,False
ALT-CSE-03-02881,CSE-03,MEDIUM,2024-10-30T13:41:30,2024-10-30T13:49:10.252906,2024-10-30T14:41:08.191069,CLOSED,,5G-CORE-UPF-01,False
ALT-CSE-03-02882,CSE-03,MEDIUM,2024-12-26T07:10:27,2024-12-26T07:19:17.405685,2024-12-26T08:07:18.809198,CLOSED,,EDGE-GATEWAY-12,False
ALT-CSE-03-02883,CSE-03,LOW,2024-12-04T00:48:07,2024-12-04T00:51:31.908828,2024-12-04T01:59:48.875887,CLOSED,,CARRIER-ROUTER-99,False
ALT-CSE-03-02884,CSE-03,LOW,2024-11-19T12:37:38,2024-11-19T12:43:58.784395,2024-11-19T13:34:33.707324,CLOSED,,TELCO-AAA-SRV,False
ALT-CSE-03-02885,CSE-03,HIGH,2024-10-04T21:10:26,2024-10-04T21:19:37.935629,2024-10-04T21:59:45.492085,CLOSED,,5G-CORE-UPF-01,False
ALT-CSE-03-02886,CSE-03,HIGH,2024-10-21T04:40:10,2024-10-21T04:44:38.964370,2024-10-21T05:46:45.614236,CLOSED,,EDGE-GATEWAY-12,False
ALT-CSE-03-02887,CSE-03,MEDIUM,2024-11-10T08:51:25,2024-11-10T08:56:00.143961,2024-11-10T09:44:24.805544,CLOSED,,EDGE-GATEWAY-12,False
ALT-CSE-03-02888,CSE-03,LOW,2024-12-06T23:11:40,2024-12-06T23:19:37.642572,2024-12-07T00:11:40.193393,CLOSED,,CARRIER-ROUTER-99,False
ALT-CSE-03-02889,CSE-03,HIGH,2024-12-25T21:14:02,2024-12-25T21:19:58.140015,2024-12-25T21:56:35.959384,CLOSED,CAS-CSE-03-0343,EDGE-GATEWAY-12,False
ALT-CSE-03-02890,CSE-03,LOW,2024-12-29T12:44:46,2024-12-29T12:53:58.763580,2024-12-29T13:49:58.405176,CLOSED,,CARRIER-ROUTER-99,False
ALT-CSE-03-02891,CSE-03,LOW,2024-10-09T11:21:35,2024-10-09T11:23:47.245412,2024-10-09T12:11:51.526027,CLOSED,,TELCO-AAA-SRV,False
ALT-CSE-03-02892,CSE-03,LOW,2024-10-14T03:22:01,2024-10-14T03:28:54.221034,2024-10-14T04:31:53.328142,CLOSED,,EDGE-GATEWAY-12,False
ALT-CSE-03-02893,CSE-03,LOW,2024-11-10T22:21:19,2024-11-10T22:30:01.659495,2024-11-10T23:11:29.058676,CLOSED,,5G-AMF-NODE-02,False
ALT-CSE-03-02894,CSE-03,LOW,2024-12-15T01:58:54,2024-12-15T02:01:14.460373,2024-12-15T02:52:03.287493,CLOSED,,TELCO-AAA-SRV,False
ALT-CSE-03-02895,CSE-03,MEDIUM,2024-12-24T04:16:46,2024-12-24T04:20:39.429135,2024-12-24T05:20:08.718149,CLOSED,,5G-AMF-NODE-02,False
ALT-CSE-03-02896,CSE-03,LOW,2024-11-12T18:40:21,2024-11-12T18:49:11.380371,2024-11-12T19:37:08.076862,CLOSED,,CARRIER-ROUTER-99,False
ALT-CSE-03-02897,CSE-03,HIGH,2024-10-10T05:16:13,2024-10-10T05:18:29.066374,2024-10-10T06:26:39.689142,CLOSED,,EDGE-GATEWAY-12,False
ALT-CSE-03-02898,CSE-03,HIGH,2024-11-26T20:06:12,2024-11-26T20:11:57.177683,2024-11-26T20:42:54.612021,CLOSED,,5G-CORE-UPF-01,False
ALT-CSE-03-02899,CSE-03,MEDIUM,2024-12-08T09:52:11,2024-12-08T09:54:37.385312,2024-12-08T10:22:51.400095,CLOSED,,CARRIER-ROUTER-99,False
ALT-CSE-03-02900,CSE-03,CRITICAL,2024-12-11T10:23:40,2024-12-11T10:27:37.844911,2024-12-11T11:34:12.302356,CLOSED,CAS-CSE-03-0344,5G-CORE-UPF-01,False
ALT-CSE-03-02901,CSE-03,LOW,2024-11-17T03:35:46,2024-11-17T03:39:21.086715,2024-11-17T04:45:54.642887,CLOSED,,5G-AMF-NODE-02,False
ALT-CSE-03-02902,CSE-03,LOW,2024-12-28T20:36:37,2024-12-28T20:39:02.430024,2024-12-28T21:11:00.124028,CLOSED,,5G-CORE-UPF-01,False
ALT-CSE-03-02903,CSE-03,MEDIUM,2024-11-08T07:24:31,2024-11-08T07:28:46.090118,2024-11-08T08:18:28.436196,CLOSED,,CARRIER-ROUTER-99,False
ALT-CSE-03-02904,CSE-03,CRITICAL,2024-11-18T16:43:10,2024-11-18T16:52:37.405693,2024-11-18T17:39:17.136352,CLOSED,,TELCO-AAA-SRV,False
ALT-CSE-03-02905,CSE-03,MEDIUM,2024-12-02T09:07:16,2024-12-02T09:14:14.652270,2024-12-02T10:06:11.644798,CLOSED,,EDGE-GATEWAY-12,False
ALT-CSE-03-02906,CSE-03,LOW,2024-11-03T22:45:29,2024-11-03T22:54:18.705462,2024-11-03T23:49:53.893922,CLOSED,,TELCO-AAA-SRV,False
ALT-CSE-03-02907,CSE-03,MEDIUM,2024-12-25T09:06:18,2024-12-25T09:11:08.649184,2024-12-25T10:14:49.882669,CLOSED,,TELCO-AAA-SRV,False
ALT-CSE-03-02908,CSE-03,CRITICAL,2024-10-29T09:02:42,2024-10-29T09:11:41.423460,2024-10-29T09:37:27.792987,CLOSED,,EDGE-GATEWAY-12,False
ALT-CSE-03-02909,CSE-03,LOW,2024-11-10T11:03:59,2024-11-10T11:06:31.177466,2024-11-10T12:21:41.843838,CLOSED,,5G-CORE-UPF-01,False
ALT-CSE-03-02910,CSE-03,LOW,2024-11-27T04:15:02,2024-11-27T04:22:42.067535,2024-11-27T05:36:44.186660,CLOSED,,5G-AMF-NODE-02,False
ALT-CSE-03-02911,CSE-03,MEDIUM,2024-11-25T10:41:11,2024-11-25T10:49:36.456042,2024-11-25T11:16:29.232019,CLOSED,,EDGE-GATEWAY-12,False
ALT-CSE-03-02912,CSE-03,LOW,2024-12-23T02:00:55,2024-12-23T02:08:41.897637,2024-12-23T03:11:23.455515,CLOSED,,5G-AMF-NODE-02,False
ALT-CSE-03-02913,CSE-03,LOW,2024-12-13T23:24:49,2024-12-13T23:30:45.723373,2024-12-14T00:23:14.259929,CLOSED,,TELCO-AAA-SRV,False
ALT-CSE-03-02914,CSE-03,MEDIUM,2024-12-23T04:07:22,2024-12-23T04:12:46.316093,2024-12-23T05:30:46.847643,CLOSED,,EDGE-GATEWAY-12,False
ALT-CSE-03-02915,CSE-03,MEDIUM,2024-10-30T06:56:33,2024-10-30T06:59:43.128257,2024-10-30T07:27:41.887971,CLOSED,,5G-AMF-NODE-02,False
ALT-CSE-03-02916,CSE-03,LOW,2024-12-18T16:01:20,2024-12-18T16:05:58.860334,2024-12-18T17:06:36.873282,CLOSED,,5G-CORE-UPF-01,False
ALT-CSE-03-02917,CSE-03,LOW,2024-12-28T22:06:54,2024-12-28T22:10:01.108974,2024-12-28T22:42:03.481931,CLOSED,,CARRIER-ROUTER-99,False
ALT-CSE-03-02918,CSE-03,LOW,2024-10-04T19:39:41,2024-10-04T19:47:33.480146,2024-10-04T21:04:33.387507,CLOSED,,CARRIER-ROUTER-99,False
ALT-CSE-03-02919,CSE-03,LOW,2024-12-18T07:22:47,2024-12-18T07:26:34.018503,2024-12-18T08:11:20.119591,CLOSED,,EDGE-GATEWAY-12,False
ALT-CSE-03-02920,CSE-03,HIGH,2024-11-06T06:27:48,2024-11-06T06:33:36.665651,2024-11-06T07:00:43.046431,CLOSED,,EDGE-GATEWAY-12,False
ALT-CSE-03-02921,CSE-03,MEDIUM,2024-12-06T22:17:46,2024-12-06T22:20:19.914509,2024-12-06T22:49:25.910471,CLOSED,,CARRIER-ROUTER-99,False
ALT-CSE-03-02922,CSE-03,LOW,2024-12-01T10:05:46,2024-12-01T10:13:12.261192,2024-12-01T10:44:49.136573,CLOSED,,EDGE-GATEWAY-12,False
ALT-CSE-03-02923,CSE-03,MEDIUM,2024-10-30T05:26:07,2024-10-30T05:34:17.930793,2024-10-30T06:07:26.825977,CLOSED,,TELCO-AAA-SRV,False
ALT-CSE-03-02924,CSE-03,MEDIUM,2024-11-08T16:24:40,2024-11-08T16:27:13.532709,2024-11-08T17:32:52.687840,CLOSED,,EDGE-GATEWAY-12,False
ALT-CSE-03-02925,CSE-03,MEDIUM,2024-11-17T15:54:44,2024-11-17T15:59:44.839979,2024-11-17T16:30:58.663022,CLOSED,,5G-AMF-NODE-02,False
ALT-CSE-03-02926,CSE-03,HIGH,2024-12-01T06:23:12,2024-12-01T06:27:46.015622,2024-12-01T07:34:29.039904,CLOSED,,5G-AMF-NODE-02,False
ALT-CSE-03-02927,CSE-03,LOW,2024-10-12T16:46:06,2024-10-12T16:50:51.335132,2024-10-12T17:26:57.348413,CLOSED,,EDGE-GATEWAY-12,False
ALT-CSE-03-02928,CSE-03,MEDIUM,2024-12-06T09:43:54,2024-12-06T09:52:56.111200,2024-12-06T10:44:36.958702,CLOSED,,EDGE-GATEWAY-12,False
ALT-CSE-03-02929,CSE-03,LOW,2024-12-09T05:55:48,2024-12-09T06:04:43.752541,2024-12-09T06:39:16.583463,CLOSED,,5G-CORE-UPF-01,False
ALT-CSE-03-02930,CSE-03,HIGH,2024-12-28T13:42:00,2024-12-28T13:44:24.251164,2024-12-28T14:40:35.351673,CLOSED,,5G-CORE-UPF-01,False
ALT-CSE-03-02931,CSE-03,HIGH,2024-12-15T14:31:28,2024-12-15T14:33:42.177806,2024-12-15T15:11:06.721155,CLOSED,CAS-CSE-03-0345,5G-AMF-NODE-02,False
ALT-CSE-03-02932,CSE-03,MEDIUM,2024-10-25T10:06:13,2024-10-25T10:09:40.995653,2024-10-25T10:49:37.041764,CLOSED,,TELCO-AAA-SRV,False
ALT-CSE-03-02933,CSE-03,MEDIUM,2024-10-22T03:20:44,2024-10-22T03:23:21.259639,2024-10-22T04:07:10.503923,CLOSED,,5G-AMF-NODE-02,False
ALT-CSE-03-02934,CSE-03,HIGH,2024-10-29T09:14:13,2024-10-29T09:23:17.530371,2024-10-29T10:08:24.431669,CLOSED,,EDGE-GATEWAY-12,False
ALT-CSE-03-02935,CSE-03,LOW,2024-12-24T13:51:32,2024-12-24T14:00:08.660030,2024-12-24T14:30:28.082146,CLOSED,,5G-CORE-UPF-01,False
ALT-CSE-03-02936,CSE-03,LOW,2024-12-16T02:04:12,2024-12-16T02:13:15.538812,2024-12-16T03:07:30.291806,CLOSED,,CARRIER-ROUTER-99,False
ALT-CSE-03-02937,CSE-03,MEDIUM,2024-12-02T07:28:52,2024-12-02T07:35:44.655340,2024-12-02T08:04:17.202263,CLOSED,,5G-CORE-UPF-01,False
ALT-CSE-03-02938,CSE-03,MEDIUM,2024-11-18T03:08:01,2024-11-18T03:17:09.323743,2024-11-18T04:07:49.540480,CLOSED,,5G-AMF-NODE-02,False
ALT-CSE-03-02939,CSE-03,CRITICAL,2024-11-03T01:46:41,2024-11-03T01:55:49.823095,2024-11-03T03:06:20.632128,CLOSED,,5G-CORE-UPF-01,False
ALT-CSE-03-02940,CSE-03,MEDIUM,2024-11-17T14:34:02,2024-11-17T14:41:30.251080,2024-11-17T15:27:14.040402,CLOSED,,5G-CORE-UPF-01,False
ALT-CSE-03-02941,CSE-03,HIGH,2024-10-27T14:08:17,2024-10-27T14:15:46.965257,2024-10-27T15:14:43.043668,CLOSED,,CARRIER-ROUTER-99,False
ALT-CSE-03-02942,CSE-03,MEDIUM,2024-12-19T06:30:43,2024-12-19T06:33:21.541515,2024-12-19T07:50:14.104499,CLOSED,,CARRIER-ROUTER-99,False
ALT-CSE-03-02943,CSE-03,CRITICAL,2024-11-08T11:40:00,2024-11-08T11:45:08.241102,2024-11-08T12:36:28.697371,CLOSED,CAS-CSE-03-0346,CARRIER-ROUTER-99,False
ALT-CSE-03-02944,CSE-03,LOW,2024-11-21T13:59:29,2024-11-21T14:08:41.834058,2024-11-21T14:53:19.517759,CLOSED,,EDGE-GATEWAY-12,False
ALT-CSE-03-02945,CSE-03,MEDIUM,2024-12-21T03:46:13,2024-12-21T03:54:22.674749,2024-12-21T05:02:50.246821,CLOSED,,TELCO-AAA-SRV,False
ALT-CSE-03-02946,CSE-03,MEDIUM,2024-12-07T14:29:23,2024-12-07T14:37:23.371849,2024-12-07T15:24:49.216461,CLOSED,,TELCO-AAA-SRV,False
ALT-CSE-03-02947,CSE-03,HIGH,2024-10-07T09:24:19,2024-10-07T09:30:55.106627,2024-10-07T10:25:42.427712,CLOSED,,EDGE-GATEWAY-12,False
ALT-CSE-03-02948,CSE-03,LOW,2024-11-17T19:58:03,2024-11-17T20:03:05.248413,2024-11-17T21:08:54.495928,CLOSED,,5G-CORE-UPF-01,False
ALT-CSE-03-02949,CSE-03,MEDIUM,2024-12-13T00:32:24,2024-12-13T00:42:14.669190,2024-12-13T01:37:25.881085,CLOSED,,5G-CORE-UPF-01,False
ALT-CSE-03-02950,CSE-03,HIGH,2024-12-02T18:52:53,2024-12-02T18:58:23.505956,2024-12-02T20:10:16.966933,CLOSED,,CARRIER-ROUTER-99,False
ALT-CSE-03-02951,CSE-03,HIGH,2024-10-18T18:30:38,2024-10-18T18:36:10.378292,2024-10-18T19:55:06.388893,CLOSED,,5G-AMF-NODE-02,False
ALT-CSE-03-02952,CSE-03,CRITICAL,2024-10-02T00:45:57,2024-10-02T00:49:42.318659,2024-10-02T01:45:55.825401,CLOSED,CAS-CSE-03-0347,CARRIER-ROUTER-99,False
ALT-CSE-03-02953,CSE-03,MEDIUM,2024-11-03T01:23:26,2024-11-03T01:32:06.077358,2024-11-03T02:10:20.805281,CLOSED,,EDGE-GATEWAY-12,False
ALT-CSE-03-02954,CSE-03,CRITICAL,2024-12-14T01:26:41,2024-12-14T01:35:31.567059,2024-12-14T02:19:29.217655,CLOSED,CAS-CSE-03-0348,EDGE-GATEWAY-12,False
ALT-CSE-03-02955,CSE-03,MEDIUM,2024-11-17T05:46:47,2024-11-17T05:54:21.538231,2024-11-17T06:49:54.324440,CLOSED,,5G-AMF-NODE-02,False
ALT-CSE-03-02956,CSE-03,MEDIUM,2024-10-01T17:57:46,2024-10-01T18:01:26.569741,2024-10-01T18:59:44.315124,CLOSED,,5G-AMF-NODE-02,False
ALT-CSE-03-02957,CSE-03,MEDIUM,2024-12-23T09:33:46,2024-12-23T09:43:13.109535,2024-12-23T10:31:19.983485,CLOSED,,5G-CORE-UPF-01,False
ALT-CSE-03-02958,CSE-03,MEDIUM,2024-10-21T02:22:59,2024-10-21T02:28:44.810007,2024-10-21T03:13:27.118296,CLOSED,,TELCO-AAA-SRV,False
ALT-CSE-03-02959,CSE-03,MEDIUM,2024-12-16T07:48:58,2024-12-16T07:57:50.134044,2024-12-16T08:36:59.341895,CLOSED,,TELCO-AAA-SRV,False
ALT-CSE-03-02960,CSE-03,LOW,2024-10-21T19:30:13,2024-10-21T19:32:15.043194,2024-10-21T20:08:05.928819,CLOSED,,TELCO-AAA-SRV,False
ALT-CSE-03-02961,CSE-03,HIGH,2024-10-02T18:05:44,2024-10-02T18:15:01.288495,2024-10-02T18:41:52.361254,CLOSED,CAS-CSE-03-0349,CARRIER-ROUTER-99,True
ALT-CSE-03-02962,CSE-03,CRITICAL,2024-10-08T09:09:04,2024-10-08T09:12:10.299369,2024-10-08T10:02:15.157613,CLOSED,CAS-CSE-03-0350,5G-CORE-UPF-01,False
ALT-CSE-03-02963,CSE-03,MEDIUM,2024-12-21T09:22:56,2024-12-21T09:32:10.863005,2024-12-21T10:13:16.565023,CLOSED,,TELCO-AAA-SRV,False
ALT-CSE-03-02964,CSE-03,HIGH,2024-10-28T19:31:26,2024-10-28T19:39:35.645658,2024-10-28T20:09:43.283423,CLOSED,,TELCO-AAA-SRV,False
ALT-CSE-03-02965,CSE-03,HIGH,2024-12-18T10:39:35,2024-12-18T10:46:50.690498,2024-12-18T11:36:36.330142,CLOSED,,5G-AMF-NODE-02,False
ALT-CSE-03-02966,CSE-03,LOW,2024-10-15T18:42:01,2024-10-15T18:50:27.622765,2024-10-15T20:05:11.379887,CLOSED,,5G-CORE-UPF-01,False
ALT-CSE-03-02967,CSE-03,MEDIUM,2024-10-07T19:44:05,2024-10-07T19:46:34.213720,2024-10-07T20:22:01.810404,CLOSED,,CARRIER-ROUTER-99,False
ALT-CSE-03-02968,CSE-03,MEDIUM,2024-12-22T02:03:24,2024-12-22T02:11:07.702871,2024-12-22T03:10:38.021467,CLOSED,,TELCO-AAA-SRV,False
ALT-CSE-03-02969,CSE-03,HIGH,2024-12-01T01:35:09,2024-12-01T01:40:49.715663,2024-12-01T02:37:27.871559,CLOSED,,TELCO-AAA-SRV,False
ALT-CSE-03-02970,CSE-03,MEDIUM,2024-11-28T13:11:51,2024-11-28T13:15:48.413670,2024-11-28T14:29:53.132031,CLOSED,,5G-AMF-NODE-02,False
ALT-CSE-03-02971,CSE-03,LOW,2024-11-29T11:57:16,2024-11-29T12:05:23.584168,2024-11-29T12:40:47.044651,CLOSED,,5G-AMF-NODE-02,False
ALT-CSE-03-02972,CSE-03,MEDIUM,2024-11-21T03:57:27,2024-11-21T04:03:01.131717,2024-11-21T04:51:04.586609,CLOSED,,EDGE-GATEWAY-12,False
ALT-CSE-03-02973,CSE-03,HIGH,2024-12-09T21:04:18,2024-12-09T21:12:40.304282,2024-12-09T22:03:00.612824,CLOSED,,5G-AMF-NODE-02,False
ALT-CSE-03-02974,CSE-03,HIGH,2024-10-12T22:03:08,2024-10-12T22:12:48.604158,2024-10-12T22:44:42.298894,CLOSED,,TELCO-AAA-SRV,False
ALT-CSE-03-02975,CSE-03,LOW,2024-10-10T22:50:00,2024-10-10T22:59:17.304268,2024-10-10T23:40:50.347361,CLOSED,,5G-AMF-NODE-02,False
ALT-CSE-03-02976,CSE-03,MEDIUM,2024-10-25T05:19:05,2024-10-25T05:23:44.658134,2024-10-25T06:16:05.812425,CLOSED,,EDGE-GATEWAY-12,False
ALT-CSE-03-02977,CSE-03,LOW,2024-12-01T08:13:15,2024-12-01T08:20:10.533704,2024-12-01T09:09:38.743905,CLOSED,,TELCO-AAA-SRV,False
ALT-CSE-03-02978,CSE-03,HIGH,2024-12-01T08:12:27,2024-12-01T08:17:19.756384,2024-12-01T08:48:43.220495,CLOSED,,5G-CORE-UPF-01,False
ALT-CSE-03-02979,CSE-03,MEDIUM,2024-11-20T03:19:53,2024-11-20T03:23:55.712747,2024-11-20T04:40:11.690832,CLOSED,,TELCO-AAA-SRV,False
ALT-CSE-03-02980,CSE-03,CRITICAL,2024-10-20T02:58:28,2024-10-20T03:07:54.189258,2024-10-20T04:19:34.243542,CLOSED,CAS-CSE-03-0351,CARRIER-ROUTER-99,False
ALT-CSE-03-02981,CSE-03,CRITICAL,2024-11-08T07:30:34,2024-11-08T07:36:16.575173,2024-11-08T08:55:26.060706,CLOSED,CAS-CSE-03-0352,5G-AMF-NODE-02,False
ALT-CSE-03-02982,CSE-03,MEDIUM,2024-12-27T05:06:01,2024-12-27T05:08:28.157418,2024-12-27T05:58:14.725283,CLOSED,,TELCO-AAA-SRV,False
ALT-CSE-03-02983,CSE-03,MEDIUM,2024-11-13T03:14:19,2024-11-13T03:22:46.138036,2024-11-13T04:13:55.379228,CLOSED,,TELCO-AAA-SRV,False
ALT-CSE-03-02984,CSE-03,LOW,2024-12-05T02:49:04,2024-12-05T02:56:45.761977,2024-12-05T03:57:38.048555,CLOSED,,TELCO-AAA-SRV,False
ALT-CSE-03-02985,CSE-03,CRITICAL,2024-10-07T13:32:37,2024-10-07T13:42:28.982168,2024-10-07T14:05:06.842878,CLOSED,CAS-CSE-03-0353,EDGE-GATEWAY-12,False
ALT-CSE-03-02986,CSE-03,LOW,2024-11-25T17:53:15,2024-11-25T18:02:24.455343,2024-11-25T18:35:46.323099,CLOSED,,5G-CORE-UPF-01,False
ALT-CSE-03-02987,CSE-03,MEDIUM,2024-12-07T04:49:40,2024-12-07T04:55:33.235674,2024-12-07T05:22:01.580674,CLOSED,,TELCO-AAA-SRV,False
ALT-CSE-03-02988,CSE-03,HIGH,2024-10-25T21:11:40,2024-10-25T21:14:47.337223,2024-10-25T21:48:07.250616,CLOSED,,5G-AMF-NODE-02,False
ALT-CSE-03-02989,CSE-03,HIGH,2024-11-23T23:49:01,2024-11-23T23:56:33.602588,2024-11-24T00:46:24.722596,CLOSED,,5G-CORE-UPF-01,False
ALT-CSE-03-02990,CSE-03,MEDIUM,2024-10-27T13:52:08,2024-10-27T14:00:22.365556,2024-10-27T14:28:14.400752,CLOSED,,EDGE-GATEWAY-12,False
ALT-CSE-03-02991,CSE-03,LOW,2024-12-13T05:37:51,2024-12-13T05:42:59.858121,2024-12-13T06:19:28.866888,CLOSED,,EDGE-GATEWAY-12,False
ALT-CSE-03-02992,CSE-03,HIGH,2024-11-08T20:34:16,2024-11-08T20:38:10.344691,2024-11-08T21:24:18.287872,CLOSED,,CARRIER-ROUTER-99,False
ALT-CSE-03-02993,CSE-03,MEDIUM,2024-12-22T09:05:48,2024-12-22T09:09:25.868817,2024-12-22T10:06:05.417163,CLOSED,,TELCO-AAA-SRV,False
ALT-CSE-03-02994,CSE-03,LOW,2024-12-18T10:46:41,2024-12-18T10:51:51.434711,2024-12-18T11:55:09.777365,CLOSED,,CARRIER-ROUTER-99,False
ALT-CSE-03-02995,CSE-03,CRITICAL,2024-11-15T03:42:08,2024-11-15T03:45:15.138222,2024-11-15T05:03:12.870151,CLOSED,,5G-AMF-NODE-02,False
ALT-CSE-03-02996,CSE-03,MEDIUM,2024-12-09T03:11:45,2024-12-09T03:19:18.388829,2024-12-09T04:10:36.413420,CLOSED,,5G-CORE-UPF-01,False
ALT-CSE-03-02997,CSE-03,CRITICAL,2024-11-30T09:10:07,2024-11-30T09:18:36.661411,2024-11-30T10:30:19.794666,CLOSED,CAS-CSE-03-0354,EDGE-GATEWAY-12,False
ALT-CSE-03-02998,CSE-03,HIGH,2024-12-07T16:45:43,2024-12-07T16:55:31.442033,2024-12-07T17:51:11.080356,CLOSED,,CARRIER-ROUTER-99,False
ALT-CSE-03-02999,CSE-03,MEDIUM,2024-11-01T17:20:38,2024-11-01T17:23:09.102091,2024-11-01T18:05:20.034973,CLOSED,,5G-CORE-UPF-01,False
ALT-CSE-03-03000,CSE-03,HIGH,2024-12-13T08:31:08,2024-12-13T08:36:52.239714,2024-12-13T09:13:25.512951,CLOSED,,TELCO-AAA-SRV,False
ALT-CSE-03-03001,CSE-03,MEDIUM,2024-10-22T21:52:22,2024-10-22T22:01:03.445180,2024-10-22T23:14:41.324843,CLOSED,,CARRIER-ROUTER-99,False
ALT-CSE-03-03002,CSE-03,HIGH,2024-11-07T01:25:58,2024-11-07T01:34:41.619919,2024-11-07T02:29:59.453196,CLOSED,,5G-CORE-UPF-01,False
ALT-CSE-03-03003,CSE-03,MEDIUM,2024-12-10T01:26:41,2024-12-10T01:36:01.663962,2024-12-10T02:29:58.162499,CLOSED,,TELCO-AAA-SRV,False
ALT-CSE-03-03004,CSE-03,MEDIUM,2024-10-15T12:21:27,2024-10-15T12:24:44.137446,2024-10-15T13:29:49.191831,CLOSED,,CARRIER-ROUTER-99,False
ALT-CSE-03-03005,CSE-03,LOW,2024-11-06T18:48:48,2024-11-06T18:56:38.621648,2024-11-06T19:23:27.092765,CLOSED,,CARRIER-ROUTER-99,False
ALT-CSE-03-03006,CSE-03,LOW,2024-10-24T00:06:59,2024-10-24T00:16:34.905570,2024-10-24T00:37:33.576682,CLOSED,,TELCO-AAA-SRV,False
ALT-CSE-03-03007,CSE-03,CRITICAL,2024-11-14T16:22:38,2024-11-14T16:30:50.079437,2024-11-14T17:33:27.097464,CLOSED,,TELCO-AAA-SRV,False
ALT-CSE-03-03008,CSE-03,LOW,2024-12-18T03:37:43,2024-12-18T03:46:42.095244,2024-12-18T05:02:09.005776,CLOSED,,TELCO-AAA-SRV,False
ALT-CSE-03-03009,CSE-03,LOW,2024-12-07T06:30:30,2024-12-07T06:35:59.710660,2024-12-07T07:31:27.907680,CLOSED,,EDGE-GATEWAY-12,False
ALT-CSE-03-03010,CSE-03,MEDIUM,2024-12-27T02:26:20,2024-12-27T02:30:53.207636,2024-12-27T03:10:12.074869,CLOSED,,5G-AMF-NODE-02,False
ALT-CSE-03-03011,CSE-03,LOW,2024-11-06T15:15:51,2024-11-06T15:23:02.560219,2024-11-06T16:23:06.723404,CLOSED,,5G-CORE-UPF-01,False
ALT-CSE-03-03012,CSE-03,LOW,2024-11-20T01:43:07,2024-11-20T01:52:14.625409,2024-11-20T02:16:59.229769,CLOSED,,5G-CORE-UPF-01,False
ALT-CSE-03-03013,CSE-03,MEDIUM,2024-12-24T16:43:59,2024-12-24T16:46:02.070135,2024-12-24T17:15:22.481121,CLOSED,,EDGE-GATEWAY-12,False
ALT-CSE-03-03014,CSE-03,LOW,2024-12-27T20:28:32,2024-12-27T20:35:28.533530,2024-12-27T21:02:58.896528,CLOSED,,CARRIER-ROUTER-99,False
ALT-CSE-03-03015,CSE-03,MEDIUM,2024-12-25T21:18:57,2024-12-25T21:28:22.119582,2024-12-25T22:39:59.208369,CLOSED,,5G-AMF-NODE-02,False
ALT-CSE-03-03016,CSE-03,LOW,2024-12-26T18:28:15,2024-12-26T18:35:32.613170,2024-12-26T19:45:49.336237,CLOSED,,CARRIER-ROUTER-99,False
ALT-CSE-03-03017,CSE-03,HIGH,2024-11-04T13:21:29,2024-11-04T13:31:02.050746,2024-11-04T14:10:06.770772,CLOSED,,5G-AMF-NODE-02,False
ALT-CSE-03-03018,CSE-03,CRITICAL,2024-12-12T03:28:19,2024-12-12T03:38:05.837848,2024-12-12T04:52:31.507461,CLOSED,CAS-CSE-03-0355,EDGE-GATEWAY-12,False
ALT-CSE-03-03019,CSE-03,LOW,2024-11-25T12:24:52,2024-11-25T12:31:27.804627,2024-11-25T13:30:56.648557,CLOSED,,TELCO-AAA-SRV,False
ALT-CSE-03-03020,CSE-03,MEDIUM,2024-11-28T05:23:40,2024-11-28T05:27:15.555993,2024-11-28T06:45:14.620427,CLOSED,,5G-AMF-NODE-02,False
ALT-CSE-03-03021,CSE-03,MEDIUM,2024-10-31T18:16:14,2024-10-31T18:21:42.296849,2024-10-31T19:04:13.587301,CLOSED,,5G-CORE-UPF-01,False
ALT-CSE-03-03022,CSE-03,MEDIUM,2024-11-03T21:45:25,2024-11-03T21:53:19.243942,2024-11-03T22:52:28.572520,CLOSED,,TELCO-AAA-SRV,False
ALT-CSE-03-03023,CSE-03,MEDIUM,2024-12-08T18:38:33,2024-12-08T18:41:04.279453,2024-12-08T19:54:43.280364,CLOSED,,5G-AMF-NODE-02,False
ALT-CSE-03-03024,CSE-03,MEDIUM,2024-10-11T20:54:56,2024-10-11T21:02:08.379224,2024-10-11T21:28:26.218127,CLOSED,,5G-AMF-NODE-02,False
ALT-CSE-03-03025,CSE-03,MEDIUM,2024-11-17T01:23:28,2024-11-17T01:27:47.809230,2024-11-17T02:32:14.276666,CLOSED,,EDGE-GATEWAY-12,False
ALT-CSE-03-03026,CSE-03,MEDIUM,2024-10-07T04:46:23,2024-10-07T04:52:00.621271,2024-10-07T05:26:52.468420,CLOSED,,5G-CORE-UPF-01,False
ALT-CSE-03-03027,CSE-03,MEDIUM,2024-11-26T02:37:11,2024-11-26T02:45:32.512373,2024-11-26T03:19:47.366161,CLOSED,,EDGE-GATEWAY-12,False
ALT-CSE-03-03028,CSE-03,HIGH,2024-10-27T17:43:01,2024-10-27T17:47:31.705572,2024-10-27T18:43:00.243722,CLOSED,,EDGE-GATEWAY-12,False
ALT-CSE-03-03029,CSE-03,MEDIUM,2024-12-13T13:35:38,2024-12-13T13:42:16.586641,2024-12-13T14:36:42.822361,CLOSED,,5G-AMF-NODE-02,False
ALT-CSE-03-03030,CSE-03,MEDIUM,2024-10-23T18:34:54,2024-10-23T18:36:57.573656,2024-10-23T19:40:11.786242,CLOSED,,EDGE-GATEWAY-12,False
ALT-CSE-03-03031,CSE-03,HIGH,2024-11-05T00:18:06,2024-11-05T00:21:15.363985,2024-11-05T01:15:44.112880,CLOSED,CAS-CSE-03-0356,EDGE-GATEWAY-12,False
ALT-CSE-03-03032,CSE-03,LOW,2024-12-12T05:45:20,2024-12-12T05:48:11.280859,2024-12-12T06:20:36.626029,CLOSED,,TELCO-AAA-SRV,False
ALT-CSE-03-03033,CSE-03,CRITICAL,2024-12-08T03:03:57,2024-12-08T03:11:47.187408,2024-12-08T03:53:24.821903,CLOSED,,EDGE-GATEWAY-12,False
ALT-CSE-03-03034,CSE-03,MEDIUM,2024-10-26T13:52:12,2024-10-26T13:59:06.364807,2024-10-26T14:52:32.352883,CLOSED,,EDGE-GATEWAY-12,False
ALT-CSE-03-03035,CSE-03,LOW,2024-10-27T10:35:54,2024-10-27T10:45:35.438835,2024-10-27T11:38:34.978531,CLOSED,,5G-AMF-NODE-02,False
ALT-CSE-03-03036,CSE-03,MEDIUM,2024-12-20T13:58:12,2024-12-20T14:03:37.377189,2024-12-20T15:22:39.188080,CLOSED,,TELCO-AAA-SRV,False
ALT-CSE-03-03037,CSE-03,CRITICAL,2024-12-14T20:01:22,2024-12-14T20:04:51.638499,2024-12-14T20:58:50.612773,CLOSED,,5G-CORE-UPF-01,False
ALT-CSE-03-03038,CSE-03,MEDIUM,2024-11-06T04:35:24,2024-11-06T04:39:25.674086,2024-11-06T05:30:33.283605,CLOSED,,EDGE-GATEWAY-12,False
ALT-CSE-03-03039,CSE-03,MEDIUM,2024-11-02T15:31:29,2024-11-02T15:36:40.573086,2024-11-02T16:09:54.479043,CLOSED,,5G-CORE-UPF-01,False
ALT-CSE-03-03040,CSE-03,LOW,2024-12-29T23:08:01,2024-12-29T23:15:49.844428,2024-12-30T00:23:52.156807,CLOSED,,TELCO-AAA-SRV,False
ALT-CSE-03-03041,CSE-03,LOW,2024-11-26T17:46:46,2024-11-26T17:53:57.388223,2024-11-26T18:33:44.818592,CLOSED,,TELCO-AAA-SRV,False
ALT-CSE-03-03042,CSE-03,LOW,2024-11-05T00:31:06,2024-11-05T00:33:11.046361,2024-11-05T01:06:27.383671,CLOSED,,5G-AMF-NODE-02,False
ALT-CSE-03-03043,CSE-03,LOW,2024-10-06T02:38:55,2024-10-06T02:44:15.183935,2024-10-06T03:43:28.639136,CLOSED,,TELCO-AAA-SRV,False
ALT-CSE-03-03044,CSE-03,MEDIUM,2024-10-06T08:50:45,2024-10-06T08:59:31.291290,2024-10-06T10:06:23.909769,CLOSED,,5G-CORE-UPF-01,False
ALT-CSE-03-03045,CSE-03,LOW,2024-11-29T23:03:09,2024-11-29T23:05:18.993617,2024-11-30T00:01:16.370707,CLOSED,,CARRIER-ROUTER-99,False
ALT-CSE-03-03046,CSE-03,MEDIUM,2024-12-07T14:20:28,2024-12-07T14:26:07.728577,2024-12-07T15:08:36.435982,CLOSED,,EDGE-GATEWAY-12,False
ALT-CSE-03-03047,CSE-03,LOW,2024-10-21T15:46:03,2024-10-21T15:54:39.518389,2024-10-21T16:42:14.779495,CLOSED,,5G-AMF-NODE-02,False
ALT-CSE-03-03048,CSE-03,MEDIUM,2024-12-29T23:28:33,2024-12-29T23:35:21.883532,2024-12-30T00:25:21.795728,CLOSED,,5G-AMF-NODE-02,False
ALT-CSE-03-03049,CSE-03,MEDIUM,2024-12-25T02:01:24,2024-12-25T02:07:56.136261,2024-12-25T03:04:02.797430,CLOSED,,5G-AMF-NODE-02,False
ALT-CSE-03-03050,CSE-03,HIGH,2024-10-15T19:07:55,2024-10-15T19:10:34.671555,2024-10-15T20:21:24.444767,CLOSED,,TELCO-AAA-SRV,False
ALT-CSE-03-03051,CSE-03,LOW,2024-10-02T18:35:36,2024-10-02T18:42:20.395087,2024-10-02T19:07:04.791643,CLOSED,,TELCO-AAA-SRV,False
ALT-CSE-03-03052,CSE-03,MEDIUM,2024-12-15T21:33:10,2024-12-15T21:37:20.555167,2024-12-15T22:07:05.112800,CLOSED,,CARRIER-ROUTER-99,False
ALT-CSE-03-03053,CSE-03,HIGH,2024-12-05T14:12:24,2024-12-05T14:19:37.111329,2024-12-05T14:51:39.511839,CLOSED,CAS-CSE-03-0357,5G-CORE-UPF-01,False
ALT-CSE-03-03054,CSE-03,HIGH,2024-12-02T22:01:50,2024-12-02T22:07:09.935013,2024-12-02T23:08:53.341436,CLOSED,,TELCO-AAA-SRV,False
ALT-CSE-03-03055,CSE-03,HIGH,2024-12-01T09:36:13,2024-12-01T09:45:40.266337,2024-12-01T10:12:12.921072,CLOSED,,5G-AMF-NODE-02,False
ALT-CSE-03-03056,CSE-03,CRITICAL,2024-12-27T23:41:58,2024-12-27T23:51:49.757863,2024-12-28T00:25:21.110197,CLOSED,,CARRIER-ROUTER-99,False
ALT-CSE-03-03057,CSE-03,LOW,2024-10-25T06:17:13,2024-10-25T06:23:08.568950,2024-10-25T07:37:53.521165,CLOSED,,5G-CORE-UPF-01,False
ALT-CSE-03-03058,CSE-03,HIGH,2024-11-07T11:09:30,2024-11-07T11:13:14.096513,2024-11-07T11:50:17.086881,CLOSED,,EDGE-GATEWAY-12,False
ALT-CSE-03-03059,CSE-03,MEDIUM,2024-12-01T11:10:09,2024-12-01T11:13:22.636704,2024-12-01T12:00:11.527507,CLOSED,,CARRIER-ROUTER-99,False
ALT-CSE-03-03060,CSE-03,MEDIUM,2024-12-27T06:32:42,2024-12-27T06:41:57.526820,2024-12-27T07:24:17.863890,CLOSED,,EDGE-GATEWAY-12,False
ALT-CSE-03-03061,CSE-03,CRITICAL,2024-12-03T22:10:37,2024-12-03T22:20:17.050195,2024-12-03T23:31:13.538989,CLOSED,CAS-CSE-03-0358,EDGE-GATEWAY-12,True
ALT-CSE-03-03062,CSE-03,MEDIUM,2024-11-03T22:47:54,2024-11-03T22:57:15.957707,2024-11-03T23:56:22.520658,CLOSED,,5G-AMF-NODE-02,False
ALT-CSE-03-03063,CSE-03,MEDIUM,2024-11-01T19:25:28,2024-11-01T19:31:13.177390,2024-11-01T20:15:57.142191,CLOSED,,5G-CORE-UPF-01,False
ALT-CSE-03-03064,CSE-03,LOW,2024-12-22T20:11:38,2024-12-22T20:16:08.705923,2024-12-22T20:53:46.875895,CLOSED,,EDGE-GATEWAY-12,False
ALT-CSE-03-03065,CSE-03,LOW,2024-12-12T11:05:14,2024-12-12T11:13:40.282222,2024-12-12T11:53:32.969754,CLOSED,,EDGE-GATEWAY-12,False
ALT-CSE-03-03066,CSE-03,CRITICAL,2024-12-01T17:18:04,2024-12-01T17:20:27.675251,2024-12-01T18:14:30.922450,CLOSED,CAS-CSE-03-0359,EDGE-GATEWAY-12,False
ALT-CSE-03-03067,CSE-03,LOW,2024-12-29T07:09:40,2024-12-29T07:12:31.180950,2024-12-29T07:55:10.753928,CLOSED,,EDGE-GATEWAY-12,False
ALT-CSE-03-03068,CSE-03,LOW,2024-12-24T14:19:58,2024-12-24T14:28:25.345815,2024-12-24T15:09:04.925039,CLOSED,,5G-CORE-UPF-01,False
ALT-CSE-03-03069,CSE-03,LOW,2024-10-27T07:42:30,2024-10-27T07:47:55.289213,2024-10-27T08:17:35.767310,CLOSED,,EDGE-GATEWAY-12,False
ALT-CSE-03-03070,CSE-03,MEDIUM,2024-11-03T02:52:44,2024-11-03T02:56:45.217702,2024-11-03T03:47:42.675501,CLOSED,,5G-CORE-UPF-01,False
ALT-CSE-03-03071,CSE-03,CRITICAL,2024-12-21T03:00:08,2024-12-21T03:05:23.203014,2024-12-21T03:50:07.358008,CLOSED,,TELCO-AAA-SRV,False
ALT-CSE-03-03072,CSE-03,MEDIUM,2024-11-22T01:44:14,2024-11-22T01:50:39.576677,2024-11-22T02:30:12.631852,CLOSED,,CARRIER-ROUTER-99,False
ALT-CSE-03-03073,CSE-03,MEDIUM,2024-10-23T19:27:32,2024-10-23T19:35:45.093038,2024-10-23T20:32:23.511766,CLOSED,,TELCO-AAA-SRV,False
ALT-CSE-03-03074,CSE-03,HIGH,2024-12-17T22:21:44,2024-12-17T22:27:42.215070,2024-12-17T23:15:34.746579,CLOSED,,CARRIER-ROUTER-99,False
ALT-CSE-03-03075,CSE-03,MEDIUM,2024-10-05T10:08:20,2024-10-05T10:11:40.968332,2024-10-05T10:50:54.489575,CLOSED,,CARRIER-ROUTER-99,False
ALT-CSE-03-03076,CSE-03,LOW,2024-12-17T10:22:40,2024-12-17T10:25:43.732431,2024-12-17T11:41:50.412676,CLOSED,,EDGE-GATEWAY-12,False
ALT-CSE-03-03077,CSE-03,CRITICAL,2024-11-11T13:01:53,2024-11-11T13:05:19.882601,2024-11-11T13:52:50.952022,CLOSED,,EDGE-GATEWAY-12,False
ALT-CSE-03-03078,CSE-03,LOW,2024-11-29T14:29:53,2024-11-29T14:37:03.188432,2024-11-29T15:28:50.425287,CLOSED,,TELCO-AAA-SRV,False
ALT-CSE-03-03079,CSE-03,CRITICAL,2024-11-07T08:56:43,2024-11-07T09:05:48.517941,2024-11-07T09:56:53.601256,CLOSED,CAS-CSE-03-0360,EDGE-GATEWAY-12,False
ALT-CSE-03-03080,CSE-03,LOW,2024-12-04T00:03:47,2024-12-04T00:08:46.543759,2024-12-04T00:45:08.899433,CLOSED,,5G-CORE-UPF-01,False
ALT-CSE-03-03081,CSE-03,MEDIUM,2024-10-08T23:13:28,2024-10-08T23:20:30.375150,2024-10-08T23:47:42.867373,CLOSED,,5G-AMF-NODE-02,False
ALT-CSE-03-03082,CSE-03,HIGH,2024-10-12T00:53:59,2024-10-12T01:02:30.310481,2024-10-12T02:16:01.593930,CLOSED,,5G-AMF-NODE-02,False
ALT-CSE-03-03083,CSE-03,MEDIUM,2024-10-29T02:39:09,2024-10-29T02:44:56.914235,2024-10-29T03:25:29.444145,CLOSED,,TELCO-AAA-SRV,False
ALT-CSE-03-03084,CSE-03,LOW,2024-11-26T01:59:39,2024-11-26T02:07:57.585299,2024-11-26T02:54:09.528254,CLOSED,,5G-AMF-NODE-02,False
ALT-CSE-03-03085,CSE-03,HIGH,2024-11-30T06:05:16,2024-11-30T06:14:22.665142,2024-11-30T07:16:21.763067,CLOSED,,TELCO-AAA-SRV,False
ALT-CSE-03-03086,CSE-03,CRITICAL,2024-12-07T20:38:02,2024-12-07T20:47:48.580343,2024-12-07T21:30:26.142590,CLOSED,CAS-CSE-03-0361,EDGE-GATEWAY-12,True
ALT-CSE-03-03087,CSE-03,HIGH,2024-11-20T17:54:17,2024-11-20T18:04:11.796153,2024-11-20T19:15:35.893966,CLOSED,,5G-AMF-NODE-02,False
ALT-CSE-03-03088,CSE-03,HIGH,2024-12-01T14:42:04,2024-12-01T14:49:42.479503,2024-12-01T15:29:20.494751,CLOSED,,TELCO-AAA-SRV,False
ALT-CSE-03-03089,CSE-03,HIGH,2024-11-21T05:41:05,2024-11-21T05:46:39.765260,2024-11-21T06:35:40.050921,CLOSED,CAS-CSE-03-0362,TELCO-AAA-SRV,False
ALT-CSE-03-03090,CSE-03,HIGH,2024-12-01T00:25:11,2024-12-01T00:30:32.537953,2024-12-01T01:36:12.324646,CLOSED,,CARRIER-ROUTER-99,False
ALT-CSE-03-03091,CSE-03,MEDIUM,2024-11-27T06:15:53,2024-11-27T06:22:27.433941,2024-11-27T07:32:33.359275,CLOSED,,TELCO-AAA-SRV,False
ALT-CSE-03-03092,CSE-03,HIGH,2024-12-27T04:58:58,2024-12-27T05:02:54.599570,2024-12-27T05:44:52.258636,CLOSED,CAS-CSE-03-0363,5G-CORE-UPF-01,True
ALT-CSE-03-03093,CSE-03,MEDIUM,2024-10-26T07:28:38,2024-10-26T07:33:18.196526,2024-10-26T08:02:55.162436,CLOSED,,5G-AMF-NODE-02,False
ALT-CSE-03-03094,CSE-03,HIGH,2024-11-05T20:08:04,2024-11-05T20:17:26.506681,2024-11-05T21:06:19.777345,CLOSED,,CARRIER-ROUTER-99,False
ALT-CSE-03-03095,CSE-03,MEDIUM,2024-10-01T14:07:50,2024-10-01T14:10:22.002920,2024-10-01T15:01:15.547928,CLOSED,,5G-CORE-UPF-01,False
ALT-CSE-03-03096,CSE-03,MEDIUM,2024-10-05T15:44:32,2024-10-05T15:53:39.560782,2024-10-05T16:50:17.276172,CLOSED,,TELCO-AAA-SRV,False
ALT-CSE-03-03097,CSE-03,HIGH,2024-12-28T08:44:19,2024-12-28T08:47:15.305827,2024-12-28T09:31:08.593189,CLOSED,,5G-AMF-NODE-02,False
ALT-CSE-03-03098,CSE-03,MEDIUM,2024-11-03T22:30:06,2024-11-03T22:38:50.711255,2024-11-03T23:01:12.232532,CLOSED,,CARRIER-ROUTER-99,False
ALT-CSE-03-03099,CSE-03,MEDIUM,2024-10-10T06:49:41,2024-10-10T06:53:53.522713,2024-10-10T08:11:25.584585,CLOSED,,5G-CORE-UPF-01,False
ALT-CSE-03-03100,CSE-03,MEDIUM,2024-10-30T00:13:49,2024-10-30T00:23:45.990851,2024-10-30T01:03:06.320417,CLOSED,,TELCO-AAA-SRV,False
ALT-CSE-03-03101,CSE-03,HIGH,2024-11-16T03:13:37,2024-11-16T03:19:01.220444,2024-11-16T04:37:03.784499,CLOSED,,EDGE-GATEWAY-12,False
ALT-CSE-03-03102,CSE-03,CRITICAL,2024-10-26T22:27:26,2024-10-26T22:30:00.417136,2024-10-26T23:24:27.611738,CLOSED,CAS-CSE-03-0364,5G-CORE-UPF-01,False
ALT-CSE-03-03103,CSE-03,MEDIUM,2024-11-16T18:57:38,2024-11-16T19:04:46.329744,2024-11-16T20:03:46.057899,CLOSED,,CARRIER-ROUTER-99,False
ALT-CSE-03-03104,CSE-03,LOW,2024-10-10T20:53:28,2024-10-10T20:57:57.581642,2024-10-10T21:43:10.829200,CLOSED,,CARRIER-ROUTER-99,False
ALT-CSE-03-03105,CSE-03,MEDIUM,2024-12-07T01:09:03,2024-12-07T01:16:15.723353,2024-12-07T01:57:01.742788,CLOSED,,5G-AMF-NODE-02,False
ALT-CSE-03-03106,CSE-03,MEDIUM,2024-12-23T06:03:54,2024-12-23T06:07:36.085921,2024-12-23T07:04:05.847112,CLOSED,,TELCO-AAA-SRV,False
ALT-CSE-03-03107,CSE-03,HIGH,2024-11-08T06:11:13,2024-11-08T06:16:37.643048,2024-11-08T06:45:30.020257,CLOSED,,5G-CORE-UPF-01,False
ALT-CSE-03-03108,CSE-03,MEDIUM,2024-10-24T10:08:19,2024-10-24T10:17:28.501695,2024-10-24T11:06:50.313545,CLOSED,,5G-CORE-UPF-01,False
ALT-CSE-03-03109,CSE-03,MEDIUM,2024-11-22T12:20:23,2024-11-22T12:24:52.248293,2024-11-22T12:58:04.738836,CLOSED,,TELCO-AAA-SRV,False
ALT-CSE-03-03110,CSE-03,MEDIUM,2024-10-19T23:15:41,2024-10-19T23:22:54.027145,2024-10-19T23:46:57.550178,CLOSED,,EDGE-GATEWAY-12,False
ALT-CSE-03-03111,CSE-03,MEDIUM,2024-11-14T05:47:57,2024-11-14T05:57:22.464846,2024-11-14T07:01:16.220065,CLOSED,,TELCO-AAA-SRV,False
ALT-CSE-03-03112,CSE-03,HIGH,2024-11-03T01:09:17,2024-11-03T01:11:18.539113,2024-11-03T01:40:29.259782,CLOSED,CAS-CSE-03-0365,CARRIER-ROUTER-99,False
ALT-CSE-03-03113,CSE-03,MEDIUM,2024-10-13T01:49:12,2024-10-13T01:56:35.555308,2024-10-13T02:53:00.424183,CLOSED,,EDGE-GATEWAY-12,False
ALT-CSE-03-03114,CSE-03,CRITICAL,2024-11-19T19:56:52,2024-11-19T20:02:42.115957,2024-11-19T20:38:28.309797,CLOSED,CAS-CSE-03-0366,5G-AMF-NODE-02,False
ALT-CSE-03-03115,CSE-03,MEDIUM,2024-10-14T11:12:58,2024-10-14T11:21:25.729968,2024-10-14T12:08:06.028710,CLOSED,,5G-AMF-NODE-02,False
ALT-CSE-03-03116,CSE-03,HIGH,2024-11-18T04:20:11,2024-11-18T04:23:57.551743,2024-11-18T05:13:39.175428,CLOSED,,5G-CORE-UPF-01,False
ALT-CSE-03-03117,CSE-03,HIGH,2024-10-21T03:36:19,2024-10-21T03:39:29.147948,2024-10-21T04:42:00.660093,CLOSED,,CARRIER-ROUTER-99,False
ALT-CSE-03-03118,CSE-03,MEDIUM,2024-10-26T06:41:48,2024-10-26T06:47:30.876932,2024-10-26T07:31:24.905895,CLOSED,,CARRIER-ROUTER-99,False
ALT-CSE-03-03119,CSE-03,LOW,2024-10-16T22:51:31,2024-10-16T22:56:51.795749,2024-10-17T00:06:51.515100,CLOSED,,CARRIER-ROUTER-99,False
ALT-CSE-03-03120,CSE-03,HIGH,2024-10-21T00:05:12,2024-10-21T00:07:37.162475,2024-10-21T01:18:51.559874,CLOSED,,5G-AMF-NODE-02,False
ALT-CSE-03-03121,CSE-03,LOW,2024-11-24T16:39:46,2024-11-24T16:45:30.754238,2024-11-24T17:20:12.451969,CLOSED,,CARRIER-ROUTER-99,False
ALT-CSE-03-03122,CSE-03,LOW,2024-10-10T08:58:38,2024-10-10T09:02:11.474611,2024-10-10T10:04:51.349357,CLOSED,,EDGE-GATEWAY-12,False
ALT-CSE-03-03123,CSE-03,MEDIUM,2024-10-29T17:40:45,2024-10-29T17:43:54.632007,2024-10-29T18:14:00.480258,CLOSED,,TELCO-AAA-SRV,False
ALT-CSE-03-03124,CSE-03,LOW,2024-12-09T10:06:17,2024-12-09T10:08:29.240692,2024-12-09T11:07:10.495469,CLOSED,,TELCO-AAA-SRV,False
ALT-CSE-03-03125,CSE-03,HIGH,2024-10-25T18:47:50,2024-10-25T18:56:53.593130,2024-10-25T19:56:22.167969,CLOSED,CAS-CSE-03-0367,5G-CORE-UPF-01,False
ALT-CSE-03-03126,CSE-03,LOW,2024-11-07T13:11:49,2024-11-07T13:16:08.660968,2024-11-07T14:25:19.714590,CLOSED,,EDGE-GATEWAY-12,False
ALT-CSE-03-03127,CSE-03,MEDIUM,2024-10-09T15:25:39,2024-10-09T15:33:15.577714,2024-10-09T16:19:31.891443,CLOSED,,TELCO-AAA-SRV,False
ALT-CSE-03-03128,CSE-03,HIGH,2024-10-05T19:04:06,2024-10-05T19:13:53.261416,2024-10-05T20:27:53.521085,CLOSED,,CARRIER-ROUTER-99,False
ALT-CSE-03-03129,CSE-03,LOW,2024-12-25T22:42:40,2024-12-25T22:51:16.682116,2024-12-25T23:36:12.458233,CLOSED,,5G-CORE-UPF-01,False
ALT-CSE-03-03130,CSE-03,MEDIUM,2024-11-22T10:20:02,2024-11-22T10:28:03.187903,2024-11-22T11:21:40.078114,CLOSED,,5G-AMF-NODE-02,False
ALT-CSE-03-03131,CSE-03,HIGH,2024-11-20T13:11:56,2024-11-20T13:16:00.680663,2024-11-20T14:01:44.000314,CLOSED,,EDGE-GATEWAY-12,False
ALT-CSE-03-03132,CSE-03,HIGH,2024-12-02T17:56:05,2024-12-02T18:02:51.514595,2024-12-02T19:16:53.521866,CLOSED,,EDGE-GATEWAY-12,False
ALT-CSE-03-03133,CSE-03,MEDIUM,2024-10-16T02:35:47,2024-10-16T02:40:23.498585,2024-10-16T03:41:02.194862,CLOSED,,CARRIER-ROUTER-99,False
ALT-CSE-03-03134,CSE-03,LOW,2024-11-01T06:30:12,2024-11-01T06:33:36.451806,2024-11-01T07:15:05.583300,CLOSED,,TELCO-AAA-SRV,False
ALT-CSE-03-03135,CSE-03,MEDIUM,2024-11-08T15:45:17,2024-11-08T15:50:12.784502,2024-11-08T16:20:54.043054,CLOSED,,EDGE-GATEWAY-12,False
ALT-CSE-03-03136,CSE-03,LOW,2024-12-18T16:05:55,2024-12-18T16:12:01.282065,2024-12-18T17:24:43.163332,CLOSED,,CARRIER-ROUTER-99,False
ALT-CSE-03-03137,CSE-03,LOW,2024-10-20T14:20:22,2024-10-20T14:26:39.313871,2024-10-20T15:13:54.920847,CLOSED,,TELCO-AAA-SRV,False
ALT-CSE-03-03138,CSE-03,MEDIUM,2024-12-15T00:00:00,2024-12-15T00:05:37.950804,2024-12-15T00:41:33.579912,CLOSED,,5G-CORE-UPF-01,False
ALT-CSE-03-03139,CSE-03,CRITICAL,2024-10-13T09:22:36,2024-10-13T09:29:37.155793,2024-10-13T10:06:05.782278,CLOSED,CAS-CSE-03-0368,TELCO-AAA-SRV,False
ALT-CSE-03-03140,CSE-03,MEDIUM,2024-10-21T09:50:26,2024-10-21T09:57:33.682650,2024-10-21T10:57:50.934985,CLOSED,,CARRIER-ROUTER-99,False
ALT-CSE-03-03141,CSE-03,HIGH,2024-10-30T06:05:40,2024-10-30T06:09:57.876826,2024-10-30T07:03:47.375855,CLOSED,,CARRIER-ROUTER-99,False
ALT-CSE-03-03142,CSE-03,HIGH,2024-12-15T07:04:26,2024-12-15T07:12:29.764800,2024-12-15T08:15:55.924253,CLOSED,,EDGE-GATEWAY-12,False
ALT-CSE-03-03143,CSE-03,MEDIUM,2024-12-09T03:28:01,2024-12-09T03:35:02.779189,2024-12-09T04:32:01.824628,CLOSED,,EDGE-GATEWAY-12,False
ALT-CSE-03-03144,CSE-03,LOW,2024-11-24T13:23:11,2024-11-24T13:30:43.704243,2024-11-24T14:13:05.656590,CLOSED,,CARRIER-ROUTER-99,False
ALT-CSE-03-03145,CSE-03,LOW,2024-10-21T21:17:22,2024-10-21T21:19:39.240577,2024-10-21T22:34:30.489808,CLOSED,,CARRIER-ROUTER-99,False
ALT-CSE-03-03146,CSE-03,MEDIUM,2024-12-13T08:32:03,2024-12-13T08:36:46.019053,2024-12-13T09:55:05.759506,CLOSED,,CARRIER-ROUTER-99,False
ALT-CSE-03-03147,CSE-03,CRITICAL,2024-10-19T23:59:52,2024-10-20T00:07:18.533012,2024-10-20T00:45:37.543743,CLOSED,CAS-CSE-03-0369,TELCO-AAA-SRV,False
ALT-CSE-03-03148,CSE-03,LOW,2024-12-10T06:28:36,2024-12-10T06:35:11.524359,2024-12-10T07:29:40.745389,CLOSED,,5G-AMF-NODE-02,False
ALT-CSE-03-03149,CSE-03,LOW,2024-10-25T19:57:12,2024-10-25T20:02:57.703376,2024-10-25T21:20:08.203264,CLOSED,,TELCO-AAA-SRV,False
ALT-CSE-03-03150,CSE-03,LOW,2024-11-10T07:31:45,2024-11-10T07:40:52.902407,2024-11-10T08:02:41.710964,CLOSED,,5G-CORE-UPF-01,False
ALT-CSE-03-03151,CSE-03,MEDIUM,2024-10-08T11:02:23,2024-10-08T11:04:41.670105,2024-10-08T11:44:07.015281,CLOSED,,5G-CORE-UPF-01,False
ALT-CSE-03-03152,CSE-03,HIGH,2024-12-26T10:12:39,2024-12-26T10:15:28.247810,2024-12-26T10:50:20.606346,CLOSED,,CARRIER-ROUTER-99,False
ALT-CSE-03-03153,CSE-03,CRITICAL,2024-10-10T08:56:31,2024-10-10T09:05:23.879303,2024-10-10T09:49:28.819929,CLOSED,CAS-CSE-03-0370,EDGE-GATEWAY-12,True
ALT-CSE-03-03154,CSE-03,MEDIUM,2024-10-26T04:21:38,2024-10-26T04:24:25.386387,2024-10-26T05:45:19.394035,CLOSED,,5G-AMF-NODE-02,False
ALT-CSE-03-03155,CSE-03,MEDIUM,2024-10-23T09:31:06,2024-10-23T09:38:07.396373,2024-10-23T10:23:47.118680,CLOSED,,5G-AMF-NODE-02,False
ALT-CSE-03-03156,CSE-03,CRITICAL,2024-10-26T15:21:20,2024-10-26T15:25:53.325672,2024-10-26T16:41:18.041852,CLOSED,CAS-CSE-03-0371,CARRIER-ROUTER-99,False
ALT-CSE-03-03157,CSE-03,HIGH,2024-11-29T23:44:18,2024-11-29T23:49:26.527345,2024-11-30T00:44:11.750573,CLOSED,,EDGE-GATEWAY-12,False
ALT-CSE-03-03158,CSE-03,MEDIUM,2024-10-04T03:07:35,2024-10-04T03:15:42.575738,2024-10-04T04:30:23.026903,CLOSED,,5G-CORE-UPF-01,False
ALT-CSE-03-03159,CSE-03,MEDIUM,2024-12-13T22:33:12,2024-12-13T22:40:02.641390,2024-12-13T23:14:38.578790,CLOSED,,TELCO-AAA-SRV,False
ALT-CSE-03-03160,CSE-03,MEDIUM,2024-10-19T01:53:03,2024-10-19T01:56:36.932089,2024-10-19T02:32:40.147579,CLOSED,,TELCO-AAA-SRV,False
ALT-CSE-03-03161,CSE-03,HIGH,2024-11-04T11:58:53,2024-11-04T12:07:13.686399,2024-11-04T12:51:40.919221,CLOSED,,5G-AMF-NODE-02,False
ALT-CSE-03-03162,CSE-03,HIGH,2024-11-07T13:31:53,2024-11-07T13:40:27.775390,2024-11-07T14:32:49.679895,CLOSED,,5G-CORE-UPF-01,False
ALT-CSE-03-03163,CSE-03,LOW,2024-12-22T19:03:47,2024-12-22T19:08:30.788237,2024-12-22T19:38:20.452669,CLOSED,,TELCO-AAA-SRV,False
ALT-CSE-03-03164,CSE-03,HIGH,2024-10-20T10:37:26,2024-10-20T10:45:03.537818,2024-10-20T11:12:56.649231,CLOSED,,CARRIER-ROUTER-99,False
ALT-CSE-03-03165,CSE-03,HIGH,2024-11-24T06:59:58,2024-11-24T07:07:48.198405,2024-11-24T07:54:00.231921,CLOSED,,TELCO-AAA-SRV,False
ALT-CSE-03-03166,CSE-03,CRITICAL,2024-10-18T16:26:34,2024-10-18T16:35:35.844241,2024-10-18T17:14:42.116179,CLOSED,CAS-CSE-03-0372,5G-AMF-NODE-02,False
ALT-CSE-03-03167,CSE-03,CRITICAL,2024-11-29T09:57:55,2024-11-29T10:05:59.727914,2024-11-29T10:57:17.445099,CLOSED,CAS-CSE-03-0373,CARRIER-ROUTER-99,False
ALT-CSE-03-03168,CSE-03,CRITICAL,2024-12-07T13:28:40,2024-12-07T13:35:09.127726,2024-12-07T14:25:54.963157,CLOSED,CAS-CSE-03-0374,EDGE-GATEWAY-12,False
ALT-CSE-03-03169,CSE-03,MEDIUM,2024-12-04T20:16:38,2024-12-04T20:22:49.812777,2024-12-04T20:52:35.176439,CLOSED,,EDGE-GATEWAY-12,False
ALT-CSE-03-03170,CSE-03,LOW,2024-10-12T23:23:01,2024-10-12T23:32:06.719750,2024-10-13T00:27:32.289492,CLOSED,,CARRIER-ROUTER-99,False
ALT-CSE-03-03171,CSE-03,MEDIUM,2024-12-19T10:12:52,2024-12-19T10:22:09.373425,2024-12-19T11:08:10.406235,CLOSED,,TELCO-AAA-SRV,False
ALT-CSE-03-03172,CSE-03,CRITICAL,2024-10-23T18:23:02,2024-10-23T18:32:44.344730,2024-10-23T18:57:37.455741,CLOSED,CAS-CSE-03-0375,CARRIER-ROUTER-99,True
ALT-CSE-03-03173,CSE-03,CRITICAL,2024-11-02T16:55:12,2024-11-02T16:58:06.277706,2024-11-02T18:11:50.685837,CLOSED,CAS-CSE-03-0376,TELCO-AAA-SRV,False
ALT-CSE-03-03174,CSE-03,HIGH,2024-10-20T20:12:29,2024-10-20T20:16:06.296103,2024-10-20T21:30:51.505431,CLOSED,CAS-CSE-03-0377,EDGE-GATEWAY-12,False
ALT-CSE-03-03175,CSE-03,MEDIUM,2024-11-12T04:25:09,2024-11-12T04:31:09.778833,2024-11-12T05:39:39.647922,CLOSED,,EDGE-GATEWAY-12,False
ALT-CSE-03-03176,CSE-03,MEDIUM,2024-11-22T08:44:49,2024-11-22T08:53:28.998259,2024-11-22T09:29:35.322675,CLOSED,,5G-CORE-UPF-01,False
ALT-CSE-03-03177,CSE-03,CRITICAL,2024-10-16T16:28:33,2024-10-16T16:37:51.614162,2024-10-16T17:01:48.930250,CLOSED,CAS-CSE-03-0378,CARRIER-ROUTER-99,False
ALT-CSE-03-03178,CSE-03,MEDIUM,2024-10-25T13:40:09,2024-10-25T13:48:53.339431,2024-10-25T14:21:31.259031,CLOSED,,EDGE-GATEWAY-12,False
ALT-CSE-03-03179,CSE-03,LOW,2024-12-11T06:28:56,2024-12-11T06:33:50.557840,2024-12-11T07:42:24.449059,CLOSED,,5G-AMF-NODE-02,False
ALT-CSE-03-03180,CSE-03,CRITICAL,2024-11-03T00:03:18,2024-11-03T00:08:07.759961,2024-11-03T01:00:32.390555,CLOSED,CAS-CSE-03-0379,5G-CORE-UPF-01,False
ALT-CSE-03-03181,CSE-03,LOW,2024-12-15T00:08:53,2024-12-15T00:12:02.071444,2024-12-15T00:57:03.768643,CLOSED,,TELCO-AAA-SRV,False
ALT-CSE-03-03182,CSE-03,CRITICAL,2024-12-29T09:18:43,2024-12-29T09:25:45.226092,2024-12-29T10:43:08.973886,CLOSED,,EDGE-GATEWAY-12,False
ALT-CSE-03-03183,CSE-03,MEDIUM,2024-11-13T19:45:25,2024-11-13T19:52:16.793482,2024-11-13T21:09:47.569133,CLOSED,,EDGE-GATEWAY-12,False
ALT-CSE-03-03184,CSE-03,HIGH,2024-10-25T20:10:30,2024-10-25T20:19:42.777823,2024-10-25T20:50:51.523751,CLOSED,,CARRIER-ROUTER-99,False
ALT-CSE-03-03185,CSE-03,LOW,2024-10-17T05:17:49,2024-10-17T05:25:45.057704,2024-10-17T05:57:06.115528,CLOSED,,EDGE-GATEWAY-12,False
ALT-CSE-03-03186,CSE-03,MEDIUM,2024-11-11T04:36:07,2024-11-11T04:39:13.694646,2024-11-11T05:59:24.481135,CLOSED,,5G-CORE-UPF-01,False
ALT-CSE-03-03187,CSE-03,LOW,2024-12-26T22:23:14,2024-12-26T22:29:19.845642,2024-12-26T23:23:34.135903,CLOSED,,CARRIER-ROUTER-99,False
ALT-CSE-03-03188,CSE-03,CRITICAL,2024-11-25T18:05:31,2024-11-25T18:14:29.944700,2024-11-25T19:15:08.846246,CLOSED,,EDGE-GATEWAY-12,False
ALT-CSE-03-03189,CSE-03,MEDIUM,2024-10-31T18:35:01,2024-10-31T18:38:00.582361,2024-10-31T19:58:02.436735,CLOSED,,5G-CORE-UPF-01,False
ALT-CSE-03-03190,CSE-03,HIGH,2024-11-04T18:50:13,2024-11-04T18:58:31.027824,2024-11-04T19:50:55.574397,CLOSED,CAS-CSE-03-0380,CARRIER-ROUTER-99,True
ALT-CSE-03-03191,CSE-03,MEDIUM,2024-10-27T11:34:21,2024-10-27T11:42:04.286294,2024-10-27T12:57:42.910858,CLOSED,,TELCO-AAA-SRV,False
ALT-CSE-03-03192,CSE-03,LOW,2024-12-16T01:54:57,2024-12-16T02:00:16.028032,2024-12-16T02:28:55.138465,CLOSED,,5G-AMF-NODE-02,False
ALT-CSE-03-03193,CSE-03,HIGH,2024-11-09T23:52:11,2024-11-09T23:56:36.539799,2024-11-10T00:29:38.668395,CLOSED,,5G-AMF-NODE-02,False
ALT-CSE-03-03194,CSE-03,MEDIUM,2024-12-11T19:51:43,2024-12-11T20:00:37.321485,2024-12-11T20:37:24.755650,CLOSED,,5G-AMF-NODE-02,False
ALT-CSE-03-03195,CSE-03,MEDIUM,2024-12-10T06:48:22,2024-12-10T06:53:32.961638,2024-12-10T08:04:57.925178,CLOSED,,5G-AMF-NODE-02,False
ALT-CSE-03-03196,CSE-03,HIGH,2024-11-22T02:59:39,2024-11-22T03:09:17.092078,2024-11-22T03:54:35.714060,CLOSED,,CARRIER-ROUTER-99,False
ALT-CSE-03-03197,CSE-03,HIGH,2024-12-05T07:29:37,2024-12-05T07:33:30.899340,2024-12-05T08:31:01.952709,CLOSED,,TELCO-AAA-SRV,False
ALT-CSE-03-03198,CSE-03,MEDIUM,2024-11-02T18:14:48,2024-11-02T18:22:48.704926,2024-11-02T18:55:00.956252,CLOSED,,TELCO-AAA-SRV,False
ALT-CSE-03-03199,CSE-03,MEDIUM,2024-10-18T04:16:19,2024-10-18T04:18:28.197189,2024-10-18T04:51:42.060386,CLOSED,,EDGE-GATEWAY-12,False
ALT-CSE-03-03200,CSE-03,CRITICAL,2024-10-15T19:08:53,2024-10-15T19:13:20.196958,2024-10-15T20:32:45.188149,CLOSED,CAS-CSE-03-0381,5G-AMF-NODE-02,True
ALT-CSE-03-03201,CSE-03,LOW,2024-11-22T03:03:37,2024-11-22T03:05:55.780021,2024-11-22T04:17:50.872088,CLOSED,,5G-CORE-UPF-01,False
ALT-CSE-03-03202,CSE-03,HIGH,2024-11-29T00:41:49,2024-11-29T00:49:54.687856,2024-11-29T01:37:33.554501,CLOSED,,EDGE-GATEWAY-12,False
ALT-CSE-03-03203,CSE-03,MEDIUM,2024-10-24T23:10:21,2024-10-24T23:15:12.815192,2024-10-25T00:30:36.657163,CLOSED,,CARRIER-ROUTER-99,False
ALT-CSE-03-03204,CSE-03,MEDIUM,2024-10-08T06:17:57,2024-10-08T06:23:42.206853,2024-10-08T07:23:39.995134,CLOSED,,5G-AMF-NODE-02,False
ALT-CSE-03-03205,CSE-03,CRITICAL,2024-10-06T07:52:10,2024-10-06T07:55:14.932091,2024-10-06T09:08:40.424890,CLOSED,,5G-AMF-NODE-02,False
ALT-CSE-03-03206,CSE-03,MEDIUM,2024-11-16T00:24:03,2024-11-16T00:26:03.818015,2024-11-16T01:15:27.611802,CLOSED,,CARRIER-ROUTER-99,False
ALT-CSE-03-03207,CSE-03,LOW,2024-10-23T21:08:59,2024-10-23T21:14:43.501577,2024-10-23T22:05:18.372582,CLOSED,,CARRIER-ROUTER-99,False
ALT-CSE-03-03208,CSE-03,MEDIUM,2024-10-18T11:35:45,2024-10-18T11:43:53.949288,2024-10-18T12:16:39.430987,CLOSED,,5G-CORE-UPF-01,False
ALT-CSE-03-03209,CSE-03,MEDIUM,2024-10-04T10:40:21,2024-10-04T10:47:49.632750,2024-10-04T11:28:07.991342,CLOSED,,5G-AMF-NODE-02,False
ALT-CSE-03-03210,CSE-03,HIGH,2024-10-01T17:13:47,2024-10-01T17:17:22.855419,2024-10-01T18:31:33.705965,CLOSED,,TELCO-AAA-SRV,False
ALT-CSE-03-03211,CSE-03,MEDIUM,2024-12-18T10:27:50,2024-12-18T10:33:09.542572,2024-12-18T11:22:18.629839,CLOSED,,CARRIER-ROUTER-99,False
ALT-CSE-03-03212,CSE-03,LOW,2024-10-07T12:28:12,2024-10-07T12:31:43.605295,2024-10-07T13:48:02.588568,CLOSED,,5G-CORE-UPF-01,False
ALT-CSE-03-03213,CSE-03,LOW,2024-11-04T15:21:46,2024-11-04T15:24:29.890615,2024-11-04T16:14:34.060052,CLOSED,,5G-AMF-NODE-02,False
ALT-CSE-03-03214,CSE-03,MEDIUM,2024-11-22T08:51:27,2024-11-22T08:59:27.269551,2024-11-22T09:59:31.766908,CLOSED,,5G-AMF-NODE-02,False
ALT-CSE-03-03215,CSE-03,HIGH,2024-12-03T16:36:27,2024-12-03T16:41:54.531675,2024-12-03T17:11:13.809752,CLOSED,,5G-AMF-NODE-02,False
ALT-CSE-03-03216,CSE-03,CRITICAL,2024-12-25T11:44:34,2024-12-25T11:53:14.170821,2024-12-25T12:16:10.867827,CLOSED,CAS-CSE-03-0382,EDGE-GATEWAY-12,False
ALT-CSE-03-03217,CSE-03,CRITICAL,2024-10-08T09:15:56,2024-10-08T09:20:46.775854,2024-10-08T10:06:53.238097,CLOSED,CAS-CSE-03-0383,TELCO-AAA-SRV,False
ALT-CSE-03-03218,CSE-03,MEDIUM,2024-10-09T12:57:28,2024-10-09T13:01:07.434618,2024-10-09T13:44:18.202479,CLOSED,,5G-AMF-NODE-02,False
ALT-CSE-03-03219,CSE-03,HIGH,2024-12-12T12:22:37,2024-12-12T12:32:02.335539,2024-12-12T13:10:28.910149,CLOSED,,5G-AMF-NODE-02,False
ALT-CSE-03-03220,CSE-03,HIGH,2024-12-25T13:42:01,2024-12-25T13:46:37.064112,2024-12-25T14:23:54.909892,CLOSED,,CARRIER-ROUTER-99,False
ALT-CSE-03-03221,CSE-03,MEDIUM,2024-12-19T23:45:16,2024-12-19T23:53:00.013239,2024-12-20T00:39:50.618916,CLOSED,,EDGE-GATEWAY-12,False
ALT-CSE-03-03222,CSE-03,MEDIUM,2024-12-09T03:09:27,2024-12-09T03:13:29.716350,2024-12-09T04:26:08.207163,CLOSED,,CARRIER-ROUTER-99,False
ALT-CSE-03-03223,CSE-03,LOW,2024-11-14T06:44:00,2024-11-14T06:48:31.336397,2024-11-14T07:27:11.679836,CLOSED,,5G-AMF-NODE-02,False
ALT-CSE-03-03224,CSE-03,HIGH,2024-10-12T13:57:15,2024-10-12T14:04:36.132355,2024-10-12T14:54:32.454256,CLOSED,,TELCO-AAA-SRV,False
ALT-CSE-03-03225,CSE-03,HIGH,2024-11-12T01:28:08,2024-11-12T01:32:26.443556,2024-11-12T02:06:02.099941,CLOSED,,5G-CORE-UPF-01,False
ALT-CSE-03-03226,CSE-03,HIGH,2024-10-04T23:19:29,2024-10-04T23:22:43.670726,2024-10-05T00:03:51.255988,CLOSED,,5G-AMF-NODE-02,False
ALT-CSE-03-03227,CSE-03,CRITICAL,2024-11-13T22:30:29,2024-11-13T22:39:36.187678,2024-11-13T23:01:16.963986,CLOSED,CAS-CSE-03-0384,5G-CORE-UPF-01,True
ALT-CSE-03-03228,CSE-03,LOW,2024-12-03T04:20:14,2024-12-03T04:24:23.284515,2024-12-03T04:56:33.588895,CLOSED,,5G-CORE-UPF-01,False
ALT-CSE-03-03229,CSE-03,LOW,2024-12-05T14:38:18,2024-12-05T14:43:04.200729,2024-12-05T15:29:13.383218,CLOSED,,EDGE-GATEWAY-12,False
ALT-CSE-03-03230,CSE-03,MEDIUM,2024-10-20T12:22:46,2024-10-20T12:31:20.143916,2024-10-20T13:15:30.259761,CLOSED,,CARRIER-ROUTER-99,False
ALT-CSE-03-03231,CSE-03,HIGH,2024-10-15T20:01:09,2024-10-15T20:08:59.570834,2024-10-15T20:41:27.741392,CLOSED,,CARRIER-ROUTER-99,False
ALT-CSE-03-03232,CSE-03,MEDIUM,2024-10-28T15:52:03,2024-10-28T15:55:40.295606,2024-10-28T16:48:48.278574,CLOSED,,EDGE-GATEWAY-12,False
ALT-CSE-03-03233,CSE-03,MEDIUM,2024-12-14T13:06:55,2024-12-14T13:12:45.909352,2024-12-14T14:29:30.620723,CLOSED,,TELCO-AAA-SRV,False
ALT-CSE-03-03234,CSE-03,MEDIUM,2024-11-07T20:27:43,2024-11-07T20:33:33.084376,2024-11-07T21:44:46.175955,CLOSED,,5G-AMF-NODE-02,False
ALT-CSE-03-03235,CSE-03,MEDIUM,2024-11-19T21:17:32,2024-11-19T21:22:48.002180,2024-11-19T21:58:13.793989,CLOSED,,5G-CORE-UPF-01,False
ALT-CSE-03-03236,CSE-03,MEDIUM,2024-10-21T00:18:10,2024-10-21T00:21:55.887229,2024-10-21T01:15:01.014903,CLOSED,,EDGE-GATEWAY-12,False
ALT-CSE-03-03237,CSE-03,MEDIUM,2024-12-09T18:52:04,2024-12-09T18:58:28.071170,2024-12-09T19:29:28.965100,CLOSED,,5G-CORE-UPF-01,False
ALT-CSE-03-03238,CSE-03,LOW,2024-10-01T02:43:08,2024-10-01T02:46:30.087521,2024-10-01T04:05:22.995373,CLOSED,,TELCO-AAA-SRV,False
ALT-CSE-03-03239,CSE-03,HIGH,2024-11-25T00:26:33,2024-11-25T00:31:37.707560,2024-11-25T01:12:51.814169,CLOSED,,EDGE-GATEWAY-12,False
ALT-CSE-03-03240,CSE-03,CRITICAL,2024-11-22T10:27:01,2024-11-22T10:31:49.880549,2024-11-22T11:13:58.044116,CLOSED,CAS-CSE-03-0385,TELCO-AAA-SRV,False
ALT-CSE-03-03241,CSE-03,MEDIUM,2024-12-17T07:19:18,2024-12-17T07:22:58.253633,2024-12-17T08:04:52.434189,CLOSED,,CARRIER-ROUTER-99,False
ALT-CSE-03-03242,CSE-03,LOW,2024-10-15T14:04:14,2024-10-15T14:09:25.197289,2024-10-15T15:19:17.121129,CLOSED,,EDGE-GATEWAY-12,False
ALT-CSE-03-03243,CSE-03,LOW,2024-12-21T14:55:20,2024-12-21T14:58:35.691506,2024-12-21T15:52:55.703733,CLOSED,,EDGE-GATEWAY-12,False
ALT-CSE-03-03244,CSE-03,HIGH,2024-11-09T05:19:23,2024-11-09T05:21:57.383049,2024-11-09T06:32:12.633763,CLOSED,,EDGE-GATEWAY-12,False
ALT-CSE-03-03245,CSE-03,LOW,2024-11-07T03:22:26,2024-11-07T03:24:59.568810,2024-11-07T04:43:53.589413,CLOSED,,EDGE-GATEWAY-12,False
ALT-CSE-03-03246,CSE-03,HIGH,2024-12-25T11:19:38,2024-12-25T11:23:09.195157,2024-12-25T12:29:52.669421,CLOSED,,TELCO-AAA-SRV,False
ALT-CSE-03-03247,CSE-03,MEDIUM,2024-10-05T11:07:29,2024-10-05T11:16:46.328353,2024-10-05T12:05:14.446615,CLOSED,,5G-CORE-UPF-01,False
ALT-CSE-03-03248,CSE-03,MEDIUM,2024-10-02T10:47:43,2024-10-02T10:51:14.790579,2024-10-02T12:02:29.053784,CLOSED,,5G-AMF-NODE-02,False
ALT-CSE-03-03249,CSE-03,HIGH,2024-12-12T15:59:30,2024-12-12T16:09:08.739869,2024-12-12T17:10:01.143724,CLOSED,,5G-CORE-UPF-01,False
ALT-CSE-03-03250,CSE-03,CRITICAL,2024-10-05T18:47:54,2024-10-05T18:50:59.913153,2024-10-05T19:29:35.486423,CLOSED,,5G-AMF-NODE-02,False
ALT-CSE-03-03251,CSE-03,LOW,2024-12-24T18:51:38,2024-12-24T18:57:51.518425,2024-12-24T20:06:28.097429,CLOSED,,CARRIER-ROUTER-99,False
ALT-CSE-03-03252,CSE-03,MEDIUM,2024-12-20T19:37:41,2024-12-20T19:42:19.667293,2024-12-20T20:55:39.133339,CLOSED,,5G-CORE-UPF-01,False
ALT-CSE-03-03253,CSE-03,MEDIUM,2024-10-14T12:34:55,2024-10-14T12:41:39.419157,2024-10-14T13:13:23.388628,CLOSED,,5G-CORE-UPF-01,False
ALT-CSE-03-03254,CSE-03,MEDIUM,2024-10-15T06:55:31,2024-10-15T06:59:05.560768,2024-10-15T08:08:56.013871,CLOSED,,5G-AMF-NODE-02,False
ALT-CSE-03-03255,CSE-03,MEDIUM,2024-11-23T17:37:47,2024-11-23T17:40:59.046527,2024-11-23T18:20:07.219484,CLOSED,,EDGE-GATEWAY-12,False
ALT-CSE-03-03256,CSE-03,MEDIUM,2024-11-04T21:24:09,2024-11-04T21:26:41.457129,2024-11-04T22:32:34.841800,CLOSED,,5G-AMF-NODE-02,False
ALT-CSE-03-03257,CSE-03,MEDIUM,2024-11-30T04:48:52,2024-11-30T04:55:31.630445,2024-11-30T06:00:50.224702,CLOSED,,TELCO-AAA-SRV,False
ALT-CSE-03-03258,CSE-03,LOW,2024-10-24T15:44:12,2024-10-24T15:50:31.715891,2024-10-24T16:50:34.634609,CLOSED,,EDGE-GATEWAY-12,False
ALT-CSE-03-03259,CSE-03,HIGH,2024-11-23T12:36:35,2024-11-23T12:46:30.808217,2024-11-23T13:28:02.071771,CLOSED,,EDGE-GATEWAY-12,False
ALT-CSE-03-03260,CSE-03,LOW,2024-10-24T20:54:16,2024-10-24T20:59:23.920427,2024-10-24T21:59:10.893251,CLOSED,,CARRIER-ROUTER-99,False
ALT-CSE-03-03261,CSE-03,HIGH,2024-11-27T14:09:17,2024-11-27T14:17:26.781048,2024-11-27T15:23:49.364236,CLOSED,,TELCO-AAA-SRV,False
ALT-CSE-03-03262,CSE-03,HIGH,2024-10-30T13:44:46,2024-10-30T13:48:48.751420,2024-10-30T14:29:04.720385,CLOSED,,CARRIER-ROUTER-99,False
ALT-CSE-03-03263,CSE-03,MEDIUM,2024-10-20T05:15:56,2024-10-20T05:18:07.346366,2024-10-20T06:08:05.679720,CLOSED,,5G-CORE-UPF-01,False
ALT-CSE-03-03264,CSE-03,MEDIUM,2024-10-07T06:29:48,2024-10-07T06:34:16.523833,2024-10-07T07:36:59.611537,CLOSED,,EDGE-GATEWAY-12,False
ALT-CSE-03-03265,CSE-03,MEDIUM,2024-12-18T14:14:39,2024-12-18T14:21:10.692701,2024-12-18T15:19:05.595274,CLOSED,,EDGE-GATEWAY-12,False
ALT-CSE-03-03266,CSE-03,MEDIUM,2024-11-12T15:02:38,2024-11-12T15:05:45.787705,2024-11-12T15:42:09.482535,CLOSED,,EDGE-GATEWAY-12,False
ALT-CSE-03-03267,CSE-03,MEDIUM,2024-10-07T02:41:13,2024-10-07T02:44:53.073376,2024-10-07T03:52:58.364792,CLOSED,,EDGE-GATEWAY-12,False
ALT-CSE-03-03268,CSE-03,HIGH,2024-12-29T12:37:40,2024-12-29T12:44:50.502194,2024-12-29T13:39:50.539468,CLOSED,,5G-CORE-UPF-01,False
ALT-CSE-03-03269,CSE-03,MEDIUM,2024-11-23T08:55:18,2024-11-23T08:58:13.771404,2024-11-23T10:19:44.725029,CLOSED,,TELCO-AAA-SRV,False
ALT-CSE-03-03270,CSE-03,MEDIUM,2024-10-25T04:38:23,2024-10-25T04:47:31.555139,2024-10-25T05:09:32.776085,CLOSED,,CARRIER-ROUTER-99,False
ALT-CSE-03-03271,CSE-03,LOW,2024-11-14T03:13:44,2024-11-14T03:21:45.460037,2024-11-14T03:59:06.562937,CLOSED,,CARRIER-ROUTER-99,False
ALT-CSE-03-03272,CSE-03,CRITICAL,2024-10-28T09:46:36,2024-10-28T09:50:51.778628,2024-10-28T11:03:10.792768,CLOSED,CAS-CSE-03-0386,5G-AMF-NODE-02,True
ALT-CSE-03-03273,CSE-03,MEDIUM,2024-12-26T02:28:42,2024-12-26T02:35:54.043540,2024-12-26T02:59:01.711432,CLOSED,,EDGE-GATEWAY-12,False
ALT-CSE-03-03274,CSE-03,HIGH,2024-12-03T02:17:03,2024-12-03T02:21:09.576926,2024-12-03T03:37:58.837200,CLOSED,,TELCO-AAA-SRV,False
ALT-CSE-03-03275,CSE-03,CRITICAL,2024-11-06T16:15:22,2024-11-06T16:22:06.113298,2024-11-06T17:39:12.537676,CLOSED,,5G-AMF-NODE-02,False
ALT-CSE-03-03276,CSE-03,HIGH,2024-10-06T15:39:20,2024-10-06T15:45:29.420189,2024-10-06T16:38:16.566518,CLOSED,,5G-CORE-UPF-01,False
ALT-CSE-03-03277,CSE-03,LOW,2024-12-03T13:45:18,2024-12-03T13:52:30.812957,2024-12-03T14:28:05.724291,CLOSED,,5G-AMF-NODE-02,False
ALT-CSE-03-03278,CSE-03,MEDIUM,2024-10-20T00:16:29,2024-10-20T00:22:24.207011,2024-10-20T01:40:19.471764,CLOSED,,CARRIER-ROUTER-99,False
ALT-CSE-03-03279,CSE-03,MEDIUM,2024-12-04T12:56:07,2024-12-04T13:00:28.240281,2024-12-04T13:28:11.274622,CLOSED,,TELCO-AAA-SRV,False
ALT-CSE-03-03280,CSE-03,MEDIUM,2024-10-16T09:52:53,2024-10-16T09:56:17.102003,2024-10-16T11:09:47.987154,CLOSED,,CARRIER-ROUTER-99,False
ALT-CSE-03-03281,CSE-03,MEDIUM,2024-10-12T20:41:12,2024-10-12T20:48:56.986937,2024-10-12T21:18:16.472804,CLOSED,,EDGE-GATEWAY-12,False
ALT-CSE-03-03282,CSE-03,HIGH,2024-11-03T23:22:44,2024-11-03T23:25:24.161630,2024-11-04T00:16:28.407356,CLOSED,,EDGE-GATEWAY-12,False
ALT-CSE-03-03283,CSE-03,CRITICAL,2024-12-17T13:41:32,2024-12-17T13:44:28.937795,2024-12-17T14:27:05.476067,CLOSED,,TELCO-AAA-SRV,False
ALT-CSE-03-03284,CSE-03,MEDIUM,2024-11-18T14:05:27,2024-11-18T14:09:38.855571,2024-11-18T15:01:47.246160,CLOSED,,5G-AMF-NODE-02,False
ALT-CSE-03-03285,CSE-03,HIGH,2024-12-28T09:58:35,2024-12-28T10:05:32.490128,2024-12-28T11:12:09.601482,CLOSED,CAS-CSE-03-0387,EDGE-GATEWAY-12,True
ALT-CSE-03-03286,CSE-03,MEDIUM,2024-11-02T20:36:30,2024-11-02T20:42:40.279251,2024-11-02T21:53:45.049050,CLOSED,,CARRIER-ROUTER-99,False
ALT-CSE-03-03287,CSE-03,MEDIUM,2024-12-21T11:08:47,2024-12-21T11:11:34.253068,2024-12-21T11:59:00.207279,CLOSED,,5G-CORE-UPF-01,False
ALT-CSE-03-03288,CSE-03,LOW,2024-12-20T06:12:44,2024-12-20T06:22:17.407983,2024-12-20T06:47:53.376163,CLOSED,,TELCO-AAA-SRV,False
ALT-CSE-03-03289,CSE-03,CRITICAL,2024-10-19T13:48:32,2024-10-19T13:56:39.633802,2024-10-19T14:38:55.300398,CLOSED,,EDGE-GATEWAY-12,False
ALT-CSE-03-03290,CSE-03,LOW,2024-11-19T10:55:21,2024-11-19T10:58:39.244069,2024-11-19T11:57:55.205675,CLOSED,,5G-CORE-UPF-01,False
ALT-CSE-03-03291,CSE-03,LOW,2024-10-05T16:04:33,2024-10-05T16:10:51.168369,2024-10-05T17:21:15.068953,CLOSED,,5G-AMF-NODE-02,False
ALT-CSE-03-03292,CSE-03,HIGH,2024-10-23T02:49:34,2024-10-23T02:58:03.819080,2024-10-23T03:41:31.060248,CLOSED,,TELCO-AAA-SRV,False
ALT-CSE-03-03293,CSE-03,CRITICAL,2024-11-13T23:32:30,2024-11-13T23:35:15.638603,2024-11-14T00:33:21.235292,CLOSED,CAS-CSE-03-0388,EDGE-GATEWAY-12,False
ALT-CSE-03-03294,CSE-03,MEDIUM,2024-12-24T13:09:42,2024-12-24T13:15:26.896315,2024-12-24T14:22:07.859214,CLOSED,,TELCO-AAA-SRV,False
ALT-CSE-03-03295,CSE-03,LOW,2024-11-22T22:35:56,2024-11-22T22:38:32.822073,2024-11-22T23:39:47.758984,CLOSED,,EDGE-GATEWAY-12,False
ALT-CSE-03-03296,CSE-03,HIGH,2024-11-18T09:55:56,2024-11-18T10:03:17.357032,2024-11-18T10:50:19.965749,CLOSED,CAS-CSE-03-0389,CARRIER-ROUTER-99,False
ALT-CSE-03-03297,CSE-03,MEDIUM,2024-10-01T03:54:07,2024-10-01T04:04:02.132050,2024-10-01T04:54:37.678920,CLOSED,,5G-AMF-NODE-02,False
ALT-CSE-03-03298,CSE-03,LOW,2024-10-16T23:34:04,2024-10-16T23:43:35.964618,2024-10-17T00:15:55.384479,CLOSED,,5G-CORE-UPF-01,False
ALT-CSE-03-03299,CSE-03,MEDIUM,2024-12-21T10:02:36,2024-12-21T10:08:41.363871,2024-12-21T10:49:42.450576,CLOSED,,5G-CORE-UPF-01,False
ALT-CSE-03-03300,CSE-03,LOW,2024-10-30T05:07:50,2024-10-30T05:15:44.223359,2024-10-30T05:38:59.000924,CLOSED,,CARRIER-ROUTER-99,False
ALT-CSE-03-03301,CSE-03,HIGH,2024-11-25T01:24:16,2024-11-25T01:29:58.932348,2024-11-25T02:28:44.386540,CLOSED,,CARRIER-ROUTER-99,False
ALT-CSE-03-03302,CSE-03,MEDIUM,2024-10-22T11:07:07,2024-10-22T11:11:31.154607,2024-10-22T12:28:22.768158,CLOSED,,5G-CORE-UPF-01,False
ALT-CSE-03-03303,CSE-03,LOW,2024-10-09T21:03:50,2024-10-09T21:10:33.557417,2024-10-09T21:56:55.319625,CLOSED,,EDGE-GATEWAY-12,False
ALT-CSE-03-03304,CSE-03,HIGH,2024-10-27T20:53:37,2024-10-27T20:58:29.656891,2024-10-27T21:26:58.898516,CLOSED,CAS-CSE-03-0390,5G-CORE-UPF-01,False
ALT-CSE-03-03305,CSE-03,HIGH,2024-10-05T06:01:22,2024-10-05T06:05:04.948904,2024-10-05T06:55:44.869813,CLOSED,,TELCO-AAA-SRV,False
ALT-CSE-03-03306,CSE-03,CRITICAL,2024-10-01T09:40:53,2024-10-01T09:45:58.804632,2024-10-01T11:02:01.349284,CLOSED,CAS-CSE-03-0391,CARRIER-ROUTER-99,False
ALT-CSE-03-03307,CSE-03,LOW,2024-10-31T04:14:02,2024-10-31T04:22:24.166250,2024-10-31T05:13:38.944255,CLOSED,,5G-AMF-NODE-02,False
ALT-CSE-03-03308,CSE-03,LOW,2024-10-04T00:08:04,2024-10-04T00:17:30.942338,2024-10-04T01:06:47.283012,CLOSED,,5G-AMF-NODE-02,False
ALT-CSE-03-03309,CSE-03,MEDIUM,2024-12-14T14:26:21,2024-12-14T14:32:32.165517,2024-12-14T15:42:10.978836,CLOSED,,5G-CORE-UPF-01,False
ALT-CSE-03-03310,CSE-03,MEDIUM,2024-11-21T21:35:59,2024-11-21T21:41:05.832347,2024-11-21T22:27:36.546402,CLOSED,,5G-AMF-NODE-02,False
ALT-CSE-03-03311,CSE-03,HIGH,2024-10-28T06:16:38,2024-10-28T06:20:40.117446,2024-10-28T07:00:43.106886,CLOSED,,TELCO-AAA-SRV,False
ALT-CSE-03-03312,CSE-03,HIGH,2024-12-29T16:51:35,2024-12-29T16:56:03.362542,2024-12-29T18:03:09.918536,CLOSED,,5G-AMF-NODE-02,False
ALT-CSE-03-03313,CSE-03,LOW,2024-11-09T19:11:36,2024-11-09T19:20:25.659184,2024-11-09T20:17:21.415464,CLOSED,,TELCO-AAA-SRV,False
ALT-CSE-03-03314,CSE-03,HIGH,2024-12-08T15:48:53,2024-12-08T15:58:39.552651,2024-12-08T16:22:58.456257,CLOSED,CAS-CSE-03-0392,EDGE-GATEWAY-12,False
ALT-CSE-03-03315,CSE-03,MEDIUM,2024-10-29T14:20:28,2024-10-29T14:30:05.023729,2024-10-29T15:16:42.324294,CLOSED,,5G-AMF-NODE-02,False
ALT-CSE-03-03316,CSE-03,LOW,2024-10-07T15:05:08,2024-10-07T15:14:17.253201,2024-10-07T15:36:42.305773,CLOSED,,TELCO-AAA-SRV,False
ALT-CSE-03-03317,CSE-03,CRITICAL,2024-12-17T20:28:53,2024-12-17T20:34:00.376935,2024-12-17T21:53:15.564695,CLOSED,CAS-CSE-03-0393,5G-AMF-NODE-02,False
ALT-CSE-03-03318,CSE-03,CRITICAL,2024-11-22T23:12:43,2024-11-22T23:21:04.009015,2024-11-23T00:25:59.053793,CLOSED,CAS-CSE-03-0394,CARRIER-ROUTER-99,False
ALT-CSE-03-03319,CSE-03,MEDIUM,2024-12-29T13:57:47,2024-12-29T14:05:47.329320,2024-12-29T14:30:35.303164,CLOSED,,CARRIER-ROUTER-99,False
ALT-CSE-03-03320,CSE-03,MEDIUM,2024-12-15T15:13:50,2024-12-15T15:22:44.928708,2024-12-15T16:03:58.413499,CLOSED,,TELCO-AAA-SRV,False
ALT-CSE-03-03321,CSE-03,CRITICAL,2024-12-27T00:16:34,2024-12-27T00:24:59.933904,2024-12-27T01:32:18.616885,CLOSED,CAS-CSE-03-0395,CARRIER-ROUTER-99,False
ALT-CSE-03-03322,CSE-03,CRITICAL,2024-11-11T14:12:51,2024-11-11T14:17:22.453111,2024-11-11T15:04:17.195356,CLOSED,CAS-CSE-03-0396,5G-CORE-UPF-01,False
ALT-CSE-03-03323,CSE-03,LOW,2024-10-14T15:02:06,2024-10-14T15:04:24.710897,2024-10-14T15:59:16.691576,CLOSED,,5G-CORE-UPF-01,False
ALT-CSE-03-03324,CSE-03,MEDIUM,2024-12-03T19:14:13,2024-12-03T19:16:21.492534,2024-12-03T20:02:47.070943,CLOSED,,EDGE-GATEWAY-12,False
ALT-CSE-03-03325,CSE-03,LOW,2024-10-19T14:50:28,2024-10-19T14:58:35.297630,2024-10-19T15:51:47.938619,CLOSED,,TELCO-AAA-SRV,False
ALT-CSE-03-03326,CSE-03,MEDIUM,2024-12-18T11:30:49,2024-12-18T11:34:18.166780,2024-12-18T12:52:58.065537,CLOSED,,TELCO-AAA-SRV,False
ALT-CSE-03-03327,CSE-03,HIGH,2024-12-10T01:04:18,2024-12-10T01:13:16.270867,2024-12-10T01:41:50.918022,CLOSED,,5G-CORE-UPF-01,False
ALT-CSE-03-03328,CSE-03,HIGH,2024-12-09T01:43:49,2024-12-09T01:51:30.937185,2024-12-09T03:00:23.120786,CLOSED,,5G-AMF-NODE-02,False
ALT-CSE-03-03329,CSE-03,HIGH,2024-12-20T02:01:06,2024-12-20T02:07:57.551577,2024-12-20T03:05:38.680668,CLOSED,,EDGE-GATEWAY-12,False
ALT-CSE-03-03330,CSE-03,CRITICAL,2024-11-20T01:43:07,2024-11-20T01:48:27.539831,2024-11-20T02:40:50.135644,CLOSED,CAS-CSE-03-0397,EDGE-GATEWAY-12,False
ALT-CSE-03-03331,CSE-03,MEDIUM,2024-10-19T13:28:38,2024-10-19T13:36:38.882801,2024-10-19T14:43:41.110627,CLOSED,,5G-AMF-NODE-02,False
ALT-CSE-03-03332,CSE-03,HIGH,2024-10-15T02:01:09,2024-10-15T02:04:26.304635,2024-10-15T03:04:18.624058,CLOSED,,TELCO-AAA-SRV,False
ALT-CSE-03-03333,CSE-03,MEDIUM,2024-10-22T01:24:07,2024-10-22T01:27:09.774358,2024-10-22T02:41:50.998157,CLOSED,,5G-CORE-UPF-01,False
ALT-CSE-03-03334,CSE-03,CRITICAL,2024-10-24T08:16:12,2024-10-24T08:19:57.119569,2024-10-24T09:18:15.699226,CLOSED,CAS-CSE-03-0398,5G-CORE-UPF-01,False
ALT-CSE-03-03335,CSE-03,HIGH,2024-10-05T14:32:30,2024-10-05T14:36:28.693423,2024-10-05T15:53:46.605146,CLOSED,,CARRIER-ROUTER-99,False
ALT-CSE-03-03336,CSE-03,MEDIUM,2024-12-20T22:40:29,2024-12-20T22:48:21.975806,2024-12-20T23:59:37.348134,CLOSED,,EDGE-GATEWAY-12,False
ALT-CSE-03-03337,CSE-03,MEDIUM,2024-10-02T13:02:27,2024-10-02T13:05:17.897162,2024-10-02T13:49:10.328017,CLOSED,,CARRIER-ROUTER-99,False
ALT-CSE-03-03338,CSE-03,MEDIUM,2024-12-11T10:29:47,2024-12-11T10:31:47.194260,2024-12-11T11:45:39.502424,CLOSED,,TELCO-AAA-SRV,False
ALT-CSE-03-03339,CSE-03,MEDIUM,2024-10-04T14:51:32,2024-10-04T14:58:54.835261,2024-10-04T16:06:27.648880,CLOSED,,EDGE-GATEWAY-12,False
ALT-CSE-03-03340,CSE-03,CRITICAL,2024-11-01T13:05:05,2024-11-01T13:11:58.080734,2024-11-01T13:42:56.967235,CLOSED,,EDGE-GATEWAY-12,False
ALT-CSE-03-03341,CSE-03,MEDIUM,2024-10-27T08:01:16,2024-10-27T08:06:23.637012,2024-10-27T08:52:59.271072,CLOSED,,5G-CORE-UPF-01,False
ALT-CSE-03-03342,CSE-03,LOW,2024-12-14T01:13:12,2024-12-14T01:19:48.168476,2024-12-14T01:49:19.684875,CLOSED,,5G-AMF-NODE-02,False
ALT-CSE-03-03343,CSE-03,LOW,2024-11-10T18:36:48,2024-11-10T18:45:50.828026,2024-11-10T19:35:59.081920,CLOSED,,EDGE-GATEWAY-12,False
ALT-CSE-03-03344,CSE-03,HIGH,2024-10-13T22:06:10,2024-10-13T22:11:26.113226,2024-10-13T23:26:10.979778,CLOSED,,TELCO-AAA-SRV,False
ALT-CSE-03-03345,CSE-03,MEDIUM,2024-11-07T18:05:30,2024-11-07T18:15:07.718949,2024-11-07T19:12:26.837234,CLOSED,,TELCO-AAA-SRV,False
ALT-CSE-03-03346,CSE-03,LOW,2024-11-14T05:11:49,2024-11-14T05:21:09.244672,2024-11-14T06:06:59.390016,CLOSED,,5G-AMF-NODE-02,False
ALT-CSE-03-03347,CSE-03,MEDIUM,2024-12-09T12:03:57,2024-12-09T12:13:20.009822,2024-12-09T13:05:19.793511,CLOSED,,CARRIER-ROUTER-99,False
ALT-CSE-03-03348,CSE-03,LOW,2024-12-16T13:32:41,2024-12-16T13:36:07.361661,2024-12-16T14:23:50.609470,CLOSED,,5G-CORE-UPF-01,False
ALT-CSE-03-03349,CSE-03,MEDIUM,2024-10-27T09:57:13,2024-10-27T10:04:52.511637,2024-10-27T11:02:00.306369,CLOSED,,TELCO-AAA-SRV,False
ALT-CSE-03-03350,CSE-03,LOW,2024-11-22T20:03:41,2024-11-22T20:11:30.870377,2024-11-22T21:10:37.329776,CLOSED,,CARRIER-ROUTER-99,False
ALT-CSE-03-03351,CSE-03,CRITICAL,2024-10-14T10:09:57,2024-10-14T10:14:00.754818,2024-10-14T11:25:43.984845,CLOSED,,TELCO-AAA-SRV,False
ALT-CSE-03-03352,CSE-03,CRITICAL,2024-10-04T16:56:53,2024-10-04T17:05:13.442905,2024-10-04T18:11:08.307607,CLOSED,CAS-CSE-03-0399,CARRIER-ROUTER-99,False
ALT-CSE-03-03353,CSE-03,MEDIUM,2024-10-26T18:41:21,2024-10-26T18:45:42.740262,2024-10-26T19:56:37.111703,CLOSED,,5G-CORE-UPF-01,False
ALT-CSE-03-03354,CSE-03,MEDIUM,2024-12-17T12:44:42,2024-12-17T12:53:39.077107,2024-12-17T14:02:48.830073,CLOSED,,EDGE-GATEWAY-12,False
ALT-CSE-03-03355,CSE-03,MEDIUM,2024-12-19T17:26:01,2024-12-19T17:35:20.000842,2024-12-19T18:20:19.282822,CLOSED,,EDGE-GATEWAY-12,False
ALT-CSE-03-03356,CSE-03,MEDIUM,2024-12-23T21:08:11,2024-12-23T21:10:22.991241,2024-12-23T21:50:35.913233,CLOSED,,EDGE-GATEWAY-12,False
ALT-CSE-03-03357,CSE-03,CRITICAL,2024-11-26T00:30:18,2024-11-26T00:33:54.432719,2024-11-26T01:25:40.293421,CLOSED,CAS-CSE-03-0400,5G-CORE-UPF-01,False
ALT-CSE-03-03358,CSE-03,HIGH,2024-10-17T08:01:36,2024-10-17T08:03:46.536579,2024-10-17T08:44:50.507879,CLOSED,,EDGE-GATEWAY-12,False
ALT-CSE-03-03359,CSE-03,LOW,2024-10-21T13:30:59,2024-10-21T13:37:24.010873,2024-10-21T14:49:47.276607,CLOSED,,5G-AMF-NODE-02,False
ALT-CSE-03-03360,CSE-03,MEDIUM,2024-12-14T04:52:15,2024-12-14T05:01:40.830642,2024-12-14T06:13:42.509297,CLOSED,,CARRIER-ROUTER-99,False
ALT-CSE-03-03361,CSE-03,CRITICAL,2024-11-07T21:43:28,2024-11-07T21:46:52.911439,2024-11-07T22:39:34.693838,CLOSED,CAS-CSE-03-0401,TELCO-AAA-SRV,False
ALT-CSE-03-03362,CSE-03,LOW,2024-10-18T22:59:45,2024-10-18T23:03:28.517992,2024-10-19T00:06:13.554541,CLOSED,,TELCO-AAA-SRV,False
ALT-CSE-03-03363,CSE-03,LOW,2024-10-23T14:00:07,2024-10-23T14:02:29.763588,2024-10-23T15:06:27.786610,CLOSED,,5G-CORE-UPF-01,False
ALT-CSE-03-03364,CSE-03,HIGH,2024-10-31T22:10:25,2024-10-31T22:18:37.752621,2024-10-31T22:57:27.624649,CLOSED,,CARRIER-ROUTER-99,False
ALT-CSE-03-03365,CSE-03,LOW,2024-10-25T04:12:18,2024-10-25T04:22:00.814625,2024-10-25T04:52:07.508875,CLOSED,,5G-CORE-UPF-01,False
ALT-CSE-03-03366,CSE-03,LOW,2024-10-05T01:51:20,2024-10-05T02:00:15.333235,2024-10-05T02:53:59.759031,CLOSED,,CARRIER-ROUTER-99,False
ALT-CSE-03-03367,CSE-03,LOW,2024-11-07T13:51:05,2024-11-07T13:57:34.820980,2024-11-07T14:26:40.690019,CLOSED,,TELCO-AAA-SRV,False
ALT-CSE-03-03368,CSE-03,LOW,2024-12-04T14:15:18,2024-12-04T14:18:48.331296,2024-12-04T15:28:18.006462,CLOSED,,TELCO-AAA-SRV,False
ALT-CSE-03-03369,CSE-03,MEDIUM,2024-10-01T06:57:01,2024-10-01T07:03:35.990141,2024-10-01T07:31:11.759047,CLOSED,,EDGE-GATEWAY-12,False
ALT-CSE-03-03370,CSE-03,MEDIUM,2024-12-01T11:24:52,2024-12-01T11:32:04.962808,2024-12-01T12:41:16.089222,CLOSED,,EDGE-GATEWAY-12,False
ALT-CSE-03-03371,CSE-03,LOW,2024-12-19T23:46:26,2024-12-19T23:55:50.939397,2024-12-20T00:31:46.470906,CLOSED,,TELCO-AAA-SRV,False
ALT-CSE-03-03372,CSE-03,MEDIUM,2024-11-15T04:23:39,2024-11-15T04:25:48.211058,2024-11-15T05:25:14.086789,CLOSED,,5G-CORE-UPF-01,False
ALT-CSE-03-03373,CSE-03,CRITICAL,2024-10-04T20:21:10,2024-10-04T20:24:53.385406,2024-10-04T21:37:21.874553,CLOSED,CAS-CSE-03-0402,TELCO-AAA-SRV,False
ALT-CSE-03-03374,CSE-03,MEDIUM,2024-10-13T21:54:00,2024-10-13T21:56:33.100945,2024-10-13T23:17:51.685918,CLOSED,,EDGE-GATEWAY-12,False
ALT-CSE-03-03375,CSE-03,CRITICAL,2024-11-21T03:14:14,2024-11-21T03:16:26.403827,2024-11-21T04:09:10.985240,CLOSED,,EDGE-GATEWAY-12,False
ALT-CSE-03-03376,CSE-03,LOW,2024-11-03T08:15:06,2024-11-03T08:20:05.338024,2024-11-03T08:46:25.102988,CLOSED,,5G-CORE-UPF-01,False
ALT-CSE-03-03377,CSE-03,LOW,2024-10-29T21:57:43,2024-10-29T22:01:54.607435,2024-10-29T22:46:39.464357,CLOSED,,TELCO-AAA-SRV,False
ALT-CSE-03-03378,CSE-03,MEDIUM,2024-10-05T00:08:59,2024-10-05T00:18:32.653419,2024-10-05T00:59:34.427513,CLOSED,,TELCO-AAA-SRV,False
ALT-CSE-03-03379,CSE-03,LOW,2024-11-18T05:47:59,2024-11-18T05:52:58.020892,2024-11-18T06:26:29.697162,CLOSED,,5G-AMF-NODE-02,False
ALT-CSE-03-03380,CSE-03,CRITICAL,2024-10-12T00:44:18,2024-10-12T00:49:54.480805,2024-10-12T01:44:02.231249,CLOSED,CAS-CSE-03-0403,EDGE-GATEWAY-12,False
ALT-CSE-03-03381,CSE-03,MEDIUM,2024-11-01T02:38:19,2024-11-01T02:41:52.064433,2024-11-01T03:09:55.485552,CLOSED,,5G-AMF-NODE-02,False
ALT-CSE-03-03382,CSE-03,MEDIUM,2024-12-08T19:46:12,2024-12-08T19:51:20.360841,2024-12-08T20:56:57.114949,CLOSED,,TELCO-AAA-SRV,False
ALT-CSE-03-03383,CSE-03,HIGH,2024-12-05T05:20:36,2024-12-05T05:29:16.054344,2024-12-05T05:58:59.768818,CLOSED,,EDGE-GATEWAY-12,False
ALT-CSE-03-03384,CSE-03,LOW,2024-10-19T18:25:01,2024-10-19T18:33:39.825300,2024-10-19T19:02:45.575020,CLOSED,,TELCO-AAA-SRV,False
ALT-CSE-03-03385,CSE-03,LOW,2024-11-16T18:16:24,2024-11-16T18:25:43.955307,2024-11-16T19:09:31.464685,CLOSED,,TELCO-AAA-SRV,False
ALT-CSE-03-03386,CSE-03,MEDIUM,2024-10-27T07:25:18,2024-10-27T07:34:47.049473,2024-10-27T08:16:38.293401,CLOSED,,EDGE-GATEWAY-12,False
ALT-CSE-03-03387,CSE-03,HIGH,2024-12-20T15:48:19,2024-12-20T15:51:48.393729,2024-12-20T16:24:44.298216,CLOSED,,EDGE-GATEWAY-12,False
ALT-CSE-03-03388,CSE-03,HIGH,2024-11-10T15:20:23,2024-11-10T15:27:34.777884,2024-11-10T16:21:16.125116,CLOSED,,EDGE-GATEWAY-12,False
ALT-CSE-03-03389,CSE-03,MEDIUM,2024-12-26T04:02:44,2024-12-26T04:08:37.621118,2024-12-26T04:52:28.706543,CLOSED,,CARRIER-ROUTER-99,False
ALT-CSE-03-03390,CSE-03,MEDIUM,2024-11-03T10:46:44,2024-11-03T10:52:58.234642,2024-11-03T11:53:57.263133,CLOSED,,TELCO-AAA-SRV,False
ALT-CSE-03-03391,CSE-03,MEDIUM,2024-11-08T07:11:55,2024-11-08T07:20:29.360593,2024-11-08T08:02:05.066266,CLOSED,,EDGE-GATEWAY-12,False
ALT-CSE-03-03392,CSE-03,HIGH,2024-10-14T08:30:17,2024-10-14T08:35:52.251975,2024-10-14T09:13:35.851428,CLOSED,,5G-AMF-NODE-02,False
ALT-CSE-03-03393,CSE-03,LOW,2024-11-29T21:31:59,2024-11-29T21:39:19.845415,2024-11-29T22:54:22.838966,CLOSED,,5G-CORE-UPF-01,False
ALT-CSE-03-03394,CSE-03,MEDIUM,2024-10-15T00:27:10,2024-10-15T00:30:38.123053,2024-10-15T01:25:50.526867,CLOSED,,5G-AMF-NODE-02,False
ALT-CSE-03-03395,CSE-03,HIGH,2024-10-09T09:31:13,2024-10-09T09:37:37.368539,2024-10-09T10:27:38.791823,CLOSED,,CARRIER-ROUTER-99,False
ALT-CSE-03-03396,CSE-03,LOW,2024-10-07T14:21:26,2024-10-07T14:25:37.395126,2024-10-07T15:22:13.305573,CLOSED,,TELCO-AAA-SRV,False
ALT-CSE-03-03397,CSE-03,MEDIUM,2024-11-12T20:20:54,2024-11-12T20:25:18.276468,2024-11-12T21:42:38.515612,CLOSED,,5G-AMF-NODE-02,False
ALT-CSE-03-03398,CSE-03,MEDIUM,2024-12-03T23:25:54,2024-12-03T23:33:40.108836,2024-12-04T00:48:22.263470,CLOSED,,5G-CORE-UPF-01,False
ALT-CSE-03-03399,CSE-03,HIGH,2024-11-20T20:42:53,2024-11-20T20:49:10.703253,2024-11-20T21:59:46.463824,CLOSED,,5G-AMF-NODE-02,False
ALT-CSE-03-03400,CSE-03,MEDIUM,2024-12-24T19:48:15,2024-12-24T19:54:47.891571,2024-12-24T20:41:14.982948,CLOSED,,5G-CORE-UPF-01,False
ALT-CSE-03-03401,CSE-03,LOW,2024-12-04T19:04:31,2024-12-04T19:10:49.894376,2024-12-04T20:18:13.094704,CLOSED,,TELCO-AAA-SRV,False
ALT-CSE-03-03402,CSE-03,MEDIUM,2024-12-09T09:03:28,2024-12-09T09:11:43.717181,2024-12-09T10:13:38.407269,CLOSED,,5G-AMF-NODE-02,False
ALT-CSE-03-03403,CSE-03,LOW,2024-11-02T02:08:48,2024-11-02T02:16:17.303208,2024-11-02T02:40:28.354317,CLOSED,,CARRIER-ROUTER-99,False
ALT-CSE-03-03404,CSE-03,MEDIUM,2024-10-29T17:47:48,2024-10-29T17:53:01.651136,2024-10-29T18:25:43.996665,CLOSED,,5G-CORE-UPF-01,False
ALT-CSE-03-03405,CSE-03,MEDIUM,2024-10-26T10:11:36,2024-10-26T10:19:46.381989,2024-10-26T10:59:46.515829,CLOSED,,EDGE-GATEWAY-12,False
ALT-CSE-03-03406,CSE-03,MEDIUM,2024-12-23T06:15:07,2024-12-23T06:19:39.635513,2024-12-23T06:51:20.842910,CLOSED,,5G-AMF-NODE-02,False
ALT-CSE-03-03407,CSE-03,CRITICAL,2024-10-07T04:23:09,2024-10-07T04:27:29.675271,2024-10-07T04:57:05.762133,CLOSED,,EDGE-GATEWAY-12,False
ALT-CSE-03-03408,CSE-03,HIGH,2024-11-29T18:48:50,2024-11-29T18:54:50.864450,2024-11-29T20:05:07.787415,CLOSED,,EDGE-GATEWAY-12,False
ALT-CSE-03-03409,CSE-03,MEDIUM,2024-12-11T01:24:47,2024-12-11T01:30:13.481166,2024-12-11T02:22:46.713889,CLOSED,,CARRIER-ROUTER-99,False
ALT-CSE-03-03410,CSE-03,LOW,2024-12-29T09:26:48,2024-12-29T09:33:54.720805,2024-12-29T10:20:49.111918,CLOSED,,TELCO-AAA-SRV,False
ALT-CSE-03-03411,CSE-03,LOW,2024-12-16T01:18:04,2024-12-16T01:26:22.565400,2024-12-16T02:15:14.678938,CLOSED,,CARRIER-ROUTER-99,False
ALT-CSE-03-03412,CSE-03,MEDIUM,2024-11-29T14:54:58,2024-11-29T15:00:17.095685,2024-11-29T15:27:00.080138,CLOSED,,CARRIER-ROUTER-99,False
ALT-CSE-03-03413,CSE-03,MEDIUM,2024-12-24T04:24:07,2024-12-24T04:27:26.180467,2024-12-24T05:15:26.271604,CLOSED,,5G-CORE-UPF-01,False
ALT-CSE-03-03414,CSE-03,MEDIUM,2024-10-26T12:44:51,2024-10-26T12:54:48.547615,2024-10-26T14:07:28.456443,CLOSED,,CARRIER-ROUTER-99,False
ALT-CSE-03-03415,CSE-03,HIGH,2024-12-06T19:48:26,2024-12-06T19:55:41.885315,2024-12-06T20:58:53.356128,CLOSED,,TELCO-AAA-SRV,False
ALT-CSE-03-03416,CSE-03,MEDIUM,2024-12-17T01:57:22,2024-12-17T02:07:06.683606,2024-12-17T02:38:07.665762,CLOSED,,CARRIER-ROUTER-99,False
ALT-CSE-03-03417,CSE-03,CRITICAL,2024-11-22T17:16:33,2024-11-22T17:20:27.472322,2024-11-22T17:46:51.759692,CLOSED,,5G-AMF-NODE-02,False
ALT-CSE-03-03418,CSE-03,LOW,2024-11-14T23:09:35,2024-11-14T23:17:18.968462,2024-11-14T23:44:07.388342,CLOSED,,5G-CORE-UPF-01,False
ALT-CSE-03-03419,CSE-03,MEDIUM,2024-10-06T19:29:35,2024-10-06T19:32:43.700325,2024-10-06T20:40:39.173748,CLOSED,,EDGE-GATEWAY-12,False
ALT-CSE-03-03420,CSE-03,MEDIUM,2024-10-04T02:16:24,2024-10-04T02:24:09.511800,2024-10-04T03:40:03.014056,CLOSED,,CARRIER-ROUTER-99,False
ALT-CSE-03-03421,CSE-03,MEDIUM,2024-12-06T13:57:39,2024-12-06T14:02:10.221399,2024-12-06T15:14:36.065157,CLOSED,,CARRIER-ROUTER-99,False
ALT-CSE-03-03422,CSE-03,MEDIUM,2024-11-17T04:12:09,2024-11-17T04:16:07.367666,2024-11-17T05:19:54.940494,CLOSED,,5G-AMF-NODE-02,False
ALT-CSE-03-03423,CSE-03,HIGH,2024-10-18T12:31:47,2024-10-18T12:35:36.866929,2024-10-18T13:35:08.201353,CLOSED,,5G-CORE-UPF-01,False
ALT-CSE-03-03424,CSE-03,MEDIUM,2024-12-19T22:26:58,2024-12-19T22:34:02.598394,2024-12-19T23:19:50.446060,CLOSED,,EDGE-GATEWAY-12,False
ALT-CSE-03-03425,CSE-03,LOW,2024-10-26T11:59:02,2024-10-26T12:06:01.366217,2024-10-26T12:42:43.588058,CLOSED,,EDGE-GATEWAY-12,False
ALT-CSE-03-03426,CSE-03,MEDIUM,2024-10-01T23:08:36,2024-10-01T23:14:47.698595,2024-10-02T00:00:03.140310,CLOSED,,EDGE-GATEWAY-12,False
ALT-CSE-03-03427,CSE-03,LOW,2024-11-18T06:40:39,2024-11-18T06:44:18.030952,2024-11-18T07:42:25.175380,CLOSED,,TELCO-AAA-SRV,False
ALT-CSE-03-03428,CSE-03,LOW,2024-11-19T13:29:35,2024-11-19T13:33:45.980888,2024-11-19T14:18:00.180482,CLOSED,,5G-AMF-NODE-02,False
ALT-CSE-03-03429,CSE-03,MEDIUM,2024-12-27T10:48:23,2024-12-27T10:55:33.948806,2024-12-27T11:44:01.591694,CLOSED,,5G-AMF-NODE-02,False
ALT-CSE-03-03430,CSE-03,HIGH,2024-10-30T00:23:17,2024-10-30T00:28:25.339098,2024-10-30T01:26:50.505026,CLOSED,,EDGE-GATEWAY-12,False
ALT-CSE-03-03431,CSE-03,MEDIUM,2024-11-29T15:50:47,2024-11-29T15:58:35.610146,2024-11-29T16:53:53.262245,CLOSED,,TELCO-AAA-SRV,False
ALT-CSE-03-03432,CSE-03,MEDIUM,2024-12-18T23:10:10,2024-12-18T23:12:23.486364,2024-12-18T23:56:29.823944,CLOSED,,EDGE-GATEWAY-12,False
ALT-CSE-03-03433,CSE-03,HIGH,2024-10-06T07:21:35,2024-10-06T07:30:06.860904,2024-10-06T07:59:40.246487,CLOSED,,CARRIER-ROUTER-99,False
ALT-CSE-03-03434,CSE-03,MEDIUM,2024-11-02T04:40:49,2024-11-02T04:46:49.977525,2024-11-02T05:40:04.328060,CLOSED,,EDGE-GATEWAY-12,False
ALT-CSE-03-03435,CSE-03,MEDIUM,2024-11-18T12:23:05,2024-11-18T12:26:30.173787,2024-11-18T13:07:48.051682,CLOSED,,CARRIER-ROUTER-99,False
ALT-CSE-03-03436,CSE-03,MEDIUM,2024-10-24T13:06:08,2024-10-24T13:08:47.411235,2024-10-24T14:16:09.976922,CLOSED,,CARRIER-ROUTER-99,False
ALT-CSE-03-03437,CSE-03,LOW,2024-12-06T17:35:58,2024-12-06T17:45:23.862410,2024-12-06T18:37:49.422989,CLOSED,,5G-AMF-NODE-02,False
ALT-CSE-03-03438,CSE-03,MEDIUM,2024-11-26T21:16:05,2024-11-26T21:20:02.920110,2024-11-26T22:17:16.497178,CLOSED,,5G-CORE-UPF-01,False
ALT-CSE-03-03439,CSE-03,MEDIUM,2024-10-09T22:29:16,2024-10-09T22:36:45.008334,2024-10-09T23:07:08.688110,CLOSED,,5G-CORE-UPF-01,False
ALT-CSE-03-03440,CSE-03,HIGH,2024-12-13T00:02:21,2024-12-13T00:04:56.513872,2024-12-13T01:08:25.221680,CLOSED,,EDGE-GATEWAY-12,False
ALT-CSE-03-03441,CSE-03,MEDIUM,2024-10-21T09:49:49,2024-10-21T09:54:52.975343,2024-10-21T10:35:09.330629,CLOSED,,CARRIER-ROUTER-99,False
ALT-CSE-03-03442,CSE-03,HIGH,2024-10-11T12:03:50,2024-10-11T12:11:33.238487,2024-10-11T13:10:38.410594,CLOSED,,5G-AMF-NODE-02,False
ALT-CSE-03-03443,CSE-03,MEDIUM,2024-10-01T02:50:56,2024-10-01T02:59:03.871488,2024-10-01T04:08:12.719780,CLOSED,,TELCO-AAA-SRV,False
ALT-CSE-03-03444,CSE-03,MEDIUM,2024-11-06T02:19:52,2024-11-06T02:22:29.107616,2024-11-06T02:52:50.016027,CLOSED,,5G-CORE-UPF-01,False
ALT-CSE-03-03445,CSE-03,HIGH,2024-10-16T09:09:08,2024-10-16T09:18:50.711402,2024-10-16T10:02:50.008233,CLOSED,,CARRIER-ROUTER-99,False
ALT-CSE-03-03446,CSE-03,LOW,2024-11-15T01:53:01,2024-11-15T01:59:05.549086,2024-11-15T02:38:47.883126,CLOSED,,5G-AMF-NODE-02,False
ALT-CSE-03-03447,CSE-03,MEDIUM,2024-10-25T21:53:19,2024-10-25T22:02:21.714558,2024-10-25T22:40:20.603752,CLOSED,,CARRIER-ROUTER-99,False
ALT-CSE-03-03448,CSE-03,LOW,2024-10-22T06:51:39,2024-10-22T06:54:16.261125,2024-10-22T07:25:03.154281,CLOSED,,5G-AMF-NODE-02,False
ALT-CSE-03-03449,CSE-03,HIGH,2024-10-23T12:29:07,2024-10-23T12:35:28.484251,2024-10-23T13:35:38.235563,CLOSED,,CARRIER-ROUTER-99,False
ALT-CSE-03-03450,CSE-03,HIGH,2024-12-09T10:39:16,2024-12-09T10:44:44.641325,2024-12-09T11:58:11.048919,CLOSED,,CARRIER-ROUTER-99,False
ALT-CSE-03-03451,CSE-03,MEDIUM,2024-11-22T05:46:30,2024-11-22T05:49:53.530666,2024-11-22T06:50:39.204021,CLOSED,,CARRIER-ROUTER-99,False
ALT-CSE-03-03452,CSE-03,LOW,2024-11-28T11:57:36,2024-11-28T12:07:16.686971,2024-11-28T12:50:40.566356,CLOSED,,5G-AMF-NODE-02,False
ALT-CSE-03-03453,CSE-03,HIGH,2024-10-21T00:05:32,2024-10-21T00:08:16.723643,2024-10-21T00:43:01.430597,CLOSED,,5G-CORE-UPF-01,False
ALT-CSE-03-03454,CSE-03,HIGH,2024-11-05T12:07:04,2024-11-05T12:16:36.187690,2024-11-05T13:04:40.006304,CLOSED,,EDGE-GATEWAY-12,False
ALT-CSE-03-03455,CSE-03,HIGH,2024-10-21T00:01:15,2024-10-21T00:03:25.060964,2024-10-21T01:01:08.405674,CLOSED,,5G-AMF-NODE-02,False
ALT-CSE-03-03456,CSE-03,LOW,2024-12-14T14:24:36,2024-12-14T14:29:14.327020,2024-12-14T14:55:44.433493,CLOSED,,TELCO-AAA-SRV,False
ALT-CSE-03-03457,CSE-03,MEDIUM,2024-10-06T16:18:02,2024-10-06T16:23:41.488516,2024-10-06T17:33:46.326666,CLOSED,,5G-AMF-NODE-02,False
ALT-CSE-03-03458,CSE-03,LOW,2024-10-30T03:21:09,2024-10-30T03:25:10.755749,2024-10-30T04:30:21.497408,CLOSED,,CARRIER-ROUTER-99,False
ALT-CSE-03-03459,CSE-03,HIGH,2024-12-20T04:04:20,2024-12-20T04:13:55.776396,2024-12-20T04:52:15.403495,CLOSED,,TELCO-AAA-SRV,False
ALT-CSE-03-03460,CSE-03,CRITICAL,2024-10-23T09:14:19,2024-10-23T09:23:02.031499,2024-10-23T10:04:52.750073,CLOSED,,TELCO-AAA-SRV,False
ALT-CSE-03-03461,CSE-03,LOW,2024-12-20T22:57:04,2024-12-20T23:02:57.502746,2024-12-20T23:33:30.483814,CLOSED,,5G-CORE-UPF-01,False
ALT-CSE-03-03462,CSE-03,HIGH,2024-10-16T06:34:01,2024-10-16T06:39:06.858001,2024-10-16T07:20:16.724392,CLOSED,,TELCO-AAA-SRV,False
ALT-CSE-03-03463,CSE-03,LOW,2024-11-25T12:36:10,2024-11-25T12:45:43.949622,2024-11-25T13:59:19.123616,CLOSED,,EDGE-GATEWAY-12,False
ALT-CSE-03-03464,CSE-03,HIGH,2024-11-19T20:39:22,2024-11-19T20:43:04.588321,2024-11-19T21:14:50.501206,CLOSED,CAS-CSE-03-0404,CARRIER-ROUTER-99,False
ALT-CSE-03-03465,CSE-03,MEDIUM,2024-11-03T11:49:00,2024-11-03T11:55:01.643928,2024-11-03T12:45:11.567323,CLOSED,,TELCO-AAA-SRV,False
ALT-CSE-03-03466,CSE-03,HIGH,2024-10-19T04:46:46,2024-10-19T04:54:19.626364,2024-10-19T05:42:48.695435,CLOSED,CAS-CSE-03-0405,5G-CORE-UPF-01,False
ALT-CSE-03-03467,CSE-03,MEDIUM,2024-11-07T18:07:51,2024-11-07T18:12:17.733911,2024-11-07T18:43:55.462766,CLOSED,,5G-CORE-UPF-01,False
ALT-CSE-03-03468,CSE-03,HIGH,2024-11-23T09:06:50,2024-11-23T09:15:04.997899,2024-11-23T10:21:36.517013,CLOSED,,EDGE-GATEWAY-12,False
ALT-CSE-03-03469,CSE-03,LOW,2024-11-23T03:25:18,2024-11-23T03:27:32.885203,2024-11-23T04:09:01.078666,CLOSED,,TELCO-AAA-SRV,False
ALT-CSE-03-03470,CSE-03,LOW,2024-12-26T11:49:54,2024-12-26T11:58:06.690685,2024-12-26T12:54:57.754418,CLOSED,,EDGE-GATEWAY-12,False
ALT-CSE-03-03471,CSE-03,LOW,2024-10-05T01:31:57,2024-10-05T01:36:58.804632,2024-10-05T02:36:19.466238,CLOSED,,CARRIER-ROUTER-99,False
ALT-CSE-03-03472,CSE-03,MEDIUM,2024-11-30T05:51:59,2024-11-30T05:54:00.267876,2024-11-30T07:02:21.000707,CLOSED,,5G-CORE-UPF-01,False
ALT-CSE-03-03473,CSE-03,MEDIUM,2024-11-09T07:00:02,2024-11-09T07:07:20.254087,2024-11-09T08:14:59.253433,CLOSED,,5G-AMF-NODE-02,False
ALT-CSE-03-03474,CSE-03,MEDIUM,2024-12-09T01:16:09,2024-12-09T01:20:04.047560,2024-12-09T02:08:55.356809,CLOSED,,5G-AMF-NODE-02,False
ALT-CSE-03-03475,CSE-03,MEDIUM,2024-12-16T12:39:23,2024-12-16T12:41:35.777537,2024-12-16T13:13:24.373980,CLOSED,,5G-CORE-UPF-01,False
ALT-CSE-03-03476,CSE-03,LOW,2024-12-25T16:46:18,2024-12-25T16:55:46.247684,2024-12-25T17:44:16.958825,CLOSED,,5G-CORE-UPF-01,False
ALT-CSE-03-03477,CSE-03,MEDIUM,2024-10-01T09:36:34,2024-10-01T09:38:53.242477,2024-10-01T10:54:31.652034,CLOSED,,5G-AMF-NODE-02,False
ALT-CSE-03-03478,CSE-03,HIGH,2024-10-06T08:17:47,2024-10-06T08:22:39.293278,2024-10-06T08:55:00.147988,CLOSED,,EDGE-GATEWAY-12,False
ALT-CSE-03-03479,CSE-03,MEDIUM,2024-11-25T21:51:15,2024-11-25T21:58:59.881659,2024-11-25T22:42:20.487778,CLOSED,,5G-CORE-UPF-01,False
ALT-CSE-03-03480,CSE-03,MEDIUM,2024-11-21T07:07:06,2024-11-21T07:09:20.553667,2024-11-21T08:00:27.403054,CLOSED,,5G-CORE-UPF-01,False
ALT-CSE-03-03481,CSE-03,LOW,2024-10-12T07:32:55,2024-10-12T07:41:36.182036,2024-10-12T08:03:46.178080,CLOSED,,5G-CORE-UPF-01,False
ALT-CSE-03-03482,CSE-03,HIGH,2024-12-23T19:42:20,2024-12-23T19:48:37.539273,2024-12-23T20:26:49.751010,CLOSED,,CARRIER-ROUTER-99,False
ALT-CSE-03-03483,CSE-03,LOW,2024-11-29T14:22:20,2024-11-29T14:30:06.080062,2024-11-29T15:34:37.592808,CLOSED,,TELCO-AAA-SRV,False
ALT-CSE-03-03484,CSE-03,HIGH,2024-10-05T06:28:56,2024-10-05T06:37:15.461466,2024-10-05T07:21:57.757394,CLOSED,CAS-CSE-03-0406,EDGE-GATEWAY-12,False
ALT-CSE-03-03485,CSE-03,MEDIUM,2024-12-09T14:39:46,2024-12-09T14:45:12.212141,2024-12-09T15:11:53.810047,CLOSED,,TELCO-AAA-SRV,False
ALT-CSE-03-03486,CSE-03,LOW,2024-10-20T02:42:09,2024-10-20T02:45:07.137229,2024-10-20T03:13:14.660791,CLOSED,,CARRIER-ROUTER-99,False
ALT-CSE-03-03487,CSE-03,CRITICAL,2024-12-06T20:49:58,2024-12-06T20:54:24.578971,2024-12-06T22:07:50.371458,CLOSED,CAS-CSE-03-0407,5G-AMF-NODE-02,False
ALT-CSE-03-03488,CSE-03,MEDIUM,2024-12-16T04:14:22,2024-12-16T04:23:02.942111,2024-12-16T04:47:42.639166,CLOSED,,CARRIER-ROUTER-99,False
ALT-CSE-03-03489,CSE-03,HIGH,2024-12-28T02:53:51,2024-12-28T02:58:03.184610,2024-12-28T03:28:41.450860,CLOSED,,TELCO-AAA-SRV,False
ALT-CSE-03-03490,CSE-03,MEDIUM,2024-10-25T23:14:01,2024-10-25T23:22:14.404575,2024-10-26T00:18:58.842210,CLOSED,,CARRIER-ROUTER-99,False
ALT-CSE-03-03491,CSE-03,MEDIUM,2024-10-30T02:32:20,2024-10-30T02:37:23.164011,2024-10-30T03:25:11.754749,CLOSED,,TELCO-AAA-SRV,False
ALT-CSE-03-03492,CSE-03,MEDIUM,2024-12-01T16:46:16,2024-12-01T16:55:43.537541,2024-12-01T17:56:31.714964,CLOSED,,CARRIER-ROUTER-99,False
ALT-CSE-03-03493,CSE-03,MEDIUM,2024-12-23T04:45:43,2024-12-23T04:55:13.200701,2024-12-23T05:31:00.574857,CLOSED,,EDGE-GATEWAY-12,False
ALT-CSE-03-03494,CSE-03,HIGH,2024-10-02T16:25:12,2024-10-02T16:27:14.422603,2024-10-02T17:44:55.194584,CLOSED,CAS-CSE-03-0408,TELCO-AAA-SRV,False
ALT-CSE-03-03495,CSE-03,HIGH,2024-11-13T10:23:34,2024-11-13T10:29:39.078174,2024-11-13T11:20:28.043350,CLOSED,CAS-CSE-03-0409,EDGE-GATEWAY-12,False
ALT-CSE-03-03496,CSE-03,LOW,2024-10-19T11:50:39,2024-10-19T12:00:19.239552,2024-10-19T12:28:44.990915,CLOSED,,EDGE-GATEWAY-12,False
ALT-CSE-03-03497,CSE-03,MEDIUM,2024-10-22T16:06:05,2024-10-22T16:11:55.822788,2024-10-22T17:19:00.299023,CLOSED,,5G-AMF-NODE-02,False
ALT-CSE-03-03498,CSE-03,MEDIUM,2024-10-14T17:13:11,2024-10-14T17:22:09.043861,2024-10-14T17:54:40.953849,CLOSED,,5G-AMF-NODE-02,False
ALT-CSE-03-03499,CSE-03,HIGH,2024-10-05T07:28:02,2024-10-05T07:30:57.490950,2024-10-05T08:13:12.612185,CLOSED,,TELCO-AAA-SRV,False
ALT-CSE-03-03500,CSE-03,MEDIUM,2024-11-22T07:57:53,2024-11-22T08:07:52.622908,2024-11-22T09:22:48.676730,CLOSED,,TELCO-AAA-SRV,False
ALT-CSE-03-03501,CSE-03,CRITICAL,2024-12-07T19:11:19,2024-12-07T19:18:31.715720,2024-12-07T19:43:16.940781,CLOSED,,EDGE-GATEWAY-12,False
ALT-CSE-03-03502,CSE-03,CRITICAL,2024-10-12T21:38:05,2024-10-12T21:44:19.242057,2024-10-12T22:29:03.005221,CLOSED,CAS-CSE-03-0410,5G-AMF-NODE-02,False
ALT-CSE-03-03503,CSE-03,MEDIUM,2024-11-30T17:30:41,2024-11-30T17:40:19.195819,2024-11-30T18:53:19.321027,CLOSED,,EDGE-GATEWAY-12,False
ALT-CSE-03-03504,CSE-03,MEDIUM,2024-10-09T06:37:41,2024-10-09T06:41:57.882589,2024-10-09T07:14:44.702251,CLOSED,,EDGE-GATEWAY-12,False
ALT-CSE-03-03505,CSE-03,MEDIUM,2024-11-07T18:13:47,2024-11-07T18:23:29.618556,2024-11-07T19:33:01.725182,CLOSED,,5G-CORE-UPF-01,False
ALT-CSE-03-03506,CSE-03,LOW,2024-12-07T21:31:38,2024-12-07T21:36:24.868029,2024-12-07T22:20:56.242741,CLOSED,,EDGE-GATEWAY-12,False
ALT-CSE-03-03507,CSE-03,CRITICAL,2024-10-02T19:57:25,2024-10-02T20:03:26.620088,2024-10-02T20:47:47.772695,CLOSED,,TELCO-AAA-SRV,False
ALT-CSE-03-03508,CSE-03,HIGH,2024-12-06T22:53:09,2024-12-06T22:56:50.755225,2024-12-06T23:51:08.589319,CLOSED,,EDGE-GATEWAY-12,False
ALT-CSE-03-03509,CSE-03,HIGH,2024-10-19T16:44:41,2024-10-19T16:50:36.778007,2024-10-19T17:51:16.481795,CLOSED,,CARRIER-ROUTER-99,False
ALT-CSE-03-03510,CSE-03,HIGH,2024-11-22T00:57:20,2024-11-22T01:06:47.755819,2024-11-22T01:44:54.956213,CLOSED,CAS-CSE-03-0411,5G-CORE-UPF-01,False
ALT-CSE-03-03511,CSE-03,HIGH,2024-11-05T14:52:01,2024-11-05T14:59:44.156736,2024-11-05T16:11:50.249059,CLOSED,,5G-CORE-UPF-01,False
ALT-CSE-03-03512,CSE-03,MEDIUM,2024-10-30T23:19:40,2024-10-30T23:23:04.943741,2024-10-31T00:02:05.042148,CLOSED,,TELCO-AAA-SRV,False
ALT-CSE-03-03513,CSE-03,MEDIUM,2024-11-01T09:03:46,2024-11-01T09:09:23.713819,2024-11-01T09:37:22.894499,CLOSED,,TELCO-AAA-SRV,False
ALT-CSE-03-03514,CSE-03,HIGH,2024-12-21T15:36:04,2024-12-21T15:45:01.807804,2024-12-21T16:42:25.646475,CLOSED,CAS-CSE-03-0412,TELCO-AAA-SRV,False
ALT-CSE-03-03515,CSE-03,CRITICAL,2024-10-29T14:16:32,2024-10-29T14:24:51.169972,2024-10-29T15:31:58.538744,CLOSED,CAS-CSE-03-0413,5G-AMF-NODE-02,False
ALT-CSE-03-03516,CSE-03,CRITICAL,2024-10-04T16:41:55,2024-10-04T16:48:11.321343,2024-10-04T18:00:13.745622,CLOSED,CAS-CSE-03-0414,CARRIER-ROUTER-99,False
ALT-CSE-03-03517,CSE-03,MEDIUM,2024-12-15T04:55:14,2024-12-15T05:04:37.644580,2024-12-15T05:58:06.960196,CLOSED,,EDGE-GATEWAY-12,False
ALT-CSE-03-03518,CSE-03,MEDIUM,2024-11-12T03:56:01,2024-11-12T04:03:34.689772,2024-11-12T04:42:33.235067,CLOSED,,EDGE-GATEWAY-12,False
ALT-CSE-03-03519,CSE-03,MEDIUM,2024-12-19T16:29:59,2024-12-19T16:35:05.339973,2024-12-19T17:33:34.392624,CLOSED,,CARRIER-ROUTER-99,False
ALT-CSE-03-03520,CSE-03,MEDIUM,2024-12-23T20:56:06,2024-12-23T21:04:49.577518,2024-12-23T21:30:46.314023,CLOSED,,EDGE-GATEWAY-12,False
ALT-CSE-03-03521,CSE-03,HIGH,2024-11-26T00:58:58,2024-11-26T01:02:00.238246,2024-11-26T01:33:44.946734,CLOSED,CAS-CSE-03-0415,TELCO-AAA-SRV,False
ALT-CSE-03-03522,CSE-03,HIGH,2024-11-05T01:17:49,2024-11-05T01:24:18.802889,2024-11-05T02:00:52.592389,CLOSED,,CARRIER-ROUTER-99,False
ALT-CSE-03-03523,CSE-03,HIGH,2024-10-20T05:50:12,2024-10-20T05:57:43.712989,2024-10-20T06:31:06.152211,CLOSED,,EDGE-GATEWAY-12,False
ALT-CSE-03-03524,CSE-03,LOW,2024-10-14T01:43:36,2024-10-14T01:49:36.765941,2024-10-14T02:46:08.747828,CLOSED,,EDGE-GATEWAY-12,False
ALT-CSE-03-03525,CSE-03,CRITICAL,2024-12-06T14:35:49,2024-12-06T14:41:03.058660,2024-12-06T15:42:04.576222,CLOSED,CAS-CSE-03-0416,5G-AMF-NODE-02,False
ALT-CSE-03-03526,CSE-03,HIGH,2024-10-31T19:02:06,2024-10-31T19:09:22.599499,2024-10-31T20:16:01.335129,CLOSED,,CARRIER-ROUTER-99,False
ALT-CSE-03-03527,CSE-03,MEDIUM,2024-10-17T11:09:04,2024-10-17T11:12:26.820778,2024-10-17T12:01:56.958437,CLOSED,,EDGE-GATEWAY-12,False
ALT-CSE-03-03528,CSE-03,LOW,2024-11-25T16:05:07,2024-11-25T16:12:25.894861,2024-11-25T16:53:43.493422,CLOSED,,CARRIER-ROUTER-99,False
ALT-CSE-03-03529,CSE-03,MEDIUM,2024-10-24T08:38:39,2024-10-24T08:41:05.145898,2024-10-24T09:19:32.895418,CLOSED,,CARRIER-ROUTER-99,False
ALT-CSE-03-03530,CSE-03,MEDIUM,2024-12-04T10:55:06,2024-12-04T11:02:43.363950,2024-12-04T11:55:26.883781,CLOSED,,TELCO-AAA-SRV,False
ALT-CSE-03-03531,CSE-03,MEDIUM,2024-11-30T19:35:55,2024-11-30T19:45:48.202628,2024-11-30T20:19:25.522443,CLOSED,,CARRIER-ROUTER-99,False
ALT-CSE-03-03532,CSE-03,MEDIUM,2024-12-09T19:28:11,2024-12-09T19:37:02.237101,2024-12-09T20:00:20.320454,CLOSED,,EDGE-GATEWAY-12,False
ALT-CSE-03-03533,CSE-03,HIGH,2024-10-23T13:47:07,2024-10-23T13:51:26.325137,2024-10-23T14:47:46.828987,CLOSED,,5G-CORE-UPF-01,False
ALT-CSE-03-03534,CSE-03,LOW,2024-12-20T22:52:29,2024-12-20T23:00:30.929717,2024-12-20T23:32:44.198283,CLOSED,,5G-AMF-NODE-02,False
ALT-CSE-03-03535,CSE-03,LOW,2024-12-22T02:32:18,2024-12-22T02:41:49.542359,2024-12-22T03:52:14.653747,CLOSED,,EDGE-GATEWAY-12,False
ALT-CSE-03-03536,CSE-03,LOW,2024-10-29T00:23:05,2024-10-29T00:25:27.599880,2024-10-29T01:25:08.720501,CLOSED,,5G-AMF-NODE-02,False
ALT-CSE-03-03537,CSE-03,HIGH,2024-11-18T17:36:53,2024-11-18T17:39:30.918399,2024-11-18T18:37:30.816282,CLOSED,,TELCO-AAA-SRV,False
ALT-CSE-03-03538,CSE-03,CRITICAL,2024-11-17T16:17:30,2024-11-17T16:23:06.920588,2024-11-17T16:52:39.525991,CLOSED,CAS-CSE-03-0417,5G-CORE-UPF-01,False
ALT-CSE-03-03539,CSE-03,LOW,2024-11-17T17:08:08,2024-11-17T17:17:06.427000,2024-11-17T18:02:09.287622,CLOSED,,TELCO-AAA-SRV,False
ALT-CSE-03-03540,CSE-03,HIGH,2024-11-14T04:14:08,2024-11-14T04:22:11.291711,2024-11-14T04:58:31.648840,CLOSED,,EDGE-GATEWAY-12,False
ALT-CSE-03-03541,CSE-03,CRITICAL,2024-10-27T09:47:37,2024-10-27T09:54:43.641423,2024-10-27T10:17:56.026192,CLOSED,,5G-CORE-UPF-01,False
ALT-CSE-03-03542,CSE-03,LOW,2024-12-25T02:20:09,2024-12-25T02:28:45.558645,2024-12-25T03:02:40.282531,CLOSED,,5G-CORE-UPF-01,False
ALT-CSE-03-03543,CSE-03,LOW,2024-12-06T17:24:28,2024-12-06T17:31:34.328473,2024-12-06T18:34:08.741979,CLOSED,,CARRIER-ROUTER-99,False
ALT-CSE-03-03544,CSE-03,LOW,2024-11-27T03:55:46,2024-11-27T03:57:54.847543,2024-11-27T05:16:07.839639,CLOSED,,5G-CORE-UPF-01,False
ALT-CSE-03-03545,CSE-03,CRITICAL,2024-12-19T16:58:14,2024-12-19T17:07:24.674878,2024-12-19T18:14:08.381391,CLOSED,,EDGE-GATEWAY-12,False
ALT-CSE-03-03546,CSE-03,HIGH,2024-11-04T11:44:06,2024-11-04T11:51:23.040545,2024-11-04T12:44:49.289864,CLOSED,,5G-CORE-UPF-01,False
ALT-CSE-03-03547,CSE-03,MEDIUM,2024-11-15T06:01:26,2024-11-15T06:09:34.573078,2024-11-15T07:23:04.827792,CLOSED,,CARRIER-ROUTER-99,False
ALT-CSE-03-03548,CSE-03,HIGH,2024-12-02T15:11:34,2024-12-02T15:17:09.178758,2024-12-02T16:04:41.670440,CLOSED,,TELCO-AAA-SRV,False
ALT-CSE-03-03549,CSE-03,CRITICAL,2024-12-11T00:21:35,2024-12-11T00:30:56.462646,2024-12-11T01:40:05.176683,CLOSED,CAS-CSE-03-0418,CARRIER-ROUTER-99,False
ALT-CSE-03-03550,CSE-03,LOW,2024-12-01T16:16:30,2024-12-01T16:22:51.761673,2024-12-01T17:32:04.248258,CLOSED,,5G-AMF-NODE-02,False
ALT-CSE-03-03551,CSE-03,LOW,2024-11-01T20:58:55,2024-11-01T21:05:53.098259,2024-11-01T21:53:17.324341,CLOSED,,TELCO-AAA-SRV,False
ALT-CSE-03-03552,CSE-03,LOW,2024-12-01T02:55:07,2024-12-01T03:04:49.094773,2024-12-01T03:30:51.082291,CLOSED,,EDGE-GATEWAY-12,False
ALT-CSE-03-03553,CSE-03,MEDIUM,2024-12-06T18:17:23,2024-12-06T18:20:19.976033,2024-12-06T18:57:33.904652,CLOSED,,EDGE-GATEWAY-12,False
ALT-CSE-03-03554,CSE-03,LOW,2024-12-24T01:14:38,2024-12-24T01:20:43.233264,2024-12-24T01:56:57.957600,CLOSED,,EDGE-GATEWAY-12,False
ALT-CSE-03-03555,CSE-03,LOW,2024-12-21T19:54:26,2024-12-21T20:02:24.021143,2024-12-21T20:43:32.891177,CLOSED,,5G-CORE-UPF-01,False
ALT-CSE-03-03556,CSE-03,MEDIUM,2024-11-21T21:55:20,2024-11-21T22:02:24.827135,2024-11-21T23:08:10.051802,CLOSED,,TELCO-AAA-SRV,False
ALT-CSE-03-03557,CSE-03,MEDIUM,2024-10-07T20:14:00,2024-10-07T20:17:05.095762,2024-10-07T21:06:10.451461,CLOSED,,EDGE-GATEWAY-12,False
ALT-CSE-03-03558,CSE-03,MEDIUM,2024-11-07T09:11:48,2024-11-07T09:19:38.234756,2024-11-07T10:13:22.416315,CLOSED,,EDGE-GATEWAY-12,False
ALT-CSE-03-03559,CSE-03,LOW,2024-12-10T18:00:34,2024-12-10T18:08:18.212360,2024-12-10T18:55:43.969200,CLOSED,,TELCO-AAA-SRV,False
ALT-CSE-03-03560,CSE-03,MEDIUM,2024-12-05T13:01:47,2024-12-05T13:10:29.538092,2024-12-05T14:16:26.023916,CLOSED,,TELCO-AAA-SRV,False
ALT-CSE-03-03561,CSE-03,MEDIUM,2024-11-06T14:04:37,2024-11-06T14:09:27.441996,2024-11-06T15:25:13.757305,CLOSED,,CARRIER-ROUTER-99,False
ALT-CSE-03-03562,CSE-03,LOW,2024-12-11T04:47:47,2024-12-11T04:53:10.625034,2024-12-11T06:03:58.583426,CLOSED,,TELCO-AAA-SRV,False
ALT-CSE-03-03563,CSE-03,MEDIUM,2024-11-01T01:04:48,2024-11-01T01:11:36.222327,2024-11-01T02:24:49.834506,CLOSED,,TELCO-AAA-SRV,False
ALT-CSE-03-03564,CSE-03,MEDIUM,2024-10-21T18:31:06,2024-10-21T18:38:38.095644,2024-10-21T19:44:40.565780,CLOSED,,EDGE-GATEWAY-12,False
ALT-CSE-03-03565,CSE-03,CRITICAL,2024-12-27T14:51:36,2024-12-27T14:57:17.937426,2024-12-27T15:23:28.179420,CLOSED,,EDGE-GATEWAY-12,False
ALT-CSE-03-03566,CSE-03,HIGH,2024-12-03T15:47:21,2024-12-03T15:55:11.880236,2024-12-03T17:00:16.128580,CLOSED,,5G-AMF-NODE-02,False
ALT-CSE-03-03567,CSE-03,MEDIUM,2024-10-28T02:13:21,2024-10-28T02:19:05.460564,2024-10-28T02:58:53.339927,CLOSED,,5G-CORE-UPF-01,False
ALT-CSE-03-03568,CSE-03,LOW,2024-12-09T19:09:02,2024-12-09T19:12:26.342000,2024-12-09T20:06:27.901350,CLOSED,,EDGE-GATEWAY-12,False
ALT-CSE-03-03569,CSE-03,MEDIUM,2024-11-02T19:12:13,2024-11-02T19:17:48.422758,2024-11-02T20:06:47.297430,CLOSED,,EDGE-GATEWAY-12,False
ALT-CSE-03-03570,CSE-03,LOW,2024-11-05T17:41:33,2024-11-05T17:45:38.528594,2024-11-05T18:33:41.708681,CLOSED,,CARRIER-ROUTER-99,False
ALT-CSE-03-03571,CSE-03,HIGH,2024-11-14T15:40:00,2024-11-14T15:49:57.595692,2024-11-14T17:01:38.214547,CLOSED,CAS-CSE-03-0419,CARRIER-ROUTER-99,False
ALT-CSE-03-03572,CSE-03,MEDIUM,2024-11-12T14:30:37,2024-11-12T14:38:03.610823,2024-11-12T15:32:43.499372,CLOSED,,EDGE-GATEWAY-12,False
ALT-CSE-03-03573,CSE-03,MEDIUM,2024-10-02T11:04:54,2024-10-02T11:14:45.905451,2024-10-02T12:28:58.505578,CLOSED,,5G-AMF-NODE-02,False
ALT-CSE-03-03574,CSE-03,MEDIUM,2024-12-19T07:20:06,2024-12-19T07:24:52.327938,2024-12-19T08:32:50.821063,CLOSED,,TELCO-AAA-SRV,False
ALT-CSE-03-03575,CSE-03,MEDIUM,2024-12-13T11:00:08,2024-12-13T11:03:52.636239,2024-12-13T11:58:17.822556,CLOSED,,EDGE-GATEWAY-12,False
ALT-CSE-03-03576,CSE-03,HIGH,2024-12-19T01:14:08,2024-12-19T01:21:36.165412,2024-12-19T02:08:15.502494,CLOSED,,5G-CORE-UPF-01,False
ALT-CSE-03-03577,CSE-03,LOW,2024-12-05T06:35:22,2024-12-05T06:42:10.583420,2024-12-05T07:45:18.874681,CLOSED,,TELCO-AAA-SRV,False
ALT-CSE-03-03578,CSE-03,HIGH,2024-12-06T12:08:20,2024-12-06T12:15:37.872909,2024-12-06T12:42:54.251517,CLOSED,,5G-AMF-NODE-02,False
ALT-CSE-03-03579,CSE-03,LOW,2024-10-29T12:08:33,2024-10-29T12:15:32.833460,2024-10-29T13:09:30.769811,CLOSED,,TELCO-AAA-SRV,False
ALT-CSE-03-03580,CSE-03,HIGH,2024-12-22T12:46:57,2024-12-22T12:52:34.982243,2024-12-22T13:52:02.945192,CLOSED,,CARRIER-ROUTER-99,False
ALT-CSE-03-03581,CSE-03,MEDIUM,2024-11-08T13:04:39,2024-11-08T13:10:33.235393,2024-11-08T13:40:47.948107,CLOSED,,TELCO-AAA-SRV,False
ALT-CSE-03-03582,CSE-03,LOW,2024-10-16T08:59:42,2024-10-16T09:04:02.709857,2024-10-16T09:58:45.822679,CLOSED,,CARRIER-ROUTER-99,False
ALT-CSE-03-03583,CSE-03,LOW,2024-11-06T14:46:49,2024-11-06T14:50:44.011940,2024-11-06T15:27:55.731106,CLOSED,,CARRIER-ROUTER-99,False
ALT-CSE-03-03584,CSE-03,LOW,2024-12-10T07:37:30,2024-12-10T07:46:22.001953,2024-12-10T09:00:50.743521,CLOSED,,CARRIER-ROUTER-99,False
ALT-CSE-03-03585,CSE-03,CRITICAL,2024-10-14T17:11:50,2024-10-14T17:18:52.947328,2024-10-14T18:24:41.862017,CLOSED,,TELCO-AAA-SRV,False
ALT-CSE-03-03586,CSE-03,HIGH,2024-10-02T01:14:59,2024-10-02T01:21:01.614827,2024-10-02T02:05:51.141316,CLOSED,,TELCO-AAA-SRV,False
ALT-CSE-03-03587,CSE-03,CRITICAL,2024-12-26T10:48:03,2024-12-26T10:55:45.405840,2024-12-26T11:25:53.834348,CLOSED,CAS-CSE-03-0420,TELCO-AAA-SRV,False
ALT-CSE-03-03588,CSE-03,MEDIUM,2024-10-07T02:51:23,2024-10-07T02:58:47.920146,2024-10-07T03:55:27.999011,CLOSED,,EDGE-GATEWAY-12,False
ALT-CSE-03-03589,CSE-03,MEDIUM,2024-11-15T02:59:09,2024-11-15T03:02:02.376060,2024-11-15T03:43:52.619431,CLOSED,,CARRIER-ROUTER-99,False
ALT-CSE-03-03590,CSE-03,MEDIUM,2024-11-25T13:28:58,2024-11-25T13:37:23.010557,2024-11-25T14:07:41.701918,CLOSED,,5G-CORE-UPF-01,False
ALT-CSE-03-03591,CSE-03,MEDIUM,2024-10-08T14:56:29,2024-10-08T15:05:45.826697,2024-10-08T16:14:08.155800,CLOSED,,EDGE-GATEWAY-12,False
ALT-CSE-03-03592,CSE-03,LOW,2024-10-03T04:04:57,2024-10-03T04:08:08.927655,2024-10-03T04:39:16.940479,CLOSED,,5G-CORE-UPF-01,False
ALT-CSE-03-03593,CSE-03,LOW,2024-11-26T13:36:31,2024-11-26T13:43:41.966810,2024-11-26T14:08:17.773288,CLOSED,,5G-CORE-UPF-01,False
ALT-CSE-03-03594,CSE-03,HIGH,2024-10-31T08:02:53,2024-10-31T08:07:57.698619,2024-10-31T09:20:37.545211,CLOSED,,TELCO-AAA-SRV,False
ALT-CSE-03-03595,CSE-03,HIGH,2024-10-09T17:28:34,2024-10-09T17:38:04.372065,2024-10-09T18:25:06.167441,CLOSED,,5G-CORE-UPF-01,False
ALT-CSE-03-03596,CSE-03,HIGH,2024-12-21T02:39:33,2024-12-21T02:49:06.085196,2024-12-21T03:29:34.907054,CLOSED,,5G-AMF-NODE-02,False
ALT-CSE-03-03597,CSE-03,LOW,2024-12-23T10:29:49,2024-12-23T10:33:28.091694,2024-12-23T11:53:57.748115,CLOSED,,CARRIER-ROUTER-99,False
ALT-CSE-03-03598,CSE-03,MEDIUM,2024-11-10T07:05:23,2024-11-10T07:13:44.030335,2024-11-10T08:16:54.654988,CLOSED,,EDGE-GATEWAY-12,False
ALT-CSE-03-03599,CSE-03,CRITICAL,2024-12-03T16:18:41,2024-12-03T16:23:58.118414,2024-12-03T16:59:19.171968,CLOSED,CAS-CSE-03-0421,EDGE-GATEWAY-12,False
ALT-CSE-03-03600,CSE-03,MEDIUM,2024-10-30T21:03:51,2024-10-30T21:09:55.306345,2024-10-30T21:52:09.153925,CLOSED,,5G-CORE-UPF-01,False
ALT-CSE-03-03601,CSE-03,MEDIUM,2024-10-29T14:22:20,2024-10-29T14:26:25.716793,2024-10-29T15:10:14.400165,CLOSED,,CARRIER-ROUTER-99,False
ALT-CSE-03-03602,CSE-03,LOW,2024-10-01T03:21:18,2024-10-01T03:23:48.864594,2024-10-01T04:22:27.971886,CLOSED,,TELCO-AAA-SRV,False
ALT-CSE-03-03603,CSE-03,MEDIUM,2024-11-08T14:31:03,2024-11-08T14:35:07.631429,2024-11-08T15:02:07.944957,CLOSED,,TELCO-AAA-SRV,False
ALT-CSE-03-03604,CSE-03,MEDIUM,2024-11-29T13:09:48,2024-11-29T13:15:12.961427,2024-11-29T14:24:14.734269,CLOSED,,TELCO-AAA-SRV,False
ALT-CSE-03-03605,CSE-03,MEDIUM,2024-11-30T16:30:20,2024-11-30T16:33:07.560540,2024-11-30T17:46:51.890881,CLOSED,,CARRIER-ROUTER-99,False
ALT-CSE-03-03606,CSE-03,CRITICAL,2024-12-17T08:34:31,2024-12-17T08:39:15.244555,2024-12-17T09:19:35.321102,CLOSED,,EDGE-GATEWAY-12,False
ALT-CSE-03-03607,CSE-03,LOW,2024-10-27T16:06:41,2024-10-27T16:14:51.021904,2024-10-27T16:40:14.932322,CLOSED,,CARRIER-ROUTER-99,False
ALT-CSE-03-03608,CSE-03,HIGH,2024-12-29T01:38:25,2024-12-29T01:40:36.762923,2024-12-29T02:09:22.124446,CLOSED,,CARRIER-ROUTER-99,False
ALT-CSE-03-03609,CSE-03,MEDIUM,2024-10-08T08:51:04,2024-10-08T08:59:44.065424,2024-10-08T09:36:19.048105,CLOSED,,TELCO-AAA-SRV,False
ALT-CSE-03-03610,CSE-03,LOW,2024-11-28T02:46:39,2024-11-28T02:49:52.639904,2024-11-28T03:55:45.703118,CLOSED,,TELCO-AAA-SRV,False
ALT-CSE-03-03611,CSE-03,MEDIUM,2024-12-15T16:44:29,2024-12-15T16:53:43.032882,2024-12-15T17:22:26.780202,CLOSED,,TELCO-AAA-SRV,False
ALT-CSE-03-03612,CSE-03,CRITICAL,2024-10-04T08:28:49,2024-10-04T08:33:12.629395,2024-10-04T09:34:52.110683,CLOSED,CAS-CSE-03-0422,5G-AMF-NODE-02,True
ALT-CSE-03-03613,CSE-03,LOW,2024-10-26T18:08:59,2024-10-26T18:17:02.045350,2024-10-26T19:18:06.374311,CLOSED,,EDGE-GATEWAY-12,False
ALT-CSE-03-03614,CSE-03,MEDIUM,2024-11-25T21:50:59,2024-11-25T21:59:23.402824,2024-11-25T22:56:34.468189,CLOSED,,CARRIER-ROUTER-99,False
ALT-CSE-03-03615,CSE-03,CRITICAL,2024-11-28T19:19:55,2024-11-28T19:22:40.631131,2024-11-28T20:10:59.533802,CLOSED,CAS-CSE-03-0423,5G-AMF-NODE-02,False
ALT-CSE-03-03616,CSE-03,MEDIUM,2024-12-19T10:37:45,2024-12-19T10:47:21.149968,2024-12-19T11:29:15.410948,CLOSED,,CARRIER-ROUTER-99,False
ALT-CSE-03-03617,CSE-03,MEDIUM,2024-10-22T08:42:16,2024-10-22T08:45:20.365835,2024-10-22T09:42:38.952294,CLOSED,,CARRIER-ROUTER-99,False
ALT-CSE-03-03618,CSE-03,MEDIUM,2024-12-16T06:00:26,2024-12-16T06:03:23.467173,2024-12-16T07:24:27.771316,CLOSED,,EDGE-GATEWAY-12,False
ALT-CSE-03-03619,CSE-03,HIGH,2024-10-29T10:55:17,2024-10-29T11:05:06.731483,2024-10-29T12:06:09.767112,CLOSED,CAS-CSE-03-0424,5G-CORE-UPF-01,False
ALT-CSE-03-03620,CSE-03,LOW,2024-11-11T12:24:01,2024-11-11T12:27:24.130383,2024-11-11T13:07:09.659450,CLOSED,,EDGE-GATEWAY-12,False
ALT-CSE-03-03621,CSE-03,CRITICAL,2024-10-21T13:38:29,2024-10-21T13:47:46.482820,2024-10-21T15:03:05.269512,CLOSED,CAS-CSE-03-0425,TELCO-AAA-SRV,False
ALT-CSE-03-03622,CSE-03,MEDIUM,2024-10-09T16:02:24,2024-10-09T16:08:20.908248,2024-10-09T16:54:23.937277,CLOSED,,EDGE-GATEWAY-12,False
ALT-CSE-03-03623,CSE-03,MEDIUM,2024-11-17T17:10:13,2024-11-17T17:17:10.681587,2024-11-17T17:44:54.756962,CLOSED,,TELCO-AAA-SRV,False
ALT-CSE-03-03624,CSE-03,HIGH,2024-12-28T21:35:19,2024-12-28T21:44:15.228039,2024-12-28T22:18:21.578380,CLOSED,,CARRIER-ROUTER-99,False
ALT-CSE-03-03625,CSE-03,MEDIUM,2024-10-25T03:59:29,2024-10-25T04:07:20.194248,2024-10-25T04:49:21.541723,CLOSED,,5G-CORE-UPF-01,False
ALT-CSE-03-03626,CSE-03,LOW,2024-10-25T00:06:14,2024-10-25T00:11:03.067850,2024-10-25T00:45:26.976649,CLOSED,,EDGE-GATEWAY-12,False
ALT-CSE-03-03627,CSE-03,LOW,2024-12-09T20:37:46,2024-12-09T20:40:51.897275,2024-12-09T21:24:52.619128,CLOSED,,CARRIER-ROUTER-99,False
ALT-CSE-03-03628,CSE-03,MEDIUM,2024-12-01T12:34:55,2024-12-01T12:37:05.548920,2024-12-01T13:19:54.778123,CLOSED,,5G-CORE-UPF-01,False
ALT-CSE-03-03629,CSE-03,MEDIUM,2024-10-11T01:14:34,2024-10-11T01:18:41.900185,2024-10-11T02:09:06.815710,CLOSED,,TELCO-AAA-SRV,False
ALT-CSE-03-03630,CSE-03,CRITICAL,2024-12-20T20:08:03,2024-12-20T20:13:28.972197,2024-12-20T20:47:10.113894,CLOSED,CAS-CSE-03-0426,EDGE-GATEWAY-12,False
ALT-CSE-03-03631,CSE-03,MEDIUM,2024-10-29T04:16:26,2024-10-29T04:20:43.008207,2024-10-29T05:16:32.420414,CLOSED,,5G-CORE-UPF-01,False
ALT-CSE-03-03632,CSE-03,MEDIUM,2024-11-06T10:43:58,2024-11-06T10:47:00.482480,2024-11-06T11:40:49.085551,CLOSED,,5G-AMF-NODE-02,False
ALT-CSE-03-03633,CSE-03,MEDIUM,2024-12-22T20:16:25,2024-12-22T20:23:33.433703,2024-12-22T21:21:49.728694,CLOSED,,TELCO-AAA-SRV,False
ALT-CSE-03-03634,CSE-03,LOW,2024-10-14T17:44:38,2024-10-14T17:54:24.056360,2024-10-14T18:23:33.850842,CLOSED,,5G-AMF-NODE-02,False
ALT-CSE-03-03635,CSE-03,LOW,2024-10-25T11:40:12,2024-10-25T11:43:28.184338,2024-10-25T12:34:00.228432,CLOSED,,TELCO-AAA-SRV,False
ALT-CSE-03-03636,CSE-03,LOW,2024-11-24T00:04:14,2024-11-24T00:12:02.019328,2024-11-24T00:55:50.052253,CLOSED,,5G-CORE-UPF-01,False
ALT-CSE-03-03637,CSE-03,HIGH,2024-10-25T09:44:36,2024-10-25T09:47:25.933324,2024-10-25T10:33:25.773583,CLOSED,CAS-CSE-03-0427,EDGE-GATEWAY-12,False
ALT-CSE-03-03638,CSE-03,HIGH,2024-11-03T16:58:01,2024-11-03T17:04:54.292142,2024-11-03T17:43:16.834327,CLOSED,,5G-CORE-UPF-01,False
ALT-CSE-03-03639,CSE-03,MEDIUM,2024-10-31T07:26:45,2024-10-31T07:30:28.118342,2024-10-31T08:11:32.214783,CLOSED,,5G-CORE-UPF-01,False
ALT-CSE-03-03640,CSE-03,HIGH,2024-11-26T21:59:35,2024-11-26T22:03:58.782681,2024-11-26T23:09:51.021177,CLOSED,,CARRIER-ROUTER-99,False
ALT-CSE-03-03641,CSE-03,HIGH,2024-11-03T23:04:37,2024-11-03T23:08:21.124985,2024-11-04T00:06:27.787965,CLOSED,,CARRIER-ROUTER-99,False
ALT-CSE-03-03642,CSE-03,HIGH,2024-10-27T01:55:47,2024-10-27T02:03:05.123695,2024-10-27T03:07:17.815785,CLOSED,,CARRIER-ROUTER-99,False
ALT-CSE-03-03643,CSE-03,CRITICAL,2024-11-27T00:20:25,2024-11-27T00:25:22.141403,2024-11-27T01:40:57.914692,CLOSED,,EDGE-GATEWAY-12,False
ALT-CSE-03-03644,CSE-03,MEDIUM,2024-10-31T21:18:24,2024-10-31T21:27:46.604094,2024-10-31T22:02:54.662390,CLOSED,,5G-AMF-NODE-02,False
ALT-CSE-03-03645,CSE-03,MEDIUM,2024-12-16T03:16:44,2024-12-16T03:19:42.025657,2024-12-16T04:04:27.405818,CLOSED,,TELCO-AAA-SRV,False
ALT-CSE-03-03646,CSE-03,CRITICAL,2024-11-11T13:09:48,2024-11-11T13:15:11.288363,2024-11-11T13:58:50.714090,CLOSED,,5G-CORE-UPF-01,False
ALT-CSE-03-03647,CSE-03,MEDIUM,2024-10-17T19:47:32,2024-10-17T19:51:01.855815,2024-10-17T20:34:04.490182,CLOSED,,TELCO-AAA-SRV,False
ALT-CSE-03-03648,CSE-03,MEDIUM,2024-10-13T03:03:58,2024-10-13T03:08:02.343203,2024-10-13T04:21:35.432520,CLOSED,,EDGE-GATEWAY-12,False
ALT-CSE-03-03649,CSE-03,LOW,2024-10-17T00:30:43,2024-10-17T00:34:58.240825,2024-10-17T01:14:29.062415,CLOSED,,5G-AMF-NODE-02,False
ALT-CSE-03-03650,CSE-03,MEDIUM,2024-11-03T20:03:02,2024-11-03T20:06:24.510725,2024-11-03T21:01:34.194346,CLOSED,,5G-AMF-NODE-02,False
ALT-CSE-03-03651,CSE-03,CRITICAL,2024-12-12T23:04:01,2024-12-12T23:09:24.989229,2024-12-12T23:41:21.580292,CLOSED,CAS-CSE-03-0428,EDGE-GATEWAY-12,False
ALT-CSE-03-03652,CSE-03,HIGH,2024-12-10T08:21:49,2024-12-10T08:27:36.487161,2024-12-10T09:19:26.352812,CLOSED,CAS-CSE-03-0429,5G-AMF-NODE-02,False
ALT-CSE-03-03653,CSE-03,LOW,2024-11-26T08:07:57,2024-11-26T08:16:34.048595,2024-11-26T08:57:33.178244,CLOSED,,5G-CORE-UPF-01,False
ALT-CSE-03-03654,CSE-03,CRITICAL,2024-12-08T07:02:35,2024-12-08T07:10:59.736128,2024-12-08T07:47:38.353996,CLOSED,CAS-CSE-03-0430,CARRIER-ROUTER-99,False
ALT-CSE-03-03655,CSE-03,MEDIUM,2024-10-08T23:04:23,2024-10-08T23:08:04.558168,2024-10-09T00:14:31.194870,CLOSED,,TELCO-AAA-SRV,False
ALT-CSE-03-03656,CSE-03,LOW,2024-11-26T09:55:58,2024-11-26T09:59:00.737583,2024-11-26T11:12:29.379934,CLOSED,,EDGE-GATEWAY-12,False
ALT-CSE-03-03657,CSE-03,CRITICAL,2024-10-31T14:20:49,2024-10-31T14:23:30.718289,2024-10-31T14:51:40.014748,CLOSED,CAS-CSE-03-0431,EDGE-GATEWAY-12,True
ALT-CSE-03-03658,CSE-03,MEDIUM,2024-12-17T11:23:35,2024-12-17T11:26:40.372199,2024-12-17T12:13:26.686581,CLOSED,,TELCO-AAA-SRV,False
ALT-CSE-03-03659,CSE-03,MEDIUM,2024-12-16T16:03:09,2024-12-16T16:09:42.901111,2024-12-16T17:01:20.280151,CLOSED,,EDGE-GATEWAY-12,False
ALT-CSE-03-03660,CSE-03,HIGH,2024-12-16T14:05:37,2024-12-16T14:12:30.931837,2024-12-16T15:20:07.755093,CLOSED,,5G-AMF-NODE-02,False
ALT-CSE-03-03661,CSE-03,HIGH,2024-12-16T16:32:27,2024-12-16T16:34:43.294961,2024-12-16T17:12:15.089497,CLOSED,,5G-CORE-UPF-01,False
ALT-CSE-03-03662,CSE-03,MEDIUM,2024-12-23T01:52:32,2024-12-23T01:59:43.423269,2024-12-23T02:48:34.902685,CLOSED,,5G-CORE-UPF-01,False
ALT-CSE-03-03663,CSE-03,CRITICAL,2024-11-16T17:12:27,2024-11-16T17:20:37.653904,2024-11-16T17:48:10.580575,CLOSED,CAS-CSE-03-0432,EDGE-GATEWAY-12,False
ALT-CSE-03-03664,CSE-03,HIGH,2024-10-29T12:20:18,2024-10-29T12:25:20.988782,2024-10-29T13:18:08.628656,CLOSED,,EDGE-GATEWAY-12,False
ALT-CSE-03-03665,CSE-03,LOW,2024-11-05T20:14:53,2024-11-05T20:23:27.482778,2024-11-05T20:53:46.447784,CLOSED,,5G-CORE-UPF-01,False
ALT-CSE-03-03666,CSE-03,MEDIUM,2024-10-12T08:47:04,2024-10-12T08:56:38.112893,2024-10-12T09:21:42.069015,CLOSED,,5G-AMF-NODE-02,False
ALT-CSE-03-03667,CSE-03,HIGH,2024-12-23T12:12:41,2024-12-23T12:18:45.908272,2024-12-23T13:33:05.071058,CLOSED,,5G-CORE-UPF-01,False
ALT-CSE-03-03668,CSE-03,LOW,2024-11-26T15:22:29,2024-11-26T15:29:28.131704,2024-11-26T16:17:36.164917,CLOSED,,CARRIER-ROUTER-99,False
ALT-CSE-03-03669,CSE-03,MEDIUM,2024-12-29T03:51:24,2024-12-29T03:54:16.604181,2024-12-29T05:04:15.541446,CLOSED,,5G-CORE-UPF-01,False
ALT-CSE-03-03670,CSE-03,MEDIUM,2024-11-26T13:48:24,2024-11-26T13:57:35.069545,2024-11-26T14:31:18.543085,CLOSED,,CARRIER-ROUTER-99,False
ALT-CSE-03-03671,CSE-03,LOW,2024-11-18T14:59:44,2024-11-18T15:07:29.917682,2024-11-18T15:43:22.743674,CLOSED,,5G-AMF-NODE-02,False
ALT-CSE-03-03672,CSE-03,MEDIUM,2024-11-29T13:57:01,2024-11-29T14:04:24.115945,2024-11-29T15:03:29.003784,CLOSED,,5G-CORE-UPF-01,False
ALT-CSE-03-03673,CSE-03,LOW,2024-10-15T04:11:01,2024-10-15T04:15:32.722288,2024-10-15T05:12:41.166889,CLOSED,,EDGE-GATEWAY-12,False
ALT-CSE-03-03674,CSE-03,HIGH,2024-12-06T22:50:13,2024-12-06T22:53:50.805336,2024-12-07T00:02:01.242204,CLOSED,,EDGE-GATEWAY-12,False
ALT-CSE-03-03675,CSE-03,LOW,2024-12-06T18:29:11,2024-12-06T18:34:42.961766,2024-12-06T19:49:50.612233,CLOSED,,TELCO-AAA-SRV,False
ALT-CSE-03-03676,CSE-03,MEDIUM,2024-10-08T05:22:59,2024-10-08T05:27:39.900985,2024-10-08T06:46:45.892328,CLOSED,,5G-AMF-NODE-02,False
ALT-CSE-03-03677,CSE-03,LOW,2024-12-11T02:03:25,2024-12-11T02:11:59.469825,2024-12-11T03:11:21.619799,CLOSED,,CARRIER-ROUTER-99,False
ALT-CSE-03-03678,CSE-03,MEDIUM,2024-12-29T15:01:50,2024-12-29T15:10:56.022069,2024-12-29T16:13:34.191822,CLOSED,,CARRIER-ROUTER-99,False
ALT-CSE-03-03679,CSE-03,LOW,2024-10-08T22:25:26,2024-10-08T22:33:44.067033,2024-10-08T23:12:02.665047,CLOSED,,TELCO-AAA-SRV,False
ALT-CSE-03-03680,CSE-03,CRITICAL,2024-11-15T09:53:23,2024-11-15T10:03:15.744997,2024-11-15T10:56:23.634097,CLOSED,CAS-CSE-03-0433,5G-CORE-UPF-01,False
ALT-CSE-03-03681,CSE-03,HIGH,2024-10-19T07:36:07,2024-10-19T07:39:52.094337,2024-10-19T08:50:55.732296,CLOSED,,EDGE-GATEWAY-12,False
ALT-CSE-03-03682,CSE-03,HIGH,2024-11-30T17:33:26,2024-11-30T17:42:54.052378,2024-11-30T18:13:18.482721,CLOSED,,CARRIER-ROUTER-99,False
ALT-CSE-03-03683,CSE-03,LOW,2024-10-09T09:55:31,2024-10-09T10:00:29.969439,2024-10-09T10:54:50.165709,CLOSED,,EDGE-GATEWAY-12,False
ALT-CSE-03-03684,CSE-03,MEDIUM,2024-11-12T03:02:11,2024-11-12T03:07:32.823151,2024-11-12T04:17:10.489384,CLOSED,,5G-CORE-UPF-01,False
ALT-CSE-03-03685,CSE-03,LOW,2024-12-03T00:25:19,2024-12-03T00:29:29.602632,2024-12-03T01:07:29.116105,CLOSED,,TELCO-AAA-SRV,False
ALT-CSE-03-03686,CSE-03,CRITICAL,2024-10-11T16:07:17,2024-10-11T16:09:47.863969,2024-10-11T16:53:59.868564,CLOSED,,5G-CORE-UPF-01,False
ALT-CSE-03-03687,CSE-03,CRITICAL,2024-12-27T09:00:16,2024-12-27T09:07:50.479616,2024-12-27T10:12:03.497031,CLOSED,CAS-CSE-03-0434,EDGE-GATEWAY-12,False
ALT-CSE-03-03688,CSE-03,MEDIUM,2024-10-12T03:13:03,2024-10-12T03:20:02.501464,2024-10-12T04:22:56.186022,CLOSED,,TELCO-AAA-SRV,False
ALT-CSE-03-03689,CSE-03,HIGH,2024-11-26T09:01:54,2024-11-26T09:06:35.185166,2024-11-26T09:58:04.343683,CLOSED,,TELCO-AAA-SRV,False
ALT-CSE-03-03690,CSE-03,MEDIUM,2024-11-23T06:36:11,2024-11-23T06:39:08.592329,2024-11-23T07:18:26.994285,CLOSED,,5G-AMF-NODE-02,False
ALT-CSE-03-03691,CSE-03,LOW,2024-12-27T12:07:01,2024-12-27T12:11:07.653234,2024-12-27T13:31:32.014454,CLOSED,,5G-CORE-UPF-01,False
ALT-CSE-03-03692,CSE-03,MEDIUM,2024-11-25T00:47:25,2024-11-25T00:53:47.472449,2024-11-25T02:06:23.925308,CLOSED,,5G-CORE-UPF-01,False
ALT-CSE-03-03693,CSE-03,CRITICAL,2024-11-09T19:02:26,2024-11-09T19:06:25.047921,2024-11-09T19:41:29.268394,CLOSED,CAS-CSE-03-0435,TELCO-AAA-SRV,False
ALT-CSE-03-03694,CSE-03,HIGH,2024-10-26T18:40:46,2024-10-26T18:50:29.356896,2024-10-26T19:42:02.240806,CLOSED,,5G-CORE-UPF-01,False
ALT-CSE-03-03695,CSE-03,MEDIUM,2024-11-29T00:24:14,2024-11-29T00:31:14.180247,2024-11-29T01:21:47.606510,CLOSED,,EDGE-GATEWAY-12,False
ALT-CSE-03-03696,CSE-03,MEDIUM,2024-12-03T11:45:27,2024-12-03T11:52:45.682753,2024-12-03T13:02:40.754116,CLOSED,,5G-CORE-UPF-01,False
ALT-CSE-03-03697,CSE-03,LOW,2024-11-28T01:42:27,2024-11-28T01:45:21.138985,2024-11-28T02:28:07.495658,CLOSED,,5G-AMF-NODE-02,False
ALT-CSE-03-03698,CSE-03,MEDIUM,2024-11-24T04:21:04,2024-11-24T04:30:17.438510,2024-11-24T04:53:18.645473,CLOSED,,5G-AMF-NODE-02,False
ALT-CSE-03-03699,CSE-03,HIGH,2024-11-28T11:48:34,2024-11-28T11:56:16.578728,2024-11-28T12:47:55.666518,CLOSED,,5G-CORE-UPF-01,False
ALT-CSE-03-03700,CSE-03,LOW,2024-10-28T12:54:17,2024-10-28T13:01:13.168787,2024-10-28T13:27:00.042590,CLOSED,,5G-CORE-UPF-01,False
ALT-CSE-03-03701,CSE-03,MEDIUM,2024-10-07T17:52:47,2024-10-07T17:55:03.060449,2024-10-07T18:23:05.944475,CLOSED,,EDGE-GATEWAY-12,False
ALT-CSE-03-03702,CSE-03,HIGH,2024-11-29T12:55:01,2024-11-29T13:01:20.648397,2024-11-29T13:58:10.497550,CLOSED,,5G-AMF-NODE-02,False
ALT-CSE-03-03703,CSE-03,LOW,2024-12-26T21:51:41,2024-12-26T21:55:12.519987,2024-12-26T22:43:32.972452,CLOSED,,EDGE-GATEWAY-12,False
ALT-CSE-03-03704,CSE-03,LOW,2024-10-17T08:30:18,2024-10-17T08:35:24.891349,2024-10-17T09:21:27.841268,CLOSED,,5G-CORE-UPF-01,False
ALT-CSE-03-03705,CSE-03,LOW,2024-12-21T03:57:35,2024-12-21T04:05:10.991366,2024-12-21T05:06:30.131085,CLOSED,,TELCO-AAA-SRV,False
ALT-CSE-03-03706,CSE-03,HIGH,2024-11-02T16:44:09,2024-11-02T16:50:39.684513,2024-11-02T17:45:45.318426,CLOSED,CAS-CSE-03-0436,5G-CORE-UPF-01,False
ALT-CSE-03-03707,CSE-03,MEDIUM,2024-10-06T20:14:14,2024-10-06T20:19:14.244673,2024-10-06T20:50:17.854124,CLOSED,,EDGE-GATEWAY-12,False
ALT-CSE-03-03708,CSE-03,CRITICAL,2024-11-30T13:40:08,2024-11-30T13:45:08.406420,2024-11-30T14:15:31.238136,CLOSED,,CARRIER-ROUTER-99,False
ALT-CSE-03-03709,CSE-03,MEDIUM,2024-12-20T13:13:55,2024-12-20T13:22:37.658392,2024-12-20T14:13:38.016872,CLOSED,,CARRIER-ROUTER-99,False
ALT-CSE-03-03710,CSE-03,HIGH,2024-11-18T10:15:53,2024-11-18T10:20:11.865602,2024-11-18T11:00:49.063080,CLOSED,,EDGE-GATEWAY-12,False
ALT-CSE-03-03711,CSE-03,HIGH,2024-10-19T06:33:44,2024-10-19T06:36:24.845217,2024-10-19T07:23:46.256226,CLOSED,,TELCO-AAA-SRV,False
ALT-CSE-03-03712,CSE-03,MEDIUM,2024-12-09T14:17:42,2024-12-09T14:22:21.487253,2024-12-09T15:36:20.476307,CLOSED,,5G-AMF-NODE-02,False
ALT-CSE-03-03713,CSE-03,HIGH,2024-11-14T21:03:26,2024-11-14T21:13:04.620243,2024-11-14T21:39:15.784231,CLOSED,CAS-CSE-03-0437,EDGE-GATEWAY-12,False
ALT-CSE-03-03714,CSE-03,MEDIUM,2024-10-13T01:25:59,2024-10-13T01:28:02.468230,2024-10-13T02:30:30.495318,CLOSED,,EDGE-GATEWAY-12,False
ALT-CSE-03-03715,CSE-03,LOW,2024-12-08T10:51:43,2024-12-08T10:58:44.045245,2024-12-08T11:34:49.376074,CLOSED,,5G-CORE-UPF-01,False
ALT-CSE-03-03716,CSE-03,CRITICAL,2024-11-15T02:00:59,2024-11-15T02:03:18.111965,2024-11-15T03:15:50.048309,CLOSED,CAS-CSE-03-0438,5G-CORE-UPF-01,False
ALT-CSE-03-03717,CSE-03,MEDIUM,2024-11-11T03:34:30,2024-11-11T03:37:31.718206,2024-11-11T04:57:33.902617,CLOSED,,5G-AMF-NODE-02,False
ALT-CSE-03-03718,CSE-03,HIGH,2024-12-29T02:30:27,2024-12-29T02:36:41.921181,2024-12-29T03:06:43.109891,CLOSED,,EDGE-GATEWAY-12,False
ALT-CSE-03-03719,CSE-03,MEDIUM,2024-10-17T01:26:38,2024-10-17T01:34:32.108140,2024-10-17T02:22:07.100907,CLOSED,,5G-CORE-UPF-01,False
ALT-CSE-03-03720,CSE-03,LOW,2024-12-22T15:38:41,2024-12-22T15:41:26.777621,2024-12-22T16:10:18.260687,CLOSED,,EDGE-GATEWAY-12,False
ALT-CSE-03-03721,CSE-03,LOW,2024-10-31T04:49:04,2024-10-31T04:52:04.870585,2024-10-31T05:40:27.807427,CLOSED,,TELCO-AAA-SRV,False
ALT-CSE-03-03722,CSE-03,LOW,2024-12-17T07:54:09,2024-12-17T08:03:55.197317,2024-12-17T08:27:30.624765,CLOSED,,5G-AMF-NODE-02,False
ALT-CSE-03-03723,CSE-03,LOW,2024-11-03T12:24:02,2024-11-03T12:30:53.967622,2024-11-03T13:42:31.598312,CLOSED,,CARRIER-ROUTER-99,False
ALT-CSE-03-03724,CSE-03,MEDIUM,2024-10-18T19:52:42,2024-10-18T19:57:24.532319,2024-10-18T20:39:06.255426,CLOSED,,CARRIER-ROUTER-99,False
ALT-CSE-03-03725,CSE-03,MEDIUM,2024-12-17T10:08:10,2024-12-17T10:18:02.665962,2024-12-17T11:09:24.987115,CLOSED,,CARRIER-ROUTER-99,False
ALT-CSE-03-03726,CSE-03,CRITICAL,2024-11-07T22:58:08,2024-11-07T23:00:38.607886,2024-11-07T23:59:41.040284,CLOSED,,5G-CORE-UPF-01,False
ALT-CSE-03-03727,CSE-03,LOW,2024-10-07T11:27:47,2024-10-07T11:37:40.452960,2024-10-07T12:34:02.538954,CLOSED,,CARRIER-ROUTER-99,False
ALT-CSE-03-03728,CSE-03,CRITICAL,2024-12-25T06:54:20,2024-12-25T07:01:01.985866,2024-12-25T07:25:30.846223,CLOSED,CAS-CSE-03-0439,EDGE-GATEWAY-12,False
ALT-CSE-03-03729,CSE-03,MEDIUM,2024-12-03T00:39:55,2024-12-03T00:47:51.899051,2024-12-03T01:30:29.679393,CLOSED,,5G-CORE-UPF-01,False
ALT-CSE-03-03730,CSE-03,MEDIUM,2024-10-24T21:36:09,2024-10-24T21:42:33.795016,2024-10-24T22:51:31.767334,CLOSED,,TELCO-AAA-SRV,False
ALT-CSE-03-03731,CSE-03,LOW,2024-12-18T21:05:34,2024-12-18T21:13:29.384631,2024-12-18T22:19:14.715306,CLOSED,,5G-CORE-UPF-01,False
ALT-CSE-03-03732,CSE-03,MEDIUM,2024-11-09T04:41:13,2024-11-09T04:46:20.379697,2024-11-09T05:33:20.646907,CLOSED,,CARRIER-ROUTER-99,False
ALT-CSE-03-03733,CSE-03,MEDIUM,2024-12-22T05:18:12,2024-12-22T05:22:15.244914,2024-12-22T06:04:33.771565,CLOSED,,5G-CORE-UPF-01,False
ALT-CSE-03-03734,CSE-03,LOW,2024-10-24T08:39:42,2024-10-24T08:42:31.817905,2024-10-24T10:03:25.716260,CLOSED,,CARRIER-ROUTER-99,False
ALT-CSE-03-03735,CSE-03,MEDIUM,2024-11-27T15:28:58,2024-11-27T15:34:55.038720,2024-11-27T16:21:12.460788,CLOSED,,CARRIER-ROUTER-99,False
ALT-CSE-03-03736,CSE-03,LOW,2024-10-07T09:05:39,2024-10-07T09:08:28.184457,2024-10-07T09:42:51.175760,CLOSED,,CARRIER-ROUTER-99,False
ALT-CSE-03-03737,CSE-03,LOW,2024-12-17T06:07:20,2024-12-17T06:13:06.943477,2024-12-17T07:07:37.187273,CLOSED,,TELCO-AAA-SRV,False
ALT-CSE-03-03738,CSE-03,HIGH,2024-10-05T03:18:47,2024-10-05T03:26:11.291704,2024-10-05T04:23:05.995908,CLOSED,,5G-CORE-UPF-01,False
ALT-CSE-03-03739,CSE-03,LOW,2024-11-25T05:26:48,2024-11-25T05:29:54.745659,2024-11-25T06:04:50.682502,CLOSED,,5G-CORE-UPF-01,False
ALT-CSE-03-03740,CSE-03,LOW,2024-11-10T15:03:26,2024-11-10T15:08:45.261172,2024-11-10T15:44:46.846761,CLOSED,,EDGE-GATEWAY-12,False
ALT-CSE-03-03741,CSE-03,MEDIUM,2024-11-04T18:29:30,2024-11-04T18:32:56.500890,2024-11-04T19:22:34.414174,CLOSED,,5G-CORE-UPF-01,False
ALT-CSE-03-03742,CSE-03,MEDIUM,2024-12-01T02:13:47,2024-12-01T02:23:26.925845,2024-12-01T02:53:19.221446,CLOSED,,TELCO-AAA-SRV,False
ALT-CSE-03-03743,CSE-03,HIGH,2024-11-19T00:35:01,2024-11-19T00:37:33.321133,2024-11-19T01:54:22.190951,CLOSED,CAS-CSE-03-0440,5G-AMF-NODE-02,False
ALT-CSE-03-03744,CSE-03,HIGH,2024-12-17T02:35:02,2024-12-17T02:39:06.780036,2024-12-17T03:12:32.605069,CLOSED,,5G-CORE-UPF-01,False
ALT-CSE-03-03745,CSE-03,CRITICAL,2024-12-21T17:14:00,2024-12-21T17:20:24.403360,2024-12-21T17:55:45.647370,CLOSED,CAS-CSE-03-0441,5G-CORE-UPF-01,False
ALT-CSE-03-03746,CSE-03,CRITICAL,2024-11-01T11:39:47,2024-11-01T11:48:40.875290,2024-11-01T12:47:24.408553,CLOSED,CAS-CSE-03-0442,TELCO-AAA-SRV,False
ALT-CSE-03-03747,CSE-03,MEDIUM,2024-10-30T23:43:00,2024-10-30T23:45:08.195242,2024-10-31T00:37:55.442346,CLOSED,,EDGE-GATEWAY-12,False
ALT-CSE-03-03748,CSE-03,LOW,2024-12-09T18:01:44,2024-12-09T18:10:06.251500,2024-12-09T18:43:50.266106,CLOSED,,5G-CORE-UPF-01,False
ALT-CSE-03-03749,CSE-03,LOW,2024-11-03T00:32:28,2024-11-03T00:37:41.731799,2024-11-03T01:40:48.337586,CLOSED,,5G-AMF-NODE-02,False
ALT-CSE-03-03750,CSE-03,HIGH,2024-11-10T06:21:50,2024-11-10T06:25:15.298559,2024-11-10T07:38:03.266900,CLOSED,,TELCO-AAA-SRV,False
ALT-CSE-03-03751,CSE-03,HIGH,2024-12-06T15:31:08,2024-12-06T15:33:59.118951,2024-12-06T16:29:07.883264,CLOSED,,5G-AMF-NODE-02,False
ALT-CSE-03-03752,CSE-03,HIGH,2024-10-28T22:21:50,2024-10-28T22:28:20.101878,2024-10-28T22:57:55.499586,CLOSED,,EDGE-GATEWAY-12,False
ALT-CSE-03-03753,CSE-03,MEDIUM,2024-11-05T07:49:03,2024-11-05T07:58:39.594907,2024-11-05T08:44:43.493239,CLOSED,,5G-CORE-UPF-01,False
ALT-CSE-03-03754,CSE-03,MEDIUM,2024-10-19T20:18:01,2024-10-19T20:25:12.742953,2024-10-19T20:59:31.489303,CLOSED,,5G-CORE-UPF-01,False
ALT-CSE-03-03755,CSE-03,HIGH,2024-10-13T20:55:05,2024-10-13T20:58:22.271788,2024-10-13T21:48:57.343583,CLOSED,,EDGE-GATEWAY-12,False
ALT-CSE-03-03756,CSE-03,CRITICAL,2024-10-01T07:16:46,2024-10-01T07:19:31.913126,2024-10-01T07:55:20.609729,CLOSED,,CARRIER-ROUTER-99,False
ALT-CSE-03-03757,CSE-03,HIGH,2024-10-26T12:30:07,2024-10-26T12:39:52.068832,2024-10-26T13:45:24.125449,CLOSED,CAS-CSE-03-0443,5G-CORE-UPF-01,True
ALT-CSE-03-03758,CSE-03,HIGH,2024-11-22T21:19:38,2024-11-22T21:26:00.148696,2024-11-22T22:42:34.776718,CLOSED,,CARRIER-ROUTER-99,False
ALT-CSE-03-03759,CSE-03,CRITICAL,2024-12-03T05:54:42,2024-12-03T05:57:19.417304,2024-12-03T06:56:19.644328,CLOSED,CAS-CSE-03-0444,CARRIER-ROUTER-99,False
ALT-CSE-03-03760,CSE-03,MEDIUM,2024-12-25T17:01:19,2024-12-25T17:07:06.255973,2024-12-25T17:55:21.013444,CLOSED,,TELCO-AAA-SRV,False
ALT-CSE-03-03761,CSE-03,LOW,2024-12-13T07:45:43,2024-12-13T07:53:24.446189,2024-12-13T08:23:59.790890,CLOSED,,5G-AMF-NODE-02,False
ALT-CSE-03-03762,CSE-03,MEDIUM,2024-12-20T21:41:48,2024-12-20T21:44:37.566214,2024-12-20T22:38:30.177148,CLOSED,,5G-AMF-NODE-02,False
ALT-CSE-03-03763,CSE-03,CRITICAL,2024-10-30T14:51:54,2024-10-30T15:01:42.083236,2024-10-30T15:59:50.883622,CLOSED,CAS-CSE-03-0445,TELCO-AAA-SRV,False
ALT-CSE-03-03764,CSE-03,HIGH,2024-11-03T10:45:55,2024-11-03T10:55:45.155409,2024-11-03T12:00:28.610246,CLOSED,,5G-AMF-NODE-02,False
ALT-CSE-03-03765,CSE-03,HIGH,2024-10-01T13:33:01,2024-10-01T13:35:23.707749,2024-10-01T14:10:11.542375,CLOSED,,5G-AMF-NODE-02,False
ALT-CSE-03-03766,CSE-03,HIGH,2024-11-13T16:49:00,2024-11-13T16:51:43.949398,2024-11-13T18:13:31.402033,CLOSED,,5G-AMF-NODE-02,False
ALT-CSE-03-03767,CSE-03,MEDIUM,2024-10-19T16:49:28,2024-10-19T16:57:21.261643,2024-10-19T18:06:21.341877,CLOSED,,CARRIER-ROUTER-99,False
ALT-CSE-03-03768,CSE-03,LOW,2024-12-18T17:58:49,2024-12-18T18:05:36.684053,2024-12-18T19:02:55.679560,CLOSED,,5G-AMF-NODE-02,False
ALT-CSE-03-03769,CSE-03,LOW,2024-10-07T09:56:03,2024-10-07T09:58:35.981137,2024-10-07T10:33:23.501595,CLOSED,,EDGE-GATEWAY-12,False
ALT-CSE-03-03770,CSE-03,HIGH,2024-12-13T00:11:25,2024-12-13T00:20:10.410332,2024-12-13T01:27:31.837123,CLOSED,,EDGE-GATEWAY-12,False
ALT-CSE-03-03771,CSE-03,HIGH,2024-10-06T09:26:09,2024-10-06T09:31:31.402939,2024-10-06T10:22:03.827009,CLOSED,,5G-AMF-NODE-02,False
ALT-CSE-03-03772,CSE-03,CRITICAL,2024-12-09T07:47:52,2024-12-09T07:55:27.232660,2024-12-09T08:24:16.813085,CLOSED,,TELCO-AAA-SRV,False
ALT-CSE-03-03773,CSE-03,LOW,2024-12-21T01:34:28,2024-12-21T01:42:00.827953,2024-12-21T02:59:24.204770,CLOSED,,5G-CORE-UPF-01,False
ALT-CSE-03-03774,CSE-03,CRITICAL,2024-10-04T21:29:24,2024-10-04T21:36:18.025125,2024-10-04T22:05:42.600692,CLOSED,,CARRIER-ROUTER-99,False
ALT-CSE-03-03775,CSE-03,MEDIUM,2024-10-05T15:57:57,2024-10-05T16:06:30.944658,2024-10-05T16:38:10.600631,CLOSED,,5G-CORE-UPF-01,False
ALT-CSE-03-03776,CSE-03,HIGH,2024-11-03T01:12:40,2024-11-03T01:21:17.464893,2024-11-03T02:32:04.991011,CLOSED,,TELCO-AAA-SRV,False
ALT-CSE-03-03777,CSE-03,MEDIUM,2024-10-09T15:15:34,2024-10-09T15:17:44.017075,2024-10-09T16:15:43.417404,CLOSED,,EDGE-GATEWAY-12,False
ALT-CSE-03-03778,CSE-03,MEDIUM,2024-11-15T20:15:05,2024-11-15T20:22:34.109580,2024-11-15T20:55:04.219288,CLOSED,,TELCO-AAA-SRV,False
ALT-CSE-03-03779,CSE-03,LOW,2024-12-15T14:51:57,2024-12-15T14:58:11.063073,2024-12-15T16:07:22.866907,CLOSED,,5G-AMF-NODE-02,False
ALT-CSE-03-03780,CSE-03,MEDIUM,2024-10-01T19:00:54,2024-10-01T19:04:13.931815,2024-10-01T20:14:18.481171,CLOSED,,5G-AMF-NODE-02,False
ALT-CSE-03-03781,CSE-03,HIGH,2024-11-21T08:12:15,2024-11-21T08:18:36.022305,2024-11-21T09:29:55.685286,CLOSED,CAS-CSE-03-0446,EDGE-GATEWAY-12,False
ALT-CSE-03-03782,CSE-03,LOW,2024-12-09T00:24:59,2024-12-09T00:30:28.141855,2024-12-09T01:20:25.748998,CLOSED,,TELCO-AAA-SRV,False
ALT-CSE-03-03783,CSE-03,HIGH,2024-10-21T17:06:51,2024-10-21T17:13:25.453520,2024-10-21T18:29:47.575295,CLOSED,,EDGE-GATEWAY-12,False
ALT-CSE-03-03784,CSE-03,MEDIUM,2024-10-25T21:14:57,2024-10-25T21:20:20.378206,2024-10-25T22:26:53.465491,CLOSED,,5G-AMF-NODE-02,False
ALT-CSE-03-03785,CSE-03,LOW,2024-12-14T21:02:28,2024-12-14T21:06:49.814153,2024-12-14T22:10:04.316181,CLOSED,,CARRIER-ROUTER-99,False
ALT-CSE-03-03786,CSE-03,MEDIUM,2024-11-26T12:04:42,2024-11-26T12:12:19.629156,2024-11-26T13:28:04.803566,CLOSED,,5G-CORE-UPF-01,False
ALT-CSE-03-03787,CSE-03,LOW,2024-11-09T10:32:15,2024-11-09T10:34:31.350441,2024-11-09T11:30:15.634173,CLOSED,,TELCO-AAA-SRV,False
ALT-CSE-03-03788,CSE-03,MEDIUM,2024-10-12T16:53:13,2024-10-12T16:59:40.847896,2024-10-12T17:31:11.497064,CLOSED,,5G-AMF-NODE-02,False
ALT-CSE-03-03789,CSE-03,MEDIUM,2024-10-26T21:08:55,2024-10-26T21:16:20.933136,2024-10-26T22:13:48.368494,CLOSED,,CARRIER-ROUTER-99,False
ALT-CSE-03-03790,CSE-03,HIGH,2024-12-16T14:34:41,2024-12-16T14:43:07.079489,2024-12-16T15:48:29.563984,CLOSED,,EDGE-GATEWAY-12,False
ALT-CSE-03-03791,CSE-03,MEDIUM,2024-12-04T13:13:03,2024-12-04T13:18:12.638596,2024-12-04T14:17:06.617686,CLOSED,,CARRIER-ROUTER-99,False
ALT-CSE-03-03792,CSE-03,HIGH,2024-11-01T21:37:26,2024-11-01T21:40:04.580464,2024-11-01T22:21:52.170598,CLOSED,CAS-CSE-03-0447,EDGE-GATEWAY-12,False
ALT-CSE-03-03793,CSE-03,MEDIUM,2024-10-10T00:49:26,2024-10-10T00:53:29.227599,2024-10-10T01:40:18.132429,CLOSED,,5G-CORE-UPF-01,False
ALT-CSE-03-03794,CSE-03,MEDIUM,2024-10-22T07:16:47,2024-10-22T07:20:24.430977,2024-10-22T08:18:38.813851,CLOSED,,CARRIER-ROUTER-99,False
ALT-CSE-03-03795,CSE-03,HIGH,2024-11-21T22:48:57,2024-11-21T22:51:59.230992,2024-11-21T23:41:07.626848,CLOSED,,TELCO-AAA-SRV,False
ALT-CSE-03-03796,CSE-03,CRITICAL,2024-12-14T09:09:50,2024-12-14T09:12:53.506739,2024-12-14T10:20:10.085163,CLOSED,CAS-CSE-03-0448,5G-AMF-NODE-02,False
ALT-CSE-03-03797,CSE-03,LOW,2024-12-10T07:57:31,2024-12-10T08:04:05.127275,2024-12-10T08:33:39.894560,CLOSED,,5G-AMF-NODE-02,False
ALT-CSE-03-03798,CSE-03,MEDIUM,2024-12-21T10:41:44,2024-12-21T10:51:26.641698,2024-12-21T11:57:03.532945,CLOSED,,TELCO-AAA-SRV,False
ALT-CSE-03-03799,CSE-03,MEDIUM,2024-12-23T13:36:18,2024-12-23T13:43:38.259198,2024-12-23T14:09:36.903526,CLOSED,,EDGE-GATEWAY-12,False
ALT-CSE-03-03800,CSE-03,LOW,2024-11-14T17:52:58,2024-11-14T17:59:27.585795,2024-11-14T18:36:13.949744,CLOSED,,EDGE-GATEWAY-12,False
ALT-CSE-03-03801,CSE-03,MEDIUM,2024-10-21T18:19:23,2024-10-21T18:23:25.556948,2024-10-21T19:20:08.715254,CLOSED,,5G-AMF-NODE-02,False
ALT-CSE-03-03802,CSE-03,CRITICAL,2024-11-16T11:51:53,2024-11-16T11:56:37.957367,2024-11-16T13:13:58.800248,CLOSED,CAS-CSE-03-0449,5G-CORE-UPF-01,True
ALT-CSE-03-03803,CSE-03,LOW,2024-12-16T00:54:18,2024-12-16T01:01:25.471453,2024-12-16T02:16:39.112641,CLOSED,,EDGE-GATEWAY-12,False
ALT-CSE-03-03804,CSE-03,LOW,2024-11-20T04:41:27,2024-11-20T04:50:55.727223,2024-11-20T05:42:29.626465,CLOSED,,5G-CORE-UPF-01,False
ALT-CSE-03-03805,CSE-03,MEDIUM,2024-12-10T00:35:24,2024-12-10T00:39:05.168267,2024-12-10T01:55:53.915696,CLOSED,,CARRIER-ROUTER-99,False
ALT-CSE-03-03806,CSE-03,CRITICAL,2024-10-23T22:27:22,2024-10-23T22:34:20.755385,2024-10-23T23:14:03.186337,CLOSED,CAS-CSE-03-0450,CARRIER-ROUTER-99,False
ALT-CSE-03-03807,CSE-03,CRITICAL,2024-11-19T11:04:02,2024-11-19T11:06:59.103977,2024-11-19T11:39:11.947400,CLOSED,CAS-CSE-03-0451,EDGE-GATEWAY-12,False
ALT-CSE-03-03808,CSE-03,HIGH,2024-12-14T17:11:59,2024-12-14T17:21:49.535560,2024-12-14T18:04:22.035161,CLOSED,CAS-CSE-03-0452,TELCO-AAA-SRV,False
ALT-CSE-03-03809,CSE-03,LOW,2024-12-05T12:39:54,2024-12-05T12:45:35.779214,2024-12-05T13:49:15.107386,CLOSED,,CARRIER-ROUTER-99,False
ALT-CSE-03-03810,CSE-03,HIGH,2024-11-19T01:39:55,2024-11-19T01:48:32.536782,2024-11-19T03:02:37.641626,CLOSED,,CARRIER-ROUTER-99,False
ALT-CSE-03-03811,CSE-03,MEDIUM,2024-12-20T03:45:55,2024-12-20T03:55:48.452647,2024-12-20T04:20:29.835342,CLOSED,,CARRIER-ROUTER-99,False
ALT-CSE-03-03812,CSE-03,MEDIUM,2024-11-13T22:08:56,2024-11-13T22:13:40.617725,2024-11-13T23:14:41.642526,CLOSED,,5G-CORE-UPF-01,False
ALT-CSE-03-03813,CSE-03,HIGH,2024-11-07T08:56:43,2024-11-07T09:04:42.804214,2024-11-07T09:40:08.569760,CLOSED,,CARRIER-ROUTER-99,False
ALT-CSE-03-03814,CSE-03,HIGH,2024-12-17T15:28:09,2024-12-17T15:30:10.585418,2024-12-17T16:05:01.872754,CLOSED,CAS-CSE-03-0453,EDGE-GATEWAY-12,True
ALT-CSE-03-03815,CSE-03,MEDIUM,2024-11-18T19:34:32,2024-11-18T19:38:54.522393,2024-11-18T20:10:02.436846,CLOSED,,5G-CORE-UPF-01,False
ALT-CSE-03-03816,CSE-03,HIGH,2024-10-06T05:03:18,2024-10-06T05:12:58.627303,2024-10-06T06:21:28.788884,CLOSED,,EDGE-GATEWAY-12,False
ALT-CSE-03-03817,CSE-03,MEDIUM,2024-11-29T23:11:36,2024-11-29T23:19:17.996485,2024-11-29T23:42:54.542633,CLOSED,,EDGE-GATEWAY-12,False
ALT-CSE-03-03818,CSE-03,MEDIUM,2024-12-03T11:17:04,2024-12-03T11:26:26.742783,2024-12-03T11:55:24.074703,CLOSED,,5G-CORE-UPF-01,False
ALT-CSE-03-03819,CSE-03,HIGH,2024-12-29T14:07:03,2024-12-29T14:11:31.203971,2024-12-29T14:40:51.000294,CLOSED,,TELCO-AAA-SRV,False
ALT-CSE-03-03820,CSE-03,LOW,2024-11-27T11:44:43,2024-11-27T11:50:13.560600,2024-11-27T12:59:49.363784,CLOSED,,TELCO-AAA-SRV,False
ALT-CSE-03-03821,CSE-03,LOW,2024-10-20T13:06:52,2024-10-20T13:14:26.435693,2024-10-20T13:45:36.384938,CLOSED,,5G-AMF-NODE-02,False
ALT-CSE-03-03822,CSE-03,MEDIUM,2024-11-09T16:28:55,2024-11-09T16:34:30.215978,2024-11-09T17:02:14.204882,CLOSED,,5G-CORE-UPF-01,False
ALT-CSE-03-03823,CSE-03,MEDIUM,2024-11-28T02:13:32,2024-11-28T02:23:05.624047,2024-11-28T03:20:00.630743,CLOSED,,TELCO-AAA-SRV,False
ALT-CSE-03-03824,CSE-03,HIGH,2024-12-07T01:41:19,2024-12-07T01:50:08.121848,2024-12-07T02:43:14.111855,CLOSED,,CARRIER-ROUTER-99,False
ALT-CSE-03-03825,CSE-03,MEDIUM,2024-11-28T00:43:14,2024-11-28T00:48:02.018317,2024-11-28T01:14:14.132828,CLOSED,,5G-CORE-UPF-01,False
ALT-CSE-03-03826,CSE-03,HIGH,2024-10-22T02:32:50,2024-10-22T02:37:44.836985,2024-10-22T03:53:14.846476,CLOSED,CAS-CSE-03-0454,CARRIER-ROUTER-99,True
ALT-CSE-03-03827,CSE-03,MEDIUM,2024-10-20T06:37:35,2024-10-20T06:43:02.192749,2024-10-20T07:21:47.892686,CLOSED,,TELCO-AAA-SRV,False
ALT-CSE-03-03828,CSE-03,MEDIUM,2024-11-15T03:33:00,2024-11-15T03:35:29.537106,2024-11-15T04:29:09.381608,CLOSED,,CARRIER-ROUTER-99,False
ALT-CSE-03-03829,CSE-03,LOW,2024-10-29T23:25:15,2024-10-29T23:29:34.425749,2024-10-30T00:06:49.749156,CLOSED,,5G-CORE-UPF-01,False
ALT-CSE-03-03830,CSE-03,HIGH,2024-10-18T00:54:42,2024-10-18T00:58:10.069568,2024-10-18T01:28:46.336845,CLOSED,,CARRIER-ROUTER-99,False
ALT-CSE-03-03831,CSE-03,LOW,2024-12-13T06:25:57,2024-12-13T06:33:31.972395,2024-12-13T07:05:52.790714,CLOSED,,CARRIER-ROUTER-99,False
ALT-CSE-03-03832,CSE-03,MEDIUM,2024-10-23T01:10:41,2024-10-23T01:13:59.108051,2024-10-23T02:02:29.942541,CLOSED,,EDGE-GATEWAY-12,False
ALT-CSE-03-03833,CSE-03,LOW,2024-12-25T08:44:49,2024-12-25T08:53:25.606911,2024-12-25T09:32:15.795791,CLOSED,,5G-AMF-NODE-02,False
ALT-CSE-03-03834,CSE-03,MEDIUM,2024-12-29T18:46:21,2024-12-29T18:53:06.980606,2024-12-29T20:00:15.912032,CLOSED,,5G-CORE-UPF-01,False
ALT-CSE-03-03835,CSE-03,MEDIUM,2024-11-20T18:20:38,2024-11-20T18:29:09.870151,2024-11-20T19:30:37.984223,CLOSED,,5G-CORE-UPF-01,False
ALT-CSE-03-03836,CSE-03,MEDIUM,2024-10-15T10:43:11,2024-10-15T10:53:03.945013,2024-10-15T11:40:50.547795,CLOSED,,EDGE-GATEWAY-12,False
ALT-CSE-03-03837,CSE-03,MEDIUM,2024-11-26T07:25:40,2024-11-26T07:28:51.894767,2024-11-26T08:35:45.136692,CLOSED,,EDGE-GATEWAY-12,False
ALT-CSE-03-03838,CSE-03,MEDIUM,2024-11-24T06:40:32,2024-11-24T06:48:22.808083,2024-11-24T07:49:40.913117,CLOSED,,TELCO-AAA-SRV,False
ALT-CSE-03-03839,CSE-03,MEDIUM,2024-11-21T07:18:40,2024-11-21T07:20:46.978314,2024-11-21T07:50:22.769163,CLOSED,,CARRIER-ROUTER-99,False
ALT-CSE-03-03840,CSE-03,LOW,2024-12-26T08:06:24,2024-12-26T08:15:29.917185,2024-12-26T08:46:18.082698,CLOSED,,CARRIER-ROUTER-99,False
ALT-CSE-03-03841,CSE-03,HIGH,2024-10-31T06:10:19,2024-10-31T06:18:11.444686,2024-10-31T06:42:04.563563,CLOSED,,5G-AMF-NODE-02,False
ALT-CSE-03-03842,CSE-03,MEDIUM,2024-11-11T06:53:53,2024-11-11T06:56:42.544831,2024-11-11T07:37:53.133883,CLOSED,,5G-CORE-UPF-01,False
ALT-CSE-03-03843,CSE-03,MEDIUM,2024-12-16T10:43:10,2024-12-16T10:52:37.742098,2024-12-16T11:26:00.733668,CLOSED,,TELCO-AAA-SRV,False
ALT-CSE-03-03844,CSE-03,CRITICAL,2024-12-01T22:36:36,2024-12-01T22:39:53.695822,2024-12-01T23:56:46.282000,CLOSED,,5G-CORE-UPF-01,False
ALT-CSE-03-03845,CSE-03,CRITICAL,2024-12-03T23:05:43,2024-12-03T23:14:48.542094,2024-12-04T00:10:46.039076,CLOSED,CAS-CSE-03-0455,CARRIER-ROUTER-99,False
ALT-CSE-03-03846,CSE-03,LOW,2024-10-01T10:51:25,2024-10-01T11:00:30.537431,2024-10-01T11:45:45.407477,CLOSED,,EDGE-GATEWAY-12,False
ALT-CSE-03-03847,CSE-03,LOW,2024-11-28T10:59:57,2024-11-28T11:09:13.663311,2024-11-28T11:56:00.163555,CLOSED,,EDGE-GATEWAY-12,False
ALT-CSE-03-03848,CSE-03,MEDIUM,2024-10-09T02:08:00,2024-10-09T02:10:22.631868,2024-10-09T02:52:26.533313,CLOSED,,CARRIER-ROUTER-99,False
ALT-CSE-03-03849,CSE-03,MEDIUM,2024-11-03T19:04:01,2024-11-03T19:12:11.701487,2024-11-03T19:35:22.603599,CLOSED,,CARRIER-ROUTER-99,False
ALT-CSE-03-03850,CSE-03,LOW,2024-10-17T13:39:45,2024-10-17T13:48:48.373128,2024-10-17T14:26:01.514277,CLOSED,,TELCO-AAA-SRV,False
ALT-CSE-03-03851,CSE-03,MEDIUM,2024-12-01T10:57:26,2024-12-01T10:59:47.141770,2024-12-01T11:33:11.673765,CLOSED,,CARRIER-ROUTER-99,False
ALT-CSE-03-03852,CSE-03,MEDIUM,2024-10-11T03:23:45,2024-10-11T03:27:49.933176,2024-10-11T04:31:08.615177,CLOSED,,EDGE-GATEWAY-12,False
ALT-CSE-03-03853,CSE-03,MEDIUM,2024-12-19T02:37:47,2024-12-19T02:44:23.664366,2024-12-19T03:26:59.584287,CLOSED,,5G-CORE-UPF-01,False
ALT-CSE-03-03854,CSE-03,HIGH,2024-11-08T21:25:24,2024-11-08T21:32:16.740371,2024-11-08T22:41:03.291599,CLOSED,CAS-CSE-03-0456,5G-AMF-NODE-02,True
ALT-CSE-03-03855,CSE-03,MEDIUM,2024-12-14T13:20:31,2024-12-14T13:27:10.513488,2024-12-14T14:25:05.225403,CLOSED,,TELCO-AAA-SRV,False
ALT-CSE-03-03856,CSE-03,MEDIUM,2024-10-28T08:59:45,2024-10-28T09:07:08.663564,2024-10-28T09:46:41.903773,CLOSED,,TELCO-AAA-SRV,False
ALT-CSE-03-03857,CSE-03,LOW,2024-12-06T22:56:22,2024-12-06T23:00:15.103670,2024-12-06T23:26:59.840955,CLOSED,,EDGE-GATEWAY-12,False
ALT-CSE-03-03858,CSE-03,MEDIUM,2024-11-26T11:40:03,2024-11-26T11:44:31.735787,2024-11-26T12:52:38.753651,CLOSED,,EDGE-GATEWAY-12,False
ALT-CSE-03-03859,CSE-03,CRITICAL,2024-10-10T22:47:02,2024-10-10T22:56:15.813889,2024-10-10T23:53:01.755365,CLOSED,,5G-AMF-NODE-02,False
ALT-CSE-03-03860,CSE-03,LOW,2024-12-26T10:05:49,2024-12-26T10:11:49.615929,2024-12-26T10:43:26.335261,CLOSED,,TELCO-AAA-SRV,False
ALT-CSE-03-03861,CSE-03,MEDIUM,2024-12-21T17:23:11,2024-12-21T17:28:50.227583,2024-12-21T17:58:49.133269,CLOSED,,CARRIER-ROUTER-99,False
ALT-CSE-03-03862,CSE-03,HIGH,2024-11-13T04:00:26,2024-11-13T04:04:40.363833,2024-11-13T04:52:52.805997,CLOSED,,TELCO-AAA-SRV,False
ALT-CSE-03-03863,CSE-03,MEDIUM,2024-12-20T07:47:04,2024-12-20T07:52:25.196790,2024-12-20T08:54:40.768930,CLOSED,,5G-CORE-UPF-01,False
ALT-CSE-03-03864,CSE-03,MEDIUM,2024-10-23T23:12:32,2024-10-23T23:17:42.593267,2024-10-24T00:18:27.089408,CLOSED,,5G-CORE-UPF-01,False
ALT-CSE-03-03865,CSE-03,CRITICAL,2024-11-09T07:18:14,2024-11-09T07:26:40.456943,2024-11-09T08:08:31.878082,CLOSED,,5G-AMF-NODE-02,False
ALT-CSE-03-03866,CSE-03,HIGH,2024-12-27T22:05:30,2024-12-27T22:11:27.223263,2024-12-27T22:59:09.915506,CLOSED,,TELCO-AAA-SRV,False
ALT-CSE-03-03867,CSE-03,MEDIUM,2024-10-31T12:51:17,2024-10-31T12:56:32.249305,2024-10-31T13:34:55.466206,CLOSED,,5G-AMF-NODE-02,False
ALT-CSE-03-03868,CSE-03,HIGH,2024-10-09T12:35:51,2024-10-09T12:37:55.832755,2024-10-09T13:52:42.733626,CLOSED,CAS-CSE-03-0457,EDGE-GATEWAY-12,False
ALT-CSE-03-03869,CSE-03,HIGH,2024-10-12T09:08:58,2024-10-12T09:17:14.774558,2024-10-12T10:10:24.320085,CLOSED,,CARRIER-ROUTER-99,False
ALT-CSE-03-03870,CSE-03,CRITICAL,2024-10-09T05:41:14,2024-10-09T05:43:57.077431,2024-10-09T06:18:20.490497,CLOSED,,TELCO-AAA-SRV,False
ALT-CSE-03-03871,CSE-03,LOW,2024-11-15T09:09:24,2024-11-15T09:13:27.938955,2024-11-15T10:10:12.324361,CLOSED,,CARRIER-ROUTER-99,False
ALT-CSE-03-03872,CSE-03,MEDIUM,2024-11-25T05:04:58,2024-11-25T05:10:27.372474,2024-11-25T06:29:38.339554,CLOSED,,CARRIER-ROUTER-99,False
ALT-CSE-03-03873,CSE-03,LOW,2024-10-19T07:58:46,2024-10-19T08:06:59.778967,2024-10-19T08:31:52.431229,CLOSED,,5G-CORE-UPF-01,False
ALT-CSE-03-03874,CSE-03,HIGH,2024-11-01T06:34:42,2024-11-01T06:43:07.759945,2024-11-01T07:34:20.781082,CLOSED,,TELCO-AAA-SRV,False
ALT-CSE-03-03875,CSE-03,MEDIUM,2024-11-19T09:52:46,2024-11-19T10:02:30.870946,2024-11-19T11:03:59.110877,CLOSED,,5G-CORE-UPF-01,False
ALT-CSE-03-03876,CSE-03,MEDIUM,2024-11-14T19:00:23,2024-11-14T19:06:31.351707,2024-11-14T20:13:38.349766,CLOSED,,TELCO-AAA-SRV,False
ALT-CSE-03-03877,CSE-03,HIGH,2024-10-19T17:54:01,2024-10-19T17:59:17.666366,2024-10-19T18:39:51.737837,CLOSED,,5G-AMF-NODE-02,False
ALT-CSE-03-03878,CSE-03,MEDIUM,2024-12-05T22:03:18,2024-12-05T22:08:59.669555,2024-12-05T23:25:24.180564,CLOSED,,TELCO-AAA-SRV,False
ALT-CSE-03-03879,CSE-03,MEDIUM,2024-10-11T11:49:25,2024-10-11T11:56:27.059326,2024-10-11T13:04:43.849241,CLOSED,,CARRIER-ROUTER-99,False
ALT-CSE-03-03880,CSE-03,MEDIUM,2024-11-12T08:49:21,2024-11-12T08:56:12.146495,2024-11-12T09:26:35.262689,CLOSED,,5G-CORE-UPF-01,False
ALT-CSE-03-03881,CSE-03,MEDIUM,2024-12-07T20:48:19,2024-12-07T20:51:42.642727,2024-12-07T21:43:34.071680,CLOSED,,5G-AMF-NODE-02,False
ALT-CSE-03-03882,CSE-03,LOW,2024-12-15T03:04:48,2024-12-15T03:08:41.036505,2024-12-15T03:41:11.246431,CLOSED,,EDGE-GATEWAY-12,False
ALT-CSE-03-03883,CSE-03,MEDIUM,2024-10-03T11:20:15,2024-10-03T11:26:19.211200,2024-10-03T12:12:48.805307,CLOSED,,5G-AMF-NODE-02,False
ALT-CSE-03-03884,CSE-03,HIGH,2024-10-30T09:02:44,2024-10-30T09:10:46.354710,2024-10-30T09:47:56.917362,CLOSED,,TELCO-AAA-SRV,False
ALT-CSE-03-03885,CSE-03,LOW,2024-12-24T20:52:25,2024-12-24T21:01:31.907407,2024-12-24T21:52:36.494908,CLOSED,,EDGE-GATEWAY-12,False
ALT-CSE-03-03886,CSE-03,LOW,2024-10-02T23:26:41,2024-10-02T23:34:11.338131,2024-10-03T00:49:10.550658,CLOSED,,CARRIER-ROUTER-99,False
ALT-CSE-03-03887,CSE-03,MEDIUM,2024-12-23T04:58:30,2024-12-23T05:05:15.685496,2024-12-23T05:31:01.516229,CLOSED,,5G-AMF-NODE-02,False
ALT-CSE-03-03888,CSE-03,MEDIUM,2024-10-28T00:57:26,2024-10-28T00:59:26.924643,2024-10-28T02:18:12.322138,CLOSED,,TELCO-AAA-SRV,False
ALT-CSE-03-03889,CSE-03,MEDIUM,2024-11-10T18:26:02,2024-11-10T18:33:34.270222,2024-11-10T19:32:16.770408,CLOSED,,EDGE-GATEWAY-12,False
ALT-CSE-03-03890,CSE-03,LOW,2024-12-09T16:07:54,2024-12-09T16:17:09.932880,2024-12-09T17:11:53.230743,CLOSED,,CARRIER-ROUTER-99,False
ALT-CSE-03-03891,CSE-03,CRITICAL,2024-12-24T23:46:39,2024-12-24T23:54:04.689983,2024-12-25T00:32:46.961110,CLOSED,,EDGE-GATEWAY-12,False
ALT-CSE-03-03892,CSE-03,CRITICAL,2024-10-28T19:14:03,2024-10-28T19:19:41.733145,2024-10-28T19:48:33.419941,CLOSED,CAS-CSE-03-0458,5G-AMF-NODE-02,False
ALT-CSE-03-03893,CSE-03,MEDIUM,2024-12-01T22:39:11,2024-12-01T22:41:19.589742,2024-12-01T23:50:57.109983,CLOSED,,5G-CORE-UPF-01,False
ALT-CSE-03-03894,CSE-03,LOW,2024-12-14T18:52:15,2024-12-14T19:00:38.743450,2024-12-14T19:29:21.252378,CLOSED,,EDGE-GATEWAY-12,False
ALT-CSE-03-03895,CSE-03,HIGH,2024-12-06T07:30:25,2024-12-06T07:32:32.814512,2024-12-06T08:37:55.380344,CLOSED,,TELCO-AAA-SRV,False
ALT-CSE-03-03896,CSE-03,MEDIUM,2024-11-10T21:34:21,2024-11-10T21:41:27.174762,2024-11-10T22:44:32.468953,CLOSED,,EDGE-GATEWAY-12,False
ALT-CSE-03-03897,CSE-03,HIGH,2024-10-27T00:42:36,2024-10-27T00:47:58.528143,2024-10-27T01:47:20.039203,CLOSED,,EDGE-GATEWAY-12,False
ALT-CSE-03-03898,CSE-03,HIGH,2024-10-18T13:43:16,2024-10-18T13:52:53.244046,2024-10-18T14:19:55.112132,CLOSED,,5G-CORE-UPF-01,False
ALT-CSE-03-03899,CSE-03,MEDIUM,2024-10-03T00:39:03,2024-10-03T00:42:41.303138,2024-10-03T02:01:22.451528,CLOSED,,EDGE-GATEWAY-12,False
ALT-CSE-03-03900,CSE-03,LOW,2024-12-15T02:35:15,2024-12-15T02:45:01.089252,2024-12-15T03:14:50.930625,CLOSED,,5G-AMF-NODE-02,False
ALT-CSE-03-03901,CSE-03,HIGH,2024-11-18T01:09:58,2024-11-18T01:13:06.946105,2024-11-18T01:56:44.400945,CLOSED,CAS-CSE-03-0459,5G-CORE-UPF-01,True
ALT-CSE-03-03902,CSE-03,MEDIUM,2024-11-24T00:01:49,2024-11-24T00:08:01.019754,2024-11-24T01:07:15.110031,CLOSED,,5G-CORE-UPF-01,False
ALT-CSE-03-03903,CSE-03,HIGH,2024-11-22T17:55:51,2024-11-22T18:02:31.371615,2024-11-22T18:58:34.063437,CLOSED,,5G-AMF-NODE-02,False
ALT-CSE-03-03904,CSE-03,LOW,2024-10-16T22:20:15,2024-10-16T22:23:58.014903,2024-10-16T23:42:48.363761,CLOSED,,5G-AMF-NODE-02,False
ALT-CSE-03-03905,CSE-03,HIGH,2024-12-10T14:42:06,2024-12-10T14:46:30.526203,2024-12-10T15:53:35.252565,CLOSED,,5G-CORE-UPF-01,False
ALT-CSE-03-03906,CSE-03,MEDIUM,2024-11-25T01:22:31,2024-11-25T01:28:04.459328,2024-11-25T01:55:00.810944,CLOSED,,5G-CORE-UPF-01,False
ALT-CSE-03-03907,CSE-03,LOW,2024-11-08T20:07:00,2024-11-08T20:10:34.467384,2024-11-08T21:28:31.064295,CLOSED,,5G-CORE-UPF-01,False
ALT-CSE-03-03908,CSE-03,HIGH,2024-10-23T00:25:37,2024-10-23T00:31:11.124594,2024-10-23T01:37:01.043478,CLOSED,,5G-AMF-NODE-02,False
ALT-CSE-03-03909,CSE-03,CRITICAL,2024-10-26T05:45:31,2024-10-26T05:50:16.475047,2024-10-26T06:35:09.705894,CLOSED,CAS-CSE-03-0460,TELCO-AAA-SRV,False
ALT-CSE-03-03910,CSE-03,CRITICAL,2024-10-05T23:28:10,2024-10-05T23:37:09.180143,2024-10-06T00:52:38.752403,CLOSED,,EDGE-GATEWAY-12,False
ALT-CSE-03-03911,CSE-03,LOW,2024-12-17T21:07:12,2024-12-17T21:11:18.416036,2024-12-17T21:51:11.021824,CLOSED,,5G-AMF-NODE-02,False
ALT-CSE-03-03912,CSE-03,MEDIUM,2024-11-29T13:07:40,2024-11-29T13:15:07.792931,2024-11-29T14:02:33.061081,CLOSED,,5G-CORE-UPF-01,False
ALT-CSE-03-03913,CSE-03,HIGH,2024-10-25T13:41:10,2024-10-25T13:47:17.252907,2024-10-25T14:55:29.235647,CLOSED,,EDGE-GATEWAY-12,False
ALT-CSE-03-03914,CSE-03,HIGH,2024-11-12T12:29:28,2024-11-12T12:38:11.124468,2024-11-12T13:46:01.813160,CLOSED,CAS-CSE-03-0461,TELCO-AAA-SRV,True
ALT-CSE-03-03915,CSE-03,MEDIUM,2024-12-20T15:44:30,2024-12-20T15:51:41.094917,2024-12-20T16:44:47.428938,CLOSED,,5G-CORE-UPF-01,False
ALT-CSE-03-03916,CSE-03,MEDIUM,2024-11-14T03:20:40,2024-11-14T03:26:34.005525,2024-11-14T04:43:11.253349,CLOSED,,TELCO-AAA-SRV,False
ALT-CSE-03-03917,CSE-03,MEDIUM,2024-11-05T06:51:04,2024-11-05T07:00:42.063595,2024-11-05T07:40:37.905563,CLOSED,,EDGE-GATEWAY-12,False
ALT-CSE-03-03918,CSE-03,MEDIUM,2024-11-17T05:41:15,2024-11-17T05:50:53.385408,2024-11-17T06:51:14.737305,CLOSED,,CARRIER-ROUTER-99,False
ALT-CSE-03-03919,CSE-03,MEDIUM,2024-10-23T18:07:22,2024-10-23T18:11:10.616992,2024-10-23T18:55:38.906999,CLOSED,,5G-AMF-NODE-02,False
ALT-CSE-03-03920,CSE-03,MEDIUM,2024-11-18T10:19:40,2024-11-18T10:27:47.614859,2024-11-18T11:22:06.421260,CLOSED,,5G-CORE-UPF-01,False
ALT-CSE-03-03921,CSE-03,HIGH,2024-11-21T20:41:50,2024-11-21T20:49:37.216152,2024-11-21T22:06:23.846252,CLOSED,,CARRIER-ROUTER-99,False
ALT-CSE-03-03922,CSE-03,LOW,2024-10-06T10:31:58,2024-10-06T10:36:34.730512,2024-10-06T11:34:38.671634,CLOSED,,CARRIER-ROUTER-99,False
ALT-CSE-03-03923,CSE-03,MEDIUM,2024-11-14T12:22:36,2024-11-14T12:27:38.311541,2024-11-14T12:58:21.685128,CLOSED,,EDGE-GATEWAY-12,False
ALT-CSE-03-03924,CSE-03,HIGH,2024-12-11T16:29:18,2024-12-11T16:38:23.354317,2024-12-11T17:05:53.336615,CLOSED,,5G-CORE-UPF-01,False
ALT-CSE-03-03925,CSE-03,MEDIUM,2024-12-01T08:37:50,2024-12-01T08:43:02.391069,2024-12-01T09:23:13.550372,CLOSED,,5G-CORE-UPF-01,False
ALT-CSE-03-03926,CSE-03,LOW,2024-12-17T10:28:25,2024-12-17T10:35:19.576174,2024-12-17T11:07:07.299762,CLOSED,,CARRIER-ROUTER-99,False
ALT-CSE-03-03927,CSE-03,MEDIUM,2024-12-13T05:48:39,2024-12-13T05:54:17.183382,2024-12-13T06:42:07.085329,CLOSED,,TELCO-AAA-SRV,False
ALT-CSE-03-03928,CSE-03,MEDIUM,2024-12-27T04:23:28,2024-12-27T04:33:15.291102,2024-12-27T05:01:47.051674,CLOSED,,5G-CORE-UPF-01,False
ALT-CSE-03-03929,CSE-03,MEDIUM,2024-12-10T13:49:17,2024-12-10T13:56:49.791632,2024-12-10T15:11:07.440558,CLOSED,,5G-CORE-UPF-01,False
ALT-CSE-03-03930,CSE-03,CRITICAL,2024-11-01T04:24:06,2024-11-01T04:31:12.269511,2024-11-01T05:12:24.714252,CLOSED,CAS-CSE-03-0462,TELCO-AAA-SRV,False
ALT-CSE-03-03931,CSE-03,HIGH,2024-10-11T20:42:07,2024-10-11T20:44:27.705176,2024-10-11T21:35:08.490162,CLOSED,,CARRIER-ROUTER-99,False
ALT-CSE-03-03932,CSE-03,HIGH,2024-11-28T17:24:25,2024-11-28T17:32:43.964307,2024-11-28T18:37:52.632115,CLOSED,,5G-CORE-UPF-01,False
ALT-CSE-03-03933,CSE-03,LOW,2024-11-17T16:00:29,2024-11-17T16:10:04.614189,2024-11-17T17:09:02.274333,CLOSED,,TELCO-AAA-SRV,False
ALT-CSE-03-03934,CSE-03,MEDIUM,2024-11-20T10:12:38,2024-11-20T10:21:48.172910,2024-11-20T11:23:15.212755,CLOSED,,EDGE-GATEWAY-12,False
ALT-CSE-03-03935,CSE-03,CRITICAL,2024-10-02T18:17:12,2024-10-02T18:25:40.845302,2024-10-02T19:40:56.350861,CLOSED,,EDGE-GATEWAY-12,False
ALT-CSE-03-03936,CSE-03,LOW,2024-10-22T06:33:57,2024-10-22T06:41:20.764979,2024-10-22T07:44:07.441668,CLOSED,,5G-CORE-UPF-01,False
ALT-CSE-03-03937,CSE-03,MEDIUM,2024-10-22T18:47:13,2024-10-22T18:51:38.269070,2024-10-22T20:06:37.404567,CLOSED,,TELCO-AAA-SRV,False
ALT-CSE-03-03938,CSE-03,LOW,2024-10-12T16:34:15,2024-10-12T16:42:29.111042,2024-10-12T17:43:07.631339,CLOSED,,5G-CORE-UPF-01,False
ALT-CSE-03-03939,CSE-03,LOW,2024-10-20T00:39:00,2024-10-20T00:45:56.173445,2024-10-20T01:19:40.594099,CLOSED,,5G-AMF-NODE-02,False
ALT-CSE-03-03940,CSE-03,MEDIUM,2024-12-23T02:43:55,2024-12-23T02:53:24.267399,2024-12-23T03:24:23.234126,CLOSED,,CARRIER-ROUTER-99,False
ALT-CSE-03-03941,CSE-03,HIGH,2024-10-11T05:40:18,2024-10-11T05:48:54.905801,2024-10-11T06:24:00.648026,CLOSED,,5G-CORE-UPF-01,False
ALT-CSE-03-03942,CSE-03,HIGH,2024-12-09T01:14:02,2024-12-09T01:20:36.174602,2024-12-09T02:27:48.787195,CLOSED,CAS-CSE-03-0463,EDGE-GATEWAY-12,False
ALT-CSE-03-03943,CSE-03,MEDIUM,2024-12-28T05:06:45,2024-12-28T05:14:36.669100,2024-12-28T05:42:42.480795,CLOSED,,EDGE-GATEWAY-12,False
ALT-CSE-03-03944,CSE-03,MEDIUM,2024-12-08T03:14:20,2024-12-08T03:19:15.190426,2024-12-08T04:30:57.600720,CLOSED,,EDGE-GATEWAY-12,False
ALT-CSE-03-03945,CSE-03,MEDIUM,2024-10-14T09:51:33,2024-10-14T09:59:06.216770,2024-10-14T10:56:52.074656,CLOSED,,5G-AMF-NODE-02,False
ALT-CSE-03-03946,CSE-03,LOW,2024-11-16T16:45:22,2024-11-16T16:51:34.087793,2024-11-16T17:49:34.388621,CLOSED,,5G-AMF-NODE-02,False
ALT-CSE-03-03947,CSE-03,LOW,2024-10-23T20:15:22,2024-10-23T20:24:25.622576,2024-10-23T21:23:53.826564,CLOSED,,EDGE-GATEWAY-12,False
ALT-CSE-03-03948,CSE-03,LOW,2024-11-08T10:59:30,2024-11-08T11:03:11.118904,2024-11-08T12:01:17.246634,CLOSED,,5G-CORE-UPF-01,False
ALT-CSE-03-03949,CSE-03,MEDIUM,2024-10-04T00:46:02,2024-10-04T00:50:14.688211,2024-10-04T01:39:37.266324,CLOSED,,TELCO-AAA-SRV,False
ALT-CSE-03-03950,CSE-03,MEDIUM,2024-12-28T09:57:38,2024-12-28T10:01:12.330251,2024-12-28T10:29:51.024749,CLOSED,,5G-AMF-NODE-02,False
ALT-CSE-03-03951,CSE-03,MEDIUM,2024-12-22T16:22:34,2024-12-22T16:27:40.003097,2024-12-22T16:56:16.424328,CLOSED,,EDGE-GATEWAY-12,False
ALT-CSE-03-03952,CSE-03,LOW,2024-11-22T22:42:10,2024-11-22T22:47:18.605687,2024-11-22T23:14:18.918752,CLOSED,,TELCO-AAA-SRV,False
ALT-CSE-03-03953,CSE-03,MEDIUM,2024-11-22T05:09:22,2024-11-22T05:17:21.895846,2024-11-22T06:25:56.226654,CLOSED,,CARRIER-ROUTER-99,False
ALT-CSE-03-03954,CSE-03,HIGH,2024-10-27T14:39:38,2024-10-27T14:46:19.570324,2024-10-27T15:16:14.001701,CLOSED,,5G-CORE-UPF-01,False
ALT-CSE-03-03955,CSE-03,CRITICAL,2024-10-26T12:11:22,2024-10-26T12:18:43.072815,2024-10-26T13:05:35.159752,CLOSED,,CARRIER-ROUTER-99,False
ALT-CSE-03-03956,CSE-03,HIGH,2024-11-14T14:25:04,2024-11-14T14:28:53.706379,2024-11-14T15:35:34.592172,CLOSED,,5G-CORE-UPF-01,False
ALT-CSE-03-03957,CSE-03,MEDIUM,2024-10-14T03:54:16,2024-10-14T03:58:57.982366,2024-10-14T04:40:50.701062,CLOSED,,5G-AMF-NODE-02,False
ALT-CSE-03-03958,CSE-03,CRITICAL,2024-10-16T16:00:04,2024-10-16T16:07:11.512713,2024-10-16T16:56:12.801389,CLOSED,,5G-AMF-NODE-02,False
ALT-CSE-03-03959,CSE-03,MEDIUM,2024-12-27T23:53:28,2024-12-28T00:02:07.071118,2024-12-28T00:32:10.164729,CLOSED,,CARRIER-ROUTER-99,False
ALT-CSE-03-03960,CSE-03,LOW,2024-10-17T07:32:33,2024-10-17T07:38:26.833397,2024-10-17T08:55:19.980770,CLOSED,,5G-AMF-NODE-02,False
ALT-CSE-03-03961,CSE-03,HIGH,2024-12-24T00:15:06,2024-12-24T00:18:03.870132,2024-12-24T00:59:45.139706,CLOSED,,TELCO-AAA-SRV,False
ALT-CSE-03-03962,CSE-03,MEDIUM,2024-12-23T20:26:54,2024-12-23T20:30:46.251851,2024-12-23T21:05:37.665669,CLOSED,,TELCO-AAA-SRV,False
ALT-CSE-03-03963,CSE-03,MEDIUM,2024-11-05T11:25:36,2024-11-05T11:33:57.419726,2024-11-05T12:19:45.265414,CLOSED,,TELCO-AAA-SRV,False
ALT-CSE-03-03964,CSE-03,MEDIUM,2024-10-11T15:23:07,2024-10-11T15:30:20.674422,2024-10-11T16:21:06.464166,CLOSED,,CARRIER-ROUTER-99,False
ALT-CSE-03-03965,CSE-03,MEDIUM,2024-11-04T05:28:24,2024-11-04T05:31:54.572000,2024-11-04T06:49:16.014652,CLOSED,,TELCO-AAA-SRV,False
ALT-CSE-03-03966,CSE-03,LOW,2024-11-02T04:07:43,2024-11-02T04:14:49.440087,2024-11-02T05:01:56.213486,CLOSED,,5G-CORE-UPF-01,False
ALT-CSE-03-03967,CSE-03,MEDIUM,2024-12-16T22:24:38,2024-12-16T22:30:56.354125,2024-12-16T23:08:54.559512,CLOSED,,EDGE-GATEWAY-12,False
ALT-CSE-03-03968,CSE-03,LOW,2024-12-15T20:32:41,2024-12-15T20:39:41.340385,2024-12-15T21:30:24.088119,CLOSED,,5G-CORE-UPF-01,False
ALT-CSE-03-03969,CSE-03,MEDIUM,2024-10-29T04:25:12,2024-10-29T04:33:15.187022,2024-10-29T05:17:13.815414,CLOSED,,5G-AMF-NODE-02,False
ALT-CSE-03-03970,CSE-03,MEDIUM,2024-11-24T20:20:28,2024-11-24T20:23:12.813028,2024-11-24T21:17:49.762952,CLOSED,,5G-AMF-NODE-02,False
ALT-CSE-03-03971,CSE-03,MEDIUM,2024-10-02T21:18:13,2024-10-02T21:22:49.306035,2024-10-02T22:29:48.238544,CLOSED,,EDGE-GATEWAY-12,False
ALT-CSE-03-03972,CSE-03,CRITICAL,2024-12-29T06:58:10,2024-12-29T07:08:04.953240,2024-12-29T08:18:12.847649,CLOSED,CAS-CSE-03-0464,TELCO-AAA-SRV,True
ALT-CSE-03-03973,CSE-03,LOW,2024-11-15T17:15:03,2024-11-15T17:21:22.405357,2024-11-15T18:38:32.907857,CLOSED,,5G-CORE-UPF-01,False
ALT-CSE-03-03974,CSE-03,LOW,2024-11-20T07:59:37,2024-11-20T08:08:16.249093,2024-11-20T08:38:13.377722,CLOSED,,TELCO-AAA-SRV,False
ALT-CSE-03-03975,CSE-03,HIGH,2024-12-02T01:50:14,2024-12-02T01:54:14.068468,2024-12-02T02:52:30.556167,CLOSED,,5G-CORE-UPF-01,False
ALT-CSE-03-03976,CSE-03,HIGH,2024-10-18T19:24:19,2024-10-18T19:27:48.265544,2024-10-18T19:57:25.615669,CLOSED,,EDGE-GATEWAY-12,False
ALT-CSE-03-03977,CSE-03,HIGH,2024-11-30T16:19:14,2024-11-30T16:26:37.546234,2024-11-30T16:58:04.959158,CLOSED,,CARRIER-ROUTER-99,False
ALT-CSE-03-03978,CSE-03,MEDIUM,2024-12-24T19:43:55,2024-12-24T19:48:52.193280,2024-12-24T20:50:12.377219,CLOSED,,CARRIER-ROUTER-99,False
ALT-CSE-03-03979,CSE-03,MEDIUM,2024-10-28T12:49:09,2024-10-28T12:57:17.987436,2024-10-28T14:09:19.201582,CLOSED,,5G-AMF-NODE-02,False
ALT-CSE-03-03980,CSE-03,MEDIUM,2024-12-28T16:56:58,2024-12-28T17:02:55.258485,2024-12-28T17:59:57.023507,CLOSED,,5G-AMF-NODE-02,False
ALT-CSE-03-03981,CSE-03,HIGH,2024-12-17T09:17:20,2024-12-17T09:22:50.228760,2024-12-17T10:24:33.380117,CLOSED,,5G-CORE-UPF-01,False
ALT-CSE-03-03982,CSE-03,MEDIUM,2024-10-03T07:17:33,2024-10-03T07:22:48.857792,2024-10-03T08:09:06.389049,CLOSED,,TELCO-AAA-SRV,False
ALT-CSE-03-03983,CSE-03,MEDIUM,2024-12-14T19:52:58,2024-12-14T19:59:35.371468,2024-12-14T20:37:18.802044,CLOSED,,5G-CORE-UPF-01,False
ALT-CSE-03-03984,CSE-03,MEDIUM,2024-11-06T11:57:28,2024-11-06T12:00:25.891591,2024-11-06T12:53:26.868607,CLOSED,,EDGE-GATEWAY-12,False
ALT-CSE-03-03985,CSE-03,LOW,2024-12-24T07:55:09,2024-12-24T07:58:28.344210,2024-12-24T08:50:02.724858,CLOSED,,5G-CORE-UPF-01,False
ALT-CSE-03-03986,CSE-03,LOW,2024-10-13T17:02:52,2024-10-13T17:07:24.231584,2024-10-13T18:12:29.769900,CLOSED,,5G-AMF-NODE-02,False
ALT-CSE-03-03987,CSE-03,LOW,2024-11-22T21:01:20,2024-11-22T21:07:16.323623,2024-11-22T22:18:36.522294,CLOSED,,TELCO-AAA-SRV,False
ALT-CSE-03-03988,CSE-03,MEDIUM,2024-11-28T06:21:11,2024-11-28T06:23:44.593678,2024-11-28T07:18:41.998868,CLOSED,,5G-CORE-UPF-01,False
ALT-CSE-03-03989,CSE-03,HIGH,2024-10-09T00:08:30,2024-10-09T00:18:02.435632,2024-10-09T01:27:54.330238,CLOSED,,EDGE-GATEWAY-12,False
ALT-CSE-03-03990,CSE-03,CRITICAL,2024-11-12T04:03:19,2024-11-12T04:09:08.562931,2024-11-12T04:35:09.888249,CLOSED,,TELCO-AAA-SRV,False
ALT-CSE-03-03991,CSE-03,HIGH,2024-12-08T20:58:49,2024-12-08T21:03:24.823479,2024-12-08T22:14:52.500874,CLOSED,CAS-CSE-03-0465,TELCO-AAA-SRV,False
ALT-CSE-03-03992,CSE-03,HIGH,2024-12-15T00:40:34,2024-12-15T00:46:37.592751,2024-12-15T01:26:24.838007,CLOSED,,5G-AMF-NODE-02,False
ALT-CSE-03-03993,CSE-03,LOW,2024-10-18T19:48:46,2024-10-18T19:57:50.010421,2024-10-18T20:46:16.152248,CLOSED,,5G-CORE-UPF-01,False
ALT-CSE-03-03994,CSE-03,MEDIUM,2024-10-10T15:24:38,2024-10-10T15:33:34.145176,2024-10-10T16:14:08.958091,CLOSED,,5G-AMF-NODE-02,False
ALT-CSE-03-03995,CSE-03,CRITICAL,2024-10-26T18:22:19,2024-10-26T18:26:16.873159,2024-10-26T18:54:52.674066,CLOSED,,EDGE-GATEWAY-12,False
ALT-CSE-03-03996,CSE-03,HIGH,2024-12-13T23:24:08,2024-12-13T23:31:19.871998,2024-12-14T00:02:34.490009,CLOSED,,EDGE-GATEWAY-12,False
ALT-CSE-03-03997,CSE-03,MEDIUM,2024-11-10T16:07:36,2024-11-10T16:13:02.901802,2024-11-10T17:21:31.530376,CLOSED,,TELCO-AAA-SRV,False
ALT-CSE-03-03998,CSE-03,MEDIUM,2024-10-03T12:35:46,2024-10-03T12:39:18.518780,2024-10-03T13:11:07.824843,CLOSED,,5G-AMF-NODE-02,False
ALT-CSE-03-03999,CSE-03,MEDIUM,2024-10-26T20:58:04,2024-10-26T21:00:28.097508,2024-10-26T22:01:35.022158,CLOSED,,TELCO-AAA-SRV,False
ALT-CSE-03-04000,CSE-03,MEDIUM,2024-10-21T16:36:13,2024-10-21T16:42:06.692390,2024-10-21T17:54:58.568829,CLOSED,,EDGE-GATEWAY-12,False
ALT-CSE-03-04001,CSE-03,LOW,2024-10-26T00:52:45,2024-10-26T00:58:59.614360,2024-10-26T01:39:25.144963,CLOSED,,5G-CORE-UPF-01,False
ALT-CSE-03-04002,CSE-03,MEDIUM,2024-12-11T11:39:29,2024-12-11T11:44:31.781481,2024-12-11T12:40:28.092558,CLOSED,,5G-CORE-UPF-01,False
ALT-CSE-03-04003,CSE-03,MEDIUM,2024-12-18T22:46:58,2024-12-18T22:51:34.643002,2024-12-18T23:51:16.040454,CLOSED,,5G-CORE-UPF-01,False
ALT-CSE-03-04004,CSE-03,MEDIUM,2024-10-27T09:22:37,2024-10-27T09:32:33.107792,2024-10-27T10:33:49.728720,CLOSED,,CARRIER-ROUTER-99,False
ALT-CSE-03-04005,CSE-03,HIGH,2024-11-19T19:00:09,2024-11-19T19:04:50.269223,2024-11-19T20:20:00.794171,CLOSED,,CARRIER-ROUTER-99,False
ALT-CSE-03-04006,CSE-03,LOW,2024-11-22T09:17:07,2024-11-22T09:21:26.214425,2024-11-22T10:24:42.195340,CLOSED,,EDGE-GATEWAY-12,False
ALT-CSE-03-04007,CSE-03,LOW,2024-12-07T09:09:35,2024-12-07T09:13:36.047296,2024-12-07T10:31:03.033269,CLOSED,,5G-CORE-UPF-01,False
ALT-CSE-03-04008,CSE-03,CRITICAL,2024-11-14T20:04:08,2024-11-14T20:09:02.517536,2024-11-14T20:43:44.160730,CLOSED,CAS-CSE-03-0466,EDGE-GATEWAY-12,False
ALT-CSE-03-04009,CSE-03,MEDIUM,2024-10-14T12:20:21,2024-10-14T12:29:15.591958,2024-10-14T13:39:14.036501,CLOSED,,TELCO-AAA-SRV,False
ALT-CSE-03-04010,CSE-03,LOW,2024-12-03T22:26:11,2024-12-03T22:33:50.283051,2024-12-03T22:58:47.136508,CLOSED,,5G-AMF-NODE-02,False
ALT-CSE-03-04011,CSE-03,HIGH,2024-10-25T03:02:13,2024-10-25T03:11:22.316226,2024-10-25T04:16:51.812776,CLOSED,,5G-AMF-NODE-02,False
ALT-CSE-03-04012,CSE-03,LOW,2024-10-17T09:11:51,2024-10-17T09:16:49.952952,2024-10-17T10:30:15.825743,CLOSED,,EDGE-GATEWAY-12,False
ALT-CSE-03-04013,CSE-03,LOW,2024-10-31T13:39:11,2024-10-31T13:46:11.094285,2024-10-31T14:22:47.001722,CLOSED,,5G-CORE-UPF-01,False
ALT-CSE-03-04014,CSE-03,MEDIUM,2024-10-31T19:07:29,2024-10-31T19:13:51.013498,2024-10-31T19:55:38.958521,CLOSED,,TELCO-AAA-SRV,False
ALT-CSE-03-04015,CSE-03,MEDIUM,2024-11-12T17:59:31,2024-11-12T18:02:42.285116,2024-11-12T19:03:32.823077,CLOSED,,TELCO-AAA-SRV,False
ALT-CSE-03-04016,CSE-03,MEDIUM,2024-11-20T12:03:51,2024-11-20T12:07:22.805597,2024-11-20T12:34:27.086289,CLOSED,,TELCO-AAA-SRV,False
ALT-CSE-03-04017,CSE-03,HIGH,2024-10-08T19:33:28,2024-10-08T19:38:43.414077,2024-10-08T20:33:21.462442,CLOSED,,5G-AMF-NODE-02,False
ALT-CSE-03-04018,CSE-03,MEDIUM,2024-11-16T21:04:45,2024-11-16T21:11:43.329777,2024-11-16T21:51:11.484897,CLOSED,,EDGE-GATEWAY-12,False
ALT-CSE-03-04019,CSE-03,MEDIUM,2024-12-21T04:08:02,2024-12-21T04:16:53.214324,2024-12-21T04:40:08.892101,CLOSED,,5G-AMF-NODE-02,False
ALT-CSE-03-04020,CSE-03,MEDIUM,2024-10-14T05:25:44,2024-10-14T05:29:05.517473,2024-10-14T06:48:41.389862,CLOSED,,5G-CORE-UPF-01,False
ALT-CSE-03-04021,CSE-03,MEDIUM,2024-10-27T14:59:04,2024-10-27T15:05:19.748158,2024-10-27T15:41:01.765725,CLOSED,,5G-CORE-UPF-01,False
ALT-CSE-03-04022,CSE-03,HIGH,2024-12-04T20:10:35,2024-12-04T20:18:44.380509,2024-12-04T20:57:17.232430,CLOSED,CAS-CSE-03-0467,5G-CORE-UPF-01,False
ALT-CSE-03-04023,CSE-03,LOW,2024-11-29T08:46:35,2024-11-29T08:51:28.792029,2024-11-29T09:34:53.479185,CLOSED,,CARRIER-ROUTER-99,False
ALT-CSE-03-04024,CSE-03,MEDIUM,2024-10-28T06:15:24,2024-10-28T06:21:52.994133,2024-10-28T06:49:18.106459,CLOSED,,CARRIER-ROUTER-99,False
ALT-CSE-03-04025,CSE-03,MEDIUM,2024-12-18T10:29:05,2024-12-18T10:32:05.855097,2024-12-18T11:11:23.938906,CLOSED,,CARRIER-ROUTER-99,False
ALT-CSE-03-04026,CSE-03,MEDIUM,2024-10-04T07:05:55,2024-10-04T07:13:35.357755,2024-10-04T07:43:19.936900,CLOSED,,EDGE-GATEWAY-12,False
ALT-CSE-03-04027,CSE-03,HIGH,2024-11-04T14:43:51,2024-11-04T14:53:04.269954,2024-11-04T15:18:21.626086,CLOSED,,CARRIER-ROUTER-99,False
ALT-CSE-03-04028,CSE-03,LOW,2024-11-19T14:51:24,2024-11-19T14:58:28.676029,2024-11-19T15:31:48.966271,CLOSED,,EDGE-GATEWAY-12,False
ALT-CSE-03-04029,CSE-03,HIGH,2024-11-22T11:02:42,2024-11-22T11:10:34.928488,2024-11-22T11:51:57.391147,CLOSED,,5G-CORE-UPF-01,False
ALT-CSE-03-04030,CSE-03,MEDIUM,2024-12-04T04:30:30,2024-12-04T04:40:03.909276,2024-12-04T05:47:03.777658,CLOSED,,5G-AMF-NODE-02,False
ALT-CSE-03-04031,CSE-03,HIGH,2024-12-07T18:27:58,2024-12-07T18:30:48.355923,2024-12-07T19:18:34.116485,CLOSED,,TELCO-AAA-SRV,False
ALT-CSE-03-04032,CSE-03,HIGH,2024-12-24T10:16:14,2024-12-24T10:18:45.406579,2024-12-24T11:39:29.817640,CLOSED,,CARRIER-ROUTER-99,False
ALT-CSE-03-04033,CSE-03,HIGH,2024-10-20T12:19:17,2024-10-20T12:28:40.657619,2024-10-20T12:53:29.131023,CLOSED,,TELCO-AAA-SRV,False
ALT-CSE-03-04034,CSE-03,MEDIUM,2024-11-08T13:14:18,2024-11-08T13:17:07.914461,2024-11-08T13:54:10.508198,CLOSED,,CARRIER-ROUTER-99,False
ALT-CSE-03-04035,CSE-03,CRITICAL,2024-11-21T23:38:04,2024-11-21T23:45:45.503281,2024-11-22T00:41:21.845594,CLOSED,CAS-CSE-03-0468,5G-AMF-NODE-02,False
ALT-CSE-03-04036,CSE-03,LOW,2024-11-27T07:50:18,2024-11-27T07:57:06.515631,2024-11-27T08:46:31.663477,CLOSED,,EDGE-GATEWAY-12,False
ALT-CSE-03-04037,CSE-03,LOW,2024-12-21T11:19:30,2024-12-21T11:22:09.033810,2024-12-21T12:28:37.386737,CLOSED,,EDGE-GATEWAY-12,False
ALT-CSE-03-04038,CSE-03,MEDIUM,2024-11-30T13:46:00,2024-11-30T13:51:14.237589,2024-11-30T14:20:17.563831,CLOSED,,EDGE-GATEWAY-12,False
ALT-CSE-03-04039,CSE-03,MEDIUM,2024-12-12T21:29:56,2024-12-12T21:39:06.249588,2024-12-12T22:30:23.170475,CLOSED,,CARRIER-ROUTER-99,False
ALT-CSE-03-04040,CSE-03,MEDIUM,2024-12-08T11:13:44,2024-12-08T11:19:31.890582,2024-12-08T12:27:15.036878,CLOSED,,5G-CORE-UPF-01,False
ALT-CSE-03-04041,CSE-03,MEDIUM,2024-11-13T22:36:43,2024-11-13T22:46:40.175847,2024-11-13T23:48:46.545669,CLOSED,,CARRIER-ROUTER-99,False
ALT-CSE-03-04042,CSE-03,HIGH,2024-10-28T16:30:22,2024-10-28T16:39:31.781607,2024-10-28T17:51:10.104260,CLOSED,,TELCO-AAA-SRV,False
ALT-CSE-03-04043,CSE-03,CRITICAL,2024-12-14T17:59:25,2024-12-14T18:06:31.108240,2024-12-14T18:48:13.169453,CLOSED,CAS-CSE-03-0469,5G-AMF-NODE-02,False
ALT-CSE-03-04044,CSE-03,HIGH,2024-12-16T19:58:14,2024-12-16T20:03:13.159796,2024-12-16T20:51:00.821923,CLOSED,,5G-AMF-NODE-02,False
ALT-CSE-03-04045,CSE-03,LOW,2024-12-22T20:53:39,2024-12-22T20:59:22.874934,2024-12-22T21:43:44.071070,CLOSED,,5G-CORE-UPF-01,False
ALT-CSE-03-04046,CSE-03,LOW,2024-10-07T21:16:53,2024-10-07T21:24:41.491088,2024-10-07T22:04:34.784305,CLOSED,,CARRIER-ROUTER-99,False
ALT-CSE-03-04047,CSE-03,HIGH,2024-11-14T01:45:49,2024-11-14T01:48:13.607926,2024-11-14T02:20:27.664244,CLOSED,,TELCO-AAA-SRV,False
ALT-CSE-03-04048,CSE-03,HIGH,2024-11-08T22:17:16,2024-11-08T22:26:22.118257,2024-11-08T23:21:35.111076,CLOSED,,EDGE-GATEWAY-12,False
ALT-CSE-03-04049,CSE-03,CRITICAL,2024-11-05T16:13:49,2024-11-05T16:16:49.376698,2024-11-05T17:38:06.395320,CLOSED,CAS-CSE-03-0470,CARRIER-ROUTER-99,True
ALT-CSE-03-04050,CSE-03,HIGH,2024-10-24T02:57:15,2024-10-24T03:05:46.884828,2024-10-24T03:50:28.815491,CLOSED,,CARRIER-ROUTER-99,False
ALT-CSE-03-04051,CSE-03,LOW,2024-12-29T22:15:18,2024-12-29T22:20:34.348865,2024-12-29T23:07:17.093106,CLOSED,,TELCO-AAA-SRV,False
ALT-CSE-03-04052,CSE-03,MEDIUM,2024-11-24T18:30:41,2024-11-24T18:38:54.947573,2024-11-24T19:48:05.865308,CLOSED,,5G-AMF-NODE-02,False
ALT-CSE-03-04053,CSE-03,MEDIUM,2024-11-01T22:29:48,2024-11-01T22:37:21.371622,2024-11-01T23:29:25.798688,CLOSED,,EDGE-GATEWAY-12,False
ALT-CSE-03-04054,CSE-03,MEDIUM,2024-12-10T10:58:15,2024-12-10T11:06:39.978745,2024-12-10T11:40:43.228059,CLOSED,,5G-CORE-UPF-01,False
ALT-CSE-03-04055,CSE-03,HIGH,2024-10-25T04:12:17,2024-10-25T04:19:29.413271,2024-10-25T05:01:57.262246,CLOSED,,CARRIER-ROUTER-99,False
ALT-CSE-03-04056,CSE-03,LOW,2024-12-06T13:59:54,2024-12-06T14:03:13.002655,2024-12-06T15:13:57.824729,CLOSED,,5G-AMF-NODE-02,False
ALT-CSE-03-04057,CSE-03,MEDIUM,2024-12-18T08:01:59,2024-12-18T08:07:08.029590,2024-12-18T08:55:53.747976,CLOSED,,5G-AMF-NODE-02,False
ALT-CSE-03-04058,CSE-03,HIGH,2024-11-29T06:40:23,2024-11-29T06:45:58.260312,2024-11-29T07:48:45.924775,CLOSED,CAS-CSE-03-0471,5G-AMF-NODE-02,False
ALT-CSE-03-04059,CSE-03,LOW,2024-10-09T00:03:47,2024-10-09T00:05:47.057739,2024-10-09T00:34:51.629590,CLOSED,,5G-AMF-NODE-02,False
ALT-CSE-03-04060,CSE-03,MEDIUM,2024-11-08T18:10:20,2024-11-08T18:15:36.487402,2024-11-08T18:45:17.115852,CLOSED,,EDGE-GATEWAY-12,False
ALT-CSE-03-04061,CSE-03,CRITICAL,2024-12-09T15:57:47,2024-12-09T16:03:52.489297,2024-12-09T16:50:06.932849,CLOSED,CAS-CSE-03-0472,EDGE-GATEWAY-12,False
ALT-CSE-03-04062,CSE-03,LOW,2024-11-08T00:12:50,2024-11-08T00:22:36.981845,2024-11-08T00:50:44.026912,CLOSED,,TELCO-AAA-SRV,False
ALT-CSE-03-04063,CSE-03,MEDIUM,2024-12-15T13:14:29,2024-12-15T13:19:47.714292,2024-12-15T13:44:40.606700,CLOSED,,EDGE-GATEWAY-12,False
ALT-CSE-03-04064,CSE-03,LOW,2024-12-14T05:18:28,2024-12-14T05:21:45.666961,2024-12-14T05:51:54.014353,CLOSED,,5G-CORE-UPF-01,False
ALT-CSE-03-04065,CSE-03,HIGH,2024-12-18T22:23:28,2024-12-18T22:32:28.797505,2024-12-18T22:59:52.221712,CLOSED,,CARRIER-ROUTER-99,False
ALT-CSE-03-04066,CSE-03,HIGH,2024-11-01T19:35:20,2024-11-01T19:45:13.636990,2024-11-01T20:59:14.640599,CLOSED,,TELCO-AAA-SRV,False
ALT-CSE-03-04067,CSE-03,CRITICAL,2024-11-27T12:15:27,2024-11-27T12:21:09.718527,2024-11-27T13:07:10.936349,CLOSED,CAS-CSE-03-0473,CARRIER-ROUTER-99,True
ALT-CSE-03-04068,CSE-03,HIGH,2024-12-13T01:02:11,2024-12-13T01:10:28.551407,2024-12-13T01:43:52.583874,CLOSED,CAS-CSE-03-0474,TELCO-AAA-SRV,False
ALT-CSE-03-04069,CSE-03,LOW,2024-10-05T07:32:38,2024-10-05T07:35:33.476617,2024-10-05T08:27:59.189264,CLOSED,,CARRIER-ROUTER-99,False
ALT-CSE-03-04070,CSE-03,HIGH,2024-10-02T21:58:16,2024-10-02T22:04:34.829276,2024-10-02T22:44:32.861012,CLOSED,,TELCO-AAA-SRV,False
ALT-CSE-03-04071,CSE-03,HIGH,2024-10-12T08:49:25,2024-10-12T08:55:18.937184,2024-10-12T09:37:12.347625,CLOSED,,5G-AMF-NODE-02,False
ALT-CSE-03-04072,CSE-03,CRITICAL,2024-10-13T19:38:55,2024-10-13T19:48:36.010365,2024-10-13T20:21:09.678172,CLOSED,,5G-AMF-NODE-02,False
ALT-CSE-03-04073,CSE-03,HIGH,2024-11-18T09:58:19,2024-11-18T10:03:20.111594,2024-11-18T10:33:59.085751,CLOSED,,5G-CORE-UPF-01,False
ALT-CSE-03-04074,CSE-03,MEDIUM,2024-12-21T12:39:11,2024-12-21T12:47:12.792073,2024-12-21T13:44:14.182279,CLOSED,,TELCO-AAA-SRV,False
ALT-CSE-03-04075,CSE-03,HIGH,2024-10-29T22:47:07,2024-10-29T22:49:58.093991,2024-10-29T23:32:31.650047,CLOSED,,TELCO-AAA-SRV,False
ALT-CSE-03-04076,CSE-03,MEDIUM,2024-11-21T06:55:25,2024-11-21T07:02:53.944267,2024-11-21T07:56:12.044294,CLOSED,,5G-AMF-NODE-02,False
ALT-CSE-03-04077,CSE-03,MEDIUM,2024-11-14T01:37:59,2024-11-14T01:45:22.505095,2024-11-14T02:56:16.666498,CLOSED,,5G-AMF-NODE-02,False
ALT-CSE-03-04078,CSE-03,MEDIUM,2024-11-08T04:02:57,2024-11-08T04:05:12.425038,2024-11-08T05:17:37.328987,CLOSED,,CARRIER-ROUTER-99,False
ALT-CSE-03-04079,CSE-03,MEDIUM,2024-12-21T20:59:58,2024-12-21T21:08:11.518115,2024-12-21T21:52:41.317770,CLOSED,,CARRIER-ROUTER-99,False
ALT-CSE-03-04080,CSE-03,MEDIUM,2024-11-04T13:04:19,2024-11-04T13:11:33.650743,2024-11-04T14:28:23.925014,CLOSED,,5G-CORE-UPF-01,False
ALT-CSE-03-04081,CSE-03,HIGH,2024-12-03T20:34:53,2024-12-03T20:41:41.111937,2024-12-03T21:49:01.538892,CLOSED,,CARRIER-ROUTER-99,False
ALT-CSE-03-04082,CSE-03,LOW,2024-11-27T11:39:17,2024-11-27T11:47:00.146667,2024-11-27T12:28:25.451185,CLOSED,,CARRIER-ROUTER-99,False
ALT-CSE-03-04083,CSE-03,HIGH,2024-12-27T11:09:06,2024-12-27T11:13:47.702963,2024-12-27T11:59:11.575690,CLOSED,,5G-CORE-UPF-01,False
ALT-CSE-03-04084,CSE-03,LOW,2024-11-07T15:15:29,2024-11-07T15:20:24.102609,2024-11-07T16:16:47.605180,CLOSED,,TELCO-AAA-SRV,False
ALT-CSE-03-04085,CSE-03,CRITICAL,2024-12-16T20:34:11,2024-12-16T20:43:53.285099,2024-12-16T21:51:28.499760,CLOSED,,CARRIER-ROUTER-99,False
ALT-CSE-03-04086,CSE-03,MEDIUM,2024-11-27T00:45:22,2024-11-27T00:51:54.447008,2024-11-27T01:29:39.307756,CLOSED,,5G-AMF-NODE-02,False
ALT-CSE-03-04087,CSE-03,LOW,2024-10-07T19:51:03,2024-10-07T19:53:05.171342,2024-10-07T20:23:06.998176,CLOSED,,5G-AMF-NODE-02,False
ALT-CSE-03-04088,CSE-03,MEDIUM,2024-12-04T16:24:47,2024-12-04T16:30:35.638220,2024-12-04T17:29:31.219380,CLOSED,,5G-CORE-UPF-01,False
ALT-CSE-03-04089,CSE-03,HIGH,2024-12-12T09:40:57,2024-12-12T09:48:01.878947,2024-12-12T10:12:10.170093,CLOSED,,5G-AMF-NODE-02,False
ALT-CSE-03-04090,CSE-03,CRITICAL,2024-12-29T02:31:17,2024-12-29T02:34:04.675099,2024-12-29T03:49:34.838454,CLOSED,CAS-CSE-03-0475,EDGE-GATEWAY-12,False
ALT-CSE-03-04091,CSE-03,MEDIUM,2024-10-15T00:10:15,2024-10-15T00:12:53.813242,2024-10-15T01:29:38.046055,CLOSED,,EDGE-GATEWAY-12,False
ALT-CSE-03-04092,CSE-03,HIGH,2024-11-11T21:43:44,2024-11-11T21:48:14.583868,2024-11-11T22:23:22.485713,CLOSED,,CARRIER-ROUTER-99,False
ALT-CSE-03-04093,CSE-03,MEDIUM,2024-12-08T09:39:44,2024-12-08T09:45:52.263676,2024-12-08T10:54:26.096261,CLOSED,,5G-AMF-NODE-02,False
ALT-CSE-03-04094,CSE-03,HIGH,2024-10-06T08:31:34,2024-10-06T08:41:11.311597,2024-10-06T09:36:57.071695,CLOSED,,CARRIER-ROUTER-99,False
ALT-CSE-03-04095,CSE-03,LOW,2024-11-14T15:51:00,2024-11-14T15:53:42.484081,2024-11-14T16:40:05.731253,CLOSED,,TELCO-AAA-SRV,False
ALT-CSE-03-04096,CSE-03,MEDIUM,2024-11-28T07:24:02,2024-11-28T07:31:53.417575,2024-11-28T08:28:08.178522,CLOSED,,TELCO-AAA-SRV,False
ALT-CSE-03-04097,CSE-03,LOW,2024-12-21T02:43:21,2024-12-21T02:45:36.817421,2024-12-21T04:07:45.923839,CLOSED,,TELCO-AAA-SRV,False
ALT-CSE-03-04098,CSE-03,HIGH,2024-11-20T03:11:09,2024-11-20T03:18:19.139531,2024-11-20T03:48:56.674237,CLOSED,,EDGE-GATEWAY-12,False
ALT-CSE-03-04099,CSE-03,LOW,2024-12-15T13:06:28,2024-12-15T13:14:31.953597,2024-12-15T13:46:48.105574,CLOSED,,EDGE-GATEWAY-12,False
ALT-CSE-03-04100,CSE-03,MEDIUM,2024-11-25T21:40:03,2024-11-25T21:47:23.120029,2024-11-25T22:46:20.077951,CLOSED,,CARRIER-ROUTER-99,False
ALT-CSE-03-04101,CSE-03,CRITICAL,2024-12-25T02:25:32,2024-12-25T02:30:26.887547,2024-12-25T03:03:09.864238,CLOSED,CAS-CSE-03-0476,CARRIER-ROUTER-99,False
ALT-CSE-03-04102,CSE-03,MEDIUM,2024-12-07T17:42:58,2024-12-07T17:45:01.497943,2024-12-07T19:05:10.216364,CLOSED,,TELCO-AAA-SRV,False
ALT-CSE-03-04103,CSE-03,HIGH,2024-12-24T23:35:06,2024-12-24T23:39:05.356931,2024-12-25T00:14:27.332110,CLOSED,,EDGE-GATEWAY-12,False
ALT-CSE-03-04104,CSE-03,HIGH,2024-12-21T19:22:54,2024-12-21T19:30:44.296663,2024-12-21T20:04:46.774536,CLOSED,,TELCO-AAA-SRV,False
ALT-CSE-03-04105,CSE-03,LOW,2024-10-16T15:50:08,2024-10-16T15:59:03.734022,2024-10-16T16:38:41.092837,CLOSED,,TELCO-AAA-SRV,False
ALT-CSE-03-04106,CSE-03,LOW,2024-10-21T05:15:26,2024-10-21T05:19:51.958070,2024-10-21T05:57:02.002716,CLOSED,,5G-AMF-NODE-02,False
ALT-CSE-03-04107,CSE-03,LOW,2024-12-06T00:52:04,2024-12-06T00:59:59.260158,2024-12-06T02:11:18.754041,CLOSED,,5G-AMF-NODE-02,False
ALT-CSE-03-04108,CSE-03,LOW,2024-10-07T22:09:46,2024-10-07T22:13:50.833433,2024-10-07T23:31:57.314958,CLOSED,,CARRIER-ROUTER-99,False
ALT-CSE-03-04109,CSE-03,MEDIUM,2024-11-05T06:56:48,2024-11-05T07:06:13.171994,2024-11-05T08:18:59.891708,CLOSED,,5G-AMF-NODE-02,False
ALT-CSE-03-04110,CSE-03,MEDIUM,2024-12-17T02:02:28,2024-12-17T02:09:17.072155,2024-12-17T02:50:26.198783,CLOSED,,CARRIER-ROUTER-99,False
ALT-CSE-03-04111,CSE-03,LOW,2024-10-09T06:16:27,2024-10-09T06:22:46.888767,2024-10-09T07:24:40.927547,CLOSED,,5G-CORE-UPF-01,False
ALT-CSE-03-04112,CSE-03,HIGH,2024-11-18T01:25:02,2024-11-18T01:27:52.458309,2024-11-18T01:57:25.932687,CLOSED,,5G-CORE-UPF-01,False
ALT-CSE-03-04113,CSE-03,HIGH,2024-10-27T06:05:18,2024-10-27T06:09:01.862143,2024-10-27T06:37:16.318764,CLOSED,,EDGE-GATEWAY-12,False
ALT-CSE-03-04114,CSE-03,MEDIUM,2024-12-19T09:11:28,2024-12-19T09:18:06.842991,2024-12-19T10:30:41.441858,CLOSED,,5G-AMF-NODE-02,False
ALT-CSE-03-04115,CSE-03,LOW,2024-10-04T23:35:45,2024-10-04T23:43:03.532196,2024-10-05T00:51:53.057608,CLOSED,,5G-CORE-UPF-01,False
ALT-CSE-03-04116,CSE-03,CRITICAL,2024-11-21T08:42:35,2024-11-21T08:51:58.078965,2024-11-21T10:00:49.585211,CLOSED,CAS-CSE-03-0477,TELCO-AAA-SRV,False
ALT-CSE-03-04117,CSE-03,MEDIUM,2024-11-20T14:59:32,2024-11-20T15:06:53.918023,2024-11-20T15:38:05.124785,CLOSED,,CARRIER-ROUTER-99,False
ALT-CSE-03-04118,CSE-03,HIGH,2024-11-15T02:06:20,2024-11-15T02:11:51.125467,2024-11-15T03:05:04.482628,CLOSED,,CARRIER-ROUTER-99,False
ALT-CSE-03-04119,CSE-03,MEDIUM,2024-12-21T16:44:52,2024-12-21T16:53:00.718992,2024-12-21T17:30:59.742200,CLOSED,,5G-AMF-NODE-02,False
ALT-CSE-03-04120,CSE-03,MEDIUM,2024-11-17T23:42:39,2024-11-17T23:48:35.974709,2024-11-18T00:13:55.085935,CLOSED,,EDGE-GATEWAY-12,False
ALT-CSE-03-04121,CSE-03,HIGH,2024-12-18T00:48:30,2024-12-18T00:53:22.588070,2024-12-18T01:57:26.359775,CLOSED,,CARRIER-ROUTER-99,False
ALT-CSE-03-04122,CSE-03,MEDIUM,2024-10-14T08:40:18,2024-10-14T08:49:09.891965,2024-10-14T09:52:16.007602,CLOSED,,5G-AMF-NODE-02,False
ALT-CSE-03-04123,CSE-03,CRITICAL,2024-11-07T09:59:49,2024-11-07T10:02:16.848581,2024-11-07T11:22:40.015118,CLOSED,CAS-CSE-03-0478,CARRIER-ROUTER-99,False
ALT-CSE-03-04124,CSE-03,MEDIUM,2024-11-13T16:45:20,2024-11-13T16:47:56.343055,2024-11-13T17:31:09.563689,CLOSED,,5G-CORE-UPF-01,False
ALT-CSE-03-04125,CSE-03,MEDIUM,2024-12-08T00:08:26,2024-12-08T00:12:12.753834,2024-12-08T00:55:55.789677,CLOSED,,TELCO-AAA-SRV,False
ALT-CSE-03-04126,CSE-03,MEDIUM,2024-10-22T09:35:46,2024-10-22T09:38:43.699205,2024-10-22T10:19:42.380104,CLOSED,,CARRIER-ROUTER-99,False
ALT-CSE-03-04127,CSE-03,MEDIUM,2024-11-20T05:28:55,2024-11-20T05:33:58.961146,2024-11-20T06:52:00.530061,CLOSED,,TELCO-AAA-SRV,False
ALT-CSE-03-04128,CSE-03,HIGH,2024-10-23T05:41:58,2024-10-23T05:51:55.444309,2024-10-23T07:02:33.587966,CLOSED,,CARRIER-ROUTER-99,False
ALT-CSE-03-04129,CSE-03,HIGH,2024-12-11T00:06:42,2024-12-11T00:12:26.140481,2024-12-11T01:11:26.653753,CLOSED,,TELCO-AAA-SRV,False
ALT-CSE-03-04130,CSE-03,MEDIUM,2024-10-22T03:15:54,2024-10-22T03:18:23.949885,2024-10-22T04:28:28.148988,CLOSED,,TELCO-AAA-SRV,False
ALT-CSE-03-04131,CSE-03,HIGH,2024-11-22T01:41:36,2024-11-22T01:46:26.898162,2024-11-22T02:19:27.414614,CLOSED,,TELCO-AAA-SRV,False
ALT-CSE-03-04132,CSE-03,LOW,2024-10-30T03:06:19,2024-10-30T03:15:42.418094,2024-10-30T04:10:56.161640,CLOSED,,TELCO-AAA-SRV,False
ALT-CSE-03-04133,CSE-03,LOW,2024-12-28T04:59:31,2024-12-28T05:06:29.569973,2024-12-28T06:23:50.314729,CLOSED,,CARRIER-ROUTER-99,False
ALT-CSE-03-04134,CSE-03,MEDIUM,2024-12-25T11:31:45,2024-12-25T11:38:11.028191,2024-12-25T12:28:39.794000,CLOSED,,5G-CORE-UPF-01,False
ALT-CSE-03-04135,CSE-03,MEDIUM,2024-12-09T04:08:09,2024-12-09T04:14:04.977533,2024-12-09T05:06:12.806958,CLOSED,,CARRIER-ROUTER-99,False
ALT-CSE-03-04136,CSE-03,LOW,2024-10-10T23:45:31,2024-10-10T23:54:52.467966,2024-10-11T00:52:19.816756,CLOSED,,CARRIER-ROUTER-99,False
ALT-CSE-03-04137,CSE-03,MEDIUM,2024-10-13T07:39:41,2024-10-13T07:49:14.323459,2024-10-13T08:38:30.256264,CLOSED,,5G-AMF-NODE-02,False
ALT-CSE-03-04138,CSE-03,MEDIUM,2024-11-15T09:15:53,2024-11-15T09:21:09.704780,2024-11-15T10:20:12.403426,CLOSED,,TELCO-AAA-SRV,False
ALT-CSE-03-04139,CSE-03,HIGH,2024-10-31T18:18:00,2024-10-31T18:23:09.997591,2024-10-31T18:53:27.175409,CLOSED,,CARRIER-ROUTER-99,False
ALT-CSE-03-04140,CSE-03,MEDIUM,2024-10-10T09:44:25,2024-10-10T09:46:45.816798,2024-10-10T11:05:36.767780,CLOSED,,EDGE-GATEWAY-12,False
ALT-CSE-03-04141,CSE-03,MEDIUM,2024-10-12T21:43:56,2024-10-12T21:50:25.953428,2024-10-12T22:36:00.678880,CLOSED,,EDGE-GATEWAY-12,False
ALT-CSE-03-04142,CSE-03,LOW,2024-12-25T23:31:36,2024-12-25T23:34:26.112377,2024-12-26T00:22:04.353410,CLOSED,,EDGE-GATEWAY-12,False
ALT-CSE-03-04143,CSE-03,MEDIUM,2024-10-07T05:26:29,2024-10-07T05:32:23.239055,2024-10-07T06:36:51.156755,CLOSED,,TELCO-AAA-SRV,False
ALT-CSE-03-04144,CSE-03,LOW,2024-11-27T13:03:34,2024-11-27T13:09:12.990943,2024-11-27T13:33:59.877454,CLOSED,,5G-CORE-UPF-01,False
ALT-CSE-03-04145,CSE-03,MEDIUM,2024-12-25T15:41:55,2024-12-25T15:47:14.029062,2024-12-25T16:23:40.549549,CLOSED,,5G-CORE-UPF-01,False
ALT-CSE-03-04146,CSE-03,MEDIUM,2024-11-09T09:57:03,2024-11-09T10:00:23.966269,2024-11-09T11:15:04.521108,CLOSED,,5G-AMF-NODE-02,False
ALT-CSE-03-04147,CSE-03,CRITICAL,2024-10-05T17:09:50,2024-10-05T17:14:49.655853,2024-10-05T18:28:02.014157,CLOSED,CAS-CSE-03-0479,TELCO-AAA-SRV,True
ALT-CSE-03-04148,CSE-03,MEDIUM,2024-10-02T00:28:32,2024-10-02T00:33:16.782409,2024-10-02T01:12:06.342121,CLOSED,,5G-AMF-NODE-02,False
ALT-CSE-03-04149,CSE-03,LOW,2024-12-25T01:58:15,2024-12-25T02:04:39.829562,2024-12-25T02:35:08.746648,CLOSED,,5G-CORE-UPF-01,False
ALT-CSE-03-04150,CSE-03,MEDIUM,2024-12-25T23:10:32,2024-12-25T23:14:54.736405,2024-12-26T00:05:08.762780,CLOSED,,EDGE-GATEWAY-12,False
ALT-CSE-03-04151,CSE-03,MEDIUM,2024-12-07T05:30:06,2024-12-07T05:33:08.877487,2024-12-07T06:13:42.032443,CLOSED,,TELCO-AAA-SRV,False
ALT-CSE-03-04152,CSE-03,MEDIUM,2024-10-04T02:57:15,2024-10-04T03:06:46.541654,2024-10-04T04:05:35.472346,CLOSED,,5G-AMF-NODE-02,False
ALT-CSE-03-04153,CSE-03,HIGH,2024-11-13T20:26:59,2024-11-13T20:31:54.416679,2024-11-13T21:42:43.895399,CLOSED,CAS-CSE-03-0480,5G-AMF-NODE-02,False
ALT-CSE-03-04154,CSE-03,LOW,2024-11-19T09:23:29,2024-11-19T09:30:23.319219,2024-11-19T10:35:26.571970,CLOSED,,5G-CORE-UPF-01,False
ALT-CSE-03-04155,CSE-03,HIGH,2024-12-09T05:00:21,2024-12-09T05:04:21.610421,2024-12-09T06:14:20.042089,CLOSED,,5G-CORE-UPF-01,False
ALT-CSE-03-04156,CSE-03,MEDIUM,2024-12-15T06:12:00,2024-12-15T06:21:33.742286,2024-12-15T07:22:32.544987,CLOSED,,CARRIER-ROUTER-99,False
ALT-CSE-03-04157,CSE-03,LOW,2024-11-08T08:39:14,2024-11-08T08:42:54.575177,2024-11-08T09:53:56.942319,CLOSED,,5G-CORE-UPF-01,False
ALT-CSE-03-04158,CSE-03,MEDIUM,2024-11-07T12:06:00,2024-11-07T12:14:05.723329,2024-11-07T13:16:10.008482,CLOSED,,5G-CORE-UPF-01,False
ALT-CSE-03-04159,CSE-03,MEDIUM,2024-11-24T23:42:11,2024-11-24T23:48:28.932557,2024-11-25T00:41:34.974737,CLOSED,,5G-AMF-NODE-02,False
ALT-CSE-03-04160,CSE-03,HIGH,2024-12-06T06:31:31,2024-12-06T06:36:04.341436,2024-12-06T07:52:13.811007,CLOSED,,5G-AMF-NODE-02,False
ALT-CSE-03-04161,CSE-03,CRITICAL,2024-10-11T08:24:13,2024-10-11T08:27:59.726123,2024-10-11T08:59:26.894743,CLOSED,CAS-CSE-03-0481,EDGE-GATEWAY-12,False
ALT-CSE-03-04162,CSE-03,MEDIUM,2024-10-19T17:56:11,2024-10-19T18:00:13.836843,2024-10-19T18:31:51.988961,CLOSED,,CARRIER-ROUTER-99,False
ALT-CSE-03-04163,CSE-03,MEDIUM,2024-12-17T19:10:51,2024-12-17T19:13:01.257386,2024-12-17T19:59:39.669490,CLOSED,,5G-CORE-UPF-01,False
ALT-CSE-03-04164,CSE-03,MEDIUM,2024-12-22T22:28:24,2024-12-22T22:33:41.648210,2024-12-22T23:39:42.999600,CLOSED,,TELCO-AAA-SRV,False
ALT-CSE-03-04165,CSE-03,CRITICAL,2024-11-24T00:52:58,2024-11-24T01:01:39.334052,2024-11-24T01:44:07.136985,CLOSED,CAS-CSE-03-0482,TELCO-AAA-SRV,False
ALT-CSE-03-04166,CSE-03,MEDIUM,2024-10-11T17:49:51,2024-10-11T17:53:21.937504,2024-10-11T18:36:06.408488,CLOSED,,CARRIER-ROUTER-99,False
ALT-CSE-03-04167,CSE-03,LOW,2024-10-23T17:02:05,2024-10-23T17:10:06.770339,2024-10-23T17:47:33.796040,CLOSED,,5G-CORE-UPF-01,False
ALT-CSE-03-04168,CSE-03,LOW,2024-12-20T15:33:54,2024-12-20T15:36:58.201855,2024-12-20T16:05:08.384882,CLOSED,,TELCO-AAA-SRV,False
ALT-CSE-03-04169,CSE-03,LOW,2024-12-22T13:08:53,2024-12-22T13:12:53.096072,2024-12-22T14:27:30.844590,CLOSED,,EDGE-GATEWAY-12,False
ALT-CSE-03-04170,CSE-03,HIGH,2024-11-22T00:15:02,2024-11-22T00:19:26.633436,2024-11-22T00:54:45.397411,CLOSED,,TELCO-AAA-SRV,False
ALT-CSE-03-04171,CSE-03,LOW,2024-12-06T14:19:33,2024-12-06T14:21:35.779727,2024-12-06T14:54:49.146767,CLOSED,,5G-CORE-UPF-01,False
ALT-CSE-03-04172,CSE-03,MEDIUM,2024-11-12T02:46:33,2024-11-12T02:55:32.628305,2024-11-12T03:23:30.436028,CLOSED,,5G-AMF-NODE-02,False
ALT-CSE-03-04173,CSE-03,MEDIUM,2024-10-19T15:16:15,2024-10-19T15:24:15.551236,2024-10-19T16:26:24.297462,CLOSED,,CARRIER-ROUTER-99,False
ALT-CSE-03-04174,CSE-03,HIGH,2024-10-27T07:29:04,2024-10-27T07:33:52.422223,2024-10-27T08:50:42.234681,CLOSED,,EDGE-GATEWAY-12,False
ALT-CSE-03-04175,CSE-03,CRITICAL,2024-11-12T17:23:53,2024-11-12T17:29:47.617580,2024-11-12T18:29:07.238251,CLOSED,CAS-CSE-03-0483,5G-AMF-NODE-02,False
ALT-CSE-03-04176,CSE-03,CRITICAL,2024-10-21T06:03:51,2024-10-21T06:11:38.419443,2024-10-21T06:50:05.331860,CLOSED,,TELCO-AAA-SRV,False
ALT-CSE-03-04177,CSE-03,CRITICAL,2024-12-06T07:15:13,2024-12-06T07:22:34.715162,2024-12-06T07:59:18.448893,CLOSED,CAS-CSE-03-0484,CARRIER-ROUTER-99,False
ALT-CSE-03-04178,CSE-03,HIGH,2024-10-23T05:46:29,2024-10-23T05:52:09.894961,2024-10-23T06:29:35.388052,CLOSED,,CARRIER-ROUTER-99,False
ALT-CSE-03-04179,CSE-03,MEDIUM,2024-11-14T07:09:33,2024-11-14T07:12:33.266862,2024-11-14T07:56:40.932782,CLOSED,,EDGE-GATEWAY-12,False
ALT-CSE-03-04180,CSE-03,MEDIUM,2024-11-30T01:38:30,2024-11-30T01:48:13.766761,2024-11-30T02:54:39.427088,CLOSED,,5G-AMF-NODE-02,False
ALT-CSE-03-04181,CSE-03,HIGH,2024-12-27T04:05:15,2024-12-27T04:09:54.591500,2024-12-27T05:21:51.556707,CLOSED,,CARRIER-ROUTER-99,False
ALT-CSE-03-04182,CSE-03,CRITICAL,2024-10-18T15:58:09,2024-10-18T16:03:43.695353,2024-10-18T16:52:40.619694,CLOSED,CAS-CSE-03-0485,5G-AMF-NODE-02,False
ALT-CSE-03-04183,CSE-03,HIGH,2024-10-25T17:43:08,2024-10-25T17:49:04.232597,2024-10-25T18:19:13.255656,CLOSED,,5G-CORE-UPF-01,False
ALT-CSE-03-04184,CSE-03,HIGH,2024-12-25T14:35:36,2024-12-25T14:41:33.171571,2024-12-25T15:43:22.205001,CLOSED,,CARRIER-ROUTER-99,False
ALT-CSE-03-04185,CSE-03,HIGH,2024-10-18T17:05:00,2024-10-18T17:13:18.525417,2024-10-18T18:21:42.634244,CLOSED,,5G-AMF-NODE-02,False
ALT-CSE-03-04186,CSE-03,LOW,2024-12-28T02:42:22,2024-12-28T02:44:43.666319,2024-12-28T03:52:43.984568,CLOSED,,5G-CORE-UPF-01,False
ALT-CSE-03-04187,CSE-03,MEDIUM,2024-10-21T20:30:43,2024-10-21T20:38:00.629956,2024-10-21T21:16:11.055471,CLOSED,,5G-CORE-UPF-01,False
ALT-CSE-03-04188,CSE-03,HIGH,2024-12-05T19:36:39,2024-12-05T19:45:16.217844,2024-12-05T20:32:58.301470,CLOSED,,CARRIER-ROUTER-99,False
ALT-CSE-03-04189,CSE-03,MEDIUM,2024-12-14T13:57:03,2024-12-14T14:05:47.851049,2024-12-14T14:46:47.410255,CLOSED,,5G-CORE-UPF-01,False
ALT-CSE-03-04190,CSE-03,LOW,2024-10-13T03:54:27,2024-10-13T03:57:13.548716,2024-10-13T05:00:55.935898,CLOSED,,TELCO-AAA-SRV,False
ALT-CSE-03-04191,CSE-03,HIGH,2024-10-20T05:59:37,2024-10-20T06:04:50.401305,2024-10-20T06:52:28.156235,CLOSED,,5G-AMF-NODE-02,False
ALT-CSE-03-04192,CSE-03,MEDIUM,2024-11-02T21:31:40,2024-11-02T21:37:43.721538,2024-11-02T22:41:51.451222,CLOSED,,CARRIER-ROUTER-99,False
ALT-CSE-03-04193,CSE-03,MEDIUM,2024-11-28T19:30:47,2024-11-28T19:37:23.961099,2024-11-28T20:30:35.622033,CLOSED,,CARRIER-ROUTER-99,False
ALT-CSE-03-04194,CSE-03,LOW,2024-10-12T02:08:07,2024-10-12T02:16:50.017830,2024-10-12T03:17:09.143976,CLOSED,,CARRIER-ROUTER-99,False
ALT-CSE-03-04195,CSE-03,HIGH,2024-10-31T14:27:18,2024-10-31T14:35:06.360552,2024-10-31T15:10:55.177985,CLOSED,,TELCO-AAA-SRV,False
ALT-CSE-03-04196,CSE-03,MEDIUM,2024-10-19T10:28:30,2024-10-19T10:34:25.968954,2024-10-19T11:15:50.314497,CLOSED,,CARRIER-ROUTER-99,False
ALT-CSE-03-04197,CSE-03,LOW,2024-10-16T03:53:24,2024-10-16T03:59:43.979676,2024-10-16T04:28:16.845819,CLOSED,,EDGE-GATEWAY-12,False
ALT-CSE-03-04198,CSE-03,MEDIUM,2024-11-08T05:50:33,2024-11-08T05:53:25.217247,2024-11-08T07:12:48.943863,CLOSED,,TELCO-AAA-SRV,False
ALT-CSE-03-04199,CSE-03,HIGH,2024-12-18T23:39:34,2024-12-18T23:43:57.718764,2024-12-19T00:53:10.731954,CLOSED,,EDGE-GATEWAY-12,False
ALT-CSE-03-04200,CSE-03,CRITICAL,2024-11-02T22:19:12,2024-11-02T22:23:16.603417,2024-11-02T22:55:22.946671,CLOSED,CAS-CSE-03-0486,TELCO-AAA-SRV,False
ALT-CSE-03-04201,CSE-03,CRITICAL,2024-11-04T14:05:49,2024-11-04T14:13:14.133593,2024-11-04T14:50:04.208903,CLOSED,CAS-CSE-03-0487,CARRIER-ROUTER-99,True
ALT-CSE-03-04202,CSE-03,LOW,2024-12-24T14:17:23,2024-12-24T14:22:48.739162,2024-12-24T15:22:44.893415,CLOSED,,TELCO-AAA-SRV,False
ALT-CSE-03-04203,CSE-03,MEDIUM,2024-10-10T06:50:44,2024-10-10T07:00:33.068665,2024-10-10T08:11:47.143543,CLOSED,,TELCO-AAA-SRV,False
ALT-CSE-03-04204,CSE-03,MEDIUM,2024-12-02T04:30:08,2024-12-02T04:38:33.333996,2024-12-02T05:39:40.526978,CLOSED,,EDGE-GATEWAY-12,False
ALT-CSE-03-04205,CSE-03,LOW,2024-11-14T11:16:17,2024-11-14T11:21:08.103523,2024-11-14T11:58:41.629068,CLOSED,,5G-CORE-UPF-01,False
ALT-CSE-03-04206,CSE-03,HIGH,2024-10-25T02:30:46,2024-10-25T02:34:51.136534,2024-10-25T03:20:52.800639,CLOSED,,EDGE-GATEWAY-12,False
ALT-CSE-03-04207,CSE-03,HIGH,2024-10-30T07:39:36,2024-10-30T07:46:56.020829,2024-10-30T08:27:29.179873,CLOSED,,5G-CORE-UPF-01,False
ALT-CSE-03-04208,CSE-03,HIGH,2024-11-21T15:23:49,2024-11-21T15:27:02.693078,2024-11-21T16:32:35.345218,CLOSED,,5G-CORE-UPF-01,False
ALT-CSE-03-04209,CSE-03,MEDIUM,2024-10-30T01:30:09,2024-10-30T01:36:02.730484,2024-10-30T02:02:08.940492,CLOSED,,EDGE-GATEWAY-12,False
ALT-CSE-03-04210,CSE-03,MEDIUM,2024-11-09T15:22:32,2024-11-09T15:32:22.624348,2024-11-09T16:37:34.950716,CLOSED,,TELCO-AAA-SRV,False
ALT-CSE-03-04211,CSE-03,CRITICAL,2024-10-27T12:30:43,2024-10-27T12:37:13.990479,2024-10-27T13:30:51.988186,CLOSED,CAS-CSE-03-0488,CARRIER-ROUTER-99,False
ALT-CSE-03-04212,CSE-03,CRITICAL,2024-11-07T01:52:14,2024-11-07T01:58:07.164078,2024-11-07T02:54:08.030331,CLOSED,CAS-CSE-03-0489,EDGE-GATEWAY-12,False
ALT-CSE-03-04213,CSE-03,MEDIUM,2024-11-06T01:57:08,2024-11-06T02:04:30.677763,2024-11-06T03:13:45.445788,CLOSED,,5G-CORE-UPF-01,False
ALT-CSE-03-04214,CSE-03,LOW,2024-12-02T09:23:56,2024-12-02T09:30:41.797532,2024-12-02T10:44:50.961545,CLOSED,,5G-AMF-NODE-02,False
ALT-CSE-03-04215,CSE-03,LOW,2024-12-02T01:23:03,2024-12-02T01:30:16.009610,2024-12-02T02:01:49.540253,CLOSED,,5G-CORE-UPF-01,False
ALT-CSE-03-04216,CSE-03,MEDIUM,2024-10-22T19:34:00,2024-10-22T19:36:40.341646,2024-10-22T20:44:20.714722,CLOSED,,TELCO-AAA-SRV,False
ALT-CSE-03-04217,CSE-03,MEDIUM,2024-11-19T23:17:47,2024-11-19T23:23:09.468827,2024-11-20T00:25:43.428402,CLOSED,,CARRIER-ROUTER-99,False
ALT-CSE-03-04218,CSE-03,LOW,2024-11-13T11:57:00,2024-11-13T12:03:11.602789,2024-11-13T12:51:01.541919,CLOSED,,EDGE-GATEWAY-12,False
ALT-CSE-03-04219,CSE-03,LOW,2024-10-20T08:39:16,2024-10-20T08:42:18.954561,2024-10-20T09:34:25.790851,CLOSED,,EDGE-GATEWAY-12,False
ALT-CSE-03-04220,CSE-03,CRITICAL,2024-10-10T10:19:41,2024-10-10T10:24:54.883538,2024-10-10T11:03:36.748373,CLOSED,,EDGE-GATEWAY-12,False
ALT-CSE-03-04221,CSE-03,LOW,2024-11-08T05:49:51,2024-11-08T05:57:52.397229,2024-11-08T06:47:14.755291,CLOSED,,5G-CORE-UPF-01,False
ALT-CSE-03-04222,CSE-03,MEDIUM,2024-12-14T00:54:26,2024-12-14T01:00:10.130384,2024-12-14T01:27:33.686453,CLOSED,,5G-CORE-UPF-01,False
ALT-CSE-03-04223,CSE-03,HIGH,2024-12-09T21:54:38,2024-12-09T22:01:12.314124,2024-12-09T23:01:39.788781,CLOSED,,5G-CORE-UPF-01,False
ALT-CSE-03-04224,CSE-03,MEDIUM,2024-10-27T09:29:40,2024-10-27T09:32:17.077593,2024-10-27T10:03:13.136637,CLOSED,,EDGE-GATEWAY-12,False
ALT-CSE-03-04225,CSE-03,MEDIUM,2024-12-09T16:34:36,2024-12-09T16:43:42.071150,2024-12-09T17:37:41.199536,CLOSED,,CARRIER-ROUTER-99,False
ALT-CSE-03-04226,CSE-03,MEDIUM,2024-10-12T18:50:40,2024-10-12T18:59:26.327894,2024-10-12T20:10:59.958137,CLOSED,,CARRIER-ROUTER-99,False
ALT-CSE-03-04227,CSE-03,HIGH,2024-10-08T18:10:25,2024-10-08T18:14:54.522009,2024-10-08T18:48:13.138885,CLOSED,,5G-CORE-UPF-01,False
ALT-CSE-03-04228,CSE-03,HIGH,2024-10-08T22:47:18,2024-10-08T22:57:11.006416,2024-10-09T00:03:12.419879,CLOSED,,CARRIER-ROUTER-99,False
ALT-CSE-03-04229,CSE-03,LOW,2024-12-22T04:49:38,2024-12-22T04:58:02.935419,2024-12-22T05:50:44.845895,CLOSED,,5G-AMF-NODE-02,False
ALT-CSE-03-04230,CSE-03,MEDIUM,2024-10-03T21:47:46,2024-10-03T21:54:14.602416,2024-10-03T22:20:29.200443,CLOSED,,5G-AMF-NODE-02,False
ALT-CSE-03-04231,CSE-03,HIGH,2024-12-06T08:38:54,2024-12-06T08:43:06.522333,2024-12-06T09:58:52.642574,CLOSED,,5G-CORE-UPF-01,False
ALT-CSE-03-04232,CSE-03,CRITICAL,2024-10-31T05:35:15,2024-10-31T05:42:25.071837,2024-10-31T06:37:16.896720,CLOSED,CAS-CSE-03-0490,5G-AMF-NODE-02,False
ALT-CSE-03-04233,CSE-03,MEDIUM,2024-11-04T19:59:37,2024-11-04T20:03:41.586451,2024-11-04T21:05:37.757444,CLOSED,,EDGE-GATEWAY-12,False
ALT-CSE-03-04234,CSE-03,MEDIUM,2024-12-02T02:38:26,2024-12-02T02:44:05.633032,2024-12-02T03:18:15.694422,CLOSED,,5G-AMF-NODE-02,False
ALT-CSE-03-04235,CSE-03,CRITICAL,2024-11-02T12:28:56,2024-11-02T12:31:21.241659,2024-11-02T13:02:51.274904,CLOSED,CAS-CSE-03-0491,CARRIER-ROUTER-99,False
ALT-CSE-03-04236,CSE-03,LOW,2024-12-15T03:37:36,2024-12-15T03:40:38.065161,2024-12-15T04:39:23.878353,CLOSED,,TELCO-AAA-SRV,False
ALT-CSE-03-04237,CSE-03,MEDIUM,2024-10-21T16:09:04,2024-10-21T16:13:38.654578,2024-10-21T17:15:57.483408,CLOSED,,TELCO-AAA-SRV,False
ALT-CSE-03-04238,CSE-03,HIGH,2024-12-12T09:23:19,2024-12-12T09:30:32.501455,2024-12-12T10:02:02.870080,CLOSED,,EDGE-GATEWAY-12,False
ALT-CSE-03-04239,CSE-03,LOW,2024-10-28T04:13:13,2024-10-28T04:21:41.007113,2024-10-28T05:10:52.002005,CLOSED,,TELCO-AAA-SRV,False
ALT-CSE-03-04240,CSE-03,MEDIUM,2024-11-30T11:40:51,2024-11-30T11:48:09.158398,2024-11-30T12:40:25.483303,CLOSED,,TELCO-AAA-SRV,False
ALT-CSE-03-04241,CSE-03,HIGH,2024-12-14T06:37:03,2024-12-14T06:46:39.529929,2024-12-14T07:45:13.076911,CLOSED,,5G-AMF-NODE-02,False
ALT-CSE-03-04242,CSE-03,CRITICAL,2024-10-24T02:15:17,2024-10-24T02:19:32.224167,2024-10-24T03:06:09.609620,CLOSED,CAS-CSE-03-0492,TELCO-AAA-SRV,False
ALT-CSE-03-04243,CSE-03,CRITICAL,2024-11-08T01:08:13,2024-11-08T01:11:23.183266,2024-11-08T01:46:05.550229,CLOSED,CAS-CSE-03-0493,5G-AMF-NODE-02,False
ALT-CSE-03-04244,CSE-03,MEDIUM,2024-10-11T18:22:53,2024-10-11T18:26:50.975135,2024-10-11T19:45:20.300450,CLOSED,,EDGE-GATEWAY-12,False
ALT-CSE-03-04245,CSE-03,LOW,2024-11-21T19:37:46,2024-11-21T19:43:33.629924,2024-11-21T20:46:40.485980,CLOSED,,TELCO-AAA-SRV,False
ALT-CSE-03-04246,CSE-03,CRITICAL,2024-12-21T23:39:08,2024-12-21T23:44:35.577344,2024-12-22T00:55:11.481349,CLOSED,CAS-CSE-03-0494,CARRIER-ROUTER-99,False
ALT-CSE-03-04247,CSE-03,MEDIUM,2024-10-05T08:09:25,2024-10-05T08:17:19.459199,2024-10-05T08:42:18.979097,CLOSED,,TELCO-AAA-SRV,False
ALT-CSE-03-04248,CSE-03,HIGH,2024-10-12T10:38:05,2024-10-12T10:42:13.121870,2024-10-12T11:39:37.036788,CLOSED,,5G-AMF-NODE-02,False
ALT-CSE-03-04249,CSE-03,LOW,2024-12-16T20:38:58,2024-12-16T20:45:04.016066,2024-12-16T21:58:03.097128,CLOSED,,CARRIER-ROUTER-99,False
ALT-CSE-03-04250,CSE-03,MEDIUM,2024-10-05T06:51:41,2024-10-05T06:54:39.743430,2024-10-05T08:06:01.233188,CLOSED,,EDGE-GATEWAY-12,False
ALT-CSE-03-04251,CSE-03,HIGH,2024-12-29T03:05:03,2024-12-29T03:13:08.243219,2024-12-29T04:00:02.916129,CLOSED,,EDGE-GATEWAY-12,False
ALT-CSE-03-04252,CSE-03,MEDIUM,2024-10-23T09:50:26,2024-10-23T09:58:17.991057,2024-10-23T10:37:18.809804,CLOSED,,TELCO-AAA-SRV,False
ALT-CSE-03-04253,CSE-03,LOW,2024-12-17T13:30:45,2024-12-17T13:34:28.379193,2024-12-17T14:12:15.406748,CLOSED,,5G-AMF-NODE-02,False
ALT-CSE-03-04254,CSE-03,MEDIUM,2024-10-08T08:40:53,2024-10-08T08:49:52.760667,2024-10-08T09:42:16.180751,CLOSED,,5G-AMF-NODE-02,False
ALT-CSE-03-04255,CSE-03,HIGH,2024-12-11T00:34:42,2024-12-11T00:36:52.364053,2024-12-11T01:47:51.315699,CLOSED,,TELCO-AAA-SRV,False
ALT-CSE-03-04256,CSE-03,LOW,2024-12-01T09:33:17,2024-12-01T09:38:15.148821,2024-12-01T10:27:23.654081,CLOSED,,CARRIER-ROUTER-99,False
ALT-CSE-03-04257,CSE-03,LOW,2024-12-24T05:13:40,2024-12-24T05:23:26.402552,2024-12-24T06:35:42.934982,CLOSED,,5G-AMF-NODE-02,False
ALT-CSE-03-04258,CSE-03,LOW,2024-11-21T22:46:43,2024-11-21T22:50:18.855200,2024-11-21T23:57:13.457446,CLOSED,,5G-CORE-UPF-01,False
ALT-CSE-03-04259,CSE-03,MEDIUM,2024-11-13T21:30:08,2024-11-13T21:32:46.188189,2024-11-13T22:04:08.168672,CLOSED,,TELCO-AAA-SRV,False
ALT-CSE-03-04260,CSE-03,HIGH,2024-12-25T11:16:25,2024-12-25T11:22:46.359149,2024-12-25T12:11:30.148552,CLOSED,,5G-CORE-UPF-01,False
ALT-CSE-03-04261,CSE-03,MEDIUM,2024-10-04T19:35:57,2024-10-04T19:39:57.642142,2024-10-04T20:28:42.483634,CLOSED,,CARRIER-ROUTER-99,False
ALT-CSE-03-04262,CSE-03,HIGH,2024-10-31T19:52:09,2024-10-31T19:57:37.369826,2024-10-31T20:34:18.574803,CLOSED,,5G-AMF-NODE-02,False
ALT-CSE-03-04263,CSE-03,MEDIUM,2024-12-08T13:10:18,2024-12-08T13:16:42.905897,2024-12-08T14:21:50.638583,CLOSED,,5G-AMF-NODE-02,False
ALT-CSE-03-04264,CSE-03,LOW,2024-10-14T21:07:14,2024-10-14T21:15:36.214347,2024-10-14T22:21:50.006204,CLOSED,,5G-AMF-NODE-02,False
ALT-CSE-03-04265,CSE-03,HIGH,2024-10-06T15:25:26,2024-10-06T15:34:40.547173,2024-10-06T16:48:40.625463,CLOSED,,5G-CORE-UPF-01,False
ALT-CSE-03-04266,CSE-03,HIGH,2024-11-27T17:12:39,2024-11-27T17:20:38.789740,2024-11-27T18:35:51.621502,CLOSED,,5G-AMF-NODE-02,False
ALT-CSE-03-04267,CSE-03,LOW,2024-10-30T08:16:16,2024-10-30T08:23:24.484176,2024-10-30T09:10:47.721811,CLOSED,,5G-AMF-NODE-02,False
ALT-CSE-03-04268,CSE-03,MEDIUM,2024-10-05T11:04:29,2024-10-05T11:13:48.415477,2024-10-05T11:39:34.310566,CLOSED,,5G-AMF-NODE-02,False
ALT-CSE-03-04269,CSE-03,HIGH,2024-12-14T23:05:07,2024-12-14T23:10:41.731398,2024-12-15T00:13:42.285104,CLOSED,,5G-AMF-NODE-02,False
ALT-CSE-03-04270,CSE-03,MEDIUM,2024-12-01T03:32:42,2024-12-01T03:38:28.152362,2024-12-01T04:43:12.944214,CLOSED,,EDGE-GATEWAY-12,False
ALT-CSE-03-04271,CSE-03,CRITICAL,2024-10-18T08:27:57,2024-10-18T08:34:45.167929,2024-10-18T09:30:22.864510,CLOSED,CAS-CSE-03-0495,5G-CORE-UPF-01,True
ALT-CSE-03-04272,CSE-03,CRITICAL,2024-10-21T07:18:26,2024-10-21T07:23:59.091203,2024-10-21T08:29:21.827499,CLOSED,CAS-CSE-03-0496,5G-CORE-UPF-01,False
ALT-CSE-03-04273,CSE-03,MEDIUM,2024-12-26T07:19:02,2024-12-26T07:23:36.489217,2024-12-26T08:39:51.194961,CLOSED,,TELCO-AAA-SRV,False
ALT-CSE-03-04274,CSE-03,MEDIUM,2024-11-28T10:35:24,2024-11-28T10:42:30.485203,2024-11-28T11:56:17.173868,CLOSED,,5G-CORE-UPF-01,False
ALT-CSE-03-04275,CSE-03,LOW,2024-11-28T15:23:00,2024-11-28T15:26:14.599012,2024-11-28T16:00:23.838955,CLOSED,,TELCO-AAA-SRV,False
ALT-CSE-03-04276,CSE-03,MEDIUM,2024-12-12T16:28:08,2024-12-12T16:32:37.829600,2024-12-12T17:11:18.486696,CLOSED,,5G-AMF-NODE-02,False
ALT-CSE-03-04277,CSE-03,LOW,2024-11-24T11:08:45,2024-11-24T11:12:32.646675,2024-11-24T11:51:52.333202,CLOSED,,5G-CORE-UPF-01,False
ALT-CSE-03-04278,CSE-03,MEDIUM,2024-12-09T08:20:26,2024-12-09T08:27:54.890968,2024-12-09T09:42:06.877999,CLOSED,,EDGE-GATEWAY-12,False
ALT-CSE-03-04279,CSE-03,HIGH,2024-10-23T19:59:20,2024-10-23T20:08:40.557782,2024-10-23T21:10:33.533893,CLOSED,,5G-AMF-NODE-02,False
ALT-CSE-03-04280,CSE-03,LOW,2024-11-09T06:45:15,2024-11-09T06:47:48.675961,2024-11-09T07:54:49.070094,CLOSED,,5G-CORE-UPF-01,False
ALT-CSE-03-04281,CSE-03,HIGH,2024-12-05T08:43:18,2024-12-05T08:48:36.743177,2024-12-05T09:46:37.232389,CLOSED,,TELCO-AAA-SRV,False
ALT-CSE-03-04282,CSE-03,CRITICAL,2024-12-05T00:19:17,2024-12-05T00:27:02.617038,2024-12-05T01:18:45.590812,CLOSED,CAS-CSE-03-0497,TELCO-AAA-SRV,False
ALT-CSE-03-04283,CSE-03,MEDIUM,2024-11-29T04:20:43,2024-11-29T04:27:32.139851,2024-11-29T05:27:05.826004,CLOSED,,5G-AMF-NODE-02,False
ALT-CSE-03-04284,CSE-03,LOW,2024-12-26T18:37:05,2024-12-26T18:45:25.720253,2024-12-26T19:17:13.481918,CLOSED,,5G-AMF-NODE-02,False
ALT-CSE-03-04285,CSE-03,CRITICAL,2024-11-30T05:41:48,2024-11-30T05:47:43.406924,2024-11-30T06:39:33.150816,CLOSED,,CARRIER-ROUTER-99,False
ALT-CSE-03-04286,CSE-03,MEDIUM,2024-11-20T17:48:05,2024-11-20T17:58:00.180777,2024-11-20T18:29:39.152580,CLOSED,,5G-AMF-NODE-02,False
ALT-CSE-03-04287,CSE-03,CRITICAL,2024-12-28T00:43:18,2024-12-28T00:51:39.375833,2024-12-28T02:08:03.789861,CLOSED,CAS-CSE-03-0498,5G-CORE-UPF-01,False
ALT-CSE-03-04288,CSE-03,LOW,2024-11-16T16:17:39,2024-11-16T16:20:54.988713,2024-11-16T16:55:47.132445,CLOSED,,5G-AMF-NODE-02,False
ALT-CSE-03-04289,CSE-03,MEDIUM,2024-12-25T14:58:05,2024-12-25T15:06:52.709384,2024-12-25T16:18:29.670842,CLOSED,,TELCO-AAA-SRV,False
ALT-CSE-03-04290,CSE-03,HIGH,2024-12-11T21:11:23,2024-12-11T21:16:54.110490,2024-12-11T21:54:25.127396,CLOSED,CAS-CSE-03-0499,CARRIER-ROUTER-99,False
ALT-CSE-03-04291,CSE-03,HIGH,2024-11-19T09:56:54,2024-11-19T10:06:28.327274,2024-11-19T10:38:05.388185,CLOSED,,CARRIER-ROUTER-99,False
ALT-CSE-03-04292,CSE-03,HIGH,2024-11-02T22:36:08,2024-11-02T22:40:07.113879,2024-11-02T23:22:10.255134,CLOSED,,CARRIER-ROUTER-99,False
ALT-CSE-03-04293,CSE-03,CRITICAL,2024-11-18T03:35:56,2024-11-18T03:41:56.561252,2024-11-18T04:36:07.474897,CLOSED,CAS-CSE-03-0500,5G-AMF-NODE-02,False
ALT-CSE-03-04294,CSE-03,MEDIUM,2024-11-19T05:08:39,2024-11-19T05:16:00.764802,2024-11-19T05:49:05.373274,CLOSED,,5G-CORE-UPF-01,False
ALT-CSE-03-04295,CSE-03,MEDIUM,2024-11-06T07:54:47,2024-11-06T08:00:17.802874,2024-11-06T08:28:33.104785,CLOSED,,5G-CORE-UPF-01,False
ALT-CSE-03-04296,CSE-03,CRITICAL,2024-12-02T06:11:09,2024-12-02T06:15:04.211641,2024-12-02T07:13:45.112426,CLOSED,,5G-AMF-NODE-02,False
ALT-CSE-03-04297,CSE-03,LOW,2024-10-24T06:51:13,2024-10-24T07:00:58.301435,2024-10-24T08:10:43.901501,CLOSED,,5G-CORE-UPF-01,False
ALT-CSE-03-04298,CSE-03,MEDIUM,2024-12-23T23:46:21,2024-12-23T23:49:34.214614,2024-12-24T01:03:06.413441,CLOSED,,5G-AMF-NODE-02,False
ALT-CSE-03-04299,CSE-03,HIGH,2024-11-01T06:22:28,2024-11-01T06:29:19.322666,2024-11-01T07:13:55.143152,CLOSED,CAS-CSE-03-0501,TELCO-AAA-SRV,False
ALT-CSE-03-04300,CSE-03,LOW,2024-10-29T11:44:37,2024-10-29T11:48:52.174390,2024-10-29T12:18:15.585427,CLOSED,,EDGE-GATEWAY-12,False
ALT-CSE-03-04301,CSE-03,MEDIUM,2024-12-16T03:03:20,2024-12-16T03:09:04.651112,2024-12-16T03:57:05.321414,CLOSED,,EDGE-GATEWAY-12,False
ALT-CSE-03-04302,CSE-03,MEDIUM,2024-10-09T11:40:41,2024-10-09T11:48:12.095777,2024-10-09T13:01:37.693447,CLOSED,,EDGE-GATEWAY-12,False
ALT-CSE-03-04303,CSE-03,MEDIUM,2024-10-19T03:40:17,2024-10-19T03:46:47.244074,2024-10-19T04:33:13.238512,CLOSED,,5G-CORE-UPF-01,False
ALT-CSE-03-04304,CSE-03,HIGH,2024-12-14T14:29:13,2024-12-14T14:35:54.621184,2024-12-14T15:19:23.978826,CLOSED,,5G-CORE-UPF-01,False
ALT-CSE-03-04305,CSE-03,CRITICAL,2024-10-10T01:50:34,2024-10-10T01:58:04.485448,2024-10-10T03:09:33.117361,CLOSED,CAS-CSE-03-0502,5G-AMF-NODE-02,False
ALT-CSE-03-04306,CSE-03,HIGH,2024-11-27T12:10:31,2024-11-27T12:17:36.021164,2024-11-27T12:52:09.277561,CLOSED,,5G-CORE-UPF-01,False
ALT-CSE-03-04307,CSE-03,CRITICAL,2024-11-10T03:41:16,2024-11-10T03:47:43.619097,2024-11-10T04:57:44.392695,CLOSED,CAS-CSE-03-0503,EDGE-GATEWAY-12,True
ALT-CSE-03-04308,CSE-03,MEDIUM,2024-10-05T01:59:51,2024-10-05T02:04:19.797968,2024-10-05T03:19:52.101077,CLOSED,,5G-CORE-UPF-01,False
ALT-CSE-03-04309,CSE-03,LOW,2024-10-27T15:10:08,2024-10-27T15:15:29.076758,2024-10-27T15:41:27.394136,CLOSED,,5G-CORE-UPF-01,False
ALT-CSE-03-04310,CSE-03,MEDIUM,2024-12-02T10:47:48,2024-12-02T10:54:56.910694,2024-12-02T11:58:31.804006,CLOSED,,5G-CORE-UPF-01,False
ALT-CSE-03-04311,CSE-03,MEDIUM,2024-12-28T23:36:04,2024-12-28T23:38:10.896989,2024-12-29T00:20:19.563384,CLOSED,,5G-CORE-UPF-01,False
ALT-CSE-03-04312,CSE-03,LOW,2024-11-16T13:00:29,2024-11-16T13:04:10.129000,2024-11-16T13:31:41.128518,CLOSED,,EDGE-GATEWAY-12,False
ALT-CSE-03-04313,CSE-03,LOW,2024-11-24T06:20:38,2024-11-24T06:26:58.655448,2024-11-24T07:14:54.071766,CLOSED,,5G-AMF-NODE-02,False
ALT-CSE-03-04314,CSE-03,MEDIUM,2024-10-16T15:18:21,2024-10-16T15:21:40.393651,2024-10-16T16:29:30.626051,CLOSED,,CARRIER-ROUTER-99,False
ALT-CSE-03-04315,CSE-03,HIGH,2024-10-23T14:46:10,2024-10-23T14:50:00.749317,2024-10-23T15:26:43.656662,CLOSED,,5G-CORE-UPF-01,False
ALT-CSE-03-04316,CSE-03,LOW,2024-12-06T08:16:14,2024-12-06T08:25:36.737129,2024-12-06T08:49:30.711487,CLOSED,,TELCO-AAA-SRV,False
ALT-CSE-03-04317,CSE-03,MEDIUM,2024-10-02T11:07:37,2024-10-02T11:09:50.486069,2024-10-02T11:50:44.732894,CLOSED,,5G-AMF-NODE-02,False
ALT-CSE-03-04318,CSE-03,HIGH,2024-10-14T12:48:58,2024-10-14T12:52:33.187426,2024-10-14T14:03:13.420433,CLOSED,,TELCO-AAA-SRV,False
ALT-CSE-03-04319,CSE-03,HIGH,2024-10-31T02:50:21,2024-10-31T02:57:42.231079,2024-10-31T04:01:08.384463,CLOSED,,CARRIER-ROUTER-99,False
ALT-CSE-03-04320,CSE-03,MEDIUM,2024-10-06T04:11:08,2024-10-06T04:20:17.062460,2024-10-06T05:32:45.945606,CLOSED,,EDGE-GATEWAY-12,False
ALT-CSE-03-04321,CSE-03,HIGH,2024-11-19T06:35:10,2024-11-19T06:45:07.732676,2024-11-19T07:52:04.562374,CLOSED,,TELCO-AAA-SRV,False
ALT-CSE-03-04322,CSE-03,CRITICAL,2024-10-22T19:42:26,2024-10-22T19:47:10.012378,2024-10-22T20:27:48.827779,CLOSED,,CARRIER-ROUTER-99,False
ALT-CSE-03-04323,CSE-03,MEDIUM,2024-10-11T21:40:54,2024-10-11T21:48:37.284898,2024-10-11T22:46:31.903786,CLOSED,,EDGE-GATEWAY-12,False
ALT-CSE-03-04324,CSE-03,MEDIUM,2024-12-21T14:48:40,2024-12-21T14:53:07.549480,2024-12-21T15:37:41.682199,CLOSED,,CARRIER-ROUTER-99,False
ALT-CSE-03-04325,CSE-03,MEDIUM,2024-10-28T19:14:53,2024-10-28T19:22:05.465582,2024-10-28T20:19:19.448371,CLOSED,,5G-AMF-NODE-02,False
ALT-CSE-03-04326,CSE-03,HIGH,2024-10-23T09:16:52,2024-10-23T09:19:19.098309,2024-10-23T10:31:46.940118,CLOSED,,5G-CORE-UPF-01,False
ALT-CSE-03-04327,CSE-03,MEDIUM,2024-12-21T19:03:57,2024-12-21T19:13:17.704693,2024-12-21T19:52:35.417441,CLOSED,,5G-CORE-UPF-01,False
ALT-CSE-03-04328,CSE-03,MEDIUM,2024-11-04T23:36:33,2024-11-04T23:43:51.067934,2024-11-05T01:00:45.262348,CLOSED,,5G-AMF-NODE-02,False
ALT-CSE-03-04329,CSE-03,HIGH,2024-12-22T23:26:09,2024-12-22T23:35:08.067365,2024-12-23T00:03:02.923941,CLOSED,,EDGE-GATEWAY-12,False
ALT-CSE-03-04330,CSE-03,MEDIUM,2024-12-11T05:41:04,2024-12-11T05:49:03.590364,2024-12-11T06:55:16.595759,CLOSED,,CARRIER-ROUTER-99,False
ALT-CSE-03-04331,CSE-03,MEDIUM,2024-11-25T06:47:56,2024-11-25T06:55:10.265940,2024-11-25T08:00:04.391994,CLOSED,,5G-AMF-NODE-02,False
ALT-CSE-03-04332,CSE-03,MEDIUM,2024-10-20T00:18:56,2024-10-20T00:22:50.339896,2024-10-20T00:52:37.796385,CLOSED,,EDGE-GATEWAY-12,False
ALT-CSE-03-04333,CSE-03,LOW,2024-12-07T16:33:19,2024-12-07T16:39:33.573391,2024-12-07T17:44:04.655807,CLOSED,,CARRIER-ROUTER-99,False
ALT-CSE-03-04334,CSE-03,HIGH,2024-12-15T07:35:51,2024-12-15T07:42:15.678359,2024-12-15T08:53:34.008104,CLOSED,CAS-CSE-03-0504,5G-CORE-UPF-01,True
ALT-CSE-03-04335,CSE-03,MEDIUM,2024-10-02T18:01:59,2024-10-02T18:06:58.621988,2024-10-02T19:01:54.148851,CLOSED,,CARRIER-ROUTER-99,False
ALT-CSE-03-04336,CSE-03,LOW,2024-12-19T07:18:12,2024-12-19T07:25:35.609604,2024-12-19T08:19:54.624289,CLOSED,,5G-AMF-NODE-02,False
ALT-CSE-03-04337,CSE-03,MEDIUM,2024-11-05T21:10:17,2024-11-05T21:12:48.352843,2024-11-05T22:27:29.849830,CLOSED,,CARRIER-ROUTER-99,False
ALT-CSE-03-04338,CSE-03,MEDIUM,2024-10-08T09:07:48,2024-10-08T09:14:10.151449,2024-10-08T10:15:22.801753,CLOSED,,EDGE-GATEWAY-12,False
ALT-CSE-03-04339,CSE-03,CRITICAL,2024-11-12T05:04:57,2024-11-12T05:07:51.385027,2024-11-12T05:44:08.897882,CLOSED,CAS-CSE-03-0505,TELCO-AAA-SRV,False
ALT-CSE-03-04340,CSE-03,MEDIUM,2024-11-19T04:06:08,2024-11-19T04:15:33.928014,2024-11-19T04:51:13.994440,CLOSED,,5G-CORE-UPF-01,False
ALT-CSE-03-04341,CSE-03,MEDIUM,2024-11-13T04:30:44,2024-11-13T04:39:02.342705,2024-11-13T05:44:49.190453,CLOSED,,TELCO-AAA-SRV,False
ALT-CSE-03-04342,CSE-03,MEDIUM,2024-10-10T17:00:29,2024-10-10T17:08:22.274068,2024-10-10T18:01:22.313676,CLOSED,,5G-AMF-NODE-02,False
ALT-CSE-03-04343,CSE-03,LOW,2024-12-22T23:00:43,2024-12-22T23:10:08.582965,2024-12-23T00:14:59.973992,CLOSED,,CARRIER-ROUTER-99,False
ALT-CSE-03-04344,CSE-03,LOW,2024-12-10T12:14:42,2024-12-10T12:21:13.140151,2024-12-10T12:55:51.610917,CLOSED,,5G-CORE-UPF-01,False
ALT-CSE-03-04345,CSE-03,MEDIUM,2024-10-22T12:15:17,2024-10-22T12:22:29.249759,2024-10-22T12:58:32.515367,CLOSED,,EDGE-GATEWAY-12,False
ALT-CSE-03-04346,CSE-03,LOW,2024-12-23T20:34:56,2024-12-23T20:44:20.826617,2024-12-23T21:16:02.738155,CLOSED,,TELCO-AAA-SRV,False
ALT-CSE-03-04347,CSE-03,LOW,2024-10-13T17:53:15,2024-10-13T18:01:47.262322,2024-10-13T19:14:42.169554,CLOSED,,EDGE-GATEWAY-12,False
ALT-CSE-03-04348,CSE-03,MEDIUM,2024-12-17T06:27:55,2024-12-17T06:31:23.766083,2024-12-17T07:34:15.836486,CLOSED,,CARRIER-ROUTER-99,False
ALT-CSE-03-04349,CSE-03,LOW,2024-12-27T03:37:30,2024-12-27T03:46:40.790340,2024-12-27T04:44:23.441094,CLOSED,,5G-CORE-UPF-01,False
ALT-CSE-03-04350,CSE-03,HIGH,2024-11-25T17:13:07,2024-11-25T17:16:41.714875,2024-11-25T18:29:16.221806,CLOSED,,EDGE-GATEWAY-12,False
ALT-CSE-03-04351,CSE-03,CRITICAL,2024-10-23T03:12:19,2024-10-23T03:17:03.955747,2024-10-23T04:17:27.841125,CLOSED,CAS-CSE-03-0506,CARRIER-ROUTER-99,False
ALT-CSE-03-04352,CSE-03,CRITICAL,2024-12-05T03:29:08,2024-12-05T03:35:22.649344,2024-12-05T04:26:08.388659,CLOSED,,TELCO-AAA-SRV,False
ALT-CSE-03-04353,CSE-03,LOW,2024-11-20T04:14:04,2024-11-20T04:21:50.803565,2024-11-20T05:31:54.213557,CLOSED,,5G-AMF-NODE-02,False
ALT-CSE-03-04354,CSE-03,HIGH,2024-11-30T23:59:06,2024-12-01T00:05:35.387816,2024-12-01T01:06:08.924759,CLOSED,,5G-AMF-NODE-02,False
ALT-CSE-03-04355,CSE-03,LOW,2024-10-31T04:11:51,2024-10-31T04:15:17.998330,2024-10-31T05:16:49.685162,CLOSED,,EDGE-GATEWAY-12,False
ALT-CSE-03-04356,CSE-03,HIGH,2024-11-21T16:46:08,2024-11-21T16:53:48.370713,2024-11-21T17:32:27.939542,CLOSED,,5G-AMF-NODE-02,False
ALT-CSE-03-04357,CSE-03,LOW,2024-12-08T21:11:12,2024-12-08T21:15:25.649314,2024-12-08T21:56:54.009440,CLOSED,,TELCO-AAA-SRV,False
ALT-CSE-03-04358,CSE-03,MEDIUM,2024-10-19T03:31:55,2024-10-19T03:37:47.761096,2024-10-19T04:36:06.142478,CLOSED,,EDGE-GATEWAY-12,False
ALT-CSE-03-04359,CSE-03,LOW,2024-12-18T23:00:46,2024-12-18T23:08:42.995675,2024-12-18T23:41:41.812111,CLOSED,,5G-AMF-NODE-02,False
ALT-CSE-03-04360,CSE-03,CRITICAL,2024-11-05T19:07:56,2024-11-05T19:16:33.773171,2024-11-05T20:23:54.079489,CLOSED,,TELCO-AAA-SRV,False
ALT-CSE-03-04361,CSE-03,CRITICAL,2024-10-25T08:53:32,2024-10-25T09:02:02.194697,2024-10-25T10:11:14.633180,CLOSED,CAS-CSE-03-0507,CARRIER-ROUTER-99,False
ALT-CSE-03-04362,CSE-03,HIGH,2024-11-30T12:51:52,2024-11-30T12:56:02.776481,2024-11-30T13:28:00.344440,CLOSED,,EDGE-GATEWAY-12,False
ALT-CSE-03-04363,CSE-03,LOW,2024-12-20T13:26:48,2024-12-20T13:29:56.638125,2024-12-20T14:18:12.216874,CLOSED,,TELCO-AAA-SRV,False
ALT-CSE-03-04364,CSE-03,HIGH,2024-10-22T09:46:45,2024-10-22T09:50:39.741764,2024-10-22T10:43:50.175400,CLOSED,,5G-CORE-UPF-01,False
ALT-CSE-03-04365,CSE-03,LOW,2024-12-01T05:33:29,2024-12-01T05:42:53.088529,2024-12-01T06:11:20.171379,CLOSED,,5G-CORE-UPF-01,False
ALT-CSE-03-04366,CSE-03,HIGH,2024-10-02T22:51:58,2024-10-02T22:54:22.312810,2024-10-02T23:27:48.690062,CLOSED,,5G-CORE-UPF-01,False
ALT-CSE-03-04367,CSE-03,HIGH,2024-10-09T19:35:59,2024-10-09T19:38:32.710983,2024-10-09T20:41:20.544699,CLOSED,CAS-CSE-03-0508,TELCO-AAA-SRV,False
ALT-CSE-03-04368,CSE-03,MEDIUM,2024-11-12T10:09:07,2024-11-12T10:12:27.744348,2024-11-12T11:25:58.189427,CLOSED,,5G-AMF-NODE-02,False
ALT-CSE-03-04369,CSE-03,HIGH,2024-10-30T16:13:55,2024-10-30T16:21:49.952371,2024-10-30T17:35:52.302035,CLOSED,,5G-CORE-UPF-01,False
ALT-CSE-03-04370,CSE-03,HIGH,2024-10-30T05:43:35,2024-10-30T05:52:59.752863,2024-10-30T07:04:48.184932,CLOSED,,TELCO-AAA-SRV,False
ALT-CSE-03-04371,CSE-03,LOW,2024-12-26T15:38:35,2024-12-26T15:43:25.176388,2024-12-26T16:52:11.160947,CLOSED,,5G-AMF-NODE-02,False
ALT-CSE-03-04372,CSE-03,LOW,2024-11-23T20:19:19,2024-11-23T20:22:28.833610,2024-11-23T21:24:15.198398,CLOSED,,EDGE-GATEWAY-12,False
ALT-CSE-03-04373,CSE-03,CRITICAL,2024-11-08T06:25:45,2024-11-08T06:28:23.488037,2024-11-08T07:47:51.878102,CLOSED,CAS-CSE-03-0509,EDGE-GATEWAY-12,False
ALT-CSE-03-04374,CSE-03,MEDIUM,2024-12-15T01:23:44,2024-12-15T01:25:57.845847,2024-12-15T02:06:08.926310,CLOSED,,5G-AMF-NODE-02,False
ALT-CSE-03-04375,CSE-03,LOW,2024-10-12T20:22:30,2024-10-12T20:26:57.635073,2024-10-12T21:04:46.758821,CLOSED,,CARRIER-ROUTER-99,False
ALT-CSE-03-04376,CSE-03,HIGH,2024-11-21T20:23:51,2024-11-21T20:28:17.621001,2024-11-21T21:38:39.659919,CLOSED,,5G-AMF-NODE-02,False
ALT-CSE-03-04377,CSE-03,LOW,2024-12-01T08:07:49,2024-12-01T08:15:31.832796,2024-12-01T09:20:28.819619,CLOSED,,EDGE-GATEWAY-12,False
ALT-CSE-03-04378,CSE-03,MEDIUM,2024-10-06T02:30:13,2024-10-06T02:33:53.454317,2024-10-06T03:47:51.787502,CLOSED,,5G-AMF-NODE-02,False
ALT-CSE-03-04379,CSE-03,MEDIUM,2024-12-14T04:59:16,2024-12-14T05:02:30.357063,2024-12-14T05:36:14.484738,CLOSED,,5G-CORE-UPF-01,False
ALT-CSE-03-04380,CSE-03,HIGH,2024-10-26T09:32:21,2024-10-26T09:36:15.751632,2024-10-26T10:50:49.748680,CLOSED,,CARRIER-ROUTER-99,False
ALT-CSE-03-04381,CSE-03,CRITICAL,2024-11-06T20:53:25,2024-11-06T20:58:14.232709,2024-11-06T21:53:38.815155,CLOSED,CAS-CSE-03-0510,5G-CORE-UPF-01,False
ALT-CSE-03-04382,CSE-03,HIGH,2024-12-10T00:24:35,2024-12-10T00:32:23.777967,2024-12-10T01:01:13.265971,CLOSED,,EDGE-GATEWAY-12,False
ALT-CSE-03-04383,CSE-03,MEDIUM,2024-10-28T03:03:10,2024-10-28T03:10:55.972485,2024-10-28T04:13:18.237451,CLOSED,,CARRIER-ROUTER-99,False
ALT-CSE-03-04384,CSE-03,MEDIUM,2024-12-16T10:00:27,2024-12-16T10:03:11.597548,2024-12-16T10:43:24.633568,CLOSED,,EDGE-GATEWAY-12,False
ALT-CSE-03-04385,CSE-03,MEDIUM,2024-10-18T01:42:22,2024-10-18T01:48:09.396537,2024-10-18T02:39:12.646862,CLOSED,,CARRIER-ROUTER-99,False
ALT-CSE-03-04386,CSE-03,LOW,2024-10-05T11:29:53,2024-10-05T11:36:34.419807,2024-10-05T12:14:08.391337,CLOSED,,CARRIER-ROUTER-99,False
ALT-CSE-03-04387,CSE-03,MEDIUM,2024-10-09T20:21:09,2024-10-09T20:27:25.391294,2024-10-09T21:43:06.824768,CLOSED,,5G-CORE-UPF-01,False
ALT-CSE-03-04388,CSE-03,MEDIUM,2024-12-20T06:31:45,2024-12-20T06:40:41.266398,2024-12-20T07:18:02.423654,CLOSED,,5G-CORE-UPF-01,False
ALT-CSE-03-04389,CSE-03,MEDIUM,2024-12-25T18:50:43,2024-12-25T18:53:17.412369,2024-12-25T19:36:23.576453,CLOSED,,TELCO-AAA-SRV,False
ALT-CSE-03-04390,CSE-03,CRITICAL,2024-10-22T00:44:09,2024-10-22T00:48:57.526512,2024-10-22T01:38:13.857326,CLOSED,,5G-AMF-NODE-02,False
ALT-CSE-03-04391,CSE-03,MEDIUM,2024-10-17T09:16:17,2024-10-17T09:25:10.972292,2024-10-17T10:03:58.317864,CLOSED,,CARRIER-ROUTER-99,False
ALT-CSE-03-04392,CSE-03,LOW,2024-12-12T19:54:12,2024-12-12T20:01:43.037237,2024-12-12T20:34:42.245792,CLOSED,,EDGE-GATEWAY-12,False
ALT-CSE-03-04393,CSE-03,CRITICAL,2024-10-26T17:49:40,2024-10-26T17:52:34.997254,2024-10-26T19:07:59.130340,CLOSED,CAS-CSE-03-0511,5G-CORE-UPF-01,False
ALT-CSE-03-04394,CSE-03,LOW,2024-10-06T11:41:45,2024-10-06T11:49:43.638884,2024-10-06T13:02:05.295734,CLOSED,,EDGE-GATEWAY-12,False
ALT-CSE-03-04395,CSE-03,HIGH,2024-12-12T23:10:23,2024-12-12T23:17:40.658250,2024-12-13T00:31:29.911783,CLOSED,,EDGE-GATEWAY-12,False
ALT-CSE-03-04396,CSE-03,LOW,2024-11-10T04:52:42,2024-11-10T04:57:35.105464,2024-11-10T05:51:59.086484,CLOSED,,CARRIER-ROUTER-99,False
ALT-CSE-03-04397,CSE-03,MEDIUM,2024-12-02T00:38:00,2024-12-02T00:42:04.324115,2024-12-02T01:40:38.305666,CLOSED,,EDGE-GATEWAY-12,False
ALT-CSE-03-04398,CSE-03,LOW,2024-12-29T08:33:25,2024-12-29T08:36:51.644266,2024-12-29T09:57:16.968605,CLOSED,,CARRIER-ROUTER-99,False
ALT-CSE-03-04399,CSE-03,HIGH,2024-11-13T22:40:47,2024-11-13T22:44:59.073658,2024-11-13T23:33:24.914110,CLOSED,,EDGE-GATEWAY-12,False
ALT-CSE-03-04400,CSE-03,MEDIUM,2024-11-28T15:40:13,2024-11-28T15:43:25.077283,2024-11-28T16:30:38.733243,CLOSED,,TELCO-AAA-SRV,False
ALT-CSE-03-04401,CSE-03,MEDIUM,2024-10-19T11:27:31,2024-10-19T11:37:22.899118,2024-10-19T12:23:38.668520,CLOSED,,5G-AMF-NODE-02,False
ALT-CSE-03-04402,CSE-03,MEDIUM,2024-12-22T05:17:39,2024-12-22T05:25:50.601034,2024-12-22T06:08:12.435187,CLOSED,,5G-AMF-NODE-02,False
ALT-CSE-03-04403,CSE-03,MEDIUM,2024-10-18T13:12:22,2024-10-18T13:15:09.084843,2024-10-18T14:04:02.659441,CLOSED,,5G-CORE-UPF-01,False
ALT-CSE-03-04404,CSE-03,MEDIUM,2024-12-02T23:57:36,2024-12-03T00:06:30.706024,2024-12-03T01:01:01.604180,CLOSED,,CARRIER-ROUTER-99,False
ALT-CSE-03-04405,CSE-03,MEDIUM,2024-12-18T05:33:47,2024-12-18T05:35:56.952413,2024-12-18T06:13:13.655630,CLOSED,,EDGE-GATEWAY-12,False
ALT-CSE-03-04406,CSE-03,LOW,2024-11-08T02:42:03,2024-11-08T02:45:47.138318,2024-11-08T03:25:14.099218,CLOSED,,5G-CORE-UPF-01,False
ALT-CSE-03-04407,CSE-03,HIGH,2024-11-04T20:28:17,2024-11-04T20:35:47.237048,2024-11-04T21:50:07.413118,CLOSED,,TELCO-AAA-SRV,False
ALT-CSE-03-04408,CSE-03,HIGH,2024-10-29T06:41:02,2024-10-29T06:47:51.532508,2024-10-29T07:32:48.170799,CLOSED,,CARRIER-ROUTER-99,False
ALT-CSE-03-04409,CSE-03,LOW,2024-10-10T15:33:05,2024-10-10T15:38:17.023367,2024-10-10T16:31:41.992984,CLOSED,,CARRIER-ROUTER-99,False
ALT-CSE-03-04410,CSE-03,CRITICAL,2024-12-28T12:14:14,2024-12-28T12:22:53.897020,2024-12-28T13:16:48.117616,CLOSED,,5G-CORE-UPF-01,False
ALT-CSE-03-04411,CSE-03,MEDIUM,2024-12-14T05:56:14,2024-12-14T06:04:56.572496,2024-12-14T06:58:24.949826,CLOSED,,CARRIER-ROUTER-99,False
ALT-CSE-03-04412,CSE-03,LOW,2024-11-29T12:30:31,2024-11-29T12:38:02.744043,2024-11-29T13:38:21.879851,CLOSED,,CARRIER-ROUTER-99,False
ALT-CSE-03-04413,CSE-03,MEDIUM,2024-12-16T14:40:29,2024-12-16T14:47:16.726494,2024-12-16T15:21:17.036689,CLOSED,,5G-AMF-NODE-02,False
ALT-CSE-03-04414,CSE-03,MEDIUM,2024-12-18T12:18:53,2024-12-18T12:27:49.227099,2024-12-18T13:36:36.897750,CLOSED,,5G-AMF-NODE-02,False
ALT-CSE-03-04415,CSE-03,LOW,2024-12-12T00:40:38,2024-12-12T00:45:13.836792,2024-12-12T01:18:51.529051,CLOSED,,TELCO-AAA-SRV,False
ALT-CSE-03-04416,CSE-03,HIGH,2024-11-10T03:55:59,2024-11-10T04:01:37.189005,2024-11-10T04:30:26.528265,CLOSED,,EDGE-GATEWAY-12,False
ALT-CSE-03-04417,CSE-03,LOW,2024-12-26T13:49:07,2024-12-26T13:52:22.835322,2024-12-26T14:41:38.347766,CLOSED,,TELCO-AAA-SRV,False
ALT-CSE-03-04418,CSE-03,CRITICAL,2024-10-21T05:53:48,2024-10-21T05:59:14.943065,2024-10-21T06:55:52.698108,CLOSED,CAS-CSE-03-0512,5G-AMF-NODE-02,False
ALT-CSE-03-04419,CSE-03,HIGH,2024-12-11T11:56:42,2024-12-11T12:03:50.586561,2024-12-11T13:02:24.474053,CLOSED,,CARRIER-ROUTER-99,False
ALT-CSE-03-04420,CSE-03,MEDIUM,2024-12-18T18:33:21,2024-12-18T18:35:53.160892,2024-12-18T19:17:56.622874,CLOSED,,TELCO-AAA-SRV,False
ALT-CSE-03-04421,CSE-03,MEDIUM,2024-10-03T08:12:18,2024-10-03T08:20:26.658515,2024-10-03T09:01:05.383986,CLOSED,,5G-AMF-NODE-02,False
ALT-CSE-03-04422,CSE-03,LOW,2024-11-12T22:54:58,2024-11-12T23:02:49.047583,2024-11-12T23:46:16.124017,CLOSED,,TELCO-AAA-SRV,False
ALT-CSE-03-04423,CSE-03,MEDIUM,2024-12-07T13:45:11,2024-12-07T13:50:39.893450,2024-12-07T14:40:29.636322,CLOSED,,5G-AMF-NODE-02,False
ALT-CSE-03-04424,CSE-03,LOW,2024-10-27T12:39:56,2024-10-27T12:43:53.450001,2024-10-27T13:32:26.995876,CLOSED,,5G-CORE-UPF-01,False
ALT-CSE-03-04425,CSE-03,LOW,2024-10-22T10:27:54,2024-10-22T10:30:12.524437,2024-10-22T11:52:12.655907,CLOSED,,EDGE-GATEWAY-12,False
ALT-CSE-03-04426,CSE-03,MEDIUM,2024-10-17T18:53:52,2024-10-17T18:57:31.741328,2024-10-17T19:35:45.272841,CLOSED,,EDGE-GATEWAY-12,False
ALT-CSE-03-04427,CSE-03,MEDIUM,2024-10-08T09:37:26,2024-10-08T09:43:13.466629,2024-10-08T10:34:25.121237,CLOSED,,5G-AMF-NODE-02,False
ALT-CSE-03-04428,CSE-03,MEDIUM,2024-11-05T10:28:48,2024-11-05T10:37:42.600793,2024-11-05T11:10:57.304493,CLOSED,,5G-AMF-NODE-02,False
ALT-CSE-03-04429,CSE-03,CRITICAL,2024-11-18T21:30:01,2024-11-18T21:39:36.728528,2024-11-18T22:30:29.603682,CLOSED,,TELCO-AAA-SRV,False
ALT-CSE-03-04430,CSE-03,HIGH,2024-12-02T09:37:25,2024-12-02T09:47:09.425742,2024-12-02T10:38:57.864234,CLOSED,,5G-AMF-NODE-02,False
ALT-CSE-03-04431,CSE-03,HIGH,2024-12-05T06:20:56,2024-12-05T06:23:52.230488,2024-12-05T06:53:33.970968,CLOSED,,EDGE-GATEWAY-12,False
ALT-CSE-03-04432,CSE-03,MEDIUM,2024-10-30T00:27:04,2024-10-30T00:31:28.046683,2024-10-30T01:46:33.353517,CLOSED,,EDGE-GATEWAY-12,False
ALT-CSE-03-04433,CSE-03,HIGH,2024-10-01T04:38:37,2024-10-01T04:40:54.682347,2024-10-01T05:24:47.729022,CLOSED,,CARRIER-ROUTER-99,False
ALT-CSE-03-04434,CSE-03,MEDIUM,2024-12-04T15:22:21,2024-12-04T15:30:27.241636,2024-12-04T16:24:55.865001,CLOSED,,EDGE-GATEWAY-12,False
ALT-CSE-03-04435,CSE-03,HIGH,2024-12-02T20:40:13,2024-12-02T20:45:24.364208,2024-12-02T22:04:54.627204,CLOSED,,5G-CORE-UPF-01,False
ALT-CSE-03-04436,CSE-03,MEDIUM,2024-11-09T23:03:00,2024-11-09T23:11:54.907197,2024-11-10T00:22:55.476213,CLOSED,,EDGE-GATEWAY-12,False
ALT-CSE-03-04437,CSE-03,LOW,2024-11-22T21:04:04,2024-11-22T21:09:37.548976,2024-11-22T22:22:52.392415,CLOSED,,5G-AMF-NODE-02,False
ALT-CSE-03-04438,CSE-03,MEDIUM,2024-11-22T09:33:08,2024-11-22T09:43:03.505780,2024-11-22T10:24:12.831067,CLOSED,,TELCO-AAA-SRV,False
ALT-CSE-03-04439,CSE-03,MEDIUM,2024-11-17T13:36:54,2024-11-17T13:42:31.408672,2024-11-17T14:30:25.329649,CLOSED,,EDGE-GATEWAY-12,False
ALT-CSE-03-04440,CSE-03,MEDIUM,2024-10-23T08:38:09,2024-10-23T08:47:03.527530,2024-10-23T09:15:11.682462,CLOSED,,5G-AMF-NODE-02,False
ALT-CSE-03-04441,CSE-03,MEDIUM,2024-10-02T19:02:02,2024-10-02T19:10:21.395053,2024-10-02T19:56:56.330188,CLOSED,,CARRIER-ROUTER-99,False
ALT-CSE-03-04442,CSE-03,CRITICAL,2024-10-01T21:05:13,2024-10-01T21:12:25.543803,2024-10-01T21:50:22.813873,CLOSED,,EDGE-GATEWAY-12,False
ALT-CSE-03-04443,CSE-03,HIGH,2024-11-18T14:15:57,2024-11-18T14:22:32.379871,2024-11-18T14:51:19.490499,CLOSED,,5G-AMF-NODE-02,False
ALT-CSE-03-04444,CSE-03,LOW,2024-12-02T16:31:16,2024-12-02T16:34:18.906992,2024-12-02T17:45:50.816391,CLOSED,,TELCO-AAA-SRV,False
ALT-CSE-03-04445,CSE-03,MEDIUM,2024-11-18T06:44:47,2024-11-18T06:50:39.016379,2024-11-18T07:50:03.473884,CLOSED,,EDGE-GATEWAY-12,False
ALT-CSE-03-04446,CSE-03,MEDIUM,2024-12-10T12:28:09,2024-12-10T12:35:57.498843,2024-12-10T13:35:34.721191,CLOSED,,5G-CORE-UPF-01,False
ALT-CSE-03-04447,CSE-03,LOW,2024-10-17T21:51:32,2024-10-17T21:56:31.364450,2024-10-17T23:00:22.505327,CLOSED,,TELCO-AAA-SRV,False
ALT-CSE-03-04448,CSE-03,MEDIUM,2024-10-04T21:31:08,2024-10-04T21:40:14.023241,2024-10-04T22:31:30.486402,CLOSED,,5G-CORE-UPF-01,False
ALT-CSE-03-04449,CSE-03,HIGH,2024-12-29T14:39:28,2024-12-29T14:45:57.275042,2024-12-29T15:17:25.682672,CLOSED,,5G-AMF-NODE-02,False
ALT-CSE-03-04450,CSE-03,MEDIUM,2024-10-29T13:29:46,2024-10-29T13:38:29.656980,2024-10-29T14:23:35.309910,CLOSED,,TELCO-AAA-SRV,False
ALT-CSE-03-04451,CSE-03,HIGH,2024-11-15T22:06:30,2024-11-15T22:14:05.480328,2024-11-15T22:56:16.033649,CLOSED,,TELCO-AAA-SRV,False
ALT-CSE-03-04452,CSE-03,LOW,2024-12-22T11:02:04,2024-12-22T11:07:17.643433,2024-12-22T12:25:36.600263,CLOSED,,5G-CORE-UPF-01,False
ALT-CSE-03-04453,CSE-03,HIGH,2024-10-22T04:53:29,2024-10-22T04:59:50.355286,2024-10-22T05:52:37.759746,CLOSED,,EDGE-GATEWAY-12,False
ALT-CSE-03-04454,CSE-03,HIGH,2024-12-05T09:28:49,2024-12-05T09:36:39.427620,2024-12-05T10:13:23.721064,CLOSED,,5G-CORE-UPF-01,False
ALT-CSE-03-04455,CSE-03,HIGH,2024-11-08T09:18:40,2024-11-08T09:27:47.247910,2024-11-08T09:52:56.357408,CLOSED,,CARRIER-ROUTER-99,False
ALT-CSE-03-04456,CSE-03,MEDIUM,2024-11-05T11:19:16,2024-11-05T11:24:50.937244,2024-11-05T12:42:55.104126,CLOSED,,CARRIER-ROUTER-99,False
ALT-CSE-03-04457,CSE-03,HIGH,2024-10-21T08:36:08,2024-10-21T08:44:50.312682,2024-10-21T09:37:21.992227,CLOSED,,5G-CORE-UPF-01,False
ALT-CSE-03-04458,CSE-03,MEDIUM,2024-12-06T01:01:08,2024-12-06T01:10:15.007768,2024-12-06T01:56:16.152182,CLOSED,,CARRIER-ROUTER-99,False
ALT-CSE-03-04459,CSE-03,HIGH,2024-10-15T23:39:48,2024-10-15T23:42:11.077361,2024-10-16T00:43:55.038349,CLOSED,,TELCO-AAA-SRV,False
ALT-CSE-03-04460,CSE-03,MEDIUM,2024-12-18T07:13:58,2024-12-18T07:17:06.004125,2024-12-18T08:36:14.495347,CLOSED,,TELCO-AAA-SRV,False
ALT-CSE-03-04461,CSE-03,MEDIUM,2024-12-19T20:27:52,2024-12-19T20:31:52.580233,2024-12-19T21:23:47.375167,CLOSED,,EDGE-GATEWAY-12,False
ALT-CSE-03-04462,CSE-03,MEDIUM,2024-10-08T13:11:22,2024-10-08T13:18:58.796419,2024-10-08T14:03:54.303675,CLOSED,,5G-CORE-UPF-01,False
ALT-CSE-03-04463,CSE-03,MEDIUM,2024-12-25T09:50:44,2024-12-25T09:58:27.122229,2024-12-25T11:00:40.285995,CLOSED,,5G-CORE-UPF-01,False
ALT-CSE-03-04464,CSE-03,CRITICAL,2024-10-08T16:31:19,2024-10-08T16:40:39.456580,2024-10-08T17:32:36.949096,CLOSED,CAS-CSE-03-0513,5G-CORE-UPF-01,False
ALT-CSE-03-04465,CSE-03,CRITICAL,2024-10-16T13:10:56,2024-10-16T13:13:02.588310,2024-10-16T14:16:35.563113,CLOSED,CAS-CSE-03-0514,5G-AMF-NODE-02,False
ALT-CSE-03-04466,CSE-03,HIGH,2024-10-17T04:33:44,2024-10-17T04:36:49.517609,2024-10-17T05:22:38.073671,CLOSED,,5G-CORE-UPF-01,False
ALT-CSE-03-04467,CSE-03,MEDIUM,2024-10-10T20:21:15,2024-10-10T20:24:34.293015,2024-10-10T21:05:32.752132,CLOSED,,CARRIER-ROUTER-99,False
ALT-CSE-03-04468,CSE-03,MEDIUM,2024-11-08T23:22:36,2024-11-08T23:26:05.251083,2024-11-09T00:27:00.838292,CLOSED,,5G-AMF-NODE-02,False
ALT-CSE-03-04469,CSE-03,MEDIUM,2024-12-26T19:51:10,2024-12-26T19:53:21.130313,2024-12-26T20:41:01.450557,CLOSED,,5G-CORE-UPF-01,False
ALT-CSE-03-04470,CSE-03,MEDIUM,2024-10-11T06:47:27,2024-10-11T06:50:05.266028,2024-10-11T07:27:51.341251,CLOSED,,TELCO-AAA-SRV,False
ALT-CSE-03-04471,CSE-03,HIGH,2024-11-03T19:14:00,2024-11-03T19:17:16.452825,2024-11-03T20:22:11.984004,CLOSED,CAS-CSE-03-0515,TELCO-AAA-SRV,False
ALT-CSE-03-04472,CSE-03,MEDIUM,2024-11-24T10:03:19,2024-11-24T10:07:04.740173,2024-11-24T10:49:59.520851,CLOSED,,EDGE-GATEWAY-12,False
ALT-CSE-03-04473,CSE-03,LOW,2024-10-03T12:51:26,2024-10-03T13:00:03.694809,2024-10-03T13:57:26.397253,CLOSED,,5G-AMF-NODE-02,False
ALT-CSE-03-04474,CSE-03,MEDIUM,2024-11-19T15:15:49,2024-11-19T15:25:14.292768,2024-11-19T16:30:18.426975,CLOSED,,CARRIER-ROUTER-99,False
ALT-CSE-03-04475,CSE-03,MEDIUM,2024-11-17T16:12:57,2024-11-17T16:16:10.252162,2024-11-17T17:36:12.990061,CLOSED,,5G-AMF-NODE-02,False
ALT-CSE-03-04476,CSE-03,MEDIUM,2024-10-10T15:27:12,2024-10-10T15:31:29.642990,2024-10-10T16:08:00.396924,CLOSED,,5G-CORE-UPF-01,False
ALT-CSE-03-04477,CSE-03,MEDIUM,2024-10-30T01:39:07,2024-10-30T01:43:00.439366,2024-10-30T02:18:52.218401,CLOSED,,EDGE-GATEWAY-12,False
ALT-CSE-03-04478,CSE-03,LOW,2024-11-21T07:36:09,2024-11-21T07:42:46.202020,2024-11-21T08:22:06.120705,CLOSED,,5G-CORE-UPF-01,False
ALT-CSE-03-04479,CSE-03,MEDIUM,2024-11-26T14:26:46,2024-11-26T14:35:16.386142,2024-11-26T14:57:56.413815,CLOSED,,EDGE-GATEWAY-12,False
ALT-CSE-03-04480,CSE-03,MEDIUM,2024-12-12T00:35:46,2024-12-12T00:42:08.640688,2024-12-12T01:36:07.603779,CLOSED,,5G-AMF-NODE-02,False
ALT-CSE-03-04481,CSE-03,HIGH,2024-12-21T21:00:07,2024-12-21T21:05:53.756994,2024-12-21T21:33:24.582823,CLOSED,,5G-CORE-UPF-01,False
ALT-CSE-03-04482,CSE-03,MEDIUM,2024-12-03T18:36:15,2024-12-03T18:39:05.179797,2024-12-03T19:42:31.603093,CLOSED,,CARRIER-ROUTER-99,False
ALT-CSE-03-04483,CSE-03,MEDIUM,2024-11-29T15:37:49,2024-11-29T15:40:14.903054,2024-11-29T17:00:37.698846,CLOSED,,EDGE-GATEWAY-12,False
ALT-CSE-03-04484,CSE-03,LOW,2024-11-15T08:15:38,2024-11-15T08:21:45.078723,2024-11-15T09:15:16.429459,CLOSED,,5G-CORE-UPF-01,False
ALT-CSE-03-04485,CSE-03,HIGH,2024-10-10T18:10:52,2024-10-10T18:14:00.274710,2024-10-10T19:24:59.323214,CLOSED,,TELCO-AAA-SRV,False
ALT-CSE-03-04486,CSE-03,MEDIUM,2024-10-04T14:38:28,2024-10-04T14:43:09.445798,2024-10-04T16:01:21.395618,CLOSED,,EDGE-GATEWAY-12,False
ALT-CSE-03-04487,CSE-03,MEDIUM,2024-11-02T07:40:03,2024-11-02T07:42:39.409588,2024-11-02T08:48:08.637585,CLOSED,,EDGE-GATEWAY-12,False
ALT-CSE-03-04488,CSE-03,HIGH,2024-12-10T21:27:36,2024-12-10T21:35:41.113940,2024-12-10T22:50:26.710494,CLOSED,,EDGE-GATEWAY-12,False
ALT-CSE-03-04489,CSE-03,MEDIUM,2024-10-06T05:26:13,2024-10-06T05:30:03.345455,2024-10-06T06:37:08.029201,CLOSED,,TELCO-AAA-SRV,False
ALT-CSE-03-04490,CSE-03,MEDIUM,2024-12-16T05:49:15,2024-12-16T05:55:11.938442,2024-12-16T06:32:00.671008,CLOSED,,EDGE-GATEWAY-12,False
ALT-CSE-03-04491,CSE-03,CRITICAL,2024-10-03T23:08:04,2024-10-03T23:12:05.337664,2024-10-03T23:43:02.321319,CLOSED,CAS-CSE-03-0516,TELCO-AAA-SRV,False
ALT-CSE-03-04492,CSE-03,MEDIUM,2024-12-02T15:01:38,2024-12-02T15:11:09.397462,2024-12-02T16:20:24.505601,CLOSED,,CARRIER-ROUTER-99,False
ALT-CSE-03-04493,CSE-03,HIGH,2024-10-01T18:32:56,2024-10-01T18:41:30.775202,2024-10-01T19:45:02.619053,CLOSED,,5G-AMF-NODE-02,False
ALT-CSE-03-04494,CSE-03,LOW,2024-10-04T06:11:44,2024-10-04T06:20:52.958245,2024-10-04T07:20:02.558731,CLOSED,,EDGE-GATEWAY-12,False
ALT-CSE-03-04495,CSE-03,LOW,2024-11-05T08:48:46,2024-11-05T08:55:08.268917,2024-11-05T09:28:20.423053,CLOSED,,5G-AMF-NODE-02,False
ALT-CSE-03-04496,CSE-03,LOW,2024-10-26T04:46:10,2024-10-26T04:52:39.669561,2024-10-26T05:44:58.801362,CLOSED,,EDGE-GATEWAY-12,False
ALT-CSE-03-04497,CSE-03,HIGH,2024-12-23T09:24:47,2024-12-23T09:28:07.265938,2024-12-23T09:59:54.752560,CLOSED,,TELCO-AAA-SRV,False
ALT-CSE-03-04498,CSE-03,MEDIUM,2024-11-08T12:33:45,2024-11-08T12:39:29.981530,2024-11-08T13:50:56.892360,CLOSED,,TELCO-AAA-SRV,False
ALT-CSE-03-04499,CSE-03,HIGH,2024-12-08T03:14:26,2024-12-08T03:18:58.017129,2024-12-08T04:23:23.323465,CLOSED,,CARRIER-ROUTER-99,False
ALT-CSE-03-04500,CSE-03,LOW,2024-10-07T19:04:05,2024-10-07T19:09:44.070408,2024-10-07T19:44:31.615400,CLOSED,,5G-CORE-UPF-01,False
ALT-CSE-03-04501,CSE-03,HIGH,2024-10-22T22:55:07,2024-10-22T22:58:18.825123,2024-10-23T00:05:13.649986,CLOSED,,5G-AMF-NODE-02,False
ALT-CSE-03-04502,CSE-03,HIGH,2024-11-15T23:48:21,2024-11-15T23:56:49.946627,2024-11-16T00:56:51.913940,CLOSED,,TELCO-AAA-SRV,False
ALT-CSE-03-04503,CSE-03,HIGH,2024-10-23T04:16:03,2024-10-23T04:20:40.205127,2024-10-23T05:25:12.910652,CLOSED,,5G-CORE-UPF-01,False
ALT-CSE-03-04504,CSE-03,LOW,2024-12-28T08:09:12,2024-12-28T08:14:16.112604,2024-12-28T09:33:24.679487,CLOSED,,5G-CORE-UPF-01,False
ALT-CSE-03-04505,CSE-03,LOW,2024-10-16T03:37:11,2024-10-16T03:43:05.899165,2024-10-16T04:22:05.373337,CLOSED,,TELCO-AAA-SRV,False
ALT-CSE-03-04506,CSE-03,MEDIUM,2024-12-27T21:13:35,2024-12-27T21:19:30.388177,2024-12-27T22:01:43.061616,CLOSED,,5G-CORE-UPF-01,False
ALT-CSE-03-04507,CSE-03,HIGH,2024-12-15T02:25:36,2024-12-15T02:29:03.385724,2024-12-15T03:06:15.971182,CLOSED,,5G-CORE-UPF-01,False
ALT-CSE-03-04508,CSE-03,LOW,2024-12-20T21:49:41,2024-12-20T21:54:14.565260,2024-12-20T22:22:41.878095,CLOSED,,EDGE-GATEWAY-12,False
ALT-CSE-03-04509,CSE-03,LOW,2024-12-13T04:11:35,2024-12-13T04:18:12.767792,2024-12-13T04:48:48.926332,CLOSED,,EDGE-GATEWAY-12,False
ALT-CSE-03-04510,CSE-03,HIGH,2024-11-27T07:52:44,2024-11-27T07:55:56.795768,2024-11-27T08:26:53.255116,CLOSED,,TELCO-AAA-SRV,False
ALT-CSE-03-04511,CSE-03,CRITICAL,2024-12-04T19:40:21,2024-12-04T19:44:55.512859,2024-12-04T20:48:51.410047,CLOSED,CAS-CSE-03-0517,5G-CORE-UPF-01,False
ALT-CSE-03-04512,CSE-03,MEDIUM,2024-11-30T03:20:52,2024-11-30T03:25:15.389489,2024-11-30T03:52:47.100190,CLOSED,,5G-AMF-NODE-02,False
ALT-CSE-03-04513,CSE-03,MEDIUM,2024-10-19T05:26:44,2024-10-19T05:34:54.340214,2024-10-19T06:15:09.428015,CLOSED,,5G-AMF-NODE-02,False
ALT-CSE-03-04514,CSE-03,MEDIUM,2024-12-20T05:20:17,2024-12-20T05:23:13.080783,2024-12-20T06:14:34.355580,CLOSED,,5G-AMF-NODE-02,False
ALT-CSE-03-04515,CSE-03,MEDIUM,2024-11-02T14:42:32,2024-11-02T14:47:11.914780,2024-11-02T15:33:38.009353,CLOSED,,EDGE-GATEWAY-12,False
ALT-CSE-03-04516,CSE-03,MEDIUM,2024-10-12T14:22:16,2024-10-12T14:27:18.119903,2024-10-12T15:40:23.209998,CLOSED,,5G-AMF-NODE-02,False
ALT-CSE-03-04517,CSE-03,MEDIUM,2024-11-11T06:39:21,2024-11-11T06:42:55.180019,2024-11-11T07:49:29.365787,CLOSED,,CARRIER-ROUTER-99,False
ALT-CSE-03-04518,CSE-03,MEDIUM,2024-11-12T19:57:06,2024-11-12T20:05:37.286378,2024-11-12T21:09:53.967109,CLOSED,,CARRIER-ROUTER-99,False
ALT-CSE-03-04519,CSE-03,MEDIUM,2024-12-28T19:40:40,2024-12-28T19:48:37.945614,2024-12-28T20:17:59.887969,CLOSED,,5G-CORE-UPF-01,False
ALT-CSE-03-04520,CSE-03,LOW,2024-11-09T15:14:38,2024-11-09T15:21:28.952951,2024-11-09T16:33:46.792731,CLOSED,,CARRIER-ROUTER-99,False
ALT-CSE-03-04521,CSE-03,LOW,2024-10-16T08:00:35,2024-10-16T08:09:38.765175,2024-10-16T08:36:22.849836,CLOSED,,EDGE-GATEWAY-12,False
ALT-CSE-03-04522,CSE-03,LOW,2024-10-21T14:06:22,2024-10-21T14:08:59.960247,2024-10-21T15:23:28.889493,CLOSED,,CARRIER-ROUTER-99,False
ALT-CSE-03-04523,CSE-03,MEDIUM,2024-11-07T22:14:59,2024-11-07T22:20:45.531072,2024-11-07T23:15:25.769960,CLOSED,,CARRIER-ROUTER-99,False
ALT-CSE-03-04524,CSE-03,MEDIUM,2024-12-13T05:52:18,2024-12-13T05:55:08.185830,2024-12-13T06:37:02.983594,CLOSED,,5G-CORE-UPF-01,False
ALT-CSE-03-04525,CSE-03,LOW,2024-12-20T12:24:24,2024-12-20T12:27:26.603737,2024-12-20T13:02:30.443125,CLOSED,,EDGE-GATEWAY-12,False
ALT-CSE-03-04526,CSE-03,MEDIUM,2024-11-20T10:54:35,2024-11-20T10:57:07.210974,2024-11-20T11:39:26.088970,CLOSED,,5G-AMF-NODE-02,False
ALT-CSE-03-04527,CSE-03,MEDIUM,2024-12-05T02:01:41,2024-12-05T02:06:16.761509,2024-12-05T02:41:38.046398,CLOSED,,TELCO-AAA-SRV,False
ALT-CSE-03-04528,CSE-03,MEDIUM,2024-11-01T00:33:11,2024-11-01T00:40:41.672944,2024-11-01T01:22:51.388191,CLOSED,,CARRIER-ROUTER-99,False
ALT-CSE-03-04529,CSE-03,CRITICAL,2024-11-18T15:57:31,2024-11-18T16:02:06.297282,2024-11-18T16:41:53.035580,CLOSED,CAS-CSE-03-0518,5G-CORE-UPF-01,False
ALT-CSE-03-04530,CSE-03,MEDIUM,2024-10-05T21:12:35,2024-10-05T21:17:01.844475,2024-10-05T22:14:27.431417,CLOSED,,EDGE-GATEWAY-12,False
ALT-CSE-03-04531,CSE-03,MEDIUM,2024-11-21T06:32:47,2024-11-21T06:39:06.142682,2024-11-21T07:36:07.023235,CLOSED,,EDGE-GATEWAY-12,False
ALT-CSE-03-04532,CSE-03,HIGH,2024-12-02T04:27:02,2024-12-02T04:35:41.688606,2024-12-02T05:44:40.812254,CLOSED,,CARRIER-ROUTER-99,False
ALT-CSE-03-04533,CSE-03,LOW,2024-11-08T09:49:50,2024-11-08T09:52:08.612425,2024-11-08T11:03:11.670645,CLOSED,,EDGE-GATEWAY-12,False
ALT-CSE-03-04534,CSE-03,LOW,2024-10-04T09:25:30,2024-10-04T09:32:04.120912,2024-10-04T10:15:37.102719,CLOSED,,CARRIER-ROUTER-99,False
ALT-CSE-03-04535,CSE-03,CRITICAL,2024-12-05T23:30:23,2024-12-05T23:37:32.006157,2024-12-06T00:06:10.450912,CLOSED,CAS-CSE-03-0519,5G-AMF-NODE-02,False
ALT-CSE-03-04536,CSE-03,LOW,2024-12-17T04:52:08,2024-12-17T05:00:18.258654,2024-12-17T05:47:42.319359,CLOSED,,5G-AMF-NODE-02,False
ALT-CSE-03-04537,CSE-03,CRITICAL,2024-12-26T23:34:04,2024-12-26T23:40:05.422661,2024-12-27T00:09:02.363758,CLOSED,CAS-CSE-03-0520,5G-AMF-NODE-02,True
ALT-CSE-03-04538,CSE-03,HIGH,2024-11-07T14:39:46,2024-11-07T14:48:08.813328,2024-11-07T15:35:20.288280,CLOSED,CAS-CSE-03-0521,EDGE-GATEWAY-12,True
ALT-CSE-03-04539,CSE-03,HIGH,2024-10-23T17:25:31,2024-10-23T17:31:50.558194,2024-10-23T18:01:04.719211,CLOSED,,TELCO-AAA-SRV,False
ALT-CSE-03-04540,CSE-03,MEDIUM,2024-10-11T02:14:18,2024-10-11T02:22:35.960616,2024-10-11T02:52:11.367059,CLOSED,,5G-AMF-NODE-02,False
ALT-CSE-03-04541,CSE-03,LOW,2024-10-14T13:59:44,2024-10-14T14:07:21.320150,2024-10-14T14:58:20.210985,CLOSED,,EDGE-GATEWAY-12,False
ALT-CSE-03-04542,CSE-03,MEDIUM,2024-10-26T05:57:28,2024-10-26T06:05:37.844235,2024-10-26T07:10:23.364848,CLOSED,,5G-CORE-UPF-01,False
ALT-CSE-03-04543,CSE-03,HIGH,2024-10-08T16:01:59,2024-10-08T16:07:21.769627,2024-10-08T16:58:43.532480,CLOSED,,5G-CORE-UPF-01,False
ALT-CSE-03-04544,CSE-03,HIGH,2024-12-20T06:35:55,2024-12-20T06:38:48.798315,2024-12-20T07:46:51.566767,CLOSED,,CARRIER-ROUTER-99,False
ALT-CSE-03-04545,CSE-03,HIGH,2024-10-27T08:46:25,2024-10-27T08:50:53.818360,2024-10-27T10:07:02.733322,CLOSED,,5G-CORE-UPF-01,False
ALT-CSE-03-04546,CSE-03,HIGH,2024-10-29T23:56:10,2024-10-30T00:04:13.109079,2024-10-30T01:04:33.852693,CLOSED,CAS-CSE-03-0522,EDGE-GATEWAY-12,False
ALT-CSE-03-04547,CSE-03,CRITICAL,2024-10-01T08:13:50,2024-10-01T08:19:47.483462,2024-10-01T08:57:24.444638,CLOSED,CAS-CSE-03-0523,TELCO-AAA-SRV,False
ALT-CSE-03-04548,CSE-03,HIGH,2024-11-30T04:19:04,2024-11-30T04:26:08.398528,2024-11-30T05:07:29.025425,CLOSED,CAS-CSE-03-0524,5G-CORE-UPF-01,False
ALT-CSE-03-04549,CSE-03,MEDIUM,2024-12-24T00:08:46,2024-12-24T00:14:42.839704,2024-12-24T00:41:54.160700,CLOSED,,5G-CORE-UPF-01,False
ALT-CSE-03-04550,CSE-03,HIGH,2024-10-18T06:49:01,2024-10-18T06:58:32.571348,2024-10-18T08:02:23.618542,CLOSED,CAS-CSE-03-0525,5G-CORE-UPF-01,False
ALT-CSE-03-04551,CSE-03,HIGH,2024-11-13T04:50:05,2024-11-13T04:56:31.763519,2024-11-13T06:12:35.485548,CLOSED,,5G-AMF-NODE-02,False
ALT-CSE-03-04552,CSE-03,LOW,2024-12-13T10:37:53,2024-12-13T10:42:21.982235,2024-12-13T11:29:52.781321,CLOSED,,CARRIER-ROUTER-99,False
ALT-CSE-03-04553,CSE-03,HIGH,2024-12-20T00:27:40,2024-12-20T00:29:55.666315,2024-12-20T01:06:16.029027,CLOSED,CAS-CSE-03-0526,EDGE-GATEWAY-12,False
ALT-CSE-03-04554,CSE-03,LOW,2024-11-22T01:18:16,2024-11-22T01:27:14.437436,2024-11-22T02:11:47.950056,CLOSED,,TELCO-AAA-SRV,False
ALT-CSE-03-04555,CSE-03,HIGH,2024-10-29T11:48:39,2024-10-29T11:53:50.702828,2024-10-29T12:52:12.825675,CLOSED,,EDGE-GATEWAY-12,False
ALT-CSE-03-04556,CSE-03,LOW,2024-10-20T12:56:03,2024-10-20T13:01:06.744472,2024-10-20T13:37:23.770391,CLOSED,,5G-AMF-NODE-02,False
ALT-CSE-03-04557,CSE-03,CRITICAL,2024-10-28T09:38:29,2024-10-28T09:44:40.002213,2024-10-28T10:13:41.202604,CLOSED,CAS-CSE-03-0527,EDGE-GATEWAY-12,False
ALT-CSE-03-04558,CSE-03,LOW,2024-12-04T01:21:07,2024-12-04T01:27:53.325194,2024-12-04T02:28:56.728080,CLOSED,,TELCO-AAA-SRV,False
ALT-CSE-03-04559,CSE-03,LOW,2024-12-18T22:02:26,2024-12-18T22:04:41.950486,2024-12-18T23:14:01.381233,CLOSED,,TELCO-AAA-SRV,False
ALT-CSE-03-04560,CSE-03,CRITICAL,2024-11-20T00:25:15,2024-11-20T00:31:00.416071,2024-11-20T01:48:13.630157,CLOSED,,5G-AMF-NODE-02,False
ALT-CSE-03-04561,CSE-03,MEDIUM,2024-12-19T18:44:50,2024-12-19T18:48:39.644348,2024-12-19T19:49:00.756161,CLOSED,,CARRIER-ROUTER-99,False
ALT-CSE-03-04562,CSE-03,LOW,2024-11-14T19:30:43,2024-11-14T19:37:01.317988,2024-11-14T20:13:26.008863,CLOSED,,CARRIER-ROUTER-99,False
ALT-CSE-03-04563,CSE-03,LOW,2024-12-16T00:10:24,2024-12-16T00:15:30.296036,2024-12-16T00:49:04.378839,CLOSED,,5G-CORE-UPF-01,False
ALT-CSE-03-04564,CSE-03,MEDIUM,2024-11-20T05:17:47,2024-11-20T05:25:39.300240,2024-11-20T06:00:51.590669,CLOSED,,CARRIER-ROUTER-99,False
ALT-CSE-03-04565,CSE-03,MEDIUM,2024-11-30T14:33:50,2024-11-30T14:39:07.236457,2024-11-30T15:35:15.169313,CLOSED,,CARRIER-ROUTER-99,False
ALT-CSE-03-04566,CSE-03,LOW,2024-12-05T04:30:49,2024-12-05T04:36:23.945234,2024-12-05T05:45:59.699851,CLOSED,,5G-AMF-NODE-02,False
ALT-CSE-03-04567,CSE-03,LOW,2024-10-25T04:30:10,2024-10-25T04:36:06.196306,2024-10-25T05:14:13.855752,CLOSED,,EDGE-GATEWAY-12,False
ALT-CSE-03-04568,CSE-03,MEDIUM,2024-10-16T23:44:10,2024-10-16T23:51:00.137271,2024-10-17T00:49:52.555369,CLOSED,,5G-AMF-NODE-02,False
ALT-CSE-03-04569,CSE-03,HIGH,2024-10-30T16:30:27,2024-10-30T16:40:02.126005,2024-10-30T17:51:24.641222,CLOSED,CAS-CSE-03-0528,CARRIER-ROUTER-99,False
ALT-CSE-03-04570,CSE-03,MEDIUM,2024-11-04T17:13:05,2024-11-04T17:18:15.159341,2024-11-04T18:27:48.108080,CLOSED,,5G-AMF-NODE-02,False
ALT-CSE-03-04571,CSE-03,LOW,2024-10-25T11:52:53,2024-10-25T12:02:15.970722,2024-10-25T12:24:22.066150,CLOSED,,CARRIER-ROUTER-99,False
ALT-CSE-03-04572,CSE-03,MEDIUM,2024-11-09T11:35:59,2024-11-09T11:42:55.465790,2024-11-09T12:42:37.717059,CLOSED,,5G-AMF-NODE-02,False
ALT-CSE-03-04573,CSE-03,MEDIUM,2024-12-28T00:10:56,2024-12-28T00:19:46.883922,2024-12-28T01:04:33.302389,CLOSED,,EDGE-GATEWAY-12,False
ALT-CSE-03-04574,CSE-03,CRITICAL,2024-10-27T20:20:55,2024-10-27T20:30:39.022454,2024-10-27T21:25:29.486952,CLOSED,CAS-CSE-03-0529,CARRIER-ROUTER-99,False
ALT-CSE-03-04575,CSE-03,MEDIUM,2024-10-05T13:37:04,2024-10-05T13:40:32.994130,2024-10-05T14:54:37.550371,CLOSED,,5G-AMF-NODE-02,False
ALT-CSE-03-04576,CSE-03,CRITICAL,2024-11-12T22:58:12,2024-11-12T23:02:21.677880,2024-11-12T23:52:10.223993,CLOSED,CAS-CSE-03-0530,5G-AMF-NODE-02,False
ALT-CSE-03-04577,CSE-03,HIGH,2024-10-29T00:32:15,2024-10-29T00:35:25.303286,2024-10-29T01:39:30.085064,CLOSED,,5G-AMF-NODE-02,False
ALT-CSE-03-04578,CSE-03,MEDIUM,2024-12-24T13:15:02,2024-12-24T13:20:11.664407,2024-12-24T13:59:08.063498,CLOSED,,CARRIER-ROUTER-99,False
ALT-CSE-03-04579,CSE-03,HIGH,2024-12-25T07:26:19,2024-12-25T07:34:04.197972,2024-12-25T08:20:26.653128,CLOSED,,TELCO-AAA-SRV,False
ALT-CSE-03-04580,CSE-03,LOW,2024-12-06T22:41:37,2024-12-06T22:43:41.905692,2024-12-07T00:02:04.022004,CLOSED,,5G-AMF-NODE-02,False
ALT-CSE-03-04581,CSE-03,CRITICAL,2024-10-22T03:27:55,2024-10-22T03:34:51.028810,2024-10-22T04:24:21.185047,CLOSED,CAS-CSE-03-0531,TELCO-AAA-SRV,False
ALT-CSE-03-04582,CSE-03,MEDIUM,2024-12-10T01:51:36,2024-12-10T01:58:25.567057,2024-12-10T02:33:56.060995,CLOSED,,TELCO-AAA-SRV,False
ALT-CSE-03-04583,CSE-03,MEDIUM,2024-12-28T10:46:16,2024-12-28T10:54:34.297694,2024-12-28T11:33:02.924806,CLOSED,,5G-AMF-NODE-02,False
ALT-CSE-03-04584,CSE-03,LOW,2024-10-17T09:30:20,2024-10-17T09:36:11.687750,2024-10-17T10:17:29.252554,CLOSED,,5G-CORE-UPF-01,False
ALT-CSE-03-04585,CSE-03,HIGH,2024-11-22T07:31:16,2024-11-22T07:38:36.213297,2024-11-22T08:36:29.429815,CLOSED,,5G-CORE-UPF-01,False
ALT-CSE-03-04586,CSE-03,HIGH,2024-12-11T11:10:39,2024-12-11T11:16:41.240432,2024-12-11T12:04:06.981397,CLOSED,CAS-CSE-03-0532,EDGE-GATEWAY-12,False
ALT-CSE-03-04587,CSE-03,MEDIUM,2024-12-21T11:28:28,2024-12-21T11:34:53.779449,2024-12-21T12:23:07.371219,CLOSED,,EDGE-GATEWAY-12,False
ALT-CSE-03-04588,CSE-03,MEDIUM,2024-10-28T19:45:14,2024-10-28T19:52:30.186348,2024-10-28T21:00:56.714286,CLOSED,,EDGE-GATEWAY-12,False
ALT-CSE-03-04589,CSE-03,CRITICAL,2024-10-31T06:09:12,2024-10-31T06:16:44.651799,2024-10-31T06:41:14.707677,CLOSED,,5G-CORE-UPF-01,False
ALT-CSE-03-04590,CSE-03,HIGH,2024-11-14T11:27:37,2024-11-14T11:32:23.553458,2024-11-14T12:50:37.366535,CLOSED,,CARRIER-ROUTER-99,False
ALT-CSE-03-04591,CSE-03,LOW,2024-11-24T06:37:43,2024-11-24T06:43:07.187004,2024-11-24T07:53:32.751164,CLOSED,,5G-AMF-NODE-02,False
ALT-CSE-03-04592,CSE-03,HIGH,2024-12-16T19:34:45,2024-12-16T19:40:55.180295,2024-12-16T20:26:21.098132,CLOSED,,EDGE-GATEWAY-12,False
ALT-CSE-03-04593,CSE-03,CRITICAL,2024-11-06T17:47:56,2024-11-06T17:56:44.383099,2024-11-06T18:33:06.480186,CLOSED,CAS-CSE-03-0533,TELCO-AAA-SRV,False
ALT-CSE-03-04594,CSE-03,MEDIUM,2024-12-01T01:30:33,2024-12-01T01:39:23.573529,2024-12-01T02:38:58.197295,CLOSED,,EDGE-GATEWAY-12,False
ALT-CSE-03-04595,CSE-03,MEDIUM,2024-12-26T15:50:25,2024-12-26T15:54:57.127511,2024-12-26T17:11:33.711230,CLOSED,,5G-CORE-UPF-01,False
ALT-CSE-03-04596,CSE-03,HIGH,2024-10-11T18:17:28,2024-10-11T18:22:18.318798,2024-10-11T18:54:32.982003,CLOSED,CAS-CSE-03-0534,CARRIER-ROUTER-99,False
ALT-CSE-03-04597,CSE-03,MEDIUM,2024-11-16T22:32:55,2024-11-16T22:34:58.721823,2024-11-16T23:26:02.088197,CLOSED,,EDGE-GATEWAY-12,False
ALT-CSE-03-04598,CSE-03,MEDIUM,2024-10-14T10:44:55,2024-10-14T10:54:16.298370,2024-10-14T12:03:35.308307,CLOSED,,5G-AMF-NODE-02,False
ALT-CSE-03-04599,CSE-03,MEDIUM,2024-10-19T17:57:52,2024-10-19T18:02:54.539623,2024-10-19T18:54:54.209605,CLOSED,,5G-CORE-UPF-01,False
ALT-CSE-03-04600,CSE-03,MEDIUM,2024-12-14T14:13:08,2024-12-14T14:17:05.174789,2024-12-14T15:13:55.360799,CLOSED,,5G-AMF-NODE-02,False
ALT-CSE-03-04601,CSE-03,LOW,2024-11-22T10:25:02,2024-11-22T10:31:46.591619,2024-11-22T11:47:01.300610,CLOSED,,5G-AMF-NODE-02,False
ALT-CSE-03-04602,CSE-03,LOW,2024-11-01T19:44:39,2024-11-01T19:49:00.419627,2024-11-01T20:27:04.335352,CLOSED,,5G-CORE-UPF-01,False
ALT-CSE-03-04603,CSE-03,HIGH,2024-10-02T20:35:21,2024-10-02T20:39:50.479767,2024-10-02T21:35:19.329245,CLOSED,,TELCO-AAA-SRV,False
ALT-CSE-03-04604,CSE-03,HIGH,2024-11-23T12:39:56,2024-11-23T12:44:45.929288,2024-11-23T13:43:06.034514,CLOSED,,CARRIER-ROUTER-99,False
ALT-CSE-03-04605,CSE-03,LOW,2024-10-05T15:54:25,2024-10-05T15:59:07.980300,2024-10-05T16:26:34.032456,CLOSED,,CARRIER-ROUTER-99,False
ALT-CSE-03-04606,CSE-03,LOW,2024-12-16T14:20:22,2024-12-16T14:23:04.074449,2024-12-16T15:34:03.866573,CLOSED,,5G-CORE-UPF-01,False
ALT-CSE-03-04607,CSE-03,MEDIUM,2024-12-02T09:26:18,2024-12-02T09:31:20.996545,2024-12-02T10:18:42.508971,CLOSED,,CARRIER-ROUTER-99,False
ALT-CSE-03-04608,CSE-03,MEDIUM,2024-10-05T07:09:40,2024-10-05T07:16:17.758412,2024-10-05T08:10:56.933550,CLOSED,,CARRIER-ROUTER-99,False
ALT-CSE-03-04609,CSE-03,HIGH,2024-12-02T02:36:03,2024-12-02T02:45:43.107245,2024-12-02T03:33:45.874670,CLOSED,,EDGE-GATEWAY-12,False
ALT-CSE-03-04610,CSE-03,MEDIUM,2024-10-24T21:36:52,2024-10-24T21:40:10.276011,2024-10-24T22:58:56.766748,CLOSED,,TELCO-AAA-SRV,False
ALT-CSE-03-04611,CSE-03,CRITICAL,2024-10-11T18:01:39,2024-10-11T18:04:30.508514,2024-10-11T19:01:30.559040,CLOSED,CAS-CSE-03-0535,5G-AMF-NODE-02,False
ALT-CSE-03-04612,CSE-03,LOW,2024-11-29T03:40:33,2024-11-29T03:47:53.239688,2024-11-29T04:49:04.804227,CLOSED,,EDGE-GATEWAY-12,False
ALT-CSE-03-04613,CSE-03,LOW,2024-10-10T02:22:02,2024-10-10T02:26:05.507849,2024-10-10T03:19:51.441086,CLOSED,,TELCO-AAA-SRV,False
ALT-CSE-03-04614,CSE-03,LOW,2024-12-26T06:33:54,2024-12-26T06:39:22.560376,2024-12-26T07:40:02.490620,CLOSED,,5G-CORE-UPF-01,False
ALT-CSE-03-04615,CSE-03,LOW,2024-11-16T19:40:17,2024-11-16T19:46:41.926201,2024-11-16T21:02:47.430949,CLOSED,,CARRIER-ROUTER-99,False
ALT-CSE-03-04616,CSE-03,LOW,2024-12-05T14:36:45,2024-12-05T14:44:45.007355,2024-12-05T15:45:10.658801,CLOSED,,TELCO-AAA-SRV,False
ALT-CSE-03-04617,CSE-03,LOW,2024-12-11T21:11:49,2024-12-11T21:20:03.900218,2024-12-11T21:59:11.572871,CLOSED,,EDGE-GATEWAY-12,False
ALT-CSE-03-04618,CSE-03,HIGH,2024-11-06T16:27:34,2024-11-06T16:32:40.538048,2024-11-06T17:32:43.805616,CLOSED,,CARRIER-ROUTER-99,False
ALT-CSE-03-04619,CSE-03,MEDIUM,2024-10-28T10:49:59,2024-10-28T10:55:42.837072,2024-10-28T11:35:29.527344,CLOSED,,5G-CORE-UPF-01,False
ALT-CSE-03-04620,CSE-03,HIGH,2024-12-02T10:13:16,2024-12-02T10:16:24.018912,2024-12-02T11:35:06.648783,CLOSED,,CARRIER-ROUTER-99,False
ALT-CSE-03-04621,CSE-03,LOW,2024-12-17T19:11:39,2024-12-17T19:16:48.950064,2024-12-17T20:21:54.106419,CLOSED,,5G-CORE-UPF-01,False
ALT-CSE-03-04622,CSE-03,CRITICAL,2024-11-01T22:50:01,2024-11-01T22:59:29.063657,2024-11-01T23:41:57.531238,CLOSED,CAS-CSE-03-0536,EDGE-GATEWAY-12,False
ALT-CSE-03-04623,CSE-03,LOW,2024-10-30T20:13:39,2024-10-30T20:21:01.445094,2024-10-30T21:04:00.202401,CLOSED,,EDGE-GATEWAY-12,False
ALT-CSE-03-04624,CSE-03,MEDIUM,2024-11-11T12:51:47,2024-11-11T12:57:07.406779,2024-11-11T14:03:43.001922,CLOSED,,5G-CORE-UPF-01,False
ALT-CSE-03-04625,CSE-03,MEDIUM,2024-11-22T21:40:08,2024-11-22T21:43:23.637124,2024-11-22T23:02:23.593824,CLOSED,,TELCO-AAA-SRV,False
ALT-CSE-03-04626,CSE-03,LOW,2024-12-24T01:42:11,2024-12-24T01:51:02.204895,2024-12-24T02:53:22.697919,CLOSED,,TELCO-AAA-SRV,False
ALT-CSE-03-04627,CSE-03,HIGH,2024-11-13T22:20:27,2024-11-13T22:24:47.334817,2024-11-13T23:20:13.031113,CLOSED,CAS-CSE-03-0537,5G-AMF-NODE-02,False
ALT-CSE-03-04628,CSE-03,LOW,2024-12-27T14:59:17,2024-12-27T15:05:15.186591,2024-12-27T15:29:58.345115,CLOSED,,EDGE-GATEWAY-12,False
ALT-CSE-03-04629,CSE-03,LOW,2024-11-11T11:47:05,2024-11-11T11:54:04.975033,2024-11-11T13:04:50.638927,CLOSED,,CARRIER-ROUTER-99,False
ALT-CSE-03-04630,CSE-03,MEDIUM,2024-11-06T05:03:03,2024-11-06T05:11:24.654606,2024-11-06T06:17:20.520999,CLOSED,,5G-CORE-UPF-01,False
ALT-CSE-03-04631,CSE-03,MEDIUM,2024-12-24T22:19:14,2024-12-24T22:24:12.504184,2024-12-24T23:10:46.158148,CLOSED,,EDGE-GATEWAY-12,False
ALT-CSE-03-04632,CSE-03,MEDIUM,2024-12-07T06:07:59,2024-12-07T06:14:21.125169,2024-12-07T06:52:38.134321,CLOSED,,EDGE-GATEWAY-12,False
ALT-CSE-03-04633,CSE-03,MEDIUM,2024-10-29T17:21:07,2024-10-29T17:29:43.870025,2024-10-29T18:37:27.485331,CLOSED,,EDGE-GATEWAY-12,False
ALT-CSE-03-04634,CSE-03,CRITICAL,2024-11-08T00:52:30,2024-11-08T01:01:33.719511,2024-11-08T01:37:32.974038,CLOSED,,CARRIER-ROUTER-99,False
ALT-CSE-03-04635,CSE-03,MEDIUM,2024-11-25T21:03:37,2024-11-25T21:08:26.769229,2024-11-25T21:52:42.965689,CLOSED,,TELCO-AAA-SRV,False
ALT-CSE-03-04636,CSE-03,HIGH,2024-12-23T22:51:43,2024-12-23T22:54:14.501312,2024-12-23T23:56:32.754336,CLOSED,,EDGE-GATEWAY-12,False
ALT-CSE-03-04637,CSE-03,LOW,2024-11-15T12:25:53,2024-11-15T12:33:01.726807,2024-11-15T13:25:00.070203,CLOSED,,CARRIER-ROUTER-99,False
ALT-CSE-03-04638,CSE-03,LOW,2024-10-09T03:24:50,2024-10-09T03:28:20.292191,2024-10-09T03:56:00.409554,CLOSED,,5G-AMF-NODE-02,False
ALT-CSE-03-04639,CSE-03,LOW,2024-12-16T00:59:03,2024-12-16T01:04:53.907315,2024-12-16T02:22:04.267629,CLOSED,,5G-AMF-NODE-02,False
ALT-CSE-03-04640,CSE-03,MEDIUM,2024-10-09T18:22:51,2024-10-09T18:28:00.260086,2024-10-09T19:27:35.614278,CLOSED,,EDGE-GATEWAY-12,False
ALT-CSE-03-04641,CSE-03,HIGH,2024-11-28T11:10:27,2024-11-28T11:16:26.689673,2024-11-28T12:33:54.586407,CLOSED,,TELCO-AAA-SRV,False
ALT-CSE-03-04642,CSE-03,MEDIUM,2024-11-15T00:47:39,2024-11-15T00:55:05.297885,2024-11-15T01:38:44.162797,CLOSED,,EDGE-GATEWAY-12,False
ALT-CSE-03-04643,CSE-03,LOW,2024-10-29T16:32:33,2024-10-29T16:42:25.844520,2024-10-29T17:30:01.402468,CLOSED,,EDGE-GATEWAY-12,False
ALT-CSE-03-04644,CSE-03,LOW,2024-10-08T18:50:52,2024-10-08T18:58:15.636037,2024-10-08T19:47:23.755719,CLOSED,,5G-AMF-NODE-02,False
ALT-CSE-03-04645,CSE-03,HIGH,2024-11-26T09:42:11,2024-11-26T09:47:38.487275,2024-11-26T11:06:23.180529,CLOSED,,EDGE-GATEWAY-12,False
ALT-CSE-03-04646,CSE-03,MEDIUM,2024-12-01T05:43:01,2024-12-01T05:51:43.320696,2024-12-01T06:19:15.444570,CLOSED,,TELCO-AAA-SRV,False
ALT-CSE-03-04647,CSE-03,HIGH,2024-10-22T04:19:54,2024-10-22T04:28:28.440403,2024-10-22T05:05:28.387849,CLOSED,,TELCO-AAA-SRV,False
ALT-CSE-03-04648,CSE-03,CRITICAL,2024-10-12T10:44:11,2024-10-12T10:46:27.722524,2024-10-12T11:19:45.297672,CLOSED,CAS-CSE-03-0538,TELCO-AAA-SRV,False
ALT-CSE-03-04649,CSE-03,MEDIUM,2024-11-30T06:11:59,2024-11-30T06:21:40.471309,2024-11-30T07:32:46.445375,CLOSED,,5G-AMF-NODE-02,False
ALT-CSE-03-04650,CSE-03,LOW,2024-11-14T04:04:49,2024-11-14T04:13:07.317789,2024-11-14T05:02:33.293129,CLOSED,,5G-AMF-NODE-02,False
ALT-CSE-03-04651,CSE-03,HIGH,2024-12-18T14:35:40,2024-12-18T14:44:09.078487,2024-12-18T15:26:31.626902,CLOSED,,TELCO-AAA-SRV,False
ALT-CSE-03-04652,CSE-03,HIGH,2024-11-24T19:21:15,2024-11-24T19:26:33.263128,2024-11-24T20:19:39.802912,CLOSED,,TELCO-AAA-SRV,False
ALT-CSE-03-04653,CSE-03,MEDIUM,2024-10-07T22:08:12,2024-10-07T22:16:14.099702,2024-10-07T23:27:01.003453,CLOSED,,5G-CORE-UPF-01,False
ALT-CSE-03-04654,CSE-03,MEDIUM,2024-11-24T00:21:01,2024-11-24T00:28:31.421867,2024-11-24T01:15:41.859528,CLOSED,,TELCO-AAA-SRV,False
ALT-CSE-03-04655,CSE-03,MEDIUM,2024-11-05T23:14:21,2024-11-05T23:24:04.236914,2024-11-06T00:16:31.087756,CLOSED,,CARRIER-ROUTER-99,False
ALT-CSE-03-04656,CSE-03,MEDIUM,2024-11-15T12:06:49,2024-11-15T12:15:15.766715,2024-11-15T12:37:38.059824,CLOSED,,5G-AMF-NODE-02,False
ALT-CSE-03-04657,CSE-03,MEDIUM,2024-11-22T17:20:56,2024-11-22T17:24:37.468661,2024-11-22T18:28:05.208775,CLOSED,,EDGE-GATEWAY-12,False
ALT-CSE-03-04658,CSE-03,MEDIUM,2024-10-25T19:26:36,2024-10-25T19:34:05.161038,2024-10-25T20:12:41.822202,CLOSED,,TELCO-AAA-SRV,False
ALT-CSE-03-04659,CSE-03,HIGH,2024-10-03T15:30:36,2024-10-03T15:36:29.985610,2024-10-03T16:06:30.789009,CLOSED,CAS-CSE-03-0539,TELCO-AAA-SRV,False
ALT-CSE-03-04660,CSE-03,HIGH,2024-10-17T02:28:19,2024-10-17T02:34:42.351885,2024-10-17T03:48:04.418701,CLOSED,CAS-CSE-03-0540,TELCO-AAA-SRV,False
ALT-CSE-03-04661,CSE-03,MEDIUM,2024-11-19T10:32:20,2024-11-19T10:41:24.354725,2024-11-19T11:31:42.091329,CLOSED,,CARRIER-ROUTER-99,False
ALT-CSE-03-04662,CSE-03,MEDIUM,2024-10-15T13:36:36,2024-10-15T13:39:48.726466,2024-10-15T14:13:31.783850,CLOSED,,5G-CORE-UPF-01,False
ALT-CSE-03-04663,CSE-03,CRITICAL,2024-11-07T08:48:14,2024-11-07T08:57:38.888385,2024-11-07T09:37:17.325614,CLOSED,CAS-CSE-03-0541,TELCO-AAA-SRV,False
ALT-CSE-03-04664,CSE-03,HIGH,2024-10-12T04:45:53,2024-10-12T04:50:15.513684,2024-10-12T05:23:20.242557,CLOSED,CAS-CSE-03-0542,5G-AMF-NODE-02,False
ALT-CSE-03-04665,CSE-03,LOW,2024-10-14T23:22:02,2024-10-14T23:24:02.612219,2024-10-15T00:12:51.268085,CLOSED,,EDGE-GATEWAY-12,False
ALT-CSE-03-04666,CSE-03,MEDIUM,2024-12-29T13:35:58,2024-12-29T13:39:21.028807,2024-12-29T14:56:48.531746,CLOSED,,5G-CORE-UPF-01,False
ALT-CSE-03-04667,CSE-03,HIGH,2024-12-10T08:03:22,2024-12-10T08:08:47.946862,2024-12-10T09:02:14.267993,CLOSED,,5G-CORE-UPF-01,False
ALT-CSE-03-04668,CSE-03,LOW,2024-12-18T00:34:21,2024-12-18T00:42:05.403859,2024-12-18T01:41:13.821271,CLOSED,,5G-CORE-UPF-01,False
ALT-CSE-03-04669,CSE-03,LOW,2024-11-29T06:47:51,2024-11-29T06:52:57.140271,2024-11-29T07:24:41.446921,CLOSED,,TELCO-AAA-SRV,False
ALT-CSE-03-04670,CSE-03,MEDIUM,2024-10-15T06:09:26,2024-10-15T06:13:18.901713,2024-10-15T06:54:01.253084,CLOSED,,CARRIER-ROUTER-99,False
ALT-CSE-03-04671,CSE-03,MEDIUM,2024-12-25T15:59:08,2024-12-25T16:04:18.677104,2024-12-25T16:49:11.819972,CLOSED,,EDGE-GATEWAY-12,False
ALT-CSE-03-04672,CSE-03,MEDIUM,2024-12-12T14:22:49,2024-12-12T14:30:45.663510,2024-12-12T15:27:35.363095,CLOSED,,5G-CORE-UPF-01,False
ALT-CSE-03-04673,CSE-03,MEDIUM,2024-11-10T07:19:19,2024-11-10T07:24:10.823359,2024-11-10T08:34:13.044384,CLOSED,,5G-CORE-UPF-01,False
ALT-CSE-03-04674,CSE-03,LOW,2024-11-10T23:09:00,2024-11-10T23:17:23.290695,2024-11-11T00:17:38.249367,CLOSED,,5G-AMF-NODE-02,False
ALT-CSE-03-04675,CSE-03,LOW,2024-10-15T20:47:26,2024-10-15T20:57:06.510586,2024-10-15T22:04:43.739692,CLOSED,,5G-CORE-UPF-01,False
ALT-CSE-03-04676,CSE-03,MEDIUM,2024-12-23T20:25:57,2024-12-23T20:28:27.221313,2024-12-23T20:57:27.997335,CLOSED,,5G-CORE-UPF-01,False
ALT-CSE-03-04677,CSE-03,HIGH,2024-10-03T00:44:08,2024-10-03T00:51:48.367999,2024-10-03T01:34:07.571609,CLOSED,,TELCO-AAA-SRV,False
ALT-CSE-03-04678,CSE-03,LOW,2024-11-28T11:25:01,2024-11-28T11:31:36.339256,2024-11-28T12:21:41.057939,CLOSED,,5G-AMF-NODE-02,False
ALT-CSE-03-04679,CSE-03,LOW,2024-11-21T10:12:47,2024-11-21T10:19:09.598262,2024-11-21T11:21:00.680033,CLOSED,,TELCO-AAA-SRV,False
ALT-CSE-03-04680,CSE-03,CRITICAL,2024-12-05T06:12:54,2024-12-05T06:22:46.451855,2024-12-05T07:13:37.112821,CLOSED,CAS-CSE-03-0543,TELCO-AAA-SRV,False
ALT-CSE-03-04681,CSE-03,MEDIUM,2024-12-23T03:59:10,2024-12-23T04:03:35.198899,2024-12-23T04:40:35.187887,CLOSED,,CARRIER-ROUTER-99,False
ALT-CSE-03-04682,CSE-03,HIGH,2024-10-11T23:04:34,2024-10-11T23:11:55.902726,2024-10-12T00:00:15.418716,CLOSED,,TELCO-AAA-SRV,False
ALT-CSE-03-04683,CSE-03,LOW,2024-10-09T16:10:25,2024-10-09T16:19:03.943411,2024-10-09T17:13:26.333437,CLOSED,,5G-AMF-NODE-02,False
ALT-CSE-03-04684,CSE-03,CRITICAL,2024-10-17T12:42:09,2024-10-17T12:52:03.172490,2024-10-17T13:25:07.233414,CLOSED,,EDGE-GATEWAY-12,False
ALT-CSE-03-04685,CSE-03,MEDIUM,2024-10-12T02:52:55,2024-10-12T03:02:15.151857,2024-10-12T04:15:14.212261,CLOSED,,EDGE-GATEWAY-12,False
ALT-CSE-03-04686,CSE-03,MEDIUM,2024-11-07T08:07:22,2024-11-07T08:10:01.412176,2024-11-07T09:19:23.313051,CLOSED,,5G-AMF-NODE-02,False
ALT-CSE-03-04687,CSE-03,LOW,2024-11-08T01:35:27,2024-11-08T01:40:10.044376,2024-11-08T02:49:43.662752,CLOSED,,5G-CORE-UPF-01,False
ALT-CSE-03-04688,CSE-03,LOW,2024-11-14T14:48:25,2024-11-14T14:51:37.018894,2024-11-14T15:55:12.423310,CLOSED,,5G-CORE-UPF-01,False
ALT-CSE-03-04689,CSE-03,LOW,2024-11-02T05:35:00,2024-11-02T05:42:16.215849,2024-11-02T06:45:07.020376,CLOSED,,EDGE-GATEWAY-12,False
ALT-CSE-03-04690,CSE-03,HIGH,2024-11-20T21:23:28,2024-11-20T21:29:44.875437,2024-11-20T22:44:36.801894,CLOSED,CAS-CSE-03-0544,EDGE-GATEWAY-12,True
ALT-CSE-03-04691,CSE-03,CRITICAL,2024-12-04T14:30:10,2024-12-04T14:39:19.370467,2024-12-04T15:46:14.162765,CLOSED,CAS-CSE-03-0545,5G-CORE-UPF-01,True
ALT-CSE-03-04692,CSE-03,HIGH,2024-12-15T16:35:38,2024-12-15T16:45:30.871704,2024-12-15T17:10:26.856062,CLOSED,,EDGE-GATEWAY-12,False
ALT-CSE-03-04693,CSE-03,CRITICAL,2024-11-03T23:05:53,2024-11-03T23:09:09.837451,2024-11-03T23:48:22.982224,CLOSED,CAS-CSE-03-0546,CARRIER-ROUTER-99,False
ALT-CSE-03-04694,CSE-03,LOW,2024-11-17T16:45:54,2024-11-17T16:55:16.885599,2024-11-17T17:26:07.031434,CLOSED,,5G-CORE-UPF-01,False
ALT-CSE-03-04695,CSE-03,HIGH,2024-11-07T19:46:25,2024-11-07T19:55:48.454717,2024-11-07T20:56:25.963437,CLOSED,,EDGE-GATEWAY-12,False
ALT-CSE-03-04696,CSE-03,HIGH,2024-10-06T07:15:07,2024-10-06T07:17:53.049212,2024-10-06T08:22:20.195145,CLOSED,,EDGE-GATEWAY-12,False
ALT-CSE-03-04697,CSE-03,LOW,2024-12-01T00:17:16,2024-12-01T00:24:57.484869,2024-12-01T00:56:02.713581,CLOSED,,CARRIER-ROUTER-99,False
ALT-CSE-03-04698,CSE-03,MEDIUM,2024-12-07T01:09:43,2024-12-07T01:18:43.198778,2024-12-07T01:53:43.845549,CLOSED,,CARRIER-ROUTER-99,False
ALT-CSE-03-04699,CSE-03,CRITICAL,2024-12-12T01:42:35,2024-12-12T01:47:46.983908,2024-12-12T03:03:31.905029,CLOSED,,CARRIER-ROUTER-99,False
ALT-CSE-03-04700,CSE-03,MEDIUM,2024-10-18T03:55:00,2024-10-18T04:02:32.843879,2024-10-18T04:32:23.114572,CLOSED,,EDGE-GATEWAY-12,False
ALT-CSE-03-04701,CSE-03,MEDIUM,2024-11-07T09:00:16,2024-11-07T09:07:52.466730,2024-11-07T09:45:31.570892,CLOSED,,EDGE-GATEWAY-12,False
ALT-CSE-03-04702,CSE-03,MEDIUM,2024-11-23T13:39:00,2024-11-23T13:42:30.298268,2024-11-23T15:00:35.378872,CLOSED,,5G-AMF-NODE-02,False
ALT-CSE-03-04703,CSE-03,HIGH,2024-12-25T11:21:35,2024-12-25T11:26:16.980565,2024-12-25T12:23:55.399829,CLOSED,,5G-AMF-NODE-02,False
ALT-CSE-03-04704,CSE-03,LOW,2024-12-17T05:13:45,2024-12-17T05:16:39.896528,2024-12-17T06:10:17.732282,CLOSED,,CARRIER-ROUTER-99,False
ALT-CSE-03-04705,CSE-03,MEDIUM,2024-12-11T10:57:29,2024-12-11T10:59:58.095451,2024-12-11T11:46:24.432166,CLOSED,,EDGE-GATEWAY-12,False
ALT-CSE-03-04706,CSE-03,HIGH,2024-11-21T04:23:51,2024-11-21T04:30:57.464557,2024-11-21T05:24:13.939091,CLOSED,CAS-CSE-03-0547,5G-CORE-UPF-01,False
ALT-CSE-03-04707,CSE-03,MEDIUM,2024-12-29T04:11:10,2024-12-29T04:14:03.269165,2024-12-29T04:59:52.453056,CLOSED,,EDGE-GATEWAY-12,False
ALT-CSE-03-04708,CSE-03,MEDIUM,2024-11-12T22:43:42,2024-11-12T22:52:35.802857,2024-11-12T23:21:55.532131,CLOSED,,CARRIER-ROUTER-99,False
ALT-CSE-03-04709,CSE-03,HIGH,2024-10-06T18:39:18,2024-10-06T18:48:24.574512,2024-10-06T19:47:18.148592,CLOSED,,5G-CORE-UPF-01,False
ALT-CSE-03-04710,CSE-03,MEDIUM,2024-11-11T19:50:57,2024-11-11T19:55:51.633910,2024-11-11T21:03:06.226329,CLOSED,,EDGE-GATEWAY-12,False
ALT-CSE-03-04711,CSE-03,HIGH,2024-11-16T10:14:01,2024-11-16T10:16:13.353137,2024-11-16T11:24:02.547650,CLOSED,,TELCO-AAA-SRV,False
ALT-CSE-03-04712,CSE-03,LOW,2024-12-12T02:28:42,2024-12-12T02:35:18.125547,2024-12-12T03:31:46.469120,CLOSED,,CARRIER-ROUTER-99,False
ALT-CSE-03-04713,CSE-03,MEDIUM,2024-12-12T10:03:13,2024-12-12T10:09:49.522292,2024-12-12T11:14:11.873555,CLOSED,,EDGE-GATEWAY-12,False
ALT-CSE-03-04714,CSE-03,LOW,2024-12-18T13:14:43,2024-12-18T13:23:58.457446,2024-12-18T14:34:02.142779,CLOSED,,5G-CORE-UPF-01,False
ALT-CSE-03-04715,CSE-03,MEDIUM,2024-10-14T22:08:08,2024-10-14T22:17:26.803240,2024-10-14T23:13:51.110097,CLOSED,,5G-AMF-NODE-02,False
ALT-CSE-03-04716,CSE-03,MEDIUM,2024-10-18T13:55:29,2024-10-18T14:03:06.100571,2024-10-18T15:05:18.118666,CLOSED,,TELCO-AAA-SRV,False
ALT-CSE-03-04717,CSE-03,MEDIUM,2024-11-07T11:59:42,2024-11-07T12:08:59.397050,2024-11-07T12:55:49.643917,CLOSED,,TELCO-AAA-SRV,False
ALT-CSE-03-04718,CSE-03,CRITICAL,2024-10-15T01:45:24,2024-10-15T01:53:14.693987,2024-10-15T02:19:45.561170,CLOSED,,TELCO-AAA-SRV,False
ALT-CSE-03-04719,CSE-03,HIGH,2024-10-02T14:34:35,2024-10-02T14:40:51.560467,2024-10-02T15:05:18.768584,CLOSED,,5G-AMF-NODE-02,False
ALT-CSE-03-04720,CSE-03,CRITICAL,2024-12-16T04:58:56,2024-12-16T05:08:38.832828,2024-12-16T06:00:45.707514,CLOSED,CAS-CSE-03-0548,EDGE-GATEWAY-12,False
ALT-CSE-03-04721,CSE-03,HIGH,2024-12-18T09:58:55,2024-12-18T10:07:34.299079,2024-12-18T10:42:57.173637,CLOSED,CAS-CSE-03-0549,5G-CORE-UPF-01,False
ALT-CSE-03-04722,CSE-03,MEDIUM,2024-12-08T14:58:14,2024-12-08T15:07:16.974021,2024-12-08T16:00:54.516181,CLOSED,,5G-AMF-NODE-02,False
ALT-CSE-03-04723,CSE-03,CRITICAL,2024-12-19T19:29:50,2024-12-19T19:33:40.983279,2024-12-19T20:12:30.193330,CLOSED,CAS-CSE-03-0550,TELCO-AAA-SRV,False
ALT-CSE-03-04724,CSE-03,LOW,2024-11-21T08:57:55,2024-11-21T09:03:31.203660,2024-11-21T09:53:17.335465,CLOSED,,5G-AMF-NODE-02,False
ALT-CSE-03-04725,CSE-03,LOW,2024-12-12T15:24:43,2024-12-12T15:27:02.603999,2024-12-12T16:02:27.324470,CLOSED,,5G-AMF-NODE-02,False
ALT-CSE-03-04726,CSE-03,MEDIUM,2024-12-05T02:33:54,2024-12-05T02:39:05.576559,2024-12-05T03:53:12.595281,CLOSED,,EDGE-GATEWAY-12,False
ALT-CSE-03-04727,CSE-03,CRITICAL,2024-12-11T23:12:18,2024-12-11T23:21:48.477270,2024-12-12T00:27:02.196463,CLOSED,,EDGE-GATEWAY-12,False
ALT-CSE-03-04728,CSE-03,MEDIUM,2024-10-16T06:29:10,2024-10-16T06:36:54.651046,2024-10-16T07:47:21.525578,CLOSED,,5G-CORE-UPF-01,False
ALT-CSE-03-04729,CSE-03,MEDIUM,2024-11-14T21:45:32,2024-11-14T21:51:46.339071,2024-11-14T22:35:47.233060,CLOSED,,CARRIER-ROUTER-99,False
ALT-CSE-03-04730,CSE-03,HIGH,2024-12-14T14:25:02,2024-12-14T14:31:43.749362,2024-12-14T15:49:19.682944,CLOSED,,EDGE-GATEWAY-12,False
ALT-CSE-03-04731,CSE-03,HIGH,2024-10-30T22:30:33,2024-10-30T22:40:08.293204,2024-10-30T23:12:58.088666,CLOSED,,TELCO-AAA-SRV,False
ALT-CSE-03-04732,CSE-03,MEDIUM,2024-10-26T08:31:56,2024-10-26T08:35:56.127328,2024-10-26T09:38:55.661230,CLOSED,,CARRIER-ROUTER-99,False
ALT-CSE-03-04733,CSE-03,LOW,2024-10-12T18:59:28,2024-10-12T19:07:49.672008,2024-10-12T19:49:11.518547,CLOSED,,CARRIER-ROUTER-99,False
ALT-CSE-03-04734,CSE-03,LOW,2024-12-05T03:46:20,2024-12-05T03:50:06.999627,2024-12-05T04:30:38.652610,CLOSED,,5G-CORE-UPF-01,False
ALT-CSE-03-04735,CSE-03,HIGH,2024-12-09T16:18:56,2024-12-09T16:25:23.076513,2024-12-09T17:16:46.679218,CLOSED,,CARRIER-ROUTER-99,False
ALT-CSE-03-04736,CSE-03,LOW,2024-10-01T21:39:57,2024-10-01T21:46:09.246961,2024-10-01T22:43:17.853598,CLOSED,,5G-CORE-UPF-01,False
ALT-CSE-03-04737,CSE-03,MEDIUM,2024-10-01T03:14:57,2024-10-01T03:24:05.185120,2024-10-01T04:21:29.530522,CLOSED,,CARRIER-ROUTER-99,False
ALT-CSE-03-04738,CSE-03,MEDIUM,2024-10-24T15:08:45,2024-10-24T15:11:23.492905,2024-10-24T16:11:51.001593,CLOSED,,EDGE-GATEWAY-12,False
ALT-CSE-03-04739,CSE-03,MEDIUM,2024-12-05T11:03:03,2024-12-05T11:11:38.489543,2024-12-05T12:11:26.493329,CLOSED,,EDGE-GATEWAY-12,False
ALT-CSE-03-04740,CSE-03,MEDIUM,2024-12-06T01:34:57,2024-12-06T01:38:01.670512,2024-12-06T02:50:02.774572,CLOSED,,CARRIER-ROUTER-99,False
ALT-CSE-03-04741,CSE-03,MEDIUM,2024-11-18T03:32:16,2024-11-18T03:42:03.180573,2024-11-18T04:20:26.967789,CLOSED,,EDGE-GATEWAY-12,False
ALT-CSE-03-04742,CSE-03,LOW,2024-11-23T02:36:39,2024-11-23T02:39:35.797499,2024-11-23T03:31:23.822831,CLOSED,,TELCO-AAA-SRV,False
ALT-CSE-03-04743,CSE-03,MEDIUM,2024-11-05T18:50:37,2024-11-05T18:54:08.140494,2024-11-05T19:35:45.714404,CLOSED,,EDGE-GATEWAY-12,False
ALT-CSE-03-04744,CSE-03,CRITICAL,2024-12-21T21:55:08,2024-12-21T22:02:51.888289,2024-12-21T22:25:46.139392,CLOSED,,5G-CORE-UPF-01,False
ALT-CSE-03-04745,CSE-03,LOW,2024-10-15T16:12:47,2024-10-15T16:15:41.807730,2024-10-15T17:16:11.947771,CLOSED,,EDGE-GATEWAY-12,False
ALT-CSE-03-04746,CSE-03,LOW,2024-11-16T15:16:07,2024-11-16T15:20:09.615722,2024-11-16T16:41:01.247283,CLOSED,,TELCO-AAA-SRV,False
ALT-CSE-03-04747,CSE-03,MEDIUM,2024-10-20T13:36:11,2024-10-20T13:38:54.206516,2024-10-20T14:36:58.330622,CLOSED,,5G-CORE-UPF-01,False
ALT-CSE-03-04748,CSE-03,LOW,2024-12-24T15:19:49,2024-12-24T15:28:53.266121,2024-12-24T16:28:05.268791,CLOSED,,5G-CORE-UPF-01,False
ALT-CSE-03-04749,CSE-03,MEDIUM,2024-11-29T19:06:27,2024-11-29T19:09:22.139804,2024-11-29T20:10:15.062435,CLOSED,,TELCO-AAA-SRV,False
ALT-CSE-03-04750,CSE-03,CRITICAL,2024-10-27T07:16:14,2024-10-27T07:25:27.842199,2024-10-27T08:04:59.936404,CLOSED,CAS-CSE-03-0551,5G-AMF-NODE-02,False
ALT-CSE-03-04751,CSE-03,HIGH,2024-10-03T10:12:01,2024-10-03T10:17:03.589886,2024-10-03T11:34:32.855433,CLOSED,CAS-CSE-03-0552,5G-CORE-UPF-01,False
ALT-CSE-03-04752,CSE-03,CRITICAL,2024-12-03T10:07:16,2024-12-03T10:11:26.403562,2024-12-03T11:05:44.065443,CLOSED,,CARRIER-ROUTER-99,False
ALT-CSE-03-04753,CSE-03,HIGH,2024-11-01T01:53:03,2024-11-01T01:56:20.477486,2024-11-01T03:10:15.519068,CLOSED,,TELCO-AAA-SRV,False
ALT-CSE-03-04754,CSE-03,CRITICAL,2024-10-22T03:59:56,2024-10-22T04:02:25.909543,2024-10-22T05:09:14.808232,CLOSED,,CARRIER-ROUTER-99,False
ALT-CSE-03-04755,CSE-03,LOW,2024-11-17T08:12:45,2024-11-17T08:22:02.936362,2024-11-17T09:20:33.878260,CLOSED,,5G-CORE-UPF-01,False
ALT-CSE-03-04756,CSE-03,LOW,2024-11-16T12:50:26,2024-11-16T12:55:15.295684,2024-11-16T13:39:08.600290,CLOSED,,EDGE-GATEWAY-12,False
ALT-CSE-03-04757,CSE-03,MEDIUM,2024-10-16T17:13:18,2024-10-16T17:21:06.420640,2024-10-16T18:36:18.176973,CLOSED,,CARRIER-ROUTER-99,False
ALT-CSE-03-04758,CSE-03,MEDIUM,2024-12-27T05:06:18,2024-12-27T05:14:05.163766,2024-12-27T06:31:16.522704,CLOSED,,5G-CORE-UPF-01,False
ALT-CSE-03-04759,CSE-03,HIGH,2024-10-22T23:36:59,2024-10-22T23:39:32.206763,2024-10-23T00:46:20.338030,CLOSED,,EDGE-GATEWAY-12,False
ALT-CSE-03-04760,CSE-03,MEDIUM,2024-10-27T01:25:39,2024-10-27T01:29:13.259495,2024-10-27T02:09:06.506979,CLOSED,,CARRIER-ROUTER-99,False
ALT-CSE-03-04761,CSE-03,MEDIUM,2024-10-22T07:12:47,2024-10-22T07:17:35.357086,2024-10-22T07:49:33.907077,CLOSED,,EDGE-GATEWAY-12,False
ALT-CSE-03-04762,CSE-03,MEDIUM,2024-11-20T03:30:59,2024-11-20T03:39:19.184693,2024-11-20T04:37:06.897247,CLOSED,,TELCO-AAA-SRV,False
ALT-CSE-03-04763,CSE-03,LOW,2024-11-15T23:29:33,2024-11-15T23:35:24.317145,2024-11-16T00:08:13.986638,CLOSED,,5G-CORE-UPF-01,False
ALT-CSE-03-04764,CSE-03,HIGH,2024-12-29T17:02:07,2024-12-29T17:08:37.070860,2024-12-29T17:59:29.437209,CLOSED,CAS-CSE-03-0553,CARRIER-ROUTER-99,False
ALT-CSE-03-04765,CSE-03,HIGH,2024-12-22T02:47:06,2024-12-22T02:49:59.348661,2024-12-22T03:37:46.551623,CLOSED,,CARRIER-ROUTER-99,False
ALT-CSE-03-04766,CSE-03,MEDIUM,2024-11-04T11:46:21,2024-11-04T11:51:13.500357,2024-11-04T12:28:20.273675,CLOSED,,EDGE-GATEWAY-12,False
ALT-CSE-03-04767,CSE-03,LOW,2024-10-16T18:15:09,2024-10-16T18:21:19.057351,2024-10-16T18:46:10.033451,CLOSED,,5G-AMF-NODE-02,False
ALT-CSE-03-04768,CSE-03,LOW,2024-11-17T06:39:30,2024-11-17T06:44:57.644491,2024-11-17T07:42:22.679211,CLOSED,,CARRIER-ROUTER-99,False
ALT-CSE-03-04769,CSE-03,MEDIUM,2024-12-07T08:30:59,2024-12-07T08:35:06.858915,2024-12-07T09:47:21.795200,CLOSED,,5G-CORE-UPF-01,False
ALT-CSE-03-04770,CSE-03,MEDIUM,2024-11-20T06:27:23,2024-11-20T06:37:01.555190,2024-11-20T07:29:55.300477,CLOSED,,CARRIER-ROUTER-99,False
ALT-CSE-03-04771,CSE-03,HIGH,2024-10-22T01:06:57,2024-10-22T01:10:14.533431,2024-10-22T01:47:20.115933,CLOSED,,5G-CORE-UPF-01,False
ALT-CSE-03-04772,CSE-03,LOW,2024-11-23T17:19:17,2024-11-23T17:21:31.446171,2024-11-23T17:54:40.539587,CLOSED,,EDGE-GATEWAY-12,False
ALT-CSE-03-04773,CSE-03,MEDIUM,2024-10-12T00:12:51,2024-10-12T00:20:03.385287,2024-10-12T01:14:04.472755,CLOSED,,5G-AMF-NODE-02,False
ALT-CSE-03-04774,CSE-03,MEDIUM,2024-12-29T08:17:11,2024-12-29T08:20:29.922649,2024-12-29T09:25:23.710565,CLOSED,,CARRIER-ROUTER-99,False
ALT-CSE-03-04775,CSE-03,LOW,2024-11-30T21:18:11,2024-11-30T21:25:21.443743,2024-11-30T22:12:47.512997,CLOSED,,5G-AMF-NODE-02,False
ALT-CSE-03-04776,CSE-03,MEDIUM,2024-11-22T03:06:26,2024-11-22T03:11:51.833945,2024-11-22T03:43:12.199219,CLOSED,,5G-CORE-UPF-01,False
ALT-CSE-03-04777,CSE-03,CRITICAL,2024-12-19T18:09:24,2024-12-19T18:14:50.219259,2024-12-19T19:11:23.195458,CLOSED,,5G-AMF-NODE-02,False
ALT-CSE-03-04778,CSE-03,LOW,2024-12-14T14:27:13,2024-12-14T14:35:02.586813,2024-12-14T15:43:47.272039,CLOSED,,TELCO-AAA-SRV,False
ALT-CSE-03-04779,CSE-03,MEDIUM,2024-10-06T17:58:24,2024-10-06T18:05:55.321816,2024-10-06T19:00:59.674038,CLOSED,,EDGE-GATEWAY-12,False
ALT-CSE-03-04780,CSE-03,CRITICAL,2024-11-05T01:46:43,2024-11-05T01:54:40.641998,2024-11-05T02:20:51.566185,CLOSED,,5G-CORE-UPF-01,False
ALT-CSE-03-04781,CSE-03,HIGH,2024-11-17T23:04:58,2024-11-17T23:14:13.996972,2024-11-17T23:48:14.332329,CLOSED,CAS-CSE-03-0554,EDGE-GATEWAY-12,False
ALT-CSE-03-04782,CSE-03,HIGH,2024-11-14T15:49:53,2024-11-14T15:58:32.089274,2024-11-14T16:23:24.038311,CLOSED,,5G-AMF-NODE-02,False
ALT-CSE-03-04783,CSE-03,LOW,2024-10-31T08:46:27,2024-10-31T08:51:17.222073,2024-10-31T10:03:36.005340,CLOSED,,5G-AMF-NODE-02,False
ALT-CSE-03-04784,CSE-03,LOW,2024-10-23T08:19:02,2024-10-23T08:24:24.742330,2024-10-23T09:34:26.303776,CLOSED,,5G-CORE-UPF-01,False
ALT-CSE-03-04785,CSE-03,LOW,2024-12-25T02:44:29,2024-12-25T02:47:57.208110,2024-12-25T03:32:56.500865,CLOSED,,5G-CORE-UPF-01,False
ALT-CSE-03-04786,CSE-03,MEDIUM,2024-11-25T16:53:24,2024-11-25T17:00:39.656469,2024-11-25T18:18:23.125170,CLOSED,,5G-CORE-UPF-01,False
ALT-CSE-03-04787,CSE-03,CRITICAL,2024-11-24T04:32:27,2024-11-24T04:35:50.675015,2024-11-24T05:31:51.095794,CLOSED,CAS-CSE-03-0555,CARRIER-ROUTER-99,True
ALT-CSE-03-04788,CSE-03,CRITICAL,2024-10-16T01:14:52,2024-10-16T01:20:29.620167,2024-10-16T02:18:26.427761,CLOSED,CAS-CSE-03-0556,CARRIER-ROUTER-99,False
ALT-CSE-03-04789,CSE-03,MEDIUM,2024-12-24T04:51:39,2024-12-24T04:58:39.087070,2024-12-24T05:44:43.849084,CLOSED,,5G-CORE-UPF-01,False
ALT-CSE-03-04790,CSE-03,MEDIUM,2024-11-06T14:26:29,2024-11-06T14:29:36.482724,2024-11-06T15:50:12.889749,CLOSED,,5G-AMF-NODE-02,False
ALT-CSE-03-04791,CSE-03,CRITICAL,2024-10-25T19:33:18,2024-10-25T19:38:58.176142,2024-10-25T20:44:02.870552,CLOSED,,TELCO-AAA-SRV,False
ALT-CSE-03-04792,CSE-03,MEDIUM,2024-11-20T00:37:07,2024-11-20T00:43:19.800579,2024-11-20T01:47:03.201277,CLOSED,,5G-AMF-NODE-02,False
ALT-CSE-03-04793,CSE-03,HIGH,2024-12-02T10:43:00,2024-12-02T10:48:05.038722,2024-12-02T12:00:16.382986,CLOSED,,EDGE-GATEWAY-12,False
ALT-CSE-03-04794,CSE-03,HIGH,2024-11-01T11:26:37,2024-11-01T11:30:41.172299,2024-11-01T12:42:47.367126,CLOSED,,TELCO-AAA-SRV,False
ALT-CSE-03-04795,CSE-03,HIGH,2024-10-22T07:43:59,2024-10-22T07:53:28.822910,2024-10-22T08:16:17.055071,CLOSED,,CARRIER-ROUTER-99,False
ALT-CSE-03-04796,CSE-03,MEDIUM,2024-11-07T00:07:50,2024-11-07T00:15:10.455582,2024-11-07T01:22:30.316358,CLOSED,,5G-AMF-NODE-02,False
ALT-CSE-03-04797,CSE-03,HIGH,2024-12-03T07:41:17,2024-12-03T07:44:41.766046,2024-12-03T08:24:53.589769,CLOSED,,5G-CORE-UPF-01,False
ALT-CSE-03-04798,CSE-03,LOW,2024-12-28T05:43:46,2024-12-28T05:46:46.357008,2024-12-28T06:42:42.818264,CLOSED,,5G-CORE-UPF-01,False
ALT-CSE-03-04799,CSE-03,MEDIUM,2024-10-02T03:50:08,2024-10-02T03:58:08.969765,2024-10-02T04:26:06.416188,CLOSED,,5G-AMF-NODE-02,False
ALT-CSE-03-04800,CSE-03,MEDIUM,2024-10-14T00:42:44,2024-10-14T00:45:08.749399,2024-10-14T01:49:14.485021,CLOSED,,EDGE-GATEWAY-12,False
ALT-CSE-03-04801,CSE-03,CRITICAL,2024-11-18T01:31:52,2024-11-18T01:39:44.216364,2024-11-18T02:17:55.763172,CLOSED,CAS-CSE-03-0557,5G-AMF-NODE-02,False
ALT-CSE-03-04802,CSE-03,MEDIUM,2024-11-17T22:09:08,2024-11-17T22:11:25.865438,2024-11-17T22:53:28.352931,CLOSED,,5G-AMF-NODE-02,False
ALT-CSE-03-04803,CSE-03,MEDIUM,2024-11-16T02:26:31,2024-11-16T02:30:04.665195,2024-11-16T03:47:24.373378,CLOSED,,CARRIER-ROUTER-99,False
ALT-CSE-03-04804,CSE-03,CRITICAL,2024-10-23T21:56:12,2024-10-23T22:01:11.394379,2024-10-23T22:39:22.006718,CLOSED,CAS-CSE-03-0558,5G-AMF-NODE-02,False
ALT-CSE-03-04805,CSE-03,HIGH,2024-12-06T02:56:00,2024-12-06T03:02:17.004268,2024-12-06T04:04:59.700004,CLOSED,,TELCO-AAA-SRV,False
ALT-CSE-03-04806,CSE-03,MEDIUM,2024-10-06T11:24:15,2024-10-06T11:31:08.432717,2024-10-06T12:11:07.679472,CLOSED,,EDGE-GATEWAY-12,False
ALT-CSE-03-04807,CSE-03,CRITICAL,2024-12-28T18:05:27,2024-12-28T18:14:47.560942,2024-12-28T19:11:00.239856,CLOSED,CAS-CSE-03-0559,EDGE-GATEWAY-12,False
ALT-CSE-03-04808,CSE-03,CRITICAL,2024-10-10T19:52:55,2024-10-10T19:57:17.818375,2024-10-10T20:52:50.425530,CLOSED,,EDGE-GATEWAY-12,False
ALT-CSE-03-04809,CSE-03,LOW,2024-10-29T20:41:00,2024-10-29T20:43:27.224533,2024-10-29T21:28:05.725122,CLOSED,,EDGE-GATEWAY-12,False
ALT-CSE-03-04810,CSE-03,LOW,2024-12-17T22:57:09,2024-12-17T23:02:21.774454,2024-12-17T23:51:03.611486,CLOSED,,EDGE-GATEWAY-12,False
ALT-CSE-03-04811,CSE-03,HIGH,2024-11-24T16:18:19,2024-11-24T16:23:16.095365,2024-11-24T17:25:11.079673,CLOSED,,CARRIER-ROUTER-99,False
ALT-CSE-03-04812,CSE-03,LOW,2024-12-12T06:23:26,2024-12-12T06:31:02.503992,2024-12-12T07:24:34.015105,CLOSED,,TELCO-AAA-SRV,False
ALT-CSE-03-04813,CSE-03,LOW,2024-11-05T00:09:31,2024-11-05T00:14:27.909807,2024-11-05T01:29:47.316898,CLOSED,,5G-CORE-UPF-01,False
ALT-CSE-03-04814,CSE-03,HIGH,2024-10-29T07:46:54,2024-10-29T07:49:02.292618,2024-10-29T09:10:59.923392,CLOSED,,CARRIER-ROUTER-99,False
ALT-CSE-03-04815,CSE-03,HIGH,2024-11-29T10:55:30,2024-11-29T10:57:42.622407,2024-11-29T11:41:39.344228,CLOSED,,CARRIER-ROUTER-99,False
ALT-CSE-03-04816,CSE-03,CRITICAL,2024-11-11T19:01:40,2024-11-11T19:04:59.198489,2024-11-11T20:11:10.146609,CLOSED,CAS-CSE-03-0560,5G-CORE-UPF-01,True
ALT-CSE-03-04817,CSE-03,MEDIUM,2024-12-15T10:35:00,2024-12-15T10:38:29.018870,2024-12-15T11:37:33.926326,CLOSED,,5G-AMF-NODE-02,False
ALT-CSE-03-04818,CSE-03,HIGH,2024-10-19T04:44:33,2024-10-19T04:46:44.733704,2024-10-19T06:05:22.773477,CLOSED,,5G-CORE-UPF-01,False
ALT-CSE-03-04819,CSE-03,MEDIUM,2024-11-23T03:53:10,2024-11-23T04:00:23.954537,2024-11-23T04:48:38.637470,CLOSED,,EDGE-GATEWAY-12,False
ALT-CSE-03-04820,CSE-03,MEDIUM,2024-10-29T00:58:52,2024-10-29T01:01:44.984402,2024-10-29T02:08:12.296093,CLOSED,,TELCO-AAA-SRV,False
ALT-CSE-03-04821,CSE-03,HIGH,2024-10-04T19:59:06,2024-10-04T20:06:50.404817,2024-10-04T20:54:13.970907,CLOSED,,5G-CORE-UPF-01,False
ALT-CSE-03-04822,CSE-03,MEDIUM,2024-11-07T21:13:09,2024-11-07T21:21:02.046674,2024-11-07T22:10:42.753277,CLOSED,,TELCO-AAA-SRV,False
ALT-CSE-03-04823,CSE-03,HIGH,2024-11-18T06:57:54,2024-11-18T07:04:00.724004,2024-11-18T08:14:26.903626,CLOSED,,CARRIER-ROUTER-99,False
ALT-CSE-03-04824,CSE-03,LOW,2024-10-16T19:57:10,2024-10-16T20:01:44.050027,2024-10-16T20:44:41.992601,CLOSED,,5G-AMF-NODE-02,False
ALT-CSE-03-04825,CSE-03,LOW,2024-11-01T10:04:58,2024-11-01T10:12:02.994701,2024-11-01T11:08:58.631723,CLOSED,,CARRIER-ROUTER-99,False
ALT-CSE-03-04826,CSE-03,CRITICAL,2024-10-27T05:44:07,2024-10-27T05:46:57.580182,2024-10-27T06:30:08.992229,CLOSED,CAS-CSE-03-0561,EDGE-GATEWAY-12,True
ALT-CSE-03-04827,CSE-03,MEDIUM,2024-12-26T09:36:59,2024-12-26T09:41:16.717150,2024-12-26T10:07:06.516121,CLOSED,,EDGE-GATEWAY-12,False
ALT-CSE-03-04828,CSE-03,MEDIUM,2024-11-24T05:10:02,2024-11-24T05:18:05.257323,2024-11-24T06:20:13.030599,CLOSED,,TELCO-AAA-SRV,False
ALT-CSE-03-04829,CSE-03,LOW,2024-12-03T03:22:49,2024-12-03T03:25:46.041380,2024-12-03T04:44:38.837644,CLOSED,,CARRIER-ROUTER-99,False
ALT-CSE-03-04830,CSE-03,MEDIUM,2024-11-05T05:21:47,2024-11-05T05:29:45.301667,2024-11-05T06:40:29.607699,CLOSED,,5G-CORE-UPF-01,False
ALT-CSE-03-04831,CSE-03,MEDIUM,2024-12-05T18:19:00,2024-12-05T18:24:03.217337,2024-12-05T18:59:33.946687,CLOSED,,TELCO-AAA-SRV,False
ALT-CSE-03-04832,CSE-03,HIGH,2024-11-17T03:56:57,2024-11-17T04:03:32.507461,2024-11-17T04:29:37.903493,CLOSED,,CARRIER-ROUTER-99,False
ALT-CSE-03-04833,CSE-03,LOW,2024-11-21T09:04:52,2024-11-21T09:11:13.983292,2024-11-21T10:22:36.151193,CLOSED,,5G-AMF-NODE-02,False
ALT-CSE-03-04834,CSE-03,MEDIUM,2024-11-20T13:02:38,2024-11-20T13:06:56.377006,2024-11-20T13:47:34.115327,CLOSED,,5G-CORE-UPF-01,False
ALT-CSE-03-04835,CSE-03,MEDIUM,2024-12-27T02:10:45,2024-12-27T02:18:24.119914,2024-12-27T03:16:14.573332,CLOSED,,EDGE-GATEWAY-12,False
ALT-CSE-03-04836,CSE-03,MEDIUM,2024-10-24T04:45:10,2024-10-24T04:51:01.668859,2024-10-24T06:01:42.869383,CLOSED,,CARRIER-ROUTER-99,False
ALT-CSE-03-04837,CSE-03,MEDIUM,2024-12-10T10:29:39,2024-12-10T10:35:40.134288,2024-12-10T11:03:02.070804,CLOSED,,EDGE-GATEWAY-12,False
ALT-CSE-03-04838,CSE-03,MEDIUM,2024-12-23T12:03:04,2024-12-23T12:08:14.264426,2024-12-23T12:46:00.865135,CLOSED,,CARRIER-ROUTER-99,False
ALT-CSE-03-04839,CSE-03,CRITICAL,2024-10-10T11:49:19,2024-10-10T11:57:54.573482,2024-10-10T12:32:21.700873,CLOSED,CAS-CSE-03-0562,CARRIER-ROUTER-99,True
ALT-CSE-03-04840,CSE-03,MEDIUM,2024-12-01T14:24:44,2024-12-01T14:30:39.380455,2024-12-01T14:57:38.529931,CLOSED,,CARRIER-ROUTER-99,False
ALT-CSE-03-04841,CSE-03,HIGH,2024-12-29T05:01:16,2024-12-29T05:07:58.949685,2024-12-29T05:32:23.876466,CLOSED,,TELCO-AAA-SRV,False
ALT-CSE-03-04842,CSE-03,MEDIUM,2024-11-06T23:21:16,2024-11-06T23:27:37.088072,2024-11-07T00:07:43.185822,CLOSED,,5G-AMF-NODE-02,False
ALT-CSE-03-04843,CSE-03,LOW,2024-10-12T23:07:48,2024-10-12T23:10:01.837296,2024-10-12T23:56:49.228045,CLOSED,,EDGE-GATEWAY-12,False
ALT-CSE-03-04844,CSE-03,MEDIUM,2024-11-30T23:28:55,2024-11-30T23:35:55.852430,2024-12-01T00:50:47.022622,CLOSED,,CARRIER-ROUTER-99,False
ALT-CSE-03-04845,CSE-03,MEDIUM,2024-11-08T07:31:42,2024-11-08T07:36:34.553752,2024-11-08T08:51:34.359467,CLOSED,,EDGE-GATEWAY-12,False
ALT-CSE-03-04846,CSE-03,HIGH,2024-11-30T05:14:17,2024-11-30T05:19:40.033121,2024-11-30T06:31:57.766657,CLOSED,,5G-AMF-NODE-02,False
ALT-CSE-03-04847,CSE-03,HIGH,2024-10-13T01:36:19,2024-10-13T01:41:38.323150,2024-10-13T02:53:56.749145,CLOSED,,CARRIER-ROUTER-99,False
ALT-CSE-03-04848,CSE-03,MEDIUM,2024-10-19T11:08:42,2024-10-19T11:17:29.892887,2024-10-19T12:10:19.471638,CLOSED,,CARRIER-ROUTER-99,False
ALT-CSE-03-04849,CSE-03,MEDIUM,2024-12-01T21:47:27,2024-12-01T21:51:48.971777,2024-12-01T22:40:20.695435,CLOSED,,5G-AMF-NODE-02,False
ALT-CSE-03-04850,CSE-03,LOW,2024-10-19T17:35:32,2024-10-19T17:38:10.698678,2024-10-19T18:59:50.761021,CLOSED,,5G-AMF-NODE-02,False
ALT-CSE-03-04851,CSE-03,CRITICAL,2024-10-16T02:24:25,2024-10-16T02:31:54.329423,2024-10-16T03:33:55.813805,CLOSED,CAS-CSE-03-0563,5G-AMF-NODE-02,True
ALT-CSE-03-04852,CSE-03,MEDIUM,2024-11-15T18:10:45,2024-11-15T18:14:16.758406,2024-11-15T19:20:43.285158,CLOSED,,EDGE-GATEWAY-12,False
ALT-CSE-03-04853,CSE-03,CRITICAL,2024-10-04T06:19:24,2024-10-04T06:28:58.632448,2024-10-04T07:30:08.427313,CLOSED,,EDGE-GATEWAY-12,False
ALT-CSE-03-04854,CSE-03,MEDIUM,2024-12-19T18:51:53,2024-12-19T18:58:00.929612,2024-12-19T20:09:07.256162,CLOSED,,TELCO-AAA-SRV,False
ALT-CSE-03-04855,CSE-03,MEDIUM,2024-12-29T16:23:07,2024-12-29T16:28:44.384804,2024-12-29T16:53:42.832964,CLOSED,,TELCO-AAA-SRV,False
ALT-CSE-03-04856,CSE-03,LOW,2024-11-11T17:39:59,2024-11-11T17:46:03.482878,2024-11-11T18:37:52.287603,CLOSED,,5G-AMF-NODE-02,False
ALT-CSE-03-04857,CSE-03,LOW,2024-10-09T14:02:07,2024-10-09T14:07:35.099989,2024-10-09T14:33:54.180282,CLOSED,,EDGE-GATEWAY-12,False
ALT-CSE-03-04858,CSE-03,HIGH,2024-12-27T06:24:21,2024-12-27T06:30:36.559763,2024-12-27T07:30:51.649150,CLOSED,,CARRIER-ROUTER-99,False
ALT-CSE-03-04859,CSE-03,MEDIUM,2024-10-05T07:54:04,2024-10-05T07:56:55.879308,2024-10-05T09:14:16.049922,CLOSED,,5G-CORE-UPF-01,False
ALT-CSE-03-04860,CSE-03,MEDIUM,2024-10-20T08:15:51,2024-10-20T08:25:48.971673,2024-10-20T08:58:30.693421,CLOSED,,TELCO-AAA-SRV,False
ALT-CSE-03-04861,CSE-03,LOW,2024-11-20T03:54:47,2024-11-20T04:01:35.636995,2024-11-20T04:39:22.168188,CLOSED,,5G-AMF-NODE-02,False
ALT-CSE-03-04862,CSE-03,MEDIUM,2024-10-28T08:49:50,2024-10-28T08:53:49.106476,2024-10-28T09:37:14.645439,CLOSED,,5G-AMF-NODE-02,False
ALT-CSE-03-04863,CSE-03,LOW,2024-10-18T06:37:16,2024-10-18T06:47:06.213479,2024-10-18T07:46:57.473548,CLOSED,,5G-CORE-UPF-01,False
ALT-CSE-03-04864,CSE-03,CRITICAL,2024-12-28T17:23:10,2024-12-28T17:27:51.401186,2024-12-28T18:05:56.171788,CLOSED,,EDGE-GATEWAY-12,False
ALT-CSE-03-04865,CSE-03,HIGH,2024-11-10T02:50:54,2024-11-10T02:54:07.339751,2024-11-10T03:21:52.452910,CLOSED,,5G-AMF-NODE-02,False
ALT-CSE-03-04866,CSE-03,CRITICAL,2024-10-02T01:25:31,2024-10-02T01:28:24.592728,2024-10-02T02:35:08.684461,CLOSED,CAS-CSE-03-0564,5G-CORE-UPF-01,False
ALT-CSE-03-04867,CSE-03,LOW,2024-11-17T16:34:53,2024-11-17T16:38:42.975231,2024-11-17T17:24:24.000711,CLOSED,,CARRIER-ROUTER-99,False
ALT-CSE-03-04868,CSE-03,MEDIUM,2024-10-05T18:55:22,2024-10-05T19:00:07.894059,2024-10-05T19:59:47.626830,CLOSED,,5G-CORE-UPF-01,False
ALT-CSE-03-04869,CSE-03,LOW,2024-12-27T06:13:42,2024-12-27T06:19:25.907571,2024-12-27T07:20:54.275923,CLOSED,,TELCO-AAA-SRV,False
ALT-CSE-03-04870,CSE-03,LOW,2024-10-09T21:38:32,2024-10-09T21:42:56.415985,2024-10-09T22:29:46.439771,CLOSED,,TELCO-AAA-SRV,False
ALT-CSE-03-04871,CSE-03,HIGH,2024-10-30T16:16:55,2024-10-30T16:20:43.771974,2024-10-30T17:14:06.769625,CLOSED,,5G-CORE-UPF-01,False
ALT-CSE-03-04872,CSE-03,LOW,2024-12-01T02:40:05,2024-12-01T02:48:13.323451,2024-12-01T03:15:01.316498,CLOSED,,5G-CORE-UPF-01,False
ALT-CSE-03-04873,CSE-03,MEDIUM,2024-10-06T04:20:01,2024-10-06T04:27:04.206237,2024-10-06T04:59:50.630600,CLOSED,,TELCO-AAA-SRV,False
ALT-CSE-03-04874,CSE-03,LOW,2024-11-29T23:51:55,2024-11-29T23:54:44.486632,2024-11-30T01:12:54.274849,CLOSED,,EDGE-GATEWAY-12,False
ALT-CSE-03-04875,CSE-03,MEDIUM,2024-12-22T00:28:53,2024-12-22T00:38:30.631736,2024-12-22T01:27:49.041755,CLOSED,,CARRIER-ROUTER-99,False
ALT-CSE-03-04876,CSE-03,LOW,2024-10-26T19:37:15,2024-10-26T19:40:22.035142,2024-10-26T20:15:30.275922,CLOSED,,CARRIER-ROUTER-99,False
ALT-CSE-03-04877,CSE-03,MEDIUM,2024-10-09T18:14:28,2024-10-09T18:20:00.711769,2024-10-09T19:25:56.593210,CLOSED,,5G-CORE-UPF-01,False
ALT-CSE-03-04878,CSE-03,CRITICAL,2024-12-15T08:25:30,2024-12-15T08:29:20.829790,2024-12-15T09:05:07.200939,CLOSED,CAS-CSE-03-0565,5G-AMF-NODE-02,False
ALT-CSE-03-04879,CSE-03,MEDIUM,2024-10-25T23:39:21,2024-10-25T23:42:52.915951,2024-10-26T00:26:15.391577,CLOSED,,EDGE-GATEWAY-12,False
ALT-CSE-03-04880,CSE-03,MEDIUM,2024-11-29T23:13:27,2024-11-29T23:15:56.052451,2024-11-30T00:25:14.886668,CLOSED,,5G-CORE-UPF-01,False
ALT-CSE-03-04881,CSE-03,LOW,2024-10-17T08:37:32,2024-10-17T08:41:32.361702,2024-10-17T09:08:45.207294,CLOSED,,5G-CORE-UPF-01,False
ALT-CSE-03-04882,CSE-03,LOW,2024-11-13T14:48:45,2024-11-13T14:54:26.849793,2024-11-13T16:02:18.349667,CLOSED,,TELCO-AAA-SRV,False
ALT-CSE-03-04883,CSE-03,LOW,2024-12-25T11:14:47,2024-12-25T11:17:50.768119,2024-12-25T12:21:37.349057,CLOSED,,CARRIER-ROUTER-99,False
ALT-CSE-03-04884,CSE-03,LOW,2024-11-15T17:10:43,2024-11-15T17:17:04.139077,2024-11-15T17:56:59.290136,CLOSED,,5G-CORE-UPF-01,False
ALT-CSE-03-04885,CSE-03,CRITICAL,2024-12-11T01:25:02,2024-12-11T01:31:03.410049,2024-12-11T02:22:36.194609,CLOSED,CAS-CSE-03-0566,5G-AMF-NODE-02,False
ALT-CSE-03-04886,CSE-03,LOW,2024-11-17T05:10:25,2024-11-17T05:14:26.680696,2024-11-17T06:29:55.931421,CLOSED,,5G-AMF-NODE-02,False
ALT-CSE-03-04887,CSE-03,CRITICAL,2024-12-08T21:57:13,2024-12-08T22:04:11.552220,2024-12-08T22:30:14.391612,CLOSED,,CARRIER-ROUTER-99,False
ALT-CSE-03-04888,CSE-03,LOW,2024-11-15T21:49:12,2024-11-15T21:55:39.372014,2024-11-15T22:50:10.965621,CLOSED,,5G-CORE-UPF-01,False
ALT-CSE-03-04889,CSE-03,HIGH,2024-11-16T14:12:03,2024-11-16T14:14:56.143624,2024-11-16T14:45:54.309738,CLOSED,,CARRIER-ROUTER-99,False
ALT-CSE-03-04890,CSE-03,LOW,2024-12-04T21:22:26,2024-12-04T21:31:13.581156,2024-12-04T22:27:00.083800,CLOSED,,EDGE-GATEWAY-12,False
ALT-CSE-03-04891,CSE-03,MEDIUM,2024-10-08T07:34:13,2024-10-08T07:41:16.759535,2024-10-08T08:25:19.652261,CLOSED,,5G-AMF-NODE-02,False
ALT-CSE-03-04892,CSE-03,MEDIUM,2024-12-06T18:48:47,2024-12-06T18:57:16.636633,2024-12-06T19:43:36.689543,CLOSED,,EDGE-GATEWAY-12,False
ALT-CSE-03-04893,CSE-03,HIGH,2024-10-30T18:08:21,2024-10-30T18:13:09.193380,2024-10-30T19:28:41.540781,CLOSED,,EDGE-GATEWAY-12,False
ALT-CSE-03-04894,CSE-03,MEDIUM,2024-12-24T19:22:04,2024-12-24T19:30:11.208545,2024-12-24T20:02:49.839271,CLOSED,,5G-CORE-UPF-01,False
ALT-CSE-03-04895,CSE-03,MEDIUM,2024-11-20T14:54:12,2024-11-20T15:00:00.765797,2024-11-20T15:36:23.917916,CLOSED,,EDGE-GATEWAY-12,False
ALT-CSE-03-04896,CSE-03,HIGH,2024-10-27T14:20:00,2024-10-27T14:28:43.756529,2024-10-27T15:40:04.379820,CLOSED,,5G-AMF-NODE-02,False
ALT-CSE-03-04897,CSE-03,MEDIUM,2024-10-29T08:48:05,2024-10-29T08:55:00.214576,2024-10-29T09:52:34.062043,CLOSED,,5G-AMF-NODE-02,False
ALT-CSE-03-04898,CSE-03,HIGH,2024-12-28T07:28:19,2024-12-28T07:32:45.795933,2024-12-28T08:43:45.668141,CLOSED,,CARRIER-ROUTER-99,False
ALT-CSE-03-04899,CSE-03,MEDIUM,2024-11-16T16:42:15,2024-11-16T16:46:18.597227,2024-11-16T17:36:05.654661,CLOSED,,CARRIER-ROUTER-99,False
ALT-CSE-03-04900,CSE-03,MEDIUM,2024-10-25T05:09:01,2024-10-25T05:11:48.326180,2024-10-25T05:39:48.729893,CLOSED,,CARRIER-ROUTER-99,False
ALT-CSE-03-04901,CSE-03,HIGH,2024-10-17T01:25:46,2024-10-17T01:33:31.254313,2024-10-17T02:49:35.591552,CLOSED,,5G-CORE-UPF-01,False
ALT-CSE-03-04902,CSE-03,MEDIUM,2024-12-13T08:33:21,2024-12-13T08:40:01.745435,2024-12-13T09:54:55.299359,CLOSED,,EDGE-GATEWAY-12,False
ALT-CSE-03-04903,CSE-03,CRITICAL,2024-10-19T23:20:06,2024-10-19T23:25:30.308967,2024-10-20T00:43:42.156102,CLOSED,CAS-CSE-03-0567,EDGE-GATEWAY-12,False
ALT-CSE-03-04904,CSE-03,MEDIUM,2024-10-17T19:16:54,2024-10-17T19:20:45.454565,2024-10-17T19:59:56.661378,CLOSED,,CARRIER-ROUTER-99,False
ALT-CSE-03-04905,CSE-03,CRITICAL,2024-10-24T22:09:06,2024-10-24T22:16:21.165190,2024-10-24T22:57:10.636817,CLOSED,CAS-CSE-03-0568,EDGE-GATEWAY-12,False
ALT-CSE-03-04906,CSE-03,MEDIUM,2024-10-28T18:49:29,2024-10-28T18:54:22.566552,2024-10-28T19:20:32.595514,CLOSED,,5G-CORE-UPF-01,False
ALT-CSE-03-04907,CSE-03,MEDIUM,2024-11-22T23:55:43,2024-11-23T00:02:59.356132,2024-11-23T00:28:47.548157,CLOSED,,5G-CORE-UPF-01,False
ALT-CSE-03-04908,CSE-03,LOW,2024-12-03T11:03:28,2024-12-03T11:07:11.004504,2024-12-03T11:42:10.546838,CLOSED,,TELCO-AAA-SRV,False
ALT-CSE-03-04909,CSE-03,CRITICAL,2024-11-16T16:35:39,2024-11-16T16:39:09.250079,2024-11-16T17:33:45.689139,CLOSED,CAS-CSE-03-0569,TELCO-AAA-SRV,False
ALT-CSE-03-04910,CSE-03,MEDIUM,2024-10-27T18:25:57,2024-10-27T18:33:37.121739,2024-10-27T19:33:23.044801,CLOSED,,CARRIER-ROUTER-99,False
ALT-CSE-03-04911,CSE-03,LOW,2024-10-12T21:20:01,2024-10-12T21:30:00.428571,2024-10-12T22:14:18.252243,CLOSED,,5G-AMF-NODE-02,False
ALT-CSE-03-04912,CSE-03,LOW,2024-10-19T19:32:44,2024-10-19T19:34:46.429649,2024-10-19T20:25:05.370434,CLOSED,,CARRIER-ROUTER-99,False
ALT-CSE-03-04913,CSE-03,LOW,2024-11-14T05:31:35,2024-11-14T05:36:43.208841,2024-11-14T06:26:15.756960,CLOSED,,5G-CORE-UPF-01,False
ALT-CSE-03-04914,CSE-03,LOW,2024-11-06T01:48:25,2024-11-06T01:56:18.599350,2024-11-06T02:22:27.722119,CLOSED,,TELCO-AAA-SRV,False
ALT-CSE-03-04915,CSE-03,LOW,2024-12-26T16:30:26,2024-12-26T16:38:41.027810,2024-12-26T17:18:54.017252,CLOSED,,5G-CORE-UPF-01,False
ALT-CSE-03-04916,CSE-03,LOW,2024-10-15T01:59:17,2024-10-15T02:07:32.905180,2024-10-15T02:50:33.739691,CLOSED,,5G-AMF-NODE-02,False
ALT-CSE-03-04917,CSE-03,CRITICAL,2024-10-22T00:53:36,2024-10-22T00:59:04.402766,2024-10-22T02:12:35.100465,CLOSED,CAS-CSE-03-0570,5G-AMF-NODE-02,True
ALT-CSE-03-04918,CSE-03,LOW,2024-10-17T20:24:15,2024-10-17T20:32:46.504668,2024-10-17T21:01:09.192947,CLOSED,,CARRIER-ROUTER-99,False
ALT-CSE-03-04919,CSE-03,HIGH,2024-10-10T14:14:36,2024-10-10T14:21:06.833020,2024-10-10T15:23:26.394139,CLOSED,,TELCO-AAA-SRV,False
ALT-CSE-03-04920,CSE-03,HIGH,2024-10-29T05:08:05,2024-10-29T05:17:06.814174,2024-10-29T05:43:29.996606,CLOSED,,CARRIER-ROUTER-99,False
ALT-CSE-03-04921,CSE-03,HIGH,2024-10-02T00:25:26,2024-10-02T00:27:39.391753,2024-10-02T01:13:18.999683,CLOSED,,5G-CORE-UPF-01,False
ALT-CSE-03-04922,CSE-03,MEDIUM,2024-11-28T18:39:53,2024-11-28T18:44:04.140930,2024-11-28T19:18:39.362943,CLOSED,,TELCO-AAA-SRV,False
ALT-CSE-03-04923,CSE-03,LOW,2024-11-08T15:07:03,2024-11-08T15:14:35.748024,2024-11-08T16:15:19.993792,CLOSED,,EDGE-GATEWAY-12,False
ALT-CSE-03-04924,CSE-03,CRITICAL,2024-12-01T02:42:28,2024-12-01T02:49:23.473717,2024-12-01T03:44:58.420459,CLOSED,,TELCO-AAA-SRV,False
ALT-CSE-03-04925,CSE-03,HIGH,2024-11-25T22:32:21,2024-11-25T22:39:54.805025,2024-11-25T23:14:47.325609,CLOSED,CAS-CSE-03-0571,EDGE-GATEWAY-12,False
ALT-CSE-03-04926,CSE-03,MEDIUM,2024-12-11T22:53:04,2024-12-11T22:55:40.717265,2024-12-11T23:47:41.275880,CLOSED,,CARRIER-ROUTER-99,False
ALT-CSE-03-04927,CSE-03,MEDIUM,2024-12-06T03:16:31,2024-12-06T03:19:28.786074,2024-12-06T04:33:08.043519,CLOSED,,5G-CORE-UPF-01,False
ALT-CSE-03-04928,CSE-03,MEDIUM,2024-11-01T02:56:12,2024-11-01T03:01:40.115010,2024-11-01T03:28:54.109889,CLOSED,,EDGE-GATEWAY-12,False
ALT-CSE-03-04929,CSE-03,MEDIUM,2024-11-11T18:21:19,2024-11-11T18:26:45.597884,2024-11-11T19:35:58.835166,CLOSED,,EDGE-GATEWAY-12,False
ALT-CSE-03-04930,CSE-03,MEDIUM,2024-10-12T11:32:11,2024-10-12T11:40:02.107281,2024-10-12T12:32:27.370936,CLOSED,,5G-CORE-UPF-01,False
ALT-CSE-03-04931,CSE-03,HIGH,2024-11-24T01:08:23,2024-11-24T01:18:19.929768,2024-11-24T02:24:00.359072,CLOSED,CAS-CSE-03-0572,EDGE-GATEWAY-12,False
ALT-CSE-03-04932,CSE-03,HIGH,2024-10-06T20:38:16,2024-10-06T20:40:47.674009,2024-10-06T21:55:38.298488,CLOSED,,CARRIER-ROUTER-99,False
ALT-CSE-03-04933,CSE-03,LOW,2024-10-09T02:18:27,2024-10-09T02:25:46.909517,2024-10-09T03:40:09.568245,CLOSED,,TELCO-AAA-SRV,False
ALT-CSE-03-04934,CSE-03,MEDIUM,2024-11-26T19:31:05,2024-11-26T19:37:32.628621,2024-11-26T20:06:00.160741,CLOSED,,EDGE-GATEWAY-12,False
ALT-CSE-03-04935,CSE-03,MEDIUM,2024-10-09T20:21:07,2024-10-09T20:23:45.629894,2024-10-09T21:28:25.746729,CLOSED,,TELCO-AAA-SRV,False
ALT-CSE-03-04936,CSE-03,LOW,2024-11-21T22:50:47,2024-11-21T22:56:42.165129,2024-11-21T23:35:44.058043,CLOSED,,5G-CORE-UPF-01,False
ALT-CSE-03-04937,CSE-03,MEDIUM,2024-11-01T02:32:42,2024-11-01T02:35:38.031481,2024-11-01T03:16:34.867853,CLOSED,,TELCO-AAA-SRV,False
ALT-CSE-03-04938,CSE-03,LOW,2024-11-13T23:07:37,2024-11-13T23:12:36.763574,2024-11-14T00:13:51.212130,CLOSED,,TELCO-AAA-SRV,False
ALT-CSE-03-04939,CSE-03,MEDIUM,2024-10-29T04:44:09,2024-10-29T04:46:20.657571,2024-10-29T05:24:42.650460,CLOSED,,5G-AMF-NODE-02,False
ALT-CSE-03-04940,CSE-03,LOW,2024-10-28T21:17:19,2024-10-28T21:27:01.808189,2024-10-28T22:25:03.992096,CLOSED,,EDGE-GATEWAY-12,False
ALT-CSE-03-04941,CSE-03,HIGH,2024-12-03T12:08:02,2024-12-03T12:16:15.983141,2024-12-03T12:59:04.669198,CLOSED,,TELCO-AAA-SRV,False
ALT-CSE-03-04942,CSE-03,CRITICAL,2024-10-22T08:19:34,2024-10-22T08:28:04.320817,2024-10-22T09:24:29.760163,CLOSED,CAS-CSE-03-0573,5G-CORE-UPF-01,False
ALT-CSE-03-04943,CSE-03,CRITICAL,2024-11-23T02:37:58,2024-11-23T02:47:47.888595,2024-11-23T03:27:05.217780,CLOSED,CAS-CSE-03-0574,5G-CORE-UPF-01,True
ALT-CSE-03-04944,CSE-03,HIGH,2024-11-20T09:45:29,2024-11-20T09:53:33.920839,2024-11-20T10:59:57.224440,CLOSED,,5G-AMF-NODE-02,False
ALT-CSE-03-04945,CSE-03,CRITICAL,2024-11-22T03:53:06,2024-11-22T03:56:01.338914,2024-11-22T04:39:21.130456,CLOSED,CAS-CSE-03-0575,CARRIER-ROUTER-99,False
ALT-CSE-03-04946,CSE-03,CRITICAL,2024-11-08T11:02:41,2024-11-08T11:11:40.713822,2024-11-08T12:20:54.113861,CLOSED,,TELCO-AAA-SRV,False
ALT-CSE-03-04947,CSE-03,HIGH,2024-11-24T16:28:24,2024-11-24T16:38:05.422420,2024-11-24T17:06:41.050356,CLOSED,,EDGE-GATEWAY-12,False
ALT-CSE-03-04948,CSE-03,LOW,2024-12-09T00:47:18,2024-12-09T00:52:09.336727,2024-12-09T01:41:37.205838,CLOSED,,5G-AMF-NODE-02,False
ALT-CSE-03-04949,CSE-03,CRITICAL,2024-10-01T12:55:01,2024-10-01T13:02:48.648351,2024-10-01T13:55:15.218319,CLOSED,CAS-CSE-03-0576,5G-AMF-NODE-02,False
ALT-CSE-03-04950,CSE-03,MEDIUM,2024-10-14T04:26:56,2024-10-14T04:35:18.723660,2024-10-14T04:59:08.588766,CLOSED,,TELCO-AAA-SRV,False
ALT-CSE-03-04951,CSE-03,MEDIUM,2024-10-27T14:54:30,2024-10-27T15:03:32.672380,2024-10-27T16:00:06.748897,CLOSED,,CARRIER-ROUTER-99,False
ALT-CSE-03-04952,CSE-03,LOW,2024-11-18T07:52:44,2024-11-18T07:56:26.667819,2024-11-18T08:23:38.596900,CLOSED,,TELCO-AAA-SRV,False
ALT-CSE-03-04953,CSE-03,HIGH,2024-10-24T11:19:04,2024-10-24T11:24:50.868769,2024-10-24T12:03:06.897907,CLOSED,,5G-CORE-UPF-01,False
ALT-CSE-03-04954,CSE-03,LOW,2024-12-14T13:31:24,2024-12-14T13:39:01.571595,2024-12-14T14:12:36.362631,CLOSED,,TELCO-AAA-SRV,False
ALT-CSE-03-04955,CSE-03,MEDIUM,2024-10-14T11:18:15,2024-10-14T11:24:45.560815,2024-10-14T12:16:38.836621,CLOSED,,TELCO-AAA-SRV,False
ALT-CSE-03-04956,CSE-03,LOW,2024-10-06T00:12:55,2024-10-06T00:17:08.567925,2024-10-06T01:14:45.482091,CLOSED,,TELCO-AAA-SRV,False
ALT-CSE-03-04957,CSE-03,MEDIUM,2024-11-26T16:25:54,2024-11-26T16:30:17.310532,2024-11-26T17:20:25.618795,CLOSED,,EDGE-GATEWAY-12,False
ALT-CSE-03-04958,CSE-03,LOW,2024-12-28T08:41:35,2024-12-28T08:48:15.482691,2024-12-28T09:15:27.021524,CLOSED,,5G-AMF-NODE-02,False
ALT-CSE-03-04959,CSE-03,MEDIUM,2024-11-29T18:53:10,2024-11-29T18:59:21.053358,2024-11-29T20:14:49.862874,CLOSED,,5G-CORE-UPF-01,False
ALT-CSE-03-04960,CSE-03,HIGH,2024-12-28T09:12:43,2024-12-28T09:18:17.760299,2024-12-28T09:42:48.067367,CLOSED,,EDGE-GATEWAY-12,False
ALT-CSE-03-04961,CSE-03,LOW,2024-11-24T01:09:52,2024-11-24T01:17:32.998556,2024-11-24T02:34:15.966233,CLOSED,,EDGE-GATEWAY-12,False
ALT-CSE-03-04962,CSE-03,MEDIUM,2024-12-29T05:21:32,2024-12-29T05:30:27.259978,2024-12-29T06:18:23.090517,CLOSED,,EDGE-GATEWAY-12,False
ALT-CSE-03-04963,CSE-03,LOW,2024-11-12T18:03:28,2024-11-12T18:09:16.523758,2024-11-12T19:20:51.392107,CLOSED,,CARRIER-ROUTER-99,False
ALT-CSE-03-04964,CSE-03,MEDIUM,2024-12-26T17:45:03,2024-12-26T17:53:00.220757,2024-12-26T18:52:47.197515,CLOSED,,CARRIER-ROUTER-99,False
ALT-CSE-03-04965,CSE-03,HIGH,2024-10-09T11:21:03,2024-10-09T11:23:24.326147,2024-10-09T12:43:34.469583,CLOSED,,5G-AMF-NODE-02,False
ALT-CSE-03-04966,CSE-03,LOW,2024-10-10T04:31:50,2024-10-10T04:34:00.389561,2024-10-10T05:13:38.839361,CLOSED,,TELCO-AAA-SRV,False
ALT-CSE-03-04967,CSE-03,MEDIUM,2024-12-22T20:33:15,2024-12-22T20:37:21.729633,2024-12-22T21:05:11.240916,CLOSED,,EDGE-GATEWAY-12,False
ALT-CSE-03-04968,CSE-03,HIGH,2024-12-10T21:01:41,2024-12-10T21:06:24.524209,2024-12-10T22:14:21.460547,CLOSED,,5G-AMF-NODE-02,False
ALT-CSE-03-04969,CSE-03,MEDIUM,2024-12-17T00:47:47,2024-12-17T00:54:29.829912,2024-12-17T01:29:37.302212,CLOSED,,EDGE-GATEWAY-12,False
ALT-CSE-03-04970,CSE-03,LOW,2024-11-22T22:17:42,2024-11-22T22:20:11.107648,2024-11-22T23:30:24.055884,CLOSED,,5G-AMF-NODE-02,False
ALT-CSE-03-04971,CSE-03,CRITICAL,2024-11-14T08:42:54,2024-11-14T08:45:44.226239,2024-11-14T09:58:09.702724,CLOSED,,5G-AMF-NODE-02,False
ALT-CSE-03-04972,CSE-03,LOW,2024-11-02T02:11:18,2024-11-02T02:19:16.429638,2024-11-02T02:58:11.708695,CLOSED,,5G-CORE-UPF-01,False
ALT-CSE-03-04973,CSE-03,LOW,2024-12-16T18:23:04,2024-12-16T18:29:27.672255,2024-12-16T19:43:54.708452,CLOSED,,CARRIER-ROUTER-99,False
ALT-CSE-03-04974,CSE-03,MEDIUM,2024-11-28T03:53:58,2024-11-28T04:00:19.414398,2024-11-28T05:03:00.381381,CLOSED,,EDGE-GATEWAY-12,False
ALT-CSE-03-04975,CSE-03,MEDIUM,2024-11-23T19:46:57,2024-11-23T19:49:43.471798,2024-11-23T21:09:44.819793,CLOSED,,CARRIER-ROUTER-99,False
ALT-CSE-03-04976,CSE-03,MEDIUM,2024-12-06T00:05:17,2024-12-06T00:12:53.571669,2024-12-06T00:51:43.250692,CLOSED,,TELCO-AAA-SRV,False
ALT-CSE-03-04977,CSE-03,HIGH,2024-12-25T10:41:29,2024-12-25T10:44:43.999006,2024-12-25T11:21:55.861818,CLOSED,,TELCO-AAA-SRV,False
ALT-CSE-03-04978,CSE-03,LOW,2024-10-25T15:47:18,2024-10-25T15:50:37.239699,2024-10-25T16:35:42.494939,CLOSED,,CARRIER-ROUTER-99,False
ALT-CSE-03-04979,CSE-03,MEDIUM,2024-11-14T19:57:59,2024-11-14T20:00:43.923306,2024-11-14T21:06:17.604368,CLOSED,,TELCO-AAA-SRV,False
ALT-CSE-03-04980,CSE-03,HIGH,2024-11-07T13:24:43,2024-11-07T13:29:36.673505,2024-11-07T14:39:43.079854,CLOSED,,CARRIER-ROUTER-99,False
ALT-CSE-03-04981,CSE-03,LOW,2024-11-09T12:56:50,2024-11-09T13:02:19.028088,2024-11-09T13:31:30.062231,CLOSED,,5G-AMF-NODE-02,False
ALT-CSE-03-04982,CSE-03,HIGH,2024-10-03T11:24:41,2024-10-03T11:27:21.037724,2024-10-03T12:18:29.772134,CLOSED,CAS-CSE-03-0577,CARRIER-ROUTER-99,True
ALT-CSE-03-04983,CSE-03,MEDIUM,2024-10-12T03:15:22,2024-10-12T03:24:02.267362,2024-10-12T03:51:08.794641,CLOSED,,TELCO-AAA-SRV,False
ALT-CSE-03-04984,CSE-03,CRITICAL,2024-11-08T13:36:00,2024-11-08T13:39:25.727870,2024-11-08T14:11:34.047258,CLOSED,CAS-CSE-03-0578,5G-AMF-NODE-02,False
ALT-CSE-03-04985,CSE-03,MEDIUM,2024-10-18T14:06:29,2024-10-18T14:09:13.333050,2024-10-18T15:07:20.313814,CLOSED,,TELCO-AAA-SRV,False
ALT-CSE-03-04986,CSE-03,HIGH,2024-10-02T19:14:51,2024-10-02T19:18:06.107263,2024-10-02T20:05:43.943145,CLOSED,CAS-CSE-03-0579,EDGE-GATEWAY-12,False
ALT-CSE-03-04987,CSE-03,HIGH,2024-10-25T22:32:18,2024-10-25T22:36:00.892664,2024-10-25T23:34:28.875110,CLOSED,,CARRIER-ROUTER-99,False
ALT-CSE-03-04988,CSE-03,CRITICAL,2024-11-03T09:39:53,2024-11-03T09:48:15.740403,2024-11-03T10:57:06.108665,CLOSED,,CARRIER-ROUTER-99,False
ALT-CSE-03-04989,CSE-03,HIGH,2024-11-25T15:43:45,2024-11-25T15:52:13.065074,2024-11-25T16:54:43.787686,CLOSED,,TELCO-AAA-SRV,False
ALT-CSE-03-04990,CSE-03,HIGH,2024-10-27T21:38:21,2024-10-27T21:46:40.837657,2024-10-27T22:50:06.847469,CLOSED,,5G-AMF-NODE-02,False
ALT-CSE-03-04991,CSE-03,LOW,2024-12-05T12:44:44,2024-12-05T12:48:24.155473,2024-12-05T13:43:35.860388,CLOSED,,EDGE-GATEWAY-12,False
ALT-CSE-03-04992,CSE-03,MEDIUM,2024-10-04T14:24:19,2024-10-04T14:29:47.374070,2024-10-04T14:56:56.019552,CLOSED,,CARRIER-ROUTER-99,False
ALT-CSE-03-04993,CSE-03,MEDIUM,2024-10-02T16:23:12,2024-10-02T16:26:53.171627,2024-10-02T17:08:41.458248,CLOSED,,CARRIER-ROUTER-99,False
ALT-CSE-03-04994,CSE-03,MEDIUM,2024-11-16T04:03:51,2024-11-16T04:06:26.184118,2024-11-16T05:08:12.262419,CLOSED,,TELCO-AAA-SRV,False
ALT-CSE-03-04995,CSE-03,MEDIUM,2024-10-20T09:56:43,2024-10-20T10:00:58.154144,2024-10-20T10:34:51.944922,CLOSED,,5G-CORE-UPF-01,False
ALT-CSE-03-04996,CSE-03,HIGH,2024-10-09T21:14:03,2024-10-09T21:16:50.645514,2024-10-09T21:45:24.630736,CLOSED,,5G-CORE-UPF-01,False
ALT-CSE-03-04997,CSE-03,LOW,2024-11-12T09:43:05,2024-11-12T09:50:23.507390,2024-11-12T10:58:15.389339,CLOSED,,EDGE-GATEWAY-12,False
ALT-CSE-03-04998,CSE-03,HIGH,2024-11-27T13:46:47,2024-11-27T13:48:51.797598,2024-11-27T14:19:56.107441,CLOSED,,5G-AMF-NODE-02,False
ALT-CSE-03-04999,CSE-03,LOW,2024-10-29T08:21:44,2024-10-29T08:25:07.013695,2024-10-29T08:58:01.945176,CLOSED,,5G-AMF-NODE-02,False
ALT-CSE-03-05000,CSE-03,MEDIUM,2024-10-14T21:09:21,2024-10-14T21:13:43.868237,2024-10-14T21:42:28.299522,CLOSED,,CARRIER-ROUTER-99,False
ALT-CSE-03-05001,CSE-03,MEDIUM,2024-11-25T05:36:45,2024-11-25T05:39:49.176271,2024-11-25T06:52:27.383403,CLOSED,,CARRIER-ROUTER-99,False
ALT-CSE-03-05002,CSE-03,MEDIUM,2024-12-17T12:20:20,2024-12-17T12:28:50.741870,2024-12-17T12:55:40.980256,CLOSED,,CARRIER-ROUTER-99,False
ALT-CSE-03-05003,CSE-03,CRITICAL,2024-10-03T17:54:00,2024-10-03T17:58:14.482169,2024-10-03T18:51:33.265558,CLOSED,,EDGE-GATEWAY-12,False
ALT-CSE-03-05004,CSE-03,MEDIUM,2024-10-16T19:54:19,2024-10-16T19:58:25.530579,2024-10-16T20:38:57.104474,CLOSED,,CARRIER-ROUTER-99,False
ALT-CSE-03-05005,CSE-03,LOW,2024-12-27T00:45:55,2024-12-27T00:53:32.529679,2024-12-27T01:54:03.793287,CLOSED,,TELCO-AAA-SRV,False
ALT-CSE-03-05006,CSE-03,HIGH,2024-12-28T23:37:14,2024-12-28T23:42:23.399788,2024-12-29T00:40:25.606664,CLOSED,CAS-CSE-03-0580,5G-AMF-NODE-02,False
ALT-CSE-03-05007,CSE-03,MEDIUM,2024-10-05T08:04:02,2024-10-05T08:09:07.118321,2024-10-05T08:47:17.318094,CLOSED,,TELCO-AAA-SRV,False
ALT-CSE-03-05008,CSE-03,MEDIUM,2024-11-26T03:27:29,2024-11-26T03:34:22.968723,2024-11-26T04:23:43.903706,CLOSED,,CARRIER-ROUTER-99,False
ALT-CSE-03-05009,CSE-03,MEDIUM,2024-10-31T15:02:26,2024-10-31T15:11:35.425298,2024-10-31T15:57:45.921750,CLOSED,,TELCO-AAA-SRV,False
ALT-CSE-03-05010,CSE-03,HIGH,2024-12-04T01:43:32,2024-12-04T01:48:54.596028,2024-12-04T02:34:16.531081,CLOSED,,CARRIER-ROUTER-99,False
ALT-CSE-03-05011,CSE-03,LOW,2024-12-09T08:43:42,2024-12-09T08:46:26.532295,2024-12-09T09:30:20.963684,CLOSED,,EDGE-GATEWAY-12,False
ALT-CSE-03-05012,CSE-03,CRITICAL,2024-12-29T00:30:39,2024-12-29T00:37:19.422813,2024-12-29T01:54:51.362919,CLOSED,,CARRIER-ROUTER-99,False
ALT-CSE-03-05013,CSE-03,LOW,2024-10-21T15:10:25,2024-10-21T15:13:44.695086,2024-10-21T16:23:14.890772,CLOSED,,5G-AMF-NODE-02,False
ALT-CSE-03-05014,CSE-03,CRITICAL,2024-12-08T02:57:42,2024-12-08T03:01:44.809127,2024-12-08T03:47:07.371853,CLOSED,,CARRIER-ROUTER-99,False
ALT-CSE-03-05015,CSE-03,MEDIUM,2024-10-28T20:31:34,2024-10-28T20:39:05.767564,2024-10-28T21:08:53.579442,CLOSED,,CARRIER-ROUTER-99,False
ALT-CSE-03-05016,CSE-03,MEDIUM,2024-10-02T06:45:13,2024-10-02T06:47:20.834655,2024-10-02T07:46:41.240664,CLOSED,,5G-AMF-NODE-02,False
ALT-CSE-03-05017,CSE-03,HIGH,2024-11-30T06:47:48,2024-11-30T06:50:08.593299,2024-11-30T07:20:42.169984,CLOSED,,5G-CORE-UPF-01,False
ALT-CSE-03-05018,CSE-03,LOW,2024-11-24T10:10:18,2024-11-24T10:13:50.112881,2024-11-24T11:00:24.889439,CLOSED,,CARRIER-ROUTER-99,False
ALT-CSE-03-05019,CSE-03,MEDIUM,2024-10-06T13:32:54,2024-10-06T13:37:28.887799,2024-10-06T14:39:32.154943,CLOSED,,EDGE-GATEWAY-12,False
ALT-CSE-03-05020,CSE-03,LOW,2024-11-16T17:27:03,2024-11-16T17:32:21.114325,2024-11-16T18:08:17.867094,CLOSED,,TELCO-AAA-SRV,False
ALT-CSE-03-05021,CSE-03,MEDIUM,2024-10-04T05:16:51,2024-10-04T05:19:08.455871,2024-10-04T06:12:05.130907,CLOSED,,EDGE-GATEWAY-12,False
ALT-CSE-03-05022,CSE-03,HIGH,2024-10-25T19:26:32,2024-10-25T19:29:15.794297,2024-10-25T20:26:23.648691,CLOSED,,5G-CORE-UPF-01,False
ALT-CSE-03-05023,CSE-03,LOW,2024-11-27T07:41:29,2024-11-27T07:46:08.312744,2024-11-27T08:47:39.986692,CLOSED,,5G-AMF-NODE-02,False
ALT-CSE-03-05024,CSE-03,LOW,2024-10-27T10:42:19,2024-10-27T10:51:32.385281,2024-10-27T11:32:47.944789,CLOSED,,5G-AMF-NODE-02,False
ALT-CSE-03-05025,CSE-03,LOW,2024-10-27T17:21:20,2024-10-27T17:23:37.935954,2024-10-27T18:31:13.407206,CLOSED,,EDGE-GATEWAY-12,False
ALT-CSE-03-05026,CSE-03,LOW,2024-10-18T00:22:55,2024-10-18T00:32:39.955217,2024-10-18T01:01:07.601583,CLOSED,,5G-CORE-UPF-01,False
ALT-CSE-03-05027,CSE-03,MEDIUM,2024-11-24T11:04:51,2024-11-24T11:09:30.652496,2024-11-24T11:52:31.343058,CLOSED,,5G-AMF-NODE-02,False
ALT-CSE-03-05028,CSE-03,LOW,2024-10-10T16:09:13,2024-10-10T16:12:22.554646,2024-10-10T17:20:52.055044,CLOSED,,5G-CORE-UPF-01,False
ALT-CSE-03-05029,CSE-03,MEDIUM,2024-12-28T09:26:49,2024-12-28T09:33:24.210614,2024-12-28T10:28:25.449008,CLOSED,,CARRIER-ROUTER-99,False
ALT-CSE-03-05030,CSE-03,MEDIUM,2024-10-17T18:47:13,2024-10-17T18:56:31.244970,2024-10-17T19:21:04.358321,CLOSED,,TELCO-AAA-SRV,False
ALT-CSE-03-05031,CSE-03,CRITICAL,2024-11-08T00:04:45,2024-11-08T00:09:27.274433,2024-11-08T01:24:45.597670,CLOSED,CAS-CSE-03-0581,EDGE-GATEWAY-12,False
ALT-CSE-03-05032,CSE-03,CRITICAL,2024-12-02T17:02:05,2024-12-02T17:07:50.789613,2024-12-02T17:32:05.950806,CLOSED,CAS-CSE-03-0582,5G-AMF-NODE-02,True
ALT-CSE-03-05033,CSE-03,MEDIUM,2024-10-20T12:34:50,2024-10-20T12:41:07.901625,2024-10-20T13:26:39.809138,CLOSED,,CARRIER-ROUTER-99,False
ALT-CSE-03-05034,CSE-03,HIGH,2024-12-20T05:55:00,2024-12-20T06:02:33.799226,2024-12-20T06:59:13.679471,CLOSED,,5G-AMF-NODE-02,False
ALT-CSE-03-05035,CSE-03,LOW,2024-12-03T12:41:17,2024-12-03T12:46:37.841581,2024-12-03T13:15:18.752875,CLOSED,,EDGE-GATEWAY-12,False
ALT-CSE-03-05036,CSE-03,HIGH,2024-10-07T03:15:47,2024-10-07T03:18:34.761441,2024-10-07T04:37:56.219278,CLOSED,,TELCO-AAA-SRV,False
ALT-CSE-03-05037,CSE-03,MEDIUM,2024-10-18T06:09:28,2024-10-18T06:14:30.105974,2024-10-18T06:45:58.113871,CLOSED,,5G-AMF-NODE-02,False
ALT-CSE-03-05038,CSE-03,MEDIUM,2024-10-17T19:08:07,2024-10-17T19:11:05.615166,2024-10-17T19:49:36.629568,CLOSED,,CARRIER-ROUTER-99,False
ALT-CSE-03-05039,CSE-03,MEDIUM,2024-12-23T23:11:50,2024-12-23T23:15:27.970092,2024-12-23T23:59:45.019151,CLOSED,,EDGE-GATEWAY-12,False
ALT-CSE-03-05040,CSE-03,MEDIUM,2024-12-29T23:55:20,2024-12-30T00:01:01.456073,2024-12-30T00:30:10.422304,CLOSED,,5G-CORE-UPF-01,False
ALT-CSE-03-05041,CSE-03,HIGH,2024-10-20T16:48:20,2024-10-20T16:56:45.591485,2024-10-20T18:02:48.135924,CLOSED,CAS-CSE-03-0583,CARRIER-ROUTER-99,False
ALT-CSE-03-05042,CSE-03,HIGH,2024-12-08T18:44:44,2024-12-08T18:52:03.856591,2024-12-08T19:35:36.594146,CLOSED,,EDGE-GATEWAY-12,False
ALT-CSE-03-05043,CSE-03,CRITICAL,2024-10-20T13:07:46,2024-10-20T13:17:08.598207,2024-10-20T14:22:03.991475,CLOSED,,5G-CORE-UPF-01,False
ALT-CSE-03-05044,CSE-03,HIGH,2024-11-27T12:33:47,2024-11-27T12:37:59.472100,2024-11-27T13:51:05.178800,CLOSED,CAS-CSE-03-0584,CARRIER-ROUTER-99,False
ALT-CSE-03-05045,CSE-03,MEDIUM,2024-10-11T22:57:41,2024-10-11T23:05:14.864230,2024-10-11T23:28:11.868021,CLOSED,,EDGE-GATEWAY-12,False
ALT-CSE-03-05046,CSE-03,HIGH,2024-11-24T03:58:23,2024-11-24T04:02:38.063694,2024-11-24T05:19:45.212035,CLOSED,,EDGE-GATEWAY-12,False
ALT-CSE-03-05047,CSE-03,HIGH,2024-12-28T02:40:53,2024-12-28T02:43:22.595348,2024-12-28T03:37:15.458372,CLOSED,,5G-AMF-NODE-02,False
ALT-CSE-03-05048,CSE-03,LOW,2024-10-19T08:03:38,2024-10-19T08:08:35.346180,2024-10-19T08:45:14.675426,CLOSED,,5G-AMF-NODE-02,False
ALT-CSE-03-05049,CSE-03,LOW,2024-12-28T04:57:54,2024-12-28T05:04:52.507777,2024-12-28T05:31:21.934348,CLOSED,,TELCO-AAA-SRV,False
ALT-CSE-03-05050,CSE-03,MEDIUM,2024-11-18T16:22:37,2024-11-18T16:24:51.108704,2024-11-18T16:52:47.607495,CLOSED,,CARRIER-ROUTER-99,False
ALT-CSE-03-05051,CSE-03,MEDIUM,2024-11-21T23:19:27,2024-11-21T23:22:35.139493,2024-11-22T00:42:10.385244,CLOSED,,CARRIER-ROUTER-99,False
ALT-CSE-03-05052,CSE-03,MEDIUM,2024-10-24T04:20:55,2024-10-24T04:26:58.007330,2024-10-24T05:21:38.312727,CLOSED,,TELCO-AAA-SRV,False
ALT-CSE-03-05053,CSE-03,CRITICAL,2024-10-20T07:03:34,2024-10-20T07:12:42.074504,2024-10-20T08:10:57.330825,CLOSED,,TELCO-AAA-SRV,False
ALT-CSE-03-05054,CSE-03,MEDIUM,2024-12-29T13:36:07,2024-12-29T13:40:49.275083,2024-12-29T14:32:28.662580,CLOSED,,5G-AMF-NODE-02,False
ALT-CSE-03-05055,CSE-03,CRITICAL,2024-12-11T14:50:00,2024-12-11T14:56:46.265899,2024-12-11T15:46:28.082520,CLOSED,CAS-CSE-03-0585,EDGE-GATEWAY-12,False
ALT-CSE-03-05056,CSE-03,HIGH,2024-12-17T04:35:49,2024-12-17T04:39:48.195632,2024-12-17T05:29:15.060997,CLOSED,,5G-CORE-UPF-01,False
ALT-CSE-03-05057,CSE-03,LOW,2024-10-21T17:59:15,2024-10-21T18:07:18.062051,2024-10-21T19:09:58.318023,CLOSED,,5G-AMF-NODE-02,False
ALT-CSE-03-05058,CSE-03,MEDIUM,2024-11-08T11:58:26,2024-11-08T12:02:24.579932,2024-11-08T12:58:23.909319,CLOSED,,TELCO-AAA-SRV,False
ALT-CSE-03-05059,CSE-03,HIGH,2024-11-17T12:21:18,2024-11-17T12:23:29.091836,2024-11-17T13:28:04.402205,CLOSED,,CARRIER-ROUTER-99,False
ALT-CSE-03-05060,CSE-03,HIGH,2024-12-08T23:55:45,2024-12-09T00:00:37.121721,2024-12-09T01:11:07.320275,CLOSED,,EDGE-GATEWAY-12,False
ALT-CSE-03-05061,CSE-03,HIGH,2024-10-26T04:50:33,2024-10-26T04:53:50.368315,2024-10-26T05:45:01.288922,CLOSED,,5G-AMF-NODE-02,False
ALT-CSE-03-05062,CSE-03,LOW,2024-11-21T17:02:00,2024-11-21T17:11:05.705382,2024-11-21T17:38:37.327163,CLOSED,,CARRIER-ROUTER-99,False
ALT-CSE-03-05063,CSE-03,LOW,2024-11-05T17:23:16,2024-11-05T17:31:12.715197,2024-11-05T18:35:02.598116,CLOSED,,TELCO-AAA-SRV,False
ALT-CSE-03-05064,CSE-03,CRITICAL,2024-10-06T05:16:12,2024-10-06T05:19:36.313966,2024-10-06T06:22:22.482821,CLOSED,CAS-CSE-03-0586,TELCO-AAA-SRV,False
ALT-CSE-03-05065,CSE-03,HIGH,2024-10-08T15:17:45,2024-10-08T15:21:23.705200,2024-10-08T16:06:17.818827,CLOSED,,5G-AMF-NODE-02,False
ALT-CSE-03-05066,CSE-03,MEDIUM,2024-11-27T04:12:36,2024-11-27T04:20:57.094148,2024-11-27T04:57:20.854754,CLOSED,,CARRIER-ROUTER-99,False
ALT-CSE-03-05067,CSE-03,LOW,2024-10-23T12:06:25,2024-10-23T12:15:32.366173,2024-10-23T13:19:01.155608,CLOSED,,TELCO-AAA-SRV,False
ALT-CSE-03-05068,CSE-03,MEDIUM,2024-10-31T07:38:50,2024-10-31T07:42:33.333621,2024-10-31T08:41:23.382880,CLOSED,,EDGE-GATEWAY-12,False
ALT-CSE-03-05069,CSE-03,LOW,2024-12-04T16:51:08,2024-12-04T16:59:45.821814,2024-12-04T18:12:38.088929,CLOSED,,EDGE-GATEWAY-12,False
ALT-CSE-03-05070,CSE-03,MEDIUM,2024-11-08T01:28:48,2024-11-08T01:36:23.944741,2024-11-08T02:46:46.177070,CLOSED,,5G-AMF-NODE-02,False
ALT-CSE-03-05071,CSE-03,MEDIUM,2024-10-15T07:57:55,2024-10-15T08:01:45.454439,2024-10-15T08:33:56.843838,CLOSED,,5G-AMF-NODE-02,False
ALT-CSE-03-05072,CSE-03,MEDIUM,2024-11-15T15:46:43,2024-11-15T15:56:05.737814,2024-11-15T16:57:41.617824,CLOSED,,TELCO-AAA-SRV,False
ALT-CSE-03-05073,CSE-03,HIGH,2024-12-16T17:34:22,2024-12-16T17:38:25.085684,2024-12-16T18:24:09.660463,CLOSED,,5G-CORE-UPF-01,False
ALT-CSE-03-05074,CSE-03,LOW,2024-12-04T10:40:45,2024-12-04T10:43:43.458444,2024-12-04T11:45:42.914178,CLOSED,,EDGE-GATEWAY-12,False
ALT-CSE-03-05075,CSE-03,MEDIUM,2024-12-27T01:21:28,2024-12-27T01:30:04.225230,2024-12-27T02:11:17.960598,CLOSED,,5G-AMF-NODE-02,False
ALT-CSE-03-05076,CSE-03,MEDIUM,2024-12-20T05:23:43,2024-12-20T05:30:29.619832,2024-12-20T06:10:47.882110,CLOSED,,EDGE-GATEWAY-12,False
ALT-CSE-03-05077,CSE-03,CRITICAL,2024-12-01T06:51:57,2024-12-01T06:55:21.759545,2024-12-01T07:57:11.451893,CLOSED,CAS-CSE-03-0587,EDGE-GATEWAY-12,False
ALT-CSE-03-05078,CSE-03,LOW,2024-12-26T17:02:17,2024-12-26T17:05:19.379611,2024-12-26T17:59:32.046265,CLOSED,,EDGE-GATEWAY-12,False
ALT-CSE-03-05079,CSE-03,MEDIUM,2024-11-03T18:00:38,2024-11-03T18:07:28.056293,2024-11-03T19:22:58.588164,CLOSED,,5G-CORE-UPF-01,False
ALT-CSE-03-05080,CSE-03,MEDIUM,2024-11-27T00:38:09,2024-11-27T00:42:15.381022,2024-11-27T01:53:43.223782,CLOSED,,5G-AMF-NODE-02,False
ALT-CSE-03-05081,CSE-03,MEDIUM,2024-10-31T02:51:13,2024-10-31T02:58:39.036444,2024-10-31T03:47:06.394397,CLOSED,,EDGE-GATEWAY-12,False
ALT-CSE-03-05082,CSE-03,CRITICAL,2024-11-22T15:50:18,2024-11-22T15:56:19.187196,2024-11-22T16:35:53.075521,CLOSED,CAS-CSE-03-0588,CARRIER-ROUTER-99,False
ALT-CSE-03-05083,CSE-03,MEDIUM,2024-12-07T15:57:16,2024-12-07T15:59:16.926458,2024-12-07T16:36:59.587120,CLOSED,,5G-AMF-NODE-02,False
ALT-CSE-03-05084,CSE-03,CRITICAL,2024-11-27T10:20:52,2024-11-27T10:29:09.199452,2024-11-27T10:56:55.877418,CLOSED,CAS-CSE-03-0589,5G-AMF-NODE-02,False
ALT-CSE-03-05085,CSE-03,MEDIUM,2024-11-20T02:42:10,2024-11-20T02:46:14.045371,2024-11-20T03:26:35.829522,CLOSED,,5G-AMF-NODE-02,False
ALT-CSE-03-05086,CSE-03,LOW,2024-10-12T09:12:43,2024-10-12T09:19:49.780341,2024-10-12T10:10:36.193178,CLOSED,,5G-CORE-UPF-01,False
ALT-CSE-03-05087,CSE-03,HIGH,2024-11-01T15:33:49,2024-11-01T15:40:42.673795,2024-11-01T16:08:51.005809,CLOSED,,EDGE-GATEWAY-12,False
ALT-CSE-03-05088,CSE-03,LOW,2024-11-29T00:23:29,2024-11-29T00:30:00.400468,2024-11-29T00:59:51.431410,CLOSED,,5G-CORE-UPF-01,False
ALT-CSE-03-05089,CSE-03,MEDIUM,2024-12-05T11:13:53,2024-12-05T11:23:48.848432,2024-12-05T12:33:31.704287,CLOSED,,CARRIER-ROUTER-99,False
ALT-CSE-03-05090,CSE-03,LOW,2024-11-06T08:00:09,2024-11-06T08:09:48.789152,2024-11-06T09:11:25.576162,CLOSED,,5G-AMF-NODE-02,False
ALT-CSE-03-05091,CSE-03,MEDIUM,2024-10-13T01:15:36,2024-10-13T01:24:25.101539,2024-10-13T01:57:34.390611,CLOSED,,TELCO-AAA-SRV,False
ALT-CSE-03-05092,CSE-03,CRITICAL,2024-11-14T12:52:59,2024-11-14T12:55:19.267639,2024-11-14T13:32:00.322561,CLOSED,,5G-CORE-UPF-01,False
ALT-CSE-03-05093,CSE-03,MEDIUM,2024-10-16T20:00:45,2024-10-16T20:05:39.131284,2024-10-16T20:51:28.397265,CLOSED,,EDGE-GATEWAY-12,False
ALT-CSE-03-05094,CSE-03,HIGH,2024-12-11T03:22:09,2024-12-11T03:31:48.099151,2024-12-11T03:52:33.377999,CLOSED,,CARRIER-ROUTER-99,False
ALT-CSE-03-05095,CSE-03,MEDIUM,2024-12-15T18:47:21,2024-12-15T18:51:16.314706,2024-12-15T19:59:43.801763,CLOSED,,EDGE-GATEWAY-12,False
ALT-CSE-03-05096,CSE-03,MEDIUM,2024-11-13T03:49:00,2024-11-13T03:58:53.523467,2024-11-13T04:53:03.185715,CLOSED,,CARRIER-ROUTER-99,False
ALT-CSE-03-05097,CSE-03,CRITICAL,2024-12-17T01:11:32,2024-12-17T01:20:23.565676,2024-12-17T02:31:02.791956,CLOSED,,5G-AMF-NODE-02,False
ALT-CSE-03-05098,CSE-03,MEDIUM,2024-11-06T08:14:36,2024-11-06T08:17:47.923142,2024-11-06T08:46:19.280325,CLOSED,,CARRIER-ROUTER-99,False
ALT-CSE-03-05099,CSE-03,MEDIUM,2024-11-15T05:37:37,2024-11-15T05:41:00.401116,2024-11-15T06:52:44.878239,CLOSED,,CARRIER-ROUTER-99,False
ALT-CSE-03-05100,CSE-03,MEDIUM,2024-12-16T17:02:47,2024-12-16T17:12:09.860251,2024-12-16T18:27:06.552843,CLOSED,,EDGE-GATEWAY-12,False
ALT-CSE-03-05101,CSE-03,MEDIUM,2024-11-20T05:41:38,2024-11-20T05:51:22.330525,2024-11-20T06:54:17.125902,CLOSED,,CARRIER-ROUTER-99,False
ALT-CSE-03-05102,CSE-03,HIGH,2024-10-17T10:57:50,2024-10-17T11:04:38.130056,2024-10-17T12:01:27.585297,CLOSED,,5G-CORE-UPF-01,False
ALT-CSE-03-05103,CSE-03,HIGH,2024-12-01T05:37:51,2024-12-01T05:44:31.937379,2024-12-01T06:38:10.499354,CLOSED,,CARRIER-ROUTER-99,False
ALT-CSE-03-05104,CSE-03,LOW,2024-12-21T18:07:24,2024-12-21T18:11:40.744588,2024-12-21T18:46:04.564262,CLOSED,,5G-CORE-UPF-01,False
ALT-CSE-03-05105,CSE-03,HIGH,2024-12-10T17:59:59,2024-12-10T18:09:48.088207,2024-12-10T19:09:51.848055,CLOSED,,5G-AMF-NODE-02,False
ALT-CSE-03-05106,CSE-03,LOW,2024-12-24T07:21:07,2024-12-24T07:29:29.337846,2024-12-24T07:57:12.097930,CLOSED,,EDGE-GATEWAY-12,False
ALT-CSE-03-05107,CSE-03,MEDIUM,2024-12-06T21:11:46,2024-12-06T21:20:48.579647,2024-12-06T22:12:44.654635,CLOSED,,TELCO-AAA-SRV,False
ALT-CSE-03-05108,CSE-03,HIGH,2024-12-03T07:08:58,2024-12-03T07:13:53.710017,2024-12-03T08:26:33.122933,CLOSED,,5G-CORE-UPF-01,False
ALT-CSE-03-05109,CSE-03,LOW,2024-11-11T14:22:31,2024-11-11T14:30:29.259104,2024-11-11T15:00:33.192184,CLOSED,,5G-CORE-UPF-01,False
ALT-CSE-03-05110,CSE-03,CRITICAL,2024-10-08T05:04:32,2024-10-08T05:10:03.408582,2024-10-08T06:07:59.774417,CLOSED,,CARRIER-ROUTER-99,False
ALT-CSE-03-05111,CSE-03,LOW,2024-11-04T13:41:11,2024-11-04T13:50:11.143265,2024-11-04T14:37:25.089564,CLOSED,,TELCO-AAA-SRV,False
ALT-CSE-03-05112,CSE-03,HIGH,2024-11-27T19:24:47,2024-11-27T19:33:51.262393,2024-11-27T20:30:29.131091,CLOSED,CAS-CSE-03-0590,5G-CORE-UPF-01,False
ALT-CSE-03-05113,CSE-03,LOW,2024-12-07T01:30:22,2024-12-07T01:35:45.112186,2024-12-07T02:46:58.337809,CLOSED,,TELCO-AAA-SRV,False
ALT-CSE-03-05114,CSE-03,HIGH,2024-11-24T03:04:44,2024-11-24T03:12:38.740805,2024-11-24T03:46:00.961183,CLOSED,,TELCO-AAA-SRV,False
ALT-CSE-03-05115,CSE-03,CRITICAL,2024-12-02T10:10:41,2024-12-02T10:12:48.826826,2024-12-02T11:03:26.601407,CLOSED,CAS-CSE-03-0591,5G-CORE-UPF-01,False
ALT-CSE-03-05116,CSE-03,HIGH,2024-11-30T19:45:21,2024-11-30T19:51:26.452675,2024-11-30T21:00:52.766403,CLOSED,,CARRIER-ROUTER-99,False
ALT-CSE-03-05117,CSE-03,LOW,2024-10-26T00:49:15,2024-10-26T00:58:30.775741,2024-10-26T01:20:20.536113,CLOSED,,5G-AMF-NODE-02,False
ALT-CSE-03-05118,CSE-03,LOW,2024-10-07T11:32:19,2024-10-07T11:38:34.085722,2024-10-07T12:32:39.534146,CLOSED,,CARRIER-ROUTER-99,False
ALT-CSE-03-05119,CSE-03,MEDIUM,2024-10-18T17:14:35,2024-10-18T17:18:04.466621,2024-10-18T18:12:51.985809,CLOSED,,TELCO-AAA-SRV,False
ALT-CSE-03-05120,CSE-03,MEDIUM,2024-10-12T22:57:34,2024-10-12T23:03:08.136589,2024-10-12T23:52:59.064544,CLOSED,,TELCO-AAA-SRV,False
ALT-CSE-03-05121,CSE-03,CRITICAL,2024-10-24T21:00:05,2024-10-24T21:09:06.246331,2024-10-24T21:35:01.587345,CLOSED,,EDGE-GATEWAY-12,False
ALT-CSE-03-05122,CSE-03,LOW,2024-11-24T01:54:59,2024-11-24T01:58:21.838794,2024-11-24T02:54:01.855081,CLOSED,,5G-CORE-UPF-01,False
ALT-CSE-03-05123,CSE-03,LOW,2024-11-06T05:11:44,2024-11-06T05:14:26.597608,2024-11-06T05:46:29.165901,CLOSED,,EDGE-GATEWAY-12,False
ALT-CSE-03-05124,CSE-03,HIGH,2024-12-12T17:53:19,2024-12-12T18:00:51.419916,2024-12-12T18:47:47.172141,CLOSED,,5G-CORE-UPF-01,False
ALT-CSE-03-05125,CSE-03,MEDIUM,2024-10-05T19:52:43,2024-10-05T19:58:08.075673,2024-10-05T21:14:53.355386,CLOSED,,CARRIER-ROUTER-99,False
ALT-CSE-03-05126,CSE-03,CRITICAL,2024-12-07T04:50:22,2024-12-07T04:56:08.916730,2024-12-07T06:15:04.041817,CLOSED,CAS-CSE-03-0592,CARRIER-ROUTER-99,False
ALT-CSE-03-05127,CSE-03,LOW,2024-10-11T07:52:36,2024-10-11T07:55:22.543033,2024-10-11T09:09:06.986590,CLOSED,,CARRIER-ROUTER-99,False
ALT-CSE-03-05128,CSE-03,MEDIUM,2024-10-18T16:58:54,2024-10-18T17:07:34.556498,2024-10-18T17:43:12.729183,CLOSED,,5G-CORE-UPF-01,False
ALT-CSE-03-05129,CSE-03,LOW,2024-11-12T15:34:21,2024-11-12T15:40:49.867531,2024-11-12T16:41:43.572648,CLOSED,,5G-AMF-NODE-02,False
ALT-CSE-03-05130,CSE-03,CRITICAL,2024-11-05T03:18:13,2024-11-05T03:24:38.182216,2024-11-05T03:54:30.921115,CLOSED,,EDGE-GATEWAY-12,False
ALT-CSE-03-05131,CSE-03,LOW,2024-12-26T19:53:55,2024-12-26T19:57:44.621570,2024-12-26T20:43:12.473896,CLOSED,,5G-CORE-UPF-01,False
ALT-CSE-03-05132,CSE-03,CRITICAL,2024-11-12T02:23:06,2024-11-12T02:30:12.063905,2024-11-12T03:10:52.840314,CLOSED,CAS-CSE-03-0593,5G-AMF-NODE-02,False
ALT-CSE-03-05133,CSE-03,HIGH,2024-12-13T08:42:48,2024-12-13T08:52:38.393940,2024-12-13T09:24:04.834038,CLOSED,,5G-CORE-UPF-01,False
ALT-CSE-03-05134,CSE-03,LOW,2024-11-23T10:46:59,2024-11-23T10:53:30.079401,2024-11-23T11:18:35.206087,CLOSED,,TELCO-AAA-SRV,False
ALT-CSE-03-05135,CSE-03,LOW,2024-12-27T18:51:02,2024-12-27T18:58:58.042890,2024-12-27T19:32:57.621748,CLOSED,,TELCO-AAA-SRV,False
ALT-CSE-03-05136,CSE-03,MEDIUM,2024-11-15T09:26:13,2024-11-15T09:28:18.809717,2024-11-15T10:44:18.099741,CLOSED,,5G-CORE-UPF-01,False
ALT-CSE-03-05137,CSE-03,MEDIUM,2024-10-01T23:13:13,2024-10-01T23:18:38.436207,2024-10-02T00:34:20.565607,CLOSED,,5G-CORE-UPF-01,False
ALT-CSE-03-05138,CSE-03,MEDIUM,2024-10-29T03:12:01,2024-10-29T03:14:14.428981,2024-10-29T03:47:16.119637,CLOSED,,EDGE-GATEWAY-12,False
ALT-CSE-03-05139,CSE-03,HIGH,2024-11-23T13:29:00,2024-11-23T13:36:50.413296,2024-11-23T14:00:12.587751,CLOSED,,5G-CORE-UPF-01,False
ALT-CSE-03-05140,CSE-03,MEDIUM,2024-12-10T09:42:25,2024-12-10T09:46:39.616616,2024-12-10T10:37:24.311282,CLOSED,,5G-CORE-UPF-01,False
ALT-CSE-03-05141,CSE-03,HIGH,2024-12-28T13:39:42,2024-12-28T13:45:49.755586,2024-12-28T14:40:47.010438,CLOSED,,5G-AMF-NODE-02,False
ALT-CSE-03-05142,CSE-03,HIGH,2024-10-10T19:56:41,2024-10-10T20:02:19.167613,2024-10-10T21:07:18.633153,CLOSED,,TELCO-AAA-SRV,False
ALT-CSE-03-05143,CSE-03,CRITICAL,2024-12-27T14:22:20,2024-12-27T14:29:41.383401,2024-12-27T15:00:55.801784,CLOSED,CAS-CSE-03-0594,5G-AMF-NODE-02,False
ALT-CSE-03-05144,CSE-03,LOW,2024-10-08T15:54:09,2024-10-08T15:58:29.897458,2024-10-08T16:54:31.275476,CLOSED,,5G-CORE-UPF-01,False
ALT-CSE-03-05145,CSE-03,HIGH,2024-12-11T01:42:36,2024-12-11T01:48:59.598899,2024-12-11T02:19:55.707337,CLOSED,,CARRIER-ROUTER-99,False
ALT-CSE-03-05146,CSE-03,MEDIUM,2024-10-22T06:38:37,2024-10-22T06:43:14.412603,2024-10-22T07:43:35.939609,CLOSED,,TELCO-AAA-SRV,False
ALT-CSE-03-05147,CSE-03,HIGH,2024-10-20T20:52:19,2024-10-20T21:01:06.780249,2024-10-20T22:02:15.135664,CLOSED,,TELCO-AAA-SRV,False
ALT-CSE-03-05148,CSE-03,LOW,2024-11-23T00:40:40,2024-11-23T00:45:15.449957,2024-11-23T01:12:08.764980,CLOSED,,TELCO-AAA-SRV,False
ALT-CSE-03-05149,CSE-03,LOW,2024-11-29T07:15:04,2024-11-29T07:19:12.820789,2024-11-29T08:26:36.848218,CLOSED,,EDGE-GATEWAY-12,False
ALT-CSE-03-05150,CSE-03,MEDIUM,2024-10-27T14:04:41,2024-10-27T14:10:11.756641,2024-10-27T15:27:31.694473,CLOSED,,5G-AMF-NODE-02,False
ALT-CSE-03-05151,CSE-03,LOW,2024-11-30T03:33:39,2024-11-30T03:38:38.906064,2024-11-30T04:34:52.116297,CLOSED,,EDGE-GATEWAY-12,False
ALT-CSE-03-05152,CSE-03,MEDIUM,2024-11-24T21:00:02,2024-11-24T21:02:51.798608,2024-11-24T22:23:08.880213,CLOSED,,5G-AMF-NODE-02,False
ALT-CSE-03-05153,CSE-03,MEDIUM,2024-10-25T13:17:17,2024-10-25T13:26:14.867623,2024-10-25T14:32:18.763130,CLOSED,,EDGE-GATEWAY-12,False
ALT-CSE-03-05154,CSE-03,HIGH,2024-10-22T03:11:57,2024-10-22T03:13:59.375677,2024-10-22T04:17:49.177720,CLOSED,,CARRIER-ROUTER-99,False
ALT-CSE-03-05155,CSE-03,MEDIUM,2024-12-20T15:53:01,2024-12-20T15:59:02.065017,2024-12-20T16:36:47.476287,CLOSED,,5G-CORE-UPF-01,False
ALT-CSE-03-05156,CSE-03,MEDIUM,2024-10-17T08:57:04,2024-10-17T09:05:32.355472,2024-10-17T09:39:55.743192,CLOSED,,TELCO-AAA-SRV,False
ALT-CSE-03-05157,CSE-03,LOW,2024-11-16T01:11:08,2024-11-16T01:14:02.968916,2024-11-16T02:35:55.243713,CLOSED,,CARRIER-ROUTER-99,False
ALT-CSE-03-05158,CSE-03,MEDIUM,2024-12-20T00:28:26,2024-12-20T00:33:04.331495,2024-12-20T01:36:14.531767,CLOSED,,5G-AMF-NODE-02,False
ALT-CSE-03-05159,CSE-03,MEDIUM,2024-10-02T06:30:35,2024-10-02T06:39:17.975233,2024-10-02T07:55:30.169066,CLOSED,,EDGE-GATEWAY-12,False
ALT-CSE-03-05160,CSE-03,HIGH,2024-11-09T16:04:44,2024-11-09T16:13:24.836878,2024-11-09T17:29:43.071034,CLOSED,CAS-CSE-03-0595,EDGE-GATEWAY-12,True
ALT-CSE-03-05161,CSE-03,MEDIUM,2024-12-07T11:38:15,2024-12-07T11:45:26.027505,2024-12-07T12:20:17.809929,CLOSED,,EDGE-GATEWAY-12,False
ALT-CSE-03-05162,CSE-03,CRITICAL,2024-10-11T18:12:33,2024-10-11T18:14:54.094259,2024-10-11T19:07:47.836675,CLOSED,CAS-CSE-03-0596,CARRIER-ROUTER-99,False
ALT-CSE-03-05163,CSE-03,HIGH,2024-12-23T05:27:19,2024-12-23T05:36:20.013018,2024-12-23T06:39:55.446519,CLOSED,,5G-AMF-NODE-02,False
ALT-CSE-03-05164,CSE-03,HIGH,2024-11-15T14:59:28,2024-11-15T15:02:32.259051,2024-11-15T16:22:59.676295,CLOSED,,5G-CORE-UPF-01,False
ALT-CSE-03-05165,CSE-03,MEDIUM,2024-12-16T06:25:49,2024-12-16T06:30:28.272272,2024-12-16T07:48:30.948570,CLOSED,,5G-CORE-UPF-01,False
ALT-CSE-03-05166,CSE-03,CRITICAL,2024-10-27T11:02:55,2024-10-27T11:07:48.887094,2024-10-27T12:10:39.684054,CLOSED,,TELCO-AAA-SRV,False
ALT-CSE-03-05167,CSE-03,MEDIUM,2024-12-13T10:28:22,2024-12-13T10:34:34.162236,2024-12-13T11:49:50.334047,CLOSED,,5G-CORE-UPF-01,False
ALT-CSE-03-05168,CSE-03,MEDIUM,2024-11-04T15:10:28,2024-11-04T15:13:10.483889,2024-11-04T16:24:46.250426,CLOSED,,5G-AMF-NODE-02,False
ALT-CSE-03-05169,CSE-03,MEDIUM,2024-12-24T03:11:45,2024-12-24T03:13:50.255427,2024-12-24T03:41:45.520677,CLOSED,,EDGE-GATEWAY-12,False
ALT-CSE-03-05170,CSE-03,LOW,2024-11-22T15:19:38,2024-11-22T15:27:37.365645,2024-11-22T16:25:32.058847,CLOSED,,TELCO-AAA-SRV,False
ALT-CSE-03-05171,CSE-03,MEDIUM,2024-10-29T23:15:56,2024-10-29T23:23:53.477103,2024-10-29T23:51:48.476879,CLOSED,,5G-AMF-NODE-02,False
ALT-CSE-03-05172,CSE-03,MEDIUM,2024-11-13T05:37:14,2024-11-13T05:40:33.470163,2024-11-13T06:17:03.881654,CLOSED,,CARRIER-ROUTER-99,False
ALT-CSE-03-05173,CSE-03,HIGH,2024-11-11T17:04:34,2024-11-11T17:12:52.738783,2024-11-11T18:27:37.226993,CLOSED,,5G-CORE-UPF-01,False
ALT-CSE-03-05174,CSE-03,LOW,2024-10-28T01:58:40,2024-10-28T02:05:10.571290,2024-10-28T02:48:11.545752,CLOSED,,EDGE-GATEWAY-12,False
ALT-CSE-03-05175,CSE-03,MEDIUM,2024-12-10T02:55:32,2024-12-10T02:57:53.554238,2024-12-10T04:16:45.371417,CLOSED,,5G-AMF-NODE-02,False
ALT-CSE-03-05176,CSE-03,HIGH,2024-11-10T09:47:33,2024-11-10T09:56:26.606322,2024-11-10T11:09:21.577501,CLOSED,,EDGE-GATEWAY-12,False
ALT-CSE-03-05177,CSE-03,MEDIUM,2024-11-28T23:35:00,2024-11-28T23:42:46.684914,2024-11-29T00:18:01.586820,CLOSED,,TELCO-AAA-SRV,False
ALT-CSE-03-05178,CSE-03,MEDIUM,2024-10-09T13:59:48,2024-10-09T14:02:34.756368,2024-10-09T15:13:25.018776,CLOSED,,CARRIER-ROUTER-99,False
ALT-CSE-03-05179,CSE-03,MEDIUM,2024-10-19T18:11:05,2024-10-19T18:19:20.623540,2024-10-19T19:35:11.392352,CLOSED,,CARRIER-ROUTER-99,False
ALT-CSE-03-05180,CSE-03,LOW,2024-11-26T08:43:56,2024-11-26T08:47:41.256831,2024-11-26T09:32:05.653832,CLOSED,,EDGE-GATEWAY-12,False
ALT-CSE-03-05181,CSE-03,HIGH,2024-12-07T10:35:50,2024-12-07T10:45:46.443832,2024-12-07T11:42:31.730740,CLOSED,,EDGE-GATEWAY-12,False
ALT-CSE-03-05182,CSE-03,HIGH,2024-12-04T11:57:57,2024-12-04T12:00:06.601631,2024-12-04T12:42:30.854028,CLOSED,,TELCO-AAA-SRV,False
ALT-CSE-03-05183,CSE-03,HIGH,2024-11-27T01:18:18,2024-11-27T01:23:57.890287,2024-11-27T02:22:33.233234,CLOSED,,EDGE-GATEWAY-12,False
ALT-CSE-03-05184,CSE-03,MEDIUM,2024-10-08T21:49:21,2024-10-08T21:52:10.968411,2024-10-08T23:12:36.713969,CLOSED,,5G-AMF-NODE-02,False
ALT-CSE-03-05185,CSE-03,CRITICAL,2024-12-12T16:01:45,2024-12-12T16:09:45.339421,2024-12-12T16:55:54.466197,CLOSED,,5G-CORE-UPF-01,False
ALT-CSE-03-05186,CSE-03,HIGH,2024-12-14T10:44:14,2024-12-14T10:50:51.401316,2024-12-14T11:34:13.487543,CLOSED,,TELCO-AAA-SRV,False
ALT-CSE-03-05187,CSE-03,LOW,2024-10-05T09:02:16,2024-10-05T09:06:16.840966,2024-10-05T09:52:32.200581,CLOSED,,TELCO-AAA-SRV,False
ALT-CSE-03-05188,CSE-03,LOW,2024-11-09T10:43:17,2024-11-09T10:50:01.744563,2024-11-09T12:08:10.101782,CLOSED,,TELCO-AAA-SRV,False
ALT-CSE-03-05189,CSE-03,MEDIUM,2024-10-13T17:12:17,2024-10-13T17:21:00.229071,2024-10-13T18:31:07.759579,CLOSED,,EDGE-GATEWAY-12,False
ALT-CSE-03-05190,CSE-03,MEDIUM,2024-10-03T22:08:47,2024-10-03T22:17:58.775451,2024-10-03T23:29:40.752632,CLOSED,,5G-CORE-UPF-01,False
ALT-CSE-03-05191,CSE-03,HIGH,2024-12-01T13:52:18,2024-12-01T13:58:03.384111,2024-12-01T15:14:42.450944,CLOSED,,5G-AMF-NODE-02,False
ALT-CSE-03-05192,CSE-03,HIGH,2024-10-03T18:18:17,2024-10-03T18:23:10.170039,2024-10-03T18:54:42.354544,CLOSED,,TELCO-AAA-SRV,False
ALT-CSE-03-05193,CSE-03,LOW,2024-12-11T20:39:18,2024-12-11T20:49:03.973369,2024-12-11T21:58:47.839020,CLOSED,,TELCO-AAA-SRV,False
ALT-CSE-03-05194,CSE-03,HIGH,2024-11-07T07:48:42,2024-11-07T07:56:04.597071,2024-11-07T08:39:56.049594,CLOSED,,5G-AMF-NODE-02,False
ALT-CSE-03-05195,CSE-03,MEDIUM,2024-10-26T17:45:15,2024-10-26T17:48:36.172255,2024-10-26T18:46:15.463358,CLOSED,,5G-CORE-UPF-01,False
ALT-CSE-03-05196,CSE-03,MEDIUM,2024-10-26T18:45:55,2024-10-26T18:49:16.663617,2024-10-26T19:45:44.151675,CLOSED,,CARRIER-ROUTER-99,False
ALT-CSE-03-05197,CSE-03,HIGH,2024-12-19T23:48:08,2024-12-19T23:50:09.434845,2024-12-20T00:54:07.342591,CLOSED,,TELCO-AAA-SRV,False
ALT-CSE-03-05198,CSE-03,LOW,2024-11-21T04:13:17,2024-11-21T04:19:52.693344,2024-11-21T05:34:50.486047,CLOSED,,EDGE-GATEWAY-12,False
ALT-CSE-03-05199,CSE-03,MEDIUM,2024-12-24T19:11:31,2024-12-24T19:15:25.824989,2024-12-24T19:49:31.328984,CLOSED,,EDGE-GATEWAY-12,False
ALT-CSE-03-05200,CSE-03,CRITICAL,2024-12-20T08:52:40,2024-12-20T09:01:10.099809,2024-12-20T09:35:17.171883,CLOSED,,CARRIER-ROUTER-99,False
ALT-CSE-03-05201,CSE-03,HIGH,2024-10-10T05:15:08,2024-10-10T05:20:57.616334,2024-10-10T06:03:01.612101,CLOSED,,EDGE-GATEWAY-12,False
ALT-CSE-03-05202,CSE-03,LOW,2024-11-10T10:02:50,2024-11-10T10:06:50.845021,2024-11-10T10:52:05.171886,CLOSED,,5G-CORE-UPF-01,False
ALT-CSE-03-05203,CSE-03,HIGH,2024-11-10T06:18:23,2024-11-10T06:21:43.812859,2024-11-10T06:49:44.819573,CLOSED,,CARRIER-ROUTER-99,False
ALT-CSE-03-05204,CSE-03,LOW,2024-10-10T08:57:16,2024-10-10T09:02:30.268068,2024-10-10T09:39:07.904246,CLOSED,,TELCO-AAA-SRV,False
ALT-CSE-03-05205,CSE-03,MEDIUM,2024-12-09T12:51:51,2024-12-09T12:59:36.692442,2024-12-09T13:43:06.739803,CLOSED,,CARRIER-ROUTER-99,False
ALT-CSE-03-05206,CSE-03,LOW,2024-11-17T06:35:02,2024-11-17T06:37:28.385523,2024-11-17T07:08:27.928507,CLOSED,,5G-AMF-NODE-02,False
ALT-CSE-03-05207,CSE-03,MEDIUM,2024-10-02T12:58:42,2024-10-02T13:02:45.483260,2024-10-02T14:14:41.168589,CLOSED,,TELCO-AAA-SRV,False
ALT-CSE-03-05208,CSE-03,HIGH,2024-10-13T03:19:09,2024-10-13T03:22:05.047544,2024-10-13T04:30:19.201714,CLOSED,CAS-CSE-03-0597,TELCO-AAA-SRV,False
ALT-CSE-03-05209,CSE-03,CRITICAL,2024-12-24T16:12:35,2024-12-24T16:19:58.631423,2024-12-24T17:10:07.029749,CLOSED,CAS-CSE-03-0598,TELCO-AAA-SRV,False
ALT-CSE-03-05210,CSE-03,MEDIUM,2024-10-01T14:59:41,2024-10-01T15:07:42.270352,2024-10-01T16:09:31.577740,CLOSED,,EDGE-GATEWAY-12,False
ALT-CSE-03-05211,CSE-03,CRITICAL,2024-11-18T08:11:02,2024-11-18T08:13:27.022759,2024-11-18T09:29:26.750734,CLOSED,CAS-CSE-03-0599,CARRIER-ROUTER-99,False
ALT-CSE-03-05212,CSE-03,HIGH,2024-10-07T00:31:20,2024-10-07T00:37:09.138306,2024-10-07T01:14:15.438728,CLOSED,,EDGE-GATEWAY-12,False
ALT-CSE-03-05213,CSE-03,LOW,2024-11-13T04:10:13,2024-11-13T04:19:11.201488,2024-11-13T04:48:14.420547,CLOSED,,TELCO-AAA-SRV,False
ALT-CSE-03-05214,CSE-03,LOW,2024-11-11T03:17:32,2024-11-11T03:25:43.930484,2024-11-11T04:37:59.501499,CLOSED,,TELCO-AAA-SRV,False
ALT-CSE-03-05215,CSE-03,HIGH,2024-11-30T03:01:56,2024-11-30T03:06:27.250234,2024-11-30T04:19:16.658225,CLOSED,,TELCO-AAA-SRV,False
ALT-CSE-03-05216,CSE-03,LOW,2024-10-09T16:08:44,2024-10-09T16:16:37.666533,2024-10-09T17:18:01.969674,CLOSED,,5G-CORE-UPF-01,False
ALT-CSE-03-05217,CSE-03,MEDIUM,2024-12-16T13:38:00,2024-12-16T13:44:26.613723,2024-12-16T14:49:44.249880,CLOSED,,EDGE-GATEWAY-12,False
ALT-CSE-03-05218,CSE-03,CRITICAL,2024-10-29T06:34:08,2024-10-29T06:41:39.094003,2024-10-29T07:23:23.491720,CLOSED,CAS-CSE-03-0600,5G-AMF-NODE-02,False
ALT-CSE-03-05219,CSE-03,LOW,2024-10-14T21:10:21,2024-10-14T21:15:52.748425,2024-10-14T22:19:55.345311,CLOSED,,CARRIER-ROUTER-99,False
ALT-CSE-03-05220,CSE-03,HIGH,2024-10-10T00:06:05,2024-10-10T00:11:56.897151,2024-10-10T01:04:18.632886,CLOSED,,EDGE-GATEWAY-12,False
ALT-CSE-03-05221,CSE-03,MEDIUM,2024-10-24T07:57:39,2024-10-24T08:06:30.882458,2024-10-24T09:06:53.068953,CLOSED,,TELCO-AAA-SRV,False
ALT-CSE-03-05222,CSE-03,HIGH,2024-10-03T15:08:34,2024-10-03T15:18:33.118920,2024-10-03T16:21:00.864419,CLOSED,,CARRIER-ROUTER-99,False
ALT-CSE-03-05223,CSE-03,LOW,2024-11-14T21:56:40,2024-11-14T21:59:17.550090,2024-11-14T22:38:41.925947,CLOSED,,CARRIER-ROUTER-99,False
ALT-CSE-03-05224,CSE-03,MEDIUM,2024-12-08T01:21:25,2024-12-08T01:28:05.810664,2024-12-08T02:13:51.543518,CLOSED,,CARRIER-ROUTER-99,False
ALT-CSE-03-05225,CSE-03,MEDIUM,2024-10-09T17:51:05,2024-10-09T17:54:54.496888,2024-10-09T19:07:27.248651,CLOSED,,CARRIER-ROUTER-99,False
ALT-CSE-03-05226,CSE-03,MEDIUM,2024-10-24T11:22:28,2024-10-24T11:31:32.271870,2024-10-24T12:40:47.284660,CLOSED,,CARRIER-ROUTER-99,False
ALT-CSE-03-05227,CSE-03,MEDIUM,2024-11-07T22:59:43,2024-11-07T23:06:15.212269,2024-11-08T00:06:28.070461,CLOSED,,5G-AMF-NODE-02,False
ALT-CSE-03-05228,CSE-03,LOW,2024-12-02T11:27:55,2024-12-02T11:35:44.199383,2024-12-02T12:45:23.818577,CLOSED,,5G-AMF-NODE-02,False
ALT-CSE-03-05229,CSE-03,CRITICAL,2024-11-24T00:59:26,2024-11-24T01:07:44.276876,2024-11-24T01:33:50.919027,CLOSED,CAS-CSE-03-0601,CARRIER-ROUTER-99,False
ALT-CSE-03-05230,CSE-03,CRITICAL,2024-12-29T13:33:52,2024-12-29T13:39:17.693293,2024-12-29T14:08:56.758242,CLOSED,,5G-CORE-UPF-01,False
ALT-CSE-03-05231,CSE-03,MEDIUM,2024-12-06T15:29:28,2024-12-06T15:38:45.468741,2024-12-06T16:38:07.985373,CLOSED,,EDGE-GATEWAY-12,False
ALT-CSE-03-05232,CSE-03,HIGH,2024-11-19T06:15:09,2024-11-19T06:24:00.418108,2024-11-19T07:28:45.783066,CLOSED,CAS-CSE-03-0602,5G-AMF-NODE-02,False
ALT-CSE-03-05233,CSE-03,MEDIUM,2024-11-22T14:51:59,2024-11-22T14:57:25.877656,2024-11-22T15:32:35.824899,CLOSED,,TELCO-AAA-SRV,False
ALT-CSE-03-05234,CSE-03,LOW,2024-12-15T02:33:24,2024-12-15T02:36:18.145729,2024-12-15T03:23:00.867658,CLOSED,,5G-CORE-UPF-01,False
ALT-CSE-03-05235,CSE-03,MEDIUM,2024-11-24T12:13:53,2024-11-24T12:19:43.198845,2024-11-24T13:03:51.183650,CLOSED,,5G-CORE-UPF-01,False
ALT-CSE-03-05236,CSE-03,LOW,2024-12-19T01:54:56,2024-12-19T02:00:38.666533,2024-12-19T03:06:18.529072,CLOSED,,5G-AMF-NODE-02,False
ALT-CSE-03-05237,CSE-03,MEDIUM,2024-10-08T06:18:19,2024-10-08T06:21:43.865706,2024-10-08T06:51:55.487950,CLOSED,,5G-AMF-NODE-02,False
ALT-CSE-03-05238,CSE-03,LOW,2024-12-04T01:52:46,2024-12-04T02:01:23.025520,2024-12-04T02:44:03.741329,CLOSED,,5G-CORE-UPF-01,False
ALT-CSE-03-05239,CSE-03,LOW,2024-12-29T07:50:45,2024-12-29T07:56:57.285433,2024-12-29T08:53:54.888387,CLOSED,,5G-CORE-UPF-01,False
ALT-CSE-03-05240,CSE-03,HIGH,2024-10-07T03:40:34,2024-10-07T03:45:11.377801,2024-10-07T04:49:50.120618,CLOSED,CAS-CSE-03-0603,EDGE-GATEWAY-12,True
ALT-CSE-03-05241,CSE-03,HIGH,2024-12-18T03:41:53,2024-12-18T03:45:34.918684,2024-12-18T04:36:53.387269,CLOSED,CAS-CSE-03-0604,5G-AMF-NODE-02,False
ALT-CSE-03-05242,CSE-03,MEDIUM,2024-12-19T07:11:21,2024-12-19T07:20:47.853328,2024-12-19T08:09:09.565939,CLOSED,,TELCO-AAA-SRV,False
ALT-CSE-03-05243,CSE-03,MEDIUM,2024-12-07T09:18:00,2024-12-07T09:22:52.165357,2024-12-07T10:13:21.528649,CLOSED,,TELCO-AAA-SRV,False
ALT-CSE-03-05244,CSE-03,MEDIUM,2024-11-14T19:39:22,2024-11-14T19:44:18.399086,2024-11-14T21:01:36.941044,CLOSED,,CARRIER-ROUTER-99,False
ALT-CSE-03-05245,CSE-03,MEDIUM,2024-10-03T02:24:54,2024-10-03T02:31:18.044636,2024-10-03T03:42:03.307916,CLOSED,,CARRIER-ROUTER-99,False
ALT-CSE-03-05246,CSE-03,HIGH,2024-11-16T11:35:35,2024-11-16T11:38:35.667970,2024-11-16T12:48:04.574903,CLOSED,,CARRIER-ROUTER-99,False
ALT-CSE-03-05247,CSE-03,MEDIUM,2024-10-19T17:48:39,2024-10-19T17:54:36.734246,2024-10-19T18:33:04.225119,CLOSED,,CARRIER-ROUTER-99,False
ALT-CSE-03-05248,CSE-03,MEDIUM,2024-10-19T18:28:55,2024-10-19T18:38:45.364047,2024-10-19T19:50:39.791985,CLOSED,,EDGE-GATEWAY-12,False
ALT-CSE-03-05249,CSE-03,MEDIUM,2024-12-25T23:41:27,2024-12-25T23:51:14.913856,2024-12-26T00:51:42.428836,CLOSED,,CARRIER-ROUTER-99,False
ALT-CSE-03-05250,CSE-03,HIGH,2024-12-29T01:40:07,2024-12-29T01:43:11.865090,2024-12-29T02:30:42.771449,CLOSED,,EDGE-GATEWAY-12,False
ALT-CSE-03-05251,CSE-03,MEDIUM,2024-12-18T13:39:52,2024-12-18T13:42:52.128943,2024-12-18T14:37:53.415645,CLOSED,,5G-CORE-UPF-01,False
ALT-CSE-03-05252,CSE-03,HIGH,2024-12-26T16:09:57,2024-12-26T16:13:49.825204,2024-12-26T17:01:30.729115,CLOSED,,CARRIER-ROUTER-99,False
ALT-CSE-03-05253,CSE-03,LOW,2024-11-21T06:07:15,2024-11-21T06:15:26.614260,2024-11-21T07:24:22.320256,CLOSED,,5G-AMF-NODE-02,False
ALT-CSE-03-05254,CSE-03,HIGH,2024-10-19T10:12:21,2024-10-19T10:21:46.309677,2024-10-19T10:54:05.743722,CLOSED,,5G-CORE-UPF-01,False
ALT-CSE-03-05255,CSE-03,LOW,2024-12-01T00:49:06,2024-12-01T00:58:18.476740,2024-12-01T01:25:02.040477,CLOSED,,5G-CORE-UPF-01,False
ALT-CSE-03-05256,CSE-03,MEDIUM,2024-12-07T22:02:14,2024-12-07T22:06:11.181057,2024-12-07T22:39:54.941780,CLOSED,,5G-AMF-NODE-02,False
ALT-CSE-03-05257,CSE-03,MEDIUM,2024-12-24T07:32:47,2024-12-24T07:41:25.811534,2024-12-24T08:28:35.932844,CLOSED,,EDGE-GATEWAY-12,False
ALT-CSE-03-05258,CSE-03,CRITICAL,2024-10-18T12:23:05,2024-10-18T12:31:01.383209,2024-10-18T12:59:56.529553,CLOSED,CAS-CSE-03-0605,5G-AMF-NODE-02,False
ALT-CSE-03-05259,CSE-03,MEDIUM,2024-10-15T17:48:04,2024-10-15T17:50:40.675181,2024-10-15T18:24:30.735717,CLOSED,,5G-CORE-UPF-01,False
ALT-CSE-03-05260,CSE-03,MEDIUM,2024-10-03T21:49:18,2024-10-03T21:58:51.396855,2024-10-03T22:49:30.605156,CLOSED,,5G-CORE-UPF-01,False
ALT-CSE-03-05261,CSE-03,MEDIUM,2024-11-26T18:34:05,2024-11-26T18:40:38.590041,2024-11-26T19:52:45.751793,CLOSED,,5G-AMF-NODE-02,False
ALT-CSE-03-05262,CSE-03,CRITICAL,2024-12-03T08:37:26,2024-12-03T08:46:01.067530,2024-12-03T09:17:47.203074,CLOSED,,EDGE-GATEWAY-12,False
ALT-CSE-03-05263,CSE-03,CRITICAL,2024-12-02T14:34:22,2024-12-02T14:41:13.536728,2024-12-02T15:56:08.925341,CLOSED,,5G-CORE-UPF-01,False
ALT-CSE-03-05264,CSE-03,HIGH,2024-12-23T08:15:46,2024-12-23T08:23:49.906140,2024-12-23T09:35:27.604811,CLOSED,,EDGE-GATEWAY-12,False
ALT-CSE-03-05265,CSE-03,MEDIUM,2024-12-29T07:29:59,2024-12-29T07:37:17.667251,2024-12-29T08:27:50.332484,CLOSED,,5G-CORE-UPF-01,False
ALT-CSE-03-05266,CSE-03,MEDIUM,2024-10-26T19:44:51,2024-10-26T19:48:44.386027,2024-10-26T20:56:53.613652,CLOSED,,EDGE-GATEWAY-12,False
ALT-CSE-03-05267,CSE-03,MEDIUM,2024-11-22T15:44:54,2024-11-22T15:48:53.109710,2024-11-22T17:06:44.621084,CLOSED,,EDGE-GATEWAY-12,False
ALT-CSE-03-05268,CSE-03,MEDIUM,2024-10-01T19:30:04,2024-10-01T19:34:57.924096,2024-10-01T20:29:55.076540,CLOSED,,TELCO-AAA-SRV,False
ALT-CSE-03-05269,CSE-03,MEDIUM,2024-12-19T15:10:49,2024-12-19T15:17:33.626838,2024-12-19T16:08:19.809648,CLOSED,,TELCO-AAA-SRV,False
ALT-CSE-03-05270,CSE-03,MEDIUM,2024-11-18T01:16:58,2024-11-18T01:23:31.056417,2024-11-18T01:56:46.685814,CLOSED,,CARRIER-ROUTER-99,False
ALT-CSE-03-05271,CSE-03,MEDIUM,2024-10-27T13:00:53,2024-10-27T13:04:09.083337,2024-10-27T13:41:51.791432,CLOSED,,CARRIER-ROUTER-99,False
ALT-CSE-03-05272,CSE-03,LOW,2024-11-21T10:09:42,2024-11-21T10:17:28.713502,2024-11-21T11:14:33.309491,CLOSED,,TELCO-AAA-SRV,False
ALT-CSE-03-05273,CSE-03,HIGH,2024-10-27T12:56:19,2024-10-27T12:58:32.562253,2024-10-27T14:06:13.377952,CLOSED,,5G-AMF-NODE-02,False
ALT-CSE-03-05274,CSE-03,MEDIUM,2024-11-15T19:22:11,2024-11-15T19:24:25.054975,2024-11-15T20:00:10.274488,CLOSED,,5G-CORE-UPF-01,False
ALT-CSE-03-05275,CSE-03,LOW,2024-12-28T01:59:48,2024-12-28T02:04:46.868234,2024-12-28T03:23:54.202848,CLOSED,,5G-AMF-NODE-02,False
ALT-CSE-03-05276,CSE-03,LOW,2024-12-02T04:23:58,2024-12-02T04:28:04.534868,2024-12-02T05:26:01.388079,CLOSED,,5G-CORE-UPF-01,False
ALT-CSE-03-05277,CSE-03,CRITICAL,2024-11-15T00:21:03,2024-11-15T00:26:08.695694,2024-11-15T01:22:45.688428,CLOSED,,5G-AMF-NODE-02,False
ALT-CSE-03-05278,CSE-03,LOW,2024-10-19T11:15:41,2024-10-19T11:22:51.774429,2024-10-19T12:19:03.438658,CLOSED,,5G-CORE-UPF-01,False
ALT-CSE-03-05279,CSE-03,HIGH,2024-11-30T11:18:03,2024-11-30T11:23:10.988989,2024-11-30T12:30:06.280602,CLOSED,,EDGE-GATEWAY-12,False
ALT-CSE-03-05280,CSE-03,MEDIUM,2024-10-11T08:35:01,2024-10-11T08:39:12.113697,2024-10-11T09:47:55.747698,CLOSED,,CARRIER-ROUTER-99,False
ALT-CSE-03-05281,CSE-03,MEDIUM,2024-10-25T11:32:44,2024-10-25T11:41:50.021965,2024-10-25T12:55:42.521710,CLOSED,,CARRIER-ROUTER-99,False
ALT-CSE-03-05282,CSE-03,HIGH,2024-11-14T03:28:26,2024-11-14T03:34:58.009525,2024-11-14T04:47:02.450106,CLOSED,,5G-AMF-NODE-02,False
ALT-CSE-03-05283,CSE-03,LOW,2024-10-19T10:52:11,2024-10-19T10:55:55.560737,2024-10-19T11:41:08.124178,CLOSED,,TELCO-AAA-SRV,False
ALT-CSE-03-05284,CSE-03,CRITICAL,2024-12-05T00:09:14,2024-12-05T00:11:47.774258,2024-12-05T01:29:54.768158,CLOSED,CAS-CSE-03-0606,TELCO-AAA-SRV,False
ALT-CSE-03-05285,CSE-03,MEDIUM,2024-10-09T10:26:17,2024-10-09T10:35:54.114920,2024-10-09T11:12:18.556624,CLOSED,,TELCO-AAA-SRV,False
ALT-CSE-03-05286,CSE-03,MEDIUM,2024-11-20T10:20:58,2024-11-20T10:28:18.364830,2024-11-20T11:42:21.341439,CLOSED,,5G-CORE-UPF-01,False
ALT-CSE-03-05287,CSE-03,MEDIUM,2024-11-28T21:28:48,2024-11-28T21:37:12.412429,2024-11-28T22:37:58.367137,CLOSED,,TELCO-AAA-SRV,False
ALT-CSE-03-05288,CSE-03,HIGH,2024-11-16T22:23:26,2024-11-16T22:25:46.761951,2024-11-16T22:59:49.988007,CLOSED,,5G-CORE-UPF-01,False
ALT-CSE-03-05289,CSE-03,LOW,2024-10-17T04:33:45,2024-10-17T04:41:01.178116,2024-10-17T05:49:11.650174,CLOSED,,CARRIER-ROUTER-99,False
ALT-CSE-03-05290,CSE-03,LOW,2024-12-28T20:12:05,2024-12-28T20:18:47.865643,2024-12-28T20:42:42.961765,CLOSED,,CARRIER-ROUTER-99,False
ALT-CSE-03-05291,CSE-03,MEDIUM,2024-12-22T22:01:51,2024-12-22T22:06:39.918411,2024-12-22T22:41:37.589623,CLOSED,,EDGE-GATEWAY-12,False
ALT-CSE-03-05292,CSE-03,LOW,2024-11-05T04:02:20,2024-11-05T04:04:30.986759,2024-11-05T05:09:16.611436,CLOSED,,CARRIER-ROUTER-99,False
ALT-CSE-03-05293,CSE-03,HIGH,2024-10-02T19:17:43,2024-10-02T19:26:07.908301,2024-10-02T20:02:38.393632,CLOSED,,CARRIER-ROUTER-99,False
ALT-CSE-03-05294,CSE-03,MEDIUM,2024-12-08T05:53:18,2024-12-08T06:01:00.320107,2024-12-08T06:45:01.178874,CLOSED,,5G-CORE-UPF-01,False
ALT-CSE-03-05295,CSE-03,MEDIUM,2024-11-18T03:09:59,2024-11-18T03:14:15.426039,2024-11-18T04:04:09.780647,CLOSED,,CARRIER-ROUTER-99,False
ALT-CSE-03-05296,CSE-03,MEDIUM,2024-11-20T19:17:17,2024-11-20T19:26:54.189798,2024-11-20T20:11:03.488255,CLOSED,,5G-AMF-NODE-02,False
ALT-CSE-03-05297,CSE-03,LOW,2024-11-28T02:23:20,2024-11-28T02:30:55.081422,2024-11-28T02:53:59.221851,CLOSED,,5G-CORE-UPF-01,False
ALT-CSE-03-05298,CSE-03,LOW,2024-11-26T09:42:03,2024-11-26T09:49:19.150169,2024-11-26T11:03:55.208552,CLOSED,,5G-AMF-NODE-02,False
ALT-CSE-03-05299,CSE-03,MEDIUM,2024-10-05T14:09:39,2024-10-05T14:13:24.960708,2024-10-05T14:59:11.093639,CLOSED,,EDGE-GATEWAY-12,False
ALT-CSE-03-05300,CSE-03,MEDIUM,2024-12-14T02:47:19,2024-12-14T02:49:35.816605,2024-12-14T03:43:04.703907,CLOSED,,TELCO-AAA-SRV,False
ALT-CSE-03-05301,CSE-03,MEDIUM,2024-10-25T08:23:14,2024-10-25T08:26:57.217043,2024-10-25T09:09:35.563996,CLOSED,,5G-CORE-UPF-01,False
ALT-CSE-03-05302,CSE-03,MEDIUM,2024-12-06T05:19:15,2024-12-06T05:24:54.115395,2024-12-06T06:06:52.559508,CLOSED,,CARRIER-ROUTER-99,False
ALT-CSE-03-05303,CSE-03,LOW,2024-10-11T16:47:08,2024-10-11T16:54:41.575277,2024-10-11T17:54:05.993627,CLOSED,,5G-AMF-NODE-02,False
ALT-CSE-03-05304,CSE-03,HIGH,2024-12-19T04:08:26,2024-12-19T04:18:13.558709,2024-12-19T05:21:03.807044,CLOSED,,5G-AMF-NODE-02,False
ALT-CSE-03-05305,CSE-03,MEDIUM,2024-12-14T10:40:33,2024-12-14T10:46:18.564783,2024-12-14T11:17:55.481899,CLOSED,,TELCO-AAA-SRV,False
ALT-CSE-03-05306,CSE-03,MEDIUM,2024-11-30T10:17:14,2024-11-30T10:26:45.978817,2024-11-30T11:25:29.118465,CLOSED,,5G-CORE-UPF-01,False
ALT-CSE-03-05307,CSE-03,MEDIUM,2024-11-19T04:23:44,2024-11-19T04:28:34.966693,2024-11-19T05:34:42.470911,CLOSED,,5G-CORE-UPF-01,False
ALT-CSE-03-05308,CSE-03,LOW,2024-11-07T23:36:34,2024-11-07T23:45:43.288601,2024-11-08T00:52:00.518315,CLOSED,,5G-CORE-UPF-01,False
ALT-CSE-03-05309,CSE-03,HIGH,2024-12-12T08:42:47,2024-12-12T08:48:56.946381,2024-12-12T09:30:22.549420,CLOSED,,TELCO-AAA-SRV,False
ALT-CSE-03-05310,CSE-03,HIGH,2024-10-17T10:19:08,2024-10-17T10:22:47.855112,2024-10-17T10:53:44.356076,CLOSED,,EDGE-GATEWAY-12,False
ALT-CSE-03-05311,CSE-03,LOW,2024-11-30T20:55:12,2024-11-30T21:04:32.053734,2024-11-30T21:51:01.967480,CLOSED,,EDGE-GATEWAY-12,False
ALT-CSE-03-05312,CSE-03,MEDIUM,2024-10-28T07:31:30,2024-10-28T07:36:51.023573,2024-10-28T08:54:38.848356,CLOSED,,CARRIER-ROUTER-99,False
ALT-CSE-03-05313,CSE-03,LOW,2024-10-14T01:17:49,2024-10-14T01:19:57.884527,2024-10-14T02:26:09.090944,CLOSED,,5G-CORE-UPF-01,False
ALT-CSE-03-05314,CSE-03,MEDIUM,2024-11-08T02:43:27,2024-11-08T02:52:26.917293,2024-11-08T03:22:57.838693,CLOSED,,5G-AMF-NODE-02,False
ALT-CSE-03-05315,CSE-03,MEDIUM,2024-12-12T03:33:50,2024-12-12T03:38:15.638260,2024-12-12T04:08:12.612377,CLOSED,,EDGE-GATEWAY-12,False
ALT-CSE-03-05316,CSE-03,MEDIUM,2024-10-28T10:59:31,2024-10-28T11:06:02.307772,2024-10-28T12:14:05.718479,CLOSED,,TELCO-AAA-SRV,False
ALT-CSE-03-05317,CSE-03,MEDIUM,2024-10-11T11:49:35,2024-10-11T11:55:58.868076,2024-10-11T12:23:41.104870,CLOSED,,EDGE-GATEWAY-12,False
ALT-CSE-03-05318,CSE-03,MEDIUM,2024-10-13T06:23:58,2024-10-13T06:29:40.321371,2024-10-13T07:29:32.209298,CLOSED,,5G-CORE-UPF-01,False
ALT-CSE-03-05319,CSE-03,LOW,2024-12-12T19:47:43,2024-12-12T19:50:35.797852,2024-12-12T20:32:36.044352,CLOSED,,5G-AMF-NODE-02,False
ALT-CSE-03-05320,CSE-03,MEDIUM,2024-11-24T09:43:19,2024-11-24T09:51:25.814253,2024-11-24T10:38:59.724003,CLOSED,,5G-AMF-NODE-02,False
ALT-CSE-03-05321,CSE-03,HIGH,2024-12-17T05:24:28,2024-12-17T05:31:14.169172,2024-12-17T06:18:14.134292,CLOSED,,5G-CORE-UPF-01,False
ALT-CSE-03-05322,CSE-03,MEDIUM,2024-12-07T05:31:58,2024-12-07T05:40:25.024227,2024-12-07T06:24:04.250300,CLOSED,,EDGE-GATEWAY-12,False
ALT-CSE-03-05323,CSE-03,LOW,2024-10-31T19:27:43,2024-10-31T19:37:38.581773,2024-10-31T20:23:42.298596,CLOSED,,5G-AMF-NODE-02,False
ALT-CSE-03-05324,CSE-03,LOW,2024-10-28T17:23:36,2024-10-28T17:28:15.783656,2024-10-28T17:59:42.444338,CLOSED,,TELCO-AAA-SRV,False
ALT-CSE-03-05325,CSE-03,HIGH,2024-10-26T15:27:25,2024-10-26T15:36:56.244365,2024-10-26T16:38:20.440357,CLOSED,,5G-AMF-NODE-02,False
ALT-CSE-03-05326,CSE-03,HIGH,2024-12-06T19:15:17,2024-12-06T19:22:29.258399,2024-12-06T20:18:17.248223,CLOSED,CAS-CSE-03-0607,5G-AMF-NODE-02,True
ALT-CSE-03-05327,CSE-03,MEDIUM,2024-11-19T18:49:44,2024-11-19T18:52:33.504222,2024-11-19T19:27:42.562455,CLOSED,,5G-CORE-UPF-01,False
ALT-CSE-03-05328,CSE-03,HIGH,2024-10-27T05:58:11,2024-10-27T06:07:40.842883,2024-10-27T07:10:09.395222,CLOSED,,TELCO-AAA-SRV,False
ALT-CSE-03-05329,CSE-03,HIGH,2024-12-06T08:27:55,2024-12-06T08:34:38.971342,2024-12-06T09:22:46.876790,CLOSED,,5G-CORE-UPF-01,False
ALT-CSE-03-05330,CSE-03,HIGH,2024-10-10T23:59:50,2024-10-11T00:03:50.232887,2024-10-11T01:08:22.469184,CLOSED,,EDGE-GATEWAY-12,False
ALT-CSE-03-05331,CSE-03,MEDIUM,2024-11-10T03:54:49,2024-11-10T03:57:29.220769,2024-11-10T04:46:31.839195,CLOSED,,5G-AMF-NODE-02,False
ALT-CSE-03-05332,CSE-03,HIGH,2024-11-05T17:13:20,2024-11-05T17:19:50.470448,2024-11-05T18:31:50.469070,CLOSED,,TELCO-AAA-SRV,False
ALT-CSE-03-05333,CSE-03,HIGH,2024-12-26T09:21:23,2024-12-26T09:27:25.755496,2024-12-26T10:16:13.801817,CLOSED,,CARRIER-ROUTER-99,False
ALT-CSE-03-05334,CSE-03,MEDIUM,2024-11-18T15:24:33,2024-11-18T15:28:50.280253,2024-11-18T16:40:54.528450,CLOSED,,CARRIER-ROUTER-99,False
ALT-CSE-03-05335,CSE-03,HIGH,2024-12-18T04:34:45,2024-12-18T04:36:46.812715,2024-12-18T05:57:02.518516,CLOSED,,EDGE-GATEWAY-12,False
ALT-CSE-03-05336,CSE-03,MEDIUM,2024-12-07T13:55:32,2024-12-07T14:01:41.510085,2024-12-07T14:43:53.534809,CLOSED,,TELCO-AAA-SRV,False
ALT-CSE-03-05337,CSE-03,MEDIUM,2024-10-07T16:57:49,2024-10-07T17:05:14.868442,2024-10-07T17:50:08.758575,CLOSED,,TELCO-AAA-SRV,False
ALT-CSE-03-05338,CSE-03,LOW,2024-11-07T21:42:02,2024-11-07T21:49:31.830300,2024-11-07T22:43:30.603829,CLOSED,,EDGE-GATEWAY-12,False
ALT-CSE-03-05339,CSE-03,MEDIUM,2024-10-19T04:25:28,2024-10-19T04:31:24.839481,2024-10-19T05:25:01.695512,CLOSED,,5G-AMF-NODE-02,False
ALT-CSE-03-05340,CSE-03,MEDIUM,2024-12-09T09:22:15,2024-12-09T09:24:30.382032,2024-12-09T10:35:02.712483,CLOSED,,TELCO-AAA-SRV,False
ALT-CSE-03-05341,CSE-03,MEDIUM,2024-11-27T23:48:30,2024-11-27T23:50:49.937742,2024-11-28T01:05:15.559322,CLOSED,,TELCO-AAA-SRV,False
ALT-CSE-03-05342,CSE-03,MEDIUM,2024-11-21T19:13:56,2024-11-21T19:23:30.658785,2024-11-21T20:18:31.401546,CLOSED,,5G-CORE-UPF-01,False
ALT-CSE-03-05343,CSE-03,MEDIUM,2024-12-27T20:33:34,2024-12-27T20:41:23.884180,2024-12-27T21:31:42.127029,CLOSED,,5G-AMF-NODE-02,False
ALT-CSE-03-05344,CSE-03,LOW,2024-12-07T22:04:24,2024-12-07T22:08:20.790732,2024-12-07T22:38:16.094558,CLOSED,,5G-CORE-UPF-01,False
ALT-CSE-03-05345,CSE-03,CRITICAL,2024-12-13T12:15:57,2024-12-13T12:19:27.834372,2024-12-13T13:34:18.755005,CLOSED,CAS-CSE-03-0608,5G-CORE-UPF-01,False
ALT-CSE-03-05346,CSE-03,MEDIUM,2024-12-16T17:23:20,2024-12-16T17:30:46.352511,2024-12-16T18:32:41.017417,CLOSED,,TELCO-AAA-SRV,False
ALT-CSE-03-05347,CSE-03,HIGH,2024-11-08T09:00:58,2024-11-08T09:06:49.263721,2024-11-08T10:19:04.948030,CLOSED,,TELCO-AAA-SRV,False
ALT-CSE-03-05348,CSE-03,MEDIUM,2024-10-19T18:21:11,2024-10-19T18:29:00.138336,2024-10-19T19:37:21.880795,CLOSED,,5G-AMF-NODE-02,False
ALT-CSE-03-05349,CSE-03,LOW,2024-12-28T20:42:08,2024-12-28T20:50:00.838281,2024-12-28T21:13:22.135191,CLOSED,,CARRIER-ROUTER-99,False
ALT-CSE-03-05350,CSE-03,MEDIUM,2024-11-15T06:00:10,2024-11-15T06:08:03.562400,2024-11-15T07:17:42.844312,CLOSED,,CARRIER-ROUTER-99,False
ALT-CSE-03-05351,CSE-03,MEDIUM,2024-11-23T23:03:52,2024-11-23T23:12:36.388331,2024-11-24T00:19:12.748709,CLOSED,,CARRIER-ROUTER-99,False
ALT-CSE-03-05352,CSE-03,MEDIUM,2024-10-26T10:39:56,2024-10-26T10:45:45.991960,2024-10-26T11:19:53.236350,CLOSED,,5G-CORE-UPF-01,False
ALT-CSE-03-05353,CSE-03,HIGH,2024-11-25T08:50:00,2024-11-25T08:57:53.101266,2024-11-25T09:32:20.722944,CLOSED,,5G-AMF-NODE-02,False
ALT-CSE-03-05354,CSE-03,MEDIUM,2024-12-24T00:58:20,2024-12-24T01:08:08.111327,2024-12-24T02:21:36.630392,CLOSED,,5G-AMF-NODE-02,False
ALT-CSE-03-05355,CSE-03,LOW,2024-10-28T14:24:54,2024-10-28T14:28:26.410961,2024-10-28T15:22:34.907706,CLOSED,,EDGE-GATEWAY-12,False
ALT-CSE-03-05356,CSE-03,CRITICAL,2024-10-12T22:01:22,2024-10-12T22:05:20.039484,2024-10-12T23:10:59.630489,CLOSED,,5G-AMF-NODE-02,False
ALT-CSE-03-05357,CSE-03,MEDIUM,2024-11-28T23:40:36,2024-11-28T23:43:51.317926,2024-11-29T00:40:58.156378,CLOSED,,CARRIER-ROUTER-99,False
ALT-CSE-03-05358,CSE-03,LOW,2024-12-15T23:14:45,2024-12-15T23:22:39.350995,2024-12-16T00:16:11.812579,CLOSED,,EDGE-GATEWAY-12,False
ALT-CSE-03-05359,CSE-03,LOW,2024-10-31T17:32:15,2024-10-31T17:38:11.014134,2024-10-31T18:31:20.385130,CLOSED,,CARRIER-ROUTER-99,False
ALT-CSE-03-05360,CSE-03,HIGH,2024-11-15T04:29:10,2024-11-15T04:33:41.121849,2024-11-15T05:50:50.965869,CLOSED,,5G-AMF-NODE-02,False
ALT-CSE-03-05361,CSE-03,CRITICAL,2024-10-14T07:33:47,2024-10-14T07:36:28.219261,2024-10-14T08:50:48.955519,CLOSED,,EDGE-GATEWAY-12,False
ALT-CSE-03-05362,CSE-03,MEDIUM,2024-10-05T15:07:15,2024-10-05T15:11:53.382166,2024-10-05T15:37:33.147681,CLOSED,,5G-AMF-NODE-02,False
ALT-CSE-03-05363,CSE-03,HIGH,2024-11-18T03:47:33,2024-11-18T03:54:45.926792,2024-11-18T04:30:15.029224,CLOSED,,5G-CORE-UPF-01,False
ALT-CSE-03-05364,CSE-03,HIGH,2024-12-22T01:34:16,2024-12-22T01:42:05.954100,2024-12-22T02:14:45.481020,CLOSED,,5G-CORE-UPF-01,False
ALT-CSE-03-05365,CSE-03,CRITICAL,2024-11-22T04:18:19,2024-11-22T04:22:47.219607,2024-11-22T05:22:12.066184,CLOSED,CAS-CSE-03-0609,EDGE-GATEWAY-12,False
ALT-CSE-03-05366,CSE-03,LOW,2024-11-24T09:44:44,2024-11-24T09:54:22.357237,2024-11-24T10:34:38.826145,CLOSED,,CARRIER-ROUTER-99,False
ALT-CSE-03-05367,CSE-03,CRITICAL,2024-11-30T21:43:20,2024-11-30T21:50:01.631422,2024-11-30T22:22:58.366034,CLOSED,,5G-CORE-UPF-01,False
ALT-CSE-03-05368,CSE-03,CRITICAL,2024-12-08T16:48:58,2024-12-08T16:56:48.514116,2024-12-08T17:26:18.175836,CLOSED,CAS-CSE-03-0610,EDGE-GATEWAY-12,False
ALT-CSE-03-05369,CSE-03,HIGH,2024-10-04T20:04:35,2024-10-04T20:11:36.468139,2024-10-04T21:20:58.557881,CLOSED,CAS-CSE-03-0611,TELCO-AAA-SRV,False
ALT-CSE-03-05370,CSE-03,CRITICAL,2024-10-12T18:24:14,2024-10-12T18:30:51.806030,2024-10-12T19:16:38.918447,CLOSED,CAS-CSE-03-0612,CARRIER-ROUTER-99,False
ALT-CSE-03-05371,CSE-03,LOW,2024-11-06T08:56:36,2024-11-06T09:05:19.217447,2024-11-06T10:19:51.467273,CLOSED,,5G-CORE-UPF-01,False
ALT-CSE-03-05372,CSE-03,MEDIUM,2024-10-18T15:18:04,2024-10-18T15:21:25.671839,2024-10-18T15:54:15.879101,CLOSED,,5G-AMF-NODE-02,False
ALT-CSE-03-05373,CSE-03,MEDIUM,2024-11-26T00:46:30,2024-11-26T00:51:28.897827,2024-11-26T01:20:47.112265,CLOSED,,5G-AMF-NODE-02,False
ALT-CSE-03-05374,CSE-03,HIGH,2024-10-19T21:41:06,2024-10-19T21:50:07.469986,2024-10-19T22:19:47.646821,CLOSED,,5G-CORE-UPF-01,False
ALT-CSE-03-05375,CSE-03,HIGH,2024-11-26T02:02:53,2024-11-26T02:09:59.022667,2024-11-26T02:40:20.957945,CLOSED,,CARRIER-ROUTER-99,False
ALT-CSE-03-05376,CSE-03,LOW,2024-12-21T07:10:48,2024-12-21T07:16:51.494532,2024-12-21T07:47:25.249800,CLOSED,,5G-AMF-NODE-02,False
ALT-CSE-03-05377,CSE-03,MEDIUM,2024-10-31T18:32:05,2024-10-31T18:34:22.386863,2024-10-31T19:09:38.754487,CLOSED,,CARRIER-ROUTER-99,False
ALT-CSE-03-05378,CSE-03,LOW,2024-12-18T11:17:30,2024-12-18T11:24:26.451474,2024-12-18T12:09:05.459397,CLOSED,,5G-CORE-UPF-01,False
ALT-CSE-03-05379,CSE-03,CRITICAL,2024-12-13T19:24:47,2024-12-13T19:27:27.506909,2024-12-13T20:40:02.529935,CLOSED,CAS-CSE-03-0613,5G-CORE-UPF-01,False
ALT-CSE-03-05380,CSE-03,CRITICAL,2024-11-29T06:59:59,2024-11-29T07:05:49.122213,2024-11-29T08:05:16.042909,CLOSED,,5G-AMF-NODE-02,False
ALT-CSE-03-05381,CSE-03,LOW,2024-12-23T02:34:04,2024-12-23T02:43:28.807382,2024-12-23T03:33:46.685679,CLOSED,,CARRIER-ROUTER-99,False
ALT-CSE-03-05382,CSE-03,LOW,2024-12-23T23:29:12,2024-12-23T23:33:10.469984,2024-12-24T00:17:00.109815,CLOSED,,5G-CORE-UPF-01,False
ALT-CSE-03-05383,CSE-03,MEDIUM,2024-11-30T02:26:38,2024-11-30T02:33:48.878540,2024-11-30T03:34:27.348045,CLOSED,,5G-CORE-UPF-01,False
ALT-CSE-03-05384,CSE-03,MEDIUM,2024-11-25T10:33:47,2024-11-25T10:39:31.795319,2024-11-25T11:37:08.096533,CLOSED,,EDGE-GATEWAY-12,False
ALT-CSE-03-05385,CSE-03,LOW,2024-11-17T03:19:34,2024-11-17T03:24:49.152375,2024-11-17T03:50:45.117474,CLOSED,,5G-CORE-UPF-01,False
ALT-CSE-03-05386,CSE-03,MEDIUM,2024-12-03T15:20:49,2024-12-03T15:28:47.701853,2024-12-03T16:36:55.694739,CLOSED,,5G-CORE-UPF-01,False
ALT-CSE-03-05387,CSE-03,CRITICAL,2024-10-27T19:57:39,2024-10-27T20:06:03.890012,2024-10-27T20:39:08.714422,CLOSED,CAS-CSE-03-0614,5G-CORE-UPF-01,False
ALT-CSE-03-05388,CSE-03,CRITICAL,2024-10-29T09:17:01,2024-10-29T09:19:53.649377,2024-10-29T10:37:51.237109,CLOSED,,CARRIER-ROUTER-99,False
ALT-CSE-03-05389,CSE-03,MEDIUM,2024-12-27T13:51:54,2024-12-27T14:00:24.539491,2024-12-27T14:50:35.999468,CLOSED,,5G-CORE-UPF-01,False
ALT-CSE-03-05390,CSE-03,MEDIUM,2024-12-04T12:26:32,2024-12-04T12:31:19.009534,2024-12-04T13:48:54.621220,CLOSED,,5G-CORE-UPF-01,False
ALT-CSE-03-05391,CSE-03,MEDIUM,2024-11-29T19:44:42,2024-11-29T19:51:04.597104,2024-11-29T20:49:27.194342,CLOSED,,TELCO-AAA-SRV,False
ALT-CSE-03-05392,CSE-03,HIGH,2024-12-14T10:31:18,2024-12-14T10:36:14.679429,2024-12-14T11:36:56.796241,CLOSED,,5G-AMF-NODE-02,False
ALT-CSE-03-05393,CSE-03,MEDIUM,2024-10-13T16:48:57,2024-10-13T16:53:56.160190,2024-10-13T17:54:02.690403,CLOSED,,5G-AMF-NODE-02,False
ALT-CSE-03-05394,CSE-03,CRITICAL,2024-12-01T21:51:16,2024-12-01T21:55:47.394439,2024-12-01T22:40:33.548154,CLOSED,CAS-CSE-03-0615,5G-CORE-UPF-01,False
ALT-CSE-03-05395,CSE-03,LOW,2024-11-11T07:48:32,2024-11-11T07:54:05.445043,2024-11-11T09:04:45.993988,CLOSED,,5G-AMF-NODE-02,False
ALT-CSE-03-05396,CSE-03,MEDIUM,2024-12-18T09:58:02,2024-12-18T10:07:39.666618,2024-12-18T11:01:56.273048,CLOSED,,CARRIER-ROUTER-99,False
ALT-CSE-03-05397,CSE-03,MEDIUM,2024-10-10T09:50:29,2024-10-10T09:54:18.574683,2024-10-10T10:39:37.913636,CLOSED,,EDGE-GATEWAY-12,False
ALT-CSE-03-05398,CSE-03,MEDIUM,2024-11-01T04:23:35,2024-11-01T04:31:57.956062,2024-11-01T05:07:13.634832,CLOSED,,5G-AMF-NODE-02,False
ALT-CSE-03-05399,CSE-03,HIGH,2024-12-01T04:18:04,2024-12-01T04:24:43.987311,2024-12-01T05:32:23.230254,CLOSED,,5G-AMF-NODE-02,False
