case_id,cse_id,opened_at,closed_at,investigation_text,investigator_id,escalated,resolution,alert_ids
CAS-CSE-07-0001,CSE-07,2024-11-28 22:11:22.250061,2024-11-28 22:14:24.281107,Investigated system activity on port 28450. Correlated firewall session logs.,ANA-007,False,Resolved,"[""ALT-CSE-07-00000""]"
CAS-CSE-07-0002,CSE-07,2024-12-28 00:51:44.504563,2024-12-28 00:56:17.625778,Investigated system activity on port 25936. Correlated firewall session logs.,ANA-007,True,Resolved,"[""ALT-CSE-07-00001""]"
CAS-CSE-07-0003,CSE-07,2024-12-13 11:18:54.577469,2024-12-13 11:22:41.872906,Alert investigated. No indicators of compromise found. Closed without escalation.,ANA-007,True,Resolved,"[""ALT-CSE-07-00003""]"
CAS-CSE-07-0004,CSE-07,2024-10-17 23:09:22.328283,2024-10-17 23:13:09.620185,Alert investigated. No indicators of compromise found. Closed without escalation.,ANA-007,False,Resolved,"[""ALT-CSE-07-00007""]"
CAS-CSE-07-0005,CSE-07,2024-12-04 02:14:39.402738,2024-12-04 02:19:01.568286,Alert investigated. No indicators of compromise found. Closed without escalation.,ANA-007,False,Resolved,"[""ALT-CSE-07-00009""]"
CAS-CSE-07-0006,CSE-07,2024-12-19 04:39:31.606853,2024-12-19 04:43:16.415451,Alert investigated. No indicators of compromise found. Closed without escalation.,ANA-007,False,Resolved,"[""ALT-CSE-07-00010""]"
CAS-CSE-07-0007,CSE-07,2024-12-01 12:53:06.443263,2024-12-01 12:56:43.788118,Alert investigated. No indicators of compromise found. Closed without escalation.,ANA-007,False,Resolved,"[""ALT-CSE-07-00011""]"
CAS-CSE-07-0008,CSE-07,2024-12-08 08:42:50.346248,2024-12-08 08:46:35.931284,Alert investigated. No indicators of compromise found. Closed without escalation.,ANA-007,False,Resolved,"[""ALT-CSE-07-00012""]"
CAS-CSE-07-0009,CSE-07,2024-10-09 16:29:28.320433,2024-10-09 16:33:10.374015,Alert investigated. No indicators of compromise found. Closed without escalation.,ANA-007,False,Resolved,"[""ALT-CSE-07-00013""]"
CAS-CSE-07-0010,CSE-07,2024-12-05 06:06:10.138283,2024-12-05 06:10:15.072043,Alert investigated. No indicators of compromise found. Closed without escalation.,ANA-007,True,Resolved,"[""ALT-CSE-07-00014""]"
CAS-CSE-07-0011,CSE-07,2024-10-23 14:13:43.700912,2024-10-23 14:17:06.156400,Alert investigated. No indicators of compromise found. Closed without escalation.,ANA-007,False,Resolved,"[""ALT-CSE-07-00017""]"
CAS-CSE-07-0012,CSE-07,2024-10-23 04:58:48.594575,2024-10-23 05:03:34.366931,Investigated system activity on port 53344. Correlated firewall session logs.,ANA-007,False,Resolved,"[""ALT-CSE-07-00018""]"
CAS-CSE-07-0013,CSE-07,2024-12-01 22:08:55.235541,2024-12-01 22:13:03.883913,Alert investigated. No indicators of compromise found. Closed without escalation.,ANA-007,False,Resolved,"[""ALT-CSE-07-00019""]"
CAS-CSE-07-0014,CSE-07,2024-10-11 00:44:39.229501,2024-10-11 00:48:58.272219,Alert investigated. No indicators of compromise found. Closed without escalation.,ANA-007,False,Resolved,"[""ALT-CSE-07-00020""]"
CAS-CSE-07-0015,CSE-07,2024-11-19 23:59:43.293526,2024-11-20 00:02:53.987261,Alert investigated. No indicators of compromise found. Closed without escalation.,ANA-007,False,Resolved,"[""ALT-CSE-07-00021""]"
CAS-CSE-07-0016,CSE-07,2024-10-14 11:36:28.300171,2024-10-14 11:40:18.510295,Alert investigated. No indicators of compromise found. Closed without escalation.,ANA-007,False,Resolved,"[""ALT-CSE-07-00022""]"
CAS-CSE-07-0017,CSE-07,2024-12-18 17:11:14.947282,2024-12-18 17:15:07.211140,Alert investigated. No indicators of compromise found. Closed without escalation.,ANA-007,False,Resolved,"[""ALT-CSE-07-00024""]"
CAS-CSE-07-0018,CSE-07,2024-10-29 15:00:38.725652,2024-10-29 15:04:20.516799,Investigated system activity on port 9581. Correlated firewall session logs.,ANA-007,False,Resolved,"[""ALT-CSE-07-00025""]"
CAS-CSE-07-0019,CSE-07,2024-10-31 21:09:11.494836,2024-10-31 21:13:17.714592,Alert investigated. No indicators of compromise found. Closed without escalation.,ANA-007,False,Resolved,"[""ALT-CSE-07-00026""]"
CAS-CSE-07-0020,CSE-07,2024-11-29 04:03:40.307825,2024-11-29 04:07:11.571437,Alert investigated. No indicators of compromise found. Closed without escalation.,ANA-007,False,Resolved,"[""ALT-CSE-07-00027""]"
CAS-CSE-07-0021,CSE-07,2024-11-27 05:40:44.850296,2024-11-27 05:44:24.443060,Alert investigated. No indicators of compromise found. Closed without escalation.,ANA-007,False,Resolved,"[""ALT-CSE-07-00028""]"
CAS-CSE-07-0022,CSE-07,2024-11-13 13:37:37.828455,2024-11-13 13:41:21.110714,Alert investigated. No indicators of compromise found. Closed without escalation.,ANA-007,False,Resolved,"[""ALT-CSE-07-00029""]"
CAS-CSE-07-0023,CSE-07,2024-12-22 09:03:27.490340,2024-12-22 09:07:03.261970,Alert investigated. No indicators of compromise found. Closed without escalation.,ANA-007,False,Resolved,"[""ALT-CSE-07-00031""]"
CAS-CSE-07-0024,CSE-07,2024-10-20 22:47:51.586390,2024-10-20 22:51:39.580430,Alert investigated. No indicators of compromise found. Closed without escalation.,ANA-007,False,Resolved,"[""ALT-CSE-07-00033""]"
CAS-CSE-07-0025,CSE-07,2024-12-16 21:07:58.088938,2024-12-16 21:12:05.011518,Investigated system activity on port 38786. Correlated firewall session logs.,ANA-007,False,Resolved,"[""ALT-CSE-07-00034""]"
CAS-CSE-07-0026,CSE-07,2024-12-26 01:18:11.718258,2024-12-26 01:21:51.676947,Alert investigated. No indicators of compromise found. Closed without escalation.,ANA-007,False,Resolved,"[""ALT-CSE-07-00035""]"
CAS-CSE-07-0027,CSE-07,2024-12-16 06:35:41.584422,2024-12-16 06:39:55.175799,Investigated system activity on port 7531. Correlated firewall session logs.,ANA-007,False,Resolved,"[""ALT-CSE-07-00036""]"
CAS-CSE-07-0028,CSE-07,2024-12-03 11:14:37.935006,2024-12-03 11:18:08.501976,Alert investigated. No indicators of compromise found. Closed without escalation.,ANA-007,False,Resolved,"[""ALT-CSE-07-00037""]"
CAS-CSE-07-0029,CSE-07,2024-11-02 00:42:12.979410,2024-11-02 00:46:16.383937,Alert investigated. No indicators of compromise found. Closed without escalation.,ANA-007,False,Resolved,"[""ALT-CSE-07-00039""]"
CAS-CSE-07-0030,CSE-07,2024-10-13 22:53:49.298414,2024-10-13 22:58:27.470970,Alert investigated. No indicators of compromise found. Closed without escalation.,ANA-007,False,Resolved,"[""ALT-CSE-07-00041""]"
CAS-CSE-07-0031,CSE-07,2024-10-14 02:49:48.478350,2024-10-14 02:53:22.175106,Alert investigated. No indicators of compromise found. Closed without escalation.,ANA-007,False,Resolved,"[""ALT-CSE-07-00043""]"
CAS-CSE-07-0032,CSE-07,2024-11-10 06:59:20.908170,2024-11-10 07:04:04.810780,Alert investigated. No indicators of compromise found. Closed without escalation.,ANA-007,False,Resolved,"[""ALT-CSE-07-00044""]"
CAS-CSE-07-0033,CSE-07,2024-11-14 13:02:48.129577,2024-11-14 13:06:31.620299,Alert investigated. No indicators of compromise found. Closed without escalation.,ANA-007,False,Resolved,"[""ALT-CSE-07-00045""]"
CAS-CSE-07-0034,CSE-07,2024-12-10 12:14:42.332749,2024-12-10 12:18:26.948457,Alert investigated. No indicators of compromise found. Closed without escalation.,ANA-007,False,Resolved,"[""ALT-CSE-07-00046""]"
CAS-CSE-07-0035,CSE-07,2024-11-03 09:33:30.430617,2024-11-03 09:37:12.772390,Alert investigated. No indicators of compromise found. Closed without escalation.,ANA-007,False,Resolved,"[""ALT-CSE-07-00048""]"
CAS-CSE-07-0036,CSE-07,2024-11-22 04:33:34.845532,2024-11-22 04:37:35.462814,Alert investigated. No indicators of compromise found. Closed without escalation.,ANA-007,False,Resolved,"[""ALT-CSE-07-00049""]"
CAS-CSE-07-0037,CSE-07,2024-12-17 06:22:14.976670,2024-12-17 06:26:44.449379,Investigated system activity on port 44512. Correlated firewall session logs.,ANA-007,False,Resolved,"[""ALT-CSE-07-00050""]"
CAS-CSE-07-0038,CSE-07,2024-12-23 14:29:58.175453,2024-12-23 14:34:26.988162,Alert investigated. No indicators of compromise found. Closed without escalation.,ANA-007,False,Resolved,"[""ALT-CSE-07-00051""]"
CAS-CSE-07-0039,CSE-07,2024-11-14 12:41:11.801707,2024-11-14 12:44:52.749815,Investigated system activity on port 20211. Correlated firewall session logs.,ANA-007,False,Resolved,"[""ALT-CSE-07-00052""]"
CAS-CSE-07-0040,CSE-07,2024-12-12 01:31:21.656516,2024-12-12 01:35:00.290821,Investigated system activity on port 12140. Correlated firewall session logs.,ANA-007,False,Resolved,"[""ALT-CSE-07-00053""]"
CAS-CSE-07-0041,CSE-07,2024-10-02 08:47:04.575887,2024-10-02 08:51:09.930910,Alert investigated. No indicators of compromise found. Closed without escalation.,ANA-007,False,Resolved,"[""ALT-CSE-07-00055""]"
CAS-CSE-07-0042,CSE-07,2024-11-30 19:52:27.647413,2024-11-30 19:57:02.546232,Alert investigated. No indicators of compromise found. Closed without escalation.,ANA-007,False,Resolved,"[""ALT-CSE-07-00056""]"
CAS-CSE-07-0043,CSE-07,2024-10-16 23:35:38.127296,2024-10-16 23:40:05.013921,Investigated system activity on port 10324. Correlated firewall session logs.,ANA-007,False,Resolved,"[""ALT-CSE-07-00058""]"
CAS-CSE-07-0044,CSE-07,2024-10-26 17:10:49.047799,2024-10-26 17:15:20.612003,Alert investigated. No indicators of compromise found. Closed without escalation.,ANA-007,False,Resolved,"[""ALT-CSE-07-00059""]"
CAS-CSE-07-0045,CSE-07,2024-10-21 13:27:20.813800,2024-10-21 13:31:05.675105,Alert investigated. No indicators of compromise found. Closed without escalation.,ANA-007,False,Resolved,"[""ALT-CSE-07-00061""]"
CAS-CSE-07-0046,CSE-07,2024-12-28 23:27:58.305558,2024-12-28 23:31:48.763243,Investigated system activity on port 8062. Correlated firewall session logs.,ANA-007,False,Resolved,"[""ALT-CSE-07-00062""]"
CAS-CSE-07-0047,CSE-07,2024-11-03 11:13:53.664791,2024-11-03 11:18:22.347871,Alert investigated. No indicators of compromise found. Closed without escalation.,ANA-007,False,Resolved,"[""ALT-CSE-07-00064""]"
CAS-CSE-07-0048,CSE-07,2024-12-20 03:06:37.441491,2024-12-20 03:10:09.804205,Investigated system activity on port 62713. Correlated firewall session logs.,ANA-007,False,Resolved,"[""ALT-CSE-07-00065""]"
CAS-CSE-07-0049,CSE-07,2024-10-24 14:13:41.779274,2024-10-24 14:17:01.042681,Investigated system activity on port 60626. Correlated firewall session logs.,ANA-007,False,Resolved,"[""ALT-CSE-07-00068""]"
CAS-CSE-07-0050,CSE-07,2024-11-01 23:54:26.886285,2024-11-01 23:58:29.317233,Alert investigated. No indicators of compromise found. Closed without escalation.,ANA-007,False,Resolved,"[""ALT-CSE-07-00069""]"
CAS-CSE-07-0051,CSE-07,2024-12-12 00:53:26.207353,2024-12-12 00:57:59.749199,Alert investigated. No indicators of compromise found. Closed without escalation.,ANA-007,False,Resolved,"[""ALT-CSE-07-00070""]"
CAS-CSE-07-0052,CSE-07,2024-11-04 04:11:49.235604,2024-11-04 04:15:16.838951,Alert investigated. No indicators of compromise found. Closed without escalation.,ANA-007,True,Resolved,"[""ALT-CSE-07-00071""]"
CAS-CSE-07-0053,CSE-07,2024-12-29 13:29:34.542940,2024-12-29 13:33:01.355909,Alert investigated. No indicators of compromise found. Closed without escalation.,ANA-007,False,Resolved,"[""ALT-CSE-07-00072""]"
CAS-CSE-07-0054,CSE-07,2024-12-18 21:13:12.320667,2024-12-18 21:16:45.439354,Alert investigated. No indicators of compromise found. Closed without escalation.,ANA-007,False,Resolved,"[""ALT-CSE-07-00073""]"
CAS-CSE-07-0055,CSE-07,2024-10-26 17:58:07.552811,2024-10-26 18:02:48.826916,Investigated system activity on port 17066. Correlated firewall session logs.,ANA-007,False,Resolved,"[""ALT-CSE-07-00074""]"
CAS-CSE-07-0056,CSE-07,2024-12-07 19:03:32.045653,2024-12-07 19:07:56.866764,Alert investigated. No indicators of compromise found. Closed without escalation.,ANA-007,False,Resolved,"[""ALT-CSE-07-00075""]"
CAS-CSE-07-0057,CSE-07,2024-12-23 16:56:38.536933,2024-12-23 17:01:11.008511,Alert investigated. No indicators of compromise found. Closed without escalation.,ANA-007,False,Resolved,"[""ALT-CSE-07-00076""]"
CAS-CSE-07-0058,CSE-07,2024-10-02 04:12:57.979041,2024-10-02 04:16:04.672729,Investigated system activity on port 42244. Correlated firewall session logs.,ANA-007,False,Resolved,"[""ALT-CSE-07-00077""]"
CAS-CSE-07-0059,CSE-07,2024-10-19 04:07:34.502718,2024-10-19 04:11:44.911027,Investigated system activity on port 35889. Correlated firewall session logs.,ANA-007,True,Resolved,"[""ALT-CSE-07-00078""]"
CAS-CSE-07-0060,CSE-07,2024-12-17 02:18:38.540935,2024-12-17 02:22:27.561470,Alert investigated. No indicators of compromise found. Closed without escalation.,ANA-007,False,Resolved,"[""ALT-CSE-07-00079""]"
CAS-CSE-07-0061,CSE-07,2024-12-27 07:35:51.905543,2024-12-27 07:40:14.666692,Investigated system activity on port 56241. Correlated firewall session logs.,ANA-007,False,Resolved,"[""ALT-CSE-07-00081""]"
CAS-CSE-07-0062,CSE-07,2024-12-04 21:50:34.208953,2024-12-04 21:54:48.162785,Alert investigated. No indicators of compromise found. Closed without escalation.,ANA-007,False,Resolved,"[""ALT-CSE-07-00083""]"
CAS-CSE-07-0063,CSE-07,2024-10-18 06:12:33.736136,2024-10-18 06:16:07.421983,Alert investigated. No indicators of compromise found. Closed without escalation.,ANA-007,True,Resolved,"[""ALT-CSE-07-00084""]"
CAS-CSE-07-0064,CSE-07,2024-10-09 13:39:45.209966,2024-10-09 13:44:01.223627,Alert investigated. No indicators of compromise found. Closed without escalation.,ANA-007,False,Resolved,"[""ALT-CSE-07-00089""]"
CAS-CSE-07-0065,CSE-07,2024-11-14 04:06:25.904974,2024-11-14 04:10:51.047930,Investigated system activity on port 23647. Correlated firewall session logs.,ANA-007,False,Resolved,"[""ALT-CSE-07-00090""]"
CAS-CSE-07-0066,CSE-07,2024-11-12 08:14:53.830815,2024-11-12 08:19:13.558033,Alert investigated. No indicators of compromise found. Closed without escalation.,ANA-007,False,Resolved,"[""ALT-CSE-07-00091""]"
CAS-CSE-07-0067,CSE-07,2024-10-08 06:13:47.318322,2024-10-08 06:18:16.677150,Alert investigated. No indicators of compromise found. Closed without escalation.,ANA-007,False,Resolved,"[""ALT-CSE-07-00092""]"
CAS-CSE-07-0068,CSE-07,2024-12-14 01:32:54.926197,2024-12-14 01:36:48.217600,Investigated system activity on port 54663. Correlated firewall session logs.,ANA-007,False,Resolved,"[""ALT-CSE-07-00093""]"
CAS-CSE-07-0069,CSE-07,2024-10-26 17:30:06.761359,2024-10-26 17:33:56.912585,Alert investigated. No indicators of compromise found. Closed without escalation.,ANA-007,False,Resolved,"[""ALT-CSE-07-00094""]"
CAS-CSE-07-0070,CSE-07,2024-11-07 01:11:46.030878,2024-11-07 01:15:29.316982,Alert investigated. No indicators of compromise found. Closed without escalation.,ANA-007,False,Resolved,"[""ALT-CSE-07-00095""]"
CAS-CSE-07-0071,CSE-07,2024-12-21 02:58:46.757470,2024-12-21 03:02:59.765205,Alert investigated. No indicators of compromise found. Closed without escalation.,ANA-007,False,Resolved,"[""ALT-CSE-07-00096""]"
CAS-CSE-07-0072,CSE-07,2024-10-05 20:04:35.609186,2024-10-05 20:08:52.965525,Alert investigated. No indicators of compromise found. Closed without escalation.,ANA-007,False,Resolved,"[""ALT-CSE-07-00098""]"
CAS-CSE-07-0073,CSE-07,2024-11-07 15:15:41.620188,2024-11-07 15:19:29.046791,Alert investigated. No indicators of compromise found. Closed without escalation.,ANA-007,False,Resolved,"[""ALT-CSE-07-00099""]"
CAS-CSE-07-0074,CSE-07,2024-11-05 09:35:34.021864,2024-11-05 09:38:50.537260,Alert investigated. No indicators of compromise found. Closed without escalation.,ANA-007,False,Resolved,"[""ALT-CSE-07-00100""]"
CAS-CSE-07-0075,CSE-07,2024-11-12 20:59:12.289426,2024-11-12 21:02:48.387632,Alert investigated. No indicators of compromise found. Closed without escalation.,ANA-007,False,Resolved,"[""ALT-CSE-07-00101""]"
CAS-CSE-07-0076,CSE-07,2024-12-26 10:55:53.957150,2024-12-26 10:59:16.057326,Alert investigated. No indicators of compromise found. Closed without escalation.,ANA-007,False,Resolved,"[""ALT-CSE-07-00102""]"
CAS-CSE-07-0077,CSE-07,2024-12-15 15:47:01.827996,2024-12-15 15:51:48.894518,Alert investigated. No indicators of compromise found. Closed without escalation.,ANA-007,False,Resolved,"[""ALT-CSE-07-00103""]"
CAS-CSE-07-0078,CSE-07,2024-11-10 12:08:18.980027,2024-11-10 12:12:08.356305,Investigated system activity on port 47526. Correlated firewall session logs.,ANA-007,False,Resolved,"[""ALT-CSE-07-00104""]"
CAS-CSE-07-0079,CSE-07,2024-12-19 02:05:56.789530,2024-12-19 02:09:37.806702,Alert investigated. No indicators of compromise found. Closed without escalation.,ANA-007,False,Resolved,"[""ALT-CSE-07-00106""]"
CAS-CSE-07-0080,CSE-07,2024-11-16 03:50:48.145697,2024-11-16 03:55:02.657679,Alert investigated. No indicators of compromise found. Closed without escalation.,ANA-007,True,Resolved,"[""ALT-CSE-07-00107""]"
CAS-CSE-07-0081,CSE-07,2024-11-16 05:27:49.694359,2024-11-16 05:31:03.592468,Alert investigated. No indicators of compromise found. Closed without escalation.,ANA-007,False,Resolved,"[""ALT-CSE-07-00108""]"
CAS-CSE-07-0082,CSE-07,2024-10-14 13:34:08.312084,2024-10-14 13:37:25.988946,Investigated system activity on port 15063. Correlated firewall session logs.,ANA-007,False,Resolved,"[""ALT-CSE-07-00111""]"
CAS-CSE-07-0083,CSE-07,2024-10-13 06:55:09.658478,2024-10-13 06:59:06.714242,Alert investigated. No indicators of compromise found. Closed without escalation.,ANA-007,False,Resolved,"[""ALT-CSE-07-00112""]"
CAS-CSE-07-0084,CSE-07,2024-12-05 15:30:18.002882,2024-12-05 15:33:48.665628,Investigated system activity on port 25480. Correlated firewall session logs.,ANA-007,False,Resolved,"[""ALT-CSE-07-00113""]"
CAS-CSE-07-0085,CSE-07,2024-11-18 18:03:16.773169,2024-11-18 18:06:38.025724,Alert investigated. No indicators of compromise found. Closed without escalation.,ANA-007,False,Resolved,"[""ALT-CSE-07-00114""]"
CAS-CSE-07-0086,CSE-07,2024-10-19 17:26:09.009164,2024-10-19 17:30:35.650787,Alert investigated. No indicators of compromise found. Closed without escalation.,ANA-007,False,Resolved,"[""ALT-CSE-07-00115""]"
CAS-CSE-07-0087,CSE-07,2024-12-23 18:12:51.537227,2024-12-23 18:17:03.880573,Investigated system activity on port 10080. Correlated firewall session logs.,ANA-007,False,Resolved,"[""ALT-CSE-07-00118""]"
CAS-CSE-07-0088,CSE-07,2024-11-28 17:03:11.774820,2024-11-28 17:06:36.381071,Alert investigated. No indicators of compromise found. Closed without escalation.,ANA-007,False,Resolved,"[""ALT-CSE-07-00119""]"
CAS-CSE-07-0089,CSE-07,2024-11-09 12:49:31.675839,2024-11-09 12:53:23.667619,Investigated system activity on port 7997. Correlated firewall session logs.,ANA-007,False,Resolved,"[""ALT-CSE-07-00120""]"
CAS-CSE-07-0090,CSE-07,2024-12-07 08:51:49.208192,2024-12-07 08:55:27.807232,Alert investigated. No indicators of compromise found. Closed without escalation.,ANA-007,False,Resolved,"[""ALT-CSE-07-00121""]"
CAS-CSE-07-0091,CSE-07,2024-12-11 19:15:31.001780,2024-12-11 19:19:40.573907,Investigated system activity on port 56379. Correlated firewall session logs.,ANA-007,False,Resolved,"[""ALT-CSE-07-00122""]"
CAS-CSE-07-0092,CSE-07,2024-10-08 14:04:13.548761,2024-10-08 14:08:48.803457,Alert investigated. No indicators of compromise found. Closed without escalation.,ANA-007,False,Resolved,"[""ALT-CSE-07-00123""]"
CAS-CSE-07-0093,CSE-07,2024-12-22 15:31:18.327360,2024-12-22 15:35:35.551967,Investigated system activity on port 34048. Correlated firewall session logs.,ANA-007,False,Resolved,"[""ALT-CSE-07-00125""]"
CAS-CSE-07-0094,CSE-07,2024-10-16 09:14:48.288782,2024-10-16 09:18:55.625338,Alert investigated. No indicators of compromise found. Closed without escalation.,ANA-007,False,Resolved,"[""ALT-CSE-07-00126""]"
CAS-CSE-07-0095,CSE-07,2024-10-20 14:49:54.130370,2024-10-20 14:53:47.998781,Alert investigated. No indicators of compromise found. Closed without escalation.,ANA-007,False,Resolved,"[""ALT-CSE-07-00127""]"
CAS-CSE-07-0096,CSE-07,2024-11-22 20:19:48.657980,2024-11-22 20:24:05.755404,Investigated system activity on port 55714. Correlated firewall session logs.,ANA-007,False,Resolved,"[""ALT-CSE-07-00128""]"
CAS-CSE-07-0097,CSE-07,2024-11-23 22:55:18.075077,2024-11-23 22:58:52.191439,Alert investigated. No indicators of compromise found. Closed without escalation.,ANA-007,False,Resolved,"[""ALT-CSE-07-00129""]"
CAS-CSE-07-0098,CSE-07,2024-12-21 09:10:47.830438,2024-12-21 09:14:38.967319,Alert investigated. No indicators of compromise found. Closed without escalation.,ANA-007,False,Resolved,"[""ALT-CSE-07-00130""]"
CAS-CSE-07-0099,CSE-07,2024-11-12 15:45:53.575702,2024-11-12 15:50:25.780413,Alert investigated. No indicators of compromise found. Closed without escalation.,ANA-007,False,Resolved,"[""ALT-CSE-07-00131""]"
CAS-CSE-07-0100,CSE-07,2024-10-19 05:53:51.050246,2024-10-19 05:57:00.328220,Alert investigated. No indicators of compromise found. Closed without escalation.,ANA-007,False,Resolved,"[""ALT-CSE-07-00132""]"
CAS-CSE-07-0101,CSE-07,2024-11-28 00:58:23.944230,2024-11-28 01:02:41.818748,Alert investigated. No indicators of compromise found. Closed without escalation.,ANA-007,False,Resolved,"[""ALT-CSE-07-00134""]"
CAS-CSE-07-0102,CSE-07,2024-11-28 10:02:13.077607,2024-11-28 10:06:10.651372,Alert investigated. No indicators of compromise found. Closed without escalation.,ANA-007,False,Resolved,"[""ALT-CSE-07-00135""]"
CAS-CSE-07-0103,CSE-07,2024-10-24 20:12:39.090949,2024-10-24 20:17:05.261366,Alert investigated. No indicators of compromise found. Closed without escalation.,ANA-007,False,Resolved,"[""ALT-CSE-07-00136""]"
CAS-CSE-07-0104,CSE-07,2024-12-18 11:56:30.176799,2024-12-18 12:00:53.073596,Alert investigated. No indicators of compromise found. Closed without escalation.,ANA-007,False,Resolved,"[""ALT-CSE-07-00139""]"
CAS-CSE-07-0105,CSE-07,2024-11-16 22:36:25.541344,2024-11-16 22:40:36.611556,Alert investigated. No indicators of compromise found. Closed without escalation.,ANA-007,False,Resolved,"[""ALT-CSE-07-00140""]"
CAS-CSE-07-0106,CSE-07,2024-10-22 08:20:05.324730,2024-10-22 08:23:55.572673,Alert investigated. No indicators of compromise found. Closed without escalation.,ANA-007,False,Resolved,"[""ALT-CSE-07-00141""]"
CAS-CSE-07-0107,CSE-07,2024-12-28 22:47:38.942096,2024-12-28 22:51:32.977279,Alert investigated. No indicators of compromise found. Closed without escalation.,ANA-007,False,Resolved,"[""ALT-CSE-07-00142""]"
CAS-CSE-07-0108,CSE-07,2024-12-21 08:52:11.748787,2024-12-21 08:55:27.144914,Alert investigated. No indicators of compromise found. Closed without escalation.,ANA-007,False,Resolved,"[""ALT-CSE-07-00143""]"
CAS-CSE-07-0109,CSE-07,2024-11-25 08:49:04.714622,2024-11-25 08:53:12.340480,Investigated system activity on port 38686. Correlated firewall session logs.,ANA-007,False,Resolved,"[""ALT-CSE-07-00145""]"
CAS-CSE-07-0110,CSE-07,2024-10-15 16:33:01.379893,2024-10-15 16:37:06.406085,Alert investigated. No indicators of compromise found. Closed without escalation.,ANA-007,True,Resolved,"[""ALT-CSE-07-00146""]"
CAS-CSE-07-0111,CSE-07,2024-11-30 17:46:55.226009,2024-11-30 17:50:55.854465,Alert investigated. No indicators of compromise found. Closed without escalation.,ANA-007,False,Resolved,"[""ALT-CSE-07-00147""]"
CAS-CSE-07-0112,CSE-07,2024-10-26 13:40:06.657908,2024-10-26 13:43:56.877309,Alert investigated. No indicators of compromise found. Closed without escalation.,ANA-007,True,Resolved,"[""ALT-CSE-07-00148""]"
CAS-CSE-07-0113,CSE-07,2024-12-12 02:19:01.700169,2024-12-12 02:23:23.489172,Alert investigated. No indicators of compromise found. Closed without escalation.,ANA-007,False,Resolved,"[""ALT-CSE-07-00149""]"
CAS-CSE-07-0114,CSE-07,2024-10-10 00:25:41.496205,2024-10-10 00:29:01.025993,Investigated system activity on port 21372. Correlated firewall session logs.,ANA-007,False,Resolved,"[""ALT-CSE-07-00150""]"
CAS-CSE-07-0115,CSE-07,2024-11-15 14:10:23.935556,2024-11-15 14:14:50.579849,Alert investigated. No indicators of compromise found. Closed without escalation.,ANA-007,False,Resolved,"[""ALT-CSE-07-00152""]"
CAS-CSE-07-0116,CSE-07,2024-12-13 09:01:50.416241,2024-12-13 09:05:57.375183,Alert investigated. No indicators of compromise found. Closed without escalation.,ANA-007,False,Resolved,"[""ALT-CSE-07-00153""]"
CAS-CSE-07-0117,CSE-07,2024-11-11 08:57:10.244317,2024-11-11 09:01:41.541757,Investigated system activity on port 8445. Correlated firewall session logs.,ANA-007,False,Resolved,"[""ALT-CSE-07-00154""]"
CAS-CSE-07-0118,CSE-07,2024-11-09 01:59:35.816232,2024-11-09 02:03:02.385676,Alert investigated. No indicators of compromise found. Closed without escalation.,ANA-007,False,Resolved,"[""ALT-CSE-07-00155""]"
CAS-CSE-07-0119,CSE-07,2024-12-05 16:09:04.762527,2024-12-05 16:12:56.732953,Alert investigated. No indicators of compromise found. Closed without escalation.,ANA-007,True,Resolved,"[""ALT-CSE-07-00157""]"
CAS-CSE-07-0120,CSE-07,2024-12-04 04:01:19.660683,2024-12-04 04:05:17.918025,Alert investigated. No indicators of compromise found. Closed without escalation.,ANA-007,False,Resolved,"[""ALT-CSE-07-00158""]"
CAS-CSE-07-0121,CSE-07,2024-12-19 08:57:24.289980,2024-12-19 09:01:45.767042,Alert investigated. No indicators of compromise found. Closed without escalation.,ANA-007,False,Resolved,"[""ALT-CSE-07-00159""]"
CAS-CSE-07-0122,CSE-07,2024-11-04 11:51:55.118313,2024-11-04 11:56:02.145163,Investigated system activity on port 46658. Correlated firewall session logs.,ANA-007,False,Resolved,"[""ALT-CSE-07-00160""]"
CAS-CSE-07-0123,CSE-07,2024-12-06 12:40:16.599633,2024-12-06 12:43:17.991306,Alert investigated. No indicators of compromise found. Closed without escalation.,ANA-007,False,Resolved,"[""ALT-CSE-07-00162""]"
CAS-CSE-07-0124,CSE-07,2024-10-30 05:11:18.247101,2024-10-30 05:15:18.328785,Alert investigated. No indicators of compromise found. Closed without escalation.,ANA-007,False,Resolved,"[""ALT-CSE-07-00164""]"
CAS-CSE-07-0125,CSE-07,2024-12-15 09:43:21.630707,2024-12-15 09:47:29.919003,Alert investigated. No indicators of compromise found. Closed without escalation.,ANA-007,False,Resolved,"[""ALT-CSE-07-00165""]"
CAS-CSE-07-0126,CSE-07,2024-11-22 04:22:09.248857,2024-11-22 04:26:30.701683,Investigated system activity on port 25308. Correlated firewall session logs.,ANA-007,False,Resolved,"[""ALT-CSE-07-00168""]"
CAS-CSE-07-0127,CSE-07,2024-11-21 07:05:33.852629,2024-11-21 07:09:00.634905,Alert investigated. No indicators of compromise found. Closed without escalation.,ANA-007,False,Resolved,"[""ALT-CSE-07-00169""]"
CAS-CSE-07-0128,CSE-07,2024-10-14 22:06:30.522848,2024-10-14 22:09:53.477379,Alert investigated. No indicators of compromise found. Closed without escalation.,ANA-007,False,Resolved,"[""ALT-CSE-07-00170""]"
CAS-CSE-07-0129,CSE-07,2024-11-09 09:13:20.264883,2024-11-09 09:17:19.992885,Alert investigated. No indicators of compromise found. Closed without escalation.,ANA-007,True,Resolved,"[""ALT-CSE-07-00171""]"
CAS-CSE-07-0130,CSE-07,2024-10-19 21:01:11.034310,2024-10-19 21:05:39.558262,Investigated system activity on port 48831. Correlated firewall session logs.,ANA-007,False,Resolved,"[""ALT-CSE-07-00173""]"
CAS-CSE-07-0131,CSE-07,2024-11-01 16:41:25.700651,2024-11-01 16:46:22.216925,Investigated system activity on port 16119. Correlated firewall session logs.,ANA-007,False,Resolved,"[""ALT-CSE-07-00174""]"
CAS-CSE-07-0132,CSE-07,2024-11-26 12:58:10.100109,2024-11-26 13:01:31.416791,Alert investigated. No indicators of compromise found. Closed without escalation.,ANA-007,True,Resolved,"[""ALT-CSE-07-00175""]"
CAS-CSE-07-0133,CSE-07,2024-11-25 09:50:56.945131,2024-11-25 09:55:14.887941,Investigated system activity on port 49505. Correlated firewall session logs.,ANA-007,False,Resolved,"[""ALT-CSE-07-00176""]"
CAS-CSE-07-0134,CSE-07,2024-12-12 00:33:18.195623,2024-12-12 00:36:54.105257,Alert investigated. No indicators of compromise found. Closed without escalation.,ANA-007,False,Resolved,"[""ALT-CSE-07-00178""]"
CAS-CSE-07-0135,CSE-07,2024-12-28 19:18:47.995260,2024-12-28 19:22:17.968321,Investigated system activity on port 41287. Correlated firewall session logs.,ANA-007,False,Resolved,"[""ALT-CSE-07-00179""]"
CAS-CSE-07-0136,CSE-07,2024-12-09 16:57:14.684181,2024-12-09 17:00:44.714510,Alert investigated. No indicators of compromise found. Closed without escalation.,ANA-007,False,Resolved,"[""ALT-CSE-07-00180""]"
CAS-CSE-07-0137,CSE-07,2024-11-05 14:08:52.718904,2024-11-05 14:12:06.950863,Alert investigated. No indicators of compromise found. Closed without escalation.,ANA-007,False,Resolved,"[""ALT-CSE-07-00181""]"
CAS-CSE-07-0138,CSE-07,2024-10-07 04:59:58.162865,2024-10-07 05:04:17.759087,Alert investigated. No indicators of compromise found. Closed without escalation.,ANA-007,False,Resolved,"[""ALT-CSE-07-00182""]"
CAS-CSE-07-0139,CSE-07,2024-11-16 11:59:19.553201,2024-11-16 12:02:21.664348,Alert investigated. No indicators of compromise found. Closed without escalation.,ANA-007,False,Resolved,"[""ALT-CSE-07-00183""]"
CAS-CSE-07-0140,CSE-07,2024-11-22 09:50:19.846350,2024-11-22 09:53:44.045342,Alert investigated. No indicators of compromise found. Closed without escalation.,ANA-007,False,Resolved,"[""ALT-CSE-07-00184""]"
CAS-CSE-07-0141,CSE-07,2024-12-25 23:15:24.714317,2024-12-25 23:20:00.998434,Alert investigated. No indicators of compromise found. Closed without escalation.,ANA-007,False,Resolved,"[""ALT-CSE-07-00185""]"
CAS-CSE-07-0142,CSE-07,2024-12-02 04:21:29.783400,2024-12-02 04:25:32.366283,Investigated system activity on port 46427. Correlated firewall session logs.,ANA-007,False,Resolved,"[""ALT-CSE-07-00187""]"
CAS-CSE-07-0143,CSE-07,2024-11-26 06:32:37.750490,2024-11-26 06:36:12.469350,Investigated system activity on port 11913. Correlated firewall session logs.,ANA-007,False,Resolved,"[""ALT-CSE-07-00188""]"
CAS-CSE-07-0144,CSE-07,2024-12-26 00:14:02.241837,2024-12-26 00:17:29.660567,Alert investigated. No indicators of compromise found. Closed without escalation.,ANA-007,False,Resolved,"[""ALT-CSE-07-00189""]"
CAS-CSE-07-0145,CSE-07,2024-12-17 09:19:36.488232,2024-12-17 09:22:57.731705,Alert investigated. No indicators of compromise found. Closed without escalation.,ANA-007,False,Resolved,"[""ALT-CSE-07-00190""]"
CAS-CSE-07-0146,CSE-07,2024-12-09 23:33:46.898960,2024-12-09 23:37:21.222648,Alert investigated. No indicators of compromise found. Closed without escalation.,ANA-007,False,Resolved,"[""ALT-CSE-07-00192""]"
CAS-CSE-07-0147,CSE-07,2024-11-18 08:20:40.816184,2024-11-18 08:25:05.335139,Alert investigated. No indicators of compromise found. Closed without escalation.,ANA-007,False,Resolved,"[""ALT-CSE-07-00193""]"
CAS-CSE-07-0148,CSE-07,2024-10-02 22:32:11.695663,2024-10-02 22:35:47.456992,Alert investigated. No indicators of compromise found. Closed without escalation.,ANA-007,False,Resolved,"[""ALT-CSE-07-00194""]"
CAS-CSE-07-0149,CSE-07,2024-11-11 23:10:58.826808,2024-11-11 23:14:46.716856,Alert investigated. No indicators of compromise found. Closed without escalation.,ANA-007,False,Resolved,"[""ALT-CSE-07-00195""]"
CAS-CSE-07-0150,CSE-07,2024-10-19 18:55:30.306332,2024-10-19 18:59:49.845345,Alert investigated. No indicators of compromise found. Closed without escalation.,ANA-007,False,Resolved,"[""ALT-CSE-07-00196""]"
CAS-CSE-07-0151,CSE-07,2024-11-26 22:43:49.710930,2024-11-26 22:48:09.089782,Investigated system activity on port 41436. Correlated firewall session logs.,ANA-007,False,Resolved,"[""ALT-CSE-07-00197""]"
CAS-CSE-07-0152,CSE-07,2024-11-20 00:43:46.344950,2024-11-20 00:47:59.825230,Alert investigated. No indicators of compromise found. Closed without escalation.,ANA-007,False,Resolved,"[""ALT-CSE-07-00198""]"
CAS-CSE-07-0153,CSE-07,2024-11-14 11:22:01.178272,2024-11-14 11:25:42.869464,Investigated system activity on port 3400. Correlated firewall session logs.,ANA-007,False,Resolved,"[""ALT-CSE-07-00199""]"
CAS-CSE-07-0154,CSE-07,2024-11-16 08:25:26.352418,2024-11-16 08:29:45.701882,Investigated system activity on port 22511. Correlated firewall session logs.,ANA-007,False,Resolved,"[""ALT-CSE-07-00200""]"
CAS-CSE-07-0155,CSE-07,2024-11-04 15:39:44.239842,2024-11-04 15:43:07.333776,Alert investigated. No indicators of compromise found. Closed without escalation.,ANA-007,False,Resolved,"[""ALT-CSE-07-00201""]"
CAS-CSE-07-0156,CSE-07,2024-11-11 18:03:14.650567,2024-11-11 18:07:40.008583,Alert investigated. No indicators of compromise found. Closed without escalation.,ANA-007,False,Resolved,"[""ALT-CSE-07-00202""]"
CAS-CSE-07-0157,CSE-07,2024-10-06 00:13:42.224640,2024-10-06 00:17:33.848124,Alert investigated. No indicators of compromise found. Closed without escalation.,ANA-007,False,Resolved,"[""ALT-CSE-07-00204""]"
CAS-CSE-07-0158,CSE-07,2024-10-01 05:54:59.002558,2024-10-01 05:59:20.085892,Alert investigated. No indicators of compromise found. Closed without escalation.,ANA-007,False,Resolved,"[""ALT-CSE-07-00205""]"
CAS-CSE-07-0159,CSE-07,2024-11-02 00:58:00.672320,2024-11-02 01:01:30.228303,Alert investigated. No indicators of compromise found. Closed without escalation.,ANA-007,False,Resolved,"[""ALT-CSE-07-00207""]"
CAS-CSE-07-0160,CSE-07,2024-12-07 23:08:41.185027,2024-12-07 23:13:17.251410,Alert investigated. No indicators of compromise found. Closed without escalation.,ANA-007,False,Resolved,"[""ALT-CSE-07-00208""]"
CAS-CSE-07-0161,CSE-07,2024-11-19 00:37:16.032417,2024-11-19 00:40:49.334221,Investigated system activity on port 65275. Correlated firewall session logs.,ANA-007,False,Resolved,"[""ALT-CSE-07-00209""]"
CAS-CSE-07-0162,CSE-07,2024-12-15 18:19:49.531858,2024-12-15 18:24:22.039468,Alert investigated. No indicators of compromise found. Closed without escalation.,ANA-007,False,Resolved,"[""ALT-CSE-07-00210""]"
CAS-CSE-07-0163,CSE-07,2024-11-15 22:13:43.947641,2024-11-15 22:17:00.183252,Alert investigated. No indicators of compromise found. Closed without escalation.,ANA-007,True,Resolved,"[""ALT-CSE-07-00211""]"
CAS-CSE-07-0164,CSE-07,2024-12-02 00:31:05.242311,2024-12-02 00:34:33.553335,Alert investigated. No indicators of compromise found. Closed without escalation.,ANA-007,False,Resolved,"[""ALT-CSE-07-00213""]"
CAS-CSE-07-0165,CSE-07,2024-12-06 10:30:43.864209,2024-12-06 10:34:09.936991,Alert investigated. No indicators of compromise found. Closed without escalation.,ANA-007,False,Resolved,"[""ALT-CSE-07-00215""]"
CAS-CSE-07-0166,CSE-07,2024-12-29 16:52:57.055419,2024-12-29 16:57:16.860586,Alert investigated. No indicators of compromise found. Closed without escalation.,ANA-007,False,Resolved,"[""ALT-CSE-07-00216""]"
CAS-CSE-07-0167,CSE-07,2024-10-13 17:04:34.773625,2024-10-13 17:09:07.432976,Alert investigated. No indicators of compromise found. Closed without escalation.,ANA-007,True,Resolved,"[""ALT-CSE-07-00217""]"
CAS-CSE-07-0168,CSE-07,2024-11-12 07:24:49.759599,2024-11-12 07:28:50.144903,Alert investigated. No indicators of compromise found. Closed without escalation.,ANA-007,False,Resolved,"[""ALT-CSE-07-00219""]"
CAS-CSE-07-0169,CSE-07,2024-11-04 10:27:55.149384,2024-11-04 10:32:21.448392,Alert investigated. No indicators of compromise found. Closed without escalation.,ANA-007,False,Resolved,"[""ALT-CSE-07-00221""]"
CAS-CSE-07-0170,CSE-07,2024-11-15 06:10:12.692216,2024-11-15 06:15:18.514610,Alert investigated. No indicators of compromise found. Closed without escalation.,ANA-007,False,Resolved,"[""ALT-CSE-07-00222""]"
CAS-CSE-07-0171,CSE-07,2024-10-09 10:43:56.757966,2024-10-09 10:47:44.046027,Investigated system activity on port 60547. Correlated firewall session logs.,ANA-007,False,Resolved,"[""ALT-CSE-07-00223""]"
CAS-CSE-07-0172,CSE-07,2024-10-30 10:15:01.027227,2024-10-30 10:19:06.569958,Alert investigated. No indicators of compromise found. Closed without escalation.,ANA-007,False,Resolved,"[""ALT-CSE-07-00224""]"
CAS-CSE-07-0173,CSE-07,2024-10-16 00:04:00.133161,2024-10-16 00:08:11.880619,Alert investigated. No indicators of compromise found. Closed without escalation.,ANA-007,False,Resolved,"[""ALT-CSE-07-00225""]"
CAS-CSE-07-0174,CSE-07,2024-12-10 22:36:09.234678,2024-12-10 22:39:30.644246,Investigated system activity on port 23693. Correlated firewall session logs.,ANA-007,True,Resolved,"[""ALT-CSE-07-00226""]"
CAS-CSE-07-0175,CSE-07,2024-12-08 15:44:13.330188,2024-12-08 15:47:44.783097,Alert investigated. No indicators of compromise found. Closed without escalation.,ANA-007,False,Resolved,"[""ALT-CSE-07-00227""]"
CAS-CSE-07-0176,CSE-07,2024-10-07 17:06:57.762707,2024-10-07 17:11:12.739164,Alert investigated. No indicators of compromise found. Closed without escalation.,ANA-007,False,Resolved,"[""ALT-CSE-07-00228""]"
CAS-CSE-07-0177,CSE-07,2024-10-09 16:19:37.440478,2024-10-09 16:24:05.749242,Alert investigated. No indicators of compromise found. Closed without escalation.,ANA-007,False,Resolved,"[""ALT-CSE-07-00229""]"
CAS-CSE-07-0178,CSE-07,2024-11-26 20:36:13.304237,2024-11-26 20:39:39.451481,Alert investigated. No indicators of compromise found. Closed without escalation.,ANA-007,False,Resolved,"[""ALT-CSE-07-00230""]"
CAS-CSE-07-0179,CSE-07,2024-11-17 23:38:35.139667,2024-11-17 23:42:53.499234,Alert investigated. No indicators of compromise found. Closed without escalation.,ANA-007,False,Resolved,"[""ALT-CSE-07-00231""]"
CAS-CSE-07-0180,CSE-07,2024-10-14 19:19:40.676085,2024-10-14 19:23:53.537046,Alert investigated. No indicators of compromise found. Closed without escalation.,ANA-007,False,Resolved,"[""ALT-CSE-07-00232""]"
CAS-CSE-07-0181,CSE-07,2024-10-22 12:10:02.754879,2024-10-22 12:13:35.102053,Alert investigated. No indicators of compromise found. Closed without escalation.,ANA-007,False,Resolved,"[""ALT-CSE-07-00233""]"
CAS-CSE-07-0182,CSE-07,2024-10-15 10:34:09.233213,2024-10-15 10:37:36.926072,Alert investigated. No indicators of compromise found. Closed without escalation.,ANA-007,False,Resolved,"[""ALT-CSE-07-00234""]"
CAS-CSE-07-0183,CSE-07,2024-11-25 11:27:36.553351,2024-11-25 11:32:28.444895,Alert investigated. No indicators of compromise found. Closed without escalation.,ANA-007,False,Resolved,"[""ALT-CSE-07-00236""]"
CAS-CSE-07-0184,CSE-07,2024-12-17 12:47:48.769087,2024-12-17 12:51:12.984833,Investigated system activity on port 26245. Correlated firewall session logs.,ANA-007,False,Resolved,"[""ALT-CSE-07-00237""]"
CAS-CSE-07-0185,CSE-07,2024-11-15 09:40:27.481760,2024-11-15 09:44:35.689842,Alert investigated. No indicators of compromise found. Closed without escalation.,ANA-007,False,Resolved,"[""ALT-CSE-07-00238""]"
CAS-CSE-07-0186,CSE-07,2024-10-10 13:14:57.570184,2024-10-10 13:19:30.290861,Alert investigated. No indicators of compromise found. Closed without escalation.,ANA-007,False,Resolved,"[""ALT-CSE-07-00239""]"
CAS-CSE-07-0187,CSE-07,2024-12-20 03:46:56.253005,2024-12-20 03:51:08.838759,Alert investigated. No indicators of compromise found. Closed without escalation.,ANA-007,False,Resolved,"[""ALT-CSE-07-00240""]"
CAS-CSE-07-0188,CSE-07,2024-10-12 17:12:35.178559,2024-10-12 17:16:58.364838,Investigated system activity on port 4519. Correlated firewall session logs.,ANA-007,False,Resolved,"[""ALT-CSE-07-00241""]"
CAS-CSE-07-0189,CSE-07,2024-10-23 08:18:05.678815,2024-10-23 08:21:29.191677,Alert investigated. No indicators of compromise found. Closed without escalation.,ANA-007,False,Resolved,"[""ALT-CSE-07-00243""]"
CAS-CSE-07-0190,CSE-07,2024-11-05 07:21:38.093156,2024-11-05 07:25:02.165219,Alert investigated. No indicators of compromise found. Closed without escalation.,ANA-007,False,Resolved,"[""ALT-CSE-07-00244""]"
CAS-CSE-07-0191,CSE-07,2024-10-12 21:00:41.833579,2024-10-12 21:04:12.712663,Investigated system activity on port 30270. Correlated firewall session logs.,ANA-007,False,Resolved,"[""ALT-CSE-07-00245""]"
CAS-CSE-07-0192,CSE-07,2024-10-21 01:46:55.574040,2024-10-21 01:49:58.602319,Investigated system activity on port 10984. Correlated firewall session logs.,ANA-007,False,Resolved,"[""ALT-CSE-07-00247""]"
CAS-CSE-07-0193,CSE-07,2024-12-19 18:49:21.059826,2024-12-19 18:52:59.028062,Alert investigated. No indicators of compromise found. Closed without escalation.,ANA-007,False,Resolved,"[""ALT-CSE-07-00248""]"
CAS-CSE-07-0194,CSE-07,2024-12-29 08:55:25.131843,2024-12-29 08:59:01.739570,Alert investigated. No indicators of compromise found. Closed without escalation.,ANA-007,False,Resolved,"[""ALT-CSE-07-00249""]"
CAS-CSE-07-0195,CSE-07,2024-11-07 18:04:25.001288,2024-11-07 18:07:38.368045,Alert investigated. No indicators of compromise found. Closed without escalation.,ANA-007,False,Resolved,"[""ALT-CSE-07-00250""]"
CAS-CSE-07-0196,CSE-07,2024-11-27 19:08:42.616476,2024-11-27 19:12:54.634394,Alert investigated. No indicators of compromise found. Closed without escalation.,ANA-007,False,Resolved,"[""ALT-CSE-07-00251""]"
CAS-CSE-07-0197,CSE-07,2024-10-15 09:38:14.003646,2024-10-15 09:41:50.840833,Alert investigated. No indicators of compromise found. Closed without escalation.,ANA-007,False,Resolved,"[""ALT-CSE-07-00252""]"
CAS-CSE-07-0198,CSE-07,2024-12-09 06:45:51.996584,2024-12-09 06:49:27.124028,Alert investigated. No indicators of compromise found. Closed without escalation.,ANA-007,False,Resolved,"[""ALT-CSE-07-00253""]"
CAS-CSE-07-0199,CSE-07,2024-12-02 04:02:11.368485,2024-12-02 04:06:37.226458,Alert investigated. No indicators of compromise found. Closed without escalation.,ANA-007,True,Resolved,"[""ALT-CSE-07-00254""]"
CAS-CSE-07-0200,CSE-07,2024-10-22 09:51:15.260567,2024-10-22 09:55:31.939927,Investigated system activity on port 21788. Correlated firewall session logs.,ANA-007,False,Resolved,"[""ALT-CSE-07-00255""]"
CAS-CSE-07-0201,CSE-07,2024-11-01 00:22:31.747635,2024-11-01 00:26:21.130663,Investigated system activity on port 61755. Correlated firewall session logs.,ANA-007,False,Resolved,"[""ALT-CSE-07-00257""]"
CAS-CSE-07-0202,CSE-07,2024-11-22 00:26:24.465428,2024-11-22 00:29:55.988543,Alert investigated. No indicators of compromise found. Closed without escalation.,ANA-007,False,Resolved,"[""ALT-CSE-07-00258""]"
CAS-CSE-07-0203,CSE-07,2024-11-06 01:08:34.050681,2024-11-06 01:13:09.656417,Alert investigated. No indicators of compromise found. Closed without escalation.,ANA-007,False,Resolved,"[""ALT-CSE-07-00261""]"
CAS-CSE-07-0204,CSE-07,2024-12-01 06:00:39.639825,2024-12-01 06:03:40.835152,Alert investigated. No indicators of compromise found. Closed without escalation.,ANA-007,False,Resolved,"[""ALT-CSE-07-00263""]"
CAS-CSE-07-0205,CSE-07,2024-12-04 23:10:42.987567,2024-12-04 23:13:53.678311,Investigated system activity on port 51830. Correlated firewall session logs.,ANA-007,False,Resolved,"[""ALT-CSE-07-00264""]"
CAS-CSE-07-0206,CSE-07,2024-12-03 16:20:32.504418,2024-12-03 16:24:21.004987,Alert investigated. No indicators of compromise found. Closed without escalation.,ANA-007,False,Resolved,"[""ALT-CSE-07-00265""]"
CAS-CSE-07-0207,CSE-07,2024-11-07 21:01:52.776391,2024-11-07 21:05:19.313862,Investigated system activity on port 51628. Correlated firewall session logs.,ANA-007,False,Resolved,"[""ALT-CSE-07-00266""]"
CAS-CSE-07-0208,CSE-07,2024-11-01 14:31:40.849597,2024-11-01 14:36:05.337073,Investigated system activity on port 38851. Correlated firewall session logs.,ANA-007,False,Resolved,"[""ALT-CSE-07-00267""]"
CAS-CSE-07-0209,CSE-07,2024-12-12 10:05:18.708323,2024-12-12 10:09:09.336339,Alert investigated. No indicators of compromise found. Closed without escalation.,ANA-007,False,Resolved,"[""ALT-CSE-07-00269""]"
CAS-CSE-07-0210,CSE-07,2024-11-29 11:13:42.001715,2024-11-29 11:17:36.413169,Alert investigated. No indicators of compromise found. Closed without escalation.,ANA-007,True,Resolved,"[""ALT-CSE-07-00270""]"
CAS-CSE-07-0211,CSE-07,2024-11-21 15:26:45.870602,2024-11-21 15:30:42.946081,Alert investigated. No indicators of compromise found. Closed without escalation.,ANA-007,False,Resolved,"[""ALT-CSE-07-00272""]"
CAS-CSE-07-0212,CSE-07,2024-11-29 00:00:51.076516,2024-11-29 00:04:51.469387,Alert investigated. No indicators of compromise found. Closed without escalation.,ANA-007,False,Resolved,"[""ALT-CSE-07-00273""]"
CAS-CSE-07-0213,CSE-07,2024-11-21 23:57:49.410467,2024-11-22 00:01:56.098004,Alert investigated. No indicators of compromise found. Closed without escalation.,ANA-007,False,Resolved,"[""ALT-CSE-07-00276""]"
CAS-CSE-07-0214,CSE-07,2024-10-06 08:58:33.361421,2024-10-06 09:02:04.649700,Investigated system activity on port 45432. Correlated firewall session logs.,ANA-007,False,Resolved,"[""ALT-CSE-07-00277""]"
CAS-CSE-07-0215,CSE-07,2024-11-23 07:41:30.221374,2024-11-23 07:45:13.424925,Investigated system activity on port 12575. Correlated firewall session logs.,ANA-007,False,Resolved,"[""ALT-CSE-07-00278""]"
CAS-CSE-07-0216,CSE-07,2024-12-21 16:41:56.083252,2024-12-21 16:45:11.313574,Alert investigated. No indicators of compromise found. Closed without escalation.,ANA-007,False,Resolved,"[""ALT-CSE-07-00279""]"
CAS-CSE-07-0217,CSE-07,2024-12-25 06:43:15.043571,2024-12-25 06:46:38.747592,Alert investigated. No indicators of compromise found. Closed without escalation.,ANA-007,False,Resolved,"[""ALT-CSE-07-00280""]"
CAS-CSE-07-0218,CSE-07,2024-10-21 09:49:16.504967,2024-10-21 09:52:56.015582,Alert investigated. No indicators of compromise found. Closed without escalation.,ANA-007,False,Resolved,"[""ALT-CSE-07-00281""]"
CAS-CSE-07-0219,CSE-07,2024-12-15 04:42:32.338247,2024-12-15 04:46:39.259198,Alert investigated. No indicators of compromise found. Closed without escalation.,ANA-007,False,Resolved,"[""ALT-CSE-07-00282""]"
CAS-CSE-07-0220,CSE-07,2024-11-12 15:01:06.132964,2024-11-12 15:04:46.167947,Alert investigated. No indicators of compromise found. Closed without escalation.,ANA-007,False,Resolved,"[""ALT-CSE-07-00284""]"
CAS-CSE-07-0221,CSE-07,2024-11-10 12:32:01.940179,2024-11-10 12:36:34.527804,Alert investigated. No indicators of compromise found. Closed without escalation.,ANA-007,False,Resolved,"[""ALT-CSE-07-00285""]"
CAS-CSE-07-0222,CSE-07,2024-10-30 08:37:34.392556,2024-10-30 08:41:03.422604,Investigated system activity on port 36228. Correlated firewall session logs.,ANA-007,False,Resolved,"[""ALT-CSE-07-00287""]"
CAS-CSE-07-0223,CSE-07,2024-10-01 11:38:35.609318,2024-10-01 11:42:35.553348,Investigated system activity on port 48266. Correlated firewall session logs.,ANA-007,False,Resolved,"[""ALT-CSE-07-00288""]"
CAS-CSE-07-0224,CSE-07,2024-11-20 00:18:42.417675,2024-11-20 00:21:58.595386,Alert investigated. No indicators of compromise found. Closed without escalation.,ANA-007,False,Resolved,"[""ALT-CSE-07-00289""]"
CAS-CSE-07-0225,CSE-07,2024-12-01 17:25:51.944000,2024-12-01 17:29:45.394039,Alert investigated. No indicators of compromise found. Closed without escalation.,ANA-007,False,Resolved,"[""ALT-CSE-07-00292""]"
CAS-CSE-07-0226,CSE-07,2024-10-20 13:49:50.399088,2024-10-20 13:53:30.829687,Investigated system activity on port 13996. Correlated firewall session logs.,ANA-007,False,Resolved,"[""ALT-CSE-07-00293""]"
CAS-CSE-07-0227,CSE-07,2024-12-15 05:51:55.240793,2024-12-15 05:56:00.877849,Alert investigated. No indicators of compromise found. Closed without escalation.,ANA-007,False,Resolved,"[""ALT-CSE-07-00294""]"
CAS-CSE-07-0228,CSE-07,2024-10-04 20:31:20.274629,2024-10-04 20:35:45.241631,Investigated system activity on port 32870. Correlated firewall session logs.,ANA-007,False,Resolved,"[""ALT-CSE-07-00295""]"
CAS-CSE-07-0229,CSE-07,2024-11-12 15:28:22.825738,2024-11-12 15:32:19.843478,Alert investigated. No indicators of compromise found. Closed without escalation.,ANA-007,False,Resolved,"[""ALT-CSE-07-00296""]"
CAS-CSE-07-0230,CSE-07,2024-11-30 17:06:45.082925,2024-11-30 17:10:36.745475,Alert investigated. No indicators of compromise found. Closed without escalation.,ANA-007,False,Resolved,"[""ALT-CSE-07-00298""]"
CAS-CSE-07-0231,CSE-07,2024-12-03 18:18:21.008559,2024-12-03 18:22:30.718752,Alert investigated. No indicators of compromise found. Closed without escalation.,ANA-007,False,Resolved,"[""ALT-CSE-07-00299""]"
CAS-CSE-07-0232,CSE-07,2024-10-25 11:38:42.648478,2024-10-25 11:42:35.320392,Alert investigated. No indicators of compromise found. Closed without escalation.,ANA-007,False,Resolved,"[""ALT-CSE-07-00300""]"
CAS-CSE-07-0233,CSE-07,2024-10-20 18:30:34.805972,2024-10-20 18:34:48.393491,Alert investigated. No indicators of compromise found. Closed without escalation.,ANA-007,True,Resolved,"[""ALT-CSE-07-00301""]"
CAS-CSE-07-0234,CSE-07,2024-10-26 07:03:44.289462,2024-10-26 07:07:30.115037,Investigated system activity on port 64972. Correlated firewall session logs.,ANA-007,False,Resolved,"[""ALT-CSE-07-00305""]"
CAS-CSE-07-0235,CSE-07,2024-12-19 18:55:34.760284,2024-12-19 19:00:04.981372,Alert investigated. No indicators of compromise found. Closed without escalation.,ANA-007,False,Resolved,"[""ALT-CSE-07-00307""]"
CAS-CSE-07-0236,CSE-07,2024-10-03 12:58:13.061925,2024-10-03 13:02:09.725988,Alert investigated. No indicators of compromise found. Closed without escalation.,ANA-007,False,Resolved,"[""ALT-CSE-07-00308""]"
CAS-CSE-07-0237,CSE-07,2024-12-27 19:44:28.334932,2024-12-27 19:47:51.649137,Alert investigated. No indicators of compromise found. Closed without escalation.,ANA-007,False,Resolved,"[""ALT-CSE-07-00310""]"
CAS-CSE-07-0238,CSE-07,2024-12-17 01:24:22.724282,2024-12-17 01:28:00.605594,Alert investigated. No indicators of compromise found. Closed without escalation.,ANA-007,False,Resolved,"[""ALT-CSE-07-00311""]"
CAS-CSE-07-0239,CSE-07,2024-12-06 10:41:46.690245,2024-12-06 10:45:41.927409,Alert investigated. No indicators of compromise found. Closed without escalation.,ANA-007,False,Resolved,"[""ALT-CSE-07-00312""]"
CAS-CSE-07-0240,CSE-07,2024-11-02 23:20:53.542262,2024-11-02 23:24:57.455253,Alert investigated. No indicators of compromise found. Closed without escalation.,ANA-007,False,Resolved,"[""ALT-CSE-07-00313""]"
CAS-CSE-07-0241,CSE-07,2024-11-21 03:04:12.581435,2024-11-21 03:07:47.382340,Alert investigated. No indicators of compromise found. Closed without escalation.,ANA-007,False,Resolved,"[""ALT-CSE-07-00314""]"
CAS-CSE-07-0242,CSE-07,2024-10-26 02:42:38.421412,2024-10-26 02:47:15.826351,Alert investigated. No indicators of compromise found. Closed without escalation.,ANA-007,False,Resolved,"[""ALT-CSE-07-00315""]"
CAS-CSE-07-0243,CSE-07,2024-12-16 04:08:13.695045,2024-12-16 04:11:10.541996,Investigated system activity on port 8832. Correlated firewall session logs.,ANA-007,False,Resolved,"[""ALT-CSE-07-00316""]"
CAS-CSE-07-0244,CSE-07,2024-11-22 04:01:22.618343,2024-11-22 04:05:34.962402,Alert investigated. No indicators of compromise found. Closed without escalation.,ANA-007,False,Resolved,"[""ALT-CSE-07-00317""]"
CAS-CSE-07-0245,CSE-07,2024-12-13 01:22:07.413957,2024-12-13 01:26:23.801782,Alert investigated. No indicators of compromise found. Closed without escalation.,ANA-007,False,Resolved,"[""ALT-CSE-07-00318""]"
CAS-CSE-07-0246,CSE-07,2024-11-23 11:21:32.688243,2024-11-23 11:26:08.202375,Alert investigated. No indicators of compromise found. Closed without escalation.,ANA-007,True,Resolved,"[""ALT-CSE-07-00320""]"
CAS-CSE-07-0247,CSE-07,2024-11-26 22:20:17.091707,2024-11-26 22:23:36.664889,Alert investigated. No indicators of compromise found. Closed without escalation.,ANA-007,False,Resolved,"[""ALT-CSE-07-00321""]"
CAS-CSE-07-0248,CSE-07,2024-12-23 20:55:18.547782,2024-12-23 20:59:35.792811,Investigated system activity on port 40239. Correlated firewall session logs.,ANA-007,False,Resolved,"[""ALT-CSE-07-00322""]"
CAS-CSE-07-0249,CSE-07,2024-11-09 04:32:23.990654,2024-11-09 04:37:16.634890,Alert investigated. No indicators of compromise found. Closed without escalation.,ANA-007,False,Resolved,"[""ALT-CSE-07-00323""]"
CAS-CSE-07-0250,CSE-07,2024-11-09 22:27:19.308825,2024-11-09 22:31:19.914489,Alert investigated. No indicators of compromise found. Closed without escalation.,ANA-007,True,Resolved,"[""ALT-CSE-07-00325""]"
CAS-CSE-07-0251,CSE-07,2024-10-13 17:05:47.239107,2024-10-13 17:09:50.540917,Investigated system activity on port 47188. Correlated firewall session logs.,ANA-007,False,Resolved,"[""ALT-CSE-07-00326""]"
CAS-CSE-07-0252,CSE-07,2024-12-28 13:54:46.653507,2024-12-28 13:58:12.830099,Alert investigated. No indicators of compromise found. Closed without escalation.,ANA-007,False,Resolved,"[""ALT-CSE-07-00327""]"
CAS-CSE-07-0253,CSE-07,2024-11-11 13:35:51.737736,2024-11-11 13:39:34.480889,Alert investigated. No indicators of compromise found. Closed without escalation.,ANA-007,False,Resolved,"[""ALT-CSE-07-00328""]"
CAS-CSE-07-0254,CSE-07,2024-11-15 16:04:54.580201,2024-11-15 16:08:57.614337,Alert investigated. No indicators of compromise found. Closed without escalation.,ANA-007,False,Resolved,"[""ALT-CSE-07-00329""]"
CAS-CSE-07-0255,CSE-07,2024-11-25 18:26:38.767622,2024-11-25 18:30:08.580260,Alert investigated. No indicators of compromise found. Closed without escalation.,ANA-007,False,Resolved,"[""ALT-CSE-07-00330""]"
CAS-CSE-07-0256,CSE-07,2024-10-07 15:10:22.969775,2024-10-07 15:14:34.929011,Alert investigated. No indicators of compromise found. Closed without escalation.,ANA-007,False,Resolved,"[""ALT-CSE-07-00331""]"
CAS-CSE-07-0257,CSE-07,2024-10-14 15:55:01.944206,2024-10-14 15:58:24.505555,Alert investigated. No indicators of compromise found. Closed without escalation.,ANA-007,False,Resolved,"[""ALT-CSE-07-00332""]"
CAS-CSE-07-0258,CSE-07,2024-12-27 19:27:30.743363,2024-12-27 19:32:14.021448,Alert investigated. No indicators of compromise found. Closed without escalation.,ANA-007,False,Resolved,"[""ALT-CSE-07-00333""]"
CAS-CSE-07-0259,CSE-07,2024-12-02 01:35:15.112436,2024-12-02 01:39:49.357973,Alert investigated. No indicators of compromise found. Closed without escalation.,ANA-007,False,Resolved,"[""ALT-CSE-07-00334""]"
CAS-CSE-07-0260,CSE-07,2024-12-10 12:31:12.926462,2024-12-10 12:35:34.134221,Alert investigated. No indicators of compromise found. Closed without escalation.,ANA-007,False,Resolved,"[""ALT-CSE-07-00335""]"
CAS-CSE-07-0261,CSE-07,2024-10-29 11:28:56.391095,2024-10-29 11:32:57.820477,Alert investigated. No indicators of compromise found. Closed without escalation.,ANA-007,False,Resolved,"[""ALT-CSE-07-00336""]"
CAS-CSE-07-0262,CSE-07,2024-10-25 16:10:55.409518,2024-10-25 16:14:53.819498,Investigated system activity on port 27713. Correlated firewall session logs.,ANA-007,False,Resolved,"[""ALT-CSE-07-00337""]"
CAS-CSE-07-0263,CSE-07,2024-11-19 03:46:12.746504,2024-11-19 03:49:51.816942,Alert investigated. No indicators of compromise found. Closed without escalation.,ANA-007,False,Resolved,"[""ALT-CSE-07-00339""]"
CAS-CSE-07-0264,CSE-07,2024-10-05 14:31:05.111217,2024-10-05 14:34:51.410134,Alert investigated. No indicators of compromise found. Closed without escalation.,ANA-007,False,Resolved,"[""ALT-CSE-07-00340""]"
CAS-CSE-07-0265,CSE-07,2024-10-01 07:00:53.188675,2024-10-01 07:04:52.050036,Investigated system activity on port 37282. Correlated firewall session logs.,ANA-007,False,Resolved,"[""ALT-CSE-07-00342""]"
CAS-CSE-07-0266,CSE-07,2024-11-18 00:44:37.908736,2024-11-18 00:47:59.312931,Alert investigated. No indicators of compromise found. Closed without escalation.,ANA-007,False,Resolved,"[""ALT-CSE-07-00344""]"
CAS-CSE-07-0267,CSE-07,2024-10-17 06:44:35.217661,2024-10-17 06:47:46.057214,Alert investigated. No indicators of compromise found. Closed without escalation.,ANA-007,False,Resolved,"[""ALT-CSE-07-00345""]"
CAS-CSE-07-0268,CSE-07,2024-10-25 11:43:11.396843,2024-10-25 11:47:30.310836,Alert investigated. No indicators of compromise found. Closed without escalation.,ANA-007,False,Resolved,"[""ALT-CSE-07-00346""]"
CAS-CSE-07-0269,CSE-07,2024-12-12 21:12:18.498500,2024-12-12 21:16:29.674728,Investigated system activity on port 58348. Correlated firewall session logs.,ANA-007,False,Resolved,"[""ALT-CSE-07-00348""]"
CAS-CSE-07-0270,CSE-07,2024-11-26 04:05:47.012211,2024-11-26 04:09:43.836494,Alert investigated. No indicators of compromise found. Closed without escalation.,ANA-007,False,Resolved,"[""ALT-CSE-07-00350""]"
CAS-CSE-07-0271,CSE-07,2024-12-27 04:20:53.063483,2024-12-27 04:25:28.453446,Alert investigated. No indicators of compromise found. Closed without escalation.,ANA-007,False,Resolved,"[""ALT-CSE-07-00351""]"
CAS-CSE-07-0272,CSE-07,2024-11-28 18:06:31.793460,2024-11-28 18:10:59.780718,Investigated system activity on port 23961. Correlated firewall session logs.,ANA-007,False,Resolved,"[""ALT-CSE-07-00353""]"
CAS-CSE-07-0273,CSE-07,2024-12-02 09:13:08.916405,2024-12-02 09:17:52.008522,Investigated system activity on port 33193. Correlated firewall session logs.,ANA-007,False,Resolved,"[""ALT-CSE-07-00354""]"
CAS-CSE-07-0274,CSE-07,2024-12-04 16:45:31.293722,2024-12-04 16:49:43.150116,Investigated system activity on port 16768. Correlated firewall session logs.,ANA-007,False,Resolved,"[""ALT-CSE-07-00356""]"
CAS-CSE-07-0275,CSE-07,2024-11-30 22:36:31.611567,2024-11-30 22:39:45.005951,Alert investigated. No indicators of compromise found. Closed without escalation.,ANA-007,False,Resolved,"[""ALT-CSE-07-00357""]"
CAS-CSE-07-0276,CSE-07,2024-10-16 21:12:13.679974,2024-10-16 21:16:23.330539,Alert investigated. No indicators of compromise found. Closed without escalation.,ANA-007,False,Resolved,"[""ALT-CSE-07-00358""]"
CAS-CSE-07-0277,CSE-07,2024-12-11 01:33:42.654029,2024-12-11 01:37:05.259300,Alert investigated. No indicators of compromise found. Closed without escalation.,ANA-007,True,Resolved,"[""ALT-CSE-07-00359""]"
CAS-CSE-07-0278,CSE-07,2024-10-22 11:36:58.741409,2024-10-22 11:41:19.003486,Investigated system activity on port 1287. Correlated firewall session logs.,ANA-007,True,Resolved,"[""ALT-CSE-07-00360""]"
CAS-CSE-07-0279,CSE-07,2024-10-22 17:14:21.662987,2024-10-22 17:18:09.761752,Alert investigated. No indicators of compromise found. Closed without escalation.,ANA-007,False,Resolved,"[""ALT-CSE-07-00361""]"
CAS-CSE-07-0280,CSE-07,2024-12-18 23:53:29.785180,2024-12-18 23:56:42.455203,Investigated system activity on port 1301. Correlated firewall session logs.,ANA-007,False,Resolved,"[""ALT-CSE-07-00362""]"
CAS-CSE-07-0281,CSE-07,2024-11-13 04:25:04.465479,2024-11-13 04:28:12.074800,Alert investigated. No indicators of compromise found. Closed without escalation.,ANA-007,False,Resolved,"[""ALT-CSE-07-00363""]"
CAS-CSE-07-0282,CSE-07,2024-11-02 02:30:25.019490,2024-11-02 02:34:40.100801,Alert investigated. No indicators of compromise found. Closed without escalation.,ANA-007,False,Resolved,"[""ALT-CSE-07-00364""]"
CAS-CSE-07-0283,CSE-07,2024-12-15 23:16:18.071357,2024-12-15 23:19:49.889646,Investigated system activity on port 53794. Correlated firewall session logs.,ANA-007,False,Resolved,"[""ALT-CSE-07-00365""]"
CAS-CSE-07-0284,CSE-07,2024-12-08 11:25:46.310218,2024-12-08 11:30:29.768406,Alert investigated. No indicators of compromise found. Closed without escalation.,ANA-007,False,Resolved,"[""ALT-CSE-07-00366""]"
CAS-CSE-07-0285,CSE-07,2024-12-28 22:38:53.437760,2024-12-28 22:43:31.569703,Alert investigated. No indicators of compromise found. Closed without escalation.,ANA-007,False,Resolved,"[""ALT-CSE-07-00368""]"
CAS-CSE-07-0286,CSE-07,2024-12-14 03:12:09.246152,2024-12-14 03:15:44.578114,Alert investigated. No indicators of compromise found. Closed without escalation.,ANA-007,False,Resolved,"[""ALT-CSE-07-00370""]"
CAS-CSE-07-0287,CSE-07,2024-10-02 19:29:57.115182,2024-10-02 19:33:29.858869,Alert investigated. No indicators of compromise found. Closed without escalation.,ANA-007,False,Resolved,"[""ALT-CSE-07-00371""]"
CAS-CSE-07-0288,CSE-07,2024-10-31 03:24:01.577568,2024-10-31 03:27:38.293213,Alert investigated. No indicators of compromise found. Closed without escalation.,ANA-007,False,Resolved,"[""ALT-CSE-07-00372""]"
CAS-CSE-07-0289,CSE-07,2024-12-26 23:12:23.758690,2024-12-26 23:17:06.113184,Alert investigated. No indicators of compromise found. Closed without escalation.,ANA-007,False,Resolved,"[""ALT-CSE-07-00373""]"
CAS-CSE-07-0290,CSE-07,2024-11-20 09:06:09.721808,2024-11-20 09:10:00.737172,Alert investigated. No indicators of compromise found. Closed without escalation.,ANA-007,False,Resolved,"[""ALT-CSE-07-00374""]"
CAS-CSE-07-0291,CSE-07,2024-12-29 09:00:39.915356,2024-12-29 09:04:51.829350,Alert investigated. No indicators of compromise found. Closed without escalation.,ANA-007,False,Resolved,"[""ALT-CSE-07-00375""]"
CAS-CSE-07-0292,CSE-07,2024-11-22 06:43:27.014932,2024-11-22 06:47:04.525061,Investigated system activity on port 30624. Correlated firewall session logs.,ANA-007,False,Resolved,"[""ALT-CSE-07-00376""]"
CAS-CSE-07-0293,CSE-07,2024-11-13 08:42:41.580478,2024-11-13 08:46:46.593617,Alert investigated. No indicators of compromise found. Closed without escalation.,ANA-007,False,Resolved,"[""ALT-CSE-07-00377""]"
CAS-CSE-07-0294,CSE-07,2024-12-19 13:14:48.216345,2024-12-19 13:18:47.129799,Investigated system activity on port 44417. Correlated firewall session logs.,ANA-007,False,Resolved,"[""ALT-CSE-07-00378""]"
CAS-CSE-07-0295,CSE-07,2024-10-18 19:18:50.067994,2024-10-18 19:22:40.238904,Alert investigated. No indicators of compromise found. Closed without escalation.,ANA-007,False,Resolved,"[""ALT-CSE-07-00380""]"
CAS-CSE-07-0296,CSE-07,2024-12-10 07:41:25.661614,2024-12-10 07:45:48.587864,Investigated system activity on port 12112. Correlated firewall session logs.,ANA-007,False,Resolved,"[""ALT-CSE-07-00381""]"
CAS-CSE-07-0297,CSE-07,2024-12-22 16:24:04.913348,2024-12-22 16:27:49.608512,Alert investigated. No indicators of compromise found. Closed without escalation.,ANA-007,False,Resolved,"[""ALT-CSE-07-00382""]"
CAS-CSE-07-0298,CSE-07,2024-12-22 17:29:47.429236,2024-12-22 17:33:34.796967,Investigated system activity on port 22254. Correlated firewall session logs.,ANA-007,False,Resolved,"[""ALT-CSE-07-00383""]"
CAS-CSE-07-0299,CSE-07,2024-10-19 22:47:54.157505,2024-10-19 22:52:24.068926,Alert investigated. No indicators of compromise found. Closed without escalation.,ANA-007,False,Resolved,"[""ALT-CSE-07-00384""]"
CAS-CSE-07-0300,CSE-07,2024-11-20 00:41:21.301363,2024-11-20 00:44:52.485888,Alert investigated. No indicators of compromise found. Closed without escalation.,ANA-007,False,Resolved,"[""ALT-CSE-07-00386""]"
CAS-CSE-07-0301,CSE-07,2024-12-14 18:54:39.768969,2024-12-14 18:58:54.259662,Alert investigated. No indicators of compromise found. Closed without escalation.,ANA-007,False,Resolved,"[""ALT-CSE-07-00387""]"
CAS-CSE-07-0302,CSE-07,2024-12-06 13:33:07.679494,2024-12-06 13:36:42.738609,Investigated system activity on port 40322. Correlated firewall session logs.,ANA-007,False,Resolved,"[""ALT-CSE-07-00388""]"
CAS-CSE-07-0303,CSE-07,2024-11-22 04:32:38.698296,2024-11-22 04:36:29.090942,Alert investigated. No indicators of compromise found. Closed without escalation.,ANA-007,False,Resolved,"[""ALT-CSE-07-00389""]"
CAS-CSE-07-0304,CSE-07,2024-10-15 17:27:04.808834,2024-10-15 17:31:01.698013,Investigated system activity on port 36683. Correlated firewall session logs.,ANA-007,False,Resolved,"[""ALT-CSE-07-00390""]"
CAS-CSE-07-0305,CSE-07,2024-10-12 14:38:33.464021,2024-10-12 14:42:23.753817,Investigated system activity on port 50650. Correlated firewall session logs.,ANA-007,False,Resolved,"[""ALT-CSE-07-00391""]"
CAS-CSE-07-0306,CSE-07,2024-10-22 06:26:32.603469,2024-10-22 06:30:52.493654,Investigated system activity on port 64990. Correlated firewall session logs.,ANA-007,False,Resolved,"[""ALT-CSE-07-00393""]"
CAS-CSE-07-0307,CSE-07,2024-11-24 19:18:12.001909,2024-11-24 19:21:56.967168,Alert investigated. No indicators of compromise found. Closed without escalation.,ANA-007,False,Resolved,"[""ALT-CSE-07-00396""]"
CAS-CSE-07-0308,CSE-07,2024-12-21 02:51:54.188723,2024-12-21 02:55:17.360269,Alert investigated. No indicators of compromise found. Closed without escalation.,ANA-007,False,Resolved,"[""ALT-CSE-07-00397""]"
CAS-CSE-07-0309,CSE-07,2024-12-22 11:19:06.397768,2024-12-22 11:23:12.371210,Alert investigated. No indicators of compromise found. Closed without escalation.,ANA-007,False,Resolved,"[""ALT-CSE-07-00398""]"
CAS-CSE-07-0310,CSE-07,2024-12-09 13:09:26.398132,2024-12-09 13:12:49.119437,Investigated system activity on port 33989. Correlated firewall session logs.,ANA-007,False,Resolved,"[""ALT-CSE-07-00399""]"
CAS-CSE-07-0311,CSE-07,2024-12-01 17:30:05.710430,2024-12-01 17:34:21.034681,Alert investigated. No indicators of compromise found. Closed without escalation.,ANA-007,False,Resolved,"[""ALT-CSE-07-00400""]"
CAS-CSE-07-0312,CSE-07,2024-12-25 05:48:37.038735,2024-12-25 05:52:00.030749,Alert investigated. No indicators of compromise found. Closed without escalation.,ANA-007,False,Resolved,"[""ALT-CSE-07-00402""]"
CAS-CSE-07-0313,CSE-07,2024-10-23 02:08:54.575519,2024-10-23 02:13:03.919509,Alert investigated. No indicators of compromise found. Closed without escalation.,ANA-007,False,Resolved,"[""ALT-CSE-07-00403""]"
CAS-CSE-07-0314,CSE-07,2024-10-20 10:39:58.100678,2024-10-20 10:43:57.579115,Alert investigated. No indicators of compromise found. Closed without escalation.,ANA-007,True,Resolved,"[""ALT-CSE-07-00404""]"
CAS-CSE-07-0315,CSE-07,2024-12-20 21:48:00.895076,2024-12-20 21:52:37.797924,Alert investigated. No indicators of compromise found. Closed without escalation.,ANA-007,False,Resolved,"[""ALT-CSE-07-00405""]"
CAS-CSE-07-0316,CSE-07,2024-12-13 15:39:29.411225,2024-12-13 15:43:35.256759,Alert investigated. No indicators of compromise found. Closed without escalation.,ANA-007,False,Resolved,"[""ALT-CSE-07-00406""]"
CAS-CSE-07-0317,CSE-07,2024-11-09 03:43:19.357600,2024-11-09 03:46:40.859353,Investigated system activity on port 8092. Correlated firewall session logs.,ANA-007,False,Resolved,"[""ALT-CSE-07-00407""]"
CAS-CSE-07-0318,CSE-07,2024-11-02 18:37:57.875044,2024-11-02 18:41:54.356626,Alert investigated. No indicators of compromise found. Closed without escalation.,ANA-007,False,Resolved,"[""ALT-CSE-07-00408""]"
CAS-CSE-07-0319,CSE-07,2024-10-23 19:02:48.681475,2024-10-23 19:07:09.013221,Alert investigated. No indicators of compromise found. Closed without escalation.,ANA-007,False,Resolved,"[""ALT-CSE-07-00409""]"
CAS-CSE-07-0320,CSE-07,2024-10-04 11:31:49.569473,2024-10-04 11:35:22.320414,Alert investigated. No indicators of compromise found. Closed without escalation.,ANA-007,False,Resolved,"[""ALT-CSE-07-00411""]"
CAS-CSE-07-0321,CSE-07,2024-11-27 10:46:54.364463,2024-11-27 10:51:25.550185,Alert investigated. No indicators of compromise found. Closed without escalation.,ANA-007,False,Resolved,"[""ALT-CSE-07-00412""]"
CAS-CSE-07-0322,CSE-07,2024-11-23 01:47:20.007333,2024-11-23 01:51:44.620504,Alert investigated. No indicators of compromise found. Closed without escalation.,ANA-007,False,Resolved,"[""ALT-CSE-07-00413""]"
CAS-CSE-07-0323,CSE-07,2024-10-23 11:04:36.054237,2024-10-23 11:07:51.151409,Investigated system activity on port 5879. Correlated firewall session logs.,ANA-007,False,Resolved,"[""ALT-CSE-07-00414""]"
CAS-CSE-07-0324,CSE-07,2024-12-04 04:41:51.026953,2024-12-04 04:45:31.813411,Alert investigated. No indicators of compromise found. Closed without escalation.,ANA-007,False,Resolved,"[""ALT-CSE-07-00416""]"
CAS-CSE-07-0325,CSE-07,2024-11-19 10:27:24.925639,2024-11-19 10:31:02.191878,Alert investigated. No indicators of compromise found. Closed without escalation.,ANA-007,False,Resolved,"[""ALT-CSE-07-00417""]"
CAS-CSE-07-0326,CSE-07,2024-12-16 00:49:52.723597,2024-12-16 00:53:58.424341,Investigated system activity on port 44188. Correlated firewall session logs.,ANA-007,False,Resolved,"[""ALT-CSE-07-00418""]"
CAS-CSE-07-0327,CSE-07,2024-12-04 13:02:55.160661,2024-12-04 13:06:42.873455,Alert investigated. No indicators of compromise found. Closed without escalation.,ANA-007,True,Resolved,"[""ALT-CSE-07-00419""]"
CAS-CSE-07-0328,CSE-07,2024-12-03 08:24:22.802526,2024-12-03 08:27:41.223744,Alert investigated. No indicators of compromise found. Closed without escalation.,ANA-007,False,Resolved,"[""ALT-CSE-07-00421""]"
CAS-CSE-07-0329,CSE-07,2024-12-27 03:14:55.276071,2024-12-27 03:19:18.474541,Alert investigated. No indicators of compromise found. Closed without escalation.,ANA-007,False,Resolved,"[""ALT-CSE-07-00422""]"
CAS-CSE-07-0330,CSE-07,2024-12-29 06:37:37.774456,2024-12-29 06:41:50.063235,Alert investigated. No indicators of compromise found. Closed without escalation.,ANA-007,False,Resolved,"[""ALT-CSE-07-00425""]"
CAS-CSE-07-0331,CSE-07,2024-11-16 06:03:47.337959,2024-11-16 06:07:13.424949,Investigated system activity on port 33916. Correlated firewall session logs.,ANA-007,False,Resolved,"[""ALT-CSE-07-00426""]"
CAS-CSE-07-0332,CSE-07,2024-10-25 04:17:50.470380,2024-10-25 04:22:03.706931,Alert investigated. No indicators of compromise found. Closed without escalation.,ANA-007,False,Resolved,"[""ALT-CSE-07-00427""]"
CAS-CSE-07-0333,CSE-07,2024-12-26 06:26:14.961692,2024-12-26 06:29:28.531217,Alert investigated. No indicators of compromise found. Closed without escalation.,ANA-007,False,Resolved,"[""ALT-CSE-07-00429""]"
CAS-CSE-07-0334,CSE-07,2024-12-20 22:31:17.985413,2024-12-20 22:34:33.033020,Investigated system activity on port 49446. Correlated firewall session logs.,ANA-007,False,Resolved,"[""ALT-CSE-07-00431""]"
CAS-CSE-07-0335,CSE-07,2024-11-08 00:25:36.313053,2024-11-08 00:29:06.673870,Alert investigated. No indicators of compromise found. Closed without escalation.,ANA-007,False,Resolved,"[""ALT-CSE-07-00432""]"
CAS-CSE-07-0336,CSE-07,2024-11-04 07:29:52.461046,2024-11-04 07:34:00.614997,Alert investigated. No indicators of compromise found. Closed without escalation.,ANA-007,False,Resolved,"[""ALT-CSE-07-00433""]"
CAS-CSE-07-0337,CSE-07,2024-11-07 09:19:34.582322,2024-11-07 09:23:55.164322,Investigated system activity on port 35427. Correlated firewall session logs.,ANA-007,False,Resolved,"[""ALT-CSE-07-00434""]"
CAS-CSE-07-0338,CSE-07,2024-10-08 21:52:11.501175,2024-10-08 21:55:58.183777,Investigated system activity on port 54195. Correlated firewall session logs.,ANA-007,False,Resolved,"[""ALT-CSE-07-00435""]"
CAS-CSE-07-0339,CSE-07,2024-11-10 13:25:27.702503,2024-11-10 13:30:03.486216,Investigated system activity on port 60930. Correlated firewall session logs.,ANA-007,False,Resolved,"[""ALT-CSE-07-00436""]"
CAS-CSE-07-0340,CSE-07,2024-12-03 03:05:44.534994,2024-12-03 03:09:15.959786,Investigated system activity on port 58793. Correlated firewall session logs.,ANA-007,False,Resolved,"[""ALT-CSE-07-00437""]"
CAS-CSE-07-0341,CSE-07,2024-12-22 19:11:48.432870,2024-12-22 19:15:42.735243,Alert investigated. No indicators of compromise found. Closed without escalation.,ANA-007,False,Resolved,"[""ALT-CSE-07-00438""]"
CAS-CSE-07-0342,CSE-07,2024-10-20 11:01:18.642462,2024-10-20 11:05:03.307259,Investigated system activity on port 42139. Correlated firewall session logs.,ANA-007,False,Resolved,"[""ALT-CSE-07-00439""]"
CAS-CSE-07-0343,CSE-07,2024-11-16 06:26:25.640665,2024-11-16 06:29:38.911756,Alert investigated. No indicators of compromise found. Closed without escalation.,ANA-007,False,Resolved,"[""ALT-CSE-07-00440""]"
CAS-CSE-07-0344,CSE-07,2024-12-01 02:03:10.899032,2024-12-01 02:06:41.911319,Alert investigated. No indicators of compromise found. Closed without escalation.,ANA-007,False,Resolved,"[""ALT-CSE-07-00441""]"
CAS-CSE-07-0345,CSE-07,2024-11-23 17:00:21.927701,2024-11-23 17:04:32.694195,Alert investigated. No indicators of compromise found. Closed without escalation.,ANA-007,False,Resolved,"[""ALT-CSE-07-00443""]"
CAS-CSE-07-0346,CSE-07,2024-11-21 01:21:08.276085,2024-11-21 01:25:14.793109,Alert investigated. No indicators of compromise found. Closed without escalation.,ANA-007,False,Resolved,"[""ALT-CSE-07-00444""]"
CAS-CSE-07-0347,CSE-07,2024-11-21 13:53:35.922572,2024-11-21 13:58:19.956339,Alert investigated. No indicators of compromise found. Closed without escalation.,ANA-007,False,Resolved,"[""ALT-CSE-07-00445""]"
CAS-CSE-07-0348,CSE-07,2024-10-28 16:25:21.690459,2024-10-28 16:29:26.972533,Alert investigated. No indicators of compromise found. Closed without escalation.,ANA-007,False,Resolved,"[""ALT-CSE-07-00446""]"
CAS-CSE-07-0349,CSE-07,2024-12-11 15:33:22.512803,2024-12-11 15:36:57.218563,Alert investigated. No indicators of compromise found. Closed without escalation.,ANA-007,False,Resolved,"[""ALT-CSE-07-00448""]"
CAS-CSE-07-0350,CSE-07,2024-10-25 12:23:37.002435,2024-10-25 12:27:25.016955,Alert investigated. No indicators of compromise found. Closed without escalation.,ANA-007,True,Resolved,"[""ALT-CSE-07-00449""]"
CAS-CSE-07-0351,CSE-07,2024-10-18 12:27:56.263589,2024-10-18 12:31:37.627175,Alert investigated. No indicators of compromise found. Closed without escalation.,ANA-007,False,Resolved,"[""ALT-CSE-07-00450""]"
CAS-CSE-07-0352,CSE-07,2024-11-29 15:20:24.600875,2024-11-29 15:25:01.613134,Alert investigated. No indicators of compromise found. Closed without escalation.,ANA-007,False,Resolved,"[""ALT-CSE-07-00451""]"
CAS-CSE-07-0353,CSE-07,2024-11-15 07:57:17.742268,2024-11-15 08:01:30.281827,Investigated system activity on port 7338. Correlated firewall session logs.,ANA-007,False,Resolved,"[""ALT-CSE-07-00453""]"
CAS-CSE-07-0354,CSE-07,2024-10-12 19:07:52.639392,2024-10-12 19:12:03.567357,Alert investigated. No indicators of compromise found. Closed without escalation.,ANA-007,False,Resolved,"[""ALT-CSE-07-00454""]"
CAS-CSE-07-0355,CSE-07,2024-10-14 02:00:02.098524,2024-10-14 02:03:54.314165,Investigated system activity on port 26948. Correlated firewall session logs.,ANA-007,False,Resolved,"[""ALT-CSE-07-00455""]"
CAS-CSE-07-0356,CSE-07,2024-12-17 18:07:43.907289,2024-12-17 18:12:16.183451,Alert investigated. No indicators of compromise found. Closed without escalation.,ANA-007,False,Resolved,"[""ALT-CSE-07-00456""]"
CAS-CSE-07-0357,CSE-07,2024-10-29 19:12:56.474447,2024-10-29 19:16:26.812037,Alert investigated. No indicators of compromise found. Closed without escalation.,ANA-007,False,Resolved,"[""ALT-CSE-07-00457""]"
CAS-CSE-07-0358,CSE-07,2024-12-09 00:57:46.227391,2024-12-09 01:01:04.264637,Investigated system activity on port 8644. Correlated firewall session logs.,ANA-007,False,Resolved,"[""ALT-CSE-07-00458""]"
CAS-CSE-07-0359,CSE-07,2024-12-16 10:42:44.138192,2024-12-16 10:46:16.164315,Investigated system activity on port 21043. Correlated firewall session logs.,ANA-007,False,Resolved,"[""ALT-CSE-07-00459""]"
CAS-CSE-07-0360,CSE-07,2024-12-17 05:50:45.550193,2024-12-17 05:54:35.077324,Investigated system activity on port 62870. Correlated firewall session logs.,ANA-007,False,Resolved,"[""ALT-CSE-07-00460""]"
CAS-CSE-07-0361,CSE-07,2024-12-26 12:23:52.206123,2024-12-26 12:27:34.115691,Alert investigated. No indicators of compromise found. Closed without escalation.,ANA-007,False,Resolved,"[""ALT-CSE-07-00461""]"
CAS-CSE-07-0362,CSE-07,2024-12-01 10:41:55.967244,2024-12-01 10:45:40.723634,Alert investigated. No indicators of compromise found. Closed without escalation.,ANA-007,False,Resolved,"[""ALT-CSE-07-00462""]"
CAS-CSE-07-0363,CSE-07,2024-12-20 20:51:12.720407,2024-12-20 20:55:14.271463,Alert investigated. No indicators of compromise found. Closed without escalation.,ANA-007,False,Resolved,"[""ALT-CSE-07-00463""]"
CAS-CSE-07-0364,CSE-07,2024-11-22 16:03:39.431243,2024-11-22 16:07:41.546571,Alert investigated. No indicators of compromise found. Closed without escalation.,ANA-007,False,Resolved,"[""ALT-CSE-07-00464""]"
CAS-CSE-07-0365,CSE-07,2024-12-22 21:03:40.120984,2024-12-22 21:07:29.020764,Alert investigated. No indicators of compromise found. Closed without escalation.,ANA-007,False,Resolved,"[""ALT-CSE-07-00465""]"
CAS-CSE-07-0366,CSE-07,2024-10-06 21:02:23.112717,2024-10-06 21:05:57.434997,Alert investigated. No indicators of compromise found. Closed without escalation.,ANA-007,False,Resolved,"[""ALT-CSE-07-00466""]"
CAS-CSE-07-0367,CSE-07,2024-12-05 11:34:31.798687,2024-12-05 11:38:07.359318,Alert investigated. No indicators of compromise found. Closed without escalation.,ANA-007,False,Resolved,"[""ALT-CSE-07-00468""]"
CAS-CSE-07-0368,CSE-07,2024-10-30 02:49:21.654034,2024-10-30 02:53:47.072839,Alert investigated. No indicators of compromise found. Closed without escalation.,ANA-007,False,Resolved,"[""ALT-CSE-07-00470""]"
CAS-CSE-07-0369,CSE-07,2024-11-13 12:19:32.837632,2024-11-13 12:23:05.612513,Alert investigated. No indicators of compromise found. Closed without escalation.,ANA-007,True,Resolved,"[""ALT-CSE-07-00471""]"
CAS-CSE-07-0370,CSE-07,2024-10-11 14:37:07.626657,2024-10-11 14:40:54.650577,Alert investigated. No indicators of compromise found. Closed without escalation.,ANA-007,False,Resolved,"[""ALT-CSE-07-00472""]"
CAS-CSE-07-0371,CSE-07,2024-10-25 20:32:14.918538,2024-10-25 20:35:11.820691,Alert investigated. No indicators of compromise found. Closed without escalation.,ANA-007,False,Resolved,"[""ALT-CSE-07-00474""]"
CAS-CSE-07-0372,CSE-07,2024-10-15 12:05:24.945244,2024-10-15 12:09:13.444522,Alert investigated. No indicators of compromise found. Closed without escalation.,ANA-007,False,Resolved,"[""ALT-CSE-07-00475""]"
CAS-CSE-07-0373,CSE-07,2024-11-29 09:35:52.711229,2024-11-29 09:40:24.802871,Alert investigated. No indicators of compromise found. Closed without escalation.,ANA-007,False,Resolved,"[""ALT-CSE-07-00476""]"
CAS-CSE-07-0374,CSE-07,2024-10-05 21:54:16.223287,2024-10-05 21:58:17.673451,Alert investigated. No indicators of compromise found. Closed without escalation.,ANA-007,False,Resolved,"[""ALT-CSE-07-00478""]"
CAS-CSE-07-0375,CSE-07,2024-12-23 07:31:14.379241,2024-12-23 07:35:06.219975,Alert investigated. No indicators of compromise found. Closed without escalation.,ANA-007,False,Resolved,"[""ALT-CSE-07-00479""]"
CAS-CSE-07-0376,CSE-07,2024-11-08 11:22:43.435802,2024-11-08 11:27:07.046818,Alert investigated. No indicators of compromise found. Closed without escalation.,ANA-007,False,Resolved,"[""ALT-CSE-07-00480""]"
CAS-CSE-07-0377,CSE-07,2024-10-21 12:36:43.292950,2024-10-21 12:40:27.093412,Alert investigated. No indicators of compromise found. Closed without escalation.,ANA-007,False,Resolved,"[""ALT-CSE-07-00481""]"
CAS-CSE-07-0378,CSE-07,2024-12-13 13:34:18.627897,2024-12-13 13:38:07.517975,Alert investigated. No indicators of compromise found. Closed without escalation.,ANA-007,False,Resolved,"[""ALT-CSE-07-00482""]"
CAS-CSE-07-0379,CSE-07,2024-12-18 04:21:01.133347,2024-12-18 04:25:25.933667,Alert investigated. No indicators of compromise found. Closed without escalation.,ANA-007,False,Resolved,"[""ALT-CSE-07-00484""]"
CAS-CSE-07-0380,CSE-07,2024-11-10 06:54:36.925080,2024-11-10 06:57:58.295739,Investigated system activity on port 10843. Correlated firewall session logs.,ANA-007,False,Resolved,"[""ALT-CSE-07-00486""]"
CAS-CSE-07-0381,CSE-07,2024-11-04 06:14:19.412954,2024-11-04 06:18:31.390254,Alert investigated. No indicators of compromise found. Closed without escalation.,ANA-007,False,Resolved,"[""ALT-CSE-07-00488""]"
CAS-CSE-07-0382,CSE-07,2024-11-07 21:22:05.485740,2024-11-07 21:25:29.427539,Alert investigated. No indicators of compromise found. Closed without escalation.,ANA-007,False,Resolved,"[""ALT-CSE-07-00491""]"
CAS-CSE-07-0383,CSE-07,2024-10-02 18:11:44.587485,2024-10-02 18:15:25.758806,Alert investigated. No indicators of compromise found. Closed without escalation.,ANA-007,False,Resolved,"[""ALT-CSE-07-00492""]"
CAS-CSE-07-0384,CSE-07,2024-12-01 20:41:56.027115,2024-12-01 20:46:38.390041,Alert investigated. No indicators of compromise found. Closed without escalation.,ANA-007,False,Resolved,"[""ALT-CSE-07-00493""]"
CAS-CSE-07-0385,CSE-07,2024-10-30 11:01:44.578291,2024-10-30 11:04:54.244557,Investigated system activity on port 14632. Correlated firewall session logs.,ANA-007,False,Resolved,"[""ALT-CSE-07-00494""]"
CAS-CSE-07-0386,CSE-07,2024-12-03 06:54:22.845771,2024-12-03 06:58:52.586804,Alert investigated. No indicators of compromise found. Closed without escalation.,ANA-007,False,Resolved,"[""ALT-CSE-07-00495""]"
CAS-CSE-07-0387,CSE-07,2024-12-29 15:34:07.601476,2024-12-29 15:38:06.868304,Alert investigated. No indicators of compromise found. Closed without escalation.,ANA-007,False,Resolved,"[""ALT-CSE-07-00497""]"
CAS-CSE-07-0388,CSE-07,2024-11-30 05:33:53.162988,2024-11-30 05:38:27.597557,Alert investigated. No indicators of compromise found. Closed without escalation.,ANA-007,False,Resolved,"[""ALT-CSE-07-00498""]"
CAS-CSE-07-0389,CSE-07,2024-11-20 07:22:40.013424,2024-11-20 07:26:29.127174,Investigated system activity on port 10056. Correlated firewall session logs.,ANA-007,False,Resolved,"[""ALT-CSE-07-00499""]"
CAS-CSE-07-0390,CSE-07,2024-12-20 11:08:53.944898,2024-12-20 11:13:14.323090,Investigated system activity on port 48222. Correlated firewall session logs.,ANA-007,False,Resolved,"[""ALT-CSE-07-00500""]"
CAS-CSE-07-0391,CSE-07,2024-10-16 00:00:11.542831,2024-10-16 00:04:05.850686,Alert investigated. No indicators of compromise found. Closed without escalation.,ANA-007,False,Resolved,"[""ALT-CSE-07-00501""]"
CAS-CSE-07-0392,CSE-07,2024-10-02 20:20:54.989034,2024-10-02 20:24:37.360424,Alert investigated. No indicators of compromise found. Closed without escalation.,ANA-007,False,Resolved,"[""ALT-CSE-07-00502""]"
CAS-CSE-07-0393,CSE-07,2024-11-24 09:03:07.237681,2024-11-24 09:07:51.580790,Alert investigated. No indicators of compromise found. Closed without escalation.,ANA-007,False,Resolved,"[""ALT-CSE-07-00503""]"
CAS-CSE-07-0394,CSE-07,2024-11-26 23:34:57.244688,2024-11-26 23:38:53.467233,Alert investigated. No indicators of compromise found. Closed without escalation.,ANA-007,False,Resolved,"[""ALT-CSE-07-00504""]"
CAS-CSE-07-0395,CSE-07,2024-11-07 01:12:21.753686,2024-11-07 01:16:45.523510,Alert investigated. No indicators of compromise found. Closed without escalation.,ANA-007,False,Resolved,"[""ALT-CSE-07-00505""]"
CAS-CSE-07-0396,CSE-07,2024-10-23 00:41:43.600257,2024-10-23 00:45:25.746696,Alert investigated. No indicators of compromise found. Closed without escalation.,ANA-007,False,Resolved,"[""ALT-CSE-07-00506""]"
CAS-CSE-07-0397,CSE-07,2024-12-26 15:45:53.909513,2024-12-26 15:49:18.693991,Alert investigated. No indicators of compromise found. Closed without escalation.,ANA-007,False,Resolved,"[""ALT-CSE-07-00507""]"
CAS-CSE-07-0398,CSE-07,2024-10-08 11:40:50.386255,2024-10-08 11:44:17.147553,Alert investigated. No indicators of compromise found. Closed without escalation.,ANA-007,False,Resolved,"[""ALT-CSE-07-00509""]"
CAS-CSE-07-0399,CSE-07,2024-12-03 23:14:33.997345,2024-12-03 23:19:10.345546,Alert investigated. No indicators of compromise found. Closed without escalation.,ANA-007,False,Resolved,"[""ALT-CSE-07-00510""]"
CAS-CSE-07-0400,CSE-07,2024-11-22 04:19:37.735313,2024-11-22 04:23:51.840493,Alert investigated. No indicators of compromise found. Closed without escalation.,ANA-007,False,Resolved,"[""ALT-CSE-07-00511""]"
CAS-CSE-07-0401,CSE-07,2024-12-24 23:46:14.336832,2024-12-24 23:49:33.342937,Investigated system activity on port 51911. Correlated firewall session logs.,ANA-007,False,Resolved,"[""ALT-CSE-07-00512""]"
CAS-CSE-07-0402,CSE-07,2024-10-21 23:49:12.366026,2024-10-21 23:53:15.065216,Investigated system activity on port 18977. Correlated firewall session logs.,ANA-007,False,Resolved,"[""ALT-CSE-07-00515""]"
CAS-CSE-07-0403,CSE-07,2024-10-02 23:50:06.526703,2024-10-02 23:54:30.575117,Alert investigated. No indicators of compromise found. Closed without escalation.,ANA-007,False,Resolved,"[""ALT-CSE-07-00516""]"
CAS-CSE-07-0404,CSE-07,2024-11-09 17:20:07.171075,2024-11-09 17:23:22.857918,Alert investigated. No indicators of compromise found. Closed without escalation.,ANA-007,False,Resolved,"[""ALT-CSE-07-00517""]"
CAS-CSE-07-0405,CSE-07,2024-12-13 11:41:23.918296,2024-12-13 11:46:03.875835,Investigated system activity on port 50396. Correlated firewall session logs.,ANA-007,False,Resolved,"[""ALT-CSE-07-00519""]"
CAS-CSE-07-0406,CSE-07,2024-11-04 12:37:24.346281,2024-11-04 12:41:29.915729,Investigated system activity on port 39907. Correlated firewall session logs.,ANA-007,False,Resolved,"[""ALT-CSE-07-00520""]"
CAS-CSE-07-0407,CSE-07,2024-11-02 12:28:47.074061,2024-11-02 12:33:21.786852,Alert investigated. No indicators of compromise found. Closed without escalation.,ANA-007,False,Resolved,"[""ALT-CSE-07-00521""]"
CAS-CSE-07-0408,CSE-07,2024-11-01 12:55:15.218369,2024-11-01 12:59:10.640556,Alert investigated. No indicators of compromise found. Closed without escalation.,ANA-007,False,Resolved,"[""ALT-CSE-07-00522""]"
CAS-CSE-07-0409,CSE-07,2024-12-07 07:44:49.088149,2024-12-07 07:48:25.017335,Alert investigated. No indicators of compromise found. Closed without escalation.,ANA-007,False,Resolved,"[""ALT-CSE-07-00523""]"
CAS-CSE-07-0410,CSE-07,2024-10-19 02:08:56.988549,2024-10-19 02:12:51.700919,Alert investigated. No indicators of compromise found. Closed without escalation.,ANA-007,False,Resolved,"[""ALT-CSE-07-00524""]"
CAS-CSE-07-0411,CSE-07,2024-10-21 18:54:37.450261,2024-10-21 18:58:05.102294,Alert investigated. No indicators of compromise found. Closed without escalation.,ANA-007,False,Resolved,"[""ALT-CSE-07-00526""]"
CAS-CSE-07-0412,CSE-07,2024-11-13 11:20:40.361483,2024-11-13 11:23:45.267446,Alert investigated. No indicators of compromise found. Closed without escalation.,ANA-007,False,Resolved,"[""ALT-CSE-07-00527""]"
CAS-CSE-07-0413,CSE-07,2024-10-30 14:45:58.635668,2024-10-30 14:49:40.426044,Alert investigated. No indicators of compromise found. Closed without escalation.,ANA-007,False,Resolved,"[""ALT-CSE-07-00528""]"
CAS-CSE-07-0414,CSE-07,2024-10-18 23:43:17.209713,2024-10-18 23:46:43.294983,Alert investigated. No indicators of compromise found. Closed without escalation.,ANA-007,False,Resolved,"[""ALT-CSE-07-00530""]"
CAS-CSE-07-0415,CSE-07,2024-10-23 10:08:29.234718,2024-10-23 10:13:03.042911,Investigated system activity on port 51936. Correlated firewall session logs.,ANA-007,False,Resolved,"[""ALT-CSE-07-00532""]"
CAS-CSE-07-0416,CSE-07,2024-11-18 12:14:53.408157,2024-11-18 12:19:12.247461,Alert investigated. No indicators of compromise found. Closed without escalation.,ANA-007,False,Resolved,"[""ALT-CSE-07-00533""]"
CAS-CSE-07-0417,CSE-07,2024-10-20 03:13:11.249011,2024-10-20 03:17:53.334693,Alert investigated. No indicators of compromise found. Closed without escalation.,ANA-007,False,Resolved,"[""ALT-CSE-07-00534""]"
CAS-CSE-07-0418,CSE-07,2024-10-24 18:39:29.518106,2024-10-24 18:43:13.913044,Investigated system activity on port 37087. Correlated firewall session logs.,ANA-007,False,Resolved,"[""ALT-CSE-07-00535""]"
CAS-CSE-07-0419,CSE-07,2024-10-23 15:08:10.219665,2024-10-23 15:12:12.773593,Alert investigated. No indicators of compromise found. Closed without escalation.,ANA-007,False,Resolved,"[""ALT-CSE-07-00536""]"
CAS-CSE-07-0420,CSE-07,2024-12-24 22:32:13.283283,2024-12-24 22:35:54.698526,Alert investigated. No indicators of compromise found. Closed without escalation.,ANA-007,False,Resolved,"[""ALT-CSE-07-00541""]"
CAS-CSE-07-0421,CSE-07,2024-10-04 04:18:18.060713,2024-10-04 04:21:47.680748,Alert investigated. No indicators of compromise found. Closed without escalation.,ANA-007,False,Resolved,"[""ALT-CSE-07-00543""]"
CAS-CSE-07-0422,CSE-07,2024-10-02 05:25:22.833585,2024-10-02 05:29:05.525223,Investigated system activity on port 30094. Correlated firewall session logs.,ANA-007,False,Resolved,"[""ALT-CSE-07-00544""]"
CAS-CSE-07-0423,CSE-07,2024-11-19 00:37:35.425098,2024-11-19 00:40:52.185946,Investigated system activity on port 30752. Correlated firewall session logs.,ANA-007,False,Resolved,"[""ALT-CSE-07-00545""]"
CAS-CSE-07-0424,CSE-07,2024-12-03 09:33:46.226302,2024-12-03 09:38:11.051650,Alert investigated. No indicators of compromise found. Closed without escalation.,ANA-007,False,Resolved,"[""ALT-CSE-07-00547""]"
CAS-CSE-07-0425,CSE-07,2024-11-04 19:21:25.665489,2024-11-04 19:24:51.165182,Investigated system activity on port 8450. Correlated firewall session logs.,ANA-007,False,Resolved,"[""ALT-CSE-07-00548""]"
CAS-CSE-07-0426,CSE-07,2024-10-19 09:17:34.285733,2024-10-19 09:22:02.557598,Alert investigated. No indicators of compromise found. Closed without escalation.,ANA-007,False,Resolved,"[""ALT-CSE-07-00549""]"
CAS-CSE-07-0427,CSE-07,2024-11-20 15:05:06.242205,2024-11-20 15:09:45.741132,Alert investigated. No indicators of compromise found. Closed without escalation.,ANA-007,False,Resolved,"[""ALT-CSE-07-00550""]"
CAS-CSE-07-0428,CSE-07,2024-12-25 12:21:07.106280,2024-12-25 12:25:18.422093,Alert investigated. No indicators of compromise found. Closed without escalation.,ANA-007,False,Resolved,"[""ALT-CSE-07-00551""]"
CAS-CSE-07-0429,CSE-07,2024-10-14 10:50:13.854822,2024-10-14 10:54:54.399595,Alert investigated. No indicators of compromise found. Closed without escalation.,ANA-007,False,Resolved,"[""ALT-CSE-07-00553""]"
CAS-CSE-07-0430,CSE-07,2024-10-16 08:20:14.223042,2024-10-16 08:24:06.778706,Alert investigated. No indicators of compromise found. Closed without escalation.,ANA-007,False,Resolved,"[""ALT-CSE-07-00554""]"
CAS-CSE-07-0431,CSE-07,2024-11-26 00:13:41.374397,2024-11-26 00:17:56.652472,Alert investigated. No indicators of compromise found. Closed without escalation.,ANA-007,False,Resolved,"[""ALT-CSE-07-00555""]"
CAS-CSE-07-0432,CSE-07,2024-11-16 03:58:11.039484,2024-11-16 04:01:49.690164,Alert investigated. No indicators of compromise found. Closed without escalation.,ANA-007,False,Resolved,"[""ALT-CSE-07-00556""]"
CAS-CSE-07-0433,CSE-07,2024-10-08 17:58:16.787835,2024-10-08 18:02:25.249601,Alert investigated. No indicators of compromise found. Closed without escalation.,ANA-007,False,Resolved,"[""ALT-CSE-07-00557""]"
CAS-CSE-07-0434,CSE-07,2024-12-26 01:04:34.759710,2024-12-26 01:08:09.410551,Investigated system activity on port 11120. Correlated firewall session logs.,ANA-007,False,Resolved,"[""ALT-CSE-07-00559""]"
CAS-CSE-07-0435,CSE-07,2024-10-17 08:16:48.941230,2024-10-17 08:20:22.618356,Alert investigated. No indicators of compromise found. Closed without escalation.,ANA-007,False,Resolved,"[""ALT-CSE-07-00560""]"
CAS-CSE-07-0436,CSE-07,2024-12-18 15:23:43.565467,2024-12-18 15:28:21.613235,Alert investigated. No indicators of compromise found. Closed without escalation.,ANA-007,False,Resolved,"[""ALT-CSE-07-00561""]"
CAS-CSE-07-0437,CSE-07,2024-12-12 23:00:26.047304,2024-12-12 23:03:44.925387,Alert investigated. No indicators of compromise found. Closed without escalation.,ANA-007,False,Resolved,"[""ALT-CSE-07-00562""]"
CAS-CSE-07-0438,CSE-07,2024-10-04 22:11:27.145278,2024-10-04 22:15:56.282141,Investigated system activity on port 60386. Correlated firewall session logs.,ANA-007,False,Resolved,"[""ALT-CSE-07-00563""]"
CAS-CSE-07-0439,CSE-07,2024-12-08 02:43:14.782763,2024-12-08 02:47:15.718565,Investigated system activity on port 47962. Correlated firewall session logs.,ANA-007,False,Resolved,"[""ALT-CSE-07-00565""]"
CAS-CSE-07-0440,CSE-07,2024-11-03 18:38:40.482375,2024-11-03 18:42:00.787126,Alert investigated. No indicators of compromise found. Closed without escalation.,ANA-007,False,Resolved,"[""ALT-CSE-07-00566""]"
CAS-CSE-07-0441,CSE-07,2024-10-13 13:31:54.946403,2024-10-13 13:36:10.658886,Alert investigated. No indicators of compromise found. Closed without escalation.,ANA-007,False,Resolved,"[""ALT-CSE-07-00567""]"
CAS-CSE-07-0442,CSE-07,2024-11-18 00:03:33.755149,2024-11-18 00:07:49.401635,Alert investigated. No indicators of compromise found. Closed without escalation.,ANA-007,False,Resolved,"[""ALT-CSE-07-00568""]"
CAS-CSE-07-0443,CSE-07,2024-11-17 17:49:44.918718,2024-11-17 17:54:18.651871,Alert investigated. No indicators of compromise found. Closed without escalation.,ANA-007,False,Resolved,"[""ALT-CSE-07-00569""]"
CAS-CSE-07-0444,CSE-07,2024-10-09 10:37:11.945665,2024-10-09 10:40:23.753844,Alert investigated. No indicators of compromise found. Closed without escalation.,ANA-007,False,Resolved,"[""ALT-CSE-07-00570""]"
CAS-CSE-07-0445,CSE-07,2024-12-28 03:33:03.180302,2024-12-28 03:36:24.244136,Alert investigated. No indicators of compromise found. Closed without escalation.,ANA-007,False,Resolved,"[""ALT-CSE-07-00572""]"
CAS-CSE-07-0446,CSE-07,2024-12-23 13:04:16.537890,2024-12-23 13:08:05.523838,Alert investigated. No indicators of compromise found. Closed without escalation.,ANA-007,False,Resolved,"[""ALT-CSE-07-00573""]"
CAS-CSE-07-0447,CSE-07,2024-12-04 04:06:15.950623,2024-12-04 04:09:43.398525,Alert investigated. No indicators of compromise found. Closed without escalation.,ANA-007,False,Resolved,"[""ALT-CSE-07-00574""]"
CAS-CSE-07-0448,CSE-07,2024-12-14 08:02:18.988516,2024-12-14 08:06:36.832004,Alert investigated. No indicators of compromise found. Closed without escalation.,ANA-007,False,Resolved,"[""ALT-CSE-07-00575""]"
CAS-CSE-07-0449,CSE-07,2024-10-20 02:01:44.023322,2024-10-20 02:05:56.342040,Alert investigated. No indicators of compromise found. Closed without escalation.,ANA-007,False,Resolved,"[""ALT-CSE-07-00576""]"
CAS-CSE-07-0450,CSE-07,2024-11-14 21:16:19.408426,2024-11-14 21:20:30.003233,Alert investigated. No indicators of compromise found. Closed without escalation.,ANA-007,False,Resolved,"[""ALT-CSE-07-00579""]"
CAS-CSE-07-0451,CSE-07,2024-12-25 10:41:09.020101,2024-12-25 10:44:30.247893,Alert investigated. No indicators of compromise found. Closed without escalation.,ANA-007,False,Resolved,"[""ALT-CSE-07-00580""]"
CAS-CSE-07-0452,CSE-07,2024-10-10 16:30:30.732713,2024-10-10 16:33:56.203621,Investigated system activity on port 21217. Correlated firewall session logs.,ANA-007,False,Resolved,"[""ALT-CSE-07-00581""]"
CAS-CSE-07-0453,CSE-07,2024-12-24 17:31:29.663701,2024-12-24 17:35:33.486809,Alert investigated. No indicators of compromise found. Closed without escalation.,ANA-007,False,Resolved,"[""ALT-CSE-07-00582""]"
CAS-CSE-07-0454,CSE-07,2024-11-11 14:05:08.367428,2024-11-11 14:09:03.278267,Alert investigated. No indicators of compromise found. Closed without escalation.,ANA-007,False,Resolved,"[""ALT-CSE-07-00583""]"
CAS-CSE-07-0455,CSE-07,2024-11-08 07:36:34.671897,2024-11-08 07:39:55.535460,Alert investigated. No indicators of compromise found. Closed without escalation.,ANA-007,False,Resolved,"[""ALT-CSE-07-00584""]"
CAS-CSE-07-0456,CSE-07,2024-11-07 18:07:14.968385,2024-11-07 18:11:40.735591,Alert investigated. No indicators of compromise found. Closed without escalation.,ANA-007,True,Resolved,"[""ALT-CSE-07-00585""]"
CAS-CSE-07-0457,CSE-07,2024-10-07 23:19:48.061498,2024-10-07 23:24:29.170199,Investigated system activity on port 13265. Correlated firewall session logs.,ANA-007,False,Resolved,"[""ALT-CSE-07-00586""]"
CAS-CSE-07-0458,CSE-07,2024-12-15 20:27:32.570853,2024-12-15 20:31:13.131362,Alert investigated. No indicators of compromise found. Closed without escalation.,ANA-007,False,Resolved,"[""ALT-CSE-07-00587""]"
CAS-CSE-07-0459,CSE-07,2024-10-28 13:47:20.364915,2024-10-28 13:51:55.786500,Alert investigated. No indicators of compromise found. Closed without escalation.,ANA-007,False,Resolved,"[""ALT-CSE-07-00588""]"
CAS-CSE-07-0460,CSE-07,2024-12-09 09:58:58.701434,2024-12-09 10:03:07.789094,Alert investigated. No indicators of compromise found. Closed without escalation.,ANA-007,False,Resolved,"[""ALT-CSE-07-00589""]"
CAS-CSE-07-0461,CSE-07,2024-11-19 18:04:47.400125,2024-11-19 18:08:07.230703,Alert investigated. No indicators of compromise found. Closed without escalation.,ANA-007,False,Resolved,"[""ALT-CSE-07-00590""]"
CAS-CSE-07-0462,CSE-07,2024-10-17 12:55:32.515957,2024-10-17 12:59:38.648664,Alert investigated. No indicators of compromise found. Closed without escalation.,ANA-007,False,Resolved,"[""ALT-CSE-07-00591""]"
CAS-CSE-07-0463,CSE-07,2024-11-17 07:53:26.707603,2024-11-17 07:57:20.979058,Alert investigated. No indicators of compromise found. Closed without escalation.,ANA-007,False,Resolved,"[""ALT-CSE-07-00592""]"
CAS-CSE-07-0464,CSE-07,2024-12-23 09:29:27.341799,2024-12-23 09:33:48.405633,Alert investigated. No indicators of compromise found. Closed without escalation.,ANA-007,False,Resolved,"[""ALT-CSE-07-00593""]"
CAS-CSE-07-0465,CSE-07,2024-10-18 10:18:10.397268,2024-10-18 10:21:39.616490,Investigated system activity on port 1711. Correlated firewall session logs.,ANA-007,False,Resolved,"[""ALT-CSE-07-00594""]"
CAS-CSE-07-0466,CSE-07,2024-12-20 15:56:25.716055,2024-12-20 16:01:19.227230,Alert investigated. No indicators of compromise found. Closed without escalation.,ANA-007,False,Resolved,"[""ALT-CSE-07-00595""]"
CAS-CSE-07-0467,CSE-07,2024-11-10 00:35:48.419437,2024-11-10 00:39:16.481699,Alert investigated. No indicators of compromise found. Closed without escalation.,ANA-007,False,Resolved,"[""ALT-CSE-07-00596""]"
CAS-CSE-07-0468,CSE-07,2024-12-12 11:13:18.646601,2024-12-12 11:17:59.880457,Alert investigated. No indicators of compromise found. Closed without escalation.,ANA-007,False,Resolved,"[""ALT-CSE-07-00598""]"
CAS-CSE-07-0469,CSE-07,2024-11-19 18:14:57.166774,2024-11-19 18:19:13.808297,Alert investigated. No indicators of compromise found. Closed without escalation.,ANA-007,False,Resolved,"[""ALT-CSE-07-00599""]"
CAS-CSE-07-0470,CSE-07,2024-10-19 03:25:01.374751,2024-10-19 03:28:20.414920,Alert investigated. No indicators of compromise found. Closed without escalation.,ANA-007,False,Resolved,"[""ALT-CSE-07-00600""]"
CAS-CSE-07-0471,CSE-07,2024-12-10 23:22:40.432953,2024-12-10 23:26:11.113252,Alert investigated. No indicators of compromise found. Closed without escalation.,ANA-007,False,Resolved,"[""ALT-CSE-07-00602""]"
CAS-CSE-07-0472,CSE-07,2024-11-08 08:01:00.649890,2024-11-08 08:04:57.982278,Alert investigated. No indicators of compromise found. Closed without escalation.,ANA-007,False,Resolved,"[""ALT-CSE-07-00603""]"
CAS-CSE-07-0473,CSE-07,2024-12-01 23:25:13.385891,2024-12-01 23:28:37.168299,Alert investigated. No indicators of compromise found. Closed without escalation.,ANA-007,False,Resolved,"[""ALT-CSE-07-00605""]"
CAS-CSE-07-0474,CSE-07,2024-11-27 17:26:22.008078,2024-11-27 17:30:07.010748,Alert investigated. No indicators of compromise found. Closed without escalation.,ANA-007,False,Resolved,"[""ALT-CSE-07-00606""]"
CAS-CSE-07-0475,CSE-07,2024-11-13 01:06:42.606187,2024-11-13 01:10:32.731554,Alert investigated. No indicators of compromise found. Closed without escalation.,ANA-007,True,Resolved,"[""ALT-CSE-07-00607""]"
CAS-CSE-07-0476,CSE-07,2024-11-09 11:24:19.402661,2024-11-09 11:28:33.279784,Alert investigated. No indicators of compromise found. Closed without escalation.,ANA-007,False,Resolved,"[""ALT-CSE-07-00608""]"
CAS-CSE-07-0477,CSE-07,2024-12-22 02:41:20.846743,2024-12-22 02:45:46.954344,Investigated system activity on port 1601. Correlated firewall session logs.,ANA-007,False,Resolved,"[""ALT-CSE-07-00609""]"
CAS-CSE-07-0478,CSE-07,2024-11-17 15:18:36.557001,2024-11-17 15:22:35.972618,Alert investigated. No indicators of compromise found. Closed without escalation.,ANA-007,False,Resolved,"[""ALT-CSE-07-00610""]"
CAS-CSE-07-0479,CSE-07,2024-11-13 08:23:52.444962,2024-11-13 08:27:30.252971,Alert investigated. No indicators of compromise found. Closed without escalation.,ANA-007,False,Resolved,"[""ALT-CSE-07-00611""]"
CAS-CSE-07-0480,CSE-07,2024-10-24 21:34:36.833940,2024-10-24 21:38:56.505431,Alert investigated. No indicators of compromise found. Closed without escalation.,ANA-007,False,Resolved,"[""ALT-CSE-07-00612""]"
CAS-CSE-07-0481,CSE-07,2024-10-17 18:23:57.270265,2024-10-17 18:27:39.216763,Alert investigated. No indicators of compromise found. Closed without escalation.,ANA-007,True,Resolved,"[""ALT-CSE-07-00613""]"
CAS-CSE-07-0482,CSE-07,2024-10-23 13:38:48.428089,2024-10-23 13:43:03.996444,Alert investigated. No indicators of compromise found. Closed without escalation.,ANA-007,True,Resolved,"[""ALT-CSE-07-00615""]"
CAS-CSE-07-0483,CSE-07,2024-10-14 23:28:39.791542,2024-10-14 23:31:49.234783,Investigated system activity on port 25090. Correlated firewall session logs.,ANA-007,False,Resolved,"[""ALT-CSE-07-00616""]"
CAS-CSE-07-0484,CSE-07,2024-10-29 20:56:13.245642,2024-10-29 20:59:59.921250,Alert investigated. No indicators of compromise found. Closed without escalation.,ANA-007,False,Resolved,"[""ALT-CSE-07-00617""]"
CAS-CSE-07-0485,CSE-07,2024-10-02 23:58:00.813125,2024-10-03 00:01:22.400188,Investigated system activity on port 25197. Correlated firewall session logs.,ANA-007,False,Resolved,"[""ALT-CSE-07-00618""]"
CAS-CSE-07-0486,CSE-07,2024-11-12 05:46:23.722096,2024-11-12 05:49:56.003341,Investigated system activity on port 62007. Correlated firewall session logs.,ANA-007,False,Resolved,"[""ALT-CSE-07-00619""]"
CAS-CSE-07-0487,CSE-07,2024-10-20 19:19:50.947656,2024-10-20 19:23:19.537549,Investigated system activity on port 54314. Correlated firewall session logs.,ANA-007,False,Resolved,"[""ALT-CSE-07-00620""]"
CAS-CSE-07-0488,CSE-07,2024-12-25 14:47:45.088651,2024-12-25 14:51:05.783870,Alert investigated. No indicators of compromise found. Closed without escalation.,ANA-007,False,Resolved,"[""ALT-CSE-07-00621""]"
CAS-CSE-07-0489,CSE-07,2024-12-23 16:25:39.282576,2024-12-23 16:29:01.309012,Alert investigated. No indicators of compromise found. Closed without escalation.,ANA-007,False,Resolved,"[""ALT-CSE-07-00622""]"
CAS-CSE-07-0490,CSE-07,2024-11-12 20:15:59.149665,2024-11-12 20:20:39.920750,Investigated system activity on port 7673. Correlated firewall session logs.,ANA-007,False,Resolved,"[""ALT-CSE-07-00623""]"
CAS-CSE-07-0491,CSE-07,2024-10-05 13:42:56.649107,2024-10-05 13:47:11.041628,Alert investigated. No indicators of compromise found. Closed without escalation.,ANA-007,False,Resolved,"[""ALT-CSE-07-00624""]"
CAS-CSE-07-0492,CSE-07,2024-12-11 11:29:35.855396,2024-12-11 11:33:43.448585,Investigated system activity on port 23821. Correlated firewall session logs.,ANA-007,False,Resolved,"[""ALT-CSE-07-00625""]"
CAS-CSE-07-0493,CSE-07,2024-10-27 11:37:18.928566,2024-10-27 11:40:28.443467,Alert investigated. No indicators of compromise found. Closed without escalation.,ANA-007,False,Resolved,"[""ALT-CSE-07-00626""]"
CAS-CSE-07-0494,CSE-07,2024-11-05 13:23:42.612843,2024-11-05 13:28:17.996468,Alert investigated. No indicators of compromise found. Closed without escalation.,ANA-007,False,Resolved,"[""ALT-CSE-07-00627""]"
CAS-CSE-07-0495,CSE-07,2024-12-27 09:00:06.529506,2024-12-27 09:03:35.377754,Investigated system activity on port 18708. Correlated firewall session logs.,ANA-007,False,Resolved,"[""ALT-CSE-07-00628""]"
CAS-CSE-07-0496,CSE-07,2024-12-21 18:31:28.202559,2024-12-21 18:35:10.114283,Alert investigated. No indicators of compromise found. Closed without escalation.,ANA-007,True,Resolved,"[""ALT-CSE-07-00629""]"
CAS-CSE-07-0497,CSE-07,2024-10-01 10:41:32.508744,2024-10-01 10:46:05.299356,Alert investigated. No indicators of compromise found. Closed without escalation.,ANA-007,False,Resolved,"[""ALT-CSE-07-00630""]"
CAS-CSE-07-0498,CSE-07,2024-11-03 12:30:48.832139,2024-11-03 12:34:01.889815,Alert investigated. No indicators of compromise found. Closed without escalation.,ANA-007,False,Resolved,"[""ALT-CSE-07-00631""]"
CAS-CSE-07-0499,CSE-07,2024-10-03 07:23:25.726430,2024-10-03 07:27:18.817305,Investigated system activity on port 14650. Correlated firewall session logs.,ANA-007,False,Resolved,"[""ALT-CSE-07-00632""]"
CAS-CSE-07-0500,CSE-07,2024-11-14 21:17:04.464358,2024-11-14 21:21:27.073141,Investigated system activity on port 15540. Correlated firewall session logs.,ANA-007,False,Resolved,"[""ALT-CSE-07-00633""]"
CAS-CSE-07-0501,CSE-07,2024-10-01 07:26:50.527960,2024-10-01 07:30:32.225399,Investigated system activity on port 56535. Correlated firewall session logs.,ANA-007,False,Resolved,"[""ALT-CSE-07-00634""]"
CAS-CSE-07-0502,CSE-07,2024-12-24 06:56:27.439790,2024-12-24 07:00:21.892344,Investigated system activity on port 2520. Correlated firewall session logs.,ANA-007,False,Resolved,"[""ALT-CSE-07-00635""]"
CAS-CSE-07-0503,CSE-07,2024-12-15 06:34:25.859840,2024-12-15 06:38:21.179029,Alert investigated. No indicators of compromise found. Closed without escalation.,ANA-007,False,Resolved,"[""ALT-CSE-07-00636""]"
CAS-CSE-07-0504,CSE-07,2024-10-19 06:17:13.410735,2024-10-19 06:21:01.463254,Alert investigated. No indicators of compromise found. Closed without escalation.,ANA-007,False,Resolved,"[""ALT-CSE-07-00637""]"
CAS-CSE-07-0505,CSE-07,2024-10-31 02:46:32.700461,2024-10-31 02:50:36.621644,Investigated system activity on port 51622. Correlated firewall session logs.,ANA-007,False,Resolved,"[""ALT-CSE-07-00638""]"
CAS-CSE-07-0506,CSE-07,2024-11-30 04:44:32.599649,2024-11-30 04:47:35.830386,Investigated system activity on port 16318. Correlated firewall session logs.,ANA-007,True,Resolved,"[""ALT-CSE-07-00640""]"
CAS-CSE-07-0507,CSE-07,2024-11-09 11:14:09.026176,2024-11-09 11:17:30.356612,Investigated system activity on port 32321. Correlated firewall session logs.,ANA-007,False,Resolved,"[""ALT-CSE-07-00641""]"
CAS-CSE-07-0508,CSE-07,2024-11-03 18:42:16.799666,2024-11-03 18:46:35.616767,Alert investigated. No indicators of compromise found. Closed without escalation.,ANA-007,False,Resolved,"[""ALT-CSE-07-00643""]"
CAS-CSE-07-0509,CSE-07,2024-12-05 20:03:46.913585,2024-12-05 20:07:05.244143,Alert investigated. No indicators of compromise found. Closed without escalation.,ANA-007,False,Resolved,"[""ALT-CSE-07-00644""]"
CAS-CSE-07-0510,CSE-07,2024-12-16 22:32:45.554675,2024-12-16 22:35:49.323483,Alert investigated. No indicators of compromise found. Closed without escalation.,ANA-007,True,Resolved,"[""ALT-CSE-07-00645""]"
CAS-CSE-07-0511,CSE-07,2024-12-26 07:49:51.687500,2024-12-26 07:54:18.126980,Alert investigated. No indicators of compromise found. Closed without escalation.,ANA-007,False,Resolved,"[""ALT-CSE-07-00646""]"
CAS-CSE-07-0512,CSE-07,2024-10-28 14:28:31.477629,2024-10-28 14:32:09.255568,Alert investigated. No indicators of compromise found. Closed without escalation.,ANA-007,False,Resolved,"[""ALT-CSE-07-00649""]"
CAS-CSE-07-0513,CSE-07,2024-10-21 12:34:26.935651,2024-10-21 12:37:59.250812,Alert investigated. No indicators of compromise found. Closed without escalation.,ANA-007,False,Resolved,"[""ALT-CSE-07-00651""]"
CAS-CSE-07-0514,CSE-07,2024-11-02 03:49:07.187689,2024-11-02 03:52:42.907094,Investigated system activity on port 55634. Correlated firewall session logs.,ANA-007,False,Resolved,"[""ALT-CSE-07-00653""]"
CAS-CSE-07-0515,CSE-07,2024-12-19 05:17:17.899363,2024-12-19 05:20:38.404103,Alert investigated. No indicators of compromise found. Closed without escalation.,ANA-007,False,Resolved,"[""ALT-CSE-07-00654""]"
CAS-CSE-07-0516,CSE-07,2024-11-13 01:13:44.593584,2024-11-13 01:18:13.449897,Alert investigated. No indicators of compromise found. Closed without escalation.,ANA-007,False,Resolved,"[""ALT-CSE-07-00655""]"
CAS-CSE-07-0517,CSE-07,2024-10-22 13:02:12.584100,2024-10-22 13:06:35.221840,Alert investigated. No indicators of compromise found. Closed without escalation.,ANA-007,False,Resolved,"[""ALT-CSE-07-00656""]"
CAS-CSE-07-0518,CSE-07,2024-11-11 14:01:57.113397,2024-11-11 14:06:14.924277,Alert investigated. No indicators of compromise found. Closed without escalation.,ANA-007,False,Resolved,"[""ALT-CSE-07-00657""]"
CAS-CSE-07-0519,CSE-07,2024-10-08 01:04:12.599366,2024-10-08 01:07:57.784049,Investigated system activity on port 18497. Correlated firewall session logs.,ANA-007,True,Resolved,"[""ALT-CSE-07-00658""]"
CAS-CSE-07-0520,CSE-07,2024-10-26 15:12:34.041491,2024-10-26 15:17:19.205538,Alert investigated. No indicators of compromise found. Closed without escalation.,ANA-007,False,Resolved,"[""ALT-CSE-07-00660""]"
CAS-CSE-07-0521,CSE-07,2024-11-03 03:49:22.097261,2024-11-03 03:52:41.938690,Alert investigated. No indicators of compromise found. Closed without escalation.,ANA-007,False,Resolved,"[""ALT-CSE-07-00661""]"
CAS-CSE-07-0522,CSE-07,2024-10-24 01:27:22.298891,2024-10-24 01:31:21.270230,Alert investigated. No indicators of compromise found. Closed without escalation.,ANA-007,False,Resolved,"[""ALT-CSE-07-00662""]"
CAS-CSE-07-0523,CSE-07,2024-12-17 22:21:55.885523,2024-12-17 22:25:40.932836,Alert investigated. No indicators of compromise found. Closed without escalation.,ANA-007,False,Resolved,"[""ALT-CSE-07-00663""]"
CAS-CSE-07-0524,CSE-07,2024-12-23 14:30:35.328550,2024-12-23 14:34:08.209278,Alert investigated. No indicators of compromise found. Closed without escalation.,ANA-007,False,Resolved,"[""ALT-CSE-07-00664""]"
CAS-CSE-07-0525,CSE-07,2024-11-03 22:25:26.044986,2024-11-03 22:29:18.698031,Investigated system activity on port 38503. Correlated firewall session logs.,ANA-007,True,Resolved,"[""ALT-CSE-07-00665""]"
CAS-CSE-07-0526,CSE-07,2024-12-26 17:02:00.494325,2024-12-26 17:05:21.533343,Alert investigated. No indicators of compromise found. Closed without escalation.,ANA-007,False,Resolved,"[""ALT-CSE-07-00666""]"
CAS-CSE-07-0527,CSE-07,2024-10-05 11:46:14.418682,2024-10-05 11:50:50.044329,Alert investigated. No indicators of compromise found. Closed without escalation.,ANA-007,False,Resolved,"[""ALT-CSE-07-00667""]"
CAS-CSE-07-0528,CSE-07,2024-10-28 03:22:00.221180,2024-10-28 03:25:35.792382,Alert investigated. No indicators of compromise found. Closed without escalation.,ANA-007,True,Resolved,"[""ALT-CSE-07-00668""]"
CAS-CSE-07-0529,CSE-07,2024-12-13 06:45:55.964785,2024-12-13 06:50:14.159755,Alert investigated. No indicators of compromise found. Closed without escalation.,ANA-007,False,Resolved,"[""ALT-CSE-07-00669""]"
CAS-CSE-07-0530,CSE-07,2024-10-19 00:44:06.329263,2024-10-19 00:47:34.811181,Alert investigated. No indicators of compromise found. Closed without escalation.,ANA-007,False,Resolved,"[""ALT-CSE-07-00670""]"
CAS-CSE-07-0531,CSE-07,2024-10-21 17:49:35.103811,2024-10-21 17:53:33.612720,Investigated system activity on port 1160. Correlated firewall session logs.,ANA-007,True,Resolved,"[""ALT-CSE-07-00671""]"
CAS-CSE-07-0532,CSE-07,2024-11-01 23:17:48.539023,2024-11-01 23:21:25.935037,Alert investigated. No indicators of compromise found. Closed without escalation.,ANA-007,False,Resolved,"[""ALT-CSE-07-00673""]"
CAS-CSE-07-0533,CSE-07,2024-11-17 21:00:10.214342,2024-11-17 21:03:37.768529,Investigated system activity on port 24832. Correlated firewall session logs.,ANA-007,False,Resolved,"[""ALT-CSE-07-00674""]"
CAS-CSE-07-0534,CSE-07,2024-10-14 05:13:00.153310,2024-10-14 05:16:31.407455,Alert investigated. No indicators of compromise found. Closed without escalation.,ANA-007,False,Resolved,"[""ALT-CSE-07-00676""]"
CAS-CSE-07-0535,CSE-07,2024-11-12 15:23:07.279509,2024-11-12 15:27:48.289883,Alert investigated. No indicators of compromise found. Closed without escalation.,ANA-007,False,Resolved,"[""ALT-CSE-07-00677""]"
CAS-CSE-07-0536,CSE-07,2024-12-14 05:02:45.958934,2024-12-14 05:06:46.652398,Alert investigated. No indicators of compromise found. Closed without escalation.,ANA-007,False,Resolved,"[""ALT-CSE-07-00678""]"
CAS-CSE-07-0537,CSE-07,2024-11-26 19:16:08.651777,2024-11-26 19:20:31.094852,Alert investigated. No indicators of compromise found. Closed without escalation.,ANA-007,False,Resolved,"[""ALT-CSE-07-00679""]"
CAS-CSE-07-0538,CSE-07,2024-10-24 06:50:44.910328,2024-10-24 06:54:58.928225,Alert investigated. No indicators of compromise found. Closed without escalation.,ANA-007,False,Resolved,"[""ALT-CSE-07-00680""]"
CAS-CSE-07-0539,CSE-07,2024-11-18 17:23:08.195194,2024-11-18 17:27:48.604655,Alert investigated. No indicators of compromise found. Closed without escalation.,ANA-007,False,Resolved,"[""ALT-CSE-07-00681""]"
CAS-CSE-07-0540,CSE-07,2024-10-09 02:49:54.293980,2024-10-09 02:53:18.746507,Alert investigated. No indicators of compromise found. Closed without escalation.,ANA-007,False,Resolved,"[""ALT-CSE-07-00682""]"
CAS-CSE-07-0541,CSE-07,2024-10-13 11:42:34.226412,2024-10-13 11:46:16.745691,Alert investigated. No indicators of compromise found. Closed without escalation.,ANA-007,False,Resolved,"[""ALT-CSE-07-00683""]"
CAS-CSE-07-0542,CSE-07,2024-12-19 17:21:28.459535,2024-12-19 17:25:19.719695,Investigated system activity on port 31866. Correlated firewall session logs.,ANA-007,False,Resolved,"[""ALT-CSE-07-00684""]"
CAS-CSE-07-0543,CSE-07,2024-12-08 05:33:56.504222,2024-12-08 05:36:58.005306,Alert investigated. No indicators of compromise found. Closed without escalation.,ANA-007,False,Resolved,"[""ALT-CSE-07-00685""]"
CAS-CSE-07-0544,CSE-07,2024-11-30 18:15:57.998903,2024-11-30 18:20:34.142452,Alert investigated. No indicators of compromise found. Closed without escalation.,ANA-007,False,Resolved,"[""ALT-CSE-07-00686""]"
CAS-CSE-07-0545,CSE-07,2024-11-30 18:38:05.647281,2024-11-30 18:42:42.489275,Investigated system activity on port 28286. Correlated firewall session logs.,ANA-007,False,Resolved,"[""ALT-CSE-07-00687""]"
CAS-CSE-07-0546,CSE-07,2024-12-22 15:10:26.076090,2024-12-22 15:14:06.619774,Alert investigated. No indicators of compromise found. Closed without escalation.,ANA-007,False,Resolved,"[""ALT-CSE-07-00688""]"
CAS-CSE-07-0547,CSE-07,2024-12-27 04:19:02.224973,2024-12-27 04:22:41.151601,Investigated system activity on port 41194. Correlated firewall session logs.,ANA-007,False,Resolved,"[""ALT-CSE-07-00689""]"
CAS-CSE-07-0548,CSE-07,2024-11-23 08:45:50.590430,2024-11-23 08:50:16.059033,Alert investigated. No indicators of compromise found. Closed without escalation.,ANA-007,False,Resolved,"[""ALT-CSE-07-00690""]"
CAS-CSE-07-0549,CSE-07,2024-10-19 21:02:52.250757,2024-10-19 21:07:06.620433,Investigated system activity on port 1482. Correlated firewall session logs.,ANA-007,False,Resolved,"[""ALT-CSE-07-00691""]"
CAS-CSE-07-0550,CSE-07,2024-12-27 08:52:56.742986,2024-12-27 08:57:12.294508,Alert investigated. No indicators of compromise found. Closed without escalation.,ANA-007,False,Resolved,"[""ALT-CSE-07-00692""]"
CAS-CSE-07-0551,CSE-07,2024-10-10 23:27:20.460576,2024-10-10 23:31:20.801458,Investigated system activity on port 10287. Correlated firewall session logs.,ANA-007,False,Resolved,"[""ALT-CSE-07-00693""]"
CAS-CSE-07-0552,CSE-07,2024-12-02 04:36:55.195753,2024-12-02 04:40:43.912359,Alert investigated. No indicators of compromise found. Closed without escalation.,ANA-007,False,Resolved,"[""ALT-CSE-07-00694""]"
CAS-CSE-07-0553,CSE-07,2024-12-19 08:32:37.195209,2024-12-19 08:36:54.030361,Alert investigated. No indicators of compromise found. Closed without escalation.,ANA-007,False,Resolved,"[""ALT-CSE-07-00695""]"
CAS-CSE-07-0554,CSE-07,2024-12-26 00:39:12.953804,2024-12-26 00:42:59.341731,Investigated system activity on port 30976. Correlated firewall session logs.,ANA-007,True,Resolved,"[""ALT-CSE-07-00696""]"
CAS-CSE-07-0555,CSE-07,2024-10-08 04:26:38.005486,2024-10-08 04:31:11.004873,Alert investigated. No indicators of compromise found. Closed without escalation.,ANA-007,False,Resolved,"[""ALT-CSE-07-00697""]"
CAS-CSE-07-0556,CSE-07,2024-12-17 20:54:13.604752,2024-12-17 20:58:08.547693,Alert investigated. No indicators of compromise found. Closed without escalation.,ANA-007,False,Resolved,"[""ALT-CSE-07-00698""]"
CAS-CSE-07-0557,CSE-07,2024-11-26 05:18:51.457119,2024-11-26 05:22:39.953416,Alert investigated. No indicators of compromise found. Closed without escalation.,ANA-007,False,Resolved,"[""ALT-CSE-07-00700""]"
CAS-CSE-07-0558,CSE-07,2024-12-06 17:17:16.562278,2024-12-06 17:20:52.093843,Alert investigated. No indicators of compromise found. Closed without escalation.,ANA-007,False,Resolved,"[""ALT-CSE-07-00701""]"
CAS-CSE-07-0559,CSE-07,2024-12-26 21:31:12.178368,2024-12-26 21:35:05.209701,Investigated system activity on port 16533. Correlated firewall session logs.,ANA-007,False,Resolved,"[""ALT-CSE-07-00702""]"
CAS-CSE-07-0560,CSE-07,2024-10-15 09:39:25.389778,2024-10-15 09:42:55.647192,Alert investigated. No indicators of compromise found. Closed without escalation.,ANA-007,False,Resolved,"[""ALT-CSE-07-00703""]"
CAS-CSE-07-0561,CSE-07,2024-10-05 07:37:25.063799,2024-10-05 07:41:24.046920,Alert investigated. No indicators of compromise found. Closed without escalation.,ANA-007,True,Resolved,"[""ALT-CSE-07-00704""]"
CAS-CSE-07-0562,CSE-07,2024-12-19 19:24:24.571103,2024-12-19 19:27:38.318854,Investigated system activity on port 20863. Correlated firewall session logs.,ANA-007,False,Resolved,"[""ALT-CSE-07-00705""]"
CAS-CSE-07-0563,CSE-07,2024-10-31 12:01:31.785669,2024-10-31 12:05:58.714129,Alert investigated. No indicators of compromise found. Closed without escalation.,ANA-007,False,Resolved,"[""ALT-CSE-07-00707""]"
CAS-CSE-07-0564,CSE-07,2024-12-25 13:52:49.247999,2024-12-25 13:56:09.293346,Alert investigated. No indicators of compromise found. Closed without escalation.,ANA-007,True,Resolved,"[""ALT-CSE-07-00709""]"
CAS-CSE-07-0565,CSE-07,2024-11-15 08:30:34.898268,2024-11-15 08:35:00.861152,Investigated system activity on port 53074. Correlated firewall session logs.,ANA-007,False,Resolved,"[""ALT-CSE-07-00710""]"
CAS-CSE-07-0566,CSE-07,2024-10-19 15:09:29.653503,2024-10-19 15:13:12.379566,Alert investigated. No indicators of compromise found. Closed without escalation.,ANA-007,False,Resolved,"[""ALT-CSE-07-00711""]"
CAS-CSE-07-0567,CSE-07,2024-10-08 08:28:13.766075,2024-10-08 08:31:29.590081,Alert investigated. No indicators of compromise found. Closed without escalation.,ANA-007,False,Resolved,"[""ALT-CSE-07-00713""]"
CAS-CSE-07-0568,CSE-07,2024-11-09 21:27:45.531293,2024-11-09 21:31:13.837161,Alert investigated. No indicators of compromise found. Closed without escalation.,ANA-007,False,Resolved,"[""ALT-CSE-07-00716""]"
CAS-CSE-07-0569,CSE-07,2024-11-04 00:06:00.770592,2024-11-04 00:09:01.441908,Alert investigated. No indicators of compromise found. Closed without escalation.,ANA-007,False,Resolved,"[""ALT-CSE-07-00717""]"
CAS-CSE-07-0570,CSE-07,2024-11-28 02:39:59.793868,2024-11-28 02:43:37.365266,Investigated system activity on port 23084. Correlated firewall session logs.,ANA-007,False,Resolved,"[""ALT-CSE-07-00718""]"
CAS-CSE-07-0571,CSE-07,2024-12-29 19:17:21.868611,2024-12-29 19:20:37.654469,Investigated system activity on port 58948. Correlated firewall session logs.,ANA-007,False,Resolved,"[""ALT-CSE-07-00719""]"
CAS-CSE-07-0572,CSE-07,2024-12-21 00:21:48.373319,2024-12-21 00:25:32.009556,Investigated system activity on port 11344. Correlated firewall session logs.,ANA-007,False,Resolved,"[""ALT-CSE-07-00720""]"
CAS-CSE-07-0573,CSE-07,2024-12-21 15:55:17.190407,2024-12-21 15:59:27.185687,Investigated system activity on port 30104. Correlated firewall session logs.,ANA-007,False,Resolved,"[""ALT-CSE-07-00722""]"
CAS-CSE-07-0574,CSE-07,2024-11-11 22:35:11.459864,2024-11-11 22:38:52.384752,Alert investigated. No indicators of compromise found. Closed without escalation.,ANA-007,False,Resolved,"[""ALT-CSE-07-00723""]"
CAS-CSE-07-0575,CSE-07,2024-10-30 10:15:03.110616,2024-10-30 10:18:30.497656,Alert investigated. No indicators of compromise found. Closed without escalation.,ANA-007,True,Resolved,"[""ALT-CSE-07-00724""]"
CAS-CSE-07-0576,CSE-07,2024-10-04 03:22:26.749017,2024-10-04 03:26:32.760976,Alert investigated. No indicators of compromise found. Closed without escalation.,ANA-007,False,Resolved,"[""ALT-CSE-07-00725""]"
CAS-CSE-07-0577,CSE-07,2024-12-02 16:37:58.744584,2024-12-02 16:42:32.095678,Alert investigated. No indicators of compromise found. Closed without escalation.,ANA-007,False,Resolved,"[""ALT-CSE-07-00726""]"
CAS-CSE-07-0578,CSE-07,2024-10-31 19:14:01.505365,2024-10-31 19:17:41.451143,Alert investigated. No indicators of compromise found. Closed without escalation.,ANA-007,False,Resolved,"[""ALT-CSE-07-00727""]"
CAS-CSE-07-0579,CSE-07,2024-11-30 04:54:58.220065,2024-11-30 04:58:19.149889,Alert investigated. No indicators of compromise found. Closed without escalation.,ANA-007,False,Resolved,"[""ALT-CSE-07-00728""]"
CAS-CSE-07-0580,CSE-07,2024-10-14 03:56:27.075374,2024-10-14 04:00:42.270884,Alert investigated. No indicators of compromise found. Closed without escalation.,ANA-007,False,Resolved,"[""ALT-CSE-07-00729""]"
CAS-CSE-07-0581,CSE-07,2024-10-19 07:50:53.495656,2024-10-19 07:55:08.487498,Alert investigated. No indicators of compromise found. Closed without escalation.,ANA-007,False,Resolved,"[""ALT-CSE-07-00730""]"
CAS-CSE-07-0582,CSE-07,2024-11-30 07:24:31.174030,2024-11-30 07:27:35.638562,Investigated system activity on port 64222. Correlated firewall session logs.,ANA-007,False,Resolved,"[""ALT-CSE-07-00731""]"
CAS-CSE-07-0583,CSE-07,2024-12-25 10:26:29.604747,2024-12-25 10:30:25.145747,Alert investigated. No indicators of compromise found. Closed without escalation.,ANA-007,False,Resolved,"[""ALT-CSE-07-00732""]"
CAS-CSE-07-0584,CSE-07,2024-10-21 02:51:23.089984,2024-10-21 02:55:17.865405,Alert investigated. No indicators of compromise found. Closed without escalation.,ANA-007,False,Resolved,"[""ALT-CSE-07-00733""]"
CAS-CSE-07-0585,CSE-07,2024-11-17 08:20:42.450488,2024-11-17 08:24:56.121520,Alert investigated. No indicators of compromise found. Closed without escalation.,ANA-007,False,Resolved,"[""ALT-CSE-07-00734""]"
CAS-CSE-07-0586,CSE-07,2024-11-15 07:31:57.701461,2024-11-15 07:35:14.600227,Alert investigated. No indicators of compromise found. Closed without escalation.,ANA-007,False,Resolved,"[""ALT-CSE-07-00735""]"
CAS-CSE-07-0587,CSE-07,2024-12-05 10:54:53.457509,2024-12-05 10:59:56.406220,Alert investigated. No indicators of compromise found. Closed without escalation.,ANA-007,False,Resolved,"[""ALT-CSE-07-00736""]"
CAS-CSE-07-0588,CSE-07,2024-12-19 00:56:45.650358,2024-12-19 01:00:19.443428,Alert investigated. No indicators of compromise found. Closed without escalation.,ANA-007,False,Resolved,"[""ALT-CSE-07-00737""]"
CAS-CSE-07-0589,CSE-07,2024-11-01 13:06:51.137904,2024-11-01 13:10:34.061082,Alert investigated. No indicators of compromise found. Closed without escalation.,ANA-007,False,Resolved,"[""ALT-CSE-07-00738""]"
CAS-CSE-07-0590,CSE-07,2024-10-09 05:50:03.011994,2024-10-09 05:54:25.160568,Alert investigated. No indicators of compromise found. Closed without escalation.,ANA-007,False,Resolved,"[""ALT-CSE-07-00739""]"
CAS-CSE-07-0591,CSE-07,2024-12-18 21:53:13.619984,2024-12-18 21:57:38.729724,Alert investigated. No indicators of compromise found. Closed without escalation.,ANA-007,False,Resolved,"[""ALT-CSE-07-00741""]"
CAS-CSE-07-0592,CSE-07,2024-12-24 11:09:38.239671,2024-12-24 11:14:07.217886,Alert investigated. No indicators of compromise found. Closed without escalation.,ANA-007,False,Resolved,"[""ALT-CSE-07-00742""]"
CAS-CSE-07-0593,CSE-07,2024-10-03 04:46:03.710701,2024-10-03 04:49:33.167316,Investigated system activity on port 48536. Correlated firewall session logs.,ANA-007,True,Resolved,"[""ALT-CSE-07-00743""]"
CAS-CSE-07-0594,CSE-07,2024-12-22 08:54:38.091329,2024-12-22 08:59:10.589934,Alert investigated. No indicators of compromise found. Closed without escalation.,ANA-007,False,Resolved,"[""ALT-CSE-07-00744""]"
CAS-CSE-07-0595,CSE-07,2024-12-07 06:15:51.432445,2024-12-07 06:19:56.683076,Alert investigated. No indicators of compromise found. Closed without escalation.,ANA-007,False,Resolved,"[""ALT-CSE-07-00747""]"
CAS-CSE-07-0596,CSE-07,2024-10-23 14:38:30.708170,2024-10-23 14:41:30.418204,Alert investigated. No indicators of compromise found. Closed without escalation.,ANA-007,False,Resolved,"[""ALT-CSE-07-00749""]"
CAS-CSE-07-0597,CSE-07,2024-11-10 01:39:16.002201,2024-11-10 01:43:38.804100,Alert investigated. No indicators of compromise found. Closed without escalation.,ANA-007,False,Resolved,"[""ALT-CSE-07-00750""]"
CAS-CSE-07-0598,CSE-07,2024-12-17 02:12:22.785901,2024-12-17 02:15:57.786261,Investigated system activity on port 49209. Correlated firewall session logs.,ANA-007,False,Resolved,"[""ALT-CSE-07-00751""]"
CAS-CSE-07-0599,CSE-07,2024-11-01 22:37:03.198457,2024-11-01 22:40:41.939155,Alert investigated. No indicators of compromise found. Closed without escalation.,ANA-007,False,Resolved,"[""ALT-CSE-07-00752""]"
CAS-CSE-07-0600,CSE-07,2024-12-23 13:01:24.358971,2024-12-23 13:05:14.632758,Alert investigated. No indicators of compromise found. Closed without escalation.,ANA-007,True,Resolved,"[""ALT-CSE-07-00753""]"
CAS-CSE-07-0601,CSE-07,2024-10-25 07:36:04.439536,2024-10-25 07:40:31.393360,Alert investigated. No indicators of compromise found. Closed without escalation.,ANA-007,True,Resolved,"[""ALT-CSE-07-00755""]"
CAS-CSE-07-0602,CSE-07,2024-11-18 08:08:43.758890,2024-11-18 08:13:21.575394,Alert investigated. No indicators of compromise found. Closed without escalation.,ANA-007,False,Resolved,"[""ALT-CSE-07-00757""]"
CAS-CSE-07-0603,CSE-07,2024-10-30 13:03:13.481945,2024-10-30 13:07:00.615832,Alert investigated. No indicators of compromise found. Closed without escalation.,ANA-007,False,Resolved,"[""ALT-CSE-07-00758""]"
CAS-CSE-07-0604,CSE-07,2024-10-24 05:43:22.490494,2024-10-24 05:47:06.726307,Investigated system activity on port 40368. Correlated firewall session logs.,ANA-007,False,Resolved,"[""ALT-CSE-07-00760""]"
CAS-CSE-07-0605,CSE-07,2024-12-29 13:40:10.459167,2024-12-29 13:44:07.066879,Alert investigated. No indicators of compromise found. Closed without escalation.,ANA-007,False,Resolved,"[""ALT-CSE-07-00761""]"
CAS-CSE-07-0606,CSE-07,2024-11-22 03:25:06.366376,2024-11-22 03:28:43.877968,Investigated system activity on port 35481. Correlated firewall session logs.,ANA-007,False,Resolved,"[""ALT-CSE-07-00762""]"
CAS-CSE-07-0607,CSE-07,2024-12-18 00:40:50.103838,2024-12-18 00:44:15.587910,Alert investigated. No indicators of compromise found. Closed without escalation.,ANA-007,True,Resolved,"[""ALT-CSE-07-00763""]"
CAS-CSE-07-0608,CSE-07,2024-10-26 00:26:46.091474,2024-10-26 00:31:46.727106,Alert investigated. No indicators of compromise found. Closed without escalation.,ANA-007,False,Resolved,"[""ALT-CSE-07-00764""]"
CAS-CSE-07-0609,CSE-07,2024-12-21 16:18:25.831422,2024-12-21 16:22:23.076506,Investigated system activity on port 3603. Correlated firewall session logs.,ANA-007,False,Resolved,"[""ALT-CSE-07-00765""]"
CAS-CSE-07-0610,CSE-07,2024-10-08 07:11:03.409629,2024-10-08 07:14:58.313597,Investigated system activity on port 4950. Correlated firewall session logs.,ANA-007,False,Resolved,"[""ALT-CSE-07-00766""]"
CAS-CSE-07-0611,CSE-07,2024-12-26 19:19:30.051374,2024-12-26 19:22:50.744157,Investigated system activity on port 31004. Correlated firewall session logs.,ANA-007,False,Resolved,"[""ALT-CSE-07-00768""]"
CAS-CSE-07-0612,CSE-07,2024-10-21 08:16:42.942133,2024-10-21 08:21:14.687504,Investigated system activity on port 45440. Correlated firewall session logs.,ANA-007,False,Resolved,"[""ALT-CSE-07-00769""]"
CAS-CSE-07-0613,CSE-07,2024-10-12 11:25:29.107881,2024-10-12 11:29:23.459120,Investigated system activity on port 2493. Correlated firewall session logs.,ANA-007,False,Resolved,"[""ALT-CSE-07-00770""]"
CAS-CSE-07-0614,CSE-07,2024-12-07 18:39:24.053744,2024-12-07 18:43:46.321763,Alert investigated. No indicators of compromise found. Closed without escalation.,ANA-007,False,Resolved,"[""ALT-CSE-07-00772""]"
CAS-CSE-07-0615,CSE-07,2024-11-29 11:54:05.746170,2024-11-29 11:57:03.266145,Alert investigated. No indicators of compromise found. Closed without escalation.,ANA-007,False,Resolved,"[""ALT-CSE-07-00773""]"
CAS-CSE-07-0616,CSE-07,2024-10-27 06:18:17.594489,2024-10-27 06:22:07.897303,Alert investigated. No indicators of compromise found. Closed without escalation.,ANA-007,False,Resolved,"[""ALT-CSE-07-00775""]"
CAS-CSE-07-0617,CSE-07,2024-10-19 04:47:34.306512,2024-10-19 04:50:52.845221,Investigated system activity on port 21801. Correlated firewall session logs.,ANA-007,False,Resolved,"[""ALT-CSE-07-00776""]"
CAS-CSE-07-0618,CSE-07,2024-11-30 03:29:47.153532,2024-11-30 03:33:03.819870,Alert investigated. No indicators of compromise found. Closed without escalation.,ANA-007,False,Resolved,"[""ALT-CSE-07-00777""]"
CAS-CSE-07-0619,CSE-07,2024-12-14 22:04:31.203694,2024-12-14 22:08:17.729248,Investigated system activity on port 3777. Correlated firewall session logs.,ANA-007,False,Resolved,"[""ALT-CSE-07-00779""]"
CAS-CSE-07-0620,CSE-07,2024-10-25 15:44:10.794305,2024-10-25 15:47:28.126009,Investigated system activity on port 32907. Correlated firewall session logs.,ANA-007,False,Resolved,"[""ALT-CSE-07-00781""]"
CAS-CSE-07-0621,CSE-07,2024-12-06 18:40:12.689310,2024-12-06 18:44:48.717972,Investigated system activity on port 24525. Correlated firewall session logs.,ANA-007,False,Resolved,"[""ALT-CSE-07-00782""]"
CAS-CSE-07-0622,CSE-07,2024-10-29 16:55:02.893600,2024-10-29 16:58:53.064285,Investigated system activity on port 33443. Correlated firewall session logs.,ANA-007,False,Resolved,"[""ALT-CSE-07-00783""]"
CAS-CSE-07-0623,CSE-07,2024-10-17 14:19:17.421267,2024-10-17 14:23:01.444406,Alert investigated. No indicators of compromise found. Closed without escalation.,ANA-007,False,Resolved,"[""ALT-CSE-07-00784""]"
CAS-CSE-07-0624,CSE-07,2024-10-08 00:19:50.376986,2024-10-08 00:24:12.409985,Alert investigated. No indicators of compromise found. Closed without escalation.,ANA-007,False,Resolved,"[""ALT-CSE-07-00785""]"
CAS-CSE-07-0625,CSE-07,2024-11-02 10:39:17.654219,2024-11-02 10:43:36.702349,Alert investigated. No indicators of compromise found. Closed without escalation.,ANA-007,False,Resolved,"[""ALT-CSE-07-00786""]"
CAS-CSE-07-0626,CSE-07,2024-10-20 21:36:46.145285,2024-10-20 21:41:08.580347,Investigated system activity on port 9178. Correlated firewall session logs.,ANA-007,False,Resolved,"[""ALT-CSE-07-00787""]"
CAS-CSE-07-0627,CSE-07,2024-10-27 16:00:44.537049,2024-10-27 16:04:10.080892,Alert investigated. No indicators of compromise found. Closed without escalation.,ANA-007,False,Resolved,"[""ALT-CSE-07-00788""]"
CAS-CSE-07-0628,CSE-07,2024-11-15 02:22:48.527117,2024-11-15 02:26:25.092103,Alert investigated. No indicators of compromise found. Closed without escalation.,ANA-007,False,Resolved,"[""ALT-CSE-07-00789""]"
CAS-CSE-07-0629,CSE-07,2024-10-15 12:10:03.329489,2024-10-15 12:12:52.930590,Alert investigated. No indicators of compromise found. Closed without escalation.,ANA-007,False,Resolved,"[""ALT-CSE-07-00790""]"
CAS-CSE-07-0630,CSE-07,2024-11-04 09:07:19.664745,2024-11-04 09:11:18.958696,Alert investigated. No indicators of compromise found. Closed without escalation.,ANA-007,False,Resolved,"[""ALT-CSE-07-00791""]"
CAS-CSE-07-0631,CSE-07,2024-12-21 19:54:38.747207,2024-12-21 19:58:55.343078,Alert investigated. No indicators of compromise found. Closed without escalation.,ANA-007,False,Resolved,"[""ALT-CSE-07-00792""]"
CAS-CSE-07-0632,CSE-07,2024-10-09 13:00:12.293630,2024-10-09 13:04:49.625932,Investigated system activity on port 64999. Correlated firewall session logs.,ANA-007,False,Resolved,"[""ALT-CSE-07-00793""]"
CAS-CSE-07-0633,CSE-07,2024-12-13 13:39:31.321777,2024-12-13 13:42:59.669518,Alert investigated. No indicators of compromise found. Closed without escalation.,ANA-007,False,Resolved,"[""ALT-CSE-07-00794""]"
CAS-CSE-07-0634,CSE-07,2024-12-05 20:34:35.571891,2024-12-05 20:37:35.890784,Alert investigated. No indicators of compromise found. Closed without escalation.,ANA-007,False,Resolved,"[""ALT-CSE-07-00795""]"
CAS-CSE-07-0635,CSE-07,2024-10-02 06:25:18.421923,2024-10-02 06:28:52.983520,Investigated system activity on port 5112. Correlated firewall session logs.,ANA-007,False,Resolved,"[""ALT-CSE-07-00796""]"
CAS-CSE-07-0636,CSE-07,2024-12-25 07:36:20.580977,2024-12-25 07:39:35.123491,Alert investigated. No indicators of compromise found. Closed without escalation.,ANA-007,False,Resolved,"[""ALT-CSE-07-00797""]"
CAS-CSE-07-0637,CSE-07,2024-10-02 12:18:25.926863,2024-10-02 12:21:53.194912,Investigated system activity on port 62332. Correlated firewall session logs.,ANA-007,False,Resolved,"[""ALT-CSE-07-00798""]"
CAS-CSE-07-0638,CSE-07,2024-12-29 23:28:09.860181,2024-12-29 23:31:38.980197,Alert investigated. No indicators of compromise found. Closed without escalation.,ANA-007,False,Resolved,"[""ALT-CSE-07-00799""]"
CAS-CSE-07-0639,CSE-07,2024-10-13 12:34:24.776982,2024-10-13 12:37:39.703345,Alert investigated. No indicators of compromise found. Closed without escalation.,ANA-007,False,Resolved,"[""ALT-CSE-07-00800""]"
CAS-CSE-07-0640,CSE-07,2024-12-10 05:14:18.901852,2024-12-10 05:18:24.229041,Alert investigated. No indicators of compromise found. Closed without escalation.,ANA-007,False,Resolved,"[""ALT-CSE-07-00802""]"
CAS-CSE-07-0641,CSE-07,2024-11-05 14:41:36.838145,2024-11-05 14:45:19.469481,Investigated system activity on port 63698. Correlated firewall session logs.,ANA-007,False,Resolved,"[""ALT-CSE-07-00803""]"
CAS-CSE-07-0642,CSE-07,2024-11-10 22:12:30.679254,2024-11-10 22:16:53.505053,Alert investigated. No indicators of compromise found. Closed without escalation.,ANA-007,False,Resolved,"[""ALT-CSE-07-00804""]"
CAS-CSE-07-0643,CSE-07,2024-11-28 04:02:43.993828,2024-11-28 04:07:31.538440,Alert investigated. No indicators of compromise found. Closed without escalation.,ANA-007,False,Resolved,"[""ALT-CSE-07-00805""]"
CAS-CSE-07-0644,CSE-07,2024-12-13 19:36:16.286500,2024-12-13 19:40:27.196171,Alert investigated. No indicators of compromise found. Closed without escalation.,ANA-007,False,Resolved,"[""ALT-CSE-07-00806""]"
CAS-CSE-07-0645,CSE-07,2024-11-01 12:18:49.614462,2024-11-01 12:22:54.406731,Investigated system activity on port 57491. Correlated firewall session logs.,ANA-007,False,Resolved,"[""ALT-CSE-07-00807""]"
CAS-CSE-07-0646,CSE-07,2024-12-19 15:50:10.159509,2024-12-19 15:53:39.096003,Investigated system activity on port 47555. Correlated firewall session logs.,ANA-007,False,Resolved,"[""ALT-CSE-07-00808""]"
CAS-CSE-07-0647,CSE-07,2024-11-15 12:31:30.361140,2024-11-15 12:35:56.691410,Alert investigated. No indicators of compromise found. Closed without escalation.,ANA-007,False,Resolved,"[""ALT-CSE-07-00809""]"
CAS-CSE-07-0648,CSE-07,2024-11-30 18:29:50.593532,2024-11-30 18:34:05.769001,Alert investigated. No indicators of compromise found. Closed without escalation.,ANA-007,False,Resolved,"[""ALT-CSE-07-00811""]"
CAS-CSE-07-0649,CSE-07,2024-11-17 03:49:31.145729,2024-11-17 03:53:30.351692,Alert investigated. No indicators of compromise found. Closed without escalation.,ANA-007,False,Resolved,"[""ALT-CSE-07-00813""]"
CAS-CSE-07-0650,CSE-07,2024-10-07 11:34:14.236454,2024-10-07 11:37:23.093632,Alert investigated. No indicators of compromise found. Closed without escalation.,ANA-007,False,Resolved,"[""ALT-CSE-07-00814""]"
CAS-CSE-07-0651,CSE-07,2024-12-11 18:45:08.784768,2024-12-11 18:49:06.154833,Alert investigated. No indicators of compromise found. Closed without escalation.,ANA-007,False,Resolved,"[""ALT-CSE-07-00815""]"
CAS-CSE-07-0652,CSE-07,2024-11-20 09:31:49.214039,2024-11-20 09:35:15.754459,Alert investigated. No indicators of compromise found. Closed without escalation.,ANA-007,False,Resolved,"[""ALT-CSE-07-00816""]"
CAS-CSE-07-0653,CSE-07,2024-10-15 10:34:50.104117,2024-10-15 10:38:35.312423,Alert investigated. No indicators of compromise found. Closed without escalation.,ANA-007,False,Resolved,"[""ALT-CSE-07-00818""]"
CAS-CSE-07-0654,CSE-07,2024-12-16 12:36:16.861054,2024-12-16 12:40:12.766990,Alert investigated. No indicators of compromise found. Closed without escalation.,ANA-007,False,Resolved,"[""ALT-CSE-07-00819""]"
CAS-CSE-07-0655,CSE-07,2024-10-27 20:53:17.817055,2024-10-27 20:57:13.115720,Investigated system activity on port 27439. Correlated firewall session logs.,ANA-007,False,Resolved,"[""ALT-CSE-07-00820""]"
CAS-CSE-07-0656,CSE-07,2024-10-22 17:28:27.952428,2024-10-22 17:31:50.067318,Alert investigated. No indicators of compromise found. Closed without escalation.,ANA-007,False,Resolved,"[""ALT-CSE-07-00821""]"
CAS-CSE-07-0657,CSE-07,2024-10-04 19:16:07.202705,2024-10-04 19:20:13.213240,Alert investigated. No indicators of compromise found. Closed without escalation.,ANA-007,True,Resolved,"[""ALT-CSE-07-00822""]"
CAS-CSE-07-0658,CSE-07,2024-11-17 02:43:00.503084,2024-11-17 02:47:06.242441,Alert investigated. No indicators of compromise found. Closed without escalation.,ANA-007,False,Resolved,"[""ALT-CSE-07-00823""]"
CAS-CSE-07-0659,CSE-07,2024-12-15 01:08:09.426749,2024-12-15 01:11:46.224313,Investigated system activity on port 21925. Correlated firewall session logs.,ANA-007,False,Resolved,"[""ALT-CSE-07-00824""]"
CAS-CSE-07-0660,CSE-07,2024-12-01 19:46:07.232577,2024-12-01 19:49:56.254334,Investigated system activity on port 58503. Correlated firewall session logs.,ANA-007,False,Resolved,"[""ALT-CSE-07-00825""]"
CAS-CSE-07-0661,CSE-07,2024-10-18 18:02:05.460637,2024-10-18 18:06:15.889069,Alert investigated. No indicators of compromise found. Closed without escalation.,ANA-007,False,Resolved,"[""ALT-CSE-07-00826""]"
CAS-CSE-07-0662,CSE-07,2024-10-10 09:33:32.843865,2024-10-10 09:37:15.687534,Investigated system activity on port 15169. Correlated firewall session logs.,ANA-007,False,Resolved,"[""ALT-CSE-07-00827""]"
CAS-CSE-07-0663,CSE-07,2024-12-25 06:10:24.635171,2024-12-25 06:14:37.658386,Investigated system activity on port 10335. Correlated firewall session logs.,ANA-007,False,Resolved,"[""ALT-CSE-07-00828""]"
CAS-CSE-07-0664,CSE-07,2024-12-26 06:12:38.703852,2024-12-26 06:16:58.473596,Alert investigated. No indicators of compromise found. Closed without escalation.,ANA-007,False,Resolved,"[""ALT-CSE-07-00830""]"
CAS-CSE-07-0665,CSE-07,2024-10-30 01:16:41.802771,2024-10-30 01:20:12.793198,Investigated system activity on port 20002. Correlated firewall session logs.,ANA-007,False,Resolved,"[""ALT-CSE-07-00831""]"
CAS-CSE-07-0666,CSE-07,2024-10-20 21:48:15.972159,2024-10-20 21:51:22.214516,Alert investigated. No indicators of compromise found. Closed without escalation.,ANA-007,False,Resolved,"[""ALT-CSE-07-00833""]"
CAS-CSE-07-0667,CSE-07,2024-12-06 23:28:06.481908,2024-12-06 23:32:32.546865,Alert investigated. No indicators of compromise found. Closed without escalation.,ANA-007,False,Resolved,"[""ALT-CSE-07-00834""]"
CAS-CSE-07-0668,CSE-07,2024-11-24 15:43:04.177090,2024-11-24 15:47:09.424997,Alert investigated. No indicators of compromise found. Closed without escalation.,ANA-007,False,Resolved,"[""ALT-CSE-07-00835""]"
CAS-CSE-07-0669,CSE-07,2024-11-20 17:32:14.665863,2024-11-20 17:36:19.619486,Alert investigated. No indicators of compromise found. Closed without escalation.,ANA-007,False,Resolved,"[""ALT-CSE-07-00836""]"
CAS-CSE-07-0670,CSE-07,2024-11-15 11:53:10.523814,2024-11-15 11:56:27.526774,Alert investigated. No indicators of compromise found. Closed without escalation.,ANA-007,False,Resolved,"[""ALT-CSE-07-00837""]"
CAS-CSE-07-0671,CSE-07,2024-11-25 02:38:32.396190,2024-11-25 02:43:27.309479,Investigated system activity on port 2199. Correlated firewall session logs.,ANA-007,True,Resolved,"[""ALT-CSE-07-00838""]"
CAS-CSE-07-0672,CSE-07,2024-12-12 00:31:41.351400,2024-12-12 00:35:59.081520,Alert investigated. No indicators of compromise found. Closed without escalation.,ANA-007,False,Resolved,"[""ALT-CSE-07-00840""]"
CAS-CSE-07-0673,CSE-07,2024-11-28 01:22:39.197863,2024-11-28 01:27:11.402464,Investigated system activity on port 51325. Correlated firewall session logs.,ANA-007,False,Resolved,"[""ALT-CSE-07-00841""]"
CAS-CSE-07-0674,CSE-07,2024-12-17 05:15:20.249571,2024-12-17 05:19:15.522792,Investigated system activity on port 65513. Correlated firewall session logs.,ANA-007,False,Resolved,"[""ALT-CSE-07-00842""]"
CAS-CSE-07-0675,CSE-07,2024-10-26 23:51:53.737763,2024-10-26 23:55:33.562807,Alert investigated. No indicators of compromise found. Closed without escalation.,ANA-007,False,Resolved,"[""ALT-CSE-07-00843""]"
CAS-CSE-07-0676,CSE-07,2024-12-24 13:50:24.733937,2024-12-24 13:54:43.686552,Alert investigated. No indicators of compromise found. Closed without escalation.,ANA-007,False,Resolved,"[""ALT-CSE-07-00844""]"
CAS-CSE-07-0677,CSE-07,2024-10-03 16:34:10.355760,2024-10-03 16:38:34.130802,Alert investigated. No indicators of compromise found. Closed without escalation.,ANA-007,False,Resolved,"[""ALT-CSE-07-00845""]"
CAS-CSE-07-0678,CSE-07,2024-10-02 18:14:11.478151,2024-10-02 18:18:59.072696,Alert investigated. No indicators of compromise found. Closed without escalation.,ANA-007,False,Resolved,"[""ALT-CSE-07-00847""]"
CAS-CSE-07-0679,CSE-07,2024-10-14 06:28:17.036444,2024-10-14 06:32:44.624923,Alert investigated. No indicators of compromise found. Closed without escalation.,ANA-007,True,Resolved,"[""ALT-CSE-07-00848""]"
CAS-CSE-07-0680,CSE-07,2024-10-06 14:07:30.437095,2024-10-06 14:11:33.736595,Investigated system activity on port 57418. Correlated firewall session logs.,ANA-007,False,Resolved,"[""ALT-CSE-07-00849""]"
CAS-CSE-07-0681,CSE-07,2024-10-09 19:57:12.738222,2024-10-09 20:01:45.266620,Alert investigated. No indicators of compromise found. Closed without escalation.,ANA-007,False,Resolved,"[""ALT-CSE-07-00850""]"
CAS-CSE-07-0682,CSE-07,2024-12-26 00:29:04.319844,2024-12-26 00:33:15.600117,Alert investigated. No indicators of compromise found. Closed without escalation.,ANA-007,False,Resolved,"[""ALT-CSE-07-00851""]"
CAS-CSE-07-0683,CSE-07,2024-12-04 13:15:07.708960,2024-12-04 13:19:12.416331,Investigated system activity on port 51138. Correlated firewall session logs.,ANA-007,False,Resolved,"[""ALT-CSE-07-00853""]"
CAS-CSE-07-0684,CSE-07,2024-10-05 11:02:00.296898,2024-10-05 11:05:07.779323,Alert investigated. No indicators of compromise found. Closed without escalation.,ANA-007,False,Resolved,"[""ALT-CSE-07-00854""]"
CAS-CSE-07-0685,CSE-07,2024-10-01 20:04:28.190179,2024-10-01 20:09:17.469463,Alert investigated. No indicators of compromise found. Closed without escalation.,ANA-007,False,Resolved,"[""ALT-CSE-07-00855""]"
CAS-CSE-07-0686,CSE-07,2024-12-05 11:51:21.461157,2024-12-05 11:54:54.058589,Alert investigated. No indicators of compromise found. Closed without escalation.,ANA-007,False,Resolved,"[""ALT-CSE-07-00856""]"
CAS-CSE-07-0687,CSE-07,2024-12-21 09:15:09.645141,2024-12-21 09:19:07.473177,Investigated system activity on port 33881. Correlated firewall session logs.,ANA-007,True,Resolved,"[""ALT-CSE-07-00857""]"
CAS-CSE-07-0688,CSE-07,2024-12-06 16:44:08.063813,2024-12-06 16:48:39.775541,Alert investigated. No indicators of compromise found. Closed without escalation.,ANA-007,False,Resolved,"[""ALT-CSE-07-00859""]"
CAS-CSE-07-0689,CSE-07,2024-11-23 01:44:45.054750,2024-11-23 01:48:19.000798,Alert investigated. No indicators of compromise found. Closed without escalation.,ANA-007,False,Resolved,"[""ALT-CSE-07-00860""]"
CAS-CSE-07-0690,CSE-07,2024-12-04 04:27:56.712358,2024-12-04 04:32:40.870149,Investigated system activity on port 22585. Correlated firewall session logs.,ANA-007,False,Resolved,"[""ALT-CSE-07-00861""]"
CAS-CSE-07-0691,CSE-07,2024-10-04 21:06:49.644603,2024-10-04 21:10:32.835259,Alert investigated. No indicators of compromise found. Closed without escalation.,ANA-007,False,Resolved,"[""ALT-CSE-07-00863""]"
CAS-CSE-07-0692,CSE-07,2024-12-06 14:18:42.598770,2024-12-06 14:23:01.372127,Alert investigated. No indicators of compromise found. Closed without escalation.,ANA-007,False,Resolved,"[""ALT-CSE-07-00864""]"
CAS-CSE-07-0693,CSE-07,2024-10-15 12:32:20.646582,2024-10-15 12:36:32.841289,Investigated system activity on port 14575. Correlated firewall session logs.,ANA-007,False,Resolved,"[""ALT-CSE-07-00865""]"
CAS-CSE-07-0694,CSE-07,2024-12-23 12:15:34.008266,2024-12-23 12:18:55.694262,Investigated system activity on port 41307. Correlated firewall session logs.,ANA-007,False,Resolved,"[""ALT-CSE-07-00866""]"
CAS-CSE-07-0695,CSE-07,2024-10-16 22:44:00.639730,2024-10-16 22:48:01.787728,Alert investigated. No indicators of compromise found. Closed without escalation.,ANA-007,False,Resolved,"[""ALT-CSE-07-00867""]"
CAS-CSE-07-0696,CSE-07,2024-12-29 07:11:16.896149,2024-12-29 07:15:56.765415,Investigated system activity on port 1476. Correlated firewall session logs.,ANA-007,False,Resolved,"[""ALT-CSE-07-00868""]"
CAS-CSE-07-0697,CSE-07,2024-12-21 13:58:25.627053,2024-12-21 14:03:04.524573,Investigated system activity on port 48983. Correlated firewall session logs.,ANA-007,False,Resolved,"[""ALT-CSE-07-00869""]"
CAS-CSE-07-0698,CSE-07,2024-11-15 10:08:14.452955,2024-11-15 10:13:09.594480,Alert investigated. No indicators of compromise found. Closed without escalation.,ANA-007,False,Resolved,"[""ALT-CSE-07-00870""]"
CAS-CSE-07-0699,CSE-07,2024-12-15 07:20:19.112516,2024-12-15 07:24:36.774111,Alert investigated. No indicators of compromise found. Closed without escalation.,ANA-007,False,Resolved,"[""ALT-CSE-07-00871""]"
CAS-CSE-07-0700,CSE-07,2024-10-06 22:28:39.641330,2024-10-06 22:33:08.064526,Alert investigated. No indicators of compromise found. Closed without escalation.,ANA-007,False,Resolved,"[""ALT-CSE-07-00872""]"
CAS-CSE-07-0701,CSE-07,2024-11-12 06:50:06.894314,2024-11-12 06:54:41.246008,Alert investigated. No indicators of compromise found. Closed without escalation.,ANA-007,False,Resolved,"[""ALT-CSE-07-00875""]"
CAS-CSE-07-0702,CSE-07,2024-10-27 16:51:37.263111,2024-10-27 16:55:10.882373,Alert investigated. No indicators of compromise found. Closed without escalation.,ANA-007,False,Resolved,"[""ALT-CSE-07-00876""]"
CAS-CSE-07-0703,CSE-07,2024-10-23 20:55:07.018816,2024-10-23 20:58:43.645771,Alert investigated. No indicators of compromise found. Closed without escalation.,ANA-007,False,Resolved,"[""ALT-CSE-07-00877""]"
CAS-CSE-07-0704,CSE-07,2024-10-30 03:08:59.707006,2024-10-30 03:12:51.970930,Alert investigated. No indicators of compromise found. Closed without escalation.,ANA-007,False,Resolved,"[""ALT-CSE-07-00878""]"
CAS-CSE-07-0705,CSE-07,2024-12-13 15:14:53.734728,2024-12-13 15:19:38.051693,Alert investigated. No indicators of compromise found. Closed without escalation.,ANA-007,True,Resolved,"[""ALT-CSE-07-00879""]"
CAS-CSE-07-0706,CSE-07,2024-10-08 17:02:48.210045,2024-10-08 17:06:52.726590,Alert investigated. No indicators of compromise found. Closed without escalation.,ANA-007,False,Resolved,"[""ALT-CSE-07-00881""]"
CAS-CSE-07-0707,CSE-07,2024-10-22 03:07:33.078585,2024-10-22 03:11:41.788156,Investigated system activity on port 20250. Correlated firewall session logs.,ANA-007,False,Resolved,"[""ALT-CSE-07-00882""]"
CAS-CSE-07-0708,CSE-07,2024-11-23 15:17:53.943123,2024-11-23 15:22:08.718993,Alert investigated. No indicators of compromise found. Closed without escalation.,ANA-007,False,Resolved,"[""ALT-CSE-07-00883""]"
CAS-CSE-07-0709,CSE-07,2024-11-07 18:24:10.718080,2024-11-07 18:27:59.307089,Alert investigated. No indicators of compromise found. Closed without escalation.,ANA-007,True,Resolved,"[""ALT-CSE-07-00884""]"
CAS-CSE-07-0710,CSE-07,2024-11-16 00:31:41.146239,2024-11-16 00:35:52.539270,Alert investigated. No indicators of compromise found. Closed without escalation.,ANA-007,False,Resolved,"[""ALT-CSE-07-00885""]"
CAS-CSE-07-0711,CSE-07,2024-10-08 09:10:03.188440,2024-10-08 09:13:42.698802,Alert investigated. No indicators of compromise found. Closed without escalation.,ANA-007,False,Resolved,"[""ALT-CSE-07-00887""]"
CAS-CSE-07-0712,CSE-07,2024-11-25 05:13:31.268537,2024-11-25 05:17:45.775530,Alert investigated. No indicators of compromise found. Closed without escalation.,ANA-007,False,Resolved,"[""ALT-CSE-07-00891""]"
CAS-CSE-07-0713,CSE-07,2024-10-03 21:21:08.110733,2024-10-03 21:25:10.604512,Investigated system activity on port 54719. Correlated firewall session logs.,ANA-007,False,Resolved,"[""ALT-CSE-07-00892""]"
CAS-CSE-07-0714,CSE-07,2024-11-19 02:38:18.175618,2024-11-19 02:42:30.122998,Alert investigated. No indicators of compromise found. Closed without escalation.,ANA-007,False,Resolved,"[""ALT-CSE-07-00893""]"
CAS-CSE-07-0715,CSE-07,2024-12-05 09:00:37.233994,2024-12-05 09:03:51.399152,Alert investigated. No indicators of compromise found. Closed without escalation.,ANA-007,False,Resolved,"[""ALT-CSE-07-00894""]"
CAS-CSE-07-0716,CSE-07,2024-12-04 23:42:18.351340,2024-12-04 23:46:20.960954,Investigated system activity on port 45616. Correlated firewall session logs.,ANA-007,False,Resolved,"[""ALT-CSE-07-00895""]"
CAS-CSE-07-0717,CSE-07,2024-10-03 12:59:06.188444,2024-10-03 13:02:26.555401,Alert investigated. No indicators of compromise found. Closed without escalation.,ANA-007,False,Resolved,"[""ALT-CSE-07-00896""]"
CAS-CSE-07-0718,CSE-07,2024-12-08 12:46:26.762518,2024-12-08 12:49:49.744057,Alert investigated. No indicators of compromise found. Closed without escalation.,ANA-007,False,Resolved,"[""ALT-CSE-07-00900""]"
CAS-CSE-07-0719,CSE-07,2024-10-23 04:57:46.564150,2024-10-23 05:02:21.241128,Alert investigated. No indicators of compromise found. Closed without escalation.,ANA-007,False,Resolved,"[""ALT-CSE-07-00901""]"
CAS-CSE-07-0720,CSE-07,2024-11-17 19:04:27.611066,2024-11-17 19:07:29.131472,Alert investigated. No indicators of compromise found. Closed without escalation.,ANA-007,False,Resolved,"[""ALT-CSE-07-00902""]"
CAS-CSE-07-0721,CSE-07,2024-11-06 08:19:03.032441,2024-11-06 08:23:10.704651,Alert investigated. No indicators of compromise found. Closed without escalation.,ANA-007,False,Resolved,"[""ALT-CSE-07-00904""]"
CAS-CSE-07-0722,CSE-07,2024-11-09 09:26:04.551299,2024-11-09 09:29:38.708579,Alert investigated. No indicators of compromise found. Closed without escalation.,ANA-007,False,Resolved,"[""ALT-CSE-07-00905""]"
CAS-CSE-07-0723,CSE-07,2024-10-03 17:06:04.956405,2024-10-03 17:09:56.066345,Alert investigated. No indicators of compromise found. Closed without escalation.,ANA-007,False,Resolved,"[""ALT-CSE-07-00906""]"
CAS-CSE-07-0724,CSE-07,2024-12-13 05:33:33.522765,2024-12-13 05:37:08.842282,Alert investigated. No indicators of compromise found. Closed without escalation.,ANA-007,False,Resolved,"[""ALT-CSE-07-00907""]"
CAS-CSE-07-0725,CSE-07,2024-10-02 03:16:05.294691,2024-10-02 03:20:02.136272,Alert investigated. No indicators of compromise found. Closed without escalation.,ANA-007,False,Resolved,"[""ALT-CSE-07-00908""]"
CAS-CSE-07-0726,CSE-07,2024-10-25 23:45:44.914087,2024-10-25 23:49:00.761764,Alert investigated. No indicators of compromise found. Closed without escalation.,ANA-007,False,Resolved,"[""ALT-CSE-07-00909""]"
CAS-CSE-07-0727,CSE-07,2024-10-01 02:10:13.811564,2024-10-01 02:14:44.112133,Investigated system activity on port 53019. Correlated firewall session logs.,ANA-007,False,Resolved,"[""ALT-CSE-07-00911""]"
CAS-CSE-07-0728,CSE-07,2024-11-20 08:15:55.300622,2024-11-20 08:19:01.239456,Alert investigated. No indicators of compromise found. Closed without escalation.,ANA-007,False,Resolved,"[""ALT-CSE-07-00912""]"
CAS-CSE-07-0729,CSE-07,2024-11-25 15:32:52.253465,2024-11-25 15:36:58.672390,Investigated system activity on port 10544. Correlated firewall session logs.,ANA-007,False,Resolved,"[""ALT-CSE-07-00913""]"
CAS-CSE-07-0730,CSE-07,2024-11-12 23:38:03.314423,2024-11-12 23:42:21.448551,Investigated system activity on port 48615. Correlated firewall session logs.,ANA-007,False,Resolved,"[""ALT-CSE-07-00915""]"
CAS-CSE-07-0731,CSE-07,2024-10-20 21:48:08.631726,2024-10-20 21:51:36.529392,Alert investigated. No indicators of compromise found. Closed without escalation.,ANA-007,False,Resolved,"[""ALT-CSE-07-00916""]"
CAS-CSE-07-0732,CSE-07,2024-11-11 17:58:47.562334,2024-11-11 18:02:32.976363,Investigated system activity on port 50966. Correlated firewall session logs.,ANA-007,False,Resolved,"[""ALT-CSE-07-00918""]"
CAS-CSE-07-0733,CSE-07,2024-11-15 02:17:50.951961,2024-11-15 02:21:57.114537,Alert investigated. No indicators of compromise found. Closed without escalation.,ANA-007,False,Resolved,"[""ALT-CSE-07-00919""]"
CAS-CSE-07-0734,CSE-07,2024-10-17 14:02:20.094404,2024-10-17 14:06:24.036159,Alert investigated. No indicators of compromise found. Closed without escalation.,ANA-007,False,Resolved,"[""ALT-CSE-07-00920""]"
CAS-CSE-07-0735,CSE-07,2024-10-10 02:56:00.984212,2024-10-10 02:59:17.297103,Investigated system activity on port 11211. Correlated firewall session logs.,ANA-007,False,Resolved,"[""ALT-CSE-07-00921""]"
CAS-CSE-07-0736,CSE-07,2024-11-30 04:56:49.088467,2024-11-30 05:01:13.903548,Alert investigated. No indicators of compromise found. Closed without escalation.,ANA-007,False,Resolved,"[""ALT-CSE-07-00922""]"
CAS-CSE-07-0737,CSE-07,2024-10-14 13:17:58.848792,2024-10-14 13:21:34.524777,Alert investigated. No indicators of compromise found. Closed without escalation.,ANA-007,False,Resolved,"[""ALT-CSE-07-00924""]"
CAS-CSE-07-0738,CSE-07,2024-12-21 00:23:22.462290,2024-12-21 00:26:57.538728,Alert investigated. No indicators of compromise found. Closed without escalation.,ANA-007,False,Resolved,"[""ALT-CSE-07-00925""]"
CAS-CSE-07-0739,CSE-07,2024-10-06 15:30:52.425782,2024-10-06 15:34:20.648586,Alert investigated. No indicators of compromise found. Closed without escalation.,ANA-007,False,Resolved,"[""ALT-CSE-07-00926""]"
CAS-CSE-07-0740,CSE-07,2024-11-12 15:36:05.202271,2024-11-12 15:39:33.021923,Alert investigated. No indicators of compromise found. Closed without escalation.,ANA-007,False,Resolved,"[""ALT-CSE-07-00927""]"
CAS-CSE-07-0741,CSE-07,2024-12-03 12:30:44.532233,2024-12-03 12:35:20.875579,Alert investigated. No indicators of compromise found. Closed without escalation.,ANA-007,False,Resolved,"[""ALT-CSE-07-00928""]"
CAS-CSE-07-0742,CSE-07,2024-12-06 20:11:05.639944,2024-12-06 20:15:30.564450,Alert investigated. No indicators of compromise found. Closed without escalation.,ANA-007,True,Resolved,"[""ALT-CSE-07-00930""]"
CAS-CSE-07-0743,CSE-07,2024-11-08 17:06:23.412938,2024-11-08 17:09:38.231368,Alert investigated. No indicators of compromise found. Closed without escalation.,ANA-007,False,Resolved,"[""ALT-CSE-07-00931""]"
CAS-CSE-07-0744,CSE-07,2024-12-10 20:01:37.686583,2024-12-10 20:05:10.454138,Alert investigated. No indicators of compromise found. Closed without escalation.,ANA-007,False,Resolved,"[""ALT-CSE-07-00932""]"
CAS-CSE-07-0745,CSE-07,2024-10-16 11:20:52.634516,2024-10-16 11:24:37.862436,Alert investigated. No indicators of compromise found. Closed without escalation.,ANA-007,True,Resolved,"[""ALT-CSE-07-00933""]"
CAS-CSE-07-0746,CSE-07,2024-10-28 14:15:07.809207,2024-10-28 14:19:52.917809,Alert investigated. No indicators of compromise found. Closed without escalation.,ANA-007,False,Resolved,"[""ALT-CSE-07-00934""]"
CAS-CSE-07-0747,CSE-07,2024-12-29 16:33:48.074867,2024-12-29 16:37:49.178594,Investigated system activity on port 20057. Correlated firewall session logs.,ANA-007,False,Resolved,"[""ALT-CSE-07-00935""]"
CAS-CSE-07-0748,CSE-07,2024-12-12 16:33:48.765146,2024-12-12 16:37:39.358659,Investigated system activity on port 43205. Correlated firewall session logs.,ANA-007,False,Resolved,"[""ALT-CSE-07-00936""]"
CAS-CSE-07-0749,CSE-07,2024-12-12 11:55:36.720789,2024-12-12 11:59:48.516074,Alert investigated. No indicators of compromise found. Closed without escalation.,ANA-007,False,Resolved,"[""ALT-CSE-07-00937""]"
CAS-CSE-07-0750,CSE-07,2024-10-16 15:16:44.900585,2024-10-16 15:20:43.540215,Alert investigated. No indicators of compromise found. Closed without escalation.,ANA-007,False,Resolved,"[""ALT-CSE-07-00938""]"
CAS-CSE-07-0751,CSE-07,2024-12-22 17:50:41.966281,2024-12-22 17:53:53.733740,Alert investigated. No indicators of compromise found. Closed without escalation.,ANA-007,False,Resolved,"[""ALT-CSE-07-00939""]"
CAS-CSE-07-0752,CSE-07,2024-10-13 21:12:08.546755,2024-10-13 21:16:25.762662,Alert investigated. No indicators of compromise found. Closed without escalation.,ANA-007,False,Resolved,"[""ALT-CSE-07-00940""]"
CAS-CSE-07-0753,CSE-07,2024-10-24 08:46:54.453183,2024-10-24 08:50:37.376147,Alert investigated. No indicators of compromise found. Closed without escalation.,ANA-007,False,Resolved,"[""ALT-CSE-07-00941""]"
CAS-CSE-07-0754,CSE-07,2024-11-24 03:56:56.661438,2024-11-24 04:01:04.783040,Alert investigated. No indicators of compromise found. Closed without escalation.,ANA-007,False,Resolved,"[""ALT-CSE-07-00942""]"
CAS-CSE-07-0755,CSE-07,2024-10-24 05:05:48.737475,2024-10-24 05:09:12.122883,Alert investigated. No indicators of compromise found. Closed without escalation.,ANA-007,True,Resolved,"[""ALT-CSE-07-00944""]"
CAS-CSE-07-0756,CSE-07,2024-11-12 01:20:45.057109,2024-11-12 01:23:34.741440,Investigated system activity on port 9109. Correlated firewall session logs.,ANA-007,False,Resolved,"[""ALT-CSE-07-00945""]"
CAS-CSE-07-0757,CSE-07,2024-12-14 06:58:12.148383,2024-12-14 07:02:03.215972,Alert investigated. No indicators of compromise found. Closed without escalation.,ANA-007,False,Resolved,"[""ALT-CSE-07-00946""]"
CAS-CSE-07-0758,CSE-07,2024-11-12 05:58:36.053224,2024-11-12 06:02:52.768538,Alert investigated. No indicators of compromise found. Closed without escalation.,ANA-007,False,Resolved,"[""ALT-CSE-07-00947""]"
CAS-CSE-07-0759,CSE-07,2024-12-21 19:09:29.094086,2024-12-21 19:12:43.838397,Alert investigated. No indicators of compromise found. Closed without escalation.,ANA-007,False,Resolved,"[""ALT-CSE-07-00949""]"
CAS-CSE-07-0760,CSE-07,2024-12-08 07:36:04.100330,2024-12-08 07:39:53.474645,Alert investigated. No indicators of compromise found. Closed without escalation.,ANA-007,False,Resolved,"[""ALT-CSE-07-00950""]"
CAS-CSE-07-0761,CSE-07,2024-10-27 13:37:11.045331,2024-10-27 13:41:08.414845,Alert investigated. No indicators of compromise found. Closed without escalation.,ANA-007,False,Resolved,"[""ALT-CSE-07-00951""]"
CAS-CSE-07-0762,CSE-07,2024-10-04 07:46:40.374591,2024-10-04 07:51:24.872879,Alert investigated. No indicators of compromise found. Closed without escalation.,ANA-007,False,Resolved,"[""ALT-CSE-07-00952""]"
CAS-CSE-07-0763,CSE-07,2024-10-04 23:02:26.825105,2024-10-04 23:06:37.105716,Alert investigated. No indicators of compromise found. Closed without escalation.,ANA-007,False,Resolved,"[""ALT-CSE-07-00953""]"
CAS-CSE-07-0764,CSE-07,2024-12-07 04:19:20.950765,2024-12-07 04:22:28.609595,Alert investigated. No indicators of compromise found. Closed without escalation.,ANA-007,False,Resolved,"[""ALT-CSE-07-00954""]"
CAS-CSE-07-0765,CSE-07,2024-11-10 00:36:02.396616,2024-11-10 00:39:20.715428,Alert investigated. No indicators of compromise found. Closed without escalation.,ANA-007,False,Resolved,"[""ALT-CSE-07-00955""]"
CAS-CSE-07-0766,CSE-07,2024-11-19 03:55:13.082504,2024-11-19 03:59:09.021168,Alert investigated. No indicators of compromise found. Closed without escalation.,ANA-007,False,Resolved,"[""ALT-CSE-07-00958""]"
CAS-CSE-07-0767,CSE-07,2024-10-31 02:11:29.864578,2024-10-31 02:15:40.150266,Investigated system activity on port 7437. Correlated firewall session logs.,ANA-007,False,Resolved,"[""ALT-CSE-07-00959""]"
CAS-CSE-07-0768,CSE-07,2024-10-21 05:26:28.209683,2024-10-21 05:38:25.495703,Alert investigated. No indicators of compromise found. Closed without escalation.,ANA-007,False,Resolved,"[""ALT-CSE-07-01002""]"
CAS-CSE-07-0769,CSE-07,2024-11-25 07:32:40.733637,2024-11-25 07:50:04.150436,Investigated system activity on port 20776. Correlated firewall session logs.,ANA-007,False,Resolved,"[""ALT-CSE-07-01007""]"
CAS-CSE-07-0770,CSE-07,2024-10-16 20:26:14.527693,2024-10-16 20:48:05.795133,Alert investigated. No indicators of compromise found. Closed without escalation.,ANA-007,False,Resolved,"[""ALT-CSE-07-01009""]"
CAS-CSE-07-0771,CSE-07,2024-12-08 16:51:29.008854,2024-12-08 17:12:56.094379,Alert investigated. No indicators of compromise found. Closed without escalation.,ANA-007,True,Resolved,"[""ALT-CSE-07-01021""]"
CAS-CSE-07-0772,CSE-07,2024-12-06 23:32:44.688835,2024-12-06 23:52:35.068335,Investigated system activity on port 46266. Correlated firewall session logs.,ANA-007,False,Resolved,"[""ALT-CSE-07-01026""]"
CAS-CSE-07-0773,CSE-07,2024-12-16 02:23:46.710004,2024-12-16 02:39:17.733960,Alert investigated. No indicators of compromise found. Closed without escalation.,ANA-007,False,Resolved,"[""ALT-CSE-07-01027""]"
CAS-CSE-07-0774,CSE-07,2024-11-07 01:54:41.473014,2024-11-07 02:15:26.104394,Alert investigated. No indicators of compromise found. Closed without escalation.,ANA-007,False,Resolved,"[""ALT-CSE-07-01028""]"
CAS-CSE-07-0775,CSE-07,2024-12-08 20:36:01.439982,2024-12-08 20:52:07.606716,Alert investigated. No indicators of compromise found. Closed without escalation.,ANA-007,True,Resolved,"[""ALT-CSE-07-01031""]"
CAS-CSE-07-0776,CSE-07,2024-10-25 08:44:34.813988,2024-10-25 09:02:44.596331,Alert investigated. No indicators of compromise found. Closed without escalation.,ANA-007,False,Resolved,"[""ALT-CSE-07-01072""]"
CAS-CSE-07-0777,CSE-07,2024-11-26 17:41:49.836174,2024-11-26 17:53:00.715973,Investigated system activity on port 40620. Correlated firewall session logs.,ANA-007,False,Resolved,"[""ALT-CSE-07-01092""]"
CAS-CSE-07-0778,CSE-07,2024-10-09 23:40:07.849799,2024-10-10 00:01:20.686667,Alert investigated. No indicators of compromise found. Closed without escalation.,ANA-007,False,Resolved,"[""ALT-CSE-07-01162""]"
CAS-CSE-07-0779,CSE-07,2024-10-08 07:02:47.911649,2024-10-08 07:30:18.922366,Alert investigated. No indicators of compromise found. Closed without escalation.,ANA-007,False,Resolved,"[""ALT-CSE-07-01181""]"
CAS-CSE-07-0780,CSE-07,2024-12-09 09:57:45.336517,2024-12-09 10:14:10.116878,Alert investigated. No indicators of compromise found. Closed without escalation.,ANA-007,True,Resolved,"[""ALT-CSE-07-01185""]"
CAS-CSE-07-0781,CSE-07,2024-11-09 17:03:52.511927,2024-11-09 17:17:03.531507,Alert investigated. No indicators of compromise found. Closed without escalation.,ANA-007,False,Resolved,"[""ALT-CSE-07-01203""]"
CAS-CSE-07-0782,CSE-07,2024-12-05 03:14:31.432455,2024-12-05 03:30:18.978799,Alert investigated. No indicators of compromise found. Closed without escalation.,ANA-007,False,Resolved,"[""ALT-CSE-07-01204""]"
CAS-CSE-07-0783,CSE-07,2024-10-17 22:01:45.961814,2024-10-17 22:25:34.546074,Alert investigated. No indicators of compromise found. Closed without escalation.,ANA-007,False,Resolved,"[""ALT-CSE-07-01223""]"
CAS-CSE-07-0784,CSE-07,2024-11-04 12:45:14.741429,2024-11-04 13:08:49.755098,Alert investigated. No indicators of compromise found. Closed without escalation.,ANA-007,False,Resolved,"[""ALT-CSE-07-01250""]"
CAS-CSE-07-0785,CSE-07,2024-11-09 23:08:21.982198,2024-11-09 23:25:41.750571,Alert investigated. No indicators of compromise found. Closed without escalation.,ANA-007,False,Resolved,"[""ALT-CSE-07-01257""]"
CAS-CSE-07-0786,CSE-07,2024-10-04 08:37:12.637000,2024-10-04 08:54:03.259233,Alert investigated. No indicators of compromise found. Closed without escalation.,ANA-007,False,Resolved,"[""ALT-CSE-07-01338""]"
CAS-CSE-07-0787,CSE-07,2024-12-02 10:56:18.476478,2024-12-02 11:11:24.542285,Alert investigated. No indicators of compromise found. Closed without escalation.,ANA-007,False,Resolved,"[""ALT-CSE-07-01339""]"
CAS-CSE-07-0788,CSE-07,2024-11-27 07:02:09.545093,2024-11-27 07:23:10.837745,Alert investigated. No indicators of compromise found. Closed without escalation.,ANA-007,False,Resolved,"[""ALT-CSE-07-01349""]"
CAS-CSE-07-0789,CSE-07,2024-11-19 17:13:40.915125,2024-11-19 17:40:44.583524,Investigated system activity on port 16388. Correlated firewall session logs.,ANA-007,False,Resolved,"[""ALT-CSE-07-01363""]"
CAS-CSE-07-0790,CSE-07,2024-11-18 04:02:18.242049,2024-11-18 04:21:14.593245,Alert investigated. No indicators of compromise found. Closed without escalation.,ANA-007,False,Resolved,"[""ALT-CSE-07-01430""]"
CAS-CSE-07-0791,CSE-07,2024-12-29 10:25:41.297096,2024-12-29 10:49:36.575567,Alert investigated. No indicators of compromise found. Closed without escalation.,ANA-007,False,Resolved,"[""ALT-CSE-07-01436""]"
CAS-CSE-07-0792,CSE-07,2024-11-11 14:57:10.602915,2024-11-11 15:14:50.479646,Alert investigated. No indicators of compromise found. Closed without escalation.,ANA-007,False,Resolved,"[""ALT-CSE-07-01454""]"
CAS-CSE-07-0793,CSE-07,2024-10-18 22:05:16.376275,2024-10-18 22:20:41.978404,Investigated system activity on port 3410. Correlated firewall session logs.,ANA-007,False,Resolved,"[""ALT-CSE-07-01483""]"
CAS-CSE-07-0794,CSE-07,2024-11-04 11:45:23.237280,2024-11-04 11:59:57.327516,Alert investigated. No indicators of compromise found. Closed without escalation.,ANA-007,False,Resolved,"[""ALT-CSE-07-01509""]"
CAS-CSE-07-0795,CSE-07,2024-12-01 17:01:36.138298,2024-12-01 17:18:42.729972,Investigated system activity on port 62444. Correlated firewall session logs.,ANA-007,False,Resolved,"[""ALT-CSE-07-01515""]"
CAS-CSE-07-0796,CSE-07,2024-10-31 08:49:32.169055,2024-10-31 09:13:08.360940,Alert investigated. No indicators of compromise found. Closed without escalation.,ANA-007,False,Resolved,"[""ALT-CSE-07-01545""]"
CAS-CSE-07-0797,CSE-07,2024-11-12 07:23:40.459529,2024-11-12 07:35:05.059392,Alert investigated. No indicators of compromise found. Closed without escalation.,ANA-007,False,Resolved,"[""ALT-CSE-07-01549""]"
CAS-CSE-07-0798,CSE-07,2024-12-14 10:09:52.038598,2024-12-14 10:20:38.185014,Alert investigated. No indicators of compromise found. Closed without escalation.,ANA-007,False,Resolved,"[""ALT-CSE-07-01565""]"
CAS-CSE-07-0799,CSE-07,2024-11-21 18:07:10.167348,2024-11-21 18:26:24.077676,Investigated system activity on port 8527. Correlated firewall session logs.,ANA-007,False,Resolved,"[""ALT-CSE-07-01588""]"
CAS-CSE-07-0800,CSE-07,2024-10-18 07:21:58.041005,2024-10-18 07:44:28.836263,Alert investigated. No indicators of compromise found. Closed without escalation.,ANA-007,False,Resolved,"[""ALT-CSE-07-01605""]"
CAS-CSE-07-0801,CSE-07,2024-11-03 01:47:46.009113,2024-11-03 02:06:59.598836,Investigated system activity on port 52973. Correlated firewall session logs.,ANA-007,False,Resolved,"[""ALT-CSE-07-01656""]"
CAS-CSE-07-0802,CSE-07,2024-12-03 05:21:08.099048,2024-12-03 05:38:06.574344,Alert investigated. No indicators of compromise found. Closed without escalation.,ANA-007,False,Resolved,"[""ALT-CSE-07-01668""]"
CAS-CSE-07-0803,CSE-07,2024-11-21 22:22:48.588042,2024-11-21 22:45:11.182430,Alert investigated. No indicators of compromise found. Closed without escalation.,ANA-007,False,Resolved,"[""ALT-CSE-07-01685""]"
CAS-CSE-07-0804,CSE-07,2024-11-18 19:11:52.404140,2024-11-18 19:32:53.397152,Alert investigated. No indicators of compromise found. Closed without escalation.,ANA-007,False,Resolved,"[""ALT-CSE-07-01704""]"
CAS-CSE-07-0805,CSE-07,2024-11-13 17:31:54.971222,2024-11-13 17:49:25.170754,Alert investigated. No indicators of compromise found. Closed without escalation.,ANA-007,False,Resolved,"[""ALT-CSE-07-01723""]"
CAS-CSE-07-0806,CSE-07,2024-11-02 15:40:05.023139,2024-11-02 15:57:19.076065,Alert investigated. No indicators of compromise found. Closed without escalation.,ANA-007,False,Resolved,"[""ALT-CSE-07-01744""]"
CAS-CSE-07-0807,CSE-07,2024-12-07 19:47:42.945757,2024-12-07 20:06:29.578601,Investigated system activity on port 61185. Correlated firewall session logs.,ANA-007,False,Resolved,"[""ALT-CSE-07-01750""]"
CAS-CSE-07-0808,CSE-07,2024-11-30 19:26:20.685325,2024-11-30 19:42:55.265210,Alert investigated. No indicators of compromise found. Closed without escalation.,ANA-007,False,Resolved,"[""ALT-CSE-07-01751""]"
CAS-CSE-07-0809,CSE-07,2024-11-23 12:24:09.173814,2024-11-23 12:41:10.660267,Alert investigated. No indicators of compromise found. Closed without escalation.,ANA-007,False,Resolved,"[""ALT-CSE-07-01756""]"
CAS-CSE-07-0810,CSE-07,2024-11-30 05:00:02.633708,2024-11-30 05:12:11.245749,Investigated system activity on port 21017. Correlated firewall session logs.,ANA-007,True,Resolved,"[""ALT-CSE-07-01760""]"
CAS-CSE-07-0811,CSE-07,2024-10-18 23:11:14.456322,2024-10-18 23:29:59.916151,Alert investigated. No indicators of compromise found. Closed without escalation.,ANA-007,False,Resolved,"[""ALT-CSE-07-01766""]"
CAS-CSE-07-0812,CSE-07,2024-10-17 00:29:54.631775,2024-10-17 00:46:15.805232,Investigated system activity on port 55983. Correlated firewall session logs.,ANA-007,False,Resolved,"[""ALT-CSE-07-01796""]"
CAS-CSE-07-0813,CSE-07,2024-11-05 07:37:26.974765,2024-11-05 07:50:59.046557,Investigated system activity on port 1426. Correlated firewall session logs.,ANA-007,False,Resolved,"[""ALT-CSE-07-01828""]"
CAS-CSE-07-0814,CSE-07,2024-10-08 09:12:39.352909,2024-10-08 09:28:00.366819,Alert investigated. No indicators of compromise found. Closed without escalation.,ANA-007,False,Resolved,"[""ALT-CSE-07-01859""]"
CAS-CSE-07-0815,CSE-07,2024-12-13 20:22:08.009095,2024-12-13 20:39:32.749824,Alert investigated. No indicators of compromise found. Closed without escalation.,ANA-007,False,Resolved,"[""ALT-CSE-07-01860""]"
CAS-CSE-07-0816,CSE-07,2024-12-14 00:08:15.426333,2024-12-14 00:16:52.037065,Alert investigated. No indicators of compromise found. Closed without escalation.,ANA-007,False,Resolved,"[""ALT-CSE-07-01867""]"
CAS-CSE-07-0817,CSE-07,2024-12-08 22:05:28.512376,2024-12-08 22:24:02.413287,Investigated system activity on port 34790. Correlated firewall session logs.,ANA-007,False,Resolved,"[""ALT-CSE-07-01897""]"
CAS-CSE-07-0818,CSE-07,2024-11-12 13:53:32.813630,2024-11-12 14:16:41.729471,Alert investigated. No indicators of compromise found. Closed without escalation.,ANA-007,False,Resolved,"[""ALT-CSE-07-01956""]"
CAS-CSE-07-0819,CSE-07,2024-10-22 03:50:53.330718,2024-10-22 04:06:52.753541,Alert investigated. No indicators of compromise found. Closed without escalation.,ANA-007,False,Resolved,"[""ALT-CSE-07-01974""]"
CAS-CSE-07-0820,CSE-07,2024-10-19 05:38:01.455013,2024-10-19 05:50:40.467560,Alert investigated. No indicators of compromise found. Closed without escalation.,ANA-007,False,Resolved,"[""ALT-CSE-07-01998""]"
CAS-CSE-07-0821,CSE-07,2024-10-22 04:47:53.214015,2024-10-22 05:00:27.196944,Alert investigated. No indicators of compromise found. Closed without escalation.,ANA-007,False,Resolved,"[""ALT-CSE-07-02001""]"
CAS-CSE-07-0822,CSE-07,2024-10-29 03:30:52.737744,2024-10-29 03:50:59.750542,Alert investigated. No indicators of compromise found. Closed without escalation.,ANA-007,False,Resolved,"[""ALT-CSE-07-02002""]"
CAS-CSE-07-0823,CSE-07,2024-12-08 12:23:36.955092,2024-12-08 12:48:39.074042,Alert investigated. No indicators of compromise found. Closed without escalation.,ANA-007,False,Resolved,"[""ALT-CSE-07-02024""]"
CAS-CSE-07-0824,CSE-07,2024-10-28 04:52:54.508533,2024-10-28 05:10:23.543595,Alert investigated. No indicators of compromise found. Closed without escalation.,ANA-007,False,Resolved,"[""ALT-CSE-07-02030""]"
CAS-CSE-07-0825,CSE-07,2024-10-14 11:56:05.417550,2024-10-14 12:16:31.600759,Alert investigated. No indicators of compromise found. Closed without escalation.,ANA-007,False,Resolved,"[""ALT-CSE-07-02048""]"
CAS-CSE-07-0826,CSE-07,2024-10-13 02:23:24.900579,2024-10-13 02:55:37.954478,Alert investigated. No indicators of compromise found. Closed without escalation.,ANA-007,False,Resolved,"[""ALT-CSE-07-02069""]"
CAS-CSE-07-0827,CSE-07,2024-10-27 13:34:33.165931,2024-10-27 13:50:01.003686,Alert investigated. No indicators of compromise found. Closed without escalation.,ANA-007,False,Resolved,"[""ALT-CSE-07-02071""]"
CAS-CSE-07-0828,CSE-07,2024-10-03 12:26:00.607051,2024-10-03 12:58:49.281162,Alert investigated. No indicators of compromise found. Closed without escalation.,ANA-007,False,Resolved,"[""ALT-CSE-07-02104""]"
CAS-CSE-07-0829,CSE-07,2024-10-04 13:17:21.662856,2024-10-04 13:33:29.501979,Alert investigated. No indicators of compromise found. Closed without escalation.,ANA-007,False,Resolved,"[""ALT-CSE-07-02151""]"
CAS-CSE-07-0830,CSE-07,2024-12-29 12:30:14.391748,2024-12-29 12:58:16.201034,Investigated system activity on port 55972. Correlated firewall session logs.,ANA-007,True,Resolved,"[""ALT-CSE-07-02157""]"
CAS-CSE-07-0831,CSE-07,2024-12-27 05:58:16.956033,2024-12-27 06:19:57.768506,Alert investigated. No indicators of compromise found. Closed without escalation.,ANA-007,False,Resolved,"[""ALT-CSE-07-02173""]"
CAS-CSE-07-0832,CSE-07,2024-11-06 00:18:45.487158,2024-11-06 00:43:03.781575,Alert investigated. No indicators of compromise found. Closed without escalation.,ANA-007,False,Resolved,"[""ALT-CSE-07-02180""]"
CAS-CSE-07-0833,CSE-07,2024-10-04 12:40:57.948240,2024-10-04 12:58:30.754464,Alert investigated. No indicators of compromise found. Closed without escalation.,ANA-007,False,Resolved,"[""ALT-CSE-07-02208""]"
CAS-CSE-07-0834,CSE-07,2024-11-18 21:19:53.466953,2024-11-18 21:36:06.087248,Alert investigated. No indicators of compromise found. Closed without escalation.,ANA-007,False,Resolved,"[""ALT-CSE-07-02289""]"
CAS-CSE-07-0835,CSE-07,2024-10-29 04:00:34.440835,2024-10-29 04:19:48.102691,Alert investigated. No indicators of compromise found. Closed without escalation.,ANA-007,False,Resolved,"[""ALT-CSE-07-02308""]"
CAS-CSE-07-0836,CSE-07,2024-12-19 19:18:14.057685,2024-12-19 19:36:30.041154,Investigated system activity on port 28699. Correlated firewall session logs.,ANA-007,False,Resolved,"[""ALT-CSE-07-02345""]"
CAS-CSE-07-0837,CSE-07,2024-11-18 22:21:27.088103,2024-11-18 22:41:18.261934,Alert investigated. No indicators of compromise found. Closed without escalation.,ANA-007,False,Resolved,"[""ALT-CSE-07-02353""]"
CAS-CSE-07-0838,CSE-07,2024-11-11 17:10:21.139672,2024-11-11 17:33:16.168282,Investigated system activity on port 13238. Correlated firewall session logs.,ANA-007,False,Resolved,"[""ALT-CSE-07-02367""]"
CAS-CSE-07-0839,CSE-07,2024-12-11 17:12:39.894061,2024-12-11 17:22:32.991671,Investigated system activity on port 56750. Correlated firewall session logs.,ANA-007,False,Resolved,"[""ALT-CSE-07-02409""]"
CAS-CSE-07-0840,CSE-07,2024-12-22 13:50:11.311950,2024-12-22 14:18:01.057899,Alert investigated. No indicators of compromise found. Closed without escalation.,ANA-007,False,Resolved,"[""ALT-CSE-07-02428""]"
CAS-CSE-07-0841,CSE-07,2024-12-29 03:40:15.318886,2024-12-29 03:55:27.084045,Alert investigated. No indicators of compromise found. Closed without escalation.,ANA-007,False,Resolved,"[""ALT-CSE-07-02439""]"
CAS-CSE-07-0842,CSE-07,2024-11-11 20:13:38.376389,2024-11-11 20:36:50.512079,Alert investigated. No indicators of compromise found. Closed without escalation.,ANA-007,False,Resolved,"[""ALT-CSE-07-02450""]"
CAS-CSE-07-0843,CSE-07,2024-10-17 21:41:35.995083,2024-10-17 22:00:40.230500,Alert investigated. No indicators of compromise found. Closed without escalation.,ANA-007,False,Resolved,"[""ALT-CSE-07-02506""]"
CAS-CSE-07-0844,CSE-07,2024-10-01 07:02:31.618376,2024-10-01 07:18:42.989879,Alert investigated. No indicators of compromise found. Closed without escalation.,ANA-007,False,Resolved,"[""ALT-CSE-07-02520""]"
CAS-CSE-07-0845,CSE-07,2024-10-12 07:14:38.934843,2024-10-12 07:34:53.206442,Investigated system activity on port 5494. Correlated firewall session logs.,ANA-007,False,Resolved,"[""ALT-CSE-07-02612""]"
CAS-CSE-07-0846,CSE-07,2024-12-15 08:27:38.722097,2024-12-15 08:48:18.007606,Investigated system activity on port 63055. Correlated firewall session logs.,ANA-007,False,Resolved,"[""ALT-CSE-07-02640""]"
CAS-CSE-07-0847,CSE-07,2024-11-17 19:39:30.582889,2024-11-17 20:05:53.790431,Alert investigated. No indicators of compromise found. Closed without escalation.,ANA-007,False,Resolved,"[""ALT-CSE-07-02665""]"
CAS-CSE-07-0848,CSE-07,2024-12-11 10:47:23.942069,2024-12-11 10:57:05.887954,Investigated system activity on port 14629. Correlated firewall session logs.,ANA-007,False,Resolved,"[""ALT-CSE-07-02692""]"
CAS-CSE-07-0849,CSE-07,2024-12-28 17:02:30.619748,2024-12-28 17:21:08.289236,Investigated system activity on port 14850. Correlated firewall session logs.,ANA-007,False,Resolved,"[""ALT-CSE-07-02694""]"
CAS-CSE-07-0850,CSE-07,2024-12-23 21:26:48.177049,2024-12-23 21:42:05.817972,Alert investigated. No indicators of compromise found. Closed without escalation.,ANA-007,False,Resolved,"[""ALT-CSE-07-02710""]"
CAS-CSE-07-0851,CSE-07,2024-10-01 03:10:47.331573,2024-10-01 03:32:19.664378,Alert investigated. No indicators of compromise found. Closed without escalation.,ANA-007,False,Resolved,"[""ALT-CSE-07-02714""]"
CAS-CSE-07-0852,CSE-07,2024-10-10 22:30:48.401368,2024-10-10 22:48:51.382488,Alert investigated. No indicators of compromise found. Closed without escalation.,ANA-007,False,Resolved,"[""ALT-CSE-07-02721""]"
CAS-CSE-07-0853,CSE-07,2024-12-20 23:43:25.727342,2024-12-21 00:05:52.344528,Investigated system activity on port 29724. Correlated firewall session logs.,ANA-007,False,Resolved,"[""ALT-CSE-07-02726""]"
CAS-CSE-07-0854,CSE-07,2024-12-09 10:40:44.031810,2024-12-09 11:00:32.828086,Alert investigated. No indicators of compromise found. Closed without escalation.,ANA-007,False,Resolved,"[""ALT-CSE-07-02744""]"
CAS-CSE-07-0855,CSE-07,2024-12-25 23:28:24.833278,2024-12-25 23:45:01.093522,Alert investigated. No indicators of compromise found. Closed without escalation.,ANA-007,True,Resolved,"[""ALT-CSE-07-02761""]"
CAS-CSE-07-0856,CSE-07,2024-11-25 08:34:24.093412,2024-11-25 08:55:27.225928,Alert investigated. No indicators of compromise found. Closed without escalation.,ANA-007,False,Resolved,"[""ALT-CSE-07-02772""]"
CAS-CSE-07-0857,CSE-07,2024-10-04 03:03:37.559998,2024-10-04 03:20:24.850347,Alert investigated. No indicators of compromise found. Closed without escalation.,ANA-007,False,Resolved,"[""ALT-CSE-07-02787""]"
CAS-CSE-07-0858,CSE-07,2024-11-16 00:38:50.434685,2024-11-16 01:03:33.202944,Alert investigated. No indicators of compromise found. Closed without escalation.,ANA-007,False,Resolved,"[""ALT-CSE-07-02800""]"
CAS-CSE-07-0859,CSE-07,2024-12-09 11:28:13.892458,2024-12-09 11:37:32.430816,Alert investigated. No indicators of compromise found. Closed without escalation.,ANA-007,False,Resolved,"[""ALT-CSE-07-02812""]"
CAS-CSE-07-0860,CSE-07,2024-10-06 19:53:22.511749,2024-10-06 20:11:51.839217,Alert investigated. No indicators of compromise found. Closed without escalation.,ANA-007,False,Resolved,"[""ALT-CSE-07-02817""]"
CAS-CSE-07-0861,CSE-07,2024-10-11 15:14:16.034520,2024-10-11 15:28:51.651920,Investigated system activity on port 48166. Correlated firewall session logs.,ANA-007,False,Resolved,"[""ALT-CSE-07-02832""]"
CAS-CSE-07-0862,CSE-07,2024-12-11 02:47:15.632904,2024-12-11 02:58:06.612974,Alert investigated. No indicators of compromise found. Closed without escalation.,ANA-007,False,Resolved,"[""ALT-CSE-07-02835""]"
CAS-CSE-07-0863,CSE-07,2024-12-20 04:24:50.738480,2024-12-20 04:43:49.462402,Alert investigated. No indicators of compromise found. Closed without escalation.,ANA-007,False,Resolved,"[""ALT-CSE-07-02849""]"
CAS-CSE-07-0864,CSE-07,2024-10-21 00:58:53.316929,2024-10-21 01:13:26.394090,Alert investigated. No indicators of compromise found. Closed without escalation.,ANA-007,False,Resolved,"[""ALT-CSE-07-02862""]"
CAS-CSE-07-0865,CSE-07,2024-10-01 08:14:54.835679,2024-10-01 08:34:10.786119,Investigated system activity on port 61571. Correlated firewall session logs.,ANA-007,False,Resolved,"[""ALT-CSE-07-02870""]"
CAS-CSE-07-0866,CSE-07,2024-11-27 08:21:40.862045,2024-11-27 08:38:26.589721,Alert investigated. No indicators of compromise found. Closed without escalation.,ANA-007,False,Resolved,"[""ALT-CSE-07-02902""]"
CAS-CSE-07-0867,CSE-07,2024-10-29 01:48:08.905001,2024-10-29 02:15:28.316507,Investigated system activity on port 17508. Correlated firewall session logs.,ANA-007,False,Resolved,"[""ALT-CSE-07-02938""]"
CAS-CSE-07-0868,CSE-07,2024-11-04 18:15:04.384093,2024-11-04 18:30:31.969750,Alert investigated. No indicators of compromise found. Closed without escalation.,ANA-007,False,Resolved,"[""ALT-CSE-07-02978""]"
CAS-CSE-07-0869,CSE-07,2024-10-19 13:42:51.868999,2024-10-19 13:59:47.275771,Investigated system activity on port 54971. Correlated firewall session logs.,ANA-007,False,Resolved,"[""ALT-CSE-07-03029""]"
CAS-CSE-07-0870,CSE-07,2024-10-05 15:44:24.103335,2024-10-05 15:58:14.461010,Alert investigated. No indicators of compromise found. Closed without escalation.,ANA-007,False,Resolved,"[""ALT-CSE-07-03043""]"
CAS-CSE-07-0871,CSE-07,2024-11-26 20:00:38.706765,2024-11-26 20:24:01.947946,Alert investigated. No indicators of compromise found. Closed without escalation.,ANA-007,False,Resolved,"[""ALT-CSE-07-03044""]"
CAS-CSE-07-0872,CSE-07,2024-12-05 07:21:27.975378,2024-12-05 07:47:04.963543,Alert investigated. No indicators of compromise found. Closed without escalation.,ANA-007,False,Resolved,"[""ALT-CSE-07-03055""]"
CAS-CSE-07-0873,CSE-07,2024-11-05 11:57:29.070392,2024-11-05 12:12:23.390770,Alert investigated. No indicators of compromise found. Closed without escalation.,ANA-007,False,Resolved,"[""ALT-CSE-07-03058""]"
CAS-CSE-07-0874,CSE-07,2024-12-14 02:41:03.119690,2024-12-14 02:55:16.897614,Alert investigated. No indicators of compromise found. Closed without escalation.,ANA-007,False,Resolved,"[""ALT-CSE-07-03067""]"
CAS-CSE-07-0875,CSE-07,2024-10-31 05:45:01.327328,2024-10-31 06:07:37.705720,Alert investigated. No indicators of compromise found. Closed without escalation.,ANA-007,False,Resolved,"[""ALT-CSE-07-03080""]"
CAS-CSE-07-0876,CSE-07,2024-11-16 08:20:05.838067,2024-11-16 08:34:17.877410,Alert investigated. No indicators of compromise found. Closed without escalation.,ANA-007,False,Resolved,"[""ALT-CSE-07-03083""]"
CAS-CSE-07-0877,CSE-07,2024-12-15 10:20:46.470207,2024-12-15 10:39:03.431253,Alert investigated. No indicators of compromise found. Closed without escalation.,ANA-007,False,Resolved,"[""ALT-CSE-07-03093""]"
CAS-CSE-07-0878,CSE-07,2024-12-18 17:08:02.764764,2024-12-18 17:27:03.561857,Alert investigated. No indicators of compromise found. Closed without escalation.,ANA-007,False,Resolved,"[""ALT-CSE-07-03099""]"
CAS-CSE-07-0879,CSE-07,2024-11-07 01:26:44.954488,2024-11-07 01:50:29.265309,Alert investigated. No indicators of compromise found. Closed without escalation.,ANA-007,False,Resolved,"[""ALT-CSE-07-03100""]"
CAS-CSE-07-0880,CSE-07,2024-12-25 11:14:35.740782,2024-12-25 11:27:31.520202,Alert investigated. No indicators of compromise found. Closed without escalation.,ANA-007,False,Resolved,"[""ALT-CSE-07-03121""]"
CAS-CSE-07-0881,CSE-07,2024-12-27 08:17:48.499610,2024-12-27 08:37:02.459274,Alert investigated. No indicators of compromise found. Closed without escalation.,ANA-007,False,Resolved,"[""ALT-CSE-07-03144""]"
CAS-CSE-07-0882,CSE-07,2024-11-03 07:13:49.856089,2024-11-03 07:35:50.611165,Alert investigated. No indicators of compromise found. Closed without escalation.,ANA-007,False,Resolved,"[""ALT-CSE-07-03206""]"
CAS-CSE-07-0883,CSE-07,2024-10-16 17:09:08.564456,2024-10-16 17:28:37.858254,Alert investigated. No indicators of compromise found. Closed without escalation.,ANA-007,False,Resolved,"[""ALT-CSE-07-03213""]"
CAS-CSE-07-0884,CSE-07,2024-10-08 10:12:24.585913,2024-10-08 10:33:51.840048,Alert investigated. No indicators of compromise found. Closed without escalation.,ANA-007,False,Resolved,"[""ALT-CSE-07-03219""]"
CAS-CSE-07-0885,CSE-07,2024-12-10 23:23:26.280925,2024-12-10 23:37:40.069212,Investigated system activity on port 63869. Correlated firewall session logs.,ANA-007,False,Resolved,"[""ALT-CSE-07-03231""]"
CAS-CSE-07-0886,CSE-07,2024-12-03 18:01:14.135931,2024-12-03 18:17:25.355757,Investigated system activity on port 38230. Correlated firewall session logs.,ANA-007,False,Resolved,"[""ALT-CSE-07-03277""]"
CAS-CSE-07-0887,CSE-07,2024-12-28 23:43:50.961980,2024-12-29 00:03:29.230318,Alert investigated. No indicators of compromise found. Closed without escalation.,ANA-007,False,Resolved,"[""ALT-CSE-07-03285""]"
CAS-CSE-07-0888,CSE-07,2024-11-06 16:47:29.500844,2024-11-06 17:04:44.159535,Investigated system activity on port 58351. Correlated firewall session logs.,ANA-007,False,Resolved,"[""ALT-CSE-07-03291""]"
CAS-CSE-07-0889,CSE-07,2024-11-07 00:37:37.584496,2024-11-07 01:01:55.777553,Alert investigated. No indicators of compromise found. Closed without escalation.,ANA-007,False,Resolved,"[""ALT-CSE-07-03311""]"
CAS-CSE-07-0890,CSE-07,2024-10-15 16:04:52.916418,2024-10-15 16:22:03.435736,Alert investigated. No indicators of compromise found. Closed without escalation.,ANA-007,False,Resolved,"[""ALT-CSE-07-03320""]"
CAS-CSE-07-0891,CSE-07,2024-12-29 20:06:50.790822,2024-12-29 20:35:51.150277,Alert investigated. No indicators of compromise found. Closed without escalation.,ANA-007,False,Resolved,"[""ALT-CSE-07-03337""]"
CAS-CSE-07-0892,CSE-07,2024-11-11 19:51:13.143760,2024-11-11 20:10:29.774469,Investigated system activity on port 15824. Correlated firewall session logs.,ANA-007,False,Resolved,"[""ALT-CSE-07-03341""]"
CAS-CSE-07-0893,CSE-07,2024-11-08 06:59:16.691842,2024-11-08 07:17:09.625724,Alert investigated. No indicators of compromise found. Closed without escalation.,ANA-007,False,Resolved,"[""ALT-CSE-07-03343""]"
CAS-CSE-07-0894,CSE-07,2024-11-22 23:01:58.148082,2024-11-22 23:25:39.835411,Alert investigated. No indicators of compromise found. Closed without escalation.,ANA-007,False,Resolved,"[""ALT-CSE-07-03378""]"
CAS-CSE-07-0895,CSE-07,2024-12-01 18:22:01.867647,2024-12-01 18:37:19.533176,Investigated system activity on port 3401. Correlated firewall session logs.,ANA-007,False,Resolved,"[""ALT-CSE-07-03472""]"
CAS-CSE-07-0896,CSE-07,2024-10-06 22:01:30.152900,2024-10-06 22:16:46.413331,Investigated system activity on port 59790. Correlated firewall session logs.,ANA-007,False,Resolved,"[""ALT-CSE-07-03479""]"
CAS-CSE-07-0897,CSE-07,2024-10-13 12:04:22.083382,2024-10-13 12:22:28.956647,Alert investigated. No indicators of compromise found. Closed without escalation.,ANA-007,False,Resolved,"[""ALT-CSE-07-03486""]"
CAS-CSE-07-0898,CSE-07,2024-10-08 16:39:14.007756,2024-10-08 16:53:17.815296,Investigated system activity on port 42979. Correlated firewall session logs.,ANA-007,False,Resolved,"[""ALT-CSE-07-03496""]"
CAS-CSE-07-0899,CSE-07,2024-11-01 17:53:23.585914,2024-11-01 18:12:58.843315,Alert investigated. No indicators of compromise found. Closed without escalation.,ANA-007,False,Resolved,"[""ALT-CSE-07-03501""]"
CAS-CSE-07-0900,CSE-07,2024-12-11 04:00:26.569722,2024-12-11 04:15:33.110291,Investigated system activity on port 49205. Correlated firewall session logs.,ANA-007,False,Resolved,"[""ALT-CSE-07-03509""]"
CAS-CSE-07-0901,CSE-07,2024-10-20 19:47:45.433536,2024-10-20 20:04:43.426107,Investigated system activity on port 24990. Correlated firewall session logs.,ANA-007,False,Resolved,"[""ALT-CSE-07-03528""]"
CAS-CSE-07-0902,CSE-07,2024-11-18 16:32:19.624325,2024-11-18 16:55:17.095784,Investigated system activity on port 13321. Correlated firewall session logs.,ANA-007,False,Resolved,"[""ALT-CSE-07-03536""]"
CAS-CSE-07-0903,CSE-07,2024-12-25 13:35:51.611704,2024-12-25 13:58:30.087377,Alert investigated. No indicators of compromise found. Closed without escalation.,ANA-007,False,Resolved,"[""ALT-CSE-07-03539""]"
CAS-CSE-07-0904,CSE-07,2024-12-05 16:21:52.302088,2024-12-05 16:39:39.704627,Alert investigated. No indicators of compromise found. Closed without escalation.,ANA-007,False,Resolved,"[""ALT-CSE-07-03579""]"
CAS-CSE-07-0905,CSE-07,2024-11-12 21:23:47.550755,2024-11-12 21:45:30.796392,Alert investigated. No indicators of compromise found. Closed without escalation.,ANA-007,False,Resolved,"[""ALT-CSE-07-03591""]"
CAS-CSE-07-0906,CSE-07,2024-12-06 10:00:07.332528,2024-12-06 10:13:11.780026,Alert investigated. No indicators of compromise found. Closed without escalation.,ANA-007,False,Resolved,"[""ALT-CSE-07-03596""]"
CAS-CSE-07-0907,CSE-07,2024-11-27 06:52:47.301205,2024-11-27 07:15:42.322677,Investigated system activity on port 55722. Correlated firewall session logs.,ANA-007,True,Resolved,"[""ALT-CSE-07-03597""]"
CAS-CSE-07-0908,CSE-07,2024-11-29 07:23:32.373917,2024-11-29 07:45:06.962580,Alert investigated. No indicators of compromise found. Closed without escalation.,ANA-007,False,Resolved,"[""ALT-CSE-07-03598""]"
CAS-CSE-07-0909,CSE-07,2024-10-10 17:48:45.529999,2024-10-10 18:08:37.191499,Investigated system activity on port 10335. Correlated firewall session logs.,ANA-007,True,Resolved,"[""ALT-CSE-07-03624""]"
CAS-CSE-07-0910,CSE-07,2024-10-04 22:36:32.198644,2024-10-04 22:45:03.718356,Investigated system activity on port 44993. Correlated firewall session logs.,ANA-007,False,Resolved,"[""ALT-CSE-07-03634""]"
CAS-CSE-07-0911,CSE-07,2024-12-09 13:06:03.193712,2024-12-09 13:25:04.119727,Alert investigated. No indicators of compromise found. Closed without escalation.,ANA-007,False,Resolved,"[""ALT-CSE-07-03674""]"
CAS-CSE-07-0912,CSE-07,2024-11-04 10:18:47.879497,2024-11-04 10:44:29.062413,Alert investigated. No indicators of compromise found. Closed without escalation.,ANA-007,False,Resolved,"[""ALT-CSE-07-03722""]"
CAS-CSE-07-0913,CSE-07,2024-12-23 21:38:27.474460,2024-12-23 21:58:26.036057,Alert investigated. No indicators of compromise found. Closed without escalation.,ANA-007,False,Resolved,"[""ALT-CSE-07-03734""]"
CAS-CSE-07-0914,CSE-07,2024-12-01 04:36:35.486079,2024-12-01 04:49:54.299689,Investigated system activity on port 9273. Correlated firewall session logs.,ANA-007,False,Resolved,"[""ALT-CSE-07-03755""]"
CAS-CSE-07-0915,CSE-07,2024-12-05 15:44:44.083481,2024-12-05 15:49:09.100901,Investigated system activity on port 59635. Correlated firewall session logs.,ANA-007,False,Resolved,"[""ALT-CSE-07-03758""]"
CAS-CSE-07-0916,CSE-07,2024-11-04 21:13:53.687601,2024-11-04 21:34:20.703419,Alert investigated. No indicators of compromise found. Closed without escalation.,ANA-007,False,Resolved,"[""ALT-CSE-07-03763""]"
CAS-CSE-07-0917,CSE-07,2024-11-18 01:45:48.152097,2024-11-18 01:54:33.647697,Investigated system activity on port 28903. Correlated firewall session logs.,ANA-007,False,Resolved,"[""ALT-CSE-07-03786""]"
CAS-CSE-07-0918,CSE-07,2024-10-31 04:52:19.699314,2024-10-31 05:18:29.651894,Alert investigated. No indicators of compromise found. Closed without escalation.,ANA-007,True,Resolved,"[""ALT-CSE-07-03800""]"
CAS-CSE-07-0919,CSE-07,2024-12-19 11:12:33.881025,2024-12-19 11:26:48.927929,Investigated system activity on port 56390. Correlated firewall session logs.,ANA-007,False,Resolved,"[""ALT-CSE-07-03804""]"
CAS-CSE-07-0920,CSE-07,2024-10-04 17:10:09.926177,2024-10-04 17:25:20.104557,Alert investigated. No indicators of compromise found. Closed without escalation.,ANA-007,False,Resolved,"[""ALT-CSE-07-03811""]"
CAS-CSE-07-0921,CSE-07,2024-10-24 13:22:52.258755,2024-10-24 13:39:37.352937,Alert investigated. No indicators of compromise found. Closed without escalation.,ANA-007,False,Resolved,"[""ALT-CSE-07-03820""]"
CAS-CSE-07-0922,CSE-07,2024-11-21 17:21:29.824429,2024-11-21 17:47:20.740574,Alert investigated. No indicators of compromise found. Closed without escalation.,ANA-007,False,Resolved,"[""ALT-CSE-07-03833""]"
CAS-CSE-07-0923,CSE-07,2024-11-27 13:49:34.638293,2024-11-27 14:05:13.014484,Alert investigated. No indicators of compromise found. Closed without escalation.,ANA-007,False,Resolved,"[""ALT-CSE-07-03874""]"
CAS-CSE-07-0924,CSE-07,2024-12-25 13:24:58.271218,2024-12-25 13:47:54.308568,Investigated system activity on port 3447. Correlated firewall session logs.,ANA-007,False,Resolved,"[""ALT-CSE-07-03901""]"
CAS-CSE-07-0925,CSE-07,2024-11-03 08:05:04.476393,2024-11-03 08:26:32.299301,Alert investigated. No indicators of compromise found. Closed without escalation.,ANA-007,False,Resolved,"[""ALT-CSE-07-03955""]"
CAS-CSE-07-0926,CSE-07,2024-12-16 03:49:16.710486,2024-12-16 04:06:53.115914,Alert investigated. No indicators of compromise found. Closed without escalation.,ANA-007,False,Resolved,"[""ALT-CSE-07-03957""]"
CAS-CSE-07-0927,CSE-07,2024-11-15 07:31:18.288663,2024-11-15 07:52:15.592701,Investigated system activity on port 7814. Correlated firewall session logs.,ANA-007,False,Resolved,"[""ALT-CSE-07-03974""]"
CAS-CSE-07-0928,CSE-07,2024-12-10 07:50:15.013024,2024-12-10 08:09:35.476322,Alert investigated. No indicators of compromise found. Closed without escalation.,ANA-007,True,Resolved,"[""ALT-CSE-07-03997""]"
CAS-CSE-07-0929,CSE-07,2024-12-02 19:11:26.192415,2024-12-02 19:34:37.822029,Alert investigated. No indicators of compromise found. Closed without escalation.,ANA-007,False,Resolved,"[""ALT-CSE-07-04001""]"
CAS-CSE-07-0930,CSE-07,2024-12-18 00:13:53.598496,2024-12-18 00:40:15.095182,Alert investigated. No indicators of compromise found. Closed without escalation.,ANA-007,False,Resolved,"[""ALT-CSE-07-04043""]"
CAS-CSE-07-0931,CSE-07,2024-10-13 13:17:54.115249,2024-10-13 13:36:08.744245,Alert investigated. No indicators of compromise found. Closed without escalation.,ANA-007,False,Resolved,"[""ALT-CSE-07-04045""]"
CAS-CSE-07-0932,CSE-07,2024-10-16 11:20:23.986445,2024-10-16 11:32:42.781803,Alert investigated. No indicators of compromise found. Closed without escalation.,ANA-007,False,Resolved,"[""ALT-CSE-07-04065""]"
CAS-CSE-07-0933,CSE-07,2024-11-16 22:58:23.548785,2024-11-16 23:19:25.428359,Alert investigated. No indicators of compromise found. Closed without escalation.,ANA-007,False,Resolved,"[""ALT-CSE-07-04068""]"
CAS-CSE-07-0934,CSE-07,2024-10-28 22:42:35.999268,2024-10-28 22:57:30.095763,Alert investigated. No indicators of compromise found. Closed without escalation.,ANA-007,False,Resolved,"[""ALT-CSE-07-04090""]"
CAS-CSE-07-0935,CSE-07,2024-12-13 11:25:19.733483,2024-12-13 11:47:32.258790,Alert investigated. No indicators of compromise found. Closed without escalation.,ANA-007,False,Resolved,"[""ALT-CSE-07-04110""]"
CAS-CSE-07-0936,CSE-07,2024-11-07 02:39:19.224882,2024-11-07 03:02:11.660970,Alert investigated. No indicators of compromise found. Closed without escalation.,ANA-007,False,Resolved,"[""ALT-CSE-07-04112""]"
CAS-CSE-07-0937,CSE-07,2024-12-06 19:11:34.441300,2024-12-06 19:33:17.998079,Alert investigated. No indicators of compromise found. Closed without escalation.,ANA-007,False,Resolved,"[""ALT-CSE-07-04123""]"
CAS-CSE-07-0938,CSE-07,2024-11-10 09:13:25.683135,2024-11-10 09:32:32.147378,Alert investigated. No indicators of compromise found. Closed without escalation.,ANA-007,False,Resolved,"[""ALT-CSE-07-04142""]"
CAS-CSE-07-0939,CSE-07,2024-12-09 18:28:34.518880,2024-12-09 18:35:57.066659,Alert investigated. No indicators of compromise found. Closed without escalation.,ANA-007,False,Resolved,"[""ALT-CSE-07-04178""]"
CAS-CSE-07-0940,CSE-07,2024-10-27 08:18:14.671534,2024-10-27 08:45:49.516055,Alert investigated. No indicators of compromise found. Closed without escalation.,ANA-007,False,Resolved,"[""ALT-CSE-07-04211""]"
CAS-CSE-07-0941,CSE-07,2024-12-16 12:25:56.606662,2024-12-16 12:51:49.626992,Alert investigated. No indicators of compromise found. Closed without escalation.,ANA-007,False,Resolved,"[""ALT-CSE-07-04238""]"
CAS-CSE-07-0942,CSE-07,2024-11-22 20:47:29.871087,2024-11-22 21:11:44.057150,Alert investigated. No indicators of compromise found. Closed without escalation.,ANA-007,False,Resolved,"[""ALT-CSE-07-04284""]"
CAS-CSE-07-0943,CSE-07,2024-11-18 23:04:17.365373,2024-11-18 23:25:39.313124,Alert investigated. No indicators of compromise found. Closed without escalation.,ANA-007,False,Resolved,"[""ALT-CSE-07-04309""]"
CAS-CSE-07-0944,CSE-07,2024-10-30 15:39:49.297067,2024-10-30 16:00:16.658024,Alert investigated. No indicators of compromise found. Closed without escalation.,ANA-007,False,Resolved,"[""ALT-CSE-07-04315""]"
CAS-CSE-07-0945,CSE-07,2024-12-10 16:46:24.779923,2024-12-10 16:59:07.263300,Alert investigated. No indicators of compromise found. Closed without escalation.,ANA-007,False,Resolved,"[""ALT-CSE-07-04321""]"
CAS-CSE-07-0946,CSE-07,2024-11-15 11:21:02.471012,2024-11-15 11:31:57.278576,Alert investigated. No indicators of compromise found. Closed without escalation.,ANA-007,False,Resolved,"[""ALT-CSE-07-04326""]"
CAS-CSE-07-0947,CSE-07,2024-12-19 06:36:34.059209,2024-12-19 06:50:36.237072,Investigated system activity on port 34138. Correlated firewall session logs.,ANA-007,False,Resolved,"[""ALT-CSE-07-04398""]"
CAS-CSE-07-0948,CSE-07,2024-12-21 15:23:56.723190,2024-12-21 15:38:46.306225,Alert investigated. No indicators of compromise found. Closed without escalation.,ANA-007,False,Resolved,"[""ALT-CSE-07-04399""]"
CAS-CSE-07-0949,CSE-07,2024-10-26 12:40:23.961914,2024-10-26 13:02:48.443637,Alert investigated. No indicators of compromise found. Closed without escalation.,ANA-007,False,Resolved,"[""ALT-CSE-07-04439""]"
CAS-CSE-07-0950,CSE-07,2024-10-05 17:16:48.362863,2024-10-05 17:44:00.612914,Alert investigated. No indicators of compromise found. Closed without escalation.,ANA-007,False,Resolved,"[""ALT-CSE-07-04470""]"
CAS-CSE-07-0951,CSE-07,2024-11-08 20:56:08.486702,2024-11-08 21:16:25.467959,Alert investigated. No indicators of compromise found. Closed without escalation.,ANA-007,False,Resolved,"[""ALT-CSE-07-04474""]"
CAS-CSE-07-0952,CSE-07,2024-11-17 12:18:30.048490,2024-11-17 12:29:13.604881,Investigated system activity on port 5930. Correlated firewall session logs.,ANA-007,False,Resolved,"[""ALT-CSE-07-04522""]"
CAS-CSE-07-0953,CSE-07,2024-10-15 15:33:49.808953,2024-10-15 15:42:40.204932,Alert investigated. No indicators of compromise found. Closed without escalation.,ANA-007,False,Resolved,"[""ALT-CSE-07-04529""]"
CAS-CSE-07-0954,CSE-07,2024-11-28 16:39:58.003360,2024-11-28 17:07:16.802752,Investigated system activity on port 22599. Correlated firewall session logs.,ANA-007,False,Resolved,"[""ALT-CSE-07-04566""]"
CAS-CSE-07-0955,CSE-07,2024-10-21 21:30:53.642468,2024-10-21 21:48:09.629047,Alert investigated. No indicators of compromise found. Closed without escalation.,ANA-007,False,Resolved,"[""ALT-CSE-07-04586""]"
CAS-CSE-07-0956,CSE-07,2024-11-09 01:02:27.728627,2024-11-09 01:19:12.657213,Alert investigated. No indicators of compromise found. Closed without escalation.,ANA-007,True,Resolved,"[""ALT-CSE-07-04616""]"
CAS-CSE-07-0957,CSE-07,2024-10-09 12:31:54.215701,2024-10-09 12:37:32.518605,Alert investigated. No indicators of compromise found. Closed without escalation.,ANA-007,False,Resolved,"[""ALT-CSE-07-04622""]"
CAS-CSE-07-0958,CSE-07,2024-10-11 16:25:53.317463,2024-10-11 16:47:20.626741,Alert investigated. No indicators of compromise found. Closed without escalation.,ANA-007,False,Resolved,"[""ALT-CSE-07-04623""]"
CAS-CSE-07-0959,CSE-07,2024-10-12 04:33:36.653822,2024-10-12 04:54:35.216875,Alert investigated. No indicators of compromise found. Closed without escalation.,ANA-007,False,Resolved,"[""ALT-CSE-07-04627""]"
CAS-CSE-07-0960,CSE-07,2024-11-21 22:24:55.259492,2024-11-21 22:44:21.423835,Alert investigated. No indicators of compromise found. Closed without escalation.,ANA-007,False,Resolved,"[""ALT-CSE-07-04653""]"
CAS-CSE-07-0961,CSE-07,2024-11-11 09:00:14.369685,2024-11-11 09:14:02.814670,Investigated system activity on port 5920. Correlated firewall session logs.,ANA-007,False,Resolved,"[""ALT-CSE-07-04663""]"
CAS-CSE-07-0962,CSE-07,2024-11-08 01:29:14.560649,2024-11-08 01:42:29.299767,Alert investigated. No indicators of compromise found. Closed without escalation.,ANA-007,False,Resolved,"[""ALT-CSE-07-04664""]"
CAS-CSE-07-0963,CSE-07,2024-10-07 08:02:27.029536,2024-10-07 08:13:49.743680,Investigated system activity on port 50485. Correlated firewall session logs.,ANA-007,False,Resolved,"[""ALT-CSE-07-04669""]"
CAS-CSE-07-0964,CSE-07,2024-10-27 11:04:50.200795,2024-10-27 11:22:02.578554,Investigated system activity on port 16790. Correlated firewall session logs.,ANA-007,False,Resolved,"[""ALT-CSE-07-04705""]"
CAS-CSE-07-0965,CSE-07,2024-11-14 01:54:28.678611,2024-11-14 02:11:18.499217,Alert investigated. No indicators of compromise found. Closed without escalation.,ANA-007,False,Resolved,"[""ALT-CSE-07-04710""]"
CAS-CSE-07-0966,CSE-07,2024-11-01 01:06:53.080106,2024-11-01 01:29:42.184548,Alert investigated. No indicators of compromise found. Closed without escalation.,ANA-007,False,Resolved,"[""ALT-CSE-07-04721""]"
CAS-CSE-07-0967,CSE-07,2024-10-15 18:32:25.971060,2024-10-15 18:58:35.242184,Investigated system activity on port 38075. Correlated firewall session logs.,ANA-007,False,Resolved,"[""ALT-CSE-07-04753""]"
CAS-CSE-07-0968,CSE-07,2024-10-09 16:08:43.504899,2024-10-09 16:23:26.861195,Alert investigated. No indicators of compromise found. Closed without escalation.,ANA-007,False,Resolved,"[""ALT-CSE-07-04759""]"
CAS-CSE-07-0969,CSE-07,2024-12-04 16:02:49.218311,2024-12-04 16:24:41.721004,Alert investigated. No indicators of compromise found. Closed without escalation.,ANA-007,False,Resolved,"[""ALT-CSE-07-04769""]"
