case_id,cse_id,opened_at,closed_at,investigation_text,investigator_id,escalated,resolution,alert_ids
CAS-CSE-09-0001,CSE-09,2024-11-26T16:59:45.455871,2024-11-26T18:14:28.537763,Citizen gateway access anomaly ALT-CSE-09-00000 correlated with rate-limiting WAF rules. No unauthorized token issuance.,CERT-IN-ANA-3,False,True Positive - Remediated,"[""ALT-CSE-09-00000""]"
CAS-CSE-09-0002,CSE-09,2024-10-31T00:42:15.443397,2024-10-31T01:33:25.695611,Citizen gateway access anomaly ALT-CSE-09-00008 correlated with rate-limiting WAF rules. No unauthorized token issuance.,CERT-IN-ANA-3,False,True Positive - Remediated,"[""ALT-CSE-09-00008""]"
CAS-CSE-09-0003,CSE-09,2024-10-11T08:48:21.816888,2024-10-11T09:46:55.425671,Citizen gateway access anomaly ALT-CSE-09-00010 correlated with rate-limiting WAF rules. No unauthorized token issuance.,CERT-IN-ANA-2,False,True Positive - Remediated,"[""ALT-CSE-09-00010""]"
CAS-CSE-09-0004,CSE-09,2024-11-22T08:11:49.336441,2024-11-22T09:38:11.145633,Citizen gateway access anomaly ALT-CSE-09-00011 correlated with rate-limiting WAF rules. No unauthorized token issuance.,CERT-IN-ANA-2,False,True Positive - Remediated,"[""ALT-CSE-09-00011""]"
CAS-CSE-09-0005,CSE-09,2024-10-04T14:53:00.163408,2024-10-04T16:13:38.813303,Citizen gateway access anomaly ALT-CSE-09-00016 correlated with rate-limiting WAF rules. No unauthorized token issuance.,CERT-IN-ANA-3,False,True Positive - Remediated,"[""ALT-CSE-09-00016""]"
CAS-CSE-09-0006,CSE-09,2024-10-16T22:36:49.583441,2024-10-16T23:51:54.911551,Citizen gateway access anomaly ALT-CSE-09-00018 correlated with rate-limiting WAF rules. No unauthorized token issuance.,CERT-IN-ANA-3,False,True Positive - Remediated,"[""ALT-CSE-09-00018""]"
CAS-CSE-09-0007,CSE-09,2024-11-17T04:44:36.668872,2024-11-17T05:52:09.464844,Citizen gateway access anomaly ALT-CSE-09-00020 correlated with rate-limiting WAF rules. No unauthorized token issuance.,CERT-IN-ANA-4,False,True Positive - Remediated,"[""ALT-CSE-09-00020""]"
CAS-CSE-09-0008,CSE-09,2024-11-26T10:54:37.483193,2024-11-26T11:37:56.731423,Citizen gateway access anomaly ALT-CSE-09-00038 correlated with rate-limiting WAF rules. No unauthorized token issuance.,CERT-IN-ANA-2,True,True Positive - Remediated,"[""ALT-CSE-09-00038""]"
CAS-CSE-09-0009,CSE-09,2024-11-06T21:21:11.298832,2024-11-06T22:32:04.281732,Citizen gateway access anomaly ALT-CSE-09-00043 correlated with rate-limiting WAF rules. No unauthorized token issuance.,CERT-IN-ANA-2,False,True Positive - Remediated,"[""ALT-CSE-09-00043""]"
CAS-CSE-09-0010,CSE-09,2024-10-14T17:04:56.193159,2024-10-14T18:18:05.673750,Citizen gateway access anomaly ALT-CSE-09-00045 correlated with rate-limiting WAF rules. No unauthorized token issuance.,CERT-IN-ANA-3,False,True Positive - Remediated,"[""ALT-CSE-09-00045""]"
CAS-CSE-09-0011,CSE-09,2024-12-29T02:52:06.535836,2024-12-29T03:46:26.378799,Citizen gateway access anomaly ALT-CSE-09-00049 correlated with rate-limiting WAF rules. No unauthorized token issuance.,CERT-IN-ANA-3,False,True Positive - Remediated,"[""ALT-CSE-09-00049""]"
CAS-CSE-09-0012,CSE-09,2024-11-18T22:32:36.892704,2024-11-18T23:51:30.796501,Citizen gateway access anomaly ALT-CSE-09-00054 correlated with rate-limiting WAF rules. No unauthorized token issuance.,CERT-IN-ANA-4,False,True Positive - Remediated,"[""ALT-CSE-09-00054""]"
CAS-CSE-09-0013,CSE-09,2024-12-28T18:48:07.851152,2024-12-28T19:46:46.494870,Citizen gateway access anomaly ALT-CSE-09-00062 correlated with rate-limiting WAF rules. No unauthorized token issuance.,CERT-IN-ANA-1,True,True Positive - Remediated,"[""ALT-CSE-09-00062""]"
CAS-CSE-09-0014,CSE-09,2024-11-27T03:05:45.541783,2024-11-27T04:41:20.518954,Citizen gateway access anomaly ALT-CSE-09-00071 correlated with rate-limiting WAF rules. No unauthorized token issuance.,CERT-IN-ANA-3,True,True Positive - Remediated,"[""ALT-CSE-09-00071""]"
CAS-CSE-09-0015,CSE-09,2024-11-01T18:43:47.273337,2024-11-01T19:59:08.743437,Citizen gateway access anomaly ALT-CSE-09-00075 correlated with rate-limiting WAF rules. No unauthorized token issuance.,CERT-IN-ANA-3,False,True Positive - Remediated,"[""ALT-CSE-09-00075""]"
CAS-CSE-09-0016,CSE-09,2024-12-25T00:20:32.937019,2024-12-25T01:47:16.009513,Citizen gateway access anomaly ALT-CSE-09-00081 correlated with rate-limiting WAF rules. No unauthorized token issuance.,CERT-IN-ANA-4,False,True Positive - Remediated,"[""ALT-CSE-09-00081""]"
CAS-CSE-09-0017,CSE-09,2024-11-06T20:07:39.826724,2024-11-06T21:29:48.565538,Citizen gateway access anomaly ALT-CSE-09-00086 correlated with rate-limiting WAF rules. No unauthorized token issuance.,CERT-IN-ANA-4,False,True Positive - Remediated,"[""ALT-CSE-09-00086""]"
CAS-CSE-09-0018,CSE-09,2024-12-25T18:00:07.425205,2024-12-25T19:38:03.516434,Citizen gateway access anomaly ALT-CSE-09-00090 correlated with rate-limiting WAF rules. No unauthorized token issuance.,CERT-IN-ANA-3,False,True Positive - Remediated,"[""ALT-CSE-09-00090""]"
CAS-CSE-09-0019,CSE-09,2024-12-09T18:42:56.402644,2024-12-09T20:02:38.067575,Citizen gateway access anomaly ALT-CSE-09-00091 correlated with rate-limiting WAF rules. No unauthorized token issuance.,CERT-IN-ANA-1,True,True Positive - Remediated,"[""ALT-CSE-09-00091""]"
CAS-CSE-09-0020,CSE-09,2024-11-28T20:00:26.507715,2024-11-28T20:35:57.657260,Citizen gateway access anomaly ALT-CSE-09-00094 correlated with rate-limiting WAF rules. No unauthorized token issuance.,CERT-IN-ANA-1,True,True Positive - Remediated,"[""ALT-CSE-09-00094""]"
CAS-CSE-09-0021,CSE-09,2024-10-20T00:06:56.243684,2024-10-20T01:21:34.079706,Citizen gateway access anomaly ALT-CSE-09-00108 correlated with rate-limiting WAF rules. No unauthorized token issuance.,CERT-IN-ANA-1,False,True Positive - Remediated,"[""ALT-CSE-09-00108""]"
CAS-CSE-09-0022,CSE-09,2024-12-15T11:27:27.980736,2024-12-15T11:53:29.303115,Citizen gateway access anomaly ALT-CSE-09-00112 correlated with rate-limiting WAF rules. No unauthorized token issuance.,CERT-IN-ANA-1,False,True Positive - Remediated,"[""ALT-CSE-09-00112""]"
CAS-CSE-09-0023,CSE-09,2024-10-20T04:49:19.740180,2024-10-20T06:14:32.311819,Citizen gateway access anomaly ALT-CSE-09-00113 correlated with rate-limiting WAF rules. No unauthorized token issuance.,CERT-IN-ANA-1,False,True Positive - Remediated,"[""ALT-CSE-09-00113""]"
CAS-CSE-09-0024,CSE-09,2024-10-25T23:57:31.424786,2024-10-26T01:04:28.108108,Citizen gateway access anomaly ALT-CSE-09-00118 correlated with rate-limiting WAF rules. No unauthorized token issuance.,CERT-IN-ANA-4,False,True Positive - Remediated,"[""ALT-CSE-09-00118""]"
CAS-CSE-09-0025,CSE-09,2024-12-12T22:37:39.917541,2024-12-13T00:12:40.994369,Citizen gateway access anomaly ALT-CSE-09-00121 correlated with rate-limiting WAF rules. No unauthorized token issuance.,CERT-IN-ANA-4,False,True Positive - Remediated,"[""ALT-CSE-09-00121""]"
CAS-CSE-09-0026,CSE-09,2024-10-01T12:22:01.776634,2024-10-01T13:49:08.308607,Citizen gateway access anomaly ALT-CSE-09-00128 correlated with rate-limiting WAF rules. No unauthorized token issuance.,CERT-IN-ANA-4,False,True Positive - Remediated,"[""ALT-CSE-09-00128""]"
CAS-CSE-09-0027,CSE-09,2024-12-03T20:37:49.114360,2024-12-03T22:21:02.811298,Citizen gateway access anomaly ALT-CSE-09-00129 correlated with rate-limiting WAF rules. No unauthorized token issuance.,CERT-IN-ANA-4,False,True Positive - Remediated,"[""ALT-CSE-09-00129""]"
CAS-CSE-09-0028,CSE-09,2024-11-08T05:23:04.681489,2024-11-08T06:34:04.908611,Citizen gateway access anomaly ALT-CSE-09-00130 correlated with rate-limiting WAF rules. No unauthorized token issuance.,CERT-IN-ANA-4,True,True Positive - Remediated,"[""ALT-CSE-09-00130""]"
CAS-CSE-09-0029,CSE-09,2024-11-13T19:49:02.281651,2024-11-13T20:43:58.949883,Citizen gateway access anomaly ALT-CSE-09-00132 correlated with rate-limiting WAF rules. No unauthorized token issuance.,CERT-IN-ANA-1,True,True Positive - Remediated,"[""ALT-CSE-09-00132""]"
CAS-CSE-09-0030,CSE-09,2024-12-20T20:29:14.561598,2024-12-20T21:07:28.035556,Citizen gateway access anomaly ALT-CSE-09-00137 correlated with rate-limiting WAF rules. No unauthorized token issuance.,CERT-IN-ANA-2,True,True Positive - Remediated,"[""ALT-CSE-09-00137""]"
CAS-CSE-09-0031,CSE-09,2024-12-03T08:56:27.617507,2024-12-03T09:39:10.486459,Citizen gateway access anomaly ALT-CSE-09-00143 correlated with rate-limiting WAF rules. No unauthorized token issuance.,CERT-IN-ANA-3,False,True Positive - Remediated,"[""ALT-CSE-09-00143""]"
CAS-CSE-09-0032,CSE-09,2024-11-11T13:20:33.850994,2024-11-11T14:41:00.749007,Citizen gateway access anomaly ALT-CSE-09-00150 correlated with rate-limiting WAF rules. No unauthorized token issuance.,CERT-IN-ANA-3,True,True Positive - Remediated,"[""ALT-CSE-09-00150""]"
CAS-CSE-09-0033,CSE-09,2024-10-15T21:44:07.908154,2024-10-15T23:16:24.608718,Citizen gateway access anomaly ALT-CSE-09-00152 correlated with rate-limiting WAF rules. No unauthorized token issuance.,CERT-IN-ANA-3,False,True Positive - Remediated,"[""ALT-CSE-09-00152""]"
CAS-CSE-09-0034,CSE-09,2024-12-29T03:42:23.284581,2024-12-29T05:22:45.454270,Citizen gateway access anomaly ALT-CSE-09-00156 correlated with rate-limiting WAF rules. No unauthorized token issuance.,CERT-IN-ANA-3,False,True Positive - Remediated,"[""ALT-CSE-09-00156""]"
CAS-CSE-09-0035,CSE-09,2024-12-03T18:18:31.734591,2024-12-03T18:53:56.595680,Citizen gateway access anomaly ALT-CSE-09-00158 correlated with rate-limiting WAF rules. No unauthorized token issuance.,CERT-IN-ANA-3,False,True Positive - Remediated,"[""ALT-CSE-09-00158""]"
CAS-CSE-09-0036,CSE-09,2024-12-04T11:11:37.168040,2024-12-04T12:11:49.549771,Citizen gateway access anomaly ALT-CSE-09-00174 correlated with rate-limiting WAF rules. No unauthorized token issuance.,CERT-IN-ANA-3,False,True Positive - Remediated,"[""ALT-CSE-09-00174""]"
CAS-CSE-09-0037,CSE-09,2024-10-27T11:50:44.951724,2024-10-27T12:47:03.266509,Citizen gateway access anomaly ALT-CSE-09-00188 correlated with rate-limiting WAF rules. No unauthorized token issuance.,CERT-IN-ANA-2,True,True Positive - Remediated,"[""ALT-CSE-09-00188""]"
CAS-CSE-09-0038,CSE-09,2024-10-29T22:50:18.898778,2024-10-29T23:36:19.173581,Citizen gateway access anomaly ALT-CSE-09-00190 correlated with rate-limiting WAF rules. No unauthorized token issuance.,CERT-IN-ANA-4,False,True Positive - Remediated,"[""ALT-CSE-09-00190""]"
CAS-CSE-09-0039,CSE-09,2024-11-01T23:56:56.143061,2024-11-02T01:40:08.542273,Citizen gateway access anomaly ALT-CSE-09-00194 correlated with rate-limiting WAF rules. No unauthorized token issuance.,CERT-IN-ANA-1,False,True Positive - Remediated,"[""ALT-CSE-09-00194""]"
CAS-CSE-09-0040,CSE-09,2024-10-03T16:32:01.299997,2024-10-03T17:51:55.115343,Citizen gateway access anomaly ALT-CSE-09-00203 correlated with rate-limiting WAF rules. No unauthorized token issuance.,CERT-IN-ANA-3,False,True Positive - Remediated,"[""ALT-CSE-09-00203""]"
CAS-CSE-09-0041,CSE-09,2024-10-12T05:02:38.335245,2024-10-12T05:54:10.865344,Citizen gateway access anomaly ALT-CSE-09-00219 correlated with rate-limiting WAF rules. No unauthorized token issuance.,CERT-IN-ANA-4,True,True Positive - Remediated,"[""ALT-CSE-09-00219""]"
CAS-CSE-09-0042,CSE-09,2024-11-30T23:43:13.186313,2024-12-01T01:13:26.034475,Citizen gateway access anomaly ALT-CSE-09-00221 correlated with rate-limiting WAF rules. No unauthorized token issuance.,CERT-IN-ANA-2,False,True Positive - Remediated,"[""ALT-CSE-09-00221""]"
CAS-CSE-09-0043,CSE-09,2024-12-01T09:50:47.091685,2024-12-01T11:28:07.175218,Citizen gateway access anomaly ALT-CSE-09-00223 correlated with rate-limiting WAF rules. No unauthorized token issuance.,CERT-IN-ANA-3,False,True Positive - Remediated,"[""ALT-CSE-09-00223""]"
CAS-CSE-09-0044,CSE-09,2024-11-04T23:48:07.613685,2024-11-05T00:27:58.339289,Citizen gateway access anomaly ALT-CSE-09-00234 correlated with rate-limiting WAF rules. No unauthorized token issuance.,CERT-IN-ANA-1,False,True Positive - Remediated,"[""ALT-CSE-09-00234""]"
CAS-CSE-09-0045,CSE-09,2024-10-23T22:47:10.609373,2024-10-23T23:25:59.019158,Citizen gateway access anomaly ALT-CSE-09-00236 correlated with rate-limiting WAF rules. No unauthorized token issuance.,CERT-IN-ANA-3,False,True Positive - Remediated,"[""ALT-CSE-09-00236""]"
CAS-CSE-09-0046,CSE-09,2024-11-28T16:33:15.653050,2024-11-28T18:09:34.753325,Citizen gateway access anomaly ALT-CSE-09-00247 correlated with rate-limiting WAF rules. No unauthorized token issuance.,CERT-IN-ANA-4,True,True Positive - Remediated,"[""ALT-CSE-09-00247""]"
CAS-CSE-09-0047,CSE-09,2024-10-21T05:32:38.961098,2024-10-21T06:15:27.939929,Citizen gateway access anomaly ALT-CSE-09-00275 correlated with rate-limiting WAF rules. No unauthorized token issuance.,CERT-IN-ANA-4,False,True Positive - Remediated,"[""ALT-CSE-09-00275""]"
CAS-CSE-09-0048,CSE-09,2024-10-16T09:07:45.000872,2024-10-16T10:16:33.349831,Citizen gateway access anomaly ALT-CSE-09-00276 correlated with rate-limiting WAF rules. No unauthorized token issuance.,CERT-IN-ANA-3,True,True Positive - Remediated,"[""ALT-CSE-09-00276""]"
CAS-CSE-09-0049,CSE-09,2024-12-28T16:48:49.702271,2024-12-28T18:00:06.305792,Citizen gateway access anomaly ALT-CSE-09-00279 correlated with rate-limiting WAF rules. No unauthorized token issuance.,CERT-IN-ANA-2,True,True Positive - Remediated,"[""ALT-CSE-09-00279""]"
CAS-CSE-09-0050,CSE-09,2024-11-12T15:13:23.558784,2024-11-12T16:26:11.127815,Citizen gateway access anomaly ALT-CSE-09-00282 correlated with rate-limiting WAF rules. No unauthorized token issuance.,CERT-IN-ANA-1,False,True Positive - Remediated,"[""ALT-CSE-09-00282""]"
CAS-CSE-09-0051,CSE-09,2024-10-08T16:11:10.602082,2024-10-08T17:17:15.938764,Citizen gateway access anomaly ALT-CSE-09-00287 correlated with rate-limiting WAF rules. No unauthorized token issuance.,CERT-IN-ANA-1,False,True Positive - Remediated,"[""ALT-CSE-09-00287""]"
CAS-CSE-09-0052,CSE-09,2024-10-18T21:20:16.675857,2024-10-18T22:13:56.552876,Citizen gateway access anomaly ALT-CSE-09-00290 correlated with rate-limiting WAF rules. No unauthorized token issuance.,CERT-IN-ANA-1,False,True Positive - Remediated,"[""ALT-CSE-09-00290""]"
CAS-CSE-09-0053,CSE-09,2024-10-12T19:00:10.102665,2024-10-12T19:55:06.963504,Citizen gateway access anomaly ALT-CSE-09-00301 correlated with rate-limiting WAF rules. No unauthorized token issuance.,CERT-IN-ANA-2,False,True Positive - Remediated,"[""ALT-CSE-09-00301""]"
CAS-CSE-09-0054,CSE-09,2024-12-27T22:46:29.303065,2024-12-28T00:06:13.041955,Citizen gateway access anomaly ALT-CSE-09-00306 correlated with rate-limiting WAF rules. No unauthorized token issuance.,CERT-IN-ANA-2,True,True Positive - Remediated,"[""ALT-CSE-09-00306""]"
CAS-CSE-09-0055,CSE-09,2024-10-10T23:02:24.993520,2024-10-11T00:26:24.302294,Citizen gateway access anomaly ALT-CSE-09-00310 correlated with rate-limiting WAF rules. No unauthorized token issuance.,CERT-IN-ANA-2,False,True Positive - Remediated,"[""ALT-CSE-09-00310""]"
CAS-CSE-09-0056,CSE-09,2024-12-01T13:51:05.059076,2024-12-01T14:42:51.463432,Citizen gateway access anomaly ALT-CSE-09-00311 correlated with rate-limiting WAF rules. No unauthorized token issuance.,CERT-IN-ANA-1,False,True Positive - Remediated,"[""ALT-CSE-09-00311""]"
CAS-CSE-09-0057,CSE-09,2024-12-18T07:49:38.809255,2024-12-18T08:31:19.966221,Citizen gateway access anomaly ALT-CSE-09-00319 correlated with rate-limiting WAF rules. No unauthorized token issuance.,CERT-IN-ANA-1,False,True Positive - Remediated,"[""ALT-CSE-09-00319""]"
CAS-CSE-09-0058,CSE-09,2024-10-03T01:39:32.381563,2024-10-03T03:23:45.840870,Citizen gateway access anomaly ALT-CSE-09-00321 correlated with rate-limiting WAF rules. No unauthorized token issuance.,CERT-IN-ANA-2,False,True Positive - Remediated,"[""ALT-CSE-09-00321""]"
CAS-CSE-09-0059,CSE-09,2024-12-17T03:46:24.830392,2024-12-17T04:57:59.400633,Citizen gateway access anomaly ALT-CSE-09-00327 correlated with rate-limiting WAF rules. No unauthorized token issuance.,CERT-IN-ANA-4,False,True Positive - Remediated,"[""ALT-CSE-09-00327""]"
CAS-CSE-09-0060,CSE-09,2024-11-20T07:51:21.085648,2024-11-20T09:20:18.734166,Citizen gateway access anomaly ALT-CSE-09-00331 correlated with rate-limiting WAF rules. No unauthorized token issuance.,CERT-IN-ANA-2,False,True Positive - Remediated,"[""ALT-CSE-09-00331""]"
CAS-CSE-09-0061,CSE-09,2024-10-01T19:34:17.984015,2024-10-01T20:36:05.434945,Citizen gateway access anomaly ALT-CSE-09-00332 correlated with rate-limiting WAF rules. No unauthorized token issuance.,CERT-IN-ANA-1,True,True Positive - Remediated,"[""ALT-CSE-09-00332""]"
CAS-CSE-09-0062,CSE-09,2024-12-18T17:42:50.282945,2024-12-18T19:18:24.705359,Citizen gateway access anomaly ALT-CSE-09-00342 correlated with rate-limiting WAF rules. No unauthorized token issuance.,CERT-IN-ANA-4,False,True Positive - Remediated,"[""ALT-CSE-09-00342""]"
CAS-CSE-09-0063,CSE-09,2024-12-03T17:57:39.344256,2024-12-03T18:48:09.204994,Citizen gateway access anomaly ALT-CSE-09-00376 correlated with rate-limiting WAF rules. No unauthorized token issuance.,CERT-IN-ANA-2,False,True Positive - Remediated,"[""ALT-CSE-09-00376""]"
CAS-CSE-09-0064,CSE-09,2024-12-01T23:09:28.865775,2024-12-02T00:27:33.156552,Citizen gateway access anomaly ALT-CSE-09-00377 correlated with rate-limiting WAF rules. No unauthorized token issuance.,CERT-IN-ANA-2,False,True Positive - Remediated,"[""ALT-CSE-09-00377""]"
CAS-CSE-09-0065,CSE-09,2024-11-21T21:19:49.987311,2024-11-21T22:05:05.672481,Citizen gateway access anomaly ALT-CSE-09-00380 correlated with rate-limiting WAF rules. No unauthorized token issuance.,CERT-IN-ANA-4,False,True Positive - Remediated,"[""ALT-CSE-09-00380""]"
CAS-CSE-09-0066,CSE-09,2024-12-18T04:37:48.233806,2024-12-18T05:11:18.263037,Citizen gateway access anomaly ALT-CSE-09-00387 correlated with rate-limiting WAF rules. No unauthorized token issuance.,CERT-IN-ANA-4,False,True Positive - Remediated,"[""ALT-CSE-09-00387""]"
CAS-CSE-09-0067,CSE-09,2024-11-26T11:10:40.565555,2024-11-26T12:45:11.110717,Citizen gateway access anomaly ALT-CSE-09-00390 correlated with rate-limiting WAF rules. No unauthorized token issuance.,CERT-IN-ANA-2,False,True Positive - Remediated,"[""ALT-CSE-09-00390""]"
CAS-CSE-09-0068,CSE-09,2024-10-22T12:31:50.923015,2024-10-22T13:25:13.373313,Citizen gateway access anomaly ALT-CSE-09-00395 correlated with rate-limiting WAF rules. No unauthorized token issuance.,CERT-IN-ANA-3,False,True Positive - Remediated,"[""ALT-CSE-09-00395""]"
CAS-CSE-09-0069,CSE-09,2024-10-18T11:34:23.917161,2024-10-18T12:56:21.679691,Citizen gateway access anomaly ALT-CSE-09-00397 correlated with rate-limiting WAF rules. No unauthorized token issuance.,CERT-IN-ANA-4,True,True Positive - Remediated,"[""ALT-CSE-09-00397""]"
CAS-CSE-09-0070,CSE-09,2024-11-21T11:22:41.164335,2024-11-21T12:50:31.465783,Citizen gateway access anomaly ALT-CSE-09-00406 correlated with rate-limiting WAF rules. No unauthorized token issuance.,CERT-IN-ANA-4,False,True Positive - Remediated,"[""ALT-CSE-09-00406""]"
CAS-CSE-09-0071,CSE-09,2024-12-04T09:27:30.434968,2024-12-04T10:39:47.193114,Citizen gateway access anomaly ALT-CSE-09-00411 correlated with rate-limiting WAF rules. No unauthorized token issuance.,CERT-IN-ANA-3,False,True Positive - Remediated,"[""ALT-CSE-09-00411""]"
CAS-CSE-09-0072,CSE-09,2024-12-18T02:06:50.029597,2024-12-18T03:19:10.804838,Citizen gateway access anomaly ALT-CSE-09-00413 correlated with rate-limiting WAF rules. No unauthorized token issuance.,CERT-IN-ANA-2,False,True Positive - Remediated,"[""ALT-CSE-09-00413""]"
CAS-CSE-09-0073,CSE-09,2024-12-21T11:42:06.925946,2024-12-21T13:08:34.199635,Citizen gateway access anomaly ALT-CSE-09-00417 correlated with rate-limiting WAF rules. No unauthorized token issuance.,CERT-IN-ANA-3,False,True Positive - Remediated,"[""ALT-CSE-09-00417""]"
CAS-CSE-09-0074,CSE-09,2024-10-02T12:26:57.800595,2024-10-02T13:37:34.724771,Citizen gateway access anomaly ALT-CSE-09-00418 correlated with rate-limiting WAF rules. No unauthorized token issuance.,CERT-IN-ANA-1,False,True Positive - Remediated,"[""ALT-CSE-09-00418""]"
CAS-CSE-09-0075,CSE-09,2024-11-09T15:23:38.611669,2024-11-09T16:28:52.417119,Citizen gateway access anomaly ALT-CSE-09-00424 correlated with rate-limiting WAF rules. No unauthorized token issuance.,CERT-IN-ANA-1,True,True Positive - Remediated,"[""ALT-CSE-09-00424""]"
CAS-CSE-09-0076,CSE-09,2024-12-05T04:13:17.141045,2024-12-05T04:59:51.343834,Citizen gateway access anomaly ALT-CSE-09-00425 correlated with rate-limiting WAF rules. No unauthorized token issuance.,CERT-IN-ANA-2,False,True Positive - Remediated,"[""ALT-CSE-09-00425""]"
CAS-CSE-09-0077,CSE-09,2024-11-27T05:46:07.708067,2024-11-27T06:47:14.088796,Citizen gateway access anomaly ALT-CSE-09-00429 correlated with rate-limiting WAF rules. No unauthorized token issuance.,CERT-IN-ANA-2,False,True Positive - Remediated,"[""ALT-CSE-09-00429""]"
CAS-CSE-09-0078,CSE-09,2024-10-14T12:29:29.564834,2024-10-14T13:13:40.189581,Citizen gateway access anomaly ALT-CSE-09-00442 correlated with rate-limiting WAF rules. No unauthorized token issuance.,CERT-IN-ANA-4,True,True Positive - Remediated,"[""ALT-CSE-09-00442""]"
CAS-CSE-09-0079,CSE-09,2024-12-18T01:12:08.288706,2024-12-18T02:23:11.424763,Citizen gateway access anomaly ALT-CSE-09-00446 correlated with rate-limiting WAF rules. No unauthorized token issuance.,CERT-IN-ANA-4,False,True Positive - Remediated,"[""ALT-CSE-09-00446""]"
CAS-CSE-09-0080,CSE-09,2024-12-10T03:23:19.295050,2024-12-10T04:35:14.090760,Citizen gateway access anomaly ALT-CSE-09-00453 correlated with rate-limiting WAF rules. No unauthorized token issuance.,CERT-IN-ANA-4,True,True Positive - Remediated,"[""ALT-CSE-09-00453""]"
CAS-CSE-09-0081,CSE-09,2024-10-24T02:53:32.916427,2024-10-24T03:28:00.025471,Citizen gateway access anomaly ALT-CSE-09-00454 correlated with rate-limiting WAF rules. No unauthorized token issuance.,CERT-IN-ANA-2,False,True Positive - Remediated,"[""ALT-CSE-09-00454""]"
CAS-CSE-09-0082,CSE-09,2024-12-09T05:02:30.140057,2024-12-09T06:15:26.157595,Citizen gateway access anomaly ALT-CSE-09-00462 correlated with rate-limiting WAF rules. No unauthorized token issuance.,CERT-IN-ANA-4,False,True Positive - Remediated,"[""ALT-CSE-09-00462""]"
CAS-CSE-09-0083,CSE-09,2024-10-24T06:58:24.056713,2024-10-24T07:30:29.407070,Citizen gateway access anomaly ALT-CSE-09-00470 correlated with rate-limiting WAF rules. No unauthorized token issuance.,CERT-IN-ANA-1,False,True Positive - Remediated,"[""ALT-CSE-09-00470""]"
CAS-CSE-09-0084,CSE-09,2024-11-28T18:59:01.409942,2024-11-28T20:01:45.951389,Citizen gateway access anomaly ALT-CSE-09-00476 correlated with rate-limiting WAF rules. No unauthorized token issuance.,CERT-IN-ANA-1,False,True Positive - Remediated,"[""ALT-CSE-09-00476""]"
CAS-CSE-09-0085,CSE-09,2024-12-02T20:19:51.131002,2024-12-02T21:46:53.053713,Citizen gateway access anomaly ALT-CSE-09-00497 correlated with rate-limiting WAF rules. No unauthorized token issuance.,CERT-IN-ANA-3,True,True Positive - Remediated,"[""ALT-CSE-09-00497""]"
CAS-CSE-09-0086,CSE-09,2024-10-27T19:19:07.478312,2024-10-27T20:01:24.684135,Citizen gateway access anomaly ALT-CSE-09-00502 correlated with rate-limiting WAF rules. No unauthorized token issuance.,CERT-IN-ANA-4,False,True Positive - Remediated,"[""ALT-CSE-09-00502""]"
CAS-CSE-09-0087,CSE-09,2024-10-19T20:04:05.006755,2024-10-19T21:31:35.999022,Citizen gateway access anomaly ALT-CSE-09-00516 correlated with rate-limiting WAF rules. No unauthorized token issuance.,CERT-IN-ANA-4,False,True Positive - Remediated,"[""ALT-CSE-09-00516""]"
CAS-CSE-09-0088,CSE-09,2024-11-10T04:17:17.612619,2024-11-10T05:47:40.220352,Citizen gateway access anomaly ALT-CSE-09-00517 correlated with rate-limiting WAF rules. No unauthorized token issuance.,CERT-IN-ANA-4,False,True Positive - Remediated,"[""ALT-CSE-09-00517""]"
CAS-CSE-09-0089,CSE-09,2024-10-19T07:48:31.978469,2024-10-19T09:15:45.649089,Citizen gateway access anomaly ALT-CSE-09-00525 correlated with rate-limiting WAF rules. No unauthorized token issuance.,CERT-IN-ANA-4,False,True Positive - Remediated,"[""ALT-CSE-09-00525""]"
CAS-CSE-09-0090,CSE-09,2024-11-19T12:33:45.918607,2024-11-19T14:00:33.226128,Citizen gateway access anomaly ALT-CSE-09-00539 correlated with rate-limiting WAF rules. No unauthorized token issuance.,CERT-IN-ANA-2,False,True Positive - Remediated,"[""ALT-CSE-09-00539""]"
CAS-CSE-09-0091,CSE-09,2024-10-22T20:27:05.307934,2024-10-22T22:02:10.221835,Citizen gateway access anomaly ALT-CSE-09-00541 correlated with rate-limiting WAF rules. No unauthorized token issuance.,CERT-IN-ANA-1,False,True Positive - Remediated,"[""ALT-CSE-09-00541""]"
CAS-CSE-09-0092,CSE-09,2024-10-03T19:12:14.719039,2024-10-03T20:44:26.666171,Citizen gateway access anomaly ALT-CSE-09-00542 correlated with rate-limiting WAF rules. No unauthorized token issuance.,CERT-IN-ANA-3,False,True Positive - Remediated,"[""ALT-CSE-09-00542""]"
CAS-CSE-09-0093,CSE-09,2024-12-16T04:45:39.304081,2024-12-16T06:04:24.488139,Citizen gateway access anomaly ALT-CSE-09-00545 correlated with rate-limiting WAF rules. No unauthorized token issuance.,CERT-IN-ANA-3,False,True Positive - Remediated,"[""ALT-CSE-09-00545""]"
CAS-CSE-09-0094,CSE-09,2024-12-15T09:46:52.065151,2024-12-15T10:51:21.074580,Citizen gateway access anomaly ALT-CSE-09-00551 correlated with rate-limiting WAF rules. No unauthorized token issuance.,CERT-IN-ANA-1,True,True Positive - Remediated,"[""ALT-CSE-09-00551""]"
CAS-CSE-09-0095,CSE-09,2024-11-22T20:09:47.288061,2024-11-22T21:43:17.702935,Citizen gateway access anomaly ALT-CSE-09-00553 correlated with rate-limiting WAF rules. No unauthorized token issuance.,CERT-IN-ANA-1,False,True Positive - Remediated,"[""ALT-CSE-09-00553""]"
CAS-CSE-09-0096,CSE-09,2024-12-19T20:49:14.317696,2024-12-19T21:28:24.863991,Citizen gateway access anomaly ALT-CSE-09-00568 correlated with rate-limiting WAF rules. No unauthorized token issuance.,CERT-IN-ANA-3,True,True Positive - Remediated,"[""ALT-CSE-09-00568""]"
CAS-CSE-09-0097,CSE-09,2024-10-10T02:03:02.872471,2024-10-10T02:55:28.613861,Citizen gateway access anomaly ALT-CSE-09-00576 correlated with rate-limiting WAF rules. No unauthorized token issuance.,CERT-IN-ANA-2,False,True Positive - Remediated,"[""ALT-CSE-09-00576""]"
CAS-CSE-09-0098,CSE-09,2024-10-22T11:40:42.222815,2024-10-22T12:11:54.386040,Citizen gateway access anomaly ALT-CSE-09-00577 correlated with rate-limiting WAF rules. No unauthorized token issuance.,CERT-IN-ANA-4,False,True Positive - Remediated,"[""ALT-CSE-09-00577""]"
CAS-CSE-09-0099,CSE-09,2024-11-01T06:01:39.292622,2024-11-01T07:16:37.366943,Citizen gateway access anomaly ALT-CSE-09-00579 correlated with rate-limiting WAF rules. No unauthorized token issuance.,CERT-IN-ANA-3,False,True Positive - Remediated,"[""ALT-CSE-09-00579""]"
CAS-CSE-09-0100,CSE-09,2024-11-20T07:29:35.870573,2024-11-20T08:22:37.925482,Citizen gateway access anomaly ALT-CSE-09-00583 correlated with rate-limiting WAF rules. No unauthorized token issuance.,CERT-IN-ANA-2,False,True Positive - Remediated,"[""ALT-CSE-09-00583""]"
CAS-CSE-09-0101,CSE-09,2024-10-22T19:13:42.175563,2024-10-22T19:49:44.464773,Citizen gateway access anomaly ALT-CSE-09-00588 correlated with rate-limiting WAF rules. No unauthorized token issuance.,CERT-IN-ANA-1,True,True Positive - Remediated,"[""ALT-CSE-09-00588""]"
CAS-CSE-09-0102,CSE-09,2024-10-03T18:20:20.492358,2024-10-03T19:03:46.611579,Citizen gateway access anomaly ALT-CSE-09-00591 correlated with rate-limiting WAF rules. No unauthorized token issuance.,CERT-IN-ANA-2,False,True Positive - Remediated,"[""ALT-CSE-09-00591""]"
CAS-CSE-09-0103,CSE-09,2024-10-06T21:43:53.362320,2024-10-06T22:21:20.846703,Citizen gateway access anomaly ALT-CSE-09-00596 correlated with rate-limiting WAF rules. No unauthorized token issuance.,CERT-IN-ANA-1,False,True Positive - Remediated,"[""ALT-CSE-09-00596""]"
CAS-CSE-09-0104,CSE-09,2024-11-07T16:49:58.978998,2024-11-07T17:38:48.311778,Citizen gateway access anomaly ALT-CSE-09-00603 correlated with rate-limiting WAF rules. No unauthorized token issuance.,CERT-IN-ANA-2,False,True Positive - Remediated,"[""ALT-CSE-09-00603""]"
CAS-CSE-09-0105,CSE-09,2024-12-03T16:22:09.624274,2024-12-03T16:56:12.149315,Citizen gateway access anomaly ALT-CSE-09-00604 correlated with rate-limiting WAF rules. No unauthorized token issuance.,CERT-IN-ANA-4,False,True Positive - Remediated,"[""ALT-CSE-09-00604""]"
CAS-CSE-09-0106,CSE-09,2024-10-25T01:15:39.584675,2024-10-25T02:12:53.977743,Citizen gateway access anomaly ALT-CSE-09-00608 correlated with rate-limiting WAF rules. No unauthorized token issuance.,CERT-IN-ANA-4,False,True Positive - Remediated,"[""ALT-CSE-09-00608""]"
CAS-CSE-09-0107,CSE-09,2024-10-29T04:26:30.571447,2024-10-29T05:07:25.239301,Citizen gateway access anomaly ALT-CSE-09-00609 correlated with rate-limiting WAF rules. No unauthorized token issuance.,CERT-IN-ANA-1,True,True Positive - Remediated,"[""ALT-CSE-09-00609""]"
CAS-CSE-09-0108,CSE-09,2024-10-20T01:43:00.800218,2024-10-20T02:59:56.128889,Citizen gateway access anomaly ALT-CSE-09-00611 correlated with rate-limiting WAF rules. No unauthorized token issuance.,CERT-IN-ANA-4,False,True Positive - Remediated,"[""ALT-CSE-09-00611""]"
CAS-CSE-09-0109,CSE-09,2024-11-15T04:16:42.020642,2024-11-15T05:27:37.733878,Citizen gateway access anomaly ALT-CSE-09-00615 correlated with rate-limiting WAF rules. No unauthorized token issuance.,CERT-IN-ANA-2,True,True Positive - Remediated,"[""ALT-CSE-09-00615""]"
CAS-CSE-09-0110,CSE-09,2024-12-04T22:36:02.790137,2024-12-04T23:46:47.459224,Citizen gateway access anomaly ALT-CSE-09-00619 correlated with rate-limiting WAF rules. No unauthorized token issuance.,CERT-IN-ANA-1,False,True Positive - Remediated,"[""ALT-CSE-09-00619""]"
CAS-CSE-09-0111,CSE-09,2024-10-08T11:21:35.498194,2024-10-08T12:39:01.464726,Citizen gateway access anomaly ALT-CSE-09-00621 correlated with rate-limiting WAF rules. No unauthorized token issuance.,CERT-IN-ANA-1,False,True Positive - Remediated,"[""ALT-CSE-09-00621""]"
CAS-CSE-09-0112,CSE-09,2024-11-17T15:48:03.208317,2024-11-17T16:20:06.781051,Citizen gateway access anomaly ALT-CSE-09-00626 correlated with rate-limiting WAF rules. No unauthorized token issuance.,CERT-IN-ANA-1,True,True Positive - Remediated,"[""ALT-CSE-09-00626""]"
CAS-CSE-09-0113,CSE-09,2024-10-13T10:22:56.178544,2024-10-13T11:33:42.409909,Citizen gateway access anomaly ALT-CSE-09-00627 correlated with rate-limiting WAF rules. No unauthorized token issuance.,CERT-IN-ANA-2,False,True Positive - Remediated,"[""ALT-CSE-09-00627""]"
CAS-CSE-09-0114,CSE-09,2024-11-19T01:31:33.619636,2024-11-19T02:11:47.775099,Citizen gateway access anomaly ALT-CSE-09-00630 correlated with rate-limiting WAF rules. No unauthorized token issuance.,CERT-IN-ANA-4,False,True Positive - Remediated,"[""ALT-CSE-09-00630""]"
CAS-CSE-09-0115,CSE-09,2024-10-24T06:11:30.360466,2024-10-24T07:21:15.633160,Citizen gateway access anomaly ALT-CSE-09-00643 correlated with rate-limiting WAF rules. No unauthorized token issuance.,CERT-IN-ANA-3,False,True Positive - Remediated,"[""ALT-CSE-09-00643""]"
CAS-CSE-09-0116,CSE-09,2024-12-02T07:27:44.510292,2024-12-02T08:59:07.897803,Citizen gateway access anomaly ALT-CSE-09-00647 correlated with rate-limiting WAF rules. No unauthorized token issuance.,CERT-IN-ANA-4,True,True Positive - Remediated,"[""ALT-CSE-09-00647""]"
CAS-CSE-09-0117,CSE-09,2024-12-20T16:22:20.090453,2024-12-20T17:31:32.579485,Citizen gateway access anomaly ALT-CSE-09-00648 correlated with rate-limiting WAF rules. No unauthorized token issuance.,CERT-IN-ANA-1,False,True Positive - Remediated,"[""ALT-CSE-09-00648""]"
CAS-CSE-09-0118,CSE-09,2024-10-22T03:11:25.832522,2024-10-22T03:51:32.056563,Citizen gateway access anomaly ALT-CSE-09-00656 correlated with rate-limiting WAF rules. No unauthorized token issuance.,CERT-IN-ANA-1,False,True Positive - Remediated,"[""ALT-CSE-09-00656""]"
CAS-CSE-09-0119,CSE-09,2024-12-01T04:45:22.939226,2024-12-01T05:36:37.977364,Citizen gateway access anomaly ALT-CSE-09-00662 correlated with rate-limiting WAF rules. No unauthorized token issuance.,CERT-IN-ANA-1,False,True Positive - Remediated,"[""ALT-CSE-09-00662""]"
CAS-CSE-09-0120,CSE-09,2024-12-01T17:55:58.531312,2024-12-01T19:09:10.364449,Citizen gateway access anomaly ALT-CSE-09-00675 correlated with rate-limiting WAF rules. No unauthorized token issuance.,CERT-IN-ANA-2,False,True Positive - Remediated,"[""ALT-CSE-09-00675""]"
CAS-CSE-09-0121,CSE-09,2024-10-01T18:29:57.795426,2024-10-01T19:39:56.380163,Citizen gateway access anomaly ALT-CSE-09-00687 correlated with rate-limiting WAF rules. No unauthorized token issuance.,CERT-IN-ANA-4,False,True Positive - Remediated,"[""ALT-CSE-09-00687""]"
CAS-CSE-09-0122,CSE-09,2024-10-25T08:59:18.470738,2024-10-25T10:13:31.762844,Citizen gateway access anomaly ALT-CSE-09-00691 correlated with rate-limiting WAF rules. No unauthorized token issuance.,CERT-IN-ANA-1,False,True Positive - Remediated,"[""ALT-CSE-09-00691""]"
CAS-CSE-09-0123,CSE-09,2024-12-24T22:01:07.893047,2024-12-24T23:02:12.696939,Citizen gateway access anomaly ALT-CSE-09-00692 correlated with rate-limiting WAF rules. No unauthorized token issuance.,CERT-IN-ANA-3,False,True Positive - Remediated,"[""ALT-CSE-09-00692""]"
CAS-CSE-09-0124,CSE-09,2024-12-29T20:29:39.204074,2024-12-29T21:51:50.167851,Citizen gateway access anomaly ALT-CSE-09-00694 correlated with rate-limiting WAF rules. No unauthorized token issuance.,CERT-IN-ANA-4,False,True Positive - Remediated,"[""ALT-CSE-09-00694""]"
CAS-CSE-09-0125,CSE-09,2024-12-23T21:19:10.139884,2024-12-23T22:53:26.354872,Citizen gateway access anomaly ALT-CSE-09-00708 correlated with rate-limiting WAF rules. No unauthorized token issuance.,CERT-IN-ANA-3,False,True Positive - Remediated,"[""ALT-CSE-09-00708""]"
CAS-CSE-09-0126,CSE-09,2024-11-15T11:33:11.468026,2024-11-15T12:18:44.380181,Citizen gateway access anomaly ALT-CSE-09-00711 correlated with rate-limiting WAF rules. No unauthorized token issuance.,CERT-IN-ANA-1,False,True Positive - Remediated,"[""ALT-CSE-09-00711""]"
CAS-CSE-09-0127,CSE-09,2024-11-11T09:18:33.510325,2024-11-11T10:23:20.440095,Citizen gateway access anomaly ALT-CSE-09-00717 correlated with rate-limiting WAF rules. No unauthorized token issuance.,CERT-IN-ANA-1,False,True Positive - Remediated,"[""ALT-CSE-09-00717""]"
CAS-CSE-09-0128,CSE-09,2024-10-29T09:04:58.146482,2024-10-29T09:44:49.046270,Citizen gateway access anomaly ALT-CSE-09-00721 correlated with rate-limiting WAF rules. No unauthorized token issuance.,CERT-IN-ANA-1,True,True Positive - Remediated,"[""ALT-CSE-09-00721""]"
CAS-CSE-09-0129,CSE-09,2024-12-17T17:54:56.479280,2024-12-17T18:34:57.231606,Citizen gateway access anomaly ALT-CSE-09-00722 correlated with rate-limiting WAF rules. No unauthorized token issuance.,CERT-IN-ANA-3,False,True Positive - Remediated,"[""ALT-CSE-09-00722""]"
CAS-CSE-09-0130,CSE-09,2024-11-13T18:34:52.394470,2024-11-13T19:24:19.692993,Citizen gateway access anomaly ALT-CSE-09-00729 correlated with rate-limiting WAF rules. No unauthorized token issuance.,CERT-IN-ANA-1,False,True Positive - Remediated,"[""ALT-CSE-09-00729""]"
CAS-CSE-09-0131,CSE-09,2024-10-12T17:10:11.423954,2024-10-12T18:28:08.778632,Citizen gateway access anomaly ALT-CSE-09-00732 correlated with rate-limiting WAF rules. No unauthorized token issuance.,CERT-IN-ANA-2,False,True Positive - Remediated,"[""ALT-CSE-09-00732""]"
CAS-CSE-09-0132,CSE-09,2024-10-19T16:35:56.643400,2024-10-19T17:22:55.469325,Citizen gateway access anomaly ALT-CSE-09-00733 correlated with rate-limiting WAF rules. No unauthorized token issuance.,CERT-IN-ANA-3,True,True Positive - Remediated,"[""ALT-CSE-09-00733""]"
CAS-CSE-09-0133,CSE-09,2024-12-28T02:02:53.407485,2024-12-28T03:37:30.493188,Citizen gateway access anomaly ALT-CSE-09-00735 correlated with rate-limiting WAF rules. No unauthorized token issuance.,CERT-IN-ANA-3,True,True Positive - Remediated,"[""ALT-CSE-09-00735""]"
CAS-CSE-09-0134,CSE-09,2024-10-23T02:54:07.175610,2024-10-23T04:33:57.892473,Citizen gateway access anomaly ALT-CSE-09-00738 correlated with rate-limiting WAF rules. No unauthorized token issuance.,CERT-IN-ANA-4,False,True Positive - Remediated,"[""ALT-CSE-09-00738""]"
CAS-CSE-09-0135,CSE-09,2024-10-04T21:48:26.695715,2024-10-04T23:15:21.287577,Citizen gateway access anomaly ALT-CSE-09-00742 correlated with rate-limiting WAF rules. No unauthorized token issuance.,CERT-IN-ANA-2,False,True Positive - Remediated,"[""ALT-CSE-09-00742""]"
CAS-CSE-09-0136,CSE-09,2024-11-03T15:52:09.048411,2024-11-03T16:57:59.850798,Citizen gateway access anomaly ALT-CSE-09-00748 correlated with rate-limiting WAF rules. No unauthorized token issuance.,CERT-IN-ANA-1,False,True Positive - Remediated,"[""ALT-CSE-09-00748""]"
CAS-CSE-09-0137,CSE-09,2024-10-24T04:09:16.929567,2024-10-24T05:22:04.731426,Citizen gateway access anomaly ALT-CSE-09-00750 correlated with rate-limiting WAF rules. No unauthorized token issuance.,CERT-IN-ANA-1,False,True Positive - Remediated,"[""ALT-CSE-09-00750""]"
CAS-CSE-09-0138,CSE-09,2024-11-17T06:25:31.773388,2024-11-17T08:02:06.316409,Citizen gateway access anomaly ALT-CSE-09-00757 correlated with rate-limiting WAF rules. No unauthorized token issuance.,CERT-IN-ANA-4,False,True Positive - Remediated,"[""ALT-CSE-09-00757""]"
CAS-CSE-09-0139,CSE-09,2024-10-28T02:19:32.918019,2024-10-28T02:54:18.279893,Citizen gateway access anomaly ALT-CSE-09-00761 correlated with rate-limiting WAF rules. No unauthorized token issuance.,CERT-IN-ANA-4,False,True Positive - Remediated,"[""ALT-CSE-09-00761""]"
CAS-CSE-09-0140,CSE-09,2024-12-10T18:30:22.158753,2024-12-10T19:57:55.846702,Citizen gateway access anomaly ALT-CSE-09-00762 correlated with rate-limiting WAF rules. No unauthorized token issuance.,CERT-IN-ANA-4,False,True Positive - Remediated,"[""ALT-CSE-09-00762""]"
CAS-CSE-09-0141,CSE-09,2024-11-22T02:51:49.445242,2024-11-22T03:23:42.937735,Citizen gateway access anomaly ALT-CSE-09-00764 correlated with rate-limiting WAF rules. No unauthorized token issuance.,CERT-IN-ANA-4,False,True Positive - Remediated,"[""ALT-CSE-09-00764""]"
CAS-CSE-09-0142,CSE-09,2024-12-15T04:30:45.658927,2024-12-15T06:07:29.057170,Citizen gateway access anomaly ALT-CSE-09-00767 correlated with rate-limiting WAF rules. No unauthorized token issuance.,CERT-IN-ANA-3,False,True Positive - Remediated,"[""ALT-CSE-09-00767""]"
CAS-CSE-09-0143,CSE-09,2024-10-03T21:51:53.057532,2024-10-03T22:36:59.183281,Citizen gateway access anomaly ALT-CSE-09-00773 correlated with rate-limiting WAF rules. No unauthorized token issuance.,CERT-IN-ANA-3,False,True Positive - Remediated,"[""ALT-CSE-09-00773""]"
CAS-CSE-09-0144,CSE-09,2024-10-20T14:13:08.068291,2024-10-20T14:52:06.312717,Citizen gateway access anomaly ALT-CSE-09-00783 correlated with rate-limiting WAF rules. No unauthorized token issuance.,CERT-IN-ANA-3,False,True Positive - Remediated,"[""ALT-CSE-09-00783""]"
CAS-CSE-09-0145,CSE-09,2024-12-15T16:16:29.727753,2024-12-15T17:53:01.182819,Citizen gateway access anomaly ALT-CSE-09-00788 correlated with rate-limiting WAF rules. No unauthorized token issuance.,CERT-IN-ANA-4,False,True Positive - Remediated,"[""ALT-CSE-09-00788""]"
CAS-CSE-09-0146,CSE-09,2024-11-15T02:46:16.620561,2024-11-15T04:02:16.483904,Citizen gateway access anomaly ALT-CSE-09-00792 correlated with rate-limiting WAF rules. No unauthorized token issuance.,CERT-IN-ANA-1,False,True Positive - Remediated,"[""ALT-CSE-09-00792""]"
CAS-CSE-09-0147,CSE-09,2024-11-09T23:57:53.435610,2024-11-10T01:07:45.759217,Citizen gateway access anomaly ALT-CSE-09-00795 correlated with rate-limiting WAF rules. No unauthorized token issuance.,CERT-IN-ANA-1,False,True Positive - Remediated,"[""ALT-CSE-09-00795""]"
CAS-CSE-09-0148,CSE-09,2024-12-07T19:03:43.111106,2024-12-07T20:43:16.184448,Citizen gateway access anomaly ALT-CSE-09-00796 correlated with rate-limiting WAF rules. No unauthorized token issuance.,CERT-IN-ANA-2,False,True Positive - Remediated,"[""ALT-CSE-09-00796""]"
CAS-CSE-09-0149,CSE-09,2024-12-29T07:58:34.059944,2024-12-29T08:46:44.650609,Citizen gateway access anomaly ALT-CSE-09-00802 correlated with rate-limiting WAF rules. No unauthorized token issuance.,CERT-IN-ANA-3,False,True Positive - Remediated,"[""ALT-CSE-09-00802""]"
CAS-CSE-09-0150,CSE-09,2024-10-07T22:26:27.042370,2024-10-07T23:52:24.840071,Citizen gateway access anomaly ALT-CSE-09-00806 correlated with rate-limiting WAF rules. No unauthorized token issuance.,CERT-IN-ANA-3,False,True Positive - Remediated,"[""ALT-CSE-09-00806""]"
CAS-CSE-09-0151,CSE-09,2024-10-09T02:33:58.257289,2024-10-09T04:04:46.603789,Citizen gateway access anomaly ALT-CSE-09-00811 correlated with rate-limiting WAF rules. No unauthorized token issuance.,CERT-IN-ANA-4,False,True Positive - Remediated,"[""ALT-CSE-09-00811""]"
CAS-CSE-09-0152,CSE-09,2024-10-27T20:22:39.432333,2024-10-27T21:42:25.637092,Citizen gateway access anomaly ALT-CSE-09-00819 correlated with rate-limiting WAF rules. No unauthorized token issuance.,CERT-IN-ANA-2,False,True Positive - Remediated,"[""ALT-CSE-09-00819""]"
CAS-CSE-09-0153,CSE-09,2024-10-22T01:17:04.862012,2024-10-22T03:00:13.461907,Citizen gateway access anomaly ALT-CSE-09-00821 correlated with rate-limiting WAF rules. No unauthorized token issuance.,CERT-IN-ANA-3,False,True Positive - Remediated,"[""ALT-CSE-09-00821""]"
CAS-CSE-09-0154,CSE-09,2024-11-21T17:55:41.972332,2024-11-21T18:51:19.031714,Citizen gateway access anomaly ALT-CSE-09-00824 correlated with rate-limiting WAF rules. No unauthorized token issuance.,CERT-IN-ANA-3,True,True Positive - Remediated,"[""ALT-CSE-09-00824""]"
CAS-CSE-09-0155,CSE-09,2024-12-08T19:35:38.285866,2024-12-08T20:46:33.828792,Citizen gateway access anomaly ALT-CSE-09-00826 correlated with rate-limiting WAF rules. No unauthorized token issuance.,CERT-IN-ANA-4,False,True Positive - Remediated,"[""ALT-CSE-09-00826""]"
CAS-CSE-09-0156,CSE-09,2024-10-03T16:35:15.344136,2024-10-03T18:06:08.916196,Citizen gateway access anomaly ALT-CSE-09-00827 correlated with rate-limiting WAF rules. No unauthorized token issuance.,CERT-IN-ANA-4,True,True Positive - Remediated,"[""ALT-CSE-09-00827""]"
CAS-CSE-09-0157,CSE-09,2024-12-06T17:35:03.692619,2024-12-06T19:17:02.788378,Citizen gateway access anomaly ALT-CSE-09-00831 correlated with rate-limiting WAF rules. No unauthorized token issuance.,CERT-IN-ANA-2,False,True Positive - Remediated,"[""ALT-CSE-09-00831""]"
CAS-CSE-09-0158,CSE-09,2024-10-12T20:31:49.865370,2024-10-12T21:47:39.223491,Citizen gateway access anomaly ALT-CSE-09-00836 correlated with rate-limiting WAF rules. No unauthorized token issuance.,CERT-IN-ANA-4,False,True Positive - Remediated,"[""ALT-CSE-09-00836""]"
CAS-CSE-09-0159,CSE-09,2024-10-03T17:58:10.278779,2024-10-03T19:12:32.083448,Citizen gateway access anomaly ALT-CSE-09-00840 correlated with rate-limiting WAF rules. No unauthorized token issuance.,CERT-IN-ANA-2,False,True Positive - Remediated,"[""ALT-CSE-09-00840""]"
CAS-CSE-09-0160,CSE-09,2024-11-25T02:02:22.859727,2024-11-25T02:34:02.447460,Citizen gateway access anomaly ALT-CSE-09-00843 correlated with rate-limiting WAF rules. No unauthorized token issuance.,CERT-IN-ANA-3,False,True Positive - Remediated,"[""ALT-CSE-09-00843""]"
CAS-CSE-09-0161,CSE-09,2024-10-30T08:18:34.690173,2024-10-30T09:46:38.622066,Citizen gateway access anomaly ALT-CSE-09-00846 correlated with rate-limiting WAF rules. No unauthorized token issuance.,CERT-IN-ANA-2,False,True Positive - Remediated,"[""ALT-CSE-09-00846""]"
CAS-CSE-09-0162,CSE-09,2024-10-03T13:00:29.422640,2024-10-03T13:34:43.334186,Citizen gateway access anomaly ALT-CSE-09-00847 correlated with rate-limiting WAF rules. No unauthorized token issuance.,CERT-IN-ANA-3,True,True Positive - Remediated,"[""ALT-CSE-09-00847""]"
CAS-CSE-09-0163,CSE-09,2024-12-24T22:56:04.517968,2024-12-24T23:54:00.138609,Citizen gateway access anomaly ALT-CSE-09-00849 correlated with rate-limiting WAF rules. No unauthorized token issuance.,CERT-IN-ANA-4,True,True Positive - Remediated,"[""ALT-CSE-09-00849""]"
CAS-CSE-09-0164,CSE-09,2024-12-14T08:39:54.320922,2024-12-14T09:19:48.304510,Citizen gateway access anomaly ALT-CSE-09-00850 correlated with rate-limiting WAF rules. No unauthorized token issuance.,CERT-IN-ANA-2,False,True Positive - Remediated,"[""ALT-CSE-09-00850""]"
CAS-CSE-09-0165,CSE-09,2024-10-24T19:45:43.878288,2024-10-24T21:11:31.527142,Citizen gateway access anomaly ALT-CSE-09-00852 correlated with rate-limiting WAF rules. No unauthorized token issuance.,CERT-IN-ANA-2,False,True Positive - Remediated,"[""ALT-CSE-09-00852""]"
CAS-CSE-09-0166,CSE-09,2024-11-18T23:01:39.440875,2024-11-19T00:09:37.155938,Citizen gateway access anomaly ALT-CSE-09-00858 correlated with rate-limiting WAF rules. No unauthorized token issuance.,CERT-IN-ANA-2,False,True Positive - Remediated,"[""ALT-CSE-09-00858""]"
CAS-CSE-09-0167,CSE-09,2024-12-03T06:34:29.499031,2024-12-03T07:49:26.094880,Citizen gateway access anomaly ALT-CSE-09-00863 correlated with rate-limiting WAF rules. No unauthorized token issuance.,CERT-IN-ANA-2,False,True Positive - Remediated,"[""ALT-CSE-09-00863""]"
CAS-CSE-09-0168,CSE-09,2024-10-01T12:00:39.008025,2024-10-01T13:06:43.528215,Citizen gateway access anomaly ALT-CSE-09-00865 correlated with rate-limiting WAF rules. No unauthorized token issuance.,CERT-IN-ANA-1,True,True Positive - Remediated,"[""ALT-CSE-09-00865""]"
CAS-CSE-09-0169,CSE-09,2024-10-01T05:17:07.528185,2024-10-01T06:24:10.282556,Citizen gateway access anomaly ALT-CSE-09-00866 correlated with rate-limiting WAF rules. No unauthorized token issuance.,CERT-IN-ANA-2,False,True Positive - Remediated,"[""ALT-CSE-09-00866""]"
CAS-CSE-09-0170,CSE-09,2024-10-18T01:56:33.295595,2024-10-18T03:26:01.391997,Citizen gateway access anomaly ALT-CSE-09-00875 correlated with rate-limiting WAF rules. No unauthorized token issuance.,CERT-IN-ANA-3,False,True Positive - Remediated,"[""ALT-CSE-09-00875""]"
CAS-CSE-09-0171,CSE-09,2024-12-12T13:24:47.649501,2024-12-12T14:28:35.158525,Citizen gateway access anomaly ALT-CSE-09-00888 correlated with rate-limiting WAF rules. No unauthorized token issuance.,CERT-IN-ANA-2,False,True Positive - Remediated,"[""ALT-CSE-09-00888""]"
CAS-CSE-09-0172,CSE-09,2024-10-23T22:42:37.169356,2024-10-23T23:22:28.445960,Citizen gateway access anomaly ALT-CSE-09-00897 correlated with rate-limiting WAF rules. No unauthorized token issuance.,CERT-IN-ANA-4,False,True Positive - Remediated,"[""ALT-CSE-09-00897""]"
CAS-CSE-09-0173,CSE-09,2024-10-03T01:05:50.503112,2024-10-03T02:42:42.186885,Citizen gateway access anomaly ALT-CSE-09-00898 correlated with rate-limiting WAF rules. No unauthorized token issuance.,CERT-IN-ANA-2,True,True Positive - Remediated,"[""ALT-CSE-09-00898""]"
CAS-CSE-09-0174,CSE-09,2024-12-21T12:07:22.797241,2024-12-21T12:51:06.072698,Citizen gateway access anomaly ALT-CSE-09-00905 correlated with rate-limiting WAF rules. No unauthorized token issuance.,CERT-IN-ANA-1,False,True Positive - Remediated,"[""ALT-CSE-09-00905""]"
CAS-CSE-09-0175,CSE-09,2024-12-04T09:15:22.617508,2024-12-04T10:13:39.947329,Citizen gateway access anomaly ALT-CSE-09-00907 correlated with rate-limiting WAF rules. No unauthorized token issuance.,CERT-IN-ANA-3,False,True Positive - Remediated,"[""ALT-CSE-09-00907""]"
CAS-CSE-09-0176,CSE-09,2024-10-31T03:43:45.958517,2024-10-31T04:48:44.813881,Citizen gateway access anomaly ALT-CSE-09-00912 correlated with rate-limiting WAF rules. No unauthorized token issuance.,CERT-IN-ANA-2,True,True Positive - Remediated,"[""ALT-CSE-09-00912""]"
CAS-CSE-09-0177,CSE-09,2024-10-23T16:00:37.853757,2024-10-23T17:21:15.424164,Citizen gateway access anomaly ALT-CSE-09-00915 correlated with rate-limiting WAF rules. No unauthorized token issuance.,CERT-IN-ANA-2,False,True Positive - Remediated,"[""ALT-CSE-09-00915""]"
CAS-CSE-09-0178,CSE-09,2024-10-07T11:46:47.699332,2024-10-07T13:18:05.350017,Citizen gateway access anomaly ALT-CSE-09-00916 correlated with rate-limiting WAF rules. No unauthorized token issuance.,CERT-IN-ANA-1,True,True Positive - Remediated,"[""ALT-CSE-09-00916""]"
CAS-CSE-09-0179,CSE-09,2024-12-06T21:45:25.318377,2024-12-06T23:30:31.754029,Citizen gateway access anomaly ALT-CSE-09-00919 correlated with rate-limiting WAF rules. No unauthorized token issuance.,CERT-IN-ANA-2,False,True Positive - Remediated,"[""ALT-CSE-09-00919""]"
CAS-CSE-09-0180,CSE-09,2024-12-04T02:57:43.823495,2024-12-04T03:45:12.045347,Citizen gateway access anomaly ALT-CSE-09-00920 correlated with rate-limiting WAF rules. No unauthorized token issuance.,CERT-IN-ANA-2,False,True Positive - Remediated,"[""ALT-CSE-09-00920""]"
CAS-CSE-09-0181,CSE-09,2024-11-25T16:41:38.907654,2024-11-25T17:42:46.924459,Citizen gateway access anomaly ALT-CSE-09-00926 correlated with rate-limiting WAF rules. No unauthorized token issuance.,CERT-IN-ANA-4,False,True Positive - Remediated,"[""ALT-CSE-09-00926""]"
CAS-CSE-09-0182,CSE-09,2024-10-28T17:54:32.644007,2024-10-28T18:56:43.335622,Citizen gateway access anomaly ALT-CSE-09-00928 correlated with rate-limiting WAF rules. No unauthorized token issuance.,CERT-IN-ANA-4,True,True Positive - Remediated,"[""ALT-CSE-09-00928""]"
CAS-CSE-09-0183,CSE-09,2024-12-01T23:46:09.178701,2024-12-02T00:46:34.608343,Citizen gateway access anomaly ALT-CSE-09-00936 correlated with rate-limiting WAF rules. No unauthorized token issuance.,CERT-IN-ANA-4,False,True Positive - Remediated,"[""ALT-CSE-09-00936""]"
CAS-CSE-09-0184,CSE-09,2024-10-05T10:07:39.754810,2024-10-05T10:42:21.546221,Citizen gateway access anomaly ALT-CSE-09-00938 correlated with rate-limiting WAF rules. No unauthorized token issuance.,CERT-IN-ANA-4,False,True Positive - Remediated,"[""ALT-CSE-09-00938""]"
CAS-CSE-09-0185,CSE-09,2024-11-16T12:30:02.937566,2024-11-16T13:08:40.103570,Citizen gateway access anomaly ALT-CSE-09-00940 correlated with rate-limiting WAF rules. No unauthorized token issuance.,CERT-IN-ANA-2,True,True Positive - Remediated,"[""ALT-CSE-09-00940""]"
CAS-CSE-09-0186,CSE-09,2024-12-11T20:09:20.083460,2024-12-11T20:41:46.197183,Citizen gateway access anomaly ALT-CSE-09-00943 correlated with rate-limiting WAF rules. No unauthorized token issuance.,CERT-IN-ANA-2,False,True Positive - Remediated,"[""ALT-CSE-09-00943""]"
CAS-CSE-09-0187,CSE-09,2024-12-06T04:48:11.698622,2024-12-06T05:50:29.055766,Citizen gateway access anomaly ALT-CSE-09-00946 correlated with rate-limiting WAF rules. No unauthorized token issuance.,CERT-IN-ANA-3,False,True Positive - Remediated,"[""ALT-CSE-09-00946""]"
CAS-CSE-09-0188,CSE-09,2024-11-03T06:00:29.648009,2024-11-03T06:45:52.033342,Citizen gateway access anomaly ALT-CSE-09-00951 correlated with rate-limiting WAF rules. No unauthorized token issuance.,CERT-IN-ANA-1,True,True Positive - Remediated,"[""ALT-CSE-09-00951""]"
CAS-CSE-09-0189,CSE-09,2024-11-25T08:29:14.888323,2024-11-25T09:33:47.871046,Citizen gateway access anomaly ALT-CSE-09-00958 correlated with rate-limiting WAF rules. No unauthorized token issuance.,CERT-IN-ANA-3,False,True Positive - Remediated,"[""ALT-CSE-09-00958""]"
CAS-CSE-09-0190,CSE-09,2024-11-18T16:16:53.131506,2024-11-18T16:51:50.612604,Citizen gateway access anomaly ALT-CSE-09-00959 correlated with rate-limiting WAF rules. No unauthorized token issuance.,CERT-IN-ANA-1,False,True Positive - Remediated,"[""ALT-CSE-09-00959""]"
CAS-CSE-09-0191,CSE-09,2024-11-08T20:25:06.337904,2024-11-08T21:22:54.102771,Citizen gateway access anomaly ALT-CSE-09-00960 correlated with rate-limiting WAF rules. No unauthorized token issuance.,CERT-IN-ANA-2,False,True Positive - Remediated,"[""ALT-CSE-09-00960""]"
CAS-CSE-09-0192,CSE-09,2024-11-15T00:17:15.462380,2024-11-15T00:47:41.721665,Citizen gateway access anomaly ALT-CSE-09-00962 correlated with rate-limiting WAF rules. No unauthorized token issuance.,CERT-IN-ANA-2,True,True Positive - Remediated,"[""ALT-CSE-09-00962""]"
CAS-CSE-09-0193,CSE-09,2024-10-18T04:34:06.520587,2024-10-18T06:16:31.471635,Citizen gateway access anomaly ALT-CSE-09-00963 correlated with rate-limiting WAF rules. No unauthorized token issuance.,CERT-IN-ANA-2,False,True Positive - Remediated,"[""ALT-CSE-09-00963""]"
CAS-CSE-09-0194,CSE-09,2024-11-01T13:58:46.282417,2024-11-01T15:09:31.231895,Citizen gateway access anomaly ALT-CSE-09-00965 correlated with rate-limiting WAF rules. No unauthorized token issuance.,CERT-IN-ANA-4,False,True Positive - Remediated,"[""ALT-CSE-09-00965""]"
CAS-CSE-09-0195,CSE-09,2024-11-21T05:29:47.127672,2024-11-21T06:30:33.758522,Citizen gateway access anomaly ALT-CSE-09-00976 correlated with rate-limiting WAF rules. No unauthorized token issuance.,CERT-IN-ANA-1,True,True Positive - Remediated,"[""ALT-CSE-09-00976""]"
CAS-CSE-09-0196,CSE-09,2024-11-06T04:22:45.053657,2024-11-06T05:01:19.170243,Citizen gateway access anomaly ALT-CSE-09-00978 correlated with rate-limiting WAF rules. No unauthorized token issuance.,CERT-IN-ANA-1,False,True Positive - Remediated,"[""ALT-CSE-09-00978""]"
CAS-CSE-09-0197,CSE-09,2024-10-03T18:39:57.441836,2024-10-03T20:09:37.427925,Citizen gateway access anomaly ALT-CSE-09-00983 correlated with rate-limiting WAF rules. No unauthorized token issuance.,CERT-IN-ANA-1,False,True Positive - Remediated,"[""ALT-CSE-09-00983""]"
CAS-CSE-09-0198,CSE-09,2024-11-10T07:40:20.054907,2024-11-10T08:43:12.950321,Citizen gateway access anomaly ALT-CSE-09-00989 correlated with rate-limiting WAF rules. No unauthorized token issuance.,CERT-IN-ANA-1,False,True Positive - Remediated,"[""ALT-CSE-09-00989""]"
CAS-CSE-09-0199,CSE-09,2024-10-22T04:39:00.956014,2024-10-22T05:32:50.192748,Citizen gateway access anomaly ALT-CSE-09-00990 correlated with rate-limiting WAF rules. No unauthorized token issuance.,CERT-IN-ANA-1,False,True Positive - Remediated,"[""ALT-CSE-09-00990""]"
CAS-CSE-09-0200,CSE-09,2024-11-22T05:48:40.908157,2024-11-22T07:16:03.180272,Citizen gateway access anomaly ALT-CSE-09-00992 correlated with rate-limiting WAF rules. No unauthorized token issuance.,CERT-IN-ANA-3,True,True Positive - Remediated,"[""ALT-CSE-09-00992""]"
CAS-CSE-09-0201,CSE-09,2024-11-09T21:29:35.046471,2024-11-09T22:37:17.708890,Citizen gateway access anomaly ALT-CSE-09-00997 correlated with rate-limiting WAF rules. No unauthorized token issuance.,CERT-IN-ANA-2,False,True Positive - Remediated,"[""ALT-CSE-09-00997""]"
CAS-CSE-09-0202,CSE-09,2024-10-26T00:26:20.010718,2024-10-26T01:14:31.944831,Citizen gateway access anomaly ALT-CSE-09-01002 correlated with rate-limiting WAF rules. No unauthorized token issuance.,CERT-IN-ANA-4,False,True Positive - Remediated,"[""ALT-CSE-09-01002""]"
CAS-CSE-09-0203,CSE-09,2024-10-12T13:44:46.234196,2024-10-12T15:19:49.380216,Citizen gateway access anomaly ALT-CSE-09-01006 correlated with rate-limiting WAF rules. No unauthorized token issuance.,CERT-IN-ANA-2,False,True Positive - Remediated,"[""ALT-CSE-09-01006""]"
CAS-CSE-09-0204,CSE-09,2024-10-07T04:44:01.461798,2024-10-07T06:10:55.408206,Citizen gateway access anomaly ALT-CSE-09-01010 correlated with rate-limiting WAF rules. No unauthorized token issuance.,CERT-IN-ANA-3,True,True Positive - Remediated,"[""ALT-CSE-09-01010""]"
CAS-CSE-09-0205,CSE-09,2024-11-27T09:39:58.121975,2024-11-27T10:45:46.005230,Citizen gateway access anomaly ALT-CSE-09-01019 correlated with rate-limiting WAF rules. No unauthorized token issuance.,CERT-IN-ANA-1,True,True Positive - Remediated,"[""ALT-CSE-09-01019""]"
CAS-CSE-09-0206,CSE-09,2024-10-26T16:57:45.831216,2024-10-26T18:20:12.024284,Citizen gateway access anomaly ALT-CSE-09-01020 correlated with rate-limiting WAF rules. No unauthorized token issuance.,CERT-IN-ANA-4,False,True Positive - Remediated,"[""ALT-CSE-09-01020""]"
CAS-CSE-09-0207,CSE-09,2024-12-04T14:45:56.114836,2024-12-04T16:12:29.423695,Citizen gateway access anomaly ALT-CSE-09-01022 correlated with rate-limiting WAF rules. No unauthorized token issuance.,CERT-IN-ANA-2,False,True Positive - Remediated,"[""ALT-CSE-09-01022""]"
CAS-CSE-09-0208,CSE-09,2024-12-19T01:49:43.961019,2024-12-19T02:43:37.330553,Citizen gateway access anomaly ALT-CSE-09-01024 correlated with rate-limiting WAF rules. No unauthorized token issuance.,CERT-IN-ANA-2,False,True Positive - Remediated,"[""ALT-CSE-09-01024""]"
CAS-CSE-09-0209,CSE-09,2024-11-01T18:03:53.692698,2024-11-01T19:34:59.561412,Citizen gateway access anomaly ALT-CSE-09-01025 correlated with rate-limiting WAF rules. No unauthorized token issuance.,CERT-IN-ANA-2,True,True Positive - Remediated,"[""ALT-CSE-09-01025""]"
CAS-CSE-09-0210,CSE-09,2024-10-11T03:21:02.252380,2024-10-11T05:03:35.646617,Citizen gateway access anomaly ALT-CSE-09-01033 correlated with rate-limiting WAF rules. No unauthorized token issuance.,CERT-IN-ANA-1,False,True Positive - Remediated,"[""ALT-CSE-09-01033""]"
CAS-CSE-09-0211,CSE-09,2024-10-04T21:22:46.521193,2024-10-04T22:51:58.968578,Citizen gateway access anomaly ALT-CSE-09-01037 correlated with rate-limiting WAF rules. No unauthorized token issuance.,CERT-IN-ANA-2,False,True Positive - Remediated,"[""ALT-CSE-09-01037""]"
CAS-CSE-09-0212,CSE-09,2024-10-28T07:44:57.060299,2024-10-28T08:31:38.768925,Citizen gateway access anomaly ALT-CSE-09-01044 correlated with rate-limiting WAF rules. No unauthorized token issuance.,CERT-IN-ANA-1,False,True Positive - Remediated,"[""ALT-CSE-09-01044""]"
CAS-CSE-09-0213,CSE-09,2024-12-11T10:15:29.297130,2024-12-11T11:36:53.192288,Citizen gateway access anomaly ALT-CSE-09-01051 correlated with rate-limiting WAF rules. No unauthorized token issuance.,CERT-IN-ANA-1,False,True Positive - Remediated,"[""ALT-CSE-09-01051""]"
CAS-CSE-09-0214,CSE-09,2024-11-26T14:45:34.254445,2024-11-26T15:54:47.343570,Citizen gateway access anomaly ALT-CSE-09-01054 correlated with rate-limiting WAF rules. No unauthorized token issuance.,CERT-IN-ANA-1,True,True Positive - Remediated,"[""ALT-CSE-09-01054""]"
CAS-CSE-09-0215,CSE-09,2024-12-12T19:21:06.465080,2024-12-12T20:58:39.851310,Citizen gateway access anomaly ALT-CSE-09-01058 correlated with rate-limiting WAF rules. No unauthorized token issuance.,CERT-IN-ANA-3,False,True Positive - Remediated,"[""ALT-CSE-09-01058""]"
CAS-CSE-09-0216,CSE-09,2024-12-24T06:12:22.349277,2024-12-24T07:27:53.101701,Citizen gateway access anomaly ALT-CSE-09-01062 correlated with rate-limiting WAF rules. No unauthorized token issuance.,CERT-IN-ANA-4,False,True Positive - Remediated,"[""ALT-CSE-09-01062""]"
CAS-CSE-09-0217,CSE-09,2024-11-16T16:07:16.689688,2024-11-16T17:13:36.770732,Citizen gateway access anomaly ALT-CSE-09-01070 correlated with rate-limiting WAF rules. No unauthorized token issuance.,CERT-IN-ANA-1,True,True Positive - Remediated,"[""ALT-CSE-09-01070""]"
CAS-CSE-09-0218,CSE-09,2024-11-23T23:19:55.472208,2024-11-24T00:30:21.598474,Citizen gateway access anomaly ALT-CSE-09-01072 correlated with rate-limiting WAF rules. No unauthorized token issuance.,CERT-IN-ANA-1,True,True Positive - Remediated,"[""ALT-CSE-09-01072""]"
CAS-CSE-09-0219,CSE-09,2024-10-27T16:36:45.082045,2024-10-27T17:55:06.476802,Citizen gateway access anomaly ALT-CSE-09-01078 correlated with rate-limiting WAF rules. No unauthorized token issuance.,CERT-IN-ANA-3,True,True Positive - Remediated,"[""ALT-CSE-09-01078""]"
CAS-CSE-09-0220,CSE-09,2024-12-08T05:40:21.692929,2024-12-08T07:11:39.207746,Citizen gateway access anomaly ALT-CSE-09-01083 correlated with rate-limiting WAF rules. No unauthorized token issuance.,CERT-IN-ANA-1,True,True Positive - Remediated,"[""ALT-CSE-09-01083""]"
CAS-CSE-09-0221,CSE-09,2024-12-27T11:18:28.561452,2024-12-27T12:24:09.343841,Citizen gateway access anomaly ALT-CSE-09-01085 correlated with rate-limiting WAF rules. No unauthorized token issuance.,CERT-IN-ANA-2,False,True Positive - Remediated,"[""ALT-CSE-09-01085""]"
CAS-CSE-09-0222,CSE-09,2024-10-25T20:11:45.553864,2024-10-25T21:07:49.994071,Citizen gateway access anomaly ALT-CSE-09-01086 correlated with rate-limiting WAF rules. No unauthorized token issuance.,CERT-IN-ANA-1,True,True Positive - Remediated,"[""ALT-CSE-09-01086""]"
CAS-CSE-09-0223,CSE-09,2024-10-08T03:23:05.760749,2024-10-08T04:01:40.865968,Citizen gateway access anomaly ALT-CSE-09-01109 correlated with rate-limiting WAF rules. No unauthorized token issuance.,CERT-IN-ANA-3,False,True Positive - Remediated,"[""ALT-CSE-09-01109""]"
CAS-CSE-09-0224,CSE-09,2024-11-21T12:37:40.705747,2024-11-21T13:24:01.198553,Citizen gateway access anomaly ALT-CSE-09-01110 correlated with rate-limiting WAF rules. No unauthorized token issuance.,CERT-IN-ANA-3,False,True Positive - Remediated,"[""ALT-CSE-09-01110""]"
CAS-CSE-09-0225,CSE-09,2024-10-10T16:47:50.267788,2024-10-10T17:51:43.738335,Citizen gateway access anomaly ALT-CSE-09-01114 correlated with rate-limiting WAF rules. No unauthorized token issuance.,CERT-IN-ANA-2,False,True Positive - Remediated,"[""ALT-CSE-09-01114""]"
CAS-CSE-09-0226,CSE-09,2024-12-16T22:14:15.099064,2024-12-16T23:32:59.838022,Citizen gateway access anomaly ALT-CSE-09-01116 correlated with rate-limiting WAF rules. No unauthorized token issuance.,CERT-IN-ANA-3,False,True Positive - Remediated,"[""ALT-CSE-09-01116""]"
CAS-CSE-09-0227,CSE-09,2024-12-11T15:06:31.216508,2024-12-11T16:20:06.794511,Citizen gateway access anomaly ALT-CSE-09-01123 correlated with rate-limiting WAF rules. No unauthorized token issuance.,CERT-IN-ANA-3,False,True Positive - Remediated,"[""ALT-CSE-09-01123""]"
CAS-CSE-09-0228,CSE-09,2024-11-04T06:17:53.497141,2024-11-04T07:16:02.453119,Citizen gateway access anomaly ALT-CSE-09-01132 correlated with rate-limiting WAF rules. No unauthorized token issuance.,CERT-IN-ANA-3,False,True Positive - Remediated,"[""ALT-CSE-09-01132""]"
CAS-CSE-09-0229,CSE-09,2024-11-02T23:25:39.115657,2024-11-03T00:29:38.167442,Citizen gateway access anomaly ALT-CSE-09-01137 correlated with rate-limiting WAF rules. No unauthorized token issuance.,CERT-IN-ANA-3,True,True Positive - Remediated,"[""ALT-CSE-09-01137""]"
CAS-CSE-09-0230,CSE-09,2024-10-17T17:50:20.226791,2024-10-17T18:21:26.723840,Citizen gateway access anomaly ALT-CSE-09-01138 correlated with rate-limiting WAF rules. No unauthorized token issuance.,CERT-IN-ANA-4,False,True Positive - Remediated,"[""ALT-CSE-09-01138""]"
CAS-CSE-09-0231,CSE-09,2024-11-16T00:00:43.684437,2024-11-16T01:21:07.713270,Citizen gateway access anomaly ALT-CSE-09-01150 correlated with rate-limiting WAF rules. No unauthorized token issuance.,CERT-IN-ANA-3,False,True Positive - Remediated,"[""ALT-CSE-09-01150""]"
CAS-CSE-09-0232,CSE-09,2024-11-09T10:55:17.493633,2024-11-09T11:39:03.354417,Citizen gateway access anomaly ALT-CSE-09-01152 correlated with rate-limiting WAF rules. No unauthorized token issuance.,CERT-IN-ANA-4,True,True Positive - Remediated,"[""ALT-CSE-09-01152""]"
CAS-CSE-09-0233,CSE-09,2024-11-22T16:58:27.511987,2024-11-22T18:21:48.308657,Citizen gateway access anomaly ALT-CSE-09-01154 correlated with rate-limiting WAF rules. No unauthorized token issuance.,CERT-IN-ANA-1,False,True Positive - Remediated,"[""ALT-CSE-09-01154""]"
CAS-CSE-09-0234,CSE-09,2024-11-24T13:22:36.924679,2024-11-24T14:51:04.445894,Citizen gateway access anomaly ALT-CSE-09-01155 correlated with rate-limiting WAF rules. No unauthorized token issuance.,CERT-IN-ANA-3,False,True Positive - Remediated,"[""ALT-CSE-09-01155""]"
CAS-CSE-09-0235,CSE-09,2024-10-24T15:03:36.634175,2024-10-24T15:46:26.333443,Citizen gateway access anomaly ALT-CSE-09-01156 correlated with rate-limiting WAF rules. No unauthorized token issuance.,CERT-IN-ANA-1,False,True Positive - Remediated,"[""ALT-CSE-09-01156""]"
CAS-CSE-09-0236,CSE-09,2024-12-02T02:06:44.313780,2024-12-02T03:22:33.853512,Citizen gateway access anomaly ALT-CSE-09-01163 correlated with rate-limiting WAF rules. No unauthorized token issuance.,CERT-IN-ANA-2,False,True Positive - Remediated,"[""ALT-CSE-09-01163""]"
CAS-CSE-09-0237,CSE-09,2024-11-19T01:41:17.358341,2024-11-19T02:52:58.382523,Citizen gateway access anomaly ALT-CSE-09-01167 correlated with rate-limiting WAF rules. No unauthorized token issuance.,CERT-IN-ANA-2,False,True Positive - Remediated,"[""ALT-CSE-09-01167""]"
CAS-CSE-09-0238,CSE-09,2024-10-30T06:20:04.823742,2024-10-30T07:14:01.154630,Citizen gateway access anomaly ALT-CSE-09-01168 correlated with rate-limiting WAF rules. No unauthorized token issuance.,CERT-IN-ANA-2,False,True Positive - Remediated,"[""ALT-CSE-09-01168""]"
CAS-CSE-09-0239,CSE-09,2024-11-21T08:44:31.960547,2024-11-21T09:14:52.903714,Citizen gateway access anomaly ALT-CSE-09-01169 correlated with rate-limiting WAF rules. No unauthorized token issuance.,CERT-IN-ANA-3,False,True Positive - Remediated,"[""ALT-CSE-09-01169""]"
CAS-CSE-09-0240,CSE-09,2024-12-07T00:15:55.580388,2024-12-07T01:15:02.298038,Citizen gateway access anomaly ALT-CSE-09-01171 correlated with rate-limiting WAF rules. No unauthorized token issuance.,CERT-IN-ANA-1,False,True Positive - Remediated,"[""ALT-CSE-09-01171""]"
CAS-CSE-09-0241,CSE-09,2024-12-25T02:26:02.930706,2024-12-25T03:34:03.178560,Citizen gateway access anomaly ALT-CSE-09-01175 correlated with rate-limiting WAF rules. No unauthorized token issuance.,CERT-IN-ANA-1,False,True Positive - Remediated,"[""ALT-CSE-09-01175""]"
CAS-CSE-09-0242,CSE-09,2024-10-26T10:38:05.537916,2024-10-26T11:23:48.975254,Citizen gateway access anomaly ALT-CSE-09-01185 correlated with rate-limiting WAF rules. No unauthorized token issuance.,CERT-IN-ANA-4,False,True Positive - Remediated,"[""ALT-CSE-09-01185""]"
CAS-CSE-09-0243,CSE-09,2024-12-01T08:43:23.494124,2024-12-01T09:32:52.506207,Citizen gateway access anomaly ALT-CSE-09-01190 correlated with rate-limiting WAF rules. No unauthorized token issuance.,CERT-IN-ANA-2,False,True Positive - Remediated,"[""ALT-CSE-09-01190""]"
CAS-CSE-09-0244,CSE-09,2024-11-06T10:18:32.041196,2024-11-06T11:28:08.612754,Citizen gateway access anomaly ALT-CSE-09-01203 correlated with rate-limiting WAF rules. No unauthorized token issuance.,CERT-IN-ANA-3,False,True Positive - Remediated,"[""ALT-CSE-09-01203""]"
CAS-CSE-09-0245,CSE-09,2024-11-03T12:23:30.679827,2024-11-03T14:01:08.424519,Citizen gateway access anomaly ALT-CSE-09-01212 correlated with rate-limiting WAF rules. No unauthorized token issuance.,CERT-IN-ANA-4,False,True Positive - Remediated,"[""ALT-CSE-09-01212""]"
CAS-CSE-09-0246,CSE-09,2024-12-05T03:33:33.817835,2024-12-05T04:12:18.842591,Citizen gateway access anomaly ALT-CSE-09-01213 correlated with rate-limiting WAF rules. No unauthorized token issuance.,CERT-IN-ANA-4,True,True Positive - Remediated,"[""ALT-CSE-09-01213""]"
CAS-CSE-09-0247,CSE-09,2024-11-17T10:06:14.986597,2024-11-17T11:26:20.208576,Citizen gateway access anomaly ALT-CSE-09-01220 correlated with rate-limiting WAF rules. No unauthorized token issuance.,CERT-IN-ANA-3,False,True Positive - Remediated,"[""ALT-CSE-09-01220""]"
CAS-CSE-09-0248,CSE-09,2024-10-17T19:39:53.811323,2024-10-17T21:21:33.711781,Citizen gateway access anomaly ALT-CSE-09-01225 correlated with rate-limiting WAF rules. No unauthorized token issuance.,CERT-IN-ANA-4,False,True Positive - Remediated,"[""ALT-CSE-09-01225""]"
CAS-CSE-09-0249,CSE-09,2024-12-18T18:29:48.785722,2024-12-18T19:40:08.554176,Citizen gateway access anomaly ALT-CSE-09-01228 correlated with rate-limiting WAF rules. No unauthorized token issuance.,CERT-IN-ANA-2,False,True Positive - Remediated,"[""ALT-CSE-09-01228""]"
CAS-CSE-09-0250,CSE-09,2024-10-24T18:00:32.154953,2024-10-24T19:13:16.627506,Citizen gateway access anomaly ALT-CSE-09-01236 correlated with rate-limiting WAF rules. No unauthorized token issuance.,CERT-IN-ANA-3,False,True Positive - Remediated,"[""ALT-CSE-09-01236""]"
CAS-CSE-09-0251,CSE-09,2024-12-16T03:45:42.722448,2024-12-16T04:37:29.409280,Citizen gateway access anomaly ALT-CSE-09-01245 correlated with rate-limiting WAF rules. No unauthorized token issuance.,CERT-IN-ANA-3,False,True Positive - Remediated,"[""ALT-CSE-09-01245""]"
CAS-CSE-09-0252,CSE-09,2024-12-04T01:47:27.259480,2024-12-04T03:13:40.296197,Citizen gateway access anomaly ALT-CSE-09-01259 correlated with rate-limiting WAF rules. No unauthorized token issuance.,CERT-IN-ANA-3,False,True Positive - Remediated,"[""ALT-CSE-09-01259""]"
CAS-CSE-09-0253,CSE-09,2024-12-19T22:11:22.345255,2024-12-19T22:52:34.127489,Citizen gateway access anomaly ALT-CSE-09-01262 correlated with rate-limiting WAF rules. No unauthorized token issuance.,CERT-IN-ANA-2,False,True Positive - Remediated,"[""ALT-CSE-09-01262""]"
CAS-CSE-09-0254,CSE-09,2024-10-31T23:13:25.219759,2024-11-01T00:00:38.123233,Citizen gateway access anomaly ALT-CSE-09-01270 correlated with rate-limiting WAF rules. No unauthorized token issuance.,CERT-IN-ANA-2,False,True Positive - Remediated,"[""ALT-CSE-09-01270""]"
CAS-CSE-09-0255,CSE-09,2024-12-01T05:42:23.240252,2024-12-01T06:26:18.158995,Citizen gateway access anomaly ALT-CSE-09-01273 correlated with rate-limiting WAF rules. No unauthorized token issuance.,CERT-IN-ANA-1,False,True Positive - Remediated,"[""ALT-CSE-09-01273""]"
CAS-CSE-09-0256,CSE-09,2024-12-03T15:16:47.266849,2024-12-03T16:42:54.297018,Citizen gateway access anomaly ALT-CSE-09-01278 correlated with rate-limiting WAF rules. No unauthorized token issuance.,CERT-IN-ANA-4,False,True Positive - Remediated,"[""ALT-CSE-09-01278""]"
CAS-CSE-09-0257,CSE-09,2024-11-05T21:26:18.129976,2024-11-05T22:30:26.851843,Citizen gateway access anomaly ALT-CSE-09-01279 correlated with rate-limiting WAF rules. No unauthorized token issuance.,CERT-IN-ANA-1,True,True Positive - Remediated,"[""ALT-CSE-09-01279""]"
CAS-CSE-09-0258,CSE-09,2024-11-21T11:24:00.015209,2024-11-21T12:29:18.261828,Citizen gateway access anomaly ALT-CSE-09-01288 correlated with rate-limiting WAF rules. No unauthorized token issuance.,CERT-IN-ANA-1,True,True Positive - Remediated,"[""ALT-CSE-09-01288""]"
CAS-CSE-09-0259,CSE-09,2024-10-15T05:28:33.427366,2024-10-15T06:47:57.991498,Citizen gateway access anomaly ALT-CSE-09-01298 correlated with rate-limiting WAF rules. No unauthorized token issuance.,CERT-IN-ANA-4,False,True Positive - Remediated,"[""ALT-CSE-09-01298""]"
CAS-CSE-09-0260,CSE-09,2024-12-28T07:56:09.384096,2024-12-28T08:36:23.101507,Citizen gateway access anomaly ALT-CSE-09-01299 correlated with rate-limiting WAF rules. No unauthorized token issuance.,CERT-IN-ANA-2,True,True Positive - Remediated,"[""ALT-CSE-09-01299""]"
CAS-CSE-09-0261,CSE-09,2024-10-31T12:25:42.440097,2024-10-31T13:47:47.631684,Citizen gateway access anomaly ALT-CSE-09-01302 correlated with rate-limiting WAF rules. No unauthorized token issuance.,CERT-IN-ANA-2,False,True Positive - Remediated,"[""ALT-CSE-09-01302""]"
CAS-CSE-09-0262,CSE-09,2024-12-19T01:21:15.532858,2024-12-19T02:48:50.171778,Citizen gateway access anomaly ALT-CSE-09-01306 correlated with rate-limiting WAF rules. No unauthorized token issuance.,CERT-IN-ANA-4,True,True Positive - Remediated,"[""ALT-CSE-09-01306""]"
CAS-CSE-09-0263,CSE-09,2024-11-25T05:53:52.358209,2024-11-25T07:10:58.508152,Citizen gateway access anomaly ALT-CSE-09-01313 correlated with rate-limiting WAF rules. No unauthorized token issuance.,CERT-IN-ANA-3,False,True Positive - Remediated,"[""ALT-CSE-09-01313""]"
CAS-CSE-09-0264,CSE-09,2024-10-21T21:05:23.198102,2024-10-21T22:16:36.033412,Citizen gateway access anomaly ALT-CSE-09-01314 correlated with rate-limiting WAF rules. No unauthorized token issuance.,CERT-IN-ANA-2,False,True Positive - Remediated,"[""ALT-CSE-09-01314""]"
CAS-CSE-09-0265,CSE-09,2024-12-02T14:40:23.124585,2024-12-02T15:33:11.783011,Citizen gateway access anomaly ALT-CSE-09-01323 correlated with rate-limiting WAF rules. No unauthorized token issuance.,CERT-IN-ANA-1,False,True Positive - Remediated,"[""ALT-CSE-09-01323""]"
CAS-CSE-09-0266,CSE-09,2024-11-14T02:24:34.687074,2024-11-14T02:56:26.787188,Citizen gateway access anomaly ALT-CSE-09-01325 correlated with rate-limiting WAF rules. No unauthorized token issuance.,CERT-IN-ANA-3,False,True Positive - Remediated,"[""ALT-CSE-09-01325""]"
CAS-CSE-09-0267,CSE-09,2024-11-15T04:40:02.746428,2024-11-15T05:53:30.475999,Citizen gateway access anomaly ALT-CSE-09-01329 correlated with rate-limiting WAF rules. No unauthorized token issuance.,CERT-IN-ANA-4,True,True Positive - Remediated,"[""ALT-CSE-09-01329""]"
CAS-CSE-09-0268,CSE-09,2024-12-26T20:04:25.508815,2024-12-26T21:11:01.619147,Citizen gateway access anomaly ALT-CSE-09-01332 correlated with rate-limiting WAF rules. No unauthorized token issuance.,CERT-IN-ANA-3,False,True Positive - Remediated,"[""ALT-CSE-09-01332""]"
CAS-CSE-09-0269,CSE-09,2024-11-29T15:56:26.493109,2024-11-29T16:40:18.589004,Citizen gateway access anomaly ALT-CSE-09-01335 correlated with rate-limiting WAF rules. No unauthorized token issuance.,CERT-IN-ANA-1,True,True Positive - Remediated,"[""ALT-CSE-09-01335""]"
CAS-CSE-09-0270,CSE-09,2024-11-01T17:20:38.102580,2024-11-01T18:44:48.200880,Citizen gateway access anomaly ALT-CSE-09-01358 correlated with rate-limiting WAF rules. No unauthorized token issuance.,CERT-IN-ANA-1,False,True Positive - Remediated,"[""ALT-CSE-09-01358""]"
CAS-CSE-09-0271,CSE-09,2024-12-06T10:01:18.383918,2024-12-06T10:44:27.016500,Citizen gateway access anomaly ALT-CSE-09-01364 correlated with rate-limiting WAF rules. No unauthorized token issuance.,CERT-IN-ANA-4,False,True Positive - Remediated,"[""ALT-CSE-09-01364""]"
CAS-CSE-09-0272,CSE-09,2024-11-15T08:31:58.557704,2024-11-15T09:18:33.241233,Citizen gateway access anomaly ALT-CSE-09-01367 correlated with rate-limiting WAF rules. No unauthorized token issuance.,CERT-IN-ANA-4,False,True Positive - Remediated,"[""ALT-CSE-09-01367""]"
CAS-CSE-09-0273,CSE-09,2024-11-30T22:14:07.135850,2024-11-30T22:49:37.697508,Citizen gateway access anomaly ALT-CSE-09-01369 correlated with rate-limiting WAF rules. No unauthorized token issuance.,CERT-IN-ANA-2,False,True Positive - Remediated,"[""ALT-CSE-09-01369""]"
CAS-CSE-09-0274,CSE-09,2024-10-20T03:02:55.931146,2024-10-20T04:05:01.184891,Citizen gateway access anomaly ALT-CSE-09-01370 correlated with rate-limiting WAF rules. No unauthorized token issuance.,CERT-IN-ANA-4,False,True Positive - Remediated,"[""ALT-CSE-09-01370""]"
CAS-CSE-09-0275,CSE-09,2024-10-02T09:06:54.110700,2024-10-02T10:06:22.009027,Citizen gateway access anomaly ALT-CSE-09-01374 correlated with rate-limiting WAF rules. No unauthorized token issuance.,CERT-IN-ANA-3,False,True Positive - Remediated,"[""ALT-CSE-09-01374""]"
CAS-CSE-09-0276,CSE-09,2024-11-15T05:30:33.879878,2024-11-15T06:07:03.819098,Citizen gateway access anomaly ALT-CSE-09-01375 correlated with rate-limiting WAF rules. No unauthorized token issuance.,CERT-IN-ANA-3,True,True Positive - Remediated,"[""ALT-CSE-09-01375""]"
CAS-CSE-09-0277,CSE-09,2024-10-08T14:02:03.546016,2024-10-08T15:00:05.250539,Citizen gateway access anomaly ALT-CSE-09-01381 correlated with rate-limiting WAF rules. No unauthorized token issuance.,CERT-IN-ANA-4,False,True Positive - Remediated,"[""ALT-CSE-09-01381""]"
CAS-CSE-09-0278,CSE-09,2024-11-25T03:16:16.027441,2024-11-25T04:22:02.149211,Citizen gateway access anomaly ALT-CSE-09-01384 correlated with rate-limiting WAF rules. No unauthorized token issuance.,CERT-IN-ANA-3,False,True Positive - Remediated,"[""ALT-CSE-09-01384""]"
CAS-CSE-09-0279,CSE-09,2024-10-31T10:11:17.440217,2024-10-31T11:08:11.844177,Citizen gateway access anomaly ALT-CSE-09-01388 correlated with rate-limiting WAF rules. No unauthorized token issuance.,CERT-IN-ANA-2,False,True Positive - Remediated,"[""ALT-CSE-09-01388""]"
CAS-CSE-09-0280,CSE-09,2024-11-06T01:30:25.508075,2024-11-06T02:50:49.617901,Citizen gateway access anomaly ALT-CSE-09-01391 correlated with rate-limiting WAF rules. No unauthorized token issuance.,CERT-IN-ANA-3,False,True Positive - Remediated,"[""ALT-CSE-09-01391""]"
CAS-CSE-09-0281,CSE-09,2024-10-07T13:12:59.168915,2024-10-07T14:25:19.230265,Citizen gateway access anomaly ALT-CSE-09-01410 correlated with rate-limiting WAF rules. No unauthorized token issuance.,CERT-IN-ANA-4,False,True Positive - Remediated,"[""ALT-CSE-09-01410""]"
CAS-CSE-09-0282,CSE-09,2024-12-10T01:59:50.666693,2024-12-10T02:55:03.025723,Citizen gateway access anomaly ALT-CSE-09-01416 correlated with rate-limiting WAF rules. No unauthorized token issuance.,CERT-IN-ANA-3,False,True Positive - Remediated,"[""ALT-CSE-09-01416""]"
CAS-CSE-09-0283,CSE-09,2024-11-30T03:01:16.389951,2024-11-30T04:39:58.142318,Citizen gateway access anomaly ALT-CSE-09-01417 correlated with rate-limiting WAF rules. No unauthorized token issuance.,CERT-IN-ANA-4,False,True Positive - Remediated,"[""ALT-CSE-09-01417""]"
CAS-CSE-09-0284,CSE-09,2024-11-14T17:11:01.458400,2024-11-14T18:46:38.433821,Citizen gateway access anomaly ALT-CSE-09-01426 correlated with rate-limiting WAF rules. No unauthorized token issuance.,CERT-IN-ANA-3,False,True Positive - Remediated,"[""ALT-CSE-09-01426""]"
CAS-CSE-09-0285,CSE-09,2024-10-14T08:56:16.698448,2024-10-14T09:40:29.823826,Citizen gateway access anomaly ALT-CSE-09-01428 correlated with rate-limiting WAF rules. No unauthorized token issuance.,CERT-IN-ANA-2,False,True Positive - Remediated,"[""ALT-CSE-09-01428""]"
CAS-CSE-09-0286,CSE-09,2024-12-25T15:28:42.609076,2024-12-25T16:59:19.157147,Citizen gateway access anomaly ALT-CSE-09-01429 correlated with rate-limiting WAF rules. No unauthorized token issuance.,CERT-IN-ANA-2,True,True Positive - Remediated,"[""ALT-CSE-09-01429""]"
CAS-CSE-09-0287,CSE-09,2024-10-07T18:47:56.924371,2024-10-07T19:33:35.903912,Citizen gateway access anomaly ALT-CSE-09-01432 correlated with rate-limiting WAF rules. No unauthorized token issuance.,CERT-IN-ANA-3,False,True Positive - Remediated,"[""ALT-CSE-09-01432""]"
CAS-CSE-09-0288,CSE-09,2024-10-25T01:28:56.562964,2024-10-25T02:18:31.155138,Citizen gateway access anomaly ALT-CSE-09-01434 correlated with rate-limiting WAF rules. No unauthorized token issuance.,CERT-IN-ANA-3,False,True Positive - Remediated,"[""ALT-CSE-09-01434""]"
CAS-CSE-09-0289,CSE-09,2024-10-16T23:35:51.963025,2024-10-17T00:29:06.562817,Citizen gateway access anomaly ALT-CSE-09-01437 correlated with rate-limiting WAF rules. No unauthorized token issuance.,CERT-IN-ANA-1,False,True Positive - Remediated,"[""ALT-CSE-09-01437""]"
CAS-CSE-09-0290,CSE-09,2024-12-18T13:02:02.733918,2024-12-18T13:54:23.273839,Citizen gateway access anomaly ALT-CSE-09-01440 correlated with rate-limiting WAF rules. No unauthorized token issuance.,CERT-IN-ANA-4,False,True Positive - Remediated,"[""ALT-CSE-09-01440""]"
CAS-CSE-09-0291,CSE-09,2024-10-13T00:17:01.286546,2024-10-13T00:59:37.407974,Citizen gateway access anomaly ALT-CSE-09-01443 correlated with rate-limiting WAF rules. No unauthorized token issuance.,CERT-IN-ANA-3,False,True Positive - Remediated,"[""ALT-CSE-09-01443""]"
CAS-CSE-09-0292,CSE-09,2024-11-13T06:18:41.451593,2024-11-13T06:56:23.491361,Citizen gateway access anomaly ALT-CSE-09-01444 correlated with rate-limiting WAF rules. No unauthorized token issuance.,CERT-IN-ANA-1,False,True Positive - Remediated,"[""ALT-CSE-09-01444""]"
CAS-CSE-09-0293,CSE-09,2024-11-20T23:01:01.064547,2024-11-20T23:41:00.400568,Citizen gateway access anomaly ALT-CSE-09-01453 correlated with rate-limiting WAF rules. No unauthorized token issuance.,CERT-IN-ANA-4,False,True Positive - Remediated,"[""ALT-CSE-09-01453""]"
CAS-CSE-09-0294,CSE-09,2024-10-11T01:21:51.280070,2024-10-11T01:58:05.218429,Citizen gateway access anomaly ALT-CSE-09-01461 correlated with rate-limiting WAF rules. No unauthorized token issuance.,CERT-IN-ANA-3,True,True Positive - Remediated,"[""ALT-CSE-09-01461""]"
CAS-CSE-09-0295,CSE-09,2024-12-28T19:00:11.117062,2024-12-28T19:57:20.499402,Citizen gateway access anomaly ALT-CSE-09-01467 correlated with rate-limiting WAF rules. No unauthorized token issuance.,CERT-IN-ANA-1,False,True Positive - Remediated,"[""ALT-CSE-09-01467""]"
CAS-CSE-09-0296,CSE-09,2024-12-01T04:16:50.369273,2024-12-01T05:20:38.670973,Citizen gateway access anomaly ALT-CSE-09-01468 correlated with rate-limiting WAF rules. No unauthorized token issuance.,CERT-IN-ANA-3,False,True Positive - Remediated,"[""ALT-CSE-09-01468""]"
CAS-CSE-09-0297,CSE-09,2024-12-03T20:26:48.333594,2024-12-03T21:28:02.652541,Citizen gateway access anomaly ALT-CSE-09-01470 correlated with rate-limiting WAF rules. No unauthorized token issuance.,CERT-IN-ANA-1,False,True Positive - Remediated,"[""ALT-CSE-09-01470""]"
CAS-CSE-09-0298,CSE-09,2024-12-09T14:06:36.158618,2024-12-09T15:46:15.557146,Citizen gateway access anomaly ALT-CSE-09-01475 correlated with rate-limiting WAF rules. No unauthorized token issuance.,CERT-IN-ANA-1,True,True Positive - Remediated,"[""ALT-CSE-09-01475""]"
CAS-CSE-09-0299,CSE-09,2024-11-30T19:47:29.672859,2024-11-30T20:51:31.856211,Citizen gateway access anomaly ALT-CSE-09-01483 correlated with rate-limiting WAF rules. No unauthorized token issuance.,CERT-IN-ANA-3,True,True Positive - Remediated,"[""ALT-CSE-09-01483""]"
CAS-CSE-09-0300,CSE-09,2024-12-05T14:28:02.884386,2024-12-05T15:34:19.029928,Citizen gateway access anomaly ALT-CSE-09-01487 correlated with rate-limiting WAF rules. No unauthorized token issuance.,CERT-IN-ANA-4,True,True Positive - Remediated,"[""ALT-CSE-09-01487""]"
CAS-CSE-09-0301,CSE-09,2024-12-18T01:40:52.014186,2024-12-18T02:34:12.076206,Citizen gateway access anomaly ALT-CSE-09-01491 correlated with rate-limiting WAF rules. No unauthorized token issuance.,CERT-IN-ANA-3,False,True Positive - Remediated,"[""ALT-CSE-09-01491""]"
CAS-CSE-09-0302,CSE-09,2024-12-18T18:53:14.334539,2024-12-18T19:24:42.386925,Citizen gateway access anomaly ALT-CSE-09-01492 correlated with rate-limiting WAF rules. No unauthorized token issuance.,CERT-IN-ANA-3,False,True Positive - Remediated,"[""ALT-CSE-09-01492""]"
CAS-CSE-09-0303,CSE-09,2024-11-20T06:43:46.191645,2024-11-20T07:13:28.041954,Citizen gateway access anomaly ALT-CSE-09-01494 correlated with rate-limiting WAF rules. No unauthorized token issuance.,CERT-IN-ANA-4,True,True Positive - Remediated,"[""ALT-CSE-09-01494""]"
CAS-CSE-09-0304,CSE-09,2024-12-28T18:56:34.763602,2024-12-28T20:38:29.918735,Citizen gateway access anomaly ALT-CSE-09-01497 correlated with rate-limiting WAF rules. No unauthorized token issuance.,CERT-IN-ANA-4,False,True Positive - Remediated,"[""ALT-CSE-09-01497""]"
CAS-CSE-09-0305,CSE-09,2024-11-26T15:59:23.497223,2024-11-26T17:31:12.905074,Citizen gateway access anomaly ALT-CSE-09-01501 correlated with rate-limiting WAF rules. No unauthorized token issuance.,CERT-IN-ANA-1,False,True Positive - Remediated,"[""ALT-CSE-09-01501""]"
CAS-CSE-09-0306,CSE-09,2024-12-22T05:33:17.809989,2024-12-22T07:10:14.541858,Citizen gateway access anomaly ALT-CSE-09-01502 correlated with rate-limiting WAF rules. No unauthorized token issuance.,CERT-IN-ANA-2,False,True Positive - Remediated,"[""ALT-CSE-09-01502""]"
CAS-CSE-09-0307,CSE-09,2024-12-20T01:35:07.682675,2024-12-20T03:15:09.453307,Citizen gateway access anomaly ALT-CSE-09-01503 correlated with rate-limiting WAF rules. No unauthorized token issuance.,CERT-IN-ANA-2,True,True Positive - Remediated,"[""ALT-CSE-09-01503""]"
CAS-CSE-09-0308,CSE-09,2024-12-07T15:01:25.122865,2024-12-07T16:10:37.874287,Citizen gateway access anomaly ALT-CSE-09-01515 correlated with rate-limiting WAF rules. No unauthorized token issuance.,CERT-IN-ANA-4,True,True Positive - Remediated,"[""ALT-CSE-09-01515""]"
CAS-CSE-09-0309,CSE-09,2024-12-25T11:14:15.665331,2024-12-25T11:58:56.521764,Citizen gateway access anomaly ALT-CSE-09-01516 correlated with rate-limiting WAF rules. No unauthorized token issuance.,CERT-IN-ANA-2,False,True Positive - Remediated,"[""ALT-CSE-09-01516""]"
CAS-CSE-09-0310,CSE-09,2024-11-18T01:01:07.289958,2024-11-18T02:15:57.846693,Citizen gateway access anomaly ALT-CSE-09-01520 correlated with rate-limiting WAF rules. No unauthorized token issuance.,CERT-IN-ANA-3,False,True Positive - Remediated,"[""ALT-CSE-09-01520""]"
CAS-CSE-09-0311,CSE-09,2024-12-21T10:53:11.129156,2024-12-21T12:24:55.923131,Citizen gateway access anomaly ALT-CSE-09-01526 correlated with rate-limiting WAF rules. No unauthorized token issuance.,CERT-IN-ANA-1,False,True Positive - Remediated,"[""ALT-CSE-09-01526""]"
CAS-CSE-09-0312,CSE-09,2024-10-05T00:03:54.299311,2024-10-05T01:10:22.428327,Citizen gateway access anomaly ALT-CSE-09-01529 correlated with rate-limiting WAF rules. No unauthorized token issuance.,CERT-IN-ANA-2,False,True Positive - Remediated,"[""ALT-CSE-09-01529""]"
CAS-CSE-09-0313,CSE-09,2024-10-21T01:07:38.894047,2024-10-21T02:25:58.016244,Citizen gateway access anomaly ALT-CSE-09-01532 correlated with rate-limiting WAF rules. No unauthorized token issuance.,CERT-IN-ANA-2,False,True Positive - Remediated,"[""ALT-CSE-09-01532""]"
CAS-CSE-09-0314,CSE-09,2024-10-13T23:07:01.929348,2024-10-13T23:58:12.255832,Citizen gateway access anomaly ALT-CSE-09-01552 correlated with rate-limiting WAF rules. No unauthorized token issuance.,CERT-IN-ANA-1,False,True Positive - Remediated,"[""ALT-CSE-09-01552""]"
CAS-CSE-09-0315,CSE-09,2024-12-01T09:32:27.128158,2024-12-01T10:51:08.344553,Citizen gateway access anomaly ALT-CSE-09-01553 correlated with rate-limiting WAF rules. No unauthorized token issuance.,CERT-IN-ANA-4,False,True Positive - Remediated,"[""ALT-CSE-09-01553""]"
CAS-CSE-09-0316,CSE-09,2024-11-01T23:29:24.960170,2024-11-02T00:12:42.307128,Citizen gateway access anomaly ALT-CSE-09-01559 correlated with rate-limiting WAF rules. No unauthorized token issuance.,CERT-IN-ANA-3,False,True Positive - Remediated,"[""ALT-CSE-09-01559""]"
CAS-CSE-09-0317,CSE-09,2024-10-12T21:16:13.245438,2024-10-12T22:08:56.191951,Citizen gateway access anomaly ALT-CSE-09-01561 correlated with rate-limiting WAF rules. No unauthorized token issuance.,CERT-IN-ANA-4,False,True Positive - Remediated,"[""ALT-CSE-09-01561""]"
CAS-CSE-09-0318,CSE-09,2024-10-03T08:45:35.635755,2024-10-03T09:23:55.924848,Citizen gateway access anomaly ALT-CSE-09-01567 correlated with rate-limiting WAF rules. No unauthorized token issuance.,CERT-IN-ANA-4,False,True Positive - Remediated,"[""ALT-CSE-09-01567""]"
CAS-CSE-09-0319,CSE-09,2024-11-19T15:43:20.301776,2024-11-19T16:21:13.963327,Citizen gateway access anomaly ALT-CSE-09-01569 correlated with rate-limiting WAF rules. No unauthorized token issuance.,CERT-IN-ANA-1,True,True Positive - Remediated,"[""ALT-CSE-09-01569""]"
CAS-CSE-09-0320,CSE-09,2024-11-01T01:33:46.418302,2024-11-01T03:10:30.301763,Citizen gateway access anomaly ALT-CSE-09-01570 correlated with rate-limiting WAF rules. No unauthorized token issuance.,CERT-IN-ANA-2,False,True Positive - Remediated,"[""ALT-CSE-09-01570""]"
CAS-CSE-09-0321,CSE-09,2024-11-17T20:05:23.354715,2024-11-17T21:28:39.410852,Citizen gateway access anomaly ALT-CSE-09-01572 correlated with rate-limiting WAF rules. No unauthorized token issuance.,CERT-IN-ANA-3,False,True Positive - Remediated,"[""ALT-CSE-09-01572""]"
CAS-CSE-09-0322,CSE-09,2024-12-23T01:46:34.466519,2024-12-23T02:45:00.802283,Citizen gateway access anomaly ALT-CSE-09-01578 correlated with rate-limiting WAF rules. No unauthorized token issuance.,CERT-IN-ANA-3,False,True Positive - Remediated,"[""ALT-CSE-09-01578""]"
CAS-CSE-09-0323,CSE-09,2024-12-02T05:31:03.916599,2024-12-02T06:37:57.190799,Citizen gateway access anomaly ALT-CSE-09-01581 correlated with rate-limiting WAF rules. No unauthorized token issuance.,CERT-IN-ANA-1,False,True Positive - Remediated,"[""ALT-CSE-09-01581""]"
CAS-CSE-09-0324,CSE-09,2024-11-05T02:14:03.619659,2024-11-05T03:11:50.472252,Citizen gateway access anomaly ALT-CSE-09-01595 correlated with rate-limiting WAF rules. No unauthorized token issuance.,CERT-IN-ANA-4,False,True Positive - Remediated,"[""ALT-CSE-09-01595""]"
CAS-CSE-09-0325,CSE-09,2024-11-28T13:37:09.529581,2024-11-28T14:57:18.260593,Citizen gateway access anomaly ALT-CSE-09-01606 correlated with rate-limiting WAF rules. No unauthorized token issuance.,CERT-IN-ANA-3,False,True Positive - Remediated,"[""ALT-CSE-09-01606""]"
CAS-CSE-09-0326,CSE-09,2024-11-30T08:48:15.773619,2024-11-30T10:35:10.591954,Citizen gateway access anomaly ALT-CSE-09-01612 correlated with rate-limiting WAF rules. No unauthorized token issuance.,CERT-IN-ANA-2,False,True Positive - Remediated,"[""ALT-CSE-09-01612""]"
CAS-CSE-09-0327,CSE-09,2024-10-29T16:38:05.690866,2024-10-29T17:13:16.612720,Citizen gateway access anomaly ALT-CSE-09-01616 correlated with rate-limiting WAF rules. No unauthorized token issuance.,CERT-IN-ANA-3,False,True Positive - Remediated,"[""ALT-CSE-09-01616""]"
CAS-CSE-09-0328,CSE-09,2024-12-10T15:03:00.208623,2024-12-10T15:50:32.278042,Citizen gateway access anomaly ALT-CSE-09-01617 correlated with rate-limiting WAF rules. No unauthorized token issuance.,CERT-IN-ANA-1,False,True Positive - Remediated,"[""ALT-CSE-09-01617""]"
CAS-CSE-09-0329,CSE-09,2024-10-19T15:57:58.859500,2024-10-19T16:54:58.493714,Citizen gateway access anomaly ALT-CSE-09-01618 correlated with rate-limiting WAF rules. No unauthorized token issuance.,CERT-IN-ANA-2,False,True Positive - Remediated,"[""ALT-CSE-09-01618""]"
CAS-CSE-09-0330,CSE-09,2024-10-02T09:28:30.665955,2024-10-02T10:05:12.649695,Citizen gateway access anomaly ALT-CSE-09-01619 correlated with rate-limiting WAF rules. No unauthorized token issuance.,CERT-IN-ANA-1,False,True Positive - Remediated,"[""ALT-CSE-09-01619""]"
CAS-CSE-09-0331,CSE-09,2024-12-17T23:51:38.474299,2024-12-18T00:58:21.517045,Citizen gateway access anomaly ALT-CSE-09-01620 correlated with rate-limiting WAF rules. No unauthorized token issuance.,CERT-IN-ANA-2,True,True Positive - Remediated,"[""ALT-CSE-09-01620""]"
CAS-CSE-09-0332,CSE-09,2024-11-21T05:51:36.278969,2024-11-21T06:59:28.581945,Citizen gateway access anomaly ALT-CSE-09-01625 correlated with rate-limiting WAF rules. No unauthorized token issuance.,CERT-IN-ANA-1,False,True Positive - Remediated,"[""ALT-CSE-09-01625""]"
CAS-CSE-09-0333,CSE-09,2024-10-03T17:10:54.682161,2024-10-03T18:05:49.562943,Citizen gateway access anomaly ALT-CSE-09-01636 correlated with rate-limiting WAF rules. No unauthorized token issuance.,CERT-IN-ANA-4,True,True Positive - Remediated,"[""ALT-CSE-09-01636""]"
CAS-CSE-09-0334,CSE-09,2024-11-09T11:57:04.712491,2024-11-09T13:06:30.473507,Citizen gateway access anomaly ALT-CSE-09-01639 correlated with rate-limiting WAF rules. No unauthorized token issuance.,CERT-IN-ANA-3,False,True Positive - Remediated,"[""ALT-CSE-09-01639""]"
CAS-CSE-09-0335,CSE-09,2024-11-12T14:54:43.281831,2024-11-12T16:17:59.637100,Citizen gateway access anomaly ALT-CSE-09-01641 correlated with rate-limiting WAF rules. No unauthorized token issuance.,CERT-IN-ANA-3,False,True Positive - Remediated,"[""ALT-CSE-09-01641""]"
CAS-CSE-09-0336,CSE-09,2024-12-13T10:36:56.787587,2024-12-13T11:34:59.874710,Citizen gateway access anomaly ALT-CSE-09-01642 correlated with rate-limiting WAF rules. No unauthorized token issuance.,CERT-IN-ANA-4,True,True Positive - Remediated,"[""ALT-CSE-09-01642""]"
CAS-CSE-09-0337,CSE-09,2024-10-06T21:10:17.979669,2024-10-06T22:04:53.246375,Citizen gateway access anomaly ALT-CSE-09-01651 correlated with rate-limiting WAF rules. No unauthorized token issuance.,CERT-IN-ANA-3,True,True Positive - Remediated,"[""ALT-CSE-09-01651""]"
CAS-CSE-09-0338,CSE-09,2024-12-11T21:43:32.448724,2024-12-11T23:05:15.623661,Citizen gateway access anomaly ALT-CSE-09-01654 correlated with rate-limiting WAF rules. No unauthorized token issuance.,CERT-IN-ANA-4,False,True Positive - Remediated,"[""ALT-CSE-09-01654""]"
CAS-CSE-09-0339,CSE-09,2024-12-23T21:32:34.729604,2024-12-23T22:18:23.808593,Citizen gateway access anomaly ALT-CSE-09-01655 correlated with rate-limiting WAF rules. No unauthorized token issuance.,CERT-IN-ANA-1,True,True Positive - Remediated,"[""ALT-CSE-09-01655""]"
CAS-CSE-09-0340,CSE-09,2024-10-13T07:27:50.444561,2024-10-13T08:24:01.037078,Citizen gateway access anomaly ALT-CSE-09-01657 correlated with rate-limiting WAF rules. No unauthorized token issuance.,CERT-IN-ANA-1,False,True Positive - Remediated,"[""ALT-CSE-09-01657""]"
CAS-CSE-09-0341,CSE-09,2024-11-16T22:44:51.453129,2024-11-17T00:25:58.286895,Citizen gateway access anomaly ALT-CSE-09-01663 correlated with rate-limiting WAF rules. No unauthorized token issuance.,CERT-IN-ANA-4,True,True Positive - Remediated,"[""ALT-CSE-09-01663""]"
CAS-CSE-09-0342,CSE-09,2024-10-15T22:54:27.034128,2024-10-15T23:32:02.441852,Citizen gateway access anomaly ALT-CSE-09-01672 correlated with rate-limiting WAF rules. No unauthorized token issuance.,CERT-IN-ANA-3,True,True Positive - Remediated,"[""ALT-CSE-09-01672""]"
CAS-CSE-09-0343,CSE-09,2024-11-19T12:03:47.861522,2024-11-19T13:10:45.637897,Citizen gateway access anomaly ALT-CSE-09-01673 correlated with rate-limiting WAF rules. No unauthorized token issuance.,CERT-IN-ANA-1,False,True Positive - Remediated,"[""ALT-CSE-09-01673""]"
CAS-CSE-09-0344,CSE-09,2024-10-30T22:10:21.436644,2024-10-30T23:12:12.085547,Citizen gateway access anomaly ALT-CSE-09-01674 correlated with rate-limiting WAF rules. No unauthorized token issuance.,CERT-IN-ANA-2,False,True Positive - Remediated,"[""ALT-CSE-09-01674""]"
CAS-CSE-09-0345,CSE-09,2024-12-26T04:20:57.249503,2024-12-26T05:03:34.833880,Citizen gateway access anomaly ALT-CSE-09-01676 correlated with rate-limiting WAF rules. No unauthorized token issuance.,CERT-IN-ANA-2,False,True Positive - Remediated,"[""ALT-CSE-09-01676""]"
CAS-CSE-09-0346,CSE-09,2024-12-19T01:24:02.621689,2024-12-19T02:53:53.897046,Citizen gateway access anomaly ALT-CSE-09-01678 correlated with rate-limiting WAF rules. No unauthorized token issuance.,CERT-IN-ANA-2,False,True Positive - Remediated,"[""ALT-CSE-09-01678""]"
CAS-CSE-09-0347,CSE-09,2024-10-27T20:12:20.034075,2024-10-27T21:08:29.948040,Citizen gateway access anomaly ALT-CSE-09-01706 correlated with rate-limiting WAF rules. No unauthorized token issuance.,CERT-IN-ANA-3,False,True Positive - Remediated,"[""ALT-CSE-09-01706""]"
CAS-CSE-09-0348,CSE-09,2024-11-24T08:40:25.815889,2024-11-24T09:23:04.174715,Citizen gateway access anomaly ALT-CSE-09-01709 correlated with rate-limiting WAF rules. No unauthorized token issuance.,CERT-IN-ANA-2,True,True Positive - Remediated,"[""ALT-CSE-09-01709""]"
CAS-CSE-09-0349,CSE-09,2024-12-17T02:35:20.616040,2024-12-17T04:11:09.283666,Citizen gateway access anomaly ALT-CSE-09-01714 correlated with rate-limiting WAF rules. No unauthorized token issuance.,CERT-IN-ANA-2,False,True Positive - Remediated,"[""ALT-CSE-09-01714""]"
CAS-CSE-09-0350,CSE-09,2024-11-10T15:52:38.037241,2024-11-10T17:33:28.054236,Citizen gateway access anomaly ALT-CSE-09-01717 correlated with rate-limiting WAF rules. No unauthorized token issuance.,CERT-IN-ANA-3,False,True Positive - Remediated,"[""ALT-CSE-09-01717""]"
CAS-CSE-09-0351,CSE-09,2024-12-10T22:31:14.703655,2024-12-10T23:54:59.850829,Citizen gateway access anomaly ALT-CSE-09-01718 correlated with rate-limiting WAF rules. No unauthorized token issuance.,CERT-IN-ANA-1,False,True Positive - Remediated,"[""ALT-CSE-09-01718""]"
CAS-CSE-09-0352,CSE-09,2024-11-17T13:14:46.518547,2024-11-17T13:48:15.041053,Citizen gateway access anomaly ALT-CSE-09-01721 correlated with rate-limiting WAF rules. No unauthorized token issuance.,CERT-IN-ANA-1,False,True Positive - Remediated,"[""ALT-CSE-09-01721""]"
CAS-CSE-09-0353,CSE-09,2024-10-29T04:14:20.758579,2024-10-29T05:25:19.904376,Citizen gateway access anomaly ALT-CSE-09-01722 correlated with rate-limiting WAF rules. No unauthorized token issuance.,CERT-IN-ANA-4,False,True Positive - Remediated,"[""ALT-CSE-09-01722""]"
CAS-CSE-09-0354,CSE-09,2024-10-06T21:17:02.840593,2024-10-06T22:35:19.781789,Citizen gateway access anomaly ALT-CSE-09-01723 correlated with rate-limiting WAF rules. No unauthorized token issuance.,CERT-IN-ANA-1,False,True Positive - Remediated,"[""ALT-CSE-09-01723""]"
CAS-CSE-09-0355,CSE-09,2024-11-21T09:26:08.179805,2024-11-21T10:58:45.168367,Citizen gateway access anomaly ALT-CSE-09-01724 correlated with rate-limiting WAF rules. No unauthorized token issuance.,CERT-IN-ANA-2,False,True Positive - Remediated,"[""ALT-CSE-09-01724""]"
CAS-CSE-09-0356,CSE-09,2024-10-21T04:04:07.245485,2024-10-21T05:13:19.788992,Citizen gateway access anomaly ALT-CSE-09-01727 correlated with rate-limiting WAF rules. No unauthorized token issuance.,CERT-IN-ANA-1,False,True Positive - Remediated,"[""ALT-CSE-09-01727""]"
CAS-CSE-09-0357,CSE-09,2024-12-14T13:15:05.362380,2024-12-14T13:55:27.085744,Citizen gateway access anomaly ALT-CSE-09-01728 correlated with rate-limiting WAF rules. No unauthorized token issuance.,CERT-IN-ANA-2,True,True Positive - Remediated,"[""ALT-CSE-09-01728""]"
CAS-CSE-09-0358,CSE-09,2024-10-03T07:09:21.873243,2024-10-03T08:49:46.615764,Citizen gateway access anomaly ALT-CSE-09-01730 correlated with rate-limiting WAF rules. No unauthorized token issuance.,CERT-IN-ANA-3,False,True Positive - Remediated,"[""ALT-CSE-09-01730""]"
CAS-CSE-09-0359,CSE-09,2024-11-14T18:00:27.859535,2024-11-14T18:35:23.627466,Citizen gateway access anomaly ALT-CSE-09-01731 correlated with rate-limiting WAF rules. No unauthorized token issuance.,CERT-IN-ANA-4,False,True Positive - Remediated,"[""ALT-CSE-09-01731""]"
CAS-CSE-09-0360,CSE-09,2024-10-30T18:55:24.667494,2024-10-30T19:32:31.816841,Citizen gateway access anomaly ALT-CSE-09-01737 correlated with rate-limiting WAF rules. No unauthorized token issuance.,CERT-IN-ANA-3,False,True Positive - Remediated,"[""ALT-CSE-09-01737""]"
CAS-CSE-09-0361,CSE-09,2024-12-18T16:55:54.081739,2024-12-18T18:14:32.532791,Citizen gateway access anomaly ALT-CSE-09-01741 correlated with rate-limiting WAF rules. No unauthorized token issuance.,CERT-IN-ANA-2,True,True Positive - Remediated,"[""ALT-CSE-09-01741""]"
CAS-CSE-09-0362,CSE-09,2024-11-15T08:06:01.334263,2024-11-15T09:37:10.224891,Citizen gateway access anomaly ALT-CSE-09-01742 correlated with rate-limiting WAF rules. No unauthorized token issuance.,CERT-IN-ANA-4,False,True Positive - Remediated,"[""ALT-CSE-09-01742""]"
CAS-CSE-09-0363,CSE-09,2024-10-28T07:07:19.960484,2024-10-28T08:36:56.255595,Citizen gateway access anomaly ALT-CSE-09-01747 correlated with rate-limiting WAF rules. No unauthorized token issuance.,CERT-IN-ANA-3,False,True Positive - Remediated,"[""ALT-CSE-09-01747""]"
CAS-CSE-09-0364,CSE-09,2024-10-18T06:33:36.467566,2024-10-18T07:26:11.667898,Citizen gateway access anomaly ALT-CSE-09-01756 correlated with rate-limiting WAF rules. No unauthorized token issuance.,CERT-IN-ANA-1,False,True Positive - Remediated,"[""ALT-CSE-09-01756""]"
CAS-CSE-09-0365,CSE-09,2024-10-15T18:38:18.931061,2024-10-15T20:06:52.582625,Citizen gateway access anomaly ALT-CSE-09-01758 correlated with rate-limiting WAF rules. No unauthorized token issuance.,CERT-IN-ANA-2,False,True Positive - Remediated,"[""ALT-CSE-09-01758""]"
CAS-CSE-09-0366,CSE-09,2024-11-21T05:00:58.782567,2024-11-21T05:38:51.491649,Citizen gateway access anomaly ALT-CSE-09-01759 correlated with rate-limiting WAF rules. No unauthorized token issuance.,CERT-IN-ANA-4,False,True Positive - Remediated,"[""ALT-CSE-09-01759""]"
CAS-CSE-09-0367,CSE-09,2024-12-27T05:20:13.854881,2024-12-27T06:06:32.085318,Citizen gateway access anomaly ALT-CSE-09-01773 correlated with rate-limiting WAF rules. No unauthorized token issuance.,CERT-IN-ANA-3,False,True Positive - Remediated,"[""ALT-CSE-09-01773""]"
CAS-CSE-09-0368,CSE-09,2024-12-04T10:10:32.723858,2024-12-04T11:14:10.924920,Citizen gateway access anomaly ALT-CSE-09-01774 correlated with rate-limiting WAF rules. No unauthorized token issuance.,CERT-IN-ANA-3,False,True Positive - Remediated,"[""ALT-CSE-09-01774""]"
CAS-CSE-09-0369,CSE-09,2024-11-27T21:57:24.558848,2024-11-27T22:58:48.788471,Citizen gateway access anomaly ALT-CSE-09-01778 correlated with rate-limiting WAF rules. No unauthorized token issuance.,CERT-IN-ANA-3,False,True Positive - Remediated,"[""ALT-CSE-09-01778""]"
CAS-CSE-09-0370,CSE-09,2024-10-09T20:55:25.215474,2024-10-09T21:40:36.940767,Citizen gateway access anomaly ALT-CSE-09-01779 correlated with rate-limiting WAF rules. No unauthorized token issuance.,CERT-IN-ANA-4,False,True Positive - Remediated,"[""ALT-CSE-09-01779""]"
CAS-CSE-09-0371,CSE-09,2024-10-25T00:13:27.479069,2024-10-25T00:53:04.177155,Citizen gateway access anomaly ALT-CSE-09-01795 correlated with rate-limiting WAF rules. No unauthorized token issuance.,CERT-IN-ANA-3,True,True Positive - Remediated,"[""ALT-CSE-09-01795""]"
CAS-CSE-09-0372,CSE-09,2024-10-17T16:38:18.540557,2024-10-17T17:41:36.887901,Citizen gateway access anomaly ALT-CSE-09-01797 correlated with rate-limiting WAF rules. No unauthorized token issuance.,CERT-IN-ANA-1,False,True Positive - Remediated,"[""ALT-CSE-09-01797""]"
CAS-CSE-09-0373,CSE-09,2024-10-08T16:13:54.466901,2024-10-08T16:53:26.329666,Citizen gateway access anomaly ALT-CSE-09-01800 correlated with rate-limiting WAF rules. No unauthorized token issuance.,CERT-IN-ANA-2,False,True Positive - Remediated,"[""ALT-CSE-09-01800""]"
CAS-CSE-09-0374,CSE-09,2024-11-11T04:55:12.950049,2024-11-11T05:51:44.017387,Citizen gateway access anomaly ALT-CSE-09-01806 correlated with rate-limiting WAF rules. No unauthorized token issuance.,CERT-IN-ANA-4,False,True Positive - Remediated,"[""ALT-CSE-09-01806""]"
CAS-CSE-09-0375,CSE-09,2024-12-02T08:58:56.574460,2024-12-02T10:02:47.923609,Citizen gateway access anomaly ALT-CSE-09-01809 correlated with rate-limiting WAF rules. No unauthorized token issuance.,CERT-IN-ANA-3,False,True Positive - Remediated,"[""ALT-CSE-09-01809""]"
CAS-CSE-09-0376,CSE-09,2024-12-15T07:24:03.736169,2024-12-15T08:53:08.081342,Citizen gateway access anomaly ALT-CSE-09-01817 correlated with rate-limiting WAF rules. No unauthorized token issuance.,CERT-IN-ANA-3,True,True Positive - Remediated,"[""ALT-CSE-09-01817""]"
CAS-CSE-09-0377,CSE-09,2024-11-04T04:18:30.919159,2024-11-04T05:20:43.071720,Citizen gateway access anomaly ALT-CSE-09-01819 correlated with rate-limiting WAF rules. No unauthorized token issuance.,CERT-IN-ANA-2,False,True Positive - Remediated,"[""ALT-CSE-09-01819""]"
CAS-CSE-09-0378,CSE-09,2024-12-29T14:39:54.071743,2024-12-29T15:39:08.343797,Citizen gateway access anomaly ALT-CSE-09-01821 correlated with rate-limiting WAF rules. No unauthorized token issuance.,CERT-IN-ANA-3,False,True Positive - Remediated,"[""ALT-CSE-09-01821""]"
CAS-CSE-09-0379,CSE-09,2024-10-15T03:41:23.953054,2024-10-15T04:22:46.354536,Citizen gateway access anomaly ALT-CSE-09-01826 correlated with rate-limiting WAF rules. No unauthorized token issuance.,CERT-IN-ANA-3,False,True Positive - Remediated,"[""ALT-CSE-09-01826""]"
CAS-CSE-09-0380,CSE-09,2024-10-01T10:16:06.367851,2024-10-01T11:41:46.508752,Citizen gateway access anomaly ALT-CSE-09-01843 correlated with rate-limiting WAF rules. No unauthorized token issuance.,CERT-IN-ANA-3,False,True Positive - Remediated,"[""ALT-CSE-09-01843""]"
CAS-CSE-09-0381,CSE-09,2024-11-03T04:43:42.605247,2024-11-03T05:31:42.307160,Citizen gateway access anomaly ALT-CSE-09-01847 correlated with rate-limiting WAF rules. No unauthorized token issuance.,CERT-IN-ANA-2,True,True Positive - Remediated,"[""ALT-CSE-09-01847""]"
CAS-CSE-09-0382,CSE-09,2024-10-08T06:19:37.816220,2024-10-08T07:04:16.977987,Citizen gateway access anomaly ALT-CSE-09-01848 correlated with rate-limiting WAF rules. No unauthorized token issuance.,CERT-IN-ANA-4,False,True Positive - Remediated,"[""ALT-CSE-09-01848""]"
CAS-CSE-09-0383,CSE-09,2024-10-28T06:09:41.951524,2024-10-28T07:42:54.143347,Citizen gateway access anomaly ALT-CSE-09-01850 correlated with rate-limiting WAF rules. No unauthorized token issuance.,CERT-IN-ANA-3,True,True Positive - Remediated,"[""ALT-CSE-09-01850""]"
CAS-CSE-09-0384,CSE-09,2024-12-02T09:04:52.818437,2024-12-02T09:32:59.953738,Citizen gateway access anomaly ALT-CSE-09-01852 correlated with rate-limiting WAF rules. No unauthorized token issuance.,CERT-IN-ANA-1,False,True Positive - Remediated,"[""ALT-CSE-09-01852""]"
CAS-CSE-09-0385,CSE-09,2024-11-14T13:48:47.233458,2024-11-14T15:07:46.717210,Citizen gateway access anomaly ALT-CSE-09-01855 correlated with rate-limiting WAF rules. No unauthorized token issuance.,CERT-IN-ANA-4,True,True Positive - Remediated,"[""ALT-CSE-09-01855""]"
CAS-CSE-09-0386,CSE-09,2024-10-03T07:23:19.196026,2024-10-03T08:09:04.247832,Citizen gateway access anomaly ALT-CSE-09-01857 correlated with rate-limiting WAF rules. No unauthorized token issuance.,CERT-IN-ANA-4,False,True Positive - Remediated,"[""ALT-CSE-09-01857""]"
CAS-CSE-09-0387,CSE-09,2024-10-24T05:05:51.599021,2024-10-24T06:11:25.030220,Citizen gateway access anomaly ALT-CSE-09-01858 correlated with rate-limiting WAF rules. No unauthorized token issuance.,CERT-IN-ANA-2,False,True Positive - Remediated,"[""ALT-CSE-09-01858""]"
CAS-CSE-09-0388,CSE-09,2024-10-09T09:37:19.889886,2024-10-09T10:26:00.963166,Citizen gateway access anomaly ALT-CSE-09-01877 correlated with rate-limiting WAF rules. No unauthorized token issuance.,CERT-IN-ANA-3,False,True Positive - Remediated,"[""ALT-CSE-09-01877""]"
CAS-CSE-09-0389,CSE-09,2024-10-07T01:36:11.488662,2024-10-07T02:11:18.163801,Citizen gateway access anomaly ALT-CSE-09-01881 correlated with rate-limiting WAF rules. No unauthorized token issuance.,CERT-IN-ANA-2,False,True Positive - Remediated,"[""ALT-CSE-09-01881""]"
CAS-CSE-09-0390,CSE-09,2024-12-09T01:53:12.613461,2024-12-09T02:50:52.101333,Citizen gateway access anomaly ALT-CSE-09-01895 correlated with rate-limiting WAF rules. No unauthorized token issuance.,CERT-IN-ANA-3,False,True Positive - Remediated,"[""ALT-CSE-09-01895""]"
CAS-CSE-09-0391,CSE-09,2024-10-10T17:06:35.222128,2024-10-10T17:46:54.919922,Citizen gateway access anomaly ALT-CSE-09-01896 correlated with rate-limiting WAF rules. No unauthorized token issuance.,CERT-IN-ANA-2,True,True Positive - Remediated,"[""ALT-CSE-09-01896""]"
CAS-CSE-09-0392,CSE-09,2024-10-11T02:59:01.555681,2024-10-11T03:38:00.270429,Citizen gateway access anomaly ALT-CSE-09-01898 correlated with rate-limiting WAF rules. No unauthorized token issuance.,CERT-IN-ANA-4,False,True Positive - Remediated,"[""ALT-CSE-09-01898""]"
CAS-CSE-09-0393,CSE-09,2024-10-05T07:23:02.031939,2024-10-05T08:05:14.634808,Citizen gateway access anomaly ALT-CSE-09-01903 correlated with rate-limiting WAF rules. No unauthorized token issuance.,CERT-IN-ANA-2,False,True Positive - Remediated,"[""ALT-CSE-09-01903""]"
CAS-CSE-09-0394,CSE-09,2024-10-01T09:56:04.376110,2024-10-01T10:24:35.548691,Citizen gateway access anomaly ALT-CSE-09-01904 correlated with rate-limiting WAF rules. No unauthorized token issuance.,CERT-IN-ANA-1,False,True Positive - Remediated,"[""ALT-CSE-09-01904""]"
CAS-CSE-09-0395,CSE-09,2024-11-29T07:17:05.699829,2024-11-29T08:04:36.623559,Citizen gateway access anomaly ALT-CSE-09-01908 correlated with rate-limiting WAF rules. No unauthorized token issuance.,CERT-IN-ANA-4,False,True Positive - Remediated,"[""ALT-CSE-09-01908""]"
CAS-CSE-09-0396,CSE-09,2024-12-14T02:44:16.035163,2024-12-14T04:24:42.602710,Citizen gateway access anomaly ALT-CSE-09-01909 correlated with rate-limiting WAF rules. No unauthorized token issuance.,CERT-IN-ANA-1,False,True Positive - Remediated,"[""ALT-CSE-09-01909""]"
CAS-CSE-09-0397,CSE-09,2024-11-21T08:10:34.062131,2024-11-21T09:44:48.181224,Citizen gateway access anomaly ALT-CSE-09-01914 correlated with rate-limiting WAF rules. No unauthorized token issuance.,CERT-IN-ANA-1,True,True Positive - Remediated,"[""ALT-CSE-09-01914""]"
CAS-CSE-09-0398,CSE-09,2024-12-03T23:30:43.301012,2024-12-04T00:33:50.982715,Citizen gateway access anomaly ALT-CSE-09-01915 correlated with rate-limiting WAF rules. No unauthorized token issuance.,CERT-IN-ANA-2,False,True Positive - Remediated,"[""ALT-CSE-09-01915""]"
CAS-CSE-09-0399,CSE-09,2024-10-23T20:46:56.299886,2024-10-23T22:28:24.851146,Citizen gateway access anomaly ALT-CSE-09-01917 correlated with rate-limiting WAF rules. No unauthorized token issuance.,CERT-IN-ANA-1,False,True Positive - Remediated,"[""ALT-CSE-09-01917""]"
CAS-CSE-09-0400,CSE-09,2024-12-10T03:16:29.779186,2024-12-10T04:12:29.989448,Citizen gateway access anomaly ALT-CSE-09-01918 correlated with rate-limiting WAF rules. No unauthorized token issuance.,CERT-IN-ANA-4,False,True Positive - Remediated,"[""ALT-CSE-09-01918""]"
CAS-CSE-09-0401,CSE-09,2024-10-30T02:54:24.329251,2024-10-30T03:45:34.620128,Citizen gateway access anomaly ALT-CSE-09-01921 correlated with rate-limiting WAF rules. No unauthorized token issuance.,CERT-IN-ANA-3,False,True Positive - Remediated,"[""ALT-CSE-09-01921""]"
CAS-CSE-09-0402,CSE-09,2024-12-20T06:03:31.817233,2024-12-20T06:58:49.764628,Citizen gateway access anomaly ALT-CSE-09-01922 correlated with rate-limiting WAF rules. No unauthorized token issuance.,CERT-IN-ANA-3,False,True Positive - Remediated,"[""ALT-CSE-09-01922""]"
CAS-CSE-09-0403,CSE-09,2024-10-25T20:58:03.417289,2024-10-25T22:22:06.102986,Citizen gateway access anomaly ALT-CSE-09-01929 correlated with rate-limiting WAF rules. No unauthorized token issuance.,CERT-IN-ANA-4,False,True Positive - Remediated,"[""ALT-CSE-09-01929""]"
CAS-CSE-09-0404,CSE-09,2024-10-15T00:31:36.382617,2024-10-15T02:05:46.394836,Citizen gateway access anomaly ALT-CSE-09-01933 correlated with rate-limiting WAF rules. No unauthorized token issuance.,CERT-IN-ANA-4,False,True Positive - Remediated,"[""ALT-CSE-09-01933""]"
CAS-CSE-09-0405,CSE-09,2024-11-08T19:55:23.021264,2024-11-08T21:10:06.515280,Citizen gateway access anomaly ALT-CSE-09-01937 correlated with rate-limiting WAF rules. No unauthorized token issuance.,CERT-IN-ANA-1,False,True Positive - Remediated,"[""ALT-CSE-09-01937""]"
CAS-CSE-09-0406,CSE-09,2024-10-28T16:00:25.235688,2024-10-28T17:04:58.833766,Citizen gateway access anomaly ALT-CSE-09-01946 correlated with rate-limiting WAF rules. No unauthorized token issuance.,CERT-IN-ANA-1,False,True Positive - Remediated,"[""ALT-CSE-09-01946""]"
CAS-CSE-09-0407,CSE-09,2024-10-09T14:40:38.006492,2024-10-09T15:49:34.634602,Citizen gateway access anomaly ALT-CSE-09-01947 correlated with rate-limiting WAF rules. No unauthorized token issuance.,CERT-IN-ANA-1,True,True Positive - Remediated,"[""ALT-CSE-09-01947""]"
CAS-CSE-09-0408,CSE-09,2024-11-05T18:10:18.802081,2024-11-05T18:40:27.206172,Citizen gateway access anomaly ALT-CSE-09-01948 correlated with rate-limiting WAF rules. No unauthorized token issuance.,CERT-IN-ANA-4,False,True Positive - Remediated,"[""ALT-CSE-09-01948""]"
CAS-CSE-09-0409,CSE-09,2024-10-28T11:17:46.282501,2024-10-28T12:37:40.541052,Citizen gateway access anomaly ALT-CSE-09-01954 correlated with rate-limiting WAF rules. No unauthorized token issuance.,CERT-IN-ANA-4,False,True Positive - Remediated,"[""ALT-CSE-09-01954""]"
CAS-CSE-09-0410,CSE-09,2024-10-08T17:33:37.947419,2024-10-08T18:17:42.564355,Citizen gateway access anomaly ALT-CSE-09-01971 correlated with rate-limiting WAF rules. No unauthorized token issuance.,CERT-IN-ANA-2,False,True Positive - Remediated,"[""ALT-CSE-09-01971""]"
CAS-CSE-09-0411,CSE-09,2024-11-14T01:12:43.534706,2024-11-14T02:41:04.864848,Citizen gateway access anomaly ALT-CSE-09-01975 correlated with rate-limiting WAF rules. No unauthorized token issuance.,CERT-IN-ANA-4,False,True Positive - Remediated,"[""ALT-CSE-09-01975""]"
CAS-CSE-09-0412,CSE-09,2024-11-20T10:50:22.816576,2024-11-20T11:47:33.660163,Citizen gateway access anomaly ALT-CSE-09-01985 correlated with rate-limiting WAF rules. No unauthorized token issuance.,CERT-IN-ANA-4,False,True Positive - Remediated,"[""ALT-CSE-09-01985""]"
CAS-CSE-09-0413,CSE-09,2024-11-02T09:50:01.832030,2024-11-02T10:24:36.288574,Citizen gateway access anomaly ALT-CSE-09-01987 correlated with rate-limiting WAF rules. No unauthorized token issuance.,CERT-IN-ANA-3,False,True Positive - Remediated,"[""ALT-CSE-09-01987""]"
CAS-CSE-09-0414,CSE-09,2024-10-28T18:17:56.736375,2024-10-28T18:59:59.450593,Citizen gateway access anomaly ALT-CSE-09-01997 correlated with rate-limiting WAF rules. No unauthorized token issuance.,CERT-IN-ANA-3,False,True Positive - Remediated,"[""ALT-CSE-09-01997""]"
CAS-CSE-09-0415,CSE-09,2024-10-14T16:07:16.501157,2024-10-14T17:45:51.889268,Citizen gateway access anomaly ALT-CSE-09-01998 correlated with rate-limiting WAF rules. No unauthorized token issuance.,CERT-IN-ANA-4,False,True Positive - Remediated,"[""ALT-CSE-09-01998""]"
CAS-CSE-09-0416,CSE-09,2024-12-26T22:21:05.695025,2024-12-26T23:54:45.289088,Citizen gateway access anomaly ALT-CSE-09-02000 correlated with rate-limiting WAF rules. No unauthorized token issuance.,CERT-IN-ANA-1,True,True Positive - Remediated,"[""ALT-CSE-09-02000""]"
CAS-CSE-09-0417,CSE-09,2024-11-28T17:38:58.904492,2024-11-28T18:47:56.063152,Citizen gateway access anomaly ALT-CSE-09-02002 correlated with rate-limiting WAF rules. No unauthorized token issuance.,CERT-IN-ANA-1,False,True Positive - Remediated,"[""ALT-CSE-09-02002""]"
CAS-CSE-09-0418,CSE-09,2024-11-14T14:45:37.408481,2024-11-14T15:15:31.414269,Citizen gateway access anomaly ALT-CSE-09-02012 correlated with rate-limiting WAF rules. No unauthorized token issuance.,CERT-IN-ANA-4,False,True Positive - Remediated,"[""ALT-CSE-09-02012""]"
CAS-CSE-09-0419,CSE-09,2024-10-14T06:11:45.621682,2024-10-14T07:30:11.405422,Citizen gateway access anomaly ALT-CSE-09-02015 correlated with rate-limiting WAF rules. No unauthorized token issuance.,CERT-IN-ANA-1,False,True Positive - Remediated,"[""ALT-CSE-09-02015""]"
CAS-CSE-09-0420,CSE-09,2024-12-29T00:48:24.329855,2024-12-29T02:08:55.235236,Citizen gateway access anomaly ALT-CSE-09-02017 correlated with rate-limiting WAF rules. No unauthorized token issuance.,CERT-IN-ANA-4,False,True Positive - Remediated,"[""ALT-CSE-09-02017""]"
CAS-CSE-09-0421,CSE-09,2024-12-06T00:57:26.465273,2024-12-06T02:00:31.329992,Citizen gateway access anomaly ALT-CSE-09-02018 correlated with rate-limiting WAF rules. No unauthorized token issuance.,CERT-IN-ANA-2,False,True Positive - Remediated,"[""ALT-CSE-09-02018""]"
CAS-CSE-09-0422,CSE-09,2024-11-18T14:11:03.717185,2024-11-18T15:04:47.023947,Citizen gateway access anomaly ALT-CSE-09-02020 correlated with rate-limiting WAF rules. No unauthorized token issuance.,CERT-IN-ANA-1,False,True Positive - Remediated,"[""ALT-CSE-09-02020""]"
CAS-CSE-09-0423,CSE-09,2024-10-23T11:29:18.706370,2024-10-23T12:17:25.977842,Citizen gateway access anomaly ALT-CSE-09-02025 correlated with rate-limiting WAF rules. No unauthorized token issuance.,CERT-IN-ANA-3,False,True Positive - Remediated,"[""ALT-CSE-09-02025""]"
CAS-CSE-09-0424,CSE-09,2024-10-01T13:58:44.435301,2024-10-01T14:40:32.735642,Citizen gateway access anomaly ALT-CSE-09-02027 correlated with rate-limiting WAF rules. No unauthorized token issuance.,CERT-IN-ANA-1,False,True Positive - Remediated,"[""ALT-CSE-09-02027""]"
CAS-CSE-09-0425,CSE-09,2024-10-30T17:47:58.405908,2024-10-30T18:53:58.382188,Citizen gateway access anomaly ALT-CSE-09-02029 correlated with rate-limiting WAF rules. No unauthorized token issuance.,CERT-IN-ANA-2,False,True Positive - Remediated,"[""ALT-CSE-09-02029""]"
CAS-CSE-09-0426,CSE-09,2024-12-06T01:55:47.260234,2024-12-06T02:38:01.639969,Citizen gateway access anomaly ALT-CSE-09-02030 correlated with rate-limiting WAF rules. No unauthorized token issuance.,CERT-IN-ANA-2,False,True Positive - Remediated,"[""ALT-CSE-09-02030""]"
CAS-CSE-09-0427,CSE-09,2024-10-22T19:28:13.422482,2024-10-22T20:47:39.098940,Citizen gateway access anomaly ALT-CSE-09-02032 correlated with rate-limiting WAF rules. No unauthorized token issuance.,CERT-IN-ANA-2,True,True Positive - Remediated,"[""ALT-CSE-09-02032""]"
CAS-CSE-09-0428,CSE-09,2024-12-05T02:14:59.819558,2024-12-05T03:49:28.368024,Citizen gateway access anomaly ALT-CSE-09-02040 correlated with rate-limiting WAF rules. No unauthorized token issuance.,CERT-IN-ANA-2,False,True Positive - Remediated,"[""ALT-CSE-09-02040""]"
CAS-CSE-09-0429,CSE-09,2024-12-10T10:51:40.085207,2024-12-10T11:42:12.061414,Citizen gateway access anomaly ALT-CSE-09-02043 correlated with rate-limiting WAF rules. No unauthorized token issuance.,CERT-IN-ANA-4,False,True Positive - Remediated,"[""ALT-CSE-09-02043""]"
CAS-CSE-09-0430,CSE-09,2024-11-26T01:57:04.484527,2024-11-26T03:12:45.665699,Citizen gateway access anomaly ALT-CSE-09-02044 correlated with rate-limiting WAF rules. No unauthorized token issuance.,CERT-IN-ANA-1,False,True Positive - Remediated,"[""ALT-CSE-09-02044""]"
CAS-CSE-09-0431,CSE-09,2024-12-10T04:52:06.737242,2024-12-10T05:59:53.876403,Citizen gateway access anomaly ALT-CSE-09-02051 correlated with rate-limiting WAF rules. No unauthorized token issuance.,CERT-IN-ANA-4,False,True Positive - Remediated,"[""ALT-CSE-09-02051""]"
CAS-CSE-09-0432,CSE-09,2024-10-26T15:25:36.238461,2024-10-26T16:10:21.814487,Citizen gateway access anomaly ALT-CSE-09-02061 correlated with rate-limiting WAF rules. No unauthorized token issuance.,CERT-IN-ANA-1,False,True Positive - Remediated,"[""ALT-CSE-09-02061""]"
CAS-CSE-09-0433,CSE-09,2024-11-20T13:40:00.581434,2024-11-20T14:35:20.610665,Citizen gateway access anomaly ALT-CSE-09-02072 correlated with rate-limiting WAF rules. No unauthorized token issuance.,CERT-IN-ANA-1,False,True Positive - Remediated,"[""ALT-CSE-09-02072""]"
CAS-CSE-09-0434,CSE-09,2024-11-08T07:09:19.969609,2024-11-08T08:09:11.082259,Citizen gateway access anomaly ALT-CSE-09-02075 correlated with rate-limiting WAF rules. No unauthorized token issuance.,CERT-IN-ANA-2,False,True Positive - Remediated,"[""ALT-CSE-09-02075""]"
CAS-CSE-09-0435,CSE-09,2024-11-22T19:55:35.027779,2024-11-22T21:27:36.155608,Citizen gateway access anomaly ALT-CSE-09-02080 correlated with rate-limiting WAF rules. No unauthorized token issuance.,CERT-IN-ANA-2,False,True Positive - Remediated,"[""ALT-CSE-09-02080""]"
CAS-CSE-09-0436,CSE-09,2024-12-17T00:36:58.069946,2024-12-17T01:42:29.700653,Citizen gateway access anomaly ALT-CSE-09-02081 correlated with rate-limiting WAF rules. No unauthorized token issuance.,CERT-IN-ANA-3,False,True Positive - Remediated,"[""ALT-CSE-09-02081""]"
CAS-CSE-09-0437,CSE-09,2024-10-20T19:02:18.811986,2024-10-20T19:55:32.840734,Citizen gateway access anomaly ALT-CSE-09-02085 correlated with rate-limiting WAF rules. No unauthorized token issuance.,CERT-IN-ANA-2,False,True Positive - Remediated,"[""ALT-CSE-09-02085""]"
CAS-CSE-09-0438,CSE-09,2024-12-07T12:48:34.941981,2024-12-07T13:45:51.465966,Citizen gateway access anomaly ALT-CSE-09-02088 correlated with rate-limiting WAF rules. No unauthorized token issuance.,CERT-IN-ANA-3,False,True Positive - Remediated,"[""ALT-CSE-09-02088""]"
CAS-CSE-09-0439,CSE-09,2024-10-28T16:38:37.964361,2024-10-28T17:45:27.977800,Citizen gateway access anomaly ALT-CSE-09-02091 correlated with rate-limiting WAF rules. No unauthorized token issuance.,CERT-IN-ANA-3,False,True Positive - Remediated,"[""ALT-CSE-09-02091""]"
CAS-CSE-09-0440,CSE-09,2024-10-23T03:58:45.714391,2024-10-23T05:00:34.480083,Citizen gateway access anomaly ALT-CSE-09-02104 correlated with rate-limiting WAF rules. No unauthorized token issuance.,CERT-IN-ANA-1,False,True Positive - Remediated,"[""ALT-CSE-09-02104""]"
CAS-CSE-09-0441,CSE-09,2024-10-04T06:08:17.066052,2024-10-04T07:13:11.217220,Citizen gateway access anomaly ALT-CSE-09-02105 correlated with rate-limiting WAF rules. No unauthorized token issuance.,CERT-IN-ANA-1,False,True Positive - Remediated,"[""ALT-CSE-09-02105""]"
CAS-CSE-09-0442,CSE-09,2024-10-03T01:28:38.579986,2024-10-03T02:21:48.850162,Citizen gateway access anomaly ALT-CSE-09-02112 correlated with rate-limiting WAF rules. No unauthorized token issuance.,CERT-IN-ANA-4,True,True Positive - Remediated,"[""ALT-CSE-09-02112""]"
CAS-CSE-09-0443,CSE-09,2024-11-18T01:58:50.068154,2024-11-18T03:03:51.405020,Citizen gateway access anomaly ALT-CSE-09-02115 correlated with rate-limiting WAF rules. No unauthorized token issuance.,CERT-IN-ANA-1,False,True Positive - Remediated,"[""ALT-CSE-09-02115""]"
CAS-CSE-09-0444,CSE-09,2024-11-11T05:16:35.901019,2024-11-11T05:59:03.868218,Citizen gateway access anomaly ALT-CSE-09-02118 correlated with rate-limiting WAF rules. No unauthorized token issuance.,CERT-IN-ANA-3,False,True Positive - Remediated,"[""ALT-CSE-09-02118""]"
CAS-CSE-09-0445,CSE-09,2024-12-10T16:58:01.276506,2024-12-10T17:37:51.823307,Citizen gateway access anomaly ALT-CSE-09-02123 correlated with rate-limiting WAF rules. No unauthorized token issuance.,CERT-IN-ANA-1,False,True Positive - Remediated,"[""ALT-CSE-09-02123""]"
CAS-CSE-09-0446,CSE-09,2024-10-16T22:31:43.555731,2024-10-16T23:43:37.885889,Citizen gateway access anomaly ALT-CSE-09-02124 correlated with rate-limiting WAF rules. No unauthorized token issuance.,CERT-IN-ANA-3,False,True Positive - Remediated,"[""ALT-CSE-09-02124""]"
CAS-CSE-09-0447,CSE-09,2024-11-10T18:41:13.448032,2024-11-10T19:58:12.987857,Citizen gateway access anomaly ALT-CSE-09-02127 correlated with rate-limiting WAF rules. No unauthorized token issuance.,CERT-IN-ANA-2,False,True Positive - Remediated,"[""ALT-CSE-09-02127""]"
CAS-CSE-09-0448,CSE-09,2024-10-29T13:01:08.421875,2024-10-29T14:10:49.624239,Citizen gateway access anomaly ALT-CSE-09-02128 correlated with rate-limiting WAF rules. No unauthorized token issuance.,CERT-IN-ANA-3,True,True Positive - Remediated,"[""ALT-CSE-09-02128""]"
CAS-CSE-09-0449,CSE-09,2024-10-25T00:53:56.758536,2024-10-25T01:47:50.270982,Citizen gateway access anomaly ALT-CSE-09-02130 correlated with rate-limiting WAF rules. No unauthorized token issuance.,CERT-IN-ANA-2,False,True Positive - Remediated,"[""ALT-CSE-09-02130""]"
CAS-CSE-09-0450,CSE-09,2024-11-27T09:46:23.258854,2024-11-27T10:27:02.375349,Citizen gateway access anomaly ALT-CSE-09-02137 correlated with rate-limiting WAF rules. No unauthorized token issuance.,CERT-IN-ANA-3,True,True Positive - Remediated,"[""ALT-CSE-09-02137""]"
CAS-CSE-09-0451,CSE-09,2024-12-01T14:14:27.121640,2024-12-01T15:34:37.421896,Citizen gateway access anomaly ALT-CSE-09-02138 correlated with rate-limiting WAF rules. No unauthorized token issuance.,CERT-IN-ANA-1,True,True Positive - Remediated,"[""ALT-CSE-09-02138""]"
CAS-CSE-09-0452,CSE-09,2024-12-08T14:11:27.384609,2024-12-08T15:43:50.587016,Citizen gateway access anomaly ALT-CSE-09-02139 correlated with rate-limiting WAF rules. No unauthorized token issuance.,CERT-IN-ANA-2,False,True Positive - Remediated,"[""ALT-CSE-09-02139""]"
CAS-CSE-09-0453,CSE-09,2024-11-21T19:03:24.292475,2024-11-21T20:35:14.900789,Citizen gateway access anomaly ALT-CSE-09-02140 correlated with rate-limiting WAF rules. No unauthorized token issuance.,CERT-IN-ANA-2,False,True Positive - Remediated,"[""ALT-CSE-09-02140""]"
CAS-CSE-09-0454,CSE-09,2024-10-26T11:39:52.050137,2024-10-26T12:40:54.936248,Citizen gateway access anomaly ALT-CSE-09-02147 correlated with rate-limiting WAF rules. No unauthorized token issuance.,CERT-IN-ANA-3,False,True Positive - Remediated,"[""ALT-CSE-09-02147""]"
CAS-CSE-09-0455,CSE-09,2024-10-03T22:59:34.723708,2024-10-04T00:28:08.748243,Citizen gateway access anomaly ALT-CSE-09-02150 correlated with rate-limiting WAF rules. No unauthorized token issuance.,CERT-IN-ANA-4,False,True Positive - Remediated,"[""ALT-CSE-09-02150""]"
CAS-CSE-09-0456,CSE-09,2024-11-25T20:06:39.861834,2024-11-25T21:33:39.112679,Citizen gateway access anomaly ALT-CSE-09-02151 correlated with rate-limiting WAF rules. No unauthorized token issuance.,CERT-IN-ANA-1,False,True Positive - Remediated,"[""ALT-CSE-09-02151""]"
CAS-CSE-09-0457,CSE-09,2024-10-22T02:15:17.564504,2024-10-22T02:59:09.744697,Citizen gateway access anomaly ALT-CSE-09-02154 correlated with rate-limiting WAF rules. No unauthorized token issuance.,CERT-IN-ANA-4,False,True Positive - Remediated,"[""ALT-CSE-09-02154""]"
CAS-CSE-09-0458,CSE-09,2024-12-11T14:41:38.011880,2024-12-11T15:50:13.637028,Citizen gateway access anomaly ALT-CSE-09-02159 correlated with rate-limiting WAF rules. No unauthorized token issuance.,CERT-IN-ANA-3,False,True Positive - Remediated,"[""ALT-CSE-09-02159""]"
CAS-CSE-09-0459,CSE-09,2024-10-25T01:20:48.243728,2024-10-25T01:56:07.811695,Citizen gateway access anomaly ALT-CSE-09-02161 correlated with rate-limiting WAF rules. No unauthorized token issuance.,CERT-IN-ANA-2,False,True Positive - Remediated,"[""ALT-CSE-09-02161""]"
CAS-CSE-09-0460,CSE-09,2024-11-03T10:22:01.660929,2024-11-03T11:21:29.953872,Citizen gateway access anomaly ALT-CSE-09-02172 correlated with rate-limiting WAF rules. No unauthorized token issuance.,CERT-IN-ANA-2,False,True Positive - Remediated,"[""ALT-CSE-09-02172""]"
CAS-CSE-09-0461,CSE-09,2024-12-11T05:02:37.750929,2024-12-11T06:12:32.213523,Citizen gateway access anomaly ALT-CSE-09-02177 correlated with rate-limiting WAF rules. No unauthorized token issuance.,CERT-IN-ANA-4,False,True Positive - Remediated,"[""ALT-CSE-09-02177""]"
CAS-CSE-09-0462,CSE-09,2024-12-16T09:16:52.903763,2024-12-16T10:20:37.394868,Citizen gateway access anomaly ALT-CSE-09-02189 correlated with rate-limiting WAF rules. No unauthorized token issuance.,CERT-IN-ANA-4,False,True Positive - Remediated,"[""ALT-CSE-09-02189""]"
CAS-CSE-09-0463,CSE-09,2024-11-12T08:47:21.427742,2024-11-12T09:51:54.450446,Citizen gateway access anomaly ALT-CSE-09-02190 correlated with rate-limiting WAF rules. No unauthorized token issuance.,CERT-IN-ANA-3,False,True Positive - Remediated,"[""ALT-CSE-09-02190""]"
CAS-CSE-09-0464,CSE-09,2024-10-02T16:32:21.651664,2024-10-02T17:13:48.216078,Citizen gateway access anomaly ALT-CSE-09-02193 correlated with rate-limiting WAF rules. No unauthorized token issuance.,CERT-IN-ANA-3,False,True Positive - Remediated,"[""ALT-CSE-09-02193""]"
CAS-CSE-09-0465,CSE-09,2024-12-27T22:39:44.669285,2024-12-28T00:00:39.117529,Citizen gateway access anomaly ALT-CSE-09-02194 correlated with rate-limiting WAF rules. No unauthorized token issuance.,CERT-IN-ANA-4,False,True Positive - Remediated,"[""ALT-CSE-09-02194""]"
CAS-CSE-09-0466,CSE-09,2024-12-13T23:17:17.501709,2024-12-14T00:54:35.212996,Citizen gateway access anomaly ALT-CSE-09-02198 correlated with rate-limiting WAF rules. No unauthorized token issuance.,CERT-IN-ANA-1,False,True Positive - Remediated,"[""ALT-CSE-09-02198""]"
CAS-CSE-09-0467,CSE-09,2024-10-02T00:18:52.493100,2024-10-02T01:39:22.122281,Citizen gateway access anomaly ALT-CSE-09-02210 correlated with rate-limiting WAF rules. No unauthorized token issuance.,CERT-IN-ANA-3,False,True Positive - Remediated,"[""ALT-CSE-09-02210""]"
CAS-CSE-09-0468,CSE-09,2024-12-20T00:10:53.337377,2024-12-20T01:24:49.116804,Citizen gateway access anomaly ALT-CSE-09-02212 correlated with rate-limiting WAF rules. No unauthorized token issuance.,CERT-IN-ANA-1,False,True Positive - Remediated,"[""ALT-CSE-09-02212""]"
CAS-CSE-09-0469,CSE-09,2024-12-07T03:23:28.075367,2024-12-07T05:00:31.553576,Citizen gateway access anomaly ALT-CSE-09-02214 correlated with rate-limiting WAF rules. No unauthorized token issuance.,CERT-IN-ANA-3,False,True Positive - Remediated,"[""ALT-CSE-09-02214""]"
CAS-CSE-09-0470,CSE-09,2024-12-17T07:34:57.100400,2024-12-17T08:14:56.590053,Citizen gateway access anomaly ALT-CSE-09-02215 correlated with rate-limiting WAF rules. No unauthorized token issuance.,CERT-IN-ANA-1,True,True Positive - Remediated,"[""ALT-CSE-09-02215""]"
CAS-CSE-09-0471,CSE-09,2024-10-18T21:43:54.780335,2024-10-18T22:29:04.349082,Citizen gateway access anomaly ALT-CSE-09-02217 correlated with rate-limiting WAF rules. No unauthorized token issuance.,CERT-IN-ANA-4,True,True Positive - Remediated,"[""ALT-CSE-09-02217""]"
CAS-CSE-09-0472,CSE-09,2024-11-15T17:16:17.414751,2024-11-15T18:11:49.687106,Citizen gateway access anomaly ALT-CSE-09-02220 correlated with rate-limiting WAF rules. No unauthorized token issuance.,CERT-IN-ANA-1,False,True Positive - Remediated,"[""ALT-CSE-09-02220""]"
CAS-CSE-09-0473,CSE-09,2024-10-07T06:57:36.777957,2024-10-07T07:35:48.126319,Citizen gateway access anomaly ALT-CSE-09-02236 correlated with rate-limiting WAF rules. No unauthorized token issuance.,CERT-IN-ANA-2,False,True Positive - Remediated,"[""ALT-CSE-09-02236""]"
CAS-CSE-09-0474,CSE-09,2024-12-24T15:33:31.204469,2024-12-24T16:46:22.560452,Citizen gateway access anomaly ALT-CSE-09-02247 correlated with rate-limiting WAF rules. No unauthorized token issuance.,CERT-IN-ANA-1,False,True Positive - Remediated,"[""ALT-CSE-09-02247""]"
CAS-CSE-09-0475,CSE-09,2024-10-13T05:51:19.859409,2024-10-13T06:19:45.326323,Citizen gateway access anomaly ALT-CSE-09-02255 correlated with rate-limiting WAF rules. No unauthorized token issuance.,CERT-IN-ANA-1,False,True Positive - Remediated,"[""ALT-CSE-09-02255""]"
CAS-CSE-09-0476,CSE-09,2024-10-31T01:53:15.892690,2024-10-31T03:04:41.378411,Citizen gateway access anomaly ALT-CSE-09-02257 correlated with rate-limiting WAF rules. No unauthorized token issuance.,CERT-IN-ANA-2,True,True Positive - Remediated,"[""ALT-CSE-09-02257""]"
CAS-CSE-09-0477,CSE-09,2024-10-31T07:42:06.224886,2024-10-31T09:00:32.149553,Citizen gateway access anomaly ALT-CSE-09-02258 correlated with rate-limiting WAF rules. No unauthorized token issuance.,CERT-IN-ANA-1,False,True Positive - Remediated,"[""ALT-CSE-09-02258""]"
CAS-CSE-09-0478,CSE-09,2024-10-27T14:50:18.671648,2024-10-27T16:18:34.883631,Citizen gateway access anomaly ALT-CSE-09-02263 correlated with rate-limiting WAF rules. No unauthorized token issuance.,CERT-IN-ANA-2,True,True Positive - Remediated,"[""ALT-CSE-09-02263""]"
CAS-CSE-09-0479,CSE-09,2024-11-24T09:42:50.831097,2024-11-24T11:24:02.812797,Citizen gateway access anomaly ALT-CSE-09-02265 correlated with rate-limiting WAF rules. No unauthorized token issuance.,CERT-IN-ANA-1,False,True Positive - Remediated,"[""ALT-CSE-09-02265""]"
CAS-CSE-09-0480,CSE-09,2024-12-20T19:08:10.012378,2024-12-20T20:23:19.082125,Citizen gateway access anomaly ALT-CSE-09-02269 correlated with rate-limiting WAF rules. No unauthorized token issuance.,CERT-IN-ANA-4,False,True Positive - Remediated,"[""ALT-CSE-09-02269""]"
CAS-CSE-09-0481,CSE-09,2024-12-28T11:30:58.991113,2024-12-28T12:34:24.794382,Citizen gateway access anomaly ALT-CSE-09-02275 correlated with rate-limiting WAF rules. No unauthorized token issuance.,CERT-IN-ANA-2,False,True Positive - Remediated,"[""ALT-CSE-09-02275""]"
CAS-CSE-09-0482,CSE-09,2024-12-17T23:00:53.531110,2024-12-18T00:25:09.785681,Citizen gateway access anomaly ALT-CSE-09-02277 correlated with rate-limiting WAF rules. No unauthorized token issuance.,CERT-IN-ANA-3,False,True Positive - Remediated,"[""ALT-CSE-09-02277""]"
CAS-CSE-09-0483,CSE-09,2024-12-08T15:00:13.660947,2024-12-08T16:31:16.750356,Citizen gateway access anomaly ALT-CSE-09-02278 correlated with rate-limiting WAF rules. No unauthorized token issuance.,CERT-IN-ANA-4,False,True Positive - Remediated,"[""ALT-CSE-09-02278""]"
CAS-CSE-09-0484,CSE-09,2024-11-10T14:40:14.461808,2024-11-10T15:44:54.109566,Citizen gateway access anomaly ALT-CSE-09-02287 correlated with rate-limiting WAF rules. No unauthorized token issuance.,CERT-IN-ANA-2,False,True Positive - Remediated,"[""ALT-CSE-09-02287""]"
CAS-CSE-09-0485,CSE-09,2024-12-07T20:19:07.043544,2024-12-07T21:25:24.897384,Citizen gateway access anomaly ALT-CSE-09-02293 correlated with rate-limiting WAF rules. No unauthorized token issuance.,CERT-IN-ANA-1,False,True Positive - Remediated,"[""ALT-CSE-09-02293""]"
CAS-CSE-09-0486,CSE-09,2024-11-10T15:38:33.944814,2024-11-10T17:16:03.423267,Citizen gateway access anomaly ALT-CSE-09-02294 correlated with rate-limiting WAF rules. No unauthorized token issuance.,CERT-IN-ANA-4,True,True Positive - Remediated,"[""ALT-CSE-09-02294""]"
CAS-CSE-09-0487,CSE-09,2024-12-27T04:13:59.072538,2024-12-27T05:04:58.729747,Citizen gateway access anomaly ALT-CSE-09-02296 correlated with rate-limiting WAF rules. No unauthorized token issuance.,CERT-IN-ANA-4,False,True Positive - Remediated,"[""ALT-CSE-09-02296""]"
CAS-CSE-09-0488,CSE-09,2024-11-03T08:48:28.298811,2024-11-03T09:23:39.252941,Citizen gateway access anomaly ALT-CSE-09-02298 correlated with rate-limiting WAF rules. No unauthorized token issuance.,CERT-IN-ANA-4,False,True Positive - Remediated,"[""ALT-CSE-09-02298""]"
CAS-CSE-09-0489,CSE-09,2024-12-16T16:37:48.928946,2024-12-16T17:53:02.336802,Citizen gateway access anomaly ALT-CSE-09-02299 correlated with rate-limiting WAF rules. No unauthorized token issuance.,CERT-IN-ANA-4,True,True Positive - Remediated,"[""ALT-CSE-09-02299""]"
CAS-CSE-09-0490,CSE-09,2024-12-15T19:01:06.358949,2024-12-15T19:56:33.653102,Citizen gateway access anomaly ALT-CSE-09-02306 correlated with rate-limiting WAF rules. No unauthorized token issuance.,CERT-IN-ANA-4,True,True Positive - Remediated,"[""ALT-CSE-09-02306""]"
CAS-CSE-09-0491,CSE-09,2024-11-01T14:54:20.122014,2024-11-01T15:50:20.705016,Citizen gateway access anomaly ALT-CSE-09-02308 correlated with rate-limiting WAF rules. No unauthorized token issuance.,CERT-IN-ANA-4,False,True Positive - Remediated,"[""ALT-CSE-09-02308""]"
CAS-CSE-09-0492,CSE-09,2024-10-16T20:11:03.537474,2024-10-16T21:33:22.148500,Citizen gateway access anomaly ALT-CSE-09-02311 correlated with rate-limiting WAF rules. No unauthorized token issuance.,CERT-IN-ANA-1,False,True Positive - Remediated,"[""ALT-CSE-09-02311""]"
CAS-CSE-09-0493,CSE-09,2024-10-15T11:29:26.753301,2024-10-15T13:00:23.892776,Citizen gateway access anomaly ALT-CSE-09-02315 correlated with rate-limiting WAF rules. No unauthorized token issuance.,CERT-IN-ANA-1,False,True Positive - Remediated,"[""ALT-CSE-09-02315""]"
CAS-CSE-09-0494,CSE-09,2024-12-05T08:00:35.389258,2024-12-05T08:57:17.181435,Citizen gateway access anomaly ALT-CSE-09-02318 correlated with rate-limiting WAF rules. No unauthorized token issuance.,CERT-IN-ANA-3,False,True Positive - Remediated,"[""ALT-CSE-09-02318""]"
CAS-CSE-09-0495,CSE-09,2024-10-13T05:38:06.799025,2024-10-13T06:49:01.248888,Citizen gateway access anomaly ALT-CSE-09-02324 correlated with rate-limiting WAF rules. No unauthorized token issuance.,CERT-IN-ANA-2,False,True Positive - Remediated,"[""ALT-CSE-09-02324""]"
CAS-CSE-09-0496,CSE-09,2024-12-20T18:59:32.881922,2024-12-20T19:27:48.936323,Citizen gateway access anomaly ALT-CSE-09-02327 correlated with rate-limiting WAF rules. No unauthorized token issuance.,CERT-IN-ANA-1,False,True Positive - Remediated,"[""ALT-CSE-09-02327""]"
CAS-CSE-09-0497,CSE-09,2024-10-24T03:03:48.242102,2024-10-24T04:26:17.561726,Citizen gateway access anomaly ALT-CSE-09-02328 correlated with rate-limiting WAF rules. No unauthorized token issuance.,CERT-IN-ANA-2,False,True Positive - Remediated,"[""ALT-CSE-09-02328""]"
CAS-CSE-09-0498,CSE-09,2024-11-15T17:21:28.566388,2024-11-15T18:27:02.303631,Citizen gateway access anomaly ALT-CSE-09-02332 correlated with rate-limiting WAF rules. No unauthorized token issuance.,CERT-IN-ANA-4,False,True Positive - Remediated,"[""ALT-CSE-09-02332""]"
CAS-CSE-09-0499,CSE-09,2024-11-30T19:41:57.856250,2024-11-30T20:52:58.550538,Citizen gateway access anomaly ALT-CSE-09-02333 correlated with rate-limiting WAF rules. No unauthorized token issuance.,CERT-IN-ANA-2,False,True Positive - Remediated,"[""ALT-CSE-09-02333""]"
CAS-CSE-09-0500,CSE-09,2024-10-10T20:48:20.524162,2024-10-10T21:57:32.637070,Citizen gateway access anomaly ALT-CSE-09-02334 correlated with rate-limiting WAF rules. No unauthorized token issuance.,CERT-IN-ANA-2,False,True Positive - Remediated,"[""ALT-CSE-09-02334""]"
CAS-CSE-09-0501,CSE-09,2024-10-23T00:47:04.534479,2024-10-23T02:08:33.284829,Citizen gateway access anomaly ALT-CSE-09-02349 correlated with rate-limiting WAF rules. No unauthorized token issuance.,CERT-IN-ANA-3,True,True Positive - Remediated,"[""ALT-CSE-09-02349""]"
CAS-CSE-09-0502,CSE-09,2024-12-11T14:01:57.412363,2024-12-11T15:39:38.832069,Citizen gateway access anomaly ALT-CSE-09-02353 correlated with rate-limiting WAF rules. No unauthorized token issuance.,CERT-IN-ANA-2,True,True Positive - Remediated,"[""ALT-CSE-09-02353""]"
CAS-CSE-09-0503,CSE-09,2024-10-19T15:13:34.563885,2024-10-19T16:37:19.601587,Citizen gateway access anomaly ALT-CSE-09-02354 correlated with rate-limiting WAF rules. No unauthorized token issuance.,CERT-IN-ANA-2,False,True Positive - Remediated,"[""ALT-CSE-09-02354""]"
CAS-CSE-09-0504,CSE-09,2024-12-15T14:33:12.823218,2024-12-15T15:18:54.689695,Citizen gateway access anomaly ALT-CSE-09-02356 correlated with rate-limiting WAF rules. No unauthorized token issuance.,CERT-IN-ANA-1,True,True Positive - Remediated,"[""ALT-CSE-09-02356""]"
CAS-CSE-09-0505,CSE-09,2024-10-21T21:39:18.614154,2024-10-21T23:21:53.408417,Citizen gateway access anomaly ALT-CSE-09-02359 correlated with rate-limiting WAF rules. No unauthorized token issuance.,CERT-IN-ANA-3,False,True Positive - Remediated,"[""ALT-CSE-09-02359""]"
CAS-CSE-09-0506,CSE-09,2024-11-23T07:19:20.730469,2024-11-23T07:53:59.912437,Citizen gateway access anomaly ALT-CSE-09-02361 correlated with rate-limiting WAF rules. No unauthorized token issuance.,CERT-IN-ANA-3,False,True Positive - Remediated,"[""ALT-CSE-09-02361""]"
CAS-CSE-09-0507,CSE-09,2024-10-07T08:20:52.119631,2024-10-07T09:32:19.716337,Citizen gateway access anomaly ALT-CSE-09-02364 correlated with rate-limiting WAF rules. No unauthorized token issuance.,CERT-IN-ANA-4,False,True Positive - Remediated,"[""ALT-CSE-09-02364""]"
CAS-CSE-09-0508,CSE-09,2024-12-13T13:21:47.464198,2024-12-13T14:29:43.906431,Citizen gateway access anomaly ALT-CSE-09-02365 correlated with rate-limiting WAF rules. No unauthorized token issuance.,CERT-IN-ANA-3,True,True Positive - Remediated,"[""ALT-CSE-09-02365""]"
CAS-CSE-09-0509,CSE-09,2024-11-16T19:10:08.657666,2024-11-16T20:24:09.657442,Citizen gateway access anomaly ALT-CSE-09-02370 correlated with rate-limiting WAF rules. No unauthorized token issuance.,CERT-IN-ANA-1,False,True Positive - Remediated,"[""ALT-CSE-09-02370""]"
CAS-CSE-09-0510,CSE-09,2024-10-30T15:56:48.921512,2024-10-30T16:25:39.918515,Citizen gateway access anomaly ALT-CSE-09-02377 correlated with rate-limiting WAF rules. No unauthorized token issuance.,CERT-IN-ANA-2,False,True Positive - Remediated,"[""ALT-CSE-09-02377""]"
CAS-CSE-09-0511,CSE-09,2024-10-31T20:27:45.527656,2024-10-31T21:47:39.905484,Citizen gateway access anomaly ALT-CSE-09-02384 correlated with rate-limiting WAF rules. No unauthorized token issuance.,CERT-IN-ANA-1,False,True Positive - Remediated,"[""ALT-CSE-09-02384""]"
CAS-CSE-09-0512,CSE-09,2024-12-08T03:29:24.901320,2024-12-08T04:06:32.903324,Citizen gateway access anomaly ALT-CSE-09-02386 correlated with rate-limiting WAF rules. No unauthorized token issuance.,CERT-IN-ANA-1,False,True Positive - Remediated,"[""ALT-CSE-09-02386""]"
CAS-CSE-09-0513,CSE-09,2024-10-21T17:08:53.230506,2024-10-21T18:01:35.464974,Citizen gateway access anomaly ALT-CSE-09-02387 correlated with rate-limiting WAF rules. No unauthorized token issuance.,CERT-IN-ANA-3,False,True Positive - Remediated,"[""ALT-CSE-09-02387""]"
CAS-CSE-09-0514,CSE-09,2024-11-11T12:46:46.634379,2024-11-11T14:11:09.769310,Citizen gateway access anomaly ALT-CSE-09-02393 correlated with rate-limiting WAF rules. No unauthorized token issuance.,CERT-IN-ANA-4,False,True Positive - Remediated,"[""ALT-CSE-09-02393""]"
CAS-CSE-09-0515,CSE-09,2024-10-02T18:24:48.174069,2024-10-02T19:10:30.482231,Citizen gateway access anomaly ALT-CSE-09-02394 correlated with rate-limiting WAF rules. No unauthorized token issuance.,CERT-IN-ANA-4,False,True Positive - Remediated,"[""ALT-CSE-09-02394""]"
CAS-CSE-09-0516,CSE-09,2024-10-08T21:27:09.420095,2024-10-08T22:41:14.816839,Citizen gateway access anomaly ALT-CSE-09-02397 correlated with rate-limiting WAF rules. No unauthorized token issuance.,CERT-IN-ANA-2,True,True Positive - Remediated,"[""ALT-CSE-09-02397""]"
CAS-CSE-09-0517,CSE-09,2024-11-23T20:23:25.992910,2024-11-23T21:29:37.666518,Citizen gateway access anomaly ALT-CSE-09-02400 correlated with rate-limiting WAF rules. No unauthorized token issuance.,CERT-IN-ANA-4,True,True Positive - Remediated,"[""ALT-CSE-09-02400""]"
CAS-CSE-09-0518,CSE-09,2024-12-12T11:36:44.225589,2024-12-12T12:22:46.138377,Citizen gateway access anomaly ALT-CSE-09-02405 correlated with rate-limiting WAF rules. No unauthorized token issuance.,CERT-IN-ANA-1,False,True Positive - Remediated,"[""ALT-CSE-09-02405""]"
CAS-CSE-09-0519,CSE-09,2024-10-07T09:00:55.289004,2024-10-07T10:18:46.836376,Citizen gateway access anomaly ALT-CSE-09-02410 correlated with rate-limiting WAF rules. No unauthorized token issuance.,CERT-IN-ANA-4,False,True Positive - Remediated,"[""ALT-CSE-09-02410""]"
CAS-CSE-09-0520,CSE-09,2024-10-02T06:35:20.063782,2024-10-02T07:25:18.292564,Citizen gateway access anomaly ALT-CSE-09-02413 correlated with rate-limiting WAF rules. No unauthorized token issuance.,CERT-IN-ANA-2,True,True Positive - Remediated,"[""ALT-CSE-09-02413""]"
CAS-CSE-09-0521,CSE-09,2024-12-07T11:24:48.293418,2024-12-07T12:18:13.988273,Citizen gateway access anomaly ALT-CSE-09-02420 correlated with rate-limiting WAF rules. No unauthorized token issuance.,CERT-IN-ANA-1,False,True Positive - Remediated,"[""ALT-CSE-09-02420""]"
CAS-CSE-09-0522,CSE-09,2024-11-14T00:56:13.099099,2024-11-14T02:25:29.475936,Citizen gateway access anomaly ALT-CSE-09-02421 correlated with rate-limiting WAF rules. No unauthorized token issuance.,CERT-IN-ANA-4,False,True Positive - Remediated,"[""ALT-CSE-09-02421""]"
CAS-CSE-09-0523,CSE-09,2024-12-20T09:29:26.311304,2024-12-20T10:10:51.738369,Citizen gateway access anomaly ALT-CSE-09-02424 correlated with rate-limiting WAF rules. No unauthorized token issuance.,CERT-IN-ANA-1,False,True Positive - Remediated,"[""ALT-CSE-09-02424""]"
CAS-CSE-09-0524,CSE-09,2024-10-14T03:44:07.571262,2024-10-14T04:57:17.775944,Citizen gateway access anomaly ALT-CSE-09-02430 correlated with rate-limiting WAF rules. No unauthorized token issuance.,CERT-IN-ANA-3,False,True Positive - Remediated,"[""ALT-CSE-09-02430""]"
CAS-CSE-09-0525,CSE-09,2024-11-22T18:40:19.872339,2024-11-22T20:13:54.138043,Citizen gateway access anomaly ALT-CSE-09-02431 correlated with rate-limiting WAF rules. No unauthorized token issuance.,CERT-IN-ANA-1,False,True Positive - Remediated,"[""ALT-CSE-09-02431""]"
CAS-CSE-09-0526,CSE-09,2024-10-31T03:08:54.166482,2024-10-31T04:03:12.981048,Citizen gateway access anomaly ALT-CSE-09-02436 correlated with rate-limiting WAF rules. No unauthorized token issuance.,CERT-IN-ANA-4,False,True Positive - Remediated,"[""ALT-CSE-09-02436""]"
CAS-CSE-09-0527,CSE-09,2024-10-28T13:04:31.744239,2024-10-28T14:20:02.268312,Citizen gateway access anomaly ALT-CSE-09-02443 correlated with rate-limiting WAF rules. No unauthorized token issuance.,CERT-IN-ANA-4,True,True Positive - Remediated,"[""ALT-CSE-09-02443""]"
CAS-CSE-09-0528,CSE-09,2024-10-09T00:01:46.163408,2024-10-09T01:15:50.348732,Citizen gateway access anomaly ALT-CSE-09-02448 correlated with rate-limiting WAF rules. No unauthorized token issuance.,CERT-IN-ANA-1,False,True Positive - Remediated,"[""ALT-CSE-09-02448""]"
CAS-CSE-09-0529,CSE-09,2024-11-15T13:15:45.988664,2024-11-15T13:49:30.210445,Citizen gateway access anomaly ALT-CSE-09-02449 correlated with rate-limiting WAF rules. No unauthorized token issuance.,CERT-IN-ANA-2,False,True Positive - Remediated,"[""ALT-CSE-09-02449""]"
CAS-CSE-09-0530,CSE-09,2024-10-31T17:21:30.144573,2024-10-31T18:14:55.162282,Citizen gateway access anomaly ALT-CSE-09-02453 correlated with rate-limiting WAF rules. No unauthorized token issuance.,CERT-IN-ANA-3,True,True Positive - Remediated,"[""ALT-CSE-09-02453""]"
CAS-CSE-09-0531,CSE-09,2024-11-07T15:46:45.418742,2024-11-07T17:18:01.579118,Citizen gateway access anomaly ALT-CSE-09-02457 correlated with rate-limiting WAF rules. No unauthorized token issuance.,CERT-IN-ANA-3,False,True Positive - Remediated,"[""ALT-CSE-09-02457""]"
CAS-CSE-09-0532,CSE-09,2024-12-26T22:25:12.639659,2024-12-26T22:59:32.090415,Citizen gateway access anomaly ALT-CSE-09-02459 correlated with rate-limiting WAF rules. No unauthorized token issuance.,CERT-IN-ANA-2,False,True Positive - Remediated,"[""ALT-CSE-09-02459""]"
CAS-CSE-09-0533,CSE-09,2024-11-03T00:19:06.958816,2024-11-03T01:27:48.133813,Citizen gateway access anomaly ALT-CSE-09-02460 correlated with rate-limiting WAF rules. No unauthorized token issuance.,CERT-IN-ANA-1,False,True Positive - Remediated,"[""ALT-CSE-09-02460""]"
CAS-CSE-09-0534,CSE-09,2024-11-25T17:25:04.514255,2024-11-25T18:53:53.866497,Citizen gateway access anomaly ALT-CSE-09-02461 correlated with rate-limiting WAF rules. No unauthorized token issuance.,CERT-IN-ANA-3,False,True Positive - Remediated,"[""ALT-CSE-09-02461""]"
CAS-CSE-09-0535,CSE-09,2024-11-01T10:24:33.131260,2024-11-01T11:50:03.321175,Citizen gateway access anomaly ALT-CSE-09-02477 correlated with rate-limiting WAF rules. No unauthorized token issuance.,CERT-IN-ANA-2,False,True Positive - Remediated,"[""ALT-CSE-09-02477""]"
CAS-CSE-09-0536,CSE-09,2024-12-02T09:25:52.827820,2024-12-02T11:03:46.199573,Citizen gateway access anomaly ALT-CSE-09-02481 correlated with rate-limiting WAF rules. No unauthorized token issuance.,CERT-IN-ANA-1,True,True Positive - Remediated,"[""ALT-CSE-09-02481""]"
CAS-CSE-09-0537,CSE-09,2024-11-18T13:06:47.161233,2024-11-18T14:12:30.057341,Citizen gateway access anomaly ALT-CSE-09-02483 correlated with rate-limiting WAF rules. No unauthorized token issuance.,CERT-IN-ANA-2,False,True Positive - Remediated,"[""ALT-CSE-09-02483""]"
CAS-CSE-09-0538,CSE-09,2024-10-09T17:04:51.105662,2024-10-09T18:05:34.501542,Citizen gateway access anomaly ALT-CSE-09-02493 correlated with rate-limiting WAF rules. No unauthorized token issuance.,CERT-IN-ANA-3,False,True Positive - Remediated,"[""ALT-CSE-09-02493""]"
CAS-CSE-09-0539,CSE-09,2024-11-19T04:09:11.581517,2024-11-19T05:45:35.177087,Citizen gateway access anomaly ALT-CSE-09-02510 correlated with rate-limiting WAF rules. No unauthorized token issuance.,CERT-IN-ANA-3,False,True Positive - Remediated,"[""ALT-CSE-09-02510""]"
CAS-CSE-09-0540,CSE-09,2024-11-30T18:21:46.263176,2024-11-30T19:39:43.117047,Citizen gateway access anomaly ALT-CSE-09-02513 correlated with rate-limiting WAF rules. No unauthorized token issuance.,CERT-IN-ANA-1,False,True Positive - Remediated,"[""ALT-CSE-09-02513""]"
CAS-CSE-09-0541,CSE-09,2024-12-06T05:42:40.937227,2024-12-06T07:20:36.966538,Citizen gateway access anomaly ALT-CSE-09-02515 correlated with rate-limiting WAF rules. No unauthorized token issuance.,CERT-IN-ANA-3,True,True Positive - Remediated,"[""ALT-CSE-09-02515""]"
CAS-CSE-09-0542,CSE-09,2024-12-19T09:53:46.538755,2024-12-19T10:37:48.633701,Citizen gateway access anomaly ALT-CSE-09-02522 correlated with rate-limiting WAF rules. No unauthorized token issuance.,CERT-IN-ANA-4,True,True Positive - Remediated,"[""ALT-CSE-09-02522""]"
CAS-CSE-09-0543,CSE-09,2024-10-15T14:48:53.323344,2024-10-15T16:01:56.027807,Citizen gateway access anomaly ALT-CSE-09-02524 correlated with rate-limiting WAF rules. No unauthorized token issuance.,CERT-IN-ANA-1,False,True Positive - Remediated,"[""ALT-CSE-09-02524""]"
CAS-CSE-09-0544,CSE-09,2024-10-06T10:25:20.323788,2024-10-06T11:44:11.425483,Citizen gateway access anomaly ALT-CSE-09-02529 correlated with rate-limiting WAF rules. No unauthorized token issuance.,CERT-IN-ANA-1,False,True Positive - Remediated,"[""ALT-CSE-09-02529""]"
CAS-CSE-09-0545,CSE-09,2024-12-23T06:10:13.460340,2024-12-23T07:43:47.075455,Citizen gateway access anomaly ALT-CSE-09-02533 correlated with rate-limiting WAF rules. No unauthorized token issuance.,CERT-IN-ANA-2,False,True Positive - Remediated,"[""ALT-CSE-09-02533""]"
CAS-CSE-09-0546,CSE-09,2024-11-02T21:58:07.350893,2024-11-02T23:21:51.169185,Citizen gateway access anomaly ALT-CSE-09-02536 correlated with rate-limiting WAF rules. No unauthorized token issuance.,CERT-IN-ANA-1,False,True Positive - Remediated,"[""ALT-CSE-09-02536""]"
CAS-CSE-09-0547,CSE-09,2024-11-20T21:25:32.493751,2024-11-20T22:12:28.739950,Citizen gateway access anomaly ALT-CSE-09-02539 correlated with rate-limiting WAF rules. No unauthorized token issuance.,CERT-IN-ANA-1,True,True Positive - Remediated,"[""ALT-CSE-09-02539""]"
CAS-CSE-09-0548,CSE-09,2024-11-01T00:23:18.450313,2024-11-01T01:44:59.091456,Citizen gateway access anomaly ALT-CSE-09-02542 correlated with rate-limiting WAF rules. No unauthorized token issuance.,CERT-IN-ANA-1,True,True Positive - Remediated,"[""ALT-CSE-09-02542""]"
CAS-CSE-09-0549,CSE-09,2024-12-20T10:39:04.989422,2024-12-20T11:47:42.323695,Citizen gateway access anomaly ALT-CSE-09-02545 correlated with rate-limiting WAF rules. No unauthorized token issuance.,CERT-IN-ANA-2,False,True Positive - Remediated,"[""ALT-CSE-09-02545""]"
CAS-CSE-09-0550,CSE-09,2024-10-26T11:22:07.358404,2024-10-26T12:53:41.567389,Citizen gateway access anomaly ALT-CSE-09-02553 correlated with rate-limiting WAF rules. No unauthorized token issuance.,CERT-IN-ANA-4,True,True Positive - Remediated,"[""ALT-CSE-09-02553""]"
CAS-CSE-09-0551,CSE-09,2024-10-17T06:45:40.744718,2024-10-17T07:46:09.130235,Citizen gateway access anomaly ALT-CSE-09-02554 correlated with rate-limiting WAF rules. No unauthorized token issuance.,CERT-IN-ANA-4,False,True Positive - Remediated,"[""ALT-CSE-09-02554""]"
CAS-CSE-09-0552,CSE-09,2024-11-08T13:34:35.361377,2024-11-08T14:37:54.747024,Citizen gateway access anomaly ALT-CSE-09-02559 correlated with rate-limiting WAF rules. No unauthorized token issuance.,CERT-IN-ANA-2,False,True Positive - Remediated,"[""ALT-CSE-09-02559""]"
CAS-CSE-09-0553,CSE-09,2024-11-20T01:57:25.012615,2024-11-20T03:37:13.520234,Citizen gateway access anomaly ALT-CSE-09-02563 correlated with rate-limiting WAF rules. No unauthorized token issuance.,CERT-IN-ANA-3,False,True Positive - Remediated,"[""ALT-CSE-09-02563""]"
CAS-CSE-09-0554,CSE-09,2024-11-29T14:29:37.157458,2024-11-29T16:02:05.025436,Citizen gateway access anomaly ALT-CSE-09-02564 correlated with rate-limiting WAF rules. No unauthorized token issuance.,CERT-IN-ANA-3,True,True Positive - Remediated,"[""ALT-CSE-09-02564""]"
CAS-CSE-09-0555,CSE-09,2024-12-25T23:27:54.720069,2024-12-26T01:08:41.196611,Citizen gateway access anomaly ALT-CSE-09-02567 correlated with rate-limiting WAF rules. No unauthorized token issuance.,CERT-IN-ANA-4,True,True Positive - Remediated,"[""ALT-CSE-09-02567""]"
CAS-CSE-09-0556,CSE-09,2024-12-20T08:49:18.545035,2024-12-20T10:21:16.449686,Citizen gateway access anomaly ALT-CSE-09-02571 correlated with rate-limiting WAF rules. No unauthorized token issuance.,CERT-IN-ANA-1,False,True Positive - Remediated,"[""ALT-CSE-09-02571""]"
CAS-CSE-09-0557,CSE-09,2024-12-11T12:41:52.662644,2024-12-11T13:19:22.613628,Citizen gateway access anomaly ALT-CSE-09-02575 correlated with rate-limiting WAF rules. No unauthorized token issuance.,CERT-IN-ANA-4,False,True Positive - Remediated,"[""ALT-CSE-09-02575""]"
CAS-CSE-09-0558,CSE-09,2024-11-17T03:11:20.687361,2024-11-17T03:51:06.591964,Citizen gateway access anomaly ALT-CSE-09-02581 correlated with rate-limiting WAF rules. No unauthorized token issuance.,CERT-IN-ANA-3,True,True Positive - Remediated,"[""ALT-CSE-09-02581""]"
CAS-CSE-09-0559,CSE-09,2024-12-19T10:57:29.282761,2024-12-19T12:29:08.174492,Citizen gateway access anomaly ALT-CSE-09-02584 correlated with rate-limiting WAF rules. No unauthorized token issuance.,CERT-IN-ANA-4,False,True Positive - Remediated,"[""ALT-CSE-09-02584""]"
CAS-CSE-09-0560,CSE-09,2024-11-21T12:07:39.789200,2024-11-21T12:39:34.462888,Citizen gateway access anomaly ALT-CSE-09-02592 correlated with rate-limiting WAF rules. No unauthorized token issuance.,CERT-IN-ANA-2,False,True Positive - Remediated,"[""ALT-CSE-09-02592""]"
CAS-CSE-09-0561,CSE-09,2024-12-14T00:55:30.945354,2024-12-14T02:32:12.823407,Citizen gateway access anomaly ALT-CSE-09-02594 correlated with rate-limiting WAF rules. No unauthorized token issuance.,CERT-IN-ANA-1,True,True Positive - Remediated,"[""ALT-CSE-09-02594""]"
CAS-CSE-09-0562,CSE-09,2024-11-09T13:33:29.043307,2024-11-09T14:52:34.399579,Citizen gateway access anomaly ALT-CSE-09-02596 correlated with rate-limiting WAF rules. No unauthorized token issuance.,CERT-IN-ANA-4,True,True Positive - Remediated,"[""ALT-CSE-09-02596""]"
CAS-CSE-09-0563,CSE-09,2024-11-20T12:48:06.229446,2024-11-20T13:38:06.884962,Citizen gateway access anomaly ALT-CSE-09-02598 correlated with rate-limiting WAF rules. No unauthorized token issuance.,CERT-IN-ANA-1,True,True Positive - Remediated,"[""ALT-CSE-09-02598""]"
CAS-CSE-09-0564,CSE-09,2024-11-24T17:58:34.279574,2024-11-24T19:18:50.188374,Citizen gateway access anomaly ALT-CSE-09-02600 correlated with rate-limiting WAF rules. No unauthorized token issuance.,CERT-IN-ANA-1,False,True Positive - Remediated,"[""ALT-CSE-09-02600""]"
CAS-CSE-09-0565,CSE-09,2024-11-16T16:31:23.656520,2024-11-16T17:12:32.281388,Citizen gateway access anomaly ALT-CSE-09-02606 correlated with rate-limiting WAF rules. No unauthorized token issuance.,CERT-IN-ANA-3,False,True Positive - Remediated,"[""ALT-CSE-09-02606""]"
CAS-CSE-09-0566,CSE-09,2024-12-22T18:38:08.634246,2024-12-22T19:49:01.571473,Citizen gateway access anomaly ALT-CSE-09-02608 correlated with rate-limiting WAF rules. No unauthorized token issuance.,CERT-IN-ANA-4,False,True Positive - Remediated,"[""ALT-CSE-09-02608""]"
CAS-CSE-09-0567,CSE-09,2024-12-08T15:05:12.771036,2024-12-08T15:52:16.270594,Citizen gateway access anomaly ALT-CSE-09-02612 correlated with rate-limiting WAF rules. No unauthorized token issuance.,CERT-IN-ANA-3,False,True Positive - Remediated,"[""ALT-CSE-09-02612""]"
CAS-CSE-09-0568,CSE-09,2024-10-24T07:27:11.595454,2024-10-24T08:55:51.956926,Citizen gateway access anomaly ALT-CSE-09-02615 correlated with rate-limiting WAF rules. No unauthorized token issuance.,CERT-IN-ANA-2,False,True Positive - Remediated,"[""ALT-CSE-09-02615""]"
CAS-CSE-09-0569,CSE-09,2024-12-09T22:20:41.287423,2024-12-09T23:53:54.686322,Citizen gateway access anomaly ALT-CSE-09-02620 correlated with rate-limiting WAF rules. No unauthorized token issuance.,CERT-IN-ANA-3,False,True Positive - Remediated,"[""ALT-CSE-09-02620""]"
CAS-CSE-09-0570,CSE-09,2024-10-19T02:30:55.627125,2024-10-19T03:25:35.633162,Citizen gateway access anomaly ALT-CSE-09-02624 correlated with rate-limiting WAF rules. No unauthorized token issuance.,CERT-IN-ANA-1,True,True Positive - Remediated,"[""ALT-CSE-09-02624""]"
CAS-CSE-09-0571,CSE-09,2024-12-10T23:01:12.164295,2024-12-10T23:38:35.959770,Citizen gateway access anomaly ALT-CSE-09-02635 correlated with rate-limiting WAF rules. No unauthorized token issuance.,CERT-IN-ANA-4,False,True Positive - Remediated,"[""ALT-CSE-09-02635""]"
CAS-CSE-09-0572,CSE-09,2024-10-05T20:32:08.439495,2024-10-05T21:44:27.928741,Citizen gateway access anomaly ALT-CSE-09-02641 correlated with rate-limiting WAF rules. No unauthorized token issuance.,CERT-IN-ANA-4,False,True Positive - Remediated,"[""ALT-CSE-09-02641""]"
CAS-CSE-09-0573,CSE-09,2024-12-12T18:33:35.372599,2024-12-12T19:16:40.408197,Citizen gateway access anomaly ALT-CSE-09-02646 correlated with rate-limiting WAF rules. No unauthorized token issuance.,CERT-IN-ANA-2,False,True Positive - Remediated,"[""ALT-CSE-09-02646""]"
CAS-CSE-09-0574,CSE-09,2024-10-20T01:38:04.227801,2024-10-20T02:34:52.363227,Citizen gateway access anomaly ALT-CSE-09-02656 correlated with rate-limiting WAF rules. No unauthorized token issuance.,CERT-IN-ANA-4,False,True Positive - Remediated,"[""ALT-CSE-09-02656""]"
CAS-CSE-09-0575,CSE-09,2024-11-16T01:25:07.337565,2024-11-16T02:47:58.252883,Citizen gateway access anomaly ALT-CSE-09-02659 correlated with rate-limiting WAF rules. No unauthorized token issuance.,CERT-IN-ANA-1,False,True Positive - Remediated,"[""ALT-CSE-09-02659""]"
CAS-CSE-09-0576,CSE-09,2024-10-07T17:19:15.796109,2024-10-07T18:20:29.047553,Citizen gateway access anomaly ALT-CSE-09-02664 correlated with rate-limiting WAF rules. No unauthorized token issuance.,CERT-IN-ANA-2,False,True Positive - Remediated,"[""ALT-CSE-09-02664""]"
CAS-CSE-09-0577,CSE-09,2024-11-01T16:41:02.634139,2024-11-01T17:48:22.268936,Citizen gateway access anomaly ALT-CSE-09-02665 correlated with rate-limiting WAF rules. No unauthorized token issuance.,CERT-IN-ANA-4,False,True Positive - Remediated,"[""ALT-CSE-09-02665""]"
CAS-CSE-09-0578,CSE-09,2024-10-01T00:37:52.705985,2024-10-01T01:58:53.358029,Citizen gateway access anomaly ALT-CSE-09-02669 correlated with rate-limiting WAF rules. No unauthorized token issuance.,CERT-IN-ANA-4,True,True Positive - Remediated,"[""ALT-CSE-09-02669""]"
CAS-CSE-09-0579,CSE-09,2024-12-04T08:08:04.845601,2024-12-04T09:06:23.890381,Citizen gateway access anomaly ALT-CSE-09-02671 correlated with rate-limiting WAF rules. No unauthorized token issuance.,CERT-IN-ANA-2,False,True Positive - Remediated,"[""ALT-CSE-09-02671""]"
CAS-CSE-09-0580,CSE-09,2024-11-12T19:16:09.939806,2024-11-12T20:40:36.409785,Citizen gateway access anomaly ALT-CSE-09-02672 correlated with rate-limiting WAF rules. No unauthorized token issuance.,CERT-IN-ANA-4,True,True Positive - Remediated,"[""ALT-CSE-09-02672""]"
CAS-CSE-09-0581,CSE-09,2024-12-09T05:24:53.208438,2024-12-09T06:37:04.586463,Citizen gateway access anomaly ALT-CSE-09-02675 correlated with rate-limiting WAF rules. No unauthorized token issuance.,CERT-IN-ANA-4,True,True Positive - Remediated,"[""ALT-CSE-09-02675""]"
CAS-CSE-09-0582,CSE-09,2024-10-07T15:09:59.962870,2024-10-07T15:36:26.473933,Citizen gateway access anomaly ALT-CSE-09-02676 correlated with rate-limiting WAF rules. No unauthorized token issuance.,CERT-IN-ANA-4,True,True Positive - Remediated,"[""ALT-CSE-09-02676""]"
CAS-CSE-09-0583,CSE-09,2024-12-10T11:12:59.239693,2024-12-10T11:57:14.514723,Citizen gateway access anomaly ALT-CSE-09-02677 correlated with rate-limiting WAF rules. No unauthorized token issuance.,CERT-IN-ANA-3,False,True Positive - Remediated,"[""ALT-CSE-09-02677""]"
CAS-CSE-09-0584,CSE-09,2024-11-08T16:41:02.054094,2024-11-08T18:12:53.718248,Citizen gateway access anomaly ALT-CSE-09-02692 correlated with rate-limiting WAF rules. No unauthorized token issuance.,CERT-IN-ANA-2,False,True Positive - Remediated,"[""ALT-CSE-09-02692""]"
CAS-CSE-09-0585,CSE-09,2024-11-01T09:13:01.863054,2024-11-01T10:48:38.297152,Citizen gateway access anomaly ALT-CSE-09-02704 correlated with rate-limiting WAF rules. No unauthorized token issuance.,CERT-IN-ANA-3,False,True Positive - Remediated,"[""ALT-CSE-09-02704""]"
CAS-CSE-09-0586,CSE-09,2024-10-08T08:10:33.763363,2024-10-08T09:36:40.214366,Citizen gateway access anomaly ALT-CSE-09-02710 correlated with rate-limiting WAF rules. No unauthorized token issuance.,CERT-IN-ANA-2,False,True Positive - Remediated,"[""ALT-CSE-09-02710""]"
CAS-CSE-09-0587,CSE-09,2024-12-12T23:43:16.588651,2024-12-13T01:03:10.399503,Citizen gateway access anomaly ALT-CSE-09-02728 correlated with rate-limiting WAF rules. No unauthorized token issuance.,CERT-IN-ANA-2,False,True Positive - Remediated,"[""ALT-CSE-09-02728""]"
CAS-CSE-09-0588,CSE-09,2024-11-03T22:24:35.193195,2024-11-03T23:00:41.863098,Citizen gateway access anomaly ALT-CSE-09-02738 correlated with rate-limiting WAF rules. No unauthorized token issuance.,CERT-IN-ANA-3,False,True Positive - Remediated,"[""ALT-CSE-09-02738""]"
CAS-CSE-09-0589,CSE-09,2024-11-14T06:38:08.428062,2024-11-14T07:46:55.964180,Citizen gateway access anomaly ALT-CSE-09-02743 correlated with rate-limiting WAF rules. No unauthorized token issuance.,CERT-IN-ANA-1,False,True Positive - Remediated,"[""ALT-CSE-09-02743""]"
CAS-CSE-09-0590,CSE-09,2024-11-27T18:16:53.441734,2024-11-27T19:41:24.054912,Citizen gateway access anomaly ALT-CSE-09-02745 correlated with rate-limiting WAF rules. No unauthorized token issuance.,CERT-IN-ANA-4,False,True Positive - Remediated,"[""ALT-CSE-09-02745""]"
CAS-CSE-09-0591,CSE-09,2024-12-04T00:47:04.612386,2024-12-04T02:27:14.927052,Citizen gateway access anomaly ALT-CSE-09-02751 correlated with rate-limiting WAF rules. No unauthorized token issuance.,CERT-IN-ANA-1,False,True Positive - Remediated,"[""ALT-CSE-09-02751""]"
CAS-CSE-09-0592,CSE-09,2024-12-21T12:45:31.640812,2024-12-21T13:48:09.000045,Citizen gateway access anomaly ALT-CSE-09-02752 correlated with rate-limiting WAF rules. No unauthorized token issuance.,CERT-IN-ANA-4,False,True Positive - Remediated,"[""ALT-CSE-09-02752""]"
CAS-CSE-09-0593,CSE-09,2024-12-20T05:41:48.294276,2024-12-20T06:31:30.307470,Citizen gateway access anomaly ALT-CSE-09-02757 correlated with rate-limiting WAF rules. No unauthorized token issuance.,CERT-IN-ANA-2,False,True Positive - Remediated,"[""ALT-CSE-09-02757""]"
CAS-CSE-09-0594,CSE-09,2024-12-09T08:00:43.034975,2024-12-09T08:50:22.467010,Citizen gateway access anomaly ALT-CSE-09-02770 correlated with rate-limiting WAF rules. No unauthorized token issuance.,CERT-IN-ANA-2,False,True Positive - Remediated,"[""ALT-CSE-09-02770""]"
CAS-CSE-09-0595,CSE-09,2024-11-01T04:23:21.126632,2024-11-01T05:13:58.886414,Citizen gateway access anomaly ALT-CSE-09-02775 correlated with rate-limiting WAF rules. No unauthorized token issuance.,CERT-IN-ANA-2,False,True Positive - Remediated,"[""ALT-CSE-09-02775""]"
CAS-CSE-09-0596,CSE-09,2024-11-09T06:59:28.557643,2024-11-09T08:26:07.536672,Citizen gateway access anomaly ALT-CSE-09-02785 correlated with rate-limiting WAF rules. No unauthorized token issuance.,CERT-IN-ANA-1,True,True Positive - Remediated,"[""ALT-CSE-09-02785""]"
CAS-CSE-09-0597,CSE-09,2024-10-27T16:54:43.781087,2024-10-27T17:42:55.855919,Citizen gateway access anomaly ALT-CSE-09-02787 correlated with rate-limiting WAF rules. No unauthorized token issuance.,CERT-IN-ANA-4,False,True Positive - Remediated,"[""ALT-CSE-09-02787""]"
CAS-CSE-09-0598,CSE-09,2024-12-17T04:41:40.567386,2024-12-17T05:48:44.910520,Citizen gateway access anomaly ALT-CSE-09-02791 correlated with rate-limiting WAF rules. No unauthorized token issuance.,CERT-IN-ANA-2,False,True Positive - Remediated,"[""ALT-CSE-09-02791""]"
CAS-CSE-09-0599,CSE-09,2024-10-11T14:22:46.134006,2024-10-11T15:38:40.682459,Citizen gateway access anomaly ALT-CSE-09-02793 correlated with rate-limiting WAF rules. No unauthorized token issuance.,CERT-IN-ANA-1,False,True Positive - Remediated,"[""ALT-CSE-09-02793""]"
CAS-CSE-09-0600,CSE-09,2024-10-09T09:47:33.169336,2024-10-09T10:26:23.072722,Citizen gateway access anomaly ALT-CSE-09-02796 correlated with rate-limiting WAF rules. No unauthorized token issuance.,CERT-IN-ANA-1,False,True Positive - Remediated,"[""ALT-CSE-09-02796""]"
CAS-CSE-09-0601,CSE-09,2024-12-09T01:50:43.425051,2024-12-09T03:24:06.748289,Citizen gateway access anomaly ALT-CSE-09-02797 correlated with rate-limiting WAF rules. No unauthorized token issuance.,CERT-IN-ANA-2,False,True Positive - Remediated,"[""ALT-CSE-09-02797""]"
CAS-CSE-09-0602,CSE-09,2024-12-11T04:36:34.564452,2024-12-11T05:52:54.334304,Citizen gateway access anomaly ALT-CSE-09-02800 correlated with rate-limiting WAF rules. No unauthorized token issuance.,CERT-IN-ANA-2,True,True Positive - Remediated,"[""ALT-CSE-09-02800""]"
CAS-CSE-09-0603,CSE-09,2024-12-07T22:18:36.466077,2024-12-07T23:10:16.204876,Citizen gateway access anomaly ALT-CSE-09-02807 correlated with rate-limiting WAF rules. No unauthorized token issuance.,CERT-IN-ANA-4,True,True Positive - Remediated,"[""ALT-CSE-09-02807""]"
CAS-CSE-09-0604,CSE-09,2024-12-23T03:16:55.281618,2024-12-23T04:41:06.196495,Citizen gateway access anomaly ALT-CSE-09-02809 correlated with rate-limiting WAF rules. No unauthorized token issuance.,CERT-IN-ANA-3,False,True Positive - Remediated,"[""ALT-CSE-09-02809""]"
CAS-CSE-09-0605,CSE-09,2024-12-20T02:45:37.232724,2024-12-20T04:12:15.190747,Citizen gateway access anomaly ALT-CSE-09-02819 correlated with rate-limiting WAF rules. No unauthorized token issuance.,CERT-IN-ANA-3,False,True Positive - Remediated,"[""ALT-CSE-09-02819""]"
CAS-CSE-09-0606,CSE-09,2024-10-29T05:57:00.590468,2024-10-29T07:33:54.887278,Citizen gateway access anomaly ALT-CSE-09-02848 correlated with rate-limiting WAF rules. No unauthorized token issuance.,CERT-IN-ANA-2,False,True Positive - Remediated,"[""ALT-CSE-09-02848""]"
CAS-CSE-09-0607,CSE-09,2024-10-03T16:01:21.582174,2024-10-03T17:10:40.905486,Citizen gateway access anomaly ALT-CSE-09-02852 correlated with rate-limiting WAF rules. No unauthorized token issuance.,CERT-IN-ANA-2,True,True Positive - Remediated,"[""ALT-CSE-09-02852""]"
CAS-CSE-09-0608,CSE-09,2024-10-11T02:38:34.534804,2024-10-11T04:10:05.397847,Citizen gateway access anomaly ALT-CSE-09-02853 correlated with rate-limiting WAF rules. No unauthorized token issuance.,CERT-IN-ANA-1,False,True Positive - Remediated,"[""ALT-CSE-09-02853""]"
CAS-CSE-09-0609,CSE-09,2024-12-24T19:18:27.023014,2024-12-24T20:23:53.076125,Citizen gateway access anomaly ALT-CSE-09-02855 correlated with rate-limiting WAF rules. No unauthorized token issuance.,CERT-IN-ANA-2,True,True Positive - Remediated,"[""ALT-CSE-09-02855""]"
CAS-CSE-09-0610,CSE-09,2024-12-26T20:18:32.119398,2024-12-26T21:42:56.802328,Citizen gateway access anomaly ALT-CSE-09-02856 correlated with rate-limiting WAF rules. No unauthorized token issuance.,CERT-IN-ANA-2,False,True Positive - Remediated,"[""ALT-CSE-09-02856""]"
CAS-CSE-09-0611,CSE-09,2024-11-18T12:45:59.101519,2024-11-18T13:33:58.279719,Citizen gateway access anomaly ALT-CSE-09-02859 correlated with rate-limiting WAF rules. No unauthorized token issuance.,CERT-IN-ANA-1,False,True Positive - Remediated,"[""ALT-CSE-09-02859""]"
CAS-CSE-09-0612,CSE-09,2024-12-11T06:43:36.621609,2024-12-11T07:12:18.019477,Citizen gateway access anomaly ALT-CSE-09-02860 correlated with rate-limiting WAF rules. No unauthorized token issuance.,CERT-IN-ANA-3,False,True Positive - Remediated,"[""ALT-CSE-09-02860""]"
CAS-CSE-09-0613,CSE-09,2024-12-12T18:01:29.510774,2024-12-12T19:27:42.185202,Citizen gateway access anomaly ALT-CSE-09-02864 correlated with rate-limiting WAF rules. No unauthorized token issuance.,CERT-IN-ANA-1,False,True Positive - Remediated,"[""ALT-CSE-09-02864""]"
CAS-CSE-09-0614,CSE-09,2024-12-24T08:15:22.680211,2024-12-24T08:58:06.384990,Citizen gateway access anomaly ALT-CSE-09-02865 correlated with rate-limiting WAF rules. No unauthorized token issuance.,CERT-IN-ANA-1,False,True Positive - Remediated,"[""ALT-CSE-09-02865""]"
CAS-CSE-09-0615,CSE-09,2024-11-01T09:52:38.055310,2024-11-01T11:07:28.821008,Citizen gateway access anomaly ALT-CSE-09-02870 correlated with rate-limiting WAF rules. No unauthorized token issuance.,CERT-IN-ANA-2,False,True Positive - Remediated,"[""ALT-CSE-09-02870""]"
CAS-CSE-09-0616,CSE-09,2024-12-02T22:28:54.904788,2024-12-02T23:10:15.050994,Citizen gateway access anomaly ALT-CSE-09-02872 correlated with rate-limiting WAF rules. No unauthorized token issuance.,CERT-IN-ANA-2,True,True Positive - Remediated,"[""ALT-CSE-09-02872""]"
CAS-CSE-09-0617,CSE-09,2024-10-31T20:19:55.208963,2024-10-31T21:32:06.394742,Citizen gateway access anomaly ALT-CSE-09-02878 correlated with rate-limiting WAF rules. No unauthorized token issuance.,CERT-IN-ANA-3,False,True Positive - Remediated,"[""ALT-CSE-09-02878""]"
CAS-CSE-09-0618,CSE-09,2024-12-07T07:19:12.333418,2024-12-07T08:32:57.372197,Citizen gateway access anomaly ALT-CSE-09-02885 correlated with rate-limiting WAF rules. No unauthorized token issuance.,CERT-IN-ANA-1,True,True Positive - Remediated,"[""ALT-CSE-09-02885""]"
CAS-CSE-09-0619,CSE-09,2024-12-22T02:46:22.584524,2024-12-22T03:54:09.993010,Citizen gateway access anomaly ALT-CSE-09-02886 correlated with rate-limiting WAF rules. No unauthorized token issuance.,CERT-IN-ANA-4,True,True Positive - Remediated,"[""ALT-CSE-09-02886""]"
CAS-CSE-09-0620,CSE-09,2024-10-08T07:18:41.397359,2024-10-08T08:01:29.660442,Citizen gateway access anomaly ALT-CSE-09-02899 correlated with rate-limiting WAF rules. No unauthorized token issuance.,CERT-IN-ANA-2,False,True Positive - Remediated,"[""ALT-CSE-09-02899""]"
