alert_id,cse_id,severity,created_at,acknowledged_at,closed_at,status,case_id,asset_id,escalated
ALT-CSE-06-00000,CSE-06,CRITICAL,2024-11-11T05:15:27,2024-11-11T05:27:43.648290,2024-11-11T06:24:55.845446,CLOSED,CAS-CSE-06-0001,BAGGAGE-SORT-SCADA,False
ALT-CSE-06-00001,CSE-06,MEDIUM,2024-11-19T03:23:13,2024-11-19T03:28:42.776664,2024-11-19T04:36:46.865338,CLOSED,,ATC-RADAR-GW-01,False
ALT-CSE-06-00002,CSE-06,HIGH,2024-11-27T00:34:47,2024-11-27T00:47:48.574459,2024-11-27T01:46:12.315408,CLOSED,,BAGGAGE-SORT-SCADA,False
ALT-CSE-06-00003,CSE-06,MEDIUM,2024-10-13T13:48:33,2024-10-13T13:53:18.152775,2024-10-13T14:49:08.505623,CLOSED,,FLIGHT-DISPATCH-SRV,False
ALT-CSE-06-00004,CSE-06,MEDIUM,2024-11-16T23:55:23,2024-11-17T00:03:11.488316,2024-11-17T00:34:38.412547,CLOSED,,ATC-RADAR-GW-01,False
ALT-CSE-06-00005,CSE-06,LOW,2024-12-13T17:58:31,2024-12-13T18:09:30.777506,2024-12-13T18:35:40.111327,CLOSED,,AIRPORT-WIFI-FW,False
ALT-CSE-06-00006,CSE-06,CRITICAL,2024-11-23T18:19:20,2024-11-23T18:24:39.803095,2024-11-23T19:20:22.014083,CLOSED,CAS-CSE-06-0002,FLIGHT-DISPATCH-SRV,False
ALT-CSE-06-00007,CSE-06,MEDIUM,2024-12-13T08:48:00,2024-12-13T09:02:01.451684,2024-12-13T10:13:03.523068,CLOSED,,AIRPORT-WIFI-FW,False
ALT-CSE-06-00008,CSE-06,HIGH,2024-12-28T01:34:11,2024-12-28T01:42:52.835046,2024-12-28T03:01:21.697720,CLOSED,,AIRPORT-WIFI-FW,False
ALT-CSE-06-00009,CSE-06,MEDIUM,2024-10-02T03:52:02,2024-10-02T03:58:57.115632,2024-10-02T04:26:01.264980,CLOSED,,FLIGHT-DISPATCH-SRV,False
ALT-CSE-06-00010,CSE-06,CRITICAL,2024-12-06T12:43:37,2024-12-06T12:57:25.570018,2024-12-06T13:38:44.778536,CLOSED,CAS-CSE-06-0003,FLIGHT-DISPATCH-SRV,False
ALT-CSE-06-00011,CSE-06,LOW,2024-10-22T06:46:32,2024-10-22T06:58:18.625062,2024-10-22T07:31:19.029992,CLOSED,,AIRPORT-WIFI-FW,False
ALT-CSE-06-00012,CSE-06,MEDIUM,2024-11-06T09:58:22,2024-11-06T10:11:24.816699,2024-11-06T11:25:13.628018,CLOSED,,FLIGHT-DISPATCH-SRV,False
ALT-CSE-06-00013,CSE-06,LOW,2024-11-25T21:18:54,2024-11-25T21:32:16.452465,2024-11-25T22:22:07.265900,CLOSED,,ATC-RADAR-GW-01,False
ALT-CSE-06-00014,CSE-06,MEDIUM,2024-11-18T21:04:15,2024-11-18T21:10:54.293105,2024-11-18T22:12:59.268764,CLOSED,,BAGGAGE-SORT-SCADA,False
ALT-CSE-06-00015,CSE-06,MEDIUM,2024-10-12T10:07:06,2024-10-12T10:14:31.376777,2024-10-12T11:13:38.017759,CLOSED,,ATC-RADAR-GW-01,False
ALT-CSE-06-00016,CSE-06,HIGH,2024-10-13T18:10:35,2024-10-13T18:15:35.086390,2024-10-13T18:44:26.446238,CLOSED,,BAGGAGE-SORT-SCADA,False
ALT-CSE-06-00017,CSE-06,HIGH,2024-12-05T06:58:23,2024-12-05T07:03:22.316242,2024-12-05T08:02:26.354357,CLOSED,,BAGGAGE-SORT-SCADA,False
ALT-CSE-06-00018,CSE-06,HIGH,2024-10-11T11:19:41,2024-10-11T11:26:25.437360,2024-10-11T12:03:01.832157,CLOSED,,ATC-RADAR-GW-01,False
ALT-CSE-06-00019,CSE-06,HIGH,2024-12-27T19:30:14,2024-12-27T19:37:05.599779,2024-12-27T20:30:30.654227,CLOSED,,FLIGHT-DISPATCH-SRV,False
ALT-CSE-06-00020,CSE-06,HIGH,2024-11-20T03:30:42,2024-11-20T03:43:05.668063,2024-11-20T04:53:39.409473,CLOSED,,ATC-RADAR-GW-01,False
ALT-CSE-06-00021,CSE-06,LOW,2024-12-22T21:22:20,2024-12-22T21:33:43.491897,2024-12-22T22:49:05.549111,CLOSED,,BAGGAGE-SORT-SCADA,False
ALT-CSE-06-00022,CSE-06,LOW,2024-12-20T01:17:29,2024-12-20T01:31:50.566722,2024-12-20T02:31:44.231945,CLOSED,,FLIGHT-DISPATCH-SRV,False
ALT-CSE-06-00023,CSE-06,MEDIUM,2024-10-18T06:15:07,2024-10-18T06:20:52.296077,2024-10-18T07:09:53.481910,CLOSED,,AIRPORT-WIFI-FW,False
ALT-CSE-06-00024,CSE-06,HIGH,2024-12-07T04:49:58,2024-12-07T04:53:57.098250,2024-12-07T05:29:28.977890,CLOSED,,AIRPORT-WIFI-FW,False
ALT-CSE-06-00025,CSE-06,HIGH,2024-11-14T02:07:50,2024-11-14T02:14:17.396268,2024-11-14T03:35:54.550600,CLOSED,,ATC-RADAR-GW-01,False
ALT-CSE-06-00026,CSE-06,LOW,2024-11-02T15:51:00,2024-11-02T15:58:55.542530,2024-11-02T16:43:45.269764,CLOSED,,BAGGAGE-SORT-SCADA,False
ALT-CSE-06-00027,CSE-06,LOW,2024-11-29T10:33:11,2024-11-29T10:42:05.077583,2024-11-29T11:38:05.322694,CLOSED,,ATC-RADAR-GW-01,False
ALT-CSE-06-00028,CSE-06,CRITICAL,2024-12-22T18:30:42,2024-12-22T18:45:32.319728,2024-12-22T19:38:02.910675,CLOSED,,BAGGAGE-SORT-SCADA,False
ALT-CSE-06-00029,CSE-06,HIGH,2024-11-29T20:07:39,2024-11-29T20:16:29.301183,2024-11-29T20:44:54.524216,CLOSED,,FLIGHT-DISPATCH-SRV,False
ALT-CSE-06-00030,CSE-06,MEDIUM,2024-11-24T10:47:48,2024-11-24T10:58:09.075297,2024-11-24T12:11:04.391693,CLOSED,,ATC-RADAR-GW-01,False
ALT-CSE-06-00031,CSE-06,LOW,2024-12-27T04:59:38,2024-12-27T05:13:55.996715,2024-12-27T06:02:17.097214,CLOSED,CAS-CSE-06-0004,AIRPORT-WIFI-FW,False
ALT-CSE-06-00032,CSE-06,MEDIUM,2024-12-03T21:15:34,2024-12-03T21:25:05.574316,2024-12-03T22:38:42.879508,CLOSED,,AIRPORT-WIFI-FW,False
ALT-CSE-06-00033,CSE-06,LOW,2024-11-01T04:31:31,2024-11-01T04:40:39.344854,2024-11-01T05:24:13.964123,CLOSED,CAS-CSE-06-0005,FLIGHT-DISPATCH-SRV,False
ALT-CSE-06-00034,CSE-06,HIGH,2024-12-24T18:10:28,2024-12-24T18:14:44.262744,2024-12-24T19:39:02.092420,CLOSED,,ATC-RADAR-GW-01,False
ALT-CSE-06-00035,CSE-06,MEDIUM,2024-11-08T08:28:12,2024-11-08T08:34:06.471002,2024-11-08T09:38:42.789162,CLOSED,,FLIGHT-DISPATCH-SRV,False
ALT-CSE-06-00036,CSE-06,LOW,2024-11-07T15:19:40,2024-11-07T15:22:43.542287,2024-11-07T16:44:57.907022,CLOSED,,AIRPORT-WIFI-FW,False
ALT-CSE-06-00037,CSE-06,LOW,2024-11-24T10:50:37,2024-11-24T10:56:55.633703,2024-11-24T11:28:04.273984,CLOSED,,ATC-RADAR-GW-01,False
ALT-CSE-06-00038,CSE-06,MEDIUM,2024-11-22T07:12:28,2024-11-22T07:21:14.684222,2024-11-22T07:46:36.110778,CLOSED,,AIRPORT-WIFI-FW,False
ALT-CSE-06-00039,CSE-06,LOW,2024-11-04T21:43:10,2024-11-04T21:52:51.751297,2024-11-04T22:13:28.720298,CLOSED,,BAGGAGE-SORT-SCADA,False
ALT-CSE-06-00040,CSE-06,LOW,2024-11-15T22:40:05,2024-11-15T22:54:27.864700,2024-11-16T00:09:24.277640,CLOSED,,FLIGHT-DISPATCH-SRV,False
ALT-CSE-06-00041,CSE-06,HIGH,2024-11-12T10:25:28,2024-11-12T10:33:42.043510,2024-11-12T11:10:44.434289,CLOSED,CAS-CSE-06-0006,AIRPORT-WIFI-FW,False
ALT-CSE-06-00042,CSE-06,CRITICAL,2024-12-13T03:29:12,2024-12-13T03:39:19.923374,2024-12-13T04:03:22.983460,CLOSED,CAS-CSE-06-0007,BAGGAGE-SORT-SCADA,False
ALT-CSE-06-00043,CSE-06,MEDIUM,2024-11-14T20:45:54,2024-11-14T20:52:05.304368,2024-11-14T21:56:01.586055,CLOSED,,ATC-RADAR-GW-01,False
ALT-CSE-06-00044,CSE-06,LOW,2024-12-07T07:46:12,2024-12-07T07:49:34.004351,2024-12-07T08:58:38.336971,CLOSED,,BAGGAGE-SORT-SCADA,False
ALT-CSE-06-00045,CSE-06,HIGH,2024-10-20T22:23:17,2024-10-20T22:34:21.383832,2024-10-20T23:44:54.064744,CLOSED,,BAGGAGE-SORT-SCADA,False
ALT-CSE-06-00046,CSE-06,MEDIUM,2024-10-22T12:42:06,2024-10-22T12:46:54.206023,2024-10-22T13:21:32.150696,CLOSED,CAS-CSE-06-0008,ATC-RADAR-GW-01,False
ALT-CSE-06-00047,CSE-06,HIGH,2024-12-03T05:31:12,2024-12-03T05:45:28.999922,2024-12-03T06:25:53.582278,CLOSED,,AIRPORT-WIFI-FW,False
ALT-CSE-06-00048,CSE-06,LOW,2024-11-05T06:20:54,2024-11-05T06:30:44.036907,2024-11-05T07:45:12.443647,CLOSED,,ATC-RADAR-GW-01,False
ALT-CSE-06-00049,CSE-06,MEDIUM,2024-11-09T17:28:10,2024-11-09T17:40:00.990950,2024-11-09T18:10:12.746772,CLOSED,,AIRPORT-WIFI-FW,False
ALT-CSE-06-00050,CSE-06,MEDIUM,2024-10-11T07:52:59,2024-10-11T08:03:38.697621,2024-10-11T09:18:39.195669,CLOSED,,ATC-RADAR-GW-01,False
ALT-CSE-06-00051,CSE-06,HIGH,2024-12-22T10:40:11,2024-12-22T10:52:46.558098,2024-12-22T11:24:00.730258,CLOSED,,FLIGHT-DISPATCH-SRV,False
ALT-CSE-06-00052,CSE-06,HIGH,2024-12-01T16:21:27,2024-12-01T16:28:56.395584,2024-12-01T16:55:25.209914,CLOSED,,FLIGHT-DISPATCH-SRV,False
ALT-CSE-06-00053,CSE-06,CRITICAL,2024-10-25T16:50:59,2024-10-25T16:57:55.854411,2024-10-25T17:47:22.957868,CLOSED,CAS-CSE-06-0009,BAGGAGE-SORT-SCADA,False
ALT-CSE-06-00054,CSE-06,HIGH,2024-10-04T19:34:38,2024-10-04T19:44:04.944460,2024-10-04T20:15:20.214770,CLOSED,,AIRPORT-WIFI-FW,False
ALT-CSE-06-00055,CSE-06,MEDIUM,2024-10-27T03:44:21,2024-10-27T03:48:57.739125,2024-10-27T04:18:42.088276,CLOSED,CAS-CSE-06-0010,BAGGAGE-SORT-SCADA,False
ALT-CSE-06-00056,CSE-06,MEDIUM,2024-12-14T16:30:13,2024-12-14T16:42:56.956714,2024-12-14T17:27:14.101619,CLOSED,,FLIGHT-DISPATCH-SRV,False
ALT-CSE-06-00057,CSE-06,CRITICAL,2024-12-23T21:23:02,2024-12-23T21:36:06.697476,2024-12-23T21:54:28.372321,CLOSED,CAS-CSE-06-0011,AIRPORT-WIFI-FW,False
ALT-CSE-06-00058,CSE-06,CRITICAL,2024-10-01T15:37:13,2024-10-01T15:47:05.927777,2024-10-01T16:31:46.276288,CLOSED,,AIRPORT-WIFI-FW,False
ALT-CSE-06-00059,CSE-06,CRITICAL,2024-10-25T21:36:31,2024-10-25T21:49:24.313653,2024-10-25T22:06:44.450949,CLOSED,,AIRPORT-WIFI-FW,False
ALT-CSE-06-00060,CSE-06,HIGH,2024-12-14T03:51:42,2024-12-14T04:00:06.629875,2024-12-14T05:11:21.320716,CLOSED,,BAGGAGE-SORT-SCADA,False
ALT-CSE-06-00061,CSE-06,CRITICAL,2024-11-19T13:16:51,2024-11-19T13:25:52.067077,2024-11-19T14:35:38.519035,CLOSED,CAS-CSE-06-0012,ATC-RADAR-GW-01,False
ALT-CSE-06-00062,CSE-06,LOW,2024-12-17T19:15:34,2024-12-17T19:22:21.945487,2024-12-17T19:51:12.878368,CLOSED,CAS-CSE-06-0013,AIRPORT-WIFI-FW,True
ALT-CSE-06-00063,CSE-06,LOW,2024-10-14T18:57:33,2024-10-14T19:09:22.398242,2024-10-14T19:49:16.113228,CLOSED,,AIRPORT-WIFI-FW,False
ALT-CSE-06-00064,CSE-06,MEDIUM,2024-11-13T02:24:13,2024-11-13T02:33:49.042268,2024-11-13T03:04:27.664760,CLOSED,,BAGGAGE-SORT-SCADA,False
ALT-CSE-06-00065,CSE-06,HIGH,2024-12-22T12:05:43,2024-12-22T12:18:37.755562,2024-12-22T13:16:55.893475,CLOSED,,BAGGAGE-SORT-SCADA,False
ALT-CSE-06-00066,CSE-06,MEDIUM,2024-10-21T13:27:24,2024-10-21T13:33:40.295283,2024-10-21T14:16:18.014042,CLOSED,,AIRPORT-WIFI-FW,False
ALT-CSE-06-00067,CSE-06,LOW,2024-11-15T04:04:51,2024-11-15T04:15:14.505501,2024-11-15T05:06:15.939922,CLOSED,,BAGGAGE-SORT-SCADA,False
ALT-CSE-06-00068,CSE-06,MEDIUM,2024-12-22T21:29:16,2024-12-22T21:39:20.252407,2024-12-22T22:14:54.601692,CLOSED,,FLIGHT-DISPATCH-SRV,False
ALT-CSE-06-00069,CSE-06,CRITICAL,2024-10-18T10:03:52,2024-10-18T10:06:59.431687,2024-10-18T11:06:47.196948,CLOSED,CAS-CSE-06-0014,FLIGHT-DISPATCH-SRV,False
ALT-CSE-06-00070,CSE-06,LOW,2024-11-27T07:15:30,2024-11-27T07:25:09.114859,2024-11-27T08:05:22.018803,CLOSED,,FLIGHT-DISPATCH-SRV,False
ALT-CSE-06-00071,CSE-06,MEDIUM,2024-12-23T17:59:16,2024-12-23T18:07:00.057052,2024-12-23T19:13:08.172772,CLOSED,,AIRPORT-WIFI-FW,False
ALT-CSE-06-00072,CSE-06,MEDIUM,2024-11-06T12:06:28,2024-11-06T12:18:54.623598,2024-11-06T13:23:12.341950,CLOSED,,ATC-RADAR-GW-01,False
ALT-CSE-06-00073,CSE-06,LOW,2024-10-05T19:51:02,2024-10-05T19:54:53.952211,2024-10-05T20:51:26.295107,CLOSED,,BAGGAGE-SORT-SCADA,False
ALT-CSE-06-00074,CSE-06,LOW,2024-10-17T01:12:11,2024-10-17T01:15:55.619361,2024-10-17T02:11:22.256152,CLOSED,,ATC-RADAR-GW-01,False
ALT-CSE-06-00075,CSE-06,LOW,2024-11-19T10:10:31,2024-11-19T10:16:07.485683,2024-11-19T11:09:36.994603,CLOSED,CAS-CSE-06-0015,BAGGAGE-SORT-SCADA,False
ALT-CSE-06-00076,CSE-06,LOW,2024-11-18T02:48:25,2024-11-18T02:57:20.168063,2024-11-18T04:15:48.835933,CLOSED,,BAGGAGE-SORT-SCADA,False
ALT-CSE-06-00077,CSE-06,LOW,2024-11-29T06:00:59,2024-11-29T06:14:25.295534,2024-11-29T07:30:20.315796,CLOSED,,BAGGAGE-SORT-SCADA,False
ALT-CSE-06-00078,CSE-06,HIGH,2024-10-28T23:55:02,2024-10-29T00:09:05.224003,2024-10-29T00:47:58.388304,CLOSED,,AIRPORT-WIFI-FW,False
ALT-CSE-06-00079,CSE-06,LOW,2024-11-12T07:53:58,2024-11-12T08:03:27.594972,2024-11-12T08:52:09.908505,CLOSED,,ATC-RADAR-GW-01,False
ALT-CSE-06-00080,CSE-06,HIGH,2024-12-10T13:13:20,2024-12-10T13:18:58.249457,2024-12-10T14:25:27.580618,CLOSED,,ATC-RADAR-GW-01,False
ALT-CSE-06-00081,CSE-06,MEDIUM,2024-12-24T14:02:01,2024-12-24T14:05:11.599028,2024-12-24T14:32:35.345662,CLOSED,,AIRPORT-WIFI-FW,False
ALT-CSE-06-00082,CSE-06,MEDIUM,2024-10-21T02:41:02,2024-10-21T02:52:09.269527,2024-10-21T03:27:05.901835,CLOSED,,FLIGHT-DISPATCH-SRV,False
ALT-CSE-06-00083,CSE-06,CRITICAL,2024-10-05T01:42:56,2024-10-05T01:56:34.786582,2024-10-05T02:46:23.374773,CLOSED,CAS-CSE-06-0016,BAGGAGE-SORT-SCADA,False
ALT-CSE-06-00084,CSE-06,HIGH,2024-10-23T17:31:23,2024-10-23T17:38:53.602373,2024-10-23T18:11:42.132360,CLOSED,,FLIGHT-DISPATCH-SRV,False
ALT-CSE-06-00085,CSE-06,HIGH,2024-12-07T22:23:39,2024-12-07T22:32:05.182987,2024-12-07T23:44:38.377091,CLOSED,,AIRPORT-WIFI-FW,False
ALT-CSE-06-00086,CSE-06,MEDIUM,2024-11-22T00:07:47,2024-11-22T00:17:50.870599,2024-11-22T00:51:36.902787,CLOSED,,FLIGHT-DISPATCH-SRV,False
ALT-CSE-06-00087,CSE-06,LOW,2024-11-16T08:00:08,2024-11-16T08:04:48.995147,2024-11-16T08:53:35.144789,CLOSED,,AIRPORT-WIFI-FW,False
ALT-CSE-06-00088,CSE-06,MEDIUM,2024-10-17T06:01:19,2024-10-17T06:11:34.406959,2024-10-17T06:43:42.721351,CLOSED,,ATC-RADAR-GW-01,False
ALT-CSE-06-00089,CSE-06,LOW,2024-10-27T03:40:40,2024-10-27T03:47:22.161856,2024-10-27T05:06:16.021641,CLOSED,,BAGGAGE-SORT-SCADA,False
ALT-CSE-06-00090,CSE-06,MEDIUM,2024-11-07T21:51:27,2024-11-07T22:01:39.043462,2024-11-07T23:16:42.720451,CLOSED,,BAGGAGE-SORT-SCADA,False
ALT-CSE-06-00091,CSE-06,MEDIUM,2024-10-18T16:39:54,2024-10-18T16:47:26.598900,2024-10-18T17:26:53.028306,CLOSED,,ATC-RADAR-GW-01,False
ALT-CSE-06-00092,CSE-06,MEDIUM,2024-11-04T03:17:48,2024-11-04T03:28:53.315960,2024-11-04T04:34:38.832971,CLOSED,,ATC-RADAR-GW-01,False
ALT-CSE-06-00093,CSE-06,HIGH,2024-12-12T00:19:33,2024-12-12T00:32:04.531588,2024-12-12T01:23:36.497789,CLOSED,,ATC-RADAR-GW-01,False
ALT-CSE-06-00094,CSE-06,CRITICAL,2024-12-02T16:00:05,2024-12-02T16:05:54.342382,2024-12-02T16:52:06.932189,CLOSED,CAS-CSE-06-0017,AIRPORT-WIFI-FW,False
ALT-CSE-06-00095,CSE-06,LOW,2024-12-05T01:34:00,2024-12-05T01:38:10.868614,2024-12-05T02:19:38.640501,CLOSED,,AIRPORT-WIFI-FW,False
ALT-CSE-06-00096,CSE-06,MEDIUM,2024-11-18T06:17:54,2024-11-18T06:28:26.115790,2024-11-18T07:42:43.363455,CLOSED,,BAGGAGE-SORT-SCADA,False
ALT-CSE-06-00097,CSE-06,HIGH,2024-12-23T05:15:43,2024-12-23T05:23:05.775909,2024-12-23T06:29:57.299070,CLOSED,CAS-CSE-06-0018,BAGGAGE-SORT-SCADA,False
ALT-CSE-06-00098,CSE-06,HIGH,2024-10-01T22:43:07,2024-10-01T22:49:42.754597,2024-10-01T23:30:49.259007,CLOSED,,BAGGAGE-SORT-SCADA,False
ALT-CSE-06-00099,CSE-06,CRITICAL,2024-11-10T15:27:31,2024-11-10T15:33:41.960245,2024-11-10T16:19:06.405330,CLOSED,CAS-CSE-06-0019,ATC-RADAR-GW-01,False
ALT-CSE-06-00100,CSE-06,LOW,2024-12-28T00:41:16,2024-12-28T00:55:56.222084,2024-12-28T01:58:16.401351,CLOSED,,BAGGAGE-SORT-SCADA,False
ALT-CSE-06-00101,CSE-06,HIGH,2024-10-24T13:41:44,2024-10-24T13:54:12.556731,2024-10-24T14:43:53.311760,CLOSED,,AIRPORT-WIFI-FW,False
ALT-CSE-06-00102,CSE-06,MEDIUM,2024-11-01T02:24:31,2024-11-01T02:36:58.149704,2024-11-01T03:28:23.333731,CLOSED,,FLIGHT-DISPATCH-SRV,False
ALT-CSE-06-00103,CSE-06,MEDIUM,2024-12-21T03:31:52,2024-12-21T03:42:23.090997,2024-12-21T04:58:26.261757,CLOSED,,ATC-RADAR-GW-01,False
ALT-CSE-06-00104,CSE-06,HIGH,2024-11-03T23:02:44,2024-11-03T23:11:12.871707,2024-11-04T00:13:04.774444,CLOSED,,AIRPORT-WIFI-FW,False
ALT-CSE-06-00105,CSE-06,LOW,2024-11-17T21:37:26,2024-11-17T21:45:13.324098,2024-11-17T23:04:18.307038,CLOSED,,BAGGAGE-SORT-SCADA,False
ALT-CSE-06-00106,CSE-06,HIGH,2024-12-22T15:41:36,2024-12-22T15:56:34.044134,2024-12-22T16:18:01.878465,CLOSED,,FLIGHT-DISPATCH-SRV,False
ALT-CSE-06-00107,CSE-06,CRITICAL,2024-10-05T16:24:08,2024-10-05T16:30:56.654723,2024-10-05T17:53:56.037892,CLOSED,CAS-CSE-06-0020,AIRPORT-WIFI-FW,True
ALT-CSE-06-00108,CSE-06,CRITICAL,2024-10-11T05:01:11,2024-10-11T05:10:05.345495,2024-10-11T06:04:27.996384,CLOSED,,BAGGAGE-SORT-SCADA,False
ALT-CSE-06-00109,CSE-06,CRITICAL,2024-11-04T01:46:35,2024-11-04T01:59:25.269128,2024-11-04T02:19:26.909893,CLOSED,CAS-CSE-06-0021,AIRPORT-WIFI-FW,False
ALT-CSE-06-00110,CSE-06,LOW,2024-10-06T00:49:50,2024-10-06T01:04:43.838161,2024-10-06T01:48:21.709169,CLOSED,,FLIGHT-DISPATCH-SRV,False
ALT-CSE-06-00111,CSE-06,MEDIUM,2024-11-06T11:15:56,2024-11-06T11:24:27.599375,2024-11-06T12:07:57.487564,CLOSED,,FLIGHT-DISPATCH-SRV,False
ALT-CSE-06-00112,CSE-06,MEDIUM,2024-10-24T08:38:06,2024-10-24T08:51:17.994951,2024-10-24T09:18:20.112576,CLOSED,,FLIGHT-DISPATCH-SRV,False
ALT-CSE-06-00113,CSE-06,LOW,2024-12-01T22:08:41,2024-12-01T22:19:16.036404,2024-12-01T22:39:56.161711,CLOSED,,AIRPORT-WIFI-FW,False
ALT-CSE-06-00114,CSE-06,CRITICAL,2024-12-22T09:49:34,2024-12-22T09:56:58.044003,2024-12-22T10:40:31.929629,CLOSED,CAS-CSE-06-0022,BAGGAGE-SORT-SCADA,False
ALT-CSE-06-00115,CSE-06,CRITICAL,2024-11-25T10:00:01,2024-11-25T10:07:38.982684,2024-11-25T11:16:10.072092,CLOSED,,ATC-RADAR-GW-01,False
ALT-CSE-06-00116,CSE-06,MEDIUM,2024-12-20T16:22:57,2024-12-20T16:36:47.449736,2024-12-20T17:49:58.133998,CLOSED,,BAGGAGE-SORT-SCADA,False
ALT-CSE-06-00117,CSE-06,LOW,2024-10-12T08:40:51,2024-10-12T08:45:09.419259,2024-10-12T09:39:16.990216,CLOSED,,AIRPORT-WIFI-FW,False
ALT-CSE-06-00118,CSE-06,HIGH,2024-10-18T02:58:57,2024-10-18T03:12:08.386020,2024-10-18T04:07:52.243343,CLOSED,CAS-CSE-06-0023,BAGGAGE-SORT-SCADA,False
ALT-CSE-06-00119,CSE-06,CRITICAL,2024-11-21T14:01:59,2024-11-21T14:12:19.202221,2024-11-21T14:46:02.356922,CLOSED,CAS-CSE-06-0024,BAGGAGE-SORT-SCADA,False
ALT-CSE-06-00120,CSE-06,MEDIUM,2024-12-20T04:02:18,2024-12-20T04:07:46.315083,2024-12-20T04:49:04.003529,CLOSED,,AIRPORT-WIFI-FW,False
ALT-CSE-06-00121,CSE-06,MEDIUM,2024-11-22T20:25:07,2024-11-22T20:39:59.998077,2024-11-22T20:56:06.248076,CLOSED,,ATC-RADAR-GW-01,False
ALT-CSE-06-00122,CSE-06,MEDIUM,2024-10-14T16:51:37,2024-10-14T16:56:35.240557,2024-10-14T17:41:49.252316,CLOSED,,BAGGAGE-SORT-SCADA,False
ALT-CSE-06-00123,CSE-06,MEDIUM,2024-12-02T20:59:19,2024-12-02T21:12:55.032456,2024-12-02T21:38:17.734471,CLOSED,,ATC-RADAR-GW-01,False
ALT-CSE-06-00124,CSE-06,HIGH,2024-12-05T14:18:01,2024-12-05T14:28:52.853480,2024-12-05T15:35:09.022751,CLOSED,,FLIGHT-DISPATCH-SRV,False
ALT-CSE-06-00125,CSE-06,HIGH,2024-11-25T13:00:24,2024-11-25T13:08:37.729471,2024-11-25T13:59:10.664975,CLOSED,CAS-CSE-06-0025,BAGGAGE-SORT-SCADA,False
ALT-CSE-06-00126,CSE-06,LOW,2024-10-17T06:47:56,2024-10-17T06:54:00.818849,2024-10-17T08:14:27.304649,CLOSED,,ATC-RADAR-GW-01,False
ALT-CSE-06-00127,CSE-06,MEDIUM,2024-10-07T03:55:44,2024-10-07T04:00:12.545573,2024-10-07T05:12:30.090597,CLOSED,,AIRPORT-WIFI-FW,False
ALT-CSE-06-00128,CSE-06,LOW,2024-10-26T20:53:50,2024-10-26T21:07:18.198388,2024-10-26T21:49:31.620569,CLOSED,,ATC-RADAR-GW-01,False
ALT-CSE-06-00129,CSE-06,LOW,2024-10-09T14:35:21,2024-10-09T14:43:46.477372,2024-10-09T15:13:31.659129,CLOSED,,AIRPORT-WIFI-FW,False
ALT-CSE-06-00130,CSE-06,HIGH,2024-10-23T15:27:24,2024-10-23T15:36:38.943514,2024-10-23T16:31:29.006517,CLOSED,,ATC-RADAR-GW-01,False
ALT-CSE-06-00131,CSE-06,MEDIUM,2024-11-20T16:55:01,2024-11-20T17:09:43.264287,2024-11-20T17:30:24.610678,CLOSED,CAS-CSE-06-0026,ATC-RADAR-GW-01,False
ALT-CSE-06-00132,CSE-06,HIGH,2024-10-26T16:52:28,2024-10-26T17:00:51.434231,2024-10-26T17:31:38.237131,CLOSED,,ATC-RADAR-GW-01,False
ALT-CSE-06-00133,CSE-06,HIGH,2024-10-15T02:28:44,2024-10-15T02:40:42.048916,2024-10-15T03:39:28.929848,CLOSED,,ATC-RADAR-GW-01,False
ALT-CSE-06-00134,CSE-06,MEDIUM,2024-10-08T18:57:48,2024-10-08T19:06:56.667850,2024-10-08T19:51:08.834835,CLOSED,,AIRPORT-WIFI-FW,False
ALT-CSE-06-00135,CSE-06,CRITICAL,2024-11-21T16:28:26,2024-11-21T16:41:54.896779,2024-11-21T17:50:14.307151,CLOSED,CAS-CSE-06-0027,FLIGHT-DISPATCH-SRV,False
ALT-CSE-06-00136,CSE-06,HIGH,2024-12-08T00:41:19,2024-12-08T00:45:32.417377,2024-12-08T01:53:18.260297,CLOSED,,BAGGAGE-SORT-SCADA,False
ALT-CSE-06-00137,CSE-06,LOW,2024-11-19T22:05:17,2024-11-19T22:10:37.632177,2024-11-19T23:20:45.460627,CLOSED,,ATC-RADAR-GW-01,False
ALT-CSE-06-00138,CSE-06,HIGH,2024-12-25T17:30:32,2024-12-25T17:34:33.195351,2024-12-25T18:31:18.493701,CLOSED,,ATC-RADAR-GW-01,False
ALT-CSE-06-00139,CSE-06,HIGH,2024-11-27T09:30:21,2024-11-27T09:36:56.478571,2024-11-27T10:15:27.578133,CLOSED,,FLIGHT-DISPATCH-SRV,False
ALT-CSE-06-00140,CSE-06,MEDIUM,2024-11-02T07:23:28,2024-11-02T07:35:58.916867,2024-11-02T07:54:51.386272,CLOSED,,FLIGHT-DISPATCH-SRV,False
ALT-CSE-06-00141,CSE-06,MEDIUM,2024-10-21T02:02:51,2024-10-21T02:07:01.595199,2024-10-21T02:39:46.680319,CLOSED,,ATC-RADAR-GW-01,False
ALT-CSE-06-00142,CSE-06,MEDIUM,2024-10-11T21:46:06,2024-10-11T21:53:57.022657,2024-10-11T23:11:18.515055,CLOSED,,ATC-RADAR-GW-01,False
ALT-CSE-06-00143,CSE-06,LOW,2024-11-05T13:15:56,2024-11-05T13:23:47.198742,2024-11-05T13:54:28.623472,CLOSED,,BAGGAGE-SORT-SCADA,False
ALT-CSE-06-00144,CSE-06,HIGH,2024-11-20T06:01:25,2024-11-20T06:15:05.026654,2024-11-20T07:30:50.878522,CLOSED,,ATC-RADAR-GW-01,False
ALT-CSE-06-00145,CSE-06,HIGH,2024-11-25T04:42:57,2024-11-25T04:57:37.118826,2024-11-25T05:34:42.506481,CLOSED,,BAGGAGE-SORT-SCADA,False
ALT-CSE-06-00146,CSE-06,CRITICAL,2024-10-24T17:06:09,2024-10-24T17:19:45.767709,2024-10-24T18:34:45.951029,CLOSED,,FLIGHT-DISPATCH-SRV,False
ALT-CSE-06-00147,CSE-06,MEDIUM,2024-12-21T07:07:48,2024-12-21T07:13:50.211148,2024-12-21T07:59:05.327653,CLOSED,,BAGGAGE-SORT-SCADA,False
ALT-CSE-06-00148,CSE-06,HIGH,2024-12-29T10:53:13,2024-12-29T11:08:01.279954,2024-12-29T11:34:46.698048,CLOSED,,BAGGAGE-SORT-SCADA,False
ALT-CSE-06-00149,CSE-06,HIGH,2024-12-21T08:00:03,2024-12-21T08:10:09.781992,2024-12-21T09:23:24.786157,CLOSED,,BAGGAGE-SORT-SCADA,False
ALT-CSE-06-00150,CSE-06,LOW,2024-11-08T23:32:57,2024-11-08T23:43:55.934045,2024-11-09T00:47:05.706036,CLOSED,,ATC-RADAR-GW-01,False
ALT-CSE-06-00151,CSE-06,HIGH,2024-12-07T12:15:54,2024-12-07T12:24:36.513411,2024-12-07T13:04:55.408253,CLOSED,,AIRPORT-WIFI-FW,False
ALT-CSE-06-00152,CSE-06,LOW,2024-10-01T13:27:03,2024-10-01T13:34:00.606643,2024-10-01T14:25:27.158947,CLOSED,,ATC-RADAR-GW-01,False
ALT-CSE-06-00153,CSE-06,MEDIUM,2024-10-21T17:08:07,2024-10-21T17:21:30.952818,2024-10-21T17:38:37.080120,CLOSED,,BAGGAGE-SORT-SCADA,False
ALT-CSE-06-00154,CSE-06,CRITICAL,2024-11-20T00:51:14,2024-11-20T00:55:45.046990,2024-11-20T01:51:48.304093,CLOSED,,ATC-RADAR-GW-01,False
ALT-CSE-06-00155,CSE-06,HIGH,2024-12-21T13:54:17,2024-12-21T14:06:39.236457,2024-12-21T15:23:21.124650,CLOSED,,AIRPORT-WIFI-FW,False
ALT-CSE-06-00156,CSE-06,HIGH,2024-11-21T19:41:53,2024-11-21T19:56:33.201808,2024-11-21T20:41:14.528825,CLOSED,,AIRPORT-WIFI-FW,False
ALT-CSE-06-00157,CSE-06,MEDIUM,2024-11-21T08:54:38,2024-11-21T09:03:46.243056,2024-11-21T10:21:02.601709,CLOSED,,BAGGAGE-SORT-SCADA,False
ALT-CSE-06-00158,CSE-06,CRITICAL,2024-11-12T10:04:09,2024-11-12T10:18:43.946380,2024-11-12T10:35:19.853067,CLOSED,CAS-CSE-06-0028,BAGGAGE-SORT-SCADA,False
ALT-CSE-06-00159,CSE-06,LOW,2024-10-02T14:47:26,2024-10-02T14:54:26.328851,2024-10-02T15:38:41.957231,CLOSED,CAS-CSE-06-0029,FLIGHT-DISPATCH-SRV,False
ALT-CSE-06-00160,CSE-06,HIGH,2024-10-12T03:25:00,2024-10-12T03:32:00.879957,2024-10-12T04:15:26.343062,CLOSED,,ATC-RADAR-GW-01,False
ALT-CSE-06-00161,CSE-06,LOW,2024-11-04T22:56:22,2024-11-04T23:05:50.526938,2024-11-04T23:57:14.271406,CLOSED,,FLIGHT-DISPATCH-SRV,False
ALT-CSE-06-00162,CSE-06,MEDIUM,2024-12-28T02:26:02,2024-12-28T02:30:10.838560,2024-12-28T02:59:40.865527,CLOSED,CAS-CSE-06-0030,AIRPORT-WIFI-FW,False
ALT-CSE-06-00163,CSE-06,MEDIUM,2024-12-16T20:52:22,2024-12-16T21:03:21.709145,2024-12-16T21:32:35.366152,CLOSED,,AIRPORT-WIFI-FW,False
ALT-CSE-06-00164,CSE-06,LOW,2024-11-01T00:59:02,2024-11-01T01:08:45.043437,2024-11-01T02:22:43.165759,CLOSED,,BAGGAGE-SORT-SCADA,False
ALT-CSE-06-00165,CSE-06,CRITICAL,2024-12-14T23:31:59,2024-12-14T23:41:56.754640,2024-12-15T00:51:52.026031,CLOSED,,FLIGHT-DISPATCH-SRV,False
ALT-CSE-06-00166,CSE-06,HIGH,2024-11-23T22:55:18,2024-11-23T23:08:09.523678,2024-11-23T23:25:55.126400,CLOSED,,AIRPORT-WIFI-FW,False
ALT-CSE-06-00167,CSE-06,LOW,2024-12-14T17:44:01,2024-12-14T17:49:26.409651,2024-12-14T18:47:24.058467,CLOSED,,BAGGAGE-SORT-SCADA,False
ALT-CSE-06-00168,CSE-06,HIGH,2024-11-05T17:33:50,2024-11-05T17:40:23.519039,2024-11-05T18:35:39.450259,CLOSED,,ATC-RADAR-GW-01,False
ALT-CSE-06-00169,CSE-06,CRITICAL,2024-12-03T17:15:59,2024-12-03T17:23:32.421947,2024-12-03T18:39:24.025753,CLOSED,,BAGGAGE-SORT-SCADA,False
ALT-CSE-06-00170,CSE-06,MEDIUM,2024-10-02T04:04:14,2024-10-02T04:07:22.638782,2024-10-02T05:26:16.009680,CLOSED,,ATC-RADAR-GW-01,False
ALT-CSE-06-00171,CSE-06,HIGH,2024-12-22T09:44:25,2024-12-22T09:51:41.419088,2024-12-22T10:54:38.585506,CLOSED,,AIRPORT-WIFI-FW,False
ALT-CSE-06-00172,CSE-06,HIGH,2024-12-26T06:31:02,2024-12-26T06:41:51.154303,2024-12-26T07:07:58.881185,CLOSED,,FLIGHT-DISPATCH-SRV,False
ALT-CSE-06-00173,CSE-06,MEDIUM,2024-11-30T06:06:57,2024-11-30T06:12:22.098308,2024-11-30T07:10:46.012812,CLOSED,,FLIGHT-DISPATCH-SRV,False
ALT-CSE-06-00174,CSE-06,CRITICAL,2024-12-03T22:24:57,2024-12-03T22:36:29.239870,2024-12-03T23:25:21.274968,CLOSED,CAS-CSE-06-0031,AIRPORT-WIFI-FW,False
ALT-CSE-06-00175,CSE-06,HIGH,2024-10-05T23:09:37,2024-10-05T23:16:12.934894,2024-10-05T23:50:49.785739,CLOSED,,ATC-RADAR-GW-01,False
ALT-CSE-06-00176,CSE-06,MEDIUM,2024-11-03T05:25:31,2024-11-03T05:30:36.564689,2024-11-03T05:58:41.602473,CLOSED,CAS-CSE-06-0032,AIRPORT-WIFI-FW,False
ALT-CSE-06-00177,CSE-06,MEDIUM,2024-12-07T17:54:01,2024-12-07T18:01:26.454383,2024-12-07T18:53:37.204147,CLOSED,,ATC-RADAR-GW-01,False
ALT-CSE-06-00178,CSE-06,HIGH,2024-10-11T06:38:52,2024-10-11T06:48:13.114202,2024-10-11T07:21:58.136161,CLOSED,,BAGGAGE-SORT-SCADA,False
ALT-CSE-06-00179,CSE-06,LOW,2024-11-19T19:26:18,2024-11-19T19:33:27.988966,2024-11-19T20:13:19.746055,CLOSED,,BAGGAGE-SORT-SCADA,False
ALT-CSE-06-00180,CSE-06,MEDIUM,2024-10-02T07:07:41,2024-10-02T07:12:31.835941,2024-10-02T08:20:33.889307,CLOSED,,BAGGAGE-SORT-SCADA,False
ALT-CSE-06-00181,CSE-06,LOW,2024-10-15T18:22:51,2024-10-15T18:26:30.647642,2024-10-15T19:09:40.054177,CLOSED,,FLIGHT-DISPATCH-SRV,False
ALT-CSE-06-00182,CSE-06,HIGH,2024-10-06T15:33:20,2024-10-06T15:38:32.038909,2024-10-06T16:41:05.960068,CLOSED,,BAGGAGE-SORT-SCADA,False
ALT-CSE-06-00183,CSE-06,HIGH,2024-11-28T08:08:16,2024-11-28T08:14:20.316415,2024-11-28T08:44:36.260700,CLOSED,,AIRPORT-WIFI-FW,False
ALT-CSE-06-00184,CSE-06,LOW,2024-11-14T18:48:11,2024-11-14T18:57:42.796023,2024-11-14T19:39:51.191044,CLOSED,,BAGGAGE-SORT-SCADA,False
ALT-CSE-06-00185,CSE-06,MEDIUM,2024-12-03T02:17:17,2024-12-03T02:22:24.418682,2024-12-03T03:43:53.126461,CLOSED,,BAGGAGE-SORT-SCADA,False
ALT-CSE-06-00186,CSE-06,HIGH,2024-10-10T06:01:50,2024-10-10T06:14:15.721645,2024-10-10T06:56:43.469946,CLOSED,,AIRPORT-WIFI-FW,False
ALT-CSE-06-00187,CSE-06,LOW,2024-10-06T12:13:35,2024-10-06T12:20:35.743141,2024-10-06T13:26:51.795716,CLOSED,,AIRPORT-WIFI-FW,False
ALT-CSE-06-00188,CSE-06,HIGH,2024-10-19T10:51:27,2024-10-19T11:05:22.382523,2024-10-19T11:56:06.303616,CLOSED,,ATC-RADAR-GW-01,False
ALT-CSE-06-00189,CSE-06,MEDIUM,2024-11-15T08:27:44,2024-11-15T08:34:52.544973,2024-11-15T09:15:41.213892,CLOSED,,FLIGHT-DISPATCH-SRV,False
ALT-CSE-06-00190,CSE-06,CRITICAL,2024-12-12T04:27:21,2024-12-12T04:37:09.740447,2024-12-12T05:48:28.143655,CLOSED,CAS-CSE-06-0033,ATC-RADAR-GW-01,False
ALT-CSE-06-00191,CSE-06,HIGH,2024-10-13T09:15:28,2024-10-13T09:29:12.186239,2024-10-13T09:49:28.316763,CLOSED,,FLIGHT-DISPATCH-SRV,False
ALT-CSE-06-00192,CSE-06,LOW,2024-11-06T16:23:56,2024-11-06T16:32:59.241881,2024-11-06T17:38:41.351538,CLOSED,,ATC-RADAR-GW-01,False
ALT-CSE-06-00193,CSE-06,CRITICAL,2024-10-11T12:22:55,2024-10-11T12:37:47.393517,2024-10-11T13:36:49.226976,CLOSED,CAS-CSE-06-0034,BAGGAGE-SORT-SCADA,True
ALT-CSE-06-00194,CSE-06,CRITICAL,2024-12-24T16:20:46,2024-12-24T16:28:24.509933,2024-12-24T17:38:19.155719,CLOSED,CAS-CSE-06-0035,AIRPORT-WIFI-FW,False
ALT-CSE-06-00195,CSE-06,LOW,2024-12-18T05:34:56,2024-12-18T05:38:47.537262,2024-12-18T06:11:45.547931,CLOSED,,FLIGHT-DISPATCH-SRV,False
ALT-CSE-06-00196,CSE-06,MEDIUM,2024-10-12T15:08:34,2024-10-12T15:17:36.512174,2024-10-12T16:36:49.251016,CLOSED,CAS-CSE-06-0036,BAGGAGE-SORT-SCADA,False
ALT-CSE-06-00197,CSE-06,HIGH,2024-10-24T10:30:05,2024-10-24T10:37:13.862965,2024-10-24T11:31:27.434824,CLOSED,,AIRPORT-WIFI-FW,False
ALT-CSE-06-00198,CSE-06,HIGH,2024-11-02T20:55:29,2024-11-02T21:09:46.373044,2024-11-02T21:42:38.048606,CLOSED,,FLIGHT-DISPATCH-SRV,False
ALT-CSE-06-00199,CSE-06,LOW,2024-12-05T22:12:03,2024-12-05T22:19:52.567983,2024-12-05T23:16:53.820989,CLOSED,,FLIGHT-DISPATCH-SRV,False
ALT-CSE-06-00200,CSE-06,HIGH,2024-11-03T11:53:37,2024-11-03T12:07:41.124820,2024-11-03T12:57:14.819529,CLOSED,,BAGGAGE-SORT-SCADA,False
ALT-CSE-06-00201,CSE-06,HIGH,2024-10-16T18:32:00,2024-10-16T18:38:49.523445,2024-10-16T19:31:44.293422,CLOSED,,AIRPORT-WIFI-FW,False
ALT-CSE-06-00202,CSE-06,MEDIUM,2024-12-13T20:09:22,2024-12-13T20:18:55.373814,2024-12-13T21:19:24.233167,CLOSED,,AIRPORT-WIFI-FW,False
ALT-CSE-06-00203,CSE-06,MEDIUM,2024-12-26T12:14:40,2024-12-26T12:18:11.091766,2024-12-26T12:55:40.751815,CLOSED,,FLIGHT-DISPATCH-SRV,False
ALT-CSE-06-00204,CSE-06,HIGH,2024-12-16T02:58:32,2024-12-16T03:05:32.828347,2024-12-16T03:59:52.944122,CLOSED,CAS-CSE-06-0037,ATC-RADAR-GW-01,False
ALT-CSE-06-00205,CSE-06,MEDIUM,2024-10-13T15:17:08,2024-10-13T15:31:32.237914,2024-10-13T16:03:16.646661,CLOSED,,BAGGAGE-SORT-SCADA,False
ALT-CSE-06-00206,CSE-06,LOW,2024-10-11T21:57:58,2024-10-11T22:11:15.890124,2024-10-11T22:56:56.624770,CLOSED,,BAGGAGE-SORT-SCADA,False
ALT-CSE-06-00207,CSE-06,MEDIUM,2024-12-21T04:05:42,2024-12-21T04:10:31.631527,2024-12-21T05:28:24.337773,CLOSED,,AIRPORT-WIFI-FW,False
ALT-CSE-06-00208,CSE-06,MEDIUM,2024-11-12T04:34:03,2024-11-12T04:42:58.275894,2024-11-12T05:45:07.464769,CLOSED,,ATC-RADAR-GW-01,False
ALT-CSE-06-00209,CSE-06,LOW,2024-11-26T20:37:39,2024-11-26T20:45:23.059950,2024-11-26T22:04:28.966476,CLOSED,,ATC-RADAR-GW-01,False
ALT-CSE-06-00210,CSE-06,HIGH,2024-12-02T21:15:17,2024-12-02T21:25:10.602191,2024-12-02T22:18:47.828316,CLOSED,,ATC-RADAR-GW-01,False
ALT-CSE-06-00211,CSE-06,MEDIUM,2024-11-21T20:38:31,2024-11-21T20:53:26.253937,2024-11-21T21:24:47.634681,CLOSED,,BAGGAGE-SORT-SCADA,False
ALT-CSE-06-00212,CSE-06,MEDIUM,2024-11-11T04:03:26,2024-11-11T04:09:46.310749,2024-11-11T04:52:19.300655,CLOSED,CAS-CSE-06-0038,ATC-RADAR-GW-01,False
ALT-CSE-06-00213,CSE-06,MEDIUM,2024-12-01T06:36:04,2024-12-01T06:44:45.691324,2024-12-01T07:40:47.784778,CLOSED,,ATC-RADAR-GW-01,False
ALT-CSE-06-00214,CSE-06,HIGH,2024-11-08T00:42:43,2024-11-08T00:47:31.775344,2024-11-08T01:15:48.168756,CLOSED,,BAGGAGE-SORT-SCADA,False
ALT-CSE-06-00215,CSE-06,LOW,2024-12-13T20:44:28,2024-12-13T20:54:43.046219,2024-12-13T22:08:14.467520,CLOSED,,AIRPORT-WIFI-FW,False
ALT-CSE-06-00216,CSE-06,HIGH,2024-12-25T13:50:29,2024-12-25T13:58:31.458818,2024-12-25T15:15:13.476162,CLOSED,CAS-CSE-06-0039,FLIGHT-DISPATCH-SRV,False
ALT-CSE-06-00217,CSE-06,LOW,2024-12-08T09:23:15,2024-12-08T09:35:21.676829,2024-12-08T10:13:47.660887,CLOSED,,BAGGAGE-SORT-SCADA,False
ALT-CSE-06-00218,CSE-06,LOW,2024-11-13T08:08:54,2024-11-13T08:22:38.794920,2024-11-13T08:48:09.046428,CLOSED,,BAGGAGE-SORT-SCADA,False
ALT-CSE-06-00219,CSE-06,MEDIUM,2024-11-17T04:05:32,2024-11-17T04:09:46.016728,2024-11-17T04:42:26.519426,CLOSED,,BAGGAGE-SORT-SCADA,False
ALT-CSE-06-00220,CSE-06,HIGH,2024-12-01T23:15:02,2024-12-01T23:21:41.674268,2024-12-02T00:08:40.946680,CLOSED,CAS-CSE-06-0040,BAGGAGE-SORT-SCADA,False
ALT-CSE-06-00221,CSE-06,CRITICAL,2024-12-16T18:30:30,2024-12-16T18:36:59.312527,2024-12-16T19:42:17.049450,CLOSED,CAS-CSE-06-0041,ATC-RADAR-GW-01,False
ALT-CSE-06-00222,CSE-06,MEDIUM,2024-11-07T10:27:23,2024-11-07T10:35:48.605631,2024-11-07T11:33:32.515556,CLOSED,,AIRPORT-WIFI-FW,False
ALT-CSE-06-00223,CSE-06,HIGH,2024-12-16T11:59:09,2024-12-16T12:13:01.705872,2024-12-16T12:31:06.750903,CLOSED,,AIRPORT-WIFI-FW,False
ALT-CSE-06-00224,CSE-06,CRITICAL,2024-11-14T06:04:35,2024-11-14T06:13:33.250838,2024-11-14T07:13:21.139910,CLOSED,,BAGGAGE-SORT-SCADA,False
ALT-CSE-06-00225,CSE-06,LOW,2024-10-09T11:21:45,2024-10-09T11:32:42.406875,2024-10-09T12:41:44.866640,CLOSED,,ATC-RADAR-GW-01,False
ALT-CSE-06-00226,CSE-06,HIGH,2024-10-20T15:53:43,2024-10-20T16:01:24.179784,2024-10-20T17:06:47.143658,CLOSED,,FLIGHT-DISPATCH-SRV,False
ALT-CSE-06-00227,CSE-06,LOW,2024-10-08T09:04:15,2024-10-08T09:08:31.915505,2024-10-08T10:07:32.960645,CLOSED,,ATC-RADAR-GW-01,False
ALT-CSE-06-00228,CSE-06,CRITICAL,2024-12-28T03:14:48,2024-12-28T03:18:33.266329,2024-12-28T04:01:34.942194,CLOSED,CAS-CSE-06-0042,FLIGHT-DISPATCH-SRV,False
ALT-CSE-06-00229,CSE-06,LOW,2024-10-27T10:52:01,2024-10-27T11:04:12.547487,2024-10-27T12:16:17.709959,CLOSED,,BAGGAGE-SORT-SCADA,False
ALT-CSE-06-00230,CSE-06,CRITICAL,2024-12-08T07:01:26,2024-12-08T07:05:50.357197,2024-12-08T07:45:05.711334,CLOSED,CAS-CSE-06-0043,ATC-RADAR-GW-01,False
ALT-CSE-06-00231,CSE-06,HIGH,2024-12-05T13:28:06,2024-12-05T13:37:48.832987,2024-12-05T13:58:42.452654,CLOSED,,ATC-RADAR-GW-01,False
ALT-CSE-06-00232,CSE-06,CRITICAL,2024-10-18T09:52:12,2024-10-18T10:06:07.474401,2024-10-18T10:47:33.831891,CLOSED,CAS-CSE-06-0044,FLIGHT-DISPATCH-SRV,False
ALT-CSE-06-00233,CSE-06,LOW,2024-12-13T11:11:56,2024-12-13T11:23:28.442217,2024-12-13T11:51:18.529391,CLOSED,,BAGGAGE-SORT-SCADA,False
ALT-CSE-06-00234,CSE-06,CRITICAL,2024-12-10T16:07:27,2024-12-10T16:18:37.209467,2024-12-10T16:41:36.839946,CLOSED,CAS-CSE-06-0045,BAGGAGE-SORT-SCADA,False
ALT-CSE-06-00235,CSE-06,HIGH,2024-10-01T17:49:46,2024-10-01T18:02:06.934636,2024-10-01T18:35:55.904232,CLOSED,CAS-CSE-06-0046,BAGGAGE-SORT-SCADA,False
ALT-CSE-06-00236,CSE-06,HIGH,2024-11-25T20:32:13,2024-11-25T20:39:19.197117,2024-11-25T21:32:56.620883,CLOSED,,AIRPORT-WIFI-FW,False
ALT-CSE-06-00237,CSE-06,CRITICAL,2024-10-03T02:26:41,2024-10-03T02:39:40.586828,2024-10-03T03:08:00.971495,CLOSED,CAS-CSE-06-0047,AIRPORT-WIFI-FW,False
ALT-CSE-06-00238,CSE-06,LOW,2024-10-02T23:58:01,2024-10-03T00:05:03.577615,2024-10-03T00:40:46.127834,CLOSED,,AIRPORT-WIFI-FW,False
ALT-CSE-06-00239,CSE-06,LOW,2024-11-22T02:00:32,2024-11-22T02:13:04.926451,2024-11-22T03:28:56.039859,CLOSED,,FLIGHT-DISPATCH-SRV,False
ALT-CSE-06-00240,CSE-06,CRITICAL,2024-11-10T13:34:13,2024-11-10T13:44:41.893814,2024-11-10T14:48:08.815128,CLOSED,,AIRPORT-WIFI-FW,False
ALT-CSE-06-00241,CSE-06,HIGH,2024-12-24T10:43:34,2024-12-24T10:51:49.588224,2024-12-24T11:46:51.348060,CLOSED,,BAGGAGE-SORT-SCADA,False
ALT-CSE-06-00242,CSE-06,CRITICAL,2024-12-22T18:37:22,2024-12-22T18:47:56.387442,2024-12-22T19:10:29.678470,CLOSED,CAS-CSE-06-0048,FLIGHT-DISPATCH-SRV,False
ALT-CSE-06-00243,CSE-06,CRITICAL,2024-10-11T01:08:25,2024-10-11T01:12:40.232444,2024-10-11T02:35:44.466469,CLOSED,CAS-CSE-06-0049,AIRPORT-WIFI-FW,False
ALT-CSE-06-00244,CSE-06,HIGH,2024-12-05T02:57:06,2024-12-05T03:02:43.587523,2024-12-05T03:53:57.502350,CLOSED,,FLIGHT-DISPATCH-SRV,False
ALT-CSE-06-00245,CSE-06,LOW,2024-10-08T00:37:43,2024-10-08T00:50:16.608333,2024-10-08T01:52:27.439587,CLOSED,,ATC-RADAR-GW-01,False
ALT-CSE-06-00246,CSE-06,HIGH,2024-10-25T17:32:52,2024-10-25T17:44:32.475905,2024-10-25T18:56:58.354238,CLOSED,,BAGGAGE-SORT-SCADA,False
ALT-CSE-06-00247,CSE-06,HIGH,2024-12-19T13:11:33,2024-12-19T13:23:30.544915,2024-12-19T14:04:15.577794,CLOSED,,ATC-RADAR-GW-01,False
ALT-CSE-06-00248,CSE-06,HIGH,2024-10-14T03:55:41,2024-10-14T04:07:06.043828,2024-10-14T04:28:31.632967,CLOSED,,FLIGHT-DISPATCH-SRV,False
ALT-CSE-06-00249,CSE-06,HIGH,2024-10-24T19:29:40,2024-10-24T19:38:00.811672,2024-10-24T20:59:05.925724,CLOSED,,AIRPORT-WIFI-FW,False
ALT-CSE-06-00250,CSE-06,MEDIUM,2024-10-05T22:22:59,2024-10-05T22:28:57.615926,2024-10-05T23:19:19.925185,CLOSED,,FLIGHT-DISPATCH-SRV,False
ALT-CSE-06-00251,CSE-06,HIGH,2024-11-06T01:44:58,2024-11-06T01:57:36.061939,2024-11-06T03:04:58.259745,CLOSED,,FLIGHT-DISPATCH-SRV,False
ALT-CSE-06-00252,CSE-06,CRITICAL,2024-11-06T21:30:49,2024-11-06T21:39:22.871055,2024-11-06T22:20:28.993708,CLOSED,CAS-CSE-06-0050,BAGGAGE-SORT-SCADA,False
ALT-CSE-06-00253,CSE-06,HIGH,2024-11-11T18:30:40,2024-11-11T18:38:06.592676,2024-11-11T19:34:25.133520,CLOSED,,BAGGAGE-SORT-SCADA,False
ALT-CSE-06-00254,CSE-06,HIGH,2024-11-18T06:04:58,2024-11-18T06:13:01.394183,2024-11-18T07:34:23.956003,CLOSED,,BAGGAGE-SORT-SCADA,False
ALT-CSE-06-00255,CSE-06,HIGH,2024-11-20T02:30:25,2024-11-20T02:37:37.756684,2024-11-20T03:05:04.026644,CLOSED,,FLIGHT-DISPATCH-SRV,False
ALT-CSE-06-00256,CSE-06,MEDIUM,2024-10-06T04:01:16,2024-10-06T04:07:34.529686,2024-10-06T05:01:26.770714,CLOSED,,FLIGHT-DISPATCH-SRV,False
ALT-CSE-06-00257,CSE-06,CRITICAL,2024-12-11T18:55:04,2024-12-11T19:09:40.653641,2024-12-11T20:17:47.071733,CLOSED,,AIRPORT-WIFI-FW,False
ALT-CSE-06-00258,CSE-06,HIGH,2024-12-23T20:50:43,2024-12-23T21:03:34.722126,2024-12-23T21:32:22.816666,CLOSED,,BAGGAGE-SORT-SCADA,False
ALT-CSE-06-00259,CSE-06,HIGH,2024-12-29T03:34:38,2024-12-29T03:43:13.533832,2024-12-29T04:44:58.124507,CLOSED,CAS-CSE-06-0051,BAGGAGE-SORT-SCADA,False
ALT-CSE-06-00260,CSE-06,MEDIUM,2024-12-18T04:49:05,2024-12-18T04:59:28.305537,2024-12-18T05:51:47.075236,CLOSED,,ATC-RADAR-GW-01,False
ALT-CSE-06-00261,CSE-06,LOW,2024-10-06T23:33:06,2024-10-06T23:37:01.429475,2024-10-07T00:07:30.252936,CLOSED,,BAGGAGE-SORT-SCADA,False
ALT-CSE-06-00262,CSE-06,LOW,2024-11-05T03:31:41,2024-11-05T03:36:44.175581,2024-11-05T04:21:48.971693,CLOSED,,FLIGHT-DISPATCH-SRV,False
ALT-CSE-06-00263,CSE-06,MEDIUM,2024-10-05T05:47:44,2024-10-05T05:57:09.071655,2024-10-05T06:23:48.246720,CLOSED,,ATC-RADAR-GW-01,False
ALT-CSE-06-00264,CSE-06,MEDIUM,2024-11-19T03:03:26,2024-11-19T03:17:32.732415,2024-11-19T04:32:26.348420,CLOSED,,ATC-RADAR-GW-01,False
ALT-CSE-06-00265,CSE-06,MEDIUM,2024-11-18T12:58:38,2024-11-18T13:05:11.986573,2024-11-18T13:53:04.629589,CLOSED,,FLIGHT-DISPATCH-SRV,False
ALT-CSE-06-00266,CSE-06,HIGH,2024-12-11T16:50:41,2024-12-11T17:05:15.025416,2024-12-11T17:35:03.437757,CLOSED,CAS-CSE-06-0052,AIRPORT-WIFI-FW,False
ALT-CSE-06-00267,CSE-06,HIGH,2024-11-24T03:52:30,2024-11-24T04:00:00.036124,2024-11-24T05:00:11.789465,CLOSED,,FLIGHT-DISPATCH-SRV,False
ALT-CSE-06-00268,CSE-06,CRITICAL,2024-11-13T18:09:04,2024-11-13T18:21:25.822787,2024-11-13T19:19:02.371894,CLOSED,CAS-CSE-06-0053,AIRPORT-WIFI-FW,False
ALT-CSE-06-00269,CSE-06,HIGH,2024-10-08T01:59:16,2024-10-08T02:12:21.885471,2024-10-08T03:14:52.582417,CLOSED,,ATC-RADAR-GW-01,False
ALT-CSE-06-00270,CSE-06,MEDIUM,2024-11-23T23:18:58,2024-11-23T23:31:16.400314,2024-11-23T23:59:06.276976,CLOSED,,ATC-RADAR-GW-01,False
ALT-CSE-06-00271,CSE-06,CRITICAL,2024-10-20T20:54:47,2024-10-20T21:06:24.351576,2024-10-20T21:57:31.892372,CLOSED,,FLIGHT-DISPATCH-SRV,False
ALT-CSE-06-00272,CSE-06,MEDIUM,2024-10-19T20:20:40,2024-10-19T20:26:14.572368,2024-10-19T21:07:49.796853,CLOSED,,AIRPORT-WIFI-FW,False
ALT-CSE-06-00273,CSE-06,LOW,2024-10-14T18:24:34,2024-10-14T18:30:36.131332,2024-10-14T19:43:21.508617,CLOSED,,ATC-RADAR-GW-01,False
ALT-CSE-06-00274,CSE-06,LOW,2024-10-28T02:16:17,2024-10-28T02:29:00.130389,2024-10-28T03:08:01.288657,CLOSED,CAS-CSE-06-0054,FLIGHT-DISPATCH-SRV,False
ALT-CSE-06-00275,CSE-06,MEDIUM,2024-12-14T10:04:00,2024-12-14T10:09:40.108716,2024-12-14T11:25:48.035773,CLOSED,,ATC-RADAR-GW-01,False
ALT-CSE-06-00276,CSE-06,HIGH,2024-10-16T17:49:06,2024-10-16T18:00:54.500908,2024-10-16T19:02:52.350792,CLOSED,CAS-CSE-06-0055,AIRPORT-WIFI-FW,False
ALT-CSE-06-00277,CSE-06,CRITICAL,2024-10-14T06:37:52,2024-10-14T06:51:06.185984,2024-10-14T07:26:25.123446,CLOSED,CAS-CSE-06-0056,AIRPORT-WIFI-FW,True
ALT-CSE-06-00278,CSE-06,LOW,2024-11-13T01:00:03,2024-11-13T01:14:26.127827,2024-11-13T02:11:53.458323,CLOSED,CAS-CSE-06-0057,AIRPORT-WIFI-FW,False
ALT-CSE-06-00279,CSE-06,MEDIUM,2024-11-22T01:12:55,2024-11-22T01:27:00.519793,2024-11-22T02:38:15.414272,CLOSED,,AIRPORT-WIFI-FW,False
ALT-CSE-06-00280,CSE-06,MEDIUM,2024-10-12T16:56:18,2024-10-12T17:04:30.334133,2024-10-12T18:03:27.265131,CLOSED,,BAGGAGE-SORT-SCADA,False
ALT-CSE-06-00281,CSE-06,LOW,2024-11-22T14:27:18,2024-11-22T14:32:37.044754,2024-11-22T15:27:53.093404,CLOSED,,AIRPORT-WIFI-FW,False
ALT-CSE-06-00282,CSE-06,HIGH,2024-12-02T13:50:13,2024-12-02T13:57:57.118542,2024-12-02T14:59:26.959993,CLOSED,,AIRPORT-WIFI-FW,False
ALT-CSE-06-00283,CSE-06,HIGH,2024-11-13T08:12:55,2024-11-13T08:17:53.341877,2024-11-13T09:15:27.025312,CLOSED,,BAGGAGE-SORT-SCADA,False
ALT-CSE-06-00284,CSE-06,LOW,2024-12-01T15:22:36,2024-12-01T15:28:11.948868,2024-12-01T16:40:12.698834,CLOSED,,FLIGHT-DISPATCH-SRV,False
ALT-CSE-06-00285,CSE-06,MEDIUM,2024-11-30T00:48:11,2024-11-30T00:52:28.128019,2024-11-30T02:04:00.536973,CLOSED,CAS-CSE-06-0058,ATC-RADAR-GW-01,False
ALT-CSE-06-00286,CSE-06,HIGH,2024-10-16T06:36:22,2024-10-16T06:49:09.605964,2024-10-16T07:35:38.594061,CLOSED,,FLIGHT-DISPATCH-SRV,False
ALT-CSE-06-00287,CSE-06,CRITICAL,2024-10-16T22:39:26,2024-10-16T22:44:03.444569,2024-10-16T23:25:37.325069,CLOSED,CAS-CSE-06-0059,AIRPORT-WIFI-FW,False
ALT-CSE-06-00288,CSE-06,LOW,2024-10-19T23:29:25,2024-10-19T23:41:29.532332,2024-10-20T00:39:40.158788,CLOSED,,FLIGHT-DISPATCH-SRV,False
ALT-CSE-06-00289,CSE-06,HIGH,2024-11-24T21:02:17,2024-11-24T21:06:30.894572,2024-11-24T22:01:13.480527,CLOSED,,AIRPORT-WIFI-FW,False
ALT-CSE-06-00290,CSE-06,HIGH,2024-10-20T01:17:54,2024-10-20T01:20:56.407584,2024-10-20T02:36:12.920380,CLOSED,,BAGGAGE-SORT-SCADA,False
ALT-CSE-06-00291,CSE-06,LOW,2024-11-30T06:20:27,2024-11-30T06:30:10.720598,2024-11-30T07:39:25.630752,CLOSED,,AIRPORT-WIFI-FW,False
ALT-CSE-06-00292,CSE-06,MEDIUM,2024-10-26T00:18:16,2024-10-26T00:27:40.782789,2024-10-26T01:37:11.002676,CLOSED,,ATC-RADAR-GW-01,False
ALT-CSE-06-00293,CSE-06,LOW,2024-12-22T08:27:05,2024-12-22T08:34:54.378314,2024-12-22T09:19:24.253106,CLOSED,,BAGGAGE-SORT-SCADA,False
ALT-CSE-06-00294,CSE-06,LOW,2024-11-05T04:52:13,2024-11-05T05:02:52.508213,2024-11-05T05:40:35.178657,CLOSED,,FLIGHT-DISPATCH-SRV,False
ALT-CSE-06-00295,CSE-06,LOW,2024-12-10T17:17:40,2024-12-10T17:20:53.996000,2024-12-10T18:35:09.662180,CLOSED,,ATC-RADAR-GW-01,False
ALT-CSE-06-00296,CSE-06,MEDIUM,2024-11-01T16:07:16,2024-11-01T16:14:05.826308,2024-11-01T17:17:08.234067,CLOSED,,ATC-RADAR-GW-01,False
ALT-CSE-06-00297,CSE-06,LOW,2024-10-21T21:33:19,2024-10-21T21:44:14.568655,2024-10-21T22:53:35.402022,CLOSED,,FLIGHT-DISPATCH-SRV,False
ALT-CSE-06-00298,CSE-06,HIGH,2024-12-14T20:15:37,2024-12-14T20:21:59.857971,2024-12-14T21:24:11.238371,CLOSED,,BAGGAGE-SORT-SCADA,False
ALT-CSE-06-00299,CSE-06,LOW,2024-10-31T23:25:49,2024-10-31T23:29:54.180915,2024-11-01T00:41:01.421679,CLOSED,,AIRPORT-WIFI-FW,False
ALT-CSE-06-00300,CSE-06,CRITICAL,2024-12-02T02:14:23,2024-12-02T02:25:36.650764,2024-12-02T03:18:04.020463,CLOSED,CAS-CSE-06-0060,AIRPORT-WIFI-FW,False
ALT-CSE-06-00301,CSE-06,CRITICAL,2024-10-14T12:50:24,2024-10-14T12:58:00.639580,2024-10-14T13:25:10.397773,CLOSED,CAS-CSE-06-0061,AIRPORT-WIFI-FW,False
ALT-CSE-06-00302,CSE-06,HIGH,2024-12-10T16:38:50,2024-12-10T16:52:20.484051,2024-12-10T17:54:09.383284,CLOSED,,ATC-RADAR-GW-01,False
ALT-CSE-06-00303,CSE-06,CRITICAL,2024-12-16T16:25:24,2024-12-16T16:34:16.221679,2024-12-16T17:54:28.813411,CLOSED,CAS-CSE-06-0062,ATC-RADAR-GW-01,False
ALT-CSE-06-00304,CSE-06,HIGH,2024-12-23T10:43:33,2024-12-23T10:46:45.881565,2024-12-23T11:22:49.493591,CLOSED,CAS-CSE-06-0063,BAGGAGE-SORT-SCADA,False
ALT-CSE-06-00305,CSE-06,MEDIUM,2024-10-14T13:05:52,2024-10-14T13:18:31.777321,2024-10-14T13:46:39.028134,CLOSED,,ATC-RADAR-GW-01,False
ALT-CSE-06-00306,CSE-06,LOW,2024-12-12T19:22:46,2024-12-12T19:33:13.944021,2024-12-12T19:54:24.263488,CLOSED,,FLIGHT-DISPATCH-SRV,False
ALT-CSE-06-00307,CSE-06,HIGH,2024-11-27T13:24:07,2024-11-27T13:36:34.144767,2024-11-27T14:09:00.733785,CLOSED,,AIRPORT-WIFI-FW,False
ALT-CSE-06-00308,CSE-06,MEDIUM,2024-11-05T04:36:38,2024-11-05T04:47:22.150038,2024-11-05T05:29:17.525118,CLOSED,,AIRPORT-WIFI-FW,False
ALT-CSE-06-00309,CSE-06,HIGH,2024-11-20T15:56:45,2024-11-20T16:10:47.718670,2024-11-20T17:01:57.915029,CLOSED,,ATC-RADAR-GW-01,False
ALT-CSE-06-00310,CSE-06,CRITICAL,2024-12-02T14:50:23,2024-12-02T14:54:40.723060,2024-12-02T15:23:20.027640,CLOSED,,FLIGHT-DISPATCH-SRV,False
ALT-CSE-06-00311,CSE-06,MEDIUM,2024-10-11T09:11:48,2024-10-11T09:26:26.443990,2024-10-11T10:07:01.469837,CLOSED,,AIRPORT-WIFI-FW,False
ALT-CSE-06-00312,CSE-06,CRITICAL,2024-11-15T11:12:30,2024-11-15T11:19:47.099283,2024-11-15T11:58:20.723240,CLOSED,CAS-CSE-06-0064,ATC-RADAR-GW-01,False
ALT-CSE-06-00313,CSE-06,CRITICAL,2024-11-13T07:07:03,2024-11-13T07:17:56.515548,2024-11-13T07:47:04.356072,CLOSED,CAS-CSE-06-0065,FLIGHT-DISPATCH-SRV,False
ALT-CSE-06-00314,CSE-06,CRITICAL,2024-12-17T22:55:28,2024-12-17T23:00:33.182874,2024-12-18T00:12:43.119994,CLOSED,CAS-CSE-06-0066,ATC-RADAR-GW-01,False
ALT-CSE-06-00315,CSE-06,CRITICAL,2024-11-08T09:08:28,2024-11-08T09:17:05.350522,2024-11-08T09:42:34.792354,CLOSED,CAS-CSE-06-0067,FLIGHT-DISPATCH-SRV,False
ALT-CSE-06-00316,CSE-06,CRITICAL,2024-10-04T14:53:28,2024-10-04T14:59:48.563586,2024-10-04T15:55:52.298344,CLOSED,CAS-CSE-06-0068,ATC-RADAR-GW-01,False
ALT-CSE-06-00317,CSE-06,CRITICAL,2024-11-08T04:35:48,2024-11-08T04:47:28.342526,2024-11-08T05:46:27.037073,CLOSED,CAS-CSE-06-0069,ATC-RADAR-GW-01,False
ALT-CSE-06-00318,CSE-06,HIGH,2024-12-13T14:29:29,2024-12-13T14:36:16.496887,2024-12-13T15:14:40.684774,CLOSED,,BAGGAGE-SORT-SCADA,False
ALT-CSE-06-00319,CSE-06,LOW,2024-10-15T08:20:07,2024-10-15T08:24:01.701268,2024-10-15T09:48:29.128143,CLOSED,,AIRPORT-WIFI-FW,False
ALT-CSE-06-00320,CSE-06,HIGH,2024-12-02T04:26:16,2024-12-02T04:35:42.695040,2024-12-02T05:30:17.580911,CLOSED,,FLIGHT-DISPATCH-SRV,False
ALT-CSE-06-00321,CSE-06,CRITICAL,2024-12-24T23:50:08,2024-12-25T00:04:46.186664,2024-12-25T00:35:05.035535,CLOSED,,AIRPORT-WIFI-FW,False
ALT-CSE-06-00322,CSE-06,LOW,2024-11-16T23:59:30,2024-11-17T00:05:01.478153,2024-11-17T01:03:04.145404,CLOSED,,AIRPORT-WIFI-FW,False
ALT-CSE-06-00323,CSE-06,MEDIUM,2024-11-22T00:02:31,2024-11-22T00:09:12.397911,2024-11-22T01:28:33.379500,CLOSED,,ATC-RADAR-GW-01,False
ALT-CSE-06-00324,CSE-06,MEDIUM,2024-12-08T22:50:54,2024-12-08T23:01:56.922252,2024-12-08T23:49:33.398446,CLOSED,,FLIGHT-DISPATCH-SRV,False
ALT-CSE-06-00325,CSE-06,HIGH,2024-11-13T10:14:39,2024-11-13T10:27:12.094181,2024-11-13T10:53:59.982688,CLOSED,,BAGGAGE-SORT-SCADA,False
ALT-CSE-06-00326,CSE-06,HIGH,2024-12-11T13:07:29,2024-12-11T13:11:23.541998,2024-12-11T14:01:07.636865,CLOSED,,ATC-RADAR-GW-01,False
ALT-CSE-06-00327,CSE-06,HIGH,2024-10-23T06:08:22,2024-10-23T06:23:05.526459,2024-10-23T07:28:52.286716,CLOSED,,AIRPORT-WIFI-FW,False
ALT-CSE-06-00328,CSE-06,HIGH,2024-12-26T16:32:13,2024-12-26T16:45:34.386991,2024-12-26T17:08:51.460191,CLOSED,,AIRPORT-WIFI-FW,False
ALT-CSE-06-00329,CSE-06,LOW,2024-10-09T15:40:38,2024-10-09T15:48:31.322940,2024-10-09T16:24:50.127613,CLOSED,,BAGGAGE-SORT-SCADA,False
ALT-CSE-06-00330,CSE-06,MEDIUM,2024-10-16T01:33:20,2024-10-16T01:47:11.480465,2024-10-16T02:37:41.797275,CLOSED,,ATC-RADAR-GW-01,False
ALT-CSE-06-00331,CSE-06,HIGH,2024-12-24T06:14:50,2024-12-24T06:20:01.635169,2024-12-24T06:52:32.272279,CLOSED,,BAGGAGE-SORT-SCADA,False
ALT-CSE-06-00332,CSE-06,MEDIUM,2024-10-17T01:35:25,2024-10-17T01:40:35.584689,2024-10-17T03:01:35.522754,CLOSED,,BAGGAGE-SORT-SCADA,False
ALT-CSE-06-00333,CSE-06,MEDIUM,2024-10-12T11:38:53,2024-10-12T11:45:40.934073,2024-10-12T12:55:55.388794,CLOSED,,FLIGHT-DISPATCH-SRV,False
ALT-CSE-06-00334,CSE-06,MEDIUM,2024-10-04T15:11:40,2024-10-04T15:25:07.934785,2024-10-04T15:48:16.728891,CLOSED,,AIRPORT-WIFI-FW,False
ALT-CSE-06-00335,CSE-06,MEDIUM,2024-11-05T03:12:26,2024-11-05T03:16:35.509221,2024-11-05T04:00:23.210099,CLOSED,,BAGGAGE-SORT-SCADA,False
ALT-CSE-06-00336,CSE-06,HIGH,2024-12-03T03:47:57,2024-12-03T03:51:53.027833,2024-12-03T05:13:40.690408,CLOSED,,AIRPORT-WIFI-FW,False
ALT-CSE-06-00337,CSE-06,HIGH,2024-12-26T21:17:40,2024-12-26T21:21:18.227329,2024-12-26T21:51:09.722757,CLOSED,,AIRPORT-WIFI-FW,False
ALT-CSE-06-00338,CSE-06,HIGH,2024-10-26T22:59:25,2024-10-26T23:04:57.536070,2024-10-26T23:57:07.153903,CLOSED,,BAGGAGE-SORT-SCADA,False
ALT-CSE-06-00339,CSE-06,HIGH,2024-11-27T13:09:13,2024-11-27T13:14:06.917492,2024-11-27T13:40:04.934801,CLOSED,,BAGGAGE-SORT-SCADA,False
ALT-CSE-06-00340,CSE-06,HIGH,2024-10-31T22:55:17,2024-10-31T23:04:42.715992,2024-10-31T23:32:57.204037,CLOSED,,ATC-RADAR-GW-01,False
ALT-CSE-06-00341,CSE-06,LOW,2024-10-12T21:38:28,2024-10-12T21:47:23.865170,2024-10-12T23:01:37.903481,CLOSED,,FLIGHT-DISPATCH-SRV,False
ALT-CSE-06-00342,CSE-06,CRITICAL,2024-11-16T11:33:57,2024-11-16T11:37:24.726849,2024-11-16T12:54:32.186822,CLOSED,CAS-CSE-06-0070,AIRPORT-WIFI-FW,False
ALT-CSE-06-00343,CSE-06,HIGH,2024-10-22T07:01:46,2024-10-22T07:07:20.792615,2024-10-22T08:10:13.369322,CLOSED,,AIRPORT-WIFI-FW,False
ALT-CSE-06-00344,CSE-06,HIGH,2024-10-15T19:05:17,2024-10-15T19:15:20.335765,2024-10-15T19:58:41.343192,CLOSED,,FLIGHT-DISPATCH-SRV,False
ALT-CSE-06-00345,CSE-06,MEDIUM,2024-11-19T18:43:05,2024-11-19T18:56:01.390075,2024-11-19T19:45:11.476527,CLOSED,,BAGGAGE-SORT-SCADA,False
ALT-CSE-06-00346,CSE-06,HIGH,2024-12-12T21:41:43,2024-12-12T21:51:48.001599,2024-12-12T22:53:46.596305,CLOSED,,FLIGHT-DISPATCH-SRV,False
ALT-CSE-06-00347,CSE-06,HIGH,2024-11-29T13:44:17,2024-11-29T13:50:25.872364,2024-11-29T14:58:06.085832,CLOSED,,AIRPORT-WIFI-FW,False
ALT-CSE-06-00348,CSE-06,CRITICAL,2024-12-20T03:52:01,2024-12-20T04:03:33.187773,2024-12-20T05:08:43.134360,CLOSED,CAS-CSE-06-0071,FLIGHT-DISPATCH-SRV,True
ALT-CSE-06-00349,CSE-06,HIGH,2024-12-09T06:44:34,2024-12-09T06:49:49.060395,2024-12-09T07:52:35.533688,CLOSED,,AIRPORT-WIFI-FW,False
ALT-CSE-06-00350,CSE-06,MEDIUM,2024-10-06T18:57:01,2024-10-06T19:05:23.521856,2024-10-06T19:40:44.998956,CLOSED,,AIRPORT-WIFI-FW,False
ALT-CSE-06-00351,CSE-06,LOW,2024-11-03T12:16:44,2024-11-03T12:30:41.425047,2024-11-03T13:20:20.316338,CLOSED,,ATC-RADAR-GW-01,False
ALT-CSE-06-00352,CSE-06,MEDIUM,2024-12-21T19:08:22,2024-12-21T19:15:18.108676,2024-12-21T20:02:15.286364,CLOSED,,BAGGAGE-SORT-SCADA,False
ALT-CSE-06-00353,CSE-06,LOW,2024-10-14T11:51:03,2024-10-14T12:00:17.122847,2024-10-14T12:48:38.796288,CLOSED,,FLIGHT-DISPATCH-SRV,False
ALT-CSE-06-00354,CSE-06,MEDIUM,2024-11-29T09:56:55,2024-11-29T10:09:35.528402,2024-11-29T11:13:44.054284,CLOSED,,AIRPORT-WIFI-FW,False
ALT-CSE-06-00355,CSE-06,CRITICAL,2024-10-05T13:17:41,2024-10-05T13:32:20.577785,2024-10-05T14:41:35.574099,CLOSED,CAS-CSE-06-0072,AIRPORT-WIFI-FW,False
ALT-CSE-06-00356,CSE-06,MEDIUM,2024-12-12T17:44:45,2024-12-12T17:59:09.997492,2024-12-12T18:51:15.115925,CLOSED,,ATC-RADAR-GW-01,False
ALT-CSE-06-00357,CSE-06,HIGH,2024-11-20T04:08:42,2024-11-20T04:22:22.198878,2024-11-20T05:10:47.617628,CLOSED,,FLIGHT-DISPATCH-SRV,False
ALT-CSE-06-00358,CSE-06,LOW,2024-11-15T07:29:25,2024-11-15T07:37:58.051623,2024-11-15T08:57:10.865739,CLOSED,,BAGGAGE-SORT-SCADA,False
ALT-CSE-06-00359,CSE-06,HIGH,2024-12-26T17:50:27,2024-12-26T17:53:55.749236,2024-12-26T19:08:37.596097,CLOSED,,BAGGAGE-SORT-SCADA,False
ALT-CSE-06-00360,CSE-06,LOW,2024-10-27T17:56:24,2024-10-27T17:59:26.041704,2024-10-27T18:50:09.776879,CLOSED,,BAGGAGE-SORT-SCADA,False
ALT-CSE-06-00361,CSE-06,HIGH,2024-10-31T04:03:17,2024-10-31T04:16:55.904957,2024-10-31T05:02:14.219480,CLOSED,,AIRPORT-WIFI-FW,False
ALT-CSE-06-00362,CSE-06,CRITICAL,2024-10-17T06:52:34,2024-10-17T07:07:24.868811,2024-10-17T08:07:01.387863,CLOSED,CAS-CSE-06-0073,FLIGHT-DISPATCH-SRV,False
ALT-CSE-06-00363,CSE-06,MEDIUM,2024-10-10T17:40:51,2024-10-10T17:52:24.899212,2024-10-10T18:29:52.530335,CLOSED,,BAGGAGE-SORT-SCADA,False
ALT-CSE-06-00364,CSE-06,HIGH,2024-10-20T23:50:19,2024-10-21T00:00:32.441708,2024-10-21T01:15:31.784142,CLOSED,,FLIGHT-DISPATCH-SRV,False
ALT-CSE-06-00365,CSE-06,LOW,2024-11-05T21:48:50,2024-11-05T21:57:05.527235,2024-11-05T22:51:18.044606,CLOSED,,BAGGAGE-SORT-SCADA,False
ALT-CSE-06-00366,CSE-06,LOW,2024-12-19T17:06:37,2024-12-19T17:19:40.049178,2024-12-19T17:57:18.995400,CLOSED,,BAGGAGE-SORT-SCADA,False
ALT-CSE-06-00367,CSE-06,LOW,2024-12-26T22:50:56,2024-12-26T22:56:29.163512,2024-12-27T00:12:05.068944,CLOSED,CAS-CSE-06-0074,FLIGHT-DISPATCH-SRV,False
ALT-CSE-06-00368,CSE-06,MEDIUM,2024-10-11T15:44:14,2024-10-11T15:47:32.261476,2024-10-11T17:07:41.993475,CLOSED,,ATC-RADAR-GW-01,False
ALT-CSE-06-00369,CSE-06,CRITICAL,2024-12-03T08:03:00,2024-12-03T08:14:59.186540,2024-12-03T08:33:32.585831,CLOSED,CAS-CSE-06-0075,FLIGHT-DISPATCH-SRV,False
ALT-CSE-06-00370,CSE-06,MEDIUM,2024-11-13T07:38:57,2024-11-13T07:49:57.718013,2024-11-13T08:17:28.795376,CLOSED,,BAGGAGE-SORT-SCADA,False
ALT-CSE-06-00371,CSE-06,LOW,2024-12-10T18:42:35,2024-12-10T18:48:57.542812,2024-12-10T19:39:40.614981,CLOSED,,FLIGHT-DISPATCH-SRV,False
ALT-CSE-06-00372,CSE-06,LOW,2024-11-09T09:13:30,2024-11-09T09:28:28.829225,2024-11-09T10:20:45.423170,CLOSED,,AIRPORT-WIFI-FW,False
ALT-CSE-06-00373,CSE-06,HIGH,2024-12-29T05:15:16,2024-12-29T05:24:48.398131,2024-12-29T05:58:38.710905,CLOSED,CAS-CSE-06-0076,BAGGAGE-SORT-SCADA,False
ALT-CSE-06-00374,CSE-06,HIGH,2024-11-05T08:37:18,2024-11-05T08:44:04.211182,2024-11-05T09:25:29.029683,CLOSED,,AIRPORT-WIFI-FW,False
ALT-CSE-06-00375,CSE-06,LOW,2024-12-01T08:31:30,2024-12-01T08:40:25.846779,2024-12-01T09:04:44.083930,CLOSED,,AIRPORT-WIFI-FW,False
ALT-CSE-06-00376,CSE-06,CRITICAL,2024-10-17T08:48:58,2024-10-17T08:59:03.856605,2024-10-17T09:50:19.759139,CLOSED,CAS-CSE-06-0077,ATC-RADAR-GW-01,False
ALT-CSE-06-00377,CSE-06,CRITICAL,2024-12-09T03:00:38,2024-12-09T03:08:44.998719,2024-12-09T03:35:31.687481,CLOSED,CAS-CSE-06-0078,FLIGHT-DISPATCH-SRV,False
ALT-CSE-06-00378,CSE-06,CRITICAL,2024-11-01T02:27:04,2024-11-01T02:38:08.157782,2024-11-01T03:36:39.322002,CLOSED,CAS-CSE-06-0079,FLIGHT-DISPATCH-SRV,False
ALT-CSE-06-00379,CSE-06,HIGH,2024-11-05T09:00:11,2024-11-05T09:05:12.878610,2024-11-05T10:12:56.516355,CLOSED,,FLIGHT-DISPATCH-SRV,False
ALT-CSE-06-00380,CSE-06,CRITICAL,2024-11-23T18:58:39,2024-11-23T19:09:12.626366,2024-11-23T19:34:08.149269,CLOSED,CAS-CSE-06-0080,FLIGHT-DISPATCH-SRV,False
ALT-CSE-06-00381,CSE-06,MEDIUM,2024-12-17T00:39:31,2024-12-17T00:49:43.470793,2024-12-17T02:06:24.112259,CLOSED,,ATC-RADAR-GW-01,False
ALT-CSE-06-00382,CSE-06,LOW,2024-10-13T16:23:44,2024-10-13T16:32:53.027282,2024-10-13T17:38:53.372847,CLOSED,,AIRPORT-WIFI-FW,False
ALT-CSE-06-00383,CSE-06,CRITICAL,2024-10-22T14:07:43,2024-10-22T14:13:50.395451,2024-10-22T15:19:55.617478,CLOSED,CAS-CSE-06-0081,FLIGHT-DISPATCH-SRV,False
ALT-CSE-06-00384,CSE-06,LOW,2024-11-23T09:04:31,2024-11-23T09:17:29.454758,2024-11-23T10:30:59.940153,CLOSED,,ATC-RADAR-GW-01,False
ALT-CSE-06-00385,CSE-06,MEDIUM,2024-12-21T02:36:25,2024-12-21T02:41:17.762465,2024-12-21T03:59:38.033775,CLOSED,,ATC-RADAR-GW-01,False
ALT-CSE-06-00386,CSE-06,LOW,2024-10-31T20:14:44,2024-10-31T20:20:53.361200,2024-10-31T20:58:58.639461,CLOSED,,ATC-RADAR-GW-01,False
ALT-CSE-06-00387,CSE-06,MEDIUM,2024-11-29T02:13:32,2024-11-29T02:27:32.333952,2024-11-29T03:16:25.052130,CLOSED,,ATC-RADAR-GW-01,False
ALT-CSE-06-00388,CSE-06,MEDIUM,2024-12-03T01:15:29,2024-12-03T01:30:02.631504,2024-12-03T02:14:30.439947,CLOSED,,ATC-RADAR-GW-01,False
ALT-CSE-06-00389,CSE-06,CRITICAL,2024-11-06T08:00:23,2024-11-06T08:10:38.667375,2024-11-06T09:26:16.360704,CLOSED,CAS-CSE-06-0082,BAGGAGE-SORT-SCADA,False
ALT-CSE-06-00390,CSE-06,MEDIUM,2024-10-22T18:07:51,2024-10-22T18:22:15.372725,2024-10-22T19:17:54.965019,CLOSED,,AIRPORT-WIFI-FW,False
ALT-CSE-06-00391,CSE-06,MEDIUM,2024-11-19T05:06:56,2024-11-19T05:20:55.171844,2024-11-19T05:45:28.479889,CLOSED,,AIRPORT-WIFI-FW,False
ALT-CSE-06-00392,CSE-06,MEDIUM,2024-10-21T23:47:24,2024-10-21T23:57:04.284579,2024-10-22T00:51:21.206709,CLOSED,,BAGGAGE-SORT-SCADA,False
ALT-CSE-06-00393,CSE-06,CRITICAL,2024-11-09T21:26:04,2024-11-09T21:36:45.585548,2024-11-09T22:14:39.940776,CLOSED,,FLIGHT-DISPATCH-SRV,False
ALT-CSE-06-00394,CSE-06,CRITICAL,2024-10-28T03:49:24,2024-10-28T03:55:37.285799,2024-10-28T04:37:40.702612,CLOSED,,BAGGAGE-SORT-SCADA,False
ALT-CSE-06-00395,CSE-06,MEDIUM,2024-11-05T21:41:39,2024-11-05T21:46:22.841779,2024-11-05T22:32:02.854588,CLOSED,,FLIGHT-DISPATCH-SRV,False
ALT-CSE-06-00396,CSE-06,LOW,2024-10-28T18:54:29,2024-10-28T19:09:10.933451,2024-10-28T20:06:09.297443,CLOSED,,ATC-RADAR-GW-01,False
ALT-CSE-06-00397,CSE-06,HIGH,2024-12-04T09:35:23,2024-12-04T09:46:01.384212,2024-12-04T10:37:18.490260,CLOSED,,BAGGAGE-SORT-SCADA,False
ALT-CSE-06-00398,CSE-06,HIGH,2024-12-01T20:30:15,2024-12-01T20:40:26.834029,2024-12-01T21:05:39.216794,CLOSED,,AIRPORT-WIFI-FW,False
ALT-CSE-06-00399,CSE-06,LOW,2024-10-04T15:33:15,2024-10-04T15:42:00.347824,2024-10-04T16:11:19.722246,CLOSED,,ATC-RADAR-GW-01,False
ALT-CSE-06-00400,CSE-06,LOW,2024-10-28T03:31:52,2024-10-28T03:43:59.288733,2024-10-28T04:55:28.434434,CLOSED,,AIRPORT-WIFI-FW,False
ALT-CSE-06-00401,CSE-06,MEDIUM,2024-12-22T18:14:16,2024-12-22T18:25:43.132860,2024-12-22T19:28:34.866173,CLOSED,,FLIGHT-DISPATCH-SRV,False
ALT-CSE-06-00402,CSE-06,CRITICAL,2024-10-01T19:14:19,2024-10-01T19:22:33.504116,2024-10-01T20:23:59.676327,CLOSED,CAS-CSE-06-0083,FLIGHT-DISPATCH-SRV,False
ALT-CSE-06-00403,CSE-06,LOW,2024-11-17T09:54:14,2024-11-17T10:08:45.302934,2024-11-17T10:40:35.623316,CLOSED,,BAGGAGE-SORT-SCADA,False
ALT-CSE-06-00404,CSE-06,MEDIUM,2024-11-18T22:31:58,2024-11-18T22:40:36.117962,2024-11-18T23:17:51.432339,CLOSED,CAS-CSE-06-0084,AIRPORT-WIFI-FW,False
ALT-CSE-06-00405,CSE-06,HIGH,2024-11-29T14:21:19,2024-11-29T14:24:36.783422,2024-11-29T15:40:57.332529,CLOSED,,BAGGAGE-SORT-SCADA,False
ALT-CSE-06-00406,CSE-06,MEDIUM,2024-12-09T20:11:23,2024-12-09T20:17:11.966175,2024-12-09T21:24:37.893038,CLOSED,CAS-CSE-06-0085,ATC-RADAR-GW-01,False
ALT-CSE-06-00407,CSE-06,HIGH,2024-12-27T17:34:32,2024-12-27T17:41:55.171799,2024-12-27T18:48:36.179423,CLOSED,,ATC-RADAR-GW-01,False
ALT-CSE-06-00408,CSE-06,LOW,2024-11-17T08:08:11,2024-11-17T08:22:30.870593,2024-11-17T09:06:22.481416,CLOSED,,AIRPORT-WIFI-FW,False
ALT-CSE-06-00409,CSE-06,CRITICAL,2024-10-15T19:46:37,2024-10-15T19:52:28.063565,2024-10-15T20:38:58.007514,CLOSED,,AIRPORT-WIFI-FW,False
ALT-CSE-06-00410,CSE-06,HIGH,2024-10-16T10:45:00,2024-10-16T10:52:43.476757,2024-10-16T11:18:00.174169,CLOSED,,ATC-RADAR-GW-01,False
ALT-CSE-06-00411,CSE-06,LOW,2024-12-27T07:34:53,2024-12-27T07:43:03.530041,2024-12-27T08:50:51.679013,CLOSED,,FLIGHT-DISPATCH-SRV,False
ALT-CSE-06-00412,CSE-06,HIGH,2024-11-12T14:08:53,2024-11-12T14:18:10.559389,2024-11-12T14:51:38.068794,CLOSED,,ATC-RADAR-GW-01,False
ALT-CSE-06-00413,CSE-06,CRITICAL,2024-11-30T18:33:38,2024-11-30T18:39:09.782286,2024-11-30T19:43:47.683299,CLOSED,CAS-CSE-06-0086,AIRPORT-WIFI-FW,False
ALT-CSE-06-00414,CSE-06,MEDIUM,2024-12-26T06:23:33,2024-12-26T06:29:29.374481,2024-12-26T07:33:16.731742,CLOSED,,FLIGHT-DISPATCH-SRV,False
ALT-CSE-06-00415,CSE-06,CRITICAL,2024-10-30T16:32:41,2024-10-30T16:42:32.551016,2024-10-30T17:22:51.825365,CLOSED,CAS-CSE-06-0087,AIRPORT-WIFI-FW,False
ALT-CSE-06-00416,CSE-06,CRITICAL,2024-11-23T06:57:36,2024-11-23T07:10:05.501805,2024-11-23T07:40:30.411326,CLOSED,,ATC-RADAR-GW-01,False
ALT-CSE-06-00417,CSE-06,MEDIUM,2024-12-25T00:48:21,2024-12-25T01:01:49.305168,2024-12-25T01:20:48.571066,CLOSED,CAS-CSE-06-0088,FLIGHT-DISPATCH-SRV,False
ALT-CSE-06-00418,CSE-06,HIGH,2024-10-07T02:53:34,2024-10-07T03:05:48.031119,2024-10-07T04:01:16.360506,CLOSED,,AIRPORT-WIFI-FW,False
ALT-CSE-06-00419,CSE-06,MEDIUM,2024-10-02T01:59:41,2024-10-02T02:13:37.728636,2024-10-02T03:22:54.572399,CLOSED,,ATC-RADAR-GW-01,False
ALT-CSE-06-00420,CSE-06,LOW,2024-11-05T21:14:28,2024-11-05T21:27:42.564757,2024-11-05T22:31:37.112706,CLOSED,,ATC-RADAR-GW-01,False
ALT-CSE-06-00421,CSE-06,LOW,2024-12-11T09:22:34,2024-12-11T09:36:01.335769,2024-12-11T10:37:59.843019,CLOSED,,ATC-RADAR-GW-01,False
ALT-CSE-06-00422,CSE-06,CRITICAL,2024-12-29T06:32:05,2024-12-29T06:43:39.343758,2024-12-29T07:25:04.445029,CLOSED,CAS-CSE-06-0089,AIRPORT-WIFI-FW,False
ALT-CSE-06-00423,CSE-06,LOW,2024-10-11T05:28:17,2024-10-11T05:34:41.142940,2024-10-11T06:13:58.647497,CLOSED,,FLIGHT-DISPATCH-SRV,False
ALT-CSE-06-00424,CSE-06,MEDIUM,2024-10-26T00:35:51,2024-10-26T00:47:27.317190,2024-10-26T01:57:39.540537,CLOSED,,BAGGAGE-SORT-SCADA,False
ALT-CSE-06-00425,CSE-06,CRITICAL,2024-11-06T09:13:16,2024-11-06T09:19:09.037246,2024-11-06T10:01:05.872185,CLOSED,CAS-CSE-06-0090,ATC-RADAR-GW-01,False
ALT-CSE-06-00426,CSE-06,MEDIUM,2024-10-31T09:58:42,2024-10-31T10:03:54.207257,2024-10-31T11:12:01.137311,CLOSED,CAS-CSE-06-0091,BAGGAGE-SORT-SCADA,False
ALT-CSE-06-00427,CSE-06,MEDIUM,2024-10-21T23:10:25,2024-10-21T23:14:53.716841,2024-10-21T23:46:22.869157,CLOSED,,ATC-RADAR-GW-01,False
ALT-CSE-06-00428,CSE-06,MEDIUM,2024-12-29T13:08:18,2024-12-29T13:14:10.032720,2024-12-29T14:07:04.455258,CLOSED,CAS-CSE-06-0092,BAGGAGE-SORT-SCADA,False
ALT-CSE-06-00429,CSE-06,CRITICAL,2024-10-16T14:24:26,2024-10-16T14:33:31.715773,2024-10-16T15:02:16.618467,CLOSED,CAS-CSE-06-0093,ATC-RADAR-GW-01,False
ALT-CSE-06-00430,CSE-06,MEDIUM,2024-11-07T15:59:18,2024-11-07T16:12:56.682902,2024-11-07T16:43:12.470926,CLOSED,,ATC-RADAR-GW-01,False
ALT-CSE-06-00431,CSE-06,LOW,2024-12-27T21:11:44,2024-12-27T21:20:00.497217,2024-12-27T21:50:06.073611,CLOSED,,FLIGHT-DISPATCH-SRV,False
ALT-CSE-06-00432,CSE-06,HIGH,2024-11-03T12:57:33,2024-11-03T13:06:06.507541,2024-11-03T14:24:49.023979,CLOSED,,BAGGAGE-SORT-SCADA,False
ALT-CSE-06-00433,CSE-06,HIGH,2024-10-31T17:14:51,2024-10-31T17:19:36.198092,2024-10-31T18:10:48.842619,CLOSED,,BAGGAGE-SORT-SCADA,False
ALT-CSE-06-00434,CSE-06,MEDIUM,2024-11-23T15:06:44,2024-11-23T15:15:55.967165,2024-11-23T16:31:36.936497,CLOSED,,ATC-RADAR-GW-01,False
ALT-CSE-06-00435,CSE-06,MEDIUM,2024-10-13T02:50:41,2024-10-13T02:59:04.967174,2024-10-13T04:16:15.810082,CLOSED,,AIRPORT-WIFI-FW,False
ALT-CSE-06-00436,CSE-06,HIGH,2024-11-11T14:32:09,2024-11-11T14:37:08.339512,2024-11-11T15:37:57.251748,CLOSED,,AIRPORT-WIFI-FW,False
ALT-CSE-06-00437,CSE-06,CRITICAL,2024-10-31T22:25:15,2024-10-31T22:33:38.775742,2024-10-31T23:12:08.206420,CLOSED,,BAGGAGE-SORT-SCADA,False
ALT-CSE-06-00438,CSE-06,HIGH,2024-11-06T11:07:55,2024-11-06T11:21:52.878067,2024-11-06T12:32:04.861378,CLOSED,,AIRPORT-WIFI-FW,False
ALT-CSE-06-00439,CSE-06,CRITICAL,2024-10-30T17:13:46,2024-10-30T17:22:53.588192,2024-10-30T18:18:17.671141,CLOSED,CAS-CSE-06-0094,ATC-RADAR-GW-01,False
ALT-CSE-06-00440,CSE-06,LOW,2024-10-29T12:41:29,2024-10-29T12:53:50.683936,2024-10-29T13:37:01.348448,CLOSED,,FLIGHT-DISPATCH-SRV,False
ALT-CSE-06-00441,CSE-06,LOW,2024-11-22T17:14:57,2024-11-22T17:27:54.784889,2024-11-22T18:29:09.112825,CLOSED,,BAGGAGE-SORT-SCADA,False
ALT-CSE-06-00442,CSE-06,HIGH,2024-11-20T03:01:54,2024-11-20T03:12:10.219693,2024-11-20T04:30:31.189557,CLOSED,CAS-CSE-06-0095,FLIGHT-DISPATCH-SRV,False
ALT-CSE-06-00443,CSE-06,MEDIUM,2024-12-10T05:06:19,2024-12-10T05:13:54.190160,2024-12-10T06:04:35.007145,CLOSED,,ATC-RADAR-GW-01,False
ALT-CSE-06-00444,CSE-06,MEDIUM,2024-12-26T15:07:10,2024-12-26T15:19:23.105969,2024-12-26T16:35:46.148651,CLOSED,,FLIGHT-DISPATCH-SRV,False
ALT-CSE-06-00445,CSE-06,MEDIUM,2024-11-22T21:36:23,2024-11-22T21:45:33.075011,2024-11-22T22:43:28.585256,CLOSED,,AIRPORT-WIFI-FW,False
ALT-CSE-06-00446,CSE-06,MEDIUM,2024-11-15T21:29:10,2024-11-15T21:34:54.069120,2024-11-15T22:44:16.949695,CLOSED,,AIRPORT-WIFI-FW,False
ALT-CSE-06-00447,CSE-06,MEDIUM,2024-12-04T19:24:46,2024-12-04T19:34:00.079875,2024-12-04T20:28:15.018293,CLOSED,CAS-CSE-06-0096,FLIGHT-DISPATCH-SRV,False
ALT-CSE-06-00448,CSE-06,CRITICAL,2024-10-10T05:37:42,2024-10-10T05:43:51.700510,2024-10-10T07:06:23.119343,CLOSED,CAS-CSE-06-0097,BAGGAGE-SORT-SCADA,False
ALT-CSE-06-00449,CSE-06,HIGH,2024-10-27T06:35:45,2024-10-27T06:49:21.083368,2024-10-27T07:22:10.602698,CLOSED,,BAGGAGE-SORT-SCADA,False
ALT-CSE-06-00450,CSE-06,CRITICAL,2024-11-14T10:58:33,2024-11-14T11:12:11.022933,2024-11-14T12:13:59.804363,CLOSED,,ATC-RADAR-GW-01,False
ALT-CSE-06-00451,CSE-06,LOW,2024-11-01T00:11:30,2024-11-01T00:21:32.333037,2024-11-01T01:35:02.423366,CLOSED,,AIRPORT-WIFI-FW,False
ALT-CSE-06-00452,CSE-06,LOW,2024-12-15T11:49:06,2024-12-15T12:00:34.044191,2024-12-15T12:43:44.920540,CLOSED,,FLIGHT-DISPATCH-SRV,False
ALT-CSE-06-00453,CSE-06,MEDIUM,2024-10-24T07:05:49,2024-10-24T07:09:20.449352,2024-10-24T08:10:44.599153,CLOSED,,FLIGHT-DISPATCH-SRV,False
ALT-CSE-06-00454,CSE-06,HIGH,2024-11-02T09:06:42,2024-11-02T09:16:47.786329,2024-11-02T10:33:01.933193,CLOSED,,AIRPORT-WIFI-FW,False
ALT-CSE-06-00455,CSE-06,MEDIUM,2024-12-12T19:56:23,2024-12-12T20:05:11.197410,2024-12-12T21:07:21.148338,CLOSED,,AIRPORT-WIFI-FW,False
ALT-CSE-06-00456,CSE-06,CRITICAL,2024-11-12T11:52:22,2024-11-12T12:05:20.844650,2024-11-12T13:09:08.986918,CLOSED,CAS-CSE-06-0098,FLIGHT-DISPATCH-SRV,False
ALT-CSE-06-00457,CSE-06,HIGH,2024-12-18T21:26:16,2024-12-18T21:39:01.947694,2024-12-18T22:02:45.010376,CLOSED,CAS-CSE-06-0099,ATC-RADAR-GW-01,False
ALT-CSE-06-00458,CSE-06,LOW,2024-10-09T05:46:19,2024-10-09T05:55:27.581974,2024-10-09T06:20:22.906296,CLOSED,,AIRPORT-WIFI-FW,False
ALT-CSE-06-00459,CSE-06,HIGH,2024-10-14T23:48:39,2024-10-14T23:52:04.326793,2024-10-15T00:41:47.727607,CLOSED,,ATC-RADAR-GW-01,False
ALT-CSE-06-00460,CSE-06,LOW,2024-12-13T11:33:46,2024-12-13T11:37:14.367290,2024-12-13T12:09:16.919165,CLOSED,,BAGGAGE-SORT-SCADA,False
ALT-CSE-06-00461,CSE-06,CRITICAL,2024-12-16T16:26:55,2024-12-16T16:38:53.155260,2024-12-16T17:35:38.927756,CLOSED,,FLIGHT-DISPATCH-SRV,False
ALT-CSE-06-00462,CSE-06,HIGH,2024-11-14T12:15:53,2024-11-14T12:21:32.421723,2024-11-14T12:49:20.554459,CLOSED,CAS-CSE-06-0100,ATC-RADAR-GW-01,False
ALT-CSE-06-00463,CSE-06,HIGH,2024-12-12T18:40:17,2024-12-12T18:55:08.649739,2024-12-12T19:30:17.574366,CLOSED,,AIRPORT-WIFI-FW,False
ALT-CSE-06-00464,CSE-06,CRITICAL,2024-10-12T04:00:16,2024-10-12T04:05:22.431339,2024-10-12T04:46:58.207193,CLOSED,CAS-CSE-06-0101,ATC-RADAR-GW-01,False
ALT-CSE-06-00465,CSE-06,HIGH,2024-12-16T08:18:09,2024-12-16T08:32:11.810083,2024-12-16T08:55:47.677916,CLOSED,,AIRPORT-WIFI-FW,False
ALT-CSE-06-00466,CSE-06,HIGH,2024-12-22T00:01:11,2024-12-22T00:08:10.816013,2024-12-22T01:07:18.370981,CLOSED,,ATC-RADAR-GW-01,False
ALT-CSE-06-00467,CSE-06,MEDIUM,2024-12-20T17:50:11,2024-12-20T18:01:49.239210,2024-12-20T18:23:23.594484,CLOSED,,BAGGAGE-SORT-SCADA,False
ALT-CSE-06-00468,CSE-06,HIGH,2024-12-29T14:56:24,2024-12-29T15:08:23.066303,2024-12-29T16:02:19.661686,CLOSED,,BAGGAGE-SORT-SCADA,False
ALT-CSE-06-00469,CSE-06,HIGH,2024-12-18T09:02:59,2024-12-18T09:12:32.723488,2024-12-18T10:06:03.533815,CLOSED,,BAGGAGE-SORT-SCADA,False
ALT-CSE-06-00470,CSE-06,MEDIUM,2024-11-04T07:52:35,2024-11-04T07:56:27.734263,2024-11-04T08:23:23.249267,CLOSED,,BAGGAGE-SORT-SCADA,False
ALT-CSE-06-00471,CSE-06,MEDIUM,2024-10-13T00:41:53,2024-10-13T00:48:40.399641,2024-10-13T01:22:27.797086,CLOSED,,FLIGHT-DISPATCH-SRV,False
ALT-CSE-06-00472,CSE-06,LOW,2024-11-02T00:45:40,2024-11-02T00:53:52.482736,2024-11-02T01:46:04.259339,CLOSED,,AIRPORT-WIFI-FW,False
ALT-CSE-06-00473,CSE-06,MEDIUM,2024-12-19T16:29:33,2024-12-19T16:40:05.605081,2024-12-19T17:15:25.762639,CLOSED,,FLIGHT-DISPATCH-SRV,False
ALT-CSE-06-00474,CSE-06,MEDIUM,2024-11-29T19:04:30,2024-11-29T19:18:53.818718,2024-11-29T19:39:11.200686,CLOSED,,BAGGAGE-SORT-SCADA,False
ALT-CSE-06-00475,CSE-06,HIGH,2024-11-12T09:38:18,2024-11-12T09:42:35.782455,2024-11-12T10:39:23.748247,CLOSED,CAS-CSE-06-0102,ATC-RADAR-GW-01,False
ALT-CSE-06-00476,CSE-06,HIGH,2024-10-20T04:55:57,2024-10-20T05:08:15.650297,2024-10-20T05:46:57.137325,CLOSED,,AIRPORT-WIFI-FW,False
ALT-CSE-06-00477,CSE-06,LOW,2024-12-13T09:19:59,2024-12-13T09:29:26.586730,2024-12-13T10:43:16.882688,CLOSED,,ATC-RADAR-GW-01,False
ALT-CSE-06-00478,CSE-06,HIGH,2024-12-25T15:22:39,2024-12-25T15:36:43.757394,2024-12-25T16:35:10.915076,CLOSED,,BAGGAGE-SORT-SCADA,False
ALT-CSE-06-00479,CSE-06,MEDIUM,2024-10-04T09:57:31,2024-10-04T10:11:52.300018,2024-10-04T10:56:02.662936,CLOSED,,ATC-RADAR-GW-01,False
ALT-CSE-06-00480,CSE-06,LOW,2024-12-21T15:33:59,2024-12-21T15:45:47.351366,2024-12-21T16:16:10.728398,CLOSED,,FLIGHT-DISPATCH-SRV,False
ALT-CSE-06-00481,CSE-06,MEDIUM,2024-11-05T18:56:15,2024-11-05T19:09:12.138356,2024-11-05T19:52:41.999660,CLOSED,,BAGGAGE-SORT-SCADA,False
ALT-CSE-06-00482,CSE-06,HIGH,2024-12-24T04:13:47,2024-12-24T04:20:58.313082,2024-12-24T05:04:11.968969,CLOSED,,AIRPORT-WIFI-FW,False
ALT-CSE-06-00483,CSE-06,HIGH,2024-10-26T21:41:17,2024-10-26T21:52:06.512455,2024-10-26T22:24:06.639226,CLOSED,,AIRPORT-WIFI-FW,False
ALT-CSE-06-00484,CSE-06,MEDIUM,2024-10-13T05:50:40,2024-10-13T05:56:03.609464,2024-10-13T06:31:20.847323,CLOSED,,BAGGAGE-SORT-SCADA,False
ALT-CSE-06-00485,CSE-06,MEDIUM,2024-10-15T08:08:22,2024-10-15T08:18:58.128371,2024-10-15T09:27:38.131876,CLOSED,,ATC-RADAR-GW-01,False
ALT-CSE-06-00486,CSE-06,HIGH,2024-10-09T18:37:25,2024-10-09T18:46:06.894937,2024-10-09T20:06:55.918312,CLOSED,,BAGGAGE-SORT-SCADA,False
ALT-CSE-06-00487,CSE-06,MEDIUM,2024-12-03T08:29:25,2024-12-03T08:42:38.813905,2024-12-03T09:08:48.053719,CLOSED,,AIRPORT-WIFI-FW,False
ALT-CSE-06-00488,CSE-06,CRITICAL,2024-11-20T13:22:54,2024-11-20T13:27:12.888967,2024-11-20T14:03:49.884943,CLOSED,CAS-CSE-06-0103,FLIGHT-DISPATCH-SRV,False
ALT-CSE-06-00489,CSE-06,MEDIUM,2024-12-10T02:05:17,2024-12-10T02:08:20.843187,2024-12-10T02:47:25.244274,CLOSED,,BAGGAGE-SORT-SCADA,False
ALT-CSE-06-00490,CSE-06,HIGH,2024-11-26T04:55:59,2024-11-26T05:03:07.807379,2024-11-26T05:33:40.246012,CLOSED,,BAGGAGE-SORT-SCADA,False
ALT-CSE-06-00491,CSE-06,CRITICAL,2024-10-22T12:48:26,2024-10-22T12:53:10.377968,2024-10-22T13:45:58.638988,CLOSED,CAS-CSE-06-0104,FLIGHT-DISPATCH-SRV,False
ALT-CSE-06-00492,CSE-06,HIGH,2024-12-18T15:03:00,2024-12-18T15:06:18.300066,2024-12-18T15:53:52.783457,CLOSED,,ATC-RADAR-GW-01,False
ALT-CSE-06-00493,CSE-06,HIGH,2024-12-03T08:55:58,2024-12-03T09:01:35.013437,2024-12-03T10:11:57.536835,CLOSED,,ATC-RADAR-GW-01,False
ALT-CSE-06-00494,CSE-06,MEDIUM,2024-10-13T09:27:29,2024-10-13T09:33:56.326152,2024-10-13T10:55:24.063957,CLOSED,CAS-CSE-06-0105,FLIGHT-DISPATCH-SRV,False
ALT-CSE-06-00495,CSE-06,HIGH,2024-11-22T10:09:11,2024-11-22T10:13:52.506974,2024-11-22T11:10:13.727296,CLOSED,,AIRPORT-WIFI-FW,False
ALT-CSE-06-00496,CSE-06,MEDIUM,2024-12-07T17:33:48,2024-12-07T17:43:05.435326,2024-12-07T18:38:49.779294,CLOSED,,BAGGAGE-SORT-SCADA,False
ALT-CSE-06-00497,CSE-06,LOW,2024-12-18T16:50:47,2024-12-18T17:01:22.457663,2024-12-18T17:52:06.572581,CLOSED,CAS-CSE-06-0106,ATC-RADAR-GW-01,False
ALT-CSE-06-00498,CSE-06,MEDIUM,2024-12-03T16:22:29,2024-12-03T16:28:11.443706,2024-12-03T17:27:06.413325,CLOSED,,BAGGAGE-SORT-SCADA,False
ALT-CSE-06-00499,CSE-06,HIGH,2024-10-10T01:57:12,2024-10-10T02:02:55.992658,2024-10-10T03:19:12.782991,CLOSED,,AIRPORT-WIFI-FW,False
ALT-CSE-06-00500,CSE-06,CRITICAL,2024-11-19T05:31:54,2024-11-19T05:44:46.611945,2024-11-19T06:03:02.097967,CLOSED,,ATC-RADAR-GW-01,False
ALT-CSE-06-00501,CSE-06,LOW,2024-10-27T03:25:28,2024-10-27T03:38:08.971853,2024-10-27T04:46:47.516068,CLOSED,,ATC-RADAR-GW-01,False
ALT-CSE-06-00502,CSE-06,CRITICAL,2024-10-08T14:44:13,2024-10-08T14:52:05.179818,2024-10-08T15:26:32.721788,CLOSED,CAS-CSE-06-0107,FLIGHT-DISPATCH-SRV,True
ALT-CSE-06-00503,CSE-06,CRITICAL,2024-11-26T22:39:12,2024-11-26T22:50:03.196873,2024-11-26T23:46:49.231772,CLOSED,,AIRPORT-WIFI-FW,False
ALT-CSE-06-00504,CSE-06,MEDIUM,2024-10-04T20:31:40,2024-10-04T20:40:33.034589,2024-10-04T21:13:04.813589,CLOSED,,AIRPORT-WIFI-FW,False
ALT-CSE-06-00505,CSE-06,MEDIUM,2024-11-08T01:33:33,2024-11-08T01:37:24.800440,2024-11-08T02:19:25.103034,CLOSED,,AIRPORT-WIFI-FW,False
ALT-CSE-06-00506,CSE-06,CRITICAL,2024-10-26T15:31:07,2024-10-26T15:43:20.519369,2024-10-26T16:10:22.894585,CLOSED,CAS-CSE-06-0108,BAGGAGE-SORT-SCADA,False
ALT-CSE-06-00507,CSE-06,MEDIUM,2024-10-11T06:27:46,2024-10-11T06:41:45.199501,2024-10-11T07:47:23.321150,CLOSED,,ATC-RADAR-GW-01,False
ALT-CSE-06-00508,CSE-06,HIGH,2024-10-15T16:41:54,2024-10-15T16:47:16.023317,2024-10-15T17:22:54.577803,CLOSED,,BAGGAGE-SORT-SCADA,False
ALT-CSE-06-00509,CSE-06,CRITICAL,2024-11-05T11:52:47,2024-11-05T12:03:23.374275,2024-11-05T13:11:46.988582,CLOSED,CAS-CSE-06-0109,BAGGAGE-SORT-SCADA,False
ALT-CSE-06-00510,CSE-06,MEDIUM,2024-11-04T20:55:03,2024-11-04T21:07:45.934965,2024-11-04T22:13:48.885322,CLOSED,,BAGGAGE-SORT-SCADA,False
ALT-CSE-06-00511,CSE-06,HIGH,2024-10-16T00:41:35,2024-10-16T00:54:25.338336,2024-10-16T02:08:54.402018,CLOSED,,BAGGAGE-SORT-SCADA,False
ALT-CSE-06-00512,CSE-06,MEDIUM,2024-11-13T03:42:39,2024-11-13T03:49:56.247971,2024-11-13T04:32:03.245907,CLOSED,,BAGGAGE-SORT-SCADA,False
ALT-CSE-06-00513,CSE-06,LOW,2024-10-18T05:39:15,2024-10-18T05:49:22.929453,2024-10-18T07:06:00.298757,CLOSED,,ATC-RADAR-GW-01,False
ALT-CSE-06-00514,CSE-06,MEDIUM,2024-11-14T08:59:08,2024-11-14T09:06:04.097490,2024-11-14T10:00:16.085289,CLOSED,,FLIGHT-DISPATCH-SRV,False
ALT-CSE-06-00515,CSE-06,MEDIUM,2024-11-13T05:25:10,2024-11-13T05:28:38.709384,2024-11-13T06:49:45.523102,CLOSED,,BAGGAGE-SORT-SCADA,False
ALT-CSE-06-00516,CSE-06,MEDIUM,2024-10-13T10:57:51,2024-10-13T11:02:38.631458,2024-10-13T11:45:32.426224,CLOSED,,ATC-RADAR-GW-01,False
ALT-CSE-06-00517,CSE-06,HIGH,2024-11-13T12:12:20,2024-11-13T12:16:54.225053,2024-11-13T13:15:16.437003,CLOSED,,BAGGAGE-SORT-SCADA,False
ALT-CSE-06-00518,CSE-06,MEDIUM,2024-11-11T16:28:21,2024-11-11T16:32:24.338825,2024-11-11T16:59:34.123308,CLOSED,,FLIGHT-DISPATCH-SRV,False
ALT-CSE-06-00519,CSE-06,HIGH,2024-12-03T13:13:20,2024-12-03T13:26:20.695125,2024-12-03T14:19:52.259445,CLOSED,,ATC-RADAR-GW-01,False
ALT-CSE-06-00520,CSE-06,LOW,2024-11-10T08:33:29,2024-11-10T08:47:12.158737,2024-11-10T09:40:58.421872,CLOSED,,BAGGAGE-SORT-SCADA,False
ALT-CSE-06-00521,CSE-06,LOW,2024-12-22T12:10:44,2024-12-22T12:18:08.376954,2024-12-22T13:03:32.022558,CLOSED,,AIRPORT-WIFI-FW,False
ALT-CSE-06-00522,CSE-06,LOW,2024-11-06T01:30:07,2024-11-06T01:40:10.412368,2024-11-06T02:57:57.480263,CLOSED,,ATC-RADAR-GW-01,False
ALT-CSE-06-00523,CSE-06,MEDIUM,2024-11-12T06:28:22,2024-11-12T06:33:21.405273,2024-11-12T07:53:24.893360,CLOSED,,ATC-RADAR-GW-01,False
ALT-CSE-06-00524,CSE-06,HIGH,2024-12-01T03:54:32,2024-12-01T04:08:28.544164,2024-12-01T05:06:19.802047,CLOSED,,BAGGAGE-SORT-SCADA,False
ALT-CSE-06-00525,CSE-06,LOW,2024-11-25T14:26:34,2024-11-25T14:37:25.786154,2024-11-25T15:17:30.543894,CLOSED,,BAGGAGE-SORT-SCADA,False
ALT-CSE-06-00526,CSE-06,MEDIUM,2024-10-22T05:41:00,2024-10-22T05:48:37.610012,2024-10-22T06:31:27.020115,CLOSED,,AIRPORT-WIFI-FW,False
ALT-CSE-06-00527,CSE-06,MEDIUM,2024-11-11T20:05:52,2024-11-11T20:20:10.718475,2024-11-11T20:43:13.404966,CLOSED,,ATC-RADAR-GW-01,False
ALT-CSE-06-00528,CSE-06,MEDIUM,2024-11-07T11:46:46,2024-11-07T11:58:53.062776,2024-11-07T12:24:02.741568,CLOSED,,AIRPORT-WIFI-FW,False
ALT-CSE-06-00529,CSE-06,HIGH,2024-12-07T16:24:24,2024-12-07T16:27:25.731119,2024-12-07T17:10:44.647178,CLOSED,,AIRPORT-WIFI-FW,False
ALT-CSE-06-00530,CSE-06,CRITICAL,2024-12-26T16:56:37,2024-12-26T17:10:01.974136,2024-12-26T18:00:00.138480,CLOSED,,BAGGAGE-SORT-SCADA,False
ALT-CSE-06-00531,CSE-06,CRITICAL,2024-10-12T19:26:41,2024-10-12T19:29:49.478774,2024-10-12T20:22:52.976197,CLOSED,CAS-CSE-06-0110,BAGGAGE-SORT-SCADA,False
ALT-CSE-06-00532,CSE-06,CRITICAL,2024-11-11T07:43:24,2024-11-11T07:46:55.874089,2024-11-11T09:08:40.437323,CLOSED,,ATC-RADAR-GW-01,False
ALT-CSE-06-00533,CSE-06,MEDIUM,2024-10-21T00:50:01,2024-10-21T00:54:51.122226,2024-10-21T01:52:19.498647,CLOSED,,AIRPORT-WIFI-FW,False
ALT-CSE-06-00534,CSE-06,HIGH,2024-11-24T02:50:31,2024-11-24T03:01:01.036124,2024-11-24T03:58:55.625893,CLOSED,,ATC-RADAR-GW-01,False
ALT-CSE-06-00535,CSE-06,HIGH,2024-12-19T07:07:31,2024-12-19T07:18:03.128248,2024-12-19T08:08:16.956862,CLOSED,,FLIGHT-DISPATCH-SRV,False
ALT-CSE-06-00536,CSE-06,HIGH,2024-11-02T04:39:10,2024-11-02T04:42:30.467207,2024-11-02T05:55:16.576905,CLOSED,,BAGGAGE-SORT-SCADA,False
ALT-CSE-06-00537,CSE-06,MEDIUM,2024-12-22T18:15:36,2024-12-22T18:28:50.855287,2024-12-22T18:57:59.863303,CLOSED,,ATC-RADAR-GW-01,False
ALT-CSE-06-00538,CSE-06,MEDIUM,2024-10-05T05:08:09,2024-10-05T05:17:47.894646,2024-10-05T06:26:19.679089,CLOSED,,BAGGAGE-SORT-SCADA,False
ALT-CSE-06-00539,CSE-06,MEDIUM,2024-10-18T23:49:04,2024-10-18T23:54:51.808357,2024-10-19T01:11:13.573447,CLOSED,,FLIGHT-DISPATCH-SRV,False
ALT-CSE-06-00540,CSE-06,LOW,2024-12-02T06:50:04,2024-12-02T07:02:21.226575,2024-12-02T08:05:40.751011,CLOSED,,BAGGAGE-SORT-SCADA,False
ALT-CSE-06-00541,CSE-06,MEDIUM,2024-10-05T20:36:02,2024-10-05T20:45:13.336521,2024-10-05T21:51:47.548734,CLOSED,,FLIGHT-DISPATCH-SRV,False
ALT-CSE-06-00542,CSE-06,MEDIUM,2024-12-14T06:39:03,2024-12-14T06:46:49.040947,2024-12-14T07:26:34.830114,CLOSED,,BAGGAGE-SORT-SCADA,False
ALT-CSE-06-00543,CSE-06,HIGH,2024-10-06T18:34:25,2024-10-06T18:38:23.923238,2024-10-06T19:09:28.304508,CLOSED,CAS-CSE-06-0111,ATC-RADAR-GW-01,False
ALT-CSE-06-00544,CSE-06,LOW,2024-11-11T00:42:38,2024-11-11T00:54:49.572819,2024-11-11T01:50:12.685917,CLOSED,,AIRPORT-WIFI-FW,False
ALT-CSE-06-00545,CSE-06,HIGH,2024-10-25T20:41:34,2024-10-25T20:49:18.163678,2024-10-25T22:08:31.607777,CLOSED,,BAGGAGE-SORT-SCADA,False
ALT-CSE-06-00546,CSE-06,HIGH,2024-10-02T05:19:43,2024-10-02T05:30:10.521815,2024-10-02T06:46:39.747118,CLOSED,,BAGGAGE-SORT-SCADA,False
ALT-CSE-06-00547,CSE-06,CRITICAL,2024-12-02T19:31:47,2024-12-02T19:43:25.148554,2024-12-02T20:20:09.450400,CLOSED,CAS-CSE-06-0112,BAGGAGE-SORT-SCADA,False
ALT-CSE-06-00548,CSE-06,CRITICAL,2024-12-28T08:45:10,2024-12-28T08:53:34.885037,2024-12-28T09:32:45.041282,CLOSED,CAS-CSE-06-0113,BAGGAGE-SORT-SCADA,True
ALT-CSE-06-00549,CSE-06,HIGH,2024-12-07T05:21:42,2024-12-07T05:26:12.190551,2024-12-07T06:46:09.282133,CLOSED,,ATC-RADAR-GW-01,False
ALT-CSE-06-00550,CSE-06,HIGH,2024-11-20T11:24:55,2024-11-20T11:36:44.938883,2024-11-20T12:46:33.227331,CLOSED,,FLIGHT-DISPATCH-SRV,False
ALT-CSE-06-00551,CSE-06,HIGH,2024-10-11T17:44:07,2024-10-11T17:58:05.045345,2024-10-11T19:06:21.594965,CLOSED,,BAGGAGE-SORT-SCADA,False
ALT-CSE-06-00552,CSE-06,CRITICAL,2024-11-24T10:21:02,2024-11-24T10:31:11.928154,2024-11-24T11:03:09.708721,CLOSED,CAS-CSE-06-0114,AIRPORT-WIFI-FW,False
ALT-CSE-06-00553,CSE-06,LOW,2024-12-21T20:29:20,2024-12-21T20:33:03.776668,2024-12-21T21:40:10.144007,CLOSED,,BAGGAGE-SORT-SCADA,False
ALT-CSE-06-00554,CSE-06,HIGH,2024-11-11T02:48:09,2024-11-11T02:56:32.744528,2024-11-11T03:49:08.308348,CLOSED,,FLIGHT-DISPATCH-SRV,False
ALT-CSE-06-00555,CSE-06,MEDIUM,2024-12-27T04:05:06,2024-12-27T04:14:39.246933,2024-12-27T05:13:34.886741,CLOSED,,AIRPORT-WIFI-FW,False
ALT-CSE-06-00556,CSE-06,CRITICAL,2024-12-21T16:55:39,2024-12-21T16:59:47.475463,2024-12-21T17:43:23.724367,CLOSED,CAS-CSE-06-0115,BAGGAGE-SORT-SCADA,False
ALT-CSE-06-00557,CSE-06,HIGH,2024-11-21T05:22:48,2024-11-21T05:29:17.430940,2024-11-21T06:26:22.431607,CLOSED,,ATC-RADAR-GW-01,False
ALT-CSE-06-00558,CSE-06,CRITICAL,2024-11-06T18:52:29,2024-11-06T18:56:44.463605,2024-11-06T19:36:55.886377,CLOSED,CAS-CSE-06-0116,FLIGHT-DISPATCH-SRV,False
ALT-CSE-06-00559,CSE-06,HIGH,2024-10-08T03:45:39,2024-10-08T03:55:36.623739,2024-10-08T04:19:52.051006,CLOSED,,BAGGAGE-SORT-SCADA,False
ALT-CSE-06-00560,CSE-06,LOW,2024-10-01T02:28:57,2024-10-01T02:40:02.320646,2024-10-01T03:25:20.086164,CLOSED,,AIRPORT-WIFI-FW,False
ALT-CSE-06-00561,CSE-06,CRITICAL,2024-12-12T06:42:55,2024-12-12T06:46:27.270189,2024-12-12T07:51:13.975180,CLOSED,,FLIGHT-DISPATCH-SRV,False
ALT-CSE-06-00562,CSE-06,HIGH,2024-10-18T07:52:08,2024-10-18T07:59:30.212780,2024-10-18T08:58:50.324324,CLOSED,,ATC-RADAR-GW-01,False
ALT-CSE-06-00563,CSE-06,MEDIUM,2024-10-23T02:56:36,2024-10-23T03:09:33.710189,2024-10-23T03:40:26.845915,CLOSED,,AIRPORT-WIFI-FW,False
ALT-CSE-06-00564,CSE-06,CRITICAL,2024-11-26T11:05:27,2024-11-26T11:15:10.273645,2024-11-26T12:26:30.208567,CLOSED,CAS-CSE-06-0117,FLIGHT-DISPATCH-SRV,False
ALT-CSE-06-00565,CSE-06,MEDIUM,2024-10-25T22:08:34,2024-10-25T22:21:48.307516,2024-10-25T23:27:48.349510,CLOSED,,FLIGHT-DISPATCH-SRV,False
ALT-CSE-06-00566,CSE-06,HIGH,2024-12-04T13:17:29,2024-12-04T13:28:08.058220,2024-12-04T13:59:57.845854,CLOSED,CAS-CSE-06-0118,ATC-RADAR-GW-01,False
ALT-CSE-06-00567,CSE-06,LOW,2024-12-17T01:34:44,2024-12-17T01:38:54.210555,2024-12-17T02:43:00.808304,CLOSED,,FLIGHT-DISPATCH-SRV,False
ALT-CSE-06-00568,CSE-06,CRITICAL,2024-11-03T12:07:22,2024-11-03T12:17:25.097694,2024-11-03T12:43:12.137534,CLOSED,CAS-CSE-06-0119,BAGGAGE-SORT-SCADA,False
ALT-CSE-06-00569,CSE-06,HIGH,2024-10-29T23:35:37,2024-10-29T23:40:48.836011,2024-10-30T00:12:13.920398,CLOSED,,ATC-RADAR-GW-01,False
ALT-CSE-06-00570,CSE-06,CRITICAL,2024-11-21T15:55:09,2024-11-21T16:00:57.357835,2024-11-21T16:27:45.684858,CLOSED,,ATC-RADAR-GW-01,False
ALT-CSE-06-00571,CSE-06,MEDIUM,2024-11-04T15:31:37,2024-11-04T15:36:24.334713,2024-11-04T16:28:45.679774,CLOSED,,BAGGAGE-SORT-SCADA,False
ALT-CSE-06-00572,CSE-06,MEDIUM,2024-11-21T22:20:58,2024-11-21T22:31:37.321515,2024-11-21T23:09:20.444842,CLOSED,CAS-CSE-06-0120,AIRPORT-WIFI-FW,False
ALT-CSE-06-00573,CSE-06,LOW,2024-12-25T22:19:35,2024-12-25T22:26:50.446969,2024-12-25T23:43:35.475128,CLOSED,,ATC-RADAR-GW-01,False
ALT-CSE-06-00574,CSE-06,HIGH,2024-12-01T03:59:09,2024-12-01T04:11:30.014897,2024-12-01T05:26:16.895432,CLOSED,,BAGGAGE-SORT-SCADA,False
ALT-CSE-06-00575,CSE-06,MEDIUM,2024-12-20T22:22:40,2024-12-20T22:29:19.156997,2024-12-20T23:11:38.845486,CLOSED,,AIRPORT-WIFI-FW,False
ALT-CSE-06-00576,CSE-06,HIGH,2024-11-16T02:36:32,2024-11-16T02:41:30.502294,2024-11-16T03:48:54.386216,CLOSED,CAS-CSE-06-0121,ATC-RADAR-GW-01,False
ALT-CSE-06-00577,CSE-06,MEDIUM,2024-12-03T14:57:41,2024-12-03T15:05:54.323727,2024-12-03T16:26:28.443606,CLOSED,,BAGGAGE-SORT-SCADA,False
ALT-CSE-06-00578,CSE-06,MEDIUM,2024-11-06T01:07:02,2024-11-06T01:20:21.533484,2024-11-06T02:06:21.991010,CLOSED,,ATC-RADAR-GW-01,False
ALT-CSE-06-00579,CSE-06,LOW,2024-11-23T17:30:16,2024-11-23T17:42:28.694395,2024-11-23T19:00:10.537006,CLOSED,CAS-CSE-06-0122,AIRPORT-WIFI-FW,False
ALT-CSE-06-00580,CSE-06,CRITICAL,2024-12-02T04:08:14,2024-12-02T04:13:59.723820,2024-12-02T04:46:44.347520,CLOSED,,FLIGHT-DISPATCH-SRV,False
ALT-CSE-06-00581,CSE-06,LOW,2024-10-01T20:52:42,2024-10-01T20:57:16.912825,2024-10-01T21:49:26.273887,CLOSED,CAS-CSE-06-0123,FLIGHT-DISPATCH-SRV,False
ALT-CSE-06-00582,CSE-06,LOW,2024-12-11T07:01:22,2024-12-11T07:08:11.325549,2024-12-11T08:03:06.036746,CLOSED,CAS-CSE-06-0124,AIRPORT-WIFI-FW,False
ALT-CSE-06-00583,CSE-06,HIGH,2024-10-07T20:50:08,2024-10-07T21:01:55.456038,2024-10-07T21:48:06.841240,CLOSED,,FLIGHT-DISPATCH-SRV,False
ALT-CSE-06-00584,CSE-06,MEDIUM,2024-12-26T12:45:21,2024-12-26T12:48:37.990684,2024-12-26T14:11:37.685144,CLOSED,,BAGGAGE-SORT-SCADA,False
ALT-CSE-06-00585,CSE-06,HIGH,2024-11-12T10:01:34,2024-11-12T10:06:26.577777,2024-11-12T11:02:22.153244,CLOSED,,AIRPORT-WIFI-FW,False
ALT-CSE-06-00586,CSE-06,MEDIUM,2024-10-19T08:25:10,2024-10-19T08:32:19.024163,2024-10-19T09:33:34.302871,CLOSED,,BAGGAGE-SORT-SCADA,False
ALT-CSE-06-00587,CSE-06,MEDIUM,2024-11-15T14:05:42,2024-11-15T14:13:53.800188,2024-11-15T14:56:18.255054,CLOSED,,ATC-RADAR-GW-01,False
ALT-CSE-06-00588,CSE-06,CRITICAL,2024-10-08T18:57:50,2024-10-08T19:08:04.507342,2024-10-08T19:29:06.706520,CLOSED,CAS-CSE-06-0125,ATC-RADAR-GW-01,False
ALT-CSE-06-00589,CSE-06,CRITICAL,2024-11-26T19:59:43,2024-11-26T20:11:58.933271,2024-11-26T21:00:37.501193,CLOSED,,BAGGAGE-SORT-SCADA,False
ALT-CSE-06-00590,CSE-06,LOW,2024-11-09T12:48:45,2024-11-09T12:55:33.435399,2024-11-09T13:26:51.343538,CLOSED,,FLIGHT-DISPATCH-SRV,False
ALT-CSE-06-00591,CSE-06,HIGH,2024-10-14T01:30:18,2024-10-14T01:35:42.352376,2024-10-14T02:13:07.077115,CLOSED,,AIRPORT-WIFI-FW,False
ALT-CSE-06-00592,CSE-06,LOW,2024-10-13T08:44:00,2024-10-13T08:51:10.358075,2024-10-13T09:54:31.885211,CLOSED,,AIRPORT-WIFI-FW,False
ALT-CSE-06-00593,CSE-06,MEDIUM,2024-10-09T08:09:01,2024-10-09T08:12:11.282298,2024-10-09T09:01:08.546696,CLOSED,,ATC-RADAR-GW-01,False
ALT-CSE-06-00594,CSE-06,HIGH,2024-10-29T13:57:58,2024-10-29T14:06:24.593927,2024-10-29T15:10:48.879952,CLOSED,,ATC-RADAR-GW-01,False
ALT-CSE-06-00595,CSE-06,MEDIUM,2024-10-31T21:43:04,2024-10-31T21:57:52.953369,2024-10-31T23:06:56.585967,CLOSED,,ATC-RADAR-GW-01,False
ALT-CSE-06-00596,CSE-06,MEDIUM,2024-11-19T23:06:24,2024-11-19T23:16:19.149414,2024-11-19T23:46:40.022867,CLOSED,,AIRPORT-WIFI-FW,False
ALT-CSE-06-00597,CSE-06,LOW,2024-10-26T23:20:24,2024-10-26T23:29:20.167982,2024-10-27T00:43:11.751613,CLOSED,,BAGGAGE-SORT-SCADA,False
ALT-CSE-06-00598,CSE-06,HIGH,2024-11-20T20:57:25,2024-11-20T21:03:16.648608,2024-11-20T22:05:31.863280,CLOSED,,FLIGHT-DISPATCH-SRV,False
ALT-CSE-06-00599,CSE-06,MEDIUM,2024-12-05T21:11:44,2024-12-05T21:17:16.367639,2024-12-05T22:06:49.064292,CLOSED,,ATC-RADAR-GW-01,False
ALT-CSE-06-00600,CSE-06,MEDIUM,2024-11-09T11:45:27,2024-11-09T11:56:13.772656,2024-11-09T13:14:15.568082,CLOSED,,FLIGHT-DISPATCH-SRV,False
ALT-CSE-06-00601,CSE-06,CRITICAL,2024-10-30T14:07:25,2024-10-30T14:18:06.470446,2024-10-30T14:43:03.718476,CLOSED,,BAGGAGE-SORT-SCADA,False
ALT-CSE-06-00602,CSE-06,MEDIUM,2024-11-27T17:49:30,2024-11-27T17:58:31.729905,2024-11-27T18:56:30.416200,CLOSED,,AIRPORT-WIFI-FW,False
ALT-CSE-06-00603,CSE-06,MEDIUM,2024-12-27T15:43:08,2024-12-27T15:55:04.517275,2024-12-27T16:46:02.153497,CLOSED,,AIRPORT-WIFI-FW,False
ALT-CSE-06-00604,CSE-06,HIGH,2024-12-06T15:51:40,2024-12-06T16:01:55.965900,2024-12-06T16:51:33.286877,CLOSED,,BAGGAGE-SORT-SCADA,False
ALT-CSE-06-00605,CSE-06,LOW,2024-10-06T01:54:18,2024-10-06T02:00:32.778629,2024-10-06T03:03:07.165643,CLOSED,,AIRPORT-WIFI-FW,False
ALT-CSE-06-00606,CSE-06,MEDIUM,2024-10-22T03:28:50,2024-10-22T03:35:06.937333,2024-10-22T04:02:21.565650,CLOSED,,FLIGHT-DISPATCH-SRV,False
ALT-CSE-06-00607,CSE-06,HIGH,2024-10-10T08:12:27,2024-10-10T08:18:12.431032,2024-10-10T08:54:58.381487,CLOSED,,FLIGHT-DISPATCH-SRV,False
ALT-CSE-06-00608,CSE-06,HIGH,2024-11-18T02:11:36,2024-11-18T02:26:15.846716,2024-11-18T03:14:22.629427,CLOSED,,FLIGHT-DISPATCH-SRV,False
ALT-CSE-06-00609,CSE-06,HIGH,2024-12-27T19:55:04,2024-12-27T20:03:56.361167,2024-12-27T21:04:04.428512,CLOSED,,FLIGHT-DISPATCH-SRV,False
ALT-CSE-06-00610,CSE-06,CRITICAL,2024-10-14T11:17:51,2024-10-14T11:24:03.994566,2024-10-14T11:51:38.051474,CLOSED,,ATC-RADAR-GW-01,False
ALT-CSE-06-00611,CSE-06,LOW,2024-12-06T04:52:38,2024-12-06T05:00:38.887580,2024-12-06T06:16:54.093216,CLOSED,,AIRPORT-WIFI-FW,False
ALT-CSE-06-00612,CSE-06,MEDIUM,2024-10-28T12:38:05,2024-10-28T12:46:16.322813,2024-10-28T13:54:36.061353,CLOSED,,ATC-RADAR-GW-01,False
ALT-CSE-06-00613,CSE-06,CRITICAL,2024-12-11T14:30:31,2024-12-11T14:36:49.462722,2024-12-11T15:58:30.253108,CLOSED,CAS-CSE-06-0126,BAGGAGE-SORT-SCADA,False
ALT-CSE-06-00614,CSE-06,MEDIUM,2024-12-26T11:04:24,2024-12-26T11:17:34.691358,2024-12-26T12:33:23.076717,CLOSED,,AIRPORT-WIFI-FW,False
ALT-CSE-06-00615,CSE-06,LOW,2024-10-07T13:27:42,2024-10-07T13:34:45.459024,2024-10-07T14:25:24.667808,CLOSED,,BAGGAGE-SORT-SCADA,False
ALT-CSE-06-00616,CSE-06,MEDIUM,2024-12-24T02:09:24,2024-12-24T02:22:01.192890,2024-12-24T03:00:23.834871,CLOSED,,FLIGHT-DISPATCH-SRV,False
ALT-CSE-06-00617,CSE-06,HIGH,2024-12-16T09:51:25,2024-12-16T10:01:36.136508,2024-12-16T10:59:03.956835,CLOSED,,AIRPORT-WIFI-FW,False
ALT-CSE-06-00618,CSE-06,LOW,2024-12-06T04:45:09,2024-12-06T04:51:32.250245,2024-12-06T05:37:26.845111,CLOSED,,AIRPORT-WIFI-FW,False
ALT-CSE-06-00619,CSE-06,HIGH,2024-10-16T19:25:01,2024-10-16T19:31:43.340824,2024-10-16T20:09:13.942796,CLOSED,,ATC-RADAR-GW-01,False
ALT-CSE-06-00620,CSE-06,CRITICAL,2024-11-29T10:07:18,2024-11-29T10:12:21.481326,2024-11-29T11:11:41.204530,CLOSED,,FLIGHT-DISPATCH-SRV,False
ALT-CSE-06-00621,CSE-06,MEDIUM,2024-11-29T21:14:44,2024-11-29T21:27:52.726595,2024-11-29T22:14:41.735244,CLOSED,,FLIGHT-DISPATCH-SRV,False
ALT-CSE-06-00622,CSE-06,MEDIUM,2024-12-20T17:26:14,2024-12-20T17:29:30.573849,2024-12-20T18:20:04.203789,CLOSED,,BAGGAGE-SORT-SCADA,False
ALT-CSE-06-00623,CSE-06,HIGH,2024-12-20T19:08:32,2024-12-20T19:19:06.364166,2024-12-20T19:55:33.874326,CLOSED,CAS-CSE-06-0127,AIRPORT-WIFI-FW,False
ALT-CSE-06-00624,CSE-06,LOW,2024-11-30T12:31:15,2024-11-30T12:40:13.715270,2024-11-30T13:55:33.117014,CLOSED,,ATC-RADAR-GW-01,False
ALT-CSE-06-00625,CSE-06,LOW,2024-10-31T16:13:14,2024-10-31T16:21:31.595860,2024-10-31T16:45:57.751258,CLOSED,,ATC-RADAR-GW-01,False
ALT-CSE-06-00626,CSE-06,CRITICAL,2024-12-11T15:02:54,2024-12-11T15:17:05.283290,2024-12-11T15:43:20.871353,CLOSED,CAS-CSE-06-0128,BAGGAGE-SORT-SCADA,False
ALT-CSE-06-00627,CSE-06,HIGH,2024-12-22T22:38:18,2024-12-22T22:47:58.491833,2024-12-22T23:13:18.944064,CLOSED,CAS-CSE-06-0129,BAGGAGE-SORT-SCADA,False
ALT-CSE-06-00628,CSE-06,MEDIUM,2024-10-22T00:13:55,2024-10-22T00:19:28.853356,2024-10-22T00:57:06.146796,CLOSED,,BAGGAGE-SORT-SCADA,False
ALT-CSE-06-00629,CSE-06,HIGH,2024-10-18T08:03:36,2024-10-18T08:13:20.796142,2024-10-18T09:12:10.296987,CLOSED,,FLIGHT-DISPATCH-SRV,False
ALT-CSE-06-00630,CSE-06,HIGH,2024-12-21T01:05:27,2024-12-21T01:15:16.069602,2024-12-21T01:55:28.223161,CLOSED,,AIRPORT-WIFI-FW,False
ALT-CSE-06-00631,CSE-06,CRITICAL,2024-12-08T19:45:58,2024-12-08T19:57:00.474625,2024-12-08T21:15:09.012960,CLOSED,CAS-CSE-06-0130,AIRPORT-WIFI-FW,False
ALT-CSE-06-00632,CSE-06,HIGH,2024-11-26T00:49:50,2024-11-26T01:04:29.920856,2024-11-26T01:40:03.229178,CLOSED,,FLIGHT-DISPATCH-SRV,False
ALT-CSE-06-00633,CSE-06,HIGH,2024-10-05T14:34:53,2024-10-05T14:48:34.100346,2024-10-05T15:51:39.170762,CLOSED,,FLIGHT-DISPATCH-SRV,False
ALT-CSE-06-00634,CSE-06,LOW,2024-11-30T18:41:29,2024-11-30T18:53:08.928946,2024-11-30T19:39:24.278770,CLOSED,CAS-CSE-06-0131,FLIGHT-DISPATCH-SRV,False
ALT-CSE-06-00635,CSE-06,LOW,2024-12-25T10:50:10,2024-12-25T10:55:27.968810,2024-12-25T11:40:50.259712,CLOSED,,AIRPORT-WIFI-FW,False
ALT-CSE-06-00636,CSE-06,HIGH,2024-11-30T03:34:52,2024-11-30T03:44:02.965669,2024-11-30T04:41:52.993801,CLOSED,,BAGGAGE-SORT-SCADA,False
ALT-CSE-06-00637,CSE-06,HIGH,2024-12-23T03:30:53,2024-12-23T03:44:46.001181,2024-12-23T04:12:13.559007,CLOSED,,AIRPORT-WIFI-FW,False
ALT-CSE-06-00638,CSE-06,HIGH,2024-11-22T09:07:48,2024-11-22T09:18:43.794377,2024-11-22T09:52:31.358330,CLOSED,,BAGGAGE-SORT-SCADA,False
ALT-CSE-06-00639,CSE-06,MEDIUM,2024-11-05T06:25:29,2024-11-05T06:32:16.397193,2024-11-05T07:24:39.874515,CLOSED,,FLIGHT-DISPATCH-SRV,False
ALT-CSE-06-00640,CSE-06,MEDIUM,2024-12-04T18:17:35,2024-12-04T18:21:28.157418,2024-12-04T19:00:27.136315,CLOSED,,FLIGHT-DISPATCH-SRV,False
ALT-CSE-06-00641,CSE-06,MEDIUM,2024-11-08T16:08:36,2024-11-08T16:12:08.586047,2024-11-08T17:18:33.667628,CLOSED,,AIRPORT-WIFI-FW,False
ALT-CSE-06-00642,CSE-06,CRITICAL,2024-12-29T16:49:00,2024-12-29T16:52:34.422035,2024-12-29T17:23:24.381648,CLOSED,CAS-CSE-06-0132,BAGGAGE-SORT-SCADA,False
ALT-CSE-06-00643,CSE-06,MEDIUM,2024-10-05T22:45:22,2024-10-05T22:57:25.781979,2024-10-05T23:26:20.044066,CLOSED,,ATC-RADAR-GW-01,False
ALT-CSE-06-00644,CSE-06,MEDIUM,2024-10-19T12:46:51,2024-10-19T12:56:20.618965,2024-10-19T14:10:49.595240,CLOSED,,ATC-RADAR-GW-01,False
ALT-CSE-06-00645,CSE-06,HIGH,2024-10-29T05:47:36,2024-10-29T05:56:30.841375,2024-10-29T06:35:49.529447,CLOSED,,AIRPORT-WIFI-FW,False
ALT-CSE-06-00646,CSE-06,LOW,2024-10-15T23:00:26,2024-10-15T23:06:09.426761,2024-10-15T23:52:44.362302,CLOSED,,FLIGHT-DISPATCH-SRV,False
ALT-CSE-06-00647,CSE-06,LOW,2024-10-19T20:26:27,2024-10-19T20:32:11.174381,2024-10-19T21:43:22.379933,CLOSED,,BAGGAGE-SORT-SCADA,False
ALT-CSE-06-00648,CSE-06,MEDIUM,2024-12-28T10:23:16,2024-12-28T10:29:19.730287,2024-12-28T11:10:51.971349,CLOSED,,FLIGHT-DISPATCH-SRV,False
ALT-CSE-06-00649,CSE-06,HIGH,2024-12-02T16:32:20,2024-12-02T16:40:46.332805,2024-12-02T17:18:25.678264,CLOSED,,AIRPORT-WIFI-FW,False
ALT-CSE-06-00650,CSE-06,HIGH,2024-10-26T07:04:22,2024-10-26T07:18:31.799654,2024-10-26T08:08:33.999980,CLOSED,,BAGGAGE-SORT-SCADA,False
ALT-CSE-06-00651,CSE-06,HIGH,2024-10-22T20:23:41,2024-10-22T20:34:03.703413,2024-10-22T21:15:52.211236,CLOSED,,AIRPORT-WIFI-FW,False
ALT-CSE-06-00652,CSE-06,LOW,2024-11-15T21:24:10,2024-11-15T21:33:27.119912,2024-11-15T22:21:56.985626,CLOSED,,FLIGHT-DISPATCH-SRV,False
ALT-CSE-06-00653,CSE-06,MEDIUM,2024-10-03T18:32:39,2024-10-03T18:38:34.332413,2024-10-03T19:55:22.172937,CLOSED,,BAGGAGE-SORT-SCADA,False
ALT-CSE-06-00654,CSE-06,HIGH,2024-10-20T00:34:45,2024-10-20T00:42:50.211216,2024-10-20T01:26:00.430805,CLOSED,,ATC-RADAR-GW-01,False
ALT-CSE-06-00655,CSE-06,MEDIUM,2024-10-24T21:33:29,2024-10-24T21:38:32.283310,2024-10-24T22:58:39.862455,CLOSED,,AIRPORT-WIFI-FW,False
ALT-CSE-06-00656,CSE-06,MEDIUM,2024-12-02T20:26:21,2024-12-02T20:31:30.963010,2024-12-02T21:02:18.256868,CLOSED,,AIRPORT-WIFI-FW,False
ALT-CSE-06-00657,CSE-06,LOW,2024-11-03T00:53:09,2024-11-03T01:01:30.801366,2024-11-03T01:55:15.559342,CLOSED,,AIRPORT-WIFI-FW,False
ALT-CSE-06-00658,CSE-06,HIGH,2024-11-04T07:31:17,2024-11-04T07:34:22.291797,2024-11-04T08:55:31.862706,CLOSED,,AIRPORT-WIFI-FW,False
ALT-CSE-06-00659,CSE-06,CRITICAL,2024-10-31T08:23:28,2024-10-31T08:34:31.600190,2024-10-31T09:02:33.289429,CLOSED,CAS-CSE-06-0133,BAGGAGE-SORT-SCADA,False
ALT-CSE-06-00660,CSE-06,HIGH,2024-10-08T17:38:04,2024-10-08T17:44:58.125989,2024-10-08T18:31:48.258011,CLOSED,,ATC-RADAR-GW-01,False
ALT-CSE-06-00661,CSE-06,MEDIUM,2024-11-04T06:44:23,2024-11-04T06:48:22.138653,2024-11-04T07:40:06.771453,CLOSED,,AIRPORT-WIFI-FW,False
ALT-CSE-06-00662,CSE-06,LOW,2024-12-28T13:50:57,2024-12-28T14:04:50.656276,2024-12-28T14:35:39.917239,CLOSED,,FLIGHT-DISPATCH-SRV,False
ALT-CSE-06-00663,CSE-06,CRITICAL,2024-11-02T08:28:14,2024-11-02T08:35:30.515060,2024-11-02T09:38:24.837907,CLOSED,,FLIGHT-DISPATCH-SRV,False
ALT-CSE-06-00664,CSE-06,HIGH,2024-10-11T06:18:47,2024-10-11T06:31:50.742682,2024-10-11T07:25:32.624130,CLOSED,,FLIGHT-DISPATCH-SRV,False
ALT-CSE-06-00665,CSE-06,CRITICAL,2024-12-16T09:42:46,2024-12-16T09:54:36.977330,2024-12-16T10:23:27.916112,CLOSED,,ATC-RADAR-GW-01,False
ALT-CSE-06-00666,CSE-06,HIGH,2024-10-09T03:25:20,2024-10-09T03:33:25.728096,2024-10-09T04:19:57.236368,CLOSED,,FLIGHT-DISPATCH-SRV,False
ALT-CSE-06-00667,CSE-06,LOW,2024-12-18T10:34:45,2024-12-18T10:40:32.789088,2024-12-18T11:38:57.104373,CLOSED,,AIRPORT-WIFI-FW,False
ALT-CSE-06-00668,CSE-06,HIGH,2024-11-30T08:08:45,2024-11-30T08:19:07.831758,2024-11-30T09:21:31.380622,CLOSED,CAS-CSE-06-0134,AIRPORT-WIFI-FW,False
ALT-CSE-06-00669,CSE-06,LOW,2024-10-27T02:58:51,2024-10-27T03:10:47.219624,2024-10-27T03:42:01.984316,CLOSED,,BAGGAGE-SORT-SCADA,False
ALT-CSE-06-00670,CSE-06,LOW,2024-11-02T04:41:01,2024-11-02T04:49:14.154769,2024-11-02T05:25:25.491341,CLOSED,CAS-CSE-06-0135,FLIGHT-DISPATCH-SRV,False
ALT-CSE-06-00671,CSE-06,HIGH,2024-12-25T23:11:10,2024-12-25T23:21:02.753246,2024-12-26T00:33:23.987342,CLOSED,,BAGGAGE-SORT-SCADA,False
ALT-CSE-06-00672,CSE-06,CRITICAL,2024-12-16T11:43:06,2024-12-16T11:52:06.815005,2024-12-16T12:53:35.046812,CLOSED,CAS-CSE-06-0136,ATC-RADAR-GW-01,False
ALT-CSE-06-00673,CSE-06,HIGH,2024-12-13T02:35:56,2024-12-13T02:42:46.079998,2024-12-13T03:22:30.850018,CLOSED,CAS-CSE-06-0137,AIRPORT-WIFI-FW,False
ALT-CSE-06-00674,CSE-06,MEDIUM,2024-11-21T01:23:34,2024-11-21T01:26:45.411104,2024-11-21T02:10:02.642102,CLOSED,CAS-CSE-06-0138,FLIGHT-DISPATCH-SRV,False
ALT-CSE-06-00675,CSE-06,HIGH,2024-11-02T01:04:03,2024-11-02T01:15:07.641046,2024-11-02T01:55:29.302676,CLOSED,,AIRPORT-WIFI-FW,False
ALT-CSE-06-00676,CSE-06,CRITICAL,2024-12-20T02:44:49,2024-12-20T02:59:43.912351,2024-12-20T04:08:01.459436,CLOSED,CAS-CSE-06-0139,FLIGHT-DISPATCH-SRV,False
ALT-CSE-06-00677,CSE-06,HIGH,2024-12-20T14:42:42,2024-12-20T14:53:33.397764,2024-12-20T15:24:34.307696,CLOSED,CAS-CSE-06-0140,FLIGHT-DISPATCH-SRV,False
ALT-CSE-06-00678,CSE-06,MEDIUM,2024-11-25T09:50:36,2024-11-25T10:04:10.368580,2024-11-25T10:40:44.187827,CLOSED,,BAGGAGE-SORT-SCADA,False
ALT-CSE-06-00679,CSE-06,HIGH,2024-10-17T16:08:43,2024-10-17T16:22:42.825090,2024-10-17T16:52:42.167154,CLOSED,,AIRPORT-WIFI-FW,False
ALT-CSE-06-00680,CSE-06,MEDIUM,2024-11-05T10:42:30,2024-11-05T10:56:51.211357,2024-11-05T11:34:28.139905,CLOSED,,BAGGAGE-SORT-SCADA,False
ALT-CSE-06-00681,CSE-06,LOW,2024-10-19T08:04:04,2024-10-19T08:13:42.919188,2024-10-19T09:17:07.510674,CLOSED,,AIRPORT-WIFI-FW,False
ALT-CSE-06-00682,CSE-06,HIGH,2024-12-27T12:54:11,2024-12-27T13:04:17.249166,2024-12-27T14:00:54.943805,CLOSED,CAS-CSE-06-0141,AIRPORT-WIFI-FW,False
ALT-CSE-06-00683,CSE-06,MEDIUM,2024-12-24T22:57:10,2024-12-24T23:10:46.271730,2024-12-24T23:30:12.294457,CLOSED,,FLIGHT-DISPATCH-SRV,False
ALT-CSE-06-00684,CSE-06,HIGH,2024-12-14T07:28:49,2024-12-14T07:37:54.624058,2024-12-14T08:21:26.280100,CLOSED,,BAGGAGE-SORT-SCADA,False
ALT-CSE-06-00685,CSE-06,HIGH,2024-11-11T23:52:07,2024-11-12T00:00:46.870328,2024-11-12T01:01:00.290425,CLOSED,,BAGGAGE-SORT-SCADA,False
ALT-CSE-06-00686,CSE-06,CRITICAL,2024-10-10T16:16:42,2024-10-10T16:29:50.504698,2024-10-10T17:34:34.027082,CLOSED,CAS-CSE-06-0142,ATC-RADAR-GW-01,False
ALT-CSE-06-00687,CSE-06,MEDIUM,2024-12-11T01:14:48,2024-12-11T01:26:20.240776,2024-12-11T01:45:16.113640,CLOSED,,BAGGAGE-SORT-SCADA,False
ALT-CSE-06-00688,CSE-06,CRITICAL,2024-12-26T22:06:51,2024-12-26T22:11:33.133332,2024-12-26T23:28:15.355906,CLOSED,CAS-CSE-06-0143,AIRPORT-WIFI-FW,False
ALT-CSE-06-00689,CSE-06,MEDIUM,2024-10-03T18:52:59,2024-10-03T19:01:11.681040,2024-10-03T20:19:27.063803,CLOSED,,BAGGAGE-SORT-SCADA,False
ALT-CSE-06-00690,CSE-06,MEDIUM,2024-11-10T09:52:57,2024-11-10T09:59:05.341182,2024-11-10T10:30:18.584350,CLOSED,,FLIGHT-DISPATCH-SRV,False
ALT-CSE-06-00691,CSE-06,LOW,2024-12-03T17:55:29,2024-12-03T18:04:16.940003,2024-12-03T18:25:50.715594,CLOSED,,FLIGHT-DISPATCH-SRV,False
ALT-CSE-06-00692,CSE-06,CRITICAL,2024-10-16T03:08:39,2024-10-16T03:18:56.117109,2024-10-16T03:47:46.216450,CLOSED,,AIRPORT-WIFI-FW,False
ALT-CSE-06-00693,CSE-06,HIGH,2024-10-29T07:41:07,2024-10-29T07:50:29.696152,2024-10-29T08:27:21.097211,CLOSED,,ATC-RADAR-GW-01,False
ALT-CSE-06-00694,CSE-06,LOW,2024-11-26T23:15:59,2024-11-26T23:27:08.290687,2024-11-27T00:06:28.692897,CLOSED,,AIRPORT-WIFI-FW,False
ALT-CSE-06-00695,CSE-06,MEDIUM,2024-10-24T20:52:48,2024-10-24T20:59:13.498919,2024-10-24T21:31:18.664301,CLOSED,,ATC-RADAR-GW-01,False
ALT-CSE-06-00696,CSE-06,LOW,2024-10-02T17:38:35,2024-10-02T17:46:33.726522,2024-10-02T18:21:48.195051,CLOSED,,FLIGHT-DISPATCH-SRV,False
ALT-CSE-06-00697,CSE-06,CRITICAL,2024-10-30T16:30:16,2024-10-30T16:43:37.597991,2024-10-30T17:31:00.170173,CLOSED,CAS-CSE-06-0144,FLIGHT-DISPATCH-SRV,False
ALT-CSE-06-00698,CSE-06,CRITICAL,2024-11-24T03:54:40,2024-11-24T04:06:29.556119,2024-11-24T04:53:27.778562,CLOSED,CAS-CSE-06-0145,BAGGAGE-SORT-SCADA,False
ALT-CSE-06-00699,CSE-06,HIGH,2024-11-04T04:25:02,2024-11-04T04:36:58.432805,2024-11-04T04:55:30.275386,CLOSED,,FLIGHT-DISPATCH-SRV,False
ALT-CSE-06-00700,CSE-06,LOW,2024-10-25T06:42:10,2024-10-25T06:49:10.090080,2024-10-25T07:35:46.265195,CLOSED,,AIRPORT-WIFI-FW,False
ALT-CSE-06-00701,CSE-06,CRITICAL,2024-12-18T22:31:46,2024-12-18T22:45:07.762996,2024-12-18T23:57:11.798343,CLOSED,,FLIGHT-DISPATCH-SRV,False
ALT-CSE-06-00702,CSE-06,LOW,2024-12-26T10:59:25,2024-12-26T11:09:01.802180,2024-12-26T12:22:52.035743,CLOSED,,FLIGHT-DISPATCH-SRV,False
ALT-CSE-06-00703,CSE-06,MEDIUM,2024-12-03T06:15:03,2024-12-03T06:26:37.075939,2024-12-03T07:33:32.370587,CLOSED,,ATC-RADAR-GW-01,False
ALT-CSE-06-00704,CSE-06,LOW,2024-11-20T17:09:25,2024-11-20T17:20:47.084769,2024-11-20T18:27:43.537281,CLOSED,,ATC-RADAR-GW-01,False
ALT-CSE-06-00705,CSE-06,LOW,2024-10-14T18:29:42,2024-10-14T18:35:15.703080,2024-10-14T19:37:54.943038,CLOSED,,AIRPORT-WIFI-FW,False
ALT-CSE-06-00706,CSE-06,MEDIUM,2024-11-27T14:50:35,2024-11-27T14:59:07.617739,2024-11-27T15:43:42.905837,CLOSED,CAS-CSE-06-0146,AIRPORT-WIFI-FW,False
ALT-CSE-06-00707,CSE-06,MEDIUM,2024-10-29T04:28:23,2024-10-29T04:38:15.689371,2024-10-29T05:55:01.013032,CLOSED,,FLIGHT-DISPATCH-SRV,False
ALT-CSE-06-00708,CSE-06,MEDIUM,2024-12-06T05:47:23,2024-12-06T06:00:34.178971,2024-12-06T07:06:07.241428,CLOSED,,FLIGHT-DISPATCH-SRV,False
ALT-CSE-06-00709,CSE-06,LOW,2024-12-04T21:37:11,2024-12-04T21:49:18.677906,2024-12-04T23:04:17.676985,CLOSED,,AIRPORT-WIFI-FW,False
ALT-CSE-06-00710,CSE-06,HIGH,2024-11-27T23:08:20,2024-11-27T23:17:42.302558,2024-11-28T00:18:32.653833,CLOSED,,ATC-RADAR-GW-01,False
ALT-CSE-06-00711,CSE-06,LOW,2024-10-24T05:42:27,2024-10-24T05:52:22.113398,2024-10-24T07:06:09.948751,CLOSED,,ATC-RADAR-GW-01,False
ALT-CSE-06-00712,CSE-06,MEDIUM,2024-10-26T00:33:50,2024-10-26T00:38:40.351429,2024-10-26T01:06:24.029504,CLOSED,,FLIGHT-DISPATCH-SRV,False
ALT-CSE-06-00713,CSE-06,MEDIUM,2024-10-09T10:22:20,2024-10-09T10:29:44.901160,2024-10-09T11:01:17.159699,CLOSED,,BAGGAGE-SORT-SCADA,False
ALT-CSE-06-00714,CSE-06,MEDIUM,2024-11-15T08:03:54,2024-11-15T08:07:30.761903,2024-11-15T08:53:18.439011,CLOSED,,ATC-RADAR-GW-01,False
ALT-CSE-06-00715,CSE-06,HIGH,2024-10-26T05:24:27,2024-10-26T05:30:38.969979,2024-10-26T06:16:25.922241,CLOSED,CAS-CSE-06-0147,BAGGAGE-SORT-SCADA,False
ALT-CSE-06-00716,CSE-06,MEDIUM,2024-11-23T14:59:34,2024-11-23T15:13:12.069388,2024-11-23T15:51:54.260907,CLOSED,,BAGGAGE-SORT-SCADA,False
ALT-CSE-06-00717,CSE-06,MEDIUM,2024-10-05T13:33:46,2024-10-05T13:47:35.686973,2024-10-05T14:40:52.306277,CLOSED,,ATC-RADAR-GW-01,False
ALT-CSE-06-00718,CSE-06,LOW,2024-11-18T18:07:47,2024-11-18T18:15:15.898605,2024-11-18T18:56:52.414967,CLOSED,,FLIGHT-DISPATCH-SRV,False
ALT-CSE-06-00719,CSE-06,HIGH,2024-10-25T18:31:16,2024-10-25T18:35:45.840977,2024-10-25T19:28:27.435579,CLOSED,,AIRPORT-WIFI-FW,False
ALT-CSE-06-00720,CSE-06,LOW,2024-10-06T04:08:44,2024-10-06T04:18:04.423036,2024-10-06T05:09:18.989608,CLOSED,,AIRPORT-WIFI-FW,False
ALT-CSE-06-00721,CSE-06,HIGH,2024-10-31T10:16:14,2024-10-31T10:26:55.479446,2024-10-31T11:02:53.069633,CLOSED,,ATC-RADAR-GW-01,False
ALT-CSE-06-00722,CSE-06,HIGH,2024-12-24T08:54:08,2024-12-24T09:04:59.647121,2024-12-24T09:39:55.439529,CLOSED,,AIRPORT-WIFI-FW,False
ALT-CSE-06-00723,CSE-06,MEDIUM,2024-10-16T19:54:50,2024-10-16T20:00:41.553843,2024-10-16T20:26:20.210454,CLOSED,CAS-CSE-06-0148,FLIGHT-DISPATCH-SRV,False
ALT-CSE-06-00724,CSE-06,LOW,2024-11-11T16:22:04,2024-11-11T16:25:33.811321,2024-11-11T17:22:14.687044,CLOSED,,ATC-RADAR-GW-01,False
ALT-CSE-06-00725,CSE-06,LOW,2024-11-20T20:10:44,2024-11-20T20:23:57.673565,2024-11-20T20:47:43.434734,CLOSED,,ATC-RADAR-GW-01,False
ALT-CSE-06-00726,CSE-06,LOW,2024-12-28T02:28:01,2024-12-28T02:36:56.652000,2024-12-28T03:25:37.637018,CLOSED,,BAGGAGE-SORT-SCADA,False
ALT-CSE-06-00727,CSE-06,MEDIUM,2024-11-23T12:49:08,2024-11-23T13:00:26.057343,2024-11-23T13:36:53.420697,CLOSED,,ATC-RADAR-GW-01,False
ALT-CSE-06-00728,CSE-06,CRITICAL,2024-11-08T14:22:27,2024-11-08T14:34:28.093873,2024-11-08T15:08:09.638958,CLOSED,,BAGGAGE-SORT-SCADA,False
ALT-CSE-06-00729,CSE-06,MEDIUM,2024-11-26T04:29:33,2024-11-26T04:40:36.650715,2024-11-26T05:27:41.210167,CLOSED,,AIRPORT-WIFI-FW,False
ALT-CSE-06-00730,CSE-06,MEDIUM,2024-11-25T21:44:58,2024-11-25T21:52:31.433996,2024-11-25T22:30:32.482891,CLOSED,,ATC-RADAR-GW-01,False
ALT-CSE-06-00731,CSE-06,LOW,2024-12-03T04:18:20,2024-12-03T04:29:21.065891,2024-12-03T05:18:44.324230,CLOSED,,BAGGAGE-SORT-SCADA,False
ALT-CSE-06-00732,CSE-06,CRITICAL,2024-10-09T22:44:22,2024-10-09T22:51:19.844738,2024-10-10T00:07:08.693780,CLOSED,CAS-CSE-06-0149,BAGGAGE-SORT-SCADA,False
ALT-CSE-06-00733,CSE-06,MEDIUM,2024-11-18T04:19:45,2024-11-18T04:29:03.160005,2024-11-18T05:39:14.829223,CLOSED,CAS-CSE-06-0150,AIRPORT-WIFI-FW,True
ALT-CSE-06-00734,CSE-06,CRITICAL,2024-10-04T06:14:54,2024-10-04T06:19:25.002339,2024-10-04T06:46:23.908563,CLOSED,CAS-CSE-06-0151,FLIGHT-DISPATCH-SRV,False
ALT-CSE-06-00735,CSE-06,LOW,2024-12-22T00:31:33,2024-12-22T00:36:09.051163,2024-12-22T01:32:48.987223,CLOSED,,ATC-RADAR-GW-01,False
ALT-CSE-06-00736,CSE-06,LOW,2024-12-17T22:20:37,2024-12-17T22:24:55.474831,2024-12-17T23:08:30.706012,CLOSED,,AIRPORT-WIFI-FW,False
ALT-CSE-06-00737,CSE-06,MEDIUM,2024-12-19T01:43:03,2024-12-19T01:48:29.926919,2024-12-19T03:05:34.778180,CLOSED,,AIRPORT-WIFI-FW,False
ALT-CSE-06-00738,CSE-06,LOW,2024-12-29T05:30:31,2024-12-29T05:41:53.948450,2024-12-29T06:04:45.621368,CLOSED,,BAGGAGE-SORT-SCADA,False
ALT-CSE-06-00739,CSE-06,LOW,2024-11-09T12:20:56,2024-11-09T12:30:31.692752,2024-11-09T12:55:43.138112,CLOSED,,AIRPORT-WIFI-FW,False
ALT-CSE-06-00740,CSE-06,MEDIUM,2024-11-22T00:35:33,2024-11-22T00:45:03.099091,2024-11-22T01:58:40.979994,CLOSED,CAS-CSE-06-0152,FLIGHT-DISPATCH-SRV,False
ALT-CSE-06-00741,CSE-06,MEDIUM,2024-12-21T14:19:03,2024-12-21T14:28:53.696537,2024-12-21T15:11:40.868184,CLOSED,,BAGGAGE-SORT-SCADA,False
ALT-CSE-06-00742,CSE-06,LOW,2024-11-07T14:28:31,2024-11-07T14:36:51.900639,2024-11-07T15:49:02.752745,CLOSED,,FLIGHT-DISPATCH-SRV,False
ALT-CSE-06-00743,CSE-06,LOW,2024-10-20T18:47:27,2024-10-20T18:55:44.497526,2024-10-20T19:53:04.803951,CLOSED,,BAGGAGE-SORT-SCADA,False
ALT-CSE-06-00744,CSE-06,MEDIUM,2024-10-04T13:14:18,2024-10-04T13:26:23.289146,2024-10-04T14:11:10.302757,CLOSED,,AIRPORT-WIFI-FW,False
ALT-CSE-06-00745,CSE-06,HIGH,2024-12-17T14:45:45,2024-12-17T14:48:48.698111,2024-12-17T15:24:35.950800,CLOSED,,BAGGAGE-SORT-SCADA,False
ALT-CSE-06-00746,CSE-06,MEDIUM,2024-11-27T05:02:41,2024-11-27T05:14:49.895620,2024-11-27T06:24:07.342676,CLOSED,,ATC-RADAR-GW-01,False
ALT-CSE-06-00747,CSE-06,CRITICAL,2024-12-15T21:43:57,2024-12-15T21:56:43.444457,2024-12-15T23:02:20.864955,CLOSED,CAS-CSE-06-0153,BAGGAGE-SORT-SCADA,False
ALT-CSE-06-00748,CSE-06,LOW,2024-10-01T18:00:57,2024-10-01T18:07:00.469104,2024-10-01T19:10:55.136460,CLOSED,,BAGGAGE-SORT-SCADA,False
ALT-CSE-06-00749,CSE-06,MEDIUM,2024-10-12T02:46:15,2024-10-12T02:49:17.124285,2024-10-12T03:38:06.923403,CLOSED,,AIRPORT-WIFI-FW,False
ALT-CSE-06-00750,CSE-06,LOW,2024-12-17T16:52:24,2024-12-17T16:57:00.202322,2024-12-17T17:53:32.455378,CLOSED,,ATC-RADAR-GW-01,False
ALT-CSE-06-00751,CSE-06,LOW,2024-11-05T03:51:43,2024-11-05T03:59:22.952328,2024-11-05T05:08:44.025581,CLOSED,,AIRPORT-WIFI-FW,False
ALT-CSE-06-00752,CSE-06,MEDIUM,2024-10-17T21:55:24,2024-10-17T22:07:04.317007,2024-10-17T22:48:38.182290,CLOSED,,FLIGHT-DISPATCH-SRV,False
ALT-CSE-06-00753,CSE-06,HIGH,2024-12-02T13:21:32,2024-12-02T13:34:51.205554,2024-12-02T14:38:14.731319,CLOSED,,BAGGAGE-SORT-SCADA,False
ALT-CSE-06-00754,CSE-06,LOW,2024-10-25T21:13:52,2024-10-25T21:19:57.576091,2024-10-25T21:55:14.801084,CLOSED,CAS-CSE-06-0154,BAGGAGE-SORT-SCADA,False
ALT-CSE-06-00755,CSE-06,HIGH,2024-10-29T13:18:35,2024-10-29T13:28:45.116947,2024-10-29T14:37:31.343487,CLOSED,,BAGGAGE-SORT-SCADA,False
ALT-CSE-06-00756,CSE-06,MEDIUM,2024-11-28T16:58:32,2024-11-28T17:04:38.343418,2024-11-28T18:22:54.097661,CLOSED,,AIRPORT-WIFI-FW,False
ALT-CSE-06-00757,CSE-06,MEDIUM,2024-11-09T17:03:47,2024-11-09T17:10:09.777111,2024-11-09T18:12:46.051059,CLOSED,,ATC-RADAR-GW-01,False
ALT-CSE-06-00758,CSE-06,MEDIUM,2024-11-17T02:06:24,2024-11-17T02:16:48.712989,2024-11-17T02:56:09.906528,CLOSED,,BAGGAGE-SORT-SCADA,False
ALT-CSE-06-00759,CSE-06,HIGH,2024-11-12T07:46:55,2024-11-12T08:01:32.132274,2024-11-12T08:40:05.596387,CLOSED,,FLIGHT-DISPATCH-SRV,False
ALT-CSE-06-00760,CSE-06,LOW,2024-11-23T23:39:39,2024-11-23T23:48:17.601576,2024-11-24T00:15:12.971136,CLOSED,,BAGGAGE-SORT-SCADA,False
ALT-CSE-06-00761,CSE-06,HIGH,2024-10-25T21:00:25,2024-10-25T21:05:24.236688,2024-10-25T22:08:24.758204,CLOSED,,AIRPORT-WIFI-FW,False
ALT-CSE-06-00762,CSE-06,MEDIUM,2024-11-10T10:33:47,2024-11-10T10:48:43.792396,2024-11-10T11:23:40.013538,CLOSED,,AIRPORT-WIFI-FW,False
ALT-CSE-06-00763,CSE-06,CRITICAL,2024-12-13T13:15:54,2024-12-13T13:29:40.515907,2024-12-13T14:17:41.855360,CLOSED,CAS-CSE-06-0155,ATC-RADAR-GW-01,False
ALT-CSE-06-00764,CSE-06,LOW,2024-12-12T15:48:57,2024-12-12T15:53:32.872383,2024-12-12T16:59:08.733224,CLOSED,,ATC-RADAR-GW-01,False
ALT-CSE-06-00765,CSE-06,HIGH,2024-10-20T20:07:59,2024-10-20T20:19:55.321934,2024-10-20T21:19:49.749976,CLOSED,,FLIGHT-DISPATCH-SRV,False
ALT-CSE-06-00766,CSE-06,CRITICAL,2024-11-29T03:41:51,2024-11-29T03:49:13.658485,2024-11-29T05:04:13.421208,CLOSED,CAS-CSE-06-0156,AIRPORT-WIFI-FW,False
ALT-CSE-06-00767,CSE-06,LOW,2024-12-01T14:43:29,2024-12-01T14:48:11.055248,2024-12-01T15:29:08.754457,CLOSED,,BAGGAGE-SORT-SCADA,False
ALT-CSE-06-00768,CSE-06,LOW,2024-10-07T02:26:57,2024-10-07T02:30:31.063097,2024-10-07T03:36:42.363439,CLOSED,,AIRPORT-WIFI-FW,False
ALT-CSE-06-00769,CSE-06,MEDIUM,2024-10-23T17:32:50,2024-10-23T17:41:05.710200,2024-10-23T18:26:34.647058,CLOSED,,AIRPORT-WIFI-FW,False
ALT-CSE-06-00770,CSE-06,HIGH,2024-12-14T13:21:30,2024-12-14T13:24:41.944995,2024-12-14T14:33:37.533253,CLOSED,,ATC-RADAR-GW-01,False
ALT-CSE-06-00771,CSE-06,MEDIUM,2024-10-15T18:46:01,2024-10-15T18:57:53.003696,2024-10-15T20:03:58.638175,CLOSED,,BAGGAGE-SORT-SCADA,False
ALT-CSE-06-00772,CSE-06,LOW,2024-11-21T01:08:43,2024-11-21T01:16:08.466890,2024-11-21T01:46:13.135790,CLOSED,,BAGGAGE-SORT-SCADA,False
ALT-CSE-06-00773,CSE-06,CRITICAL,2024-12-08T23:48:45,2024-12-08T23:55:11.249806,2024-12-09T01:11:58.399495,CLOSED,CAS-CSE-06-0157,BAGGAGE-SORT-SCADA,False
ALT-CSE-06-00774,CSE-06,CRITICAL,2024-11-24T04:01:52,2024-11-24T04:05:35.959429,2024-11-24T04:56:23.467765,CLOSED,,ATC-RADAR-GW-01,False
ALT-CSE-06-00775,CSE-06,MEDIUM,2024-10-07T16:21:15,2024-10-07T16:35:46.141496,2024-10-07T17:45:08.469695,CLOSED,CAS-CSE-06-0158,BAGGAGE-SORT-SCADA,False
ALT-CSE-06-00776,CSE-06,MEDIUM,2024-12-11T16:51:56,2024-12-11T17:02:26.771927,2024-12-11T18:00:05.838574,CLOSED,,FLIGHT-DISPATCH-SRV,False
ALT-CSE-06-00777,CSE-06,HIGH,2024-11-08T16:43:40,2024-11-08T16:48:04.663708,2024-11-08T18:07:26.522291,CLOSED,,AIRPORT-WIFI-FW,False
ALT-CSE-06-00778,CSE-06,MEDIUM,2024-10-26T05:20:02,2024-10-26T05:28:24.631206,2024-10-26T06:38:38.200355,CLOSED,,FLIGHT-DISPATCH-SRV,False
ALT-CSE-06-00779,CSE-06,MEDIUM,2024-10-26T23:56:34,2024-10-27T00:08:10.268581,2024-10-27T00:32:11.532189,CLOSED,,ATC-RADAR-GW-01,False
ALT-CSE-06-00780,CSE-06,CRITICAL,2024-11-15T08:31:03,2024-11-15T08:35:39.723153,2024-11-15T09:44:22.294819,CLOSED,CAS-CSE-06-0159,FLIGHT-DISPATCH-SRV,False
ALT-CSE-06-00781,CSE-06,CRITICAL,2024-12-06T17:41:25,2024-12-06T17:50:29.770694,2024-12-06T18:35:15.093860,CLOSED,CAS-CSE-06-0160,ATC-RADAR-GW-01,False
ALT-CSE-06-00782,CSE-06,HIGH,2024-10-27T00:28:30,2024-10-27T00:37:34.078016,2024-10-27T01:34:29.785605,CLOSED,,ATC-RADAR-GW-01,False
ALT-CSE-06-00783,CSE-06,LOW,2024-12-05T02:15:00,2024-12-05T02:18:54.908942,2024-12-05T03:05:15.369424,CLOSED,,FLIGHT-DISPATCH-SRV,False
ALT-CSE-06-00784,CSE-06,LOW,2024-11-21T00:02:11,2024-11-21T00:07:42.708732,2024-11-21T01:16:10.499203,CLOSED,,BAGGAGE-SORT-SCADA,False
ALT-CSE-06-00785,CSE-06,LOW,2024-12-10T04:19:47,2024-12-10T04:24:34.693739,2024-12-10T05:01:20.205195,CLOSED,,AIRPORT-WIFI-FW,False
ALT-CSE-06-00786,CSE-06,HIGH,2024-12-26T07:54:55,2024-12-26T08:09:41.232684,2024-12-26T08:29:47.894535,CLOSED,,ATC-RADAR-GW-01,False
ALT-CSE-06-00787,CSE-06,MEDIUM,2024-11-18T02:42:33,2024-11-18T02:53:16.270134,2024-11-18T03:59:22.650869,CLOSED,,ATC-RADAR-GW-01,False
ALT-CSE-06-00788,CSE-06,HIGH,2024-11-04T13:53:30,2024-11-04T14:02:40.110852,2024-11-04T14:54:34.071588,CLOSED,,FLIGHT-DISPATCH-SRV,False
ALT-CSE-06-00789,CSE-06,HIGH,2024-10-15T09:51:48,2024-10-15T10:06:10.206244,2024-10-15T11:03:23.224246,CLOSED,CAS-CSE-06-0161,ATC-RADAR-GW-01,False
ALT-CSE-06-00790,CSE-06,CRITICAL,2024-11-08T23:39:20,2024-11-08T23:48:23.116147,2024-11-09T00:42:49.190416,CLOSED,CAS-CSE-06-0162,BAGGAGE-SORT-SCADA,False
ALT-CSE-06-00791,CSE-06,MEDIUM,2024-10-26T23:59:38,2024-10-27T00:04:40.842434,2024-10-27T00:32:37.598068,CLOSED,,BAGGAGE-SORT-SCADA,False
ALT-CSE-06-00792,CSE-06,HIGH,2024-11-11T05:03:45,2024-11-11T05:14:46.937943,2024-11-11T05:35:07.454465,CLOSED,,BAGGAGE-SORT-SCADA,False
ALT-CSE-06-00793,CSE-06,LOW,2024-11-24T19:51:17,2024-11-24T20:05:23.341593,2024-11-24T20:51:45.596963,CLOSED,,BAGGAGE-SORT-SCADA,False
ALT-CSE-06-00794,CSE-06,MEDIUM,2024-11-27T00:45:59,2024-11-27T00:53:21.788373,2024-11-27T01:33:48.769782,CLOSED,,ATC-RADAR-GW-01,False
ALT-CSE-06-00795,CSE-06,HIGH,2024-11-11T00:28:43,2024-11-11T00:36:34.290683,2024-11-11T01:15:20.040159,CLOSED,,FLIGHT-DISPATCH-SRV,False
ALT-CSE-06-00796,CSE-06,LOW,2024-10-23T10:18:36,2024-10-23T10:26:37.837750,2024-10-23T11:48:14.562142,CLOSED,,FLIGHT-DISPATCH-SRV,False
ALT-CSE-06-00797,CSE-06,HIGH,2024-11-21T16:20:54,2024-11-21T16:25:50.286741,2024-11-21T17:00:45.840820,CLOSED,,BAGGAGE-SORT-SCADA,False
ALT-CSE-06-00798,CSE-06,CRITICAL,2024-11-04T05:36:42,2024-11-04T05:49:49.094138,2024-11-04T06:38:50.681152,CLOSED,CAS-CSE-06-0163,AIRPORT-WIFI-FW,False
ALT-CSE-06-00799,CSE-06,MEDIUM,2024-11-23T07:54:21,2024-11-23T08:08:57.101272,2024-11-23T09:18:12.451098,CLOSED,,BAGGAGE-SORT-SCADA,False
ALT-CSE-06-00800,CSE-06,HIGH,2024-12-20T03:21:59,2024-12-20T03:36:47.864903,2024-12-20T04:29:10.981599,CLOSED,,AIRPORT-WIFI-FW,False
ALT-CSE-06-00801,CSE-06,HIGH,2024-10-12T09:03:37,2024-10-12T09:13:52.387430,2024-10-12T10:31:30.903249,CLOSED,,AIRPORT-WIFI-FW,False
ALT-CSE-06-00802,CSE-06,LOW,2024-12-04T10:22:05,2024-12-04T10:30:16.003173,2024-12-04T11:10:50.354684,CLOSED,,BAGGAGE-SORT-SCADA,False
ALT-CSE-06-00803,CSE-06,CRITICAL,2024-10-25T02:43:58,2024-10-25T02:53:14.148574,2024-10-25T03:42:54.449958,CLOSED,CAS-CSE-06-0164,FLIGHT-DISPATCH-SRV,False
ALT-CSE-06-00804,CSE-06,MEDIUM,2024-12-25T12:05:21,2024-12-25T12:08:25.043103,2024-12-25T13:32:37.570862,CLOSED,,FLIGHT-DISPATCH-SRV,False
ALT-CSE-06-00805,CSE-06,LOW,2024-11-13T04:59:32,2024-11-13T05:05:23.297575,2024-11-13T06:08:56.666252,CLOSED,,FLIGHT-DISPATCH-SRV,False
ALT-CSE-06-00806,CSE-06,MEDIUM,2024-12-27T17:17:59,2024-12-27T17:23:13.468887,2024-12-27T18:33:46.796688,CLOSED,CAS-CSE-06-0165,FLIGHT-DISPATCH-SRV,False
ALT-CSE-06-00807,CSE-06,MEDIUM,2024-10-10T04:45:48,2024-10-10T04:59:53.775951,2024-10-10T05:41:31.973813,CLOSED,,ATC-RADAR-GW-01,False
ALT-CSE-06-00808,CSE-06,HIGH,2024-10-02T04:54:27,2024-10-02T05:01:22.164954,2024-10-02T05:36:33.390098,CLOSED,,ATC-RADAR-GW-01,False
ALT-CSE-06-00809,CSE-06,LOW,2024-11-21T07:59:26,2024-11-21T08:04:12.162579,2024-11-21T09:21:54.374456,CLOSED,,FLIGHT-DISPATCH-SRV,False
ALT-CSE-06-00810,CSE-06,MEDIUM,2024-11-14T09:35:38,2024-11-14T09:49:17.580151,2024-11-14T10:58:57.706550,CLOSED,,ATC-RADAR-GW-01,False
ALT-CSE-06-00811,CSE-06,CRITICAL,2024-10-27T18:29:05,2024-10-27T18:42:03.246365,2024-10-27T19:43:13.487602,CLOSED,CAS-CSE-06-0166,FLIGHT-DISPATCH-SRV,False
ALT-CSE-06-00812,CSE-06,CRITICAL,2024-11-12T03:31:06,2024-11-12T03:37:11.258829,2024-11-12T04:16:19.844456,CLOSED,CAS-CSE-06-0167,AIRPORT-WIFI-FW,False
ALT-CSE-06-00813,CSE-06,MEDIUM,2024-10-19T03:26:30,2024-10-19T03:39:56.570335,2024-10-19T04:25:07.608883,CLOSED,,FLIGHT-DISPATCH-SRV,False
ALT-CSE-06-00814,CSE-06,CRITICAL,2024-11-03T10:40:13,2024-11-03T10:54:07.774382,2024-11-03T11:31:33.072938,CLOSED,,FLIGHT-DISPATCH-SRV,False
ALT-CSE-06-00815,CSE-06,HIGH,2024-10-28T13:15:24,2024-10-28T13:25:39.815179,2024-10-28T14:33:14.928226,CLOSED,,AIRPORT-WIFI-FW,False
ALT-CSE-06-00816,CSE-06,LOW,2024-12-25T03:04:51,2024-12-25T03:16:51.775989,2024-12-25T04:08:19.345684,CLOSED,CAS-CSE-06-0168,ATC-RADAR-GW-01,False
ALT-CSE-06-00817,CSE-06,CRITICAL,2024-11-16T16:26:22,2024-11-16T16:39:01.095669,2024-11-16T17:37:10.076682,CLOSED,CAS-CSE-06-0169,AIRPORT-WIFI-FW,False
ALT-CSE-06-00818,CSE-06,MEDIUM,2024-10-24T23:33:33,2024-10-24T23:45:13.647695,2024-10-25T00:23:41.326494,CLOSED,,FLIGHT-DISPATCH-SRV,False
ALT-CSE-06-00819,CSE-06,CRITICAL,2024-11-20T05:41:36,2024-11-20T05:45:53.842679,2024-11-20T06:44:13.016005,CLOSED,,BAGGAGE-SORT-SCADA,False
ALT-CSE-06-00820,CSE-06,LOW,2024-11-29T22:55:22,2024-11-29T23:09:07.266196,2024-11-30T00:05:20.424456,CLOSED,,ATC-RADAR-GW-01,False
ALT-CSE-06-00821,CSE-06,LOW,2024-11-15T03:31:50,2024-11-15T03:38:20.109344,2024-11-15T04:15:30.746436,CLOSED,,BAGGAGE-SORT-SCADA,False
ALT-CSE-06-00822,CSE-06,MEDIUM,2024-10-12T06:36:07,2024-10-12T06:39:10.086507,2024-10-12T07:35:51.577291,CLOSED,,AIRPORT-WIFI-FW,False
ALT-CSE-06-00823,CSE-06,MEDIUM,2024-12-14T19:46:09,2024-12-14T19:54:59.953025,2024-12-14T21:09:25.299429,CLOSED,,AIRPORT-WIFI-FW,False
ALT-CSE-06-00824,CSE-06,MEDIUM,2024-11-21T01:50:20,2024-11-21T02:05:17.062930,2024-11-21T02:54:43.776760,CLOSED,,AIRPORT-WIFI-FW,False
ALT-CSE-06-00825,CSE-06,LOW,2024-11-29T06:27:47,2024-11-29T06:37:51.453164,2024-11-29T07:42:20.352956,CLOSED,,FLIGHT-DISPATCH-SRV,False
ALT-CSE-06-00826,CSE-06,MEDIUM,2024-11-11T04:42:32,2024-11-11T04:56:16.640592,2024-11-11T05:48:39.144343,CLOSED,CAS-CSE-06-0170,ATC-RADAR-GW-01,False
ALT-CSE-06-00827,CSE-06,MEDIUM,2024-10-13T15:00:48,2024-10-13T15:13:15.707943,2024-10-13T15:45:18.617840,CLOSED,CAS-CSE-06-0171,AIRPORT-WIFI-FW,False
ALT-CSE-06-00828,CSE-06,MEDIUM,2024-10-11T10:14:54,2024-10-11T10:23:00.141017,2024-10-11T10:56:03.492889,CLOSED,,BAGGAGE-SORT-SCADA,False
ALT-CSE-06-00829,CSE-06,LOW,2024-10-13T00:42:27,2024-10-13T00:49:23.988288,2024-10-13T01:40:24.540749,CLOSED,,FLIGHT-DISPATCH-SRV,False
ALT-CSE-06-00830,CSE-06,CRITICAL,2024-11-28T21:39:27,2024-11-28T21:47:12.464620,2024-11-28T22:32:37.280074,CLOSED,CAS-CSE-06-0172,BAGGAGE-SORT-SCADA,False
ALT-CSE-06-00831,CSE-06,CRITICAL,2024-11-20T04:00:47,2024-11-20T04:13:41.818719,2024-11-20T04:42:58.349348,CLOSED,CAS-CSE-06-0173,ATC-RADAR-GW-01,False
ALT-CSE-06-00832,CSE-06,CRITICAL,2024-10-11T12:32:06,2024-10-11T12:41:56.043426,2024-10-11T13:35:28.823902,CLOSED,CAS-CSE-06-0174,FLIGHT-DISPATCH-SRV,False
ALT-CSE-06-00833,CSE-06,LOW,2024-11-23T21:37:55,2024-11-23T21:48:31.037012,2024-11-23T22:47:56.331333,CLOSED,CAS-CSE-06-0175,BAGGAGE-SORT-SCADA,False
ALT-CSE-06-00834,CSE-06,CRITICAL,2024-10-31T22:11:21,2024-10-31T22:23:34.808049,2024-10-31T23:33:54.479698,CLOSED,CAS-CSE-06-0176,AIRPORT-WIFI-FW,False
ALT-CSE-06-00835,CSE-06,CRITICAL,2024-10-15T03:31:57,2024-10-15T03:38:26.281333,2024-10-15T04:41:45.360539,CLOSED,CAS-CSE-06-0177,ATC-RADAR-GW-01,False
ALT-CSE-06-00836,CSE-06,HIGH,2024-10-24T00:41:54,2024-10-24T00:47:49.706166,2024-10-24T01:57:54.982849,CLOSED,CAS-CSE-06-0178,BAGGAGE-SORT-SCADA,False
ALT-CSE-06-00837,CSE-06,HIGH,2024-10-29T14:29:39,2024-10-29T14:40:01.122361,2024-10-29T15:00:39.801109,CLOSED,,BAGGAGE-SORT-SCADA,False
ALT-CSE-06-00838,CSE-06,MEDIUM,2024-12-22T19:22:38,2024-12-22T19:26:26.631160,2024-12-22T20:02:17.820048,CLOSED,,BAGGAGE-SORT-SCADA,False
ALT-CSE-06-00839,CSE-06,HIGH,2024-12-22T18:48:07,2024-12-22T18:56:41.083325,2024-12-22T19:38:27.678050,CLOSED,,BAGGAGE-SORT-SCADA,False
ALT-CSE-06-00840,CSE-06,MEDIUM,2024-11-02T17:24:58,2024-11-02T17:35:48.243994,2024-11-02T18:16:52.293887,CLOSED,,ATC-RADAR-GW-01,False
ALT-CSE-06-00841,CSE-06,MEDIUM,2024-12-07T13:23:41,2024-12-07T13:34:11.206482,2024-12-07T14:38:27.942411,CLOSED,,BAGGAGE-SORT-SCADA,False
ALT-CSE-06-00842,CSE-06,LOW,2024-11-15T19:41:52,2024-11-15T19:54:36.313274,2024-11-15T20:26:17.252770,CLOSED,,FLIGHT-DISPATCH-SRV,False
ALT-CSE-06-00843,CSE-06,CRITICAL,2024-10-24T00:46:40,2024-10-24T00:52:01.178664,2024-10-24T01:39:23.484600,CLOSED,CAS-CSE-06-0179,BAGGAGE-SORT-SCADA,True
ALT-CSE-06-00844,CSE-06,HIGH,2024-10-14T18:26:18,2024-10-14T18:35:28.677601,2024-10-14T19:17:51.614673,CLOSED,,FLIGHT-DISPATCH-SRV,False
ALT-CSE-06-00845,CSE-06,MEDIUM,2024-10-10T18:00:33,2024-10-10T18:14:49.834163,2024-10-10T18:42:54.739848,CLOSED,,FLIGHT-DISPATCH-SRV,False
ALT-CSE-06-00846,CSE-06,HIGH,2024-11-02T11:53:32,2024-11-02T12:01:36.997006,2024-11-02T13:05:23.804596,CLOSED,,ATC-RADAR-GW-01,False
ALT-CSE-06-00847,CSE-06,CRITICAL,2024-10-11T22:35:05,2024-10-11T22:41:35.517588,2024-10-11T23:25:32.872541,CLOSED,CAS-CSE-06-0180,BAGGAGE-SORT-SCADA,False
ALT-CSE-06-00848,CSE-06,LOW,2024-11-14T19:45:11,2024-11-14T19:51:18.388346,2024-11-14T21:00:58.433121,CLOSED,,AIRPORT-WIFI-FW,False
ALT-CSE-06-00849,CSE-06,LOW,2024-10-22T00:20:30,2024-10-22T00:25:15.260062,2024-10-22T01:24:38.692694,CLOSED,,ATC-RADAR-GW-01,False
ALT-CSE-06-00850,CSE-06,MEDIUM,2024-11-18T20:51:01,2024-11-18T21:01:23.657544,2024-11-18T21:25:01.786369,CLOSED,,AIRPORT-WIFI-FW,False
ALT-CSE-06-00851,CSE-06,HIGH,2024-12-14T10:51:35,2024-12-14T11:01:46.821290,2024-12-14T12:20:46.344033,CLOSED,,BAGGAGE-SORT-SCADA,False
ALT-CSE-06-00852,CSE-06,HIGH,2024-10-27T22:44:06,2024-10-27T22:55:52.081863,2024-10-27T23:19:56.659015,CLOSED,,ATC-RADAR-GW-01,False
ALT-CSE-06-00853,CSE-06,CRITICAL,2024-10-08T02:19:26,2024-10-08T02:25:51.529137,2024-10-08T03:26:39.159981,CLOSED,CAS-CSE-06-0181,ATC-RADAR-GW-01,False
ALT-CSE-06-00854,CSE-06,HIGH,2024-12-23T10:04:46,2024-12-23T10:13:01.303208,2024-12-23T10:36:09.117787,CLOSED,CAS-CSE-06-0182,BAGGAGE-SORT-SCADA,False
ALT-CSE-06-00855,CSE-06,CRITICAL,2024-12-26T08:30:31,2024-12-26T08:35:20.855518,2024-12-26T09:16:49.636140,CLOSED,CAS-CSE-06-0183,FLIGHT-DISPATCH-SRV,False
ALT-CSE-06-00856,CSE-06,CRITICAL,2024-12-22T22:09:09,2024-12-22T22:20:24.457998,2024-12-22T23:12:32.403190,CLOSED,CAS-CSE-06-0184,ATC-RADAR-GW-01,False
ALT-CSE-06-00857,CSE-06,MEDIUM,2024-12-09T17:47:34,2024-12-09T17:52:48.298186,2024-12-09T18:48:20.574420,CLOSED,,ATC-RADAR-GW-01,False
ALT-CSE-06-00858,CSE-06,CRITICAL,2024-10-19T11:01:56,2024-10-19T11:16:29.215639,2024-10-19T12:05:51.638911,CLOSED,CAS-CSE-06-0185,ATC-RADAR-GW-01,False
ALT-CSE-06-00859,CSE-06,LOW,2024-12-26T13:25:26,2024-12-26T13:38:42.504615,2024-12-26T14:20:54.843664,CLOSED,,ATC-RADAR-GW-01,False
ALT-CSE-06-00860,CSE-06,LOW,2024-12-13T15:10:12,2024-12-13T15:21:23.246556,2024-12-13T16:33:50.794773,CLOSED,,AIRPORT-WIFI-FW,False
ALT-CSE-06-00861,CSE-06,HIGH,2024-12-19T22:33:36,2024-12-19T22:40:51.575946,2024-12-19T23:48:07.877110,CLOSED,,FLIGHT-DISPATCH-SRV,False
ALT-CSE-06-00862,CSE-06,MEDIUM,2024-11-10T10:08:58,2024-11-10T10:12:49.922696,2024-11-10T10:42:11.098677,CLOSED,,BAGGAGE-SORT-SCADA,False
ALT-CSE-06-00863,CSE-06,MEDIUM,2024-10-29T06:10:48,2024-10-29T06:14:11.191343,2024-10-29T06:55:12.187345,CLOSED,,BAGGAGE-SORT-SCADA,False
ALT-CSE-06-00864,CSE-06,CRITICAL,2024-10-10T04:24:59,2024-10-10T04:31:17.756187,2024-10-10T05:41:42.028503,CLOSED,CAS-CSE-06-0186,BAGGAGE-SORT-SCADA,False
ALT-CSE-06-00865,CSE-06,HIGH,2024-12-22T15:58:58,2024-12-22T16:02:21.403587,2024-12-22T16:31:59.840615,CLOSED,,ATC-RADAR-GW-01,False
ALT-CSE-06-00866,CSE-06,MEDIUM,2024-11-08T23:09:33,2024-11-08T23:22:32.575501,2024-11-08T23:39:58.339558,CLOSED,,ATC-RADAR-GW-01,False
ALT-CSE-06-00867,CSE-06,LOW,2024-12-28T07:33:29,2024-12-28T07:41:54.084449,2024-12-28T08:48:20.613354,CLOSED,,ATC-RADAR-GW-01,False
ALT-CSE-06-00868,CSE-06,HIGH,2024-12-20T23:11:08,2024-12-20T23:20:41.214042,2024-12-21T00:17:57.208676,CLOSED,,ATC-RADAR-GW-01,False
ALT-CSE-06-00869,CSE-06,MEDIUM,2024-12-28T18:09:44,2024-12-28T18:18:03.001949,2024-12-28T19:11:10.989181,CLOSED,,AIRPORT-WIFI-FW,False
ALT-CSE-06-00870,CSE-06,HIGH,2024-12-16T00:56:57,2024-12-16T01:06:27.965130,2024-12-16T01:40:43.277133,CLOSED,,AIRPORT-WIFI-FW,False
ALT-CSE-06-00871,CSE-06,MEDIUM,2024-12-24T05:08:15,2024-12-24T05:13:45.441175,2024-12-24T05:39:56.149725,CLOSED,,BAGGAGE-SORT-SCADA,False
ALT-CSE-06-00872,CSE-06,HIGH,2024-12-22T01:01:01,2024-12-22T01:12:17.852988,2024-12-22T02:29:55.903422,CLOSED,,FLIGHT-DISPATCH-SRV,False
ALT-CSE-06-00873,CSE-06,HIGH,2024-10-15T23:20:05,2024-10-15T23:29:49.663213,2024-10-16T00:03:22.381690,CLOSED,,BAGGAGE-SORT-SCADA,False
ALT-CSE-06-00874,CSE-06,HIGH,2024-10-12T17:18:43,2024-10-12T17:24:26.350809,2024-10-12T18:39:49.620307,CLOSED,CAS-CSE-06-0187,BAGGAGE-SORT-SCADA,False
ALT-CSE-06-00875,CSE-06,MEDIUM,2024-12-01T22:35:50,2024-12-01T22:48:48.635424,2024-12-01T23:40:21.936995,CLOSED,CAS-CSE-06-0188,FLIGHT-DISPATCH-SRV,False
ALT-CSE-06-00876,CSE-06,MEDIUM,2024-12-05T06:51:59,2024-12-05T06:56:52.859397,2024-12-05T07:41:26.989592,CLOSED,,BAGGAGE-SORT-SCADA,False
ALT-CSE-06-00877,CSE-06,HIGH,2024-12-27T11:03:10,2024-12-27T11:08:38.499844,2024-12-27T12:13:09.181488,CLOSED,,ATC-RADAR-GW-01,False
ALT-CSE-06-00878,CSE-06,HIGH,2024-11-13T23:07:42,2024-11-13T23:21:26.814379,2024-11-13T23:50:18.182347,CLOSED,,AIRPORT-WIFI-FW,False
ALT-CSE-06-00879,CSE-06,HIGH,2024-12-29T14:21:09,2024-12-29T14:31:05.296544,2024-12-29T15:43:12.001972,CLOSED,,ATC-RADAR-GW-01,False
ALT-CSE-06-00880,CSE-06,LOW,2024-12-29T02:15:19,2024-12-29T02:28:39.709861,2024-12-29T03:22:19.016596,CLOSED,,BAGGAGE-SORT-SCADA,False
ALT-CSE-06-00881,CSE-06,HIGH,2024-12-20T09:21:14,2024-12-20T09:35:25.060952,2024-12-20T09:53:01.365027,CLOSED,,AIRPORT-WIFI-FW,False
ALT-CSE-06-00882,CSE-06,LOW,2024-11-21T05:44:53,2024-11-21T05:59:24.120745,2024-11-21T06:46:47.750185,CLOSED,,BAGGAGE-SORT-SCADA,False
ALT-CSE-06-00883,CSE-06,HIGH,2024-10-16T17:14:01,2024-10-16T17:25:26.649842,2024-10-16T18:27:25.621485,CLOSED,CAS-CSE-06-0189,FLIGHT-DISPATCH-SRV,False
ALT-CSE-06-00884,CSE-06,MEDIUM,2024-12-20T16:18:00,2024-12-20T16:30:39.036725,2024-12-20T17:18:21.493183,CLOSED,CAS-CSE-06-0190,FLIGHT-DISPATCH-SRV,False
ALT-CSE-06-00885,CSE-06,LOW,2024-10-12T10:17:49,2024-10-12T10:25:05.566798,2024-10-12T11:07:20.352178,CLOSED,,AIRPORT-WIFI-FW,False
ALT-CSE-06-00886,CSE-06,LOW,2024-12-04T15:05:36,2024-12-04T15:20:25.902244,2024-12-04T16:06:35.851603,CLOSED,,AIRPORT-WIFI-FW,False
ALT-CSE-06-00887,CSE-06,HIGH,2024-10-04T10:42:27,2024-10-04T10:49:32.605827,2024-10-04T11:17:54.036320,CLOSED,,AIRPORT-WIFI-FW,False
ALT-CSE-06-00888,CSE-06,MEDIUM,2024-11-18T00:01:22,2024-11-18T00:14:42.986829,2024-11-18T01:01:23.865357,CLOSED,,AIRPORT-WIFI-FW,False
ALT-CSE-06-00889,CSE-06,HIGH,2024-11-23T23:02:19,2024-11-23T23:16:55.730918,2024-11-23T23:53:01.701064,CLOSED,,FLIGHT-DISPATCH-SRV,False
ALT-CSE-06-00890,CSE-06,CRITICAL,2024-10-06T17:08:41,2024-10-06T17:19:08.786193,2024-10-06T17:58:33.385780,CLOSED,CAS-CSE-06-0191,AIRPORT-WIFI-FW,False
ALT-CSE-06-00891,CSE-06,MEDIUM,2024-10-12T05:16:28,2024-10-12T05:25:25.973079,2024-10-12T05:54:51.701793,CLOSED,,FLIGHT-DISPATCH-SRV,False
ALT-CSE-06-00892,CSE-06,HIGH,2024-11-22T18:44:54,2024-11-22T18:56:29.886784,2024-11-22T19:51:52.043908,CLOSED,,BAGGAGE-SORT-SCADA,False
ALT-CSE-06-00893,CSE-06,HIGH,2024-10-10T19:27:54,2024-10-10T19:37:56.966790,2024-10-10T20:17:49.492793,CLOSED,,ATC-RADAR-GW-01,False
ALT-CSE-06-00894,CSE-06,HIGH,2024-11-29T04:31:54,2024-11-29T04:36:14.236077,2024-11-29T05:29:55.720749,CLOSED,,FLIGHT-DISPATCH-SRV,False
ALT-CSE-06-00895,CSE-06,CRITICAL,2024-12-07T23:51:31,2024-12-07T23:54:49.374388,2024-12-08T00:28:53.905888,CLOSED,CAS-CSE-06-0192,FLIGHT-DISPATCH-SRV,False
ALT-CSE-06-00896,CSE-06,MEDIUM,2024-10-18T13:52:45,2024-10-18T14:00:53.562499,2024-10-18T15:09:57.397724,CLOSED,,FLIGHT-DISPATCH-SRV,False
ALT-CSE-06-00897,CSE-06,CRITICAL,2024-12-20T16:29:25,2024-12-20T16:32:37.305251,2024-12-20T17:51:20.511334,CLOSED,CAS-CSE-06-0193,BAGGAGE-SORT-SCADA,False
ALT-CSE-06-00898,CSE-06,MEDIUM,2024-12-25T08:28:44,2024-12-25T08:43:18.313934,2024-12-25T09:52:48.542800,CLOSED,,BAGGAGE-SORT-SCADA,False
ALT-CSE-06-00899,CSE-06,LOW,2024-12-25T03:00:54,2024-12-25T03:11:00.098614,2024-12-25T04:28:51.286115,CLOSED,,ATC-RADAR-GW-01,False
ALT-CSE-06-00900,CSE-06,LOW,2024-12-11T19:21:55,2024-12-11T19:25:41.577888,2024-12-11T20:09:56.169837,CLOSED,,ATC-RADAR-GW-01,False
ALT-CSE-06-00901,CSE-06,LOW,2024-10-25T19:25:48,2024-10-25T19:33:48.870838,2024-10-25T20:23:06.932950,CLOSED,CAS-CSE-06-0194,BAGGAGE-SORT-SCADA,False
ALT-CSE-06-00902,CSE-06,HIGH,2024-11-02T04:44:23,2024-11-02T04:54:50.982563,2024-11-02T05:51:32.514998,CLOSED,,ATC-RADAR-GW-01,False
ALT-CSE-06-00903,CSE-06,HIGH,2024-11-07T02:14:00,2024-11-07T02:21:08.205073,2024-11-07T02:48:12.225988,CLOSED,,AIRPORT-WIFI-FW,False
ALT-CSE-06-00904,CSE-06,CRITICAL,2024-12-18T14:53:47,2024-12-18T15:02:43.059940,2024-12-18T15:55:03.142116,CLOSED,CAS-CSE-06-0195,FLIGHT-DISPATCH-SRV,False
ALT-CSE-06-00905,CSE-06,CRITICAL,2024-12-29T04:11:16,2024-12-29T04:14:37.816441,2024-12-29T05:24:06.632221,CLOSED,CAS-CSE-06-0196,FLIGHT-DISPATCH-SRV,False
ALT-CSE-06-00906,CSE-06,LOW,2024-12-07T23:09:40,2024-12-07T23:12:48.918723,2024-12-08T00:20:05.005994,CLOSED,,BAGGAGE-SORT-SCADA,False
ALT-CSE-06-00907,CSE-06,MEDIUM,2024-11-06T15:35:59,2024-11-06T15:48:39.935319,2024-11-06T16:14:26.817280,CLOSED,,AIRPORT-WIFI-FW,False
ALT-CSE-06-00908,CSE-06,MEDIUM,2024-12-11T10:00:58,2024-12-11T10:07:33.031403,2024-12-11T11:06:29.353981,CLOSED,,AIRPORT-WIFI-FW,False
ALT-CSE-06-00909,CSE-06,HIGH,2024-11-30T15:52:52,2024-11-30T15:58:04.459676,2024-11-30T16:59:50.485209,CLOSED,,FLIGHT-DISPATCH-SRV,False
ALT-CSE-06-00910,CSE-06,HIGH,2024-12-03T02:02:54,2024-12-03T02:09:48.453223,2024-12-03T03:27:46.519452,CLOSED,CAS-CSE-06-0197,AIRPORT-WIFI-FW,False
ALT-CSE-06-00911,CSE-06,CRITICAL,2024-12-27T04:27:48,2024-12-27T04:32:50.837963,2024-12-27T05:15:07.637491,CLOSED,CAS-CSE-06-0198,AIRPORT-WIFI-FW,False
ALT-CSE-06-00912,CSE-06,CRITICAL,2024-10-03T17:42:07,2024-10-03T17:55:15.383435,2024-10-03T18:17:44.078700,CLOSED,,ATC-RADAR-GW-01,False
ALT-CSE-06-00913,CSE-06,CRITICAL,2024-12-21T12:52:15,2024-12-21T13:05:12.359983,2024-12-21T13:37:52.913294,CLOSED,CAS-CSE-06-0199,AIRPORT-WIFI-FW,False
ALT-CSE-06-00914,CSE-06,HIGH,2024-10-07T20:57:26,2024-10-07T21:04:28.494716,2024-10-07T21:52:22.367341,CLOSED,,ATC-RADAR-GW-01,False
ALT-CSE-06-00915,CSE-06,LOW,2024-12-25T09:57:55,2024-12-25T10:05:15.813773,2024-12-25T10:42:15.387425,CLOSED,,ATC-RADAR-GW-01,False
ALT-CSE-06-00916,CSE-06,LOW,2024-10-24T17:52:13,2024-10-24T18:05:01.898856,2024-10-24T18:28:30.642411,CLOSED,,BAGGAGE-SORT-SCADA,False
ALT-CSE-06-00917,CSE-06,MEDIUM,2024-10-23T22:45:33,2024-10-23T22:48:58.824295,2024-10-24T00:12:40.717112,CLOSED,,AIRPORT-WIFI-FW,False
ALT-CSE-06-00918,CSE-06,CRITICAL,2024-12-25T10:58:51,2024-12-25T11:13:43.118544,2024-12-25T11:38:03.276140,CLOSED,CAS-CSE-06-0200,ATC-RADAR-GW-01,False
ALT-CSE-06-00919,CSE-06,HIGH,2024-10-27T00:17:51,2024-10-27T00:21:36.073907,2024-10-27T01:34:12.579739,CLOSED,,FLIGHT-DISPATCH-SRV,False
ALT-CSE-06-00920,CSE-06,HIGH,2024-11-21T22:22:18,2024-11-21T22:28:11.728170,2024-11-21T23:10:48.485743,CLOSED,,FLIGHT-DISPATCH-SRV,False
ALT-CSE-06-00921,CSE-06,LOW,2024-12-28T03:07:34,2024-12-28T03:18:45.345136,2024-12-28T04:20:47.351024,CLOSED,,ATC-RADAR-GW-01,False
ALT-CSE-06-00922,CSE-06,HIGH,2024-10-02T21:05:38,2024-10-02T21:09:36.647267,2024-10-02T22:24:59.141333,CLOSED,CAS-CSE-06-0201,ATC-RADAR-GW-01,False
ALT-CSE-06-00923,CSE-06,MEDIUM,2024-10-02T09:12:10,2024-10-02T09:22:48.855739,2024-10-02T10:03:11.775537,CLOSED,,BAGGAGE-SORT-SCADA,False
ALT-CSE-06-00924,CSE-06,LOW,2024-11-25T06:04:47,2024-11-25T06:17:55.781143,2024-11-25T07:16:14.598912,CLOSED,,BAGGAGE-SORT-SCADA,False
ALT-CSE-06-00925,CSE-06,CRITICAL,2024-10-21T20:43:21,2024-10-21T20:53:39.702586,2024-10-21T21:16:25.096101,CLOSED,CAS-CSE-06-0202,ATC-RADAR-GW-01,False
ALT-CSE-06-00926,CSE-06,MEDIUM,2024-10-02T05:30:09,2024-10-02T05:42:01.128166,2024-10-02T06:13:39.414942,CLOSED,,AIRPORT-WIFI-FW,False
ALT-CSE-06-00927,CSE-06,CRITICAL,2024-11-14T03:24:18,2024-11-14T03:35:36.299466,2024-11-14T04:41:53.658517,CLOSED,CAS-CSE-06-0203,AIRPORT-WIFI-FW,False
ALT-CSE-06-00928,CSE-06,LOW,2024-10-23T05:51:18,2024-10-23T06:04:10.232801,2024-10-23T06:56:43.834101,CLOSED,,BAGGAGE-SORT-SCADA,False
ALT-CSE-06-00929,CSE-06,CRITICAL,2024-10-29T12:33:16,2024-10-29T12:43:03.069128,2024-10-29T13:29:26.475836,CLOSED,CAS-CSE-06-0204,FLIGHT-DISPATCH-SRV,False
ALT-CSE-06-00930,CSE-06,MEDIUM,2024-12-05T18:09:04,2024-12-05T18:16:28.253936,2024-12-05T18:45:11.907299,CLOSED,,AIRPORT-WIFI-FW,False
ALT-CSE-06-00931,CSE-06,HIGH,2024-10-22T01:31:24,2024-10-22T01:38:36.977496,2024-10-22T02:42:31.060860,CLOSED,,AIRPORT-WIFI-FW,False
ALT-CSE-06-00932,CSE-06,MEDIUM,2024-11-11T20:20:50,2024-11-11T20:33:31.363471,2024-11-11T21:34:19.904696,CLOSED,,AIRPORT-WIFI-FW,False
ALT-CSE-06-00933,CSE-06,MEDIUM,2024-10-18T15:21:24,2024-10-18T15:35:41.010930,2024-10-18T16:50:10.355737,CLOSED,,BAGGAGE-SORT-SCADA,False
ALT-CSE-06-00934,CSE-06,MEDIUM,2024-10-08T11:59:33,2024-10-08T12:13:58.735751,2024-10-08T12:30:45.637612,CLOSED,,BAGGAGE-SORT-SCADA,False
ALT-CSE-06-00935,CSE-06,LOW,2024-10-21T18:57:52,2024-10-21T19:04:39.214234,2024-10-21T20:12:55.407497,CLOSED,,AIRPORT-WIFI-FW,False
ALT-CSE-06-00936,CSE-06,MEDIUM,2024-10-01T12:04:34,2024-10-01T12:08:49.732998,2024-10-01T12:48:51.093713,CLOSED,,BAGGAGE-SORT-SCADA,False
ALT-CSE-06-00937,CSE-06,LOW,2024-11-05T18:27:09,2024-11-05T18:36:31.272177,2024-11-05T19:23:00.060873,CLOSED,,BAGGAGE-SORT-SCADA,False
ALT-CSE-06-00938,CSE-06,MEDIUM,2024-12-22T15:32:47,2024-12-22T15:44:29.874161,2024-12-22T16:26:49.505325,CLOSED,,FLIGHT-DISPATCH-SRV,False
ALT-CSE-06-00939,CSE-06,LOW,2024-12-20T08:55:51,2024-12-20T09:09:33.865316,2024-12-20T10:08:59.510218,CLOSED,,FLIGHT-DISPATCH-SRV,False
ALT-CSE-06-00940,CSE-06,CRITICAL,2024-11-13T23:39:42,2024-11-13T23:47:47.206431,2024-11-14T00:58:16.567797,CLOSED,,ATC-RADAR-GW-01,False
ALT-CSE-06-00941,CSE-06,MEDIUM,2024-11-28T06:31:58,2024-11-28T06:44:02.971598,2024-11-28T07:53:44.857765,CLOSED,,ATC-RADAR-GW-01,False
ALT-CSE-06-00942,CSE-06,HIGH,2024-11-02T10:59:59,2024-11-02T11:08:32.153034,2024-11-02T11:33:12.624405,CLOSED,,BAGGAGE-SORT-SCADA,False
ALT-CSE-06-00943,CSE-06,HIGH,2024-11-26T15:31:53,2024-11-26T15:39:16.980209,2024-11-26T16:53:07.340804,CLOSED,,ATC-RADAR-GW-01,False
ALT-CSE-06-00944,CSE-06,HIGH,2024-10-07T15:50:20,2024-10-07T16:05:18.710742,2024-10-07T16:58:08.089021,CLOSED,,FLIGHT-DISPATCH-SRV,False
ALT-CSE-06-00945,CSE-06,HIGH,2024-12-16T20:10:54,2024-12-16T20:21:01.100038,2024-12-16T20:58:14.676712,CLOSED,,AIRPORT-WIFI-FW,False
ALT-CSE-06-00946,CSE-06,MEDIUM,2024-10-12T13:10:56,2024-10-12T13:24:54.156474,2024-10-12T14:06:56.112497,CLOSED,,BAGGAGE-SORT-SCADA,False
ALT-CSE-06-00947,CSE-06,HIGH,2024-10-28T11:11:24,2024-10-28T11:22:40.688658,2024-10-28T12:23:56.065069,CLOSED,,ATC-RADAR-GW-01,False
ALT-CSE-06-00948,CSE-06,CRITICAL,2024-10-23T13:50:08,2024-10-23T14:02:47.065545,2024-10-23T15:09:43.609175,CLOSED,CAS-CSE-06-0205,BAGGAGE-SORT-SCADA,False
ALT-CSE-06-00949,CSE-06,CRITICAL,2024-10-07T14:38:31,2024-10-07T14:44:19.576353,2024-10-07T15:31:50.111925,CLOSED,CAS-CSE-06-0206,FLIGHT-DISPATCH-SRV,False
ALT-CSE-06-00950,CSE-06,HIGH,2024-12-18T15:55:30,2024-12-18T16:05:17.533435,2024-12-18T16:54:46.633662,CLOSED,,BAGGAGE-SORT-SCADA,False
ALT-CSE-06-00951,CSE-06,CRITICAL,2024-10-29T21:11:04,2024-10-29T21:18:53.931528,2024-10-29T22:23:51.349608,CLOSED,CAS-CSE-06-0207,BAGGAGE-SORT-SCADA,False
ALT-CSE-06-00952,CSE-06,MEDIUM,2024-11-27T21:00:50,2024-11-27T21:06:03.768613,2024-11-27T22:18:42.565261,CLOSED,CAS-CSE-06-0208,BAGGAGE-SORT-SCADA,False
ALT-CSE-06-00953,CSE-06,LOW,2024-12-22T16:42:42,2024-12-22T16:50:11.257121,2024-12-22T17:14:55.837085,CLOSED,,FLIGHT-DISPATCH-SRV,False
ALT-CSE-06-00954,CSE-06,MEDIUM,2024-12-26T09:13:50,2024-12-26T09:19:16.735658,2024-12-26T10:21:00.642259,CLOSED,,BAGGAGE-SORT-SCADA,False
ALT-CSE-06-00955,CSE-06,MEDIUM,2024-12-05T07:39:44,2024-12-05T07:49:03.531891,2024-12-05T08:11:02.190976,CLOSED,,BAGGAGE-SORT-SCADA,False
ALT-CSE-06-00956,CSE-06,MEDIUM,2024-10-27T17:43:23,2024-10-27T17:52:40.173741,2024-10-27T18:31:49.930589,CLOSED,,FLIGHT-DISPATCH-SRV,False
ALT-CSE-06-00957,CSE-06,MEDIUM,2024-10-03T22:39:21,2024-10-03T22:51:12.448962,2024-10-03T23:19:04.063175,CLOSED,,ATC-RADAR-GW-01,False
ALT-CSE-06-00958,CSE-06,HIGH,2024-12-11T05:47:55,2024-12-11T05:58:01.306087,2024-12-11T06:34:37.091162,CLOSED,,FLIGHT-DISPATCH-SRV,False
ALT-CSE-06-00959,CSE-06,HIGH,2024-10-28T12:08:20,2024-10-28T12:23:17.104604,2024-10-28T13:10:54.497685,CLOSED,,AIRPORT-WIFI-FW,False
ALT-CSE-06-00960,CSE-06,HIGH,2024-10-29T16:35:02,2024-10-29T16:46:17.731197,2024-10-29T17:18:03.584627,CLOSED,CAS-CSE-06-0209,BAGGAGE-SORT-SCADA,False
ALT-CSE-06-00961,CSE-06,MEDIUM,2024-11-13T11:10:26,2024-11-13T11:17:05.457416,2024-11-13T12:18:28.443628,CLOSED,,AIRPORT-WIFI-FW,False
ALT-CSE-06-00962,CSE-06,HIGH,2024-11-27T13:37:25,2024-11-27T13:49:44.414364,2024-11-27T14:59:58.430351,CLOSED,,BAGGAGE-SORT-SCADA,False
ALT-CSE-06-00963,CSE-06,MEDIUM,2024-12-28T03:53:07,2024-12-28T03:58:43.446004,2024-12-28T05:14:43.340945,CLOSED,,ATC-RADAR-GW-01,False
ALT-CSE-06-00964,CSE-06,MEDIUM,2024-11-14T15:38:10,2024-11-14T15:45:59.260611,2024-11-14T16:24:27.348725,CLOSED,CAS-CSE-06-0210,BAGGAGE-SORT-SCADA,False
ALT-CSE-06-00965,CSE-06,MEDIUM,2024-12-14T19:49:23,2024-12-14T19:53:07.782211,2024-12-14T20:54:41.647343,CLOSED,,AIRPORT-WIFI-FW,False
ALT-CSE-06-00966,CSE-06,CRITICAL,2024-10-11T02:14:05,2024-10-11T02:22:27.167604,2024-10-11T03:00:06.450476,CLOSED,CAS-CSE-06-0211,BAGGAGE-SORT-SCADA,False
ALT-CSE-06-00967,CSE-06,MEDIUM,2024-11-04T00:37:56,2024-11-04T00:43:48.648364,2024-11-04T01:24:23.192927,CLOSED,,FLIGHT-DISPATCH-SRV,False
ALT-CSE-06-00968,CSE-06,HIGH,2024-10-04T08:37:29,2024-10-04T08:51:56.518776,2024-10-04T09:12:57.863816,CLOSED,,FLIGHT-DISPATCH-SRV,False
ALT-CSE-06-00969,CSE-06,MEDIUM,2024-11-26T20:16:59,2024-11-26T20:27:36.977986,2024-11-26T21:08:28.199357,CLOSED,,ATC-RADAR-GW-01,False
ALT-CSE-06-00970,CSE-06,LOW,2024-10-18T01:17:50,2024-10-18T01:25:41.715199,2024-10-18T02:47:09.398623,CLOSED,,FLIGHT-DISPATCH-SRV,False
ALT-CSE-06-00971,CSE-06,CRITICAL,2024-10-14T22:06:37,2024-10-14T22:20:07.524466,2024-10-14T22:49:00.394219,CLOSED,CAS-CSE-06-0212,ATC-RADAR-GW-01,False
ALT-CSE-06-00972,CSE-06,MEDIUM,2024-11-06T00:21:40,2024-11-06T00:32:16.160428,2024-11-06T01:30:59.064035,CLOSED,,ATC-RADAR-GW-01,False
ALT-CSE-06-00973,CSE-06,CRITICAL,2024-11-10T05:04:03,2024-11-10T05:16:35.598310,2024-11-10T06:24:49.757432,CLOSED,CAS-CSE-06-0213,AIRPORT-WIFI-FW,False
ALT-CSE-06-00974,CSE-06,MEDIUM,2024-10-07T03:18:43,2024-10-07T03:32:57.142795,2024-10-07T04:29:11.965299,CLOSED,,AIRPORT-WIFI-FW,False
ALT-CSE-06-00975,CSE-06,HIGH,2024-11-28T08:53:54,2024-11-28T09:07:15.528986,2024-11-28T09:29:41.997090,CLOSED,,BAGGAGE-SORT-SCADA,False
ALT-CSE-06-00976,CSE-06,HIGH,2024-11-12T06:35:15,2024-11-12T06:43:11.795637,2024-11-12T07:59:30.400773,CLOSED,,ATC-RADAR-GW-01,False
ALT-CSE-06-00977,CSE-06,MEDIUM,2024-10-01T05:33:34,2024-10-01T05:48:02.844584,2024-10-01T06:53:58.032079,CLOSED,,ATC-RADAR-GW-01,False
ALT-CSE-06-00978,CSE-06,MEDIUM,2024-10-03T20:22:56,2024-10-03T20:37:41.857587,2024-10-03T21:39:54.415583,CLOSED,,ATC-RADAR-GW-01,False
ALT-CSE-06-00979,CSE-06,HIGH,2024-12-15T06:29:23,2024-12-15T06:39:45.013868,2024-12-15T07:10:04.323239,CLOSED,,ATC-RADAR-GW-01,False
ALT-CSE-06-00980,CSE-06,CRITICAL,2024-11-24T07:12:28,2024-11-24T07:23:14.364633,2024-11-24T07:47:16.378040,CLOSED,,ATC-RADAR-GW-01,False
ALT-CSE-06-00981,CSE-06,LOW,2024-12-05T02:02:34,2024-12-05T02:09:42.707006,2024-12-05T03:18:31.447231,CLOSED,,AIRPORT-WIFI-FW,False
ALT-CSE-06-00982,CSE-06,CRITICAL,2024-11-24T19:20:03,2024-11-24T19:31:01.067232,2024-11-24T20:25:29.719863,CLOSED,CAS-CSE-06-0214,BAGGAGE-SORT-SCADA,False
ALT-CSE-06-00983,CSE-06,LOW,2024-12-28T16:48:00,2024-12-28T16:56:23.980607,2024-12-28T17:54:02.093406,CLOSED,,BAGGAGE-SORT-SCADA,False
ALT-CSE-06-00984,CSE-06,CRITICAL,2024-11-20T09:49:11,2024-11-20T09:56:47.540980,2024-11-20T10:32:34.887576,CLOSED,CAS-CSE-06-0215,FLIGHT-DISPATCH-SRV,False
ALT-CSE-06-00985,CSE-06,HIGH,2024-12-14T19:58:04,2024-12-14T20:09:19.674219,2024-12-14T20:31:37.368021,CLOSED,,FLIGHT-DISPATCH-SRV,False
ALT-CSE-06-00986,CSE-06,HIGH,2024-12-13T20:01:43,2024-12-13T20:05:39.091370,2024-12-13T21:22:56.181657,CLOSED,,FLIGHT-DISPATCH-SRV,False
ALT-CSE-06-00987,CSE-06,MEDIUM,2024-12-04T18:46:21,2024-12-04T18:52:28.088032,2024-12-04T19:27:30.408098,CLOSED,,AIRPORT-WIFI-FW,False
ALT-CSE-06-00988,CSE-06,CRITICAL,2024-11-17T17:16:47,2024-11-17T17:24:47.691227,2024-11-17T17:50:56.546021,CLOSED,CAS-CSE-06-0216,ATC-RADAR-GW-01,False
ALT-CSE-06-00989,CSE-06,CRITICAL,2024-10-05T02:05:14,2024-10-05T02:17:48.801582,2024-10-05T03:19:18.274305,CLOSED,CAS-CSE-06-0217,ATC-RADAR-GW-01,False
ALT-CSE-06-00990,CSE-06,HIGH,2024-11-05T09:21:44,2024-11-05T09:26:42.155048,2024-11-05T10:20:34.326737,CLOSED,,AIRPORT-WIFI-FW,False
ALT-CSE-06-00991,CSE-06,LOW,2024-11-25T18:14:15,2024-11-25T18:28:06.991211,2024-11-25T18:51:10.918604,CLOSED,,ATC-RADAR-GW-01,False
ALT-CSE-06-00992,CSE-06,HIGH,2024-10-24T22:27:49,2024-10-24T22:33:51.069065,2024-10-24T23:49:09.770175,CLOSED,CAS-CSE-06-0218,AIRPORT-WIFI-FW,False
ALT-CSE-06-00993,CSE-06,MEDIUM,2024-11-18T10:27:45,2024-11-18T10:38:17.727289,2024-11-18T11:08:27.790806,CLOSED,CAS-CSE-06-0219,ATC-RADAR-GW-01,False
ALT-CSE-06-00994,CSE-06,MEDIUM,2024-12-05T19:45:21,2024-12-05T19:49:31.908156,2024-12-05T20:41:46.877557,CLOSED,,FLIGHT-DISPATCH-SRV,False
ALT-CSE-06-00995,CSE-06,HIGH,2024-10-25T23:34:41,2024-10-25T23:44:10.553599,2024-10-26T00:54:49.908975,CLOSED,,AIRPORT-WIFI-FW,False
ALT-CSE-06-00996,CSE-06,HIGH,2024-11-08T17:32:49,2024-11-08T17:39:21.732648,2024-11-08T18:14:42.513722,CLOSED,,BAGGAGE-SORT-SCADA,False
ALT-CSE-06-00997,CSE-06,LOW,2024-11-28T04:46:06,2024-11-28T04:50:24.210760,2024-11-28T05:22:54.433127,CLOSED,CAS-CSE-06-0220,BAGGAGE-SORT-SCADA,False
ALT-CSE-06-00998,CSE-06,MEDIUM,2024-12-15T00:24:33,2024-12-15T00:34:59.466444,2024-12-15T01:36:13.715681,CLOSED,,BAGGAGE-SORT-SCADA,False
ALT-CSE-06-00999,CSE-06,HIGH,2024-10-11T20:18:44,2024-10-11T20:24:54.428897,2024-10-11T20:59:31.453801,CLOSED,,ATC-RADAR-GW-01,False
ALT-CSE-06-01000,CSE-06,LOW,2024-12-18T06:50:04,2024-12-18T07:00:37.208844,2024-12-18T07:33:07.900086,CLOSED,,ATC-RADAR-GW-01,False
ALT-CSE-06-01001,CSE-06,LOW,2024-12-23T00:29:21,2024-12-23T00:44:06.887299,2024-12-23T01:35:02.740058,CLOSED,,AIRPORT-WIFI-FW,False
ALT-CSE-06-01002,CSE-06,HIGH,2024-11-05T21:24:23,2024-11-05T21:38:16.389931,2024-11-05T22:37:31.683026,CLOSED,,FLIGHT-DISPATCH-SRV,False
ALT-CSE-06-01003,CSE-06,CRITICAL,2024-12-13T14:47:08,2024-12-13T14:53:40.845112,2024-12-13T16:01:21.373721,CLOSED,CAS-CSE-06-0221,AIRPORT-WIFI-FW,False
ALT-CSE-06-01004,CSE-06,HIGH,2024-10-25T15:23:45,2024-10-25T15:36:28.401308,2024-10-25T16:37:35.637831,CLOSED,,ATC-RADAR-GW-01,False
ALT-CSE-06-01005,CSE-06,CRITICAL,2024-12-01T04:48:46,2024-12-01T04:56:54.669672,2024-12-01T05:43:55.320639,CLOSED,,BAGGAGE-SORT-SCADA,False
ALT-CSE-06-01006,CSE-06,CRITICAL,2024-11-25T18:51:27,2024-11-25T19:01:12.412253,2024-11-25T19:25:59.231333,CLOSED,CAS-CSE-06-0222,BAGGAGE-SORT-SCADA,False
ALT-CSE-06-01007,CSE-06,HIGH,2024-12-03T10:16:10,2024-12-03T10:28:25.210551,2024-12-03T11:00:36.608880,CLOSED,,BAGGAGE-SORT-SCADA,False
ALT-CSE-06-01008,CSE-06,MEDIUM,2024-12-09T14:03:15,2024-12-09T14:06:48.536150,2024-12-09T15:11:52.315670,CLOSED,,AIRPORT-WIFI-FW,False
ALT-CSE-06-01009,CSE-06,HIGH,2024-10-30T11:49:05,2024-10-30T11:53:48.168807,2024-10-30T12:22:52.386188,CLOSED,,AIRPORT-WIFI-FW,False
ALT-CSE-06-01010,CSE-06,MEDIUM,2024-10-16T00:54:25,2024-10-16T00:58:45.393684,2024-10-16T02:14:33.321343,CLOSED,,BAGGAGE-SORT-SCADA,False
ALT-CSE-06-01011,CSE-06,HIGH,2024-10-06T03:02:30,2024-10-06T03:13:06.683156,2024-10-06T03:39:27.413691,CLOSED,,AIRPORT-WIFI-FW,False
ALT-CSE-06-01012,CSE-06,MEDIUM,2024-10-15T16:27:28,2024-10-15T16:33:41.096389,2024-10-15T17:31:00.037063,CLOSED,,FLIGHT-DISPATCH-SRV,False
ALT-CSE-06-01013,CSE-06,MEDIUM,2024-11-29T04:22:17,2024-11-29T04:26:17.338225,2024-11-29T05:27:47.188456,CLOSED,,FLIGHT-DISPATCH-SRV,False
ALT-CSE-06-01014,CSE-06,MEDIUM,2024-11-08T02:26:09,2024-11-08T02:35:42.165287,2024-11-08T03:13:10.403495,CLOSED,,FLIGHT-DISPATCH-SRV,False
ALT-CSE-06-01015,CSE-06,MEDIUM,2024-11-19T17:56:21,2024-11-19T18:08:29.962786,2024-11-19T18:36:28.307260,CLOSED,,ATC-RADAR-GW-01,False
ALT-CSE-06-01016,CSE-06,MEDIUM,2024-11-20T06:40:29,2024-11-20T06:49:23.680492,2024-11-20T07:55:22.395946,CLOSED,,AIRPORT-WIFI-FW,False
ALT-CSE-06-01017,CSE-06,LOW,2024-10-14T03:24:25,2024-10-14T03:36:44.187925,2024-10-14T04:50:12.671893,CLOSED,CAS-CSE-06-0223,ATC-RADAR-GW-01,False
ALT-CSE-06-01018,CSE-06,MEDIUM,2024-12-09T13:30:52,2024-12-09T13:42:42.422791,2024-12-09T14:51:15.655469,CLOSED,,AIRPORT-WIFI-FW,False
ALT-CSE-06-01019,CSE-06,MEDIUM,2024-10-21T13:34:47,2024-10-21T13:44:24.300132,2024-10-21T14:21:35.061845,CLOSED,,FLIGHT-DISPATCH-SRV,False
ALT-CSE-06-01020,CSE-06,MEDIUM,2024-12-17T23:31:49,2024-12-17T23:37:54.231752,2024-12-18T00:21:05.398742,CLOSED,,BAGGAGE-SORT-SCADA,False
ALT-CSE-06-01021,CSE-06,MEDIUM,2024-12-04T10:45:49,2024-12-04T10:57:12.701355,2024-12-04T11:59:52.723787,CLOSED,,AIRPORT-WIFI-FW,False
ALT-CSE-06-01022,CSE-06,MEDIUM,2024-10-21T14:08:42,2024-10-21T14:15:26.956695,2024-10-21T15:29:24.623852,CLOSED,,FLIGHT-DISPATCH-SRV,False
ALT-CSE-06-01023,CSE-06,CRITICAL,2024-10-08T09:54:43,2024-10-08T10:02:27.171947,2024-10-08T10:47:27.101238,CLOSED,CAS-CSE-06-0224,BAGGAGE-SORT-SCADA,False
ALT-CSE-06-01024,CSE-06,LOW,2024-11-08T15:42:45,2024-11-08T15:52:20.765779,2024-11-08T16:39:15.054794,CLOSED,,AIRPORT-WIFI-FW,False
ALT-CSE-06-01025,CSE-06,MEDIUM,2024-10-24T19:23:29,2024-10-24T19:29:40.521375,2024-10-24T20:14:38.337230,CLOSED,,ATC-RADAR-GW-01,False
ALT-CSE-06-01026,CSE-06,MEDIUM,2024-12-17T14:13:11,2024-12-17T14:27:04.207974,2024-12-17T15:42:35.906580,CLOSED,CAS-CSE-06-0225,FLIGHT-DISPATCH-SRV,False
ALT-CSE-06-01027,CSE-06,HIGH,2024-11-14T22:22:55,2024-11-14T22:28:27.271166,2024-11-14T23:38:16.096361,CLOSED,,BAGGAGE-SORT-SCADA,False
ALT-CSE-06-01028,CSE-06,MEDIUM,2024-10-30T19:27:03,2024-10-30T19:38:00.149928,2024-10-30T20:41:42.978660,CLOSED,,BAGGAGE-SORT-SCADA,False
ALT-CSE-06-01029,CSE-06,MEDIUM,2024-10-11T15:29:13,2024-10-11T15:32:47.131274,2024-10-11T16:33:45.585514,CLOSED,,AIRPORT-WIFI-FW,False
ALT-CSE-06-01030,CSE-06,MEDIUM,2024-12-12T10:45:07,2024-12-12T10:59:22.968949,2024-12-12T11:41:44.235582,CLOSED,,ATC-RADAR-GW-01,False
ALT-CSE-06-01031,CSE-06,LOW,2024-11-14T02:34:36,2024-11-14T02:46:08.160780,2024-11-14T03:32:45.622996,CLOSED,,AIRPORT-WIFI-FW,False
ALT-CSE-06-01032,CSE-06,MEDIUM,2024-10-27T09:09:52,2024-10-27T09:22:47.711140,2024-10-27T09:56:15.728038,CLOSED,,ATC-RADAR-GW-01,False
ALT-CSE-06-01033,CSE-06,CRITICAL,2024-10-18T08:44:39,2024-10-18T08:58:10.942282,2024-10-18T10:08:39.444397,CLOSED,CAS-CSE-06-0226,BAGGAGE-SORT-SCADA,False
ALT-CSE-06-01034,CSE-06,LOW,2024-11-25T04:38:41,2024-11-25T04:42:05.044026,2024-11-25T05:19:16.967843,CLOSED,CAS-CSE-06-0227,ATC-RADAR-GW-01,False
ALT-CSE-06-01035,CSE-06,LOW,2024-11-12T02:19:13,2024-11-12T02:24:34.870234,2024-11-12T03:18:43.906012,CLOSED,,AIRPORT-WIFI-FW,False
ALT-CSE-06-01036,CSE-06,LOW,2024-10-11T04:16:01,2024-10-11T04:26:47.459375,2024-10-11T05:16:26.191670,CLOSED,,ATC-RADAR-GW-01,False
ALT-CSE-06-01037,CSE-06,HIGH,2024-11-06T09:09:05,2024-11-06T09:20:07.963192,2024-11-06T10:15:00.040056,CLOSED,,FLIGHT-DISPATCH-SRV,False
ALT-CSE-06-01038,CSE-06,CRITICAL,2024-10-09T05:47:17,2024-10-09T05:51:44.940009,2024-10-09T07:09:26.057364,CLOSED,,BAGGAGE-SORT-SCADA,False
ALT-CSE-06-01039,CSE-06,MEDIUM,2024-11-20T05:33:08,2024-11-20T05:45:15.754148,2024-11-20T07:03:02.502227,CLOSED,,AIRPORT-WIFI-FW,False
ALT-CSE-06-01040,CSE-06,MEDIUM,2024-12-23T14:00:16,2024-12-23T14:12:43.910276,2024-12-23T15:14:38.722285,CLOSED,,ATC-RADAR-GW-01,False
ALT-CSE-06-01041,CSE-06,MEDIUM,2024-10-06T08:31:23,2024-10-06T08:35:02.657382,2024-10-06T09:03:10.499007,CLOSED,,FLIGHT-DISPATCH-SRV,False
ALT-CSE-06-01042,CSE-06,LOW,2024-11-16T22:18:30,2024-11-16T22:31:51.514108,2024-11-16T23:46:03.694830,CLOSED,,FLIGHT-DISPATCH-SRV,False
ALT-CSE-06-01043,CSE-06,CRITICAL,2024-11-08T21:50:12,2024-11-08T22:00:19.969691,2024-11-08T22:22:57.329184,CLOSED,CAS-CSE-06-0228,BAGGAGE-SORT-SCADA,False
ALT-CSE-06-01044,CSE-06,HIGH,2024-12-19T02:17:50,2024-12-19T02:31:43.832554,2024-12-19T03:47:15.898309,CLOSED,,BAGGAGE-SORT-SCADA,False
ALT-CSE-06-01045,CSE-06,HIGH,2024-10-25T18:45:12,2024-10-25T18:56:18.609985,2024-10-25T19:50:24.772879,CLOSED,,FLIGHT-DISPATCH-SRV,False
ALT-CSE-06-01046,CSE-06,MEDIUM,2024-11-14T11:22:08,2024-11-14T11:33:56.603114,2024-11-14T12:04:29.842822,CLOSED,,FLIGHT-DISPATCH-SRV,False
ALT-CSE-06-01047,CSE-06,LOW,2024-10-05T08:59:44,2024-10-05T09:05:36.853099,2024-10-05T09:55:07.935417,CLOSED,CAS-CSE-06-0229,BAGGAGE-SORT-SCADA,False
ALT-CSE-06-01048,CSE-06,LOW,2024-11-18T06:09:38,2024-11-18T06:15:16.195238,2024-11-18T07:14:15.426340,CLOSED,,ATC-RADAR-GW-01,False
ALT-CSE-06-01049,CSE-06,LOW,2024-10-31T11:01:45,2024-10-31T11:14:49.807850,2024-10-31T11:36:03.164460,CLOSED,,AIRPORT-WIFI-FW,False
ALT-CSE-06-01050,CSE-06,CRITICAL,2024-11-23T12:04:05,2024-11-23T12:13:41.276968,2024-11-23T13:26:59.782041,CLOSED,CAS-CSE-06-0230,FLIGHT-DISPATCH-SRV,False
ALT-CSE-06-01051,CSE-06,CRITICAL,2024-11-20T02:18:49,2024-11-20T02:33:24.855925,2024-11-20T02:52:49.229859,CLOSED,CAS-CSE-06-0231,FLIGHT-DISPATCH-SRV,False
ALT-CSE-06-01052,CSE-06,CRITICAL,2024-11-30T10:30:58,2024-11-30T10:35:09.960893,2024-11-30T11:42:18.293062,CLOSED,CAS-CSE-06-0232,BAGGAGE-SORT-SCADA,False
ALT-CSE-06-01053,CSE-06,LOW,2024-11-10T07:34:57,2024-11-10T07:46:51.894230,2024-11-10T08:18:09.944594,CLOSED,,AIRPORT-WIFI-FW,False
ALT-CSE-06-01054,CSE-06,CRITICAL,2024-11-03T11:06:02,2024-11-03T11:17:58.177487,2024-11-03T12:02:07.202228,CLOSED,,AIRPORT-WIFI-FW,False
ALT-CSE-06-01055,CSE-06,HIGH,2024-10-29T16:58:32,2024-10-29T17:07:44.617293,2024-10-29T18:19:02.734085,CLOSED,,AIRPORT-WIFI-FW,False
ALT-CSE-06-01056,CSE-06,LOW,2024-12-23T00:17:45,2024-12-23T00:30:18.224549,2024-12-23T00:55:39.553347,CLOSED,,ATC-RADAR-GW-01,False
ALT-CSE-06-01057,CSE-06,HIGH,2024-12-13T06:02:13,2024-12-13T06:11:28.242019,2024-12-13T07:28:28.688164,CLOSED,,AIRPORT-WIFI-FW,False
ALT-CSE-06-01058,CSE-06,CRITICAL,2024-11-11T09:07:16,2024-11-11T09:16:05.480368,2024-11-11T10:08:07.652615,CLOSED,CAS-CSE-06-0233,AIRPORT-WIFI-FW,True
ALT-CSE-06-01059,CSE-06,LOW,2024-10-17T23:35:12,2024-10-17T23:47:49.825353,2024-10-18T00:19:48.646764,CLOSED,CAS-CSE-06-0234,ATC-RADAR-GW-01,False
ALT-CSE-06-01060,CSE-06,CRITICAL,2024-11-24T13:36:50,2024-11-24T13:45:53.735614,2024-11-24T14:54:06.716068,CLOSED,CAS-CSE-06-0235,ATC-RADAR-GW-01,False
ALT-CSE-06-01061,CSE-06,LOW,2024-11-15T01:41:49,2024-11-15T01:55:39.791843,2024-11-15T02:23:30.007309,CLOSED,,FLIGHT-DISPATCH-SRV,False
ALT-CSE-06-01062,CSE-06,LOW,2024-11-03T21:00:26,2024-11-03T21:05:42.041091,2024-11-03T21:49:54.470962,CLOSED,,AIRPORT-WIFI-FW,False
ALT-CSE-06-01063,CSE-06,MEDIUM,2024-10-31T19:12:08,2024-10-31T19:23:36.864244,2024-10-31T20:22:04.465363,CLOSED,,ATC-RADAR-GW-01,False
ALT-CSE-06-01064,CSE-06,HIGH,2024-11-01T00:23:55,2024-11-01T00:28:47.729382,2024-11-01T01:17:49.399723,CLOSED,,AIRPORT-WIFI-FW,False
ALT-CSE-06-01065,CSE-06,LOW,2024-11-06T23:59:43,2024-11-07T00:07:07.602888,2024-11-07T00:45:52.833565,CLOSED,,ATC-RADAR-GW-01,False
ALT-CSE-06-01066,CSE-06,LOW,2024-12-25T07:45:43,2024-12-25T07:55:31.187479,2024-12-25T08:17:23.170428,CLOSED,,ATC-RADAR-GW-01,False
ALT-CSE-06-01067,CSE-06,MEDIUM,2024-10-03T20:44:18,2024-10-03T20:54:51.882705,2024-10-03T21:59:29.197468,CLOSED,,FLIGHT-DISPATCH-SRV,False
ALT-CSE-06-01068,CSE-06,MEDIUM,2024-10-27T00:52:03,2024-10-27T01:02:14.779391,2024-10-27T02:15:42.701730,CLOSED,,BAGGAGE-SORT-SCADA,False
ALT-CSE-06-01069,CSE-06,CRITICAL,2024-10-10T16:46:34,2024-10-10T16:52:19.179795,2024-10-10T17:31:20.628987,CLOSED,CAS-CSE-06-0236,BAGGAGE-SORT-SCADA,False
ALT-CSE-06-01070,CSE-06,CRITICAL,2024-12-27T03:20:18,2024-12-27T03:26:30.745901,2024-12-27T04:37:35.862232,CLOSED,CAS-CSE-06-0237,AIRPORT-WIFI-FW,False
ALT-CSE-06-01071,CSE-06,HIGH,2024-12-19T23:15:03,2024-12-19T23:22:01.670627,2024-12-20T00:16:04.663602,CLOSED,,ATC-RADAR-GW-01,False
ALT-CSE-06-01072,CSE-06,MEDIUM,2024-11-07T17:02:03,2024-11-07T17:09:00.023393,2024-11-07T17:47:38.273941,CLOSED,,AIRPORT-WIFI-FW,False
ALT-CSE-06-01073,CSE-06,HIGH,2024-11-19T18:46:28,2024-11-19T18:58:11.892155,2024-11-19T19:37:52.353690,CLOSED,,AIRPORT-WIFI-FW,False
ALT-CSE-06-01074,CSE-06,LOW,2024-12-25T10:18:10,2024-12-25T10:25:13.861300,2024-12-25T11:14:28.957708,CLOSED,,BAGGAGE-SORT-SCADA,False
ALT-CSE-06-01075,CSE-06,MEDIUM,2024-10-15T15:48:09,2024-10-15T16:00:21.092560,2024-10-15T16:47:55.378170,CLOSED,CAS-CSE-06-0238,FLIGHT-DISPATCH-SRV,False
ALT-CSE-06-01076,CSE-06,MEDIUM,2024-10-18T14:35:38,2024-10-18T14:46:13.635861,2024-10-18T15:29:52.583955,CLOSED,,AIRPORT-WIFI-FW,False
ALT-CSE-06-01077,CSE-06,MEDIUM,2024-12-26T23:29:06,2024-12-26T23:36:04.583029,2024-12-27T00:55:12.081349,CLOSED,,AIRPORT-WIFI-FW,False
ALT-CSE-06-01078,CSE-06,HIGH,2024-10-10T04:04:06,2024-10-10T04:18:56.284062,2024-10-10T05:25:25.325480,CLOSED,,FLIGHT-DISPATCH-SRV,False
ALT-CSE-06-01079,CSE-06,LOW,2024-11-10T07:23:19,2024-11-10T07:37:01.836667,2024-11-10T08:49:02.136626,CLOSED,CAS-CSE-06-0239,ATC-RADAR-GW-01,False
ALT-CSE-06-01080,CSE-06,HIGH,2024-12-13T14:29:50,2024-12-13T14:34:05.395880,2024-12-13T15:44:49.993691,CLOSED,,AIRPORT-WIFI-FW,False
ALT-CSE-06-01081,CSE-06,HIGH,2024-11-30T17:53:44,2024-11-30T17:59:17.590419,2024-11-30T18:34:34.531992,CLOSED,,FLIGHT-DISPATCH-SRV,False
ALT-CSE-06-01082,CSE-06,CRITICAL,2024-12-11T08:57:38,2024-12-11T09:09:30.680620,2024-12-11T10:07:28.095277,CLOSED,CAS-CSE-06-0240,FLIGHT-DISPATCH-SRV,False
ALT-CSE-06-01083,CSE-06,MEDIUM,2024-10-09T11:10:51,2024-10-09T11:20:40.573381,2024-10-09T12:30:29.054403,CLOSED,,ATC-RADAR-GW-01,False
ALT-CSE-06-01084,CSE-06,LOW,2024-11-08T23:11:12,2024-11-08T23:14:13.981505,2024-11-09T00:02:23.254509,CLOSED,,AIRPORT-WIFI-FW,False
ALT-CSE-06-01085,CSE-06,LOW,2024-12-22T00:54:34,2024-12-22T01:03:40.281236,2024-12-22T02:21:30.129159,CLOSED,,ATC-RADAR-GW-01,False
ALT-CSE-06-01086,CSE-06,CRITICAL,2024-10-08T15:56:47,2024-10-08T16:02:16.582872,2024-10-08T16:59:24.471067,CLOSED,CAS-CSE-06-0241,ATC-RADAR-GW-01,False
ALT-CSE-06-01087,CSE-06,CRITICAL,2024-12-29T14:14:04,2024-12-29T14:24:47.586086,2024-12-29T15:10:29.659113,CLOSED,,BAGGAGE-SORT-SCADA,False
ALT-CSE-06-01088,CSE-06,MEDIUM,2024-10-07T20:27:05,2024-10-07T20:37:47.164926,2024-10-07T21:51:31.798034,CLOSED,,BAGGAGE-SORT-SCADA,False
ALT-CSE-06-01089,CSE-06,LOW,2024-11-08T18:46:57,2024-11-08T18:52:45.620029,2024-11-08T19:45:31.615122,CLOSED,,FLIGHT-DISPATCH-SRV,False
ALT-CSE-06-01090,CSE-06,HIGH,2024-12-15T19:31:52,2024-12-15T19:42:57.345718,2024-12-15T20:49:50.898238,CLOSED,,AIRPORT-WIFI-FW,False
ALT-CSE-06-01091,CSE-06,LOW,2024-11-27T20:29:42,2024-11-27T20:37:32.037171,2024-11-27T21:01:26.229223,CLOSED,,FLIGHT-DISPATCH-SRV,False
ALT-CSE-06-01092,CSE-06,MEDIUM,2024-10-21T15:15:14,2024-10-21T15:24:33.785088,2024-10-21T15:57:30.002852,CLOSED,,AIRPORT-WIFI-FW,False
ALT-CSE-06-01093,CSE-06,MEDIUM,2024-12-23T06:36:24,2024-12-23T06:46:51.872873,2024-12-23T07:12:03.635816,CLOSED,,FLIGHT-DISPATCH-SRV,False
ALT-CSE-06-01094,CSE-06,CRITICAL,2024-12-14T15:56:16,2024-12-14T16:05:43.995000,2024-12-14T16:39:55.161583,CLOSED,CAS-CSE-06-0242,FLIGHT-DISPATCH-SRV,False
ALT-CSE-06-01095,CSE-06,LOW,2024-11-19T10:37:39,2024-11-19T10:52:03.604048,2024-11-19T11:41:06.739690,CLOSED,CAS-CSE-06-0243,BAGGAGE-SORT-SCADA,False
ALT-CSE-06-01096,CSE-06,HIGH,2024-11-08T18:16:05,2024-11-08T18:24:18.278532,2024-11-08T19:01:26.507886,CLOSED,,ATC-RADAR-GW-01,False
ALT-CSE-06-01097,CSE-06,CRITICAL,2024-10-24T04:07:06,2024-10-24T04:15:58.410954,2024-10-24T05:36:30.807867,CLOSED,CAS-CSE-06-0244,ATC-RADAR-GW-01,False
ALT-CSE-06-01098,CSE-06,HIGH,2024-11-18T05:13:08,2024-11-18T05:17:16.337940,2024-11-18T06:25:46.070162,CLOSED,,AIRPORT-WIFI-FW,False
ALT-CSE-06-01099,CSE-06,HIGH,2024-10-10T08:21:24,2024-10-10T08:25:00.001138,2024-10-10T09:10:27.286599,CLOSED,,BAGGAGE-SORT-SCADA,False
ALT-CSE-06-01100,CSE-06,HIGH,2024-11-02T11:35:34,2024-11-02T11:49:58.918469,2024-11-02T12:23:24.348922,CLOSED,CAS-CSE-06-0245,FLIGHT-DISPATCH-SRV,False
ALT-CSE-06-01101,CSE-06,HIGH,2024-10-27T06:53:05,2024-10-27T06:59:17.465562,2024-10-27T07:41:19.960667,CLOSED,,BAGGAGE-SORT-SCADA,False
ALT-CSE-06-01102,CSE-06,CRITICAL,2024-12-09T11:42:22,2024-12-09T11:54:37.208403,2024-12-09T12:46:17.037565,CLOSED,CAS-CSE-06-0246,AIRPORT-WIFI-FW,False
ALT-CSE-06-01103,CSE-06,MEDIUM,2024-12-07T19:53:09,2024-12-07T20:04:17.011126,2024-12-07T20:34:42.321299,CLOSED,,FLIGHT-DISPATCH-SRV,False
ALT-CSE-06-01104,CSE-06,MEDIUM,2024-10-16T05:22:04,2024-10-16T05:32:59.330560,2024-10-16T06:39:14.958386,CLOSED,,ATC-RADAR-GW-01,False
ALT-CSE-06-01105,CSE-06,CRITICAL,2024-10-19T04:55:55,2024-10-19T05:06:26.828073,2024-10-19T05:35:24.585205,CLOSED,,FLIGHT-DISPATCH-SRV,False
ALT-CSE-06-01106,CSE-06,MEDIUM,2024-11-14T00:21:59,2024-11-14T00:30:20.822770,2024-11-14T01:24:23.933371,CLOSED,,AIRPORT-WIFI-FW,False
ALT-CSE-06-01107,CSE-06,HIGH,2024-10-22T21:26:11,2024-10-22T21:32:57.978981,2024-10-22T21:56:59.203567,CLOSED,,AIRPORT-WIFI-FW,False
ALT-CSE-06-01108,CSE-06,HIGH,2024-10-24T16:22:27,2024-10-24T16:36:39.793033,2024-10-24T17:34:25.304220,CLOSED,,ATC-RADAR-GW-01,False
ALT-CSE-06-01109,CSE-06,LOW,2024-12-03T02:06:34,2024-12-03T02:20:51.333522,2024-12-03T02:47:58.112373,CLOSED,,AIRPORT-WIFI-FW,False
ALT-CSE-06-01110,CSE-06,HIGH,2024-10-26T10:07:18,2024-10-26T10:20:48.439046,2024-10-26T11:05:02.973824,CLOSED,,AIRPORT-WIFI-FW,False
ALT-CSE-06-01111,CSE-06,HIGH,2024-10-10T19:15:00,2024-10-10T19:28:16.165824,2024-10-10T20:16:41.844313,CLOSED,,BAGGAGE-SORT-SCADA,False
ALT-CSE-06-01112,CSE-06,HIGH,2024-10-20T13:49:56,2024-10-20T13:55:50.588593,2024-10-20T15:07:46.232073,CLOSED,CAS-CSE-06-0247,AIRPORT-WIFI-FW,False
ALT-CSE-06-01113,CSE-06,MEDIUM,2024-12-17T14:55:36,2024-12-17T14:59:05.753256,2024-12-17T15:33:32.374263,CLOSED,,AIRPORT-WIFI-FW,False
ALT-CSE-06-01114,CSE-06,HIGH,2024-10-01T22:31:14,2024-10-01T22:41:54.336313,2024-10-01T23:29:22.579080,CLOSED,,ATC-RADAR-GW-01,False
ALT-CSE-06-01115,CSE-06,HIGH,2024-10-21T03:39:45,2024-10-21T03:46:14.909821,2024-10-21T04:52:43.806697,CLOSED,,ATC-RADAR-GW-01,False
ALT-CSE-06-01116,CSE-06,HIGH,2024-12-26T18:52:27,2024-12-26T19:06:44.230075,2024-12-26T20:09:26.574816,CLOSED,,BAGGAGE-SORT-SCADA,False
ALT-CSE-06-01117,CSE-06,HIGH,2024-12-09T19:41:21,2024-12-09T19:45:16.402907,2024-12-09T20:38:21.549083,CLOSED,,ATC-RADAR-GW-01,False
ALT-CSE-06-01118,CSE-06,HIGH,2024-10-12T13:34:37,2024-10-12T13:39:23.409820,2024-10-12T15:01:09.924669,CLOSED,,ATC-RADAR-GW-01,False
ALT-CSE-06-01119,CSE-06,HIGH,2024-10-14T23:39:36,2024-10-14T23:47:50.128546,2024-10-15T00:13:25.215119,CLOSED,CAS-CSE-06-0248,ATC-RADAR-GW-01,False
ALT-CSE-06-01120,CSE-06,MEDIUM,2024-11-09T15:17:34,2024-11-09T15:22:29.807049,2024-11-09T16:26:02.946150,CLOSED,,AIRPORT-WIFI-FW,False
ALT-CSE-06-01121,CSE-06,CRITICAL,2024-10-15T10:31:46,2024-10-15T10:37:05.980965,2024-10-15T11:36:02.571078,CLOSED,CAS-CSE-06-0249,AIRPORT-WIFI-FW,False
ALT-CSE-06-01122,CSE-06,HIGH,2024-11-03T09:39:36,2024-11-03T09:45:15.687357,2024-11-03T10:42:04.738285,CLOSED,,FLIGHT-DISPATCH-SRV,False
ALT-CSE-06-01123,CSE-06,MEDIUM,2024-11-01T04:56:18,2024-11-01T05:05:01.185396,2024-11-01T06:11:47.534172,CLOSED,,AIRPORT-WIFI-FW,False
ALT-CSE-06-01124,CSE-06,MEDIUM,2024-12-10T03:03:45,2024-12-10T03:09:35.545279,2024-12-10T04:26:23.856622,CLOSED,,FLIGHT-DISPATCH-SRV,False
ALT-CSE-06-01125,CSE-06,MEDIUM,2024-11-23T14:11:25,2024-11-23T14:23:43.209184,2024-11-23T15:01:54.706785,CLOSED,,ATC-RADAR-GW-01,False
ALT-CSE-06-01126,CSE-06,LOW,2024-12-15T08:04:04,2024-12-15T08:15:23.536824,2024-12-15T09:26:25.102669,CLOSED,,BAGGAGE-SORT-SCADA,False
ALT-CSE-06-01127,CSE-06,MEDIUM,2024-10-20T04:02:48,2024-10-20T04:12:21.915339,2024-10-20T05:08:06.931234,CLOSED,,ATC-RADAR-GW-01,False
ALT-CSE-06-01128,CSE-06,LOW,2024-12-26T16:08:11,2024-12-26T16:22:41.499246,2024-12-26T17:11:32.581536,CLOSED,,BAGGAGE-SORT-SCADA,False
ALT-CSE-06-01129,CSE-06,MEDIUM,2024-10-16T00:12:55,2024-10-16T00:22:07.454261,2024-10-16T01:32:57.588109,CLOSED,,BAGGAGE-SORT-SCADA,False
ALT-CSE-06-01130,CSE-06,LOW,2024-10-12T10:40:35,2024-10-12T10:45:04.440978,2024-10-12T11:26:48.516016,CLOSED,,BAGGAGE-SORT-SCADA,False
ALT-CSE-06-01131,CSE-06,HIGH,2024-11-24T17:51:49,2024-11-24T18:00:37.881277,2024-11-24T19:16:23.613406,CLOSED,CAS-CSE-06-0250,ATC-RADAR-GW-01,False
ALT-CSE-06-01132,CSE-06,CRITICAL,2024-10-04T19:05:38,2024-10-04T19:09:47.622773,2024-10-04T20:20:46.664631,CLOSED,CAS-CSE-06-0251,ATC-RADAR-GW-01,False
ALT-CSE-06-01133,CSE-06,MEDIUM,2024-10-14T05:32:31,2024-10-14T05:42:19.760839,2024-10-14T06:35:42.118226,CLOSED,,FLIGHT-DISPATCH-SRV,False
ALT-CSE-06-01134,CSE-06,CRITICAL,2024-10-07T06:33:42,2024-10-07T06:36:45.035279,2024-10-07T07:56:49.895613,CLOSED,CAS-CSE-06-0252,AIRPORT-WIFI-FW,False
ALT-CSE-06-01135,CSE-06,HIGH,2024-11-16T14:36:34,2024-11-16T14:42:33.625075,2024-11-16T15:18:38.775780,CLOSED,,AIRPORT-WIFI-FW,False
ALT-CSE-06-01136,CSE-06,CRITICAL,2024-12-24T02:26:36,2024-12-24T02:30:04.950378,2024-12-24T03:35:15.850125,CLOSED,CAS-CSE-06-0253,FLIGHT-DISPATCH-SRV,False
ALT-CSE-06-01137,CSE-06,CRITICAL,2024-10-03T19:03:49,2024-10-03T19:09:11.806865,2024-10-03T20:28:18.741143,CLOSED,,ATC-RADAR-GW-01,False
ALT-CSE-06-01138,CSE-06,HIGH,2024-12-18T16:20:48,2024-12-18T16:25:47.317321,2024-12-18T17:19:54.572347,CLOSED,,FLIGHT-DISPATCH-SRV,False
ALT-CSE-06-01139,CSE-06,CRITICAL,2024-10-10T07:37:34,2024-10-10T07:48:46.012729,2024-10-10T08:11:19.616233,CLOSED,,AIRPORT-WIFI-FW,False
ALT-CSE-06-01140,CSE-06,HIGH,2024-12-15T23:49:35,2024-12-16T00:00:52.546702,2024-12-16T00:33:46.235992,CLOSED,,ATC-RADAR-GW-01,False
ALT-CSE-06-01141,CSE-06,LOW,2024-10-23T02:01:58,2024-10-23T02:11:39.443263,2024-10-23T03:28:57.219735,CLOSED,,AIRPORT-WIFI-FW,False
ALT-CSE-06-01142,CSE-06,HIGH,2024-10-07T21:04:47,2024-10-07T21:14:02.728853,2024-10-07T21:51:55.783515,CLOSED,,FLIGHT-DISPATCH-SRV,False
ALT-CSE-06-01143,CSE-06,HIGH,2024-11-07T21:08:14,2024-11-07T21:19:26.399437,2024-11-07T22:33:07.674541,CLOSED,,FLIGHT-DISPATCH-SRV,False
ALT-CSE-06-01144,CSE-06,HIGH,2024-11-26T23:00:51,2024-11-26T23:07:48.058733,2024-11-27T00:28:53.360976,CLOSED,CAS-CSE-06-0254,AIRPORT-WIFI-FW,False
ALT-CSE-06-01145,CSE-06,MEDIUM,2024-12-25T18:20:58,2024-12-25T18:26:00.692351,2024-12-25T19:48:51.272940,CLOSED,CAS-CSE-06-0255,ATC-RADAR-GW-01,False
ALT-CSE-06-01146,CSE-06,MEDIUM,2024-11-24T04:45:05,2024-11-24T04:59:13.828353,2024-11-24T05:31:43.085430,CLOSED,,BAGGAGE-SORT-SCADA,False
ALT-CSE-06-01147,CSE-06,MEDIUM,2024-12-04T15:39:37,2024-12-04T15:45:50.006200,2024-12-04T16:16:59.001631,CLOSED,,AIRPORT-WIFI-FW,False
ALT-CSE-06-01148,CSE-06,MEDIUM,2024-11-10T21:46:22,2024-11-10T21:52:27.320600,2024-11-10T22:54:38.321111,CLOSED,,ATC-RADAR-GW-01,False
ALT-CSE-06-01149,CSE-06,CRITICAL,2024-10-07T12:38:51,2024-10-07T12:50:44.070927,2024-10-07T13:37:50.526707,CLOSED,CAS-CSE-06-0256,FLIGHT-DISPATCH-SRV,False
ALT-CSE-06-01150,CSE-06,MEDIUM,2024-12-13T00:13:43,2024-12-13T00:17:40.631844,2024-12-13T01:08:31.708432,CLOSED,,FLIGHT-DISPATCH-SRV,False
ALT-CSE-06-01151,CSE-06,CRITICAL,2024-10-13T04:41:10,2024-10-13T04:46:53.379932,2024-10-13T05:27:42.366351,CLOSED,CAS-CSE-06-0257,AIRPORT-WIFI-FW,False
ALT-CSE-06-01152,CSE-06,HIGH,2024-11-16T11:36:16,2024-11-16T11:43:52.680480,2024-11-16T12:42:41.354241,CLOSED,,ATC-RADAR-GW-01,False
ALT-CSE-06-01153,CSE-06,LOW,2024-10-02T05:19:09,2024-10-02T05:22:55.487445,2024-10-02T06:20:42.821213,CLOSED,CAS-CSE-06-0258,ATC-RADAR-GW-01,False
ALT-CSE-06-01154,CSE-06,MEDIUM,2024-11-03T02:19:06,2024-11-03T02:30:06.886295,2024-11-03T03:32:57.329267,CLOSED,,ATC-RADAR-GW-01,False
ALT-CSE-06-01155,CSE-06,HIGH,2024-12-01T00:45:58,2024-12-01T01:00:07.609130,2024-12-01T02:03:50.620230,CLOSED,,AIRPORT-WIFI-FW,False
ALT-CSE-06-01156,CSE-06,MEDIUM,2024-10-10T07:13:15,2024-10-10T07:27:18.912137,2024-10-10T07:47:16.385409,CLOSED,,ATC-RADAR-GW-01,False
ALT-CSE-06-01157,CSE-06,LOW,2024-10-06T12:10:47,2024-10-06T12:17:10.156674,2024-10-06T13:03:31.475890,CLOSED,,AIRPORT-WIFI-FW,False
ALT-CSE-06-01158,CSE-06,CRITICAL,2024-10-26T13:39:07,2024-10-26T13:42:55.856192,2024-10-26T15:04:55.892334,CLOSED,,BAGGAGE-SORT-SCADA,False
ALT-CSE-06-01159,CSE-06,HIGH,2024-11-09T09:30:07,2024-11-09T09:40:29.060235,2024-11-09T10:47:16.039392,CLOSED,,AIRPORT-WIFI-FW,False
ALT-CSE-06-01160,CSE-06,LOW,2024-11-27T20:34:48,2024-11-27T20:38:30.357084,2024-11-27T21:26:09.019316,CLOSED,,FLIGHT-DISPATCH-SRV,False
ALT-CSE-06-01161,CSE-06,CRITICAL,2024-12-26T16:47:11,2024-12-26T16:52:15.084953,2024-12-26T17:35:46.372387,CLOSED,CAS-CSE-06-0259,ATC-RADAR-GW-01,False
ALT-CSE-06-01162,CSE-06,HIGH,2024-10-20T14:44:02,2024-10-20T14:49:41.577332,2024-10-20T15:52:21.020603,CLOSED,CAS-CSE-06-0260,AIRPORT-WIFI-FW,False
ALT-CSE-06-01163,CSE-06,CRITICAL,2024-11-07T03:14:20,2024-11-07T03:19:05.589232,2024-11-07T04:04:41.967087,CLOSED,CAS-CSE-06-0261,FLIGHT-DISPATCH-SRV,False
ALT-CSE-06-01164,CSE-06,LOW,2024-11-22T12:08:30,2024-11-22T12:15:04.448769,2024-11-22T13:22:16.526876,CLOSED,,AIRPORT-WIFI-FW,False
ALT-CSE-06-01165,CSE-06,CRITICAL,2024-11-04T13:57:20,2024-11-04T14:08:28.668814,2024-11-04T14:38:32.966731,CLOSED,CAS-CSE-06-0262,AIRPORT-WIFI-FW,False
ALT-CSE-06-01166,CSE-06,HIGH,2024-11-06T16:40:30,2024-11-06T16:52:43.797921,2024-11-06T18:00:04.243837,CLOSED,,AIRPORT-WIFI-FW,False
ALT-CSE-06-01167,CSE-06,HIGH,2024-10-07T04:15:26,2024-10-07T04:23:13.250831,2024-10-07T05:31:40.861893,CLOSED,,AIRPORT-WIFI-FW,False
ALT-CSE-06-01168,CSE-06,HIGH,2024-11-17T10:06:18,2024-11-17T10:20:40.345975,2024-11-17T11:00:31.668101,CLOSED,,BAGGAGE-SORT-SCADA,False
ALT-CSE-06-01169,CSE-06,HIGH,2024-12-17T15:29:17,2024-12-17T15:35:17.920628,2024-12-17T16:35:00.961333,CLOSED,,BAGGAGE-SORT-SCADA,False
ALT-CSE-06-01170,CSE-06,MEDIUM,2024-10-02T12:00:02,2024-10-02T12:06:56.705122,2024-10-02T12:59:11.588339,CLOSED,,ATC-RADAR-GW-01,False
ALT-CSE-06-01171,CSE-06,LOW,2024-11-18T10:07:50,2024-11-18T10:17:06.135021,2024-11-18T10:42:42.713945,CLOSED,,ATC-RADAR-GW-01,False
ALT-CSE-06-01172,CSE-06,MEDIUM,2024-11-08T03:14:00,2024-11-08T03:19:18.626846,2024-11-08T04:20:43.120296,CLOSED,,FLIGHT-DISPATCH-SRV,False
ALT-CSE-06-01173,CSE-06,HIGH,2024-10-13T22:30:51,2024-10-13T22:43:26.451073,2024-10-13T23:13:10.358649,CLOSED,,BAGGAGE-SORT-SCADA,False
ALT-CSE-06-01174,CSE-06,LOW,2024-12-11T16:13:47,2024-12-11T16:19:31.692369,2024-12-11T17:26:13.769576,CLOSED,,BAGGAGE-SORT-SCADA,False
ALT-CSE-06-01175,CSE-06,HIGH,2024-10-24T17:07:29,2024-10-24T17:12:41.101032,2024-10-24T17:38:08.764540,CLOSED,,FLIGHT-DISPATCH-SRV,False
ALT-CSE-06-01176,CSE-06,CRITICAL,2024-10-20T10:57:23,2024-10-20T11:01:34.507201,2024-10-20T12:00:12.189473,CLOSED,CAS-CSE-06-0263,AIRPORT-WIFI-FW,False
ALT-CSE-06-01177,CSE-06,LOW,2024-12-17T17:35:48,2024-12-17T17:44:57.615335,2024-12-17T19:00:21.962465,CLOSED,,BAGGAGE-SORT-SCADA,False
ALT-CSE-06-01178,CSE-06,LOW,2024-12-10T20:52:01,2024-12-10T20:56:58.105214,2024-12-10T22:05:56.213809,CLOSED,,ATC-RADAR-GW-01,False
ALT-CSE-06-01179,CSE-06,MEDIUM,2024-11-07T15:28:22,2024-11-07T15:31:54.536835,2024-11-07T16:51:14.050339,CLOSED,,ATC-RADAR-GW-01,False
ALT-CSE-06-01180,CSE-06,MEDIUM,2024-11-16T03:38:03,2024-11-16T03:44:18.154313,2024-11-16T04:48:42.672092,CLOSED,,BAGGAGE-SORT-SCADA,False
ALT-CSE-06-01181,CSE-06,HIGH,2024-12-24T02:02:36,2024-12-24T02:17:00.731009,2024-12-24T03:08:16.497759,CLOSED,,AIRPORT-WIFI-FW,False
ALT-CSE-06-01182,CSE-06,MEDIUM,2024-11-24T07:05:17,2024-11-24T07:16:35.135908,2024-11-24T07:49:25.385599,CLOSED,,BAGGAGE-SORT-SCADA,False
ALT-CSE-06-01183,CSE-06,CRITICAL,2024-11-10T11:39:39,2024-11-10T11:44:49.984769,2024-11-10T12:31:59.979321,CLOSED,CAS-CSE-06-0264,BAGGAGE-SORT-SCADA,False
ALT-CSE-06-01184,CSE-06,HIGH,2024-11-16T09:05:48,2024-11-16T09:13:56.094192,2024-11-16T10:32:28.408218,CLOSED,,FLIGHT-DISPATCH-SRV,False
ALT-CSE-06-01185,CSE-06,MEDIUM,2024-11-20T05:13:18,2024-11-20T05:19:07.462455,2024-11-20T06:09:00.738405,CLOSED,CAS-CSE-06-0265,BAGGAGE-SORT-SCADA,True
ALT-CSE-06-01186,CSE-06,HIGH,2024-12-03T17:30:45,2024-12-03T17:38:21.996391,2024-12-03T18:47:02.377095,CLOSED,,BAGGAGE-SORT-SCADA,False
ALT-CSE-06-01187,CSE-06,CRITICAL,2024-12-28T17:38:36,2024-12-28T17:43:47.261588,2024-12-28T18:13:07.194219,CLOSED,CAS-CSE-06-0266,ATC-RADAR-GW-01,False
ALT-CSE-06-01188,CSE-06,MEDIUM,2024-10-31T19:00:41,2024-10-31T19:11:23.455642,2024-10-31T20:25:06.064176,CLOSED,,ATC-RADAR-GW-01,False
ALT-CSE-06-01189,CSE-06,HIGH,2024-11-23T04:45:10,2024-11-23T04:48:39.632907,2024-11-23T05:53:01.389984,CLOSED,,FLIGHT-DISPATCH-SRV,False
ALT-CSE-06-01190,CSE-06,HIGH,2024-10-13T02:03:44,2024-10-13T02:17:14.953583,2024-10-13T03:28:03.907977,CLOSED,,FLIGHT-DISPATCH-SRV,False
ALT-CSE-06-01191,CSE-06,MEDIUM,2024-12-04T10:44:39,2024-12-04T10:58:34.918181,2024-12-04T11:27:16.644326,CLOSED,,ATC-RADAR-GW-01,False
ALT-CSE-06-01192,CSE-06,LOW,2024-10-01T05:54:02,2024-10-01T06:08:39.036320,2024-10-01T06:39:18.785438,CLOSED,,AIRPORT-WIFI-FW,False
ALT-CSE-06-01193,CSE-06,LOW,2024-12-03T11:59:31,2024-12-03T12:05:34.587470,2024-12-03T12:48:29.009186,CLOSED,,AIRPORT-WIFI-FW,False
ALT-CSE-06-01194,CSE-06,MEDIUM,2024-11-22T18:10:55,2024-11-22T18:22:58.752050,2024-11-22T19:08:47.149204,CLOSED,,FLIGHT-DISPATCH-SRV,False
ALT-CSE-06-01195,CSE-06,CRITICAL,2024-12-09T20:35:13,2024-12-09T20:45:03.870101,2024-12-09T21:39:36.985469,CLOSED,CAS-CSE-06-0267,AIRPORT-WIFI-FW,False
ALT-CSE-06-01196,CSE-06,HIGH,2024-10-12T05:14:46,2024-10-12T05:20:49.476799,2024-10-12T06:01:00.078231,CLOSED,,ATC-RADAR-GW-01,False
ALT-CSE-06-01197,CSE-06,HIGH,2024-10-18T15:49:13,2024-10-18T16:00:42.599335,2024-10-18T16:41:39.255820,CLOSED,,AIRPORT-WIFI-FW,False
ALT-CSE-06-01198,CSE-06,MEDIUM,2024-11-17T13:36:17,2024-11-17T13:45:12.335056,2024-11-17T14:11:10.052751,CLOSED,,ATC-RADAR-GW-01,False
ALT-CSE-06-01199,CSE-06,LOW,2024-10-16T19:59:02,2024-10-16T20:11:14.667322,2024-10-16T21:07:21.154104,CLOSED,,ATC-RADAR-GW-01,False
ALT-CSE-06-01200,CSE-06,CRITICAL,2024-12-14T11:00:06,2024-12-14T11:03:12.194223,2024-12-14T11:55:47.160282,CLOSED,CAS-CSE-06-0268,FLIGHT-DISPATCH-SRV,False
ALT-CSE-06-01201,CSE-06,LOW,2024-11-21T04:05:19,2024-11-21T04:13:25.559009,2024-11-21T04:59:03.551470,CLOSED,,AIRPORT-WIFI-FW,False
ALT-CSE-06-01202,CSE-06,MEDIUM,2024-10-20T18:29:04,2024-10-20T18:33:06.215381,2024-10-20T19:15:08.511196,CLOSED,,ATC-RADAR-GW-01,False
ALT-CSE-06-01203,CSE-06,HIGH,2024-11-24T23:56:57,2024-11-25T00:09:11.265556,2024-11-25T01:24:05.259020,CLOSED,,AIRPORT-WIFI-FW,False
ALT-CSE-06-01204,CSE-06,LOW,2024-11-05T14:56:20,2024-11-05T15:04:56.486603,2024-11-05T16:06:01.194861,CLOSED,,FLIGHT-DISPATCH-SRV,False
ALT-CSE-06-01205,CSE-06,LOW,2024-12-16T21:44:32,2024-12-16T21:52:26.288432,2024-12-16T23:12:28.838317,CLOSED,,ATC-RADAR-GW-01,False
ALT-CSE-06-01206,CSE-06,LOW,2024-12-26T22:38:44,2024-12-26T22:53:12.627636,2024-12-26T23:49:37.829003,CLOSED,,BAGGAGE-SORT-SCADA,False
ALT-CSE-06-01207,CSE-06,HIGH,2024-10-15T18:17:19,2024-10-15T18:26:07.988117,2024-10-15T18:59:46.183670,CLOSED,,ATC-RADAR-GW-01,False
ALT-CSE-06-01208,CSE-06,MEDIUM,2024-12-07T06:17:36,2024-12-07T06:24:57.001178,2024-12-07T07:10:33.912400,CLOSED,,FLIGHT-DISPATCH-SRV,False
ALT-CSE-06-01209,CSE-06,LOW,2024-12-02T19:21:25,2024-12-02T19:30:46.625269,2024-12-02T20:42:09.750909,CLOSED,,AIRPORT-WIFI-FW,False
ALT-CSE-06-01210,CSE-06,CRITICAL,2024-11-08T00:26:27,2024-11-08T00:31:08.690677,2024-11-08T01:27:42.723388,CLOSED,CAS-CSE-06-0269,ATC-RADAR-GW-01,False
ALT-CSE-06-01211,CSE-06,MEDIUM,2024-10-23T09:15:17,2024-10-23T09:22:06.101998,2024-10-23T10:13:35.348345,CLOSED,,AIRPORT-WIFI-FW,False
ALT-CSE-06-01212,CSE-06,HIGH,2024-12-11T19:54:13,2024-12-11T20:04:33.327377,2024-12-11T20:38:58.778346,CLOSED,,BAGGAGE-SORT-SCADA,False
ALT-CSE-06-01213,CSE-06,LOW,2024-12-06T23:17:00,2024-12-06T23:30:52.455355,2024-12-06T23:53:05.472618,CLOSED,,BAGGAGE-SORT-SCADA,False
ALT-CSE-06-01214,CSE-06,MEDIUM,2024-11-01T04:42:43,2024-11-01T04:52:50.974130,2024-11-01T05:26:31.690879,CLOSED,,AIRPORT-WIFI-FW,False
ALT-CSE-06-01215,CSE-06,MEDIUM,2024-11-24T12:32:36,2024-11-24T12:41:16.258269,2024-11-24T13:16:14.103507,CLOSED,CAS-CSE-06-0270,FLIGHT-DISPATCH-SRV,False
ALT-CSE-06-01216,CSE-06,HIGH,2024-10-06T11:51:46,2024-10-06T12:02:35.241571,2024-10-06T12:24:51.310919,CLOSED,,FLIGHT-DISPATCH-SRV,False
ALT-CSE-06-01217,CSE-06,LOW,2024-11-16T09:33:12,2024-11-16T09:47:30.792340,2024-11-16T10:11:45.091724,CLOSED,,ATC-RADAR-GW-01,False
ALT-CSE-06-01218,CSE-06,CRITICAL,2024-10-24T21:09:17,2024-10-24T21:16:11.335684,2024-10-24T22:03:16.389057,CLOSED,,AIRPORT-WIFI-FW,False
ALT-CSE-06-01219,CSE-06,MEDIUM,2024-10-07T12:46:46,2024-10-07T12:51:47.554941,2024-10-07T13:45:53.039172,CLOSED,,ATC-RADAR-GW-01,False
ALT-CSE-06-01220,CSE-06,MEDIUM,2024-10-21T04:17:37,2024-10-21T04:31:11.600907,2024-10-21T04:54:44.863989,CLOSED,,ATC-RADAR-GW-01,False
ALT-CSE-06-01221,CSE-06,MEDIUM,2024-11-28T18:37:57,2024-11-28T18:52:19.432153,2024-11-28T20:06:07.630192,CLOSED,CAS-CSE-06-0271,AIRPORT-WIFI-FW,False
ALT-CSE-06-01222,CSE-06,CRITICAL,2024-12-29T01:09:16,2024-12-29T01:14:23.275585,2024-12-29T01:45:46.169726,CLOSED,,ATC-RADAR-GW-01,False
ALT-CSE-06-01223,CSE-06,LOW,2024-11-11T09:18:05,2024-11-11T09:22:24.683308,2024-11-11T09:49:04.732057,CLOSED,,FLIGHT-DISPATCH-SRV,False
ALT-CSE-06-01224,CSE-06,CRITICAL,2024-12-13T09:19:27,2024-12-13T09:32:48.512827,2024-12-13T10:13:04.752430,CLOSED,,BAGGAGE-SORT-SCADA,False
ALT-CSE-06-01225,CSE-06,HIGH,2024-11-07T00:30:36,2024-11-07T00:39:56.165308,2024-11-07T01:22:32.600213,CLOSED,,FLIGHT-DISPATCH-SRV,False
ALT-CSE-06-01226,CSE-06,MEDIUM,2024-10-08T10:45:58,2024-10-08T10:57:21.582273,2024-10-08T11:48:17.511171,CLOSED,,AIRPORT-WIFI-FW,False
ALT-CSE-06-01227,CSE-06,CRITICAL,2024-10-22T05:53:16,2024-10-22T06:01:26.750390,2024-10-22T07:13:15.207175,CLOSED,CAS-CSE-06-0272,AIRPORT-WIFI-FW,False
ALT-CSE-06-01228,CSE-06,HIGH,2024-11-30T02:36:16,2024-11-30T02:48:13.931652,2024-11-30T04:04:22.057578,CLOSED,,AIRPORT-WIFI-FW,False
ALT-CSE-06-01229,CSE-06,HIGH,2024-12-20T04:58:36,2024-12-20T05:05:25.278511,2024-12-20T06:07:49.076952,CLOSED,,ATC-RADAR-GW-01,False
ALT-CSE-06-01230,CSE-06,HIGH,2024-11-07T06:06:59,2024-11-07T06:19:15.421485,2024-11-07T07:02:53.947194,CLOSED,,BAGGAGE-SORT-SCADA,False
ALT-CSE-06-01231,CSE-06,MEDIUM,2024-11-03T21:48:39,2024-11-03T21:53:19.802589,2024-11-03T22:38:37.734781,CLOSED,,AIRPORT-WIFI-FW,False
ALT-CSE-06-01232,CSE-06,HIGH,2024-11-27T17:18:00,2024-11-27T17:21:37.173879,2024-11-27T18:00:02.851706,CLOSED,,ATC-RADAR-GW-01,False
ALT-CSE-06-01233,CSE-06,MEDIUM,2024-11-13T05:30:18,2024-11-13T05:38:57.463071,2024-11-13T06:23:55.591651,CLOSED,CAS-CSE-06-0273,AIRPORT-WIFI-FW,True
ALT-CSE-06-01234,CSE-06,MEDIUM,2024-10-11T07:15:29,2024-10-11T07:25:35.215680,2024-10-11T08:08:35.728170,CLOSED,,ATC-RADAR-GW-01,False
ALT-CSE-06-01235,CSE-06,LOW,2024-11-23T11:12:35,2024-11-23T11:18:55.721632,2024-11-23T12:29:23.169953,CLOSED,,FLIGHT-DISPATCH-SRV,False
ALT-CSE-06-01236,CSE-06,CRITICAL,2024-11-24T15:02:43,2024-11-24T15:17:28.360507,2024-11-24T15:41:23.358016,CLOSED,CAS-CSE-06-0274,BAGGAGE-SORT-SCADA,False
ALT-CSE-06-01237,CSE-06,MEDIUM,2024-11-20T04:40:04,2024-11-20T04:43:54.945584,2024-11-20T05:43:43.428213,CLOSED,,FLIGHT-DISPATCH-SRV,False
ALT-CSE-06-01238,CSE-06,MEDIUM,2024-10-21T12:29:09,2024-10-21T12:42:28.257418,2024-10-21T13:01:24.377228,CLOSED,CAS-CSE-06-0275,FLIGHT-DISPATCH-SRV,False
ALT-CSE-06-01239,CSE-06,HIGH,2024-12-12T03:14:48,2024-12-12T03:27:41.894044,2024-12-12T03:57:19.983136,CLOSED,,BAGGAGE-SORT-SCADA,False
ALT-CSE-06-01240,CSE-06,HIGH,2024-12-02T01:01:30,2024-12-02T01:16:24.064532,2024-12-02T02:25:57.722256,CLOSED,,BAGGAGE-SORT-SCADA,False
ALT-CSE-06-01241,CSE-06,LOW,2024-12-24T13:26:49,2024-12-24T13:37:18.792581,2024-12-24T14:27:30.357516,CLOSED,,ATC-RADAR-GW-01,False
ALT-CSE-06-01242,CSE-06,HIGH,2024-11-07T20:25:58,2024-11-07T20:32:14.372286,2024-11-07T21:25:05.086164,CLOSED,,BAGGAGE-SORT-SCADA,False
ALT-CSE-06-01243,CSE-06,MEDIUM,2024-11-30T15:58:46,2024-11-30T16:12:29.350532,2024-11-30T17:08:03.337855,CLOSED,,AIRPORT-WIFI-FW,False
ALT-CSE-06-01244,CSE-06,MEDIUM,2024-11-04T21:37:41,2024-11-04T21:43:13.424648,2024-11-04T23:04:00.626250,CLOSED,,BAGGAGE-SORT-SCADA,False
ALT-CSE-06-01245,CSE-06,HIGH,2024-10-17T15:01:50,2024-10-17T15:10:13.613789,2024-10-17T16:27:51.890752,CLOSED,,FLIGHT-DISPATCH-SRV,False
ALT-CSE-06-01246,CSE-06,HIGH,2024-10-18T13:27:48,2024-10-18T13:34:56.247329,2024-10-18T14:28:01.943964,CLOSED,,ATC-RADAR-GW-01,False
ALT-CSE-06-01247,CSE-06,CRITICAL,2024-12-06T19:56:20,2024-12-06T19:59:59.480369,2024-12-06T21:10:55.987714,CLOSED,,AIRPORT-WIFI-FW,False
ALT-CSE-06-01248,CSE-06,CRITICAL,2024-10-10T02:15:34,2024-10-10T02:28:01.019729,2024-10-10T03:26:05.215740,CLOSED,,AIRPORT-WIFI-FW,False
ALT-CSE-06-01249,CSE-06,LOW,2024-12-16T13:58:45,2024-12-16T14:01:58.148803,2024-12-16T14:58:45.047986,CLOSED,,AIRPORT-WIFI-FW,False
ALT-CSE-06-01250,CSE-06,HIGH,2024-11-26T22:19:41,2024-11-26T22:28:09.203352,2024-11-26T23:02:46.365890,CLOSED,,ATC-RADAR-GW-01,False
ALT-CSE-06-01251,CSE-06,HIGH,2024-12-18T09:32:18,2024-12-18T09:38:10.017136,2024-12-18T10:56:36.530652,CLOSED,,AIRPORT-WIFI-FW,False
ALT-CSE-06-01252,CSE-06,HIGH,2024-12-07T15:29:01,2024-12-07T15:40:34.379195,2024-12-07T16:19:46.544962,CLOSED,,ATC-RADAR-GW-01,False
ALT-CSE-06-01253,CSE-06,HIGH,2024-11-05T12:52:11,2024-11-05T13:04:47.720172,2024-11-05T13:37:25.157292,CLOSED,,AIRPORT-WIFI-FW,False
ALT-CSE-06-01254,CSE-06,HIGH,2024-10-17T09:08:05,2024-10-17T09:18:44.914825,2024-10-17T10:10:36.640688,CLOSED,,FLIGHT-DISPATCH-SRV,False
ALT-CSE-06-01255,CSE-06,LOW,2024-10-03T11:00:56,2024-10-03T11:14:52.963768,2024-10-03T12:20:17.824609,CLOSED,,FLIGHT-DISPATCH-SRV,False
ALT-CSE-06-01256,CSE-06,CRITICAL,2024-12-25T12:15:51,2024-12-25T12:23:24.125661,2024-12-25T13:42:53.871306,CLOSED,CAS-CSE-06-0276,ATC-RADAR-GW-01,False
ALT-CSE-06-01257,CSE-06,LOW,2024-10-27T01:11:36,2024-10-27T01:18:01.286139,2024-10-27T02:40:52.360990,CLOSED,,FLIGHT-DISPATCH-SRV,False
ALT-CSE-06-01258,CSE-06,MEDIUM,2024-12-15T20:11:11,2024-12-15T20:18:20.719739,2024-12-15T21:08:12.481652,CLOSED,,ATC-RADAR-GW-01,False
ALT-CSE-06-01259,CSE-06,HIGH,2024-12-12T15:18:10,2024-12-12T15:23:37.444229,2024-12-12T16:31:57.421135,CLOSED,,BAGGAGE-SORT-SCADA,False
ALT-CSE-06-01260,CSE-06,MEDIUM,2024-12-22T05:57:32,2024-12-22T06:10:17.287571,2024-12-22T06:36:42.024219,CLOSED,,BAGGAGE-SORT-SCADA,False
ALT-CSE-06-01261,CSE-06,MEDIUM,2024-10-22T01:29:32,2024-10-22T01:42:00.825257,2024-10-22T02:38:27.302895,CLOSED,,ATC-RADAR-GW-01,False
ALT-CSE-06-01262,CSE-06,CRITICAL,2024-11-04T21:33:48,2024-11-04T21:41:59.770609,2024-11-04T22:10:35.936069,CLOSED,CAS-CSE-06-0277,BAGGAGE-SORT-SCADA,False
ALT-CSE-06-01263,CSE-06,LOW,2024-11-18T22:57:25,2024-11-18T23:04:58.991216,2024-11-19T00:02:11.641921,CLOSED,,ATC-RADAR-GW-01,False
ALT-CSE-06-01264,CSE-06,MEDIUM,2024-11-10T17:07:49,2024-11-10T17:21:34.543645,2024-11-10T17:54:19.382980,CLOSED,,FLIGHT-DISPATCH-SRV,False
ALT-CSE-06-01265,CSE-06,MEDIUM,2024-11-08T11:35:57,2024-11-08T11:41:37.681781,2024-11-08T12:38:37.404337,CLOSED,,ATC-RADAR-GW-01,False
ALT-CSE-06-01266,CSE-06,MEDIUM,2024-11-13T17:12:29,2024-11-13T17:23:04.991309,2024-11-13T17:57:02.808782,CLOSED,,ATC-RADAR-GW-01,False
ALT-CSE-06-01267,CSE-06,LOW,2024-10-15T02:12:59,2024-10-15T02:25:40.211691,2024-10-15T03:20:41.181101,CLOSED,,AIRPORT-WIFI-FW,False
ALT-CSE-06-01268,CSE-06,HIGH,2024-10-20T13:40:36,2024-10-20T13:43:44.340811,2024-10-20T14:49:20.624315,CLOSED,,BAGGAGE-SORT-SCADA,False
ALT-CSE-06-01269,CSE-06,CRITICAL,2024-11-18T04:12:18,2024-11-18T04:15:46.959556,2024-11-18T05:02:52.059981,CLOSED,CAS-CSE-06-0278,BAGGAGE-SORT-SCADA,False
ALT-CSE-06-01270,CSE-06,MEDIUM,2024-12-03T17:40:14,2024-12-03T17:51:14.436919,2024-12-03T18:34:11.972944,CLOSED,CAS-CSE-06-0279,AIRPORT-WIFI-FW,False
ALT-CSE-06-01271,CSE-06,MEDIUM,2024-11-24T08:04:05,2024-11-24T08:17:13.258199,2024-11-24T09:21:50.975559,CLOSED,,AIRPORT-WIFI-FW,False
ALT-CSE-06-01272,CSE-06,CRITICAL,2024-10-20T10:52:29,2024-10-20T11:03:42.224146,2024-10-20T11:53:19.573268,CLOSED,,FLIGHT-DISPATCH-SRV,False
ALT-CSE-06-01273,CSE-06,LOW,2024-10-24T14:03:06,2024-10-24T14:11:03.151221,2024-10-24T15:09:23.245628,CLOSED,,ATC-RADAR-GW-01,False
ALT-CSE-06-01274,CSE-06,LOW,2024-12-10T22:39:42,2024-12-10T22:42:48.384134,2024-12-11T00:00:17.032493,CLOSED,,BAGGAGE-SORT-SCADA,False
ALT-CSE-06-01275,CSE-06,MEDIUM,2024-10-02T14:19:41,2024-10-02T14:30:09.624160,2024-10-02T15:01:17.095176,CLOSED,,ATC-RADAR-GW-01,False
ALT-CSE-06-01276,CSE-06,MEDIUM,2024-10-09T03:55:14,2024-10-09T04:06:19.961077,2024-10-09T04:42:56.982050,CLOSED,,AIRPORT-WIFI-FW,False
ALT-CSE-06-01277,CSE-06,MEDIUM,2024-10-05T22:41:33,2024-10-05T22:45:40.574370,2024-10-05T23:54:26.969926,CLOSED,,ATC-RADAR-GW-01,False
ALT-CSE-06-01278,CSE-06,HIGH,2024-12-24T00:22:02,2024-12-24T00:30:21.060971,2024-12-24T01:03:04.773311,CLOSED,,FLIGHT-DISPATCH-SRV,False
ALT-CSE-06-01279,CSE-06,HIGH,2024-10-17T19:06:13,2024-10-17T19:17:11.250273,2024-10-17T19:41:42.067777,CLOSED,,BAGGAGE-SORT-SCADA,False
ALT-CSE-06-01280,CSE-06,HIGH,2024-10-04T05:29:44,2024-10-04T05:32:57.182016,2024-10-04T06:27:06.731575,CLOSED,,FLIGHT-DISPATCH-SRV,False
ALT-CSE-06-01281,CSE-06,HIGH,2024-11-03T22:48:48,2024-11-03T23:00:09.255587,2024-11-03T23:45:27.711266,CLOSED,,ATC-RADAR-GW-01,False
ALT-CSE-06-01282,CSE-06,HIGH,2024-11-24T08:39:51,2024-11-24T08:46:54.097843,2024-11-24T09:53:26.159778,CLOSED,,FLIGHT-DISPATCH-SRV,False
ALT-CSE-06-01283,CSE-06,CRITICAL,2024-12-21T04:24:30,2024-12-21T04:28:14.131534,2024-12-21T05:04:57.016517,CLOSED,CAS-CSE-06-0280,ATC-RADAR-GW-01,False
ALT-CSE-06-01284,CSE-06,CRITICAL,2024-11-24T06:28:36,2024-11-24T06:41:32.672077,2024-11-24T07:24:35.408322,CLOSED,,FLIGHT-DISPATCH-SRV,False
ALT-CSE-06-01285,CSE-06,MEDIUM,2024-12-16T03:45:29,2024-12-16T03:55:37.859349,2024-12-16T04:35:23.416540,CLOSED,,AIRPORT-WIFI-FW,False
ALT-CSE-06-01286,CSE-06,CRITICAL,2024-11-18T08:48:10,2024-11-18T09:00:33.609614,2024-11-18T09:58:41.100908,CLOSED,,ATC-RADAR-GW-01,False
ALT-CSE-06-01287,CSE-06,MEDIUM,2024-12-15T01:09:26,2024-12-15T01:20:00.830481,2024-12-15T02:14:38.147019,CLOSED,,AIRPORT-WIFI-FW,False
ALT-CSE-06-01288,CSE-06,MEDIUM,2024-10-15T15:53:04,2024-10-15T16:02:52.729081,2024-10-15T17:15:23.702069,CLOSED,CAS-CSE-06-0281,AIRPORT-WIFI-FW,False
ALT-CSE-06-01289,CSE-06,HIGH,2024-11-10T23:42:08,2024-11-10T23:56:08.775451,2024-11-11T01:03:21.437399,CLOSED,,ATC-RADAR-GW-01,False
ALT-CSE-06-01290,CSE-06,MEDIUM,2024-12-22T14:50:45,2024-12-22T14:59:10.778198,2024-12-22T16:06:06.837802,CLOSED,CAS-CSE-06-0282,ATC-RADAR-GW-01,False
ALT-CSE-06-01291,CSE-06,LOW,2024-10-12T13:24:10,2024-10-12T13:37:21.435371,2024-10-12T14:43:58.968898,CLOSED,,ATC-RADAR-GW-01,False
ALT-CSE-06-01292,CSE-06,LOW,2024-11-04T10:40:48,2024-11-04T10:50:43.499221,2024-11-04T12:02:24.566128,CLOSED,,AIRPORT-WIFI-FW,False
ALT-CSE-06-01293,CSE-06,LOW,2024-12-26T23:48:57,2024-12-26T23:54:41.209024,2024-12-27T00:38:32.881337,CLOSED,,AIRPORT-WIFI-FW,False
ALT-CSE-06-01294,CSE-06,CRITICAL,2024-10-12T00:37:45,2024-10-12T00:48:17.621595,2024-10-12T01:44:57.983722,CLOSED,,ATC-RADAR-GW-01,False
ALT-CSE-06-01295,CSE-06,MEDIUM,2024-12-22T17:44:29,2024-12-22T17:47:58.326548,2024-12-22T18:45:37.393310,CLOSED,,AIRPORT-WIFI-FW,False
ALT-CSE-06-01296,CSE-06,CRITICAL,2024-12-26T07:39:40,2024-12-26T07:49:57.614616,2024-12-26T08:53:38.871134,CLOSED,CAS-CSE-06-0283,ATC-RADAR-GW-01,False
ALT-CSE-06-01297,CSE-06,LOW,2024-10-01T15:15:48,2024-10-01T15:22:25.713971,2024-10-01T16:04:14.786598,CLOSED,CAS-CSE-06-0284,FLIGHT-DISPATCH-SRV,False
ALT-CSE-06-01298,CSE-06,CRITICAL,2024-12-02T06:40:01,2024-12-02T06:47:39.420773,2024-12-02T07:18:46.041058,CLOSED,,FLIGHT-DISPATCH-SRV,False
ALT-CSE-06-01299,CSE-06,HIGH,2024-11-02T06:30:58,2024-11-02T06:39:02.968030,2024-11-02T07:15:33.385299,CLOSED,,FLIGHT-DISPATCH-SRV,False
ALT-CSE-06-01300,CSE-06,CRITICAL,2024-11-13T09:51:42,2024-11-13T09:59:08.483559,2024-11-13T10:38:35.612209,CLOSED,,FLIGHT-DISPATCH-SRV,False
ALT-CSE-06-01301,CSE-06,HIGH,2024-12-07T09:09:10,2024-12-07T09:18:57.956030,2024-12-07T09:53:47.621035,CLOSED,,BAGGAGE-SORT-SCADA,False
ALT-CSE-06-01302,CSE-06,CRITICAL,2024-12-05T12:01:50,2024-12-05T12:09:31.825793,2024-12-05T13:04:55.451659,CLOSED,,AIRPORT-WIFI-FW,False
ALT-CSE-06-01303,CSE-06,CRITICAL,2024-11-02T09:06:58,2024-11-02T09:15:09.965333,2024-11-02T09:38:40.324114,CLOSED,CAS-CSE-06-0285,ATC-RADAR-GW-01,False
ALT-CSE-06-01304,CSE-06,MEDIUM,2024-10-12T11:25:46,2024-10-12T11:39:23.664641,2024-10-12T12:49:09.135312,CLOSED,,BAGGAGE-SORT-SCADA,False
ALT-CSE-06-01305,CSE-06,CRITICAL,2024-10-01T21:21:13,2024-10-01T21:33:19.208760,2024-10-01T22:13:26.665404,CLOSED,CAS-CSE-06-0286,ATC-RADAR-GW-01,False
ALT-CSE-06-01306,CSE-06,LOW,2024-10-28T14:29:39,2024-10-28T14:36:26.957516,2024-10-28T15:18:20.178258,CLOSED,CAS-CSE-06-0287,FLIGHT-DISPATCH-SRV,False
ALT-CSE-06-01307,CSE-06,MEDIUM,2024-10-31T09:37:32,2024-10-31T09:46:35.175684,2024-10-31T10:35:30.370423,CLOSED,,ATC-RADAR-GW-01,False
ALT-CSE-06-01308,CSE-06,CRITICAL,2024-11-24T02:06:22,2024-11-24T02:17:00.446314,2024-11-24T03:34:44.903590,CLOSED,CAS-CSE-06-0288,AIRPORT-WIFI-FW,False
ALT-CSE-06-01309,CSE-06,CRITICAL,2024-10-13T20:04:16,2024-10-13T20:13:23.261329,2024-10-13T20:55:55.193220,CLOSED,CAS-CSE-06-0289,FLIGHT-DISPATCH-SRV,False
ALT-CSE-06-01310,CSE-06,HIGH,2024-12-02T07:23:24,2024-12-02T07:32:36.919289,2024-12-02T08:35:16.330147,CLOSED,,AIRPORT-WIFI-FW,False
ALT-CSE-06-01311,CSE-06,LOW,2024-11-09T16:02:34,2024-11-09T16:16:38.264550,2024-11-09T17:19:01.459957,CLOSED,,ATC-RADAR-GW-01,False
ALT-CSE-06-01312,CSE-06,CRITICAL,2024-12-03T14:25:29,2024-12-03T14:37:53.204837,2024-12-03T15:22:56.899736,CLOSED,CAS-CSE-06-0290,BAGGAGE-SORT-SCADA,False
ALT-CSE-06-01313,CSE-06,CRITICAL,2024-12-28T13:02:33,2024-12-28T13:07:12.013659,2024-12-28T14:24:10.623087,CLOSED,CAS-CSE-06-0291,FLIGHT-DISPATCH-SRV,False
ALT-CSE-06-01314,CSE-06,CRITICAL,2024-10-27T22:28:30,2024-10-27T22:39:24.593916,2024-10-27T23:38:26.449391,CLOSED,CAS-CSE-06-0292,AIRPORT-WIFI-FW,False
ALT-CSE-06-01315,CSE-06,LOW,2024-11-14T05:41:27,2024-11-14T05:48:21.180428,2024-11-14T06:37:40.429946,CLOSED,,ATC-RADAR-GW-01,False
ALT-CSE-06-01316,CSE-06,HIGH,2024-12-10T08:21:29,2024-12-10T08:26:25.611492,2024-12-10T09:50:30.986946,CLOSED,,ATC-RADAR-GW-01,False
ALT-CSE-06-01317,CSE-06,CRITICAL,2024-12-17T20:11:24,2024-12-17T20:21:31.071318,2024-12-17T21:10:19.375430,CLOSED,,BAGGAGE-SORT-SCADA,False
ALT-CSE-06-01318,CSE-06,MEDIUM,2024-10-25T01:16:11,2024-10-25T01:28:56.572250,2024-10-25T01:50:58.658657,CLOSED,,ATC-RADAR-GW-01,False
ALT-CSE-06-01319,CSE-06,CRITICAL,2024-10-27T00:18:36,2024-10-27T00:32:39.136126,2024-10-27T01:24:43.872403,CLOSED,,BAGGAGE-SORT-SCADA,False
ALT-CSE-06-01320,CSE-06,MEDIUM,2024-10-09T20:25:00,2024-10-09T20:36:04.442691,2024-10-09T21:02:00.552122,CLOSED,,BAGGAGE-SORT-SCADA,False
ALT-CSE-06-01321,CSE-06,MEDIUM,2024-12-01T14:10:13,2024-12-01T14:14:14.984125,2024-12-01T15:24:40.380876,CLOSED,,ATC-RADAR-GW-01,False
ALT-CSE-06-01322,CSE-06,MEDIUM,2024-12-04T11:57:56,2024-12-04T12:01:30.228530,2024-12-04T13:04:00.390655,CLOSED,,AIRPORT-WIFI-FW,False
ALT-CSE-06-01323,CSE-06,HIGH,2024-12-09T03:26:45,2024-12-09T03:31:03.891139,2024-12-09T04:00:23.017706,CLOSED,CAS-CSE-06-0293,AIRPORT-WIFI-FW,False
ALT-CSE-06-01324,CSE-06,CRITICAL,2024-12-01T03:21:15,2024-12-01T03:26:22.183480,2024-12-01T04:02:37.830921,CLOSED,CAS-CSE-06-0294,AIRPORT-WIFI-FW,False
ALT-CSE-06-01325,CSE-06,LOW,2024-12-05T10:38:30,2024-12-05T10:41:47.624933,2024-12-05T11:46:23.043392,CLOSED,,AIRPORT-WIFI-FW,False
ALT-CSE-06-01326,CSE-06,HIGH,2024-12-05T18:09:23,2024-12-05T18:13:12.720724,2024-12-05T19:17:31.195298,CLOSED,,ATC-RADAR-GW-01,False
ALT-CSE-06-01327,CSE-06,HIGH,2024-10-22T14:46:32,2024-10-22T14:50:08.130309,2024-10-22T15:36:52.144645,CLOSED,,BAGGAGE-SORT-SCADA,False
ALT-CSE-06-01328,CSE-06,CRITICAL,2024-12-25T16:16:58,2024-12-25T16:24:18.264260,2024-12-25T17:00:18.546082,CLOSED,CAS-CSE-06-0295,FLIGHT-DISPATCH-SRV,False
ALT-CSE-06-01329,CSE-06,LOW,2024-11-21T19:52:44,2024-11-21T20:00:56.125664,2024-11-21T21:08:11.831921,CLOSED,,AIRPORT-WIFI-FW,False
ALT-CSE-06-01330,CSE-06,HIGH,2024-11-12T03:48:31,2024-11-12T03:58:04.528504,2024-11-12T05:00:28.207273,CLOSED,,AIRPORT-WIFI-FW,False
ALT-CSE-06-01331,CSE-06,HIGH,2024-10-13T12:50:32,2024-10-13T12:57:57.635217,2024-10-13T13:33:26.001843,CLOSED,,ATC-RADAR-GW-01,False
ALT-CSE-06-01332,CSE-06,LOW,2024-10-31T10:56:46,2024-10-31T11:02:04.382562,2024-10-31T12:00:34.453231,CLOSED,,ATC-RADAR-GW-01,False
ALT-CSE-06-01333,CSE-06,LOW,2024-10-17T14:11:22,2024-10-17T14:19:25.086439,2024-10-17T15:17:45.954684,CLOSED,,AIRPORT-WIFI-FW,False
ALT-CSE-06-01334,CSE-06,HIGH,2024-12-20T19:37:31,2024-12-20T19:47:18.547476,2024-12-20T20:21:40.444647,CLOSED,,ATC-RADAR-GW-01,False
ALT-CSE-06-01335,CSE-06,CRITICAL,2024-11-10T01:45:10,2024-11-10T01:50:31.456021,2024-11-10T02:47:48.041227,CLOSED,CAS-CSE-06-0296,ATC-RADAR-GW-01,False
ALT-CSE-06-01336,CSE-06,LOW,2024-10-09T11:36:49,2024-10-09T11:39:56.606389,2024-10-09T12:50:04.239593,CLOSED,,FLIGHT-DISPATCH-SRV,False
ALT-CSE-06-01337,CSE-06,MEDIUM,2024-10-22T09:15:09,2024-10-22T09:19:10.728031,2024-10-22T09:49:07.789718,CLOSED,CAS-CSE-06-0297,BAGGAGE-SORT-SCADA,False
ALT-CSE-06-01338,CSE-06,MEDIUM,2024-12-19T08:22:09,2024-12-19T08:34:46.760459,2024-12-19T09:39:54.198454,CLOSED,,BAGGAGE-SORT-SCADA,False
ALT-CSE-06-01339,CSE-06,HIGH,2024-12-13T06:05:42,2024-12-13T06:12:09.918593,2024-12-13T07:01:06.545520,CLOSED,,BAGGAGE-SORT-SCADA,False
ALT-CSE-06-01340,CSE-06,MEDIUM,2024-12-26T10:44:31,2024-12-26T10:48:23.874232,2024-12-26T11:56:24.077874,CLOSED,,FLIGHT-DISPATCH-SRV,False
ALT-CSE-06-01341,CSE-06,LOW,2024-11-10T20:49:51,2024-11-10T20:54:07.493790,2024-11-10T21:30:43.778556,CLOSED,,BAGGAGE-SORT-SCADA,False
ALT-CSE-06-01342,CSE-06,MEDIUM,2024-12-02T00:03:11,2024-12-02T00:06:12.061848,2024-12-02T00:57:25.831313,CLOSED,,ATC-RADAR-GW-01,False
ALT-CSE-06-01343,CSE-06,HIGH,2024-10-27T20:34:28,2024-10-27T20:49:04.873923,2024-10-27T21:37:41.351307,CLOSED,,FLIGHT-DISPATCH-SRV,False
ALT-CSE-06-01344,CSE-06,CRITICAL,2024-11-19T07:43:37,2024-11-19T07:47:30.454780,2024-11-19T09:10:23.948605,CLOSED,CAS-CSE-06-0298,ATC-RADAR-GW-01,False
ALT-CSE-06-01345,CSE-06,MEDIUM,2024-12-17T08:28:48,2024-12-17T08:33:22.123437,2024-12-17T09:09:25.024118,CLOSED,CAS-CSE-06-0299,FLIGHT-DISPATCH-SRV,False
ALT-CSE-06-01346,CSE-06,CRITICAL,2024-12-20T23:05:15,2024-12-20T23:08:40.936804,2024-12-21T00:00:22.070795,CLOSED,CAS-CSE-06-0300,BAGGAGE-SORT-SCADA,False
ALT-CSE-06-01347,CSE-06,MEDIUM,2024-10-27T10:37:17,2024-10-27T10:41:16.038228,2024-10-27T11:27:28.467384,CLOSED,,FLIGHT-DISPATCH-SRV,False
ALT-CSE-06-01348,CSE-06,HIGH,2024-10-20T11:08:55,2024-10-20T11:22:25.085298,2024-10-20T12:11:08.884549,CLOSED,,AIRPORT-WIFI-FW,False
ALT-CSE-06-01349,CSE-06,LOW,2024-10-20T06:54:17,2024-10-20T07:00:02.301544,2024-10-20T07:25:34.435145,CLOSED,,FLIGHT-DISPATCH-SRV,False
ALT-CSE-06-01350,CSE-06,MEDIUM,2024-11-05T20:25:53,2024-11-05T20:31:26.467043,2024-11-05T21:25:51.022576,CLOSED,,AIRPORT-WIFI-FW,False
ALT-CSE-06-01351,CSE-06,HIGH,2024-10-15T14:28:30,2024-10-15T14:33:48.982721,2024-10-15T14:59:23.794769,CLOSED,,BAGGAGE-SORT-SCADA,False
ALT-CSE-06-01352,CSE-06,MEDIUM,2024-12-07T09:35:17,2024-12-07T09:39:15.298688,2024-12-07T10:12:09.117181,CLOSED,,FLIGHT-DISPATCH-SRV,False
ALT-CSE-06-01353,CSE-06,MEDIUM,2024-10-21T13:55:16,2024-10-21T14:02:15.866308,2024-10-21T15:03:34.434300,CLOSED,,AIRPORT-WIFI-FW,False
ALT-CSE-06-01354,CSE-06,LOW,2024-10-06T18:35:54,2024-10-06T18:46:47.931567,2024-10-06T19:06:40.346745,CLOSED,,ATC-RADAR-GW-01,False
ALT-CSE-06-01355,CSE-06,LOW,2024-10-05T19:25:17,2024-10-05T19:31:11.171920,2024-10-05T20:18:23.938940,CLOSED,,ATC-RADAR-GW-01,False
ALT-CSE-06-01356,CSE-06,CRITICAL,2024-11-04T01:10:03,2024-11-04T01:21:09.535468,2024-11-04T02:06:52.951264,CLOSED,CAS-CSE-06-0301,FLIGHT-DISPATCH-SRV,False
ALT-CSE-06-01357,CSE-06,CRITICAL,2024-12-27T07:19:29,2024-12-27T07:27:54.879532,2024-12-27T08:36:00.959868,CLOSED,,ATC-RADAR-GW-01,False
ALT-CSE-06-01358,CSE-06,HIGH,2024-10-04T06:47:30,2024-10-04T06:56:23.648298,2024-10-04T08:10:18.593905,CLOSED,,AIRPORT-WIFI-FW,False
ALT-CSE-06-01359,CSE-06,HIGH,2024-12-06T03:59:47,2024-12-06T04:09:40.974684,2024-12-06T04:34:56.039383,CLOSED,,ATC-RADAR-GW-01,False
ALT-CSE-06-01360,CSE-06,HIGH,2024-11-06T06:11:15,2024-11-06T06:22:37.530369,2024-11-06T07:02:55.391507,CLOSED,,AIRPORT-WIFI-FW,False
ALT-CSE-06-01361,CSE-06,LOW,2024-11-13T00:10:49,2024-11-13T00:18:01.584016,2024-11-13T01:35:26.664024,CLOSED,,ATC-RADAR-GW-01,False
ALT-CSE-06-01362,CSE-06,LOW,2024-12-12T01:35:56,2024-12-12T01:43:27.280283,2024-12-12T02:08:27.587287,CLOSED,,AIRPORT-WIFI-FW,False
ALT-CSE-06-01363,CSE-06,CRITICAL,2024-10-08T18:03:32,2024-10-08T18:10:47.380263,2024-10-08T18:58:04.188305,CLOSED,CAS-CSE-06-0302,BAGGAGE-SORT-SCADA,False
ALT-CSE-06-01364,CSE-06,HIGH,2024-11-30T14:38:28,2024-11-30T14:53:23.337582,2024-11-30T15:11:57.762808,CLOSED,CAS-CSE-06-0303,AIRPORT-WIFI-FW,False
ALT-CSE-06-01365,CSE-06,CRITICAL,2024-10-14T21:09:18,2024-10-14T21:17:57.907394,2024-10-14T21:39:18.023047,CLOSED,CAS-CSE-06-0304,BAGGAGE-SORT-SCADA,False
ALT-CSE-06-01366,CSE-06,CRITICAL,2024-11-15T17:58:43,2024-11-15T18:07:25.855104,2024-11-15T18:44:12.532068,CLOSED,CAS-CSE-06-0305,AIRPORT-WIFI-FW,False
ALT-CSE-06-01367,CSE-06,CRITICAL,2024-12-21T11:09:14,2024-12-21T11:12:43.433754,2024-12-21T11:58:16.364636,CLOSED,CAS-CSE-06-0306,ATC-RADAR-GW-01,False
ALT-CSE-06-01368,CSE-06,MEDIUM,2024-10-03T06:26:02,2024-10-03T06:29:49.299269,2024-10-03T07:04:40.473088,CLOSED,,FLIGHT-DISPATCH-SRV,False
ALT-CSE-06-01369,CSE-06,MEDIUM,2024-10-04T18:39:26,2024-10-04T18:44:14.099613,2024-10-04T19:53:04.450369,CLOSED,,ATC-RADAR-GW-01,False
ALT-CSE-06-01370,CSE-06,CRITICAL,2024-12-07T20:35:02,2024-12-07T20:44:27.886073,2024-12-07T21:18:56.400109,CLOSED,CAS-CSE-06-0307,BAGGAGE-SORT-SCADA,False
ALT-CSE-06-01371,CSE-06,HIGH,2024-11-19T00:43:47,2024-11-19T00:53:45.994826,2024-11-19T01:34:33.506189,CLOSED,CAS-CSE-06-0308,ATC-RADAR-GW-01,False
ALT-CSE-06-01372,CSE-06,HIGH,2024-11-21T02:14:07,2024-11-21T02:28:39.484536,2024-11-21T03:11:57.753676,CLOSED,,ATC-RADAR-GW-01,False
ALT-CSE-06-01373,CSE-06,HIGH,2024-10-11T15:36:21,2024-10-11T15:40:54.798921,2024-10-11T16:46:08.150740,CLOSED,,AIRPORT-WIFI-FW,False
ALT-CSE-06-01374,CSE-06,CRITICAL,2024-10-23T01:02:02,2024-10-23T01:06:51.137154,2024-10-23T02:07:59.423692,CLOSED,,AIRPORT-WIFI-FW,False
ALT-CSE-06-01375,CSE-06,HIGH,2024-12-26T03:51:17,2024-12-26T03:55:42.546777,2024-12-26T04:58:23.117836,CLOSED,,ATC-RADAR-GW-01,False
ALT-CSE-06-01376,CSE-06,LOW,2024-11-05T11:44:11,2024-11-05T11:51:54.670369,2024-11-05T13:09:59.810468,CLOSED,,AIRPORT-WIFI-FW,False
ALT-CSE-06-01377,CSE-06,MEDIUM,2024-11-10T08:04:04,2024-11-10T08:08:37.452150,2024-11-10T09:04:00.702838,CLOSED,,ATC-RADAR-GW-01,False
ALT-CSE-06-01378,CSE-06,HIGH,2024-12-03T02:27:59,2024-12-03T02:35:36.216835,2024-12-03T03:42:05.715029,CLOSED,,BAGGAGE-SORT-SCADA,False
ALT-CSE-06-01379,CSE-06,CRITICAL,2024-12-29T06:03:44,2024-12-29T06:11:36.068417,2024-12-29T07:30:27.707540,CLOSED,CAS-CSE-06-0309,ATC-RADAR-GW-01,False
ALT-CSE-06-01380,CSE-06,MEDIUM,2024-10-24T03:32:39,2024-10-24T03:39:18.886346,2024-10-24T04:29:34.887784,CLOSED,,ATC-RADAR-GW-01,False
ALT-CSE-06-01381,CSE-06,MEDIUM,2024-12-23T06:35:39,2024-12-23T06:44:04.934599,2024-12-23T07:40:10.369937,CLOSED,,AIRPORT-WIFI-FW,False
ALT-CSE-06-01382,CSE-06,LOW,2024-11-15T02:50:35,2024-11-15T03:03:35.104363,2024-11-15T04:13:46.231004,CLOSED,,BAGGAGE-SORT-SCADA,False
ALT-CSE-06-01383,CSE-06,LOW,2024-11-16T11:19:27,2024-11-16T11:25:03.678844,2024-11-16T12:22:47.772690,CLOSED,,AIRPORT-WIFI-FW,False
ALT-CSE-06-01384,CSE-06,HIGH,2024-11-27T11:36:36,2024-11-27T11:41:02.908845,2024-11-27T12:13:57.567121,CLOSED,,AIRPORT-WIFI-FW,False
ALT-CSE-06-01385,CSE-06,HIGH,2024-10-08T23:34:30,2024-10-08T23:38:19.704629,2024-10-09T00:40:19.438785,CLOSED,,FLIGHT-DISPATCH-SRV,False
ALT-CSE-06-01386,CSE-06,MEDIUM,2024-11-18T15:18:57,2024-11-18T15:28:03.060372,2024-11-18T16:05:23.463798,CLOSED,,BAGGAGE-SORT-SCADA,False
ALT-CSE-06-01387,CSE-06,MEDIUM,2024-10-16T21:45:26,2024-10-16T21:53:20.393013,2024-10-16T22:47:18.772540,CLOSED,,AIRPORT-WIFI-FW,False
ALT-CSE-06-01388,CSE-06,MEDIUM,2024-11-14T07:44:25,2024-11-14T07:50:15.696350,2024-11-14T08:22:05.053513,CLOSED,CAS-CSE-06-0310,FLIGHT-DISPATCH-SRV,False
ALT-CSE-06-01389,CSE-06,MEDIUM,2024-12-16T10:30:43,2024-12-16T10:37:17.614252,2024-12-16T12:00:06.615798,CLOSED,,FLIGHT-DISPATCH-SRV,False
ALT-CSE-06-01390,CSE-06,LOW,2024-12-25T08:24:44,2024-12-25T08:38:28.233890,2024-12-25T09:54:07.542002,CLOSED,,AIRPORT-WIFI-FW,False
ALT-CSE-06-01391,CSE-06,MEDIUM,2024-10-25T17:21:55,2024-10-25T17:25:35.879180,2024-10-25T17:59:51.043752,CLOSED,,ATC-RADAR-GW-01,False
ALT-CSE-06-01392,CSE-06,LOW,2024-11-15T04:12:31,2024-11-15T04:22:40.741253,2024-11-15T05:27:51.325643,CLOSED,,FLIGHT-DISPATCH-SRV,False
ALT-CSE-06-01393,CSE-06,MEDIUM,2024-11-13T13:18:47,2024-11-13T13:30:58.361860,2024-11-13T14:01:14.798674,CLOSED,,FLIGHT-DISPATCH-SRV,False
ALT-CSE-06-01394,CSE-06,CRITICAL,2024-12-08T19:08:35,2024-12-08T19:16:24.559571,2024-12-08T19:54:51.453823,CLOSED,CAS-CSE-06-0311,FLIGHT-DISPATCH-SRV,False
ALT-CSE-06-01395,CSE-06,LOW,2024-10-10T16:37:19,2024-10-10T16:51:24.053617,2024-10-10T17:56:17.412001,CLOSED,,ATC-RADAR-GW-01,False
ALT-CSE-06-01396,CSE-06,LOW,2024-12-28T06:10:30,2024-12-28T06:24:36.181433,2024-12-28T06:40:51.456107,CLOSED,,ATC-RADAR-GW-01,False
ALT-CSE-06-01397,CSE-06,CRITICAL,2024-11-29T16:02:34,2024-11-29T16:08:39.676509,2024-11-29T17:04:17.122231,CLOSED,,ATC-RADAR-GW-01,False
ALT-CSE-06-01398,CSE-06,HIGH,2024-11-04T20:05:35,2024-11-04T20:10:56.153489,2024-11-04T21:14:31.080973,CLOSED,CAS-CSE-06-0312,AIRPORT-WIFI-FW,False
ALT-CSE-06-01399,CSE-06,CRITICAL,2024-12-05T08:32:16,2024-12-05T08:42:51.484909,2024-12-05T09:02:37.539351,CLOSED,CAS-CSE-06-0313,FLIGHT-DISPATCH-SRV,False
ALT-CSE-06-01400,CSE-06,HIGH,2024-10-14T14:40:29,2024-10-14T14:48:16.695795,2024-10-14T15:44:59.867827,CLOSED,,BAGGAGE-SORT-SCADA,False
ALT-CSE-06-01401,CSE-06,LOW,2024-12-07T04:38:45,2024-12-07T04:43:58.955635,2024-12-07T05:41:25.183670,CLOSED,,ATC-RADAR-GW-01,False
ALT-CSE-06-01402,CSE-06,MEDIUM,2024-11-04T00:24:57,2024-11-04T00:31:11.424212,2024-11-04T01:00:13.922930,CLOSED,,FLIGHT-DISPATCH-SRV,False
ALT-CSE-06-01403,CSE-06,HIGH,2024-12-19T06:49:18,2024-12-19T06:54:14.444191,2024-12-19T07:53:53.759430,CLOSED,,ATC-RADAR-GW-01,False
ALT-CSE-06-01404,CSE-06,MEDIUM,2024-10-05T03:12:55,2024-10-05T03:26:09.516980,2024-10-05T03:45:00.571183,CLOSED,,ATC-RADAR-GW-01,False
ALT-CSE-06-01405,CSE-06,MEDIUM,2024-11-17T09:35:46,2024-11-17T09:43:27.483783,2024-11-17T10:33:52.009727,CLOSED,,ATC-RADAR-GW-01,False
ALT-CSE-06-01406,CSE-06,LOW,2024-10-04T15:26:03,2024-10-04T15:31:18.398797,2024-10-04T16:31:17.071803,CLOSED,,ATC-RADAR-GW-01,False
ALT-CSE-06-01407,CSE-06,CRITICAL,2024-11-14T07:08:51,2024-11-14T07:19:42.706737,2024-11-14T08:10:59.437470,CLOSED,CAS-CSE-06-0314,FLIGHT-DISPATCH-SRV,False
ALT-CSE-06-01408,CSE-06,LOW,2024-11-19T21:13:45,2024-11-19T21:20:44.364513,2024-11-19T22:01:33.046103,CLOSED,,AIRPORT-WIFI-FW,False
ALT-CSE-06-01409,CSE-06,MEDIUM,2024-10-26T07:04:51,2024-10-26T07:13:25.134219,2024-10-26T07:57:38.159740,CLOSED,,ATC-RADAR-GW-01,False
ALT-CSE-06-01410,CSE-06,MEDIUM,2024-12-25T01:46:54,2024-12-25T01:54:33.512792,2024-12-25T02:28:49.132104,CLOSED,,ATC-RADAR-GW-01,False
ALT-CSE-06-01411,CSE-06,MEDIUM,2024-10-28T22:35:57,2024-10-28T22:42:31.864314,2024-10-28T23:35:37.541198,CLOSED,CAS-CSE-06-0315,BAGGAGE-SORT-SCADA,False
ALT-CSE-06-01412,CSE-06,HIGH,2024-10-05T17:58:35,2024-10-05T18:12:22.789582,2024-10-05T18:35:53.437897,CLOSED,,BAGGAGE-SORT-SCADA,False
ALT-CSE-06-01413,CSE-06,LOW,2024-12-08T09:49:13,2024-12-08T09:53:52.676118,2024-12-08T10:28:05.526101,CLOSED,,FLIGHT-DISPATCH-SRV,False
ALT-CSE-06-01414,CSE-06,MEDIUM,2024-11-17T22:41:46,2024-11-17T22:52:58.931657,2024-11-17T23:37:43.673773,CLOSED,,BAGGAGE-SORT-SCADA,False
ALT-CSE-06-01415,CSE-06,CRITICAL,2024-12-10T20:34:41,2024-12-10T20:38:28.441129,2024-12-10T21:23:07.331634,CLOSED,CAS-CSE-06-0316,FLIGHT-DISPATCH-SRV,False
ALT-CSE-06-01416,CSE-06,MEDIUM,2024-11-18T21:11:58,2024-11-18T21:16:35.446490,2024-11-18T22:26:30.290028,CLOSED,,ATC-RADAR-GW-01,False
ALT-CSE-06-01417,CSE-06,MEDIUM,2024-10-28T17:05:41,2024-10-28T17:17:31.397375,2024-10-28T18:20:09.160458,CLOSED,,BAGGAGE-SORT-SCADA,False
ALT-CSE-06-01418,CSE-06,HIGH,2024-10-05T01:18:04,2024-10-05T01:23:03.159167,2024-10-05T02:39:07.014330,CLOSED,,AIRPORT-WIFI-FW,False
ALT-CSE-06-01419,CSE-06,MEDIUM,2024-12-05T19:39:39,2024-12-05T19:45:15.741016,2024-12-05T20:35:01.685671,CLOSED,,BAGGAGE-SORT-SCADA,False
ALT-CSE-06-01420,CSE-06,CRITICAL,2024-10-19T07:24:30,2024-10-19T07:33:26.297392,2024-10-19T08:53:00.068744,CLOSED,CAS-CSE-06-0317,BAGGAGE-SORT-SCADA,False
ALT-CSE-06-01421,CSE-06,HIGH,2024-10-22T18:34:31,2024-10-22T18:44:29.037062,2024-10-22T19:59:25.606475,CLOSED,,ATC-RADAR-GW-01,False
ALT-CSE-06-01422,CSE-06,MEDIUM,2024-12-13T02:40:53,2024-12-13T02:50:35.852701,2024-12-13T03:12:14.970207,CLOSED,,FLIGHT-DISPATCH-SRV,False
ALT-CSE-06-01423,CSE-06,MEDIUM,2024-11-04T08:18:56,2024-11-04T08:24:44.530374,2024-11-04T08:54:29.758670,CLOSED,,AIRPORT-WIFI-FW,False
ALT-CSE-06-01424,CSE-06,CRITICAL,2024-11-28T05:31:25,2024-11-28T05:35:21.789004,2024-11-28T07:00:33.673454,CLOSED,CAS-CSE-06-0318,FLIGHT-DISPATCH-SRV,False
ALT-CSE-06-01425,CSE-06,MEDIUM,2024-12-22T19:54:27,2024-12-22T20:08:20.486034,2024-12-22T21:02:10.405144,CLOSED,,AIRPORT-WIFI-FW,False
ALT-CSE-06-01426,CSE-06,CRITICAL,2024-10-27T01:54:14,2024-10-27T02:04:47.583592,2024-10-27T02:30:11.971299,CLOSED,,BAGGAGE-SORT-SCADA,False
ALT-CSE-06-01427,CSE-06,CRITICAL,2024-11-27T10:04:38,2024-11-27T10:14:05.123453,2024-11-27T11:06:01.489524,CLOSED,CAS-CSE-06-0319,BAGGAGE-SORT-SCADA,False
ALT-CSE-06-01428,CSE-06,MEDIUM,2024-10-21T13:25:24,2024-10-21T13:31:17.277149,2024-10-21T14:22:43.945778,CLOSED,,AIRPORT-WIFI-FW,False
ALT-CSE-06-01429,CSE-06,MEDIUM,2024-12-17T05:35:31,2024-12-17T05:50:07.122306,2024-12-17T06:19:16.766276,CLOSED,,BAGGAGE-SORT-SCADA,False
ALT-CSE-06-01430,CSE-06,CRITICAL,2024-12-14T20:47:06,2024-12-14T20:57:37.008470,2024-12-14T21:27:46.460121,CLOSED,CAS-CSE-06-0320,BAGGAGE-SORT-SCADA,False
ALT-CSE-06-01431,CSE-06,LOW,2024-11-08T18:46:19,2024-11-08T18:58:10.702343,2024-11-08T19:31:20.353953,CLOSED,,FLIGHT-DISPATCH-SRV,False
ALT-CSE-06-01432,CSE-06,LOW,2024-10-26T10:52:10,2024-10-26T11:02:53.332599,2024-10-26T11:36:31.367421,CLOSED,,FLIGHT-DISPATCH-SRV,False
ALT-CSE-06-01433,CSE-06,LOW,2024-10-14T20:12:56,2024-10-14T20:16:02.274088,2024-10-14T21:01:05.266043,CLOSED,,AIRPORT-WIFI-FW,False
ALT-CSE-06-01434,CSE-06,HIGH,2024-10-22T19:37:41,2024-10-22T19:48:30.727361,2024-10-22T21:03:07.704340,CLOSED,,BAGGAGE-SORT-SCADA,False
ALT-CSE-06-01435,CSE-06,MEDIUM,2024-11-07T21:08:36,2024-11-07T21:21:46.428543,2024-11-07T21:46:41.661125,CLOSED,,ATC-RADAR-GW-01,False
ALT-CSE-06-01436,CSE-06,LOW,2024-12-02T03:21:02,2024-12-02T03:27:16.666593,2024-12-02T04:44:32.205258,CLOSED,,ATC-RADAR-GW-01,False
ALT-CSE-06-01437,CSE-06,MEDIUM,2024-10-12T08:42:37,2024-10-12T08:53:14.488236,2024-10-12T10:11:43.173284,CLOSED,CAS-CSE-06-0321,BAGGAGE-SORT-SCADA,False
ALT-CSE-06-01438,CSE-06,MEDIUM,2024-11-04T04:40:55,2024-11-04T04:55:17.197447,2024-11-04T05:15:08.262784,CLOSED,,FLIGHT-DISPATCH-SRV,False
ALT-CSE-06-01439,CSE-06,CRITICAL,2024-10-19T19:40:40,2024-10-19T19:47:12.396952,2024-10-19T20:20:08.724638,CLOSED,CAS-CSE-06-0322,ATC-RADAR-GW-01,False
ALT-CSE-06-01440,CSE-06,HIGH,2024-12-02T09:48:53,2024-12-02T09:55:41.233781,2024-12-02T10:38:28.914149,CLOSED,,BAGGAGE-SORT-SCADA,False
ALT-CSE-06-01441,CSE-06,LOW,2024-11-08T22:35:14,2024-11-08T22:40:03.171206,2024-11-08T23:07:08.798536,CLOSED,,AIRPORT-WIFI-FW,False
ALT-CSE-06-01442,CSE-06,LOW,2024-10-10T21:28:21,2024-10-10T21:38:11.895736,2024-10-10T22:50:33.746537,CLOSED,,FLIGHT-DISPATCH-SRV,False
ALT-CSE-06-01443,CSE-06,HIGH,2024-11-06T08:52:00,2024-11-06T08:56:58.327389,2024-11-06T10:08:15.058598,CLOSED,,BAGGAGE-SORT-SCADA,False
ALT-CSE-06-01444,CSE-06,MEDIUM,2024-12-07T05:23:25,2024-12-07T05:34:04.886863,2024-12-07T05:53:25.519236,CLOSED,,ATC-RADAR-GW-01,False
ALT-CSE-06-01445,CSE-06,MEDIUM,2024-10-13T12:55:23,2024-10-13T13:01:49.449841,2024-10-13T13:41:44.279824,CLOSED,,BAGGAGE-SORT-SCADA,False
ALT-CSE-06-01446,CSE-06,HIGH,2024-10-02T18:05:54,2024-10-02T18:20:53.270808,2024-10-02T19:23:31.949676,CLOSED,,BAGGAGE-SORT-SCADA,False
ALT-CSE-06-01447,CSE-06,MEDIUM,2024-11-15T02:13:53,2024-11-15T02:24:33.711084,2024-11-15T02:55:24.249689,CLOSED,,FLIGHT-DISPATCH-SRV,False
ALT-CSE-06-01448,CSE-06,CRITICAL,2024-10-30T23:38:09,2024-10-30T23:52:45.927967,2024-10-31T00:44:51.309013,CLOSED,CAS-CSE-06-0323,AIRPORT-WIFI-FW,False
ALT-CSE-06-01449,CSE-06,LOW,2024-11-27T15:41:46,2024-11-27T15:50:16.842133,2024-11-27T16:34:54.581904,CLOSED,,ATC-RADAR-GW-01,False
ALT-CSE-06-01450,CSE-06,CRITICAL,2024-12-13T19:11:46,2024-12-13T19:19:37.970269,2024-12-13T19:45:05.989801,CLOSED,CAS-CSE-06-0324,BAGGAGE-SORT-SCADA,False
ALT-CSE-06-01451,CSE-06,HIGH,2024-12-20T00:54:39,2024-12-20T01:00:57.054378,2024-12-20T02:21:04.831173,CLOSED,,AIRPORT-WIFI-FW,False
ALT-CSE-06-01452,CSE-06,MEDIUM,2024-10-08T13:58:24,2024-10-08T14:06:08.904013,2024-10-08T15:11:27.591374,CLOSED,,FLIGHT-DISPATCH-SRV,False
ALT-CSE-06-01453,CSE-06,CRITICAL,2024-10-08T09:42:02,2024-10-08T09:50:58.790483,2024-10-08T10:21:00.591436,CLOSED,,BAGGAGE-SORT-SCADA,False
ALT-CSE-06-01454,CSE-06,MEDIUM,2024-12-26T22:33:04,2024-12-26T22:45:48.024595,2024-12-26T23:13:16.602862,CLOSED,,AIRPORT-WIFI-FW,False
ALT-CSE-06-01455,CSE-06,CRITICAL,2024-12-25T07:17:34,2024-12-25T07:25:52.888605,2024-12-25T07:49:58.681814,CLOSED,CAS-CSE-06-0325,FLIGHT-DISPATCH-SRV,False
ALT-CSE-06-01456,CSE-06,HIGH,2024-11-08T08:54:11,2024-11-08T09:05:20.214842,2024-11-08T09:47:18.780158,CLOSED,,AIRPORT-WIFI-FW,False
ALT-CSE-06-01457,CSE-06,LOW,2024-11-19T06:50:25,2024-11-19T07:04:28.672879,2024-11-19T08:18:20.337318,CLOSED,,FLIGHT-DISPATCH-SRV,False
ALT-CSE-06-01458,CSE-06,MEDIUM,2024-11-15T22:16:37,2024-11-15T22:30:06.196309,2024-11-15T23:39:05.376111,CLOSED,,BAGGAGE-SORT-SCADA,False
ALT-CSE-06-01459,CSE-06,MEDIUM,2024-11-04T17:48:45,2024-11-04T17:54:14.999503,2024-11-04T18:48:43.598827,CLOSED,,AIRPORT-WIFI-FW,False
ALT-CSE-06-01460,CSE-06,LOW,2024-10-28T18:06:55,2024-10-28T18:11:20.443900,2024-10-28T18:55:29.552152,CLOSED,,ATC-RADAR-GW-01,False
ALT-CSE-06-01461,CSE-06,LOW,2024-11-27T17:58:38,2024-11-27T18:03:17.534564,2024-11-27T18:35:22.898310,CLOSED,,FLIGHT-DISPATCH-SRV,False
ALT-CSE-06-01462,CSE-06,LOW,2024-12-08T05:58:36,2024-12-08T06:05:45.471240,2024-12-08T07:27:02.047703,CLOSED,,AIRPORT-WIFI-FW,False
ALT-CSE-06-01463,CSE-06,LOW,2024-10-03T15:49:21,2024-10-03T16:01:55.503482,2024-10-03T16:31:42.384382,CLOSED,,ATC-RADAR-GW-01,False
ALT-CSE-06-01464,CSE-06,LOW,2024-10-02T19:33:52,2024-10-02T19:45:22.145771,2024-10-02T21:02:10.686362,CLOSED,,AIRPORT-WIFI-FW,False
ALT-CSE-06-01465,CSE-06,MEDIUM,2024-12-10T04:35:30,2024-12-10T04:45:19.227015,2024-12-10T05:09:13.991839,CLOSED,,AIRPORT-WIFI-FW,False
ALT-CSE-06-01466,CSE-06,HIGH,2024-11-16T12:05:34,2024-11-16T12:17:44.381092,2024-11-16T12:47:22.134648,CLOSED,,BAGGAGE-SORT-SCADA,False
ALT-CSE-06-01467,CSE-06,MEDIUM,2024-12-06T01:56:44,2024-12-06T02:02:44.682799,2024-12-06T03:11:27.048833,CLOSED,,AIRPORT-WIFI-FW,False
ALT-CSE-06-01468,CSE-06,HIGH,2024-10-17T16:10:02,2024-10-17T16:16:34.773029,2024-10-17T17:23:16.496941,CLOSED,,FLIGHT-DISPATCH-SRV,False
ALT-CSE-06-01469,CSE-06,LOW,2024-11-29T01:17:02,2024-11-29T01:23:59.422512,2024-11-29T01:56:05.475306,CLOSED,CAS-CSE-06-0326,FLIGHT-DISPATCH-SRV,False
ALT-CSE-06-01470,CSE-06,MEDIUM,2024-11-08T15:29:49,2024-11-08T15:42:25.757089,2024-11-08T16:16:27.305513,CLOSED,,FLIGHT-DISPATCH-SRV,False
ALT-CSE-06-01471,CSE-06,HIGH,2024-12-05T10:10:54,2024-12-05T10:17:57.920144,2024-12-05T11:06:58.986807,CLOSED,,AIRPORT-WIFI-FW,False
ALT-CSE-06-01472,CSE-06,HIGH,2024-12-17T21:11:11,2024-12-17T21:17:57.251209,2024-12-17T21:41:35.262860,CLOSED,,FLIGHT-DISPATCH-SRV,False
ALT-CSE-06-01473,CSE-06,MEDIUM,2024-11-19T19:45:54,2024-11-19T19:48:55.833913,2024-11-19T20:33:20.257860,CLOSED,,FLIGHT-DISPATCH-SRV,False
ALT-CSE-06-01474,CSE-06,HIGH,2024-10-19T05:32:40,2024-10-19T05:45:59.081669,2024-10-19T06:33:46.776893,CLOSED,,AIRPORT-WIFI-FW,False
ALT-CSE-06-01475,CSE-06,LOW,2024-10-16T08:11:00,2024-10-16T08:17:35.086374,2024-10-16T08:54:58.877863,CLOSED,CAS-CSE-06-0327,FLIGHT-DISPATCH-SRV,False
ALT-CSE-06-01476,CSE-06,CRITICAL,2024-10-10T03:12:58,2024-10-10T03:16:12.161462,2024-10-10T03:48:07.484761,CLOSED,,ATC-RADAR-GW-01,False
ALT-CSE-06-01477,CSE-06,CRITICAL,2024-10-22T07:48:32,2024-10-22T07:54:10.462068,2024-10-22T09:07:14.897175,CLOSED,CAS-CSE-06-0328,ATC-RADAR-GW-01,False
ALT-CSE-06-01478,CSE-06,HIGH,2024-10-16T06:35:50,2024-10-16T06:40:59.203812,2024-10-16T07:43:41.630974,CLOSED,,AIRPORT-WIFI-FW,False
ALT-CSE-06-01479,CSE-06,MEDIUM,2024-10-21T17:01:45,2024-10-21T17:05:54.654594,2024-10-21T17:55:24.258157,CLOSED,,FLIGHT-DISPATCH-SRV,False
ALT-CSE-06-01480,CSE-06,LOW,2024-10-09T06:03:59,2024-10-09T06:18:25.965106,2024-10-09T06:35:07.930651,CLOSED,,BAGGAGE-SORT-SCADA,False
ALT-CSE-06-01481,CSE-06,LOW,2024-12-15T09:28:51,2024-12-15T09:42:02.041244,2024-12-15T10:43:40.265627,CLOSED,,BAGGAGE-SORT-SCADA,False
ALT-CSE-06-01482,CSE-06,LOW,2024-10-07T05:04:23,2024-10-07T05:19:07.098982,2024-10-07T05:42:39.080947,CLOSED,,FLIGHT-DISPATCH-SRV,False
ALT-CSE-06-01483,CSE-06,MEDIUM,2024-10-01T11:38:38,2024-10-01T11:50:13.220512,2024-10-01T12:58:39.787026,CLOSED,,FLIGHT-DISPATCH-SRV,False
ALT-CSE-06-01484,CSE-06,CRITICAL,2024-12-11T17:50:27,2024-12-11T17:56:32.600210,2024-12-11T19:14:27.665322,CLOSED,CAS-CSE-06-0329,AIRPORT-WIFI-FW,False
ALT-CSE-06-01485,CSE-06,HIGH,2024-10-20T22:55:50,2024-10-20T23:00:08.972453,2024-10-20T23:27:42.485305,CLOSED,,BAGGAGE-SORT-SCADA,False
ALT-CSE-06-01486,CSE-06,MEDIUM,2024-12-09T23:04:18,2024-12-09T23:17:29.112727,2024-12-10T00:10:41.241189,CLOSED,,FLIGHT-DISPATCH-SRV,False
ALT-CSE-06-01487,CSE-06,MEDIUM,2024-12-15T02:53:16,2024-12-15T03:05:44.093305,2024-12-15T03:50:03.314028,CLOSED,,FLIGHT-DISPATCH-SRV,False
ALT-CSE-06-01488,CSE-06,HIGH,2024-10-02T14:40:51,2024-10-02T14:52:19.403148,2024-10-02T15:49:54.363050,CLOSED,,BAGGAGE-SORT-SCADA,False
ALT-CSE-06-01489,CSE-06,CRITICAL,2024-12-11T22:24:35,2024-12-11T22:28:00.501892,2024-12-11T23:32:12.268191,CLOSED,CAS-CSE-06-0330,ATC-RADAR-GW-01,False
ALT-CSE-06-01490,CSE-06,LOW,2024-10-17T09:26:05,2024-10-17T09:40:37.562236,2024-10-17T10:15:05.644685,CLOSED,,BAGGAGE-SORT-SCADA,False
ALT-CSE-06-01491,CSE-06,LOW,2024-12-05T03:46:43,2024-12-05T03:57:23.317823,2024-12-05T04:51:23.206071,CLOSED,,AIRPORT-WIFI-FW,False
ALT-CSE-06-01492,CSE-06,LOW,2024-11-23T09:28:15,2024-11-23T09:37:59.833410,2024-11-23T10:24:52.104918,CLOSED,CAS-CSE-06-0331,AIRPORT-WIFI-FW,False
ALT-CSE-06-01493,CSE-06,MEDIUM,2024-11-09T23:59:05,2024-11-10T00:05:14.245351,2024-11-10T01:19:15.270056,CLOSED,,BAGGAGE-SORT-SCADA,False
ALT-CSE-06-01494,CSE-06,MEDIUM,2024-11-05T21:14:57,2024-11-05T21:27:39.853003,2024-11-05T21:51:51.921709,CLOSED,CAS-CSE-06-0332,ATC-RADAR-GW-01,False
ALT-CSE-06-01495,CSE-06,CRITICAL,2024-12-01T18:11:01,2024-12-01T18:14:58.395252,2024-12-01T19:37:33.468531,CLOSED,CAS-CSE-06-0333,AIRPORT-WIFI-FW,False
ALT-CSE-06-01496,CSE-06,CRITICAL,2024-12-18T00:40:40,2024-12-18T00:49:03.683535,2024-12-18T02:07:08.141525,CLOSED,CAS-CSE-06-0334,FLIGHT-DISPATCH-SRV,False
ALT-CSE-06-01497,CSE-06,LOW,2024-10-17T07:50:04,2024-10-17T07:55:22.926149,2024-10-17T09:16:06.994384,CLOSED,,FLIGHT-DISPATCH-SRV,False
ALT-CSE-06-01498,CSE-06,CRITICAL,2024-10-20T22:33:01,2024-10-20T22:36:26.428181,2024-10-20T23:59:18.456009,CLOSED,CAS-CSE-06-0335,FLIGHT-DISPATCH-SRV,False
ALT-CSE-06-01499,CSE-06,HIGH,2024-12-13T00:22:46,2024-12-13T00:35:24.571867,2024-12-13T01:38:37.149219,CLOSED,,BAGGAGE-SORT-SCADA,False
ALT-CSE-06-01500,CSE-06,CRITICAL,2024-10-19T18:16:56,2024-10-19T18:25:21.494214,2024-10-19T19:43:34.493729,CLOSED,CAS-CSE-06-0336,FLIGHT-DISPATCH-SRV,False
ALT-CSE-06-01501,CSE-06,HIGH,2024-11-26T22:03:10,2024-11-26T22:12:28.209345,2024-11-26T22:44:22.062350,CLOSED,CAS-CSE-06-0337,BAGGAGE-SORT-SCADA,False
ALT-CSE-06-01502,CSE-06,HIGH,2024-11-25T13:15:15,2024-11-25T13:24:01.985314,2024-11-25T13:55:21.672305,CLOSED,,FLIGHT-DISPATCH-SRV,False
ALT-CSE-06-01503,CSE-06,HIGH,2024-10-19T09:00:38,2024-10-19T09:14:31.659113,2024-10-19T10:14:21.234117,CLOSED,,ATC-RADAR-GW-01,False
ALT-CSE-06-01504,CSE-06,MEDIUM,2024-12-17T18:34:25,2024-12-17T18:48:20.876956,2024-12-17T19:14:28.822446,CLOSED,,AIRPORT-WIFI-FW,False
ALT-CSE-06-01505,CSE-06,CRITICAL,2024-10-23T16:08:15,2024-10-23T16:19:30.214418,2024-10-23T16:58:28.341457,CLOSED,CAS-CSE-06-0338,AIRPORT-WIFI-FW,False
ALT-CSE-06-01506,CSE-06,CRITICAL,2024-10-13T03:27:36,2024-10-13T03:36:51.600369,2024-10-13T04:15:16.877146,CLOSED,CAS-CSE-06-0339,BAGGAGE-SORT-SCADA,False
ALT-CSE-06-01507,CSE-06,HIGH,2024-11-25T06:43:48,2024-11-25T06:55:11.718281,2024-11-25T07:46:16.158216,CLOSED,,AIRPORT-WIFI-FW,False
ALT-CSE-06-01508,CSE-06,MEDIUM,2024-11-16T11:13:26,2024-11-16T11:23:27.263881,2024-11-16T12:37:48.583091,CLOSED,CAS-CSE-06-0340,BAGGAGE-SORT-SCADA,False
ALT-CSE-06-01509,CSE-06,HIGH,2024-12-07T00:43:54,2024-12-07T00:48:43.492454,2024-12-07T01:21:08.910211,CLOSED,CAS-CSE-06-0341,ATC-RADAR-GW-01,False
ALT-CSE-06-01510,CSE-06,MEDIUM,2024-11-22T11:09:48,2024-11-22T11:14:39.481444,2024-11-22T12:05:21.187893,CLOSED,,ATC-RADAR-GW-01,False
ALT-CSE-06-01511,CSE-06,CRITICAL,2024-10-22T17:59:00,2024-10-22T18:11:22.148864,2024-10-22T18:43:04.830576,CLOSED,CAS-CSE-06-0342,AIRPORT-WIFI-FW,False
ALT-CSE-06-01512,CSE-06,HIGH,2024-10-16T05:12:58,2024-10-16T05:17:51.896036,2024-10-16T06:29:21.211367,CLOSED,,FLIGHT-DISPATCH-SRV,False
ALT-CSE-06-01513,CSE-06,MEDIUM,2024-11-14T19:18:22,2024-11-14T19:32:49.888322,2024-11-14T20:02:13.412787,CLOSED,,BAGGAGE-SORT-SCADA,False
ALT-CSE-06-01514,CSE-06,MEDIUM,2024-11-18T11:02:11,2024-11-18T11:06:04.119067,2024-11-18T12:18:47.155900,CLOSED,,AIRPORT-WIFI-FW,False
ALT-CSE-06-01515,CSE-06,MEDIUM,2024-10-13T06:48:31,2024-10-13T06:52:16.572111,2024-10-13T07:32:14.110577,CLOSED,,AIRPORT-WIFI-FW,False
ALT-CSE-06-01516,CSE-06,HIGH,2024-12-16T12:38:40,2024-12-16T12:42:59.908191,2024-12-16T13:24:29.772829,CLOSED,,BAGGAGE-SORT-SCADA,False
ALT-CSE-06-01517,CSE-06,CRITICAL,2024-10-29T21:52:52,2024-10-29T22:00:18.811984,2024-10-29T23:16:29.042042,CLOSED,CAS-CSE-06-0343,AIRPORT-WIFI-FW,False
ALT-CSE-06-01518,CSE-06,HIGH,2024-12-06T22:10:38,2024-12-06T22:16:15.012483,2024-12-06T22:53:10.689734,CLOSED,,AIRPORT-WIFI-FW,False
ALT-CSE-06-01519,CSE-06,LOW,2024-11-30T09:59:06,2024-11-30T10:14:02.171306,2024-11-30T11:08:27.511760,CLOSED,,BAGGAGE-SORT-SCADA,False
ALT-CSE-06-01520,CSE-06,LOW,2024-12-23T11:20:17,2024-12-23T11:27:06.242962,2024-12-23T12:36:43.887941,CLOSED,CAS-CSE-06-0344,AIRPORT-WIFI-FW,False
ALT-CSE-06-01521,CSE-06,CRITICAL,2024-10-24T08:28:33,2024-10-24T08:38:10.048935,2024-10-24T09:47:57.306756,CLOSED,CAS-CSE-06-0345,AIRPORT-WIFI-FW,False
ALT-CSE-06-01522,CSE-06,HIGH,2024-12-07T00:22:34,2024-12-07T00:35:01.409750,2024-12-07T01:06:48.610949,CLOSED,,FLIGHT-DISPATCH-SRV,False
ALT-CSE-06-01523,CSE-06,MEDIUM,2024-11-18T14:16:49,2024-11-18T14:21:28.059334,2024-11-18T15:20:57.683734,CLOSED,,BAGGAGE-SORT-SCADA,False
ALT-CSE-06-01524,CSE-06,HIGH,2024-12-17T03:07:29,2024-12-17T03:14:38.576504,2024-12-17T03:38:33.740477,CLOSED,,ATC-RADAR-GW-01,False
ALT-CSE-06-01525,CSE-06,LOW,2024-11-23T04:28:33,2024-11-23T04:40:41.408959,2024-11-23T05:37:17.744464,CLOSED,,ATC-RADAR-GW-01,False
ALT-CSE-06-01526,CSE-06,LOW,2024-11-19T00:59:20,2024-11-19T01:11:59.704703,2024-11-19T02:23:21.644977,CLOSED,CAS-CSE-06-0346,BAGGAGE-SORT-SCADA,False
ALT-CSE-06-01527,CSE-06,MEDIUM,2024-11-28T16:17:51,2024-11-28T16:32:29.533952,2024-11-28T17:01:26.955205,CLOSED,,FLIGHT-DISPATCH-SRV,False
ALT-CSE-06-01528,CSE-06,CRITICAL,2024-10-14T00:47:16,2024-10-14T00:50:21.192726,2024-10-14T02:10:10.411719,CLOSED,CAS-CSE-06-0347,BAGGAGE-SORT-SCADA,False
ALT-CSE-06-01529,CSE-06,LOW,2024-12-16T01:29:24,2024-12-16T01:43:46.493328,2024-12-16T02:57:19.979368,CLOSED,,BAGGAGE-SORT-SCADA,False
ALT-CSE-06-01530,CSE-06,LOW,2024-11-30T02:33:54,2024-11-30T02:39:59.719848,2024-11-30T03:58:34.657085,CLOSED,,BAGGAGE-SORT-SCADA,False
ALT-CSE-06-01531,CSE-06,MEDIUM,2024-10-26T22:44:01,2024-10-26T22:57:52.357915,2024-10-27T00:05:31.361400,CLOSED,,AIRPORT-WIFI-FW,False
ALT-CSE-06-01532,CSE-06,MEDIUM,2024-11-20T01:34:22,2024-11-20T01:39:10.384941,2024-11-20T02:34:58.578139,CLOSED,,BAGGAGE-SORT-SCADA,False
ALT-CSE-06-01533,CSE-06,HIGH,2024-12-24T05:40:33,2024-12-24T05:49:46.705402,2024-12-24T06:14:52.951857,CLOSED,,ATC-RADAR-GW-01,False
ALT-CSE-06-01534,CSE-06,MEDIUM,2024-11-12T22:22:01,2024-11-12T22:26:20.313131,2024-11-12T23:20:59.757958,CLOSED,,FLIGHT-DISPATCH-SRV,False
ALT-CSE-06-01535,CSE-06,LOW,2024-11-30T07:03:55,2024-11-30T07:09:17.584056,2024-11-30T07:55:30.473005,CLOSED,,FLIGHT-DISPATCH-SRV,False
ALT-CSE-06-01536,CSE-06,HIGH,2024-10-23T06:54:36,2024-10-23T07:02:30.031617,2024-10-23T07:33:32.290838,CLOSED,,AIRPORT-WIFI-FW,False
ALT-CSE-06-01537,CSE-06,HIGH,2024-11-12T09:10:59,2024-11-12T09:16:21.232264,2024-11-12T10:24:59.454313,CLOSED,,FLIGHT-DISPATCH-SRV,False
ALT-CSE-06-01538,CSE-06,LOW,2024-10-17T21:13:38,2024-10-17T21:25:08.565851,2024-10-17T22:22:27.562161,CLOSED,,ATC-RADAR-GW-01,False
ALT-CSE-06-01539,CSE-06,HIGH,2024-10-11T15:11:00,2024-10-11T15:22:35.291495,2024-10-11T16:25:40.055430,CLOSED,,AIRPORT-WIFI-FW,False
ALT-CSE-06-01540,CSE-06,CRITICAL,2024-11-25T01:26:22,2024-11-25T01:30:17.541233,2024-11-25T02:33:34.835992,CLOSED,CAS-CSE-06-0348,ATC-RADAR-GW-01,False
ALT-CSE-06-01541,CSE-06,LOW,2024-12-03T02:10:11,2024-12-03T02:16:23.755649,2024-12-03T03:32:52.095157,CLOSED,CAS-CSE-06-0349,AIRPORT-WIFI-FW,False
ALT-CSE-06-01542,CSE-06,HIGH,2024-10-17T11:20:38,2024-10-17T11:35:19.417446,2024-10-17T12:35:15.327783,CLOSED,,FLIGHT-DISPATCH-SRV,False
ALT-CSE-06-01543,CSE-06,MEDIUM,2024-12-13T12:58:42,2024-12-13T13:08:56.696221,2024-12-13T13:29:35.953736,CLOSED,,BAGGAGE-SORT-SCADA,False
ALT-CSE-06-01544,CSE-06,MEDIUM,2024-10-23T00:52:43,2024-10-23T01:04:24.859450,2024-10-23T01:57:54.435669,CLOSED,,BAGGAGE-SORT-SCADA,False
ALT-CSE-06-01545,CSE-06,HIGH,2024-10-28T18:18:45,2024-10-28T18:24:50.172765,2024-10-28T18:51:51.004034,CLOSED,,ATC-RADAR-GW-01,False
ALT-CSE-06-01546,CSE-06,HIGH,2024-12-19T20:10:07,2024-12-19T20:21:25.236417,2024-12-19T21:05:01.573664,CLOSED,,BAGGAGE-SORT-SCADA,False
ALT-CSE-06-01547,CSE-06,CRITICAL,2024-10-04T02:53:08,2024-10-04T02:56:11.825480,2024-10-04T03:41:34.632811,CLOSED,CAS-CSE-06-0350,ATC-RADAR-GW-01,False
ALT-CSE-06-01548,CSE-06,HIGH,2024-11-29T00:08:28,2024-11-29T00:18:19.891567,2024-11-29T01:02:38.253041,CLOSED,,BAGGAGE-SORT-SCADA,False
ALT-CSE-06-01549,CSE-06,CRITICAL,2024-12-09T20:21:46,2024-12-09T20:31:14.461061,2024-12-09T21:40:48.197425,CLOSED,CAS-CSE-06-0351,ATC-RADAR-GW-01,False
ALT-CSE-06-01550,CSE-06,HIGH,2024-12-04T04:14:18,2024-12-04T04:25:06.018116,2024-12-04T05:09:56.293550,CLOSED,,AIRPORT-WIFI-FW,False
ALT-CSE-06-01551,CSE-06,LOW,2024-11-12T20:54:13,2024-11-12T21:06:35.628823,2024-11-12T22:02:48.547578,CLOSED,,AIRPORT-WIFI-FW,False
ALT-CSE-06-01552,CSE-06,HIGH,2024-10-31T08:22:06,2024-10-31T08:35:58.476038,2024-10-31T09:25:59.094618,CLOSED,,FLIGHT-DISPATCH-SRV,False
ALT-CSE-06-01553,CSE-06,MEDIUM,2024-12-24T10:21:55,2024-12-24T10:35:47.882829,2024-12-24T11:03:19.290802,CLOSED,,ATC-RADAR-GW-01,False
ALT-CSE-06-01554,CSE-06,LOW,2024-11-30T16:36:00,2024-11-30T16:40:52.867385,2024-11-30T17:39:29.996183,CLOSED,,FLIGHT-DISPATCH-SRV,False
ALT-CSE-06-01555,CSE-06,MEDIUM,2024-12-14T06:37:10,2024-12-14T06:48:31.432904,2024-12-14T07:13:46.323188,CLOSED,,FLIGHT-DISPATCH-SRV,False
ALT-CSE-06-01556,CSE-06,MEDIUM,2024-11-10T04:46:49,2024-11-10T04:58:48.177922,2024-11-10T05:43:19.822700,CLOSED,,FLIGHT-DISPATCH-SRV,False
ALT-CSE-06-01557,CSE-06,CRITICAL,2024-11-04T13:35:13,2024-11-04T13:42:55.872322,2024-11-04T14:34:59.942103,CLOSED,CAS-CSE-06-0352,AIRPORT-WIFI-FW,False
ALT-CSE-06-01558,CSE-06,MEDIUM,2024-10-25T01:24:49,2024-10-25T01:32:25.163395,2024-10-25T02:24:42.347231,CLOSED,,ATC-RADAR-GW-01,False
ALT-CSE-06-01559,CSE-06,LOW,2024-12-28T19:06:21,2024-12-28T19:21:03.921146,2024-12-28T19:43:36.694375,CLOSED,,AIRPORT-WIFI-FW,False
ALT-CSE-06-01560,CSE-06,CRITICAL,2024-12-28T02:58:10,2024-12-28T03:02:57.705916,2024-12-28T04:01:02.340733,CLOSED,CAS-CSE-06-0353,AIRPORT-WIFI-FW,False
ALT-CSE-06-01561,CSE-06,LOW,2024-10-15T01:10:12,2024-10-15T01:23:45.351214,2024-10-15T02:10:19.973439,CLOSED,,FLIGHT-DISPATCH-SRV,False
ALT-CSE-06-01562,CSE-06,MEDIUM,2024-12-12T22:45:37,2024-12-12T22:49:53.550866,2024-12-13T00:03:04.924586,CLOSED,,AIRPORT-WIFI-FW,False
ALT-CSE-06-01563,CSE-06,CRITICAL,2024-11-30T18:04:33,2024-11-30T18:11:05.507880,2024-11-30T19:12:46.872947,CLOSED,CAS-CSE-06-0354,AIRPORT-WIFI-FW,False
ALT-CSE-06-01564,CSE-06,HIGH,2024-11-10T13:31:25,2024-11-10T13:43:49.212657,2024-11-10T14:59:16.723800,CLOSED,,FLIGHT-DISPATCH-SRV,False
ALT-CSE-06-01565,CSE-06,HIGH,2024-12-03T20:14:01,2024-12-03T20:27:54.435340,2024-12-03T20:53:00.487012,CLOSED,,AIRPORT-WIFI-FW,False
ALT-CSE-06-01566,CSE-06,CRITICAL,2024-11-21T16:20:23,2024-11-21T16:35:20.662949,2024-11-21T17:27:46.003878,CLOSED,CAS-CSE-06-0355,FLIGHT-DISPATCH-SRV,False
ALT-CSE-06-01567,CSE-06,CRITICAL,2024-12-07T05:40:39,2024-12-07T05:53:58.706087,2024-12-07T06:56:22.329400,CLOSED,CAS-CSE-06-0356,BAGGAGE-SORT-SCADA,False
ALT-CSE-06-01568,CSE-06,MEDIUM,2024-11-20T09:06:57,2024-11-20T09:10:47.913264,2024-11-20T10:34:07.503431,CLOSED,,ATC-RADAR-GW-01,False
ALT-CSE-06-01569,CSE-06,CRITICAL,2024-10-04T14:20:40,2024-10-04T14:28:04.941218,2024-10-04T15:44:24.748801,CLOSED,,FLIGHT-DISPATCH-SRV,False
ALT-CSE-06-01570,CSE-06,MEDIUM,2024-11-29T18:42:36,2024-11-29T18:52:59.106852,2024-11-29T19:29:26.579861,CLOSED,,ATC-RADAR-GW-01,False
ALT-CSE-06-01571,CSE-06,MEDIUM,2024-12-06T17:31:56,2024-12-06T17:39:54.098026,2024-12-06T18:37:07.531846,CLOSED,,FLIGHT-DISPATCH-SRV,False
ALT-CSE-06-01572,CSE-06,MEDIUM,2024-10-29T18:40:56,2024-10-29T18:44:18.299510,2024-10-29T19:29:15.261505,CLOSED,,BAGGAGE-SORT-SCADA,False
ALT-CSE-06-01573,CSE-06,LOW,2024-11-09T18:03:53,2024-11-09T18:10:38.469721,2024-11-09T18:57:18.291109,CLOSED,CAS-CSE-06-0357,AIRPORT-WIFI-FW,False
ALT-CSE-06-01574,CSE-06,MEDIUM,2024-11-19T08:22:32,2024-11-19T08:36:18.230128,2024-11-19T09:07:28.284800,CLOSED,,ATC-RADAR-GW-01,False
ALT-CSE-06-01575,CSE-06,MEDIUM,2024-12-09T17:23:33,2024-12-09T17:33:56.907718,2024-12-09T18:07:58.078363,CLOSED,,AIRPORT-WIFI-FW,False
ALT-CSE-06-01576,CSE-06,LOW,2024-11-05T03:08:24,2024-11-05T03:15:15.318491,2024-11-05T04:17:45.422428,CLOSED,,AIRPORT-WIFI-FW,False
ALT-CSE-06-01577,CSE-06,MEDIUM,2024-12-27T20:06:30,2024-12-27T20:19:54.626330,2024-12-27T21:20:47.950525,CLOSED,,ATC-RADAR-GW-01,False
ALT-CSE-06-01578,CSE-06,HIGH,2024-10-23T14:13:48,2024-10-23T14:24:09.333734,2024-10-23T14:44:14.587302,CLOSED,,FLIGHT-DISPATCH-SRV,False
ALT-CSE-06-01579,CSE-06,LOW,2024-11-09T01:33:25,2024-11-09T01:43:16.162703,2024-11-09T02:10:45.121265,CLOSED,,ATC-RADAR-GW-01,False
ALT-CSE-06-01580,CSE-06,HIGH,2024-12-02T13:18:33,2024-12-02T13:30:21.040693,2024-12-02T14:01:25.782664,CLOSED,,AIRPORT-WIFI-FW,False
ALT-CSE-06-01581,CSE-06,MEDIUM,2024-11-08T10:15:15,2024-11-08T10:20:34.379408,2024-11-08T10:51:36.977862,CLOSED,,AIRPORT-WIFI-FW,False
ALT-CSE-06-01582,CSE-06,LOW,2024-12-02T19:12:02,2024-12-02T19:15:38.902531,2024-12-02T20:33:08.035565,CLOSED,,AIRPORT-WIFI-FW,False
ALT-CSE-06-01583,CSE-06,HIGH,2024-10-04T06:10:56,2024-10-04T06:22:14.349292,2024-10-04T06:45:53.827401,CLOSED,,AIRPORT-WIFI-FW,False
ALT-CSE-06-01584,CSE-06,CRITICAL,2024-10-18T04:06:49,2024-10-18T04:20:09.639851,2024-10-18T05:25:50.669142,CLOSED,CAS-CSE-06-0358,AIRPORT-WIFI-FW,False
ALT-CSE-06-01585,CSE-06,LOW,2024-10-31T08:48:54,2024-10-31T08:57:17.206608,2024-10-31T09:54:54.226229,CLOSED,,ATC-RADAR-GW-01,False
ALT-CSE-06-01586,CSE-06,LOW,2024-10-18T04:10:00,2024-10-18T04:13:46.027585,2024-10-18T05:29:23.704677,CLOSED,,BAGGAGE-SORT-SCADA,False
ALT-CSE-06-01587,CSE-06,CRITICAL,2024-11-02T22:57:22,2024-11-02T23:10:13.176931,2024-11-03T00:09:16.069555,CLOSED,,BAGGAGE-SORT-SCADA,False
ALT-CSE-06-01588,CSE-06,HIGH,2024-10-04T04:10:20,2024-10-04T04:19:05.269261,2024-10-04T05:08:20.424318,CLOSED,,ATC-RADAR-GW-01,False
ALT-CSE-06-01589,CSE-06,LOW,2024-11-19T04:59:26,2024-11-19T05:08:54.351410,2024-11-19T05:40:15.770086,CLOSED,,FLIGHT-DISPATCH-SRV,False
ALT-CSE-06-01590,CSE-06,LOW,2024-12-22T07:59:25,2024-12-22T08:06:14.231092,2024-12-22T09:22:09.738715,CLOSED,,FLIGHT-DISPATCH-SRV,False
ALT-CSE-06-01591,CSE-06,CRITICAL,2024-10-01T20:21:00,2024-10-01T20:28:48.565004,2024-10-01T20:57:47.635686,CLOSED,CAS-CSE-06-0359,AIRPORT-WIFI-FW,False
ALT-CSE-06-01592,CSE-06,LOW,2024-10-23T12:30:01,2024-10-23T12:38:43.784959,2024-10-23T13:43:03.239225,CLOSED,,BAGGAGE-SORT-SCADA,False
ALT-CSE-06-01593,CSE-06,MEDIUM,2024-12-06T19:12:29,2024-12-06T19:17:42.180947,2024-12-06T19:49:18.051071,CLOSED,,FLIGHT-DISPATCH-SRV,False
ALT-CSE-06-01594,CSE-06,CRITICAL,2024-10-17T11:28:53,2024-10-17T11:32:39.103314,2024-10-17T12:02:23.719858,CLOSED,CAS-CSE-06-0360,BAGGAGE-SORT-SCADA,False
ALT-CSE-06-01595,CSE-06,LOW,2024-11-10T20:07:53,2024-11-10T20:13:08.360729,2024-11-10T21:29:21.693786,CLOSED,,BAGGAGE-SORT-SCADA,False
ALT-CSE-06-01596,CSE-06,LOW,2024-12-20T09:21:44,2024-12-20T09:32:53.724224,2024-12-20T10:38:34.443039,CLOSED,,BAGGAGE-SORT-SCADA,False
ALT-CSE-06-01597,CSE-06,HIGH,2024-11-30T20:34:10,2024-11-30T20:42:36.632531,2024-11-30T21:56:21.425493,CLOSED,,BAGGAGE-SORT-SCADA,False
ALT-CSE-06-01598,CSE-06,LOW,2024-10-07T05:17:48,2024-10-07T05:29:22.830396,2024-10-07T05:57:43.574050,CLOSED,,BAGGAGE-SORT-SCADA,False
ALT-CSE-06-01599,CSE-06,MEDIUM,2024-10-10T10:21:52,2024-10-10T10:33:48.424997,2024-10-10T11:49:04.325612,CLOSED,,AIRPORT-WIFI-FW,False
ALT-CSE-06-01600,CSE-06,MEDIUM,2024-11-12T17:21:43,2024-11-12T17:33:18.067478,2024-11-12T18:03:06.663424,CLOSED,,AIRPORT-WIFI-FW,False
ALT-CSE-06-01601,CSE-06,HIGH,2024-10-01T08:14:20,2024-10-01T08:26:15.569719,2024-10-01T09:39:54.060147,CLOSED,,ATC-RADAR-GW-01,False
ALT-CSE-06-01602,CSE-06,CRITICAL,2024-12-28T04:01:21,2024-12-28T04:07:41.487255,2024-12-28T05:02:03.720841,CLOSED,,BAGGAGE-SORT-SCADA,False
ALT-CSE-06-01603,CSE-06,CRITICAL,2024-12-12T08:07:50,2024-12-12T08:19:40.620419,2024-12-12T09:35:47.582873,CLOSED,,ATC-RADAR-GW-01,False
ALT-CSE-06-01604,CSE-06,LOW,2024-10-05T09:38:24,2024-10-05T09:48:52.283483,2024-10-05T11:04:46.311187,CLOSED,,BAGGAGE-SORT-SCADA,False
ALT-CSE-06-01605,CSE-06,LOW,2024-12-14T09:51:31,2024-12-14T09:55:37.555590,2024-12-14T10:46:14.759019,CLOSED,,BAGGAGE-SORT-SCADA,False
ALT-CSE-06-01606,CSE-06,HIGH,2024-10-31T18:40:58,2024-10-31T18:54:47.448539,2024-10-31T19:31:34.595022,CLOSED,,AIRPORT-WIFI-FW,False
ALT-CSE-06-01607,CSE-06,HIGH,2024-10-05T09:07:42,2024-10-05T09:18:59.097637,2024-10-05T10:10:51.830956,CLOSED,,BAGGAGE-SORT-SCADA,False
ALT-CSE-06-01608,CSE-06,HIGH,2024-11-15T11:36:53,2024-11-15T11:42:22.635646,2024-11-15T12:58:30.128172,CLOSED,,AIRPORT-WIFI-FW,False
ALT-CSE-06-01609,CSE-06,HIGH,2024-10-13T03:03:54,2024-10-13T03:15:46.326611,2024-10-13T04:16:35.340785,CLOSED,,AIRPORT-WIFI-FW,False
ALT-CSE-06-01610,CSE-06,HIGH,2024-11-08T10:19:01,2024-11-08T10:22:17.540227,2024-11-08T11:40:05.290853,CLOSED,,BAGGAGE-SORT-SCADA,False
ALT-CSE-06-01611,CSE-06,MEDIUM,2024-10-07T22:05:18,2024-10-07T22:08:40.667157,2024-10-07T23:08:06.266906,CLOSED,,ATC-RADAR-GW-01,False
ALT-CSE-06-01612,CSE-06,CRITICAL,2024-11-14T07:01:34,2024-11-14T07:13:32.724547,2024-11-14T07:52:25.591852,CLOSED,CAS-CSE-06-0361,AIRPORT-WIFI-FW,False
ALT-CSE-06-01613,CSE-06,HIGH,2024-11-22T01:36:41,2024-11-22T01:46:32.498084,2024-11-22T03:05:12.058016,CLOSED,,ATC-RADAR-GW-01,False
ALT-CSE-06-01614,CSE-06,CRITICAL,2024-10-21T04:38:33,2024-10-21T04:50:40.180397,2024-10-21T05:58:10.650951,CLOSED,CAS-CSE-06-0362,AIRPORT-WIFI-FW,False
ALT-CSE-06-01615,CSE-06,HIGH,2024-11-08T14:34:51,2024-11-08T14:44:42.682791,2024-11-08T15:40:32.611246,CLOSED,,FLIGHT-DISPATCH-SRV,False
ALT-CSE-06-01616,CSE-06,MEDIUM,2024-12-14T11:18:20,2024-12-14T11:21:34.790523,2024-12-14T12:05:09.325165,CLOSED,,FLIGHT-DISPATCH-SRV,False
ALT-CSE-06-01617,CSE-06,LOW,2024-12-15T10:08:46,2024-12-15T10:18:32.962312,2024-12-15T11:04:34.458130,CLOSED,,AIRPORT-WIFI-FW,False
ALT-CSE-06-01618,CSE-06,MEDIUM,2024-12-08T10:48:33,2024-12-08T10:58:07.507231,2024-12-08T12:01:48.538442,CLOSED,,BAGGAGE-SORT-SCADA,False
ALT-CSE-06-01619,CSE-06,LOW,2024-12-02T04:20:15,2024-12-02T04:31:43.777248,2024-12-02T05:45:59.656497,CLOSED,,AIRPORT-WIFI-FW,False
ALT-CSE-06-01620,CSE-06,MEDIUM,2024-12-13T03:38:01,2024-12-13T03:46:57.623684,2024-12-13T05:06:42.436463,CLOSED,,BAGGAGE-SORT-SCADA,False
ALT-CSE-06-01621,CSE-06,CRITICAL,2024-11-23T20:02:38,2024-11-23T20:09:19.984999,2024-11-23T21:25:51.430661,CLOSED,CAS-CSE-06-0363,FLIGHT-DISPATCH-SRV,False
ALT-CSE-06-01622,CSE-06,LOW,2024-10-24T02:05:38,2024-10-24T02:12:56.440572,2024-10-24T02:40:21.612619,CLOSED,,ATC-RADAR-GW-01,False
ALT-CSE-06-01623,CSE-06,HIGH,2024-12-02T06:31:23,2024-12-02T06:40:52.312056,2024-12-02T07:48:00.198491,CLOSED,CAS-CSE-06-0364,ATC-RADAR-GW-01,False
ALT-CSE-06-01624,CSE-06,CRITICAL,2024-11-18T23:19:40,2024-11-18T23:31:56.640049,2024-11-19T00:47:51.487284,CLOSED,CAS-CSE-06-0365,FLIGHT-DISPATCH-SRV,False
ALT-CSE-06-01625,CSE-06,MEDIUM,2024-11-15T07:18:31,2024-11-15T07:25:55.875494,2024-11-15T08:27:04.290895,CLOSED,,ATC-RADAR-GW-01,False
ALT-CSE-06-01626,CSE-06,LOW,2024-12-11T02:50:05,2024-12-11T02:54:56.768430,2024-12-11T03:35:51.109265,CLOSED,CAS-CSE-06-0366,ATC-RADAR-GW-01,False
ALT-CSE-06-01627,CSE-06,MEDIUM,2024-10-19T15:05:32,2024-10-19T15:20:03.437109,2024-10-19T15:41:15.000334,CLOSED,,AIRPORT-WIFI-FW,False
ALT-CSE-06-01628,CSE-06,MEDIUM,2024-11-16T20:45:04,2024-11-16T20:55:23.914224,2024-11-16T21:40:08.394691,CLOSED,,ATC-RADAR-GW-01,False
ALT-CSE-06-01629,CSE-06,MEDIUM,2024-10-08T22:57:44,2024-10-08T23:02:49.813070,2024-10-08T23:33:39.620280,CLOSED,,AIRPORT-WIFI-FW,False
ALT-CSE-06-01630,CSE-06,LOW,2024-12-15T07:06:23,2024-12-15T07:11:18.124229,2024-12-15T08:24:06.626040,CLOSED,,FLIGHT-DISPATCH-SRV,False
ALT-CSE-06-01631,CSE-06,MEDIUM,2024-12-09T22:10:25,2024-12-09T22:14:44.734713,2024-12-09T23:18:39.057813,CLOSED,,BAGGAGE-SORT-SCADA,False
ALT-CSE-06-01632,CSE-06,MEDIUM,2024-11-13T20:18:50,2024-11-13T20:22:58.877786,2024-11-13T21:00:54.498030,CLOSED,,ATC-RADAR-GW-01,False
ALT-CSE-06-01633,CSE-06,MEDIUM,2024-12-15T07:10:07,2024-12-15T07:15:27.119551,2024-12-15T08:08:08.086648,CLOSED,,AIRPORT-WIFI-FW,False
ALT-CSE-06-01634,CSE-06,MEDIUM,2024-10-21T10:49:27,2024-10-21T11:01:03.543145,2024-10-21T11:56:56.862289,CLOSED,,FLIGHT-DISPATCH-SRV,False
ALT-CSE-06-01635,CSE-06,CRITICAL,2024-12-26T23:33:06,2024-12-26T23:46:47.847355,2024-12-27T00:25:25.359913,CLOSED,CAS-CSE-06-0367,ATC-RADAR-GW-01,False
ALT-CSE-06-01636,CSE-06,LOW,2024-10-04T23:31:01,2024-10-04T23:44:17.008250,2024-10-05T00:28:53.776048,CLOSED,,ATC-RADAR-GW-01,False
ALT-CSE-06-01637,CSE-06,HIGH,2024-12-24T16:46:40,2024-12-24T16:51:53.581665,2024-12-24T17:54:18.912210,CLOSED,,ATC-RADAR-GW-01,False
ALT-CSE-06-01638,CSE-06,LOW,2024-11-26T13:17:48,2024-11-26T13:32:18.532628,2024-11-26T14:39:34.082316,CLOSED,,BAGGAGE-SORT-SCADA,False
ALT-CSE-06-01639,CSE-06,CRITICAL,2024-11-13T06:52:42,2024-11-13T07:03:08.252771,2024-11-13T07:35:10.427367,CLOSED,CAS-CSE-06-0368,BAGGAGE-SORT-SCADA,False
ALT-CSE-06-01640,CSE-06,LOW,2024-10-05T01:16:08,2024-10-05T01:26:13.887577,2024-10-05T02:14:49.690313,CLOSED,,FLIGHT-DISPATCH-SRV,False
ALT-CSE-06-01641,CSE-06,HIGH,2024-11-28T23:17:16,2024-11-28T23:27:34.594955,2024-11-29T00:23:04.157221,CLOSED,,BAGGAGE-SORT-SCADA,False
ALT-CSE-06-01642,CSE-06,CRITICAL,2024-11-09T13:57:10,2024-11-09T14:07:03.040935,2024-11-09T15:20:41.744440,CLOSED,CAS-CSE-06-0369,ATC-RADAR-GW-01,False
ALT-CSE-06-01643,CSE-06,LOW,2024-11-09T23:36:46,2024-11-09T23:46:49.255385,2024-11-10T00:49:20.422913,CLOSED,,BAGGAGE-SORT-SCADA,False
ALT-CSE-06-01644,CSE-06,LOW,2024-12-27T14:54:29,2024-12-27T15:06:46.681112,2024-12-27T15:42:22.134993,CLOSED,,FLIGHT-DISPATCH-SRV,False
ALT-CSE-06-01645,CSE-06,MEDIUM,2024-12-24T10:14:28,2024-12-24T10:27:05.924245,2024-12-24T11:32:02.544495,CLOSED,,AIRPORT-WIFI-FW,False
ALT-CSE-06-01646,CSE-06,MEDIUM,2024-12-07T15:06:30,2024-12-07T15:10:57.941107,2024-12-07T15:41:41.745543,CLOSED,CAS-CSE-06-0370,ATC-RADAR-GW-01,False
ALT-CSE-06-01647,CSE-06,CRITICAL,2024-11-19T02:29:51,2024-11-19T02:35:42.967561,2024-11-19T03:14:59.598845,CLOSED,CAS-CSE-06-0371,AIRPORT-WIFI-FW,False
ALT-CSE-06-01648,CSE-06,HIGH,2024-12-05T23:00:28,2024-12-05T23:03:58.877746,2024-12-05T23:51:09.432358,CLOSED,,AIRPORT-WIFI-FW,False
ALT-CSE-06-01649,CSE-06,LOW,2024-10-30T05:37:32,2024-10-30T05:52:25.809981,2024-10-30T06:42:38.887858,CLOSED,,BAGGAGE-SORT-SCADA,False
ALT-CSE-06-01650,CSE-06,LOW,2024-12-28T07:53:52,2024-12-28T07:59:46.685970,2024-12-28T08:30:16.291995,CLOSED,,ATC-RADAR-GW-01,False
ALT-CSE-06-01651,CSE-06,HIGH,2024-11-08T05:28:25,2024-11-08T05:37:26.723812,2024-11-08T06:14:57.989639,CLOSED,,AIRPORT-WIFI-FW,False
ALT-CSE-06-01652,CSE-06,HIGH,2024-11-29T22:22:41,2024-11-29T22:36:49.197160,2024-11-29T23:32:24.915340,CLOSED,,AIRPORT-WIFI-FW,False
ALT-CSE-06-01653,CSE-06,LOW,2024-12-15T19:20:55,2024-12-15T19:26:51.228622,2024-12-15T20:43:46.113666,CLOSED,,AIRPORT-WIFI-FW,False
ALT-CSE-06-01654,CSE-06,MEDIUM,2024-10-07T16:15:02,2024-10-07T16:18:56.155501,2024-10-07T17:34:56.941395,CLOSED,,AIRPORT-WIFI-FW,False
ALT-CSE-06-01655,CSE-06,LOW,2024-12-21T16:13:04,2024-12-21T16:26:55.957028,2024-12-21T17:04:12.893181,CLOSED,,FLIGHT-DISPATCH-SRV,False
ALT-CSE-06-01656,CSE-06,CRITICAL,2024-12-29T22:51:02,2024-12-29T22:59:07.276956,2024-12-29T23:45:29.484673,CLOSED,,FLIGHT-DISPATCH-SRV,False
ALT-CSE-06-01657,CSE-06,HIGH,2024-11-18T14:22:08,2024-11-18T14:33:11.280992,2024-11-18T15:42:24.835408,CLOSED,,ATC-RADAR-GW-01,False
ALT-CSE-06-01658,CSE-06,CRITICAL,2024-12-16T07:20:34,2024-12-16T07:33:32.076980,2024-12-16T08:14:42.292974,CLOSED,CAS-CSE-06-0372,FLIGHT-DISPATCH-SRV,False
ALT-CSE-06-01659,CSE-06,HIGH,2024-10-31T19:04:28,2024-10-31T19:17:21.033852,2024-10-31T19:37:47.930396,CLOSED,,BAGGAGE-SORT-SCADA,False
ALT-CSE-06-01660,CSE-06,HIGH,2024-10-14T17:05:42,2024-10-14T17:09:16.152839,2024-10-14T17:48:39.381479,CLOSED,CAS-CSE-06-0373,FLIGHT-DISPATCH-SRV,False
ALT-CSE-06-01661,CSE-06,MEDIUM,2024-10-20T11:56:56,2024-10-20T12:06:05.220262,2024-10-20T12:28:48.098604,CLOSED,,AIRPORT-WIFI-FW,False
ALT-CSE-06-01662,CSE-06,LOW,2024-10-19T12:12:40,2024-10-19T12:19:31.708641,2024-10-19T13:33:34.372264,CLOSED,,BAGGAGE-SORT-SCADA,False
ALT-CSE-06-01663,CSE-06,LOW,2024-11-18T04:38:57,2024-11-18T04:45:49.012491,2024-11-18T06:08:37.379407,CLOSED,,ATC-RADAR-GW-01,False
ALT-CSE-06-01664,CSE-06,LOW,2024-10-25T16:01:44,2024-10-25T16:08:22.654547,2024-10-25T16:51:45.746895,CLOSED,,AIRPORT-WIFI-FW,False
ALT-CSE-06-01665,CSE-06,CRITICAL,2024-12-04T07:26:08,2024-12-04T07:40:31.987610,2024-12-04T07:59:46.689403,CLOSED,CAS-CSE-06-0374,FLIGHT-DISPATCH-SRV,False
ALT-CSE-06-01666,CSE-06,CRITICAL,2024-11-09T02:30:24,2024-11-09T02:37:47.066452,2024-11-09T03:21:03.136990,CLOSED,,FLIGHT-DISPATCH-SRV,False
ALT-CSE-06-01667,CSE-06,HIGH,2024-10-19T06:34:19,2024-10-19T06:42:54.734731,2024-10-19T07:28:02.342868,CLOSED,CAS-CSE-06-0375,AIRPORT-WIFI-FW,False
ALT-CSE-06-01668,CSE-06,MEDIUM,2024-12-07T00:54:45,2024-12-07T01:00:07.489137,2024-12-07T01:52:26.318851,CLOSED,CAS-CSE-06-0376,ATC-RADAR-GW-01,False
ALT-CSE-06-01669,CSE-06,CRITICAL,2024-12-23T21:11:51,2024-12-23T21:20:00.655660,2024-12-23T22:16:32.110253,CLOSED,CAS-CSE-06-0377,ATC-RADAR-GW-01,False
ALT-CSE-06-01670,CSE-06,MEDIUM,2024-12-19T04:05:38,2024-12-19T04:14:44.900339,2024-12-19T05:22:12.212135,CLOSED,CAS-CSE-06-0378,AIRPORT-WIFI-FW,False
ALT-CSE-06-01671,CSE-06,MEDIUM,2024-10-10T02:17:31,2024-10-10T02:23:55.199875,2024-10-10T03:36:55.854295,CLOSED,,ATC-RADAR-GW-01,False
ALT-CSE-06-01672,CSE-06,CRITICAL,2024-10-25T15:43:52,2024-10-25T15:52:11.769892,2024-10-25T16:43:06.464964,CLOSED,CAS-CSE-06-0379,FLIGHT-DISPATCH-SRV,False
ALT-CSE-06-01673,CSE-06,LOW,2024-12-04T02:43:39,2024-12-04T02:56:29.114329,2024-12-04T04:05:23.121695,CLOSED,,ATC-RADAR-GW-01,False
ALT-CSE-06-01674,CSE-06,CRITICAL,2024-11-08T01:57:45,2024-11-08T02:04:44.304701,2024-11-08T02:39:01.301449,CLOSED,CAS-CSE-06-0380,FLIGHT-DISPATCH-SRV,False
ALT-CSE-06-01675,CSE-06,MEDIUM,2024-12-29T10:30:07,2024-12-29T10:39:18.191204,2024-12-29T11:29:25.008912,CLOSED,,BAGGAGE-SORT-SCADA,False
ALT-CSE-06-01676,CSE-06,LOW,2024-10-10T06:24:37,2024-10-10T06:36:21.263470,2024-10-10T07:38:09.390624,CLOSED,,BAGGAGE-SORT-SCADA,False
ALT-CSE-06-01677,CSE-06,HIGH,2024-10-28T00:06:44,2024-10-28T00:20:57.379085,2024-10-28T01:18:01.201544,CLOSED,,FLIGHT-DISPATCH-SRV,False
ALT-CSE-06-01678,CSE-06,HIGH,2024-11-13T22:39:25,2024-11-13T22:45:57.000329,2024-11-13T23:53:24.506243,CLOSED,,BAGGAGE-SORT-SCADA,False
ALT-CSE-06-01679,CSE-06,MEDIUM,2024-11-12T07:29:02,2024-11-12T07:39:10.333867,2024-11-12T08:34:46.008493,CLOSED,,AIRPORT-WIFI-FW,False
ALT-CSE-06-01680,CSE-06,MEDIUM,2024-11-07T13:10:53,2024-11-07T13:24:58.266630,2024-11-07T13:51:14.262641,CLOSED,,ATC-RADAR-GW-01,False
ALT-CSE-06-01681,CSE-06,LOW,2024-10-17T04:56:17,2024-10-17T05:04:42.256872,2024-10-17T05:53:23.901305,CLOSED,,ATC-RADAR-GW-01,False
ALT-CSE-06-01682,CSE-06,MEDIUM,2024-10-19T03:49:58,2024-10-19T04:03:49.704872,2024-10-19T05:13:14.228959,CLOSED,CAS-CSE-06-0381,AIRPORT-WIFI-FW,False
ALT-CSE-06-01683,CSE-06,MEDIUM,2024-12-02T04:13:57,2024-12-02T04:23:38.755450,2024-12-02T05:33:11.907807,CLOSED,,ATC-RADAR-GW-01,False
ALT-CSE-06-01684,CSE-06,LOW,2024-12-06T13:59:08,2024-12-06T14:07:27.151976,2024-12-06T14:51:33.059675,CLOSED,,BAGGAGE-SORT-SCADA,False
ALT-CSE-06-01685,CSE-06,MEDIUM,2024-10-04T13:05:23,2024-10-04T13:08:38.001882,2024-10-04T14:17:45.710572,CLOSED,,FLIGHT-DISPATCH-SRV,False
ALT-CSE-06-01686,CSE-06,LOW,2024-11-18T21:12:02,2024-11-18T21:26:15.564128,2024-11-18T21:55:47.067321,CLOSED,,BAGGAGE-SORT-SCADA,False
ALT-CSE-06-01687,CSE-06,CRITICAL,2024-10-15T16:24:06,2024-10-15T16:30:56.548135,2024-10-15T17:28:03.572678,CLOSED,CAS-CSE-06-0382,FLIGHT-DISPATCH-SRV,False
ALT-CSE-06-01688,CSE-06,LOW,2024-11-22T01:05:36,2024-11-22T01:17:39.981301,2024-11-22T02:21:54.404367,CLOSED,,ATC-RADAR-GW-01,False
ALT-CSE-06-01689,CSE-06,MEDIUM,2024-12-18T16:18:10,2024-12-18T16:21:51.406803,2024-12-18T17:20:21.495364,CLOSED,,AIRPORT-WIFI-FW,False
ALT-CSE-06-01690,CSE-06,MEDIUM,2024-11-25T02:14:39,2024-11-25T02:22:36.382218,2024-11-25T02:49:37.657667,CLOSED,,BAGGAGE-SORT-SCADA,False
ALT-CSE-06-01691,CSE-06,LOW,2024-11-18T05:31:10,2024-11-18T05:44:10.561448,2024-11-18T06:09:51.430133,CLOSED,,ATC-RADAR-GW-01,False
ALT-CSE-06-01692,CSE-06,MEDIUM,2024-10-24T14:28:02,2024-10-24T14:42:03.498020,2024-10-24T15:01:38.740642,CLOSED,CAS-CSE-06-0383,AIRPORT-WIFI-FW,False
ALT-CSE-06-01693,CSE-06,MEDIUM,2024-10-20T04:34:23,2024-10-20T04:46:55.381719,2024-10-20T05:32:56.226608,CLOSED,,BAGGAGE-SORT-SCADA,False
ALT-CSE-06-01694,CSE-06,HIGH,2024-10-17T19:27:55,2024-10-17T19:37:36.923776,2024-10-17T20:57:50.048402,CLOSED,,AIRPORT-WIFI-FW,False
ALT-CSE-06-01695,CSE-06,MEDIUM,2024-12-10T22:32:08,2024-12-10T22:37:20.506976,2024-12-10T23:49:09.443068,CLOSED,,FLIGHT-DISPATCH-SRV,False
ALT-CSE-06-01696,CSE-06,MEDIUM,2024-11-10T03:51:30,2024-11-10T04:00:23.200962,2024-11-10T05:17:13.100364,CLOSED,,AIRPORT-WIFI-FW,False
ALT-CSE-06-01697,CSE-06,HIGH,2024-11-29T00:54:06,2024-11-29T01:03:33.963252,2024-11-29T01:45:36.940088,CLOSED,,AIRPORT-WIFI-FW,False
ALT-CSE-06-01698,CSE-06,MEDIUM,2024-10-29T22:38:07,2024-10-29T22:47:59.846318,2024-10-29T23:43:21.807351,CLOSED,CAS-CSE-06-0384,AIRPORT-WIFI-FW,False
ALT-CSE-06-01699,CSE-06,CRITICAL,2024-11-05T08:17:00,2024-11-05T08:30:46.695684,2024-11-05T09:42:24.030615,CLOSED,,FLIGHT-DISPATCH-SRV,False
ALT-CSE-06-01700,CSE-06,HIGH,2024-12-17T05:02:23,2024-12-17T05:13:24.296856,2024-12-17T06:30:47.022486,CLOSED,,ATC-RADAR-GW-01,False
ALT-CSE-06-01701,CSE-06,MEDIUM,2024-10-01T09:35:31,2024-10-01T09:41:58.481402,2024-10-01T10:28:52.130375,CLOSED,,BAGGAGE-SORT-SCADA,False
ALT-CSE-06-01702,CSE-06,LOW,2024-11-10T07:59:29,2024-11-10T08:03:33.852977,2024-11-10T08:40:40.341038,CLOSED,,AIRPORT-WIFI-FW,False
ALT-CSE-06-01703,CSE-06,HIGH,2024-11-13T13:05:02,2024-11-13T13:08:55.510869,2024-11-13T13:54:17.636657,CLOSED,,AIRPORT-WIFI-FW,False
ALT-CSE-06-01704,CSE-06,HIGH,2024-10-26T07:22:04,2024-10-26T07:36:56.367542,2024-10-26T08:51:47.069156,CLOSED,,BAGGAGE-SORT-SCADA,False
ALT-CSE-06-01705,CSE-06,LOW,2024-10-04T12:48:32,2024-10-04T12:55:40.295553,2024-10-04T13:44:45.606031,CLOSED,,AIRPORT-WIFI-FW,False
ALT-CSE-06-01706,CSE-06,CRITICAL,2024-11-06T15:53:50,2024-11-06T16:04:30.169018,2024-11-06T17:21:12.633335,CLOSED,CAS-CSE-06-0385,ATC-RADAR-GW-01,False
ALT-CSE-06-01707,CSE-06,MEDIUM,2024-11-10T23:26:23,2024-11-10T23:35:09.316159,2024-11-11T00:38:23.140406,CLOSED,,AIRPORT-WIFI-FW,False
ALT-CSE-06-01708,CSE-06,CRITICAL,2024-11-01T10:42:09,2024-11-01T10:46:25.614474,2024-11-01T11:50:38.442389,CLOSED,,FLIGHT-DISPATCH-SRV,False
ALT-CSE-06-01709,CSE-06,MEDIUM,2024-10-17T07:18:07,2024-10-17T07:23:09.935994,2024-10-17T08:40:09.169173,CLOSED,,BAGGAGE-SORT-SCADA,False
ALT-CSE-06-01710,CSE-06,MEDIUM,2024-11-27T17:31:15,2024-11-27T17:43:27.941138,2024-11-27T18:20:24.176485,CLOSED,,FLIGHT-DISPATCH-SRV,False
ALT-CSE-06-01711,CSE-06,LOW,2024-11-14T15:58:17,2024-11-14T16:02:37.823245,2024-11-14T16:32:49.694125,CLOSED,,BAGGAGE-SORT-SCADA,False
ALT-CSE-06-01712,CSE-06,CRITICAL,2024-11-13T14:23:26,2024-11-13T14:31:38.524898,2024-11-13T15:23:28.554186,CLOSED,CAS-CSE-06-0386,BAGGAGE-SORT-SCADA,False
ALT-CSE-06-01713,CSE-06,CRITICAL,2024-11-04T12:48:44,2024-11-04T12:54:07.108587,2024-11-04T13:46:15.808551,CLOSED,CAS-CSE-06-0387,BAGGAGE-SORT-SCADA,False
ALT-CSE-06-01714,CSE-06,CRITICAL,2024-11-18T22:02:21,2024-11-18T22:06:05.766447,2024-11-18T23:18:31.255469,CLOSED,CAS-CSE-06-0388,BAGGAGE-SORT-SCADA,False
ALT-CSE-06-01715,CSE-06,CRITICAL,2024-10-30T02:02:35,2024-10-30T02:13:31.489090,2024-10-30T02:47:24.106065,CLOSED,CAS-CSE-06-0389,FLIGHT-DISPATCH-SRV,False
ALT-CSE-06-01716,CSE-06,MEDIUM,2024-11-21T08:40:38,2024-11-21T08:48:11.696426,2024-11-21T09:33:22.648033,CLOSED,,ATC-RADAR-GW-01,False
ALT-CSE-06-01717,CSE-06,MEDIUM,2024-11-19T08:47:56,2024-11-19T09:00:42.610089,2024-11-19T09:32:21.902885,CLOSED,,AIRPORT-WIFI-FW,False
ALT-CSE-06-01718,CSE-06,MEDIUM,2024-10-22T04:23:50,2024-10-22T04:29:05.686230,2024-10-22T05:13:05.630228,CLOSED,,AIRPORT-WIFI-FW,False
ALT-CSE-06-01719,CSE-06,HIGH,2024-10-14T15:59:28,2024-10-14T16:05:12.108717,2024-10-14T16:47:33.586743,CLOSED,,ATC-RADAR-GW-01,False
ALT-CSE-06-01720,CSE-06,MEDIUM,2024-10-07T07:27:31,2024-10-07T07:36:04.537407,2024-10-07T08:05:45.208137,CLOSED,,ATC-RADAR-GW-01,False
ALT-CSE-06-01721,CSE-06,LOW,2024-12-11T05:37:11,2024-12-11T05:47:08.562908,2024-12-11T06:36:36.357745,CLOSED,,ATC-RADAR-GW-01,False
ALT-CSE-06-01722,CSE-06,MEDIUM,2024-12-26T12:37:36,2024-12-26T12:51:55.673364,2024-12-26T13:20:24.801132,CLOSED,,BAGGAGE-SORT-SCADA,False
ALT-CSE-06-01723,CSE-06,MEDIUM,2024-11-07T17:26:08,2024-11-07T17:36:20.109070,2024-11-07T18:39:40.184721,CLOSED,,AIRPORT-WIFI-FW,False
ALT-CSE-06-01724,CSE-06,LOW,2024-10-26T02:31:31,2024-10-26T02:42:53.930938,2024-10-26T03:06:28.432979,CLOSED,,AIRPORT-WIFI-FW,False
ALT-CSE-06-01725,CSE-06,CRITICAL,2024-10-06T10:29:11,2024-10-06T10:41:34.256873,2024-10-06T11:48:14.010677,CLOSED,CAS-CSE-06-0390,AIRPORT-WIFI-FW,False
ALT-CSE-06-01726,CSE-06,LOW,2024-10-04T13:54:16,2024-10-04T13:59:27.910438,2024-10-04T14:52:42.607610,CLOSED,,BAGGAGE-SORT-SCADA,False
ALT-CSE-06-01727,CSE-06,LOW,2024-12-10T14:14:50,2024-12-10T14:29:15.861702,2024-12-10T15:05:32.594058,CLOSED,,BAGGAGE-SORT-SCADA,False
ALT-CSE-06-01728,CSE-06,HIGH,2024-10-24T22:11:39,2024-10-24T22:22:19.382225,2024-10-24T23:30:56.872154,CLOSED,,ATC-RADAR-GW-01,False
ALT-CSE-06-01729,CSE-06,LOW,2024-12-16T19:07:11,2024-12-16T19:22:10.129131,2024-12-16T19:39:21.092151,CLOSED,,ATC-RADAR-GW-01,False
ALT-CSE-06-01730,CSE-06,HIGH,2024-10-31T09:33:53,2024-10-31T09:42:36.250752,2024-10-31T11:00:29.150308,CLOSED,,FLIGHT-DISPATCH-SRV,False
ALT-CSE-06-01731,CSE-06,HIGH,2024-11-14T12:00:49,2024-11-14T12:14:41.034939,2024-11-14T12:49:29.516992,CLOSED,,FLIGHT-DISPATCH-SRV,False
ALT-CSE-06-01732,CSE-06,CRITICAL,2024-11-04T01:42:11,2024-11-04T01:46:20.742530,2024-11-04T03:09:44.296543,CLOSED,CAS-CSE-06-0391,AIRPORT-WIFI-FW,False
ALT-CSE-06-01733,CSE-06,CRITICAL,2024-12-04T04:00:24,2024-12-04T04:09:50.584195,2024-12-04T04:51:12.460227,CLOSED,CAS-CSE-06-0392,AIRPORT-WIFI-FW,False
ALT-CSE-06-01734,CSE-06,MEDIUM,2024-12-20T18:35:54,2024-12-20T18:44:31.795788,2024-12-20T19:34:50.078596,CLOSED,,BAGGAGE-SORT-SCADA,False
ALT-CSE-06-01735,CSE-06,MEDIUM,2024-10-28T07:26:07,2024-10-28T07:33:53.610094,2024-10-28T08:51:11.978837,CLOSED,,ATC-RADAR-GW-01,False
ALT-CSE-06-01736,CSE-06,LOW,2024-11-15T08:16:22,2024-11-15T08:22:23.869880,2024-11-15T09:39:47.289650,CLOSED,,AIRPORT-WIFI-FW,False
ALT-CSE-06-01737,CSE-06,HIGH,2024-10-09T01:47:36,2024-10-09T01:55:46.611964,2024-10-09T02:34:46.377715,CLOSED,,BAGGAGE-SORT-SCADA,False
ALT-CSE-06-01738,CSE-06,MEDIUM,2024-10-23T02:08:33,2024-10-23T02:15:38.197663,2024-10-23T03:03:00.891431,CLOSED,,ATC-RADAR-GW-01,False
ALT-CSE-06-01739,CSE-06,HIGH,2024-11-12T22:18:16,2024-11-12T22:24:53.389487,2024-11-12T23:15:17.889254,CLOSED,,BAGGAGE-SORT-SCADA,False
ALT-CSE-06-01740,CSE-06,HIGH,2024-11-08T19:03:24,2024-11-08T19:14:31.765587,2024-11-08T19:35:07.797971,CLOSED,,ATC-RADAR-GW-01,False
ALT-CSE-06-01741,CSE-06,CRITICAL,2024-11-01T23:01:56,2024-11-01T23:07:25.603015,2024-11-01T23:38:57.549486,CLOSED,CAS-CSE-06-0393,AIRPORT-WIFI-FW,True
ALT-CSE-06-01742,CSE-06,LOW,2024-12-26T17:01:34,2024-12-26T17:13:03.785379,2024-12-26T17:53:48.962316,CLOSED,,BAGGAGE-SORT-SCADA,False
ALT-CSE-06-01743,CSE-06,MEDIUM,2024-11-08T00:55:03,2024-11-08T01:02:25.204651,2024-11-08T01:29:50.423817,CLOSED,CAS-CSE-06-0394,FLIGHT-DISPATCH-SRV,False
ALT-CSE-06-01744,CSE-06,LOW,2024-10-19T05:37:54,2024-10-19T05:46:27.238853,2024-10-19T06:34:45.843668,CLOSED,,ATC-RADAR-GW-01,False
ALT-CSE-06-01745,CSE-06,LOW,2024-11-18T13:17:34,2024-11-18T13:23:40.604561,2024-11-18T13:50:53.678764,CLOSED,,AIRPORT-WIFI-FW,False
ALT-CSE-06-01746,CSE-06,HIGH,2024-12-22T00:59:59,2024-12-22T01:03:40.370435,2024-12-22T01:47:46.085015,CLOSED,,BAGGAGE-SORT-SCADA,False
ALT-CSE-06-01747,CSE-06,MEDIUM,2024-11-15T01:14:53,2024-11-15T01:26:42.691887,2024-11-15T02:21:58.928123,CLOSED,,BAGGAGE-SORT-SCADA,False
ALT-CSE-06-01748,CSE-06,HIGH,2024-12-19T07:49:39,2024-12-19T07:56:08.587837,2024-12-19T09:01:52.694971,CLOSED,CAS-CSE-06-0395,FLIGHT-DISPATCH-SRV,False
ALT-CSE-06-01749,CSE-06,CRITICAL,2024-12-18T23:13:51,2024-12-18T23:24:31.288906,2024-12-19T00:43:50.197215,CLOSED,CAS-CSE-06-0396,ATC-RADAR-GW-01,False
ALT-CSE-06-01750,CSE-06,MEDIUM,2024-10-11T16:15:22,2024-10-11T16:30:10.602347,2024-10-11T17:09:28.136666,CLOSED,,FLIGHT-DISPATCH-SRV,False
ALT-CSE-06-01751,CSE-06,CRITICAL,2024-12-29T18:43:27,2024-12-29T18:50:52.378632,2024-12-29T20:12:55.515357,CLOSED,CAS-CSE-06-0397,FLIGHT-DISPATCH-SRV,False
ALT-CSE-06-01752,CSE-06,HIGH,2024-11-19T17:19:14,2024-11-19T17:29:42.966172,2024-11-19T18:48:59.071021,CLOSED,,FLIGHT-DISPATCH-SRV,False
ALT-CSE-06-01753,CSE-06,LOW,2024-11-29T21:49:32,2024-11-29T21:56:00.285222,2024-11-29T23:09:12.512699,CLOSED,,AIRPORT-WIFI-FW,False
ALT-CSE-06-01754,CSE-06,LOW,2024-12-16T07:24:07,2024-12-16T07:38:28.373799,2024-12-16T08:03:35.115493,CLOSED,,AIRPORT-WIFI-FW,False
ALT-CSE-06-01755,CSE-06,CRITICAL,2024-10-21T18:13:07,2024-10-21T18:21:50.698028,2024-10-21T19:22:52.052048,CLOSED,CAS-CSE-06-0398,AIRPORT-WIFI-FW,False
ALT-CSE-06-01756,CSE-06,HIGH,2024-10-09T23:39:09,2024-10-09T23:53:44.837060,2024-10-10T01:00:08.148742,CLOSED,,ATC-RADAR-GW-01,False
ALT-CSE-06-01757,CSE-06,CRITICAL,2024-12-15T11:46:15,2024-12-15T11:52:15.194011,2024-12-15T13:05:34.138614,CLOSED,CAS-CSE-06-0399,ATC-RADAR-GW-01,False
ALT-CSE-06-01758,CSE-06,HIGH,2024-12-06T22:21:50,2024-12-06T22:33:34.306512,2024-12-06T23:11:30.082997,CLOSED,,ATC-RADAR-GW-01,False
ALT-CSE-06-01759,CSE-06,HIGH,2024-12-21T08:00:49,2024-12-21T08:11:54.014452,2024-12-21T08:33:48.450612,CLOSED,,BAGGAGE-SORT-SCADA,False
ALT-CSE-06-01760,CSE-06,LOW,2024-12-20T09:09:49,2024-12-20T09:15:50.580147,2024-12-20T09:45:47.721705,CLOSED,,ATC-RADAR-GW-01,False
ALT-CSE-06-01761,CSE-06,MEDIUM,2024-11-03T06:18:50,2024-11-03T06:28:18.980850,2024-11-03T07:24:42.968584,CLOSED,,BAGGAGE-SORT-SCADA,False
ALT-CSE-06-01762,CSE-06,LOW,2024-12-25T14:57:37,2024-12-25T15:05:16.375337,2024-12-25T16:05:46.096580,CLOSED,,AIRPORT-WIFI-FW,False
ALT-CSE-06-01763,CSE-06,MEDIUM,2024-10-07T10:33:25,2024-10-07T10:44:42.123076,2024-10-07T11:57:34.615366,CLOSED,,BAGGAGE-SORT-SCADA,False
ALT-CSE-06-01764,CSE-06,HIGH,2024-10-08T13:05:37,2024-10-08T13:14:02.122222,2024-10-08T13:53:55.608018,CLOSED,CAS-CSE-06-0400,FLIGHT-DISPATCH-SRV,False
ALT-CSE-06-01765,CSE-06,HIGH,2024-12-11T07:10:26,2024-12-11T07:23:28.134831,2024-12-11T08:24:20.945007,CLOSED,CAS-CSE-06-0401,ATC-RADAR-GW-01,False
ALT-CSE-06-01766,CSE-06,MEDIUM,2024-11-20T11:53:51,2024-11-20T12:06:50.153439,2024-11-20T13:16:22.895291,CLOSED,,FLIGHT-DISPATCH-SRV,False
ALT-CSE-06-01767,CSE-06,MEDIUM,2024-10-24T14:48:37,2024-10-24T14:52:23.395018,2024-10-24T15:57:19.355098,CLOSED,,BAGGAGE-SORT-SCADA,False
ALT-CSE-06-01768,CSE-06,LOW,2024-10-08T18:35:04,2024-10-08T18:46:13.485515,2024-10-08T19:44:12.229269,CLOSED,,FLIGHT-DISPATCH-SRV,False
ALT-CSE-06-01769,CSE-06,HIGH,2024-11-01T17:19:27,2024-11-01T17:25:06.139469,2024-11-01T18:04:06.132981,CLOSED,,FLIGHT-DISPATCH-SRV,False
ALT-CSE-06-01770,CSE-06,HIGH,2024-11-28T05:24:50,2024-11-28T05:29:16.964434,2024-11-28T05:55:29.633232,CLOSED,,ATC-RADAR-GW-01,False
ALT-CSE-06-01771,CSE-06,MEDIUM,2024-10-13T17:29:01,2024-10-13T17:40:47.637764,2024-10-13T18:56:42.635516,CLOSED,,BAGGAGE-SORT-SCADA,False
ALT-CSE-06-01772,CSE-06,CRITICAL,2024-12-03T03:45:10,2024-12-03T03:58:18.363220,2024-12-03T04:25:21.868841,CLOSED,CAS-CSE-06-0402,FLIGHT-DISPATCH-SRV,False
ALT-CSE-06-01773,CSE-06,MEDIUM,2024-10-15T23:49:20,2024-10-16T00:02:20.458076,2024-10-16T00:34:40.314842,CLOSED,CAS-CSE-06-0403,AIRPORT-WIFI-FW,False
ALT-CSE-06-01774,CSE-06,MEDIUM,2024-11-11T23:23:47,2024-11-11T23:38:02.895432,2024-11-12T00:11:37.326002,CLOSED,,ATC-RADAR-GW-01,False
ALT-CSE-06-01775,CSE-06,MEDIUM,2024-10-13T16:52:31,2024-10-13T17:05:18.874503,2024-10-13T18:06:04.856753,CLOSED,CAS-CSE-06-0404,ATC-RADAR-GW-01,False
ALT-CSE-06-01776,CSE-06,CRITICAL,2024-12-14T12:10:23,2024-12-14T12:16:25.323641,2024-12-14T13:01:31.353621,CLOSED,CAS-CSE-06-0405,BAGGAGE-SORT-SCADA,False
ALT-CSE-06-01777,CSE-06,LOW,2024-12-23T14:24:51,2024-12-23T14:34:04.893401,2024-12-23T15:01:47.599761,CLOSED,,ATC-RADAR-GW-01,False
ALT-CSE-06-01778,CSE-06,LOW,2024-12-09T19:57:36,2024-12-09T20:01:21.288523,2024-12-09T20:35:23.789740,CLOSED,,FLIGHT-DISPATCH-SRV,False
ALT-CSE-06-01779,CSE-06,CRITICAL,2024-10-26T03:01:06,2024-10-26T03:06:04.636553,2024-10-26T03:49:31.930554,CLOSED,CAS-CSE-06-0406,BAGGAGE-SORT-SCADA,False
ALT-CSE-06-01780,CSE-06,CRITICAL,2024-12-23T12:11:00,2024-12-23T12:16:49.532143,2024-12-23T13:37:42.556030,CLOSED,CAS-CSE-06-0407,FLIGHT-DISPATCH-SRV,False
ALT-CSE-06-01781,CSE-06,LOW,2024-11-09T06:38:20,2024-11-09T06:52:13.552338,2024-11-09T07:41:32.741274,CLOSED,,FLIGHT-DISPATCH-SRV,False
ALT-CSE-06-01782,CSE-06,HIGH,2024-10-29T01:29:45,2024-10-29T01:40:56.813942,2024-10-29T02:18:40.254053,CLOSED,,FLIGHT-DISPATCH-SRV,False
ALT-CSE-06-01783,CSE-06,LOW,2024-11-08T22:06:55,2024-11-08T22:16:02.375109,2024-11-08T22:41:43.846941,CLOSED,,ATC-RADAR-GW-01,False
ALT-CSE-06-01784,CSE-06,MEDIUM,2024-11-22T09:40:44,2024-11-22T09:49:16.897629,2024-11-22T11:05:50.110481,CLOSED,,ATC-RADAR-GW-01,False
ALT-CSE-06-01785,CSE-06,CRITICAL,2024-10-27T11:45:30,2024-10-27T11:56:45.680053,2024-10-27T12:48:06.250959,CLOSED,CAS-CSE-06-0408,BAGGAGE-SORT-SCADA,False
ALT-CSE-06-01786,CSE-06,MEDIUM,2024-10-07T18:21:58,2024-10-07T18:28:24.494055,2024-10-07T19:51:46.326347,CLOSED,,BAGGAGE-SORT-SCADA,False
ALT-CSE-06-01787,CSE-06,HIGH,2024-10-02T07:45:43,2024-10-02T07:54:40.144206,2024-10-02T08:54:50.375928,CLOSED,,FLIGHT-DISPATCH-SRV,False
ALT-CSE-06-01788,CSE-06,CRITICAL,2024-12-25T22:54:06,2024-12-25T23:00:35.753304,2024-12-25T23:46:05.839940,CLOSED,CAS-CSE-06-0409,FLIGHT-DISPATCH-SRV,False
ALT-CSE-06-01789,CSE-06,LOW,2024-10-19T02:11:43,2024-10-19T02:18:58.550731,2024-10-19T02:59:24.736648,CLOSED,,BAGGAGE-SORT-SCADA,False
ALT-CSE-06-01790,CSE-06,LOW,2024-10-09T10:29:08,2024-10-09T10:34:50.111258,2024-10-09T11:43:50.797733,CLOSED,,AIRPORT-WIFI-FW,False
ALT-CSE-06-01791,CSE-06,MEDIUM,2024-11-16T23:12:54,2024-11-16T23:25:52.209996,2024-11-17T00:22:58.517438,CLOSED,,FLIGHT-DISPATCH-SRV,False
ALT-CSE-06-01792,CSE-06,CRITICAL,2024-11-22T06:48:24,2024-11-22T07:00:36.934697,2024-11-22T07:49:13.073305,CLOSED,CAS-CSE-06-0410,BAGGAGE-SORT-SCADA,False
ALT-CSE-06-01793,CSE-06,LOW,2024-11-13T10:16:47,2024-11-13T10:29:55.207395,2024-11-13T10:53:25.031245,CLOSED,,BAGGAGE-SORT-SCADA,False
ALT-CSE-06-01794,CSE-06,HIGH,2024-11-08T03:05:53,2024-11-08T03:13:45.241671,2024-11-08T03:54:55.587864,CLOSED,CAS-CSE-06-0411,AIRPORT-WIFI-FW,False
ALT-CSE-06-01795,CSE-06,HIGH,2024-10-20T23:00:30,2024-10-20T23:04:19.598801,2024-10-21T00:02:10.177060,CLOSED,,AIRPORT-WIFI-FW,False
ALT-CSE-06-01796,CSE-06,CRITICAL,2024-11-03T21:47:22,2024-11-03T21:51:57.787245,2024-11-03T22:47:14.506765,CLOSED,,ATC-RADAR-GW-01,False
ALT-CSE-06-01797,CSE-06,MEDIUM,2024-11-05T03:33:00,2024-11-05T03:40:02.201958,2024-11-05T04:36:48.932127,CLOSED,,BAGGAGE-SORT-SCADA,False
ALT-CSE-06-01798,CSE-06,HIGH,2024-10-10T14:03:31,2024-10-10T14:15:45.181228,2024-10-10T14:55:07.982120,CLOSED,,BAGGAGE-SORT-SCADA,False
ALT-CSE-06-01799,CSE-06,LOW,2024-10-18T16:23:31,2024-10-18T16:26:59.984876,2024-10-18T17:29:27.589000,CLOSED,,AIRPORT-WIFI-FW,False
ALT-CSE-06-01800,CSE-06,LOW,2024-10-04T05:22:08,2024-10-04T05:30:40.180471,2024-10-04T06:01:14.683178,CLOSED,,AIRPORT-WIFI-FW,False
ALT-CSE-06-01801,CSE-06,CRITICAL,2024-10-20T10:09:12,2024-10-20T10:15:13.808945,2024-10-20T10:49:38.238567,CLOSED,,AIRPORT-WIFI-FW,False
ALT-CSE-06-01802,CSE-06,LOW,2024-10-28T09:37:08,2024-10-28T09:47:43.012424,2024-10-28T10:58:29.482659,CLOSED,,AIRPORT-WIFI-FW,False
ALT-CSE-06-01803,CSE-06,CRITICAL,2024-12-06T13:11:30,2024-12-06T13:20:43.345802,2024-12-06T14:20:17.335229,CLOSED,CAS-CSE-06-0412,FLIGHT-DISPATCH-SRV,False
ALT-CSE-06-01804,CSE-06,CRITICAL,2024-10-04T17:37:24,2024-10-04T17:49:42.592117,2024-10-04T19:05:27.835078,CLOSED,CAS-CSE-06-0413,FLIGHT-DISPATCH-SRV,False
ALT-CSE-06-01805,CSE-06,CRITICAL,2024-10-12T10:48:14,2024-10-12T10:55:28.989587,2024-10-12T12:04:18.768588,CLOSED,CAS-CSE-06-0414,ATC-RADAR-GW-01,False
ALT-CSE-06-01806,CSE-06,LOW,2024-12-18T12:01:11,2024-12-18T12:06:06.844689,2024-12-18T12:57:36.083040,CLOSED,,AIRPORT-WIFI-FW,False
ALT-CSE-06-01807,CSE-06,MEDIUM,2024-10-30T14:23:02,2024-10-30T14:29:13.574948,2024-10-30T15:47:19.982280,CLOSED,,ATC-RADAR-GW-01,False
ALT-CSE-06-01808,CSE-06,CRITICAL,2024-12-10T03:48:47,2024-12-10T03:58:49.441374,2024-12-10T04:57:30.190644,CLOSED,,AIRPORT-WIFI-FW,False
ALT-CSE-06-01809,CSE-06,LOW,2024-12-25T05:28:06,2024-12-25T05:32:26.807064,2024-12-25T06:48:06.641621,CLOSED,,BAGGAGE-SORT-SCADA,False
ALT-CSE-06-01810,CSE-06,MEDIUM,2024-11-16T20:24:21,2024-11-16T20:28:12.269400,2024-11-16T21:29:10.945980,CLOSED,,ATC-RADAR-GW-01,False
ALT-CSE-06-01811,CSE-06,MEDIUM,2024-12-17T09:54:14,2024-12-17T10:00:18.878348,2024-12-17T10:52:58.507440,CLOSED,CAS-CSE-06-0415,ATC-RADAR-GW-01,False
ALT-CSE-06-01812,CSE-06,LOW,2024-12-13T14:14:55,2024-12-13T14:26:39.382412,2024-12-13T15:40:58.816723,CLOSED,,FLIGHT-DISPATCH-SRV,False
ALT-CSE-06-01813,CSE-06,MEDIUM,2024-11-26T20:56:45,2024-11-26T21:00:47.873625,2024-11-26T21:33:25.474673,CLOSED,,FLIGHT-DISPATCH-SRV,False
ALT-CSE-06-01814,CSE-06,MEDIUM,2024-12-23T23:44:43,2024-12-23T23:53:31.716043,2024-12-24T00:32:57.611732,CLOSED,,ATC-RADAR-GW-01,False
ALT-CSE-06-01815,CSE-06,HIGH,2024-11-23T18:56:44,2024-11-23T19:10:23.683773,2024-11-23T19:29:03.769426,CLOSED,,FLIGHT-DISPATCH-SRV,False
ALT-CSE-06-01816,CSE-06,LOW,2024-10-11T00:59:11,2024-10-11T01:03:39.198564,2024-10-11T02:06:39.814281,CLOSED,,AIRPORT-WIFI-FW,False
ALT-CSE-06-01817,CSE-06,MEDIUM,2024-12-28T14:06:33,2024-12-28T14:10:37.248417,2024-12-28T15:23:34.904044,CLOSED,,BAGGAGE-SORT-SCADA,False
ALT-CSE-06-01818,CSE-06,HIGH,2024-10-31T12:55:45,2024-10-31T13:07:00.271603,2024-10-31T13:37:55.385400,CLOSED,,FLIGHT-DISPATCH-SRV,False
ALT-CSE-06-01819,CSE-06,MEDIUM,2024-12-06T10:38:00,2024-12-06T10:41:51.196004,2024-12-06T11:18:59.412501,CLOSED,,AIRPORT-WIFI-FW,False
ALT-CSE-06-01820,CSE-06,LOW,2024-11-27T09:33:06,2024-11-27T09:46:23.064721,2024-11-27T10:40:27.077832,CLOSED,,BAGGAGE-SORT-SCADA,False
ALT-CSE-06-01821,CSE-06,LOW,2024-11-26T16:58:09,2024-11-26T17:11:02.399245,2024-11-26T17:59:10.023623,CLOSED,,AIRPORT-WIFI-FW,False
ALT-CSE-06-01822,CSE-06,MEDIUM,2024-12-01T19:07:40,2024-12-01T19:14:03.086935,2024-12-01T20:13:29.039165,CLOSED,,BAGGAGE-SORT-SCADA,False
ALT-CSE-06-01823,CSE-06,LOW,2024-12-24T23:25:30,2024-12-24T23:35:19.811066,2024-12-25T00:05:22.708056,CLOSED,,AIRPORT-WIFI-FW,False
ALT-CSE-06-01824,CSE-06,LOW,2024-11-08T13:33:14,2024-11-08T13:47:35.862731,2024-11-08T14:59:36.241320,CLOSED,CAS-CSE-06-0416,FLIGHT-DISPATCH-SRV,False
ALT-CSE-06-01825,CSE-06,HIGH,2024-12-19T05:20:06,2024-12-19T05:25:48.102074,2024-12-19T06:02:44.653633,CLOSED,,ATC-RADAR-GW-01,False
ALT-CSE-06-01826,CSE-06,HIGH,2024-11-26T12:55:00,2024-11-26T12:58:01.126519,2024-11-26T14:06:09.362823,CLOSED,,FLIGHT-DISPATCH-SRV,False
ALT-CSE-06-01827,CSE-06,CRITICAL,2024-10-15T06:55:15,2024-10-15T07:09:14.987162,2024-10-15T07:55:20.512926,CLOSED,CAS-CSE-06-0417,FLIGHT-DISPATCH-SRV,False
ALT-CSE-06-01828,CSE-06,LOW,2024-12-02T14:40:05,2024-12-02T14:46:07.873605,2024-12-02T15:54:28.535207,CLOSED,,FLIGHT-DISPATCH-SRV,False
ALT-CSE-06-01829,CSE-06,HIGH,2024-10-24T15:20:38,2024-10-24T15:27:15.388681,2024-10-24T16:02:07.419925,CLOSED,CAS-CSE-06-0418,ATC-RADAR-GW-01,False
ALT-CSE-06-01830,CSE-06,MEDIUM,2024-11-14T18:22:40,2024-11-14T18:32:40.780794,2024-11-14T19:27:31.739279,CLOSED,,ATC-RADAR-GW-01,False
ALT-CSE-06-01831,CSE-06,LOW,2024-12-07T06:28:38,2024-12-07T06:39:14.266024,2024-12-07T07:38:24.593638,CLOSED,,AIRPORT-WIFI-FW,False
ALT-CSE-06-01832,CSE-06,LOW,2024-10-02T15:06:22,2024-10-02T15:19:48.629379,2024-10-02T16:05:13.785508,CLOSED,,AIRPORT-WIFI-FW,False
ALT-CSE-06-01833,CSE-06,CRITICAL,2024-10-11T11:59:56,2024-10-11T12:06:17.463850,2024-10-11T12:40:45.648468,CLOSED,,BAGGAGE-SORT-SCADA,False
ALT-CSE-06-01834,CSE-06,CRITICAL,2024-10-07T06:00:55,2024-10-07T06:11:09.291838,2024-10-07T07:09:55.953534,CLOSED,CAS-CSE-06-0419,FLIGHT-DISPATCH-SRV,False
ALT-CSE-06-01835,CSE-06,HIGH,2024-12-23T09:28:44,2024-12-23T09:42:22.304136,2024-12-23T10:13:42.428815,CLOSED,CAS-CSE-06-0420,FLIGHT-DISPATCH-SRV,False
ALT-CSE-06-01836,CSE-06,HIGH,2024-11-22T12:43:07,2024-11-22T12:48:12.736126,2024-11-22T14:08:05.231119,CLOSED,,AIRPORT-WIFI-FW,False
ALT-CSE-06-01837,CSE-06,HIGH,2024-12-25T23:23:35,2024-12-25T23:33:53.105014,2024-12-26T00:36:50.768505,CLOSED,,FLIGHT-DISPATCH-SRV,False
ALT-CSE-06-01838,CSE-06,LOW,2024-10-14T01:03:06,2024-10-14T01:16:25.543102,2024-10-14T02:06:14.879173,CLOSED,,ATC-RADAR-GW-01,False
ALT-CSE-06-01839,CSE-06,MEDIUM,2024-12-26T10:36:57,2024-12-26T10:41:19.324249,2024-12-26T12:05:40.733005,CLOSED,,AIRPORT-WIFI-FW,False
ALT-CSE-06-01840,CSE-06,MEDIUM,2024-12-03T02:40:30,2024-12-03T02:55:09.948294,2024-12-03T03:11:39.513868,CLOSED,,AIRPORT-WIFI-FW,False
ALT-CSE-06-01841,CSE-06,CRITICAL,2024-12-03T16:14:28,2024-12-03T16:19:11.502842,2024-12-03T17:02:45.396054,CLOSED,,BAGGAGE-SORT-SCADA,False
ALT-CSE-06-01842,CSE-06,HIGH,2024-11-28T07:41:58,2024-11-28T07:56:34.720687,2024-11-28T08:54:30.827563,CLOSED,,ATC-RADAR-GW-01,False
ALT-CSE-06-01843,CSE-06,MEDIUM,2024-11-03T03:22:46,2024-11-03T03:27:45.533450,2024-11-03T04:21:07.948877,CLOSED,CAS-CSE-06-0421,BAGGAGE-SORT-SCADA,False
ALT-CSE-06-01844,CSE-06,CRITICAL,2024-10-07T10:24:33,2024-10-07T10:30:52.823734,2024-10-07T11:54:21.862325,CLOSED,CAS-CSE-06-0422,BAGGAGE-SORT-SCADA,False
ALT-CSE-06-01845,CSE-06,MEDIUM,2024-11-14T12:18:07,2024-11-14T12:22:54.690011,2024-11-14T12:48:19.615517,CLOSED,,BAGGAGE-SORT-SCADA,False
ALT-CSE-06-01846,CSE-06,CRITICAL,2024-12-04T12:25:02,2024-12-04T12:34:13.100907,2024-12-04T13:10:39.564695,CLOSED,CAS-CSE-06-0423,BAGGAGE-SORT-SCADA,False
ALT-CSE-06-01847,CSE-06,HIGH,2024-10-10T00:09:21,2024-10-10T00:16:15.252642,2024-10-10T01:14:48.090819,CLOSED,,FLIGHT-DISPATCH-SRV,False
ALT-CSE-06-01848,CSE-06,CRITICAL,2024-12-24T01:46:49,2024-12-24T01:51:46.584790,2024-12-24T02:32:18.448284,CLOSED,CAS-CSE-06-0424,AIRPORT-WIFI-FW,False
ALT-CSE-06-01849,CSE-06,CRITICAL,2024-12-14T13:50:52,2024-12-14T13:54:14.100915,2024-12-14T15:12:16.848742,CLOSED,CAS-CSE-06-0425,ATC-RADAR-GW-01,False
ALT-CSE-06-01850,CSE-06,MEDIUM,2024-11-22T22:00:25,2024-11-22T22:13:26.698620,2024-11-22T22:45:57.265309,CLOSED,,ATC-RADAR-GW-01,False
ALT-CSE-06-01851,CSE-06,HIGH,2024-11-15T19:04:03,2024-11-15T19:14:25.826720,2024-11-15T19:55:31.894140,CLOSED,,ATC-RADAR-GW-01,False
ALT-CSE-06-01852,CSE-06,LOW,2024-12-23T12:01:11,2024-12-23T12:08:03.852295,2024-12-23T13:28:10.105614,CLOSED,,AIRPORT-WIFI-FW,False
ALT-CSE-06-01853,CSE-06,LOW,2024-12-13T17:02:10,2024-12-13T17:12:26.542737,2024-12-13T18:30:23.177779,CLOSED,CAS-CSE-06-0426,AIRPORT-WIFI-FW,False
ALT-CSE-06-01854,CSE-06,MEDIUM,2024-12-25T04:07:08,2024-12-25T04:16:00.464289,2024-12-25T05:01:23.658471,CLOSED,,BAGGAGE-SORT-SCADA,False
ALT-CSE-06-01855,CSE-06,HIGH,2024-11-19T06:46:46,2024-11-19T06:50:13.648244,2024-11-19T07:28:49.366098,CLOSED,,FLIGHT-DISPATCH-SRV,False
ALT-CSE-06-01856,CSE-06,CRITICAL,2024-11-02T18:26:35,2024-11-02T18:37:21.178714,2024-11-02T19:26:52.571408,CLOSED,CAS-CSE-06-0427,BAGGAGE-SORT-SCADA,False
ALT-CSE-06-01857,CSE-06,CRITICAL,2024-12-01T10:16:06,2024-12-01T10:25:29.685287,2024-12-01T11:45:57.810582,CLOSED,CAS-CSE-06-0428,AIRPORT-WIFI-FW,False
ALT-CSE-06-01858,CSE-06,HIGH,2024-11-04T08:57:55,2024-11-04T09:11:57.092907,2024-11-04T09:36:15.801331,CLOSED,,AIRPORT-WIFI-FW,False
ALT-CSE-06-01859,CSE-06,MEDIUM,2024-11-18T12:36:22,2024-11-18T12:42:15.833582,2024-11-18T13:39:00.460468,CLOSED,,FLIGHT-DISPATCH-SRV,False
ALT-CSE-06-01860,CSE-06,MEDIUM,2024-10-04T10:11:17,2024-10-04T10:22:55.319082,2024-10-04T11:01:39.238387,CLOSED,,AIRPORT-WIFI-FW,False
ALT-CSE-06-01861,CSE-06,MEDIUM,2024-11-02T06:22:59,2024-11-02T06:26:22.089758,2024-11-02T07:41:26.273071,CLOSED,CAS-CSE-06-0429,AIRPORT-WIFI-FW,False
ALT-CSE-06-01862,CSE-06,CRITICAL,2024-12-22T12:00:51,2024-12-22T12:05:51.841249,2024-12-22T12:45:10.271635,CLOSED,CAS-CSE-06-0430,AIRPORT-WIFI-FW,False
ALT-CSE-06-01863,CSE-06,LOW,2024-12-10T07:15:32,2024-12-10T07:29:08.414215,2024-12-10T08:35:19.289616,CLOSED,,FLIGHT-DISPATCH-SRV,False
ALT-CSE-06-01864,CSE-06,HIGH,2024-11-23T01:19:25,2024-11-23T01:34:24.530807,2024-11-23T02:35:16.566181,CLOSED,,BAGGAGE-SORT-SCADA,False
ALT-CSE-06-01865,CSE-06,MEDIUM,2024-10-26T04:56:04,2024-10-26T05:01:56.788723,2024-10-26T05:35:18.711330,CLOSED,,BAGGAGE-SORT-SCADA,False
ALT-CSE-06-01866,CSE-06,MEDIUM,2024-12-15T06:52:14,2024-12-15T07:03:34.075024,2024-12-15T08:19:21.364487,CLOSED,,FLIGHT-DISPATCH-SRV,False
ALT-CSE-06-01867,CSE-06,LOW,2024-12-04T20:31:49,2024-12-04T20:45:38.070206,2024-12-04T21:21:50.742231,CLOSED,,FLIGHT-DISPATCH-SRV,False
ALT-CSE-06-01868,CSE-06,LOW,2024-12-29T14:50:36,2024-12-29T14:56:54.257522,2024-12-29T16:01:58.482145,CLOSED,,ATC-RADAR-GW-01,False
ALT-CSE-06-01869,CSE-06,HIGH,2024-12-11T22:24:08,2024-12-11T22:27:31.019476,2024-12-11T23:21:02.870148,CLOSED,,FLIGHT-DISPATCH-SRV,False
ALT-CSE-06-01870,CSE-06,MEDIUM,2024-12-24T01:51:02,2024-12-24T01:54:33.761615,2024-12-24T02:58:08.431917,CLOSED,,AIRPORT-WIFI-FW,False
ALT-CSE-06-01871,CSE-06,MEDIUM,2024-11-17T20:52:36,2024-11-17T21:04:17.433129,2024-11-17T22:18:50.510172,CLOSED,,AIRPORT-WIFI-FW,False
ALT-CSE-06-01872,CSE-06,LOW,2024-10-17T22:17:01,2024-10-17T22:21:46.404952,2024-10-17T23:14:26.830011,CLOSED,,FLIGHT-DISPATCH-SRV,False
ALT-CSE-06-01873,CSE-06,CRITICAL,2024-12-01T21:19:54,2024-12-01T21:23:33.773198,2024-12-01T22:45:10.454779,CLOSED,CAS-CSE-06-0431,AIRPORT-WIFI-FW,False
ALT-CSE-06-01874,CSE-06,CRITICAL,2024-12-26T15:14:53,2024-12-26T15:22:57.553664,2024-12-26T16:10:27.694017,CLOSED,CAS-CSE-06-0432,FLIGHT-DISPATCH-SRV,False
ALT-CSE-06-01875,CSE-06,MEDIUM,2024-10-04T23:08:39,2024-10-04T23:17:10.832055,2024-10-05T00:32:01.996134,CLOSED,,ATC-RADAR-GW-01,False
ALT-CSE-06-01876,CSE-06,HIGH,2024-12-23T07:13:19,2024-12-23T07:20:00.331306,2024-12-23T08:26:11.994307,CLOSED,CAS-CSE-06-0433,AIRPORT-WIFI-FW,False
ALT-CSE-06-01877,CSE-06,LOW,2024-10-06T02:16:49,2024-10-06T02:20:15.084666,2024-10-06T03:44:52.760991,CLOSED,,ATC-RADAR-GW-01,False
ALT-CSE-06-01878,CSE-06,HIGH,2024-11-23T01:27:24,2024-11-23T01:41:00.803108,2024-11-23T02:49:02.130994,CLOSED,,AIRPORT-WIFI-FW,False
ALT-CSE-06-01879,CSE-06,CRITICAL,2024-12-04T10:32:32,2024-12-04T10:36:57.187378,2024-12-04T11:21:26.766745,CLOSED,CAS-CSE-06-0434,AIRPORT-WIFI-FW,False
ALT-CSE-06-01880,CSE-06,LOW,2024-12-16T12:03:24,2024-12-16T12:09:31.062752,2024-12-16T13:06:16.697544,CLOSED,,ATC-RADAR-GW-01,False
ALT-CSE-06-01881,CSE-06,CRITICAL,2024-11-20T09:03:48,2024-11-20T09:12:50.555753,2024-11-20T10:25:47.098107,CLOSED,,ATC-RADAR-GW-01,False
ALT-CSE-06-01882,CSE-06,HIGH,2024-12-16T11:11:36,2024-12-16T11:15:42.311759,2024-12-16T12:38:16.607379,CLOSED,CAS-CSE-06-0435,AIRPORT-WIFI-FW,False
ALT-CSE-06-01883,CSE-06,CRITICAL,2024-10-14T21:34:22,2024-10-14T21:40:20.189865,2024-10-14T22:10:10.760436,CLOSED,CAS-CSE-06-0436,FLIGHT-DISPATCH-SRV,False
ALT-CSE-06-01884,CSE-06,HIGH,2024-12-18T00:09:03,2024-12-18T00:15:30.400636,2024-12-18T01:15:13.845087,CLOSED,,AIRPORT-WIFI-FW,False
ALT-CSE-06-01885,CSE-06,HIGH,2024-12-26T14:10:55,2024-12-26T14:16:11.984164,2024-12-26T14:44:54.920531,CLOSED,,ATC-RADAR-GW-01,False
ALT-CSE-06-01886,CSE-06,MEDIUM,2024-12-01T23:37:23,2024-12-01T23:44:35.132853,2024-12-02T00:10:11.223920,CLOSED,,ATC-RADAR-GW-01,False
ALT-CSE-06-01887,CSE-06,MEDIUM,2024-11-03T15:13:47,2024-11-03T15:20:20.477647,2024-11-03T16:22:40.265923,CLOSED,,AIRPORT-WIFI-FW,False
ALT-CSE-06-01888,CSE-06,MEDIUM,2024-11-05T20:42:26,2024-11-05T20:51:53.243053,2024-11-05T21:26:20.086701,CLOSED,,AIRPORT-WIFI-FW,False
ALT-CSE-06-01889,CSE-06,HIGH,2024-10-05T10:01:30,2024-10-05T10:14:19.012924,2024-10-05T10:57:13.056662,CLOSED,CAS-CSE-06-0437,BAGGAGE-SORT-SCADA,False
ALT-CSE-06-01890,CSE-06,MEDIUM,2024-10-26T19:41:05,2024-10-26T19:46:28.276436,2024-10-26T20:46:02.699147,CLOSED,,AIRPORT-WIFI-FW,False
ALT-CSE-06-01891,CSE-06,LOW,2024-10-06T20:36:24,2024-10-06T20:43:44.671745,2024-10-06T21:51:29.864855,CLOSED,,FLIGHT-DISPATCH-SRV,False
ALT-CSE-06-01892,CSE-06,HIGH,2024-10-27T13:44:09,2024-10-27T13:56:32.722605,2024-10-27T14:33:40.677256,CLOSED,CAS-CSE-06-0438,FLIGHT-DISPATCH-SRV,False
ALT-CSE-06-01893,CSE-06,LOW,2024-11-15T02:18:32,2024-11-15T02:23:30.907370,2024-11-15T03:01:32.824813,CLOSED,,FLIGHT-DISPATCH-SRV,False
ALT-CSE-06-01894,CSE-06,MEDIUM,2024-11-24T19:51:21,2024-11-24T19:55:07.901352,2024-11-24T20:39:37.678057,CLOSED,,AIRPORT-WIFI-FW,False
ALT-CSE-06-01895,CSE-06,MEDIUM,2024-10-08T12:33:48,2024-10-08T12:38:29.297700,2024-10-08T13:27:57.405584,CLOSED,,ATC-RADAR-GW-01,False
ALT-CSE-06-01896,CSE-06,MEDIUM,2024-12-22T08:45:32,2024-12-22T08:56:05.389703,2024-12-22T09:50:50.983017,CLOSED,,BAGGAGE-SORT-SCADA,False
ALT-CSE-06-01897,CSE-06,MEDIUM,2024-12-03T02:56:26,2024-12-03T03:05:46.199737,2024-12-03T03:38:00.640086,CLOSED,,FLIGHT-DISPATCH-SRV,False
ALT-CSE-06-01898,CSE-06,HIGH,2024-11-01T19:43:11,2024-11-01T19:48:15.189999,2024-11-01T20:58:47.384991,CLOSED,,BAGGAGE-SORT-SCADA,False
ALT-CSE-06-01899,CSE-06,MEDIUM,2024-12-04T09:18:26,2024-12-04T09:32:00.053430,2024-12-04T10:37:17.905158,CLOSED,,BAGGAGE-SORT-SCADA,False
ALT-CSE-06-01900,CSE-06,HIGH,2024-10-14T18:03:47,2024-10-14T18:09:58.720255,2024-10-14T18:50:51.599480,CLOSED,,FLIGHT-DISPATCH-SRV,False
ALT-CSE-06-01901,CSE-06,HIGH,2024-10-10T01:42:35,2024-10-10T01:50:16.492415,2024-10-10T02:14:53.647501,CLOSED,,AIRPORT-WIFI-FW,False
ALT-CSE-06-01902,CSE-06,HIGH,2024-12-29T08:25:49,2024-12-29T08:34:16.219453,2024-12-29T09:43:34.832037,CLOSED,,AIRPORT-WIFI-FW,False
ALT-CSE-06-01903,CSE-06,MEDIUM,2024-11-22T20:42:27,2024-11-22T20:53:54.589763,2024-11-22T21:35:36.855465,CLOSED,,AIRPORT-WIFI-FW,False
ALT-CSE-06-01904,CSE-06,LOW,2024-12-10T02:55:01,2024-12-10T03:00:20.028336,2024-12-10T03:25:43.637886,CLOSED,,FLIGHT-DISPATCH-SRV,False
ALT-CSE-06-01905,CSE-06,LOW,2024-12-16T06:35:37,2024-12-16T06:40:50.538416,2024-12-16T08:05:14.169995,CLOSED,,AIRPORT-WIFI-FW,False
ALT-CSE-06-01906,CSE-06,LOW,2024-10-17T20:39:12,2024-10-17T20:44:08.383873,2024-10-17T21:49:54.241119,CLOSED,,FLIGHT-DISPATCH-SRV,False
ALT-CSE-06-01907,CSE-06,HIGH,2024-10-21T19:41:06,2024-10-21T19:54:17.311634,2024-10-21T21:01:59.702704,CLOSED,,ATC-RADAR-GW-01,False
ALT-CSE-06-01908,CSE-06,MEDIUM,2024-12-05T10:08:28,2024-12-05T10:20:15.941188,2024-12-05T11:10:12.851899,CLOSED,,ATC-RADAR-GW-01,False
ALT-CSE-06-01909,CSE-06,MEDIUM,2024-11-01T06:57:51,2024-11-01T07:11:19.004949,2024-11-01T07:54:35.249121,CLOSED,,AIRPORT-WIFI-FW,False
ALT-CSE-06-01910,CSE-06,HIGH,2024-11-28T15:24:23,2024-11-28T15:32:20.490138,2024-11-28T16:38:57.389400,CLOSED,CAS-CSE-06-0439,ATC-RADAR-GW-01,False
ALT-CSE-06-01911,CSE-06,CRITICAL,2024-12-02T17:10:59,2024-12-02T17:20:26.036861,2024-12-02T18:24:24.598794,CLOSED,,FLIGHT-DISPATCH-SRV,False
ALT-CSE-06-01912,CSE-06,HIGH,2024-11-04T15:19:11,2024-11-04T15:22:44.639192,2024-11-04T15:49:26.140408,CLOSED,,AIRPORT-WIFI-FW,False
ALT-CSE-06-01913,CSE-06,LOW,2024-12-02T09:55:52,2024-12-02T10:07:41.896124,2024-12-02T10:57:11.575632,CLOSED,,ATC-RADAR-GW-01,False
ALT-CSE-06-01914,CSE-06,HIGH,2024-12-26T14:30:39,2024-12-26T14:42:47.838968,2024-12-26T15:10:24.820873,CLOSED,,ATC-RADAR-GW-01,False
ALT-CSE-06-01915,CSE-06,CRITICAL,2024-10-18T05:54:48,2024-10-18T06:02:38.768372,2024-10-18T06:50:45.940411,CLOSED,CAS-CSE-06-0440,FLIGHT-DISPATCH-SRV,False
ALT-CSE-06-01916,CSE-06,HIGH,2024-11-02T23:51:58,2024-11-02T23:55:42.031228,2024-11-03T00:45:19.752624,CLOSED,,ATC-RADAR-GW-01,False
ALT-CSE-06-01917,CSE-06,CRITICAL,2024-10-09T19:54:58,2024-10-09T20:08:25.786429,2024-10-09T21:13:14.036149,CLOSED,CAS-CSE-06-0441,FLIGHT-DISPATCH-SRV,False
ALT-CSE-06-01918,CSE-06,MEDIUM,2024-11-25T03:35:00,2024-11-25T03:45:55.139077,2024-11-25T04:57:27.720193,CLOSED,,FLIGHT-DISPATCH-SRV,False
ALT-CSE-06-01919,CSE-06,CRITICAL,2024-11-27T05:22:09,2024-11-27T05:31:19.623537,2024-11-27T06:05:35.485237,CLOSED,CAS-CSE-06-0442,AIRPORT-WIFI-FW,False
ALT-CSE-06-01920,CSE-06,HIGH,2024-12-18T08:01:33,2024-12-18T08:10:13.594147,2024-12-18T09:27:47.091171,CLOSED,,AIRPORT-WIFI-FW,False
ALT-CSE-06-01921,CSE-06,LOW,2024-11-22T04:35:43,2024-11-22T04:50:15.214416,2024-11-22T05:26:46.690174,CLOSED,,AIRPORT-WIFI-FW,False
ALT-CSE-06-01922,CSE-06,CRITICAL,2024-10-28T14:42:49,2024-10-28T14:50:06.800488,2024-10-28T15:22:52.892314,CLOSED,CAS-CSE-06-0443,ATC-RADAR-GW-01,False
ALT-CSE-06-01923,CSE-06,LOW,2024-12-16T06:09:32,2024-12-16T06:12:47.494417,2024-12-16T06:58:56.476293,CLOSED,,ATC-RADAR-GW-01,False
ALT-CSE-06-01924,CSE-06,HIGH,2024-10-06T11:37:24,2024-10-06T11:51:10.909538,2024-10-06T12:51:13.633756,CLOSED,,ATC-RADAR-GW-01,False
ALT-CSE-06-01925,CSE-06,LOW,2024-11-14T20:12:40,2024-11-14T20:20:44.550671,2024-11-14T21:16:31.810913,CLOSED,,FLIGHT-DISPATCH-SRV,False
ALT-CSE-06-01926,CSE-06,MEDIUM,2024-12-01T14:42:02,2024-12-01T14:45:24.748882,2024-12-01T15:59:08.620178,CLOSED,,AIRPORT-WIFI-FW,False
ALT-CSE-06-01927,CSE-06,MEDIUM,2024-12-05T23:50:59,2024-12-06T00:01:43.066662,2024-12-06T00:56:09.926636,CLOSED,,FLIGHT-DISPATCH-SRV,False
ALT-CSE-06-01928,CSE-06,LOW,2024-12-22T16:27:20,2024-12-22T16:36:09.970998,2024-12-22T17:05:50.766519,CLOSED,,ATC-RADAR-GW-01,False
ALT-CSE-06-01929,CSE-06,MEDIUM,2024-11-08T05:36:06,2024-11-08T05:46:07.211638,2024-11-08T06:43:33.924210,CLOSED,,ATC-RADAR-GW-01,False
ALT-CSE-06-01930,CSE-06,LOW,2024-11-06T09:57:41,2024-11-06T10:03:55.633796,2024-11-06T11:08:08.886748,CLOSED,,BAGGAGE-SORT-SCADA,False
ALT-CSE-06-01931,CSE-06,CRITICAL,2024-10-15T12:37:23,2024-10-15T12:43:22.187106,2024-10-15T13:55:27.812340,CLOSED,CAS-CSE-06-0444,AIRPORT-WIFI-FW,False
ALT-CSE-06-01932,CSE-06,CRITICAL,2024-10-13T20:27:46,2024-10-13T20:36:30.194367,2024-10-13T21:27:55.786260,CLOSED,CAS-CSE-06-0445,BAGGAGE-SORT-SCADA,False
ALT-CSE-06-01933,CSE-06,LOW,2024-12-19T06:49:13,2024-12-19T06:59:59.618440,2024-12-19T07:42:34.693099,CLOSED,,ATC-RADAR-GW-01,False
ALT-CSE-06-01934,CSE-06,HIGH,2024-10-13T22:33:51,2024-10-13T22:40:36.768500,2024-10-13T23:58:56.121946,CLOSED,,BAGGAGE-SORT-SCADA,False
ALT-CSE-06-01935,CSE-06,MEDIUM,2024-11-01T03:41:35,2024-11-01T03:48:43.803375,2024-11-01T04:47:30.910296,CLOSED,,BAGGAGE-SORT-SCADA,False
ALT-CSE-06-01936,CSE-06,LOW,2024-10-24T00:12:19,2024-10-24T00:17:42.812671,2024-10-24T01:22:49.483580,CLOSED,,AIRPORT-WIFI-FW,False
ALT-CSE-06-01937,CSE-06,HIGH,2024-12-26T08:41:20,2024-12-26T08:50:04.941802,2024-12-26T09:44:40.545875,CLOSED,,FLIGHT-DISPATCH-SRV,False
ALT-CSE-06-01938,CSE-06,HIGH,2024-11-04T12:03:35,2024-11-04T12:12:43.425589,2024-11-04T12:54:08.062810,CLOSED,,FLIGHT-DISPATCH-SRV,False
ALT-CSE-06-01939,CSE-06,HIGH,2024-10-05T19:12:32,2024-10-05T19:19:30.721317,2024-10-05T20:04:40.717092,CLOSED,,AIRPORT-WIFI-FW,False
ALT-CSE-06-01940,CSE-06,MEDIUM,2024-10-16T12:47:43,2024-10-16T13:01:42.876224,2024-10-16T14:16:33.720327,CLOSED,,BAGGAGE-SORT-SCADA,False
ALT-CSE-06-01941,CSE-06,MEDIUM,2024-10-02T14:26:46,2024-10-02T14:40:03.833985,2024-10-02T15:41:19.788759,CLOSED,,AIRPORT-WIFI-FW,False
ALT-CSE-06-01942,CSE-06,MEDIUM,2024-12-21T10:09:33,2024-12-21T10:17:00.956249,2024-12-21T11:08:45.577050,CLOSED,,ATC-RADAR-GW-01,False
ALT-CSE-06-01943,CSE-06,HIGH,2024-12-21T06:51:25,2024-12-21T07:05:21.736292,2024-12-21T07:52:53.601721,CLOSED,,BAGGAGE-SORT-SCADA,False
ALT-CSE-06-01944,CSE-06,CRITICAL,2024-12-13T14:49:02,2024-12-13T14:59:26.421369,2024-12-13T15:38:48.955351,CLOSED,CAS-CSE-06-0446,FLIGHT-DISPATCH-SRV,False
ALT-CSE-06-01945,CSE-06,HIGH,2024-11-07T05:04:06,2024-11-07T05:08:10.200022,2024-11-07T06:11:56.324763,CLOSED,,FLIGHT-DISPATCH-SRV,False
ALT-CSE-06-01946,CSE-06,LOW,2024-11-22T21:49:03,2024-11-22T21:52:12.705028,2024-11-22T22:21:47.558794,CLOSED,,FLIGHT-DISPATCH-SRV,False
ALT-CSE-06-01947,CSE-06,HIGH,2024-10-02T15:32:40,2024-10-02T15:39:24.823018,2024-10-02T16:23:34.622915,CLOSED,,BAGGAGE-SORT-SCADA,False
ALT-CSE-06-01948,CSE-06,MEDIUM,2024-10-21T04:03:43,2024-10-21T04:14:15.864470,2024-10-21T05:13:23.431494,CLOSED,,FLIGHT-DISPATCH-SRV,False
ALT-CSE-06-01949,CSE-06,LOW,2024-10-12T18:29:07,2024-10-12T18:32:56.164954,2024-10-12T19:02:35.375018,CLOSED,,BAGGAGE-SORT-SCADA,False
ALT-CSE-06-01950,CSE-06,LOW,2024-12-22T14:29:35,2024-12-22T14:39:20.847767,2024-12-22T15:26:21.442807,CLOSED,,BAGGAGE-SORT-SCADA,False
ALT-CSE-06-01951,CSE-06,HIGH,2024-11-19T19:27:33,2024-11-19T19:37:11.382112,2024-11-19T20:54:29.441052,CLOSED,,BAGGAGE-SORT-SCADA,False
ALT-CSE-06-01952,CSE-06,HIGH,2024-10-09T12:28:25,2024-10-09T12:41:11.393991,2024-10-09T13:34:38.687015,CLOSED,,BAGGAGE-SORT-SCADA,False
ALT-CSE-06-01953,CSE-06,LOW,2024-12-03T05:47:39,2024-12-03T05:55:45.576376,2024-12-03T06:35:45.524483,CLOSED,,FLIGHT-DISPATCH-SRV,False
ALT-CSE-06-01954,CSE-06,MEDIUM,2024-12-16T02:07:15,2024-12-16T02:21:12.521909,2024-12-16T03:04:27.952788,CLOSED,,AIRPORT-WIFI-FW,False
ALT-CSE-06-01955,CSE-06,MEDIUM,2024-12-27T03:58:52,2024-12-27T04:13:00.128520,2024-12-27T05:17:05.716701,CLOSED,,BAGGAGE-SORT-SCADA,False
ALT-CSE-06-01956,CSE-06,CRITICAL,2024-10-25T06:50:49,2024-10-25T06:55:51.419532,2024-10-25T07:39:31.072707,CLOSED,,AIRPORT-WIFI-FW,False
ALT-CSE-06-01957,CSE-06,LOW,2024-11-11T17:18:45,2024-11-11T17:28:04.529299,2024-11-11T18:43:15.408458,CLOSED,,BAGGAGE-SORT-SCADA,False
ALT-CSE-06-01958,CSE-06,MEDIUM,2024-10-05T02:39:45,2024-10-05T02:53:18.007985,2024-10-05T04:03:18.921869,CLOSED,,ATC-RADAR-GW-01,False
ALT-CSE-06-01959,CSE-06,MEDIUM,2024-10-19T20:28:58,2024-10-19T20:33:44.464116,2024-10-19T21:10:04.180886,CLOSED,,AIRPORT-WIFI-FW,False
ALT-CSE-06-01960,CSE-06,MEDIUM,2024-11-29T16:30:37,2024-11-29T16:36:07.572679,2024-11-29T17:52:49.693336,CLOSED,,BAGGAGE-SORT-SCADA,False
ALT-CSE-06-01961,CSE-06,HIGH,2024-12-07T16:38:20,2024-12-07T16:46:28.660879,2024-12-07T17:27:38.904012,CLOSED,,FLIGHT-DISPATCH-SRV,False
ALT-CSE-06-01962,CSE-06,MEDIUM,2024-11-04T20:30:27,2024-11-04T20:34:40.705256,2024-11-04T21:23:20.217022,CLOSED,,BAGGAGE-SORT-SCADA,False
ALT-CSE-06-01963,CSE-06,HIGH,2024-10-01T01:19:48,2024-10-01T01:23:49.987629,2024-10-01T02:44:44.586027,CLOSED,,BAGGAGE-SORT-SCADA,False
ALT-CSE-06-01964,CSE-06,MEDIUM,2024-10-03T14:30:40,2024-10-03T14:44:31.285635,2024-10-03T15:18:59.914223,CLOSED,,AIRPORT-WIFI-FW,False
ALT-CSE-06-01965,CSE-06,MEDIUM,2024-11-04T12:54:22,2024-11-04T12:58:26.285138,2024-11-04T13:34:30.812462,CLOSED,,AIRPORT-WIFI-FW,False
ALT-CSE-06-01966,CSE-06,HIGH,2024-11-23T04:00:29,2024-11-23T04:09:40.974413,2024-11-23T05:22:43.148524,CLOSED,,FLIGHT-DISPATCH-SRV,False
ALT-CSE-06-01967,CSE-06,LOW,2024-10-18T05:12:36,2024-10-18T05:26:09.492162,2024-10-18T06:07:03.992801,CLOSED,,ATC-RADAR-GW-01,False
ALT-CSE-06-01968,CSE-06,HIGH,2024-11-13T15:24:45,2024-11-13T15:32:40.317931,2024-11-13T16:45:12.002041,CLOSED,,FLIGHT-DISPATCH-SRV,False
ALT-CSE-06-01969,CSE-06,MEDIUM,2024-10-09T06:00:48,2024-10-09T06:09:50.296970,2024-10-09T07:12:51.439938,CLOSED,,BAGGAGE-SORT-SCADA,False
ALT-CSE-06-01970,CSE-06,CRITICAL,2024-12-06T23:24:13,2024-12-06T23:36:37.613509,2024-12-06T23:57:32.686548,CLOSED,CAS-CSE-06-0447,FLIGHT-DISPATCH-SRV,False
ALT-CSE-06-01971,CSE-06,CRITICAL,2024-11-01T22:31:16,2024-11-01T22:38:16.283638,2024-11-01T23:04:34.635568,CLOSED,CAS-CSE-06-0448,FLIGHT-DISPATCH-SRV,False
ALT-CSE-06-01972,CSE-06,CRITICAL,2024-12-02T02:02:51,2024-12-02T02:13:26.499008,2024-12-02T03:12:05.038012,CLOSED,CAS-CSE-06-0449,AIRPORT-WIFI-FW,False
ALT-CSE-06-01973,CSE-06,MEDIUM,2024-10-24T17:04:37,2024-10-24T17:09:40.556326,2024-10-24T18:14:57.577512,CLOSED,,AIRPORT-WIFI-FW,False
ALT-CSE-06-01974,CSE-06,HIGH,2024-10-08T22:09:58,2024-10-08T22:14:32.157394,2024-10-08T23:29:00.045402,CLOSED,,ATC-RADAR-GW-01,False
ALT-CSE-06-01975,CSE-06,CRITICAL,2024-12-12T13:24:38,2024-12-12T13:34:01.205213,2024-12-12T14:33:50.547779,CLOSED,CAS-CSE-06-0450,FLIGHT-DISPATCH-SRV,False
ALT-CSE-06-01976,CSE-06,CRITICAL,2024-11-01T05:16:25,2024-11-01T05:31:10.396415,2024-11-01T06:25:31.048159,CLOSED,CAS-CSE-06-0451,FLIGHT-DISPATCH-SRV,False
ALT-CSE-06-01977,CSE-06,HIGH,2024-10-22T23:36:19,2024-10-22T23:43:48.057012,2024-10-23T00:10:58.898276,CLOSED,,FLIGHT-DISPATCH-SRV,False
ALT-CSE-06-01978,CSE-06,MEDIUM,2024-11-14T21:10:58,2024-11-14T21:20:36.286117,2024-11-14T22:31:24.651013,CLOSED,,AIRPORT-WIFI-FW,False
ALT-CSE-06-01979,CSE-06,LOW,2024-12-08T07:26:37,2024-12-08T07:34:39.789630,2024-12-08T08:04:05.244769,CLOSED,CAS-CSE-06-0452,BAGGAGE-SORT-SCADA,False
ALT-CSE-06-01980,CSE-06,HIGH,2024-12-24T23:14:55,2024-12-24T23:18:29.827810,2024-12-25T00:40:59.334077,CLOSED,,AIRPORT-WIFI-FW,False
ALT-CSE-06-01981,CSE-06,MEDIUM,2024-10-02T23:54:37,2024-10-03T00:02:43.919573,2024-10-03T00:52:02.577096,CLOSED,,ATC-RADAR-GW-01,False
ALT-CSE-06-01982,CSE-06,MEDIUM,2024-10-26T17:01:02,2024-10-26T17:07:05.357240,2024-10-26T18:25:50.495747,CLOSED,,ATC-RADAR-GW-01,False
ALT-CSE-06-01983,CSE-06,HIGH,2024-11-26T08:08:12,2024-11-26T08:13:57.120722,2024-11-26T09:33:04.325457,CLOSED,,ATC-RADAR-GW-01,False
ALT-CSE-06-01984,CSE-06,CRITICAL,2024-12-25T23:54:23,2024-12-26T00:08:13.299928,2024-12-26T01:05:25.508038,CLOSED,CAS-CSE-06-0453,ATC-RADAR-GW-01,False
ALT-CSE-06-01985,CSE-06,HIGH,2024-11-25T03:25:28,2024-11-25T03:37:12.176156,2024-11-25T04:13:38.728214,CLOSED,,ATC-RADAR-GW-01,False
ALT-CSE-06-01986,CSE-06,MEDIUM,2024-12-16T02:11:18,2024-12-16T02:23:05.117518,2024-12-16T03:34:28.999409,CLOSED,,AIRPORT-WIFI-FW,False
ALT-CSE-06-01987,CSE-06,LOW,2024-10-30T01:15:32,2024-10-30T01:26:20.994157,2024-10-30T02:24:46.976760,CLOSED,,BAGGAGE-SORT-SCADA,False
ALT-CSE-06-01988,CSE-06,MEDIUM,2024-12-10T22:51:58,2024-12-10T22:56:42.653787,2024-12-11T00:07:00.755838,CLOSED,,BAGGAGE-SORT-SCADA,False
ALT-CSE-06-01989,CSE-06,HIGH,2024-12-16T10:46:02,2024-12-16T10:49:17.467847,2024-12-16T11:41:49.346418,CLOSED,,ATC-RADAR-GW-01,False
ALT-CSE-06-01990,CSE-06,MEDIUM,2024-12-22T05:10:18,2024-12-22T05:15:08.984409,2024-12-22T06:00:26.545998,CLOSED,,AIRPORT-WIFI-FW,False
ALT-CSE-06-01991,CSE-06,MEDIUM,2024-10-12T22:45:57,2024-10-12T22:58:43.682444,2024-10-12T23:16:45.216694,CLOSED,,AIRPORT-WIFI-FW,False
ALT-CSE-06-01992,CSE-06,HIGH,2024-12-21T11:45:52,2024-12-21T11:55:22.121189,2024-12-21T13:00:43.614638,CLOSED,,BAGGAGE-SORT-SCADA,False
ALT-CSE-06-01993,CSE-06,CRITICAL,2024-10-21T07:46:26,2024-10-21T07:51:42.817552,2024-10-21T09:10:39.094859,CLOSED,CAS-CSE-06-0454,BAGGAGE-SORT-SCADA,False
ALT-CSE-06-01994,CSE-06,CRITICAL,2024-12-20T21:41:52,2024-12-20T21:47:21.518573,2024-12-20T22:40:17.646642,CLOSED,CAS-CSE-06-0455,AIRPORT-WIFI-FW,False
ALT-CSE-06-01995,CSE-06,LOW,2024-10-29T20:40:51,2024-10-29T20:55:19.363205,2024-10-29T21:59:05.860780,CLOSED,,FLIGHT-DISPATCH-SRV,False
ALT-CSE-06-01996,CSE-06,MEDIUM,2024-11-28T21:44:19,2024-11-28T21:52:17.181534,2024-11-28T22:15:33.188802,CLOSED,CAS-CSE-06-0456,AIRPORT-WIFI-FW,False
ALT-CSE-06-01997,CSE-06,HIGH,2024-10-23T07:30:29,2024-10-23T07:34:23.561806,2024-10-23T08:49:04.528869,CLOSED,,AIRPORT-WIFI-FW,False
ALT-CSE-06-01998,CSE-06,LOW,2024-11-15T07:12:51,2024-11-15T07:26:49.716460,2024-11-15T08:24:04.634223,CLOSED,,ATC-RADAR-GW-01,False
ALT-CSE-06-01999,CSE-06,HIGH,2024-10-28T14:22:47,2024-10-28T14:27:17.548878,2024-10-28T15:43:22.516342,CLOSED,,AIRPORT-WIFI-FW,False
ALT-CSE-06-02000,CSE-06,LOW,2024-12-16T18:23:10,2024-12-16T18:37:20.437761,2024-12-16T19:38:15.652378,CLOSED,,FLIGHT-DISPATCH-SRV,False
ALT-CSE-06-02001,CSE-06,MEDIUM,2024-12-09T18:46:32,2024-12-09T18:56:59.106968,2024-12-09T19:47:24.889723,CLOSED,,BAGGAGE-SORT-SCADA,False
ALT-CSE-06-02002,CSE-06,HIGH,2024-10-28T18:06:36,2024-10-28T18:13:32.567576,2024-10-28T18:57:26.176506,CLOSED,,FLIGHT-DISPATCH-SRV,False
ALT-CSE-06-02003,CSE-06,HIGH,2024-11-21T05:35:08,2024-11-21T05:40:17.613688,2024-11-21T06:13:41.488168,CLOSED,,FLIGHT-DISPATCH-SRV,False
ALT-CSE-06-02004,CSE-06,HIGH,2024-11-20T23:08:35,2024-11-20T23:14:35.985678,2024-11-20T23:52:18.278823,CLOSED,,FLIGHT-DISPATCH-SRV,False
ALT-CSE-06-02005,CSE-06,HIGH,2024-10-26T22:56:07,2024-10-26T23:10:23.146659,2024-10-26T23:56:37.197515,CLOSED,,ATC-RADAR-GW-01,False
ALT-CSE-06-02006,CSE-06,LOW,2024-10-02T22:27:19,2024-10-02T22:40:11.838982,2024-10-02T23:54:19.999793,CLOSED,CAS-CSE-06-0457,AIRPORT-WIFI-FW,False
ALT-CSE-06-02007,CSE-06,MEDIUM,2024-12-03T03:30:17,2024-12-03T03:34:17.338639,2024-12-03T04:40:00.308759,CLOSED,,FLIGHT-DISPATCH-SRV,False
ALT-CSE-06-02008,CSE-06,LOW,2024-10-18T17:19:53,2024-10-18T17:34:49.576476,2024-10-18T18:31:55.469551,CLOSED,CAS-CSE-06-0458,FLIGHT-DISPATCH-SRV,False
ALT-CSE-06-02009,CSE-06,LOW,2024-11-29T05:36:21,2024-11-29T05:43:50.286241,2024-11-29T06:19:55.732637,CLOSED,,FLIGHT-DISPATCH-SRV,False
ALT-CSE-06-02010,CSE-06,LOW,2024-12-15T15:17:34,2024-12-15T15:29:33.001214,2024-12-15T16:03:05.663577,CLOSED,,BAGGAGE-SORT-SCADA,False
ALT-CSE-06-02011,CSE-06,LOW,2024-12-10T00:32:35,2024-12-10T00:46:40.014556,2024-12-10T01:05:55.829759,CLOSED,,BAGGAGE-SORT-SCADA,False
ALT-CSE-06-02012,CSE-06,HIGH,2024-12-05T17:38:53,2024-12-05T17:51:27.350807,2024-12-05T18:48:40.595626,CLOSED,,FLIGHT-DISPATCH-SRV,False
ALT-CSE-06-02013,CSE-06,LOW,2024-10-06T00:03:27,2024-10-06T00:06:48.433335,2024-10-06T00:41:30.611293,CLOSED,,ATC-RADAR-GW-01,False
ALT-CSE-06-02014,CSE-06,CRITICAL,2024-11-12T18:54:12,2024-11-12T19:02:29.412557,2024-11-12T19:52:58.245680,CLOSED,CAS-CSE-06-0459,BAGGAGE-SORT-SCADA,False
ALT-CSE-06-02015,CSE-06,CRITICAL,2024-10-28T23:25:15,2024-10-28T23:38:53.960259,2024-10-29T00:39:07.416429,CLOSED,,FLIGHT-DISPATCH-SRV,False
ALT-CSE-06-02016,CSE-06,CRITICAL,2024-12-19T17:31:53,2024-12-19T17:35:01.869045,2024-12-19T18:42:35.427688,CLOSED,CAS-CSE-06-0460,AIRPORT-WIFI-FW,False
ALT-CSE-06-02017,CSE-06,MEDIUM,2024-10-24T19:48:28,2024-10-24T20:01:29.564709,2024-10-24T20:21:06.342437,CLOSED,,ATC-RADAR-GW-01,False
ALT-CSE-06-02018,CSE-06,MEDIUM,2024-12-23T14:43:59,2024-12-23T14:55:29.140245,2024-12-23T15:52:01.561267,CLOSED,,ATC-RADAR-GW-01,False
ALT-CSE-06-02019,CSE-06,CRITICAL,2024-10-23T06:19:44,2024-10-23T06:24:47.916150,2024-10-23T07:13:58.916464,CLOSED,CAS-CSE-06-0461,AIRPORT-WIFI-FW,False
ALT-CSE-06-02020,CSE-06,LOW,2024-10-14T13:12:52,2024-10-14T13:22:01.930233,2024-10-14T14:29:20.495896,CLOSED,,FLIGHT-DISPATCH-SRV,False
ALT-CSE-06-02021,CSE-06,MEDIUM,2024-11-22T08:26:45,2024-11-22T08:30:52.196679,2024-11-22T09:44:51.577213,CLOSED,,BAGGAGE-SORT-SCADA,False
ALT-CSE-06-02022,CSE-06,HIGH,2024-11-15T11:24:38,2024-11-15T11:34:17.452097,2024-11-15T12:40:54.317977,CLOSED,CAS-CSE-06-0462,BAGGAGE-SORT-SCADA,False
ALT-CSE-06-02023,CSE-06,MEDIUM,2024-12-12T18:01:06,2024-12-12T18:13:00.253611,2024-12-12T18:32:19.747328,CLOSED,CAS-CSE-06-0463,AIRPORT-WIFI-FW,False
ALT-CSE-06-02024,CSE-06,LOW,2024-11-25T20:48:05,2024-11-25T20:53:07.552973,2024-11-25T21:20:02.929775,CLOSED,,ATC-RADAR-GW-01,False
ALT-CSE-06-02025,CSE-06,MEDIUM,2024-12-27T05:44:20,2024-12-27T05:56:21.678706,2024-12-27T07:08:57.274704,CLOSED,,ATC-RADAR-GW-01,False
ALT-CSE-06-02026,CSE-06,LOW,2024-12-11T04:24:52,2024-12-11T04:28:01.161170,2024-12-11T05:33:33.824528,CLOSED,,FLIGHT-DISPATCH-SRV,False
ALT-CSE-06-02027,CSE-06,HIGH,2024-12-15T04:33:01,2024-12-15T04:42:47.607857,2024-12-15T05:27:39.315517,CLOSED,CAS-CSE-06-0464,BAGGAGE-SORT-SCADA,False
ALT-CSE-06-02028,CSE-06,HIGH,2024-11-06T14:37:01,2024-11-06T14:42:13.659606,2024-11-06T15:24:21.091236,CLOSED,,BAGGAGE-SORT-SCADA,False
ALT-CSE-06-02029,CSE-06,CRITICAL,2024-10-26T16:24:07,2024-10-26T16:34:34.177619,2024-10-26T17:27:54.935587,CLOSED,CAS-CSE-06-0465,BAGGAGE-SORT-SCADA,False
ALT-CSE-06-02030,CSE-06,MEDIUM,2024-11-25T09:43:23,2024-11-25T09:50:49.602139,2024-11-25T10:23:56.528692,CLOSED,,FLIGHT-DISPATCH-SRV,False
ALT-CSE-06-02031,CSE-06,CRITICAL,2024-12-10T09:15:40,2024-12-10T09:24:32.342466,2024-12-10T09:53:28.692955,CLOSED,CAS-CSE-06-0466,FLIGHT-DISPATCH-SRV,False
ALT-CSE-06-02032,CSE-06,LOW,2024-11-23T04:04:33,2024-11-23T04:13:03.016216,2024-11-23T05:14:03.673522,CLOSED,,FLIGHT-DISPATCH-SRV,False
ALT-CSE-06-02033,CSE-06,HIGH,2024-10-24T05:08:36,2024-10-24T05:21:10.439605,2024-10-24T06:28:39.232512,CLOSED,,BAGGAGE-SORT-SCADA,False
ALT-CSE-06-02034,CSE-06,HIGH,2024-10-27T05:38:14,2024-10-27T05:50:15.634172,2024-10-27T06:31:11.149142,CLOSED,,AIRPORT-WIFI-FW,False
ALT-CSE-06-02035,CSE-06,MEDIUM,2024-12-07T11:53:37,2024-12-07T12:05:44.031041,2024-12-07T13:15:43.966724,CLOSED,,AIRPORT-WIFI-FW,False
ALT-CSE-06-02036,CSE-06,HIGH,2024-12-14T10:30:53,2024-12-14T10:43:44.450410,2024-12-14T11:43:31.623778,CLOSED,,ATC-RADAR-GW-01,False
ALT-CSE-06-02037,CSE-06,MEDIUM,2024-10-20T11:31:42,2024-10-20T11:38:33.607436,2024-10-20T12:47:27.962411,CLOSED,,AIRPORT-WIFI-FW,False
ALT-CSE-06-02038,CSE-06,LOW,2024-12-09T14:17:07,2024-12-09T14:21:43.437283,2024-12-09T15:44:58.065517,CLOSED,,FLIGHT-DISPATCH-SRV,False
ALT-CSE-06-02039,CSE-06,CRITICAL,2024-10-20T05:17:18,2024-10-20T05:21:20.107789,2024-10-20T06:28:04.696786,CLOSED,CAS-CSE-06-0467,FLIGHT-DISPATCH-SRV,False
ALT-CSE-06-02040,CSE-06,LOW,2024-12-16T21:11:18,2024-12-16T21:24:57.757149,2024-12-16T22:03:08.793076,CLOSED,CAS-CSE-06-0468,FLIGHT-DISPATCH-SRV,False
ALT-CSE-06-02041,CSE-06,HIGH,2024-12-15T07:11:11,2024-12-15T07:24:27.654314,2024-12-15T08:06:56.710047,CLOSED,,BAGGAGE-SORT-SCADA,False
ALT-CSE-06-02042,CSE-06,CRITICAL,2024-11-16T10:45:29,2024-11-16T11:00:13.241034,2024-11-16T12:02:46.297075,CLOSED,CAS-CSE-06-0469,AIRPORT-WIFI-FW,False
ALT-CSE-06-02043,CSE-06,HIGH,2024-12-14T03:24:51,2024-12-14T03:36:57.203030,2024-12-14T04:54:08.742515,CLOSED,CAS-CSE-06-0470,ATC-RADAR-GW-01,False
ALT-CSE-06-02044,CSE-06,LOW,2024-12-01T05:33:22,2024-12-01T05:48:21.398281,2024-12-01T06:52:31.300054,CLOSED,,BAGGAGE-SORT-SCADA,False
ALT-CSE-06-02045,CSE-06,HIGH,2024-10-30T02:31:46,2024-10-30T02:42:25.793666,2024-10-30T03:53:56.189549,CLOSED,,AIRPORT-WIFI-FW,False
ALT-CSE-06-02046,CSE-06,MEDIUM,2024-11-20T03:24:14,2024-11-20T03:36:27.534229,2024-11-20T04:34:41.946593,CLOSED,,BAGGAGE-SORT-SCADA,False
ALT-CSE-06-02047,CSE-06,MEDIUM,2024-10-07T16:30:22,2024-10-07T16:34:28.658226,2024-10-07T17:16:40.987902,CLOSED,,AIRPORT-WIFI-FW,False
ALT-CSE-06-02048,CSE-06,MEDIUM,2024-12-20T15:58:09,2024-12-20T16:12:25.950105,2024-12-20T17:00:54.420431,CLOSED,CAS-CSE-06-0471,FLIGHT-DISPATCH-SRV,False
ALT-CSE-06-02049,CSE-06,HIGH,2024-11-05T21:00:12,2024-11-05T21:05:31.211385,2024-11-05T22:02:58.779812,CLOSED,CAS-CSE-06-0472,ATC-RADAR-GW-01,False
ALT-CSE-06-02050,CSE-06,CRITICAL,2024-12-16T18:47:40,2024-12-16T18:51:55.304831,2024-12-16T19:40:26.582952,CLOSED,CAS-CSE-06-0473,AIRPORT-WIFI-FW,False
ALT-CSE-06-02051,CSE-06,HIGH,2024-12-26T22:46:01,2024-12-26T22:56:36.744218,2024-12-26T23:35:13.028206,CLOSED,,AIRPORT-WIFI-FW,False
ALT-CSE-06-02052,CSE-06,LOW,2024-11-25T19:07:38,2024-11-25T19:12:27.850594,2024-11-25T19:42:02.499421,CLOSED,,ATC-RADAR-GW-01,False
ALT-CSE-06-02053,CSE-06,LOW,2024-10-02T08:34:50,2024-10-02T08:47:52.012454,2024-10-02T09:54:58.128011,CLOSED,,ATC-RADAR-GW-01,False
ALT-CSE-06-02054,CSE-06,HIGH,2024-10-17T02:00:06,2024-10-17T02:04:18.737873,2024-10-17T03:29:42.352871,CLOSED,,AIRPORT-WIFI-FW,False
ALT-CSE-06-02055,CSE-06,LOW,2024-10-29T18:53:48,2024-10-29T18:58:08.797966,2024-10-29T19:34:45.765792,CLOSED,,ATC-RADAR-GW-01,False
ALT-CSE-06-02056,CSE-06,HIGH,2024-12-17T04:13:55,2024-12-17T04:20:07.171128,2024-12-17T05:09:56.695924,CLOSED,,AIRPORT-WIFI-FW,False
ALT-CSE-06-02057,CSE-06,MEDIUM,2024-12-27T14:26:52,2024-12-27T14:40:41.075679,2024-12-27T15:30:22.548261,CLOSED,,AIRPORT-WIFI-FW,False
ALT-CSE-06-02058,CSE-06,HIGH,2024-12-06T17:20:04,2024-12-06T17:28:00.591105,2024-12-06T18:02:20.876367,CLOSED,,ATC-RADAR-GW-01,False
ALT-CSE-06-02059,CSE-06,CRITICAL,2024-11-15T12:21:59,2024-11-15T12:35:11.785996,2024-11-15T13:04:02.088685,CLOSED,CAS-CSE-06-0474,FLIGHT-DISPATCH-SRV,False
ALT-CSE-06-02060,CSE-06,HIGH,2024-12-08T14:11:23,2024-12-08T14:15:42.147745,2024-12-08T15:25:44.305138,CLOSED,,ATC-RADAR-GW-01,False
ALT-CSE-06-02061,CSE-06,CRITICAL,2024-11-28T09:15:23,2024-11-28T09:27:27.159522,2024-11-28T10:31:41.777230,CLOSED,,AIRPORT-WIFI-FW,False
ALT-CSE-06-02062,CSE-06,CRITICAL,2024-12-04T02:07:43,2024-12-04T02:19:41.413718,2024-12-04T03:08:16.985055,CLOSED,CAS-CSE-06-0475,AIRPORT-WIFI-FW,False
ALT-CSE-06-02063,CSE-06,CRITICAL,2024-11-28T12:19:23,2024-11-28T12:24:31.863331,2024-11-28T13:48:47.598402,CLOSED,CAS-CSE-06-0476,FLIGHT-DISPATCH-SRV,False
ALT-CSE-06-02064,CSE-06,LOW,2024-10-29T17:05:14,2024-10-29T17:13:16.589725,2024-10-29T17:45:33.125836,CLOSED,CAS-CSE-06-0477,ATC-RADAR-GW-01,False
ALT-CSE-06-02065,CSE-06,LOW,2024-11-17T10:33:17,2024-11-17T10:37:03.504303,2024-11-17T11:22:41.906032,CLOSED,,FLIGHT-DISPATCH-SRV,False
ALT-CSE-06-02066,CSE-06,MEDIUM,2024-11-12T15:31:48,2024-11-12T15:42:02.930405,2024-11-12T16:24:29.679424,CLOSED,,AIRPORT-WIFI-FW,False
ALT-CSE-06-02067,CSE-06,HIGH,2024-12-08T02:07:59,2024-12-08T02:16:26.228236,2024-12-08T02:52:07.621448,CLOSED,,AIRPORT-WIFI-FW,False
ALT-CSE-06-02068,CSE-06,HIGH,2024-10-19T21:56:55,2024-10-19T22:10:23.588417,2024-10-19T23:17:59.431131,CLOSED,,AIRPORT-WIFI-FW,False
ALT-CSE-06-02069,CSE-06,CRITICAL,2024-12-11T10:27:46,2024-12-11T10:34:06.521978,2024-12-11T11:01:44.392230,CLOSED,CAS-CSE-06-0478,ATC-RADAR-GW-01,False
ALT-CSE-06-02070,CSE-06,LOW,2024-12-06T15:24:18,2024-12-06T15:31:20.641556,2024-12-06T16:39:04.623227,CLOSED,,AIRPORT-WIFI-FW,False
ALT-CSE-06-02071,CSE-06,LOW,2024-11-02T00:11:18,2024-11-02T00:24:19.404154,2024-11-02T01:03:31.704330,CLOSED,,BAGGAGE-SORT-SCADA,False
ALT-CSE-06-02072,CSE-06,LOW,2024-12-12T15:16:49,2024-12-12T15:31:38.598572,2024-12-12T16:06:13.703256,CLOSED,,FLIGHT-DISPATCH-SRV,False
ALT-CSE-06-02073,CSE-06,LOW,2024-10-06T18:49:24,2024-10-06T18:57:55.283269,2024-10-06T19:44:15.574274,CLOSED,,AIRPORT-WIFI-FW,False
ALT-CSE-06-02074,CSE-06,MEDIUM,2024-10-13T21:39:26,2024-10-13T21:52:09.352302,2024-10-13T22:39:04.994986,CLOSED,,BAGGAGE-SORT-SCADA,False
ALT-CSE-06-02075,CSE-06,MEDIUM,2024-11-07T16:26:24,2024-11-07T16:38:42.807094,2024-11-07T17:34:27.888561,CLOSED,,BAGGAGE-SORT-SCADA,False
ALT-CSE-06-02076,CSE-06,MEDIUM,2024-12-18T01:42:46,2024-12-18T01:56:27.250918,2024-12-18T03:12:20.911264,CLOSED,,AIRPORT-WIFI-FW,False
ALT-CSE-06-02077,CSE-06,HIGH,2024-10-08T23:17:09,2024-10-08T23:29:25.223210,2024-10-09T00:29:03.315108,CLOSED,CAS-CSE-06-0479,ATC-RADAR-GW-01,False
ALT-CSE-06-02078,CSE-06,MEDIUM,2024-10-21T03:34:13,2024-10-21T03:40:51.175590,2024-10-21T04:16:09.833202,CLOSED,,AIRPORT-WIFI-FW,False
ALT-CSE-06-02079,CSE-06,HIGH,2024-10-21T13:33:19,2024-10-21T13:37:26.813535,2024-10-21T14:10:19.936562,CLOSED,,BAGGAGE-SORT-SCADA,False
ALT-CSE-06-02080,CSE-06,CRITICAL,2024-10-15T18:33:39,2024-10-15T18:37:41.589062,2024-10-15T19:43:02.569649,CLOSED,CAS-CSE-06-0480,ATC-RADAR-GW-01,False
ALT-CSE-06-02081,CSE-06,MEDIUM,2024-10-01T04:03:42,2024-10-01T04:18:20.910641,2024-10-01T05:06:02.026638,CLOSED,,AIRPORT-WIFI-FW,False
ALT-CSE-06-02082,CSE-06,LOW,2024-11-12T19:47:37,2024-11-12T19:52:30.974419,2024-11-12T21:05:36.774228,CLOSED,,BAGGAGE-SORT-SCADA,False
ALT-CSE-06-02083,CSE-06,MEDIUM,2024-11-21T06:30:28,2024-11-21T06:41:40.937017,2024-11-21T07:47:07.140017,CLOSED,,ATC-RADAR-GW-01,False
ALT-CSE-06-02084,CSE-06,CRITICAL,2024-10-01T03:24:57,2024-10-01T03:30:47.991082,2024-10-01T04:17:06.933462,CLOSED,,BAGGAGE-SORT-SCADA,False
ALT-CSE-06-02085,CSE-06,MEDIUM,2024-11-27T13:08:40,2024-11-27T13:17:38.849884,2024-11-27T14:35:08.785370,CLOSED,,AIRPORT-WIFI-FW,False
ALT-CSE-06-02086,CSE-06,CRITICAL,2024-11-09T06:35:08,2024-11-09T06:41:38.104526,2024-11-09T07:42:21.439312,CLOSED,CAS-CSE-06-0481,BAGGAGE-SORT-SCADA,True
ALT-CSE-06-02087,CSE-06,CRITICAL,2024-12-08T22:47:23,2024-12-08T22:52:04.386397,2024-12-09T00:09:59.940252,CLOSED,CAS-CSE-06-0482,FLIGHT-DISPATCH-SRV,False
ALT-CSE-06-02088,CSE-06,MEDIUM,2024-10-07T01:34:22,2024-10-07T01:39:36.436386,2024-10-07T02:50:45.521929,CLOSED,,ATC-RADAR-GW-01,False
ALT-CSE-06-02089,CSE-06,HIGH,2024-11-11T14:23:38,2024-11-11T14:32:11.944427,2024-11-11T15:48:27.754495,CLOSED,,ATC-RADAR-GW-01,False
ALT-CSE-06-02090,CSE-06,HIGH,2024-10-02T06:05:55,2024-10-02T06:18:47.090916,2024-10-02T07:23:32.931546,CLOSED,,ATC-RADAR-GW-01,False
ALT-CSE-06-02091,CSE-06,HIGH,2024-12-03T11:54:21,2024-12-03T12:05:02.077514,2024-12-03T13:09:44.614558,CLOSED,CAS-CSE-06-0483,BAGGAGE-SORT-SCADA,False
ALT-CSE-06-02092,CSE-06,HIGH,2024-11-25T15:27:23,2024-11-25T15:39:31.892622,2024-11-25T16:47:11.434812,CLOSED,,AIRPORT-WIFI-FW,False
ALT-CSE-06-02093,CSE-06,HIGH,2024-11-07T22:36:17,2024-11-07T22:39:42.003355,2024-11-07T23:56:07.674501,CLOSED,,AIRPORT-WIFI-FW,False
ALT-CSE-06-02094,CSE-06,MEDIUM,2024-10-12T00:06:11,2024-10-12T00:11:07.181405,2024-10-12T00:39:17.225676,CLOSED,,FLIGHT-DISPATCH-SRV,False
ALT-CSE-06-02095,CSE-06,MEDIUM,2024-10-11T21:31:54,2024-10-11T21:36:05.081623,2024-10-11T22:15:12.607091,CLOSED,,ATC-RADAR-GW-01,False
ALT-CSE-06-02096,CSE-06,MEDIUM,2024-10-11T05:44:05,2024-10-11T05:49:24.538466,2024-10-11T07:03:53.297069,CLOSED,,ATC-RADAR-GW-01,False
ALT-CSE-06-02097,CSE-06,LOW,2024-12-14T00:32:04,2024-12-14T00:42:04.098991,2024-12-14T01:59:44.829302,CLOSED,,FLIGHT-DISPATCH-SRV,False
ALT-CSE-06-02098,CSE-06,MEDIUM,2024-11-28T04:22:11,2024-11-28T04:27:10.791133,2024-11-28T05:23:35.133608,CLOSED,,FLIGHT-DISPATCH-SRV,False
ALT-CSE-06-02099,CSE-06,HIGH,2024-10-11T05:15:32,2024-10-11T05:23:25.701839,2024-10-11T06:20:41.741369,CLOSED,,FLIGHT-DISPATCH-SRV,False
