alert_id,cse_id,severity,created_at,acknowledged_at,closed_at,status,case_id,asset_id,escalated
ALT-CSE-04-00000,CSE-04,CRITICAL,2024-11-23T23:55:01,2024-11-24T00:08:31.396712,2024-11-24T01:13:22.990892,CLOSED,,RESEARCH-WORKSTATION-01,False
ALT-CSE-04-00001,CSE-04,LOW,2024-12-20T03:18:45,2024-12-20T03:24:57.886202,2024-12-20T04:45:48.261879,CLOSED,,DEF-PERIMETER-FW,False
ALT-CSE-04-00002,CSE-04,HIGH,2024-10-05T09:05:32,2024-10-05T09:15:53.724865,2024-10-05T09:55:26.403387,CLOSED,,RESEARCH-WORKSTATION-01,False
ALT-CSE-04-00003,CSE-04,LOW,2024-11-20T11:23:34,2024-11-20T11:41:41.899008,2024-11-20T12:25:56.713465,CLOSED,,RESEARCH-WORKSTATION-01,False
ALT-CSE-04-00004,CSE-04,LOW,2024-10-13T14:55:16,2024-10-13T15:03:35.155846,2024-10-13T16:31:04.677117,CLOSED,,DEF-PERIMETER-FW,False
ALT-CSE-04-00005,CSE-04,CRITICAL,2024-10-02T06:37:54,2024-10-02T06:48:42.501351,2024-10-02T08:15:54.302598,CLOSED,,DEF-PERIMETER-FW,False
ALT-CSE-04-00006,CSE-04,HIGH,2024-11-15T23:57:01,2024-11-16T00:21:32.162936,2024-11-16T01:00:55.308435,CLOSED,,RESEARCH-WORKSTATION-01,False
ALT-CSE-04-00007,CSE-04,MEDIUM,2024-10-10T07:54:13,2024-10-10T08:16:05.104986,2024-10-10T08:44:24.449823,CLOSED,,RESEARCH-WORKSTATION-01,False
ALT-CSE-04-00008,CSE-04,HIGH,2024-12-19T23:05:45,2024-12-19T23:15:37.591562,2024-12-20T00:04:41.595814,CLOSED,,DEF-PERIMETER-FW,False
ALT-CSE-04-00009,CSE-04,HIGH,2024-10-21T05:34:00,2024-10-21T05:39:25.100654,2024-10-21T06:58:34.767968,CLOSED,,RESEARCH-WORKSTATION-01,False
ALT-CSE-04-00010,CSE-04,MEDIUM,2024-10-21T07:50:32,2024-10-21T07:57:53.457478,2024-10-21T09:39:13.346697,CLOSED,,DEF-PERIMETER-FW,False
ALT-CSE-04-00011,CSE-04,MEDIUM,2024-10-05T04:51:58,2024-10-05T05:09:49.197215,2024-10-05T05:59:58.402673,CLOSED,,DEF-PERIMETER-FW,False
ALT-CSE-04-00012,CSE-04,HIGH,2024-10-06T00:42:00,2024-10-06T00:53:48.834480,2024-10-06T02:18:32.186619,CLOSED,CAS-CSE-04-0001,RESEARCH-WORKSTATION-01,False
ALT-CSE-04-00013,CSE-04,MEDIUM,2024-12-15T08:48:52,2024-12-15T09:05:58.850379,2024-12-15T09:53:03.853238,CLOSED,,RESEARCH-WORKSTATION-01,False
ALT-CSE-04-00014,CSE-04,LOW,2024-12-01T19:02:46,2024-12-01T19:21:02.970731,2024-12-01T20:43:26.785689,CLOSED,,DEF-PERIMETER-FW,False
ALT-CSE-04-00015,CSE-04,CRITICAL,2024-11-06T02:53:35,2024-11-06T03:04:11.023992,2024-11-06T03:59:09.097224,CLOSED,CAS-CSE-04-0002,DEF-PERIMETER-FW,False
ALT-CSE-04-00016,CSE-04,LOW,2024-12-18T06:34:37,2024-12-18T06:48:40.271359,2024-12-18T08:03:23.815712,CLOSED,,RESEARCH-WORKSTATION-01,False
ALT-CSE-04-00017,CSE-04,LOW,2024-10-18T20:09:16,2024-10-18T20:31:03.594870,2024-10-18T21:05:49.684912,CLOSED,,RESEARCH-WORKSTATION-01,False
ALT-CSE-04-00018,CSE-04,LOW,2024-12-24T18:41:02,2024-12-24T18:51:57.089356,2024-12-24T19:51:42.882210,CLOSED,,RESEARCH-WORKSTATION-01,False
ALT-CSE-04-00019,CSE-04,CRITICAL,2024-10-28T00:21:31,2024-10-28T00:38:49.153075,2024-10-28T01:23:58.240140,CLOSED,CAS-CSE-04-0003,DEF-PERIMETER-FW,False
ALT-CSE-04-00020,CSE-04,LOW,2024-11-21T14:23:30,2024-11-21T14:41:32.709813,2024-11-21T15:30:05.314792,CLOSED,,RESEARCH-WORKSTATION-01,False
ALT-CSE-04-00021,CSE-04,MEDIUM,2024-10-17T08:34:58,2024-10-17T08:50:05.489860,2024-10-17T10:19:14.101673,CLOSED,,WEAPON-TEST-DB,False
ALT-CSE-04-00022,CSE-04,LOW,2024-11-24T17:30:00,2024-11-24T17:50:10.806255,2024-11-24T18:34:20.507104,CLOSED,,DEF-PERIMETER-FW,False
ALT-CSE-04-00023,CSE-04,MEDIUM,2024-12-10T15:59:50,2024-12-10T16:22:20.593155,2024-12-10T17:06:30.799244,CLOSED,,DEF-PERIMETER-FW,False
ALT-CSE-04-00024,CSE-04,MEDIUM,2024-12-26T16:40:33,2024-12-26T16:53:04.203779,2024-12-26T18:18:33.939282,CLOSED,,RESEARCH-WORKSTATION-01,False
ALT-CSE-04-00025,CSE-04,MEDIUM,2024-12-24T06:10:57,2024-12-24T06:20:24.104486,2024-12-24T06:54:20.123409,CLOSED,,DEF-PERIMETER-FW,False
ALT-CSE-04-00026,CSE-04,MEDIUM,2024-12-24T16:43:17,2024-12-24T16:49:05.643819,2024-12-24T17:47:40.311854,CLOSED,,DEF-PERIMETER-FW,False
ALT-CSE-04-00027,CSE-04,LOW,2024-11-05T10:52:22,2024-11-05T11:14:06.409984,2024-11-05T12:25:20.379968,CLOSED,,RESEARCH-WORKSTATION-01,False
ALT-CSE-04-00028,CSE-04,HIGH,2024-11-07T20:31:52,2024-11-07T20:56:22.856929,2024-11-07T22:15:30.403058,CLOSED,,RESEARCH-WORKSTATION-01,False
ALT-CSE-04-00029,CSE-04,LOW,2024-12-07T00:08:12,2024-12-07T00:23:17.326645,2024-12-07T01:38:43.982185,CLOSED,,RESEARCH-WORKSTATION-01,False
ALT-CSE-04-00030,CSE-04,MEDIUM,2024-11-16T01:48:59,2024-11-16T02:11:23.140629,2024-11-16T02:47:19.607562,CLOSED,,RESEARCH-WORKSTATION-01,False
ALT-CSE-04-00031,CSE-04,LOW,2024-11-11T02:29:00,2024-11-11T02:52:24.403047,2024-11-11T03:34:28.603997,CLOSED,,RESEARCH-WORKSTATION-01,False
ALT-CSE-04-00032,CSE-04,MEDIUM,2024-10-02T07:46:18,2024-10-02T07:59:14.946314,2024-10-02T08:43:21.187430,CLOSED,,RESEARCH-WORKSTATION-01,False
ALT-CSE-04-00033,CSE-04,HIGH,2024-10-06T09:44:21,2024-10-06T09:57:47.913977,2024-10-06T11:22:00.134352,CLOSED,,RESEARCH-WORKSTATION-01,False
ALT-CSE-04-00034,CSE-04,MEDIUM,2024-10-18T19:59:40,2024-10-18T20:10:16.840676,2024-10-18T21:20:35.495577,CLOSED,,DEF-PERIMETER-FW,False
ALT-CSE-04-00035,CSE-04,HIGH,2024-11-11T01:52:59,2024-11-11T02:09:59.725199,2024-11-11T02:45:02.002357,CLOSED,,DEF-PERIMETER-FW,False
ALT-CSE-04-00036,CSE-04,HIGH,2024-11-21T03:33:46,2024-11-21T03:42:53.442615,2024-11-21T04:48:31.871545,CLOSED,,RESEARCH-WORKSTATION-01,False
ALT-CSE-04-00037,CSE-04,HIGH,2024-11-18T12:29:31,2024-11-18T12:49:15.237518,2024-11-18T13:25:09.222962,CLOSED,,DEF-PERIMETER-FW,False
ALT-CSE-04-00038,CSE-04,LOW,2024-11-22T05:06:22,2024-11-22T05:30:13.726457,2024-11-22T06:19:49.036123,CLOSED,,DEF-PERIMETER-FW,False
ALT-CSE-04-00039,CSE-04,HIGH,2024-11-02T12:06:28,2024-11-02T12:12:11.853636,2024-11-02T13:09:26.561559,CLOSED,,DEF-PERIMETER-FW,False
ALT-CSE-04-00040,CSE-04,LOW,2024-12-04T09:25:10,2024-12-04T09:43:26.256683,2024-12-04T11:09:36.586588,CLOSED,,DEF-PERIMETER-FW,False
ALT-CSE-04-00041,CSE-04,MEDIUM,2024-11-19T15:18:05,2024-11-19T15:40:00.269482,2024-11-19T16:24:49.724478,CLOSED,,RESEARCH-WORKSTATION-01,False
ALT-CSE-04-00042,CSE-04,LOW,2024-12-04T21:42:31,2024-12-04T22:06:39.451907,2024-12-04T23:22:25.265147,CLOSED,,RESEARCH-WORKSTATION-01,False
ALT-CSE-04-00043,CSE-04,LOW,2024-10-20T18:41:07,2024-10-20T19:03:09.344238,2024-10-20T20:22:28.168268,CLOSED,,DEF-PERIMETER-FW,False
ALT-CSE-04-00044,CSE-04,HIGH,2024-12-15T17:42:51,2024-12-15T17:56:28.246944,2024-12-15T18:35:21.075062,CLOSED,,DEF-PERIMETER-FW,False
ALT-CSE-04-00045,CSE-04,HIGH,2024-11-07T14:25:51,2024-11-07T14:45:48.340375,2024-11-07T15:29:24.841594,CLOSED,,RESEARCH-WORKSTATION-01,False
ALT-CSE-04-00046,CSE-04,MEDIUM,2024-11-06T16:28:57,2024-11-06T16:52:12.520625,2024-11-06T18:03:16.375548,CLOSED,,RESEARCH-WORKSTATION-01,False
ALT-CSE-04-00047,CSE-04,MEDIUM,2024-11-18T01:00:29,2024-11-18T01:20:38.316029,2024-11-18T02:45:22.700311,CLOSED,,RESEARCH-WORKSTATION-01,False
ALT-CSE-04-00048,CSE-04,MEDIUM,2024-10-08T07:10:52,2024-10-08T07:34:43.077325,2024-10-08T08:23:02.055482,CLOSED,,RESEARCH-WORKSTATION-01,False
ALT-CSE-04-00049,CSE-04,LOW,2024-11-15T14:13:18,2024-11-15T14:30:52.470349,2024-11-15T15:22:28.031572,CLOSED,,DEF-PERIMETER-FW,False
ALT-CSE-04-00050,CSE-04,HIGH,2024-12-09T06:17:26,2024-12-09T06:35:37.087148,2024-12-09T08:05:00.991282,CLOSED,,RESEARCH-WORKSTATION-01,False
ALT-CSE-04-00051,CSE-04,MEDIUM,2024-10-25T18:36:11,2024-10-25T18:57:28.359914,2024-10-25T19:39:56.284762,CLOSED,,RESEARCH-WORKSTATION-01,False
ALT-CSE-04-00052,CSE-04,MEDIUM,2024-10-09T11:31:25,2024-10-09T11:45:31.484051,2024-10-09T12:30:22.713223,CLOSED,,DEF-PERIMETER-FW,False
ALT-CSE-04-00053,CSE-04,HIGH,2024-11-21T00:04:00,2024-11-21T00:21:43.589726,2024-11-21T00:45:48.335223,CLOSED,,RESEARCH-WORKSTATION-01,False
ALT-CSE-04-00054,CSE-04,MEDIUM,2024-12-18T07:42:18,2024-12-18T07:48:43.200557,2024-12-18T09:01:38.112488,CLOSED,,DEF-PERIMETER-FW,False
ALT-CSE-04-00055,CSE-04,CRITICAL,2024-12-01T08:40:24,2024-12-01T08:50:10.802796,2024-12-01T09:28:30.653068,CLOSED,CAS-CSE-04-0004,RESEARCH-WORKSTATION-01,True
ALT-CSE-04-00056,CSE-04,MEDIUM,2024-12-21T01:33:30,2024-12-21T01:51:53.394360,2024-12-21T02:50:47.738699,CLOSED,,DEF-PERIMETER-FW,False
ALT-CSE-04-00057,CSE-04,MEDIUM,2024-11-08T13:48:50,2024-11-08T14:05:12.383142,2024-11-08T15:17:06.819113,CLOSED,,RESEARCH-WORKSTATION-01,False
ALT-CSE-04-00058,CSE-04,MEDIUM,2024-10-07T04:00:21,2024-10-07T04:06:12.493736,2024-10-07T04:53:57.063863,CLOSED,,RESEARCH-WORKSTATION-01,False
ALT-CSE-04-00059,CSE-04,MEDIUM,2024-10-21T16:06:57,2024-10-21T16:23:03.363830,2024-10-21T17:32:51.955456,CLOSED,CAS-CSE-04-0005,RESEARCH-WORKSTATION-01,False
ALT-CSE-04-00060,CSE-04,HIGH,2024-11-07T17:41:20,2024-11-07T17:47:49.251376,2024-11-07T18:49:44.223991,CLOSED,,DEF-PERIMETER-FW,False
ALT-CSE-04-00061,CSE-04,CRITICAL,2024-10-20T12:16:21,2024-10-20T12:27:54.454369,2024-10-20T13:33:10.922900,CLOSED,CAS-CSE-04-0006,RESEARCH-WORKSTATION-01,False
ALT-CSE-04-00062,CSE-04,HIGH,2024-11-19T23:52:57,2024-11-20T00:13:40.705166,2024-11-20T01:08:59.951173,CLOSED,,RESEARCH-WORKSTATION-01,False
ALT-CSE-04-00063,CSE-04,MEDIUM,2024-10-26T10:37:27,2024-10-26T11:02:21.572960,2024-10-26T12:05:02.762257,CLOSED,,RESEARCH-WORKSTATION-01,False
ALT-CSE-04-00064,CSE-04,LOW,2024-10-25T13:44:03,2024-10-25T14:04:41.428176,2024-10-25T15:23:31.295947,CLOSED,,DEF-PERIMETER-FW,False
ALT-CSE-04-00065,CSE-04,CRITICAL,2024-10-21T22:09:49,2024-10-21T22:25:35.155154,2024-10-21T23:31:42.163258,CLOSED,CAS-CSE-04-0007,DEF-PERIMETER-FW,False
ALT-CSE-04-00066,CSE-04,MEDIUM,2024-11-02T16:27:25,2024-11-02T16:48:09.928654,2024-11-02T17:45:18.970935,CLOSED,,DEF-PERIMETER-FW,False
ALT-CSE-04-00067,CSE-04,LOW,2024-12-28T01:02:54,2024-12-28T01:24:08.838622,2024-12-28T02:28:32.414783,CLOSED,,RESEARCH-WORKSTATION-01,False
ALT-CSE-04-00068,CSE-04,CRITICAL,2024-10-27T22:02:25,2024-10-27T22:21:25.166947,2024-10-27T23:37:56.634915,CLOSED,,DEF-PERIMETER-FW,False
ALT-CSE-04-00069,CSE-04,MEDIUM,2024-11-11T05:23:25,2024-11-11T05:32:58.978347,2024-11-11T06:18:24.898122,CLOSED,,DEF-PERIMETER-FW,False
ALT-CSE-04-00070,CSE-04,HIGH,2024-10-19T23:19:08,2024-10-19T23:40:44.908439,2024-10-20T00:42:20.668671,CLOSED,,DEF-PERIMETER-FW,False
ALT-CSE-04-00071,CSE-04,HIGH,2024-12-13T05:22:57,2024-12-13T05:46:28.189576,2024-12-13T07:12:31.250637,CLOSED,,RESEARCH-WORKSTATION-01,False
ALT-CSE-04-00072,CSE-04,MEDIUM,2024-11-08T07:10:59,2024-11-08T07:27:24.332457,2024-11-08T08:35:23.351316,CLOSED,,DEF-PERIMETER-FW,False
ALT-CSE-04-00073,CSE-04,HIGH,2024-10-04T06:57:08,2024-10-04T07:18:57.776706,2024-10-04T07:54:06.158732,CLOSED,,RESEARCH-WORKSTATION-01,False
ALT-CSE-04-00074,CSE-04,HIGH,2024-12-10T13:52:56,2024-12-10T14:04:22.077268,2024-12-10T14:45:49.590515,CLOSED,,RESEARCH-WORKSTATION-01,False
ALT-CSE-04-00075,CSE-04,HIGH,2024-11-13T09:11:16,2024-11-13T09:18:02.122975,2024-11-13T10:47:01.477454,CLOSED,,RADAR-INTEL-SRV-02,False
ALT-CSE-04-00076,CSE-04,MEDIUM,2024-12-19T15:02:00,2024-12-19T15:08:22.633006,2024-12-19T16:26:47.720953,CLOSED,,RESEARCH-WORKSTATION-01,False
ALT-CSE-04-00077,CSE-04,MEDIUM,2024-11-13T18:31:20,2024-11-13T18:51:39.822402,2024-11-13T20:06:29.540701,CLOSED,CAS-CSE-04-0008,RESEARCH-WORKSTATION-01,False
ALT-CSE-04-00078,CSE-04,MEDIUM,2024-12-17T12:18:34,2024-12-17T12:37:19.117019,2024-12-17T14:00:13.009711,CLOSED,,DEF-PERIMETER-FW,False
ALT-CSE-04-00079,CSE-04,CRITICAL,2024-11-08T16:06:20,2024-11-08T16:24:07.071944,2024-11-08T17:35:27.564210,CLOSED,,DEF-PERIMETER-FW,False
ALT-CSE-04-00080,CSE-04,MEDIUM,2024-11-23T07:36:31,2024-11-23T07:52:59.846389,2024-11-23T08:49:03.449215,CLOSED,,RESEARCH-WORKSTATION-01,False
ALT-CSE-04-00081,CSE-04,MEDIUM,2024-10-22T22:19:53,2024-10-22T22:30:26.307049,2024-10-23T00:06:35.916488,CLOSED,,DEF-PERIMETER-FW,False
ALT-CSE-04-00082,CSE-04,MEDIUM,2024-12-23T13:29:57,2024-12-23T13:42:12.222574,2024-12-23T14:55:28.269047,CLOSED,,DEF-PERIMETER-FW,False
ALT-CSE-04-00083,CSE-04,CRITICAL,2024-12-05T21:56:45,2024-12-05T22:20:54.419583,2024-12-05T22:37:57.601422,CLOSED,,DEF-PERIMETER-FW,False
ALT-CSE-04-00084,CSE-04,HIGH,2024-10-18T11:00:32,2024-10-18T11:09:19.923304,2024-10-18T11:56:29.621213,CLOSED,,DEF-PERIMETER-FW,False
ALT-CSE-04-00085,CSE-04,HIGH,2024-10-23T05:04:45,2024-10-23T05:29:42.995773,2024-10-23T05:47:29.952443,CLOSED,,DEF-PERIMETER-FW,False
ALT-CSE-04-00086,CSE-04,CRITICAL,2024-12-10T08:20:33,2024-12-10T08:40:29.015867,2024-12-10T10:08:25.312930,CLOSED,CAS-CSE-04-0009,DEF-PERIMETER-FW,False
ALT-CSE-04-00087,CSE-04,HIGH,2024-10-29T08:04:06,2024-10-29T08:26:57.219366,2024-10-29T09:22:54.808881,CLOSED,,DEF-PERIMETER-FW,False
ALT-CSE-04-00088,CSE-04,MEDIUM,2024-11-21T00:16:31,2024-11-21T00:35:54.477321,2024-11-21T01:47:56.408002,CLOSED,,DEF-PERIMETER-FW,False
ALT-CSE-04-00089,CSE-04,LOW,2024-12-16T16:03:41,2024-12-16T16:13:36.650759,2024-12-16T17:10:06.368765,CLOSED,,RESEARCH-WORKSTATION-01,False
ALT-CSE-04-00090,CSE-04,LOW,2024-12-12T04:03:06,2024-12-12T04:21:43.640269,2024-12-12T05:01:36.410096,CLOSED,,RESEARCH-WORKSTATION-01,False
ALT-CSE-04-00091,CSE-04,LOW,2024-11-21T13:14:40,2024-11-21T13:22:14.446974,2024-11-21T14:09:12.495021,CLOSED,,RESEARCH-WORKSTATION-01,False
ALT-CSE-04-00092,CSE-04,CRITICAL,2024-12-27T10:34:09,2024-12-27T10:49:15.082293,2024-12-27T11:45:51.504245,CLOSED,,RESEARCH-WORKSTATION-01,False
ALT-CSE-04-00093,CSE-04,MEDIUM,2024-11-03T04:07:52,2024-11-03T04:13:12.232354,2024-11-03T05:24:08.497991,CLOSED,CAS-CSE-04-0010,RESEARCH-WORKSTATION-01,False
ALT-CSE-04-00094,CSE-04,LOW,2024-10-25T15:12:25,2024-10-25T15:20:41.529742,2024-10-25T16:09:37.086342,CLOSED,,RESEARCH-WORKSTATION-01,False
ALT-CSE-04-00095,CSE-04,HIGH,2024-10-05T13:29:37,2024-10-05T13:46:14.689255,2024-10-05T14:25:57.306228,CLOSED,,RESEARCH-WORKSTATION-01,False
ALT-CSE-04-00096,CSE-04,MEDIUM,2024-11-14T04:47:43,2024-11-14T05:09:33.343940,2024-11-14T06:09:02.925522,CLOSED,CAS-CSE-04-0011,DEF-PERIMETER-FW,True
ALT-CSE-04-00097,CSE-04,LOW,2024-12-28T09:14:10,2024-12-28T09:29:52.835433,2024-12-28T10:48:10.464459,CLOSED,,DEF-PERIMETER-FW,False
ALT-CSE-04-00098,CSE-04,HIGH,2024-12-08T06:28:10,2024-12-08T06:47:42.123557,2024-12-08T07:46:50.332340,CLOSED,,RESEARCH-WORKSTATION-01,False
ALT-CSE-04-00099,CSE-04,LOW,2024-11-11T03:14:10,2024-11-11T03:34:50.196729,2024-11-11T05:01:08.847104,CLOSED,,RESEARCH-WORKSTATION-01,False
ALT-CSE-04-00100,CSE-04,CRITICAL,2024-11-19T23:30:24,2024-11-19T23:40:11.604758,2024-11-20T01:19:01.452594,CLOSED,CAS-CSE-04-0012,RESEARCH-WORKSTATION-01,False
ALT-CSE-04-00101,CSE-04,MEDIUM,2024-12-06T04:55:28,2024-12-06T05:15:29.290055,2024-12-06T06:30:13.368766,CLOSED,,DEF-PERIMETER-FW,False
ALT-CSE-04-00102,CSE-04,MEDIUM,2024-12-27T04:16:34,2024-12-27T04:29:47.192168,2024-12-27T05:14:11.454561,CLOSED,,DEF-PERIMETER-FW,False
ALT-CSE-04-00103,CSE-04,MEDIUM,2024-11-18T02:23:01,2024-11-18T02:38:04.356731,2024-11-18T03:21:03.258899,CLOSED,,RESEARCH-WORKSTATION-01,False
ALT-CSE-04-00104,CSE-04,LOW,2024-11-23T19:08:04,2024-11-23T19:14:18.186158,2024-11-23T20:32:10.805594,CLOSED,,RESEARCH-WORKSTATION-01,False
ALT-CSE-04-00105,CSE-04,LOW,2024-11-26T20:52:59,2024-11-26T21:01:24.824936,2024-11-26T22:09:00.609967,CLOSED,,DEF-PERIMETER-FW,False
ALT-CSE-04-00106,CSE-04,CRITICAL,2024-11-13T12:13:54,2024-11-13T12:24:04.676053,2024-11-13T13:33:55.614052,CLOSED,CAS-CSE-04-0013,DEF-PERIMETER-FW,False
ALT-CSE-04-00107,CSE-04,MEDIUM,2024-11-16T15:39:43,2024-11-16T15:52:29.615264,2024-11-16T16:56:09.321174,CLOSED,,RESEARCH-WORKSTATION-01,False
ALT-CSE-04-00108,CSE-04,CRITICAL,2024-10-28T03:30:26,2024-10-28T03:52:20.728523,2024-10-28T04:37:19.521941,CLOSED,CAS-CSE-04-0014,DEF-PERIMETER-FW,False
ALT-CSE-04-00109,CSE-04,LOW,2024-12-14T20:48:16,2024-12-14T21:06:40.819727,2024-12-14T21:36:33.177769,CLOSED,,RESEARCH-WORKSTATION-01,False
ALT-CSE-04-00110,CSE-04,HIGH,2024-12-27T19:17:44,2024-12-27T19:26:17.896145,2024-12-27T20:17:05.635443,CLOSED,,DEF-PERIMETER-FW,False
ALT-CSE-04-00111,CSE-04,LOW,2024-12-28T02:28:17,2024-12-28T02:48:21.245881,2024-12-28T03:56:06.676504,CLOSED,,RESEARCH-WORKSTATION-01,False
ALT-CSE-04-00112,CSE-04,HIGH,2024-11-16T15:46:02,2024-11-16T16:02:03.971817,2024-11-16T16:55:22.162159,CLOSED,,DEF-PERIMETER-FW,False
ALT-CSE-04-00113,CSE-04,LOW,2024-10-22T06:07:06,2024-10-22T06:30:31.105449,2024-10-22T07:47:40.690711,CLOSED,,DEF-PERIMETER-FW,False
ALT-CSE-04-00114,CSE-04,MEDIUM,2024-10-08T23:09:43,2024-10-08T23:21:52.532840,2024-10-09T00:08:56.835461,CLOSED,,RESEARCH-WORKSTATION-01,False
ALT-CSE-04-00115,CSE-04,MEDIUM,2024-10-10T20:01:39,2024-10-10T20:17:32.777501,2024-10-10T21:06:00.948401,CLOSED,,RESEARCH-WORKSTATION-01,False
ALT-CSE-04-00116,CSE-04,MEDIUM,2024-11-16T16:28:38,2024-11-16T16:48:28.335808,2024-11-16T18:14:33.203232,CLOSED,,DEF-PERIMETER-FW,False
ALT-CSE-04-00117,CSE-04,LOW,2024-11-17T02:03:53,2024-11-17T02:11:04.521985,2024-11-17T03:10:02.599100,CLOSED,,DEF-PERIMETER-FW,False
ALT-CSE-04-00118,CSE-04,MEDIUM,2024-11-19T11:26:08,2024-11-19T11:31:32.381658,2024-11-19T12:37:19.955125,CLOSED,,DEF-PERIMETER-FW,False
ALT-CSE-04-00119,CSE-04,LOW,2024-10-18T19:30:47,2024-10-18T19:38:21.675388,2024-10-18T20:24:05.483105,CLOSED,,RESEARCH-WORKSTATION-01,False
ALT-CSE-04-00120,CSE-04,LOW,2024-12-12T04:20:37,2024-12-12T04:39:52.908210,2024-12-12T05:07:28.073873,CLOSED,,RESEARCH-WORKSTATION-01,False
ALT-CSE-04-00121,CSE-04,LOW,2024-11-29T15:30:10,2024-11-29T15:51:57.330263,2024-11-29T17:09:24.779114,CLOSED,,DEF-PERIMETER-FW,False
ALT-CSE-04-00122,CSE-04,CRITICAL,2024-10-27T01:25:56,2024-10-27T01:44:19.740346,2024-10-27T03:15:22.112400,CLOSED,CAS-CSE-04-0015,DEF-PERIMETER-FW,True
ALT-CSE-04-00123,CSE-04,MEDIUM,2024-10-20T06:13:09,2024-10-20T06:28:37.333202,2024-10-20T07:34:43.461803,CLOSED,,RESEARCH-WORKSTATION-01,False
ALT-CSE-04-00124,CSE-04,MEDIUM,2024-12-15T19:34:22,2024-12-15T19:41:35.548904,2024-12-15T20:50:39.566187,CLOSED,,DEF-PERIMETER-FW,False
ALT-CSE-04-00125,CSE-04,MEDIUM,2024-10-28T05:36:20,2024-10-28T05:56:47.425111,2024-10-28T07:22:11.176320,CLOSED,,DEF-PERIMETER-FW,False
ALT-CSE-04-00126,CSE-04,MEDIUM,2024-12-09T06:31:15,2024-12-09T06:52:40.257975,2024-12-09T07:58:01.230424,CLOSED,,DEF-PERIMETER-FW,False
ALT-CSE-04-00127,CSE-04,MEDIUM,2024-12-11T03:31:54,2024-12-11T03:47:44.617824,2024-12-11T04:51:33.598704,CLOSED,,DEF-PERIMETER-FW,False
ALT-CSE-04-00128,CSE-04,HIGH,2024-12-22T15:34:32,2024-12-22T15:58:04.652146,2024-12-22T17:08:39.086903,CLOSED,,RESEARCH-WORKSTATION-01,False
ALT-CSE-04-00129,CSE-04,CRITICAL,2024-11-29T07:41:13,2024-11-29T08:01:26.603613,2024-11-29T09:05:12.830997,CLOSED,CAS-CSE-04-0016,DEF-PERIMETER-FW,False
ALT-CSE-04-00130,CSE-04,MEDIUM,2024-11-12T02:04:48,2024-11-12T02:18:49.486120,2024-11-12T03:00:43.526837,CLOSED,,RESEARCH-WORKSTATION-01,False
ALT-CSE-04-00131,CSE-04,CRITICAL,2024-11-03T06:07:53,2024-11-03T06:32:52.037406,2024-11-03T07:02:45.651348,CLOSED,,DEF-PERIMETER-FW,False
ALT-CSE-04-00132,CSE-04,LOW,2024-12-17T06:25:48,2024-12-17T06:34:47.881671,2024-12-17T08:07:56.352362,CLOSED,,DEF-PERIMETER-FW,False
ALT-CSE-04-00133,CSE-04,LOW,2024-12-03T23:04:28,2024-12-03T23:15:31.643588,2024-12-03T23:48:06.104683,CLOSED,,RESEARCH-WORKSTATION-01,False
ALT-CSE-04-00134,CSE-04,MEDIUM,2024-10-06T20:08:43,2024-10-06T20:29:04.518737,2024-10-06T20:58:55.518505,CLOSED,,DEF-PERIMETER-FW,False
ALT-CSE-04-00135,CSE-04,HIGH,2024-11-29T05:50:02,2024-11-29T06:06:39.869355,2024-11-29T07:10:03.204833,CLOSED,,RESEARCH-WORKSTATION-01,False
ALT-CSE-04-00136,CSE-04,MEDIUM,2024-11-11T13:19:01,2024-11-11T13:40:21.549132,2024-11-11T14:17:01.238907,CLOSED,,DEF-PERIMETER-FW,False
ALT-CSE-04-00137,CSE-04,MEDIUM,2024-12-18T05:20:01,2024-12-18T05:28:22.273474,2024-12-18T06:55:17.566144,CLOSED,CAS-CSE-04-0017,RESEARCH-WORKSTATION-01,True
ALT-CSE-04-00138,CSE-04,MEDIUM,2024-10-28T18:21:30,2024-10-28T18:35:02.036437,2024-10-28T19:54:11.921398,CLOSED,,DEF-PERIMETER-FW,False
ALT-CSE-04-00139,CSE-04,LOW,2024-12-24T14:49:29,2024-12-24T14:57:30.651196,2024-12-24T15:57:52.082365,CLOSED,,DEF-PERIMETER-FW,False
ALT-CSE-04-00140,CSE-04,LOW,2024-12-21T09:31:37,2024-12-21T09:48:48.463271,2024-12-21T10:22:33.214130,CLOSED,,DEF-PERIMETER-FW,False
ALT-CSE-04-00141,CSE-04,LOW,2024-10-26T06:45:58,2024-10-26T06:58:18.499838,2024-10-26T07:54:59.133524,CLOSED,,RESEARCH-WORKSTATION-01,False
ALT-CSE-04-00142,CSE-04,CRITICAL,2024-10-19T09:54:04,2024-10-19T10:07:52.458950,2024-10-19T10:37:25.530140,CLOSED,CAS-CSE-04-0018,DEF-PERIMETER-FW,False
ALT-CSE-04-00143,CSE-04,LOW,2024-12-25T08:55:04,2024-12-25T09:07:22.081135,2024-12-25T10:29:26.990986,CLOSED,,DEF-PERIMETER-FW,False
ALT-CSE-04-00144,CSE-04,LOW,2024-11-13T23:49:14,2024-11-14T00:05:20.758057,2024-11-14T01:17:22.666964,CLOSED,,DEF-PERIMETER-FW,False
ALT-CSE-04-00145,CSE-04,LOW,2024-12-21T19:27:23,2024-12-21T19:45:54.535719,2024-12-21T21:08:40.119874,CLOSED,,RESEARCH-WORKSTATION-01,False
ALT-CSE-04-00146,CSE-04,MEDIUM,2024-12-09T16:41:09,2024-12-09T17:00:32.289146,2024-12-09T18:20:05.124340,CLOSED,,RESEARCH-WORKSTATION-01,False
ALT-CSE-04-00147,CSE-04,LOW,2024-11-19T00:28:30,2024-11-19T00:48:43.563959,2024-11-19T01:33:39.573787,CLOSED,,DEF-PERIMETER-FW,False
ALT-CSE-04-00148,CSE-04,LOW,2024-10-14T11:54:26,2024-10-14T12:04:09.019030,2024-10-14T12:48:48.617607,CLOSED,,DEF-PERIMETER-FW,False
ALT-CSE-04-00149,CSE-04,MEDIUM,2024-11-25T20:00:27,2024-11-25T20:12:43.862393,2024-11-25T20:45:58.946631,CLOSED,,DEF-PERIMETER-FW,False
ALT-CSE-04-00150,CSE-04,CRITICAL,2024-10-05T17:50:13,2024-10-05T18:11:47.187978,2024-10-05T18:48:18.106952,CLOSED,,DEF-PERIMETER-FW,False
ALT-CSE-04-00151,CSE-04,CRITICAL,2024-12-03T15:47:47,2024-12-03T15:59:21.219994,2024-12-03T16:58:06.920487,CLOSED,,DEF-PERIMETER-FW,False
ALT-CSE-04-00152,CSE-04,MEDIUM,2024-10-01T09:37:58,2024-10-01T10:00:44.513874,2024-10-01T11:23:18.878878,CLOSED,,DEF-PERIMETER-FW,False
ALT-CSE-04-00153,CSE-04,HIGH,2024-12-22T05:01:45,2024-12-22T05:10:51.306454,2024-12-22T05:47:30.619415,CLOSED,,RESEARCH-WORKSTATION-01,False
ALT-CSE-04-00154,CSE-04,HIGH,2024-11-15T17:10:56,2024-11-15T17:31:51.362349,2024-11-15T18:26:22.445434,CLOSED,,RESEARCH-WORKSTATION-01,False
ALT-CSE-04-00155,CSE-04,HIGH,2024-12-10T06:19:26,2024-12-10T06:41:47.069334,2024-12-10T07:18:41.255981,CLOSED,,DEF-MISSILE-CTRL-01,False
ALT-CSE-04-00156,CSE-04,MEDIUM,2024-10-02T17:57:05,2024-10-02T18:17:02.102994,2024-10-02T19:38:54.368623,CLOSED,,DEF-PERIMETER-FW,False
ALT-CSE-04-00157,CSE-04,HIGH,2024-11-07T15:24:57,2024-11-07T15:41:42.592026,2024-11-07T17:07:34.679699,CLOSED,,DEF-PERIMETER-FW,False
ALT-CSE-04-00158,CSE-04,LOW,2024-10-23T12:50:34,2024-10-23T13:01:20.925123,2024-10-23T14:31:22.188392,CLOSED,,RESEARCH-WORKSTATION-01,False
ALT-CSE-04-00159,CSE-04,CRITICAL,2024-12-08T10:25:34,2024-12-08T10:42:24.575439,2024-12-08T11:33:08.748560,CLOSED,CAS-CSE-04-0019,DEF-PERIMETER-FW,True
ALT-CSE-04-00160,CSE-04,MEDIUM,2024-12-06T18:12:33,2024-12-06T18:27:57.860309,2024-12-06T19:15:38.166055,CLOSED,,DEF-PERIMETER-FW,False
ALT-CSE-04-00161,CSE-04,HIGH,2024-11-18T23:44:10,2024-11-18T23:52:54.021536,2024-11-19T00:54:08.732432,CLOSED,,RESEARCH-WORKSTATION-01,False
ALT-CSE-04-00162,CSE-04,LOW,2024-12-23T15:48:48,2024-12-23T16:07:48.131070,2024-12-23T17:31:53.326754,CLOSED,,DEF-PERIMETER-FW,False
ALT-CSE-04-00163,CSE-04,MEDIUM,2024-10-11T22:51:44,2024-10-11T23:11:12.531602,2024-10-11T23:46:40.079898,CLOSED,,RESEARCH-WORKSTATION-01,False
ALT-CSE-04-00164,CSE-04,LOW,2024-11-23T18:03:30,2024-11-23T18:18:52.554804,2024-11-23T19:28:30.984667,CLOSED,,DEF-PERIMETER-FW,False
ALT-CSE-04-00165,CSE-04,LOW,2024-11-01T00:48:40,2024-11-01T00:59:47.425890,2024-11-01T02:23:01.374019,CLOSED,CAS-CSE-04-0020,RESEARCH-WORKSTATION-01,False
ALT-CSE-04-00166,CSE-04,LOW,2024-10-03T14:38:32,2024-10-03T14:59:28.544837,2024-10-03T15:42:00.938905,CLOSED,,RESEARCH-WORKSTATION-01,False
ALT-CSE-04-00167,CSE-04,HIGH,2024-10-11T22:48:36,2024-10-11T23:12:01.159809,2024-10-11T23:58:04.266606,CLOSED,,DEF-PERIMETER-FW,False
ALT-CSE-04-00168,CSE-04,CRITICAL,2024-12-22T12:04:03,2024-12-22T12:12:12.774806,2024-12-22T13:28:55.068874,CLOSED,CAS-CSE-04-0021,DEF-PERIMETER-FW,True
ALT-CSE-04-00169,CSE-04,LOW,2024-11-15T19:46:40,2024-11-15T20:08:01.991442,2024-11-15T20:58:48.317588,CLOSED,,RESEARCH-WORKSTATION-01,False
ALT-CSE-04-00170,CSE-04,LOW,2024-12-06T20:14:21,2024-12-06T20:27:00.234326,2024-12-06T20:55:04.305261,CLOSED,,RESEARCH-WORKSTATION-01,False
ALT-CSE-04-00171,CSE-04,HIGH,2024-11-18T08:40:19,2024-11-18T08:57:26.933451,2024-11-18T09:30:05.707359,CLOSED,,DEF-PERIMETER-FW,False
ALT-CSE-04-00172,CSE-04,MEDIUM,2024-10-17T03:13:37,2024-10-17T03:36:40.309213,2024-10-17T04:53:02.700266,CLOSED,,RESEARCH-WORKSTATION-01,False
ALT-CSE-04-00173,CSE-04,HIGH,2024-10-31T07:45:29,2024-10-31T07:55:57.770693,2024-10-31T09:31:56.293701,CLOSED,,DEF-PERIMETER-FW,False
ALT-CSE-04-00174,CSE-04,HIGH,2024-12-28T03:25:42,2024-12-28T03:42:31.894317,2024-12-28T05:11:11.946039,CLOSED,,DEF-PERIMETER-FW,False
ALT-CSE-04-00175,CSE-04,HIGH,2024-12-24T23:19:09,2024-12-24T23:25:04.812926,2024-12-25T00:39:44.124026,CLOSED,,RESEARCH-WORKSTATION-01,False
ALT-CSE-04-00176,CSE-04,MEDIUM,2024-10-23T21:17:41,2024-10-23T21:39:57.357572,2024-10-23T22:49:47.758822,CLOSED,,RESEARCH-WORKSTATION-01,False
ALT-CSE-04-00177,CSE-04,MEDIUM,2024-11-25T21:51:38,2024-11-25T22:03:43.560205,2024-11-25T23:07:09.867468,CLOSED,CAS-CSE-04-0022,RESEARCH-WORKSTATION-01,False
ALT-CSE-04-00178,CSE-04,CRITICAL,2024-10-20T22:26:03,2024-10-20T22:50:51.045876,2024-10-20T23:40:38.111818,CLOSED,,RESEARCH-WORKSTATION-01,False
ALT-CSE-04-00179,CSE-04,HIGH,2024-12-21T05:29:11,2024-12-21T05:38:38.151137,2024-12-21T06:43:30.143791,CLOSED,,RESEARCH-WORKSTATION-01,False
ALT-CSE-04-00180,CSE-04,CRITICAL,2024-12-09T22:04:24,2024-12-09T22:27:43.515139,2024-12-09T23:28:29.722935,CLOSED,CAS-CSE-04-0023,DEF-PERIMETER-FW,True
ALT-CSE-04-00181,CSE-04,LOW,2024-11-29T03:21:07,2024-11-29T03:31:48.986817,2024-11-29T04:02:54.737122,CLOSED,,RESEARCH-WORKSTATION-01,False
ALT-CSE-04-00182,CSE-04,HIGH,2024-10-27T12:36:46,2024-10-27T12:53:52.074374,2024-10-27T13:45:24.399157,CLOSED,,RESEARCH-WORKSTATION-01,False
ALT-CSE-04-00183,CSE-04,LOW,2024-10-16T15:35:59,2024-10-16T15:50:12.561601,2024-10-16T16:16:43.794434,CLOSED,,DEF-PERIMETER-FW,False
ALT-CSE-04-00184,CSE-04,CRITICAL,2024-12-14T20:07:05,2024-12-14T20:24:04.049893,2024-12-14T21:21:03.926229,CLOSED,CAS-CSE-04-0024,RESEARCH-WORKSTATION-01,True
ALT-CSE-04-00185,CSE-04,MEDIUM,2024-12-12T10:32:56,2024-12-12T10:43:10.506701,2024-12-12T11:51:59.576136,CLOSED,,RESEARCH-WORKSTATION-01,False
ALT-CSE-04-00186,CSE-04,MEDIUM,2024-12-03T18:25:33,2024-12-03T18:34:47.654316,2024-12-03T20:00:24.055288,CLOSED,,RESEARCH-WORKSTATION-01,False
ALT-CSE-04-00187,CSE-04,HIGH,2024-12-12T14:46:41,2024-12-12T14:52:57.900608,2024-12-12T15:47:36.651941,CLOSED,,DEF-PERIMETER-FW,False
ALT-CSE-04-00188,CSE-04,HIGH,2024-12-21T23:16:16,2024-12-21T23:37:03.849874,2024-12-22T00:28:35.738122,CLOSED,,WEAPON-TEST-DB,False
ALT-CSE-04-00189,CSE-04,LOW,2024-12-22T12:58:03,2024-12-22T13:19:22.638823,2024-12-22T14:16:25.416090,CLOSED,,DEF-PERIMETER-FW,False
ALT-CSE-04-00190,CSE-04,MEDIUM,2024-12-08T23:19:34,2024-12-08T23:44:23.894661,2024-12-09T00:33:57.013143,CLOSED,,DEF-PERIMETER-FW,False
ALT-CSE-04-00191,CSE-04,LOW,2024-11-23T02:12:58,2024-11-23T02:27:09.801427,2024-11-23T03:06:03.862580,CLOSED,CAS-CSE-04-0025,DEF-PERIMETER-FW,False
ALT-CSE-04-00192,CSE-04,LOW,2024-12-20T11:17:00,2024-12-20T11:32:59.087396,2024-12-20T12:54:51.793058,CLOSED,,RESEARCH-WORKSTATION-01,False
ALT-CSE-04-00193,CSE-04,HIGH,2024-12-12T03:58:04,2024-12-12T04:19:03.823375,2024-12-12T05:36:33.821080,CLOSED,,DEF-PERIMETER-FW,False
ALT-CSE-04-00194,CSE-04,HIGH,2024-11-09T14:14:21,2024-11-09T14:25:11.765619,2024-11-09T15:06:48.213615,CLOSED,,RESEARCH-WORKSTATION-01,False
ALT-CSE-04-00195,CSE-04,MEDIUM,2024-11-18T15:57:04,2024-11-18T16:06:52.477234,2024-11-18T17:31:41.031625,CLOSED,,RESEARCH-WORKSTATION-01,False
ALT-CSE-04-00196,CSE-04,LOW,2024-10-03T19:29:54,2024-10-03T19:38:31.885171,2024-10-03T20:45:07.172605,CLOSED,,DEF-PERIMETER-FW,False
ALT-CSE-04-00197,CSE-04,HIGH,2024-12-12T21:48:20,2024-12-12T22:03:33.110447,2024-12-12T22:28:39.174197,CLOSED,,DEF-PERIMETER-FW,False
ALT-CSE-04-00198,CSE-04,LOW,2024-10-06T07:05:22,2024-10-06T07:14:59.094302,2024-10-06T08:09:37.245781,CLOSED,,DEF-PERIMETER-FW,False
ALT-CSE-04-00199,CSE-04,MEDIUM,2024-12-02T08:46:25,2024-12-02T09:07:04.801716,2024-12-02T09:32:22.595489,CLOSED,,RESEARCH-WORKSTATION-01,False
ALT-CSE-04-00200,CSE-04,LOW,2024-12-02T17:14:13,2024-12-02T17:22:54.435186,2024-12-02T18:26:59.567056,CLOSED,,DEF-PERIMETER-FW,False
ALT-CSE-04-00201,CSE-04,MEDIUM,2024-10-13T08:58:00,2024-10-13T09:07:27.040882,2024-10-13T10:00:46.625395,CLOSED,,RESEARCH-WORKSTATION-01,False
ALT-CSE-04-00202,CSE-04,CRITICAL,2024-10-07T15:33:40,2024-10-07T15:51:22.116639,2024-10-07T16:51:25.662002,CLOSED,,DEF-PERIMETER-FW,False
ALT-CSE-04-00203,CSE-04,CRITICAL,2024-10-21T15:03:01,2024-10-21T15:18:30.907520,2024-10-21T16:48:42.113520,CLOSED,CAS-CSE-04-0026,DEF-PERIMETER-FW,True
ALT-CSE-04-00204,CSE-04,HIGH,2024-11-30T17:37:34,2024-11-30T17:46:32.578958,2024-11-30T19:11:48.305012,CLOSED,,RESEARCH-WORKSTATION-01,False
ALT-CSE-04-00205,CSE-04,HIGH,2024-12-20T00:33:45,2024-12-20T00:40:39.165322,2024-12-20T01:19:10.220093,CLOSED,,RESEARCH-WORKSTATION-01,False
ALT-CSE-04-00206,CSE-04,LOW,2024-10-05T13:45:28,2024-10-05T14:04:58.497242,2024-10-05T15:14:44.276932,CLOSED,CAS-CSE-04-0027,DEF-PERIMETER-FW,False
ALT-CSE-04-00207,CSE-04,HIGH,2024-11-18T23:27:03,2024-11-18T23:32:36.754550,2024-11-19T01:03:17.694960,CLOSED,,DEF-PERIMETER-FW,False
ALT-CSE-04-00208,CSE-04,CRITICAL,2024-12-25T03:31:49,2024-12-25T03:53:51.670257,2024-12-25T05:13:15.102692,CLOSED,CAS-CSE-04-0028,RESEARCH-WORKSTATION-01,False
ALT-CSE-04-00209,CSE-04,CRITICAL,2024-10-08T08:39:11,2024-10-08T08:46:27.238453,2024-10-08T09:30:50.560547,CLOSED,CAS-CSE-04-0029,RESEARCH-WORKSTATION-01,False
ALT-CSE-04-00210,CSE-04,MEDIUM,2024-10-05T00:48:41,2024-10-05T00:57:35.141179,2024-10-05T01:32:31.934491,CLOSED,,DEF-PERIMETER-FW,False
ALT-CSE-04-00211,CSE-04,MEDIUM,2024-10-28T14:20:58,2024-10-28T14:38:04.178059,2024-10-28T15:17:48.584967,CLOSED,,DEF-PERIMETER-FW,False
ALT-CSE-04-00212,CSE-04,CRITICAL,2024-11-05T21:52:11,2024-11-05T21:59:23.995191,2024-11-05T22:40:44.517842,CLOSED,,DEF-PERIMETER-FW,False
ALT-CSE-04-00213,CSE-04,MEDIUM,2024-10-05T02:10:23,2024-10-05T02:26:42.225439,2024-10-05T03:29:16.274278,CLOSED,,RESEARCH-WORKSTATION-01,False
ALT-CSE-04-00214,CSE-04,HIGH,2024-11-27T21:07:29,2024-11-27T21:13:47.507389,2024-11-27T21:58:37.610559,CLOSED,,DEF-PERIMETER-FW,False
ALT-CSE-04-00215,CSE-04,LOW,2024-10-30T05:47:25,2024-10-30T06:10:53.363329,2024-10-30T07:00:31.626983,CLOSED,,DEF-PERIMETER-FW,False
ALT-CSE-04-00216,CSE-04,LOW,2024-12-06T07:01:23,2024-12-06T07:10:14.495764,2024-12-06T08:32:37.343259,CLOSED,,RESEARCH-WORKSTATION-01,False
ALT-CSE-04-00217,CSE-04,LOW,2024-12-13T15:54:08,2024-12-13T16:15:24.503669,2024-12-13T17:33:40.536918,CLOSED,,DEF-PERIMETER-FW,False
ALT-CSE-04-00218,CSE-04,MEDIUM,2024-12-29T04:48:44,2024-12-29T05:06:40.020319,2024-12-29T06:33:50.215912,CLOSED,,DEF-PERIMETER-FW,False
ALT-CSE-04-00219,CSE-04,LOW,2024-12-04T23:58:35,2024-12-05T00:10:57.918982,2024-12-05T01:44:21.625730,CLOSED,,DEF-PERIMETER-FW,False
ALT-CSE-04-00220,CSE-04,MEDIUM,2024-11-13T17:03:25,2024-11-13T17:17:55.190109,2024-11-13T18:16:22.769669,CLOSED,,RESEARCH-WORKSTATION-01,False
ALT-CSE-04-00221,CSE-04,MEDIUM,2024-12-27T02:08:37,2024-12-27T02:22:17.090832,2024-12-27T02:57:50.502874,CLOSED,CAS-CSE-04-0030,DEF-PERIMETER-FW,False
ALT-CSE-04-00222,CSE-04,HIGH,2024-10-04T06:34:50,2024-10-04T06:45:32.072015,2024-10-04T08:09:18.107419,CLOSED,,DEF-PERIMETER-FW,False
ALT-CSE-04-00223,CSE-04,LOW,2024-12-11T06:01:12,2024-12-11T06:13:10.695619,2024-12-11T07:20:31.729067,CLOSED,,DEF-PERIMETER-FW,False
ALT-CSE-04-00224,CSE-04,LOW,2024-11-15T07:58:21,2024-11-15T08:14:04.634820,2024-11-15T08:39:00.327483,CLOSED,,RESEARCH-WORKSTATION-01,False
ALT-CSE-04-00225,CSE-04,LOW,2024-11-11T15:21:11,2024-11-11T15:38:16.925288,2024-11-11T16:05:31.806103,CLOSED,,DEF-PERIMETER-FW,False
ALT-CSE-04-00226,CSE-04,MEDIUM,2024-10-31T13:14:50,2024-10-31T13:21:02.924183,2024-10-31T14:25:32.863596,CLOSED,,DEF-PERIMETER-FW,False
ALT-CSE-04-00227,CSE-04,LOW,2024-10-24T00:11:52,2024-10-24T00:32:07.256544,2024-10-24T01:10:13.060663,CLOSED,,DEF-PERIMETER-FW,False
ALT-CSE-04-00228,CSE-04,HIGH,2024-12-14T21:29:54,2024-12-14T21:39:14.007464,2024-12-14T23:12:28.065614,CLOSED,,DEF-PERIMETER-FW,False
ALT-CSE-04-00229,CSE-04,HIGH,2024-12-25T10:57:41,2024-12-25T11:21:09.074476,2024-12-25T11:50:53.168841,CLOSED,,RESEARCH-WORKSTATION-01,False
ALT-CSE-04-00230,CSE-04,HIGH,2024-11-02T17:40:45,2024-11-02T18:03:47.124372,2024-11-02T19:00:55.082022,CLOSED,,DEF-PERIMETER-FW,False
ALT-CSE-04-00231,CSE-04,MEDIUM,2024-12-05T19:53:28,2024-12-05T20:07:32.636918,2024-12-05T20:46:46.892900,CLOSED,,RESEARCH-WORKSTATION-01,False
ALT-CSE-04-00232,CSE-04,LOW,2024-10-03T06:21:21,2024-10-03T06:27:31.132623,2024-10-03T07:15:42.120378,CLOSED,,RESEARCH-WORKSTATION-01,False
ALT-CSE-04-00233,CSE-04,CRITICAL,2024-11-22T12:31:05,2024-11-22T12:45:30.854680,2024-11-22T13:53:28.756155,CLOSED,CAS-CSE-04-0031,DEF-PERIMETER-FW,False
ALT-CSE-04-00234,CSE-04,LOW,2024-11-13T18:10:10,2024-11-13T18:34:12.088528,2024-11-13T19:00:01.249654,CLOSED,CAS-CSE-04-0032,RESEARCH-WORKSTATION-01,False
ALT-CSE-04-00235,CSE-04,LOW,2024-10-19T03:41:25,2024-10-19T03:59:05.074568,2024-10-19T04:23:13.994273,CLOSED,,RESEARCH-WORKSTATION-01,False
ALT-CSE-04-00236,CSE-04,MEDIUM,2024-11-08T08:01:10,2024-11-08T08:06:14.488698,2024-11-08T09:43:01.543589,CLOSED,,RESEARCH-WORKSTATION-01,False
ALT-CSE-04-00237,CSE-04,CRITICAL,2024-12-18T01:28:46,2024-12-18T01:51:43.779435,2024-12-18T03:05:46.831467,CLOSED,,DEF-PERIMETER-FW,False
ALT-CSE-04-00238,CSE-04,LOW,2024-11-14T04:33:59,2024-11-14T04:42:56.131743,2024-11-14T05:58:39.470746,CLOSED,,RESEARCH-WORKSTATION-01,False
ALT-CSE-04-00239,CSE-04,HIGH,2024-10-12T04:04:06,2024-10-12T04:20:43.804776,2024-10-12T04:56:14.102446,CLOSED,,DEF-PERIMETER-FW,False
ALT-CSE-04-00240,CSE-04,MEDIUM,2024-10-11T02:40:01,2024-10-11T02:54:55.980965,2024-10-11T04:29:55.772509,CLOSED,,RESEARCH-WORKSTATION-01,False
ALT-CSE-04-00241,CSE-04,MEDIUM,2024-10-23T05:48:20,2024-10-23T05:53:58.604843,2024-10-23T07:27:32.630137,CLOSED,,DEF-PERIMETER-FW,False
ALT-CSE-04-00242,CSE-04,HIGH,2024-10-06T10:38:07,2024-10-06T10:45:26.072552,2024-10-06T11:59:28.906725,CLOSED,,RESEARCH-WORKSTATION-01,False
ALT-CSE-04-00243,CSE-04,CRITICAL,2024-11-21T06:52:27,2024-11-21T07:04:54.256303,2024-11-21T08:26:48.535429,CLOSED,CAS-CSE-04-0033,DEF-PERIMETER-FW,False
ALT-CSE-04-00244,CSE-04,LOW,2024-12-21T10:35:05,2024-12-21T10:49:51.193983,2024-12-21T12:14:56.231561,CLOSED,CAS-CSE-04-0034,RESEARCH-WORKSTATION-01,False
ALT-CSE-04-00245,CSE-04,HIGH,2024-12-11T12:41:59,2024-12-11T13:01:08.219506,2024-12-11T13:24:09.270234,CLOSED,,DEF-PERIMETER-FW,False
ALT-CSE-04-00246,CSE-04,HIGH,2024-11-22T05:26:05,2024-11-22T05:33:58.681964,2024-11-22T06:09:56.939369,CLOSED,,DEF-PERIMETER-FW,False
ALT-CSE-04-00247,CSE-04,LOW,2024-10-11T10:34:09,2024-10-11T10:57:21.405406,2024-10-11T12:10:38.865464,CLOSED,CAS-CSE-04-0035,DEF-PERIMETER-FW,False
ALT-CSE-04-00248,CSE-04,MEDIUM,2024-11-25T14:10:36,2024-11-25T14:22:53.928814,2024-11-25T15:47:20.640951,CLOSED,,RESEARCH-WORKSTATION-01,False
ALT-CSE-04-00249,CSE-04,LOW,2024-11-12T01:35:40,2024-11-12T01:58:22.140774,2024-11-12T03:10:38.036672,CLOSED,CAS-CSE-04-0036,RESEARCH-WORKSTATION-01,True
ALT-CSE-04-00250,CSE-04,HIGH,2024-11-03T06:36:26,2024-11-03T07:00:11.805609,2024-11-03T07:52:27.750979,CLOSED,,RESEARCH-WORKSTATION-01,False
ALT-CSE-04-00251,CSE-04,HIGH,2024-12-26T07:01:01,2024-12-26T07:19:11.639438,2024-12-26T07:49:22.664153,CLOSED,CAS-CSE-04-0037,DEF-PERIMETER-FW,False
ALT-CSE-04-00252,CSE-04,LOW,2024-11-19T18:21:46,2024-11-19T18:30:43.552632,2024-11-19T20:11:29.022107,CLOSED,CAS-CSE-04-0038,RESEARCH-WORKSTATION-01,False
ALT-CSE-04-00253,CSE-04,MEDIUM,2024-11-09T19:01:05,2024-11-09T19:14:35.350407,2024-11-09T19:48:48.894832,CLOSED,,RESEARCH-WORKSTATION-01,False
ALT-CSE-04-00254,CSE-04,MEDIUM,2024-11-21T01:15:27,2024-11-21T01:36:06.078538,2024-11-21T02:57:29.524696,CLOSED,,RESEARCH-WORKSTATION-01,False
ALT-CSE-04-00255,CSE-04,LOW,2024-11-10T20:53:39,2024-11-10T21:00:00.236079,2024-11-10T22:22:49.441531,CLOSED,,RESEARCH-WORKSTATION-01,False
ALT-CSE-04-00256,CSE-04,CRITICAL,2024-11-13T18:18:46,2024-11-13T18:30:39.040506,2024-11-13T19:17:21.599796,CLOSED,,DEF-PERIMETER-FW,False
ALT-CSE-04-00257,CSE-04,MEDIUM,2024-12-21T04:00:54,2024-12-21T04:22:38.272368,2024-12-21T05:10:13.846226,CLOSED,,DEF-PERIMETER-FW,False
ALT-CSE-04-00258,CSE-04,MEDIUM,2024-10-30T19:04:49,2024-10-30T19:13:57.551675,2024-10-30T19:49:06.994771,CLOSED,,RESEARCH-WORKSTATION-01,False
ALT-CSE-04-00259,CSE-04,LOW,2024-11-27T15:08:58,2024-11-27T15:25:51.234684,2024-11-27T15:54:54.595394,CLOSED,,RESEARCH-WORKSTATION-01,False
ALT-CSE-04-00260,CSE-04,HIGH,2024-11-12T09:36:37,2024-11-12T09:49:10.490508,2024-11-12T11:04:21.471871,CLOSED,,DEF-PERIMETER-FW,False
ALT-CSE-04-00261,CSE-04,LOW,2024-11-19T06:40:58,2024-11-19T06:47:20.235729,2024-11-19T07:50:39.240068,CLOSED,CAS-CSE-04-0039,DEF-PERIMETER-FW,False
ALT-CSE-04-00262,CSE-04,MEDIUM,2024-12-06T11:57:10,2024-12-06T12:10:01.382797,2024-12-06T13:39:19.582001,CLOSED,,DEF-PERIMETER-FW,False
ALT-CSE-04-00263,CSE-04,HIGH,2024-11-08T05:16:35,2024-11-08T05:37:49.932673,2024-11-08T06:37:32.473276,CLOSED,,RESEARCH-WORKSTATION-01,False
ALT-CSE-04-00264,CSE-04,HIGH,2024-11-25T13:04:32,2024-11-25T13:27:56.261253,2024-11-25T14:13:03.418356,CLOSED,,DEF-PERIMETER-FW,False
ALT-CSE-04-00265,CSE-04,MEDIUM,2024-11-16T01:05:47,2024-11-16T01:23:39.322181,2024-11-16T02:12:29.607411,CLOSED,CAS-CSE-04-0040,DEF-PERIMETER-FW,False
ALT-CSE-04-00266,CSE-04,HIGH,2024-11-05T07:11:52,2024-11-05T07:20:48.779646,2024-11-05T08:56:08.333802,CLOSED,,RESEARCH-WORKSTATION-01,False
ALT-CSE-04-00267,CSE-04,LOW,2024-12-14T22:59:59,2024-12-14T23:12:47.624172,2024-12-14T23:49:23.704790,CLOSED,,DEF-PERIMETER-FW,False
ALT-CSE-04-00268,CSE-04,MEDIUM,2024-10-26T05:35:42,2024-10-26T05:48:53.041119,2024-10-26T07:14:37.098669,CLOSED,,RESEARCH-WORKSTATION-01,False
ALT-CSE-04-00269,CSE-04,MEDIUM,2024-10-25T06:58:15,2024-10-25T07:03:54.003309,2024-10-25T07:51:06.204795,CLOSED,,DEF-PERIMETER-FW,False
ALT-CSE-04-00270,CSE-04,HIGH,2024-11-12T23:09:52,2024-11-12T23:20:12.434146,2024-11-13T00:55:45.723141,CLOSED,,RESEARCH-WORKSTATION-01,False
ALT-CSE-04-00271,CSE-04,MEDIUM,2024-10-08T03:40:42,2024-10-08T03:48:53.503240,2024-10-08T04:26:12.529126,CLOSED,,RESEARCH-WORKSTATION-01,False
ALT-CSE-04-00272,CSE-04,LOW,2024-10-08T06:13:57,2024-10-08T06:25:22.803351,2024-10-08T07:27:08.624861,CLOSED,,DEF-PERIMETER-FW,False
ALT-CSE-04-00273,CSE-04,HIGH,2024-12-29T15:45:07,2024-12-29T16:09:38.564159,2024-12-29T17:13:48.007723,CLOSED,,DEF-PERIMETER-FW,False
ALT-CSE-04-00274,CSE-04,MEDIUM,2024-12-29T01:59:35,2024-12-29T02:09:25.089343,2024-12-29T03:20:56.720901,CLOSED,,DEF-PERIMETER-FW,False
ALT-CSE-04-00275,CSE-04,LOW,2024-10-16T12:25:36,2024-10-16T12:42:08.110218,2024-10-16T13:35:54.687627,CLOSED,,DEF-PERIMETER-FW,False
ALT-CSE-04-00276,CSE-04,MEDIUM,2024-10-09T04:18:29,2024-10-09T04:38:53.135133,2024-10-09T05:43:30.072984,CLOSED,CAS-CSE-04-0041,RESEARCH-WORKSTATION-01,False
ALT-CSE-04-00277,CSE-04,HIGH,2024-11-10T01:40:28,2024-11-10T01:55:51.222599,2024-11-10T03:20:31.213443,CLOSED,,RESEARCH-WORKSTATION-01,False
ALT-CSE-04-00278,CSE-04,MEDIUM,2024-10-20T23:01:17,2024-10-20T23:14:48.666323,2024-10-21T00:14:58.434177,CLOSED,,DEF-PERIMETER-FW,False
ALT-CSE-04-00279,CSE-04,HIGH,2024-11-13T20:11:10,2024-11-13T20:18:27.192487,2024-11-13T21:56:08.055305,CLOSED,,RESEARCH-WORKSTATION-01,False
ALT-CSE-04-00280,CSE-04,LOW,2024-11-12T06:00:44,2024-11-12T06:16:32.074084,2024-11-12T07:14:01.596282,CLOSED,CAS-CSE-04-0042,RESEARCH-WORKSTATION-01,True
ALT-CSE-04-00281,CSE-04,LOW,2024-10-10T00:10:11,2024-10-10T00:24:44.787598,2024-10-10T00:57:54.560973,CLOSED,,RESEARCH-WORKSTATION-01,False
ALT-CSE-04-00282,CSE-04,HIGH,2024-11-24T11:12:21,2024-11-24T11:21:06.789639,2024-11-24T12:18:50.778706,CLOSED,,DEF-PERIMETER-FW,False
ALT-CSE-04-00283,CSE-04,CRITICAL,2024-10-02T01:52:24,2024-10-02T02:03:36.334029,2024-10-02T03:13:20.683408,CLOSED,,RESEARCH-WORKSTATION-01,False
ALT-CSE-04-00284,CSE-04,LOW,2024-10-27T07:46:43,2024-10-27T08:11:32.485150,2024-10-27T08:59:34.512495,CLOSED,CAS-CSE-04-0043,DEF-PERIMETER-FW,False
ALT-CSE-04-00285,CSE-04,MEDIUM,2024-10-05T03:17:51,2024-10-05T03:33:35.128937,2024-10-05T04:24:29.695129,CLOSED,,RESEARCH-WORKSTATION-01,False
ALT-CSE-04-00286,CSE-04,MEDIUM,2024-11-28T06:53:04,2024-11-28T07:07:32.787166,2024-11-28T08:03:42.987530,CLOSED,,RESEARCH-WORKSTATION-01,False
ALT-CSE-04-00287,CSE-04,LOW,2024-11-25T03:13:52,2024-11-25T03:30:11.815500,2024-11-25T04:09:24.498507,CLOSED,,RESEARCH-WORKSTATION-01,False
ALT-CSE-04-00288,CSE-04,HIGH,2024-11-25T16:42:41,2024-11-25T16:48:42.493105,2024-11-25T17:57:49.805803,CLOSED,,DEF-PERIMETER-FW,False
ALT-CSE-04-00289,CSE-04,MEDIUM,2024-12-09T10:47:28,2024-12-09T10:58:39.795587,2024-12-09T11:40:18.274491,CLOSED,,RESEARCH-WORKSTATION-01,False
ALT-CSE-04-00290,CSE-04,LOW,2024-10-12T04:38:20,2024-10-12T04:44:40.087559,2024-10-12T05:55:21.764183,CLOSED,,DEF-MISSILE-CTRL-01,False
ALT-CSE-04-00291,CSE-04,MEDIUM,2024-10-05T10:23:42,2024-10-05T10:42:44.613128,2024-10-05T11:33:17.136176,CLOSED,,DEF-PERIMETER-FW,False
ALT-CSE-04-00292,CSE-04,HIGH,2024-10-24T03:49:43,2024-10-24T04:04:56.416812,2024-10-24T04:31:46.123753,CLOSED,,DEF-PERIMETER-FW,False
ALT-CSE-04-00293,CSE-04,CRITICAL,2024-12-06T11:31:21,2024-12-06T11:45:08.074654,2024-12-06T12:16:17.079746,CLOSED,CAS-CSE-04-0044,DEF-PERIMETER-FW,True
ALT-CSE-04-00294,CSE-04,HIGH,2024-11-03T08:49:31,2024-11-03T09:00:09.293642,2024-11-03T09:49:30.823709,CLOSED,,RESEARCH-WORKSTATION-01,False
ALT-CSE-04-00295,CSE-04,MEDIUM,2024-12-13T07:58:49,2024-12-13T08:06:03.265943,2024-12-13T09:03:07.305364,CLOSED,CAS-CSE-04-0045,RESEARCH-WORKSTATION-01,False
ALT-CSE-04-00296,CSE-04,MEDIUM,2024-11-05T03:54:56,2024-11-05T04:00:25.492482,2024-11-05T05:16:22.669324,CLOSED,,RESEARCH-WORKSTATION-01,False
ALT-CSE-04-00297,CSE-04,HIGH,2024-10-15T16:34:05,2024-10-15T16:58:13.448832,2024-10-15T18:20:01.429656,CLOSED,,RESEARCH-WORKSTATION-01,False
ALT-CSE-04-00298,CSE-04,LOW,2024-11-20T13:41:59,2024-11-20T13:56:52.874448,2024-11-20T15:26:49.988394,CLOSED,,DEF-PERIMETER-FW,False
ALT-CSE-04-00299,CSE-04,HIGH,2024-10-13T01:42:57,2024-10-13T02:06:07.016816,2024-10-13T03:20:35.930507,CLOSED,,DEF-PERIMETER-FW,False
ALT-CSE-04-00300,CSE-04,HIGH,2024-11-23T17:22:29,2024-11-23T17:46:38.764644,2024-11-23T18:21:56.489835,CLOSED,CAS-CSE-04-0046,DEF-PERIMETER-FW,False
ALT-CSE-04-00301,CSE-04,LOW,2024-11-07T12:59:42,2024-11-07T13:07:59.439020,2024-11-07T14:42:50.710548,CLOSED,,DEF-PERIMETER-FW,False
ALT-CSE-04-00302,CSE-04,HIGH,2024-11-17T05:16:54,2024-11-17T05:29:35.337269,2024-11-17T07:03:54.002380,CLOSED,,DEF-PERIMETER-FW,False
ALT-CSE-04-00303,CSE-04,MEDIUM,2024-10-14T10:56:02,2024-10-14T11:12:53.390855,2024-10-14T11:55:10.441534,CLOSED,,RESEARCH-WORKSTATION-01,False
ALT-CSE-04-00304,CSE-04,HIGH,2024-12-27T15:41:38,2024-12-27T15:55:06.564123,2024-12-27T17:26:53.300126,CLOSED,,DEF-PERIMETER-FW,False
ALT-CSE-04-00305,CSE-04,HIGH,2024-12-12T11:45:55,2024-12-12T11:55:38.267917,2024-12-12T13:10:12.578006,CLOSED,,DEF-PERIMETER-FW,False
ALT-CSE-04-00306,CSE-04,HIGH,2024-11-13T06:05:35,2024-11-13T06:17:11.380750,2024-11-13T06:52:36.269994,CLOSED,,RESEARCH-WORKSTATION-01,False
ALT-CSE-04-00307,CSE-04,HIGH,2024-10-27T10:02:24,2024-10-27T10:20:49.752432,2024-10-27T10:47:24.785855,CLOSED,,DEF-PERIMETER-FW,False
ALT-CSE-04-00308,CSE-04,LOW,2024-12-17T20:17:19,2024-12-17T20:39:48.969572,2024-12-17T21:03:10.659503,CLOSED,,DEF-PERIMETER-FW,False
ALT-CSE-04-00309,CSE-04,MEDIUM,2024-10-14T22:02:45,2024-10-14T22:13:31.776212,2024-10-14T23:46:27.386818,CLOSED,,RESEARCH-WORKSTATION-01,False
ALT-CSE-04-00310,CSE-04,LOW,2024-11-28T05:04:28,2024-11-28T05:18:12.789125,2024-11-28T06:00:18.965545,CLOSED,,RESEARCH-WORKSTATION-01,False
ALT-CSE-04-00311,CSE-04,HIGH,2024-12-07T13:51:32,2024-12-07T14:06:41.937810,2024-12-07T14:41:57.605566,CLOSED,,DEF-PERIMETER-FW,False
ALT-CSE-04-00312,CSE-04,LOW,2024-11-29T23:37:15,2024-11-29T23:53:11.669784,2024-11-30T01:14:29.113719,CLOSED,,DEF-PERIMETER-FW,False
ALT-CSE-04-00313,CSE-04,MEDIUM,2024-11-12T14:32:31,2024-11-12T14:48:11.324012,2024-11-12T16:10:38.681432,CLOSED,,RESEARCH-WORKSTATION-01,False
ALT-CSE-04-00314,CSE-04,LOW,2024-11-27T16:18:56,2024-11-27T16:30:10.016955,2024-11-27T17:18:04.147286,CLOSED,,RESEARCH-WORKSTATION-01,False
ALT-CSE-04-00315,CSE-04,MEDIUM,2024-11-11T14:09:12,2024-11-11T14:25:26.584957,2024-11-11T15:00:39.031489,CLOSED,,RESEARCH-WORKSTATION-01,False
ALT-CSE-04-00316,CSE-04,HIGH,2024-12-05T09:10:31,2024-12-05T09:22:34.590616,2024-12-05T10:59:45.007334,CLOSED,,DEF-PERIMETER-FW,False
ALT-CSE-04-00317,CSE-04,HIGH,2024-10-23T12:16:33,2024-10-23T12:40:55.949848,2024-10-23T13:10:15.768142,CLOSED,,DEF-PERIMETER-FW,False
ALT-CSE-04-00318,CSE-04,LOW,2024-11-02T00:43:12,2024-11-02T00:52:30.700464,2024-11-02T01:33:21.365349,CLOSED,,RESEARCH-WORKSTATION-01,False
ALT-CSE-04-00319,CSE-04,MEDIUM,2024-12-12T01:59:05,2024-12-12T02:16:23.456795,2024-12-12T03:10:13.213494,CLOSED,CAS-CSE-04-0047,RESEARCH-WORKSTATION-01,False
ALT-CSE-04-00320,CSE-04,HIGH,2024-11-30T09:32:55,2024-11-30T09:50:49.756996,2024-11-30T10:58:34.348376,CLOSED,,DEF-PERIMETER-FW,False
ALT-CSE-04-00321,CSE-04,HIGH,2024-11-05T12:58:09,2024-11-05T13:11:03.559005,2024-11-05T14:32:13.226434,CLOSED,,RESEARCH-WORKSTATION-01,False
ALT-CSE-04-00322,CSE-04,HIGH,2024-11-02T13:08:20,2024-11-02T13:28:34.671214,2024-11-02T14:09:41.355797,CLOSED,,DEF-PERIMETER-FW,False
ALT-CSE-04-00323,CSE-04,HIGH,2024-10-26T06:43:33,2024-10-26T06:50:12.796996,2024-10-26T08:26:13.496707,CLOSED,CAS-CSE-04-0048,DEF-PERIMETER-FW,False
ALT-CSE-04-00324,CSE-04,HIGH,2024-10-09T01:27:17,2024-10-09T01:51:48.473410,2024-10-09T02:39:08.364713,CLOSED,,DEF-PERIMETER-FW,False
ALT-CSE-04-00325,CSE-04,MEDIUM,2024-12-15T05:05:14,2024-12-15T05:29:37.850072,2024-12-15T06:52:33.177669,CLOSED,,RESEARCH-WORKSTATION-01,False
ALT-CSE-04-00326,CSE-04,LOW,2024-11-24T00:14:16,2024-11-24T00:33:10.861148,2024-11-24T01:39:15.070811,CLOSED,,DEF-PERIMETER-FW,False
ALT-CSE-04-00327,CSE-04,CRITICAL,2024-11-30T10:28:58,2024-11-30T10:53:23.995020,2024-11-30T12:05:26.040838,CLOSED,,RESEARCH-WORKSTATION-01,False
ALT-CSE-04-00328,CSE-04,LOW,2024-11-19T11:29:51,2024-11-19T11:51:56.986947,2024-11-19T12:31:44.526703,CLOSED,,DEF-PERIMETER-FW,False
ALT-CSE-04-00329,CSE-04,MEDIUM,2024-12-13T21:47:03,2024-12-13T21:58:41.428225,2024-12-13T23:21:44.645285,CLOSED,,DEF-PERIMETER-FW,False
ALT-CSE-04-00330,CSE-04,LOW,2024-10-30T15:09:05,2024-10-30T15:25:43.223796,2024-10-30T16:03:36.879420,CLOSED,CAS-CSE-04-0049,RESEARCH-WORKSTATION-01,False
ALT-CSE-04-00331,CSE-04,LOW,2024-11-05T20:04:10,2024-11-05T20:12:58.463377,2024-11-05T21:27:24.304831,CLOSED,,RESEARCH-WORKSTATION-01,False
ALT-CSE-04-00332,CSE-04,LOW,2024-10-19T13:20:10,2024-10-19T13:42:37.095299,2024-10-19T14:46:23.706240,CLOSED,,DEF-PERIMETER-FW,False
ALT-CSE-04-00333,CSE-04,LOW,2024-12-13T09:17:25,2024-12-13T09:22:40.692119,2024-12-13T10:25:09.579075,CLOSED,,DEF-PERIMETER-FW,False
ALT-CSE-04-00334,CSE-04,HIGH,2024-12-07T02:24:08,2024-12-07T02:48:09.278250,2024-12-07T04:08:04.891613,CLOSED,,DEF-PERIMETER-FW,False
ALT-CSE-04-00335,CSE-04,MEDIUM,2024-11-06T15:04:55,2024-11-06T15:17:31.195619,2024-11-06T16:46:47.970329,CLOSED,,DEF-PERIMETER-FW,False
ALT-CSE-04-00336,CSE-04,LOW,2024-11-07T09:55:21,2024-11-07T10:06:13.114774,2024-11-07T11:24:28.031761,CLOSED,,RESEARCH-WORKSTATION-01,False
ALT-CSE-04-00337,CSE-04,LOW,2024-11-28T17:54:03,2024-11-28T18:16:32.942709,2024-11-28T18:47:28.878162,CLOSED,,RESEARCH-WORKSTATION-01,False
ALT-CSE-04-00338,CSE-04,MEDIUM,2024-11-24T12:17:01,2024-11-24T12:25:02.606592,2024-11-24T13:37:56.722334,CLOSED,CAS-CSE-04-0050,DEF-PERIMETER-FW,False
ALT-CSE-04-00339,CSE-04,HIGH,2024-11-10T09:48:55,2024-11-10T09:54:43.080463,2024-11-10T10:29:48.845457,CLOSED,,RESEARCH-WORKSTATION-01,False
ALT-CSE-04-00340,CSE-04,MEDIUM,2024-12-28T14:40:58,2024-12-28T14:57:13.846515,2024-12-28T15:35:03.082802,CLOSED,,RESEARCH-WORKSTATION-01,False
ALT-CSE-04-00341,CSE-04,LOW,2024-12-20T05:53:11,2024-12-20T05:58:36.745684,2024-12-20T06:58:44.556113,CLOSED,,DEF-PERIMETER-FW,False
ALT-CSE-04-00342,CSE-04,HIGH,2024-12-08T07:06:40,2024-12-08T07:11:49.785363,2024-12-08T08:47:48.227812,CLOSED,,DEF-PERIMETER-FW,False
ALT-CSE-04-00343,CSE-04,LOW,2024-10-15T01:28:19,2024-10-15T01:38:04.826892,2024-10-15T02:37:46.886407,CLOSED,CAS-CSE-04-0051,DEF-PERIMETER-FW,False
ALT-CSE-04-00344,CSE-04,HIGH,2024-12-21T15:20:27,2024-12-21T15:36:37.431140,2024-12-21T16:44:37.866234,CLOSED,CAS-CSE-04-0052,DEF-PERIMETER-FW,False
ALT-CSE-04-00345,CSE-04,CRITICAL,2024-11-05T03:16:17,2024-11-05T03:36:25.462755,2024-11-05T03:56:40.880509,CLOSED,,DEF-PERIMETER-FW,False
ALT-CSE-04-00346,CSE-04,LOW,2024-10-30T08:49:57,2024-10-30T09:06:13.044573,2024-10-30T10:17:17.450505,CLOSED,,DEF-PERIMETER-FW,False
ALT-CSE-04-00347,CSE-04,MEDIUM,2024-12-05T08:40:36,2024-12-05T09:02:42.703262,2024-12-05T09:52:39.039753,CLOSED,,RESEARCH-WORKSTATION-01,False
ALT-CSE-04-00348,CSE-04,HIGH,2024-10-04T05:15:36,2024-10-04T05:21:36.526904,2024-10-04T07:02:26.966738,CLOSED,,DEF-PERIMETER-FW,False
ALT-CSE-04-00349,CSE-04,LOW,2024-12-27T23:11:57,2024-12-27T23:31:07.620010,2024-12-28T00:11:26.503887,CLOSED,,DEF-PERIMETER-FW,False
ALT-CSE-04-00350,CSE-04,LOW,2024-10-24T03:28:55,2024-10-24T03:37:12.320430,2024-10-24T04:14:28.844202,CLOSED,,RESEARCH-WORKSTATION-01,False
ALT-CSE-04-00351,CSE-04,HIGH,2024-12-05T20:54:40,2024-12-05T21:06:35.300325,2024-12-05T22:08:23.773871,CLOSED,,DEF-PERIMETER-FW,False
ALT-CSE-04-00352,CSE-04,LOW,2024-12-15T11:24:53,2024-12-15T11:39:03.009810,2024-12-15T13:12:27.745050,CLOSED,,RESEARCH-WORKSTATION-01,False
ALT-CSE-04-00353,CSE-04,LOW,2024-12-29T08:50:04,2024-12-29T09:00:15.381690,2024-12-29T09:45:36.993069,CLOSED,,RESEARCH-WORKSTATION-01,False
ALT-CSE-04-00354,CSE-04,LOW,2024-10-21T18:58:55,2024-10-21T19:23:45.905634,2024-10-21T19:39:33.151641,CLOSED,,RESEARCH-WORKSTATION-01,False
ALT-CSE-04-00355,CSE-04,LOW,2024-11-16T01:28:50,2024-11-16T01:52:45.330910,2024-11-16T03:03:40.514434,CLOSED,,DEF-PERIMETER-FW,False
ALT-CSE-04-00356,CSE-04,LOW,2024-10-20T10:16:07,2024-10-20T10:30:25.177774,2024-10-20T11:06:45.385862,CLOSED,,RESEARCH-WORKSTATION-01,False
ALT-CSE-04-00357,CSE-04,MEDIUM,2024-11-21T12:28:49,2024-11-21T12:38:38.193375,2024-11-21T13:23:24.870115,CLOSED,,DEF-PERIMETER-FW,False
ALT-CSE-04-00358,CSE-04,HIGH,2024-11-19T20:09:44,2024-11-19T20:27:01.536075,2024-11-19T21:27:53.984596,CLOSED,,WEAPON-TEST-DB,False
ALT-CSE-04-00359,CSE-04,MEDIUM,2024-11-20T10:44:31,2024-11-20T10:52:02.811020,2024-11-20T12:33:45.902923,CLOSED,,DEF-PERIMETER-FW,False
ALT-CSE-04-00360,CSE-04,LOW,2024-12-23T02:04:30,2024-12-23T02:27:54.144046,2024-12-23T03:08:04.237648,CLOSED,,DEF-PERIMETER-FW,False
ALT-CSE-04-00361,CSE-04,LOW,2024-12-03T17:55:20,2024-12-03T18:02:57.499655,2024-12-03T19:33:02.025206,CLOSED,,DEF-PERIMETER-FW,False
ALT-CSE-04-00362,CSE-04,HIGH,2024-10-02T14:49:11,2024-10-02T14:56:36.934820,2024-10-02T16:13:41.787511,CLOSED,,DEF-PERIMETER-FW,False
ALT-CSE-04-00363,CSE-04,CRITICAL,2024-11-06T23:52:03,2024-11-07T00:13:29.964131,2024-11-07T01:26:56.204004,CLOSED,CAS-CSE-04-0053,RESEARCH-WORKSTATION-01,False
ALT-CSE-04-00364,CSE-04,HIGH,2024-12-01T22:19:16,2024-12-01T22:27:17.571222,2024-12-02T00:08:06.715572,CLOSED,,DEF-PERIMETER-FW,False
ALT-CSE-04-00365,CSE-04,HIGH,2024-11-22T13:39:50,2024-11-22T13:51:03.407762,2024-11-22T15:29:28.584976,CLOSED,,DEF-PERIMETER-FW,False
ALT-CSE-04-00366,CSE-04,MEDIUM,2024-10-25T04:03:05,2024-10-25T04:22:11.055467,2024-10-25T05:13:33.132221,CLOSED,,RESEARCH-WORKSTATION-01,False
ALT-CSE-04-00367,CSE-04,MEDIUM,2024-12-14T08:03:41,2024-12-14T08:27:43.753775,2024-12-14T09:41:29.920261,CLOSED,,RESEARCH-WORKSTATION-01,False
ALT-CSE-04-00368,CSE-04,MEDIUM,2024-10-11T18:30:57,2024-10-11T18:48:32.776581,2024-10-11T19:18:08.473800,CLOSED,,RESEARCH-WORKSTATION-01,False
ALT-CSE-04-00369,CSE-04,LOW,2024-12-08T01:25:05,2024-12-08T01:38:37.431268,2024-12-08T02:15:23.944791,CLOSED,,RESEARCH-WORKSTATION-01,False
ALT-CSE-04-00370,CSE-04,LOW,2024-11-01T15:37:09,2024-11-01T15:57:51.584741,2024-11-01T16:58:09.050123,CLOSED,,RESEARCH-WORKSTATION-01,False
ALT-CSE-04-00371,CSE-04,MEDIUM,2024-12-29T06:46:59,2024-12-29T07:00:38.613046,2024-12-29T08:08:50.730656,CLOSED,,DEF-PERIMETER-FW,False
ALT-CSE-04-00372,CSE-04,LOW,2024-11-15T22:28:52,2024-11-15T22:50:42.014754,2024-11-15T23:40:42.758906,CLOSED,,RESEARCH-WORKSTATION-01,False
ALT-CSE-04-00373,CSE-04,MEDIUM,2024-11-02T05:44:07,2024-11-02T06:03:23.720039,2024-11-02T07:20:21.314223,CLOSED,,DEF-PERIMETER-FW,False
ALT-CSE-04-00374,CSE-04,LOW,2024-12-04T20:35:57,2024-12-04T20:52:07.192131,2024-12-04T21:27:56.805413,CLOSED,,DEF-PERIMETER-FW,False
ALT-CSE-04-00375,CSE-04,MEDIUM,2024-10-24T23:55:36,2024-10-25T00:07:50.456688,2024-10-25T01:38:36.305623,CLOSED,,DEF-PERIMETER-FW,False
ALT-CSE-04-00376,CSE-04,HIGH,2024-10-26T15:05:22,2024-10-26T15:13:49.434847,2024-10-26T16:38:04.104136,CLOSED,,RESEARCH-WORKSTATION-01,False
ALT-CSE-04-00377,CSE-04,HIGH,2024-12-25T00:22:23,2024-12-25T00:33:38.685932,2024-12-25T01:07:02.307502,CLOSED,,DEF-PERIMETER-FW,False
ALT-CSE-04-00378,CSE-04,LOW,2024-12-20T03:35:49,2024-12-20T03:50:19.319669,2024-12-20T04:42:16.509991,CLOSED,,DEF-PERIMETER-FW,False
ALT-CSE-04-00379,CSE-04,LOW,2024-10-05T14:38:20,2024-10-05T14:46:14.027288,2024-10-05T16:10:36.701122,CLOSED,,RESEARCH-WORKSTATION-01,False
ALT-CSE-04-00380,CSE-04,CRITICAL,2024-12-16T18:47:55,2024-12-16T19:02:37.976211,2024-12-16T20:07:26.123409,CLOSED,,DEF-MISSILE-CTRL-01,False
ALT-CSE-04-00381,CSE-04,HIGH,2024-11-04T23:44:47,2024-11-05T00:07:24.878714,2024-11-05T00:37:25.059456,CLOSED,CAS-CSE-04-0054,RESEARCH-WORKSTATION-01,False
ALT-CSE-04-00382,CSE-04,MEDIUM,2024-10-01T22:50:36,2024-10-01T23:14:10.581869,2024-10-02T00:00:38.944443,CLOSED,,DEF-PERIMETER-FW,False
ALT-CSE-04-00383,CSE-04,CRITICAL,2024-10-20T09:44:25,2024-10-20T09:50:49.999790,2024-10-20T11:01:49.872048,CLOSED,CAS-CSE-04-0055,DEF-PERIMETER-FW,False
ALT-CSE-04-00384,CSE-04,HIGH,2024-11-12T00:46:32,2024-11-12T00:54:20.223372,2024-11-12T02:09:22.602189,CLOSED,,DEF-PERIMETER-FW,False
ALT-CSE-04-00385,CSE-04,LOW,2024-12-09T04:55:40,2024-12-09T05:09:06.210735,2024-12-09T05:40:03.780749,CLOSED,,DEF-PERIMETER-FW,False
ALT-CSE-04-00386,CSE-04,HIGH,2024-12-24T07:18:41,2024-12-24T07:28:41.086277,2024-12-24T08:32:02.071642,CLOSED,,DEF-PERIMETER-FW,False
ALT-CSE-04-00387,CSE-04,LOW,2024-10-07T06:36:55,2024-10-07T06:57:38.180045,2024-10-07T07:25:16.089928,CLOSED,,RESEARCH-WORKSTATION-01,False
ALT-CSE-04-00388,CSE-04,LOW,2024-11-21T07:43:27,2024-11-21T07:58:18.351841,2024-11-21T08:27:36.746478,CLOSED,,RESEARCH-WORKSTATION-01,False
ALT-CSE-04-00389,CSE-04,HIGH,2024-11-09T12:00:44,2024-11-09T12:18:28.520260,2024-11-09T12:55:05.605370,CLOSED,,RESEARCH-WORKSTATION-01,False
ALT-CSE-04-00390,CSE-04,MEDIUM,2024-11-19T23:56:18,2024-11-20T00:18:32.891614,2024-11-20T00:44:30.002004,CLOSED,,RESEARCH-WORKSTATION-01,False
ALT-CSE-04-00391,CSE-04,LOW,2024-10-19T19:06:46,2024-10-19T19:31:09.433372,2024-10-19T20:32:27.409349,CLOSED,,RESEARCH-WORKSTATION-01,False
ALT-CSE-04-00392,CSE-04,HIGH,2024-11-10T02:05:32,2024-11-10T02:11:39.331825,2024-11-10T03:30:11.412100,CLOSED,CAS-CSE-04-0056,RESEARCH-WORKSTATION-01,False
ALT-CSE-04-00393,CSE-04,LOW,2024-11-10T16:58:37,2024-11-10T17:20:09.756935,2024-11-10T17:41:39.074936,CLOSED,,RESEARCH-WORKSTATION-01,False
ALT-CSE-04-00394,CSE-04,MEDIUM,2024-11-28T20:38:56,2024-11-28T20:44:12.934040,2024-11-28T22:21:41.370791,CLOSED,CAS-CSE-04-0057,DEF-PERIMETER-FW,False
ALT-CSE-04-00395,CSE-04,LOW,2024-11-26T16:37:59,2024-11-26T16:54:34.163473,2024-11-26T17:58:08.462658,CLOSED,,RESEARCH-WORKSTATION-01,False
ALT-CSE-04-00396,CSE-04,LOW,2024-10-07T13:20:02,2024-10-07T13:38:05.599841,2024-10-07T14:27:14.799796,CLOSED,,DEF-PERIMETER-FW,False
ALT-CSE-04-00397,CSE-04,MEDIUM,2024-11-29T04:15:13,2024-11-29T04:34:11.512089,2024-11-29T05:56:55.766975,CLOSED,,DEF-PERIMETER-FW,False
ALT-CSE-04-00398,CSE-04,HIGH,2024-12-29T04:49:04,2024-12-29T05:00:43.781827,2024-12-29T06:31:14.576194,CLOSED,,DEF-PERIMETER-FW,False
ALT-CSE-04-00399,CSE-04,HIGH,2024-11-03T11:26:41,2024-11-03T11:51:37.665412,2024-11-03T13:13:41.846873,CLOSED,,DEF-PERIMETER-FW,False
ALT-CSE-04-00400,CSE-04,CRITICAL,2024-11-10T08:22:59,2024-11-10T08:32:38.527130,2024-11-10T09:03:54.455226,CLOSED,CAS-CSE-04-0058,RESEARCH-WORKSTATION-01,False
ALT-CSE-04-00401,CSE-04,HIGH,2024-12-27T03:52:13,2024-12-27T04:14:32.121391,2024-12-27T04:49:36.354468,CLOSED,,RESEARCH-WORKSTATION-01,False
ALT-CSE-04-00402,CSE-04,HIGH,2024-10-04T00:21:51,2024-10-04T00:32:13.528470,2024-10-04T01:17:13.191861,CLOSED,,RESEARCH-WORKSTATION-01,False
ALT-CSE-04-00403,CSE-04,HIGH,2024-11-06T08:37:21,2024-11-06T08:58:01.376915,2024-11-06T09:24:01.362105,CLOSED,,RESEARCH-WORKSTATION-01,False
ALT-CSE-04-00404,CSE-04,HIGH,2024-11-01T21:00:07,2024-11-01T21:22:37.830896,2024-11-01T22:24:36.170607,CLOSED,,DEF-PERIMETER-FW,False
ALT-CSE-04-00405,CSE-04,LOW,2024-10-11T14:42:52,2024-10-11T14:55:05.971722,2024-10-11T15:55:30.572895,CLOSED,,DEF-PERIMETER-FW,False
ALT-CSE-04-00406,CSE-04,MEDIUM,2024-11-27T01:14:55,2024-11-27T01:24:57.754294,2024-11-27T02:01:36.080799,CLOSED,,DEF-PERIMETER-FW,False
ALT-CSE-04-00407,CSE-04,MEDIUM,2024-11-22T16:34:42,2024-11-22T16:59:14.874990,2024-11-22T17:21:38.496415,CLOSED,,DEF-PERIMETER-FW,False
ALT-CSE-04-00408,CSE-04,HIGH,2024-11-29T20:57:05,2024-11-29T21:12:42.174565,2024-11-29T21:48:40.828581,CLOSED,CAS-CSE-04-0059,RESEARCH-WORKSTATION-01,False
ALT-CSE-04-00409,CSE-04,MEDIUM,2024-11-29T02:24:16,2024-11-29T02:37:07.067248,2024-11-29T03:27:19.217220,CLOSED,,DEF-PERIMETER-FW,False
ALT-CSE-04-00410,CSE-04,MEDIUM,2024-10-18T17:24:18,2024-10-18T17:46:08.349486,2024-10-18T18:51:51.569595,CLOSED,,RESEARCH-WORKSTATION-01,False
ALT-CSE-04-00411,CSE-04,LOW,2024-11-10T21:59:58,2024-11-10T22:11:02.116363,2024-11-10T23:25:07.790569,CLOSED,,RADAR-INTEL-SRV-02,False
ALT-CSE-04-00412,CSE-04,MEDIUM,2024-10-03T18:54:33,2024-10-03T19:01:11.475886,2024-10-03T19:58:26.389149,CLOSED,,RESEARCH-WORKSTATION-01,False
ALT-CSE-04-00413,CSE-04,HIGH,2024-11-10T00:32:41,2024-11-10T00:57:38.109469,2024-11-10T01:36:57.646179,CLOSED,CAS-CSE-04-0060,RESEARCH-WORKSTATION-01,False
ALT-CSE-04-00414,CSE-04,MEDIUM,2024-12-01T03:13:45,2024-12-01T03:19:20.294797,2024-12-01T04:20:29.380280,CLOSED,,RESEARCH-WORKSTATION-01,False
ALT-CSE-04-00415,CSE-04,HIGH,2024-11-21T01:21:48,2024-11-21T01:45:13.454948,2024-11-21T02:48:12.012723,CLOSED,,RESEARCH-WORKSTATION-01,False
ALT-CSE-04-00416,CSE-04,MEDIUM,2024-12-26T00:45:45,2024-12-26T00:53:11.788566,2024-12-26T01:55:18.411457,CLOSED,,RESEARCH-WORKSTATION-01,False
ALT-CSE-04-00417,CSE-04,MEDIUM,2024-12-02T06:29:15,2024-12-02T06:39:44.968082,2024-12-02T08:00:37.019849,CLOSED,,RESEARCH-WORKSTATION-01,False
ALT-CSE-04-00418,CSE-04,LOW,2024-12-19T11:37:27,2024-12-19T11:43:18.085976,2024-12-19T13:02:06.095165,CLOSED,,RESEARCH-WORKSTATION-01,False
ALT-CSE-04-00419,CSE-04,HIGH,2024-10-10T02:01:35,2024-10-10T02:15:30.924656,2024-10-10T03:00:14.798570,CLOSED,,DEF-PERIMETER-FW,False
ALT-CSE-04-00420,CSE-04,MEDIUM,2024-11-03T15:44:11,2024-11-03T15:59:37.451717,2024-11-03T17:29:42.630500,CLOSED,,DEF-PERIMETER-FW,False
ALT-CSE-04-00421,CSE-04,HIGH,2024-11-07T22:38:51,2024-11-07T22:56:30.876972,2024-11-08T00:09:20.756518,CLOSED,,DEF-PERIMETER-FW,False
ALT-CSE-04-00422,CSE-04,HIGH,2024-12-06T18:53:10,2024-12-06T19:04:11.697661,2024-12-06T19:51:01.990993,CLOSED,,DEF-PERIMETER-FW,False
ALT-CSE-04-00423,CSE-04,HIGH,2024-11-02T18:40:29,2024-11-02T19:04:21.932561,2024-11-02T20:25:33.104119,CLOSED,,DEF-PERIMETER-FW,False
ALT-CSE-04-00424,CSE-04,HIGH,2024-10-14T00:04:44,2024-10-14T00:13:03.348756,2024-10-14T01:27:48.453549,CLOSED,,DEF-PERIMETER-FW,False
ALT-CSE-04-00425,CSE-04,HIGH,2024-10-22T19:46:12,2024-10-22T19:52:47.180691,2024-10-22T20:51:34.435083,CLOSED,,RESEARCH-WORKSTATION-01,False
ALT-CSE-04-00426,CSE-04,MEDIUM,2024-11-13T21:30:53,2024-11-13T21:48:28.892882,2024-11-13T23:11:51.855068,CLOSED,,WEAPON-TEST-DB,False
ALT-CSE-04-00427,CSE-04,MEDIUM,2024-12-14T14:07:16,2024-12-14T14:22:56.082741,2024-12-14T15:22:58.577429,CLOSED,CAS-CSE-04-0061,DEF-PERIMETER-FW,False
ALT-CSE-04-00428,CSE-04,CRITICAL,2024-12-04T04:20:35,2024-12-04T04:26:17.758715,2024-12-04T05:58:22.805888,CLOSED,CAS-CSE-04-0062,RESEARCH-WORKSTATION-01,False
ALT-CSE-04-00429,CSE-04,HIGH,2024-12-02T13:28:15,2024-12-02T13:34:46.849771,2024-12-02T14:17:21.366002,CLOSED,,DEF-PERIMETER-FW,False
ALT-CSE-04-00430,CSE-04,MEDIUM,2024-12-29T09:29:47,2024-12-29T09:44:59.520822,2024-12-29T10:23:54.847063,CLOSED,,RADAR-INTEL-SRV-02,False
ALT-CSE-04-00431,CSE-04,HIGH,2024-11-21T05:09:49,2024-11-21T05:23:50.392798,2024-11-21T06:48:08.252318,CLOSED,CAS-CSE-04-0063,DEF-PERIMETER-FW,True
ALT-CSE-04-00432,CSE-04,CRITICAL,2024-12-13T02:34:32,2024-12-13T02:41:33.644818,2024-12-13T03:53:50.200759,CLOSED,,RESEARCH-WORKSTATION-01,False
ALT-CSE-04-00433,CSE-04,MEDIUM,2024-10-20T03:16:44,2024-10-20T03:24:41.325753,2024-10-20T04:36:41.130689,CLOSED,CAS-CSE-04-0064,DEF-PERIMETER-FW,False
ALT-CSE-04-00434,CSE-04,HIGH,2024-11-10T08:06:58,2024-11-10T08:22:46.817865,2024-11-10T08:49:22.637779,CLOSED,,DEF-PERIMETER-FW,False
ALT-CSE-04-00435,CSE-04,LOW,2024-10-11T03:56:38,2024-10-11T04:17:56.145047,2024-10-11T05:09:05.724920,CLOSED,,DEF-PERIMETER-FW,False
ALT-CSE-04-00436,CSE-04,HIGH,2024-11-18T21:26:17,2024-11-18T21:49:59.402279,2024-11-18T22:45:14.528528,CLOSED,,RESEARCH-WORKSTATION-01,False
ALT-CSE-04-00437,CSE-04,LOW,2024-12-02T10:20:07,2024-12-02T10:26:14.081821,2024-12-02T11:23:30.765975,CLOSED,,RESEARCH-WORKSTATION-01,False
ALT-CSE-04-00438,CSE-04,LOW,2024-10-03T05:34:36,2024-10-03T05:40:36.211433,2024-10-03T06:25:06.238362,CLOSED,,RESEARCH-WORKSTATION-01,False
ALT-CSE-04-00439,CSE-04,CRITICAL,2024-10-14T02:06:56,2024-10-14T02:27:56.968063,2024-10-14T03:18:04.947909,CLOSED,CAS-CSE-04-0065,RESEARCH-WORKSTATION-01,True
ALT-CSE-04-00440,CSE-04,MEDIUM,2024-12-01T03:31:54,2024-12-01T03:49:56.473017,2024-12-01T04:18:28.742403,CLOSED,,RESEARCH-WORKSTATION-01,False
ALT-CSE-04-00441,CSE-04,HIGH,2024-10-28T02:08:17,2024-10-28T02:28:49.373161,2024-10-28T03:51:19.454140,CLOSED,,DEF-PERIMETER-FW,False
ALT-CSE-04-00442,CSE-04,MEDIUM,2024-11-25T00:14:25,2024-11-25T00:38:00.516051,2024-11-25T00:58:01.494418,CLOSED,,RESEARCH-WORKSTATION-01,False
ALT-CSE-04-00443,CSE-04,HIGH,2024-10-15T01:22:50,2024-10-15T01:30:58.128745,2024-10-15T02:43:33.525144,CLOSED,,RESEARCH-WORKSTATION-01,False
ALT-CSE-04-00444,CSE-04,HIGH,2024-12-19T19:52:19,2024-12-19T20:05:32.323878,2024-12-19T20:41:02.562147,CLOSED,CAS-CSE-04-0066,RESEARCH-WORKSTATION-01,True
ALT-CSE-04-00445,CSE-04,LOW,2024-10-16T05:32:35,2024-10-16T05:38:46.851158,2024-10-16T07:11:36.957876,CLOSED,,RESEARCH-WORKSTATION-01,False
ALT-CSE-04-00446,CSE-04,MEDIUM,2024-11-08T23:54:54,2024-11-09T00:06:19.931775,2024-11-09T01:21:41.487453,CLOSED,,DEF-PERIMETER-FW,False
ALT-CSE-04-00447,CSE-04,LOW,2024-11-02T04:07:01,2024-11-02T04:21:40.039432,2024-11-02T05:26:42.403169,CLOSED,,DEF-PERIMETER-FW,False
ALT-CSE-04-00448,CSE-04,MEDIUM,2024-12-18T20:06:28,2024-12-18T20:17:44.248506,2024-12-18T21:18:56.634263,CLOSED,,DEF-PERIMETER-FW,False
ALT-CSE-04-00449,CSE-04,HIGH,2024-11-17T02:15:15,2024-11-17T02:23:39.376909,2024-11-17T03:53:49.130286,CLOSED,,DEF-PERIMETER-FW,False
ALT-CSE-04-00450,CSE-04,HIGH,2024-11-29T11:07:23,2024-11-29T11:26:15.857265,2024-11-29T11:55:51.083688,CLOSED,CAS-CSE-04-0067,RESEARCH-WORKSTATION-01,False
ALT-CSE-04-00451,CSE-04,MEDIUM,2024-11-28T14:43:38,2024-11-28T14:50:47.899831,2024-11-28T16:07:21.686089,CLOSED,,DEF-PERIMETER-FW,False
ALT-CSE-04-00452,CSE-04,LOW,2024-11-20T18:10:19,2024-11-20T18:33:51.018081,2024-11-20T19:20:35.645908,CLOSED,,DEF-PERIMETER-FW,False
ALT-CSE-04-00453,CSE-04,HIGH,2024-11-01T16:21:30,2024-11-01T16:44:39.929192,2024-11-01T17:03:20.289713,CLOSED,CAS-CSE-04-0068,DEF-PERIMETER-FW,False
ALT-CSE-04-00454,CSE-04,CRITICAL,2024-12-06T13:26:37,2024-12-06T13:36:41.512662,2024-12-06T14:30:31.059415,CLOSED,CAS-CSE-04-0069,DEF-PERIMETER-FW,False
ALT-CSE-04-00455,CSE-04,HIGH,2024-12-03T19:51:16,2024-12-03T20:02:19.062841,2024-12-03T20:48:45.436152,CLOSED,,RESEARCH-WORKSTATION-01,False
ALT-CSE-04-00456,CSE-04,HIGH,2024-11-10T12:29:13,2024-11-10T12:41:54.117043,2024-11-10T14:07:07.009706,CLOSED,CAS-CSE-04-0070,DEF-PERIMETER-FW,False
ALT-CSE-04-00457,CSE-04,MEDIUM,2024-11-15T04:48:51,2024-11-15T05:09:26.783376,2024-11-15T06:16:35.496051,CLOSED,,RESEARCH-WORKSTATION-01,False
ALT-CSE-04-00458,CSE-04,LOW,2024-11-20T07:19:57,2024-11-20T07:26:20.714589,2024-11-20T08:04:24.710056,CLOSED,,DEF-PERIMETER-FW,False
ALT-CSE-04-00459,CSE-04,LOW,2024-11-18T01:29:11,2024-11-18T01:51:44.928979,2024-11-18T02:47:02.551288,CLOSED,,RESEARCH-WORKSTATION-01,False
ALT-CSE-04-00460,CSE-04,MEDIUM,2024-10-29T05:17:37,2024-10-29T05:36:28.290521,2024-10-29T06:47:37.012066,CLOSED,,RESEARCH-WORKSTATION-01,False
ALT-CSE-04-00461,CSE-04,MEDIUM,2024-12-26T15:21:27,2024-12-26T15:30:53.589261,2024-12-26T16:05:45.746625,CLOSED,,DEF-PERIMETER-FW,False
ALT-CSE-04-00462,CSE-04,LOW,2024-11-24T05:51:33,2024-11-24T06:08:43.897984,2024-11-24T07:02:35.442368,CLOSED,,DEF-PERIMETER-FW,False
ALT-CSE-04-00463,CSE-04,MEDIUM,2024-10-07T20:59:03,2024-10-07T21:09:31.102948,2024-10-07T22:20:43.496023,CLOSED,,RESEARCH-WORKSTATION-01,False
ALT-CSE-04-00464,CSE-04,MEDIUM,2024-12-05T22:52:50,2024-12-05T23:05:56.534873,2024-12-05T23:47:01.521913,CLOSED,,RESEARCH-WORKSTATION-01,False
ALT-CSE-04-00465,CSE-04,HIGH,2024-10-25T10:02:59,2024-10-25T10:08:10.667655,2024-10-25T11:29:40.020058,CLOSED,,RESEARCH-WORKSTATION-01,False
ALT-CSE-04-00466,CSE-04,MEDIUM,2024-11-10T11:51:44,2024-11-10T12:07:15.619104,2024-11-10T13:31:41.855668,CLOSED,,DEF-PERIMETER-FW,False
ALT-CSE-04-00467,CSE-04,HIGH,2024-10-25T20:48:11,2024-10-25T20:59:48.165059,2024-10-25T22:22:33.678976,CLOSED,,DEF-PERIMETER-FW,False
ALT-CSE-04-00468,CSE-04,LOW,2024-12-19T01:20:05,2024-12-19T01:28:03.794598,2024-12-19T02:02:07.674145,CLOSED,CAS-CSE-04-0071,DEF-PERIMETER-FW,False
ALT-CSE-04-00469,CSE-04,HIGH,2024-12-25T13:26:07,2024-12-25T13:50:29.694324,2024-12-25T14:46:45.162121,CLOSED,,RESEARCH-WORKSTATION-01,False
ALT-CSE-04-00470,CSE-04,LOW,2024-10-31T09:15:03,2024-10-31T09:39:42.382959,2024-10-31T10:02:32.633259,CLOSED,,DEF-PERIMETER-FW,False
ALT-CSE-04-00471,CSE-04,HIGH,2024-12-04T08:41:50,2024-12-04T08:49:26.515145,2024-12-04T10:10:09.577179,CLOSED,CAS-CSE-04-0072,RESEARCH-WORKSTATION-01,False
ALT-CSE-04-00472,CSE-04,LOW,2024-10-26T06:21:47,2024-10-26T06:39:15.647886,2024-10-26T08:05:18.008863,CLOSED,,DEF-PERIMETER-FW,False
ALT-CSE-04-00473,CSE-04,MEDIUM,2024-12-19T10:31:40,2024-12-19T10:38:36.242872,2024-12-19T11:12:05.577112,CLOSED,CAS-CSE-04-0073,RESEARCH-WORKSTATION-01,False
ALT-CSE-04-00474,CSE-04,MEDIUM,2024-10-08T02:43:17,2024-10-08T03:03:20.306524,2024-10-08T04:03:43.558434,CLOSED,,RESEARCH-WORKSTATION-01,False
ALT-CSE-04-00475,CSE-04,MEDIUM,2024-12-14T12:19:03,2024-12-14T12:33:06.602098,2024-12-14T13:28:02.702153,CLOSED,,RESEARCH-WORKSTATION-01,False
ALT-CSE-04-00476,CSE-04,LOW,2024-11-12T19:28:40,2024-11-12T19:45:48.156405,2024-11-12T21:12:38.343056,CLOSED,,RESEARCH-WORKSTATION-01,False
ALT-CSE-04-00477,CSE-04,LOW,2024-12-11T08:32:53,2024-12-11T08:55:48.510530,2024-12-11T10:11:54.491924,CLOSED,,DEF-PERIMETER-FW,False
ALT-CSE-04-00478,CSE-04,LOW,2024-12-09T08:02:59,2024-12-09T08:24:03.462227,2024-12-09T09:11:17.380069,CLOSED,,RESEARCH-WORKSTATION-01,False
ALT-CSE-04-00479,CSE-04,MEDIUM,2024-10-18T06:04:34,2024-10-18T06:20:13.548399,2024-10-18T07:51:02.281721,CLOSED,,RESEARCH-WORKSTATION-01,False
ALT-CSE-04-00480,CSE-04,HIGH,2024-11-05T11:09:54,2024-11-05T11:25:09.505804,2024-11-05T12:40:57.232748,CLOSED,,DEF-PERIMETER-FW,False
ALT-CSE-04-00481,CSE-04,HIGH,2024-10-28T23:51:36,2024-10-29T00:11:10.010536,2024-10-29T00:44:13.438835,CLOSED,,RESEARCH-WORKSTATION-01,False
ALT-CSE-04-00482,CSE-04,MEDIUM,2024-12-29T00:25:32,2024-12-29T00:36:20.979580,2024-12-29T02:15:30.818154,CLOSED,,DEF-PERIMETER-FW,False
ALT-CSE-04-00483,CSE-04,HIGH,2024-12-12T09:14:14,2024-12-12T09:26:42.245370,2024-12-12T10:21:16.066959,CLOSED,,DEF-PERIMETER-FW,False
ALT-CSE-04-00484,CSE-04,HIGH,2024-12-04T05:24:39,2024-12-04T05:44:08.839348,2024-12-04T06:48:14.386985,CLOSED,,RESEARCH-WORKSTATION-01,False
ALT-CSE-04-00485,CSE-04,CRITICAL,2024-11-20T05:38:54,2024-11-20T06:03:19.173754,2024-11-20T06:45:55.917432,CLOSED,CAS-CSE-04-0074,RESEARCH-WORKSTATION-01,True
ALT-CSE-04-00486,CSE-04,LOW,2024-10-11T13:19:36,2024-10-11T13:34:52.507168,2024-10-11T14:43:17.027350,CLOSED,,DEF-PERIMETER-FW,False
ALT-CSE-04-00487,CSE-04,MEDIUM,2024-11-28T17:37:49,2024-11-28T18:01:11.644262,2024-11-28T18:55:39.998431,CLOSED,,DEF-PERIMETER-FW,False
ALT-CSE-04-00488,CSE-04,MEDIUM,2024-10-16T12:10:53,2024-10-16T12:25:41.277678,2024-10-16T13:39:37.831663,CLOSED,,DEF-PERIMETER-FW,False
ALT-CSE-04-00489,CSE-04,LOW,2024-11-15T05:20:22,2024-11-15T05:38:03.100463,2024-11-15T07:07:25.470130,CLOSED,,RESEARCH-WORKSTATION-01,False
ALT-CSE-04-00490,CSE-04,LOW,2024-10-24T04:39:04,2024-10-24T04:47:48.810654,2024-10-24T05:40:19.855305,CLOSED,,RESEARCH-WORKSTATION-01,False
ALT-CSE-04-00491,CSE-04,LOW,2024-12-21T12:27:59,2024-12-21T12:36:23.920225,2024-12-21T13:35:05.570977,CLOSED,,DEF-PERIMETER-FW,False
ALT-CSE-04-00492,CSE-04,LOW,2024-11-26T10:51:54,2024-11-26T11:13:01.873011,2024-11-26T12:03:50.925327,CLOSED,,DEF-PERIMETER-FW,False
ALT-CSE-04-00493,CSE-04,LOW,2024-10-21T14:18:13,2024-10-21T14:23:44.612251,2024-10-21T15:14:14.821006,CLOSED,,DEF-PERIMETER-FW,False
ALT-CSE-04-00494,CSE-04,LOW,2024-12-08T08:43:21,2024-12-08T08:56:26.906727,2024-12-08T10:26:11.746729,CLOSED,,RESEARCH-WORKSTATION-01,False
ALT-CSE-04-00495,CSE-04,MEDIUM,2024-11-20T21:39:02,2024-11-20T21:45:22.688522,2024-11-20T22:31:09.309320,CLOSED,,DEF-PERIMETER-FW,False
ALT-CSE-04-00496,CSE-04,CRITICAL,2024-12-17T04:30:14,2024-12-17T04:46:08.820062,2024-12-17T05:38:43.382175,CLOSED,CAS-CSE-04-0075,RESEARCH-WORKSTATION-01,False
ALT-CSE-04-00497,CSE-04,LOW,2024-12-28T10:17:16,2024-12-28T10:24:29.189380,2024-12-28T11:53:56.399688,CLOSED,,DEF-PERIMETER-FW,False
ALT-CSE-04-00498,CSE-04,MEDIUM,2024-12-15T01:09:18,2024-12-15T01:26:43.247258,2024-12-15T02:20:23.464703,CLOSED,,DEF-PERIMETER-FW,False
ALT-CSE-04-00499,CSE-04,MEDIUM,2024-10-15T22:09:13,2024-10-15T22:23:23.438367,2024-10-15T22:56:51.870403,CLOSED,,DEF-PERIMETER-FW,False
ALT-CSE-04-00500,CSE-04,LOW,2024-11-30T07:07:02,2024-11-30T07:15:01.700669,2024-11-30T08:45:45.056569,CLOSED,,RESEARCH-WORKSTATION-01,False
ALT-CSE-04-00501,CSE-04,LOW,2024-12-20T01:23:44,2024-12-20T01:37:41.009461,2024-12-20T03:02:49.392267,CLOSED,,RADAR-INTEL-SRV-02,False
ALT-CSE-04-00502,CSE-04,LOW,2024-12-03T03:21:37,2024-12-03T03:28:52.525702,2024-12-03T04:02:49.554254,CLOSED,,RESEARCH-WORKSTATION-01,False
ALT-CSE-04-00503,CSE-04,MEDIUM,2024-10-25T04:05:10,2024-10-25T04:19:33.888759,2024-10-25T04:52:36.835033,CLOSED,,RESEARCH-WORKSTATION-01,False
ALT-CSE-04-00504,CSE-04,LOW,2024-12-07T01:00:10,2024-12-07T01:12:30.413128,2024-12-07T02:25:32.011875,CLOSED,,DEF-PERIMETER-FW,False
ALT-CSE-04-00505,CSE-04,LOW,2024-11-17T19:57:08,2024-11-17T20:13:13.722264,2024-11-17T20:44:00.009325,CLOSED,,RESEARCH-WORKSTATION-01,False
ALT-CSE-04-00506,CSE-04,HIGH,2024-12-09T17:15:04,2024-12-09T17:39:44.603611,2024-12-09T18:43:00.279676,CLOSED,,RESEARCH-WORKSTATION-01,False
ALT-CSE-04-00507,CSE-04,MEDIUM,2024-10-21T18:29:05,2024-10-21T18:42:28.713520,2024-10-21T19:38:31.400103,CLOSED,,DEF-PERIMETER-FW,False
ALT-CSE-04-00508,CSE-04,CRITICAL,2024-12-28T07:40:10,2024-12-28T07:59:44.264322,2024-12-28T09:09:39.697657,CLOSED,CAS-CSE-04-0076,DEF-PERIMETER-FW,True
ALT-CSE-04-00509,CSE-04,MEDIUM,2024-10-15T15:35:11,2024-10-15T15:49:46.051393,2024-10-15T16:37:15.096958,CLOSED,,RESEARCH-WORKSTATION-01,False
ALT-CSE-04-00510,CSE-04,MEDIUM,2024-11-24T09:56:39,2024-11-24T10:15:42.415378,2024-11-24T11:45:00.471173,CLOSED,,RESEARCH-WORKSTATION-01,False
ALT-CSE-04-00511,CSE-04,LOW,2024-11-10T22:17:41,2024-11-10T22:37:46.198433,2024-11-10T23:54:42.818147,CLOSED,,DEF-PERIMETER-FW,False
ALT-CSE-04-00512,CSE-04,MEDIUM,2024-11-13T16:59:26,2024-11-13T17:13:17.151326,2024-11-13T17:41:22.454969,CLOSED,,DEF-PERIMETER-FW,False
ALT-CSE-04-00513,CSE-04,HIGH,2024-10-14T06:44:39,2024-10-14T06:59:21.957089,2024-10-14T08:07:35.450522,CLOSED,CAS-CSE-04-0077,RESEARCH-WORKSTATION-01,False
ALT-CSE-04-00514,CSE-04,LOW,2024-12-27T08:38:06,2024-12-27T08:58:03.474445,2024-12-27T09:28:01.546010,CLOSED,,RESEARCH-WORKSTATION-01,False
ALT-CSE-04-00515,CSE-04,MEDIUM,2024-12-09T07:05:32,2024-12-09T07:27:46.280938,2024-12-09T08:07:03.852671,CLOSED,,RESEARCH-WORKSTATION-01,False
ALT-CSE-04-00516,CSE-04,LOW,2024-10-12T10:16:42,2024-10-12T10:26:17.352941,2024-10-12T11:46:16.881194,CLOSED,,RESEARCH-WORKSTATION-01,False
ALT-CSE-04-00517,CSE-04,CRITICAL,2024-10-15T21:37:56,2024-10-15T21:55:11.505528,2024-10-15T23:18:11.068518,CLOSED,CAS-CSE-04-0078,RESEARCH-WORKSTATION-01,True
ALT-CSE-04-00518,CSE-04,LOW,2024-10-01T14:54:59,2024-10-01T15:12:00.192419,2024-10-01T15:38:37.841512,CLOSED,,DEF-PERIMETER-FW,False
ALT-CSE-04-00519,CSE-04,CRITICAL,2024-12-25T19:57:28,2024-12-25T20:11:02.931941,2024-12-25T21:01:10.628820,CLOSED,,RESEARCH-WORKSTATION-01,False
ALT-CSE-04-00520,CSE-04,MEDIUM,2024-12-21T08:13:41,2024-12-21T08:23:01.917682,2024-12-21T09:48:23.830992,CLOSED,,DEF-PERIMETER-FW,False
ALT-CSE-04-00521,CSE-04,CRITICAL,2024-12-11T16:08:04,2024-12-11T16:29:50.864318,2024-12-11T17:08:38.424340,CLOSED,CAS-CSE-04-0079,DEF-PERIMETER-FW,True
ALT-CSE-04-00522,CSE-04,LOW,2024-12-08T02:09:51,2024-12-08T02:33:17.185798,2024-12-08T03:09:40.591402,CLOSED,,DEF-PERIMETER-FW,False
ALT-CSE-04-00523,CSE-04,LOW,2024-11-27T18:30:06,2024-11-27T18:50:04.990604,2024-11-27T19:28:13.253983,CLOSED,,RESEARCH-WORKSTATION-01,False
ALT-CSE-04-00524,CSE-04,CRITICAL,2024-10-15T00:05:27,2024-10-15T00:14:43.379268,2024-10-15T00:46:43.435926,CLOSED,CAS-CSE-04-0080,DEF-PERIMETER-FW,False
ALT-CSE-04-00525,CSE-04,CRITICAL,2024-10-03T04:10:24,2024-10-03T04:23:39.136468,2024-10-03T05:56:19.471977,CLOSED,CAS-CSE-04-0081,RESEARCH-WORKSTATION-01,False
ALT-CSE-04-00526,CSE-04,HIGH,2024-10-03T04:39:24,2024-10-03T04:57:03.721341,2024-10-03T05:54:04.813814,CLOSED,,DEF-PERIMETER-FW,False
ALT-CSE-04-00527,CSE-04,LOW,2024-12-21T04:49:17,2024-12-21T05:07:08.455735,2024-12-21T06:38:30.440822,CLOSED,,RADAR-INTEL-SRV-02,False
ALT-CSE-04-00528,CSE-04,MEDIUM,2024-10-30T17:26:08,2024-10-30T17:42:41.600846,2024-10-30T18:49:57.556813,CLOSED,,DEF-PERIMETER-FW,False
ALT-CSE-04-00529,CSE-04,MEDIUM,2024-10-12T15:39:55,2024-10-12T15:56:19.124414,2024-10-12T16:41:39.428465,CLOSED,,DEF-PERIMETER-FW,False
ALT-CSE-04-00530,CSE-04,LOW,2024-11-08T21:22:22,2024-11-08T21:34:41.012879,2024-11-08T22:54:28.532496,CLOSED,,DEF-PERIMETER-FW,False
ALT-CSE-04-00531,CSE-04,LOW,2024-10-05T21:13:18,2024-10-05T21:19:18.531392,2024-10-05T22:05:41.698807,CLOSED,,RESEARCH-WORKSTATION-01,False
ALT-CSE-04-00532,CSE-04,LOW,2024-12-28T05:57:02,2024-12-28T06:16:16.290933,2024-12-28T07:11:32.487910,CLOSED,,DEF-PERIMETER-FW,False
ALT-CSE-04-00533,CSE-04,HIGH,2024-10-23T06:26:08,2024-10-23T06:48:15.448651,2024-10-23T08:09:09.826493,CLOSED,,DEF-PERIMETER-FW,False
ALT-CSE-04-00534,CSE-04,LOW,2024-12-03T19:33:46,2024-12-03T19:40:04.059496,2024-12-03T20:34:54.476218,CLOSED,,DEF-PERIMETER-FW,False
ALT-CSE-04-00535,CSE-04,LOW,2024-11-07T19:02:11,2024-11-07T19:14:23.686644,2024-11-07T20:33:11.448008,CLOSED,,RESEARCH-WORKSTATION-01,False
ALT-CSE-04-00536,CSE-04,MEDIUM,2024-10-15T18:15:04,2024-10-15T18:33:12.351646,2024-10-15T20:02:45.288062,CLOSED,,DEF-PERIMETER-FW,False
ALT-CSE-04-00537,CSE-04,HIGH,2024-12-06T00:29:45,2024-12-06T00:42:22.752850,2024-12-06T01:42:15.186661,CLOSED,,RESEARCH-WORKSTATION-01,False
ALT-CSE-04-00538,CSE-04,HIGH,2024-10-17T20:43:18,2024-10-17T21:02:34.944837,2024-10-17T21:56:26.350596,CLOSED,,RESEARCH-WORKSTATION-01,False
ALT-CSE-04-00539,CSE-04,LOW,2024-12-17T23:07:22,2024-12-17T23:13:47.241591,2024-12-18T00:14:27.586967,CLOSED,,DEF-PERIMETER-FW,False
ALT-CSE-04-00540,CSE-04,MEDIUM,2024-10-25T15:44:53,2024-10-25T15:50:37.102432,2024-10-25T16:28:32.586285,CLOSED,,DEF-PERIMETER-FW,False
ALT-CSE-04-00541,CSE-04,MEDIUM,2024-12-17T22:41:37,2024-12-17T23:00:54.295801,2024-12-17T23:43:50.141798,CLOSED,,RESEARCH-WORKSTATION-01,False
ALT-CSE-04-00542,CSE-04,HIGH,2024-10-04T01:35:00,2024-10-04T01:51:44.023631,2024-10-04T03:19:40.651749,CLOSED,,DEF-PERIMETER-FW,False
ALT-CSE-04-00543,CSE-04,CRITICAL,2024-11-02T13:41:16,2024-11-02T14:01:59.022433,2024-11-02T15:02:03.905821,CLOSED,CAS-CSE-04-0082,RESEARCH-WORKSTATION-01,True
ALT-CSE-04-00544,CSE-04,HIGH,2024-12-23T19:21:43,2024-12-23T19:35:11.863548,2024-12-23T20:29:56.235215,CLOSED,,DEF-PERIMETER-FW,False
ALT-CSE-04-00545,CSE-04,LOW,2024-11-08T01:29:23,2024-11-08T01:42:37.898469,2024-11-08T03:02:28.753987,CLOSED,,DEF-PERIMETER-FW,False
ALT-CSE-04-00546,CSE-04,MEDIUM,2024-11-02T03:48:57,2024-11-02T04:09:51.419654,2024-11-02T04:33:45.223388,CLOSED,,DEF-PERIMETER-FW,False
ALT-CSE-04-00547,CSE-04,CRITICAL,2024-11-04T19:58:01,2024-11-04T20:03:41.477495,2024-11-04T21:32:43.977511,CLOSED,CAS-CSE-04-0083,RESEARCH-WORKSTATION-01,False
ALT-CSE-04-00548,CSE-04,MEDIUM,2024-12-07T02:22:16,2024-12-07T02:36:11.237318,2024-12-07T04:04:24.705995,CLOSED,,DEF-PERIMETER-FW,False
ALT-CSE-04-00549,CSE-04,HIGH,2024-11-04T17:50:23,2024-11-04T17:58:06.674017,2024-11-04T19:06:53.064912,CLOSED,,RESEARCH-WORKSTATION-01,False
ALT-CSE-04-00550,CSE-04,MEDIUM,2024-11-19T14:28:18,2024-11-19T14:33:43.669087,2024-11-19T16:14:42.710178,CLOSED,,RESEARCH-WORKSTATION-01,False
ALT-CSE-04-00551,CSE-04,MEDIUM,2024-10-16T04:01:52,2024-10-16T04:14:28.793884,2024-10-16T05:05:20.780221,CLOSED,,RESEARCH-WORKSTATION-01,False
ALT-CSE-04-00552,CSE-04,LOW,2024-11-07T07:55:33,2024-11-07T08:06:04.844982,2024-11-07T08:42:06.997269,CLOSED,,DEF-PERIMETER-FW,False
ALT-CSE-04-00553,CSE-04,MEDIUM,2024-10-11T05:49:10,2024-10-11T05:56:43.146206,2024-10-11T06:43:47.344442,CLOSED,,RESEARCH-WORKSTATION-01,False
ALT-CSE-04-00554,CSE-04,MEDIUM,2024-11-18T22:51:53,2024-11-18T22:57:32.792325,2024-11-19T00:14:27.994976,CLOSED,,RESEARCH-WORKSTATION-01,False
ALT-CSE-04-00555,CSE-04,LOW,2024-12-08T08:05:38,2024-12-08T08:28:16.827452,2024-12-08T09:54:57.525258,CLOSED,,RESEARCH-WORKSTATION-01,False
ALT-CSE-04-00556,CSE-04,LOW,2024-10-18T21:14:51,2024-10-18T21:36:58.901149,2024-10-18T22:19:07.033092,CLOSED,CAS-CSE-04-0084,RESEARCH-WORKSTATION-01,True
ALT-CSE-04-00557,CSE-04,HIGH,2024-12-07T22:25:57,2024-12-07T22:36:44.623223,2024-12-08T00:06:18.041383,CLOSED,,DEF-PERIMETER-FW,False
ALT-CSE-04-00558,CSE-04,CRITICAL,2024-12-27T07:05:19,2024-12-27T07:21:08.432800,2024-12-27T08:34:44.974805,CLOSED,CAS-CSE-04-0085,RESEARCH-WORKSTATION-01,False
ALT-CSE-04-00559,CSE-04,LOW,2024-12-25T20:34:46,2024-12-25T20:54:44.021099,2024-12-25T21:45:07.261293,CLOSED,,DEF-PERIMETER-FW,False
ALT-CSE-04-00560,CSE-04,HIGH,2024-12-27T15:26:06,2024-12-27T15:46:28.142610,2024-12-27T16:20:21.109926,CLOSED,,DEF-PERIMETER-FW,False
ALT-CSE-04-00561,CSE-04,HIGH,2024-10-01T20:56:28,2024-10-01T21:13:51.460662,2024-10-01T22:41:27.902686,CLOSED,CAS-CSE-04-0086,RESEARCH-WORKSTATION-01,False
ALT-CSE-04-00562,CSE-04,MEDIUM,2024-12-06T10:25:54,2024-12-06T10:37:27.491198,2024-12-06T12:10:41.553985,CLOSED,,RESEARCH-WORKSTATION-01,False
ALT-CSE-04-00563,CSE-04,LOW,2024-10-19T07:02:30,2024-10-19T07:19:00.259451,2024-10-19T08:02:22.635112,CLOSED,,RESEARCH-WORKSTATION-01,False
ALT-CSE-04-00564,CSE-04,LOW,2024-10-07T02:41:11,2024-10-07T03:00:55.011006,2024-10-07T04:19:36.922365,CLOSED,,RESEARCH-WORKSTATION-01,False
ALT-CSE-04-00565,CSE-04,MEDIUM,2024-12-04T10:15:02,2024-12-04T10:34:39.877104,2024-12-04T11:35:36.132408,CLOSED,,DEF-PERIMETER-FW,False
ALT-CSE-04-00566,CSE-04,MEDIUM,2024-12-15T00:40:00,2024-12-15T01:04:47.064055,2024-12-15T01:45:04.705335,CLOSED,,DEF-MISSILE-CTRL-01,False
ALT-CSE-04-00567,CSE-04,MEDIUM,2024-12-24T01:16:24,2024-12-24T01:38:11.295141,2024-12-24T02:49:53.636248,CLOSED,,RESEARCH-WORKSTATION-01,False
ALT-CSE-04-00568,CSE-04,CRITICAL,2024-10-10T10:01:36,2024-10-10T10:13:53.050231,2024-10-10T10:58:57.914254,CLOSED,CAS-CSE-04-0087,DEF-PERIMETER-FW,True
ALT-CSE-04-00569,CSE-04,HIGH,2024-11-16T23:55:00,2024-11-17T00:18:29.773756,2024-11-17T01:04:19.431927,CLOSED,,RESEARCH-WORKSTATION-01,False
ALT-CSE-04-00570,CSE-04,MEDIUM,2024-12-23T04:42:17,2024-12-23T04:56:11.908775,2024-12-23T05:22:39.256729,CLOSED,CAS-CSE-04-0088,DEF-PERIMETER-FW,True
ALT-CSE-04-00571,CSE-04,CRITICAL,2024-12-03T16:02:13,2024-12-03T16:10:20.274980,2024-12-03T17:21:38.925008,CLOSED,CAS-CSE-04-0089,RESEARCH-WORKSTATION-01,False
ALT-CSE-04-00572,CSE-04,MEDIUM,2024-11-03T03:12:36,2024-11-03T03:34:29.033676,2024-11-03T04:23:57.649626,CLOSED,,RESEARCH-WORKSTATION-01,False
ALT-CSE-04-00573,CSE-04,HIGH,2024-11-25T16:07:47,2024-11-25T16:14:38.319519,2024-11-25T17:44:16.644844,CLOSED,CAS-CSE-04-0090,DEF-PERIMETER-FW,False
ALT-CSE-04-00574,CSE-04,LOW,2024-11-30T18:36:34,2024-11-30T18:42:22.942173,2024-11-30T20:18:20.541105,CLOSED,,DEF-PERIMETER-FW,False
ALT-CSE-04-00575,CSE-04,MEDIUM,2024-10-30T21:49:46,2024-10-30T22:11:31.078235,2024-10-30T23:38:08.844466,CLOSED,,RESEARCH-WORKSTATION-01,False
ALT-CSE-04-00576,CSE-04,MEDIUM,2024-11-11T17:05:27,2024-11-11T17:14:36.750919,2024-11-11T18:48:26.073724,CLOSED,,DEF-PERIMETER-FW,False
ALT-CSE-04-00577,CSE-04,LOW,2024-12-06T21:05:54,2024-12-06T21:29:41.076505,2024-12-06T22:21:24.619851,CLOSED,,RESEARCH-WORKSTATION-01,False
ALT-CSE-04-00578,CSE-04,MEDIUM,2024-12-28T21:35:20,2024-12-28T21:58:50.627430,2024-12-28T22:32:57.485057,CLOSED,,DEF-PERIMETER-FW,False
ALT-CSE-04-00579,CSE-04,HIGH,2024-11-10T15:18:17,2024-11-10T15:28:39.822959,2024-11-10T16:05:22.700914,CLOSED,,DEF-PERIMETER-FW,False
ALT-CSE-04-00580,CSE-04,LOW,2024-10-21T12:48:03,2024-10-21T13:07:10.125589,2024-10-21T14:26:17.325251,CLOSED,CAS-CSE-04-0091,RESEARCH-WORKSTATION-01,False
ALT-CSE-04-00581,CSE-04,MEDIUM,2024-10-27T18:59:05,2024-10-27T19:14:18.523270,2024-10-27T20:06:02.771783,CLOSED,,DEF-PERIMETER-FW,False
ALT-CSE-04-00582,CSE-04,HIGH,2024-12-14T00:42:52,2024-12-14T01:07:30.034863,2024-12-14T02:21:52.405096,CLOSED,CAS-CSE-04-0092,DEF-PERIMETER-FW,False
ALT-CSE-04-00583,CSE-04,LOW,2024-10-16T01:28:21,2024-10-16T01:38:55.191914,2024-10-16T03:02:33.594765,CLOSED,,RESEARCH-WORKSTATION-01,False
ALT-CSE-04-00584,CSE-04,MEDIUM,2024-10-19T15:25:16,2024-10-19T15:38:50.840426,2024-10-19T16:39:36.857798,CLOSED,,RESEARCH-WORKSTATION-01,False
ALT-CSE-04-00585,CSE-04,LOW,2024-12-16T06:32:50,2024-12-16T06:39:09.192151,2024-12-16T07:36:47.116101,CLOSED,,DEF-PERIMETER-FW,False
ALT-CSE-04-00586,CSE-04,LOW,2024-12-25T23:05:29,2024-12-25T23:15:13.925220,2024-12-25T23:45:59.027084,CLOSED,,DEF-PERIMETER-FW,False
ALT-CSE-04-00587,CSE-04,LOW,2024-11-30T04:54:18,2024-11-30T05:06:43.035002,2024-11-30T05:41:18.684849,CLOSED,,DEF-PERIMETER-FW,False
ALT-CSE-04-00588,CSE-04,MEDIUM,2024-11-11T14:14:17,2024-11-11T14:34:40.856779,2024-11-11T15:30:42.581094,CLOSED,,DEF-PERIMETER-FW,False
ALT-CSE-04-00589,CSE-04,HIGH,2024-10-14T15:52:13,2024-10-14T16:01:43.279738,2024-10-14T17:19:13.100368,CLOSED,,RESEARCH-WORKSTATION-01,False
ALT-CSE-04-00590,CSE-04,MEDIUM,2024-10-31T08:38:07,2024-10-31T08:48:06.088008,2024-10-31T10:24:30.327517,CLOSED,,RESEARCH-WORKSTATION-01,False
ALT-CSE-04-00591,CSE-04,HIGH,2024-11-05T15:31:46,2024-11-05T15:45:02.295832,2024-11-05T16:47:20.714541,CLOSED,CAS-CSE-04-0093,RESEARCH-WORKSTATION-01,True
ALT-CSE-04-00592,CSE-04,CRITICAL,2024-11-30T02:41:46,2024-11-30T03:06:44.404811,2024-11-30T03:42:45.609059,CLOSED,CAS-CSE-04-0094,DEF-PERIMETER-FW,True
ALT-CSE-04-00593,CSE-04,LOW,2024-10-06T12:08:17,2024-10-06T12:18:10.811466,2024-10-06T13:21:39.745283,CLOSED,,RESEARCH-WORKSTATION-01,False
ALT-CSE-04-00594,CSE-04,HIGH,2024-10-16T01:41:22,2024-10-16T01:53:38.751250,2024-10-16T03:01:08.224179,CLOSED,CAS-CSE-04-0095,RESEARCH-WORKSTATION-01,False
ALT-CSE-04-00595,CSE-04,MEDIUM,2024-10-27T16:23:35,2024-10-27T16:30:08.844768,2024-10-27T17:10:58.273641,CLOSED,,RESEARCH-WORKSTATION-01,False
ALT-CSE-04-00596,CSE-04,LOW,2024-12-09T12:19:32,2024-12-09T12:34:16.254222,2024-12-09T13:58:05.373059,CLOSED,,RESEARCH-WORKSTATION-01,False
ALT-CSE-04-00597,CSE-04,MEDIUM,2024-12-13T13:35:02,2024-12-13T13:43:20.615832,2024-12-13T14:55:05.124211,CLOSED,,RESEARCH-WORKSTATION-01,False
ALT-CSE-04-00598,CSE-04,CRITICAL,2024-10-27T04:00:58,2024-10-27T04:19:53.741514,2024-10-27T05:43:46.617672,CLOSED,,DEF-PERIMETER-FW,False
ALT-CSE-04-00599,CSE-04,LOW,2024-12-11T08:03:35,2024-12-11T08:17:02.549231,2024-12-11T09:34:58.390554,CLOSED,,RESEARCH-WORKSTATION-01,False
ALT-CSE-04-00600,CSE-04,LOW,2024-12-07T09:16:11,2024-12-07T09:22:55.173757,2024-12-07T10:56:29.035879,CLOSED,,RESEARCH-WORKSTATION-01,False
ALT-CSE-04-00601,CSE-04,HIGH,2024-12-17T05:31:29,2024-12-17T05:37:19.039238,2024-12-17T06:15:42.767073,CLOSED,,DEF-PERIMETER-FW,False
ALT-CSE-04-00602,CSE-04,LOW,2024-12-05T03:11:18,2024-12-05T03:19:32.133283,2024-12-05T04:02:44.097376,CLOSED,,RESEARCH-WORKSTATION-01,False
ALT-CSE-04-00603,CSE-04,HIGH,2024-10-16T02:25:38,2024-10-16T02:39:28.706750,2024-10-16T03:26:25.688874,CLOSED,,RESEARCH-WORKSTATION-01,False
ALT-CSE-04-00604,CSE-04,LOW,2024-10-22T12:43:43,2024-10-22T12:58:47.394197,2024-10-22T14:26:34.926050,CLOSED,,RESEARCH-WORKSTATION-01,False
ALT-CSE-04-00605,CSE-04,LOW,2024-11-26T18:21:38,2024-11-26T18:33:02.755285,2024-11-26T19:51:20.424013,CLOSED,,RESEARCH-WORKSTATION-01,False
ALT-CSE-04-00606,CSE-04,MEDIUM,2024-12-02T16:23:25,2024-12-02T16:34:20.165027,2024-12-02T17:16:03.646593,CLOSED,CAS-CSE-04-0096,RESEARCH-WORKSTATION-01,False
ALT-CSE-04-00607,CSE-04,HIGH,2024-11-03T09:32:51,2024-11-03T09:40:17.194771,2024-11-03T10:38:00.346052,CLOSED,,RESEARCH-WORKSTATION-01,False
ALT-CSE-04-00608,CSE-04,CRITICAL,2024-11-03T06:46:27,2024-11-03T06:56:01.537285,2024-11-03T08:32:57.674063,CLOSED,CAS-CSE-04-0097,RESEARCH-WORKSTATION-01,False
ALT-CSE-04-00609,CSE-04,LOW,2024-12-22T01:18:40,2024-12-22T01:36:23.286202,2024-12-22T02:38:18.004520,CLOSED,,DEF-PERIMETER-FW,False
ALT-CSE-04-00610,CSE-04,MEDIUM,2024-12-06T09:57:03,2024-12-06T10:20:42.514670,2024-12-06T10:56:11.723442,CLOSED,,RESEARCH-WORKSTATION-01,False
ALT-CSE-04-00611,CSE-04,LOW,2024-11-02T11:08:38,2024-11-02T11:17:51.892431,2024-11-02T12:31:10.200982,CLOSED,,DEF-PERIMETER-FW,False
ALT-CSE-04-00612,CSE-04,LOW,2024-12-21T06:56:45,2024-12-21T07:03:09.329333,2024-12-21T08:38:06.597825,CLOSED,,DEF-PERIMETER-FW,False
ALT-CSE-04-00613,CSE-04,LOW,2024-10-08T23:01:54,2024-10-08T23:24:53.179602,2024-10-08T23:49:13.700125,CLOSED,,RESEARCH-WORKSTATION-01,False
ALT-CSE-04-00614,CSE-04,LOW,2024-12-13T21:28:27,2024-12-13T21:49:07.791705,2024-12-13T22:53:48.736784,CLOSED,,DEF-PERIMETER-FW,False
ALT-CSE-04-00615,CSE-04,HIGH,2024-12-16T18:21:13,2024-12-16T18:37:42.589460,2024-12-16T19:15:42.045555,CLOSED,,DEF-PERIMETER-FW,False
ALT-CSE-04-00616,CSE-04,MEDIUM,2024-11-28T08:40:58,2024-11-28T08:56:18.776647,2024-11-28T10:18:01.374412,CLOSED,,DEF-PERIMETER-FW,False
ALT-CSE-04-00617,CSE-04,HIGH,2024-12-18T08:12:49,2024-12-18T08:20:38.544762,2024-12-18T09:27:51.526398,CLOSED,,DEF-MISSILE-CTRL-01,False
ALT-CSE-04-00618,CSE-04,HIGH,2024-12-22T20:24:22,2024-12-22T20:44:32.055887,2024-12-22T21:47:06.994232,CLOSED,CAS-CSE-04-0098,RESEARCH-WORKSTATION-01,True
ALT-CSE-04-00619,CSE-04,MEDIUM,2024-10-04T14:27:11,2024-10-04T14:37:39.767414,2024-10-04T15:24:23.962515,CLOSED,CAS-CSE-04-0099,DEF-PERIMETER-FW,False
ALT-CSE-04-00620,CSE-04,MEDIUM,2024-11-20T09:29:55,2024-11-20T09:54:00.791051,2024-11-20T10:15:19.526348,CLOSED,,DEF-PERIMETER-FW,False
ALT-CSE-04-00621,CSE-04,MEDIUM,2024-10-15T04:12:40,2024-10-15T04:35:11.265099,2024-10-15T05:09:34.836711,CLOSED,,DEF-PERIMETER-FW,False
ALT-CSE-04-00622,CSE-04,LOW,2024-11-25T15:12:34,2024-11-25T15:24:33.395354,2024-11-25T16:32:17.036811,CLOSED,,RESEARCH-WORKSTATION-01,False
ALT-CSE-04-00623,CSE-04,LOW,2024-12-27T20:35:58,2024-12-27T20:58:07.229922,2024-12-27T21:17:01.484577,CLOSED,CAS-CSE-04-0100,RESEARCH-WORKSTATION-01,False
ALT-CSE-04-00624,CSE-04,MEDIUM,2024-11-28T08:52:52,2024-11-28T08:59:37.102936,2024-11-28T09:45:47.865742,CLOSED,,DEF-PERIMETER-FW,False
ALT-CSE-04-00625,CSE-04,LOW,2024-10-17T01:56:56,2024-10-17T02:10:14.335406,2024-10-17T02:45:56.266591,CLOSED,CAS-CSE-04-0101,DEF-PERIMETER-FW,False
ALT-CSE-04-00626,CSE-04,MEDIUM,2024-11-13T21:29:34,2024-11-13T21:54:15.074118,2024-11-13T23:11:38.559404,CLOSED,,DEF-PERIMETER-FW,False
ALT-CSE-04-00627,CSE-04,CRITICAL,2024-12-15T00:45:59,2024-12-15T00:51:43.702491,2024-12-15T02:25:42.819453,CLOSED,CAS-CSE-04-0102,RESEARCH-WORKSTATION-01,False
ALT-CSE-04-00628,CSE-04,HIGH,2024-11-16T12:05:51,2024-11-16T12:13:23.426162,2024-11-16T13:07:43.030223,CLOSED,,DEF-PERIMETER-FW,False
ALT-CSE-04-00629,CSE-04,MEDIUM,2024-12-25T05:10:22,2024-12-25T05:22:03.232071,2024-12-25T06:23:19.001801,CLOSED,,RESEARCH-WORKSTATION-01,False
ALT-CSE-04-00630,CSE-04,CRITICAL,2024-11-04T02:26:49,2024-11-04T02:36:28.427524,2024-11-04T03:34:31.932469,CLOSED,CAS-CSE-04-0103,RESEARCH-WORKSTATION-01,False
ALT-CSE-04-00631,CSE-04,LOW,2024-12-26T08:22:02,2024-12-26T08:39:37.394234,2024-12-26T09:15:19.209463,CLOSED,,RESEARCH-WORKSTATION-01,False
ALT-CSE-04-00632,CSE-04,LOW,2024-11-23T22:18:11,2024-11-23T22:39:47.392227,2024-11-23T23:12:23.166963,CLOSED,,DEF-PERIMETER-FW,False
ALT-CSE-04-00633,CSE-04,MEDIUM,2024-11-25T23:51:54,2024-11-26T00:08:25.809397,2024-11-26T01:19:48.237026,CLOSED,,DEF-PERIMETER-FW,False
ALT-CSE-04-00634,CSE-04,HIGH,2024-11-02T16:11:30,2024-11-02T16:26:09.757177,2024-11-02T17:01:41.686312,CLOSED,,RESEARCH-WORKSTATION-01,False
ALT-CSE-04-00635,CSE-04,MEDIUM,2024-11-14T18:07:56,2024-11-14T18:31:38.302083,2024-11-14T19:52:39.815554,CLOSED,,DEF-PERIMETER-FW,False
ALT-CSE-04-00636,CSE-04,MEDIUM,2024-11-30T15:03:31,2024-11-30T15:15:53.304060,2024-11-30T15:59:43.604393,CLOSED,,DEF-PERIMETER-FW,False
ALT-CSE-04-00637,CSE-04,LOW,2024-12-17T03:36:09,2024-12-17T03:50:57.024271,2024-12-17T05:21:25.213745,CLOSED,,RESEARCH-WORKSTATION-01,False
ALT-CSE-04-00638,CSE-04,MEDIUM,2024-11-06T19:18:19,2024-11-06T19:33:37.476064,2024-11-06T20:48:52.907150,CLOSED,,DEF-PERIMETER-FW,False
ALT-CSE-04-00639,CSE-04,HIGH,2024-10-02T21:56:01,2024-10-02T22:09:47.624226,2024-10-02T23:03:19.019851,CLOSED,,DEF-PERIMETER-FW,False
ALT-CSE-04-00640,CSE-04,MEDIUM,2024-12-20T06:47:55,2024-12-20T07:00:00.913083,2024-12-20T07:36:59.236708,CLOSED,,DEF-PERIMETER-FW,False
ALT-CSE-04-00641,CSE-04,CRITICAL,2024-10-18T17:12:30,2024-10-18T17:32:46.904828,2024-10-18T18:58:28.748171,CLOSED,CAS-CSE-04-0104,RESEARCH-WORKSTATION-01,True
ALT-CSE-04-00642,CSE-04,CRITICAL,2024-11-25T21:43:00,2024-11-25T22:01:46.716934,2024-11-25T22:55:37.288141,CLOSED,CAS-CSE-04-0105,RESEARCH-WORKSTATION-01,True
ALT-CSE-04-00643,CSE-04,CRITICAL,2024-10-20T07:31:12,2024-10-20T07:55:25.645705,2024-10-20T08:28:41.607096,CLOSED,,DEF-PERIMETER-FW,False
ALT-CSE-04-00644,CSE-04,LOW,2024-12-15T01:28:42,2024-12-15T01:37:53.277679,2024-12-15T02:36:59.548017,CLOSED,,DEF-PERIMETER-FW,False
ALT-CSE-04-00645,CSE-04,HIGH,2024-12-11T07:51:27,2024-12-11T08:13:45.347451,2024-12-11T09:04:01.789754,CLOSED,CAS-CSE-04-0106,RESEARCH-WORKSTATION-01,False
ALT-CSE-04-00646,CSE-04,HIGH,2024-10-14T08:15:02,2024-10-14T08:34:44.911142,2024-10-14T09:43:03.289566,CLOSED,,RESEARCH-WORKSTATION-01,False
ALT-CSE-04-00647,CSE-04,HIGH,2024-11-12T01:47:36,2024-11-12T02:11:19.911683,2024-11-12T02:30:22.901152,CLOSED,,RESEARCH-WORKSTATION-01,False
ALT-CSE-04-00648,CSE-04,CRITICAL,2024-12-17T23:43:47,2024-12-17T23:59:00.261454,2024-12-18T00:24:40.487498,CLOSED,CAS-CSE-04-0107,RESEARCH-WORKSTATION-01,False
ALT-CSE-04-00649,CSE-04,MEDIUM,2024-12-26T00:11:38,2024-12-26T00:32:00.906756,2024-12-26T01:03:04.119464,CLOSED,,DEF-PERIMETER-FW,False
ALT-CSE-04-00650,CSE-04,MEDIUM,2024-11-07T23:13:33,2024-11-07T23:34:33.314314,2024-11-08T00:31:55.807349,CLOSED,,DEF-PERIMETER-FW,False
ALT-CSE-04-00651,CSE-04,MEDIUM,2024-11-07T18:02:22,2024-11-07T18:24:07.424950,2024-11-07T18:46:37.416046,CLOSED,,RESEARCH-WORKSTATION-01,False
ALT-CSE-04-00652,CSE-04,LOW,2024-10-17T16:18:35,2024-10-17T16:32:36.764222,2024-10-17T17:58:03.860229,CLOSED,,DEF-PERIMETER-FW,False
ALT-CSE-04-00653,CSE-04,HIGH,2024-12-24T05:24:40,2024-12-24T05:36:03.907643,2024-12-24T06:40:31.957711,CLOSED,,DEF-PERIMETER-FW,False
ALT-CSE-04-00654,CSE-04,MEDIUM,2024-11-09T17:46:38,2024-11-09T18:05:58.903023,2024-11-09T19:00:24.821664,CLOSED,,DEF-PERIMETER-FW,False
ALT-CSE-04-00655,CSE-04,MEDIUM,2024-11-20T15:50:02,2024-11-20T16:13:43.331228,2024-11-20T17:26:16.542409,CLOSED,,DEF-PERIMETER-FW,False
ALT-CSE-04-00656,CSE-04,LOW,2024-11-21T15:23:00,2024-11-21T15:44:49.981378,2024-11-21T16:50:10.613890,CLOSED,,RESEARCH-WORKSTATION-01,False
ALT-CSE-04-00657,CSE-04,CRITICAL,2024-10-23T18:44:09,2024-10-23T18:58:11.754204,2024-10-23T20:28:36.981840,CLOSED,,RESEARCH-WORKSTATION-01,False
ALT-CSE-04-00658,CSE-04,MEDIUM,2024-10-25T16:12:59,2024-10-25T16:20:21.922837,2024-10-25T17:35:47.060497,CLOSED,,DEF-PERIMETER-FW,False
ALT-CSE-04-00659,CSE-04,MEDIUM,2024-11-01T18:25:54,2024-11-01T18:38:14.558947,2024-11-01T20:11:34.125955,CLOSED,,DEF-PERIMETER-FW,False
ALT-CSE-04-00660,CSE-04,MEDIUM,2024-10-17T09:54:06,2024-10-17T10:11:54.132261,2024-10-17T11:41:02.676014,CLOSED,,DEF-PERIMETER-FW,False
ALT-CSE-04-00661,CSE-04,HIGH,2024-12-06T05:09:47,2024-12-06T05:17:24.739468,2024-12-06T06:35:53.286585,CLOSED,,DEF-PERIMETER-FW,False
ALT-CSE-04-00662,CSE-04,HIGH,2024-11-18T05:21:21,2024-11-18T05:36:26.801080,2024-11-18T06:54:05.276369,CLOSED,,DEF-PERIMETER-FW,False
ALT-CSE-04-00663,CSE-04,MEDIUM,2024-10-26T06:10:11,2024-10-26T06:18:08.078766,2024-10-26T07:32:38.261080,CLOSED,,RESEARCH-WORKSTATION-01,False
ALT-CSE-04-00664,CSE-04,MEDIUM,2024-11-04T06:19:54,2024-11-04T06:37:49.444479,2024-11-04T07:34:05.544398,CLOSED,,DEF-PERIMETER-FW,False
ALT-CSE-04-00665,CSE-04,HIGH,2024-10-19T10:27:45,2024-10-19T10:48:23.078855,2024-10-19T11:15:57.962385,CLOSED,,DEF-PERIMETER-FW,False
ALT-CSE-04-00666,CSE-04,CRITICAL,2024-12-09T05:23:49,2024-12-09T05:41:03.563937,2024-12-09T06:16:45.960603,CLOSED,CAS-CSE-04-0108,RESEARCH-WORKSTATION-01,False
ALT-CSE-04-00667,CSE-04,LOW,2024-10-29T08:11:34,2024-10-29T08:34:40.090106,2024-10-29T09:51:41.120823,CLOSED,,RESEARCH-WORKSTATION-01,False
ALT-CSE-04-00668,CSE-04,CRITICAL,2024-11-19T09:44:49,2024-11-19T10:05:56.313916,2024-11-19T11:21:23.517997,CLOSED,CAS-CSE-04-0109,RESEARCH-WORKSTATION-01,False
ALT-CSE-04-00669,CSE-04,HIGH,2024-12-07T01:58:03,2024-12-07T02:21:47.542429,2024-12-07T03:19:18.406380,CLOSED,,DEF-PERIMETER-FW,False
ALT-CSE-04-00670,CSE-04,MEDIUM,2024-10-14T08:28:41,2024-10-14T08:46:54.835996,2024-10-14T10:01:44.926221,CLOSED,,DEF-PERIMETER-FW,False
ALT-CSE-04-00671,CSE-04,MEDIUM,2024-11-20T04:25:52,2024-11-20T04:33:03.761407,2024-11-20T05:33:02.847182,CLOSED,,RESEARCH-WORKSTATION-01,False
ALT-CSE-04-00672,CSE-04,MEDIUM,2024-11-05T06:02:20,2024-11-05T06:20:21.728319,2024-11-05T07:06:02.107193,CLOSED,,RESEARCH-WORKSTATION-01,False
ALT-CSE-04-00673,CSE-04,CRITICAL,2024-10-25T17:00:29,2024-10-25T17:23:07.549498,2024-10-25T18:09:05.374894,CLOSED,CAS-CSE-04-0110,DEF-PERIMETER-FW,True
ALT-CSE-04-00674,CSE-04,MEDIUM,2024-10-12T16:15:30,2024-10-12T16:22:56.414368,2024-10-12T17:13:56.790358,CLOSED,,DEF-PERIMETER-FW,False
ALT-CSE-04-00675,CSE-04,MEDIUM,2024-10-28T11:42:53,2024-10-28T11:54:18.935870,2024-10-28T13:29:22.949866,CLOSED,,DEF-PERIMETER-FW,False
ALT-CSE-04-00676,CSE-04,HIGH,2024-10-07T05:52:45,2024-10-07T06:11:35.986432,2024-10-07T07:27:48.883422,CLOSED,,DEF-PERIMETER-FW,False
ALT-CSE-04-00677,CSE-04,LOW,2024-10-30T19:58:11,2024-10-30T20:19:28.148122,2024-10-30T21:01:28.009275,CLOSED,,DEF-PERIMETER-FW,False
ALT-CSE-04-00678,CSE-04,HIGH,2024-11-19T16:04:56,2024-11-19T16:23:18.182729,2024-11-19T17:27:29.806598,CLOSED,,DEF-PERIMETER-FW,False
ALT-CSE-04-00679,CSE-04,HIGH,2024-10-22T15:40:02,2024-10-22T15:48:25.414375,2024-10-22T17:11:31.213307,CLOSED,,RESEARCH-WORKSTATION-01,False
ALT-CSE-04-00680,CSE-04,MEDIUM,2024-10-03T09:09:41,2024-10-03T09:26:38.057668,2024-10-03T10:29:27.762649,CLOSED,,RESEARCH-WORKSTATION-01,False
ALT-CSE-04-00681,CSE-04,MEDIUM,2024-12-15T03:57:52,2024-12-15T04:04:11.625787,2024-12-15T04:42:04.038034,CLOSED,,RESEARCH-WORKSTATION-01,False
ALT-CSE-04-00682,CSE-04,LOW,2024-12-05T20:40:19,2024-12-05T20:48:27.483889,2024-12-05T21:46:27.272920,CLOSED,,RESEARCH-WORKSTATION-01,False
ALT-CSE-04-00683,CSE-04,HIGH,2024-11-25T22:42:02,2024-11-25T22:59:24.687630,2024-11-26T00:22:18.257365,CLOSED,,RESEARCH-WORKSTATION-01,False
ALT-CSE-04-00684,CSE-04,CRITICAL,2024-10-10T21:58:07,2024-10-10T22:11:12.099576,2024-10-10T23:39:19.426652,CLOSED,CAS-CSE-04-0111,DEF-PERIMETER-FW,False
ALT-CSE-04-00685,CSE-04,HIGH,2024-10-18T14:34:59,2024-10-18T14:57:43.515327,2024-10-18T15:19:34.085620,CLOSED,CAS-CSE-04-0112,DEF-PERIMETER-FW,False
ALT-CSE-04-00686,CSE-04,MEDIUM,2024-10-12T11:51:36,2024-10-12T11:57:34.232132,2024-10-12T13:26:43.024240,CLOSED,,RESEARCH-WORKSTATION-01,False
ALT-CSE-04-00687,CSE-04,LOW,2024-12-23T12:14:48,2024-12-23T12:33:53.328378,2024-12-23T13:27:40.534646,CLOSED,,DEF-PERIMETER-FW,False
ALT-CSE-04-00688,CSE-04,LOW,2024-10-11T04:09:59,2024-10-11T04:23:41.914026,2024-10-11T05:06:16.997561,CLOSED,,DEF-PERIMETER-FW,False
ALT-CSE-04-00689,CSE-04,HIGH,2024-10-23T20:30:58,2024-10-23T20:43:17.725399,2024-10-23T21:41:53.126008,CLOSED,,RESEARCH-WORKSTATION-01,False
ALT-CSE-04-00690,CSE-04,LOW,2024-11-17T08:12:25,2024-11-17T08:19:05.053222,2024-11-17T09:23:23.551146,CLOSED,,RESEARCH-WORKSTATION-01,False
ALT-CSE-04-00691,CSE-04,MEDIUM,2024-11-06T12:51:22,2024-11-06T13:01:25.260048,2024-11-06T13:42:02.859069,CLOSED,,RESEARCH-WORKSTATION-01,False
ALT-CSE-04-00692,CSE-04,HIGH,2024-12-18T15:24:24,2024-12-18T15:40:04.990233,2024-12-18T16:48:48.223072,CLOSED,CAS-CSE-04-0113,RESEARCH-WORKSTATION-01,False
ALT-CSE-04-00693,CSE-04,MEDIUM,2024-10-25T10:05:51,2024-10-25T10:14:46.542521,2024-10-25T11:27:47.191815,CLOSED,,DEF-PERIMETER-FW,False
ALT-CSE-04-00694,CSE-04,MEDIUM,2024-10-25T10:22:28,2024-10-25T10:27:51.963741,2024-10-25T11:58:51.896862,CLOSED,,DEF-PERIMETER-FW,False
ALT-CSE-04-00695,CSE-04,HIGH,2024-10-11T17:02:30,2024-10-11T17:08:30.871643,2024-10-11T18:28:36.518098,CLOSED,,RESEARCH-WORKSTATION-01,False
ALT-CSE-04-00696,CSE-04,HIGH,2024-11-30T17:03:20,2024-11-30T17:11:59.316831,2024-11-30T18:38:34.414649,CLOSED,,DEF-PERIMETER-FW,False
ALT-CSE-04-00697,CSE-04,LOW,2024-12-24T01:07:46,2024-12-24T01:24:28.533891,2024-12-24T02:57:06.179274,CLOSED,,RESEARCH-WORKSTATION-01,False
ALT-CSE-04-00698,CSE-04,LOW,2024-10-23T17:11:16,2024-10-23T17:28:33.485242,2024-10-23T18:04:33.691575,CLOSED,,RESEARCH-WORKSTATION-01,False
ALT-CSE-04-00699,CSE-04,LOW,2024-10-10T22:09:49,2024-10-10T22:33:43.120061,2024-10-10T23:44:00.293304,CLOSED,CAS-CSE-04-0114,RESEARCH-WORKSTATION-01,False
ALT-CSE-04-00700,CSE-04,HIGH,2024-11-25T12:03:08,2024-11-25T12:08:32.505671,2024-11-25T13:48:19.010850,CLOSED,,RESEARCH-WORKSTATION-01,False
ALT-CSE-04-00701,CSE-04,LOW,2024-10-27T19:28:35,2024-10-27T19:41:28.384675,2024-10-27T21:16:23.949144,CLOSED,,RESEARCH-WORKSTATION-01,False
ALT-CSE-04-00702,CSE-04,HIGH,2024-11-23T09:28:20,2024-11-23T09:49:39.037391,2024-11-23T10:41:29.760559,CLOSED,,RESEARCH-WORKSTATION-01,False
ALT-CSE-04-00703,CSE-04,LOW,2024-12-29T16:47:57,2024-12-29T16:55:59.251184,2024-12-29T18:14:32.485089,CLOSED,CAS-CSE-04-0115,RESEARCH-WORKSTATION-01,False
ALT-CSE-04-00704,CSE-04,MEDIUM,2024-11-14T04:48:51,2024-11-14T05:11:23.752873,2024-11-14T06:25:27.381728,CLOSED,,DEF-PERIMETER-FW,False
ALT-CSE-04-00705,CSE-04,MEDIUM,2024-11-10T07:03:01,2024-11-10T07:23:34.724429,2024-11-10T08:39:43.586916,CLOSED,,DEF-PERIMETER-FW,False
ALT-CSE-04-00706,CSE-04,MEDIUM,2024-10-22T10:15:33,2024-10-22T10:26:49.169720,2024-10-22T11:45:34.178161,CLOSED,CAS-CSE-04-0116,DEF-PERIMETER-FW,False
ALT-CSE-04-00707,CSE-04,MEDIUM,2024-12-07T13:54:40,2024-12-07T14:01:14.960187,2024-12-07T15:35:53.724263,CLOSED,,RESEARCH-WORKSTATION-01,False
ALT-CSE-04-00708,CSE-04,LOW,2024-11-05T22:43:07,2024-11-05T22:52:31.858892,2024-11-05T23:23:15.762101,CLOSED,,DEF-PERIMETER-FW,False
ALT-CSE-04-00709,CSE-04,LOW,2024-12-18T03:37:28,2024-12-18T03:51:21.525099,2024-12-18T05:20:08.148145,CLOSED,,DEF-PERIMETER-FW,False
ALT-CSE-04-00710,CSE-04,MEDIUM,2024-12-18T00:23:16,2024-12-18T00:43:37.756755,2024-12-18T01:13:51.660811,CLOSED,,RESEARCH-WORKSTATION-01,False
ALT-CSE-04-00711,CSE-04,CRITICAL,2024-11-25T00:32:47,2024-11-25T00:49:24.779679,2024-11-25T02:06:12.506307,CLOSED,CAS-CSE-04-0117,RESEARCH-WORKSTATION-01,False
ALT-CSE-04-00712,CSE-04,HIGH,2024-11-27T08:46:46,2024-11-27T08:54:52.181130,2024-11-27T10:29:10.701634,CLOSED,,RESEARCH-WORKSTATION-01,False
ALT-CSE-04-00713,CSE-04,MEDIUM,2024-12-07T03:41:45,2024-12-07T03:59:23.881683,2024-12-07T05:27:56.770019,CLOSED,,RESEARCH-WORKSTATION-01,False
ALT-CSE-04-00714,CSE-04,MEDIUM,2024-10-11T18:23:04,2024-10-11T18:31:19.231117,2024-10-11T20:02:45.263965,CLOSED,,RADAR-INTEL-SRV-02,False
ALT-CSE-04-00715,CSE-04,HIGH,2024-10-31T17:34:09,2024-10-31T17:46:04.126293,2024-10-31T18:31:13.067864,CLOSED,CAS-CSE-04-0118,RESEARCH-WORKSTATION-01,False
ALT-CSE-04-00716,CSE-04,HIGH,2024-12-26T00:22:32,2024-12-26T00:39:26.691009,2024-12-26T01:39:41.389961,CLOSED,,RESEARCH-WORKSTATION-01,False
ALT-CSE-04-00717,CSE-04,MEDIUM,2024-12-27T18:32:22,2024-12-27T18:44:35.745765,2024-12-27T20:02:36.405584,CLOSED,,DEF-PERIMETER-FW,False
ALT-CSE-04-00718,CSE-04,HIGH,2024-10-30T02:17:06,2024-10-30T02:27:06.769710,2024-10-30T04:00:13.868008,CLOSED,,DEF-PERIMETER-FW,False
ALT-CSE-04-00719,CSE-04,CRITICAL,2024-12-12T05:24:14,2024-12-12T05:38:39.782568,2024-12-12T06:06:48.082259,CLOSED,,DEF-PERIMETER-FW,False
ALT-CSE-04-00720,CSE-04,MEDIUM,2024-11-20T16:43:06,2024-11-20T17:04:17.871959,2024-11-20T18:19:46.788875,CLOSED,,RESEARCH-WORKSTATION-01,False
ALT-CSE-04-00721,CSE-04,HIGH,2024-11-30T22:03:41,2024-11-30T22:15:20.839830,2024-11-30T23:37:45.030226,CLOSED,,DEF-PERIMETER-FW,False
ALT-CSE-04-00722,CSE-04,MEDIUM,2024-10-06T09:06:51,2024-10-06T09:28:01.774521,2024-10-06T10:39:54.233587,CLOSED,,DEF-PERIMETER-FW,False
ALT-CSE-04-00723,CSE-04,MEDIUM,2024-11-21T10:35:02,2024-11-21T10:49:18.702645,2024-11-21T11:15:29.368813,CLOSED,,DEF-PERIMETER-FW,False
ALT-CSE-04-00724,CSE-04,LOW,2024-11-23T02:35:41,2024-11-23T02:53:43.225887,2024-11-23T03:31:01.499533,CLOSED,,DEF-PERIMETER-FW,False
ALT-CSE-04-00725,CSE-04,MEDIUM,2024-11-01T21:44:08,2024-11-01T21:50:10.233835,2024-11-01T22:53:08.056910,CLOSED,,DEF-PERIMETER-FW,False
ALT-CSE-04-00726,CSE-04,CRITICAL,2024-11-05T07:53:51,2024-11-05T08:18:11.827355,2024-11-05T09:26:13.468684,CLOSED,,DEF-PERIMETER-FW,False
ALT-CSE-04-00727,CSE-04,MEDIUM,2024-10-23T18:25:22,2024-10-23T18:35:13.670802,2024-10-23T19:19:07.609190,CLOSED,,RESEARCH-WORKSTATION-01,False
ALT-CSE-04-00728,CSE-04,MEDIUM,2024-11-01T16:43:43,2024-11-01T17:03:37.454314,2024-11-01T17:27:50.786180,CLOSED,,DEF-PERIMETER-FW,False
ALT-CSE-04-00729,CSE-04,LOW,2024-11-26T21:06:10,2024-11-26T21:29:50.919596,2024-11-26T22:28:19.635283,CLOSED,,DEF-PERIMETER-FW,False
ALT-CSE-04-00730,CSE-04,MEDIUM,2024-10-02T04:05:47,2024-10-02T04:17:15.161608,2024-10-02T05:28:50.193907,CLOSED,,RESEARCH-WORKSTATION-01,False
ALT-CSE-04-00731,CSE-04,HIGH,2024-10-30T05:24:24,2024-10-30T05:32:04.018291,2024-10-30T07:13:56.663610,CLOSED,CAS-CSE-04-0119,DEF-PERIMETER-FW,False
ALT-CSE-04-00732,CSE-04,HIGH,2024-10-04T16:54:31,2024-10-04T17:05:04.459358,2024-10-04T18:11:11.561082,CLOSED,,DEF-PERIMETER-FW,False
ALT-CSE-04-00733,CSE-04,MEDIUM,2024-10-27T07:43:17,2024-10-27T08:06:49.281418,2024-10-27T09:01:08.670815,CLOSED,,DEF-PERIMETER-FW,False
ALT-CSE-04-00734,CSE-04,MEDIUM,2024-12-27T17:29:17,2024-12-27T17:46:52.320656,2024-12-27T18:40:17.249021,CLOSED,,RESEARCH-WORKSTATION-01,False
ALT-CSE-04-00735,CSE-04,MEDIUM,2024-12-25T17:20:19,2024-12-25T17:30:06.448831,2024-12-25T18:01:38.538711,CLOSED,,RESEARCH-WORKSTATION-01,False
ALT-CSE-04-00736,CSE-04,HIGH,2024-12-21T13:28:17,2024-12-21T13:33:27.597186,2024-12-21T15:17:35.537408,CLOSED,,DEF-PERIMETER-FW,False
ALT-CSE-04-00737,CSE-04,MEDIUM,2024-11-26T22:05:43,2024-11-26T22:28:38.515051,2024-11-26T23:37:19.929917,CLOSED,CAS-CSE-04-0120,RESEARCH-WORKSTATION-01,False
ALT-CSE-04-00738,CSE-04,HIGH,2024-10-02T23:39:56,2024-10-02T23:55:01.006773,2024-10-03T01:11:09.092485,CLOSED,,DEF-PERIMETER-FW,False
ALT-CSE-04-00739,CSE-04,LOW,2024-10-17T03:06:40,2024-10-17T03:28:04.583675,2024-10-17T03:59:24.670129,CLOSED,,RESEARCH-WORKSTATION-01,False
ALT-CSE-04-00740,CSE-04,CRITICAL,2024-11-24T17:52:39,2024-11-24T17:57:50.105653,2024-11-24T18:43:03.273857,CLOSED,CAS-CSE-04-0121,DEF-PERIMETER-FW,False
ALT-CSE-04-00741,CSE-04,MEDIUM,2024-12-28T11:34:55,2024-12-28T11:54:50.095018,2024-12-28T12:53:45.509659,CLOSED,,DEF-PERIMETER-FW,False
ALT-CSE-04-00742,CSE-04,CRITICAL,2024-12-17T03:56:49,2024-12-17T04:07:59.209602,2024-12-17T05:25:11.355796,CLOSED,CAS-CSE-04-0122,RESEARCH-WORKSTATION-01,False
ALT-CSE-04-00743,CSE-04,MEDIUM,2024-12-12T00:56:08,2024-12-12T01:11:17.116676,2024-12-12T02:22:24.281499,CLOSED,,DEF-PERIMETER-FW,False
ALT-CSE-04-00744,CSE-04,MEDIUM,2024-11-19T09:03:03,2024-11-19T09:27:36.165560,2024-11-19T09:48:13.949633,CLOSED,,RESEARCH-WORKSTATION-01,False
ALT-CSE-04-00745,CSE-04,LOW,2024-10-01T21:46:13,2024-10-01T21:58:29.388444,2024-10-01T22:46:47.390052,CLOSED,,DEF-PERIMETER-FW,False
ALT-CSE-04-00746,CSE-04,MEDIUM,2024-12-18T10:00:19,2024-12-18T10:24:14.299962,2024-12-18T10:43:13.716408,CLOSED,,DEF-PERIMETER-FW,False
ALT-CSE-04-00747,CSE-04,MEDIUM,2024-12-27T13:28:30,2024-12-27T13:49:17.790562,2024-12-27T14:24:45.764112,CLOSED,CAS-CSE-04-0123,RESEARCH-WORKSTATION-01,False
ALT-CSE-04-00748,CSE-04,LOW,2024-12-04T19:14:29,2024-12-04T19:22:51.193323,2024-12-04T20:26:18.837880,CLOSED,,RESEARCH-WORKSTATION-01,False
ALT-CSE-04-00749,CSE-04,LOW,2024-11-29T16:41:36,2024-11-29T16:54:06.512151,2024-11-29T17:43:47.163834,CLOSED,,DEF-PERIMETER-FW,False
ALT-CSE-04-00750,CSE-04,MEDIUM,2024-10-03T20:18:49,2024-10-03T20:36:52.999223,2024-10-03T22:01:53.439708,CLOSED,,RESEARCH-WORKSTATION-01,False
ALT-CSE-04-00751,CSE-04,HIGH,2024-10-23T18:58:31,2024-10-23T19:13:09.098224,2024-10-23T20:38:38.398842,CLOSED,,DEF-PERIMETER-FW,False
ALT-CSE-04-00752,CSE-04,HIGH,2024-12-13T23:27:21,2024-12-13T23:51:12.420248,2024-12-14T01:13:55.352335,CLOSED,,RESEARCH-WORKSTATION-01,False
ALT-CSE-04-00753,CSE-04,MEDIUM,2024-10-19T17:22:29,2024-10-19T17:42:37.112547,2024-10-19T18:40:52.551362,CLOSED,,DEF-PERIMETER-FW,False
ALT-CSE-04-00754,CSE-04,MEDIUM,2024-10-03T19:58:40,2024-10-03T20:19:13.830169,2024-10-03T20:49:24.192782,CLOSED,CAS-CSE-04-0124,RESEARCH-WORKSTATION-01,False
ALT-CSE-04-00755,CSE-04,MEDIUM,2024-10-18T06:38:14,2024-10-18T06:44:39.776988,2024-10-18T07:26:23.203357,CLOSED,,DEF-PERIMETER-FW,False
ALT-CSE-04-00756,CSE-04,MEDIUM,2024-12-01T04:29:35,2024-12-01T04:41:20.711736,2024-12-01T05:52:51.815989,CLOSED,,RESEARCH-WORKSTATION-01,False
ALT-CSE-04-00757,CSE-04,HIGH,2024-10-06T20:53:35,2024-10-06T21:05:09.594471,2024-10-06T22:14:29.072802,CLOSED,,RESEARCH-WORKSTATION-01,False
ALT-CSE-04-00758,CSE-04,LOW,2024-10-17T15:23:43,2024-10-17T15:31:58.234324,2024-10-17T16:53:28.579357,CLOSED,CAS-CSE-04-0125,DEF-PERIMETER-FW,False
ALT-CSE-04-00759,CSE-04,MEDIUM,2024-10-04T22:11:24,2024-10-04T22:24:31.009794,2024-10-04T23:44:49.900682,CLOSED,,DEF-PERIMETER-FW,False
ALT-CSE-04-00760,CSE-04,LOW,2024-10-03T11:26:24,2024-10-03T11:39:52.239247,2024-10-03T12:58:49.702184,CLOSED,,DEF-PERIMETER-FW,False
ALT-CSE-04-00761,CSE-04,CRITICAL,2024-10-14T04:45:19,2024-10-14T05:06:59.201071,2024-10-14T06:10:14.488511,CLOSED,CAS-CSE-04-0126,RESEARCH-WORKSTATION-01,False
ALT-CSE-04-00762,CSE-04,HIGH,2024-10-29T18:01:18,2024-10-29T18:16:19.285100,2024-10-29T19:03:26.067771,CLOSED,,DEF-PERIMETER-FW,False
ALT-CSE-04-00763,CSE-04,HIGH,2024-11-02T15:25:01,2024-11-02T15:30:25.019839,2024-11-02T16:48:05.644183,CLOSED,,DEF-PERIMETER-FW,False
ALT-CSE-04-00764,CSE-04,MEDIUM,2024-12-26T21:14:30,2024-12-26T21:34:19.816222,2024-12-26T22:33:00.443391,CLOSED,,RESEARCH-WORKSTATION-01,False
ALT-CSE-04-00765,CSE-04,CRITICAL,2024-11-25T07:00:20,2024-11-25T07:09:51.426062,2024-11-25T08:07:09.367534,CLOSED,CAS-CSE-04-0127,RESEARCH-WORKSTATION-01,True
ALT-CSE-04-00766,CSE-04,MEDIUM,2024-12-11T17:24:40,2024-12-11T17:47:18.968171,2024-12-11T18:14:05.537039,CLOSED,,RESEARCH-WORKSTATION-01,False
ALT-CSE-04-00767,CSE-04,LOW,2024-10-21T18:46:37,2024-10-21T19:04:13.404993,2024-10-21T20:01:07.358210,CLOSED,,RESEARCH-WORKSTATION-01,False
ALT-CSE-04-00768,CSE-04,LOW,2024-10-14T04:55:11,2024-10-14T05:00:26.428589,2024-10-14T06:27:01.124502,CLOSED,,RESEARCH-WORKSTATION-01,False
ALT-CSE-04-00769,CSE-04,HIGH,2024-10-21T16:29:52,2024-10-21T16:38:21.150778,2024-10-21T17:27:31.449613,CLOSED,,RADAR-INTEL-SRV-02,False
ALT-CSE-04-00770,CSE-04,MEDIUM,2024-10-01T20:32:16,2024-10-01T20:39:39.207587,2024-10-01T21:36:55.229244,CLOSED,,RESEARCH-WORKSTATION-01,False
ALT-CSE-04-00771,CSE-04,MEDIUM,2024-11-03T18:23:38,2024-11-03T18:29:16.856252,2024-11-03T19:48:45.489374,CLOSED,,DEF-PERIMETER-FW,False
ALT-CSE-04-00772,CSE-04,HIGH,2024-11-11T14:14:36,2024-11-11T14:25:49.250267,2024-11-11T14:55:34.867075,CLOSED,,RESEARCH-WORKSTATION-01,False
ALT-CSE-04-00773,CSE-04,HIGH,2024-10-03T12:27:03,2024-10-03T12:32:25.692617,2024-10-03T13:46:41.122876,CLOSED,,DEF-PERIMETER-FW,False
ALT-CSE-04-00774,CSE-04,MEDIUM,2024-10-06T14:07:45,2024-10-06T14:26:10.198094,2024-10-06T15:18:45.827868,CLOSED,,RESEARCH-WORKSTATION-01,False
ALT-CSE-04-00775,CSE-04,LOW,2024-12-26T22:32:19,2024-12-26T22:38:04.264830,2024-12-26T23:50:08.409112,CLOSED,,DEF-PERIMETER-FW,False
ALT-CSE-04-00776,CSE-04,MEDIUM,2024-10-07T13:16:27,2024-10-07T13:39:47.122751,2024-10-07T14:36:34.991639,CLOSED,,DEF-PERIMETER-FW,False
ALT-CSE-04-00777,CSE-04,CRITICAL,2024-12-03T10:12:15,2024-12-03T10:23:13.113371,2024-12-03T11:01:31.589954,CLOSED,,DEF-PERIMETER-FW,False
ALT-CSE-04-00778,CSE-04,HIGH,2024-12-18T20:15:30,2024-12-18T20:36:07.817006,2024-12-18T21:30:27.195454,CLOSED,,RESEARCH-WORKSTATION-01,False
ALT-CSE-04-00779,CSE-04,HIGH,2024-11-05T13:25:18,2024-11-05T13:45:35.561561,2024-11-05T14:21:26.628232,CLOSED,,DEF-PERIMETER-FW,False
ALT-CSE-04-00780,CSE-04,LOW,2024-11-17T04:54:04,2024-11-17T05:07:28.811074,2024-11-17T06:09:19.987656,CLOSED,,DEF-PERIMETER-FW,False
ALT-CSE-04-00781,CSE-04,MEDIUM,2024-11-03T07:07:06,2024-11-03T07:27:25.848921,2024-11-03T08:20:13.817400,CLOSED,,DEF-PERIMETER-FW,False
ALT-CSE-04-00782,CSE-04,MEDIUM,2024-11-04T14:14:01,2024-11-04T14:38:10.633795,2024-11-04T15:50:32.878954,CLOSED,,DEF-PERIMETER-FW,False
ALT-CSE-04-00783,CSE-04,MEDIUM,2024-11-05T04:17:17,2024-11-05T04:22:54.481434,2024-11-05T06:00:59.766911,CLOSED,CAS-CSE-04-0128,RESEARCH-WORKSTATION-01,False
ALT-CSE-04-00784,CSE-04,LOW,2024-11-15T18:33:29,2024-11-15T18:51:16.986999,2024-11-15T19:32:40.402548,CLOSED,,DEF-PERIMETER-FW,False
ALT-CSE-04-00785,CSE-04,MEDIUM,2024-12-07T00:03:10,2024-12-07T00:23:36.407921,2024-12-07T00:56:10.212739,CLOSED,,DEF-PERIMETER-FW,False
ALT-CSE-04-00786,CSE-04,HIGH,2024-10-15T00:42:16,2024-10-15T00:51:57.934014,2024-10-15T02:14:23.521873,CLOSED,,DEF-PERIMETER-FW,False
ALT-CSE-04-00787,CSE-04,HIGH,2024-12-19T02:33:16,2024-12-19T02:51:16.639309,2024-12-19T03:22:55.588392,CLOSED,,RESEARCH-WORKSTATION-01,False
ALT-CSE-04-00788,CSE-04,MEDIUM,2024-12-05T13:03:43,2024-12-05T13:23:27.641103,2024-12-05T13:45:50.407196,CLOSED,CAS-CSE-04-0129,DEF-PERIMETER-FW,False
ALT-CSE-04-00789,CSE-04,CRITICAL,2024-12-21T05:36:08,2024-12-21T05:51:37.096096,2024-12-21T06:23:46.825219,CLOSED,,RESEARCH-WORKSTATION-01,False
ALT-CSE-04-00790,CSE-04,MEDIUM,2024-11-16T00:20:57,2024-11-16T00:39:41.384054,2024-11-16T01:33:17.319610,CLOSED,,DEF-PERIMETER-FW,False
ALT-CSE-04-00791,CSE-04,MEDIUM,2024-12-04T12:36:17,2024-12-04T12:54:04.820878,2024-12-04T13:49:13.226146,CLOSED,,RESEARCH-WORKSTATION-01,False
ALT-CSE-04-00792,CSE-04,MEDIUM,2024-11-02T11:44:11,2024-11-02T12:03:26.048135,2024-11-02T13:25:17.845280,CLOSED,,DEF-PERIMETER-FW,False
ALT-CSE-04-00793,CSE-04,MEDIUM,2024-12-04T13:08:04,2024-12-04T13:31:53.230684,2024-12-04T14:45:00.223134,CLOSED,,DEF-PERIMETER-FW,False
ALT-CSE-04-00794,CSE-04,HIGH,2024-12-11T23:31:02,2024-12-11T23:41:55.704798,2024-12-12T01:09:20.076533,CLOSED,,DEF-PERIMETER-FW,False
ALT-CSE-04-00795,CSE-04,MEDIUM,2024-11-12T07:30:56,2024-11-12T07:47:59.158677,2024-11-12T08:17:09.092346,CLOSED,,DEF-PERIMETER-FW,False
ALT-CSE-04-00796,CSE-04,MEDIUM,2024-12-28T07:01:38,2024-12-28T07:16:07.455337,2024-12-28T08:03:58.284034,CLOSED,,RESEARCH-WORKSTATION-01,False
ALT-CSE-04-00797,CSE-04,MEDIUM,2024-11-18T03:19:18,2024-11-18T03:41:30.350949,2024-11-18T05:01:32.230015,CLOSED,,DEF-PERIMETER-FW,False
ALT-CSE-04-00798,CSE-04,HIGH,2024-10-20T11:11:50,2024-10-20T11:21:13.057871,2024-10-20T12:18:53.778990,CLOSED,,RESEARCH-WORKSTATION-01,False
ALT-CSE-04-00799,CSE-04,CRITICAL,2024-11-08T01:41:08,2024-11-08T02:03:45.270446,2024-11-08T02:29:56.786870,CLOSED,CAS-CSE-04-0130,DEF-PERIMETER-FW,False
ALT-CSE-04-00800,CSE-04,MEDIUM,2024-10-07T21:31:03,2024-10-07T21:49:27.213705,2024-10-07T23:17:37.714710,CLOSED,,RESEARCH-WORKSTATION-01,False
ALT-CSE-04-00801,CSE-04,MEDIUM,2024-12-18T04:32:40,2024-12-18T04:42:32.670912,2024-12-18T06:02:30.097089,CLOSED,,RESEARCH-WORKSTATION-01,False
ALT-CSE-04-00802,CSE-04,MEDIUM,2024-10-15T08:09:31,2024-10-15T08:26:18.859105,2024-10-15T09:05:01.430875,CLOSED,CAS-CSE-04-0131,DEF-PERIMETER-FW,True
ALT-CSE-04-00803,CSE-04,LOW,2024-10-27T08:45:14,2024-10-27T08:50:27.536629,2024-10-27T10:18:16.245308,CLOSED,,RESEARCH-WORKSTATION-01,False
ALT-CSE-04-00804,CSE-04,LOW,2024-12-25T12:24:30,2024-12-25T12:33:54.633196,2024-12-25T13:43:22.151313,CLOSED,,RESEARCH-WORKSTATION-01,False
ALT-CSE-04-00805,CSE-04,LOW,2024-11-16T22:47:26,2024-11-16T22:58:15.050894,2024-11-17T00:29:13.179295,CLOSED,,RESEARCH-WORKSTATION-01,False
ALT-CSE-04-00806,CSE-04,HIGH,2024-11-21T01:27:31,2024-11-21T01:39:55.042950,2024-11-21T02:23:56.783000,CLOSED,,RESEARCH-WORKSTATION-01,False
ALT-CSE-04-00807,CSE-04,CRITICAL,2024-11-02T02:48:45,2024-11-02T03:08:56.603508,2024-11-02T03:56:50.433430,CLOSED,,DEF-PERIMETER-FW,False
ALT-CSE-04-00808,CSE-04,MEDIUM,2024-11-09T10:43:27,2024-11-09T11:04:49.035281,2024-11-09T12:05:41.077481,CLOSED,,RESEARCH-WORKSTATION-01,False
ALT-CSE-04-00809,CSE-04,LOW,2024-10-17T19:35:13,2024-10-17T19:59:14.407329,2024-10-17T21:00:46.016776,CLOSED,,RESEARCH-WORKSTATION-01,False
ALT-CSE-04-00810,CSE-04,HIGH,2024-11-04T18:28:52,2024-11-04T18:52:25.709128,2024-11-04T19:23:49.655723,CLOSED,,RESEARCH-WORKSTATION-01,False
ALT-CSE-04-00811,CSE-04,HIGH,2024-10-20T19:00:11,2024-10-20T19:19:45.314087,2024-10-20T20:21:10.132116,CLOSED,,DEF-PERIMETER-FW,False
ALT-CSE-04-00812,CSE-04,HIGH,2024-12-13T07:08:15,2024-12-13T07:28:35.877426,2024-12-13T08:42:30.369124,CLOSED,,RESEARCH-WORKSTATION-01,False
ALT-CSE-04-00813,CSE-04,MEDIUM,2024-10-01T14:54:58,2024-10-01T15:04:59.375223,2024-10-01T16:38:27.455817,CLOSED,,RESEARCH-WORKSTATION-01,False
ALT-CSE-04-00814,CSE-04,LOW,2024-12-28T09:10:09,2024-12-28T09:25:44.748264,2024-12-28T10:17:26.410641,CLOSED,,DEF-PERIMETER-FW,False
ALT-CSE-04-00815,CSE-04,MEDIUM,2024-12-25T01:20:17,2024-12-25T01:28:39.893775,2024-12-25T02:27:32.784717,CLOSED,,RESEARCH-WORKSTATION-01,False
ALT-CSE-04-00816,CSE-04,MEDIUM,2024-10-03T06:58:40,2024-10-03T07:19:27.438912,2024-10-03T07:52:17.529767,CLOSED,,RESEARCH-WORKSTATION-01,False
ALT-CSE-04-00817,CSE-04,CRITICAL,2024-10-11T03:34:51,2024-10-11T03:49:00.622406,2024-10-11T04:16:24.267188,CLOSED,,RESEARCH-WORKSTATION-01,False
ALT-CSE-04-00818,CSE-04,HIGH,2024-10-14T00:37:45,2024-10-14T00:45:25.225924,2024-10-14T01:23:07.507171,CLOSED,,RESEARCH-WORKSTATION-01,False
ALT-CSE-04-00819,CSE-04,CRITICAL,2024-10-02T05:36:44,2024-10-02T06:00:02.939786,2024-10-02T06:44:21.040117,CLOSED,,RESEARCH-WORKSTATION-01,False
ALT-CSE-04-00820,CSE-04,HIGH,2024-10-08T19:53:08,2024-10-08T20:11:56.922411,2024-10-08T20:54:05.609346,CLOSED,,RESEARCH-WORKSTATION-01,False
ALT-CSE-04-00821,CSE-04,LOW,2024-12-21T00:52:32,2024-12-21T01:12:20.809649,2024-12-21T02:24:48.591008,CLOSED,,RESEARCH-WORKSTATION-01,False
ALT-CSE-04-00822,CSE-04,HIGH,2024-11-23T08:41:06,2024-11-23T09:04:07.672382,2024-11-23T09:51:01.454607,CLOSED,,DEF-PERIMETER-FW,False
ALT-CSE-04-00823,CSE-04,LOW,2024-11-30T09:38:41,2024-11-30T09:53:33.331989,2024-11-30T11:12:50.467754,CLOSED,CAS-CSE-04-0132,RESEARCH-WORKSTATION-01,False
ALT-CSE-04-00824,CSE-04,MEDIUM,2024-12-29T17:15:47,2024-12-29T17:33:38.121847,2024-12-29T18:07:26.865099,CLOSED,,DEF-PERIMETER-FW,False
ALT-CSE-04-00825,CSE-04,MEDIUM,2024-11-11T15:13:13,2024-11-11T15:25:05.048700,2024-11-11T16:48:53.097834,CLOSED,,DEF-PERIMETER-FW,False
ALT-CSE-04-00826,CSE-04,MEDIUM,2024-12-01T04:31:39,2024-12-01T04:40:26.481673,2024-12-01T05:21:42.859144,CLOSED,,DEF-PERIMETER-FW,False
ALT-CSE-04-00827,CSE-04,HIGH,2024-11-16T17:33:56,2024-11-16T17:48:19.501679,2024-11-16T18:56:32.092180,CLOSED,,DEF-PERIMETER-FW,False
ALT-CSE-04-00828,CSE-04,LOW,2024-10-06T05:19:16,2024-10-06T05:27:17.159898,2024-10-06T07:05:42.134848,CLOSED,,DEF-PERIMETER-FW,False
ALT-CSE-04-00829,CSE-04,MEDIUM,2024-12-22T03:29:58,2024-12-22T03:48:29.274983,2024-12-22T04:17:32.397977,CLOSED,,DEF-PERIMETER-FW,False
ALT-CSE-04-00830,CSE-04,LOW,2024-10-19T17:40:36,2024-10-19T17:59:23.088554,2024-10-19T19:02:59.533499,CLOSED,,RESEARCH-WORKSTATION-01,False
ALT-CSE-04-00831,CSE-04,LOW,2024-10-18T03:34:42,2024-10-18T03:40:00.964432,2024-10-18T05:17:46.120709,CLOSED,,DEF-PERIMETER-FW,False
ALT-CSE-04-00832,CSE-04,LOW,2024-10-23T08:12:51,2024-10-23T08:35:20.982802,2024-10-23T09:30:57.971861,CLOSED,,DEF-PERIMETER-FW,False
ALT-CSE-04-00833,CSE-04,LOW,2024-10-31T02:30:47,2024-10-31T02:54:19.940046,2024-10-31T03:43:16.656055,CLOSED,,RESEARCH-WORKSTATION-01,False
ALT-CSE-04-00834,CSE-04,LOW,2024-11-26T17:06:26,2024-11-26T17:30:33.861663,2024-11-26T18:39:42.218196,CLOSED,CAS-CSE-04-0133,RESEARCH-WORKSTATION-01,False
ALT-CSE-04-00835,CSE-04,LOW,2024-11-04T14:38:39,2024-11-04T15:00:36.244856,2024-11-04T15:25:01.516176,CLOSED,,RESEARCH-WORKSTATION-01,False
ALT-CSE-04-00836,CSE-04,MEDIUM,2024-11-20T18:19:20,2024-11-20T18:31:53.813687,2024-11-20T19:54:28.815481,CLOSED,,RESEARCH-WORKSTATION-01,False
ALT-CSE-04-00837,CSE-04,MEDIUM,2024-11-04T07:20:54,2024-11-04T07:29:55.952135,2024-11-04T08:37:04.949258,CLOSED,,DEF-PERIMETER-FW,False
ALT-CSE-04-00838,CSE-04,LOW,2024-12-19T21:05:00,2024-12-19T21:22:35.112557,2024-12-19T22:06:06.854985,CLOSED,,DEF-PERIMETER-FW,False
ALT-CSE-04-00839,CSE-04,MEDIUM,2024-11-14T10:49:29,2024-11-14T10:58:17.752219,2024-11-14T11:55:12.392548,CLOSED,,RESEARCH-WORKSTATION-01,False
ALT-CSE-04-00840,CSE-04,HIGH,2024-10-30T23:32:51,2024-10-30T23:39:39.599417,2024-10-31T00:46:30.537590,CLOSED,,RESEARCH-WORKSTATION-01,False
ALT-CSE-04-00841,CSE-04,MEDIUM,2024-11-23T14:46:28,2024-11-23T14:51:44.625272,2024-11-23T15:58:29.814339,CLOSED,,DEF-PERIMETER-FW,False
ALT-CSE-04-00842,CSE-04,LOW,2024-10-07T23:23:33,2024-10-07T23:31:38.378462,2024-10-08T01:10:21.200027,CLOSED,,RESEARCH-WORKSTATION-01,False
ALT-CSE-04-00843,CSE-04,LOW,2024-11-08T20:33:31,2024-11-08T20:48:29.310323,2024-11-08T22:03:47.347775,CLOSED,,RADAR-INTEL-SRV-02,False
ALT-CSE-04-00844,CSE-04,MEDIUM,2024-10-05T04:57:48,2024-10-05T05:19:11.994582,2024-10-05T05:44:44.419588,CLOSED,,DEF-PERIMETER-FW,False
ALT-CSE-04-00845,CSE-04,MEDIUM,2024-10-19T14:30:01,2024-10-19T14:40:30.128308,2024-10-19T16:14:56.729883,CLOSED,,RESEARCH-WORKSTATION-01,False
ALT-CSE-04-00846,CSE-04,MEDIUM,2024-10-04T09:59:59,2024-10-04T10:06:48.262958,2024-10-04T11:17:04.567706,CLOSED,,RESEARCH-WORKSTATION-01,False
ALT-CSE-04-00847,CSE-04,LOW,2024-12-05T11:28:17,2024-12-05T11:45:58.663301,2024-12-05T13:08:49.995715,CLOSED,CAS-CSE-04-0134,DEF-PERIMETER-FW,False
ALT-CSE-04-00848,CSE-04,LOW,2024-11-19T09:36:36,2024-11-19T09:52:15.334581,2024-11-19T10:30:05.390900,CLOSED,,RESEARCH-WORKSTATION-01,False
ALT-CSE-04-00849,CSE-04,LOW,2024-10-14T14:53:34,2024-10-14T15:15:56.750521,2024-10-14T15:55:23.611483,CLOSED,,RESEARCH-WORKSTATION-01,False
ALT-CSE-04-00850,CSE-04,HIGH,2024-11-30T05:37:59,2024-11-30T05:43:33.776661,2024-11-30T06:43:09.779076,CLOSED,,DEF-PERIMETER-FW,False
ALT-CSE-04-00851,CSE-04,LOW,2024-12-14T19:56:23,2024-12-14T20:12:13.829570,2024-12-14T21:16:22.510672,CLOSED,,RESEARCH-WORKSTATION-01,False
ALT-CSE-04-00852,CSE-04,MEDIUM,2024-10-19T09:52:22,2024-10-19T10:03:54.655555,2024-10-19T10:41:11.356493,CLOSED,,RESEARCH-WORKSTATION-01,False
ALT-CSE-04-00853,CSE-04,LOW,2024-11-23T21:08:16,2024-11-23T21:21:18.026436,2024-11-23T21:55:12.512012,CLOSED,,DEF-PERIMETER-FW,False
ALT-CSE-04-00854,CSE-04,MEDIUM,2024-12-14T12:09:55,2024-12-14T12:26:06.172181,2024-12-14T13:15:31.835411,CLOSED,,RESEARCH-WORKSTATION-01,False
ALT-CSE-04-00855,CSE-04,MEDIUM,2024-10-20T15:27:19,2024-10-20T15:41:37.188346,2024-10-20T16:49:04.596151,CLOSED,,RESEARCH-WORKSTATION-01,False
ALT-CSE-04-00856,CSE-04,MEDIUM,2024-10-04T03:55:55,2024-10-04T04:15:31.776245,2024-10-04T05:12:09.776609,CLOSED,,RESEARCH-WORKSTATION-01,False
ALT-CSE-04-00857,CSE-04,HIGH,2024-11-06T23:31:41,2024-11-06T23:53:46.027399,2024-11-07T00:26:57.953657,CLOSED,,RESEARCH-WORKSTATION-01,False
ALT-CSE-04-00858,CSE-04,MEDIUM,2024-12-19T09:36:37,2024-12-19T09:49:11.333357,2024-12-19T10:35:26.577579,CLOSED,,DEF-PERIMETER-FW,False
ALT-CSE-04-00859,CSE-04,HIGH,2024-10-12T07:02:59,2024-10-12T07:20:58.790805,2024-10-12T08:18:22.784390,CLOSED,,DEF-PERIMETER-FW,False
ALT-CSE-04-00860,CSE-04,LOW,2024-12-29T14:47:47,2024-12-29T14:58:52.294142,2024-12-29T16:19:38.965637,CLOSED,,DEF-PERIMETER-FW,False
ALT-CSE-04-00861,CSE-04,HIGH,2024-11-26T03:08:48,2024-11-26T03:30:34.358769,2024-11-26T04:11:24.984631,CLOSED,,DEF-PERIMETER-FW,False
ALT-CSE-04-00862,CSE-04,HIGH,2024-10-14T00:24:05,2024-10-14T00:36:36.680537,2024-10-14T01:16:11.835093,CLOSED,,DEF-PERIMETER-FW,False
ALT-CSE-04-00863,CSE-04,MEDIUM,2024-11-22T07:42:01,2024-11-22T07:50:37.264854,2024-11-22T08:49:46.080603,CLOSED,,RESEARCH-WORKSTATION-01,False
ALT-CSE-04-00864,CSE-04,MEDIUM,2024-11-08T15:17:17,2024-11-08T15:25:11.280432,2024-11-08T17:07:08.170494,CLOSED,,DEF-PERIMETER-FW,False
ALT-CSE-04-00865,CSE-04,MEDIUM,2024-12-03T11:43:07,2024-12-03T12:00:26.446314,2024-12-03T13:24:07.590471,CLOSED,,DEF-PERIMETER-FW,False
ALT-CSE-04-00866,CSE-04,LOW,2024-12-08T18:56:48,2024-12-08T19:20:42.658519,2024-12-08T20:19:25.976003,CLOSED,,RESEARCH-WORKSTATION-01,False
ALT-CSE-04-00867,CSE-04,LOW,2024-12-02T22:04:28,2024-12-02T22:20:55.588399,2024-12-02T23:01:05.501700,CLOSED,,DEF-PERIMETER-FW,False
ALT-CSE-04-00868,CSE-04,MEDIUM,2024-12-07T07:15:01,2024-12-07T07:38:28.136615,2024-12-07T08:23:00.066155,CLOSED,,RESEARCH-WORKSTATION-01,False
ALT-CSE-04-00869,CSE-04,LOW,2024-10-08T22:58:10,2024-10-08T23:18:11.442881,2024-10-09T00:47:33.609326,CLOSED,CAS-CSE-04-0135,DEF-PERIMETER-FW,False
ALT-CSE-04-00870,CSE-04,LOW,2024-10-14T18:13:46,2024-10-14T18:36:11.542504,2024-10-14T19:05:36.409081,CLOSED,,DEF-PERIMETER-FW,False
ALT-CSE-04-00871,CSE-04,MEDIUM,2024-12-04T22:41:09,2024-12-04T22:59:41.273407,2024-12-04T23:27:50.294720,CLOSED,,DEF-PERIMETER-FW,False
ALT-CSE-04-00872,CSE-04,MEDIUM,2024-12-04T02:25:11,2024-12-04T02:39:11.267556,2024-12-04T03:20:51.504753,CLOSED,,DEF-PERIMETER-FW,False
ALT-CSE-04-00873,CSE-04,HIGH,2024-11-08T08:28:47,2024-11-08T08:38:40.292138,2024-11-08T09:29:07.674731,CLOSED,,DEF-PERIMETER-FW,False
ALT-CSE-04-00874,CSE-04,MEDIUM,2024-12-17T10:06:42,2024-12-17T10:29:10.275352,2024-12-17T10:56:26.157643,CLOSED,,RESEARCH-WORKSTATION-01,False
ALT-CSE-04-00875,CSE-04,LOW,2024-12-19T13:31:08,2024-12-19T13:40:35.556541,2024-12-19T14:12:20.147592,CLOSED,,RESEARCH-WORKSTATION-01,False
ALT-CSE-04-00876,CSE-04,MEDIUM,2024-10-20T18:35:01,2024-10-20T18:44:14.031726,2024-10-20T20:19:53.053260,CLOSED,,DEF-PERIMETER-FW,False
ALT-CSE-04-00877,CSE-04,LOW,2024-10-03T14:55:49,2024-10-03T15:01:00.154933,2024-10-03T16:33:30.460281,CLOSED,,DEF-PERIMETER-FW,False
ALT-CSE-04-00878,CSE-04,LOW,2024-12-05T21:25:14,2024-12-05T21:44:49.538932,2024-12-05T22:33:56.337725,CLOSED,CAS-CSE-04-0136,DEF-PERIMETER-FW,True
ALT-CSE-04-00879,CSE-04,MEDIUM,2024-10-25T04:00:31,2024-10-25T04:13:18.473976,2024-10-25T04:51:43.096623,CLOSED,,DEF-PERIMETER-FW,False
ALT-CSE-04-00880,CSE-04,MEDIUM,2024-10-25T22:40:17,2024-10-25T22:52:08.968216,2024-10-26T00:04:29.858759,CLOSED,,RESEARCH-WORKSTATION-01,False
ALT-CSE-04-00881,CSE-04,HIGH,2024-12-15T22:53:04,2024-12-15T23:11:41.931895,2024-12-15T23:56:37.695620,CLOSED,,RESEARCH-WORKSTATION-01,False
ALT-CSE-04-00882,CSE-04,MEDIUM,2024-11-03T19:02:17,2024-11-03T19:07:42.266418,2024-11-03T20:37:41.199459,CLOSED,,RESEARCH-WORKSTATION-01,False
ALT-CSE-04-00883,CSE-04,HIGH,2024-10-13T21:53:52,2024-10-13T22:16:12.458959,2024-10-13T23:27:02.936869,CLOSED,,DEF-PERIMETER-FW,False
ALT-CSE-04-00884,CSE-04,LOW,2024-10-11T03:44:48,2024-10-11T03:54:35.786296,2024-10-11T05:29:49.527664,CLOSED,,DEF-PERIMETER-FW,False
ALT-CSE-04-00885,CSE-04,LOW,2024-11-01T22:41:42,2024-11-01T23:00:13.135499,2024-11-01T23:37:34.772241,CLOSED,,RESEARCH-WORKSTATION-01,False
ALT-CSE-04-00886,CSE-04,LOW,2024-10-19T08:31:55,2024-10-19T08:50:45.625425,2024-10-19T10:08:50.395573,CLOSED,,DEF-PERIMETER-FW,False
ALT-CSE-04-00887,CSE-04,CRITICAL,2024-10-17T22:27:26,2024-10-17T22:52:25.580033,2024-10-17T23:12:22.440358,CLOSED,,DEF-PERIMETER-FW,False
ALT-CSE-04-00888,CSE-04,MEDIUM,2024-12-18T10:31:17,2024-12-18T10:37:31.832096,2024-12-18T12:12:26.254359,CLOSED,,DEF-PERIMETER-FW,False
ALT-CSE-04-00889,CSE-04,LOW,2024-12-15T20:38:08,2024-12-15T20:54:38.403270,2024-12-15T21:22:53.403801,CLOSED,,DEF-PERIMETER-FW,False
ALT-CSE-04-00890,CSE-04,MEDIUM,2024-10-04T19:55:46,2024-10-04T20:08:23.995635,2024-10-04T21:31:42.754399,CLOSED,CAS-CSE-04-0137,RESEARCH-WORKSTATION-01,True
ALT-CSE-04-00891,CSE-04,LOW,2024-11-15T19:42:13,2024-11-15T19:49:59.446707,2024-11-15T20:51:05.930136,CLOSED,,RESEARCH-WORKSTATION-01,False
ALT-CSE-04-00892,CSE-04,LOW,2024-11-22T08:58:45,2024-11-22T09:14:40.763590,2024-11-22T10:28:55.993870,CLOSED,,RESEARCH-WORKSTATION-01,False
ALT-CSE-04-00893,CSE-04,HIGH,2024-12-02T04:20:45,2024-12-02T04:29:43.145440,2024-12-02T05:29:59.267508,CLOSED,,RESEARCH-WORKSTATION-01,False
ALT-CSE-04-00894,CSE-04,LOW,2024-10-21T05:01:32,2024-10-21T05:23:02.203706,2024-10-21T06:02:30.139328,CLOSED,,DEF-PERIMETER-FW,False
ALT-CSE-04-00895,CSE-04,LOW,2024-12-10T14:40:20,2024-12-10T15:00:28.515133,2024-12-10T16:03:16.700205,CLOSED,,DEF-PERIMETER-FW,False
ALT-CSE-04-00896,CSE-04,LOW,2024-11-19T00:55:56,2024-11-19T01:03:37.741861,2024-11-19T02:37:21.155894,CLOSED,,RESEARCH-WORKSTATION-01,False
ALT-CSE-04-00897,CSE-04,LOW,2024-12-12T02:39:03,2024-12-12T02:51:29.057200,2024-12-12T04:26:52.471970,CLOSED,,DEF-PERIMETER-FW,False
ALT-CSE-04-00898,CSE-04,MEDIUM,2024-10-03T05:32:56,2024-10-03T05:57:10.723565,2024-10-03T06:28:37.664824,CLOSED,,DEF-PERIMETER-FW,False
ALT-CSE-04-00899,CSE-04,HIGH,2024-11-07T17:17:24,2024-11-07T17:29:27.058032,2024-11-07T18:09:45.145216,CLOSED,,DEF-PERIMETER-FW,False
ALT-CSE-04-00900,CSE-04,MEDIUM,2024-10-04T17:20:36,2024-10-04T17:41:34.696534,2024-10-04T18:28:24.486790,CLOSED,,DEF-MISSILE-CTRL-01,False
ALT-CSE-04-00901,CSE-04,MEDIUM,2024-12-01T10:25:27,2024-12-01T10:49:05.121940,2024-12-01T12:03:15.439012,CLOSED,,DEF-PERIMETER-FW,False
ALT-CSE-04-00902,CSE-04,HIGH,2024-11-24T18:01:13,2024-11-24T18:20:35.231123,2024-11-24T19:05:07.546174,CLOSED,,RESEARCH-WORKSTATION-01,False
ALT-CSE-04-00903,CSE-04,HIGH,2024-11-10T15:05:33,2024-11-10T15:13:25.060181,2024-11-10T15:52:40.505135,CLOSED,,RESEARCH-WORKSTATION-01,False
ALT-CSE-04-00904,CSE-04,LOW,2024-11-05T01:49:47,2024-11-05T02:06:15.324501,2024-11-05T03:34:20.743151,CLOSED,,RESEARCH-WORKSTATION-01,False
ALT-CSE-04-00905,CSE-04,CRITICAL,2024-12-21T19:23:51,2024-12-21T19:38:47.807820,2024-12-21T20:14:52.486828,CLOSED,CAS-CSE-04-0138,RESEARCH-WORKSTATION-01,False
ALT-CSE-04-00906,CSE-04,HIGH,2024-11-01T14:06:18,2024-11-01T14:22:06.993620,2024-11-01T14:53:00.859593,CLOSED,,RESEARCH-WORKSTATION-01,False
ALT-CSE-04-00907,CSE-04,LOW,2024-12-13T05:17:22,2024-12-13T05:28:33.231026,2024-12-13T07:06:46.485815,CLOSED,,RESEARCH-WORKSTATION-01,False
ALT-CSE-04-00908,CSE-04,LOW,2024-11-06T18:21:13,2024-11-06T18:30:26.501975,2024-11-06T19:53:18.055518,CLOSED,,DEF-PERIMETER-FW,False
ALT-CSE-04-00909,CSE-04,HIGH,2024-11-24T10:17:21,2024-11-24T10:35:34.969135,2024-11-24T11:33:09.056098,CLOSED,,RESEARCH-WORKSTATION-01,False
ALT-CSE-04-00910,CSE-04,LOW,2024-10-30T09:55:43,2024-10-30T10:02:49.130000,2024-10-30T11:36:50.354754,CLOSED,,RESEARCH-WORKSTATION-01,False
ALT-CSE-04-00911,CSE-04,MEDIUM,2024-11-04T14:11:17,2024-11-04T14:18:57.274573,2024-11-04T15:29:50.322122,CLOSED,,DEF-PERIMETER-FW,False
ALT-CSE-04-00912,CSE-04,MEDIUM,2024-12-23T12:52:31,2024-12-23T13:01:48.662503,2024-12-23T13:54:21.453387,CLOSED,,DEF-PERIMETER-FW,False
ALT-CSE-04-00913,CSE-04,HIGH,2024-10-15T11:12:44,2024-10-15T11:18:31.576952,2024-10-15T12:38:27.434718,CLOSED,,DEF-PERIMETER-FW,False
ALT-CSE-04-00914,CSE-04,MEDIUM,2024-11-25T17:16:28,2024-11-25T17:35:22.012048,2024-11-25T17:59:38.601978,CLOSED,,DEF-PERIMETER-FW,False
ALT-CSE-04-00915,CSE-04,HIGH,2024-11-06T14:48:59,2024-11-06T15:03:53.163331,2024-11-06T15:29:00.992377,CLOSED,,RESEARCH-WORKSTATION-01,False
ALT-CSE-04-00916,CSE-04,MEDIUM,2024-11-01T22:59:23,2024-11-01T23:17:23.311609,2024-11-02T00:32:11.210742,CLOSED,,DEF-PERIMETER-FW,False
ALT-CSE-04-00917,CSE-04,MEDIUM,2024-10-12T18:12:37,2024-10-12T18:26:48.192003,2024-10-12T19:29:33.204863,CLOSED,,DEF-PERIMETER-FW,False
ALT-CSE-04-00918,CSE-04,HIGH,2024-11-11T00:11:37,2024-11-11T00:35:21.658245,2024-11-11T01:34:24.851167,CLOSED,,DEF-PERIMETER-FW,False
ALT-CSE-04-00919,CSE-04,HIGH,2024-12-29T09:50:15,2024-12-29T10:12:21.944538,2024-12-29T11:34:38.760338,CLOSED,,RESEARCH-WORKSTATION-01,False
ALT-CSE-04-00920,CSE-04,HIGH,2024-10-07T15:24:55,2024-10-07T15:31:44.399871,2024-10-07T16:44:40.241865,CLOSED,,RESEARCH-WORKSTATION-01,False
ALT-CSE-04-00921,CSE-04,LOW,2024-12-29T14:45:10,2024-12-29T15:05:03.615676,2024-12-29T16:22:19.815736,CLOSED,,DEF-PERIMETER-FW,False
ALT-CSE-04-00922,CSE-04,CRITICAL,2024-11-29T19:42:39,2024-11-29T20:06:35.848723,2024-11-29T21:07:42.238441,CLOSED,CAS-CSE-04-0139,DEF-PERIMETER-FW,True
ALT-CSE-04-00923,CSE-04,HIGH,2024-12-23T00:04:23,2024-12-23T00:10:49.341548,2024-12-23T01:30:55.831413,CLOSED,CAS-CSE-04-0140,DEF-PERIMETER-FW,False
ALT-CSE-04-00924,CSE-04,HIGH,2024-12-06T12:15:57,2024-12-06T12:31:28.994204,2024-12-06T13:44:55.703766,CLOSED,,DEF-PERIMETER-FW,False
ALT-CSE-04-00925,CSE-04,MEDIUM,2024-12-28T19:08:49,2024-12-28T19:21:00.435147,2024-12-28T20:47:16.496337,CLOSED,,DEF-MISSILE-CTRL-01,False
ALT-CSE-04-00926,CSE-04,HIGH,2024-10-07T00:14:47,2024-10-07T00:29:06.621891,2024-10-07T01:21:26.078577,CLOSED,CAS-CSE-04-0141,RESEARCH-WORKSTATION-01,False
ALT-CSE-04-00927,CSE-04,LOW,2024-12-26T00:39:35,2024-12-26T01:02:59.707507,2024-12-26T02:04:26.365343,CLOSED,,DEF-PERIMETER-FW,False
ALT-CSE-04-00928,CSE-04,CRITICAL,2024-11-23T12:25:38,2024-11-23T12:45:55.513796,2024-11-23T13:57:42.602461,CLOSED,CAS-CSE-04-0142,RESEARCH-WORKSTATION-01,False
ALT-CSE-04-00929,CSE-04,MEDIUM,2024-10-17T15:14:47,2024-10-17T15:39:38.476221,2024-10-17T16:49:29.022547,CLOSED,,RESEARCH-WORKSTATION-01,False
ALT-CSE-04-00930,CSE-04,LOW,2024-11-30T07:11:06,2024-11-30T07:26:59.115008,2024-11-30T07:58:48.615171,CLOSED,,RESEARCH-WORKSTATION-01,False
ALT-CSE-04-00931,CSE-04,HIGH,2024-12-24T16:45:20,2024-12-24T17:02:16.769035,2024-12-24T17:36:41.605595,CLOSED,,DEF-PERIMETER-FW,False
ALT-CSE-04-00932,CSE-04,HIGH,2024-11-28T08:33:59,2024-11-28T08:45:24.973869,2024-11-28T09:34:59.227818,CLOSED,,DEF-PERIMETER-FW,False
ALT-CSE-04-00933,CSE-04,LOW,2024-10-21T00:17:26,2024-10-21T00:40:44.089312,2024-10-21T01:22:03.110574,CLOSED,,DEF-PERIMETER-FW,False
ALT-CSE-04-00934,CSE-04,MEDIUM,2024-11-23T14:21:42,2024-11-23T14:30:26.435572,2024-11-23T16:09:49.306548,CLOSED,,DEF-PERIMETER-FW,False
ALT-CSE-04-00935,CSE-04,HIGH,2024-11-27T09:13:31,2024-11-27T09:23:34.338013,2024-11-27T10:45:41.584620,CLOSED,,RESEARCH-WORKSTATION-01,False
ALT-CSE-04-00936,CSE-04,LOW,2024-12-04T20:14:54,2024-12-04T20:34:56.436332,2024-12-04T21:47:25.607324,CLOSED,,DEF-PERIMETER-FW,False
ALT-CSE-04-00937,CSE-04,LOW,2024-11-09T11:15:23,2024-11-09T11:30:45.983295,2024-11-09T12:28:27.168164,CLOSED,,RESEARCH-WORKSTATION-01,False
ALT-CSE-04-00938,CSE-04,MEDIUM,2024-10-19T10:09:15,2024-10-19T10:16:06.567435,2024-10-19T11:41:27.525216,CLOSED,,RESEARCH-WORKSTATION-01,False
ALT-CSE-04-00939,CSE-04,MEDIUM,2024-10-15T16:14:07,2024-10-15T16:21:11.719958,2024-10-15T17:42:06.923864,CLOSED,,RESEARCH-WORKSTATION-01,False
ALT-CSE-04-00940,CSE-04,HIGH,2024-12-08T16:15:14,2024-12-08T16:32:02.122834,2024-12-08T18:00:41.192686,CLOSED,,DEF-PERIMETER-FW,False
ALT-CSE-04-00941,CSE-04,HIGH,2024-11-04T10:10:50,2024-11-04T10:22:16.974362,2024-11-04T11:24:52.884897,CLOSED,,RESEARCH-WORKSTATION-01,False
ALT-CSE-04-00942,CSE-04,HIGH,2024-10-28T16:34:30,2024-10-28T16:50:04.206583,2024-10-28T18:14:38.453039,CLOSED,,DEF-PERIMETER-FW,False
ALT-CSE-04-00943,CSE-04,LOW,2024-10-21T08:13:00,2024-10-21T08:30:20.403544,2024-10-21T09:50:09.987462,CLOSED,,DEF-PERIMETER-FW,False
ALT-CSE-04-00944,CSE-04,HIGH,2024-10-27T09:03:02,2024-10-27T09:17:53.154710,2024-10-27T10:08:32.752459,CLOSED,,RESEARCH-WORKSTATION-01,False
ALT-CSE-04-00945,CSE-04,LOW,2024-11-25T20:44:21,2024-11-25T20:54:31.262355,2024-11-25T22:08:24.121679,CLOSED,,RESEARCH-WORKSTATION-01,False
ALT-CSE-04-00946,CSE-04,MEDIUM,2024-10-08T15:01:18,2024-10-08T15:11:34.106925,2024-10-08T16:42:40.416327,CLOSED,,RESEARCH-WORKSTATION-01,False
ALT-CSE-04-00947,CSE-04,HIGH,2024-12-29T03:35:51,2024-12-29T03:51:00.911569,2024-12-29T04:23:04.064093,CLOSED,,RESEARCH-WORKSTATION-01,False
ALT-CSE-04-00948,CSE-04,CRITICAL,2024-12-22T11:37:36,2024-12-22T12:00:27.192019,2024-12-22T13:25:03.137920,CLOSED,,DEF-PERIMETER-FW,False
ALT-CSE-04-00949,CSE-04,MEDIUM,2024-11-26T23:47:35,2024-11-27T00:06:35.069021,2024-11-27T00:40:55.011897,CLOSED,,RESEARCH-WORKSTATION-01,False
ALT-CSE-04-00950,CSE-04,HIGH,2024-11-19T12:35:55,2024-11-19T12:49:31.917175,2024-11-19T13:39:31.670269,CLOSED,,DEF-PERIMETER-FW,False
ALT-CSE-04-00951,CSE-04,MEDIUM,2024-12-20T06:54:46,2024-12-20T07:07:48.476881,2024-12-20T07:40:06.949283,CLOSED,,RESEARCH-WORKSTATION-01,False
ALT-CSE-04-00952,CSE-04,HIGH,2024-12-08T18:57:21,2024-12-08T19:14:32.892079,2024-12-08T20:01:30.893665,CLOSED,,RESEARCH-WORKSTATION-01,False
ALT-CSE-04-00953,CSE-04,MEDIUM,2024-10-10T17:10:35,2024-10-10T17:25:55.720671,2024-10-10T17:51:20.256325,CLOSED,,RESEARCH-WORKSTATION-01,False
ALT-CSE-04-00954,CSE-04,CRITICAL,2024-12-08T16:55:01,2024-12-08T17:17:13.818032,2024-12-08T18:39:51.751443,CLOSED,,RESEARCH-WORKSTATION-01,False
ALT-CSE-04-00955,CSE-04,CRITICAL,2024-10-14T15:27:02,2024-10-14T15:48:14.893389,2024-10-14T16:36:14.893309,CLOSED,,RESEARCH-WORKSTATION-01,False
ALT-CSE-04-00956,CSE-04,HIGH,2024-11-07T23:06:15,2024-11-07T23:28:23.510045,2024-11-07T23:49:36.270110,CLOSED,,RESEARCH-WORKSTATION-01,False
ALT-CSE-04-00957,CSE-04,MEDIUM,2024-10-16T15:08:34,2024-10-16T15:22:25.946842,2024-10-16T16:53:24.004264,CLOSED,,DEF-PERIMETER-FW,False
ALT-CSE-04-00958,CSE-04,LOW,2024-11-09T19:45:02,2024-11-09T19:54:55.660198,2024-11-09T20:26:24.444427,CLOSED,,RESEARCH-WORKSTATION-01,False
ALT-CSE-04-00959,CSE-04,MEDIUM,2024-10-30T02:34:48,2024-10-30T02:40:43.830498,2024-10-30T03:49:18.087332,CLOSED,,DEF-PERIMETER-FW,False
ALT-CSE-04-00960,CSE-04,LOW,2024-11-10T08:06:17,2024-11-10T08:28:33.746414,2024-11-10T08:56:54.218125,CLOSED,,DEF-MISSILE-CTRL-01,False
ALT-CSE-04-00961,CSE-04,MEDIUM,2024-10-14T02:34:57,2024-10-14T02:59:56.056662,2024-10-14T03:48:55.432854,CLOSED,,RESEARCH-WORKSTATION-01,False
ALT-CSE-04-00962,CSE-04,HIGH,2024-12-25T02:30:05,2024-12-25T02:51:27.625903,2024-12-25T04:10:49.551399,CLOSED,,RESEARCH-WORKSTATION-01,False
ALT-CSE-04-00963,CSE-04,MEDIUM,2024-11-24T05:17:55,2024-11-24T05:32:19.503290,2024-11-24T06:16:48.986844,CLOSED,,DEF-PERIMETER-FW,False
ALT-CSE-04-00964,CSE-04,MEDIUM,2024-11-01T19:32:18,2024-11-01T19:53:57.161161,2024-11-01T21:02:59.187815,CLOSED,,RESEARCH-WORKSTATION-01,False
ALT-CSE-04-00965,CSE-04,MEDIUM,2024-10-29T21:50:48,2024-10-29T22:04:37.435480,2024-10-29T22:56:57.979022,CLOSED,,RESEARCH-WORKSTATION-01,False
ALT-CSE-04-00966,CSE-04,MEDIUM,2024-12-28T03:14:15,2024-12-28T03:28:34.441248,2024-12-28T04:07:36.946114,CLOSED,,RESEARCH-WORKSTATION-01,False
ALT-CSE-04-00967,CSE-04,MEDIUM,2024-10-21T23:59:33,2024-10-22T00:08:09.061767,2024-10-22T01:24:02.890358,CLOSED,,DEF-PERIMETER-FW,False
ALT-CSE-04-00968,CSE-04,LOW,2024-11-20T22:29:32,2024-11-20T22:35:50.278175,2024-11-21T00:13:08.554646,CLOSED,,DEF-PERIMETER-FW,False
ALT-CSE-04-00969,CSE-04,HIGH,2024-12-20T13:07:15,2024-12-20T13:28:55.934659,2024-12-20T13:55:37.864028,CLOSED,,DEF-PERIMETER-FW,False
ALT-CSE-04-00970,CSE-04,MEDIUM,2024-11-16T14:27:52,2024-11-16T14:42:00.962760,2024-11-16T16:16:55.468728,CLOSED,,DEF-PERIMETER-FW,False
ALT-CSE-04-00971,CSE-04,MEDIUM,2024-11-22T16:23:36,2024-11-22T16:33:13.825600,2024-11-22T17:39:35.323972,CLOSED,,RESEARCH-WORKSTATION-01,False
ALT-CSE-04-00972,CSE-04,CRITICAL,2024-11-22T19:43:11,2024-11-22T19:56:23.177571,2024-11-22T21:07:31.960828,CLOSED,CAS-CSE-04-0143,DEF-PERIMETER-FW,False
ALT-CSE-04-00973,CSE-04,LOW,2024-12-07T00:31:50,2024-12-07T00:50:38.192143,2024-12-07T02:12:32.454259,CLOSED,,RESEARCH-WORKSTATION-01,False
ALT-CSE-04-00974,CSE-04,MEDIUM,2024-12-09T00:50:04,2024-12-09T01:03:00.917368,2024-12-09T01:49:44.800091,CLOSED,,DEF-PERIMETER-FW,False
ALT-CSE-04-00975,CSE-04,MEDIUM,2024-11-06T19:48:46,2024-11-06T19:58:41.473008,2024-11-06T21:04:51.788649,CLOSED,,DEF-PERIMETER-FW,False
ALT-CSE-04-00976,CSE-04,HIGH,2024-11-13T08:32:17,2024-11-13T08:37:27.570881,2024-11-13T09:40:13.139600,CLOSED,,RESEARCH-WORKSTATION-01,False
ALT-CSE-04-00977,CSE-04,MEDIUM,2024-10-04T05:18:28,2024-10-04T05:34:06.978262,2024-10-04T06:20:19.489535,CLOSED,,RESEARCH-WORKSTATION-01,False
ALT-CSE-04-00978,CSE-04,MEDIUM,2024-11-12T12:04:05,2024-11-12T12:09:51.787056,2024-11-12T12:53:52.800457,CLOSED,,DEF-PERIMETER-FW,False
ALT-CSE-04-00979,CSE-04,LOW,2024-10-26T04:04:04,2024-10-26T04:26:27.668569,2024-10-26T05:38:58.092111,CLOSED,,DEF-PERIMETER-FW,False
ALT-CSE-04-00980,CSE-04,CRITICAL,2024-12-26T01:23:40,2024-12-26T01:47:22.564146,2024-12-26T03:00:37.675059,CLOSED,CAS-CSE-04-0144,DEF-PERIMETER-FW,False
ALT-CSE-04-00981,CSE-04,LOW,2024-12-02T02:59:25,2024-12-02T03:08:03.316736,2024-12-02T04:49:15.374310,CLOSED,,RESEARCH-WORKSTATION-01,False
ALT-CSE-04-00982,CSE-04,MEDIUM,2024-10-26T06:12:34,2024-10-26T06:32:09.684507,2024-10-26T07:51:05.437511,CLOSED,,RESEARCH-WORKSTATION-01,False
ALT-CSE-04-00983,CSE-04,LOW,2024-12-02T13:57:09,2024-12-02T14:10:27.371699,2024-12-02T15:28:18.975242,CLOSED,,DEF-PERIMETER-FW,False
ALT-CSE-04-00984,CSE-04,HIGH,2024-11-18T22:14:53,2024-11-18T22:20:59.651113,2024-11-18T23:07:16.700099,CLOSED,,DEF-PERIMETER-FW,False
ALT-CSE-04-00985,CSE-04,MEDIUM,2024-12-02T17:34:44,2024-12-02T17:43:03.681226,2024-12-02T19:01:26.195583,CLOSED,,DEF-PERIMETER-FW,False
ALT-CSE-04-00986,CSE-04,MEDIUM,2024-10-16T03:49:53,2024-10-16T04:01:05.570705,2024-10-16T05:12:40.821241,CLOSED,,DEF-PERIMETER-FW,False
ALT-CSE-04-00987,CSE-04,LOW,2024-10-29T21:18:31,2024-10-29T21:38:22.952266,2024-10-29T22:21:14.101961,CLOSED,,RESEARCH-WORKSTATION-01,False
ALT-CSE-04-00988,CSE-04,CRITICAL,2024-11-30T05:38:38,2024-11-30T05:54:02.876568,2024-11-30T06:47:19.308745,CLOSED,,RESEARCH-WORKSTATION-01,False
ALT-CSE-04-00989,CSE-04,HIGH,2024-12-07T17:41:27,2024-12-07T17:53:12.954557,2024-12-07T18:42:55.005996,CLOSED,,DEF-PERIMETER-FW,False
ALT-CSE-04-00990,CSE-04,HIGH,2024-11-03T14:22:27,2024-11-03T14:33:12.816097,2024-11-03T15:02:55.975882,CLOSED,CAS-CSE-04-0145,RESEARCH-WORKSTATION-01,False
ALT-CSE-04-00991,CSE-04,LOW,2024-10-26T07:46:22,2024-10-26T08:03:52.933614,2024-10-26T09:24:29.943741,CLOSED,,RESEARCH-WORKSTATION-01,False
ALT-CSE-04-00992,CSE-04,HIGH,2024-12-08T06:43:45,2024-12-08T06:58:11.945629,2024-12-08T08:08:02.828173,CLOSED,,DEF-PERIMETER-FW,False
ALT-CSE-04-00993,CSE-04,MEDIUM,2024-10-23T00:33:52,2024-10-23T00:53:19.007932,2024-10-23T01:33:41.259167,CLOSED,,RESEARCH-WORKSTATION-01,False
ALT-CSE-04-00994,CSE-04,HIGH,2024-11-10T11:29:39,2024-11-10T11:36:08.098850,2024-11-10T12:40:27.499079,CLOSED,,RESEARCH-WORKSTATION-01,False
ALT-CSE-04-00995,CSE-04,MEDIUM,2024-11-08T06:56:04,2024-11-08T07:15:35.237373,2024-11-08T08:20:11.100556,CLOSED,,RESEARCH-WORKSTATION-01,False
ALT-CSE-04-00996,CSE-04,HIGH,2024-10-01T12:21:02,2024-10-01T12:44:50.438690,2024-10-01T13:08:00.025505,CLOSED,,RESEARCH-WORKSTATION-01,False
ALT-CSE-04-00997,CSE-04,MEDIUM,2024-12-02T20:31:14,2024-12-02T20:44:45.830442,2024-12-02T21:38:13.792422,CLOSED,,RESEARCH-WORKSTATION-01,False
ALT-CSE-04-00998,CSE-04,MEDIUM,2024-10-03T06:43:03,2024-10-03T06:56:55.498920,2024-10-03T07:29:10.389880,CLOSED,,DEF-PERIMETER-FW,False
ALT-CSE-04-00999,CSE-04,HIGH,2024-11-16T02:09:32,2024-11-16T02:22:11.137637,2024-11-16T03:38:34.699241,CLOSED,,RESEARCH-WORKSTATION-01,False
ALT-CSE-04-01000,CSE-04,HIGH,2024-10-29T22:01:15,2024-10-29T22:21:28.824083,2024-10-29T22:49:59.939716,CLOSED,,DEF-PERIMETER-FW,False
ALT-CSE-04-01001,CSE-04,LOW,2024-12-01T08:06:48,2024-12-01T08:28:37.570556,2024-12-01T09:18:44.370623,CLOSED,,RESEARCH-WORKSTATION-01,False
ALT-CSE-04-01002,CSE-04,HIGH,2024-11-20T18:48:58,2024-11-20T18:57:42.488113,2024-11-20T19:33:09.875359,CLOSED,,DEF-PERIMETER-FW,False
ALT-CSE-04-01003,CSE-04,CRITICAL,2024-11-14T03:51:43,2024-11-14T04:03:01.469402,2024-11-14T05:03:53.642998,CLOSED,CAS-CSE-04-0146,RESEARCH-WORKSTATION-01,False
ALT-CSE-04-01004,CSE-04,HIGH,2024-10-08T04:31:41,2024-10-08T04:45:47.835645,2024-10-08T05:12:18.488949,CLOSED,,RESEARCH-WORKSTATION-01,False
ALT-CSE-04-01005,CSE-04,LOW,2024-10-07T19:42:05,2024-10-07T19:57:18.870674,2024-10-07T21:30:39.265515,CLOSED,CAS-CSE-04-0147,WEAPON-TEST-DB,True
ALT-CSE-04-01006,CSE-04,MEDIUM,2024-10-27T08:49:23,2024-10-27T08:56:53.484433,2024-10-27T10:28:26.976961,CLOSED,,DEF-PERIMETER-FW,False
ALT-CSE-04-01007,CSE-04,MEDIUM,2024-11-23T02:52:20,2024-11-23T03:14:27.656391,2024-11-23T03:38:57.568490,CLOSED,,RESEARCH-WORKSTATION-01,False
ALT-CSE-04-01008,CSE-04,LOW,2024-12-10T03:38:55,2024-12-10T03:52:37.636333,2024-12-10T04:50:55.578457,CLOSED,,RESEARCH-WORKSTATION-01,False
ALT-CSE-04-01009,CSE-04,HIGH,2024-12-10T08:55:07,2024-12-10T09:10:12.011294,2024-12-10T10:38:18.054087,CLOSED,,RESEARCH-WORKSTATION-01,False
ALT-CSE-04-01010,CSE-04,MEDIUM,2024-12-18T09:11:53,2024-12-18T09:32:37.011292,2024-12-18T10:08:29.227528,CLOSED,,RESEARCH-WORKSTATION-01,False
ALT-CSE-04-01011,CSE-04,MEDIUM,2024-12-16T01:01:46,2024-12-16T01:23:46.671498,2024-12-16T02:02:01.508349,CLOSED,,RESEARCH-WORKSTATION-01,False
ALT-CSE-04-01012,CSE-04,MEDIUM,2024-12-25T07:27:50,2024-12-25T07:47:41.208438,2024-12-25T09:09:30.287350,CLOSED,,DEF-PERIMETER-FW,False
ALT-CSE-04-01013,CSE-04,MEDIUM,2024-10-25T19:32:49,2024-10-25T19:55:29.716665,2024-10-25T20:59:56.436060,CLOSED,,DEF-PERIMETER-FW,False
ALT-CSE-04-01014,CSE-04,LOW,2024-11-11T16:08:20,2024-11-11T16:31:14.342676,2024-11-11T17:42:12.815537,CLOSED,,DEF-PERIMETER-FW,False
ALT-CSE-04-01015,CSE-04,MEDIUM,2024-11-28T21:49:59,2024-11-28T22:03:56.512224,2024-11-28T23:26:24.709777,CLOSED,,DEF-MISSILE-CTRL-01,False
ALT-CSE-04-01016,CSE-04,HIGH,2024-10-15T15:34:24,2024-10-15T15:54:21.024338,2024-10-15T16:17:21.831891,CLOSED,,RESEARCH-WORKSTATION-01,False
ALT-CSE-04-01017,CSE-04,MEDIUM,2024-12-29T16:15:12,2024-12-29T16:28:38.360823,2024-12-29T17:28:59.822781,CLOSED,,RESEARCH-WORKSTATION-01,False
ALT-CSE-04-01018,CSE-04,MEDIUM,2024-11-07T15:55:27,2024-11-07T16:20:15.432522,2024-11-07T17:44:56.362982,CLOSED,,DEF-PERIMETER-FW,False
ALT-CSE-04-01019,CSE-04,MEDIUM,2024-11-27T19:32:48,2024-11-27T19:39:30.982899,2024-11-27T20:29:01.218649,CLOSED,,RESEARCH-WORKSTATION-01,False
ALT-CSE-04-01020,CSE-04,LOW,2024-11-03T06:44:39,2024-11-03T07:07:26.646398,2024-11-03T07:25:37.408856,CLOSED,,DEF-PERIMETER-FW,False
ALT-CSE-04-01021,CSE-04,MEDIUM,2024-12-24T20:35:29,2024-12-24T20:59:52.342804,2024-12-24T22:18:49.672814,CLOSED,,RESEARCH-WORKSTATION-01,False
ALT-CSE-04-01022,CSE-04,MEDIUM,2024-10-09T01:06:04,2024-10-09T01:30:12.877379,2024-10-09T02:23:51.375201,CLOSED,,DEF-PERIMETER-FW,False
ALT-CSE-04-01023,CSE-04,CRITICAL,2024-10-16T10:56:41,2024-10-16T11:16:30.579545,2024-10-16T11:48:33.868514,CLOSED,CAS-CSE-04-0148,DEF-PERIMETER-FW,True
ALT-CSE-04-01024,CSE-04,MEDIUM,2024-11-03T10:19:13,2024-11-03T10:31:36.001933,2024-11-03T11:44:21.417830,CLOSED,,DEF-PERIMETER-FW,False
ALT-CSE-04-01025,CSE-04,HIGH,2024-11-22T01:15:58,2024-11-22T01:22:40.142905,2024-11-22T03:03:28.514023,CLOSED,,RESEARCH-WORKSTATION-01,False
ALT-CSE-04-01026,CSE-04,LOW,2024-11-17T10:46:23,2024-11-17T11:00:11.851360,2024-11-17T12:07:53.003366,CLOSED,,RESEARCH-WORKSTATION-01,False
ALT-CSE-04-01027,CSE-04,LOW,2024-11-15T01:51:46,2024-11-15T02:10:10.287605,2024-11-15T03:27:53.280707,CLOSED,,DEF-PERIMETER-FW,False
ALT-CSE-04-01028,CSE-04,MEDIUM,2024-11-04T11:14:32,2024-11-04T11:31:46.721380,2024-11-04T12:28:25.217456,CLOSED,,RESEARCH-WORKSTATION-01,False
ALT-CSE-04-01029,CSE-04,MEDIUM,2024-12-06T21:33:19,2024-12-06T21:39:44.656583,2024-12-06T22:27:22.545925,CLOSED,CAS-CSE-04-0149,RESEARCH-WORKSTATION-01,False
ALT-CSE-04-01030,CSE-04,MEDIUM,2024-10-06T03:10:50,2024-10-06T03:26:23.949755,2024-10-06T04:58:47.983682,CLOSED,,DEF-PERIMETER-FW,False
ALT-CSE-04-01031,CSE-04,LOW,2024-11-08T09:25:29,2024-11-08T09:31:50.944018,2024-11-08T10:28:23.031673,CLOSED,,DEF-PERIMETER-FW,False
ALT-CSE-04-01032,CSE-04,LOW,2024-11-01T23:47:59,2024-11-01T23:57:47.384647,2024-11-02T01:17:06.312264,CLOSED,,RESEARCH-WORKSTATION-01,False
ALT-CSE-04-01033,CSE-04,HIGH,2024-12-01T11:04:13,2024-12-01T11:25:26.681450,2024-12-01T12:16:43.659908,CLOSED,,RESEARCH-WORKSTATION-01,False
ALT-CSE-04-01034,CSE-04,HIGH,2024-11-30T04:21:57,2024-11-30T04:43:40.544369,2024-11-30T05:40:46.466965,CLOSED,,DEF-PERIMETER-FW,False
ALT-CSE-04-01035,CSE-04,HIGH,2024-12-26T06:43:19,2024-12-26T07:07:46.379461,2024-12-26T07:33:41.273171,CLOSED,,DEF-PERIMETER-FW,False
ALT-CSE-04-01036,CSE-04,MEDIUM,2024-12-20T14:32:54,2024-12-20T14:53:48.786705,2024-12-20T15:38:36.101968,CLOSED,,RESEARCH-WORKSTATION-01,False
ALT-CSE-04-01037,CSE-04,LOW,2024-11-01T05:36:31,2024-11-01T05:41:40.986842,2024-11-01T06:45:44.400602,CLOSED,,DEF-PERIMETER-FW,False
ALT-CSE-04-01038,CSE-04,HIGH,2024-11-08T17:14:29,2024-11-08T17:26:33.619401,2024-11-08T18:00:11.580772,CLOSED,,DEF-PERIMETER-FW,False
ALT-CSE-04-01039,CSE-04,MEDIUM,2024-11-23T15:24:33,2024-11-23T15:31:36.502303,2024-11-23T17:04:05.077090,CLOSED,,DEF-PERIMETER-FW,False
ALT-CSE-04-01040,CSE-04,MEDIUM,2024-11-04T12:21:58,2024-11-04T12:35:26.079319,2024-11-04T13:49:50.542621,CLOSED,,RESEARCH-WORKSTATION-01,False
ALT-CSE-04-01041,CSE-04,HIGH,2024-10-11T04:33:48,2024-10-11T04:42:33.360050,2024-10-11T05:44:20.469334,CLOSED,,RESEARCH-WORKSTATION-01,False
ALT-CSE-04-01042,CSE-04,LOW,2024-11-22T10:09:07,2024-11-22T10:14:48.287564,2024-11-22T10:50:49.320983,CLOSED,,DEF-PERIMETER-FW,False
ALT-CSE-04-01043,CSE-04,MEDIUM,2024-10-23T17:11:33,2024-10-23T17:26:25.851730,2024-10-23T18:01:12.347793,CLOSED,,DEF-PERIMETER-FW,False
ALT-CSE-04-01044,CSE-04,LOW,2024-10-12T01:47:04,2024-10-12T01:52:20.104891,2024-10-12T03:14:36.969690,CLOSED,,RESEARCH-WORKSTATION-01,False
ALT-CSE-04-01045,CSE-04,MEDIUM,2024-12-20T10:30:21,2024-12-20T10:52:51.848678,2024-12-20T11:50:42.148229,CLOSED,,DEF-PERIMETER-FW,False
ALT-CSE-04-01046,CSE-04,MEDIUM,2024-12-13T18:24:00,2024-12-13T18:41:16.291443,2024-12-13T19:11:42.514928,CLOSED,,RESEARCH-WORKSTATION-01,False
ALT-CSE-04-01047,CSE-04,CRITICAL,2024-12-20T03:02:00,2024-12-20T03:16:37.767386,2024-12-20T03:49:07.356775,CLOSED,CAS-CSE-04-0150,RESEARCH-WORKSTATION-01,False
ALT-CSE-04-01048,CSE-04,MEDIUM,2024-12-25T02:07:45,2024-12-25T02:14:21.499322,2024-12-25T03:51:10.575838,CLOSED,CAS-CSE-04-0151,DEF-PERIMETER-FW,False
ALT-CSE-04-01049,CSE-04,LOW,2024-11-05T10:04:56,2024-11-05T10:10:13.041680,2024-11-05T11:46:58.311041,CLOSED,,RESEARCH-WORKSTATION-01,False
ALT-CSE-04-01050,CSE-04,MEDIUM,2024-12-28T02:43:14,2024-12-28T03:08:08.484807,2024-12-28T04:08:54.344658,CLOSED,,RESEARCH-WORKSTATION-01,False
ALT-CSE-04-01051,CSE-04,HIGH,2024-11-03T14:38:09,2024-11-03T14:56:25.622615,2024-11-03T16:19:43.862900,CLOSED,,DEF-PERIMETER-FW,False
ALT-CSE-04-01052,CSE-04,HIGH,2024-12-15T03:12:08,2024-12-15T03:21:20.831917,2024-12-15T04:37:16.811188,CLOSED,,DEF-PERIMETER-FW,False
ALT-CSE-04-01053,CSE-04,HIGH,2024-10-01T16:55:43,2024-10-01T17:03:32.262215,2024-10-01T18:11:47.497898,CLOSED,,DEF-PERIMETER-FW,False
ALT-CSE-04-01054,CSE-04,CRITICAL,2024-11-08T19:49:37,2024-11-08T20:07:11.775280,2024-11-08T20:46:20.314283,CLOSED,,RESEARCH-WORKSTATION-01,False
ALT-CSE-04-01055,CSE-04,CRITICAL,2024-10-25T18:47:48,2024-10-25T19:09:14.639488,2024-10-25T20:14:57.692342,CLOSED,CAS-CSE-04-0152,RESEARCH-WORKSTATION-01,False
ALT-CSE-04-01056,CSE-04,CRITICAL,2024-12-01T10:43:32,2024-12-01T11:02:57.172835,2024-12-01T11:30:40.088041,CLOSED,,RESEARCH-WORKSTATION-01,False
ALT-CSE-04-01057,CSE-04,CRITICAL,2024-12-10T16:35:51,2024-12-10T16:57:33.958762,2024-12-10T17:50:00.680270,CLOSED,CAS-CSE-04-0153,RESEARCH-WORKSTATION-01,False
ALT-CSE-04-01058,CSE-04,HIGH,2024-12-03T04:05:50,2024-12-03T04:14:39.421172,2024-12-03T05:02:48.112296,CLOSED,,RESEARCH-WORKSTATION-01,False
ALT-CSE-04-01059,CSE-04,HIGH,2024-10-04T19:47:44,2024-10-04T20:08:21.248991,2024-10-04T21:15:15.225808,CLOSED,,DEF-PERIMETER-FW,False
ALT-CSE-04-01060,CSE-04,LOW,2024-11-08T17:06:25,2024-11-08T17:28:46.064615,2024-11-08T18:00:44.350330,CLOSED,CAS-CSE-04-0154,RESEARCH-WORKSTATION-01,True
ALT-CSE-04-01061,CSE-04,HIGH,2024-12-10T01:20:48,2024-12-10T01:44:23.215135,2024-12-10T02:07:37.573425,CLOSED,,DEF-PERIMETER-FW,False
ALT-CSE-04-01062,CSE-04,LOW,2024-12-10T14:17:28,2024-12-10T14:35:40.331926,2024-12-10T15:30:58.045616,CLOSED,,RESEARCH-WORKSTATION-01,False
ALT-CSE-04-01063,CSE-04,MEDIUM,2024-12-29T06:36:23,2024-12-29T06:50:24.193977,2024-12-29T08:23:13.989141,CLOSED,,DEF-PERIMETER-FW,False
ALT-CSE-04-01064,CSE-04,LOW,2024-10-02T05:53:14,2024-10-02T06:03:08.015923,2024-10-02T07:19:34.893442,CLOSED,,RESEARCH-WORKSTATION-01,False
ALT-CSE-04-01065,CSE-04,CRITICAL,2024-11-12T18:25:06,2024-11-12T18:46:48.746256,2024-11-12T19:18:09.505174,CLOSED,,DEF-PERIMETER-FW,False
ALT-CSE-04-01066,CSE-04,MEDIUM,2024-11-15T01:10:09,2024-11-15T01:15:40.262640,2024-11-15T02:03:03.628250,CLOSED,CAS-CSE-04-0155,DEF-PERIMETER-FW,False
ALT-CSE-04-01067,CSE-04,HIGH,2024-12-26T22:27:08,2024-12-26T22:33:31.692038,2024-12-27T00:01:39.504414,CLOSED,,RESEARCH-WORKSTATION-01,False
ALT-CSE-04-01068,CSE-04,MEDIUM,2024-12-16T18:04:25,2024-12-16T18:20:55.394319,2024-12-16T19:09:03.284254,CLOSED,,RESEARCH-WORKSTATION-01,False
ALT-CSE-04-01069,CSE-04,HIGH,2024-12-11T21:03:18,2024-12-11T21:15:23.939920,2024-12-11T22:51:22.132914,CLOSED,,DEF-PERIMETER-FW,False
ALT-CSE-04-01070,CSE-04,MEDIUM,2024-10-21T11:24:16,2024-10-21T11:46:47.549940,2024-10-21T12:06:54.372415,CLOSED,,DEF-PERIMETER-FW,False
ALT-CSE-04-01071,CSE-04,HIGH,2024-10-17T20:45:57,2024-10-17T21:05:21.123471,2024-10-17T21:33:27.782072,CLOSED,,DEF-PERIMETER-FW,False
ALT-CSE-04-01072,CSE-04,HIGH,2024-10-24T13:55:49,2024-10-24T14:18:23.002936,2024-10-24T14:51:56.360887,CLOSED,,DEF-PERIMETER-FW,False
ALT-CSE-04-01073,CSE-04,HIGH,2024-12-29T05:23:46,2024-12-29T05:32:04.748958,2024-12-29T06:26:55.564588,CLOSED,,DEF-MISSILE-CTRL-01,False
ALT-CSE-04-01074,CSE-04,MEDIUM,2024-12-06T06:23:18,2024-12-06T06:28:20.093505,2024-12-06T07:26:58.182221,CLOSED,CAS-CSE-04-0156,DEF-PERIMETER-FW,True
ALT-CSE-04-01075,CSE-04,MEDIUM,2024-10-05T21:00:42,2024-10-05T21:06:05.821117,2024-10-05T22:29:20.672250,CLOSED,,RESEARCH-WORKSTATION-01,False
ALT-CSE-04-01076,CSE-04,HIGH,2024-11-11T23:18:51,2024-11-11T23:23:59.467595,2024-11-12T00:48:17.553185,CLOSED,,DEF-PERIMETER-FW,False
ALT-CSE-04-01077,CSE-04,MEDIUM,2024-10-28T07:55:25,2024-10-28T08:06:27.006282,2024-10-28T09:09:57.468439,CLOSED,,RESEARCH-WORKSTATION-01,False
ALT-CSE-04-01078,CSE-04,MEDIUM,2024-11-10T18:04:08,2024-11-10T18:11:46.508744,2024-11-10T19:18:17.681928,CLOSED,,DEF-PERIMETER-FW,False
ALT-CSE-04-01079,CSE-04,LOW,2024-11-17T14:08:14,2024-11-17T14:20:52.344145,2024-11-17T15:04:17.252039,CLOSED,,DEF-PERIMETER-FW,False
ALT-CSE-04-01080,CSE-04,MEDIUM,2024-10-24T16:59:03,2024-10-24T17:16:11.662781,2024-10-24T18:42:19.667485,CLOSED,,RESEARCH-WORKSTATION-01,False
ALT-CSE-04-01081,CSE-04,HIGH,2024-11-26T03:09:42,2024-11-26T03:16:35.535541,2024-11-26T03:59:56.334150,CLOSED,,RADAR-INTEL-SRV-02,False
ALT-CSE-04-01082,CSE-04,MEDIUM,2024-10-31T02:33:03,2024-10-31T02:39:18.139580,2024-10-31T03:34:42.144458,CLOSED,CAS-CSE-04-0157,RESEARCH-WORKSTATION-01,False
ALT-CSE-04-01083,CSE-04,MEDIUM,2024-10-30T23:20:27,2024-10-30T23:28:41.108095,2024-10-31T00:43:18.616582,CLOSED,,DEF-PERIMETER-FW,False
ALT-CSE-04-01084,CSE-04,MEDIUM,2024-11-19T22:43:16,2024-11-19T23:06:48.842911,2024-11-19T23:41:09.484878,CLOSED,,DEF-PERIMETER-FW,False
ALT-CSE-04-01085,CSE-04,HIGH,2024-12-16T21:42:51,2024-12-16T21:58:35.236616,2024-12-16T23:06:47.571366,CLOSED,,RESEARCH-WORKSTATION-01,False
ALT-CSE-04-01086,CSE-04,HIGH,2024-10-01T18:52:47,2024-10-01T19:01:26.660962,2024-10-01T20:10:56.364557,CLOSED,,DEF-PERIMETER-FW,False
ALT-CSE-04-01087,CSE-04,CRITICAL,2024-12-20T01:17:06,2024-12-20T01:27:50.210812,2024-12-20T02:03:26.725818,CLOSED,,RESEARCH-WORKSTATION-01,False
ALT-CSE-04-01088,CSE-04,MEDIUM,2024-11-25T02:12:17,2024-11-25T02:34:24.708165,2024-11-25T03:10:36.039555,CLOSED,,DEF-PERIMETER-FW,False
ALT-CSE-04-01089,CSE-04,LOW,2024-10-12T18:06:39,2024-10-12T18:22:00.269823,2024-10-12T18:47:41.679888,CLOSED,,DEF-PERIMETER-FW,False
ALT-CSE-04-01090,CSE-04,MEDIUM,2024-12-24T05:10:23,2024-12-24T05:26:23.826846,2024-12-24T06:26:33.414473,CLOSED,,DEF-PERIMETER-FW,False
ALT-CSE-04-01091,CSE-04,MEDIUM,2024-10-26T17:38:48,2024-10-26T17:43:58.532410,2024-10-26T19:10:09.679025,CLOSED,,DEF-PERIMETER-FW,False
ALT-CSE-04-01092,CSE-04,MEDIUM,2024-10-23T02:06:03,2024-10-23T02:17:54.006274,2024-10-23T03:13:19.147559,CLOSED,,RESEARCH-WORKSTATION-01,False
ALT-CSE-04-01093,CSE-04,HIGH,2024-12-06T12:14:34,2024-12-06T12:25:18.574724,2024-12-06T13:48:30.580488,CLOSED,,RESEARCH-WORKSTATION-01,False
ALT-CSE-04-01094,CSE-04,HIGH,2024-12-04T14:45:16,2024-12-04T15:00:05.251581,2024-12-04T15:56:48.772120,CLOSED,,DEF-PERIMETER-FW,False
ALT-CSE-04-01095,CSE-04,HIGH,2024-10-09T03:45:38,2024-10-09T04:10:09.107365,2024-10-09T04:34:52.807376,CLOSED,,RESEARCH-WORKSTATION-01,False
ALT-CSE-04-01096,CSE-04,MEDIUM,2024-10-19T00:38:51,2024-10-19T00:53:11.620934,2024-10-19T02:21:03.692628,CLOSED,,RESEARCH-WORKSTATION-01,False
ALT-CSE-04-01097,CSE-04,LOW,2024-11-06T16:30:33,2024-11-06T16:37:31.351940,2024-11-06T17:26:12.580666,CLOSED,,DEF-PERIMETER-FW,False
ALT-CSE-04-01098,CSE-04,MEDIUM,2024-10-29T05:18:36,2024-10-29T05:33:34.138822,2024-10-29T06:46:15.855603,CLOSED,,RESEARCH-WORKSTATION-01,False
ALT-CSE-04-01099,CSE-04,MEDIUM,2024-10-07T03:48:02,2024-10-07T04:06:42.332993,2024-10-07T04:55:01.599486,CLOSED,,RESEARCH-WORKSTATION-01,False
ALT-CSE-04-01100,CSE-04,CRITICAL,2024-12-10T11:09:53,2024-12-10T11:34:23.543542,2024-12-10T12:21:12.456299,CLOSED,CAS-CSE-04-0158,DEF-PERIMETER-FW,False
ALT-CSE-04-01101,CSE-04,LOW,2024-10-15T01:26:01,2024-10-15T01:46:32.807925,2024-10-15T02:16:09.730209,CLOSED,,RESEARCH-WORKSTATION-01,False
ALT-CSE-04-01102,CSE-04,LOW,2024-12-27T16:13:54,2024-12-27T16:29:05.875167,2024-12-27T16:55:01.348746,CLOSED,,DEF-PERIMETER-FW,False
ALT-CSE-04-01103,CSE-04,HIGH,2024-12-01T17:17:43,2024-12-01T17:34:47.915010,2024-12-01T18:24:50.076366,CLOSED,,RESEARCH-WORKSTATION-01,False
ALT-CSE-04-01104,CSE-04,MEDIUM,2024-10-18T12:06:41,2024-10-18T12:17:13.767063,2024-10-18T13:36:50.227967,CLOSED,,RESEARCH-WORKSTATION-01,False
ALT-CSE-04-01105,CSE-04,CRITICAL,2024-12-14T08:42:37,2024-12-14T09:00:01.157658,2024-12-14T09:40:05.574247,CLOSED,CAS-CSE-04-0159,DEF-PERIMETER-FW,True
ALT-CSE-04-01106,CSE-04,LOW,2024-12-06T18:07:18,2024-12-06T18:13:50.940595,2024-12-06T19:16:07.782178,CLOSED,,DEF-PERIMETER-FW,False
ALT-CSE-04-01107,CSE-04,LOW,2024-11-26T08:47:11,2024-11-26T09:00:18.879975,2024-11-26T09:49:48.074089,CLOSED,,RESEARCH-WORKSTATION-01,False
ALT-CSE-04-01108,CSE-04,MEDIUM,2024-12-06T11:50:26,2024-12-06T12:13:12.951834,2024-12-06T12:58:14.553039,CLOSED,,RESEARCH-WORKSTATION-01,False
ALT-CSE-04-01109,CSE-04,MEDIUM,2024-11-03T22:38:24,2024-11-03T22:50:04.917932,2024-11-04T00:09:03.875101,CLOSED,,DEF-PERIMETER-FW,False
ALT-CSE-04-01110,CSE-04,MEDIUM,2024-11-16T17:50:09,2024-11-16T18:09:03.362046,2024-11-16T18:49:54.406034,CLOSED,,DEF-PERIMETER-FW,False
ALT-CSE-04-01111,CSE-04,MEDIUM,2024-11-12T02:03:04,2024-11-12T02:12:02.820397,2024-11-12T03:16:32.887767,CLOSED,,RESEARCH-WORKSTATION-01,False
ALT-CSE-04-01112,CSE-04,MEDIUM,2024-12-08T19:01:40,2024-12-08T19:14:54.115023,2024-12-08T20:35:54.286321,CLOSED,,DEF-PERIMETER-FW,False
ALT-CSE-04-01113,CSE-04,LOW,2024-10-11T15:02:49,2024-10-11T15:12:30.211013,2024-10-11T15:47:24.637984,CLOSED,,DEF-PERIMETER-FW,False
ALT-CSE-04-01114,CSE-04,CRITICAL,2024-12-07T04:29:33,2024-12-07T04:42:23.166869,2024-12-07T05:12:45.902290,CLOSED,,DEF-PERIMETER-FW,False
ALT-CSE-04-01115,CSE-04,LOW,2024-12-09T05:01:18,2024-12-09T05:06:52.657560,2024-12-09T06:02:49.308718,CLOSED,,RESEARCH-WORKSTATION-01,False
ALT-CSE-04-01116,CSE-04,MEDIUM,2024-12-11T22:43:09,2024-12-11T23:05:02.316413,2024-12-11T23:29:23.225635,CLOSED,,DEF-PERIMETER-FW,False
ALT-CSE-04-01117,CSE-04,MEDIUM,2024-12-11T03:45:39,2024-12-11T03:52:49.294666,2024-12-11T04:34:40.792469,CLOSED,,DEF-PERIMETER-FW,False
ALT-CSE-04-01118,CSE-04,MEDIUM,2024-10-27T04:09:18,2024-10-27T04:17:41.255547,2024-10-27T05:46:06.600692,CLOSED,,RESEARCH-WORKSTATION-01,False
ALT-CSE-04-01119,CSE-04,HIGH,2024-12-15T10:05:24,2024-12-15T10:17:14.221336,2024-12-15T11:39:55.251868,CLOSED,,RESEARCH-WORKSTATION-01,False
ALT-CSE-04-01120,CSE-04,HIGH,2024-10-15T09:23:39,2024-10-15T09:35:33.375035,2024-10-15T10:07:36.730643,CLOSED,,RESEARCH-WORKSTATION-01,False
ALT-CSE-04-01121,CSE-04,MEDIUM,2024-12-14T08:30:00,2024-12-14T08:46:45.649425,2024-12-14T10:18:27.063336,CLOSED,,DEF-PERIMETER-FW,False
ALT-CSE-04-01122,CSE-04,MEDIUM,2024-10-08T06:28:20,2024-10-08T06:40:31.786358,2024-10-08T07:29:34.259881,CLOSED,,DEF-PERIMETER-FW,False
ALT-CSE-04-01123,CSE-04,MEDIUM,2024-10-28T10:41:13,2024-10-28T10:57:48.831915,2024-10-28T11:31:52.819170,CLOSED,,DEF-PERIMETER-FW,False
ALT-CSE-04-01124,CSE-04,MEDIUM,2024-11-13T07:25:50,2024-11-13T07:40:28.863537,2024-11-13T08:56:44.948143,CLOSED,,RESEARCH-WORKSTATION-01,False
ALT-CSE-04-01125,CSE-04,HIGH,2024-11-08T09:57:17,2024-11-08T10:22:14.534304,2024-11-08T10:44:45.659076,CLOSED,,DEF-PERIMETER-FW,False
ALT-CSE-04-01126,CSE-04,LOW,2024-10-31T08:08:03,2024-10-31T08:16:30.860704,2024-10-31T09:03:55.115165,CLOSED,,RESEARCH-WORKSTATION-01,False
ALT-CSE-04-01127,CSE-04,MEDIUM,2024-12-09T08:17:52,2024-12-09T08:42:28.632772,2024-12-09T09:08:30.130043,CLOSED,,DEF-PERIMETER-FW,False
ALT-CSE-04-01128,CSE-04,HIGH,2024-10-06T18:21:33,2024-10-06T18:27:16.227539,2024-10-06T19:12:55.940644,CLOSED,CAS-CSE-04-0160,RESEARCH-WORKSTATION-01,True
ALT-CSE-04-01129,CSE-04,LOW,2024-12-22T13:15:55,2024-12-22T13:23:20.091705,2024-12-22T14:07:49.084398,CLOSED,,RESEARCH-WORKSTATION-01,False
ALT-CSE-04-01130,CSE-04,HIGH,2024-12-15T06:17:08,2024-12-15T06:22:49.506153,2024-12-15T08:00:05.623852,CLOSED,,DEF-PERIMETER-FW,False
ALT-CSE-04-01131,CSE-04,HIGH,2024-12-13T12:51:42,2024-12-13T13:12:34.516165,2024-12-13T14:28:47.032708,CLOSED,,RESEARCH-WORKSTATION-01,False
ALT-CSE-04-01132,CSE-04,LOW,2024-12-19T02:08:59,2024-12-19T02:22:18.820528,2024-12-19T03:01:47.848122,CLOSED,,RESEARCH-WORKSTATION-01,False
ALT-CSE-04-01133,CSE-04,HIGH,2024-11-09T13:40:25,2024-11-09T13:50:13.906146,2024-11-09T14:59:17.577123,CLOSED,,RESEARCH-WORKSTATION-01,False
ALT-CSE-04-01134,CSE-04,MEDIUM,2024-12-04T12:18:39,2024-12-04T12:30:24.694607,2024-12-04T12:59:53.821825,CLOSED,,RESEARCH-WORKSTATION-01,False
ALT-CSE-04-01135,CSE-04,CRITICAL,2024-12-12T13:54:43,2024-12-12T14:08:00.604238,2024-12-12T15:41:19.242546,CLOSED,CAS-CSE-04-0161,DEF-PERIMETER-FW,False
ALT-CSE-04-01136,CSE-04,LOW,2024-11-28T17:06:15,2024-11-28T17:14:39.267647,2024-11-28T18:30:18.156586,CLOSED,,RESEARCH-WORKSTATION-01,False
ALT-CSE-04-01137,CSE-04,LOW,2024-10-08T03:42:56,2024-10-08T04:04:14.387019,2024-10-08T04:37:03.079642,CLOSED,,DEF-PERIMETER-FW,False
ALT-CSE-04-01138,CSE-04,HIGH,2024-10-12T09:10:54,2024-10-12T09:20:32.923910,2024-10-12T10:57:22.399064,CLOSED,,DEF-PERIMETER-FW,False
ALT-CSE-04-01139,CSE-04,MEDIUM,2024-10-06T01:11:14,2024-10-06T01:24:58.148620,2024-10-06T02:46:33.622143,CLOSED,,RESEARCH-WORKSTATION-01,False
ALT-CSE-04-01140,CSE-04,MEDIUM,2024-10-20T21:14:35,2024-10-20T21:37:31.421080,2024-10-20T22:34:33.915378,CLOSED,,DEF-PERIMETER-FW,False
ALT-CSE-04-01141,CSE-04,MEDIUM,2024-11-28T22:36:20,2024-11-28T22:55:36.270570,2024-11-28T23:17:36.037285,CLOSED,,DEF-PERIMETER-FW,False
ALT-CSE-04-01142,CSE-04,MEDIUM,2024-11-29T03:46:51,2024-11-29T03:54:09.754771,2024-11-29T04:31:49.124281,CLOSED,,DEF-PERIMETER-FW,False
ALT-CSE-04-01143,CSE-04,MEDIUM,2024-11-12T15:08:42,2024-11-12T15:14:44.823261,2024-11-12T16:18:42.566137,CLOSED,,DEF-PERIMETER-FW,False
ALT-CSE-04-01144,CSE-04,LOW,2024-12-08T03:41:43,2024-12-08T04:01:47.983994,2024-12-08T04:55:23.975498,CLOSED,,DEF-PERIMETER-FW,False
ALT-CSE-04-01145,CSE-04,CRITICAL,2024-11-26T21:10:43,2024-11-26T21:30:32.123125,2024-11-26T22:18:08.536318,CLOSED,CAS-CSE-04-0162,RESEARCH-WORKSTATION-01,False
ALT-CSE-04-01146,CSE-04,LOW,2024-10-28T06:17:33,2024-10-28T06:23:18.952426,2024-10-28T07:36:34.478006,CLOSED,,RESEARCH-WORKSTATION-01,False
ALT-CSE-04-01147,CSE-04,HIGH,2024-10-29T19:50:22,2024-10-29T20:01:10.103621,2024-10-29T20:35:35.784059,CLOSED,,DEF-PERIMETER-FW,False
ALT-CSE-04-01148,CSE-04,MEDIUM,2024-12-09T18:50:00,2024-12-09T18:59:54.477625,2024-12-09T20:16:16.632841,CLOSED,,RESEARCH-WORKSTATION-01,False
ALT-CSE-04-01149,CSE-04,HIGH,2024-11-21T23:27:35,2024-11-21T23:47:53.932775,2024-11-22T01:16:54.532332,CLOSED,,DEF-PERIMETER-FW,False
ALT-CSE-04-01150,CSE-04,MEDIUM,2024-11-19T18:08:47,2024-11-19T18:25:03.660324,2024-11-19T19:08:33.229060,CLOSED,,DEF-PERIMETER-FW,False
ALT-CSE-04-01151,CSE-04,CRITICAL,2024-10-21T22:40:35,2024-10-21T22:47:44.155713,2024-10-21T23:42:38.412767,CLOSED,CAS-CSE-04-0163,RESEARCH-WORKSTATION-01,False
ALT-CSE-04-01152,CSE-04,HIGH,2024-12-05T03:52:16,2024-12-05T04:02:31.414025,2024-12-05T05:02:17.772907,CLOSED,,RESEARCH-WORKSTATION-01,False
ALT-CSE-04-01153,CSE-04,MEDIUM,2024-12-16T04:09:56,2024-12-16T04:19:45.712781,2024-12-16T05:49:54.624709,CLOSED,CAS-CSE-04-0164,DEF-PERIMETER-FW,True
ALT-CSE-04-01154,CSE-04,MEDIUM,2024-10-12T07:37:50,2024-10-12T07:48:24.614941,2024-10-12T09:08:18.885825,CLOSED,,DEF-PERIMETER-FW,False
ALT-CSE-04-01155,CSE-04,MEDIUM,2024-12-25T11:23:06,2024-12-25T11:28:33.240976,2024-12-25T13:10:53.632137,CLOSED,,RESEARCH-WORKSTATION-01,False
ALT-CSE-04-01156,CSE-04,HIGH,2024-11-20T13:48:36,2024-11-20T14:10:20.510063,2024-11-20T14:43:58.979914,CLOSED,,RESEARCH-WORKSTATION-01,False
ALT-CSE-04-01157,CSE-04,MEDIUM,2024-12-01T01:13:40,2024-12-01T01:38:37.494222,2024-12-01T02:38:04.230645,CLOSED,CAS-CSE-04-0165,RADAR-INTEL-SRV-02,False
ALT-CSE-04-01158,CSE-04,LOW,2024-12-13T23:11:46,2024-12-13T23:19:43.162254,2024-12-14T00:51:04.938730,CLOSED,,DEF-PERIMETER-FW,False
ALT-CSE-04-01159,CSE-04,MEDIUM,2024-11-14T12:00:17,2024-11-14T12:11:37.177426,2024-11-14T13:27:49.356542,CLOSED,,RESEARCH-WORKSTATION-01,False
ALT-CSE-04-01160,CSE-04,HIGH,2024-10-13T19:43:08,2024-10-13T20:03:13.344513,2024-10-13T20:45:19.315643,CLOSED,,RESEARCH-WORKSTATION-01,False
ALT-CSE-04-01161,CSE-04,MEDIUM,2024-11-08T23:24:09,2024-11-08T23:36:20.938871,2024-11-09T00:58:05.890647,CLOSED,,RESEARCH-WORKSTATION-01,False
ALT-CSE-04-01162,CSE-04,LOW,2024-12-14T19:49:59,2024-12-14T20:12:44.506471,2024-12-14T21:08:15.434087,CLOSED,,RESEARCH-WORKSTATION-01,False
ALT-CSE-04-01163,CSE-04,LOW,2024-11-19T17:56:20,2024-11-19T18:13:51.775178,2024-11-19T19:33:32.227127,CLOSED,,RESEARCH-WORKSTATION-01,False
ALT-CSE-04-01164,CSE-04,LOW,2024-11-08T01:00:00,2024-11-08T01:19:03.850131,2024-11-08T01:54:53.441556,CLOSED,,RESEARCH-WORKSTATION-01,False
ALT-CSE-04-01165,CSE-04,MEDIUM,2024-11-06T12:01:12,2024-11-06T12:13:16.539788,2024-11-06T13:02:54.344962,CLOSED,,DEF-PERIMETER-FW,False
ALT-CSE-04-01166,CSE-04,LOW,2024-12-02T00:54:38,2024-12-02T00:59:59.931122,2024-12-02T02:27:05.014735,CLOSED,,RESEARCH-WORKSTATION-01,False
ALT-CSE-04-01167,CSE-04,CRITICAL,2024-10-22T03:13:50,2024-10-22T03:29:18.783438,2024-10-22T04:50:39.630318,CLOSED,CAS-CSE-04-0166,DEF-PERIMETER-FW,False
ALT-CSE-04-01168,CSE-04,HIGH,2024-12-22T13:44:53,2024-12-22T13:53:58.420704,2024-12-22T14:49:36.300512,CLOSED,,DEF-PERIMETER-FW,False
ALT-CSE-04-01169,CSE-04,MEDIUM,2024-10-21T09:19:25,2024-10-21T09:31:50.030811,2024-10-21T10:12:43.978921,CLOSED,,RESEARCH-WORKSTATION-01,False
ALT-CSE-04-01170,CSE-04,MEDIUM,2024-12-16T07:47:12,2024-12-16T07:55:52.738456,2024-12-16T08:50:11.141954,CLOSED,,DEF-PERIMETER-FW,False
ALT-CSE-04-01171,CSE-04,MEDIUM,2024-11-20T13:14:04,2024-11-20T13:25:05.940299,2024-11-20T14:55:53.597889,CLOSED,,RESEARCH-WORKSTATION-01,False
ALT-CSE-04-01172,CSE-04,HIGH,2024-11-20T15:40:26,2024-11-20T16:00:19.365288,2024-11-20T16:34:18.588404,CLOSED,,RESEARCH-WORKSTATION-01,False
ALT-CSE-04-01173,CSE-04,MEDIUM,2024-10-12T09:57:57,2024-10-12T10:22:15.614737,2024-10-12T11:04:51.484755,CLOSED,,DEF-PERIMETER-FW,False
ALT-CSE-04-01174,CSE-04,MEDIUM,2024-10-26T08:15:32,2024-10-26T08:34:01.081480,2024-10-26T09:24:01.508944,CLOSED,,DEF-PERIMETER-FW,False
ALT-CSE-04-01175,CSE-04,MEDIUM,2024-10-26T06:27:32,2024-10-26T06:47:43.792481,2024-10-26T07:20:23.732502,CLOSED,,DEF-PERIMETER-FW,False
ALT-CSE-04-01176,CSE-04,LOW,2024-12-05T13:17:53,2024-12-05T13:37:05.692002,2024-12-05T14:02:42.624180,CLOSED,,RESEARCH-WORKSTATION-01,False
ALT-CSE-04-01177,CSE-04,MEDIUM,2024-11-19T11:33:10,2024-11-19T11:39:45.636323,2024-11-19T13:05:23.013917,CLOSED,,DEF-PERIMETER-FW,False
ALT-CSE-04-01178,CSE-04,HIGH,2024-10-30T20:33:11,2024-10-30T20:55:58.703722,2024-10-30T21:38:31.651965,CLOSED,,DEF-PERIMETER-FW,False
ALT-CSE-04-01179,CSE-04,HIGH,2024-11-27T08:52:05,2024-11-27T09:04:10.894189,2024-11-27T09:37:21.939804,CLOSED,,RESEARCH-WORKSTATION-01,False
ALT-CSE-04-01180,CSE-04,HIGH,2024-11-26T17:27:16,2024-11-26T17:47:32.824198,2024-11-26T18:22:48.939083,CLOSED,,DEF-PERIMETER-FW,False
ALT-CSE-04-01181,CSE-04,CRITICAL,2024-10-15T23:17:15,2024-10-15T23:33:01.307823,2024-10-16T00:35:55.716264,CLOSED,CAS-CSE-04-0167,DEF-PERIMETER-FW,False
ALT-CSE-04-01182,CSE-04,MEDIUM,2024-10-08T10:00:06,2024-10-08T10:09:08.734079,2024-10-08T11:31:23.328813,CLOSED,CAS-CSE-04-0168,RESEARCH-WORKSTATION-01,False
ALT-CSE-04-01183,CSE-04,LOW,2024-10-09T05:04:07,2024-10-09T05:25:00.953155,2024-10-09T06:19:47.996416,CLOSED,,DEF-PERIMETER-FW,False
ALT-CSE-04-01184,CSE-04,CRITICAL,2024-12-25T11:48:56,2024-12-25T12:00:43.200175,2024-12-25T12:51:37.923543,CLOSED,,RESEARCH-WORKSTATION-01,False
ALT-CSE-04-01185,CSE-04,LOW,2024-10-21T06:55:36,2024-10-21T07:12:28.801193,2024-10-21T07:51:00.539464,CLOSED,,DEF-PERIMETER-FW,False
ALT-CSE-04-01186,CSE-04,MEDIUM,2024-11-22T18:35:30,2024-11-22T18:47:40.703736,2024-11-22T19:18:36.653517,CLOSED,,RESEARCH-WORKSTATION-01,False
ALT-CSE-04-01187,CSE-04,LOW,2024-12-16T22:28:59,2024-12-16T22:50:57.441769,2024-12-16T23:51:48.316298,CLOSED,,DEF-PERIMETER-FW,False
ALT-CSE-04-01188,CSE-04,HIGH,2024-12-16T15:52:45,2024-12-16T16:09:10.865493,2024-12-16T16:58:00.089342,CLOSED,,RESEARCH-WORKSTATION-01,False
ALT-CSE-04-01189,CSE-04,LOW,2024-11-15T03:19:49,2024-11-15T03:44:21.052725,2024-11-15T05:06:11.483694,CLOSED,,DEF-PERIMETER-FW,False
ALT-CSE-04-01190,CSE-04,MEDIUM,2024-11-24T02:26:27,2024-11-24T02:47:52.762934,2024-11-24T03:41:42.144026,CLOSED,,RESEARCH-WORKSTATION-01,False
ALT-CSE-04-01191,CSE-04,HIGH,2024-12-19T09:03:52,2024-12-19T09:09:49.621620,2024-12-19T10:08:01.370870,CLOSED,,RESEARCH-WORKSTATION-01,False
ALT-CSE-04-01192,CSE-04,LOW,2024-11-15T10:49:30,2024-11-15T11:00:09.523572,2024-11-15T12:07:27.747178,CLOSED,,DEF-PERIMETER-FW,False
ALT-CSE-04-01193,CSE-04,HIGH,2024-11-18T00:14:28,2024-11-18T00:30:08.711816,2024-11-18T01:54:05.529468,CLOSED,,DEF-PERIMETER-FW,False
ALT-CSE-04-01194,CSE-04,HIGH,2024-10-05T20:57:03,2024-10-05T21:13:26.050856,2024-10-05T21:41:19.358541,CLOSED,,RESEARCH-WORKSTATION-01,False
ALT-CSE-04-01195,CSE-04,LOW,2024-11-14T08:41:35,2024-11-14T08:56:47.610917,2024-11-14T09:44:15.940440,CLOSED,,DEF-PERIMETER-FW,False
ALT-CSE-04-01196,CSE-04,CRITICAL,2024-10-16T04:43:53,2024-10-16T05:06:11.217689,2024-10-16T05:26:03.986986,CLOSED,,DEF-PERIMETER-FW,False
ALT-CSE-04-01197,CSE-04,CRITICAL,2024-12-15T21:29:39,2024-12-15T21:41:57.549942,2024-12-15T22:25:56.701487,CLOSED,CAS-CSE-04-0169,RESEARCH-WORKSTATION-01,False
ALT-CSE-04-01198,CSE-04,HIGH,2024-12-17T05:29:11,2024-12-17T05:50:55.592687,2024-12-17T06:57:07.792618,CLOSED,,RESEARCH-WORKSTATION-01,False
ALT-CSE-04-01199,CSE-04,LOW,2024-11-10T10:09:42,2024-11-10T10:33:23.749923,2024-11-10T11:33:24.388956,CLOSED,,DEF-PERIMETER-FW,False
ALT-CSE-04-01200,CSE-04,MEDIUM,2024-11-06T22:39:10,2024-11-06T22:51:13.689814,2024-11-07T00:23:37.664800,CLOSED,,DEF-PERIMETER-FW,False
ALT-CSE-04-01201,CSE-04,MEDIUM,2024-12-12T09:21:36,2024-12-12T09:27:59.518694,2024-12-12T10:52:54.655659,CLOSED,,RESEARCH-WORKSTATION-01,False
ALT-CSE-04-01202,CSE-04,HIGH,2024-12-18T11:57:28,2024-12-18T12:17:47.264516,2024-12-18T12:51:51.581123,CLOSED,,DEF-PERIMETER-FW,False
ALT-CSE-04-01203,CSE-04,CRITICAL,2024-12-17T20:41:42,2024-12-17T20:54:31.699394,2024-12-17T22:28:30.439898,CLOSED,CAS-CSE-04-0170,RESEARCH-WORKSTATION-01,False
ALT-CSE-04-01204,CSE-04,MEDIUM,2024-12-29T18:28:22,2024-12-29T18:43:34.246919,2024-12-29T19:39:19.618083,CLOSED,,RESEARCH-WORKSTATION-01,False
ALT-CSE-04-01205,CSE-04,LOW,2024-10-02T02:39:04,2024-10-02T03:01:17.253959,2024-10-02T03:47:05.622168,CLOSED,CAS-CSE-04-0171,DEF-PERIMETER-FW,False
ALT-CSE-04-01206,CSE-04,HIGH,2024-10-08T12:59:48,2024-10-08T13:14:05.834876,2024-10-08T13:59:31.864414,CLOSED,,DEF-PERIMETER-FW,False
ALT-CSE-04-01207,CSE-04,LOW,2024-10-20T08:12:29,2024-10-20T08:34:25.538026,2024-10-20T09:47:28.828816,CLOSED,,DEF-PERIMETER-FW,False
ALT-CSE-04-01208,CSE-04,MEDIUM,2024-11-17T01:40:33,2024-11-17T01:45:54.511723,2024-11-17T03:28:37.836370,CLOSED,,DEF-PERIMETER-FW,False
ALT-CSE-04-01209,CSE-04,CRITICAL,2024-11-04T20:06:08,2024-11-04T20:20:59.635528,2024-11-04T21:12:44.675706,CLOSED,CAS-CSE-04-0172,RESEARCH-WORKSTATION-01,False
ALT-CSE-04-01210,CSE-04,LOW,2024-12-10T23:05:38,2024-12-10T23:12:32.567403,2024-12-11T00:36:50.530338,CLOSED,,DEF-PERIMETER-FW,False
ALT-CSE-04-01211,CSE-04,LOW,2024-11-20T00:58:31,2024-11-20T01:17:38.585385,2024-11-20T02:16:01.772052,CLOSED,,DEF-PERIMETER-FW,False
ALT-CSE-04-01212,CSE-04,HIGH,2024-10-29T06:23:57,2024-10-29T06:42:38.377929,2024-10-29T07:22:45.220280,CLOSED,,RESEARCH-WORKSTATION-01,False
ALT-CSE-04-01213,CSE-04,MEDIUM,2024-10-24T15:47:04,2024-10-24T15:57:17.924179,2024-10-24T17:24:50.691354,CLOSED,,RESEARCH-WORKSTATION-01,False
ALT-CSE-04-01214,CSE-04,HIGH,2024-10-31T20:23:35,2024-10-31T20:42:51.504101,2024-10-31T21:59:36.790599,CLOSED,,RESEARCH-WORKSTATION-01,False
ALT-CSE-04-01215,CSE-04,HIGH,2024-10-24T16:10:03,2024-10-24T16:33:48.473138,2024-10-24T17:40:01.560303,CLOSED,,DEF-PERIMETER-FW,False
ALT-CSE-04-01216,CSE-04,MEDIUM,2024-10-27T22:24:37,2024-10-27T22:35:55.017893,2024-10-27T23:24:17.375186,CLOSED,,RESEARCH-WORKSTATION-01,False
ALT-CSE-04-01217,CSE-04,MEDIUM,2024-10-31T16:50:06,2024-10-31T17:11:04.545945,2024-10-31T18:21:43.263659,CLOSED,,RESEARCH-WORKSTATION-01,False
ALT-CSE-04-01218,CSE-04,MEDIUM,2024-11-08T08:17:32,2024-11-08T08:23:43.341158,2024-11-08T09:08:31.375437,CLOSED,,DEF-PERIMETER-FW,False
ALT-CSE-04-01219,CSE-04,LOW,2024-12-09T03:40:57,2024-12-09T03:50:20.491548,2024-12-09T05:27:26.356203,CLOSED,,RESEARCH-WORKSTATION-01,False
ALT-CSE-04-01220,CSE-04,HIGH,2024-10-14T20:01:49,2024-10-14T20:07:05.016805,2024-10-14T20:56:50.579738,CLOSED,,RESEARCH-WORKSTATION-01,False
ALT-CSE-04-01221,CSE-04,HIGH,2024-10-11T19:42:02,2024-10-11T19:51:09.900980,2024-10-11T21:02:08.354740,CLOSED,,RESEARCH-WORKSTATION-01,False
ALT-CSE-04-01222,CSE-04,LOW,2024-12-21T13:40:14,2024-12-21T14:02:10.230478,2024-12-21T14:35:52.395178,CLOSED,,DEF-PERIMETER-FW,False
ALT-CSE-04-01223,CSE-04,HIGH,2024-10-16T02:17:19,2024-10-16T02:24:34.546864,2024-10-16T03:34:01.762910,CLOSED,,RESEARCH-WORKSTATION-01,False
ALT-CSE-04-01224,CSE-04,CRITICAL,2024-10-13T10:44:12,2024-10-13T10:56:38.474485,2024-10-13T12:24:07.770435,CLOSED,,DEF-PERIMETER-FW,False
ALT-CSE-04-01225,CSE-04,MEDIUM,2024-11-08T01:49:23,2024-11-08T02:10:48.071822,2024-11-08T03:12:00.634399,CLOSED,,RESEARCH-WORKSTATION-01,False
ALT-CSE-04-01226,CSE-04,MEDIUM,2024-12-14T03:25:44,2024-12-14T03:40:33.728838,2024-12-14T04:38:58.734084,CLOSED,,RESEARCH-WORKSTATION-01,False
ALT-CSE-04-01227,CSE-04,CRITICAL,2024-11-04T21:15:59,2024-11-04T21:27:35.615924,2024-11-04T22:29:56.012355,CLOSED,CAS-CSE-04-0173,DEF-PERIMETER-FW,False
ALT-CSE-04-01228,CSE-04,LOW,2024-11-04T11:49:30,2024-11-04T12:10:51.114261,2024-11-04T13:24:28.045993,CLOSED,,DEF-PERIMETER-FW,False
ALT-CSE-04-01229,CSE-04,HIGH,2024-11-25T18:33:45,2024-11-25T18:39:43.910800,2024-11-25T19:36:18.190130,CLOSED,,RESEARCH-WORKSTATION-01,False
ALT-CSE-04-01230,CSE-04,LOW,2024-11-29T02:54:21,2024-11-29T03:02:17.141876,2024-11-29T03:38:16.473023,CLOSED,,RESEARCH-WORKSTATION-01,False
ALT-CSE-04-01231,CSE-04,MEDIUM,2024-12-24T18:01:53,2024-12-24T18:20:04.714100,2024-12-24T19:42:31.249707,CLOSED,,RESEARCH-WORKSTATION-01,False
ALT-CSE-04-01232,CSE-04,LOW,2024-11-12T13:20:28,2024-11-12T13:30:51.303046,2024-11-12T14:54:34.369907,CLOSED,CAS-CSE-04-0174,DEF-PERIMETER-FW,True
ALT-CSE-04-01233,CSE-04,HIGH,2024-10-04T03:14:31,2024-10-04T03:37:47.181588,2024-10-04T04:02:33.450901,CLOSED,,RESEARCH-WORKSTATION-01,False
ALT-CSE-04-01234,CSE-04,LOW,2024-10-19T00:32:13,2024-10-19T00:39:31.223171,2024-10-19T02:13:47.884887,CLOSED,,DEF-PERIMETER-FW,False
ALT-CSE-04-01235,CSE-04,LOW,2024-10-30T05:51:54,2024-10-30T06:16:17.892798,2024-10-30T06:56:46.506213,CLOSED,,RESEARCH-WORKSTATION-01,False
ALT-CSE-04-01236,CSE-04,HIGH,2024-11-14T07:41:48,2024-11-14T07:57:21.494568,2024-11-14T09:24:29.090240,CLOSED,,RESEARCH-WORKSTATION-01,False
ALT-CSE-04-01237,CSE-04,MEDIUM,2024-11-30T11:05:56,2024-11-30T11:21:38.415779,2024-11-30T12:18:34.481057,CLOSED,,DEF-PERIMETER-FW,False
ALT-CSE-04-01238,CSE-04,HIGH,2024-12-09T16:17:05,2024-12-09T16:32:05.152904,2024-12-09T17:31:53.275904,CLOSED,,DEF-PERIMETER-FW,False
ALT-CSE-04-01239,CSE-04,CRITICAL,2024-10-19T15:21:25,2024-10-19T15:46:12.328967,2024-10-19T16:56:02.728708,CLOSED,CAS-CSE-04-0175,RESEARCH-WORKSTATION-01,True
ALT-CSE-04-01240,CSE-04,HIGH,2024-10-24T11:49:35,2024-10-24T11:58:07.250408,2024-10-24T12:38:45.413364,CLOSED,,RESEARCH-WORKSTATION-01,False
ALT-CSE-04-01241,CSE-04,LOW,2024-10-26T15:22:26,2024-10-26T15:42:28.999909,2024-10-26T16:36:33.438986,CLOSED,,RESEARCH-WORKSTATION-01,False
ALT-CSE-04-01242,CSE-04,HIGH,2024-10-02T10:46:18,2024-10-02T11:08:50.844120,2024-10-02T11:31:15.242389,CLOSED,,RESEARCH-WORKSTATION-01,False
ALT-CSE-04-01243,CSE-04,MEDIUM,2024-10-24T15:54:09,2024-10-24T16:13:27.821711,2024-10-24T16:41:51.373430,CLOSED,,DEF-PERIMETER-FW,False
ALT-CSE-04-01244,CSE-04,HIGH,2024-10-23T14:05:43,2024-10-23T14:30:19.310194,2024-10-23T15:03:00.910059,CLOSED,,RESEARCH-WORKSTATION-01,False
ALT-CSE-04-01245,CSE-04,LOW,2024-11-04T12:54:27,2024-11-04T13:13:24.167434,2024-11-04T13:44:49.675990,CLOSED,,RESEARCH-WORKSTATION-01,False
ALT-CSE-04-01246,CSE-04,CRITICAL,2024-12-21T07:32:20,2024-12-21T07:50:46.802309,2024-12-21T09:02:34.095044,CLOSED,,RESEARCH-WORKSTATION-01,False
ALT-CSE-04-01247,CSE-04,MEDIUM,2024-11-11T12:00:32,2024-11-11T12:12:42.674224,2024-11-11T12:49:48.984577,CLOSED,,DEF-PERIMETER-FW,False
ALT-CSE-04-01248,CSE-04,LOW,2024-12-23T17:53:50,2024-12-23T18:00:23.128027,2024-12-23T18:37:47.841909,CLOSED,,DEF-PERIMETER-FW,False
ALT-CSE-04-01249,CSE-04,LOW,2024-12-13T22:34:40,2024-12-13T22:54:52.705126,2024-12-13T23:25:42.105141,CLOSED,CAS-CSE-04-0176,RESEARCH-WORKSTATION-01,False
ALT-CSE-04-01250,CSE-04,MEDIUM,2024-10-08T01:30:44,2024-10-08T01:42:23.175750,2024-10-08T03:03:46.169649,CLOSED,,DEF-PERIMETER-FW,False
ALT-CSE-04-01251,CSE-04,HIGH,2024-11-29T03:08:23,2024-11-29T03:29:49.489623,2024-11-29T03:53:26.455628,CLOSED,,DEF-PERIMETER-FW,False
ALT-CSE-04-01252,CSE-04,LOW,2024-10-01T15:57:04,2024-10-01T16:14:14.278682,2024-10-01T16:41:50.102973,CLOSED,,DEF-PERIMETER-FW,False
ALT-CSE-04-01253,CSE-04,MEDIUM,2024-10-08T18:41:58,2024-10-08T18:58:28.456246,2024-10-08T20:10:07.119995,CLOSED,,RESEARCH-WORKSTATION-01,False
ALT-CSE-04-01254,CSE-04,LOW,2024-10-12T05:28:44,2024-10-12T05:42:51.862037,2024-10-12T06:32:15.403050,CLOSED,,RESEARCH-WORKSTATION-01,False
ALT-CSE-04-01255,CSE-04,MEDIUM,2024-12-19T07:05:16,2024-12-19T07:18:12.100231,2024-12-19T07:53:52.108853,CLOSED,,RESEARCH-WORKSTATION-01,False
ALT-CSE-04-01256,CSE-04,LOW,2024-10-28T11:07:05,2024-10-28T11:31:57.264328,2024-10-28T12:05:09.495574,CLOSED,,RESEARCH-WORKSTATION-01,False
ALT-CSE-04-01257,CSE-04,HIGH,2024-12-26T06:46:23,2024-12-26T07:08:16.188038,2024-12-26T08:28:03.115201,CLOSED,,RESEARCH-WORKSTATION-01,False
ALT-CSE-04-01258,CSE-04,LOW,2024-11-21T06:08:06,2024-11-21T06:16:46.432755,2024-11-21T07:53:53.008287,CLOSED,,DEF-PERIMETER-FW,False
ALT-CSE-04-01259,CSE-04,LOW,2024-10-12T07:20:32,2024-10-12T07:35:38.887421,2024-10-12T08:01:31.338029,CLOSED,,DEF-PERIMETER-FW,False
ALT-CSE-04-01260,CSE-04,MEDIUM,2024-11-18T17:47:14,2024-11-18T17:57:41.304688,2024-11-18T18:46:27.636717,CLOSED,,DEF-PERIMETER-FW,False
ALT-CSE-04-01261,CSE-04,MEDIUM,2024-10-04T09:20:00,2024-10-04T09:41:02.722899,2024-10-04T10:07:34.022356,CLOSED,,RESEARCH-WORKSTATION-01,False
ALT-CSE-04-01262,CSE-04,LOW,2024-10-09T03:16:24,2024-10-09T03:25:21.158660,2024-10-09T03:59:18.343733,CLOSED,,RESEARCH-WORKSTATION-01,False
ALT-CSE-04-01263,CSE-04,HIGH,2024-12-10T17:26:56,2024-12-10T17:37:10.754728,2024-12-10T18:37:09.566237,CLOSED,CAS-CSE-04-0177,DEF-PERIMETER-FW,True
ALT-CSE-04-01264,CSE-04,HIGH,2024-12-18T23:58:27,2024-12-19T00:06:58.787013,2024-12-19T01:00:47.210427,CLOSED,,RESEARCH-WORKSTATION-01,False
ALT-CSE-04-01265,CSE-04,MEDIUM,2024-10-13T18:10:07,2024-10-13T18:23:13.462305,2024-10-13T19:05:48.203426,CLOSED,,DEF-PERIMETER-FW,False
ALT-CSE-04-01266,CSE-04,HIGH,2024-10-22T04:38:42,2024-10-22T05:00:14.093241,2024-10-22T06:01:09.853840,CLOSED,,DEF-PERIMETER-FW,False
ALT-CSE-04-01267,CSE-04,HIGH,2024-10-15T03:08:06,2024-10-15T03:16:13.328325,2024-10-15T04:38:29.272288,CLOSED,,DEF-PERIMETER-FW,False
ALT-CSE-04-01268,CSE-04,HIGH,2024-10-15T16:29:26,2024-10-15T16:41:22.573343,2024-10-15T17:15:20.405738,CLOSED,,RESEARCH-WORKSTATION-01,False
ALT-CSE-04-01269,CSE-04,LOW,2024-10-16T06:40:09,2024-10-16T06:49:55.275254,2024-10-16T07:59:22.492138,CLOSED,,DEF-PERIMETER-FW,False
ALT-CSE-04-01270,CSE-04,LOW,2024-10-17T15:12:31,2024-10-17T15:29:58.727369,2024-10-17T16:17:03.778102,CLOSED,,RESEARCH-WORKSTATION-01,False
ALT-CSE-04-01271,CSE-04,CRITICAL,2024-11-12T23:02:04,2024-11-12T23:24:09.031684,2024-11-13T00:33:07.130593,CLOSED,CAS-CSE-04-0178,DEF-PERIMETER-FW,False
ALT-CSE-04-01272,CSE-04,HIGH,2024-11-09T00:31:28,2024-11-09T00:39:22.188569,2024-11-09T02:05:41.175471,CLOSED,,RESEARCH-WORKSTATION-01,False
ALT-CSE-04-01273,CSE-04,LOW,2024-10-11T07:14:55,2024-10-11T07:31:08.492048,2024-10-11T08:08:11.083707,CLOSED,,RESEARCH-WORKSTATION-01,False
ALT-CSE-04-01274,CSE-04,MEDIUM,2024-10-29T05:15:10,2024-10-29T05:23:24.735391,2024-10-29T06:59:52.859256,CLOSED,,RESEARCH-WORKSTATION-01,False
ALT-CSE-04-01275,CSE-04,HIGH,2024-10-15T20:40:16,2024-10-15T20:53:19.366520,2024-10-15T21:54:23.303555,CLOSED,,RESEARCH-WORKSTATION-01,False
ALT-CSE-04-01276,CSE-04,LOW,2024-11-08T17:16:02,2024-11-08T17:37:40.819899,2024-11-08T18:06:26.348906,CLOSED,,RESEARCH-WORKSTATION-01,False
ALT-CSE-04-01277,CSE-04,MEDIUM,2024-12-20T12:28:44,2024-12-20T12:46:36.512764,2024-12-20T13:24:26.882435,CLOSED,,RESEARCH-WORKSTATION-01,False
ALT-CSE-04-01278,CSE-04,HIGH,2024-10-08T23:07:50,2024-10-08T23:14:59.947205,2024-10-08T23:55:15.629732,CLOSED,,DEF-PERIMETER-FW,False
ALT-CSE-04-01279,CSE-04,HIGH,2024-12-26T21:55:36,2024-12-26T22:10:31.708283,2024-12-26T23:21:30.525244,CLOSED,,RESEARCH-WORKSTATION-01,False
ALT-CSE-04-01280,CSE-04,HIGH,2024-10-05T18:51:40,2024-10-05T19:04:08.361100,2024-10-05T19:39:55.676192,CLOSED,,DEF-PERIMETER-FW,False
ALT-CSE-04-01281,CSE-04,MEDIUM,2024-10-24T11:49:28,2024-10-24T12:05:46.121974,2024-10-24T13:03:16.737754,CLOSED,,DEF-PERIMETER-FW,False
ALT-CSE-04-01282,CSE-04,HIGH,2024-10-13T02:24:27,2024-10-13T02:37:54.530076,2024-10-13T03:44:58.240642,CLOSED,,DEF-PERIMETER-FW,False
ALT-CSE-04-01283,CSE-04,LOW,2024-11-13T19:59:07,2024-11-13T20:13:41.442617,2024-11-13T21:19:50.656420,CLOSED,,RESEARCH-WORKSTATION-01,False
ALT-CSE-04-01284,CSE-04,LOW,2024-10-25T20:58:09,2024-10-25T21:04:28.560119,2024-10-25T22:06:19.111219,CLOSED,,DEF-PERIMETER-FW,False
ALT-CSE-04-01285,CSE-04,MEDIUM,2024-12-24T20:19:25,2024-12-24T20:35:24.312707,2024-12-24T21:47:00.072047,CLOSED,,RESEARCH-WORKSTATION-01,False
ALT-CSE-04-01286,CSE-04,LOW,2024-10-26T19:19:22,2024-10-26T19:37:40.900749,2024-10-26T20:19:26.872610,CLOSED,,RESEARCH-WORKSTATION-01,False
ALT-CSE-04-01287,CSE-04,LOW,2024-11-19T15:02:19,2024-11-19T15:15:23.841790,2024-11-19T16:41:58.120418,CLOSED,,RESEARCH-WORKSTATION-01,False
ALT-CSE-04-01288,CSE-04,LOW,2024-10-29T10:32:29,2024-10-29T10:43:48.409231,2024-10-29T11:24:31.980669,CLOSED,,DEF-PERIMETER-FW,False
ALT-CSE-04-01289,CSE-04,MEDIUM,2024-11-13T04:01:50,2024-11-13T04:25:38.848362,2024-11-13T04:58:27.149917,CLOSED,,RESEARCH-WORKSTATION-01,False
ALT-CSE-04-01290,CSE-04,LOW,2024-10-09T21:58:15,2024-10-09T22:17:09.250067,2024-10-09T23:36:20.049971,CLOSED,,DEF-PERIMETER-FW,False
ALT-CSE-04-01291,CSE-04,HIGH,2024-11-22T07:40:32,2024-11-22T08:04:34.979268,2024-11-22T08:59:13.740047,CLOSED,,DEF-PERIMETER-FW,False
ALT-CSE-04-01292,CSE-04,MEDIUM,2024-10-29T22:54:01,2024-10-29T23:05:31.987423,2024-10-30T00:41:15.837180,CLOSED,,RESEARCH-WORKSTATION-01,False
ALT-CSE-04-01293,CSE-04,MEDIUM,2024-12-29T04:34:53,2024-12-29T04:49:34.798977,2024-12-29T05:14:58.435568,CLOSED,,RESEARCH-WORKSTATION-01,False
ALT-CSE-04-01294,CSE-04,LOW,2024-12-25T16:40:52,2024-12-25T16:56:57.493439,2024-12-25T17:51:16.074133,CLOSED,,RESEARCH-WORKSTATION-01,False
ALT-CSE-04-01295,CSE-04,HIGH,2024-10-21T00:01:14,2024-10-21T00:13:25.477743,2024-10-21T00:54:10.205480,CLOSED,CAS-CSE-04-0179,RESEARCH-WORKSTATION-01,True
ALT-CSE-04-01296,CSE-04,HIGH,2024-12-17T07:43:34,2024-12-17T07:52:45.649806,2024-12-17T08:36:18.361760,CLOSED,,DEF-PERIMETER-FW,False
ALT-CSE-04-01297,CSE-04,LOW,2024-11-09T03:01:28,2024-11-09T03:08:48.897249,2024-11-09T03:54:20.345576,CLOSED,CAS-CSE-04-0180,RESEARCH-WORKSTATION-01,False
ALT-CSE-04-01298,CSE-04,HIGH,2024-11-10T02:04:10,2024-11-10T02:11:26.396518,2024-11-10T03:28:24.810297,CLOSED,,DEF-PERIMETER-FW,False
ALT-CSE-04-01299,CSE-04,CRITICAL,2024-12-10T19:23:00,2024-12-10T19:35:30.589066,2024-12-10T20:11:47.207133,CLOSED,CAS-CSE-04-0181,DEF-PERIMETER-FW,False
ALT-CSE-04-01300,CSE-04,CRITICAL,2024-10-10T05:45:01,2024-10-10T05:52:16.549017,2024-10-10T07:10:10.476994,CLOSED,CAS-CSE-04-0182,DEF-PERIMETER-FW,False
ALT-CSE-04-01301,CSE-04,MEDIUM,2024-12-04T19:54:44,2024-12-04T20:15:41.851015,2024-12-04T21:29:11.486843,CLOSED,,DEF-PERIMETER-FW,False
ALT-CSE-04-01302,CSE-04,LOW,2024-10-23T10:16:52,2024-10-23T10:34:33.994855,2024-10-23T11:21:58.600085,CLOSED,,RESEARCH-WORKSTATION-01,False
ALT-CSE-04-01303,CSE-04,MEDIUM,2024-10-23T20:56:11,2024-10-23T21:17:13.111410,2024-10-23T21:51:11.986721,CLOSED,,RESEARCH-WORKSTATION-01,False
ALT-CSE-04-01304,CSE-04,MEDIUM,2024-11-26T14:59:02,2024-11-26T15:23:26.988205,2024-11-26T16:06:33.014144,CLOSED,,DEF-PERIMETER-FW,False
ALT-CSE-04-01305,CSE-04,HIGH,2024-10-10T21:30:18,2024-10-10T21:39:10.211251,2024-10-10T22:52:53.401468,CLOSED,,DEF-PERIMETER-FW,False
ALT-CSE-04-01306,CSE-04,HIGH,2024-12-02T17:25:13,2024-12-02T17:36:41.006478,2024-12-02T18:58:44.744522,CLOSED,,DEF-PERIMETER-FW,False
ALT-CSE-04-01307,CSE-04,HIGH,2024-10-14T07:29:21,2024-10-14T07:40:45.506607,2024-10-14T08:48:18.217564,CLOSED,,DEF-PERIMETER-FW,False
ALT-CSE-04-01308,CSE-04,LOW,2024-11-02T21:30:22,2024-11-02T21:44:54.234837,2024-11-02T22:41:42.728436,CLOSED,,RESEARCH-WORKSTATION-01,False
ALT-CSE-04-01309,CSE-04,LOW,2024-12-24T21:10:49,2024-12-24T21:21:14.336795,2024-12-24T22:33:55.069071,CLOSED,,RESEARCH-WORKSTATION-01,False
ALT-CSE-04-01310,CSE-04,MEDIUM,2024-10-15T08:04:17,2024-10-15T08:18:39.637004,2024-10-15T09:49:59.631755,CLOSED,,DEF-PERIMETER-FW,False
ALT-CSE-04-01311,CSE-04,HIGH,2024-11-14T08:58:08,2024-11-14T09:18:02.126141,2024-11-14T09:43:16.916177,CLOSED,,DEF-MISSILE-CTRL-01,False
ALT-CSE-04-01312,CSE-04,MEDIUM,2024-12-17T02:05:45,2024-12-17T02:18:17.272188,2024-12-17T03:03:42.574273,CLOSED,,DEF-PERIMETER-FW,False
ALT-CSE-04-01313,CSE-04,HIGH,2024-10-11T16:07:17,2024-10-11T16:22:27.744259,2024-10-11T17:55:29.923957,CLOSED,,RESEARCH-WORKSTATION-01,False
ALT-CSE-04-01314,CSE-04,LOW,2024-10-16T15:54:52,2024-10-16T16:18:06.094203,2024-10-16T17:02:12.255790,CLOSED,,DEF-PERIMETER-FW,False
ALT-CSE-04-01315,CSE-04,LOW,2024-10-11T18:22:24,2024-10-11T18:42:06.173927,2024-10-11T19:05:55.639665,CLOSED,,RESEARCH-WORKSTATION-01,False
ALT-CSE-04-01316,CSE-04,MEDIUM,2024-12-03T00:27:13,2024-12-03T00:38:35.358847,2024-12-03T01:13:04.973272,CLOSED,,DEF-PERIMETER-FW,False
ALT-CSE-04-01317,CSE-04,HIGH,2024-12-18T06:45:49,2024-12-18T07:04:41.527587,2024-12-18T08:06:10.481956,CLOSED,,RESEARCH-WORKSTATION-01,False
ALT-CSE-04-01318,CSE-04,HIGH,2024-10-11T09:59:59,2024-10-11T10:19:59.694745,2024-10-11T11:32:07.334664,CLOSED,,RESEARCH-WORKSTATION-01,False
ALT-CSE-04-01319,CSE-04,LOW,2024-12-28T03:10:51,2024-12-28T03:27:42.659457,2024-12-28T03:54:00.116700,CLOSED,,DEF-PERIMETER-FW,False
ALT-CSE-04-01320,CSE-04,MEDIUM,2024-10-06T00:47:54,2024-10-06T01:06:42.532539,2024-10-06T01:50:58.661363,CLOSED,,DEF-PERIMETER-FW,False
ALT-CSE-04-01321,CSE-04,MEDIUM,2024-11-28T04:45:46,2024-11-28T05:03:26.545277,2024-11-28T05:52:18.477867,CLOSED,,RESEARCH-WORKSTATION-01,False
ALT-CSE-04-01322,CSE-04,LOW,2024-12-26T15:37:59,2024-12-26T15:48:10.604655,2024-12-26T17:21:04.461335,CLOSED,,RESEARCH-WORKSTATION-01,False
ALT-CSE-04-01323,CSE-04,HIGH,2024-11-06T23:52:10,2024-11-07T00:11:25.658397,2024-11-07T01:12:12.089724,CLOSED,,RESEARCH-WORKSTATION-01,False
ALT-CSE-04-01324,CSE-04,MEDIUM,2024-12-15T23:01:14,2024-12-15T23:17:53.256344,2024-12-16T00:08:55.343332,CLOSED,,RESEARCH-WORKSTATION-01,False
ALT-CSE-04-01325,CSE-04,LOW,2024-10-27T16:15:40,2024-10-27T16:20:53.546312,2024-10-27T17:51:38.439731,CLOSED,,DEF-PERIMETER-FW,False
ALT-CSE-04-01326,CSE-04,MEDIUM,2024-12-18T17:10:26,2024-12-18T17:30:10.031728,2024-12-18T18:21:04.676478,CLOSED,,RESEARCH-WORKSTATION-01,False
ALT-CSE-04-01327,CSE-04,CRITICAL,2024-11-17T08:40:38,2024-11-17T08:57:15.502906,2024-11-17T10:09:59.605791,CLOSED,,RESEARCH-WORKSTATION-01,False
ALT-CSE-04-01328,CSE-04,MEDIUM,2024-11-07T02:07:17,2024-11-07T02:17:40.729979,2024-11-07T03:45:51.115459,CLOSED,,DEF-PERIMETER-FW,False
ALT-CSE-04-01329,CSE-04,HIGH,2024-11-25T23:31:29,2024-11-25T23:41:05.992085,2024-11-26T00:29:13.182501,CLOSED,,RESEARCH-WORKSTATION-01,False
ALT-CSE-04-01330,CSE-04,HIGH,2024-11-23T01:31:16,2024-11-23T01:37:28.396255,2024-11-23T02:20:02.837372,CLOSED,,RESEARCH-WORKSTATION-01,False
ALT-CSE-04-01331,CSE-04,MEDIUM,2024-10-20T13:12:05,2024-10-20T13:18:27.629899,2024-10-20T14:42:57.824258,CLOSED,,RESEARCH-WORKSTATION-01,False
ALT-CSE-04-01332,CSE-04,MEDIUM,2024-11-24T21:48:45,2024-11-24T22:02:07.703120,2024-11-24T23:16:48.064662,CLOSED,,RESEARCH-WORKSTATION-01,False
ALT-CSE-04-01333,CSE-04,HIGH,2024-10-30T04:18:02,2024-10-30T04:41:52.121854,2024-10-30T05:06:35.003602,CLOSED,,DEF-PERIMETER-FW,False
ALT-CSE-04-01334,CSE-04,LOW,2024-12-01T19:50:36,2024-12-01T20:12:59.179004,2024-12-01T20:32:14.428182,CLOSED,,DEF-PERIMETER-FW,False
ALT-CSE-04-01335,CSE-04,MEDIUM,2024-11-10T11:14:42,2024-11-10T11:29:57.195951,2024-11-10T12:28:07.740646,CLOSED,,DEF-PERIMETER-FW,False
ALT-CSE-04-01336,CSE-04,MEDIUM,2024-10-19T07:56:26,2024-10-19T08:13:51.912495,2024-10-19T09:03:01.131413,CLOSED,,DEF-PERIMETER-FW,False
ALT-CSE-04-01337,CSE-04,MEDIUM,2024-11-08T12:28:14,2024-11-08T12:51:55.949844,2024-11-08T13:14:24.351873,CLOSED,,RESEARCH-WORKSTATION-01,False
ALT-CSE-04-01338,CSE-04,LOW,2024-11-14T12:28:21,2024-11-14T12:36:22.983740,2024-11-14T14:02:55.617697,CLOSED,,DEF-PERIMETER-FW,False
ALT-CSE-04-01339,CSE-04,MEDIUM,2024-11-20T07:41:09,2024-11-20T07:48:30.898002,2024-11-20T08:45:36.131359,CLOSED,,RESEARCH-WORKSTATION-01,False
ALT-CSE-04-01340,CSE-04,CRITICAL,2024-11-06T14:24:25,2024-11-06T14:46:31.792868,2024-11-06T15:46:47.511552,CLOSED,CAS-CSE-04-0183,DEF-PERIMETER-FW,False
ALT-CSE-04-01341,CSE-04,CRITICAL,2024-11-08T00:21:05,2024-11-08T00:26:07.761805,2024-11-08T01:44:58.442562,CLOSED,CAS-CSE-04-0184,RESEARCH-WORKSTATION-01,False
ALT-CSE-04-01342,CSE-04,MEDIUM,2024-12-13T19:50:59,2024-12-13T20:00:16.512525,2024-12-13T21:24:46.908877,CLOSED,,DEF-MISSILE-CTRL-01,False
ALT-CSE-04-01343,CSE-04,MEDIUM,2024-10-20T21:25:26,2024-10-20T21:48:21.505497,2024-10-20T22:14:48.103633,CLOSED,,DEF-PERIMETER-FW,False
ALT-CSE-04-01344,CSE-04,HIGH,2024-12-15T05:43:01,2024-12-15T05:56:37.538581,2024-12-15T07:31:39.453985,CLOSED,CAS-CSE-04-0185,DEF-PERIMETER-FW,True
ALT-CSE-04-01345,CSE-04,HIGH,2024-10-01T06:59:57,2024-10-01T07:06:55.878163,2024-10-01T07:55:30.892432,CLOSED,,DEF-PERIMETER-FW,False
ALT-CSE-04-01346,CSE-04,MEDIUM,2024-12-01T00:05:59,2024-12-01T00:29:16.378239,2024-12-01T01:39:02.287353,CLOSED,,DEF-PERIMETER-FW,False
ALT-CSE-04-01347,CSE-04,MEDIUM,2024-11-17T10:19:30,2024-11-17T10:29:30.264493,2024-11-17T11:48:29.271431,CLOSED,CAS-CSE-04-0186,RESEARCH-WORKSTATION-01,False
ALT-CSE-04-01348,CSE-04,MEDIUM,2024-12-24T06:39:32,2024-12-24T06:50:13.627116,2024-12-24T07:27:43.062618,CLOSED,,RESEARCH-WORKSTATION-01,False
ALT-CSE-04-01349,CSE-04,LOW,2024-11-10T17:12:22,2024-11-10T17:35:15.761476,2024-11-10T18:53:46.736985,CLOSED,,DEF-PERIMETER-FW,False
ALT-CSE-04-01350,CSE-04,MEDIUM,2024-12-18T09:12:13,2024-12-18T09:35:14.365832,2024-12-18T09:57:47.106609,CLOSED,,DEF-PERIMETER-FW,False
ALT-CSE-04-01351,CSE-04,HIGH,2024-11-24T21:24:02,2024-11-24T21:36:30.370685,2024-11-24T22:17:08.019976,CLOSED,,DEF-PERIMETER-FW,False
ALT-CSE-04-01352,CSE-04,HIGH,2024-12-19T12:52:36,2024-12-19T13:00:03.997404,2024-12-19T14:06:38.206969,CLOSED,,DEF-PERIMETER-FW,False
ALT-CSE-04-01353,CSE-04,MEDIUM,2024-12-11T08:06:21,2024-12-11T08:29:28.211401,2024-12-11T09:24:53.188019,CLOSED,,RESEARCH-WORKSTATION-01,False
ALT-CSE-04-01354,CSE-04,LOW,2024-10-28T21:11:41,2024-10-28T21:22:34.698332,2024-10-28T22:00:44.115401,CLOSED,,DEF-PERIMETER-FW,False
ALT-CSE-04-01355,CSE-04,LOW,2024-10-16T02:29:39,2024-10-16T02:47:58.283786,2024-10-16T03:31:42.660148,CLOSED,,DEF-PERIMETER-FW,False
ALT-CSE-04-01356,CSE-04,LOW,2024-10-30T05:14:33,2024-10-30T05:37:12.178956,2024-10-30T06:59:27.551155,CLOSED,,RESEARCH-WORKSTATION-01,False
ALT-CSE-04-01357,CSE-04,MEDIUM,2024-12-28T22:27:52,2024-12-28T22:43:24.310488,2024-12-29T00:14:12.015424,CLOSED,,DEF-PERIMETER-FW,False
ALT-CSE-04-01358,CSE-04,HIGH,2024-11-03T23:50:46,2024-11-04T00:02:51.200678,2024-11-04T00:35:45.479784,CLOSED,,DEF-PERIMETER-FW,False
ALT-CSE-04-01359,CSE-04,LOW,2024-12-11T12:06:01,2024-12-11T12:22:38.490935,2024-12-11T13:48:09.394909,CLOSED,,DEF-PERIMETER-FW,False
ALT-CSE-04-01360,CSE-04,MEDIUM,2024-12-25T07:21:59,2024-12-25T07:32:46.833131,2024-12-25T08:34:02.389937,CLOSED,,RESEARCH-WORKSTATION-01,False
ALT-CSE-04-01361,CSE-04,LOW,2024-11-29T19:03:21,2024-11-29T19:23:40.188138,2024-11-29T19:58:26.574833,CLOSED,,RESEARCH-WORKSTATION-01,False
ALT-CSE-04-01362,CSE-04,LOW,2024-11-26T22:16:43,2024-11-26T22:34:59.160087,2024-11-26T23:53:25.391494,CLOSED,CAS-CSE-04-0187,DEF-PERIMETER-FW,False
ALT-CSE-04-01363,CSE-04,HIGH,2024-10-30T08:28:21,2024-10-30T08:44:09.446729,2024-10-30T10:12:16.632069,CLOSED,,RESEARCH-WORKSTATION-01,False
ALT-CSE-04-01364,CSE-04,MEDIUM,2024-10-09T15:27:56,2024-10-09T15:37:46.878021,2024-10-09T16:45:18.325797,CLOSED,,DEF-PERIMETER-FW,False
ALT-CSE-04-01365,CSE-04,HIGH,2024-11-11T19:09:09,2024-11-11T19:18:07.686273,2024-11-11T20:55:46.643743,CLOSED,,DEF-PERIMETER-FW,False
ALT-CSE-04-01366,CSE-04,HIGH,2024-12-05T09:42:19,2024-12-05T10:01:09.338479,2024-12-05T10:31:43.258077,CLOSED,,DEF-PERIMETER-FW,False
ALT-CSE-04-01367,CSE-04,LOW,2024-10-05T07:27:36,2024-10-05T07:50:47.356429,2024-10-05T08:14:33.719146,CLOSED,,RESEARCH-WORKSTATION-01,False
ALT-CSE-04-01368,CSE-04,LOW,2024-10-11T05:08:00,2024-10-11T05:30:28.991382,2024-10-11T06:05:29.932585,CLOSED,,DEF-MISSILE-CTRL-01,False
ALT-CSE-04-01369,CSE-04,LOW,2024-12-11T18:01:46,2024-12-11T18:12:06.775444,2024-12-11T18:57:42.797349,CLOSED,,RESEARCH-WORKSTATION-01,False
ALT-CSE-04-01370,CSE-04,MEDIUM,2024-10-13T13:30:42,2024-10-13T13:38:00.452027,2024-10-13T14:47:40.828620,CLOSED,,RESEARCH-WORKSTATION-01,False
ALT-CSE-04-01371,CSE-04,HIGH,2024-12-21T19:45:47,2024-12-21T20:09:04.892250,2024-12-21T21:06:56.844739,CLOSED,CAS-CSE-04-0188,DEF-PERIMETER-FW,False
ALT-CSE-04-01372,CSE-04,HIGH,2024-11-06T11:34:57,2024-11-06T11:42:52.971712,2024-11-06T13:22:10.985235,CLOSED,,DEF-PERIMETER-FW,False
ALT-CSE-04-01373,CSE-04,LOW,2024-10-07T17:10:32,2024-10-07T17:28:53.963248,2024-10-07T18:19:42.067574,CLOSED,,RESEARCH-WORKSTATION-01,False
ALT-CSE-04-01374,CSE-04,CRITICAL,2024-12-19T18:56:46,2024-12-19T19:21:14.761027,2024-12-19T20:19:08.027712,CLOSED,,RESEARCH-WORKSTATION-01,False
ALT-CSE-04-01375,CSE-04,MEDIUM,2024-12-20T05:31:38,2024-12-20T05:38:22.015333,2024-12-20T06:56:57.321863,CLOSED,,DEF-PERIMETER-FW,False
ALT-CSE-04-01376,CSE-04,LOW,2024-11-28T08:39:29,2024-11-28T08:48:55.648464,2024-11-28T09:26:02.932537,CLOSED,,DEF-PERIMETER-FW,False
ALT-CSE-04-01377,CSE-04,MEDIUM,2024-10-16T00:31:45,2024-10-16T00:52:19.753169,2024-10-16T01:26:17.873169,CLOSED,,RESEARCH-WORKSTATION-01,False
ALT-CSE-04-01378,CSE-04,LOW,2024-11-16T10:30:19,2024-11-16T10:51:50.145691,2024-11-16T11:22:01.141011,CLOSED,,DEF-PERIMETER-FW,False
ALT-CSE-04-01379,CSE-04,LOW,2024-10-11T02:41:58,2024-10-11T03:04:52.616390,2024-10-11T04:15:21.834627,CLOSED,,DEF-PERIMETER-FW,False
ALT-CSE-04-01380,CSE-04,LOW,2024-10-17T03:43:01,2024-10-17T03:56:53.598302,2024-10-17T05:25:38.565315,CLOSED,CAS-CSE-04-0189,DEF-PERIMETER-FW,False
ALT-CSE-04-01381,CSE-04,MEDIUM,2024-12-25T04:47:52,2024-12-25T04:53:04.176587,2024-12-25T05:55:35.206227,CLOSED,CAS-CSE-04-0190,DEF-PERIMETER-FW,False
ALT-CSE-04-01382,CSE-04,LOW,2024-12-04T05:51:38,2024-12-04T06:02:22.734114,2024-12-04T07:01:50.286547,CLOSED,,RESEARCH-WORKSTATION-01,False
ALT-CSE-04-01383,CSE-04,MEDIUM,2024-11-05T12:25:29,2024-11-05T12:49:24.257322,2024-11-05T13:39:55.333597,CLOSED,,RESEARCH-WORKSTATION-01,False
ALT-CSE-04-01384,CSE-04,HIGH,2024-10-22T07:42:41,2024-10-22T07:50:49.450786,2024-10-22T08:30:35.362607,CLOSED,,RESEARCH-WORKSTATION-01,False
ALT-CSE-04-01385,CSE-04,HIGH,2024-10-29T10:00:19,2024-10-29T10:10:29.207684,2024-10-29T10:58:32.783021,CLOSED,CAS-CSE-04-0191,DEF-PERIMETER-FW,False
ALT-CSE-04-01386,CSE-04,HIGH,2024-11-24T09:31:20,2024-11-24T09:39:58.891566,2024-11-24T11:17:46.424508,CLOSED,,DEF-PERIMETER-FW,False
ALT-CSE-04-01387,CSE-04,MEDIUM,2024-10-22T17:44:27,2024-10-22T18:05:05.556579,2024-10-22T18:38:32.716027,CLOSED,,RESEARCH-WORKSTATION-01,False
ALT-CSE-04-01388,CSE-04,MEDIUM,2024-10-03T06:24:57,2024-10-03T06:41:49.176479,2024-10-03T08:03:56.501484,CLOSED,,RESEARCH-WORKSTATION-01,False
ALT-CSE-04-01389,CSE-04,HIGH,2024-10-06T03:39:57,2024-10-06T04:03:35.370543,2024-10-06T04:40:02.009684,CLOSED,,DEF-PERIMETER-FW,False
ALT-CSE-04-01390,CSE-04,LOW,2024-12-21T09:24:58,2024-12-21T09:48:50.101357,2024-12-21T10:26:45.447098,CLOSED,,DEF-PERIMETER-FW,False
ALT-CSE-04-01391,CSE-04,HIGH,2024-12-04T09:05:04,2024-12-04T09:21:37.154345,2024-12-04T10:33:40.585734,CLOSED,,DEF-PERIMETER-FW,False
ALT-CSE-04-01392,CSE-04,MEDIUM,2024-10-20T16:13:51,2024-10-20T16:37:38.957590,2024-10-20T17:13:17.791941,CLOSED,,DEF-PERIMETER-FW,False
ALT-CSE-04-01393,CSE-04,HIGH,2024-10-29T19:23:48,2024-10-29T19:35:26.021582,2024-10-29T20:56:38.760342,CLOSED,,RESEARCH-WORKSTATION-01,False
ALT-CSE-04-01394,CSE-04,MEDIUM,2024-10-17T15:29:12,2024-10-17T15:50:33.343233,2024-10-17T16:56:40.248721,CLOSED,,DEF-PERIMETER-FW,False
ALT-CSE-04-01395,CSE-04,MEDIUM,2024-11-26T08:41:41,2024-11-26T09:00:22.156567,2024-11-26T09:40:26.589014,CLOSED,CAS-CSE-04-0192,DEF-PERIMETER-FW,False
ALT-CSE-04-01396,CSE-04,MEDIUM,2024-12-27T16:46:30,2024-12-27T17:03:02.470791,2024-12-27T18:00:21.350820,CLOSED,,DEF-PERIMETER-FW,False
ALT-CSE-04-01397,CSE-04,LOW,2024-12-20T16:23:39,2024-12-20T16:33:47.917092,2024-12-20T18:07:23.513350,CLOSED,,RESEARCH-WORKSTATION-01,False
ALT-CSE-04-01398,CSE-04,MEDIUM,2024-12-21T01:53:20,2024-12-21T02:17:12.246945,2024-12-21T03:30:58.371254,CLOSED,,DEF-PERIMETER-FW,False
ALT-CSE-04-01399,CSE-04,MEDIUM,2024-11-17T05:56:16,2024-11-17T06:12:56.158386,2024-11-17T07:08:02.031034,CLOSED,,DEF-PERIMETER-FW,False
ALT-CSE-04-01400,CSE-04,MEDIUM,2024-11-01T01:03:25,2024-11-01T01:20:48.657036,2024-11-01T02:51:08.820780,CLOSED,,RESEARCH-WORKSTATION-01,False
ALT-CSE-04-01401,CSE-04,HIGH,2024-12-26T12:08:24,2024-12-26T12:26:43.115236,2024-12-26T13:39:07.993519,CLOSED,CAS-CSE-04-0193,RESEARCH-WORKSTATION-01,False
ALT-CSE-04-01402,CSE-04,MEDIUM,2024-11-23T02:27:38,2024-11-23T02:34:00.491252,2024-11-23T03:39:38.370680,CLOSED,CAS-CSE-04-0194,DEF-PERIMETER-FW,False
ALT-CSE-04-01403,CSE-04,HIGH,2024-11-04T22:20:14,2024-11-04T22:26:30.190885,2024-11-04T23:18:30.701492,CLOSED,,DEF-PERIMETER-FW,False
ALT-CSE-04-01404,CSE-04,MEDIUM,2024-11-22T12:36:36,2024-11-22T12:46:57.870639,2024-11-22T14:13:57.418189,CLOSED,,DEF-PERIMETER-FW,False
ALT-CSE-04-01405,CSE-04,LOW,2024-10-22T15:01:37,2024-10-22T15:09:58.697307,2024-10-22T16:49:54.481826,CLOSED,,DEF-PERIMETER-FW,False
ALT-CSE-04-01406,CSE-04,MEDIUM,2024-11-26T02:48:33,2024-11-26T03:10:42.027901,2024-11-26T04:18:33.725777,CLOSED,,DEF-PERIMETER-FW,False
ALT-CSE-04-01407,CSE-04,MEDIUM,2024-12-19T19:05:24,2024-12-19T19:13:03.722269,2024-12-19T20:31:58.641099,CLOSED,,DEF-PERIMETER-FW,False
ALT-CSE-04-01408,CSE-04,LOW,2024-11-05T00:39:07,2024-11-05T00:53:09.828627,2024-11-05T01:30:13.842089,CLOSED,,DEF-PERIMETER-FW,False
ALT-CSE-04-01409,CSE-04,HIGH,2024-12-25T20:29:25,2024-12-25T20:35:09.360904,2024-12-25T21:41:09.536380,CLOSED,,DEF-PERIMETER-FW,False
ALT-CSE-04-01410,CSE-04,LOW,2024-12-08T20:48:51,2024-12-08T21:04:28.019845,2024-12-08T22:23:24.274151,CLOSED,,DEF-PERIMETER-FW,False
ALT-CSE-04-01411,CSE-04,MEDIUM,2024-12-20T03:06:51,2024-12-20T03:24:28.274116,2024-12-20T03:56:22.391424,CLOSED,,RESEARCH-WORKSTATION-01,False
ALT-CSE-04-01412,CSE-04,MEDIUM,2024-12-02T22:29:32,2024-12-02T22:49:41.212662,2024-12-02T23:12:09.975674,CLOSED,,RESEARCH-WORKSTATION-01,False
ALT-CSE-04-01413,CSE-04,MEDIUM,2024-12-08T06:43:29,2024-12-08T06:58:09.557383,2024-12-08T07:54:10.438514,CLOSED,CAS-CSE-04-0195,DEF-PERIMETER-FW,False
ALT-CSE-04-01414,CSE-04,MEDIUM,2024-11-27T11:02:59,2024-11-27T11:24:31.527103,2024-11-27T12:22:00.877072,CLOSED,CAS-CSE-04-0196,RESEARCH-WORKSTATION-01,False
ALT-CSE-04-01415,CSE-04,HIGH,2024-11-27T04:40:13,2024-11-27T04:59:44.388856,2024-11-27T05:23:36.813304,CLOSED,,DEF-PERIMETER-FW,False
ALT-CSE-04-01416,CSE-04,CRITICAL,2024-11-20T16:25:47,2024-11-20T16:35:01.851465,2024-11-20T17:16:43.518160,CLOSED,,DEF-PERIMETER-FW,False
ALT-CSE-04-01417,CSE-04,HIGH,2024-12-23T19:53:47,2024-12-23T20:13:31.468235,2024-12-23T21:29:39.933318,CLOSED,,DEF-PERIMETER-FW,False
ALT-CSE-04-01418,CSE-04,HIGH,2024-12-13T22:10:13,2024-12-13T22:30:16.403816,2024-12-13T23:51:00.377903,CLOSED,,RESEARCH-WORKSTATION-01,False
ALT-CSE-04-01419,CSE-04,LOW,2024-12-22T08:43:09,2024-12-22T08:55:34.413807,2024-12-22T09:28:57.720224,CLOSED,,DEF-PERIMETER-FW,False
ALT-CSE-04-01420,CSE-04,MEDIUM,2024-10-26T07:33:17,2024-10-26T07:56:46.104616,2024-10-26T08:55:51.349452,CLOSED,,RESEARCH-WORKSTATION-01,False
ALT-CSE-04-01421,CSE-04,HIGH,2024-11-09T15:11:28,2024-11-09T15:31:39.216604,2024-11-09T16:08:41.582532,CLOSED,,DEF-PERIMETER-FW,False
ALT-CSE-04-01422,CSE-04,HIGH,2024-10-01T18:13:00,2024-10-01T18:30:36.878148,2024-10-01T19:08:36.610093,CLOSED,,DEF-PERIMETER-FW,False
ALT-CSE-04-01423,CSE-04,HIGH,2024-11-01T07:49:58,2024-11-01T08:01:34.009051,2024-11-01T09:12:13.387335,CLOSED,,RESEARCH-WORKSTATION-01,False
ALT-CSE-04-01424,CSE-04,LOW,2024-12-08T14:00:05,2024-12-08T14:20:05.687304,2024-12-08T15:02:47.979078,CLOSED,,DEF-PERIMETER-FW,False
ALT-CSE-04-01425,CSE-04,LOW,2024-10-29T12:39:42,2024-10-29T13:01:41.863586,2024-10-29T13:19:51.394604,CLOSED,,DEF-PERIMETER-FW,False
ALT-CSE-04-01426,CSE-04,MEDIUM,2024-12-18T12:57:11,2024-12-18T13:07:07.171206,2024-12-18T14:34:16.491757,CLOSED,,DEF-PERIMETER-FW,False
ALT-CSE-04-01427,CSE-04,LOW,2024-12-28T03:42:39,2024-12-28T03:49:22.856841,2024-12-28T04:49:53.444953,CLOSED,,DEF-PERIMETER-FW,False
ALT-CSE-04-01428,CSE-04,HIGH,2024-10-23T14:00:26,2024-10-23T14:18:03.336466,2024-10-23T14:40:44.189331,CLOSED,,DEF-PERIMETER-FW,False
ALT-CSE-04-01429,CSE-04,HIGH,2024-11-04T10:46:03,2024-11-04T11:05:14.602036,2024-11-04T11:41:42.891835,CLOSED,,RESEARCH-WORKSTATION-01,False
ALT-CSE-04-01430,CSE-04,LOW,2024-12-08T03:06:35,2024-12-08T03:28:30.777904,2024-12-08T04:14:31.267714,CLOSED,,RESEARCH-WORKSTATION-01,False
ALT-CSE-04-01431,CSE-04,HIGH,2024-10-10T16:39:27,2024-10-10T17:01:31.772252,2024-10-10T17:25:06.323088,CLOSED,,DEF-PERIMETER-FW,False
ALT-CSE-04-01432,CSE-04,MEDIUM,2024-11-07T03:52:30,2024-11-07T04:15:53.630395,2024-11-07T04:44:14.281983,CLOSED,,RESEARCH-WORKSTATION-01,False
ALT-CSE-04-01433,CSE-04,MEDIUM,2024-11-22T04:19:47,2024-11-22T04:41:07.066642,2024-11-22T05:15:01.667262,CLOSED,,DEF-PERIMETER-FW,False
ALT-CSE-04-01434,CSE-04,MEDIUM,2024-12-07T18:00:16,2024-12-07T18:06:21.053509,2024-12-07T19:12:22.235235,CLOSED,CAS-CSE-04-0197,DEF-PERIMETER-FW,False
ALT-CSE-04-01435,CSE-04,MEDIUM,2024-12-11T23:39:26,2024-12-11T23:53:37.674158,2024-12-12T01:03:22.013057,CLOSED,,DEF-PERIMETER-FW,False
ALT-CSE-04-01436,CSE-04,LOW,2024-11-05T23:00:44,2024-11-05T23:09:44.078223,2024-11-06T00:40:54.061066,CLOSED,,RESEARCH-WORKSTATION-01,False
ALT-CSE-04-01437,CSE-04,CRITICAL,2024-11-05T11:01:46,2024-11-05T11:19:38.048348,2024-11-05T11:55:50.823480,CLOSED,,DEF-PERIMETER-FW,False
ALT-CSE-04-01438,CSE-04,HIGH,2024-11-06T03:00:11,2024-11-06T03:09:56.114636,2024-11-06T03:50:44.432450,CLOSED,CAS-CSE-04-0198,RESEARCH-WORKSTATION-01,True
ALT-CSE-04-01439,CSE-04,LOW,2024-12-06T06:37:44,2024-12-06T06:53:22.937780,2024-12-06T07:18:45.145646,CLOSED,,RESEARCH-WORKSTATION-01,False
ALT-CSE-04-01440,CSE-04,MEDIUM,2024-11-09T17:03:41,2024-11-09T17:11:07.593022,2024-11-09T18:27:29.413796,CLOSED,,RESEARCH-WORKSTATION-01,False
ALT-CSE-04-01441,CSE-04,MEDIUM,2024-12-27T21:01:23,2024-12-27T21:23:28.208473,2024-12-27T21:54:19.906110,CLOSED,,RESEARCH-WORKSTATION-01,False
ALT-CSE-04-01442,CSE-04,MEDIUM,2024-10-17T13:05:55,2024-10-17T13:29:54.154844,2024-10-17T14:50:17.702391,CLOSED,,RESEARCH-WORKSTATION-01,False
ALT-CSE-04-01443,CSE-04,HIGH,2024-12-08T23:26:19,2024-12-08T23:39:44.595357,2024-12-09T00:46:13.597428,CLOSED,CAS-CSE-04-0199,DEF-PERIMETER-FW,False
ALT-CSE-04-01444,CSE-04,HIGH,2024-12-27T18:19:59,2024-12-27T18:40:47.748972,2024-12-27T19:51:44.592847,CLOSED,,RESEARCH-WORKSTATION-01,False
ALT-CSE-04-01445,CSE-04,MEDIUM,2024-12-21T14:08:56,2024-12-21T14:24:44.150490,2024-12-21T15:51:44.926242,CLOSED,,DEF-PERIMETER-FW,False
ALT-CSE-04-01446,CSE-04,HIGH,2024-10-16T08:46:57,2024-10-16T08:59:27.572172,2024-10-16T10:22:19.056059,CLOSED,,DEF-PERIMETER-FW,False
ALT-CSE-04-01447,CSE-04,MEDIUM,2024-12-21T17:44:55,2024-12-21T17:58:41.734327,2024-12-21T19:07:18.710739,CLOSED,,DEF-PERIMETER-FW,False
ALT-CSE-04-01448,CSE-04,MEDIUM,2024-10-03T03:44:24,2024-10-03T04:00:32.267605,2024-10-03T04:54:21.831546,CLOSED,,DEF-PERIMETER-FW,False
ALT-CSE-04-01449,CSE-04,HIGH,2024-11-09T20:21:52,2024-11-09T20:33:58.773445,2024-11-09T21:05:13.570935,CLOSED,,RESEARCH-WORKSTATION-01,False
ALT-CSE-04-01450,CSE-04,HIGH,2024-12-04T12:50:23,2024-12-04T12:55:34.888594,2024-12-04T14:17:51.213164,CLOSED,,DEF-PERIMETER-FW,False
ALT-CSE-04-01451,CSE-04,MEDIUM,2024-12-04T13:11:19,2024-12-04T13:29:46.615760,2024-12-04T14:25:29.175088,CLOSED,,RESEARCH-WORKSTATION-01,False
ALT-CSE-04-01452,CSE-04,LOW,2024-10-22T00:37:24,2024-10-22T00:52:47.713914,2024-10-22T01:38:14.185021,CLOSED,,DEF-PERIMETER-FW,False
ALT-CSE-04-01453,CSE-04,LOW,2024-10-05T04:56:27,2024-10-05T05:14:39.358210,2024-10-05T06:42:36.651443,CLOSED,,RESEARCH-WORKSTATION-01,False
ALT-CSE-04-01454,CSE-04,MEDIUM,2024-11-21T13:40:20,2024-11-21T13:53:42.300932,2024-11-21T14:45:47.978158,CLOSED,,RESEARCH-WORKSTATION-01,False
ALT-CSE-04-01455,CSE-04,LOW,2024-10-08T08:58:31,2024-10-08T09:19:25.756351,2024-10-08T09:47:34.692957,CLOSED,,DEF-PERIMETER-FW,False
ALT-CSE-04-01456,CSE-04,MEDIUM,2024-10-25T09:48:52,2024-10-25T10:10:07.111582,2024-10-25T10:37:23.212067,CLOSED,,DEF-PERIMETER-FW,False
ALT-CSE-04-01457,CSE-04,MEDIUM,2024-12-13T01:27:52,2024-12-13T01:33:40.299482,2024-12-13T02:46:20.397965,CLOSED,CAS-CSE-04-0200,DEF-PERIMETER-FW,False
ALT-CSE-04-01458,CSE-04,LOW,2024-12-28T06:16:44,2024-12-28T06:34:09.083313,2024-12-28T07:12:16.388658,CLOSED,CAS-CSE-04-0201,RESEARCH-WORKSTATION-01,False
ALT-CSE-04-01459,CSE-04,MEDIUM,2024-12-26T08:37:51,2024-12-26T08:55:49.290568,2024-12-26T09:38:28.278847,CLOSED,,DEF-PERIMETER-FW,False
ALT-CSE-04-01460,CSE-04,CRITICAL,2024-10-14T14:21:39,2024-10-14T14:44:15.306090,2024-10-14T16:00:58.351776,CLOSED,CAS-CSE-04-0202,DEF-PERIMETER-FW,False
ALT-CSE-04-01461,CSE-04,HIGH,2024-10-11T21:43:56,2024-10-11T22:07:53.807603,2024-10-11T22:38:41.098241,CLOSED,,RESEARCH-WORKSTATION-01,False
ALT-CSE-04-01462,CSE-04,LOW,2024-11-26T22:07:41,2024-11-26T22:31:49.576547,2024-11-26T23:43:22.952453,CLOSED,,RESEARCH-WORKSTATION-01,False
ALT-CSE-04-01463,CSE-04,MEDIUM,2024-10-04T16:08:01,2024-10-04T16:20:47.175448,2024-10-04T17:53:44.918806,CLOSED,,RESEARCH-WORKSTATION-01,False
ALT-CSE-04-01464,CSE-04,LOW,2024-10-14T11:29:26,2024-10-14T11:46:42.021414,2024-10-14T12:44:55.552968,CLOSED,,DEF-PERIMETER-FW,False
ALT-CSE-04-01465,CSE-04,MEDIUM,2024-10-03T22:21:37,2024-10-03T22:33:04.548344,2024-10-04T00:09:59.267683,CLOSED,,DEF-PERIMETER-FW,False
ALT-CSE-04-01466,CSE-04,MEDIUM,2024-10-03T19:26:33,2024-10-03T19:47:15.682365,2024-10-03T20:27:17.009268,CLOSED,CAS-CSE-04-0203,RESEARCH-WORKSTATION-01,False
ALT-CSE-04-01467,CSE-04,MEDIUM,2024-11-22T01:49:08,2024-11-22T02:00:53.439325,2024-11-22T03:12:37.248051,CLOSED,,RESEARCH-WORKSTATION-01,False
ALT-CSE-04-01468,CSE-04,HIGH,2024-11-27T18:35:21,2024-11-27T18:53:43.913115,2024-11-27T19:33:23.720145,CLOSED,,RESEARCH-WORKSTATION-01,False
ALT-CSE-04-01469,CSE-04,MEDIUM,2024-12-03T11:55:54,2024-12-03T12:05:46.818600,2024-12-03T13:39:34.183954,CLOSED,,DEF-PERIMETER-FW,False
ALT-CSE-04-01470,CSE-04,MEDIUM,2024-12-11T18:22:31,2024-12-11T18:32:28.296065,2024-12-11T20:11:50.849586,CLOSED,,RESEARCH-WORKSTATION-01,False
ALT-CSE-04-01471,CSE-04,MEDIUM,2024-12-12T21:33:25,2024-12-12T21:48:56.425528,2024-12-12T22:33:43.951658,CLOSED,,DEF-PERIMETER-FW,False
ALT-CSE-04-01472,CSE-04,MEDIUM,2024-10-16T14:18:46,2024-10-16T14:30:14.722860,2024-10-16T15:17:22.245576,CLOSED,,DEF-PERIMETER-FW,False
ALT-CSE-04-01473,CSE-04,MEDIUM,2024-12-20T08:01:01,2024-12-20T08:21:43.505792,2024-12-20T09:07:27.195378,CLOSED,,RESEARCH-WORKSTATION-01,False
ALT-CSE-04-01474,CSE-04,LOW,2024-12-18T16:46:29,2024-12-18T17:01:08.346989,2024-12-18T18:04:46.308610,CLOSED,,DEF-PERIMETER-FW,False
ALT-CSE-04-01475,CSE-04,LOW,2024-11-04T15:10:49,2024-11-04T15:30:07.333137,2024-11-04T15:58:31.615274,CLOSED,,DEF-PERIMETER-FW,False
ALT-CSE-04-01476,CSE-04,HIGH,2024-12-09T11:41:05,2024-12-09T11:50:09.532637,2024-12-09T12:25:00.141159,CLOSED,,DEF-PERIMETER-FW,False
ALT-CSE-04-01477,CSE-04,LOW,2024-12-10T08:21:36,2024-12-10T08:36:32.160373,2024-12-10T09:56:38.707216,CLOSED,,RESEARCH-WORKSTATION-01,False
ALT-CSE-04-01478,CSE-04,MEDIUM,2024-12-09T00:11:11,2024-12-09T00:22:55.160441,2024-12-09T01:14:35.088376,CLOSED,,RESEARCH-WORKSTATION-01,False
ALT-CSE-04-01479,CSE-04,HIGH,2024-11-22T05:51:58,2024-11-22T06:05:19.674644,2024-11-22T07:40:03.007057,CLOSED,,RESEARCH-WORKSTATION-01,False
ALT-CSE-04-01480,CSE-04,MEDIUM,2024-11-23T21:15:45,2024-11-23T21:24:09.155455,2024-11-23T22:51:47.850990,CLOSED,,DEF-PERIMETER-FW,False
ALT-CSE-04-01481,CSE-04,CRITICAL,2024-12-01T17:47:29,2024-12-01T17:52:40.017200,2024-12-01T18:35:07.107959,CLOSED,CAS-CSE-04-0204,DEF-PERIMETER-FW,False
ALT-CSE-04-01482,CSE-04,LOW,2024-12-04T21:37:35,2024-12-04T21:53:26.324124,2024-12-04T22:46:57.576649,CLOSED,,DEF-PERIMETER-FW,False
ALT-CSE-04-01483,CSE-04,MEDIUM,2024-10-04T07:58:43,2024-10-04T08:16:22.486765,2024-10-04T09:06:30.106092,CLOSED,,RESEARCH-WORKSTATION-01,False
ALT-CSE-04-01484,CSE-04,MEDIUM,2024-12-15T22:18:10,2024-12-15T22:26:01.839041,2024-12-15T23:11:29.629866,CLOSED,,RESEARCH-WORKSTATION-01,False
ALT-CSE-04-01485,CSE-04,MEDIUM,2024-11-23T13:33:40,2024-11-23T13:41:50.341249,2024-11-23T14:48:15.195154,CLOSED,,RESEARCH-WORKSTATION-01,False
ALT-CSE-04-01486,CSE-04,LOW,2024-11-04T15:59:01,2024-11-04T16:15:48.048021,2024-11-04T16:48:19.581078,CLOSED,,DEF-PERIMETER-FW,False
ALT-CSE-04-01487,CSE-04,HIGH,2024-10-03T02:29:53,2024-10-03T02:35:19.905078,2024-10-03T03:19:40.851690,CLOSED,,RESEARCH-WORKSTATION-01,False
ALT-CSE-04-01488,CSE-04,LOW,2024-11-12T00:55:55,2024-11-12T01:15:44.300231,2024-11-12T02:16:48.183521,CLOSED,,RESEARCH-WORKSTATION-01,False
ALT-CSE-04-01489,CSE-04,MEDIUM,2024-11-03T03:33:34,2024-11-03T03:45:30.607498,2024-11-03T04:38:51.377905,CLOSED,,RESEARCH-WORKSTATION-01,False
ALT-CSE-04-01490,CSE-04,HIGH,2024-12-06T10:41:02,2024-12-06T10:57:57.754058,2024-12-06T12:20:38.344717,CLOSED,,RESEARCH-WORKSTATION-01,False
ALT-CSE-04-01491,CSE-04,HIGH,2024-10-16T22:44:44,2024-10-16T23:05:54.512390,2024-10-16T23:38:55.881512,CLOSED,,DEF-PERIMETER-FW,False
ALT-CSE-04-01492,CSE-04,MEDIUM,2024-10-17T04:52:33,2024-10-17T05:14:47.806546,2024-10-17T06:12:45.529714,CLOSED,,RESEARCH-WORKSTATION-01,False
ALT-CSE-04-01493,CSE-04,HIGH,2024-12-03T22:38:12,2024-12-03T22:58:02.296399,2024-12-04T00:06:07.403089,CLOSED,,DEF-PERIMETER-FW,False
ALT-CSE-04-01494,CSE-04,MEDIUM,2024-10-13T17:31:02,2024-10-13T17:45:35.855797,2024-10-13T19:18:34.740072,CLOSED,,RESEARCH-WORKSTATION-01,False
ALT-CSE-04-01495,CSE-04,MEDIUM,2024-12-23T18:37:01,2024-12-23T18:42:28.880458,2024-12-23T19:22:05.076572,CLOSED,,RESEARCH-WORKSTATION-01,False
ALT-CSE-04-01496,CSE-04,MEDIUM,2024-12-05T00:21:49,2024-12-05T00:37:53.669493,2024-12-05T01:22:46.696634,CLOSED,,RESEARCH-WORKSTATION-01,False
ALT-CSE-04-01497,CSE-04,LOW,2024-10-24T21:29:21,2024-10-24T21:46:39.208063,2024-10-24T22:28:30.069860,CLOSED,,DEF-PERIMETER-FW,False
ALT-CSE-04-01498,CSE-04,HIGH,2024-11-09T11:18:13,2024-11-09T11:37:04.728788,2024-11-09T12:43:29.503935,CLOSED,,DEF-PERIMETER-FW,False
ALT-CSE-04-01499,CSE-04,MEDIUM,2024-12-06T21:44:43,2024-12-06T21:52:49.855463,2024-12-06T23:25:16.462605,CLOSED,,RESEARCH-WORKSTATION-01,False
ALT-CSE-04-01500,CSE-04,CRITICAL,2024-11-03T01:26:48,2024-11-03T01:39:12.669348,2024-11-03T02:07:55.783841,CLOSED,CAS-CSE-04-0205,DEF-PERIMETER-FW,False
ALT-CSE-04-01501,CSE-04,CRITICAL,2024-11-05T09:08:07,2024-11-05T09:22:54.140656,2024-11-05T09:51:09.205865,CLOSED,,RESEARCH-WORKSTATION-01,False
ALT-CSE-04-01502,CSE-04,HIGH,2024-11-16T13:34:56,2024-11-16T13:54:31.687820,2024-11-16T14:27:16.765480,CLOSED,,DEF-PERIMETER-FW,False
ALT-CSE-04-01503,CSE-04,MEDIUM,2024-12-24T09:04:47,2024-12-24T09:20:09.349116,2024-12-24T10:15:09.157826,CLOSED,,RESEARCH-WORKSTATION-01,False
ALT-CSE-04-01504,CSE-04,LOW,2024-11-30T01:01:02,2024-11-30T01:23:07.903013,2024-11-30T02:26:52.031679,CLOSED,,RESEARCH-WORKSTATION-01,False
ALT-CSE-04-01505,CSE-04,HIGH,2024-12-06T22:33:07,2024-12-06T22:46:53.203389,2024-12-06T23:30:53.222685,CLOSED,,RESEARCH-WORKSTATION-01,False
ALT-CSE-04-01506,CSE-04,MEDIUM,2024-12-06T21:07:40,2024-12-06T21:18:13.312477,2024-12-06T22:27:13.438135,CLOSED,,RESEARCH-WORKSTATION-01,False
ALT-CSE-04-01507,CSE-04,MEDIUM,2024-11-11T23:14:14,2024-11-11T23:19:31.038983,2024-11-12T00:33:11.480601,CLOSED,,DEF-PERIMETER-FW,False
ALT-CSE-04-01508,CSE-04,MEDIUM,2024-12-23T19:15:10,2024-12-23T19:27:02.039024,2024-12-23T21:05:05.600307,CLOSED,,DEF-PERIMETER-FW,False
ALT-CSE-04-01509,CSE-04,LOW,2024-10-04T05:51:37,2024-10-04T06:12:25.374721,2024-10-04T07:22:09.548321,CLOSED,,DEF-PERIMETER-FW,False
ALT-CSE-04-01510,CSE-04,LOW,2024-10-26T18:16:19,2024-10-26T18:36:29.423350,2024-10-26T19:21:57.582149,CLOSED,,WEAPON-TEST-DB,False
ALT-CSE-04-01511,CSE-04,MEDIUM,2024-10-19T09:05:58,2024-10-19T09:16:34.943281,2024-10-19T10:11:08.502503,CLOSED,,DEF-PERIMETER-FW,False
ALT-CSE-04-01512,CSE-04,LOW,2024-11-22T04:16:18,2024-11-22T04:23:43.721208,2024-11-22T05:10:21.409322,CLOSED,,RESEARCH-WORKSTATION-01,False
ALT-CSE-04-01513,CSE-04,LOW,2024-10-06T07:38:19,2024-10-06T07:45:42.719391,2024-10-06T08:56:43.285734,CLOSED,,RESEARCH-WORKSTATION-01,False
ALT-CSE-04-01514,CSE-04,MEDIUM,2024-10-19T08:08:49,2024-10-19T08:22:53.725296,2024-10-19T09:09:37.594742,CLOSED,,DEF-PERIMETER-FW,False
ALT-CSE-04-01515,CSE-04,CRITICAL,2024-10-16T16:09:03,2024-10-16T16:33:26.652723,2024-10-16T17:18:42.069402,CLOSED,CAS-CSE-04-0206,RESEARCH-WORKSTATION-01,False
ALT-CSE-04-01516,CSE-04,CRITICAL,2024-11-20T16:36:50,2024-11-20T16:53:13.759421,2024-11-20T18:03:01.607202,CLOSED,CAS-CSE-04-0207,DEF-PERIMETER-FW,False
ALT-CSE-04-01517,CSE-04,MEDIUM,2024-11-14T08:48:07,2024-11-14T09:03:09.478049,2024-11-14T10:30:14.441798,CLOSED,,DEF-PERIMETER-FW,False
ALT-CSE-04-01518,CSE-04,HIGH,2024-10-19T22:16:53,2024-10-19T22:37:26.825872,2024-10-19T23:26:56.801559,CLOSED,,DEF-PERIMETER-FW,False
ALT-CSE-04-01519,CSE-04,HIGH,2024-12-18T16:19:09,2024-12-18T16:34:54.939260,2024-12-18T17:58:22.801648,CLOSED,,DEF-PERIMETER-FW,False
ALT-CSE-04-01520,CSE-04,MEDIUM,2024-11-03T09:50:15,2024-11-03T10:04:34.267060,2024-11-03T10:38:20.402185,CLOSED,,DEF-PERIMETER-FW,False
ALT-CSE-04-01521,CSE-04,LOW,2024-11-09T19:38:22,2024-11-09T19:52:30.584290,2024-11-09T20:31:38.385507,CLOSED,,WEAPON-TEST-DB,False
ALT-CSE-04-01522,CSE-04,LOW,2024-10-11T07:40:18,2024-10-11T07:56:13.784971,2024-10-11T09:08:24.583508,CLOSED,,DEF-PERIMETER-FW,False
ALT-CSE-04-01523,CSE-04,LOW,2024-12-21T10:49:51,2024-12-21T11:07:55.538427,2024-12-21T11:53:59.222662,CLOSED,,DEF-PERIMETER-FW,False
ALT-CSE-04-01524,CSE-04,LOW,2024-11-08T19:23:28,2024-11-08T19:35:49.111709,2024-11-08T20:22:51.996774,CLOSED,,RESEARCH-WORKSTATION-01,False
ALT-CSE-04-01525,CSE-04,LOW,2024-12-10T14:33:10,2024-12-10T14:47:19.726698,2024-12-10T15:25:38.425695,CLOSED,,DEF-PERIMETER-FW,False
ALT-CSE-04-01526,CSE-04,LOW,2024-12-15T16:46:36,2024-12-15T17:01:48.417822,2024-12-15T17:53:54.605165,CLOSED,CAS-CSE-04-0208,RESEARCH-WORKSTATION-01,False
ALT-CSE-04-01527,CSE-04,LOW,2024-11-16T08:30:34,2024-11-16T08:43:24.480568,2024-11-16T09:19:00.975727,CLOSED,,DEF-PERIMETER-FW,False
ALT-CSE-04-01528,CSE-04,MEDIUM,2024-12-09T22:42:14,2024-12-09T23:05:35.187555,2024-12-09T23:55:52.735514,CLOSED,,DEF-PERIMETER-FW,False
ALT-CSE-04-01529,CSE-04,HIGH,2024-11-03T22:38:13,2024-11-03T22:54:17.182435,2024-11-04T00:22:40.234472,CLOSED,,DEF-PERIMETER-FW,False
ALT-CSE-04-01530,CSE-04,MEDIUM,2024-11-25T08:44:10,2024-11-25T09:09:01.812137,2024-11-25T10:06:58.503821,CLOSED,CAS-CSE-04-0209,DEF-MISSILE-CTRL-01,False
ALT-CSE-04-01531,CSE-04,CRITICAL,2024-12-29T13:58:53,2024-12-29T14:21:03.438382,2024-12-29T15:21:00.991926,CLOSED,CAS-CSE-04-0210,DEF-PERIMETER-FW,False
ALT-CSE-04-01532,CSE-04,HIGH,2024-12-23T16:25:22,2024-12-23T16:34:36.892018,2024-12-23T17:07:54.938270,CLOSED,,RESEARCH-WORKSTATION-01,False
ALT-CSE-04-01533,CSE-04,LOW,2024-12-22T06:57:05,2024-12-22T07:03:23.757667,2024-12-22T08:14:24.116448,CLOSED,,DEF-PERIMETER-FW,False
ALT-CSE-04-01534,CSE-04,MEDIUM,2024-10-05T15:06:51,2024-10-05T15:15:38.401241,2024-10-05T16:08:51.512931,CLOSED,,DEF-PERIMETER-FW,False
ALT-CSE-04-01535,CSE-04,HIGH,2024-10-25T11:34:01,2024-10-25T11:57:09.129286,2024-10-25T13:00:55.872496,CLOSED,,DEF-PERIMETER-FW,False
ALT-CSE-04-01536,CSE-04,LOW,2024-12-13T17:54:21,2024-12-13T18:08:46.358406,2024-12-13T18:46:59.727390,CLOSED,,RESEARCH-WORKSTATION-01,False
ALT-CSE-04-01537,CSE-04,LOW,2024-10-22T11:28:11,2024-10-22T11:33:22.484864,2024-10-22T13:08:09.030729,CLOSED,,RESEARCH-WORKSTATION-01,False
ALT-CSE-04-01538,CSE-04,MEDIUM,2024-12-17T23:06:50,2024-12-17T23:15:46.292853,2024-12-17T23:58:37.864001,CLOSED,CAS-CSE-04-0211,DEF-PERIMETER-FW,False
ALT-CSE-04-01539,CSE-04,LOW,2024-12-01T19:11:11,2024-12-01T19:26:27.686047,2024-12-01T20:02:33.772849,CLOSED,,DEF-PERIMETER-FW,False
ALT-CSE-04-01540,CSE-04,MEDIUM,2024-10-07T04:52:16,2024-10-07T05:09:12.686480,2024-10-07T05:52:24.505563,CLOSED,,RESEARCH-WORKSTATION-01,False
ALT-CSE-04-01541,CSE-04,HIGH,2024-10-14T09:11:01,2024-10-14T09:27:44.781135,2024-10-14T10:30:03.286260,CLOSED,,RESEARCH-WORKSTATION-01,False
ALT-CSE-04-01542,CSE-04,LOW,2024-10-07T20:52:47,2024-10-07T21:16:17.798620,2024-10-07T22:38:12.342570,CLOSED,,RESEARCH-WORKSTATION-01,False
ALT-CSE-04-01543,CSE-04,HIGH,2024-12-16T16:34:53,2024-12-16T16:47:41.310892,2024-12-16T17:17:50.715275,CLOSED,,DEF-PERIMETER-FW,False
ALT-CSE-04-01544,CSE-04,HIGH,2024-10-28T15:23:52,2024-10-28T15:38:38.403490,2024-10-28T17:00:48.985143,CLOSED,,DEF-PERIMETER-FW,False
ALT-CSE-04-01545,CSE-04,LOW,2024-11-14T10:26:52,2024-11-14T10:33:35.301758,2024-11-14T12:14:10.918998,CLOSED,,RESEARCH-WORKSTATION-01,False
ALT-CSE-04-01546,CSE-04,CRITICAL,2024-11-05T04:03:21,2024-11-05T04:26:53.003052,2024-11-05T04:46:58.363103,CLOSED,,RESEARCH-WORKSTATION-01,False
ALT-CSE-04-01547,CSE-04,HIGH,2024-10-04T06:36:22,2024-10-04T06:50:47.696562,2024-10-04T07:24:03.894725,CLOSED,,DEF-PERIMETER-FW,False
ALT-CSE-04-01548,CSE-04,LOW,2024-10-31T20:25:10,2024-10-31T20:36:18.971630,2024-10-31T21:28:19.866009,CLOSED,,DEF-PERIMETER-FW,False
ALT-CSE-04-01549,CSE-04,HIGH,2024-10-23T16:56:15,2024-10-23T17:15:26.473995,2024-10-23T18:38:38.429832,CLOSED,,RESEARCH-WORKSTATION-01,False
ALT-CSE-04-01550,CSE-04,MEDIUM,2024-12-16T11:21:45,2024-12-16T11:29:49.131383,2024-12-16T12:08:53.206075,CLOSED,,DEF-PERIMETER-FW,False
ALT-CSE-04-01551,CSE-04,MEDIUM,2024-11-06T01:44:10,2024-11-06T02:06:57.897359,2024-11-06T02:59:40.232061,CLOSED,,RESEARCH-WORKSTATION-01,False
ALT-CSE-04-01552,CSE-04,LOW,2024-11-28T03:45:58,2024-11-28T03:52:40.787888,2024-11-28T05:09:08.472711,CLOSED,,DEF-PERIMETER-FW,False
ALT-CSE-04-01553,CSE-04,LOW,2024-11-12T02:24:09,2024-11-12T02:49:05.544151,2024-11-12T04:14:03.317499,CLOSED,,DEF-PERIMETER-FW,False
ALT-CSE-04-01554,CSE-04,HIGH,2024-11-21T13:55:16,2024-11-21T14:17:39.894785,2024-11-21T14:53:34.891384,CLOSED,,RESEARCH-WORKSTATION-01,False
ALT-CSE-04-01555,CSE-04,HIGH,2024-12-16T07:23:25,2024-12-16T07:30:05.683025,2024-12-16T08:31:09.131007,CLOSED,CAS-CSE-04-0212,DEF-PERIMETER-FW,False
ALT-CSE-04-01556,CSE-04,CRITICAL,2024-11-01T17:58:41,2024-11-01T18:23:18.591700,2024-11-01T19:40:33.080470,CLOSED,,DEF-PERIMETER-FW,False
ALT-CSE-04-01557,CSE-04,LOW,2024-10-07T15:32:26,2024-10-07T15:56:28.481260,2024-10-07T16:19:11.210846,CLOSED,CAS-CSE-04-0213,RESEARCH-WORKSTATION-01,False
ALT-CSE-04-01558,CSE-04,CRITICAL,2024-10-30T05:51:39,2024-10-30T06:15:50.196471,2024-10-30T07:04:11.259386,CLOSED,CAS-CSE-04-0214,DEF-PERIMETER-FW,True
ALT-CSE-04-01559,CSE-04,MEDIUM,2024-12-16T18:23:12,2024-12-16T18:33:51.211879,2024-12-16T19:13:48.968042,CLOSED,CAS-CSE-04-0215,RESEARCH-WORKSTATION-01,False
ALT-CSE-04-01560,CSE-04,MEDIUM,2024-10-10T02:12:12,2024-10-10T02:28:28.208581,2024-10-10T03:50:50.586767,CLOSED,,DEF-PERIMETER-FW,False
ALT-CSE-04-01561,CSE-04,HIGH,2024-10-23T06:49:31,2024-10-23T06:54:47.241062,2024-10-23T07:57:00.755617,CLOSED,CAS-CSE-04-0216,RESEARCH-WORKSTATION-01,True
ALT-CSE-04-01562,CSE-04,MEDIUM,2024-11-01T18:08:48,2024-11-01T18:16:11.456153,2024-11-01T19:20:50.918221,CLOSED,,DEF-PERIMETER-FW,False
ALT-CSE-04-01563,CSE-04,HIGH,2024-11-22T02:29:13,2024-11-22T02:50:30.293293,2024-11-22T03:31:33.646448,CLOSED,,RESEARCH-WORKSTATION-01,False
ALT-CSE-04-01564,CSE-04,MEDIUM,2024-12-10T22:07:42,2024-12-10T22:14:49.705494,2024-12-10T22:51:00.557192,CLOSED,CAS-CSE-04-0217,RESEARCH-WORKSTATION-01,False
ALT-CSE-04-01565,CSE-04,MEDIUM,2024-12-06T04:17:36,2024-12-06T04:25:15.356180,2024-12-06T05:26:37.001225,CLOSED,,DEF-PERIMETER-FW,False
ALT-CSE-04-01566,CSE-04,MEDIUM,2024-12-27T22:32:33,2024-12-27T22:50:42.450908,2024-12-27T23:40:36.305026,CLOSED,,DEF-PERIMETER-FW,False
ALT-CSE-04-01567,CSE-04,LOW,2024-10-29T23:00:37,2024-10-29T23:16:48.374656,2024-10-29T23:44:39.850384,CLOSED,,RESEARCH-WORKSTATION-01,False
ALT-CSE-04-01568,CSE-04,HIGH,2024-11-25T17:46:42,2024-11-25T17:55:28.742757,2024-11-25T19:11:09.434032,CLOSED,,DEF-PERIMETER-FW,False
ALT-CSE-04-01569,CSE-04,MEDIUM,2024-11-26T13:24:19,2024-11-26T13:39:20.200835,2024-11-26T14:10:15.535729,CLOSED,,RESEARCH-WORKSTATION-01,False
ALT-CSE-04-01570,CSE-04,LOW,2024-12-13T08:35:29,2024-12-13T08:42:16.871767,2024-12-13T09:29:22.150986,CLOSED,,RESEARCH-WORKSTATION-01,False
ALT-CSE-04-01571,CSE-04,MEDIUM,2024-11-28T02:55:07,2024-11-28T03:06:56.944510,2024-11-28T04:33:02.286458,CLOSED,,DEF-PERIMETER-FW,False
ALT-CSE-04-01572,CSE-04,CRITICAL,2024-12-26T06:35:52,2024-12-26T06:45:40.428786,2024-12-26T08:18:56.975722,CLOSED,CAS-CSE-04-0218,DEF-PERIMETER-FW,True
ALT-CSE-04-01573,CSE-04,MEDIUM,2024-10-11T02:01:39,2024-10-11T02:11:00.198369,2024-10-11T02:48:06.980634,CLOSED,,DEF-PERIMETER-FW,False
ALT-CSE-04-01574,CSE-04,MEDIUM,2024-12-17T13:46:45,2024-12-17T13:56:00.431434,2024-12-17T15:13:19.239589,CLOSED,,DEF-PERIMETER-FW,False
ALT-CSE-04-01575,CSE-04,HIGH,2024-11-23T00:58:44,2024-11-23T01:20:57.856079,2024-11-23T02:29:56.198836,CLOSED,,DEF-PERIMETER-FW,False
ALT-CSE-04-01576,CSE-04,HIGH,2024-10-31T03:53:41,2024-10-31T04:16:17.422745,2024-10-31T05:06:27.351373,CLOSED,,RESEARCH-WORKSTATION-01,False
ALT-CSE-04-01577,CSE-04,HIGH,2024-10-25T02:40:26,2024-10-25T02:49:37.155214,2024-10-25T03:26:58.176496,CLOSED,,RESEARCH-WORKSTATION-01,False
ALT-CSE-04-01578,CSE-04,LOW,2024-10-19T16:03:42,2024-10-19T16:11:30.780764,2024-10-19T17:32:25.741816,CLOSED,,DEF-PERIMETER-FW,False
ALT-CSE-04-01579,CSE-04,HIGH,2024-10-06T18:53:13,2024-10-06T19:18:00.168406,2024-10-06T20:09:13.646247,CLOSED,,DEF-PERIMETER-FW,False
ALT-CSE-04-01580,CSE-04,HIGH,2024-12-26T14:19:43,2024-12-26T14:25:18.641004,2024-12-26T15:38:05.778650,CLOSED,,RESEARCH-WORKSTATION-01,False
ALT-CSE-04-01581,CSE-04,CRITICAL,2024-11-22T11:41:02,2024-11-22T11:59:47.511432,2024-11-22T12:26:49.021765,CLOSED,CAS-CSE-04-0219,RESEARCH-WORKSTATION-01,False
ALT-CSE-04-01582,CSE-04,MEDIUM,2024-10-24T17:49:46,2024-10-24T18:02:12.646149,2024-10-24T19:21:24.810231,CLOSED,,DEF-PERIMETER-FW,False
ALT-CSE-04-01583,CSE-04,CRITICAL,2024-12-18T14:39:46,2024-12-18T15:04:33.325286,2024-12-18T15:39:58.357301,CLOSED,CAS-CSE-04-0220,RESEARCH-WORKSTATION-01,False
ALT-CSE-04-01584,CSE-04,CRITICAL,2024-10-28T22:28:44,2024-10-28T22:51:35.811757,2024-10-28T23:09:09.415277,CLOSED,CAS-CSE-04-0221,RESEARCH-WORKSTATION-01,False
ALT-CSE-04-01585,CSE-04,MEDIUM,2024-12-17T01:56:05,2024-12-17T02:10:51.437728,2024-12-17T03:29:28.694915,CLOSED,,RESEARCH-WORKSTATION-01,False
ALT-CSE-04-01586,CSE-04,LOW,2024-10-09T16:48:11,2024-10-09T16:57:43.399111,2024-10-09T18:29:07.294883,CLOSED,,DEF-MISSILE-CTRL-01,False
ALT-CSE-04-01587,CSE-04,MEDIUM,2024-12-17T15:04:28,2024-12-17T15:29:25.587014,2024-12-17T15:56:42.209474,CLOSED,,DEF-PERIMETER-FW,False
ALT-CSE-04-01588,CSE-04,HIGH,2024-12-28T07:27:14,2024-12-28T07:48:02.039447,2024-12-28T09:00:42.388716,CLOSED,,DEF-PERIMETER-FW,False
ALT-CSE-04-01589,CSE-04,MEDIUM,2024-11-12T23:53:03,2024-11-13T00:06:10.908384,2024-11-13T00:53:09.430053,CLOSED,,RESEARCH-WORKSTATION-01,False
ALT-CSE-04-01590,CSE-04,MEDIUM,2024-10-04T14:11:11,2024-10-04T14:25:14.467125,2024-10-04T15:30:37.106695,CLOSED,,RESEARCH-WORKSTATION-01,False
ALT-CSE-04-01591,CSE-04,HIGH,2024-10-20T03:12:41,2024-10-20T03:32:48.347856,2024-10-20T03:53:20.942976,CLOSED,,DEF-PERIMETER-FW,False
ALT-CSE-04-01592,CSE-04,HIGH,2024-12-25T09:35:00,2024-12-25T09:40:23.959548,2024-12-25T10:27:28.576250,CLOSED,,DEF-PERIMETER-FW,False
ALT-CSE-04-01593,CSE-04,LOW,2024-12-13T04:07:11,2024-12-13T04:14:30.615423,2024-12-13T04:58:33.349202,CLOSED,,DEF-PERIMETER-FW,False
ALT-CSE-04-01594,CSE-04,MEDIUM,2024-11-04T10:22:19,2024-11-04T10:41:01.860898,2024-11-04T12:06:00.652104,CLOSED,,DEF-PERIMETER-FW,False
ALT-CSE-04-01595,CSE-04,HIGH,2024-10-09T03:21:57,2024-10-09T03:42:00.712132,2024-10-09T04:27:54.192195,CLOSED,,DEF-PERIMETER-FW,False
ALT-CSE-04-01596,CSE-04,MEDIUM,2024-11-03T08:32:25,2024-11-03T08:55:56.069233,2024-11-03T09:39:34.151327,CLOSED,,DEF-PERIMETER-FW,False
ALT-CSE-04-01597,CSE-04,LOW,2024-12-09T00:24:05,2024-12-09T00:34:29.398060,2024-12-09T01:08:11.088400,CLOSED,,DEF-PERIMETER-FW,False
ALT-CSE-04-01598,CSE-04,MEDIUM,2024-12-26T11:33:07,2024-12-26T11:50:58.077388,2024-12-26T13:21:42.579598,CLOSED,,DEF-PERIMETER-FW,False
ALT-CSE-04-01599,CSE-04,MEDIUM,2024-12-18T08:55:17,2024-12-18T09:02:02.199022,2024-12-18T10:27:00.053967,CLOSED,,DEF-PERIMETER-FW,False
