alert_id,cse_id,severity,created_at,acknowledged_at,closed_at,status,case_id,asset_id,escalated
ALT-CSE-05-00000,CSE-05,MEDIUM,2024-12-04T21:16:33,2024-12-04T21:30:43.411123,2024-12-04T22:01:55.780425,CLOSED,,HOSPITAL-PACS-IMAGING,False
ALT-CSE-05-00001,CSE-05,LOW,2024-12-02T20:20:14,2024-12-02T20:31:52.598670,2024-12-02T21:21:48.229599,CLOSED,,EHR-PATIENT-DB-01,False
ALT-CSE-05-00002,CSE-05,MEDIUM,2024-10-05T14:21:27,2024-10-05T14:31:44.000224,2024-10-05T15:30:34.846608,CLOSED,,NURSE-STATION-EP-01,False
ALT-CSE-05-00003,CSE-05,MEDIUM,2024-11-24T04:17:27,2024-11-24T04:27:57.189772,2024-11-24T05:37:21.408128,CLOSED,,ICU-TELEMETRY-GW,False
ALT-CSE-05-00004,CSE-05,LOW,2024-11-03T19:03:50,2024-11-03T19:08:33.937480,2024-11-03T20:27:25.259811,CLOSED,,HOSPITAL-PACS-IMAGING,False
ALT-CSE-05-00005,CSE-05,MEDIUM,2024-12-01T15:01:16,2024-12-01T15:18:53.153284,2024-12-01T16:32:47.713805,CLOSED,,NURSE-STATION-EP-01,False
ALT-CSE-05-00006,CSE-05,MEDIUM,2024-12-01T05:55:35,2024-12-01T06:04:14.080143,2024-12-01T06:32:09.255139,CLOSED,,NURSE-STATION-EP-01,False
ALT-CSE-05-00007,CSE-05,MEDIUM,2024-12-25T17:36:06,2024-12-25T17:52:32.983251,2024-12-25T18:31:47.313663,CLOSED,,EHR-PATIENT-DB-01,False
ALT-CSE-05-00008,CSE-05,MEDIUM,2024-11-30T23:33:49,2024-11-30T23:49:24.603598,2024-12-01T00:23:26.638634,CLOSED,,HOSPITAL-PACS-IMAGING,False
ALT-CSE-05-00009,CSE-05,LOW,2024-10-21T07:21:15,2024-10-21T07:38:58.374779,2024-10-21T08:15:22.167868,CLOSED,,HOSPITAL-PACS-IMAGING,False
ALT-CSE-05-00010,CSE-05,CRITICAL,2024-10-12T04:16:58,2024-10-12T04:22:44.744609,2024-10-12T05:19:50.929738,CLOSED,,EHR-PATIENT-DB-01,False
ALT-CSE-05-00011,CSE-05,MEDIUM,2024-11-10T19:41:44,2024-11-10T19:56:09.918025,2024-11-10T20:54:12.090067,CLOSED,,EHR-PATIENT-DB-01,False
ALT-CSE-05-00012,CSE-05,MEDIUM,2024-12-04T15:39:30,2024-12-04T15:49:17.421426,2024-12-04T16:34:30.591240,CLOSED,,ICU-TELEMETRY-GW,False
ALT-CSE-05-00013,CSE-05,CRITICAL,2024-12-02T12:09:19,2024-12-02T12:14:13.038715,2024-12-02T13:12:02.003218,CLOSED,CAS-CSE-05-0001,ICU-TELEMETRY-GW,False
ALT-CSE-05-00014,CSE-05,LOW,2024-11-21T13:00:52,2024-11-21T13:06:56.300903,2024-11-21T14:00:23.981759,CLOSED,CAS-CSE-05-0002,NURSE-STATION-EP-01,False
ALT-CSE-05-00015,CSE-05,CRITICAL,2024-12-07T20:40:53,2024-12-07T20:53:35.296530,2024-12-07T22:14:36.834939,CLOSED,CAS-CSE-05-0003,EHR-PATIENT-DB-01,False
ALT-CSE-05-00016,CSE-05,CRITICAL,2024-12-02T19:40:44,2024-12-02T19:45:17.115539,2024-12-02T20:45:41.913448,CLOSED,CAS-CSE-05-0004,ICU-TELEMETRY-GW,True
ALT-CSE-05-00017,CSE-05,LOW,2024-11-02T07:30:50,2024-11-02T07:43:51.437891,2024-11-02T08:06:54.388521,CLOSED,,ICU-TELEMETRY-GW,False
ALT-CSE-05-00018,CSE-05,CRITICAL,2024-10-03T01:01:27,2024-10-03T01:12:53.880376,2024-10-03T02:03:51.342709,CLOSED,,HOSPITAL-PACS-IMAGING,False
ALT-CSE-05-00019,CSE-05,MEDIUM,2024-12-24T01:14:30,2024-12-24T01:20:28.273772,2024-12-24T01:50:37.828305,CLOSED,,NURSE-STATION-EP-01,False
ALT-CSE-05-00020,CSE-05,MEDIUM,2024-12-18T05:26:26,2024-12-18T05:31:10.568333,2024-12-18T06:31:20.129832,CLOSED,,NURSE-STATION-EP-01,False
ALT-CSE-05-00021,CSE-05,CRITICAL,2024-11-04T07:45:58,2024-11-04T08:00:28.587599,2024-11-04T09:14:36.015114,CLOSED,CAS-CSE-05-0005,EHR-PATIENT-DB-01,False
ALT-CSE-05-00022,CSE-05,LOW,2024-12-04T04:06:39,2024-12-04T04:19:28.845161,2024-12-04T05:41:29.291438,CLOSED,CAS-CSE-05-0006,NURSE-STATION-EP-01,False
ALT-CSE-05-00023,CSE-05,MEDIUM,2024-12-03T16:44:41,2024-12-03T16:55:41.370148,2024-12-03T17:42:02.428970,CLOSED,,NURSE-STATION-EP-01,False
ALT-CSE-05-00024,CSE-05,MEDIUM,2024-11-16T04:21:23,2024-11-16T04:29:07.059039,2024-11-16T05:52:15.418999,CLOSED,,EHR-PATIENT-DB-01,False
ALT-CSE-05-00025,CSE-05,MEDIUM,2024-10-17T00:11:06,2024-10-17T00:25:36.388188,2024-10-17T00:56:54.825597,CLOSED,,ICU-TELEMETRY-GW,False
ALT-CSE-05-00026,CSE-05,MEDIUM,2024-11-09T16:03:49,2024-11-09T16:18:45.679306,2024-11-09T17:28:35.207768,CLOSED,,NURSE-STATION-EP-01,False
ALT-CSE-05-00027,CSE-05,MEDIUM,2024-10-16T10:58:35,2024-10-16T11:13:20.063515,2024-10-16T12:10:43.154183,CLOSED,,NURSE-STATION-EP-01,False
ALT-CSE-05-00028,CSE-05,MEDIUM,2024-11-20T19:20:32,2024-11-20T19:27:01.654234,2024-11-20T20:47:17.081671,CLOSED,,NURSE-STATION-EP-01,False
ALT-CSE-05-00029,CSE-05,MEDIUM,2024-12-19T10:38:35,2024-12-19T10:48:13.155769,2024-12-19T12:08:54.560967,CLOSED,,NURSE-STATION-EP-01,False
ALT-CSE-05-00030,CSE-05,MEDIUM,2024-11-27T20:41:50,2024-11-27T20:48:05.915567,2024-11-27T22:05:05.147619,CLOSED,,NURSE-STATION-EP-01,False
ALT-CSE-05-00031,CSE-05,LOW,2024-12-07T08:07:35,2024-12-07T08:15:44.041811,2024-12-07T09:36:40.909802,CLOSED,,EHR-PATIENT-DB-01,False
ALT-CSE-05-00032,CSE-05,MEDIUM,2024-11-15T21:29:11,2024-11-15T21:34:09.269008,2024-11-15T22:30:20.945221,CLOSED,,NURSE-STATION-EP-01,False
ALT-CSE-05-00033,CSE-05,MEDIUM,2024-10-18T01:27:03,2024-10-18T01:42:20.584356,2024-10-18T03:01:37.255529,CLOSED,,NURSE-STATION-EP-01,False
ALT-CSE-05-00034,CSE-05,MEDIUM,2024-12-14T06:54:38,2024-12-14T07:03:30.350641,2024-12-14T08:20:54.371306,CLOSED,,HOSPITAL-PACS-IMAGING,False
ALT-CSE-05-00035,CSE-05,MEDIUM,2024-11-05T01:08:05,2024-11-05T01:20:34.555802,2024-11-05T02:13:25.028115,CLOSED,,ICU-TELEMETRY-GW,False
ALT-CSE-05-00036,CSE-05,LOW,2024-11-27T17:45:03,2024-11-27T18:01:59.762185,2024-11-27T19:18:06.284113,CLOSED,,EHR-PATIENT-DB-01,False
ALT-CSE-05-00037,CSE-05,MEDIUM,2024-12-24T20:34:01,2024-12-24T20:49:48.061806,2024-12-24T21:15:22.383404,CLOSED,,HOSPITAL-PACS-IMAGING,False
ALT-CSE-05-00038,CSE-05,LOW,2024-10-25T03:23:57,2024-10-25T03:28:36.247604,2024-10-25T04:38:49.729099,CLOSED,,NURSE-STATION-EP-01,False
ALT-CSE-05-00039,CSE-05,LOW,2024-11-05T18:48:19,2024-11-05T18:55:59.889084,2024-11-05T19:35:50.376487,CLOSED,,EHR-PATIENT-DB-01,False
ALT-CSE-05-00040,CSE-05,MEDIUM,2024-10-11T13:40:41,2024-10-11T13:53:08.309309,2024-10-11T14:45:15.274083,CLOSED,,EHR-PATIENT-DB-01,False
ALT-CSE-05-00041,CSE-05,MEDIUM,2024-12-03T23:50:59,2024-12-04T00:00:56.983041,2024-12-04T00:53:57.601765,CLOSED,,NURSE-STATION-EP-01,False
ALT-CSE-05-00042,CSE-05,MEDIUM,2024-12-28T18:53:18,2024-12-28T19:09:38.758469,2024-12-28T19:34:22.323427,CLOSED,,NURSE-STATION-EP-01,False
ALT-CSE-05-00043,CSE-05,LOW,2024-12-24T03:11:05,2024-12-24T03:25:20.460720,2024-12-24T04:04:05.780911,CLOSED,,EHR-PATIENT-DB-01,False
ALT-CSE-05-00044,CSE-05,MEDIUM,2024-12-07T21:59:09,2024-12-07T22:08:03.526249,2024-12-07T22:56:43.891413,CLOSED,,ICU-TELEMETRY-GW,False
ALT-CSE-05-00045,CSE-05,LOW,2024-12-15T19:08:22,2024-12-15T19:24:43.089377,2024-12-15T20:17:11.129508,CLOSED,,NURSE-STATION-EP-01,False
ALT-CSE-05-00046,CSE-05,MEDIUM,2024-12-04T13:03:58,2024-12-04T13:16:05.779556,2024-12-04T14:28:07.929118,CLOSED,CAS-CSE-05-0007,EHR-PATIENT-DB-01,True
ALT-CSE-05-00047,CSE-05,MEDIUM,2024-11-04T18:11:07,2024-11-04T18:23:58.108572,2024-11-04T18:46:41.932386,CLOSED,,EHR-PATIENT-DB-01,False
ALT-CSE-05-00048,CSE-05,MEDIUM,2024-11-18T09:54:30,2024-11-18T10:11:42.497182,2024-11-18T11:08:51.985679,CLOSED,,HOSPITAL-PACS-IMAGING,False
ALT-CSE-05-00049,CSE-05,MEDIUM,2024-11-06T13:10:31,2024-11-06T13:17:46.385779,2024-11-06T14:02:06.477267,CLOSED,,HOSPITAL-PACS-IMAGING,False
ALT-CSE-05-00050,CSE-05,LOW,2024-11-01T01:24:36,2024-11-01T01:36:14.088540,2024-11-01T02:57:21.596262,CLOSED,,ICU-TELEMETRY-GW,False
ALT-CSE-05-00051,CSE-05,MEDIUM,2024-10-04T00:11:43,2024-10-04T00:28:19.056392,2024-10-04T01:02:07.451971,CLOSED,,ICU-TELEMETRY-GW,False
ALT-CSE-05-00052,CSE-05,MEDIUM,2024-10-26T16:35:08,2024-10-26T16:40:08.015825,2024-10-26T18:08:55.812582,CLOSED,,NURSE-STATION-EP-01,False
ALT-CSE-05-00053,CSE-05,MEDIUM,2024-10-03T19:02:46,2024-10-03T19:09:58.307286,2024-10-03T20:17:16.826547,CLOSED,,EHR-PATIENT-DB-01,False
ALT-CSE-05-00054,CSE-05,MEDIUM,2024-10-11T21:18:25,2024-10-11T21:29:30.334204,2024-10-11T22:48:04.000021,CLOSED,,NURSE-STATION-EP-01,False
ALT-CSE-05-00055,CSE-05,LOW,2024-12-15T13:00:16,2024-12-15T13:09:42.312013,2024-12-15T13:45:17.699598,CLOSED,,EHR-PATIENT-DB-01,False
ALT-CSE-05-00056,CSE-05,MEDIUM,2024-11-12T19:42:55,2024-11-12T19:59:29.107998,2024-11-12T20:34:19.024163,CLOSED,,NURSE-STATION-EP-01,False
ALT-CSE-05-00057,CSE-05,MEDIUM,2024-12-15T03:13:58,2024-12-15T03:31:11.459247,2024-12-15T04:41:38.978912,CLOSED,,ICU-TELEMETRY-GW,False
ALT-CSE-05-00058,CSE-05,CRITICAL,2024-10-04T04:55:48,2024-10-04T05:08:51.762114,2024-10-04T06:02:47.059531,CLOSED,,EHR-PATIENT-DB-01,False
ALT-CSE-05-00059,CSE-05,MEDIUM,2024-10-15T18:16:48,2024-10-15T18:26:39.416738,2024-10-15T18:52:02.242978,CLOSED,,EHR-PATIENT-DB-01,False
ALT-CSE-05-00060,CSE-05,LOW,2024-10-12T19:23:04,2024-10-12T19:35:40.612247,2024-10-12T19:58:32.231317,CLOSED,,NURSE-STATION-EP-01,False
ALT-CSE-05-00061,CSE-05,LOW,2024-12-12T19:32:12,2024-12-12T19:46:26.392500,2024-12-12T20:09:36.472323,CLOSED,CAS-CSE-05-0008,ICU-TELEMETRY-GW,False
ALT-CSE-05-00062,CSE-05,LOW,2024-12-11T10:30:51,2024-12-11T10:43:46.844882,2024-12-11T11:30:40.279610,CLOSED,,HOSPITAL-PACS-IMAGING,False
ALT-CSE-05-00063,CSE-05,MEDIUM,2024-11-02T21:33:50,2024-11-02T21:38:20.030199,2024-11-02T22:46:21.081474,CLOSED,,NURSE-STATION-EP-01,False
ALT-CSE-05-00064,CSE-05,MEDIUM,2024-10-29T12:01:44,2024-10-29T12:16:59.587758,2024-10-29T13:15:23.302899,CLOSED,,ICU-TELEMETRY-GW,False
ALT-CSE-05-00065,CSE-05,CRITICAL,2024-10-17T04:01:32,2024-10-17T04:06:24.581291,2024-10-17T04:50:11.784962,CLOSED,CAS-CSE-05-0009,EHR-PATIENT-DB-01,False
ALT-CSE-05-00066,CSE-05,MEDIUM,2024-11-10T03:24:42,2024-11-10T03:41:19.258100,2024-11-10T04:56:48.406646,CLOSED,,HOSPITAL-PACS-IMAGING,False
ALT-CSE-05-00067,CSE-05,MEDIUM,2024-10-15T18:12:41,2024-10-15T18:21:47.862435,2024-10-15T19:43:24.175566,CLOSED,,ICU-TELEMETRY-GW,False
ALT-CSE-05-00068,CSE-05,LOW,2024-11-15T14:35:46,2024-11-15T14:40:19.624314,2024-11-15T15:57:48.174227,CLOSED,,NURSE-STATION-EP-01,False
ALT-CSE-05-00069,CSE-05,MEDIUM,2024-10-09T06:39:32,2024-10-09T06:52:28.701247,2024-10-09T08:09:26.296995,CLOSED,,EHR-PATIENT-DB-01,False
ALT-CSE-05-00070,CSE-05,MEDIUM,2024-11-01T14:41:43,2024-11-01T14:55:53.423554,2024-11-01T15:47:35.501031,CLOSED,,HOSPITAL-PACS-IMAGING,False
ALT-CSE-05-00071,CSE-05,MEDIUM,2024-10-08T16:41:50,2024-10-08T16:51:48.129114,2024-10-08T18:02:01.240994,CLOSED,,ICU-TELEMETRY-GW,False
ALT-CSE-05-00072,CSE-05,MEDIUM,2024-12-10T17:58:39,2024-12-10T18:04:01.209251,2024-12-10T19:14:14.392955,CLOSED,,ICU-TELEMETRY-GW,False
ALT-CSE-05-00073,CSE-05,LOW,2024-12-01T19:15:13,2024-12-01T19:24:48.582749,2024-12-01T20:40:59.610868,CLOSED,,HOSPITAL-PACS-IMAGING,False
ALT-CSE-05-00074,CSE-05,LOW,2024-11-05T12:53:37,2024-11-05T13:02:12.858884,2024-11-05T13:30:23.291435,CLOSED,,HOSPITAL-PACS-IMAGING,False
ALT-CSE-05-00075,CSE-05,MEDIUM,2024-11-14T04:48:58,2024-11-14T04:53:09.654618,2024-11-14T05:40:53.074375,CLOSED,CAS-CSE-05-0010,ICU-TELEMETRY-GW,True
ALT-CSE-05-00076,CSE-05,MEDIUM,2024-11-26T21:12:04,2024-11-26T21:29:18.795301,2024-11-26T21:53:15.551304,CLOSED,,NURSE-STATION-EP-01,False
ALT-CSE-05-00077,CSE-05,LOW,2024-10-23T04:46:30,2024-10-23T04:52:10.521744,2024-10-23T06:13:46.619948,CLOSED,,HOSPITAL-PACS-IMAGING,False
ALT-CSE-05-00078,CSE-05,MEDIUM,2024-10-04T11:30:52,2024-10-04T11:36:07.974163,2024-10-04T12:07:35.080272,CLOSED,,HOSPITAL-PACS-IMAGING,False
ALT-CSE-05-00079,CSE-05,LOW,2024-10-29T20:24:09,2024-10-29T20:41:23.562116,2024-10-29T21:20:00.014490,CLOSED,,ICU-TELEMETRY-GW,False
ALT-CSE-05-00080,CSE-05,LOW,2024-10-24T00:15:07,2024-10-24T00:25:24.825084,2024-10-24T01:26:54.329040,CLOSED,,NURSE-STATION-EP-01,False
ALT-CSE-05-00081,CSE-05,MEDIUM,2024-12-20T10:35:44,2024-12-20T10:47:55.762878,2024-12-20T12:04:46.489657,CLOSED,,HOSPITAL-PACS-IMAGING,False
ALT-CSE-05-00082,CSE-05,LOW,2024-10-01T08:29:35,2024-10-01T08:41:16.358797,2024-10-01T09:05:18.290417,CLOSED,,HOSPITAL-PACS-IMAGING,False
ALT-CSE-05-00083,CSE-05,MEDIUM,2024-10-16T02:43:16,2024-10-16T02:56:25.842933,2024-10-16T03:49:22.291041,CLOSED,,HOSPITAL-PACS-IMAGING,False
ALT-CSE-05-00084,CSE-05,LOW,2024-12-23T05:53:55,2024-12-23T06:09:15.863090,2024-12-23T07:15:18.084294,CLOSED,,NURSE-STATION-EP-01,False
ALT-CSE-05-00085,CSE-05,MEDIUM,2024-10-02T02:59:39,2024-10-02T03:10:42.919229,2024-10-02T04:11:09.167446,CLOSED,,NURSE-STATION-EP-01,False
ALT-CSE-05-00086,CSE-05,CRITICAL,2024-12-19T19:43:53,2024-12-19T19:52:37.682578,2024-12-19T21:18:51.975277,CLOSED,,HOSPITAL-PACS-IMAGING,False
ALT-CSE-05-00087,CSE-05,MEDIUM,2024-12-19T07:47:11,2024-12-19T07:59:23.591661,2024-12-19T08:26:53.945317,CLOSED,CAS-CSE-05-0011,NURSE-STATION-EP-01,False
ALT-CSE-05-00088,CSE-05,MEDIUM,2024-10-22T06:35:47,2024-10-22T06:44:56.250204,2024-10-22T07:26:16.000811,CLOSED,,NURSE-STATION-EP-01,False
ALT-CSE-05-00089,CSE-05,CRITICAL,2024-11-02T22:15:03,2024-11-02T22:31:08.202652,2024-11-02T23:07:28.382310,CLOSED,CAS-CSE-05-0012,ICU-TELEMETRY-GW,False
ALT-CSE-05-00090,CSE-05,MEDIUM,2024-12-10T15:27:40,2024-12-10T15:35:28.066214,2024-12-10T16:36:35.236761,CLOSED,,HOSPITAL-PACS-IMAGING,False
ALT-CSE-05-00091,CSE-05,LOW,2024-11-17T02:44:42,2024-11-17T03:02:32.219404,2024-11-17T03:38:00.947272,CLOSED,,ICU-TELEMETRY-GW,False
ALT-CSE-05-00092,CSE-05,MEDIUM,2024-11-21T08:13:14,2024-11-21T08:19:19.908847,2024-11-21T08:57:46.545153,CLOSED,,NURSE-STATION-EP-01,False
ALT-CSE-05-00093,CSE-05,MEDIUM,2024-12-25T07:17:48,2024-12-25T07:22:24.955778,2024-12-25T08:27:18.479363,CLOSED,,EHR-PATIENT-DB-01,False
ALT-CSE-05-00094,CSE-05,LOW,2024-10-12T20:05:02,2024-10-12T20:18:44.035603,2024-10-12T20:46:34.292067,CLOSED,,ICU-TELEMETRY-GW,False
ALT-CSE-05-00095,CSE-05,MEDIUM,2024-11-30T16:19:46,2024-11-30T16:26:49.996974,2024-11-30T17:53:25.754814,CLOSED,,ICU-TELEMETRY-GW,False
ALT-CSE-05-00096,CSE-05,MEDIUM,2024-11-18T23:09:11,2024-11-18T23:19:58.763468,2024-11-18T23:57:37.975262,CLOSED,,NURSE-STATION-EP-01,False
ALT-CSE-05-00097,CSE-05,MEDIUM,2024-11-02T03:31:35,2024-11-02T03:46:04.339377,2024-11-02T04:36:44.448867,CLOSED,,EHR-PATIENT-DB-01,False
ALT-CSE-05-00098,CSE-05,CRITICAL,2024-12-02T02:44:12,2024-12-02T02:51:48.713510,2024-12-02T03:41:32.691943,CLOSED,CAS-CSE-05-0013,NURSE-STATION-EP-01,False
ALT-CSE-05-00099,CSE-05,LOW,2024-11-21T01:32:03,2024-11-21T01:36:27.980349,2024-11-21T02:09:57.313778,CLOSED,,HOSPITAL-PACS-IMAGING,False
ALT-CSE-05-00100,CSE-05,CRITICAL,2024-11-02T08:44:28,2024-11-02T08:50:57.533504,2024-11-02T09:47:13.244473,CLOSED,CAS-CSE-05-0014,EHR-PATIENT-DB-01,False
ALT-CSE-05-00101,CSE-05,LOW,2024-10-02T19:18:34,2024-10-02T19:31:43.046756,2024-10-02T19:55:01.030300,CLOSED,,EHR-PATIENT-DB-01,False
ALT-CSE-05-00102,CSE-05,MEDIUM,2024-12-04T01:10:37,2024-12-04T01:16:29.275985,2024-12-04T02:25:09.473163,CLOSED,,EHR-PATIENT-DB-01,False
ALT-CSE-05-00103,CSE-05,MEDIUM,2024-10-17T18:36:11,2024-10-17T18:47:36.144003,2024-10-17T19:24:29.700935,CLOSED,,HOSPITAL-PACS-IMAGING,False
ALT-CSE-05-00104,CSE-05,LOW,2024-11-23T11:09:24,2024-11-23T11:20:17.558839,2024-11-23T12:31:07.266139,CLOSED,,ICU-TELEMETRY-GW,False
ALT-CSE-05-00105,CSE-05,MEDIUM,2024-12-13T13:34:58,2024-12-13T13:52:46.413368,2024-12-13T14:53:01.579326,CLOSED,CAS-CSE-05-0015,HOSPITAL-PACS-IMAGING,True
ALT-CSE-05-00106,CSE-05,LOW,2024-12-07T21:52:21,2024-12-07T22:01:30.929640,2024-12-07T22:48:52.673266,CLOSED,,EHR-PATIENT-DB-01,False
ALT-CSE-05-00107,CSE-05,MEDIUM,2024-11-09T04:48:00,2024-11-09T05:00:48.408580,2024-11-09T05:50:56.084944,CLOSED,,ICU-TELEMETRY-GW,False
ALT-CSE-05-00108,CSE-05,LOW,2024-11-15T14:13:29,2024-11-15T14:17:55.087824,2024-11-15T15:21:49.213159,CLOSED,,NURSE-STATION-EP-01,False
ALT-CSE-05-00109,CSE-05,LOW,2024-10-13T03:39:19,2024-10-13T03:44:54.179084,2024-10-13T04:54:47.168902,CLOSED,,ICU-TELEMETRY-GW,False
ALT-CSE-05-00110,CSE-05,MEDIUM,2024-11-12T02:26:09,2024-11-12T02:38:38.903860,2024-11-12T03:26:29.467629,CLOSED,,HOSPITAL-PACS-IMAGING,False
ALT-CSE-05-00111,CSE-05,LOW,2024-11-22T23:08:05,2024-11-22T23:18:59.067471,2024-11-23T00:00:21.038975,CLOSED,,NURSE-STATION-EP-01,False
ALT-CSE-05-00112,CSE-05,MEDIUM,2024-10-13T23:52:25,2024-10-13T23:58:14.148702,2024-10-14T00:51:53.480222,CLOSED,,EHR-PATIENT-DB-01,False
ALT-CSE-05-00113,CSE-05,MEDIUM,2024-10-16T13:33:11,2024-10-16T13:49:26.605305,2024-10-16T14:25:14.411178,CLOSED,,HOSPITAL-PACS-IMAGING,False
ALT-CSE-05-00114,CSE-05,MEDIUM,2024-10-21T12:39:54,2024-10-21T12:55:53.319577,2024-10-21T14:01:43.034321,CLOSED,,NURSE-STATION-EP-01,False
ALT-CSE-05-00115,CSE-05,LOW,2024-10-26T18:54:00,2024-10-26T19:11:22.757215,2024-10-26T19:43:44.624207,CLOSED,,HOSPITAL-PACS-IMAGING,False
ALT-CSE-05-00116,CSE-05,CRITICAL,2024-10-06T01:40:37,2024-10-06T01:58:07.903476,2024-10-06T02:35:27.516711,CLOSED,CAS-CSE-05-0016,EHR-PATIENT-DB-01,True
ALT-CSE-05-00117,CSE-05,MEDIUM,2024-11-24T07:05:50,2024-11-24T07:18:39.732945,2024-11-24T08:23:28.765625,CLOSED,,HOSPITAL-PACS-IMAGING,False
ALT-CSE-05-00118,CSE-05,MEDIUM,2024-10-20T00:39:41,2024-10-20T00:55:39.689110,2024-10-20T01:41:47.537273,CLOSED,,EHR-PATIENT-DB-01,False
ALT-CSE-05-00119,CSE-05,MEDIUM,2024-12-25T19:48:08,2024-12-25T20:04:27.375250,2024-12-25T20:46:10.371659,CLOSED,,ICU-TELEMETRY-GW,False
ALT-CSE-05-00120,CSE-05,MEDIUM,2024-12-28T21:29:08,2024-12-28T21:42:45.217622,2024-12-28T22:55:15.948266,CLOSED,,EHR-PATIENT-DB-01,False
ALT-CSE-05-00121,CSE-05,MEDIUM,2024-10-09T02:53:16,2024-10-09T03:02:23.864434,2024-10-09T03:43:35.629427,CLOSED,,ICU-TELEMETRY-GW,False
ALT-CSE-05-00122,CSE-05,LOW,2024-10-18T06:12:58,2024-10-18T06:30:01.711191,2024-10-18T07:18:24.159194,CLOSED,CAS-CSE-05-0017,NURSE-STATION-EP-01,True
ALT-CSE-05-00123,CSE-05,LOW,2024-10-09T12:53:12,2024-10-09T13:00:13.497148,2024-10-09T14:02:54.870150,CLOSED,,ICU-TELEMETRY-GW,False
ALT-CSE-05-00124,CSE-05,MEDIUM,2024-10-22T00:04:44,2024-10-22T00:16:56.735854,2024-10-22T01:10:01.543168,CLOSED,,HOSPITAL-PACS-IMAGING,False
ALT-CSE-05-00125,CSE-05,LOW,2024-12-05T18:59:54,2024-12-05T19:12:55.288292,2024-12-05T19:54:35.770378,CLOSED,,ICU-TELEMETRY-GW,False
ALT-CSE-05-00126,CSE-05,CRITICAL,2024-11-10T19:46:43,2024-11-10T19:59:49.920264,2024-11-10T21:01:16.944449,CLOSED,,NURSE-STATION-EP-01,False
ALT-CSE-05-00127,CSE-05,MEDIUM,2024-11-13T09:37:38,2024-11-13T09:54:38.226127,2024-11-13T10:36:50.120261,CLOSED,,ICU-TELEMETRY-GW,False
ALT-CSE-05-00128,CSE-05,LOW,2024-12-28T15:28:57,2024-12-28T15:39:18.241186,2024-12-28T16:33:34.429278,CLOSED,,HOSPITAL-PACS-IMAGING,False
ALT-CSE-05-00129,CSE-05,LOW,2024-11-29T09:30:06,2024-11-29T09:36:17.018096,2024-11-29T10:19:10.849381,CLOSED,,ICU-TELEMETRY-GW,False
ALT-CSE-05-00130,CSE-05,MEDIUM,2024-11-26T15:33:15,2024-11-26T15:44:15.301586,2024-11-26T16:15:15.916864,CLOSED,,NURSE-STATION-EP-01,False
ALT-CSE-05-00131,CSE-05,LOW,2024-12-24T16:58:21,2024-12-24T17:02:23.310886,2024-12-24T17:49:28.941887,CLOSED,,EHR-PATIENT-DB-01,False
ALT-CSE-05-00132,CSE-05,LOW,2024-12-03T13:46:34,2024-12-03T13:52:52.376974,2024-12-03T15:16:20.112375,CLOSED,,NURSE-STATION-EP-01,False
ALT-CSE-05-00133,CSE-05,MEDIUM,2024-11-19T19:07:18,2024-11-19T19:24:52.688157,2024-11-19T20:35:46.276594,CLOSED,,NURSE-STATION-EP-01,False
ALT-CSE-05-00134,CSE-05,LOW,2024-10-30T15:47:43,2024-10-30T15:57:07.537852,2024-10-30T16:42:14.599394,CLOSED,CAS-CSE-05-0018,EHR-PATIENT-DB-01,False
ALT-CSE-05-00135,CSE-05,MEDIUM,2024-10-23T12:59:19,2024-10-23T13:06:52.793746,2024-10-23T13:54:29.459344,CLOSED,,HOSPITAL-PACS-IMAGING,False
ALT-CSE-05-00136,CSE-05,LOW,2024-11-22T00:19:28,2024-11-22T00:28:34.153601,2024-11-22T01:39:30.998495,CLOSED,,HOSPITAL-PACS-IMAGING,False
ALT-CSE-05-00137,CSE-05,MEDIUM,2024-11-25T10:46:34,2024-11-25T11:03:25.100717,2024-11-25T11:48:35.230600,CLOSED,,HOSPITAL-PACS-IMAGING,False
ALT-CSE-05-00138,CSE-05,LOW,2024-12-27T00:54:51,2024-12-27T00:58:58.095008,2024-12-27T01:47:37.180401,CLOSED,,HOSPITAL-PACS-IMAGING,False
ALT-CSE-05-00139,CSE-05,MEDIUM,2024-12-21T21:17:48,2024-12-21T21:24:11.589768,2024-12-21T22:10:49.070369,CLOSED,,ICU-TELEMETRY-GW,False
ALT-CSE-05-00140,CSE-05,LOW,2024-11-24T12:36:23,2024-11-24T12:40:42.505789,2024-11-24T13:25:04.528936,CLOSED,,EHR-PATIENT-DB-01,False
ALT-CSE-05-00141,CSE-05,MEDIUM,2024-11-16T14:19:25,2024-11-16T14:32:28.699208,2024-11-16T15:36:30.433569,CLOSED,,HOSPITAL-PACS-IMAGING,False
ALT-CSE-05-00142,CSE-05,LOW,2024-10-03T08:43:26,2024-10-03T08:58:49.949174,2024-10-03T09:45:47.853888,CLOSED,,NURSE-STATION-EP-01,False
ALT-CSE-05-00143,CSE-05,LOW,2024-10-20T04:34:43,2024-10-20T04:51:42.782879,2024-10-20T05:55:13.990869,CLOSED,,EHR-PATIENT-DB-01,False
ALT-CSE-05-00144,CSE-05,MEDIUM,2024-11-28T18:36:57,2024-11-28T18:47:18.554369,2024-11-28T20:03:49.123697,CLOSED,,NURSE-STATION-EP-01,False
ALT-CSE-05-00145,CSE-05,LOW,2024-10-20T10:46:17,2024-10-20T11:04:10.118080,2024-10-20T11:31:05.712258,CLOSED,,NURSE-STATION-EP-01,False
ALT-CSE-05-00146,CSE-05,MEDIUM,2024-12-09T20:25:53,2024-12-09T20:41:26.733520,2024-12-09T21:53:23.344823,CLOSED,,ICU-TELEMETRY-GW,False
ALT-CSE-05-00147,CSE-05,MEDIUM,2024-12-08T05:47:56,2024-12-08T06:01:09.505556,2024-12-08T06:27:31.863898,CLOSED,,HOSPITAL-PACS-IMAGING,False
ALT-CSE-05-00148,CSE-05,LOW,2024-12-28T03:07:59,2024-12-28T03:18:29.367078,2024-12-28T04:36:44.581890,CLOSED,,ICU-TELEMETRY-GW,False
ALT-CSE-05-00149,CSE-05,CRITICAL,2024-11-20T12:49:16,2024-11-20T12:58:52.183013,2024-11-20T13:56:25.110764,CLOSED,CAS-CSE-05-0019,HOSPITAL-PACS-IMAGING,False
ALT-CSE-05-00150,CSE-05,CRITICAL,2024-11-03T11:26:33,2024-11-03T11:31:58.492169,2024-11-03T12:48:10.157702,CLOSED,,HOSPITAL-PACS-IMAGING,False
ALT-CSE-05-00151,CSE-05,MEDIUM,2024-11-12T13:05:57,2024-11-12T13:13:15.283698,2024-11-12T14:11:19.472830,CLOSED,,EHR-PATIENT-DB-01,False
ALT-CSE-05-00152,CSE-05,MEDIUM,2024-12-04T11:20:22,2024-12-04T11:24:25.298377,2024-12-04T12:00:52.965822,CLOSED,,ICU-TELEMETRY-GW,False
ALT-CSE-05-00153,CSE-05,LOW,2024-12-07T14:08:53,2024-12-07T14:16:46.221383,2024-12-07T14:44:43.718535,CLOSED,,EHR-PATIENT-DB-01,False
ALT-CSE-05-00154,CSE-05,CRITICAL,2024-11-12T05:57:12,2024-11-12T06:14:07.073246,2024-11-12T07:22:41.909547,CLOSED,CAS-CSE-05-0020,EHR-PATIENT-DB-01,False
ALT-CSE-05-00155,CSE-05,CRITICAL,2024-12-28T00:55:12,2024-12-28T01:12:02.689336,2024-12-28T01:46:15.139617,CLOSED,CAS-CSE-05-0021,ICU-TELEMETRY-GW,False
ALT-CSE-05-00156,CSE-05,LOW,2024-12-06T13:45:17,2024-12-06T14:00:17.588583,2024-12-06T15:12:50.373903,CLOSED,,EHR-PATIENT-DB-01,False
ALT-CSE-05-00157,CSE-05,LOW,2024-10-25T06:38:11,2024-10-25T06:42:27.208170,2024-10-25T08:00:58.729213,CLOSED,,NURSE-STATION-EP-01,False
ALT-CSE-05-00158,CSE-05,MEDIUM,2024-11-08T16:03:15,2024-11-08T16:11:07.135042,2024-11-08T16:54:06.590290,CLOSED,,HOSPITAL-PACS-IMAGING,False
ALT-CSE-05-00159,CSE-05,MEDIUM,2024-10-03T15:30:24,2024-10-03T15:35:59.781913,2024-10-03T16:24:36.200554,CLOSED,,NURSE-STATION-EP-01,False
ALT-CSE-05-00160,CSE-05,LOW,2024-10-10T22:34:40,2024-10-10T22:45:02.865155,2024-10-10T23:21:50.322163,CLOSED,CAS-CSE-05-0022,EHR-PATIENT-DB-01,True
ALT-CSE-05-00161,CSE-05,MEDIUM,2024-12-23T00:49:56,2024-12-23T01:00:10.021756,2024-12-23T01:44:22.969410,CLOSED,,ICU-TELEMETRY-GW,False
ALT-CSE-05-00162,CSE-05,CRITICAL,2024-10-01T06:25:32,2024-10-01T06:39:48.606257,2024-10-01T07:43:24.304639,CLOSED,,ICU-TELEMETRY-GW,False
ALT-CSE-05-00163,CSE-05,MEDIUM,2024-11-03T12:23:02,2024-11-03T12:36:20.296343,2024-11-03T13:35:08.753391,CLOSED,,NURSE-STATION-EP-01,False
ALT-CSE-05-00164,CSE-05,MEDIUM,2024-10-16T04:45:44,2024-10-16T05:01:49.004883,2024-10-16T05:46:27.634285,CLOSED,,EHR-PATIENT-DB-01,False
ALT-CSE-05-00165,CSE-05,LOW,2024-10-08T15:55:28,2024-10-08T16:10:46.080427,2024-10-08T17:28:46.981066,CLOSED,,HOSPITAL-PACS-IMAGING,False
ALT-CSE-05-00166,CSE-05,MEDIUM,2024-10-25T19:08:14,2024-10-25T19:17:16.005735,2024-10-25T20:10:31.371488,CLOSED,,ICU-TELEMETRY-GW,False
ALT-CSE-05-00167,CSE-05,MEDIUM,2024-12-12T13:09:56,2024-12-12T13:23:23.892001,2024-12-12T14:15:02.753852,CLOSED,,ICU-TELEMETRY-GW,False
ALT-CSE-05-00168,CSE-05,MEDIUM,2024-11-01T03:29:52,2024-11-01T03:41:55.400016,2024-11-01T05:03:40.242643,CLOSED,,NURSE-STATION-EP-01,False
ALT-CSE-05-00169,CSE-05,LOW,2024-11-28T02:20:28,2024-11-28T02:37:41.097221,2024-11-28T03:29:11.546141,CLOSED,,HOSPITAL-PACS-IMAGING,False
ALT-CSE-05-00170,CSE-05,CRITICAL,2024-10-30T16:43:06,2024-10-30T16:54:51.084931,2024-10-30T17:25:35.815377,CLOSED,CAS-CSE-05-0023,NURSE-STATION-EP-01,False
ALT-CSE-05-00171,CSE-05,CRITICAL,2024-12-06T05:35:29,2024-12-06T05:42:49.718352,2024-12-06T07:02:54.204781,CLOSED,CAS-CSE-05-0024,NURSE-STATION-EP-01,False
ALT-CSE-05-00172,CSE-05,MEDIUM,2024-12-12T00:01:46,2024-12-12T00:14:34.698308,2024-12-12T00:39:21.510867,CLOSED,,NURSE-STATION-EP-01,False
ALT-CSE-05-00173,CSE-05,MEDIUM,2024-12-06T08:00:15,2024-12-06T08:16:46.971188,2024-12-06T09:24:11.423269,CLOSED,,ICU-TELEMETRY-GW,False
ALT-CSE-05-00174,CSE-05,LOW,2024-10-30T16:44:55,2024-10-30T16:55:31.657083,2024-10-30T17:53:14.788039,CLOSED,,EHR-PATIENT-DB-01,False
ALT-CSE-05-00175,CSE-05,MEDIUM,2024-11-11T20:26:40,2024-11-11T20:42:06.823267,2024-11-11T21:02:19.469658,CLOSED,,NURSE-STATION-EP-01,False
ALT-CSE-05-00176,CSE-05,MEDIUM,2024-11-30T07:01:20,2024-11-30T07:08:21.349753,2024-11-30T08:07:11.119227,CLOSED,,NURSE-STATION-EP-01,False
ALT-CSE-05-00177,CSE-05,LOW,2024-12-13T08:31:35,2024-12-13T08:39:18.177843,2024-12-13T09:42:31.755099,CLOSED,,NURSE-STATION-EP-01,False
ALT-CSE-05-00178,CSE-05,LOW,2024-11-01T08:14:31,2024-11-01T08:26:30.723726,2024-11-01T08:54:21.990020,CLOSED,,HOSPITAL-PACS-IMAGING,False
ALT-CSE-05-00179,CSE-05,CRITICAL,2024-12-16T10:19:04,2024-12-16T10:26:14.203096,2024-12-16T11:36:42.208995,CLOSED,CAS-CSE-05-0025,EHR-PATIENT-DB-01,False
ALT-CSE-05-00180,CSE-05,LOW,2024-12-19T22:00:11,2024-12-19T22:06:24.710553,2024-12-19T22:51:02.968527,CLOSED,,HOSPITAL-PACS-IMAGING,False
ALT-CSE-05-00181,CSE-05,MEDIUM,2024-10-10T23:40:33,2024-10-10T23:49:35.291445,2024-10-11T00:51:38.285469,CLOSED,,HOSPITAL-PACS-IMAGING,False
ALT-CSE-05-00182,CSE-05,LOW,2024-11-22T15:05:25,2024-11-22T15:11:31.521411,2024-11-22T16:09:21.572783,CLOSED,,ICU-TELEMETRY-GW,False
ALT-CSE-05-00183,CSE-05,CRITICAL,2024-10-12T02:34:44,2024-10-12T02:44:50.320904,2024-10-12T03:58:05.246641,CLOSED,CAS-CSE-05-0026,HOSPITAL-PACS-IMAGING,False
ALT-CSE-05-00184,CSE-05,CRITICAL,2024-12-24T21:04:09,2024-12-24T21:12:37.972728,2024-12-24T21:40:13.895465,CLOSED,CAS-CSE-05-0027,NURSE-STATION-EP-01,False
ALT-CSE-05-00185,CSE-05,CRITICAL,2024-11-17T18:56:50,2024-11-17T19:01:00.973750,2024-11-17T20:03:21.507844,CLOSED,CAS-CSE-05-0028,HOSPITAL-PACS-IMAGING,False
ALT-CSE-05-00186,CSE-05,CRITICAL,2024-10-13T08:58:13,2024-10-13T09:10:03.028262,2024-10-13T10:29:50.675739,CLOSED,CAS-CSE-05-0029,ICU-TELEMETRY-GW,False
ALT-CSE-05-00187,CSE-05,MEDIUM,2024-10-23T10:54:12,2024-10-23T11:05:29.231928,2024-10-23T11:38:23.477665,CLOSED,,ICU-TELEMETRY-GW,False
ALT-CSE-05-00188,CSE-05,LOW,2024-11-17T23:01:07,2024-11-17T23:05:27.757588,2024-11-17T23:44:39.018700,CLOSED,,NURSE-STATION-EP-01,False
ALT-CSE-05-00189,CSE-05,MEDIUM,2024-11-22T13:48:33,2024-11-22T13:54:54.002773,2024-11-22T14:52:55.120447,CLOSED,,HOSPITAL-PACS-IMAGING,False
ALT-CSE-05-00190,CSE-05,MEDIUM,2024-10-23T13:01:23,2024-10-23T13:15:30.650328,2024-10-23T14:33:35.824979,CLOSED,,NURSE-STATION-EP-01,False
ALT-CSE-05-00191,CSE-05,MEDIUM,2024-11-13T04:25:53,2024-11-13T04:37:25.779642,2024-11-13T05:23:50.129677,CLOSED,,ICU-TELEMETRY-GW,False
ALT-CSE-05-00192,CSE-05,MEDIUM,2024-12-18T21:17:38,2024-12-18T21:33:37.094151,2024-12-18T22:45:05.570758,CLOSED,,NURSE-STATION-EP-01,False
ALT-CSE-05-00193,CSE-05,MEDIUM,2024-10-16T12:28:34,2024-10-16T12:43:49.143408,2024-10-16T13:34:28.662016,CLOSED,,ICU-TELEMETRY-GW,False
ALT-CSE-05-00194,CSE-05,MEDIUM,2024-10-08T04:12:05,2024-10-08T04:24:17.514108,2024-10-08T05:13:33.746110,CLOSED,,ICU-TELEMETRY-GW,False
ALT-CSE-05-00195,CSE-05,CRITICAL,2024-12-07T04:56:22,2024-12-07T05:03:05.081676,2024-12-07T06:09:06.479459,CLOSED,CAS-CSE-05-0030,NURSE-STATION-EP-01,False
ALT-CSE-05-00196,CSE-05,MEDIUM,2024-12-06T15:51:24,2024-12-06T16:02:11.529149,2024-12-06T16:44:46.501967,CLOSED,,NURSE-STATION-EP-01,False
ALT-CSE-05-00197,CSE-05,MEDIUM,2024-12-02T12:25:52,2024-12-02T12:37:22.392717,2024-12-02T13:13:23.724345,CLOSED,,ICU-TELEMETRY-GW,False
ALT-CSE-05-00198,CSE-05,LOW,2024-10-10T10:36:34,2024-10-10T10:54:32.491495,2024-10-10T12:04:46.404540,CLOSED,,EHR-PATIENT-DB-01,False
ALT-CSE-05-00199,CSE-05,LOW,2024-10-13T14:19:05,2024-10-13T14:35:46.461348,2024-10-13T14:59:17.071568,CLOSED,,ICU-TELEMETRY-GW,False
ALT-CSE-05-00200,CSE-05,LOW,2024-12-29T18:02:20,2024-12-29T18:08:29.810466,2024-12-29T19:37:19.406883,CLOSED,,ICU-TELEMETRY-GW,False
ALT-CSE-05-00201,CSE-05,LOW,2024-12-29T01:41:04,2024-12-29T01:46:27.786185,2024-12-29T02:59:15.476519,CLOSED,,ICU-TELEMETRY-GW,False
ALT-CSE-05-00202,CSE-05,MEDIUM,2024-11-27T05:53:53,2024-11-27T06:01:55.754318,2024-11-27T06:42:51.766857,CLOSED,,EHR-PATIENT-DB-01,False
ALT-CSE-05-00203,CSE-05,LOW,2024-11-27T14:49:17,2024-11-27T15:00:21.331993,2024-11-27T15:32:00.616987,CLOSED,,EHR-PATIENT-DB-01,False
ALT-CSE-05-00204,CSE-05,MEDIUM,2024-10-07T04:07:21,2024-10-07T04:13:59.830813,2024-10-07T05:08:05.535094,CLOSED,,HOSPITAL-PACS-IMAGING,False
ALT-CSE-05-00205,CSE-05,MEDIUM,2024-12-02T07:06:22,2024-12-02T07:11:14.216704,2024-12-02T08:03:43.289299,CLOSED,,NURSE-STATION-EP-01,False
ALT-CSE-05-00206,CSE-05,MEDIUM,2024-11-25T06:25:07,2024-11-25T06:34:56.179381,2024-11-25T07:09:41.262067,CLOSED,,ICU-TELEMETRY-GW,False
ALT-CSE-05-00207,CSE-05,LOW,2024-10-01T21:38:52,2024-10-01T21:45:11.098235,2024-10-01T23:04:00.180006,CLOSED,,NURSE-STATION-EP-01,False
ALT-CSE-05-00208,CSE-05,MEDIUM,2024-10-05T12:04:21,2024-10-05T12:19:25.829180,2024-10-05T12:47:40.212732,CLOSED,,ICU-TELEMETRY-GW,False
ALT-CSE-05-00209,CSE-05,MEDIUM,2024-12-11T02:41:21,2024-12-11T02:58:19.498333,2024-12-11T04:01:51.565767,CLOSED,,ICU-TELEMETRY-GW,False
ALT-CSE-05-00210,CSE-05,MEDIUM,2024-11-26T01:17:23,2024-11-26T01:22:20.252446,2024-11-26T02:19:46.605326,CLOSED,,ICU-TELEMETRY-GW,False
ALT-CSE-05-00211,CSE-05,MEDIUM,2024-10-21T06:58:44,2024-10-21T07:12:48.723105,2024-10-21T08:29:12.387195,CLOSED,,NURSE-STATION-EP-01,False
ALT-CSE-05-00212,CSE-05,MEDIUM,2024-12-17T23:01:50,2024-12-17T23:11:07.503392,2024-12-17T23:49:38.247151,CLOSED,,EHR-PATIENT-DB-01,False
ALT-CSE-05-00213,CSE-05,LOW,2024-10-17T23:34:07,2024-10-17T23:39:56.484862,2024-10-18T01:01:01.611069,CLOSED,,HOSPITAL-PACS-IMAGING,False
ALT-CSE-05-00214,CSE-05,MEDIUM,2024-12-05T13:39:41,2024-12-05T13:53:18.693298,2024-12-05T14:27:55.054220,CLOSED,,ICU-TELEMETRY-GW,False
ALT-CSE-05-00215,CSE-05,MEDIUM,2024-12-05T07:33:07,2024-12-05T07:37:30.249267,2024-12-05T08:34:54.187589,CLOSED,,ICU-TELEMETRY-GW,False
ALT-CSE-05-00216,CSE-05,MEDIUM,2024-12-24T08:05:34,2024-12-24T08:17:13.690403,2024-12-24T08:53:21.905837,CLOSED,,HOSPITAL-PACS-IMAGING,False
ALT-CSE-05-00217,CSE-05,MEDIUM,2024-10-15T06:45:47,2024-10-15T06:50:13.096858,2024-10-15T08:01:32.512729,CLOSED,,EHR-PATIENT-DB-01,False
ALT-CSE-05-00218,CSE-05,CRITICAL,2024-12-08T20:25:07,2024-12-08T20:35:53.371437,2024-12-08T21:44:05.330363,CLOSED,CAS-CSE-05-0031,ICU-TELEMETRY-GW,True
ALT-CSE-05-00219,CSE-05,CRITICAL,2024-11-25T09:02:16,2024-11-25T09:17:36.929885,2024-11-25T10:09:31.670656,CLOSED,CAS-CSE-05-0032,HOSPITAL-PACS-IMAGING,True
ALT-CSE-05-00220,CSE-05,LOW,2024-10-08T06:20:51,2024-10-08T06:31:20.557851,2024-10-08T07:12:51.449522,CLOSED,,NURSE-STATION-EP-01,False
ALT-CSE-05-00221,CSE-05,CRITICAL,2024-10-02T21:06:52,2024-10-02T21:24:47.752392,2024-10-02T22:14:03.019150,CLOSED,CAS-CSE-05-0033,ICU-TELEMETRY-GW,False
ALT-CSE-05-00222,CSE-05,MEDIUM,2024-11-27T21:46:47,2024-11-27T21:54:30.284442,2024-11-27T23:07:54.936100,CLOSED,,HOSPITAL-PACS-IMAGING,False
ALT-CSE-05-00223,CSE-05,MEDIUM,2024-12-14T08:45:43,2024-12-14T09:03:05.843153,2024-12-14T10:19:39.851885,CLOSED,,EHR-PATIENT-DB-01,False
ALT-CSE-05-00224,CSE-05,LOW,2024-12-22T11:42:06,2024-12-22T11:54:06.229067,2024-12-22T12:19:36.529595,CLOSED,,NURSE-STATION-EP-01,False
ALT-CSE-05-00225,CSE-05,MEDIUM,2024-10-11T05:51:54,2024-10-11T06:00:58.766691,2024-10-11T06:54:41.099179,CLOSED,,ICU-TELEMETRY-GW,False
ALT-CSE-05-00226,CSE-05,MEDIUM,2024-10-28T07:52:25,2024-10-28T07:59:20.685244,2024-10-28T09:08:27.951529,CLOSED,,NURSE-STATION-EP-01,False
ALT-CSE-05-00227,CSE-05,MEDIUM,2024-11-30T08:44:08,2024-11-30T08:55:29.635696,2024-11-30T10:06:30.379853,CLOSED,,NURSE-STATION-EP-01,False
ALT-CSE-05-00228,CSE-05,LOW,2024-12-17T13:16:34,2024-12-17T13:29:41.726978,2024-12-17T14:04:36.409361,CLOSED,,HOSPITAL-PACS-IMAGING,False
ALT-CSE-05-00229,CSE-05,MEDIUM,2024-12-15T11:47:37,2024-12-15T12:01:21.684832,2024-12-15T13:04:47.598116,CLOSED,,HOSPITAL-PACS-IMAGING,False
ALT-CSE-05-00230,CSE-05,LOW,2024-11-13T12:19:57,2024-11-13T12:35:05.060048,2024-11-13T13:19:18.271048,CLOSED,CAS-CSE-05-0034,ICU-TELEMETRY-GW,False
ALT-CSE-05-00231,CSE-05,CRITICAL,2024-12-20T03:35:53,2024-12-20T03:51:34.022241,2024-12-20T05:03:29.248761,CLOSED,CAS-CSE-05-0035,ICU-TELEMETRY-GW,False
ALT-CSE-05-00232,CSE-05,LOW,2024-12-12T21:58:55,2024-12-12T22:12:39.959683,2024-12-12T23:12:22.595568,CLOSED,,ICU-TELEMETRY-GW,False
ALT-CSE-05-00233,CSE-05,LOW,2024-10-17T19:39:28,2024-10-17T19:51:42.034390,2024-10-17T21:12:14.732034,CLOSED,,HOSPITAL-PACS-IMAGING,False
ALT-CSE-05-00234,CSE-05,LOW,2024-12-27T10:23:53,2024-12-27T10:33:09.372263,2024-12-27T11:37:47.611302,CLOSED,,ICU-TELEMETRY-GW,False
ALT-CSE-05-00235,CSE-05,MEDIUM,2024-12-15T02:07:16,2024-12-15T02:18:14.113304,2024-12-15T02:52:41.931916,CLOSED,,EHR-PATIENT-DB-01,False
ALT-CSE-05-00236,CSE-05,MEDIUM,2024-11-28T22:19:29,2024-11-28T22:26:36.842825,2024-11-28T23:43:21.146624,CLOSED,,NURSE-STATION-EP-01,False
ALT-CSE-05-00237,CSE-05,MEDIUM,2024-10-06T23:43:03,2024-10-06T23:52:36.044598,2024-10-07T00:54:52.539105,CLOSED,,EHR-PATIENT-DB-01,False
ALT-CSE-05-00238,CSE-05,LOW,2024-12-02T04:58:43,2024-12-02T05:03:50.596471,2024-12-02T06:01:39.515222,CLOSED,,NURSE-STATION-EP-01,False
ALT-CSE-05-00239,CSE-05,LOW,2024-12-03T13:19:07,2024-12-03T13:31:18.770484,2024-12-03T14:28:19.426954,CLOSED,,EHR-PATIENT-DB-01,False
ALT-CSE-05-00240,CSE-05,CRITICAL,2024-12-22T18:24:34,2024-12-22T18:41:24.026943,2024-12-22T19:22:28.678106,CLOSED,,ICU-TELEMETRY-GW,False
ALT-CSE-05-00241,CSE-05,LOW,2024-12-18T16:47:51,2024-12-18T16:55:40.973695,2024-12-18T17:24:56.228394,CLOSED,,NURSE-STATION-EP-01,False
ALT-CSE-05-00242,CSE-05,LOW,2024-12-29T17:02:27,2024-12-29T17:16:57.698031,2024-12-29T18:31:33.470483,CLOSED,,NURSE-STATION-EP-01,False
ALT-CSE-05-00243,CSE-05,CRITICAL,2024-11-14T11:58:00,2024-11-14T12:15:02.434985,2024-11-14T12:36:48.236761,CLOSED,CAS-CSE-05-0036,HOSPITAL-PACS-IMAGING,False
ALT-CSE-05-00244,CSE-05,MEDIUM,2024-11-10T15:20:06,2024-11-10T15:35:38.960377,2024-11-10T16:39:52.589512,CLOSED,,ICU-TELEMETRY-GW,False
ALT-CSE-05-00245,CSE-05,MEDIUM,2024-11-21T16:24:10,2024-11-21T16:36:12.457766,2024-11-21T17:13:02.171007,CLOSED,,NURSE-STATION-EP-01,False
ALT-CSE-05-00246,CSE-05,MEDIUM,2024-12-29T11:50:30,2024-12-29T12:02:52.249683,2024-12-29T12:26:10.165245,CLOSED,,NURSE-STATION-EP-01,False
ALT-CSE-05-00247,CSE-05,LOW,2024-10-02T06:24:04,2024-10-02T06:28:54.035144,2024-10-02T07:08:23.970311,CLOSED,,ICU-TELEMETRY-GW,False
ALT-CSE-05-00248,CSE-05,MEDIUM,2024-12-24T01:04:11,2024-12-24T01:20:47.243869,2024-12-24T01:41:54.007958,CLOSED,,ICU-TELEMETRY-GW,False
ALT-CSE-05-00249,CSE-05,MEDIUM,2024-10-29T07:01:38,2024-10-29T07:06:36.036157,2024-10-29T08:28:47.526161,CLOSED,,EHR-PATIENT-DB-01,False
ALT-CSE-05-00250,CSE-05,MEDIUM,2024-10-04T05:42:16,2024-10-04T05:47:17.747587,2024-10-04T06:51:02.028068,CLOSED,,EHR-PATIENT-DB-01,False
ALT-CSE-05-00251,CSE-05,MEDIUM,2024-11-25T16:24:16,2024-11-25T16:41:17.590599,2024-11-25T17:08:11.571504,CLOSED,,ICU-TELEMETRY-GW,False
ALT-CSE-05-00252,CSE-05,MEDIUM,2024-12-11T23:43:45,2024-12-12T00:00:48.355846,2024-12-12T01:02:35.719899,CLOSED,,ICU-TELEMETRY-GW,False
ALT-CSE-05-00253,CSE-05,LOW,2024-10-24T18:14:04,2024-10-24T18:21:26.402735,2024-10-24T19:22:57.212527,CLOSED,,ICU-TELEMETRY-GW,False
ALT-CSE-05-00254,CSE-05,LOW,2024-10-06T01:20:43,2024-10-06T01:37:20.511679,2024-10-06T01:56:26.829901,CLOSED,,ICU-TELEMETRY-GW,False
ALT-CSE-05-00255,CSE-05,MEDIUM,2024-11-01T08:10:45,2024-11-01T08:17:01.933665,2024-11-01T08:54:14.242896,CLOSED,CAS-CSE-05-0037,ICU-TELEMETRY-GW,False
ALT-CSE-05-00256,CSE-05,MEDIUM,2024-11-16T21:58:43,2024-11-16T22:16:08.609781,2024-11-16T23:18:15.560158,CLOSED,,EHR-PATIENT-DB-01,False
ALT-CSE-05-00257,CSE-05,MEDIUM,2024-12-17T16:22:20,2024-12-17T16:38:18.046305,2024-12-17T17:38:23.884242,CLOSED,,ICU-TELEMETRY-GW,False
ALT-CSE-05-00258,CSE-05,MEDIUM,2024-12-07T01:41:19,2024-12-07T01:51:23.839508,2024-12-07T02:17:49.708034,CLOSED,,ICU-TELEMETRY-GW,False
ALT-CSE-05-00259,CSE-05,MEDIUM,2024-12-23T22:16:09,2024-12-23T22:30:26.405251,2024-12-23T23:18:57.971552,CLOSED,,EHR-PATIENT-DB-01,False
ALT-CSE-05-00260,CSE-05,LOW,2024-12-19T16:21:44,2024-12-19T16:29:29.365732,2024-12-19T17:15:39.105492,CLOSED,,ICU-TELEMETRY-GW,False
ALT-CSE-05-00261,CSE-05,CRITICAL,2024-12-01T18:19:26,2024-12-01T18:36:11.940537,2024-12-01T19:40:51.505765,CLOSED,,ICU-TELEMETRY-GW,False
ALT-CSE-05-00262,CSE-05,MEDIUM,2024-10-17T00:45:30,2024-10-17T01:00:59.013682,2024-10-17T01:57:36.316939,CLOSED,,HOSPITAL-PACS-IMAGING,False
ALT-CSE-05-00263,CSE-05,MEDIUM,2024-11-21T01:16:12,2024-11-21T01:22:50.971744,2024-11-21T02:45:15.425216,CLOSED,,ICU-TELEMETRY-GW,False
ALT-CSE-05-00264,CSE-05,MEDIUM,2024-10-06T01:58:44,2024-10-06T02:03:47.091813,2024-10-06T02:44:55.113865,CLOSED,,EHR-PATIENT-DB-01,False
ALT-CSE-05-00265,CSE-05,LOW,2024-12-23T05:16:15,2024-12-23T05:32:59.008519,2024-12-23T06:11:54.031874,CLOSED,,ICU-TELEMETRY-GW,False
ALT-CSE-05-00266,CSE-05,MEDIUM,2024-11-09T22:30:27,2024-11-09T22:45:30.274996,2024-11-09T23:25:21.374504,CLOSED,,ICU-TELEMETRY-GW,False
ALT-CSE-05-00267,CSE-05,CRITICAL,2024-10-26T14:22:56,2024-10-26T14:34:11.511807,2024-10-26T15:43:34.997140,CLOSED,CAS-CSE-05-0038,EHR-PATIENT-DB-01,False
ALT-CSE-05-00268,CSE-05,MEDIUM,2024-10-31T17:07:24,2024-10-31T17:24:59.916330,2024-10-31T18:32:50.825902,CLOSED,,NURSE-STATION-EP-01,False
ALT-CSE-05-00269,CSE-05,MEDIUM,2024-12-05T04:35:26,2024-12-05T04:47:15.172148,2024-12-05T05:30:09.881335,CLOSED,,ICU-TELEMETRY-GW,False
ALT-CSE-05-00270,CSE-05,MEDIUM,2024-11-07T00:08:24,2024-11-07T00:25:30.808343,2024-11-07T00:47:43.243023,CLOSED,,HOSPITAL-PACS-IMAGING,False
ALT-CSE-05-00271,CSE-05,MEDIUM,2024-10-04T02:50:36,2024-10-04T03:07:46.467278,2024-10-04T04:11:37.426901,CLOSED,,EHR-PATIENT-DB-01,False
ALT-CSE-05-00272,CSE-05,MEDIUM,2024-11-14T18:36:12,2024-11-14T18:43:14.617462,2024-11-14T19:56:03.957401,CLOSED,,HOSPITAL-PACS-IMAGING,False
ALT-CSE-05-00273,CSE-05,MEDIUM,2024-11-02T08:18:02,2024-11-02T08:24:03.646305,2024-11-02T08:53:56.154129,CLOSED,,ICU-TELEMETRY-GW,False
ALT-CSE-05-00274,CSE-05,MEDIUM,2024-12-03T16:42:13,2024-12-03T17:00:06.117510,2024-12-03T17:38:27.858750,CLOSED,,NURSE-STATION-EP-01,False
ALT-CSE-05-00275,CSE-05,MEDIUM,2024-12-02T22:53:29,2024-12-02T23:08:17.488440,2024-12-03T00:05:09.040315,CLOSED,CAS-CSE-05-0039,EHR-PATIENT-DB-01,False
ALT-CSE-05-00276,CSE-05,MEDIUM,2024-12-01T09:27:08,2024-12-01T09:40:50.197105,2024-12-01T10:48:20.934077,CLOSED,,ICU-TELEMETRY-GW,False
ALT-CSE-05-00277,CSE-05,LOW,2024-12-04T11:19:35,2024-12-04T11:34:58.162953,2024-12-04T12:14:52.548316,CLOSED,,EHR-PATIENT-DB-01,False
ALT-CSE-05-00278,CSE-05,LOW,2024-12-27T11:09:42,2024-12-27T11:16:05.797115,2024-12-27T11:52:57.208606,CLOSED,,NURSE-STATION-EP-01,False
ALT-CSE-05-00279,CSE-05,LOW,2024-11-24T06:42:28,2024-11-24T07:00:16.740446,2024-11-24T08:05:10.822705,CLOSED,,EHR-PATIENT-DB-01,False
ALT-CSE-05-00280,CSE-05,MEDIUM,2024-12-11T15:37:56,2024-12-11T15:55:19.216364,2024-12-11T16:13:02.476726,CLOSED,,EHR-PATIENT-DB-01,False
ALT-CSE-05-00281,CSE-05,LOW,2024-11-16T21:17:50,2024-11-16T21:24:30.096732,2024-11-16T21:54:04.279079,CLOSED,,ICU-TELEMETRY-GW,False
ALT-CSE-05-00282,CSE-05,MEDIUM,2024-10-18T19:23:58,2024-10-18T19:41:44.188462,2024-10-18T20:02:29.101787,CLOSED,CAS-CSE-05-0040,EHR-PATIENT-DB-01,True
ALT-CSE-05-00283,CSE-05,LOW,2024-10-11T14:52:26,2024-10-11T14:57:17.298662,2024-10-11T15:30:22.297711,CLOSED,,ICU-TELEMETRY-GW,False
ALT-CSE-05-00284,CSE-05,LOW,2024-12-26T00:53:33,2024-12-26T00:59:54.364042,2024-12-26T02:14:55.435628,CLOSED,,ICU-TELEMETRY-GW,False
ALT-CSE-05-00285,CSE-05,LOW,2024-11-22T19:16:37,2024-11-22T19:32:25.572634,2024-11-22T20:23:24.393784,CLOSED,,HOSPITAL-PACS-IMAGING,False
ALT-CSE-05-00286,CSE-05,CRITICAL,2024-10-29T04:24:43,2024-10-29T04:30:11.285341,2024-10-29T05:29:56.473824,CLOSED,,HOSPITAL-PACS-IMAGING,False
ALT-CSE-05-00287,CSE-05,LOW,2024-12-17T13:18:11,2024-12-17T13:23:16.956787,2024-12-17T14:41:41.587845,CLOSED,,HOSPITAL-PACS-IMAGING,False
ALT-CSE-05-00288,CSE-05,LOW,2024-11-27T17:33:11,2024-11-27T17:42:09.268239,2024-11-27T18:48:44.251012,CLOSED,,ICU-TELEMETRY-GW,False
ALT-CSE-05-00289,CSE-05,MEDIUM,2024-10-05T19:04:59,2024-10-05T19:16:58.204802,2024-10-05T20:37:02.906530,CLOSED,,HOSPITAL-PACS-IMAGING,False
ALT-CSE-05-00290,CSE-05,MEDIUM,2024-10-17T23:43:08,2024-10-18T00:00:00.912396,2024-10-18T01:02:47.691061,CLOSED,CAS-CSE-05-0041,ICU-TELEMETRY-GW,False
ALT-CSE-05-00291,CSE-05,LOW,2024-10-23T00:27:22,2024-10-23T00:37:56.388879,2024-10-23T01:44:09.615618,CLOSED,,NURSE-STATION-EP-01,False
ALT-CSE-05-00292,CSE-05,MEDIUM,2024-10-25T16:59:06,2024-10-25T17:14:09.927704,2024-10-25T17:58:24.712673,CLOSED,,ICU-TELEMETRY-GW,False
ALT-CSE-05-00293,CSE-05,LOW,2024-12-29T15:40:49,2024-12-29T15:57:30.685055,2024-12-29T16:40:06.890384,CLOSED,,ICU-TELEMETRY-GW,False
ALT-CSE-05-00294,CSE-05,MEDIUM,2024-11-19T13:56:55,2024-11-19T14:04:39.213928,2024-11-19T14:42:56.467019,CLOSED,CAS-CSE-05-0042,EHR-PATIENT-DB-01,False
ALT-CSE-05-00295,CSE-05,LOW,2024-10-22T17:31:38,2024-10-22T17:46:34.961096,2024-10-22T18:12:30.567093,CLOSED,CAS-CSE-05-0043,EHR-PATIENT-DB-01,True
ALT-CSE-05-00296,CSE-05,MEDIUM,2024-12-10T14:49:05,2024-12-10T14:53:26.732509,2024-12-10T15:49:55.726289,CLOSED,,HOSPITAL-PACS-IMAGING,False
ALT-CSE-05-00297,CSE-05,LOW,2024-10-02T01:39:49,2024-10-02T01:46:03.859728,2024-10-02T02:21:22.457772,CLOSED,,ICU-TELEMETRY-GW,False
ALT-CSE-05-00298,CSE-05,LOW,2024-10-04T00:57:07,2024-10-04T01:08:09.951826,2024-10-04T02:20:50.675767,CLOSED,,ICU-TELEMETRY-GW,False
ALT-CSE-05-00299,CSE-05,MEDIUM,2024-12-15T04:47:23,2024-12-15T04:56:16.944454,2024-12-15T05:39:23.515569,CLOSED,,EHR-PATIENT-DB-01,False
ALT-CSE-05-00300,CSE-05,LOW,2024-12-19T16:16:04,2024-12-19T16:23:34.270141,2024-12-19T17:01:40.807561,CLOSED,,EHR-PATIENT-DB-01,False
ALT-CSE-05-00301,CSE-05,MEDIUM,2024-12-03T21:31:36,2024-12-03T21:39:30.654589,2024-12-03T22:50:37.919738,CLOSED,,EHR-PATIENT-DB-01,False
ALT-CSE-05-00302,CSE-05,MEDIUM,2024-11-15T01:55:24,2024-11-15T02:07:31.220601,2024-11-15T03:09:34.652675,CLOSED,,EHR-PATIENT-DB-01,False
ALT-CSE-05-00303,CSE-05,LOW,2024-12-03T22:37:46,2024-12-03T22:54:18.183725,2024-12-04T00:02:12.675614,CLOSED,,NURSE-STATION-EP-01,False
ALT-CSE-05-00304,CSE-05,MEDIUM,2024-10-30T08:09:28,2024-10-30T08:22:32.642294,2024-10-30T08:50:26.049785,CLOSED,,NURSE-STATION-EP-01,False
ALT-CSE-05-00305,CSE-05,CRITICAL,2024-11-23T21:53:02,2024-11-23T21:59:39.237766,2024-11-23T22:34:56.347563,CLOSED,CAS-CSE-05-0044,HOSPITAL-PACS-IMAGING,False
ALT-CSE-05-00306,CSE-05,MEDIUM,2024-10-29T08:19:46,2024-10-29T08:33:03.344159,2024-10-29T09:29:16.873045,CLOSED,,ICU-TELEMETRY-GW,False
ALT-CSE-05-00307,CSE-05,LOW,2024-11-25T17:24:05,2024-11-25T17:32:33.475426,2024-11-25T18:12:49.456928,CLOSED,,HOSPITAL-PACS-IMAGING,False
ALT-CSE-05-00308,CSE-05,MEDIUM,2024-12-29T16:53:34,2024-12-29T17:07:51.917783,2024-12-29T17:48:40.135823,CLOSED,,NURSE-STATION-EP-01,False
ALT-CSE-05-00309,CSE-05,MEDIUM,2024-10-14T14:32:00,2024-10-14T14:37:12.888548,2024-10-14T15:17:55.705407,CLOSED,CAS-CSE-05-0045,ICU-TELEMETRY-GW,False
ALT-CSE-05-00310,CSE-05,MEDIUM,2024-12-21T09:32:44,2024-12-21T09:42:38.152011,2024-12-21T10:58:04.743651,CLOSED,,HOSPITAL-PACS-IMAGING,False
ALT-CSE-05-00311,CSE-05,MEDIUM,2024-11-15T19:42:51,2024-11-15T19:52:42.751054,2024-11-15T20:20:07.804076,CLOSED,,NURSE-STATION-EP-01,False
ALT-CSE-05-00312,CSE-05,MEDIUM,2024-12-21T08:52:27,2024-12-21T09:04:37.440287,2024-12-21T09:59:04.403228,CLOSED,,ICU-TELEMETRY-GW,False
ALT-CSE-05-00313,CSE-05,MEDIUM,2024-11-18T09:10:28,2024-11-18T09:27:37.400198,2024-11-18T09:58:33.563827,CLOSED,,HOSPITAL-PACS-IMAGING,False
ALT-CSE-05-00314,CSE-05,LOW,2024-12-15T02:56:53,2024-12-15T03:03:03.478812,2024-12-15T04:17:22.993877,CLOSED,,EHR-PATIENT-DB-01,False
ALT-CSE-05-00315,CSE-05,MEDIUM,2024-12-03T16:29:44,2024-12-03T16:39:18.671664,2024-12-03T17:14:25.921241,CLOSED,,HOSPITAL-PACS-IMAGING,False
ALT-CSE-05-00316,CSE-05,LOW,2024-10-03T20:22:05,2024-10-03T20:38:18.506695,2024-10-03T21:39:19.132654,CLOSED,,ICU-TELEMETRY-GW,False
ALT-CSE-05-00317,CSE-05,MEDIUM,2024-11-02T12:54:14,2024-11-02T13:09:28.305663,2024-11-02T13:33:07.134576,CLOSED,,EHR-PATIENT-DB-01,False
ALT-CSE-05-00318,CSE-05,MEDIUM,2024-12-22T05:46:05,2024-12-22T05:51:53.991332,2024-12-22T06:39:14.578445,CLOSED,,NURSE-STATION-EP-01,False
ALT-CSE-05-00319,CSE-05,LOW,2024-10-08T08:57:45,2024-10-08T09:08:03.050516,2024-10-08T09:46:50.092600,CLOSED,,EHR-PATIENT-DB-01,False
ALT-CSE-05-00320,CSE-05,MEDIUM,2024-10-19T00:02:30,2024-10-19T00:19:31.021983,2024-10-19T01:15:18.696590,CLOSED,,NURSE-STATION-EP-01,False
ALT-CSE-05-00321,CSE-05,LOW,2024-12-26T13:03:42,2024-12-26T13:11:08.783213,2024-12-26T13:56:36.746759,CLOSED,,NURSE-STATION-EP-01,False
ALT-CSE-05-00322,CSE-05,LOW,2024-10-30T06:47:10,2024-10-30T06:53:46.484519,2024-10-30T08:17:22.766649,CLOSED,,NURSE-STATION-EP-01,False
ALT-CSE-05-00323,CSE-05,CRITICAL,2024-10-12T09:24:44,2024-10-12T09:36:42.857745,2024-10-12T10:55:05.822765,CLOSED,,NURSE-STATION-EP-01,False
ALT-CSE-05-00324,CSE-05,LOW,2024-10-10T23:35:49,2024-10-10T23:41:30.450739,2024-10-11T00:10:50.768314,CLOSED,,EHR-PATIENT-DB-01,False
ALT-CSE-05-00325,CSE-05,MEDIUM,2024-12-04T17:52:37,2024-12-04T18:01:19.929030,2024-12-04T18:37:11.376348,CLOSED,,NURSE-STATION-EP-01,False
ALT-CSE-05-00326,CSE-05,CRITICAL,2024-12-22T09:43:19,2024-12-22T09:57:57.380082,2024-12-22T11:15:19.445627,CLOSED,CAS-CSE-05-0046,EHR-PATIENT-DB-01,False
ALT-CSE-05-00327,CSE-05,CRITICAL,2024-12-23T14:21:12,2024-12-23T14:34:03.688419,2024-12-23T15:43:04.305313,CLOSED,,ICU-TELEMETRY-GW,False
ALT-CSE-05-00328,CSE-05,CRITICAL,2024-12-06T15:58:20,2024-12-06T16:03:57.403875,2024-12-06T16:51:04.107887,CLOSED,CAS-CSE-05-0047,NURSE-STATION-EP-01,False
ALT-CSE-05-00329,CSE-05,LOW,2024-10-06T21:25:41,2024-10-06T21:33:09.158544,2024-10-06T22:28:22.749428,CLOSED,,EHR-PATIENT-DB-01,False
ALT-CSE-05-00330,CSE-05,CRITICAL,2024-12-13T23:13:59,2024-12-13T23:26:11.118690,2024-12-14T00:27:20.171750,CLOSED,,NURSE-STATION-EP-01,False
ALT-CSE-05-00331,CSE-05,CRITICAL,2024-10-06T22:13:32,2024-10-06T22:20:18.148613,2024-10-06T23:37:40.326297,CLOSED,,EHR-PATIENT-DB-01,False
ALT-CSE-05-00332,CSE-05,MEDIUM,2024-10-15T18:01:55,2024-10-15T18:13:41.698874,2024-10-15T19:21:49.483352,CLOSED,,EHR-PATIENT-DB-01,False
ALT-CSE-05-00333,CSE-05,LOW,2024-11-26T17:00:08,2024-11-26T17:07:57.238614,2024-11-26T18:28:45.761147,CLOSED,,EHR-PATIENT-DB-01,False
ALT-CSE-05-00334,CSE-05,MEDIUM,2024-12-01T15:23:16,2024-12-01T15:39:23.157535,2024-12-01T16:55:26.717510,CLOSED,,EHR-PATIENT-DB-01,False
ALT-CSE-05-00335,CSE-05,MEDIUM,2024-12-13T02:41:57,2024-12-13T02:58:19.307061,2024-12-13T03:27:46.262742,CLOSED,,EHR-PATIENT-DB-01,False
ALT-CSE-05-00336,CSE-05,MEDIUM,2024-10-10T21:03:36,2024-10-10T21:12:52.173027,2024-10-10T22:16:52.484107,CLOSED,,NURSE-STATION-EP-01,False
ALT-CSE-05-00337,CSE-05,MEDIUM,2024-12-15T02:50:55,2024-12-15T02:58:00.999274,2024-12-15T03:29:52.738652,CLOSED,,EHR-PATIENT-DB-01,False
ALT-CSE-05-00338,CSE-05,LOW,2024-12-21T10:59:22,2024-12-21T11:06:50.389134,2024-12-21T11:36:08.641581,CLOSED,,ICU-TELEMETRY-GW,False
ALT-CSE-05-00339,CSE-05,LOW,2024-10-05T04:39:00,2024-10-05T04:50:22.464008,2024-10-05T05:23:31.782729,CLOSED,,NURSE-STATION-EP-01,False
ALT-CSE-05-00340,CSE-05,MEDIUM,2024-12-12T16:16:53,2024-12-12T16:28:03.298296,2024-12-12T17:46:35.116350,CLOSED,,ICU-TELEMETRY-GW,False
ALT-CSE-05-00341,CSE-05,CRITICAL,2024-10-29T02:31:45,2024-10-29T02:44:02.578864,2024-10-29T03:18:37.971005,CLOSED,CAS-CSE-05-0048,HOSPITAL-PACS-IMAGING,False
ALT-CSE-05-00342,CSE-05,LOW,2024-10-26T18:13:39,2024-10-26T18:21:29.438901,2024-10-26T19:28:07.741226,CLOSED,,EHR-PATIENT-DB-01,False
ALT-CSE-05-00343,CSE-05,LOW,2024-12-16T21:35:20,2024-12-16T21:40:16.120663,2024-12-16T22:56:12.943294,CLOSED,,ICU-TELEMETRY-GW,False
ALT-CSE-05-00344,CSE-05,MEDIUM,2024-11-18T12:18:45,2024-11-18T12:30:20.772276,2024-11-18T13:28:47.902999,CLOSED,,NURSE-STATION-EP-01,False
ALT-CSE-05-00345,CSE-05,LOW,2024-10-20T01:59:50,2024-10-20T02:05:56.906891,2024-10-20T02:35:15.432377,CLOSED,,ICU-TELEMETRY-GW,False
ALT-CSE-05-00346,CSE-05,LOW,2024-10-03T02:12:24,2024-10-03T02:18:37.976595,2024-10-03T03:39:45.950774,CLOSED,,ICU-TELEMETRY-GW,False
ALT-CSE-05-00347,CSE-05,MEDIUM,2024-10-31T05:33:28,2024-10-31T05:47:16.203223,2024-10-31T06:38:52.790189,CLOSED,,EHR-PATIENT-DB-01,False
ALT-CSE-05-00348,CSE-05,CRITICAL,2024-10-12T04:07:59,2024-10-12T04:12:26.835189,2024-10-12T05:18:24.394909,CLOSED,,EHR-PATIENT-DB-01,False
ALT-CSE-05-00349,CSE-05,MEDIUM,2024-10-26T08:08:48,2024-10-26T08:22:14.799421,2024-10-26T09:37:29.776561,CLOSED,,ICU-TELEMETRY-GW,False
ALT-CSE-05-00350,CSE-05,MEDIUM,2024-12-07T21:00:26,2024-12-07T21:06:25.386895,2024-12-07T22:00:20.631241,CLOSED,,ICU-TELEMETRY-GW,False
ALT-CSE-05-00351,CSE-05,LOW,2024-11-27T22:17:15,2024-11-27T22:22:58.239115,2024-11-27T22:58:27.321112,CLOSED,,ICU-TELEMETRY-GW,False
ALT-CSE-05-00352,CSE-05,CRITICAL,2024-12-26T22:12:37,2024-12-26T22:24:59.353099,2024-12-26T23:30:47.725033,CLOSED,CAS-CSE-05-0049,EHR-PATIENT-DB-01,False
ALT-CSE-05-00353,CSE-05,MEDIUM,2024-10-28T03:37:31,2024-10-28T03:44:43.618858,2024-10-28T04:35:07.810362,CLOSED,,NURSE-STATION-EP-01,False
ALT-CSE-05-00354,CSE-05,MEDIUM,2024-10-28T03:31:39,2024-10-28T03:43:21.284834,2024-10-28T04:19:32.712481,CLOSED,,NURSE-STATION-EP-01,False
ALT-CSE-05-00355,CSE-05,MEDIUM,2024-12-17T23:27:23,2024-12-17T23:36:56.077271,2024-12-18T00:37:03.974301,CLOSED,CAS-CSE-05-0050,EHR-PATIENT-DB-01,True
ALT-CSE-05-00356,CSE-05,MEDIUM,2024-12-05T10:25:12,2024-12-05T10:35:56.016381,2024-12-05T11:38:40.092499,CLOSED,,NURSE-STATION-EP-01,False
ALT-CSE-05-00357,CSE-05,MEDIUM,2024-10-08T19:01:21,2024-10-08T19:08:37.783859,2024-10-08T19:47:16.394891,CLOSED,,ICU-TELEMETRY-GW,False
ALT-CSE-05-00358,CSE-05,LOW,2024-12-22T02:35:47,2024-12-22T02:53:14.918981,2024-12-22T03:24:54.237484,CLOSED,CAS-CSE-05-0051,HOSPITAL-PACS-IMAGING,False
ALT-CSE-05-00359,CSE-05,MEDIUM,2024-10-13T22:18:04,2024-10-13T22:32:14.329071,2024-10-13T22:53:45.298598,CLOSED,,ICU-TELEMETRY-GW,False
ALT-CSE-05-00360,CSE-05,MEDIUM,2024-11-04T14:50:58,2024-11-04T14:58:57.497447,2024-11-04T15:31:50.363442,CLOSED,,EHR-PATIENT-DB-01,False
ALT-CSE-05-00361,CSE-05,LOW,2024-10-12T09:27:07,2024-10-12T09:40:07.843811,2024-10-12T10:07:27.152842,CLOSED,,HOSPITAL-PACS-IMAGING,False
ALT-CSE-05-00362,CSE-05,CRITICAL,2024-12-29T07:49:37,2024-12-29T08:05:26.279329,2024-12-29T08:49:18.143221,CLOSED,CAS-CSE-05-0052,ICU-TELEMETRY-GW,False
ALT-CSE-05-00363,CSE-05,LOW,2024-12-01T16:24:01,2024-12-01T16:33:39.248015,2024-12-01T17:30:59.361764,CLOSED,,EHR-PATIENT-DB-01,False
ALT-CSE-05-00364,CSE-05,LOW,2024-11-15T10:13:06,2024-11-15T10:23:46.584920,2024-11-15T11:16:32.244762,CLOSED,,EHR-PATIENT-DB-01,False
ALT-CSE-05-00365,CSE-05,MEDIUM,2024-11-04T16:53:46,2024-11-04T17:06:10.549290,2024-11-04T18:20:54.897439,CLOSED,,ICU-TELEMETRY-GW,False
ALT-CSE-05-00366,CSE-05,CRITICAL,2024-10-22T00:27:16,2024-10-22T00:43:15.409877,2024-10-22T01:20:51.130796,CLOSED,CAS-CSE-05-0053,HOSPITAL-PACS-IMAGING,False
ALT-CSE-05-00367,CSE-05,LOW,2024-11-18T17:43:10,2024-11-18T17:58:52.455098,2024-11-18T18:59:28.218387,CLOSED,CAS-CSE-05-0054,NURSE-STATION-EP-01,False
ALT-CSE-05-00368,CSE-05,MEDIUM,2024-10-15T01:58:28,2024-10-15T02:09:01.683995,2024-10-15T03:03:32.121684,CLOSED,,EHR-PATIENT-DB-01,False
ALT-CSE-05-00369,CSE-05,LOW,2024-10-07T14:00:27,2024-10-07T14:13:26.232184,2024-10-07T14:44:16.080223,CLOSED,,HOSPITAL-PACS-IMAGING,False
ALT-CSE-05-00370,CSE-05,CRITICAL,2024-12-25T05:27:23,2024-12-25T05:39:53.646347,2024-12-25T06:53:04.963540,CLOSED,CAS-CSE-05-0055,HOSPITAL-PACS-IMAGING,False
ALT-CSE-05-00371,CSE-05,CRITICAL,2024-11-05T22:47:02,2024-11-05T22:53:27.640203,2024-11-05T23:23:21.196481,CLOSED,CAS-CSE-05-0056,NURSE-STATION-EP-01,False
ALT-CSE-05-00372,CSE-05,LOW,2024-10-10T21:59:13,2024-10-10T22:14:17.796079,2024-10-10T23:07:48.389739,CLOSED,,ICU-TELEMETRY-GW,False
ALT-CSE-05-00373,CSE-05,MEDIUM,2024-12-04T12:24:19,2024-12-04T12:40:35.643687,2024-12-04T13:29:40.428302,CLOSED,,EHR-PATIENT-DB-01,False
ALT-CSE-05-00374,CSE-05,CRITICAL,2024-11-12T11:08:22,2024-11-12T11:23:34.114065,2024-11-12T12:32:31.031571,CLOSED,CAS-CSE-05-0057,HOSPITAL-PACS-IMAGING,False
ALT-CSE-05-00375,CSE-05,LOW,2024-12-23T13:56:13,2024-12-23T14:11:32.606268,2024-12-23T14:38:58.980765,CLOSED,,HOSPITAL-PACS-IMAGING,False
ALT-CSE-05-00376,CSE-05,MEDIUM,2024-12-07T05:42:50,2024-12-07T05:58:17.744117,2024-12-07T06:50:00.168038,CLOSED,,EHR-PATIENT-DB-01,False
ALT-CSE-05-00377,CSE-05,MEDIUM,2024-11-14T11:43:41,2024-11-14T11:58:40.753448,2024-11-14T12:53:42.125335,CLOSED,,NURSE-STATION-EP-01,False
ALT-CSE-05-00378,CSE-05,MEDIUM,2024-12-23T11:37:14,2024-12-23T11:49:05.792063,2024-12-23T13:04:19.691121,CLOSED,,EHR-PATIENT-DB-01,False
ALT-CSE-05-00379,CSE-05,MEDIUM,2024-10-16T03:47:29,2024-10-16T03:53:06.195894,2024-10-16T05:14:26.201772,CLOSED,,HOSPITAL-PACS-IMAGING,False
ALT-CSE-05-00380,CSE-05,MEDIUM,2024-11-04T03:27:44,2024-11-04T03:34:53.736269,2024-11-04T04:18:28.009344,CLOSED,,EHR-PATIENT-DB-01,False
ALT-CSE-05-00381,CSE-05,MEDIUM,2024-11-29T05:40:03,2024-11-29T05:50:36.201414,2024-11-29T07:05:46.399118,CLOSED,,HOSPITAL-PACS-IMAGING,False
ALT-CSE-05-00382,CSE-05,MEDIUM,2024-10-05T20:58:48,2024-10-05T21:09:30.875901,2024-10-05T21:33:53.360633,CLOSED,CAS-CSE-05-0058,EHR-PATIENT-DB-01,False
ALT-CSE-05-00383,CSE-05,MEDIUM,2024-10-24T17:36:13,2024-10-24T17:43:34.204688,2024-10-24T19:08:05.454299,CLOSED,,EHR-PATIENT-DB-01,False
ALT-CSE-05-00384,CSE-05,LOW,2024-12-15T16:28:04,2024-12-15T16:40:10.923442,2024-12-15T17:57:10.853651,CLOSED,,ICU-TELEMETRY-GW,False
ALT-CSE-05-00385,CSE-05,LOW,2024-11-20T13:30:48,2024-11-20T13:40:38.588444,2024-11-20T14:36:36.724763,CLOSED,,HOSPITAL-PACS-IMAGING,False
ALT-CSE-05-00386,CSE-05,MEDIUM,2024-12-24T04:16:10,2024-12-24T04:23:44.401549,2024-12-24T05:14:10.922158,CLOSED,,NURSE-STATION-EP-01,False
ALT-CSE-05-00387,CSE-05,MEDIUM,2024-12-09T22:23:44,2024-12-09T22:37:43.715750,2024-12-09T23:12:37.148182,CLOSED,,EHR-PATIENT-DB-01,False
ALT-CSE-05-00388,CSE-05,CRITICAL,2024-10-12T10:02:03,2024-10-12T10:13:03.606815,2024-10-12T10:37:05.114356,CLOSED,CAS-CSE-05-0059,HOSPITAL-PACS-IMAGING,False
ALT-CSE-05-00389,CSE-05,CRITICAL,2024-12-02T09:27:58,2024-12-02T09:44:44.348083,2024-12-02T10:39:47.349821,CLOSED,CAS-CSE-05-0060,NURSE-STATION-EP-01,False
ALT-CSE-05-00390,CSE-05,CRITICAL,2024-12-06T08:29:57,2024-12-06T08:46:17.558833,2024-12-06T09:32:13.938744,CLOSED,CAS-CSE-05-0061,EHR-PATIENT-DB-01,False
ALT-CSE-05-00391,CSE-05,MEDIUM,2024-12-10T18:14:57,2024-12-10T18:32:02.664638,2024-12-10T19:45:52.043231,CLOSED,,NURSE-STATION-EP-01,False
ALT-CSE-05-00392,CSE-05,MEDIUM,2024-10-29T14:54:00,2024-10-29T15:08:53.696753,2024-10-29T15:58:46.616365,CLOSED,,EHR-PATIENT-DB-01,False
ALT-CSE-05-00393,CSE-05,LOW,2024-10-06T14:17:43,2024-10-06T14:22:55.772042,2024-10-06T15:50:41.138222,CLOSED,,HOSPITAL-PACS-IMAGING,False
ALT-CSE-05-00394,CSE-05,MEDIUM,2024-12-05T05:50:06,2024-12-05T06:01:40.420383,2024-12-05T07:21:01.924882,CLOSED,,EHR-PATIENT-DB-01,False
ALT-CSE-05-00395,CSE-05,MEDIUM,2024-10-19T04:12:16,2024-10-19T04:17:09.972998,2024-10-19T05:45:36.633932,CLOSED,CAS-CSE-05-0062,NURSE-STATION-EP-01,False
ALT-CSE-05-00396,CSE-05,MEDIUM,2024-11-07T20:38:59,2024-11-07T20:44:28.541128,2024-11-07T22:02:45.911993,CLOSED,,NURSE-STATION-EP-01,False
ALT-CSE-05-00397,CSE-05,MEDIUM,2024-11-14T06:41:31,2024-11-14T06:54:53.148102,2024-11-14T07:28:26.488505,CLOSED,,ICU-TELEMETRY-GW,False
ALT-CSE-05-00398,CSE-05,MEDIUM,2024-10-26T21:24:33,2024-10-26T21:35:53.759905,2024-10-26T22:13:06.649383,CLOSED,,HOSPITAL-PACS-IMAGING,False
ALT-CSE-05-00399,CSE-05,LOW,2024-11-27T05:54:38,2024-11-27T06:07:58.335924,2024-11-27T07:13:53.435684,CLOSED,,EHR-PATIENT-DB-01,False
ALT-CSE-05-00400,CSE-05,MEDIUM,2024-10-03T20:21:48,2024-10-03T20:30:41.632439,2024-10-03T21:14:13.583233,CLOSED,,HOSPITAL-PACS-IMAGING,False
ALT-CSE-05-00401,CSE-05,CRITICAL,2024-10-11T13:41:00,2024-10-11T13:48:59.555450,2024-10-11T15:11:08.883272,CLOSED,CAS-CSE-05-0063,NURSE-STATION-EP-01,True
ALT-CSE-05-00402,CSE-05,MEDIUM,2024-11-24T05:01:18,2024-11-24T05:17:44.936267,2024-11-24T06:29:11.516712,CLOSED,,HOSPITAL-PACS-IMAGING,False
ALT-CSE-05-00403,CSE-05,CRITICAL,2024-11-08T14:27:25,2024-11-08T14:40:40.819809,2024-11-08T15:51:53.157198,CLOSED,CAS-CSE-05-0064,EHR-PATIENT-DB-01,True
ALT-CSE-05-00404,CSE-05,MEDIUM,2024-11-17T07:49:06,2024-11-17T08:05:50.091334,2024-11-17T09:13:40.600872,CLOSED,,ICU-TELEMETRY-GW,False
ALT-CSE-05-00405,CSE-05,MEDIUM,2024-10-16T08:07:41,2024-10-16T08:13:23.828599,2024-10-16T08:44:04.405012,CLOSED,,HOSPITAL-PACS-IMAGING,False
ALT-CSE-05-00406,CSE-05,MEDIUM,2024-10-26T20:43:10,2024-10-26T20:53:49.595015,2024-10-26T21:52:06.345265,CLOSED,,HOSPITAL-PACS-IMAGING,False
ALT-CSE-05-00407,CSE-05,CRITICAL,2024-12-04T12:50:37,2024-12-04T12:57:02.544944,2024-12-04T14:00:55.484037,CLOSED,,ICU-TELEMETRY-GW,False
ALT-CSE-05-00408,CSE-05,MEDIUM,2024-12-08T06:51:51,2024-12-08T06:56:14.366117,2024-12-08T07:31:40.612263,CLOSED,,ICU-TELEMETRY-GW,False
ALT-CSE-05-00409,CSE-05,LOW,2024-10-02T16:43:50,2024-10-02T17:00:57.950554,2024-10-02T17:47:42.537761,CLOSED,,HOSPITAL-PACS-IMAGING,False
ALT-CSE-05-00410,CSE-05,CRITICAL,2024-10-05T21:04:56,2024-10-05T21:13:15.337112,2024-10-05T21:44:29.349670,CLOSED,CAS-CSE-05-0065,EHR-PATIENT-DB-01,False
ALT-CSE-05-00411,CSE-05,LOW,2024-10-15T23:54:07,2024-10-16T00:04:53.514396,2024-10-16T01:22:18.378589,CLOSED,,HOSPITAL-PACS-IMAGING,False
ALT-CSE-05-00412,CSE-05,MEDIUM,2024-11-29T13:35:07,2024-11-29T13:43:00.626297,2024-11-29T14:57:43.103831,CLOSED,CAS-CSE-05-0066,ICU-TELEMETRY-GW,False
ALT-CSE-05-00413,CSE-05,MEDIUM,2024-10-18T15:13:39,2024-10-18T15:30:08.123785,2024-10-18T16:34:41.383595,CLOSED,,ICU-TELEMETRY-GW,False
ALT-CSE-05-00414,CSE-05,LOW,2024-12-08T11:25:59,2024-12-08T11:43:39.101649,2024-12-08T12:23:51.435671,CLOSED,,NURSE-STATION-EP-01,False
ALT-CSE-05-00415,CSE-05,MEDIUM,2024-12-11T04:27:45,2024-12-11T04:32:17.545732,2024-12-11T05:50:24.768681,CLOSED,,ICU-TELEMETRY-GW,False
ALT-CSE-05-00416,CSE-05,MEDIUM,2024-12-13T08:27:47,2024-12-13T08:41:38.325988,2024-12-13T09:59:20.873082,CLOSED,CAS-CSE-05-0067,HOSPITAL-PACS-IMAGING,False
ALT-CSE-05-00417,CSE-05,LOW,2024-10-21T14:11:56,2024-10-21T14:19:42.836659,2024-10-21T15:15:25.977968,CLOSED,CAS-CSE-05-0068,NURSE-STATION-EP-01,False
ALT-CSE-05-00418,CSE-05,MEDIUM,2024-11-27T19:01:42,2024-11-27T19:14:13.636716,2024-11-27T20:29:59.111618,CLOSED,,EHR-PATIENT-DB-01,False
ALT-CSE-05-00419,CSE-05,LOW,2024-11-04T18:40:21,2024-11-04T18:46:58.198723,2024-11-04T19:50:30.531396,CLOSED,,NURSE-STATION-EP-01,False
ALT-CSE-05-00420,CSE-05,LOW,2024-10-24T18:11:56,2024-10-24T18:29:02.621298,2024-10-24T19:16:27.181768,CLOSED,,EHR-PATIENT-DB-01,False
ALT-CSE-05-00421,CSE-05,MEDIUM,2024-10-30T02:06:09,2024-10-30T02:20:43.416845,2024-10-30T03:06:54.170480,CLOSED,,ICU-TELEMETRY-GW,False
ALT-CSE-05-00422,CSE-05,MEDIUM,2024-10-29T21:09:18,2024-10-29T21:26:21.982353,2024-10-29T21:51:40.705293,CLOSED,CAS-CSE-05-0069,ICU-TELEMETRY-GW,True
ALT-CSE-05-00423,CSE-05,MEDIUM,2024-10-30T11:34:20,2024-10-30T11:41:08.823856,2024-10-30T12:43:51.014000,CLOSED,,ICU-TELEMETRY-GW,False
ALT-CSE-05-00424,CSE-05,LOW,2024-12-26T22:42:24,2024-12-26T22:52:36.751217,2024-12-26T23:47:27.601994,CLOSED,,HOSPITAL-PACS-IMAGING,False
ALT-CSE-05-00425,CSE-05,MEDIUM,2024-10-17T02:38:13,2024-10-17T02:43:00.582546,2024-10-17T03:36:18.550463,CLOSED,,NURSE-STATION-EP-01,False
ALT-CSE-05-00426,CSE-05,LOW,2024-11-28T16:54:55,2024-11-28T17:00:51.102280,2024-11-28T17:55:04.933301,CLOSED,,NURSE-STATION-EP-01,False
ALT-CSE-05-00427,CSE-05,MEDIUM,2024-10-04T10:52:03,2024-10-04T11:05:12.369575,2024-10-04T12:01:17.401517,CLOSED,,EHR-PATIENT-DB-01,False
ALT-CSE-05-00428,CSE-05,MEDIUM,2024-12-26T16:36:42,2024-12-26T16:43:35.214655,2024-12-26T17:42:56.482491,CLOSED,,EHR-PATIENT-DB-01,False
ALT-CSE-05-00429,CSE-05,MEDIUM,2024-12-17T12:40:58,2024-12-17T12:51:24.211388,2024-12-17T13:30:05.847578,CLOSED,,ICU-TELEMETRY-GW,False
ALT-CSE-05-00430,CSE-05,LOW,2024-11-16T21:30:28,2024-11-16T21:41:35.106117,2024-11-16T22:42:27.295161,CLOSED,,EHR-PATIENT-DB-01,False
ALT-CSE-05-00431,CSE-05,LOW,2024-11-12T22:41:56,2024-11-12T22:48:02.740999,2024-11-13T00:13:24.099104,CLOSED,,ICU-TELEMETRY-GW,False
ALT-CSE-05-00432,CSE-05,MEDIUM,2024-11-22T05:40:25,2024-11-22T05:45:54.035176,2024-11-22T07:08:58.083487,CLOSED,,NURSE-STATION-EP-01,False
ALT-CSE-05-00433,CSE-05,MEDIUM,2024-11-28T19:15:33,2024-11-28T19:21:55.385687,2024-11-28T20:20:28.681083,CLOSED,,EHR-PATIENT-DB-01,False
ALT-CSE-05-00434,CSE-05,CRITICAL,2024-10-21T09:41:58,2024-10-21T09:57:47.589856,2024-10-21T10:51:39.488550,CLOSED,CAS-CSE-05-0070,HOSPITAL-PACS-IMAGING,False
ALT-CSE-05-00435,CSE-05,MEDIUM,2024-10-21T03:55:51,2024-10-21T04:03:56.085998,2024-10-21T05:17:56.047475,CLOSED,,EHR-PATIENT-DB-01,False
ALT-CSE-05-00436,CSE-05,MEDIUM,2024-11-21T10:55:40,2024-11-21T11:06:50.812038,2024-11-21T12:19:48.375143,CLOSED,,ICU-TELEMETRY-GW,False
ALT-CSE-05-00437,CSE-05,MEDIUM,2024-11-29T04:17:29,2024-11-29T04:27:40.469269,2024-11-29T05:39:37.689377,CLOSED,,HOSPITAL-PACS-IMAGING,False
ALT-CSE-05-00438,CSE-05,MEDIUM,2024-10-26T18:28:07,2024-10-26T18:41:47.023163,2024-10-26T19:35:51.499686,CLOSED,,EHR-PATIENT-DB-01,False
ALT-CSE-05-00439,CSE-05,LOW,2024-10-02T08:17:39,2024-10-02T08:30:15.971478,2024-10-02T08:58:03.759545,CLOSED,,EHR-PATIENT-DB-01,False
ALT-CSE-05-00440,CSE-05,LOW,2024-11-22T23:26:22,2024-11-22T23:38:20.500679,2024-11-23T00:59:47.798375,CLOSED,,EHR-PATIENT-DB-01,False
ALT-CSE-05-00441,CSE-05,LOW,2024-10-16T01:55:33,2024-10-16T02:06:40.165099,2024-10-16T02:48:31.457396,CLOSED,,HOSPITAL-PACS-IMAGING,False
ALT-CSE-05-00442,CSE-05,MEDIUM,2024-12-05T17:52:41,2024-12-05T18:00:49.924407,2024-12-05T18:29:37.216740,CLOSED,,EHR-PATIENT-DB-01,False
ALT-CSE-05-00443,CSE-05,MEDIUM,2024-12-01T07:59:50,2024-12-01T08:07:48.112827,2024-12-01T09:29:17.869774,CLOSED,,ICU-TELEMETRY-GW,False
ALT-CSE-05-00444,CSE-05,MEDIUM,2024-11-03T00:41:33,2024-11-03T00:54:07.615535,2024-11-03T01:42:02.164101,CLOSED,,EHR-PATIENT-DB-01,False
ALT-CSE-05-00445,CSE-05,LOW,2024-11-14T14:25:11,2024-11-14T14:29:43.923490,2024-11-14T15:19:01.065330,CLOSED,CAS-CSE-05-0071,NURSE-STATION-EP-01,False
ALT-CSE-05-00446,CSE-05,MEDIUM,2024-10-09T00:51:24,2024-10-09T01:03:08.293504,2024-10-09T02:01:30.084802,CLOSED,,ICU-TELEMETRY-GW,False
ALT-CSE-05-00447,CSE-05,CRITICAL,2024-11-13T03:43:56,2024-11-13T03:54:51.374911,2024-11-13T04:29:31.662304,CLOSED,CAS-CSE-05-0072,ICU-TELEMETRY-GW,False
ALT-CSE-05-00448,CSE-05,LOW,2024-12-28T10:19:06,2024-12-28T10:29:49.054711,2024-12-28T11:12:32.378854,CLOSED,,HOSPITAL-PACS-IMAGING,False
ALT-CSE-05-00449,CSE-05,LOW,2024-11-08T23:24:39,2024-11-08T23:37:18.144107,2024-11-09T00:24:39.124782,CLOSED,,EHR-PATIENT-DB-01,False
ALT-CSE-05-00450,CSE-05,LOW,2024-11-28T14:51:49,2024-11-28T14:57:50.318028,2024-11-28T16:16:06.674503,CLOSED,CAS-CSE-05-0073,HOSPITAL-PACS-IMAGING,True
ALT-CSE-05-00451,CSE-05,MEDIUM,2024-12-05T07:44:01,2024-12-05T07:58:12.787525,2024-12-05T08:32:07.723663,CLOSED,,HOSPITAL-PACS-IMAGING,False
ALT-CSE-05-00452,CSE-05,CRITICAL,2024-10-21T20:57:32,2024-10-21T21:07:44.940237,2024-10-21T21:56:08.314132,CLOSED,CAS-CSE-05-0074,HOSPITAL-PACS-IMAGING,False
ALT-CSE-05-00453,CSE-05,CRITICAL,2024-11-23T22:22:46,2024-11-23T22:38:58.901585,2024-11-23T23:14:34.604002,CLOSED,CAS-CSE-05-0075,NURSE-STATION-EP-01,False
ALT-CSE-05-00454,CSE-05,MEDIUM,2024-12-20T09:41:35,2024-12-20T09:58:51.008136,2024-12-20T11:13:23.154450,CLOSED,,EHR-PATIENT-DB-01,False
ALT-CSE-05-00455,CSE-05,LOW,2024-10-25T00:58:05,2024-10-25T01:08:07.240695,2024-10-25T02:23:07.383150,CLOSED,,ICU-TELEMETRY-GW,False
ALT-CSE-05-00456,CSE-05,MEDIUM,2024-10-08T15:37:04,2024-10-08T15:41:52.867924,2024-10-08T16:52:27.285082,CLOSED,,HOSPITAL-PACS-IMAGING,False
ALT-CSE-05-00457,CSE-05,LOW,2024-12-21T02:25:21,2024-12-21T02:42:31.161181,2024-12-21T03:28:13.907264,CLOSED,,ICU-TELEMETRY-GW,False
ALT-CSE-05-00458,CSE-05,CRITICAL,2024-10-17T01:56:59,2024-10-17T02:01:07.442036,2024-10-17T03:01:55.635121,CLOSED,CAS-CSE-05-0076,ICU-TELEMETRY-GW,False
ALT-CSE-05-00459,CSE-05,LOW,2024-11-18T14:55:34,2024-11-18T15:01:10.079891,2024-11-18T15:31:49.614979,CLOSED,,ICU-TELEMETRY-GW,False
ALT-CSE-05-00460,CSE-05,LOW,2024-12-14T06:41:29,2024-12-14T06:47:49.464452,2024-12-14T08:05:43.219524,CLOSED,,NURSE-STATION-EP-01,False
ALT-CSE-05-00461,CSE-05,LOW,2024-11-14T08:19:47,2024-11-14T08:37:16.822303,2024-11-14T09:05:07.848947,CLOSED,,HOSPITAL-PACS-IMAGING,False
ALT-CSE-05-00462,CSE-05,MEDIUM,2024-10-31T00:48:36,2024-10-31T01:03:30.610084,2024-10-31T02:17:50.803599,CLOSED,,ICU-TELEMETRY-GW,False
ALT-CSE-05-00463,CSE-05,LOW,2024-10-19T11:02:31,2024-10-19T11:19:09.082219,2024-10-19T12:11:11.684282,CLOSED,,ICU-TELEMETRY-GW,False
ALT-CSE-05-00464,CSE-05,MEDIUM,2024-10-29T22:37:53,2024-10-29T22:49:14.389301,2024-10-29T23:22:03.221468,CLOSED,,EHR-PATIENT-DB-01,False
ALT-CSE-05-00465,CSE-05,LOW,2024-11-19T11:18:07,2024-11-19T11:26:45.772891,2024-11-19T12:15:57.522385,CLOSED,,ICU-TELEMETRY-GW,False
ALT-CSE-05-00466,CSE-05,MEDIUM,2024-10-24T00:29:11,2024-10-24T00:41:14.895536,2024-10-24T01:28:46.680502,CLOSED,,ICU-TELEMETRY-GW,False
ALT-CSE-05-00467,CSE-05,LOW,2024-11-02T21:47:10,2024-11-02T22:02:21.489386,2024-11-02T22:30:43.993465,CLOSED,,HOSPITAL-PACS-IMAGING,False
ALT-CSE-05-00468,CSE-05,LOW,2024-12-26T10:05:57,2024-12-26T10:14:23.727081,2024-12-26T11:26:18.160944,CLOSED,,NURSE-STATION-EP-01,False
ALT-CSE-05-00469,CSE-05,MEDIUM,2024-11-13T07:35:03,2024-11-13T07:52:12.011448,2024-11-13T08:58:01.026168,CLOSED,CAS-CSE-05-0077,ICU-TELEMETRY-GW,False
ALT-CSE-05-00470,CSE-05,MEDIUM,2024-12-21T10:30:09,2024-12-21T10:47:23.959563,2024-12-21T11:52:13.307115,CLOSED,,ICU-TELEMETRY-GW,False
ALT-CSE-05-00471,CSE-05,CRITICAL,2024-11-03T12:51:09,2024-11-03T12:59:25.315275,2024-11-03T13:40:30.512325,CLOSED,,ICU-TELEMETRY-GW,False
ALT-CSE-05-00472,CSE-05,LOW,2024-10-18T06:38:34,2024-10-18T06:51:10.685612,2024-10-18T07:24:10.604485,CLOSED,,HOSPITAL-PACS-IMAGING,False
ALT-CSE-05-00473,CSE-05,MEDIUM,2024-11-30T23:08:35,2024-11-30T23:18:12.966914,2024-12-01T00:03:38.172604,CLOSED,,EHR-PATIENT-DB-01,False
ALT-CSE-05-00474,CSE-05,CRITICAL,2024-11-09T20:38:04,2024-11-09T20:49:22.830051,2024-11-09T21:17:32.073079,CLOSED,CAS-CSE-05-0078,EHR-PATIENT-DB-01,False
ALT-CSE-05-00475,CSE-05,LOW,2024-12-01T02:10:57,2024-12-01T02:15:42.552996,2024-12-01T03:37:21.380796,CLOSED,,ICU-TELEMETRY-GW,False
ALT-CSE-05-00476,CSE-05,CRITICAL,2024-10-11T07:43:18,2024-10-11T07:57:53.248394,2024-10-11T08:39:36.880733,CLOSED,,NURSE-STATION-EP-01,False
ALT-CSE-05-00477,CSE-05,LOW,2024-10-23T22:53:33,2024-10-23T23:04:52.826648,2024-10-24T00:17:16.684868,CLOSED,,HOSPITAL-PACS-IMAGING,False
ALT-CSE-05-00478,CSE-05,MEDIUM,2024-12-27T09:26:27,2024-12-27T09:40:10.535860,2024-12-27T10:15:05.242132,CLOSED,,EHR-PATIENT-DB-01,False
ALT-CSE-05-00479,CSE-05,LOW,2024-10-17T04:59:24,2024-10-17T05:08:06.262583,2024-10-17T05:37:10.263420,CLOSED,,HOSPITAL-PACS-IMAGING,False
ALT-CSE-05-00480,CSE-05,LOW,2024-12-11T03:54:28,2024-12-11T04:05:00.381317,2024-12-11T05:09:02.753177,CLOSED,,ICU-TELEMETRY-GW,False
ALT-CSE-05-00481,CSE-05,MEDIUM,2024-10-26T22:52:42,2024-10-26T22:59:14.573699,2024-10-27T00:17:13.154168,CLOSED,,EHR-PATIENT-DB-01,False
ALT-CSE-05-00482,CSE-05,MEDIUM,2024-11-15T15:57:34,2024-11-15T16:01:53.096358,2024-11-15T17:08:50.115156,CLOSED,,EHR-PATIENT-DB-01,False
ALT-CSE-05-00483,CSE-05,CRITICAL,2024-10-26T19:30:28,2024-10-26T19:40:06.944747,2024-10-26T20:05:45.175964,CLOSED,CAS-CSE-05-0079,NURSE-STATION-EP-01,False
ALT-CSE-05-00484,CSE-05,CRITICAL,2024-10-03T08:52:24,2024-10-03T09:05:49.408554,2024-10-03T10:17:12.016095,CLOSED,CAS-CSE-05-0080,NURSE-STATION-EP-01,False
ALT-CSE-05-00485,CSE-05,LOW,2024-12-18T18:16:04,2024-12-18T18:31:27.625821,2024-12-18T19:33:14.419985,CLOSED,,HOSPITAL-PACS-IMAGING,False
ALT-CSE-05-00486,CSE-05,MEDIUM,2024-10-02T06:31:14,2024-10-02T06:40:05.726731,2024-10-02T07:10:58.816566,CLOSED,,NURSE-STATION-EP-01,False
ALT-CSE-05-00487,CSE-05,LOW,2024-10-10T19:11:53,2024-10-10T19:27:31.299349,2024-10-10T20:05:14.198476,CLOSED,,HOSPITAL-PACS-IMAGING,False
ALT-CSE-05-00488,CSE-05,MEDIUM,2024-10-31T13:17:49,2024-10-31T13:33:09.005919,2024-10-31T14:34:59.944810,CLOSED,,ICU-TELEMETRY-GW,False
ALT-CSE-05-00489,CSE-05,MEDIUM,2024-12-13T03:00:23,2024-12-13T03:11:33.601725,2024-12-13T04:03:24.181148,CLOSED,,HOSPITAL-PACS-IMAGING,False
ALT-CSE-05-00490,CSE-05,MEDIUM,2024-11-04T00:37:49,2024-11-04T00:53:17.491021,2024-11-04T02:12:03.520173,CLOSED,,EHR-PATIENT-DB-01,False
ALT-CSE-05-00491,CSE-05,CRITICAL,2024-11-17T06:01:03,2024-11-17T06:14:02.838949,2024-11-17T06:41:17.735511,CLOSED,CAS-CSE-05-0081,ICU-TELEMETRY-GW,False
ALT-CSE-05-00492,CSE-05,MEDIUM,2024-12-06T12:17:01,2024-12-06T12:30:25.801605,2024-12-06T13:09:22.802528,CLOSED,,NURSE-STATION-EP-01,False
ALT-CSE-05-00493,CSE-05,MEDIUM,2024-12-09T20:41:00,2024-12-09T20:58:16.500383,2024-12-09T21:49:13.307078,CLOSED,,HOSPITAL-PACS-IMAGING,False
ALT-CSE-05-00494,CSE-05,LOW,2024-11-27T12:22:18,2024-11-27T12:30:44.056532,2024-11-27T13:08:30.976687,CLOSED,,HOSPITAL-PACS-IMAGING,False
ALT-CSE-05-00495,CSE-05,LOW,2024-12-20T08:17:49,2024-12-20T08:26:31.046044,2024-12-20T08:53:17.523631,CLOSED,,EHR-PATIENT-DB-01,False
ALT-CSE-05-00496,CSE-05,MEDIUM,2024-12-03T07:02:08,2024-12-03T07:12:35.742778,2024-12-03T07:46:38.789222,CLOSED,,NURSE-STATION-EP-01,False
ALT-CSE-05-00497,CSE-05,LOW,2024-12-25T02:28:07,2024-12-25T02:34:19.648243,2024-12-25T03:26:54.628369,CLOSED,,ICU-TELEMETRY-GW,False
ALT-CSE-05-00498,CSE-05,LOW,2024-11-01T19:26:13,2024-11-01T19:38:57.032294,2024-11-01T20:17:21.235372,CLOSED,,EHR-PATIENT-DB-01,False
ALT-CSE-05-00499,CSE-05,MEDIUM,2024-10-30T17:11:34,2024-10-30T17:29:30.927138,2024-10-30T17:59:42.347090,CLOSED,,EHR-PATIENT-DB-01,False
ALT-CSE-05-00500,CSE-05,LOW,2024-12-20T06:43:11,2024-12-20T06:50:27.255690,2024-12-20T08:14:11.256776,CLOSED,,EHR-PATIENT-DB-01,False
ALT-CSE-05-00501,CSE-05,LOW,2024-10-20T00:42:52,2024-10-20T00:47:34.832068,2024-10-20T01:24:28.834749,CLOSED,,ICU-TELEMETRY-GW,False
ALT-CSE-05-00502,CSE-05,MEDIUM,2024-10-24T11:46:16,2024-10-24T11:53:43.538991,2024-10-24T12:53:34.285699,CLOSED,,HOSPITAL-PACS-IMAGING,False
ALT-CSE-05-00503,CSE-05,MEDIUM,2024-11-11T08:49:20,2024-11-11T08:59:10.001685,2024-11-11T09:48:36.429879,CLOSED,,HOSPITAL-PACS-IMAGING,False
ALT-CSE-05-00504,CSE-05,LOW,2024-10-13T03:07:11,2024-10-13T03:23:21.182337,2024-10-13T04:23:15.972166,CLOSED,,EHR-PATIENT-DB-01,False
ALT-CSE-05-00505,CSE-05,MEDIUM,2024-12-26T22:44:03,2024-12-26T23:00:55.408659,2024-12-26T23:55:02.069789,CLOSED,,NURSE-STATION-EP-01,False
ALT-CSE-05-00506,CSE-05,CRITICAL,2024-10-31T17:59:22,2024-10-31T18:09:14.378540,2024-10-31T18:37:40.883526,CLOSED,,HOSPITAL-PACS-IMAGING,False
ALT-CSE-05-00507,CSE-05,LOW,2024-10-25T17:07:09,2024-10-25T17:14:45.105666,2024-10-25T18:27:13.728678,CLOSED,,NURSE-STATION-EP-01,False
ALT-CSE-05-00508,CSE-05,LOW,2024-10-26T06:35:27,2024-10-26T06:43:41.091403,2024-10-26T07:49:21.060245,CLOSED,,EHR-PATIENT-DB-01,False
ALT-CSE-05-00509,CSE-05,MEDIUM,2024-10-02T09:05:41,2024-10-02T09:18:17.933727,2024-10-02T10:18:54.348629,CLOSED,,ICU-TELEMETRY-GW,False
ALT-CSE-05-00510,CSE-05,MEDIUM,2024-10-04T15:29:19,2024-10-04T15:36:31.624943,2024-10-04T16:28:54.399569,CLOSED,,EHR-PATIENT-DB-01,False
ALT-CSE-05-00511,CSE-05,LOW,2024-10-10T02:48:01,2024-10-10T03:00:52.142843,2024-10-10T03:56:20.437836,CLOSED,,HOSPITAL-PACS-IMAGING,False
ALT-CSE-05-00512,CSE-05,CRITICAL,2024-12-20T15:43:34,2024-12-20T15:51:50.664907,2024-12-20T17:14:21.561362,CLOSED,CAS-CSE-05-0082,ICU-TELEMETRY-GW,False
ALT-CSE-05-00513,CSE-05,MEDIUM,2024-11-24T07:24:15,2024-11-24T07:36:21.734906,2024-11-24T08:07:42.148903,CLOSED,,EHR-PATIENT-DB-01,False
ALT-CSE-05-00514,CSE-05,LOW,2024-12-10T16:43:04,2024-12-10T16:50:39.665031,2024-12-10T17:55:50.862877,CLOSED,,NURSE-STATION-EP-01,False
ALT-CSE-05-00515,CSE-05,MEDIUM,2024-12-07T14:47:26,2024-12-07T15:00:29.252316,2024-12-07T16:01:55.388807,CLOSED,,ICU-TELEMETRY-GW,False
ALT-CSE-05-00516,CSE-05,MEDIUM,2024-10-07T00:11:00,2024-10-07T00:19:39.172048,2024-10-07T01:43:58.304850,CLOSED,,NURSE-STATION-EP-01,False
ALT-CSE-05-00517,CSE-05,MEDIUM,2024-11-19T15:28:59,2024-11-19T15:41:24.849946,2024-11-19T16:13:34.938562,CLOSED,,HOSPITAL-PACS-IMAGING,False
ALT-CSE-05-00518,CSE-05,CRITICAL,2024-10-01T03:52:23,2024-10-01T04:02:10.233306,2024-10-01T05:07:50.862016,CLOSED,,ICU-TELEMETRY-GW,False
ALT-CSE-05-00519,CSE-05,CRITICAL,2024-10-19T09:47:42,2024-10-19T10:00:14.790821,2024-10-19T10:24:11.241672,CLOSED,,EHR-PATIENT-DB-01,False
ALT-CSE-05-00520,CSE-05,LOW,2024-12-08T21:48:18,2024-12-08T21:59:04.194388,2024-12-08T23:05:45.561371,CLOSED,,EHR-PATIENT-DB-01,False
ALT-CSE-05-00521,CSE-05,LOW,2024-12-18T23:37:45,2024-12-18T23:47:59.310528,2024-12-19T01:03:05.066010,CLOSED,,EHR-PATIENT-DB-01,False
ALT-CSE-05-00522,CSE-05,MEDIUM,2024-12-01T07:12:34,2024-12-01T07:19:50.820000,2024-12-01T07:49:31.485016,CLOSED,,ICU-TELEMETRY-GW,False
ALT-CSE-05-00523,CSE-05,MEDIUM,2024-12-15T12:08:39,2024-12-15T12:21:37.476205,2024-12-15T13:33:21.744466,CLOSED,,ICU-TELEMETRY-GW,False
ALT-CSE-05-00524,CSE-05,LOW,2024-12-07T00:18:37,2024-12-07T00:24:00.916456,2024-12-07T01:01:46.458811,CLOSED,,HOSPITAL-PACS-IMAGING,False
ALT-CSE-05-00525,CSE-05,MEDIUM,2024-11-01T08:59:26,2024-11-01T09:15:42.890755,2024-11-01T09:38:37.955705,CLOSED,,HOSPITAL-PACS-IMAGING,False
ALT-CSE-05-00526,CSE-05,CRITICAL,2024-10-18T21:54:26,2024-10-18T22:10:28.351306,2024-10-18T22:31:03.668791,CLOSED,CAS-CSE-05-0083,HOSPITAL-PACS-IMAGING,False
ALT-CSE-05-00527,CSE-05,MEDIUM,2024-10-08T10:40:54,2024-10-08T10:45:41.933510,2024-10-08T11:45:51.631208,CLOSED,,NURSE-STATION-EP-01,False
ALT-CSE-05-00528,CSE-05,LOW,2024-11-06T15:56:37,2024-11-06T16:07:21.040938,2024-11-06T16:31:59.897916,CLOSED,,EHR-PATIENT-DB-01,False
ALT-CSE-05-00529,CSE-05,LOW,2024-11-16T02:28:26,2024-11-16T02:43:43.118621,2024-11-16T03:31:38.592723,CLOSED,,ICU-TELEMETRY-GW,False
ALT-CSE-05-00530,CSE-05,MEDIUM,2024-12-03T12:35:41,2024-12-03T12:44:15.758454,2024-12-03T14:07:48.823958,CLOSED,,EHR-PATIENT-DB-01,False
ALT-CSE-05-00531,CSE-05,CRITICAL,2024-11-03T10:23:47,2024-11-03T10:38:04.750501,2024-11-03T11:28:56.059713,CLOSED,CAS-CSE-05-0084,NURSE-STATION-EP-01,False
ALT-CSE-05-00532,CSE-05,LOW,2024-10-08T03:38:31,2024-10-08T03:56:29.793686,2024-10-08T05:11:10.211921,CLOSED,,ICU-TELEMETRY-GW,False
ALT-CSE-05-00533,CSE-05,LOW,2024-11-10T07:16:36,2024-11-10T07:27:00.862925,2024-11-10T08:33:50.627987,CLOSED,,EHR-PATIENT-DB-01,False
ALT-CSE-05-00534,CSE-05,MEDIUM,2024-12-11T22:33:12,2024-12-11T22:41:24.649008,2024-12-12T00:01:28.565646,CLOSED,,NURSE-STATION-EP-01,False
ALT-CSE-05-00535,CSE-05,LOW,2024-11-06T23:02:59,2024-11-06T23:15:19.779652,2024-11-06T23:43:36.290146,CLOSED,,ICU-TELEMETRY-GW,False
ALT-CSE-05-00536,CSE-05,MEDIUM,2024-12-01T23:11:43,2024-12-01T23:29:25.539676,2024-12-02T00:05:43.009619,CLOSED,,ICU-TELEMETRY-GW,False
ALT-CSE-05-00537,CSE-05,MEDIUM,2024-12-21T20:40:19,2024-12-21T20:58:01.837547,2024-12-21T22:01:25.652991,CLOSED,,NURSE-STATION-EP-01,False
ALT-CSE-05-00538,CSE-05,MEDIUM,2024-12-27T06:36:23,2024-12-27T06:46:37.685691,2024-12-27T07:42:21.723786,CLOSED,,EHR-PATIENT-DB-01,False
ALT-CSE-05-00539,CSE-05,CRITICAL,2024-11-15T09:01:39,2024-11-15T09:13:27.418109,2024-11-15T10:06:50.494521,CLOSED,,EHR-PATIENT-DB-01,False
ALT-CSE-05-00540,CSE-05,MEDIUM,2024-12-14T03:00:08,2024-12-14T03:07:32.757262,2024-12-14T04:10:32.831467,CLOSED,,NURSE-STATION-EP-01,False
ALT-CSE-05-00541,CSE-05,MEDIUM,2024-10-05T01:00:32,2024-10-05T01:08:35.634339,2024-10-05T02:09:28.193850,CLOSED,,NURSE-STATION-EP-01,False
ALT-CSE-05-00542,CSE-05,CRITICAL,2024-11-23T13:21:56,2024-11-23T13:29:13.336634,2024-11-23T14:02:37.816962,CLOSED,CAS-CSE-05-0085,HOSPITAL-PACS-IMAGING,False
ALT-CSE-05-00543,CSE-05,MEDIUM,2024-12-13T00:59:08,2024-12-13T01:12:03.630347,2024-12-13T02:02:59.961344,CLOSED,,ICU-TELEMETRY-GW,False
ALT-CSE-05-00544,CSE-05,CRITICAL,2024-12-06T17:30:27,2024-12-06T17:43:40.006047,2024-12-06T18:35:54.908527,CLOSED,CAS-CSE-05-0086,HOSPITAL-PACS-IMAGING,True
ALT-CSE-05-00545,CSE-05,LOW,2024-11-06T14:30:56,2024-11-06T14:35:07.491289,2024-11-06T15:56:14.369539,CLOSED,,ICU-TELEMETRY-GW,False
ALT-CSE-05-00546,CSE-05,LOW,2024-10-03T09:13:34,2024-10-03T09:19:14.215705,2024-10-03T10:00:22.444812,CLOSED,CAS-CSE-05-0087,ICU-TELEMETRY-GW,False
ALT-CSE-05-00547,CSE-05,MEDIUM,2024-12-02T00:57:06,2024-12-02T01:04:35.786640,2024-12-02T01:52:57.030303,CLOSED,CAS-CSE-05-0088,ICU-TELEMETRY-GW,False
ALT-CSE-05-00548,CSE-05,LOW,2024-12-14T06:03:17,2024-12-14T06:15:07.432078,2024-12-14T07:36:09.775153,CLOSED,,ICU-TELEMETRY-GW,False
ALT-CSE-05-00549,CSE-05,MEDIUM,2024-11-23T14:22:51,2024-11-23T14:27:52.700873,2024-11-23T15:45:38.110476,CLOSED,,HOSPITAL-PACS-IMAGING,False
ALT-CSE-05-00550,CSE-05,LOW,2024-12-20T16:37:32,2024-12-20T16:52:39.168562,2024-12-20T17:41:20.977284,CLOSED,,EHR-PATIENT-DB-01,False
ALT-CSE-05-00551,CSE-05,MEDIUM,2024-10-28T22:14:22,2024-10-28T22:32:06.465004,2024-10-28T23:12:10.222071,CLOSED,,NURSE-STATION-EP-01,False
ALT-CSE-05-00552,CSE-05,CRITICAL,2024-12-08T08:59:24,2024-12-08T09:17:16.724680,2024-12-08T09:59:00.321591,CLOSED,CAS-CSE-05-0089,HOSPITAL-PACS-IMAGING,True
ALT-CSE-05-00553,CSE-05,LOW,2024-11-09T07:28:16,2024-11-09T07:41:15.115918,2024-11-09T08:52:17.426775,CLOSED,,HOSPITAL-PACS-IMAGING,False
ALT-CSE-05-00554,CSE-05,MEDIUM,2024-11-14T05:58:40,2024-11-14T06:07:26.380957,2024-11-14T07:14:49.951555,CLOSED,,EHR-PATIENT-DB-01,False
ALT-CSE-05-00555,CSE-05,CRITICAL,2024-12-21T18:39:46,2024-12-21T18:50:53.943099,2024-12-21T19:23:38.691791,CLOSED,CAS-CSE-05-0090,NURSE-STATION-EP-01,False
ALT-CSE-05-00556,CSE-05,CRITICAL,2024-10-23T12:11:27,2024-10-23T12:29:02.123599,2024-10-23T13:40:30.587934,CLOSED,CAS-CSE-05-0091,ICU-TELEMETRY-GW,False
ALT-CSE-05-00557,CSE-05,LOW,2024-10-09T18:53:26,2024-10-09T19:07:55.287371,2024-10-09T20:05:19.497987,CLOSED,,NURSE-STATION-EP-01,False
ALT-CSE-05-00558,CSE-05,MEDIUM,2024-10-24T15:20:10,2024-10-24T15:36:35.269632,2024-10-24T16:39:19.373142,CLOSED,,HOSPITAL-PACS-IMAGING,False
ALT-CSE-05-00559,CSE-05,MEDIUM,2024-12-07T23:42:44,2024-12-07T23:51:59.285317,2024-12-08T00:51:22.975872,CLOSED,,HOSPITAL-PACS-IMAGING,False
ALT-CSE-05-00560,CSE-05,CRITICAL,2024-11-11T10:26:24,2024-11-11T10:42:13.953756,2024-11-11T11:06:01.950392,CLOSED,CAS-CSE-05-0092,EHR-PATIENT-DB-01,False
ALT-CSE-05-00561,CSE-05,MEDIUM,2024-10-10T02:41:55,2024-10-10T02:48:57.039865,2024-10-10T03:25:54.606781,CLOSED,,ICU-TELEMETRY-GW,False
ALT-CSE-05-00562,CSE-05,MEDIUM,2024-11-29T16:32:45,2024-11-29T16:47:32.488256,2024-11-29T17:30:29.170801,CLOSED,,ICU-TELEMETRY-GW,False
ALT-CSE-05-00563,CSE-05,LOW,2024-12-09T20:44:08,2024-12-09T21:00:23.206791,2024-12-09T22:14:38.051799,CLOSED,,EHR-PATIENT-DB-01,False
ALT-CSE-05-00564,CSE-05,MEDIUM,2024-10-04T05:24:56,2024-10-04T05:39:02.748009,2024-10-04T06:18:05.380681,CLOSED,,HOSPITAL-PACS-IMAGING,False
ALT-CSE-05-00565,CSE-05,CRITICAL,2024-12-19T11:21:21,2024-12-19T11:34:50.348898,2024-12-19T12:37:14.553663,CLOSED,CAS-CSE-05-0093,HOSPITAL-PACS-IMAGING,True
ALT-CSE-05-00566,CSE-05,CRITICAL,2024-11-18T19:56:08,2024-11-18T20:05:45.001667,2024-11-18T20:48:14.156276,CLOSED,CAS-CSE-05-0094,NURSE-STATION-EP-01,False
ALT-CSE-05-00567,CSE-05,LOW,2024-11-21T07:37:30,2024-11-21T07:48:56.029744,2024-11-21T08:20:45.449699,CLOSED,,NURSE-STATION-EP-01,False
ALT-CSE-05-00568,CSE-05,MEDIUM,2024-12-27T05:59:18,2024-12-27T06:14:02.443278,2024-12-27T07:27:41.443132,CLOSED,,HOSPITAL-PACS-IMAGING,False
ALT-CSE-05-00569,CSE-05,MEDIUM,2024-12-08T07:34:11,2024-12-08T07:45:26.880610,2024-12-08T08:09:40.058596,CLOSED,,NURSE-STATION-EP-01,False
ALT-CSE-05-00570,CSE-05,CRITICAL,2024-11-20T12:46:32,2024-11-20T12:56:42.528001,2024-11-20T13:23:10.104101,CLOSED,CAS-CSE-05-0095,EHR-PATIENT-DB-01,False
ALT-CSE-05-00571,CSE-05,CRITICAL,2024-10-01T19:29:10,2024-10-01T19:34:03.269046,2024-10-01T20:16:17.980638,CLOSED,CAS-CSE-05-0096,NURSE-STATION-EP-01,False
ALT-CSE-05-00572,CSE-05,MEDIUM,2024-11-13T06:46:38,2024-11-13T06:53:11.251268,2024-11-13T08:02:41.195942,CLOSED,,HOSPITAL-PACS-IMAGING,False
ALT-CSE-05-00573,CSE-05,MEDIUM,2024-10-27T05:13:14,2024-10-27T05:19:42.537175,2024-10-27T05:54:17.802726,CLOSED,,HOSPITAL-PACS-IMAGING,False
ALT-CSE-05-00574,CSE-05,MEDIUM,2024-11-01T04:40:14,2024-11-01T04:55:39.448575,2024-11-01T06:04:19.602774,CLOSED,,EHR-PATIENT-DB-01,False
ALT-CSE-05-00575,CSE-05,CRITICAL,2024-12-29T04:15:07,2024-12-29T04:30:20.203777,2024-12-29T05:05:08.628481,CLOSED,CAS-CSE-05-0097,NURSE-STATION-EP-01,False
ALT-CSE-05-00576,CSE-05,MEDIUM,2024-10-15T10:57:04,2024-10-15T11:05:37.871177,2024-10-15T12:20:19.923883,CLOSED,,ICU-TELEMETRY-GW,False
ALT-CSE-05-00577,CSE-05,CRITICAL,2024-12-08T22:19:30,2024-12-08T22:27:10.855795,2024-12-08T23:07:56.439025,CLOSED,CAS-CSE-05-0098,EHR-PATIENT-DB-01,False
ALT-CSE-05-00578,CSE-05,CRITICAL,2024-10-04T13:12:25,2024-10-04T13:18:48.364025,2024-10-04T14:24:00.020912,CLOSED,CAS-CSE-05-0099,NURSE-STATION-EP-01,False
ALT-CSE-05-00579,CSE-05,MEDIUM,2024-10-09T12:33:31,2024-10-09T12:44:02.222767,2024-10-09T14:05:43.047990,CLOSED,,HOSPITAL-PACS-IMAGING,False
ALT-CSE-05-00580,CSE-05,CRITICAL,2024-11-19T06:39:21,2024-11-19T06:56:55.893897,2024-11-19T08:13:03.210988,CLOSED,,NURSE-STATION-EP-01,False
ALT-CSE-05-00581,CSE-05,CRITICAL,2024-10-30T06:00:12,2024-10-30T06:10:49.349155,2024-10-30T06:40:19.746769,CLOSED,CAS-CSE-05-0100,ICU-TELEMETRY-GW,False
ALT-CSE-05-00582,CSE-05,MEDIUM,2024-12-16T14:04:08,2024-12-16T14:12:23.385765,2024-12-16T15:15:25.618117,CLOSED,,NURSE-STATION-EP-01,False
ALT-CSE-05-00583,CSE-05,MEDIUM,2024-10-20T12:39:40,2024-10-20T12:55:02.616090,2024-10-20T13:28:42.067161,CLOSED,CAS-CSE-05-0101,NURSE-STATION-EP-01,False
ALT-CSE-05-00584,CSE-05,LOW,2024-10-07T17:50:54,2024-10-07T17:58:17.221259,2024-10-07T18:46:28.184740,CLOSED,,EHR-PATIENT-DB-01,False
ALT-CSE-05-00585,CSE-05,LOW,2024-10-15T22:39:53,2024-10-15T22:56:38.722779,2024-10-16T00:10:05.695955,CLOSED,,NURSE-STATION-EP-01,False
ALT-CSE-05-00586,CSE-05,CRITICAL,2024-11-17T13:35:30,2024-11-17T13:45:53.868154,2024-11-17T14:50:29.054352,CLOSED,CAS-CSE-05-0102,EHR-PATIENT-DB-01,False
ALT-CSE-05-00587,CSE-05,MEDIUM,2024-12-15T15:21:03,2024-12-15T15:35:12.585926,2024-12-15T16:47:14.099961,CLOSED,,NURSE-STATION-EP-01,False
ALT-CSE-05-00588,CSE-05,MEDIUM,2024-11-27T08:25:05,2024-11-27T08:32:52.522173,2024-11-27T09:32:55.777233,CLOSED,,ICU-TELEMETRY-GW,False
ALT-CSE-05-00589,CSE-05,MEDIUM,2024-12-07T13:24:44,2024-12-07T13:30:20.748429,2024-12-07T14:33:32.271021,CLOSED,,ICU-TELEMETRY-GW,False
ALT-CSE-05-00590,CSE-05,MEDIUM,2024-10-04T06:31:32,2024-10-04T06:40:41.407304,2024-10-04T07:47:11.172214,CLOSED,,HOSPITAL-PACS-IMAGING,False
ALT-CSE-05-00591,CSE-05,CRITICAL,2024-12-25T14:01:09,2024-12-25T14:10:33.485126,2024-12-25T15:14:05.360652,CLOSED,CAS-CSE-05-0103,EHR-PATIENT-DB-01,False
ALT-CSE-05-00592,CSE-05,CRITICAL,2024-11-23T08:27:27,2024-11-23T08:39:59.740420,2024-11-23T09:59:17.967672,CLOSED,,NURSE-STATION-EP-01,False
ALT-CSE-05-00593,CSE-05,LOW,2024-11-18T10:48:00,2024-11-18T11:05:04.266329,2024-11-18T11:23:11.285039,CLOSED,,ICU-TELEMETRY-GW,False
ALT-CSE-05-00594,CSE-05,LOW,2024-11-10T02:22:10,2024-11-10T02:28:32.992376,2024-11-10T03:33:21.846237,CLOSED,,ICU-TELEMETRY-GW,False
ALT-CSE-05-00595,CSE-05,MEDIUM,2024-11-03T13:26:42,2024-11-03T13:34:07.221861,2024-11-03T14:25:10.019462,CLOSED,,EHR-PATIENT-DB-01,False
ALT-CSE-05-00596,CSE-05,CRITICAL,2024-10-31T16:36:59,2024-10-31T16:48:48.969783,2024-10-31T17:43:07.238447,CLOSED,CAS-CSE-05-0104,HOSPITAL-PACS-IMAGING,False
ALT-CSE-05-00597,CSE-05,CRITICAL,2024-10-27T11:09:12,2024-10-27T11:17:20.225430,2024-10-27T12:42:54.193849,CLOSED,CAS-CSE-05-0105,HOSPITAL-PACS-IMAGING,True
ALT-CSE-05-00598,CSE-05,LOW,2024-10-19T04:35:31,2024-10-19T04:43:49.488067,2024-10-19T06:10:21.071474,CLOSED,,NURSE-STATION-EP-01,False
ALT-CSE-05-00599,CSE-05,MEDIUM,2024-10-19T15:48:19,2024-10-19T16:03:04.060989,2024-10-19T17:11:13.364192,CLOSED,,ICU-TELEMETRY-GW,False
ALT-CSE-05-00600,CSE-05,LOW,2024-10-09T12:58:56,2024-10-09T13:04:26.436841,2024-10-09T14:04:30.853242,CLOSED,,ICU-TELEMETRY-GW,False
ALT-CSE-05-00601,CSE-05,LOW,2024-10-22T13:19:47,2024-10-22T13:35:51.332795,2024-10-22T14:27:20.736604,CLOSED,,ICU-TELEMETRY-GW,False
ALT-CSE-05-00602,CSE-05,MEDIUM,2024-11-03T08:02:07,2024-11-03T08:16:50.419537,2024-11-03T09:15:49.783015,CLOSED,,EHR-PATIENT-DB-01,False
ALT-CSE-05-00603,CSE-05,MEDIUM,2024-10-14T04:35:12,2024-10-14T04:53:07.120333,2024-10-14T05:49:43.827796,CLOSED,,EHR-PATIENT-DB-01,False
ALT-CSE-05-00604,CSE-05,LOW,2024-10-31T19:32:05,2024-10-31T19:48:24.428427,2024-10-31T20:32:42.113922,CLOSED,,NURSE-STATION-EP-01,False
ALT-CSE-05-00605,CSE-05,MEDIUM,2024-10-19T10:04:26,2024-10-19T10:14:34.636250,2024-10-19T10:43:48.639279,CLOSED,,ICU-TELEMETRY-GW,False
ALT-CSE-05-00606,CSE-05,LOW,2024-11-15T10:06:44,2024-11-15T10:19:57.694576,2024-11-15T11:15:09.460801,CLOSED,,NURSE-STATION-EP-01,False
ALT-CSE-05-00607,CSE-05,LOW,2024-12-01T04:28:19,2024-12-01T04:36:56.010128,2024-12-01T05:41:49.505478,CLOSED,,NURSE-STATION-EP-01,False
ALT-CSE-05-00608,CSE-05,MEDIUM,2024-10-29T05:35:10,2024-10-29T05:45:02.507111,2024-10-29T06:32:14.702790,CLOSED,,EHR-PATIENT-DB-01,False
ALT-CSE-05-00609,CSE-05,MEDIUM,2024-12-26T01:18:33,2024-12-26T01:24:27.202303,2024-12-26T01:58:58.556823,CLOSED,,HOSPITAL-PACS-IMAGING,False
ALT-CSE-05-00610,CSE-05,CRITICAL,2024-12-15T14:21:28,2024-12-15T14:30:38.679131,2024-12-15T15:46:06.915429,CLOSED,CAS-CSE-05-0106,ICU-TELEMETRY-GW,False
ALT-CSE-05-00611,CSE-05,MEDIUM,2024-10-07T07:28:06,2024-10-07T07:38:31.175902,2024-10-07T08:05:59.503160,CLOSED,,HOSPITAL-PACS-IMAGING,False
ALT-CSE-05-00612,CSE-05,LOW,2024-11-05T22:37:29,2024-11-05T22:50:34.157080,2024-11-06T00:00:15.220010,CLOSED,,NURSE-STATION-EP-01,False
ALT-CSE-05-00613,CSE-05,LOW,2024-11-12T06:16:47,2024-11-12T06:28:43.792031,2024-11-12T07:46:31.314321,CLOSED,,HOSPITAL-PACS-IMAGING,False
ALT-CSE-05-00614,CSE-05,LOW,2024-10-19T09:56:37,2024-10-19T10:03:06.855425,2024-10-19T10:39:30.959315,CLOSED,,ICU-TELEMETRY-GW,False
ALT-CSE-05-00615,CSE-05,MEDIUM,2024-10-17T13:37:52,2024-10-17T13:53:27.520127,2024-10-17T15:08:37.602592,CLOSED,CAS-CSE-05-0107,ICU-TELEMETRY-GW,False
ALT-CSE-05-00616,CSE-05,CRITICAL,2024-10-03T23:08:13,2024-10-03T23:16:25.884449,2024-10-04T00:16:03.297616,CLOSED,CAS-CSE-05-0108,HOSPITAL-PACS-IMAGING,True
ALT-CSE-05-00617,CSE-05,MEDIUM,2024-10-29T01:01:15,2024-10-29T01:09:05.443002,2024-10-29T02:25:03.284148,CLOSED,,ICU-TELEMETRY-GW,False
ALT-CSE-05-00618,CSE-05,MEDIUM,2024-12-10T09:50:07,2024-12-10T10:06:46.083417,2024-12-10T11:01:22.824927,CLOSED,,EHR-PATIENT-DB-01,False
ALT-CSE-05-00619,CSE-05,MEDIUM,2024-11-17T00:06:21,2024-11-17T00:12:48.994561,2024-11-17T01:27:44.562807,CLOSED,,NURSE-STATION-EP-01,False
ALT-CSE-05-00620,CSE-05,MEDIUM,2024-12-06T07:35:28,2024-12-06T07:39:45.724252,2024-12-06T09:02:16.453680,CLOSED,,HOSPITAL-PACS-IMAGING,False
ALT-CSE-05-00621,CSE-05,MEDIUM,2024-12-19T23:32:36,2024-12-19T23:43:26.752928,2024-12-20T00:30:36.601588,CLOSED,,ICU-TELEMETRY-GW,False
ALT-CSE-05-00622,CSE-05,MEDIUM,2024-11-05T16:30:56,2024-11-05T16:42:55.868979,2024-11-05T17:24:22.417516,CLOSED,,ICU-TELEMETRY-GW,False
ALT-CSE-05-00623,CSE-05,LOW,2024-11-18T04:11:32,2024-11-18T04:20:25.455178,2024-11-18T05:09:45.616966,CLOSED,,NURSE-STATION-EP-01,False
ALT-CSE-05-00624,CSE-05,MEDIUM,2024-12-25T10:37:16,2024-12-25T10:53:49.159244,2024-12-25T11:57:06.676989,CLOSED,,HOSPITAL-PACS-IMAGING,False
ALT-CSE-05-00625,CSE-05,LOW,2024-10-24T02:14:09,2024-10-24T02:31:15.435801,2024-10-24T02:49:20.132576,CLOSED,,NURSE-STATION-EP-01,False
ALT-CSE-05-00626,CSE-05,CRITICAL,2024-11-10T23:06:02,2024-11-10T23:12:05.310816,2024-11-11T00:01:10.799875,CLOSED,CAS-CSE-05-0109,ICU-TELEMETRY-GW,True
ALT-CSE-05-00627,CSE-05,LOW,2024-11-19T00:30:10,2024-11-19T00:36:44.423282,2024-11-19T01:56:14.193378,CLOSED,,HOSPITAL-PACS-IMAGING,False
ALT-CSE-05-00628,CSE-05,LOW,2024-12-25T01:45:54,2024-12-25T01:55:18.833109,2024-12-25T02:38:08.664262,CLOSED,,NURSE-STATION-EP-01,False
ALT-CSE-05-00629,CSE-05,LOW,2024-11-07T05:24:17,2024-11-07T05:37:41.069321,2024-11-07T06:57:10.764282,CLOSED,,NURSE-STATION-EP-01,False
ALT-CSE-05-00630,CSE-05,CRITICAL,2024-12-04T11:50:36,2024-12-04T11:54:59.577560,2024-12-04T12:51:11.249224,CLOSED,CAS-CSE-05-0110,EHR-PATIENT-DB-01,False
ALT-CSE-05-00631,CSE-05,LOW,2024-10-24T01:57:50,2024-10-24T02:12:03.417611,2024-10-24T03:07:44.176810,CLOSED,,ICU-TELEMETRY-GW,False
ALT-CSE-05-00632,CSE-05,MEDIUM,2024-10-22T22:00:46,2024-10-22T22:08:51.761998,2024-10-22T23:07:04.268732,CLOSED,,NURSE-STATION-EP-01,False
ALT-CSE-05-00633,CSE-05,LOW,2024-12-14T13:18:14,2024-12-14T13:31:25.542398,2024-12-14T14:52:39.938510,CLOSED,,HOSPITAL-PACS-IMAGING,False
ALT-CSE-05-00634,CSE-05,LOW,2024-10-17T02:25:28,2024-10-17T02:35:34.026798,2024-10-17T03:41:00.906197,CLOSED,,HOSPITAL-PACS-IMAGING,False
ALT-CSE-05-00635,CSE-05,MEDIUM,2024-10-04T21:37:21,2024-10-04T21:46:30.244723,2024-10-04T23:05:00.384106,CLOSED,,HOSPITAL-PACS-IMAGING,False
ALT-CSE-05-00636,CSE-05,CRITICAL,2024-11-19T17:36:58,2024-11-19T17:47:25.717477,2024-11-19T18:28:15.260296,CLOSED,CAS-CSE-05-0111,ICU-TELEMETRY-GW,False
ALT-CSE-05-00637,CSE-05,MEDIUM,2024-11-27T21:37:44,2024-11-27T21:46:20.586223,2024-11-27T22:57:09.014380,CLOSED,,NURSE-STATION-EP-01,False
ALT-CSE-05-00638,CSE-05,LOW,2024-11-19T23:47:29,2024-11-19T23:52:40.686740,2024-11-20T00:45:17.094657,CLOSED,,EHR-PATIENT-DB-01,False
ALT-CSE-05-00639,CSE-05,LOW,2024-12-07T15:24:12,2024-12-07T15:35:30.475454,2024-12-07T16:05:58.710308,CLOSED,,NURSE-STATION-EP-01,False
ALT-CSE-05-00640,CSE-05,MEDIUM,2024-11-24T18:48:56,2024-11-24T18:54:34.687757,2024-11-24T19:46:12.224455,CLOSED,,EHR-PATIENT-DB-01,False
ALT-CSE-05-00641,CSE-05,CRITICAL,2024-12-10T21:52:50,2024-12-10T22:03:53.736140,2024-12-10T23:26:24.229190,CLOSED,,EHR-PATIENT-DB-01,False
ALT-CSE-05-00642,CSE-05,MEDIUM,2024-10-02T06:47:47,2024-10-02T07:03:53.502424,2024-10-02T07:32:05.490000,CLOSED,,ICU-TELEMETRY-GW,False
ALT-CSE-05-00643,CSE-05,MEDIUM,2024-11-25T15:33:25,2024-11-25T15:37:38.085482,2024-11-25T16:56:09.490078,CLOSED,,ICU-TELEMETRY-GW,False
ALT-CSE-05-00644,CSE-05,MEDIUM,2024-12-15T11:29:02,2024-12-15T11:44:49.862725,2024-12-15T12:20:10.554417,CLOSED,,HOSPITAL-PACS-IMAGING,False
ALT-CSE-05-00645,CSE-05,MEDIUM,2024-10-17T13:39:31,2024-10-17T13:45:48.983635,2024-10-17T15:01:54.252789,CLOSED,,EHR-PATIENT-DB-01,False
ALT-CSE-05-00646,CSE-05,MEDIUM,2024-10-19T00:41:43,2024-10-19T00:57:24.350262,2024-10-19T01:34:36.837872,CLOSED,,NURSE-STATION-EP-01,False
ALT-CSE-05-00647,CSE-05,CRITICAL,2024-11-28T09:03:32,2024-11-28T09:11:57.129897,2024-11-28T10:33:08.110299,CLOSED,,ICU-TELEMETRY-GW,False
ALT-CSE-05-00648,CSE-05,CRITICAL,2024-10-21T01:24:18,2024-10-21T01:28:46.673487,2024-10-21T02:23:35.461150,CLOSED,CAS-CSE-05-0112,NURSE-STATION-EP-01,False
ALT-CSE-05-00649,CSE-05,MEDIUM,2024-11-28T05:39:45,2024-11-28T05:52:42.263148,2024-11-28T06:58:56.608671,CLOSED,,ICU-TELEMETRY-GW,False
ALT-CSE-05-00650,CSE-05,LOW,2024-11-19T04:14:05,2024-11-19T04:22:22.021397,2024-11-19T05:26:45.343604,CLOSED,,HOSPITAL-PACS-IMAGING,False
ALT-CSE-05-00651,CSE-05,MEDIUM,2024-10-03T22:16:56,2024-10-03T22:26:07.633872,2024-10-03T23:31:25.608523,CLOSED,,HOSPITAL-PACS-IMAGING,False
ALT-CSE-05-00652,CSE-05,MEDIUM,2024-11-27T20:27:33,2024-11-27T20:42:13.139069,2024-11-27T21:37:05.020075,CLOSED,,ICU-TELEMETRY-GW,False
ALT-CSE-05-00653,CSE-05,LOW,2024-10-16T20:03:55,2024-10-16T20:19:21.188894,2024-10-16T21:19:24.421758,CLOSED,,EHR-PATIENT-DB-01,False
ALT-CSE-05-00654,CSE-05,MEDIUM,2024-10-04T23:07:11,2024-10-04T23:15:59.954992,2024-10-05T00:12:13.691140,CLOSED,,NURSE-STATION-EP-01,False
ALT-CSE-05-00655,CSE-05,LOW,2024-12-29T06:19:20,2024-12-29T06:25:44.930976,2024-12-29T07:49:52.957556,CLOSED,,ICU-TELEMETRY-GW,False
ALT-CSE-05-00656,CSE-05,MEDIUM,2024-10-06T00:30:34,2024-10-06T00:39:40.850395,2024-10-06T01:59:30.482578,CLOSED,CAS-CSE-05-0113,ICU-TELEMETRY-GW,False
ALT-CSE-05-00657,CSE-05,LOW,2024-10-01T03:26:01,2024-10-01T03:42:40.408429,2024-10-01T04:16:04.793552,CLOSED,,EHR-PATIENT-DB-01,False
ALT-CSE-05-00658,CSE-05,CRITICAL,2024-10-28T00:56:39,2024-10-28T01:04:30.506386,2024-10-28T02:14:01.023793,CLOSED,CAS-CSE-05-0114,HOSPITAL-PACS-IMAGING,False
ALT-CSE-05-00659,CSE-05,MEDIUM,2024-10-15T22:50:45,2024-10-15T23:05:00.365456,2024-10-15T23:41:28.619055,CLOSED,,NURSE-STATION-EP-01,False
ALT-CSE-05-00660,CSE-05,MEDIUM,2024-12-20T06:46:51,2024-12-20T07:00:57.705942,2024-12-20T07:54:20.982352,CLOSED,CAS-CSE-05-0115,HOSPITAL-PACS-IMAGING,True
ALT-CSE-05-00661,CSE-05,CRITICAL,2024-10-17T22:51:32,2024-10-17T22:58:43.360004,2024-10-18T00:10:04.577509,CLOSED,CAS-CSE-05-0116,EHR-PATIENT-DB-01,False
ALT-CSE-05-00662,CSE-05,MEDIUM,2024-12-10T01:14:02,2024-12-10T01:27:57.225340,2024-12-10T02:46:35.883742,CLOSED,,NURSE-STATION-EP-01,False
ALT-CSE-05-00663,CSE-05,CRITICAL,2024-11-19T11:39:46,2024-11-19T11:56:08.103700,2024-11-19T12:16:44.385066,CLOSED,CAS-CSE-05-0117,HOSPITAL-PACS-IMAGING,False
ALT-CSE-05-00664,CSE-05,CRITICAL,2024-11-05T02:58:59,2024-11-05T03:10:07.317680,2024-11-05T04:29:44.780806,CLOSED,,HOSPITAL-PACS-IMAGING,False
ALT-CSE-05-00665,CSE-05,MEDIUM,2024-11-08T02:49:22,2024-11-08T02:53:22.209867,2024-11-08T04:02:55.347424,CLOSED,,ICU-TELEMETRY-GW,False
ALT-CSE-05-00666,CSE-05,LOW,2024-10-04T00:42:06,2024-10-04T00:47:50.337089,2024-10-04T01:54:03.293694,CLOSED,,HOSPITAL-PACS-IMAGING,False
ALT-CSE-05-00667,CSE-05,MEDIUM,2024-10-09T06:09:57,2024-10-09T06:20:48.464750,2024-10-09T07:15:55.782160,CLOSED,,NURSE-STATION-EP-01,False
ALT-CSE-05-00668,CSE-05,CRITICAL,2024-12-09T13:04:09,2024-12-09T13:13:25.479531,2024-12-09T13:46:18.498002,CLOSED,CAS-CSE-05-0118,NURSE-STATION-EP-01,True
ALT-CSE-05-00669,CSE-05,LOW,2024-10-01T10:31:51,2024-10-01T10:39:22.082531,2024-10-01T11:17:47.380439,CLOSED,,ICU-TELEMETRY-GW,False
ALT-CSE-05-00670,CSE-05,LOW,2024-12-16T22:58:50,2024-12-16T23:04:27.976312,2024-12-16T23:36:48.726705,CLOSED,,HOSPITAL-PACS-IMAGING,False
ALT-CSE-05-00671,CSE-05,LOW,2024-12-20T22:07:58,2024-12-20T22:16:51.872367,2024-12-20T23:03:29.896434,CLOSED,,EHR-PATIENT-DB-01,False
ALT-CSE-05-00672,CSE-05,LOW,2024-10-21T12:13:53,2024-10-21T12:22:59.131952,2024-10-21T13:42:23.926484,CLOSED,,EHR-PATIENT-DB-01,False
ALT-CSE-05-00673,CSE-05,LOW,2024-12-10T21:49:25,2024-12-10T22:01:10.384190,2024-12-10T23:03:00.963426,CLOSED,,ICU-TELEMETRY-GW,False
ALT-CSE-05-00674,CSE-05,MEDIUM,2024-10-31T16:54:42,2024-10-31T17:05:35.899660,2024-10-31T18:26:45.055016,CLOSED,,HOSPITAL-PACS-IMAGING,False
ALT-CSE-05-00675,CSE-05,MEDIUM,2024-12-04T05:00:07,2024-12-04T05:12:23.396864,2024-12-04T06:02:21.316506,CLOSED,,EHR-PATIENT-DB-01,False
ALT-CSE-05-00676,CSE-05,CRITICAL,2024-12-03T07:17:09,2024-12-03T07:32:01.962077,2024-12-03T08:36:01.691791,CLOSED,CAS-CSE-05-0119,NURSE-STATION-EP-01,False
ALT-CSE-05-00677,CSE-05,MEDIUM,2024-11-30T22:03:02,2024-11-30T22:10:04.095238,2024-11-30T23:04:09.672807,CLOSED,,EHR-PATIENT-DB-01,False
ALT-CSE-05-00678,CSE-05,MEDIUM,2024-10-14T04:05:06,2024-10-14T04:17:27.137306,2024-10-14T05:06:30.409739,CLOSED,,NURSE-STATION-EP-01,False
ALT-CSE-05-00679,CSE-05,MEDIUM,2024-12-07T18:30:37,2024-12-07T18:46:11.072877,2024-12-07T19:23:10.949071,CLOSED,,HOSPITAL-PACS-IMAGING,False
ALT-CSE-05-00680,CSE-05,MEDIUM,2024-10-31T22:36:06,2024-10-31T22:41:18.452424,2024-10-31T23:36:54.897624,CLOSED,,NURSE-STATION-EP-01,False
ALT-CSE-05-00681,CSE-05,MEDIUM,2024-11-12T16:37:15,2024-11-12T16:52:13.033127,2024-11-12T17:30:01.978446,CLOSED,,HOSPITAL-PACS-IMAGING,False
ALT-CSE-05-00682,CSE-05,MEDIUM,2024-10-30T01:56:43,2024-10-30T02:01:08.544042,2024-10-30T02:52:28.925650,CLOSED,,EHR-PATIENT-DB-01,False
ALT-CSE-05-00683,CSE-05,MEDIUM,2024-11-21T23:48:13,2024-11-21T23:54:58.513009,2024-11-22T00:35:10.508617,CLOSED,,ICU-TELEMETRY-GW,False
ALT-CSE-05-00684,CSE-05,CRITICAL,2024-12-09T16:59:52,2024-12-09T17:14:38.154467,2024-12-09T18:02:54.665538,CLOSED,CAS-CSE-05-0120,ICU-TELEMETRY-GW,False
ALT-CSE-05-00685,CSE-05,MEDIUM,2024-10-05T19:19:29,2024-10-05T19:36:27.620816,2024-10-05T20:14:24.488997,CLOSED,,ICU-TELEMETRY-GW,False
ALT-CSE-05-00686,CSE-05,MEDIUM,2024-10-29T17:18:11,2024-10-29T17:34:54.439388,2024-10-29T17:58:47.277795,CLOSED,,ICU-TELEMETRY-GW,False
ALT-CSE-05-00687,CSE-05,MEDIUM,2024-10-16T03:09:19,2024-10-16T03:27:13.947492,2024-10-16T04:41:48.922810,CLOSED,,ICU-TELEMETRY-GW,False
ALT-CSE-05-00688,CSE-05,CRITICAL,2024-12-12T12:20:26,2024-12-12T12:31:06.231751,2024-12-12T13:45:49.797077,CLOSED,CAS-CSE-05-0121,NURSE-STATION-EP-01,False
ALT-CSE-05-00689,CSE-05,CRITICAL,2024-12-11T21:52:36,2024-12-11T22:00:01.529840,2024-12-11T23:06:33.740783,CLOSED,CAS-CSE-05-0122,HOSPITAL-PACS-IMAGING,True
ALT-CSE-05-00690,CSE-05,CRITICAL,2024-11-22T05:42:26,2024-11-22T05:50:59.317143,2024-11-22T07:14:47.217307,CLOSED,CAS-CSE-05-0123,EHR-PATIENT-DB-01,False
ALT-CSE-05-00691,CSE-05,MEDIUM,2024-12-06T11:29:16,2024-12-06T11:34:36.178794,2024-12-06T12:13:14.620991,CLOSED,,ICU-TELEMETRY-GW,False
ALT-CSE-05-00692,CSE-05,LOW,2024-12-11T11:27:25,2024-12-11T11:39:53.080050,2024-12-11T12:33:10.577285,CLOSED,,NURSE-STATION-EP-01,False
ALT-CSE-05-00693,CSE-05,MEDIUM,2024-10-16T06:00:06,2024-10-16T06:05:10.857545,2024-10-16T06:40:22.151238,CLOSED,,EHR-PATIENT-DB-01,False
ALT-CSE-05-00694,CSE-05,CRITICAL,2024-11-18T14:18:32,2024-11-18T14:24:06.489169,2024-11-18T14:56:48.956280,CLOSED,,ICU-TELEMETRY-GW,False
ALT-CSE-05-00695,CSE-05,MEDIUM,2024-12-18T01:46:15,2024-12-18T01:53:41.610141,2024-12-18T02:43:54.821480,CLOSED,,EHR-PATIENT-DB-01,False
ALT-CSE-05-00696,CSE-05,MEDIUM,2024-12-04T17:08:24,2024-12-04T17:23:40.326077,2024-12-04T17:53:18.032337,CLOSED,,ICU-TELEMETRY-GW,False
ALT-CSE-05-00697,CSE-05,LOW,2024-11-30T19:36:13,2024-11-30T19:50:49.741641,2024-11-30T20:14:30.142223,CLOSED,,ICU-TELEMETRY-GW,False
ALT-CSE-05-00698,CSE-05,MEDIUM,2024-10-10T18:10:18,2024-10-10T18:14:34.518705,2024-10-10T19:12:50.967462,CLOSED,,EHR-PATIENT-DB-01,False
ALT-CSE-05-00699,CSE-05,CRITICAL,2024-12-18T13:11:47,2024-12-18T13:16:25.081731,2024-12-18T14:19:34.466373,CLOSED,CAS-CSE-05-0124,NURSE-STATION-EP-01,False
ALT-CSE-05-00700,CSE-05,LOW,2024-12-23T19:39:40,2024-12-23T19:50:49.405664,2024-12-23T20:26:29.101002,CLOSED,,EHR-PATIENT-DB-01,False
ALT-CSE-05-00701,CSE-05,MEDIUM,2024-12-26T23:52:22,2024-12-26T23:59:02.601730,2024-12-27T01:02:50.562740,CLOSED,,EHR-PATIENT-DB-01,False
ALT-CSE-05-00702,CSE-05,LOW,2024-12-27T22:06:46,2024-12-27T22:12:24.779511,2024-12-27T23:31:58.487514,CLOSED,,ICU-TELEMETRY-GW,False
ALT-CSE-05-00703,CSE-05,MEDIUM,2024-10-17T21:23:13,2024-10-17T21:41:08.817152,2024-10-17T22:34:34.196006,CLOSED,,EHR-PATIENT-DB-01,False
ALT-CSE-05-00704,CSE-05,MEDIUM,2024-11-11T23:32:38,2024-11-11T23:48:02.302795,2024-11-12T00:19:00.132837,CLOSED,,EHR-PATIENT-DB-01,False
ALT-CSE-05-00705,CSE-05,CRITICAL,2024-11-27T11:43:03,2024-11-27T11:59:52.651202,2024-11-27T12:56:54.541906,CLOSED,,HOSPITAL-PACS-IMAGING,False
ALT-CSE-05-00706,CSE-05,LOW,2024-12-06T08:12:55,2024-12-06T08:17:58.340106,2024-12-06T09:43:43.070419,CLOSED,,HOSPITAL-PACS-IMAGING,False
ALT-CSE-05-00707,CSE-05,LOW,2024-11-17T22:43:15,2024-11-17T22:52:45.063581,2024-11-17T23:33:57.204401,CLOSED,,NURSE-STATION-EP-01,False
ALT-CSE-05-00708,CSE-05,MEDIUM,2024-10-22T15:02:09,2024-10-22T15:07:42.413968,2024-10-22T16:02:46.609397,CLOSED,CAS-CSE-05-0125,NURSE-STATION-EP-01,True
ALT-CSE-05-00709,CSE-05,MEDIUM,2024-10-22T02:35:13,2024-10-22T02:52:39.317056,2024-10-22T03:13:26.493988,CLOSED,,NURSE-STATION-EP-01,False
ALT-CSE-05-00710,CSE-05,LOW,2024-10-28T02:28:12,2024-10-28T02:33:33.498770,2024-10-28T03:10:45.461863,CLOSED,,NURSE-STATION-EP-01,False
ALT-CSE-05-00711,CSE-05,CRITICAL,2024-12-04T03:50:10,2024-12-04T04:04:02.452230,2024-12-04T04:53:38.735974,CLOSED,,HOSPITAL-PACS-IMAGING,False
ALT-CSE-05-00712,CSE-05,MEDIUM,2024-10-31T23:14:46,2024-10-31T23:29:43.474562,2024-11-01T00:46:23.613277,CLOSED,,EHR-PATIENT-DB-01,False
ALT-CSE-05-00713,CSE-05,LOW,2024-11-17T21:38:57,2024-11-17T21:49:25.959509,2024-11-17T22:43:03.109244,CLOSED,,NURSE-STATION-EP-01,False
ALT-CSE-05-00714,CSE-05,LOW,2024-11-24T14:28:24,2024-11-24T14:41:34.256602,2024-11-24T15:52:35.964851,CLOSED,,NURSE-STATION-EP-01,False
ALT-CSE-05-00715,CSE-05,MEDIUM,2024-10-16T00:05:51,2024-10-16T00:20:35.390525,2024-10-16T01:01:15.930740,CLOSED,CAS-CSE-05-0126,ICU-TELEMETRY-GW,False
ALT-CSE-05-00716,CSE-05,LOW,2024-11-06T05:16:14,2024-11-06T05:32:25.190786,2024-11-06T06:22:01.196632,CLOSED,,ICU-TELEMETRY-GW,False
ALT-CSE-05-00717,CSE-05,MEDIUM,2024-10-16T04:50:49,2024-10-16T04:59:16.466568,2024-10-16T06:02:52.693011,CLOSED,,ICU-TELEMETRY-GW,False
ALT-CSE-05-00718,CSE-05,LOW,2024-12-15T14:34:11,2024-12-15T14:41:11.928208,2024-12-15T15:28:52.438833,CLOSED,CAS-CSE-05-0127,HOSPITAL-PACS-IMAGING,True
ALT-CSE-05-00719,CSE-05,MEDIUM,2024-10-21T17:09:57,2024-10-21T17:26:35.693220,2024-10-21T18:32:21.728179,CLOSED,,ICU-TELEMETRY-GW,False
ALT-CSE-05-00720,CSE-05,LOW,2024-11-02T20:29:19,2024-11-02T20:41:40.924516,2024-11-02T22:02:19.750561,CLOSED,,EHR-PATIENT-DB-01,False
ALT-CSE-05-00721,CSE-05,MEDIUM,2024-10-10T01:25:04,2024-10-10T01:36:41.316876,2024-10-10T02:58:55.727731,CLOSED,CAS-CSE-05-0128,NURSE-STATION-EP-01,False
ALT-CSE-05-00722,CSE-05,LOW,2024-10-16T21:59:34,2024-10-16T22:10:40.815318,2024-10-16T22:40:38.610509,CLOSED,,EHR-PATIENT-DB-01,False
ALT-CSE-05-00723,CSE-05,MEDIUM,2024-11-19T00:22:10,2024-11-19T00:32:23.067350,2024-11-19T01:50:28.350318,CLOSED,,HOSPITAL-PACS-IMAGING,False
ALT-CSE-05-00724,CSE-05,CRITICAL,2024-12-29T00:33:35,2024-12-29T00:38:16.381723,2024-12-29T01:40:13.644501,CLOSED,,EHR-PATIENT-DB-01,False
ALT-CSE-05-00725,CSE-05,LOW,2024-10-22T11:37:04,2024-10-22T11:42:51.974220,2024-10-22T12:13:57.159240,CLOSED,,NURSE-STATION-EP-01,False
ALT-CSE-05-00726,CSE-05,CRITICAL,2024-10-23T00:19:04,2024-10-23T00:29:58.291554,2024-10-23T01:27:52.075956,CLOSED,CAS-CSE-05-0129,NURSE-STATION-EP-01,True
ALT-CSE-05-00727,CSE-05,MEDIUM,2024-10-01T04:08:22,2024-10-01T04:18:40.422357,2024-10-01T05:30:50.473914,CLOSED,,NURSE-STATION-EP-01,False
ALT-CSE-05-00728,CSE-05,MEDIUM,2024-12-07T10:36:45,2024-12-07T10:44:45.889366,2024-12-07T11:29:16.682750,CLOSED,,NURSE-STATION-EP-01,False
ALT-CSE-05-00729,CSE-05,MEDIUM,2024-12-02T00:14:29,2024-12-02T00:26:35.261940,2024-12-02T00:52:21.459821,CLOSED,,ICU-TELEMETRY-GW,False
ALT-CSE-05-00730,CSE-05,MEDIUM,2024-12-11T00:14:47,2024-12-11T00:30:24.558802,2024-12-11T01:34:41.947274,CLOSED,,EHR-PATIENT-DB-01,False
ALT-CSE-05-00731,CSE-05,MEDIUM,2024-12-23T05:21:33,2024-12-23T05:31:11.783161,2024-12-23T05:56:52.548221,CLOSED,,EHR-PATIENT-DB-01,False
ALT-CSE-05-00732,CSE-05,LOW,2024-12-28T13:11:39,2024-12-28T13:19:11.123602,2024-12-28T13:56:53.160397,CLOSED,,ICU-TELEMETRY-GW,False
ALT-CSE-05-00733,CSE-05,CRITICAL,2024-11-17T03:38:31,2024-11-17T03:54:42.720560,2024-11-17T05:10:26.603486,CLOSED,CAS-CSE-05-0130,NURSE-STATION-EP-01,False
ALT-CSE-05-00734,CSE-05,MEDIUM,2024-10-04T07:18:40,2024-10-04T07:27:15.677023,2024-10-04T08:39:47.853774,CLOSED,,HOSPITAL-PACS-IMAGING,False
ALT-CSE-05-00735,CSE-05,MEDIUM,2024-10-10T13:14:29,2024-10-10T13:19:56.691920,2024-10-10T13:53:30.327535,CLOSED,,NURSE-STATION-EP-01,False
ALT-CSE-05-00736,CSE-05,CRITICAL,2024-11-03T12:21:15,2024-11-03T12:37:38.135271,2024-11-03T13:04:29.372821,CLOSED,CAS-CSE-05-0131,HOSPITAL-PACS-IMAGING,False
ALT-CSE-05-00737,CSE-05,MEDIUM,2024-12-13T20:09:45,2024-12-13T20:23:15.280709,2024-12-13T21:02:21.627024,CLOSED,,ICU-TELEMETRY-GW,False
ALT-CSE-05-00738,CSE-05,MEDIUM,2024-12-04T23:52:44,2024-12-04T23:59:40.730636,2024-12-05T01:13:46.130944,CLOSED,,HOSPITAL-PACS-IMAGING,False
ALT-CSE-05-00739,CSE-05,MEDIUM,2024-10-13T04:18:03,2024-10-13T04:30:56.811397,2024-10-13T05:03:48.447968,CLOSED,,HOSPITAL-PACS-IMAGING,False
ALT-CSE-05-00740,CSE-05,MEDIUM,2024-11-25T02:14:30,2024-11-25T02:19:38.564908,2024-11-25T03:36:22.203657,CLOSED,,NURSE-STATION-EP-01,False
ALT-CSE-05-00741,CSE-05,CRITICAL,2024-11-29T18:09:01,2024-11-29T18:17:08.370318,2024-11-29T19:08:20.064394,CLOSED,CAS-CSE-05-0132,NURSE-STATION-EP-01,False
ALT-CSE-05-00742,CSE-05,LOW,2024-12-19T17:54:23,2024-12-19T18:07:02.476196,2024-12-19T19:02:28.318996,CLOSED,,EHR-PATIENT-DB-01,False
ALT-CSE-05-00743,CSE-05,CRITICAL,2024-11-11T08:26:38,2024-11-11T08:32:17.884431,2024-11-11T09:12:20.758371,CLOSED,CAS-CSE-05-0133,ICU-TELEMETRY-GW,False
ALT-CSE-05-00744,CSE-05,MEDIUM,2024-12-28T15:54:14,2024-12-28T16:05:26.850101,2024-12-28T16:34:00.514132,CLOSED,,EHR-PATIENT-DB-01,False
ALT-CSE-05-00745,CSE-05,MEDIUM,2024-11-10T18:40:15,2024-11-10T18:51:41.518549,2024-11-10T20:04:40.692333,CLOSED,,ICU-TELEMETRY-GW,False
ALT-CSE-05-00746,CSE-05,LOW,2024-10-12T10:56:31,2024-10-12T11:13:02.545423,2024-10-12T11:38:13.449774,CLOSED,,NURSE-STATION-EP-01,False
ALT-CSE-05-00747,CSE-05,LOW,2024-10-21T07:51:50,2024-10-21T08:09:23.854504,2024-10-21T08:32:18.539114,CLOSED,,NURSE-STATION-EP-01,False
ALT-CSE-05-00748,CSE-05,CRITICAL,2024-11-04T11:34:28,2024-11-04T11:44:44.515331,2024-11-04T12:11:39.384035,CLOSED,CAS-CSE-05-0134,EHR-PATIENT-DB-01,False
ALT-CSE-05-00749,CSE-05,CRITICAL,2024-11-12T23:51:25,2024-11-13T00:07:05.488356,2024-11-13T00:49:53.716974,CLOSED,CAS-CSE-05-0135,EHR-PATIENT-DB-01,False
ALT-CSE-05-00750,CSE-05,LOW,2024-10-13T07:57:37,2024-10-13T08:05:27.403507,2024-10-13T09:28:18.908227,CLOSED,CAS-CSE-05-0136,ICU-TELEMETRY-GW,False
ALT-CSE-05-00751,CSE-05,CRITICAL,2024-10-17T09:59:10,2024-10-17T10:16:58.449811,2024-10-17T10:36:38.451997,CLOSED,CAS-CSE-05-0137,HOSPITAL-PACS-IMAGING,True
ALT-CSE-05-00752,CSE-05,CRITICAL,2024-11-28T02:54:08,2024-11-28T03:04:41.220723,2024-11-28T04:10:36.900854,CLOSED,CAS-CSE-05-0138,ICU-TELEMETRY-GW,False
ALT-CSE-05-00753,CSE-05,LOW,2024-12-09T01:44:43,2024-12-09T01:51:38.929093,2024-12-09T02:27:04.804462,CLOSED,,NURSE-STATION-EP-01,False
ALT-CSE-05-00754,CSE-05,LOW,2024-10-09T06:02:28,2024-10-09T06:18:47.788764,2024-10-09T07:15:23.092346,CLOSED,,HOSPITAL-PACS-IMAGING,False
ALT-CSE-05-00755,CSE-05,CRITICAL,2024-11-02T06:43:44,2024-11-02T06:52:53.761459,2024-11-02T07:44:46.594486,CLOSED,CAS-CSE-05-0139,NURSE-STATION-EP-01,True
ALT-CSE-05-00756,CSE-05,MEDIUM,2024-12-16T18:25:46,2024-12-16T18:31:53.374335,2024-12-16T19:04:53.644534,CLOSED,,NURSE-STATION-EP-01,False
ALT-CSE-05-00757,CSE-05,MEDIUM,2024-12-23T16:14:24,2024-12-23T16:22:18.294182,2024-12-23T17:39:05.650572,CLOSED,,HOSPITAL-PACS-IMAGING,False
ALT-CSE-05-00758,CSE-05,MEDIUM,2024-11-23T03:55:11,2024-11-23T04:05:30.202750,2024-11-23T05:13:01.218335,CLOSED,,EHR-PATIENT-DB-01,False
ALT-CSE-05-00759,CSE-05,MEDIUM,2024-12-04T00:33:09,2024-12-04T00:45:21.386212,2024-12-04T01:28:00.707711,CLOSED,,ICU-TELEMETRY-GW,False
ALT-CSE-05-00760,CSE-05,LOW,2024-11-18T09:47:13,2024-11-18T09:55:57.244505,2024-11-18T10:23:20.261387,CLOSED,,NURSE-STATION-EP-01,False
ALT-CSE-05-00761,CSE-05,MEDIUM,2024-12-05T17:40:25,2024-12-05T17:47:14.676838,2024-12-05T19:08:31.207084,CLOSED,,NURSE-STATION-EP-01,False
ALT-CSE-05-00762,CSE-05,CRITICAL,2024-10-31T21:05:07,2024-10-31T21:12:03.590583,2024-10-31T21:43:44.876299,CLOSED,CAS-CSE-05-0140,NURSE-STATION-EP-01,True
ALT-CSE-05-00763,CSE-05,LOW,2024-10-27T23:25:51,2024-10-27T23:41:10.436517,2024-10-28T00:07:07.701477,CLOSED,,NURSE-STATION-EP-01,False
ALT-CSE-05-00764,CSE-05,MEDIUM,2024-10-22T22:07:48,2024-10-22T22:13:14.800435,2024-10-22T23:34:30.722928,CLOSED,,ICU-TELEMETRY-GW,False
ALT-CSE-05-00765,CSE-05,MEDIUM,2024-11-03T21:46:02,2024-11-03T21:57:56.106597,2024-11-03T22:46:07.911485,CLOSED,,HOSPITAL-PACS-IMAGING,False
ALT-CSE-05-00766,CSE-05,LOW,2024-10-31T19:16:35,2024-10-31T19:32:44.198646,2024-10-31T20:30:17.778633,CLOSED,,HOSPITAL-PACS-IMAGING,False
ALT-CSE-05-00767,CSE-05,LOW,2024-12-22T04:21:22,2024-12-22T04:26:30.582311,2024-12-22T05:45:52.046585,CLOSED,,HOSPITAL-PACS-IMAGING,False
ALT-CSE-05-00768,CSE-05,MEDIUM,2024-12-10T23:11:08,2024-12-10T23:19:52.284023,2024-12-11T00:08:42.499996,CLOSED,,EHR-PATIENT-DB-01,False
ALT-CSE-05-00769,CSE-05,MEDIUM,2024-12-10T19:00:27,2024-12-10T19:14:05.900721,2024-12-10T19:52:02.484844,CLOSED,,NURSE-STATION-EP-01,False
ALT-CSE-05-00770,CSE-05,MEDIUM,2024-10-12T15:46:35,2024-10-12T15:59:51.462120,2024-10-12T17:06:54.711504,CLOSED,,ICU-TELEMETRY-GW,False
ALT-CSE-05-00771,CSE-05,MEDIUM,2024-10-14T08:27:11,2024-10-14T08:40:58.354887,2024-10-14T09:12:20.025599,CLOSED,,NURSE-STATION-EP-01,False
ALT-CSE-05-00772,CSE-05,LOW,2024-10-15T22:52:45,2024-10-15T23:00:13.945850,2024-10-15T23:47:17.623717,CLOSED,,HOSPITAL-PACS-IMAGING,False
ALT-CSE-05-00773,CSE-05,LOW,2024-10-15T13:12:23,2024-10-15T13:18:03.204573,2024-10-15T14:41:27.975617,CLOSED,,NURSE-STATION-EP-01,False
ALT-CSE-05-00774,CSE-05,LOW,2024-11-17T21:41:56,2024-11-17T21:55:38.546873,2024-11-17T22:56:30.696350,CLOSED,,ICU-TELEMETRY-GW,False
ALT-CSE-05-00775,CSE-05,MEDIUM,2024-12-29T07:12:51,2024-12-29T07:24:42.389223,2024-12-29T08:23:09.697098,CLOSED,,ICU-TELEMETRY-GW,False
ALT-CSE-05-00776,CSE-05,LOW,2024-11-28T00:52:23,2024-11-28T01:00:19.464995,2024-11-28T01:48:47.466648,CLOSED,,ICU-TELEMETRY-GW,False
ALT-CSE-05-00777,CSE-05,MEDIUM,2024-10-24T04:12:59,2024-10-24T04:19:06.843698,2024-10-24T05:18:54.518643,CLOSED,,EHR-PATIENT-DB-01,False
ALT-CSE-05-00778,CSE-05,MEDIUM,2024-12-05T11:10:42,2024-12-05T11:14:53.755328,2024-12-05T12:02:38.579918,CLOSED,,NURSE-STATION-EP-01,False
ALT-CSE-05-00779,CSE-05,MEDIUM,2024-12-07T21:23:34,2024-12-07T21:29:05.185906,2024-12-07T22:03:01.721081,CLOSED,,HOSPITAL-PACS-IMAGING,False
ALT-CSE-05-00780,CSE-05,MEDIUM,2024-12-11T00:32:02,2024-12-11T00:40:30.523732,2024-12-11T01:29:24.830945,CLOSED,,NURSE-STATION-EP-01,False
ALT-CSE-05-00781,CSE-05,CRITICAL,2024-10-24T04:28:53,2024-10-24T04:38:55.195829,2024-10-24T05:04:42.707568,CLOSED,,NURSE-STATION-EP-01,False
ALT-CSE-05-00782,CSE-05,MEDIUM,2024-10-28T12:43:58,2024-10-28T13:01:11.404287,2024-10-28T13:20:05.477576,CLOSED,,HOSPITAL-PACS-IMAGING,False
ALT-CSE-05-00783,CSE-05,MEDIUM,2024-10-25T07:24:45,2024-10-25T07:34:32.412685,2024-10-25T08:47:41.801995,CLOSED,,EHR-PATIENT-DB-01,False
ALT-CSE-05-00784,CSE-05,MEDIUM,2024-11-16T23:34:56,2024-11-16T23:51:15.025354,2024-11-17T00:27:14.683792,CLOSED,,NURSE-STATION-EP-01,False
ALT-CSE-05-00785,CSE-05,LOW,2024-11-01T13:57:16,2024-11-01T14:14:43.069686,2024-11-01T14:57:35.870044,CLOSED,,NURSE-STATION-EP-01,False
ALT-CSE-05-00786,CSE-05,LOW,2024-10-22T02:11:01,2024-10-22T02:15:04.424092,2024-10-22T03:12:29.727410,CLOSED,CAS-CSE-05-0141,NURSE-STATION-EP-01,True
ALT-CSE-05-00787,CSE-05,MEDIUM,2024-12-09T19:39:51,2024-12-09T19:55:52.923496,2024-12-09T21:09:20.367093,CLOSED,,HOSPITAL-PACS-IMAGING,False
ALT-CSE-05-00788,CSE-05,LOW,2024-10-13T22:46:53,2024-10-13T23:00:40.895523,2024-10-13T23:46:30.885036,CLOSED,,ICU-TELEMETRY-GW,False
ALT-CSE-05-00789,CSE-05,LOW,2024-11-17T02:29:11,2024-11-17T02:34:44.535372,2024-11-17T03:56:58.898404,CLOSED,CAS-CSE-05-0142,HOSPITAL-PACS-IMAGING,True
ALT-CSE-05-00790,CSE-05,LOW,2024-12-10T01:19:42,2024-12-10T01:37:24.218651,2024-12-10T02:53:51.010591,CLOSED,,EHR-PATIENT-DB-01,False
ALT-CSE-05-00791,CSE-05,LOW,2024-12-20T03:39:07,2024-12-20T03:49:25.518892,2024-12-20T05:13:31.809710,CLOSED,CAS-CSE-05-0143,HOSPITAL-PACS-IMAGING,False
ALT-CSE-05-00792,CSE-05,MEDIUM,2024-11-19T12:23:48,2024-11-19T12:36:19.688955,2024-11-19T13:41:04.516186,CLOSED,CAS-CSE-05-0144,EHR-PATIENT-DB-01,True
ALT-CSE-05-00793,CSE-05,LOW,2024-10-26T17:55:51,2024-10-26T18:10:06.237417,2024-10-26T19:23:34.584788,CLOSED,,HOSPITAL-PACS-IMAGING,False
ALT-CSE-05-00794,CSE-05,LOW,2024-10-11T00:49:35,2024-10-11T00:59:11.852577,2024-10-11T02:18:42.298291,CLOSED,,ICU-TELEMETRY-GW,False
ALT-CSE-05-00795,CSE-05,MEDIUM,2024-11-26T20:10:52,2024-11-26T20:27:29.379817,2024-11-26T20:45:58.864225,CLOSED,,ICU-TELEMETRY-GW,False
ALT-CSE-05-00796,CSE-05,MEDIUM,2024-12-22T13:49:41,2024-12-22T14:07:03.098055,2024-12-22T14:35:44.626400,CLOSED,,ICU-TELEMETRY-GW,False
ALT-CSE-05-00797,CSE-05,MEDIUM,2024-12-17T11:35:21,2024-12-17T11:50:39.400932,2024-12-17T12:23:34.926094,CLOSED,,NURSE-STATION-EP-01,False
ALT-CSE-05-00798,CSE-05,MEDIUM,2024-10-14T07:14:37,2024-10-14T07:23:03.251309,2024-10-14T08:15:14.730783,CLOSED,,NURSE-STATION-EP-01,False
ALT-CSE-05-00799,CSE-05,MEDIUM,2024-12-04T00:43:43,2024-12-04T00:50:14.902036,2024-12-04T01:34:40.469017,CLOSED,,NURSE-STATION-EP-01,False
ALT-CSE-05-00800,CSE-05,LOW,2024-12-16T02:05:00,2024-12-16T02:20:21.886891,2024-12-16T03:09:30.118790,CLOSED,,HOSPITAL-PACS-IMAGING,False
ALT-CSE-05-00801,CSE-05,MEDIUM,2024-10-10T17:17:02,2024-10-10T17:34:12.872990,2024-10-10T17:57:27.255710,CLOSED,,EHR-PATIENT-DB-01,False
ALT-CSE-05-00802,CSE-05,MEDIUM,2024-10-26T21:33:43,2024-10-26T21:47:40.290412,2024-10-26T23:00:38.775166,CLOSED,,ICU-TELEMETRY-GW,False
ALT-CSE-05-00803,CSE-05,LOW,2024-11-06T16:50:44,2024-11-06T16:57:47.009846,2024-11-06T18:21:51.281777,CLOSED,,HOSPITAL-PACS-IMAGING,False
ALT-CSE-05-00804,CSE-05,LOW,2024-10-31T09:35:54,2024-10-31T09:51:19.397477,2024-10-31T11:07:53.817645,CLOSED,CAS-CSE-05-0145,HOSPITAL-PACS-IMAGING,False
ALT-CSE-05-00805,CSE-05,LOW,2024-12-02T09:57:56,2024-12-02T10:15:33.852937,2024-12-02T11:21:41.470477,CLOSED,,EHR-PATIENT-DB-01,False
ALT-CSE-05-00806,CSE-05,MEDIUM,2024-12-01T08:49:39,2024-12-01T08:58:21.579987,2024-12-01T09:31:48.375657,CLOSED,,HOSPITAL-PACS-IMAGING,False
ALT-CSE-05-00807,CSE-05,CRITICAL,2024-10-02T00:06:27,2024-10-02T00:11:33.035826,2024-10-02T01:14:35.554670,CLOSED,CAS-CSE-05-0146,ICU-TELEMETRY-GW,False
ALT-CSE-05-00808,CSE-05,MEDIUM,2024-12-06T07:43:25,2024-12-06T07:47:39.554084,2024-12-06T09:11:51.886827,CLOSED,,NURSE-STATION-EP-01,False
ALT-CSE-05-00809,CSE-05,CRITICAL,2024-11-17T21:55:46,2024-11-17T22:02:27.647153,2024-11-17T22:38:22.245842,CLOSED,CAS-CSE-05-0147,HOSPITAL-PACS-IMAGING,False
ALT-CSE-05-00810,CSE-05,LOW,2024-12-06T13:34:06,2024-12-06T13:50:06.439670,2024-12-06T14:45:45.420257,CLOSED,,ICU-TELEMETRY-GW,False
ALT-CSE-05-00811,CSE-05,LOW,2024-12-09T15:13:23,2024-12-09T15:17:26.588124,2024-12-09T16:23:09.509604,CLOSED,,ICU-TELEMETRY-GW,False
ALT-CSE-05-00812,CSE-05,LOW,2024-12-15T05:37:55,2024-12-15T05:55:51.078840,2024-12-15T06:58:00.410680,CLOSED,,HOSPITAL-PACS-IMAGING,False
ALT-CSE-05-00813,CSE-05,MEDIUM,2024-11-18T02:40:52,2024-11-18T02:45:30.378996,2024-11-18T03:36:54.491539,CLOSED,,NURSE-STATION-EP-01,False
ALT-CSE-05-00814,CSE-05,MEDIUM,2024-10-31T01:50:29,2024-10-31T01:55:19.434906,2024-10-31T03:22:23.338274,CLOSED,,NURSE-STATION-EP-01,False
ALT-CSE-05-00815,CSE-05,MEDIUM,2024-10-10T06:24:04,2024-10-10T06:33:52.772970,2024-10-10T07:00:51.404203,CLOSED,,EHR-PATIENT-DB-01,False
ALT-CSE-05-00816,CSE-05,MEDIUM,2024-12-24T13:06:51,2024-12-24T13:18:10.317288,2024-12-24T13:44:34.015781,CLOSED,,NURSE-STATION-EP-01,False
ALT-CSE-05-00817,CSE-05,MEDIUM,2024-10-14T15:25:03,2024-10-14T15:40:57.512874,2024-10-14T16:21:48.045061,CLOSED,,EHR-PATIENT-DB-01,False
ALT-CSE-05-00818,CSE-05,MEDIUM,2024-11-22T11:39:57,2024-11-22T11:52:45.265516,2024-11-22T12:24:55.817050,CLOSED,,EHR-PATIENT-DB-01,False
ALT-CSE-05-00819,CSE-05,LOW,2024-10-15T10:43:06,2024-10-15T10:54:52.052780,2024-10-15T11:58:17.206755,CLOSED,,ICU-TELEMETRY-GW,False
ALT-CSE-05-00820,CSE-05,MEDIUM,2024-12-13T22:05:49,2024-12-13T22:13:52.555369,2024-12-13T23:38:32.795255,CLOSED,,NURSE-STATION-EP-01,False
ALT-CSE-05-00821,CSE-05,LOW,2024-10-05T11:54:24,2024-10-05T12:05:51.422550,2024-10-05T12:56:07.575451,CLOSED,,HOSPITAL-PACS-IMAGING,False
ALT-CSE-05-00822,CSE-05,MEDIUM,2024-12-02T15:59:17,2024-12-02T16:08:58.943301,2024-12-02T16:35:41.171594,CLOSED,,EHR-PATIENT-DB-01,False
ALT-CSE-05-00823,CSE-05,LOW,2024-11-16T12:45:37,2024-11-16T12:59:21.885791,2024-11-16T13:42:22.918261,CLOSED,,HOSPITAL-PACS-IMAGING,False
ALT-CSE-05-00824,CSE-05,LOW,2024-12-25T08:39:25,2024-12-25T08:57:16.975975,2024-12-25T09:58:56.315062,CLOSED,,EHR-PATIENT-DB-01,False
ALT-CSE-05-00825,CSE-05,LOW,2024-12-15T14:52:32,2024-12-15T15:07:18.500056,2024-12-15T16:15:00.606119,CLOSED,,ICU-TELEMETRY-GW,False
ALT-CSE-05-00826,CSE-05,MEDIUM,2024-11-28T00:17:31,2024-11-28T00:27:30.708175,2024-11-28T00:52:38.009358,CLOSED,,HOSPITAL-PACS-IMAGING,False
ALT-CSE-05-00827,CSE-05,MEDIUM,2024-12-19T13:33:59,2024-12-19T13:48:51.857357,2024-12-19T14:24:47.997809,CLOSED,,ICU-TELEMETRY-GW,False
ALT-CSE-05-00828,CSE-05,MEDIUM,2024-12-23T12:02:49,2024-12-23T12:12:56.312565,2024-12-23T13:02:48.693173,CLOSED,,HOSPITAL-PACS-IMAGING,False
ALT-CSE-05-00829,CSE-05,MEDIUM,2024-10-29T21:39:25,2024-10-29T21:49:37.467118,2024-10-29T22:49:30.454889,CLOSED,,ICU-TELEMETRY-GW,False
ALT-CSE-05-00830,CSE-05,MEDIUM,2024-10-11T01:38:12,2024-10-11T01:54:18.581122,2024-10-11T02:20:59.530370,CLOSED,,HOSPITAL-PACS-IMAGING,False
ALT-CSE-05-00831,CSE-05,MEDIUM,2024-11-08T11:40:18,2024-11-08T11:45:24.338610,2024-11-08T13:03:21.202934,CLOSED,,HOSPITAL-PACS-IMAGING,False
ALT-CSE-05-00832,CSE-05,LOW,2024-11-22T18:13:34,2024-11-22T18:27:51.774994,2024-11-22T18:55:19.915764,CLOSED,,NURSE-STATION-EP-01,False
ALT-CSE-05-00833,CSE-05,MEDIUM,2024-12-17T15:46:03,2024-12-17T15:59:18.312789,2024-12-17T16:58:53.375208,CLOSED,CAS-CSE-05-0148,EHR-PATIENT-DB-01,False
ALT-CSE-05-00834,CSE-05,LOW,2024-11-06T00:36:52,2024-11-06T00:53:18.623760,2024-11-06T01:40:53.501240,CLOSED,,ICU-TELEMETRY-GW,False
ALT-CSE-05-00835,CSE-05,MEDIUM,2024-12-13T16:44:23,2024-12-13T16:51:08.609012,2024-12-13T17:39:45.138199,CLOSED,,HOSPITAL-PACS-IMAGING,False
ALT-CSE-05-00836,CSE-05,LOW,2024-11-26T23:46:54,2024-11-27T00:00:06.594853,2024-11-27T01:17:35.754617,CLOSED,,HOSPITAL-PACS-IMAGING,False
ALT-CSE-05-00837,CSE-05,MEDIUM,2024-12-12T15:18:15,2024-12-12T15:28:20.867548,2024-12-12T16:17:54.620069,CLOSED,,NURSE-STATION-EP-01,False
ALT-CSE-05-00838,CSE-05,LOW,2024-10-04T18:46:59,2024-10-04T18:55:38.499150,2024-10-04T20:03:08.190697,CLOSED,,NURSE-STATION-EP-01,False
ALT-CSE-05-00839,CSE-05,CRITICAL,2024-12-12T20:17:50,2024-12-12T20:31:30.564737,2024-12-12T21:33:40.209460,CLOSED,CAS-CSE-05-0149,EHR-PATIENT-DB-01,False
ALT-CSE-05-00840,CSE-05,MEDIUM,2024-10-22T15:23:05,2024-10-22T15:27:20.921579,2024-10-22T16:28:15.260416,CLOSED,,NURSE-STATION-EP-01,False
ALT-CSE-05-00841,CSE-05,MEDIUM,2024-10-16T11:52:33,2024-10-16T12:03:27.286981,2024-10-16T12:35:33.235569,CLOSED,,EHR-PATIENT-DB-01,False
ALT-CSE-05-00842,CSE-05,LOW,2024-11-24T18:14:43,2024-11-24T18:23:26.535079,2024-11-24T19:42:14.215989,CLOSED,,EHR-PATIENT-DB-01,False
ALT-CSE-05-00843,CSE-05,MEDIUM,2024-11-15T03:56:50,2024-11-15T04:02:34.726353,2024-11-15T04:39:05.104689,CLOSED,,ICU-TELEMETRY-GW,False
ALT-CSE-05-00844,CSE-05,CRITICAL,2024-10-25T01:32:46,2024-10-25T01:50:15.991039,2024-10-25T02:14:57.688303,CLOSED,CAS-CSE-05-0150,ICU-TELEMETRY-GW,False
ALT-CSE-05-00845,CSE-05,CRITICAL,2024-12-20T08:44:38,2024-12-20T08:57:41.939215,2024-12-20T10:04:55.681592,CLOSED,CAS-CSE-05-0151,HOSPITAL-PACS-IMAGING,True
ALT-CSE-05-00846,CSE-05,MEDIUM,2024-10-30T00:49:40,2024-10-30T01:06:37.581593,2024-10-30T01:55:58.917097,CLOSED,,NURSE-STATION-EP-01,False
ALT-CSE-05-00847,CSE-05,MEDIUM,2024-11-04T10:21:48,2024-11-04T10:26:13.669070,2024-11-04T11:09:00.425512,CLOSED,,EHR-PATIENT-DB-01,False
ALT-CSE-05-00848,CSE-05,MEDIUM,2024-12-26T05:08:34,2024-12-26T05:18:51.008152,2024-12-26T06:07:08.982486,CLOSED,,HOSPITAL-PACS-IMAGING,False
ALT-CSE-05-00849,CSE-05,CRITICAL,2024-10-18T00:09:05,2024-10-18T00:15:38.900552,2024-10-18T01:20:19.622024,CLOSED,CAS-CSE-05-0152,EHR-PATIENT-DB-01,False
ALT-CSE-05-00850,CSE-05,MEDIUM,2024-11-19T11:48:12,2024-11-19T12:03:54.427846,2024-11-19T13:05:29.380903,CLOSED,,EHR-PATIENT-DB-01,False
ALT-CSE-05-00851,CSE-05,CRITICAL,2024-11-19T13:10:58,2024-11-19T13:17:02.986611,2024-11-19T13:59:00.939053,CLOSED,CAS-CSE-05-0153,NURSE-STATION-EP-01,False
ALT-CSE-05-00852,CSE-05,MEDIUM,2024-10-13T04:17:40,2024-10-13T04:35:06.436513,2024-10-13T04:57:04.978741,CLOSED,,EHR-PATIENT-DB-01,False
ALT-CSE-05-00853,CSE-05,MEDIUM,2024-12-07T07:51:04,2024-12-07T07:59:52.345507,2024-12-07T08:31:11.384927,CLOSED,,ICU-TELEMETRY-GW,False
ALT-CSE-05-00854,CSE-05,CRITICAL,2024-11-30T07:28:00,2024-11-30T07:40:59.434128,2024-11-30T08:12:56.007387,CLOSED,CAS-CSE-05-0154,EHR-PATIENT-DB-01,False
ALT-CSE-05-00855,CSE-05,MEDIUM,2024-10-06T04:32:54,2024-10-06T04:47:38.025010,2024-10-06T06:02:30.042475,CLOSED,,ICU-TELEMETRY-GW,False
ALT-CSE-05-00856,CSE-05,MEDIUM,2024-11-10T07:06:40,2024-11-10T07:22:33.314189,2024-11-10T08:16:51.588615,CLOSED,,ICU-TELEMETRY-GW,False
ALT-CSE-05-00857,CSE-05,MEDIUM,2024-12-29T15:31:08,2024-12-29T15:47:26.678713,2024-12-29T16:21:28.213146,CLOSED,,HOSPITAL-PACS-IMAGING,False
ALT-CSE-05-00858,CSE-05,MEDIUM,2024-12-04T03:48:17,2024-12-04T04:01:04.999314,2024-12-04T05:14:28.095522,CLOSED,,NURSE-STATION-EP-01,False
ALT-CSE-05-00859,CSE-05,LOW,2024-10-09T00:12:40,2024-10-09T00:21:00.031705,2024-10-09T01:44:45.295967,CLOSED,,EHR-PATIENT-DB-01,False
ALT-CSE-05-00860,CSE-05,MEDIUM,2024-12-24T16:22:20,2024-12-24T16:39:52.781575,2024-12-24T17:45:49.250635,CLOSED,,NURSE-STATION-EP-01,False
ALT-CSE-05-00861,CSE-05,LOW,2024-11-26T16:18:08,2024-11-26T16:26:52.008497,2024-11-26T17:05:05.039432,CLOSED,,EHR-PATIENT-DB-01,False
ALT-CSE-05-00862,CSE-05,MEDIUM,2024-12-22T05:29:43,2024-12-22T05:43:23.441296,2024-12-22T06:45:28.243872,CLOSED,,NURSE-STATION-EP-01,False
ALT-CSE-05-00863,CSE-05,MEDIUM,2024-11-20T18:18:27,2024-11-20T18:35:46.744860,2024-11-20T19:26:47.431262,CLOSED,,EHR-PATIENT-DB-01,False
ALT-CSE-05-00864,CSE-05,MEDIUM,2024-12-17T02:26:04,2024-12-17T02:36:34.089195,2024-12-17T03:15:09.194477,CLOSED,,ICU-TELEMETRY-GW,False
ALT-CSE-05-00865,CSE-05,MEDIUM,2024-10-18T05:47:55,2024-10-18T05:54:26.369483,2024-10-18T06:31:38.678515,CLOSED,,EHR-PATIENT-DB-01,False
ALT-CSE-05-00866,CSE-05,CRITICAL,2024-12-23T15:12:17,2024-12-23T15:30:07.559399,2024-12-23T16:43:03.408890,CLOSED,CAS-CSE-05-0155,HOSPITAL-PACS-IMAGING,False
ALT-CSE-05-00867,CSE-05,LOW,2024-11-14T10:35:45,2024-11-14T10:49:41.463178,2024-11-14T12:09:03.709759,CLOSED,,ICU-TELEMETRY-GW,False
ALT-CSE-05-00868,CSE-05,LOW,2024-10-16T19:38:39,2024-10-16T19:47:17.155109,2024-10-16T21:13:26.993791,CLOSED,,EHR-PATIENT-DB-01,False
ALT-CSE-05-00869,CSE-05,MEDIUM,2024-10-05T03:25:17,2024-10-05T03:34:52.828355,2024-10-05T04:06:50.502126,CLOSED,,NURSE-STATION-EP-01,False
ALT-CSE-05-00870,CSE-05,MEDIUM,2024-10-03T08:11:15,2024-10-03T08:18:17.303115,2024-10-03T08:47:00.595029,CLOSED,,EHR-PATIENT-DB-01,False
ALT-CSE-05-00871,CSE-05,LOW,2024-11-26T03:21:52,2024-11-26T03:35:46.942743,2024-11-26T04:28:14.308156,CLOSED,CAS-CSE-05-0156,HOSPITAL-PACS-IMAGING,False
ALT-CSE-05-00872,CSE-05,LOW,2024-11-06T06:25:38,2024-11-06T06:36:16.067885,2024-11-06T07:43:51.574182,CLOSED,,NURSE-STATION-EP-01,False
ALT-CSE-05-00873,CSE-05,LOW,2024-11-12T02:57:10,2024-11-12T03:10:38.778204,2024-11-12T03:39:16.949143,CLOSED,,ICU-TELEMETRY-GW,False
ALT-CSE-05-00874,CSE-05,LOW,2024-12-09T04:25:38,2024-12-09T04:38:10.264215,2024-12-09T05:10:58.156352,CLOSED,,ICU-TELEMETRY-GW,False
ALT-CSE-05-00875,CSE-05,MEDIUM,2024-12-10T23:56:34,2024-12-11T00:03:45.099571,2024-12-11T00:49:33.158627,CLOSED,,EHR-PATIENT-DB-01,False
ALT-CSE-05-00876,CSE-05,LOW,2024-10-04T23:42:47,2024-10-04T23:47:28.493194,2024-10-05T00:19:35.764512,CLOSED,,NURSE-STATION-EP-01,False
ALT-CSE-05-00877,CSE-05,CRITICAL,2024-12-20T16:48:43,2024-12-20T16:57:58.454107,2024-12-20T17:47:59.134453,CLOSED,CAS-CSE-05-0157,EHR-PATIENT-DB-01,False
ALT-CSE-05-00878,CSE-05,LOW,2024-10-04T10:29:07,2024-10-04T10:41:13.181177,2024-10-04T11:55:17.819899,CLOSED,,NURSE-STATION-EP-01,False
ALT-CSE-05-00879,CSE-05,LOW,2024-10-26T13:19:55,2024-10-26T13:31:23.726638,2024-10-26T14:06:03.029921,CLOSED,CAS-CSE-05-0158,HOSPITAL-PACS-IMAGING,False
ALT-CSE-05-00880,CSE-05,MEDIUM,2024-10-13T09:33:44,2024-10-13T09:48:04.183671,2024-10-13T10:46:45.572668,CLOSED,,HOSPITAL-PACS-IMAGING,False
ALT-CSE-05-00881,CSE-05,MEDIUM,2024-12-06T11:56:42,2024-12-06T12:05:41.570423,2024-12-06T13:07:17.772455,CLOSED,,ICU-TELEMETRY-GW,False
ALT-CSE-05-00882,CSE-05,MEDIUM,2024-11-26T07:43:37,2024-11-26T07:58:31.201485,2024-11-26T09:15:38.896206,CLOSED,,HOSPITAL-PACS-IMAGING,False
ALT-CSE-05-00883,CSE-05,LOW,2024-12-20T03:23:37,2024-12-20T03:35:11.667409,2024-12-20T04:11:17.457381,CLOSED,,NURSE-STATION-EP-01,False
ALT-CSE-05-00884,CSE-05,CRITICAL,2024-11-28T03:40:42,2024-11-28T03:50:07.817663,2024-11-28T05:09:25.128059,CLOSED,CAS-CSE-05-0159,EHR-PATIENT-DB-01,True
ALT-CSE-05-00885,CSE-05,LOW,2024-11-18T00:54:47,2024-11-18T01:05:15.366813,2024-11-18T02:22:20.895517,CLOSED,,ICU-TELEMETRY-GW,False
ALT-CSE-05-00886,CSE-05,MEDIUM,2024-11-03T19:30:31,2024-11-03T19:35:16.884809,2024-11-03T20:23:15.718247,CLOSED,,ICU-TELEMETRY-GW,False
ALT-CSE-05-00887,CSE-05,LOW,2024-12-07T08:56:28,2024-12-07T09:07:52.771990,2024-12-07T10:21:00.424857,CLOSED,,HOSPITAL-PACS-IMAGING,False
ALT-CSE-05-00888,CSE-05,LOW,2024-12-09T10:14:16,2024-12-09T10:25:25.918488,2024-12-09T10:52:58.055046,CLOSED,,NURSE-STATION-EP-01,False
ALT-CSE-05-00889,CSE-05,MEDIUM,2024-11-26T12:34:20,2024-11-26T12:48:02.980117,2024-11-26T13:31:48.968034,CLOSED,,NURSE-STATION-EP-01,False
ALT-CSE-05-00890,CSE-05,MEDIUM,2024-10-10T22:34:03,2024-10-10T22:48:40.160098,2024-10-10T23:41:12.003621,CLOSED,,HOSPITAL-PACS-IMAGING,False
ALT-CSE-05-00891,CSE-05,CRITICAL,2024-10-17T11:42:01,2024-10-17T11:53:39.891599,2024-10-17T13:15:08.052864,CLOSED,CAS-CSE-05-0160,HOSPITAL-PACS-IMAGING,False
ALT-CSE-05-00892,CSE-05,LOW,2024-10-23T08:44:04,2024-10-23T08:56:26.313450,2024-10-23T10:10:06.257360,CLOSED,,HOSPITAL-PACS-IMAGING,False
ALT-CSE-05-00893,CSE-05,MEDIUM,2024-10-21T03:10:34,2024-10-21T03:26:07.996297,2024-10-21T04:17:03.633276,CLOSED,,EHR-PATIENT-DB-01,False
ALT-CSE-05-00894,CSE-05,MEDIUM,2024-12-24T09:50:41,2024-12-24T09:56:25.456632,2024-12-24T11:20:45.382552,CLOSED,,HOSPITAL-PACS-IMAGING,False
ALT-CSE-05-00895,CSE-05,MEDIUM,2024-12-09T14:15:44,2024-12-09T14:26:12.403904,2024-12-09T15:24:50.142211,CLOSED,,ICU-TELEMETRY-GW,False
ALT-CSE-05-00896,CSE-05,MEDIUM,2024-12-12T19:36:14,2024-12-12T19:43:40.950644,2024-12-12T20:27:47.388620,CLOSED,,HOSPITAL-PACS-IMAGING,False
ALT-CSE-05-00897,CSE-05,MEDIUM,2024-12-07T02:17:28,2024-12-07T02:34:12.524310,2024-12-07T03:22:57.622789,CLOSED,,ICU-TELEMETRY-GW,False
ALT-CSE-05-00898,CSE-05,MEDIUM,2024-10-12T03:59:34,2024-10-12T04:12:10.797196,2024-10-12T04:59:18.637621,CLOSED,,HOSPITAL-PACS-IMAGING,False
ALT-CSE-05-00899,CSE-05,LOW,2024-11-09T13:15:01,2024-11-09T13:32:34.746195,2024-11-09T14:03:34.607479,CLOSED,,EHR-PATIENT-DB-01,False
ALT-CSE-05-00900,CSE-05,MEDIUM,2024-10-19T18:01:21,2024-10-19T18:13:24.755763,2024-10-19T19:13:42.449879,CLOSED,,HOSPITAL-PACS-IMAGING,False
ALT-CSE-05-00901,CSE-05,CRITICAL,2024-12-22T08:25:05,2024-12-22T08:39:36.562265,2024-12-22T09:39:30.008687,CLOSED,CAS-CSE-05-0161,NURSE-STATION-EP-01,False
ALT-CSE-05-00902,CSE-05,MEDIUM,2024-11-27T16:50:36,2024-11-27T16:58:19.069979,2024-11-27T17:31:22.877195,CLOSED,CAS-CSE-05-0162,NURSE-STATION-EP-01,True
ALT-CSE-05-00903,CSE-05,MEDIUM,2024-11-16T23:21:35,2024-11-16T23:26:01.102207,2024-11-17T00:01:20.836267,CLOSED,,NURSE-STATION-EP-01,False
ALT-CSE-05-00904,CSE-05,CRITICAL,2024-10-07T08:18:20,2024-10-07T08:36:08.178523,2024-10-07T09:02:22.032948,CLOSED,,NURSE-STATION-EP-01,False
ALT-CSE-05-00905,CSE-05,CRITICAL,2024-11-16T00:27:45,2024-11-16T00:34:47.488599,2024-11-16T01:10:55.113970,CLOSED,CAS-CSE-05-0163,ICU-TELEMETRY-GW,False
ALT-CSE-05-00906,CSE-05,LOW,2024-10-03T08:00:31,2024-10-03T08:15:28.470592,2024-10-03T09:23:20.903569,CLOSED,,NURSE-STATION-EP-01,False
ALT-CSE-05-00907,CSE-05,CRITICAL,2024-11-04T07:50:51,2024-11-04T07:56:05.151840,2024-11-04T09:18:19.252298,CLOSED,,EHR-PATIENT-DB-01,False
ALT-CSE-05-00908,CSE-05,CRITICAL,2024-11-17T11:30:18,2024-11-17T11:47:12.317013,2024-11-17T12:16:43.983747,CLOSED,CAS-CSE-05-0164,NURSE-STATION-EP-01,False
ALT-CSE-05-00909,CSE-05,LOW,2024-10-16T14:31:56,2024-10-16T14:36:35.839220,2024-10-16T15:51:22.439219,CLOSED,CAS-CSE-05-0165,EHR-PATIENT-DB-01,True
ALT-CSE-05-00910,CSE-05,LOW,2024-12-06T06:24:12,2024-12-06T06:32:24.140218,2024-12-06T07:58:21.923562,CLOSED,,HOSPITAL-PACS-IMAGING,False
ALT-CSE-05-00911,CSE-05,LOW,2024-12-02T18:17:32,2024-12-02T18:27:55.040937,2024-12-02T19:48:56.200658,CLOSED,,ICU-TELEMETRY-GW,False
ALT-CSE-05-00912,CSE-05,MEDIUM,2024-11-28T06:34:42,2024-11-28T06:42:04.337021,2024-11-28T07:21:30.647659,CLOSED,,HOSPITAL-PACS-IMAGING,False
ALT-CSE-05-00913,CSE-05,LOW,2024-12-08T13:44:25,2024-12-08T13:52:38.224268,2024-12-08T14:49:41.947041,CLOSED,,EHR-PATIENT-DB-01,False
ALT-CSE-05-00914,CSE-05,MEDIUM,2024-12-18T18:15:01,2024-12-18T18:19:11.993570,2024-12-18T19:02:31.925240,CLOSED,,NURSE-STATION-EP-01,False
ALT-CSE-05-00915,CSE-05,MEDIUM,2024-10-30T23:51:17,2024-10-31T00:04:46.397846,2024-10-31T01:24:34.882502,CLOSED,,NURSE-STATION-EP-01,False
ALT-CSE-05-00916,CSE-05,CRITICAL,2024-11-15T17:26:21,2024-11-15T17:34:36.676405,2024-11-15T18:16:04.857863,CLOSED,CAS-CSE-05-0166,HOSPITAL-PACS-IMAGING,False
ALT-CSE-05-00917,CSE-05,MEDIUM,2024-11-19T21:17:56,2024-11-19T21:33:14.476576,2024-11-19T22:47:18.518488,CLOSED,,HOSPITAL-PACS-IMAGING,False
ALT-CSE-05-00918,CSE-05,MEDIUM,2024-10-29T13:20:46,2024-10-29T13:31:15.411993,2024-10-29T14:17:02.584865,CLOSED,,NURSE-STATION-EP-01,False
ALT-CSE-05-00919,CSE-05,MEDIUM,2024-12-09T17:55:56,2024-12-09T18:11:10.594221,2024-12-09T19:12:01.488789,CLOSED,,EHR-PATIENT-DB-01,False
ALT-CSE-05-00920,CSE-05,LOW,2024-11-26T23:48:08,2024-11-27T00:02:41.448835,2024-11-27T00:34:30.172903,CLOSED,,ICU-TELEMETRY-GW,False
ALT-CSE-05-00921,CSE-05,MEDIUM,2024-11-10T17:38:53,2024-11-10T17:55:32.491958,2024-11-10T18:48:56.865156,CLOSED,,EHR-PATIENT-DB-01,False
ALT-CSE-05-00922,CSE-05,MEDIUM,2024-10-22T21:53:58,2024-10-22T21:59:24.379308,2024-10-22T23:17:47.532011,CLOSED,,ICU-TELEMETRY-GW,False
ALT-CSE-05-00923,CSE-05,LOW,2024-11-03T06:09:19,2024-11-03T06:13:48.070120,2024-11-03T06:59:38.966064,CLOSED,,HOSPITAL-PACS-IMAGING,False
ALT-CSE-05-00924,CSE-05,MEDIUM,2024-11-18T12:27:31,2024-11-18T12:41:57.673520,2024-11-18T13:54:10.910615,CLOSED,,HOSPITAL-PACS-IMAGING,False
ALT-CSE-05-00925,CSE-05,CRITICAL,2024-10-16T08:03:27,2024-10-16T08:19:29.993532,2024-10-16T09:26:03.372808,CLOSED,CAS-CSE-05-0167,NURSE-STATION-EP-01,False
ALT-CSE-05-00926,CSE-05,MEDIUM,2024-12-24T06:28:23,2024-12-24T06:39:13.840590,2024-12-24T07:54:20.882936,CLOSED,CAS-CSE-05-0168,EHR-PATIENT-DB-01,False
ALT-CSE-05-00927,CSE-05,MEDIUM,2024-10-17T23:10:30,2024-10-17T23:23:04.149163,2024-10-18T00:39:29.027213,CLOSED,,EHR-PATIENT-DB-01,False
ALT-CSE-05-00928,CSE-05,LOW,2024-12-15T12:29:07,2024-12-15T12:40:36.432522,2024-12-15T13:45:44.544642,CLOSED,,NURSE-STATION-EP-01,False
ALT-CSE-05-00929,CSE-05,MEDIUM,2024-12-09T15:03:01,2024-12-09T15:11:16.263236,2024-12-09T16:00:03.171401,CLOSED,,ICU-TELEMETRY-GW,False
ALT-CSE-05-00930,CSE-05,MEDIUM,2024-10-28T03:45:17,2024-10-28T03:59:56.253389,2024-10-28T04:56:25.120383,CLOSED,,NURSE-STATION-EP-01,False
ALT-CSE-05-00931,CSE-05,MEDIUM,2024-11-30T08:36:20,2024-11-30T08:48:01.005690,2024-11-30T10:09:55.467783,CLOSED,,ICU-TELEMETRY-GW,False
ALT-CSE-05-00932,CSE-05,LOW,2024-11-23T03:55:33,2024-11-23T04:04:32.120668,2024-11-23T05:18:11.268790,CLOSED,,HOSPITAL-PACS-IMAGING,False
ALT-CSE-05-00933,CSE-05,LOW,2024-12-28T03:45:44,2024-12-28T04:00:49.014455,2024-12-28T05:15:33.803257,CLOSED,,NURSE-STATION-EP-01,False
ALT-CSE-05-00934,CSE-05,LOW,2024-12-20T09:05:39,2024-12-20T09:10:16.231421,2024-12-20T10:37:29.432859,CLOSED,,ICU-TELEMETRY-GW,False
ALT-CSE-05-00935,CSE-05,MEDIUM,2024-12-12T06:49:56,2024-12-12T07:02:09.323194,2024-12-12T07:44:20.907232,CLOSED,,HOSPITAL-PACS-IMAGING,False
ALT-CSE-05-00936,CSE-05,CRITICAL,2024-12-24T11:20:48,2024-12-24T11:37:14.173808,2024-12-24T12:39:54.422155,CLOSED,CAS-CSE-05-0169,NURSE-STATION-EP-01,False
ALT-CSE-05-00937,CSE-05,MEDIUM,2024-11-26T22:20:55,2024-11-26T22:37:13.837839,2024-11-26T23:14:30.937634,CLOSED,,ICU-TELEMETRY-GW,False
ALT-CSE-05-00938,CSE-05,LOW,2024-12-23T09:20:32,2024-12-23T09:25:48.150186,2024-12-23T09:59:15.065288,CLOSED,,ICU-TELEMETRY-GW,False
ALT-CSE-05-00939,CSE-05,CRITICAL,2024-11-13T09:34:03,2024-11-13T09:39:20.169843,2024-11-13T10:47:49.790224,CLOSED,CAS-CSE-05-0170,NURSE-STATION-EP-01,False
ALT-CSE-05-00940,CSE-05,MEDIUM,2024-11-26T09:15:20,2024-11-26T09:20:42.858438,2024-11-26T10:34:45.942572,CLOSED,,NURSE-STATION-EP-01,False
ALT-CSE-05-00941,CSE-05,MEDIUM,2024-11-30T18:55:22,2024-11-30T19:06:19.965735,2024-11-30T19:53:15.588141,CLOSED,,ICU-TELEMETRY-GW,False
ALT-CSE-05-00942,CSE-05,LOW,2024-10-15T04:31:01,2024-10-15T04:47:02.621873,2024-10-15T05:54:07.343285,CLOSED,,NURSE-STATION-EP-01,False
ALT-CSE-05-00943,CSE-05,LOW,2024-10-16T18:33:23,2024-10-16T18:49:52.122323,2024-10-16T19:17:19.270156,CLOSED,,EHR-PATIENT-DB-01,False
ALT-CSE-05-00944,CSE-05,LOW,2024-10-04T19:18:40,2024-10-04T19:27:00.899327,2024-10-04T20:39:28.076985,CLOSED,,EHR-PATIENT-DB-01,False
ALT-CSE-05-00945,CSE-05,MEDIUM,2024-10-29T23:23:52,2024-10-29T23:31:39.241733,2024-10-30T00:23:18.261261,CLOSED,,NURSE-STATION-EP-01,False
ALT-CSE-05-00946,CSE-05,CRITICAL,2024-12-27T14:43:52,2024-12-27T14:57:08.778311,2024-12-27T15:44:48.037786,CLOSED,,EHR-PATIENT-DB-01,False
ALT-CSE-05-00947,CSE-05,LOW,2024-11-28T19:20:11,2024-11-28T19:26:36.673303,2024-11-28T20:28:55.409811,CLOSED,,NURSE-STATION-EP-01,False
ALT-CSE-05-00948,CSE-05,MEDIUM,2024-10-16T17:15:00,2024-10-16T17:24:08.103502,2024-10-16T18:12:38.593867,CLOSED,,NURSE-STATION-EP-01,False
ALT-CSE-05-00949,CSE-05,MEDIUM,2024-10-08T15:10:40,2024-10-08T15:21:00.923560,2024-10-08T16:04:45.144526,CLOSED,,EHR-PATIENT-DB-01,False
ALT-CSE-05-00950,CSE-05,MEDIUM,2024-10-04T02:24:35,2024-10-04T02:35:47.216218,2024-10-04T03:21:43.655482,CLOSED,,ICU-TELEMETRY-GW,False
ALT-CSE-05-00951,CSE-05,CRITICAL,2024-10-08T18:56:31,2024-10-08T19:01:04.798787,2024-10-08T20:16:05.199358,CLOSED,CAS-CSE-05-0171,EHR-PATIENT-DB-01,False
ALT-CSE-05-00952,CSE-05,CRITICAL,2024-12-17T11:45:12,2024-12-17T11:52:45.022467,2024-12-17T12:35:32.446018,CLOSED,CAS-CSE-05-0172,ICU-TELEMETRY-GW,False
ALT-CSE-05-00953,CSE-05,MEDIUM,2024-12-04T09:05:15,2024-12-04T09:13:03.078449,2024-12-04T10:36:35.872840,CLOSED,,EHR-PATIENT-DB-01,False
ALT-CSE-05-00954,CSE-05,MEDIUM,2024-11-05T01:55:03,2024-11-05T02:11:07.529089,2024-11-05T03:19:31.436400,CLOSED,,EHR-PATIENT-DB-01,False
ALT-CSE-05-00955,CSE-05,MEDIUM,2024-12-19T01:32:02,2024-12-19T01:43:09.276208,2024-12-19T02:27:12.782903,CLOSED,,NURSE-STATION-EP-01,False
ALT-CSE-05-00956,CSE-05,CRITICAL,2024-12-19T21:20:46,2024-12-19T21:36:53.382936,2024-12-19T22:00:06.333030,CLOSED,CAS-CSE-05-0173,HOSPITAL-PACS-IMAGING,True
ALT-CSE-05-00957,CSE-05,MEDIUM,2024-12-09T05:48:01,2024-12-09T06:00:05.558091,2024-12-09T06:40:47.330399,CLOSED,CAS-CSE-05-0174,HOSPITAL-PACS-IMAGING,True
ALT-CSE-05-00958,CSE-05,LOW,2024-11-29T13:17:46,2024-11-29T13:35:12.260643,2024-11-29T14:44:49.662391,CLOSED,,HOSPITAL-PACS-IMAGING,False
ALT-CSE-05-00959,CSE-05,CRITICAL,2024-11-19T09:35:38,2024-11-19T09:47:25.436889,2024-11-19T10:51:03.586588,CLOSED,CAS-CSE-05-0175,HOSPITAL-PACS-IMAGING,False
ALT-CSE-05-00960,CSE-05,MEDIUM,2024-11-29T20:52:45,2024-11-29T21:04:15.647727,2024-11-29T22:09:47.329116,CLOSED,,NURSE-STATION-EP-01,False
ALT-CSE-05-00961,CSE-05,MEDIUM,2024-11-16T01:05:50,2024-11-16T01:23:25.672279,2024-11-16T02:20:47.819153,CLOSED,,ICU-TELEMETRY-GW,False
ALT-CSE-05-00962,CSE-05,MEDIUM,2024-12-01T23:28:25,2024-12-01T23:42:43.331024,2024-12-02T00:35:02.639080,CLOSED,,ICU-TELEMETRY-GW,False
ALT-CSE-05-00963,CSE-05,MEDIUM,2024-11-13T02:16:33,2024-11-13T02:22:37.646653,2024-11-13T03:10:30.764335,CLOSED,,ICU-TELEMETRY-GW,False
ALT-CSE-05-00964,CSE-05,MEDIUM,2024-12-23T19:27:43,2024-12-23T19:32:28.724355,2024-12-23T20:20:03.159162,CLOSED,,NURSE-STATION-EP-01,False
ALT-CSE-05-00965,CSE-05,LOW,2024-11-04T14:41:55,2024-11-04T14:57:26.058044,2024-11-04T15:53:35.950660,CLOSED,,NURSE-STATION-EP-01,False
ALT-CSE-05-00966,CSE-05,LOW,2024-11-22T14:06:33,2024-11-22T14:21:14.517506,2024-11-22T14:50:18.012439,CLOSED,,HOSPITAL-PACS-IMAGING,False
ALT-CSE-05-00967,CSE-05,CRITICAL,2024-10-12T00:51:22,2024-10-12T00:59:39.227557,2024-10-12T01:32:21.072913,CLOSED,CAS-CSE-05-0176,ICU-TELEMETRY-GW,False
ALT-CSE-05-00968,CSE-05,MEDIUM,2024-12-21T04:02:25,2024-12-21T04:12:36.779279,2024-12-21T04:46:32.003705,CLOSED,,ICU-TELEMETRY-GW,False
ALT-CSE-05-00969,CSE-05,MEDIUM,2024-10-29T11:01:06,2024-10-29T11:08:41.836113,2024-10-29T12:24:23.779579,CLOSED,,EHR-PATIENT-DB-01,False
ALT-CSE-05-00970,CSE-05,LOW,2024-10-12T17:18:34,2024-10-12T17:25:00.433160,2024-10-12T18:02:16.236823,CLOSED,,EHR-PATIENT-DB-01,False
ALT-CSE-05-00971,CSE-05,MEDIUM,2024-11-02T20:17:02,2024-11-02T20:24:01.811820,2024-11-02T20:52:45.032448,CLOSED,CAS-CSE-05-0177,ICU-TELEMETRY-GW,False
ALT-CSE-05-00972,CSE-05,LOW,2024-10-28T15:33:09,2024-10-28T15:49:05.644034,2024-10-28T16:46:31.756208,CLOSED,,HOSPITAL-PACS-IMAGING,False
ALT-CSE-05-00973,CSE-05,MEDIUM,2024-12-28T07:35:05,2024-12-28T07:43:49.928268,2024-12-28T08:21:57.258074,CLOSED,,HOSPITAL-PACS-IMAGING,False
ALT-CSE-05-00974,CSE-05,MEDIUM,2024-11-22T07:37:32,2024-11-22T07:47:48.318992,2024-11-22T08:33:59.617862,CLOSED,,EHR-PATIENT-DB-01,False
ALT-CSE-05-00975,CSE-05,CRITICAL,2024-11-15T11:02:09,2024-11-15T11:16:31.884526,2024-11-15T12:29:07.279856,CLOSED,,HOSPITAL-PACS-IMAGING,False
ALT-CSE-05-00976,CSE-05,MEDIUM,2024-10-23T07:28:33,2024-10-23T07:33:17.204556,2024-10-23T08:37:50.561097,CLOSED,,ICU-TELEMETRY-GW,False
ALT-CSE-05-00977,CSE-05,LOW,2024-10-20T02:51:00,2024-10-20T03:06:42.054970,2024-10-20T04:13:35.491646,CLOSED,,EHR-PATIENT-DB-01,False
ALT-CSE-05-00978,CSE-05,MEDIUM,2024-12-28T01:39:27,2024-12-28T01:52:46.292471,2024-12-28T02:45:31.765232,CLOSED,,ICU-TELEMETRY-GW,False
ALT-CSE-05-00979,CSE-05,MEDIUM,2024-12-15T21:56:54,2024-12-15T22:01:34.921780,2024-12-15T23:02:13.255482,CLOSED,,NURSE-STATION-EP-01,False
ALT-CSE-05-00980,CSE-05,MEDIUM,2024-12-02T00:28:40,2024-12-02T00:36:40.770283,2024-12-02T02:03:19.508604,CLOSED,CAS-CSE-05-0178,NURSE-STATION-EP-01,False
ALT-CSE-05-00981,CSE-05,CRITICAL,2024-10-09T14:17:29,2024-10-09T14:34:44.806115,2024-10-09T15:05:53.444551,CLOSED,,HOSPITAL-PACS-IMAGING,False
ALT-CSE-05-00982,CSE-05,MEDIUM,2024-12-21T14:26:33,2024-12-21T14:31:24.602547,2024-12-21T15:04:48.699098,CLOSED,,ICU-TELEMETRY-GW,False
ALT-CSE-05-00983,CSE-05,MEDIUM,2024-12-26T09:17:53,2024-12-26T09:30:33.307362,2024-12-26T09:53:26.137557,CLOSED,,EHR-PATIENT-DB-01,False
ALT-CSE-05-00984,CSE-05,LOW,2024-12-06T19:53:15,2024-12-06T20:00:27.405054,2024-12-06T21:08:06.941138,CLOSED,,HOSPITAL-PACS-IMAGING,False
ALT-CSE-05-00985,CSE-05,LOW,2024-10-22T23:35:52,2024-10-22T23:45:12.687542,2024-10-23T00:24:23.872779,CLOSED,,NURSE-STATION-EP-01,False
ALT-CSE-05-00986,CSE-05,MEDIUM,2024-10-23T21:10:13,2024-10-23T21:20:35.991810,2024-10-23T21:47:48.894761,CLOSED,,HOSPITAL-PACS-IMAGING,False
ALT-CSE-05-00987,CSE-05,MEDIUM,2024-10-13T11:22:56,2024-10-13T11:36:06.510115,2024-10-13T12:22:54.285684,CLOSED,,ICU-TELEMETRY-GW,False
ALT-CSE-05-00988,CSE-05,MEDIUM,2024-11-06T13:43:09,2024-11-06T13:59:10.938353,2024-11-06T14:19:45.950709,CLOSED,,EHR-PATIENT-DB-01,False
ALT-CSE-05-00989,CSE-05,LOW,2024-11-12T13:17:22,2024-11-12T13:30:18.837465,2024-11-12T13:53:13.536799,CLOSED,,EHR-PATIENT-DB-01,False
ALT-CSE-05-00990,CSE-05,LOW,2024-12-14T14:02:49,2024-12-14T14:11:26.756272,2024-12-14T15:30:35.289338,CLOSED,,HOSPITAL-PACS-IMAGING,False
ALT-CSE-05-00991,CSE-05,MEDIUM,2024-10-14T03:20:02,2024-10-14T03:36:10.673302,2024-10-14T04:21:05.436433,CLOSED,,ICU-TELEMETRY-GW,False
ALT-CSE-05-00992,CSE-05,CRITICAL,2024-11-25T23:13:50,2024-11-25T23:23:32.662893,2024-11-25T23:56:45.145736,CLOSED,CAS-CSE-05-0179,NURSE-STATION-EP-01,False
ALT-CSE-05-00993,CSE-05,MEDIUM,2024-10-27T08:32:39,2024-10-27T08:43:17.851550,2024-10-27T09:19:15.141466,CLOSED,,EHR-PATIENT-DB-01,False
ALT-CSE-05-00994,CSE-05,MEDIUM,2024-10-16T11:04:03,2024-10-16T11:16:26.734717,2024-10-16T12:21:04.739605,CLOSED,,NURSE-STATION-EP-01,False
ALT-CSE-05-00995,CSE-05,LOW,2024-11-06T17:41:59,2024-11-06T17:48:31.013248,2024-11-06T19:07:51.031302,CLOSED,,EHR-PATIENT-DB-01,False
ALT-CSE-05-00996,CSE-05,LOW,2024-12-04T09:35:11,2024-12-04T09:46:27.089396,2024-12-04T11:06:18.939348,CLOSED,,NURSE-STATION-EP-01,False
ALT-CSE-05-00997,CSE-05,MEDIUM,2024-12-20T10:19:14,2024-12-20T10:28:33.035395,2024-12-20T11:44:34.012144,CLOSED,,EHR-PATIENT-DB-01,False
ALT-CSE-05-00998,CSE-05,CRITICAL,2024-11-26T10:37:19,2024-11-26T10:53:21.214098,2024-11-26T11:53:08.660758,CLOSED,CAS-CSE-05-0180,ICU-TELEMETRY-GW,True
ALT-CSE-05-00999,CSE-05,CRITICAL,2024-12-29T20:30:29,2024-12-29T20:40:49.557350,2024-12-29T21:29:21.303530,CLOSED,CAS-CSE-05-0181,EHR-PATIENT-DB-01,False
ALT-CSE-05-01000,CSE-05,MEDIUM,2024-11-05T23:51:20,2024-11-06T00:01:21.093542,2024-11-06T01:19:01.297924,CLOSED,,EHR-PATIENT-DB-01,False
ALT-CSE-05-01001,CSE-05,LOW,2024-11-29T12:52:04,2024-11-29T12:57:02.186458,2024-11-29T13:59:41.246828,CLOSED,,EHR-PATIENT-DB-01,False
ALT-CSE-05-01002,CSE-05,MEDIUM,2024-10-02T15:15:35,2024-10-02T15:32:13.628726,2024-10-02T16:04:42.601513,CLOSED,,NURSE-STATION-EP-01,False
ALT-CSE-05-01003,CSE-05,MEDIUM,2024-11-01T18:48:12,2024-11-01T19:05:29.341519,2024-11-01T19:25:38.203529,CLOSED,,NURSE-STATION-EP-01,False
ALT-CSE-05-01004,CSE-05,MEDIUM,2024-11-17T12:46:08,2024-11-17T12:56:30.629710,2024-11-17T13:57:46.057085,CLOSED,,ICU-TELEMETRY-GW,False
ALT-CSE-05-01005,CSE-05,CRITICAL,2024-11-03T15:48:24,2024-11-03T16:04:49.400915,2024-11-03T17:15:40.609034,CLOSED,CAS-CSE-05-0182,HOSPITAL-PACS-IMAGING,False
ALT-CSE-05-01006,CSE-05,MEDIUM,2024-11-02T15:59:03,2024-11-02T16:10:13.664021,2024-11-02T17:05:18.839120,CLOSED,,NURSE-STATION-EP-01,False
ALT-CSE-05-01007,CSE-05,LOW,2024-12-03T14:06:21,2024-12-03T14:12:56.498432,2024-12-03T15:09:54.997953,CLOSED,,ICU-TELEMETRY-GW,False
ALT-CSE-05-01008,CSE-05,MEDIUM,2024-12-17T17:22:06,2024-12-17T17:32:39.018957,2024-12-17T18:49:12.813246,CLOSED,,ICU-TELEMETRY-GW,False
ALT-CSE-05-01009,CSE-05,MEDIUM,2024-10-10T23:35:07,2024-10-10T23:49:44.108448,2024-10-11T00:18:56.149885,CLOSED,,EHR-PATIENT-DB-01,False
ALT-CSE-05-01010,CSE-05,CRITICAL,2024-12-09T08:36:39,2024-12-09T08:46:32.951211,2024-12-09T09:58:28.166896,CLOSED,,NURSE-STATION-EP-01,False
ALT-CSE-05-01011,CSE-05,MEDIUM,2024-10-11T22:50:20,2024-10-11T22:55:41.028815,2024-10-12T00:19:34.425297,CLOSED,,NURSE-STATION-EP-01,False
ALT-CSE-05-01012,CSE-05,MEDIUM,2024-11-22T09:33:13,2024-11-22T09:43:32.792989,2024-11-22T10:18:42.817037,CLOSED,,NURSE-STATION-EP-01,False
ALT-CSE-05-01013,CSE-05,LOW,2024-10-20T09:08:45,2024-10-20T09:20:36.957072,2024-10-20T09:52:53.594638,CLOSED,,ICU-TELEMETRY-GW,False
ALT-CSE-05-01014,CSE-05,MEDIUM,2024-12-06T11:50:47,2024-12-06T12:03:02.197680,2024-12-06T12:47:38.704672,CLOSED,,EHR-PATIENT-DB-01,False
ALT-CSE-05-01015,CSE-05,CRITICAL,2024-12-12T00:15:30,2024-12-12T00:19:53.998972,2024-12-12T01:43:33.657706,CLOSED,,EHR-PATIENT-DB-01,False
ALT-CSE-05-01016,CSE-05,MEDIUM,2024-12-17T12:36:16,2024-12-17T12:48:09.139161,2024-12-17T14:05:01.529162,CLOSED,,HOSPITAL-PACS-IMAGING,False
ALT-CSE-05-01017,CSE-05,MEDIUM,2024-10-21T06:47:32,2024-10-21T06:54:19.343882,2024-10-21T07:32:42.883365,CLOSED,,HOSPITAL-PACS-IMAGING,False
ALT-CSE-05-01018,CSE-05,MEDIUM,2024-11-30T23:34:48,2024-11-30T23:48:37.873363,2024-12-01T00:57:29.241303,CLOSED,,EHR-PATIENT-DB-01,False
ALT-CSE-05-01019,CSE-05,LOW,2024-10-23T01:50:45,2024-10-23T02:05:56.743891,2024-10-23T02:35:17.613639,CLOSED,,ICU-TELEMETRY-GW,False
ALT-CSE-05-01020,CSE-05,MEDIUM,2024-12-21T03:33:10,2024-12-21T03:45:40.480045,2024-12-21T04:48:35.991613,CLOSED,,EHR-PATIENT-DB-01,False
ALT-CSE-05-01021,CSE-05,MEDIUM,2024-12-12T04:47:57,2024-12-12T05:03:04.581135,2024-12-12T05:54:50.929759,CLOSED,,EHR-PATIENT-DB-01,False
ALT-CSE-05-01022,CSE-05,LOW,2024-10-09T21:04:01,2024-10-09T21:12:35.405599,2024-10-09T21:51:18.031168,CLOSED,,EHR-PATIENT-DB-01,False
ALT-CSE-05-01023,CSE-05,LOW,2024-10-01T02:55:49,2024-10-01T03:03:04.957929,2024-10-01T04:06:59.944177,CLOSED,,ICU-TELEMETRY-GW,False
ALT-CSE-05-01024,CSE-05,LOW,2024-12-08T00:04:50,2024-12-08T00:22:35.158735,2024-12-08T00:51:12.043853,CLOSED,,EHR-PATIENT-DB-01,False
ALT-CSE-05-01025,CSE-05,MEDIUM,2024-10-31T02:01:58,2024-10-31T02:08:03.580744,2024-10-31T03:09:31.983972,CLOSED,,EHR-PATIENT-DB-01,False
ALT-CSE-05-01026,CSE-05,MEDIUM,2024-12-12T11:56:15,2024-12-12T12:02:32.234133,2024-12-12T12:48:37.454729,CLOSED,,NURSE-STATION-EP-01,False
ALT-CSE-05-01027,CSE-05,MEDIUM,2024-12-08T22:31:06,2024-12-08T22:43:08.512706,2024-12-08T23:48:15.354685,CLOSED,,HOSPITAL-PACS-IMAGING,False
ALT-CSE-05-01028,CSE-05,LOW,2024-12-14T11:14:19,2024-12-14T11:31:19.416692,2024-12-14T12:10:54.570693,CLOSED,,EHR-PATIENT-DB-01,False
ALT-CSE-05-01029,CSE-05,MEDIUM,2024-10-19T22:02:54,2024-10-19T22:12:28.945674,2024-10-19T22:58:57.857888,CLOSED,,EHR-PATIENT-DB-01,False
ALT-CSE-05-01030,CSE-05,MEDIUM,2024-11-16T09:51:54,2024-11-16T10:00:11.875336,2024-11-16T10:44:56.341651,CLOSED,,HOSPITAL-PACS-IMAGING,False
ALT-CSE-05-01031,CSE-05,MEDIUM,2024-12-01T17:35:43,2024-12-01T17:43:09.554610,2024-12-01T18:39:11.921119,CLOSED,,NURSE-STATION-EP-01,False
ALT-CSE-05-01032,CSE-05,CRITICAL,2024-12-23T07:38:09,2024-12-23T07:45:30.967113,2024-12-23T08:16:46.181029,CLOSED,CAS-CSE-05-0183,EHR-PATIENT-DB-01,False
ALT-CSE-05-01033,CSE-05,LOW,2024-11-14T03:53:52,2024-11-14T04:07:55.958539,2024-11-14T04:45:06.431938,CLOSED,,NURSE-STATION-EP-01,False
ALT-CSE-05-01034,CSE-05,LOW,2024-10-03T11:55:03,2024-10-03T12:12:17.906563,2024-10-03T13:03:33.296996,CLOSED,,NURSE-STATION-EP-01,False
ALT-CSE-05-01035,CSE-05,LOW,2024-10-25T07:37:28,2024-10-25T07:55:26.369809,2024-10-25T08:51:26.726342,CLOSED,,EHR-PATIENT-DB-01,False
ALT-CSE-05-01036,CSE-05,MEDIUM,2024-11-12T20:24:54,2024-11-12T20:36:36.061632,2024-11-12T21:28:57.454244,CLOSED,,EHR-PATIENT-DB-01,False
ALT-CSE-05-01037,CSE-05,LOW,2024-12-06T17:11:20,2024-12-06T17:28:56.774039,2024-12-06T18:25:44.540743,CLOSED,,EHR-PATIENT-DB-01,False
ALT-CSE-05-01038,CSE-05,LOW,2024-12-12T03:49:23,2024-12-12T04:04:42.062153,2024-12-12T04:39:32.660619,CLOSED,,NURSE-STATION-EP-01,False
ALT-CSE-05-01039,CSE-05,MEDIUM,2024-10-08T01:23:39,2024-10-08T01:37:02.627126,2024-10-08T02:47:05.722001,CLOSED,,HOSPITAL-PACS-IMAGING,False
ALT-CSE-05-01040,CSE-05,LOW,2024-10-13T20:51:02,2024-10-13T21:00:09.196405,2024-10-13T21:28:41.085617,CLOSED,,NURSE-STATION-EP-01,False
ALT-CSE-05-01041,CSE-05,MEDIUM,2024-11-18T20:37:18,2024-11-18T20:48:57.115745,2024-11-18T21:45:50.944046,CLOSED,,NURSE-STATION-EP-01,False
ALT-CSE-05-01042,CSE-05,LOW,2024-12-19T11:00:38,2024-12-19T11:11:18.655742,2024-12-19T12:15:32.564695,CLOSED,,NURSE-STATION-EP-01,False
ALT-CSE-05-01043,CSE-05,MEDIUM,2024-10-22T00:54:06,2024-10-22T01:10:27.608801,2024-10-22T01:52:04.378714,CLOSED,,NURSE-STATION-EP-01,False
ALT-CSE-05-01044,CSE-05,MEDIUM,2024-10-05T03:33:12,2024-10-05T03:43:13.981139,2024-10-05T04:30:58.957699,CLOSED,,HOSPITAL-PACS-IMAGING,False
ALT-CSE-05-01045,CSE-05,MEDIUM,2024-11-02T17:29:37,2024-11-02T17:44:36.530864,2024-11-02T18:08:11.750481,CLOSED,,ICU-TELEMETRY-GW,False
ALT-CSE-05-01046,CSE-05,MEDIUM,2024-10-15T11:03:15,2024-10-15T11:19:36.259429,2024-10-15T11:47:14.059593,CLOSED,,ICU-TELEMETRY-GW,False
ALT-CSE-05-01047,CSE-05,LOW,2024-11-09T20:46:13,2024-11-09T21:01:26.186303,2024-11-09T21:54:50.035896,CLOSED,,ICU-TELEMETRY-GW,False
ALT-CSE-05-01048,CSE-05,MEDIUM,2024-11-30T09:17:06,2024-11-30T09:25:23.578797,2024-11-30T09:58:08.953351,CLOSED,,HOSPITAL-PACS-IMAGING,False
ALT-CSE-05-01049,CSE-05,MEDIUM,2024-11-06T00:51:27,2024-11-06T01:07:25.120703,2024-11-06T02:18:12.510148,CLOSED,,NURSE-STATION-EP-01,False
ALT-CSE-05-01050,CSE-05,LOW,2024-10-31T21:13:53,2024-10-31T21:28:47.741771,2024-10-31T22:10:57.631574,CLOSED,,ICU-TELEMETRY-GW,False
ALT-CSE-05-01051,CSE-05,CRITICAL,2024-11-03T20:52:28,2024-11-03T21:02:37.799368,2024-11-03T22:03:00.458598,CLOSED,CAS-CSE-05-0184,ICU-TELEMETRY-GW,False
ALT-CSE-05-01052,CSE-05,LOW,2024-11-04T10:55:57,2024-11-04T11:13:32.593171,2024-11-04T11:57:18.480195,CLOSED,,EHR-PATIENT-DB-01,False
ALT-CSE-05-01053,CSE-05,MEDIUM,2024-11-01T05:05:30,2024-11-01T05:13:21.648100,2024-11-01T06:38:28.984987,CLOSED,,NURSE-STATION-EP-01,False
ALT-CSE-05-01054,CSE-05,LOW,2024-10-30T02:33:11,2024-10-30T02:50:41.661801,2024-10-30T03:43:10.384716,CLOSED,,NURSE-STATION-EP-01,False
ALT-CSE-05-01055,CSE-05,MEDIUM,2024-12-07T07:21:13,2024-12-07T07:33:00.726936,2024-12-07T08:49:42.986464,CLOSED,,NURSE-STATION-EP-01,False
ALT-CSE-05-01056,CSE-05,MEDIUM,2024-12-15T18:16:19,2024-12-15T18:23:09.650444,2024-12-15T19:36:46.613502,CLOSED,,HOSPITAL-PACS-IMAGING,False
ALT-CSE-05-01057,CSE-05,LOW,2024-10-10T12:56:23,2024-10-10T13:06:23.372393,2024-10-10T14:00:30.526956,CLOSED,,NURSE-STATION-EP-01,False
ALT-CSE-05-01058,CSE-05,LOW,2024-11-08T12:32:41,2024-11-08T12:47:06.860296,2024-11-08T13:57:47.532533,CLOSED,,HOSPITAL-PACS-IMAGING,False
ALT-CSE-05-01059,CSE-05,MEDIUM,2024-11-08T15:31:41,2024-11-08T15:46:16.766253,2024-11-08T16:49:42.751388,CLOSED,,EHR-PATIENT-DB-01,False
ALT-CSE-05-01060,CSE-05,LOW,2024-12-15T09:39:23,2024-12-15T09:50:44.211169,2024-12-15T10:22:51.335517,CLOSED,,HOSPITAL-PACS-IMAGING,False
ALT-CSE-05-01061,CSE-05,MEDIUM,2024-11-17T13:21:37,2024-11-17T13:37:00.790491,2024-11-17T14:53:00.452299,CLOSED,CAS-CSE-05-0185,NURSE-STATION-EP-01,False
ALT-CSE-05-01062,CSE-05,LOW,2024-11-07T02:30:20,2024-11-07T02:40:11.073717,2024-11-07T03:32:45.830500,CLOSED,,EHR-PATIENT-DB-01,False
ALT-CSE-05-01063,CSE-05,MEDIUM,2024-12-07T01:13:18,2024-12-07T01:29:17.070709,2024-12-07T01:55:00.965202,CLOSED,,EHR-PATIENT-DB-01,False
ALT-CSE-05-01064,CSE-05,MEDIUM,2024-10-03T03:04:29,2024-10-03T03:21:48.042867,2024-10-03T04:27:15.701805,CLOSED,,HOSPITAL-PACS-IMAGING,False
ALT-CSE-05-01065,CSE-05,CRITICAL,2024-12-19T23:13:37,2024-12-19T23:28:15.461804,2024-12-19T23:56:44.551953,CLOSED,,HOSPITAL-PACS-IMAGING,False
ALT-CSE-05-01066,CSE-05,CRITICAL,2024-12-17T11:25:24,2024-12-17T11:29:46.544672,2024-12-17T12:02:18.196316,CLOSED,CAS-CSE-05-0186,NURSE-STATION-EP-01,False
ALT-CSE-05-01067,CSE-05,MEDIUM,2024-10-15T14:14:56,2024-10-15T14:30:19.467627,2024-10-15T15:03:24.095880,CLOSED,,NURSE-STATION-EP-01,False
ALT-CSE-05-01068,CSE-05,LOW,2024-12-03T21:56:40,2024-12-03T22:12:06.071281,2024-12-03T22:50:47.570565,CLOSED,,ICU-TELEMETRY-GW,False
ALT-CSE-05-01069,CSE-05,LOW,2024-10-06T16:08:59,2024-10-06T16:13:23.393666,2024-10-06T17:11:54.228533,CLOSED,,HOSPITAL-PACS-IMAGING,False
ALT-CSE-05-01070,CSE-05,MEDIUM,2024-11-26T06:02:20,2024-11-26T06:18:57.879662,2024-11-26T07:33:04.627211,CLOSED,,HOSPITAL-PACS-IMAGING,False
ALT-CSE-05-01071,CSE-05,LOW,2024-10-15T01:49:35,2024-10-15T01:59:03.542898,2024-10-15T03:21:11.543687,CLOSED,,EHR-PATIENT-DB-01,False
ALT-CSE-05-01072,CSE-05,LOW,2024-11-13T10:28:45,2024-11-13T10:44:03.981937,2024-11-13T12:02:40.598407,CLOSED,,EHR-PATIENT-DB-01,False
ALT-CSE-05-01073,CSE-05,LOW,2024-12-19T21:41:29,2024-12-19T21:54:41.015650,2024-12-19T22:22:00.437214,CLOSED,,EHR-PATIENT-DB-01,False
ALT-CSE-05-01074,CSE-05,LOW,2024-12-28T05:45:49,2024-12-28T05:53:44.377767,2024-12-28T06:48:15.163822,CLOSED,,HOSPITAL-PACS-IMAGING,False
ALT-CSE-05-01075,CSE-05,MEDIUM,2024-12-02T07:50:41,2024-12-02T07:55:17.689235,2024-12-02T08:30:54.774547,CLOSED,,HOSPITAL-PACS-IMAGING,False
ALT-CSE-05-01076,CSE-05,MEDIUM,2024-11-20T18:11:02,2024-11-20T18:22:08.100086,2024-11-20T19:39:36.172799,CLOSED,,EHR-PATIENT-DB-01,False
ALT-CSE-05-01077,CSE-05,LOW,2024-12-14T12:32:27,2024-12-14T12:46:53.913540,2024-12-14T13:52:44.661559,CLOSED,,ICU-TELEMETRY-GW,False
ALT-CSE-05-01078,CSE-05,LOW,2024-10-16T21:32:46,2024-10-16T21:41:20.736012,2024-10-16T22:52:46.759347,CLOSED,,EHR-PATIENT-DB-01,False
ALT-CSE-05-01079,CSE-05,MEDIUM,2024-11-11T17:30:33,2024-11-11T17:41:45.078034,2024-11-11T18:25:56.891760,CLOSED,,NURSE-STATION-EP-01,False
ALT-CSE-05-01080,CSE-05,MEDIUM,2024-11-12T23:42:56,2024-11-13T00:00:43.628892,2024-11-13T01:10:09.910182,CLOSED,,HOSPITAL-PACS-IMAGING,False
ALT-CSE-05-01081,CSE-05,CRITICAL,2024-11-06T09:20:35,2024-11-06T09:26:31.236592,2024-11-06T10:23:30.509701,CLOSED,CAS-CSE-05-0187,NURSE-STATION-EP-01,False
ALT-CSE-05-01082,CSE-05,MEDIUM,2024-12-02T13:28:24,2024-12-02T13:40:50.925274,2024-12-02T14:06:05.208974,CLOSED,,ICU-TELEMETRY-GW,False
ALT-CSE-05-01083,CSE-05,LOW,2024-12-08T11:08:52,2024-12-08T11:18:10.151603,2024-12-08T11:52:48.153239,CLOSED,,NURSE-STATION-EP-01,False
ALT-CSE-05-01084,CSE-05,MEDIUM,2024-12-15T22:35:51,2024-12-15T22:40:43.032150,2024-12-15T23:53:14.857105,CLOSED,,NURSE-STATION-EP-01,False
ALT-CSE-05-01085,CSE-05,CRITICAL,2024-12-01T19:50:13,2024-12-01T20:02:22.439244,2024-12-01T20:54:41.747280,CLOSED,,ICU-TELEMETRY-GW,False
ALT-CSE-05-01086,CSE-05,MEDIUM,2024-12-11T03:30:50,2024-12-11T03:41:45.224113,2024-12-11T04:26:57.594590,CLOSED,CAS-CSE-05-0188,ICU-TELEMETRY-GW,False
ALT-CSE-05-01087,CSE-05,MEDIUM,2024-12-09T10:14:43,2024-12-09T10:24:17.437934,2024-12-09T11:37:12.310256,CLOSED,,HOSPITAL-PACS-IMAGING,False
ALT-CSE-05-01088,CSE-05,LOW,2024-10-19T06:24:24,2024-10-19T06:30:08.242473,2024-10-19T07:09:20.361877,CLOSED,,NURSE-STATION-EP-01,False
ALT-CSE-05-01089,CSE-05,LOW,2024-12-05T03:55:25,2024-12-05T03:59:29.909124,2024-12-05T04:45:28.898571,CLOSED,,HOSPITAL-PACS-IMAGING,False
ALT-CSE-05-01090,CSE-05,MEDIUM,2024-10-28T13:50:08,2024-10-28T13:55:45.867014,2024-10-28T14:56:07.058149,CLOSED,,NURSE-STATION-EP-01,False
ALT-CSE-05-01091,CSE-05,MEDIUM,2024-10-23T04:07:30,2024-10-23T04:12:30.729780,2024-10-23T05:32:35.884008,CLOSED,,HOSPITAL-PACS-IMAGING,False
ALT-CSE-05-01092,CSE-05,MEDIUM,2024-12-14T21:41:31,2024-12-14T21:47:13.677235,2024-12-14T23:06:29.724818,CLOSED,,HOSPITAL-PACS-IMAGING,False
ALT-CSE-05-01093,CSE-05,MEDIUM,2024-12-12T14:20:32,2024-12-12T14:25:38.342240,2024-12-12T14:56:06.771693,CLOSED,,NURSE-STATION-EP-01,False
ALT-CSE-05-01094,CSE-05,MEDIUM,2024-11-24T23:41:50,2024-11-24T23:53:07.711898,2024-11-25T00:18:16.906964,CLOSED,,NURSE-STATION-EP-01,False
ALT-CSE-05-01095,CSE-05,LOW,2024-11-22T16:32:05,2024-11-22T16:47:21.830361,2024-11-22T17:17:04.385826,CLOSED,CAS-CSE-05-0189,ICU-TELEMETRY-GW,False
ALT-CSE-05-01096,CSE-05,LOW,2024-11-23T12:22:05,2024-11-23T12:28:02.226674,2024-11-23T13:51:55.777557,CLOSED,,HOSPITAL-PACS-IMAGING,False
ALT-CSE-05-01097,CSE-05,MEDIUM,2024-11-15T20:50:02,2024-11-15T21:05:04.629892,2024-11-15T21:30:16.627902,CLOSED,CAS-CSE-05-0190,HOSPITAL-PACS-IMAGING,False
ALT-CSE-05-01098,CSE-05,CRITICAL,2024-12-03T20:48:30,2024-12-03T20:55:28.302849,2024-12-03T22:19:40.638791,CLOSED,CAS-CSE-05-0191,ICU-TELEMETRY-GW,False
ALT-CSE-05-01099,CSE-05,CRITICAL,2024-11-30T01:20:55,2024-11-30T01:31:32.913229,2024-11-30T02:20:37.608381,CLOSED,,ICU-TELEMETRY-GW,False
ALT-CSE-05-01100,CSE-05,MEDIUM,2024-10-19T15:35:42,2024-10-19T15:52:17.792515,2024-10-19T16:15:49.473799,CLOSED,,HOSPITAL-PACS-IMAGING,False
ALT-CSE-05-01101,CSE-05,CRITICAL,2024-11-08T21:39:38,2024-11-08T21:47:58.171901,2024-11-08T22:28:38.081817,CLOSED,CAS-CSE-05-0192,HOSPITAL-PACS-IMAGING,False
ALT-CSE-05-01102,CSE-05,MEDIUM,2024-10-15T18:44:38,2024-10-15T19:01:51.530925,2024-10-15T19:20:24.150574,CLOSED,,HOSPITAL-PACS-IMAGING,False
ALT-CSE-05-01103,CSE-05,MEDIUM,2024-11-24T07:25:03,2024-11-24T07:42:26.267737,2024-11-24T08:54:36.555740,CLOSED,,NURSE-STATION-EP-01,False
ALT-CSE-05-01104,CSE-05,MEDIUM,2024-12-26T19:55:44,2024-12-26T20:03:44.406215,2024-12-26T21:23:35.871504,CLOSED,CAS-CSE-05-0193,HOSPITAL-PACS-IMAGING,False
ALT-CSE-05-01105,CSE-05,LOW,2024-10-14T07:22:25,2024-10-14T07:39:27.329424,2024-10-14T08:06:40.051815,CLOSED,,HOSPITAL-PACS-IMAGING,False
ALT-CSE-05-01106,CSE-05,MEDIUM,2024-10-29T10:45:44,2024-10-29T10:58:38.251871,2024-10-29T12:14:08.533364,CLOSED,,NURSE-STATION-EP-01,False
ALT-CSE-05-01107,CSE-05,LOW,2024-12-03T08:03:22,2024-12-03T08:16:06.008846,2024-12-03T09:16:59.186095,CLOSED,,HOSPITAL-PACS-IMAGING,False
ALT-CSE-05-01108,CSE-05,MEDIUM,2024-10-09T03:46:03,2024-10-09T03:51:23.947855,2024-10-09T05:06:43.897848,CLOSED,,EHR-PATIENT-DB-01,False
ALT-CSE-05-01109,CSE-05,MEDIUM,2024-12-10T10:03:56,2024-12-10T10:21:08.473707,2024-12-10T11:31:23.850887,CLOSED,,EHR-PATIENT-DB-01,False
ALT-CSE-05-01110,CSE-05,CRITICAL,2024-12-05T22:53:00,2024-12-05T22:57:03.945610,2024-12-05T23:56:26.096415,CLOSED,CAS-CSE-05-0194,EHR-PATIENT-DB-01,False
ALT-CSE-05-01111,CSE-05,LOW,2024-10-15T15:26:12,2024-10-15T15:30:41.520071,2024-10-15T16:41:01.744377,CLOSED,,EHR-PATIENT-DB-01,False
ALT-CSE-05-01112,CSE-05,LOW,2024-12-06T15:25:50,2024-12-06T15:42:31.856371,2024-12-06T16:53:34.218930,CLOSED,,ICU-TELEMETRY-GW,False
ALT-CSE-05-01113,CSE-05,LOW,2024-10-05T13:19:55,2024-10-05T13:34:12.805621,2024-10-05T14:17:11.423214,CLOSED,,EHR-PATIENT-DB-01,False
ALT-CSE-05-01114,CSE-05,LOW,2024-12-08T17:04:01,2024-12-08T17:16:11.375578,2024-12-08T17:39:19.571981,CLOSED,,ICU-TELEMETRY-GW,False
ALT-CSE-05-01115,CSE-05,MEDIUM,2024-12-03T15:01:07,2024-12-03T15:16:29.568036,2024-12-03T16:16:41.528435,CLOSED,,NURSE-STATION-EP-01,False
ALT-CSE-05-01116,CSE-05,LOW,2024-12-18T12:23:42,2024-12-18T12:38:25.543111,2024-12-18T13:56:08.564268,CLOSED,,ICU-TELEMETRY-GW,False
ALT-CSE-05-01117,CSE-05,CRITICAL,2024-12-22T19:21:21,2024-12-22T19:37:32.978114,2024-12-22T20:43:31.643222,CLOSED,CAS-CSE-05-0195,NURSE-STATION-EP-01,False
ALT-CSE-05-01118,CSE-05,LOW,2024-12-28T20:52:29,2024-12-28T20:58:48.569141,2024-12-28T22:19:32.347674,CLOSED,,EHR-PATIENT-DB-01,False
ALT-CSE-05-01119,CSE-05,MEDIUM,2024-11-22T11:52:32,2024-11-22T11:59:29.053496,2024-11-22T13:04:50.057006,CLOSED,,HOSPITAL-PACS-IMAGING,False
ALT-CSE-05-01120,CSE-05,MEDIUM,2024-10-13T09:32:19,2024-10-13T09:45:38.287985,2024-10-13T10:13:13.437209,CLOSED,,EHR-PATIENT-DB-01,False
ALT-CSE-05-01121,CSE-05,LOW,2024-10-02T23:20:58,2024-10-02T23:32:40.252728,2024-10-03T00:20:22.169772,CLOSED,,HOSPITAL-PACS-IMAGING,False
ALT-CSE-05-01122,CSE-05,CRITICAL,2024-11-25T06:41:11,2024-11-25T06:45:22.532694,2024-11-25T07:18:29.506380,CLOSED,CAS-CSE-05-0196,HOSPITAL-PACS-IMAGING,False
ALT-CSE-05-01123,CSE-05,MEDIUM,2024-11-08T21:07:27,2024-11-08T21:14:26.362480,2024-11-08T21:59:05.841179,CLOSED,,EHR-PATIENT-DB-01,False
ALT-CSE-05-01124,CSE-05,LOW,2024-11-07T17:01:38,2024-11-07T17:16:50.189574,2024-11-07T18:25:12.500485,CLOSED,,HOSPITAL-PACS-IMAGING,False
ALT-CSE-05-01125,CSE-05,LOW,2024-10-20T15:28:26,2024-10-20T15:38:23.289321,2024-10-20T17:01:09.830847,CLOSED,,ICU-TELEMETRY-GW,False
ALT-CSE-05-01126,CSE-05,MEDIUM,2024-12-21T22:10:30,2024-12-21T22:21:52.795917,2024-12-21T23:12:59.190331,CLOSED,,EHR-PATIENT-DB-01,False
ALT-CSE-05-01127,CSE-05,MEDIUM,2024-10-05T09:26:38,2024-10-05T09:32:56.166649,2024-10-05T10:57:28.810785,CLOSED,,EHR-PATIENT-DB-01,False
ALT-CSE-05-01128,CSE-05,CRITICAL,2024-11-09T02:35:21,2024-11-09T02:42:39.409581,2024-11-09T03:59:12.583957,CLOSED,CAS-CSE-05-0197,NURSE-STATION-EP-01,False
ALT-CSE-05-01129,CSE-05,MEDIUM,2024-12-16T15:17:30,2024-12-16T15:26:44.220326,2024-12-16T16:02:00.815856,CLOSED,,EHR-PATIENT-DB-01,False
ALT-CSE-05-01130,CSE-05,CRITICAL,2024-11-08T23:16:36,2024-11-08T23:22:30.473590,2024-11-09T00:27:27.352081,CLOSED,CAS-CSE-05-0198,NURSE-STATION-EP-01,False
ALT-CSE-05-01131,CSE-05,LOW,2024-11-21T14:53:40,2024-11-21T15:00:23.078116,2024-11-21T16:28:00.135782,CLOSED,,ICU-TELEMETRY-GW,False
ALT-CSE-05-01132,CSE-05,LOW,2024-10-01T15:41:05,2024-10-01T15:52:45.038783,2024-10-01T16:56:49.131752,CLOSED,CAS-CSE-05-0199,NURSE-STATION-EP-01,False
ALT-CSE-05-01133,CSE-05,CRITICAL,2024-11-13T12:30:20,2024-11-13T12:39:56.909747,2024-11-13T13:07:51.291260,CLOSED,CAS-CSE-05-0200,NURSE-STATION-EP-01,False
ALT-CSE-05-01134,CSE-05,CRITICAL,2024-10-03T12:55:56,2024-10-03T13:02:37.625878,2024-10-03T13:55:30.741309,CLOSED,,ICU-TELEMETRY-GW,False
ALT-CSE-05-01135,CSE-05,MEDIUM,2024-11-13T15:37:20,2024-11-13T15:54:51.806867,2024-11-13T17:02:54.356064,CLOSED,,HOSPITAL-PACS-IMAGING,False
ALT-CSE-05-01136,CSE-05,MEDIUM,2024-11-20T00:20:36,2024-11-20T00:35:48.619648,2024-11-20T01:21:30.312469,CLOSED,,NURSE-STATION-EP-01,False
ALT-CSE-05-01137,CSE-05,LOW,2024-10-25T16:28:21,2024-10-25T16:39:06.430103,2024-10-25T17:29:57.332148,CLOSED,,HOSPITAL-PACS-IMAGING,False
ALT-CSE-05-01138,CSE-05,MEDIUM,2024-11-02T04:16:35,2024-11-02T04:29:17.519703,2024-11-02T05:26:31.638892,CLOSED,,NURSE-STATION-EP-01,False
ALT-CSE-05-01139,CSE-05,MEDIUM,2024-11-10T18:49:39,2024-11-10T18:55:29.323275,2024-11-10T19:28:11.781662,CLOSED,,HOSPITAL-PACS-IMAGING,False
ALT-CSE-05-01140,CSE-05,CRITICAL,2024-11-16T23:04:22,2024-11-16T23:10:19.617490,2024-11-16T23:47:15.003060,CLOSED,CAS-CSE-05-0201,ICU-TELEMETRY-GW,False
ALT-CSE-05-01141,CSE-05,MEDIUM,2024-10-21T11:41:55,2024-10-21T11:54:13.422976,2024-10-21T12:52:34.569887,CLOSED,,NURSE-STATION-EP-01,False
ALT-CSE-05-01142,CSE-05,CRITICAL,2024-12-03T06:11:19,2024-12-03T06:24:53.026990,2024-12-03T07:15:07.540794,CLOSED,CAS-CSE-05-0202,ICU-TELEMETRY-GW,False
ALT-CSE-05-01143,CSE-05,MEDIUM,2024-10-25T17:22:45,2024-10-25T17:40:20.657793,2024-10-25T18:51:27.916725,CLOSED,,ICU-TELEMETRY-GW,False
ALT-CSE-05-01144,CSE-05,MEDIUM,2024-10-19T02:09:37,2024-10-19T02:17:00.873840,2024-10-19T02:50:52.815484,CLOSED,,NURSE-STATION-EP-01,False
ALT-CSE-05-01145,CSE-05,LOW,2024-11-29T08:00:19,2024-11-29T08:14:04.652230,2024-11-29T08:41:00.395966,CLOSED,,NURSE-STATION-EP-01,False
ALT-CSE-05-01146,CSE-05,MEDIUM,2024-12-09T10:55:48,2024-12-09T11:04:39.989687,2024-12-09T11:42:20.767146,CLOSED,,NURSE-STATION-EP-01,False
ALT-CSE-05-01147,CSE-05,LOW,2024-10-30T01:38:25,2024-10-30T01:50:35.231925,2024-10-30T02:55:09.446532,CLOSED,,HOSPITAL-PACS-IMAGING,False
ALT-CSE-05-01148,CSE-05,MEDIUM,2024-11-17T16:22:44,2024-11-17T16:28:11.928778,2024-11-17T17:33:55.023865,CLOSED,,EHR-PATIENT-DB-01,False
ALT-CSE-05-01149,CSE-05,MEDIUM,2024-10-23T00:15:50,2024-10-23T00:29:03.668985,2024-10-23T01:49:37.522176,CLOSED,,EHR-PATIENT-DB-01,False
ALT-CSE-05-01150,CSE-05,LOW,2024-12-26T08:05:17,2024-12-26T08:15:07.511943,2024-12-26T09:19:14.014319,CLOSED,,HOSPITAL-PACS-IMAGING,False
ALT-CSE-05-01151,CSE-05,LOW,2024-10-31T16:18:35,2024-10-31T16:26:00.199343,2024-10-31T17:08:41.392655,CLOSED,,ICU-TELEMETRY-GW,False
ALT-CSE-05-01152,CSE-05,LOW,2024-10-22T23:32:20,2024-10-22T23:39:30.586296,2024-10-23T00:50:13.524800,CLOSED,,EHR-PATIENT-DB-01,False
ALT-CSE-05-01153,CSE-05,MEDIUM,2024-10-21T23:39:03,2024-10-21T23:47:06.372107,2024-10-22T00:33:06.500441,CLOSED,,NURSE-STATION-EP-01,False
ALT-CSE-05-01154,CSE-05,MEDIUM,2024-12-02T19:33:42,2024-12-02T19:51:07.742816,2024-12-02T20:29:07.357994,CLOSED,,NURSE-STATION-EP-01,False
ALT-CSE-05-01155,CSE-05,LOW,2024-12-08T01:47:52,2024-12-08T01:52:04.027011,2024-12-08T02:35:07.533413,CLOSED,,EHR-PATIENT-DB-01,False
ALT-CSE-05-01156,CSE-05,MEDIUM,2024-10-30T10:50:59,2024-10-30T11:06:58.759473,2024-10-30T11:49:10.524436,CLOSED,,NURSE-STATION-EP-01,False
ALT-CSE-05-01157,CSE-05,CRITICAL,2024-11-03T02:27:23,2024-11-03T02:43:17.599308,2024-11-03T03:06:58.082227,CLOSED,CAS-CSE-05-0203,ICU-TELEMETRY-GW,False
ALT-CSE-05-01158,CSE-05,MEDIUM,2024-11-05T14:11:24,2024-11-05T14:19:03.181659,2024-11-05T15:33:00.961959,CLOSED,,EHR-PATIENT-DB-01,False
ALT-CSE-05-01159,CSE-05,CRITICAL,2024-12-12T01:59:14,2024-12-12T02:15:14.418141,2024-12-12T03:21:01.794151,CLOSED,CAS-CSE-05-0204,ICU-TELEMETRY-GW,True
ALT-CSE-05-01160,CSE-05,LOW,2024-11-30T23:13:16,2024-11-30T23:26:28.082615,2024-12-01T00:04:38.554550,CLOSED,,HOSPITAL-PACS-IMAGING,False
ALT-CSE-05-01161,CSE-05,MEDIUM,2024-11-06T02:19:10,2024-11-06T02:31:19.575542,2024-11-06T03:39:36.191782,CLOSED,,EHR-PATIENT-DB-01,False
ALT-CSE-05-01162,CSE-05,LOW,2024-11-26T23:17:02,2024-11-26T23:28:43.252347,2024-11-27T00:12:31.701372,CLOSED,,EHR-PATIENT-DB-01,False
ALT-CSE-05-01163,CSE-05,LOW,2024-10-11T07:03:06,2024-10-11T07:13:47.879050,2024-10-11T07:51:02.239555,CLOSED,,EHR-PATIENT-DB-01,False
ALT-CSE-05-01164,CSE-05,LOW,2024-12-17T05:19:25,2024-12-17T05:36:55.181040,2024-12-17T06:23:54.688091,CLOSED,,HOSPITAL-PACS-IMAGING,False
ALT-CSE-05-01165,CSE-05,MEDIUM,2024-12-10T15:49:31,2024-12-10T15:53:43.566833,2024-12-10T16:58:16.367864,CLOSED,CAS-CSE-05-0205,NURSE-STATION-EP-01,False
ALT-CSE-05-01166,CSE-05,MEDIUM,2024-10-19T21:42:55,2024-10-19T21:48:15.940973,2024-10-19T22:24:46.853994,CLOSED,,NURSE-STATION-EP-01,False
ALT-CSE-05-01167,CSE-05,LOW,2024-11-10T13:52:47,2024-11-10T14:05:42.268685,2024-11-10T15:18:40.151159,CLOSED,,EHR-PATIENT-DB-01,False
ALT-CSE-05-01168,CSE-05,LOW,2024-10-08T17:19:29,2024-10-08T17:25:21.284840,2024-10-08T18:39:43.492400,CLOSED,,NURSE-STATION-EP-01,False
ALT-CSE-05-01169,CSE-05,LOW,2024-10-08T13:48:16,2024-10-08T14:00:19.045947,2024-10-08T14:46:49.971093,CLOSED,,ICU-TELEMETRY-GW,False
ALT-CSE-05-01170,CSE-05,CRITICAL,2024-10-04T18:14:34,2024-10-04T18:32:17.231536,2024-10-04T19:43:48.981759,CLOSED,CAS-CSE-05-0206,ICU-TELEMETRY-GW,False
ALT-CSE-05-01171,CSE-05,MEDIUM,2024-12-23T08:17:06,2024-12-23T08:32:08.581218,2024-12-23T08:52:29.122159,CLOSED,,NURSE-STATION-EP-01,False
ALT-CSE-05-01172,CSE-05,MEDIUM,2024-12-28T14:13:11,2024-12-28T14:24:36.925523,2024-12-28T15:21:23.425119,CLOSED,,HOSPITAL-PACS-IMAGING,False
ALT-CSE-05-01173,CSE-05,MEDIUM,2024-12-02T23:45:02,2024-12-02T23:58:19.169831,2024-12-03T01:15:52.476291,CLOSED,,NURSE-STATION-EP-01,False
ALT-CSE-05-01174,CSE-05,LOW,2024-12-13T12:35:32,2024-12-13T12:47:15.557620,2024-12-13T13:45:58.003506,CLOSED,,EHR-PATIENT-DB-01,False
ALT-CSE-05-01175,CSE-05,LOW,2024-11-23T18:15:07,2024-11-23T18:27:29.359562,2024-11-23T19:47:41.220731,CLOSED,,EHR-PATIENT-DB-01,False
ALT-CSE-05-01176,CSE-05,MEDIUM,2024-10-03T15:15:47,2024-10-03T15:22:36.147094,2024-10-03T16:28:25.954126,CLOSED,,ICU-TELEMETRY-GW,False
ALT-CSE-05-01177,CSE-05,LOW,2024-10-22T03:26:21,2024-10-22T03:40:32.711848,2024-10-22T04:27:07.724711,CLOSED,,NURSE-STATION-EP-01,False
ALT-CSE-05-01178,CSE-05,MEDIUM,2024-11-15T18:21:24,2024-11-15T18:34:18.549472,2024-11-15T19:20:34.120200,CLOSED,,HOSPITAL-PACS-IMAGING,False
ALT-CSE-05-01179,CSE-05,MEDIUM,2024-11-27T12:21:25,2024-11-27T12:38:26.966282,2024-11-27T13:16:02.554789,CLOSED,,ICU-TELEMETRY-GW,False
ALT-CSE-05-01180,CSE-05,MEDIUM,2024-12-03T07:49:51,2024-12-03T08:06:16.958683,2024-12-03T08:25:17.999542,CLOSED,,HOSPITAL-PACS-IMAGING,False
ALT-CSE-05-01181,CSE-05,MEDIUM,2024-11-01T04:18:49,2024-11-01T04:33:57.581216,2024-11-01T05:47:14.145611,CLOSED,,EHR-PATIENT-DB-01,False
ALT-CSE-05-01182,CSE-05,LOW,2024-12-15T03:25:04,2024-12-15T03:31:05.243189,2024-12-15T04:36:19.554507,CLOSED,,HOSPITAL-PACS-IMAGING,False
ALT-CSE-05-01183,CSE-05,LOW,2024-10-30T13:08:54,2024-10-30T13:21:31.343128,2024-10-30T14:23:56.046814,CLOSED,,HOSPITAL-PACS-IMAGING,False
ALT-CSE-05-01184,CSE-05,MEDIUM,2024-10-29T21:44:34,2024-10-29T21:56:50.818155,2024-10-29T23:12:47.676187,CLOSED,,NURSE-STATION-EP-01,False
ALT-CSE-05-01185,CSE-05,MEDIUM,2024-12-27T17:28:12,2024-12-27T17:37:30.614809,2024-12-27T18:23:59.433807,CLOSED,,NURSE-STATION-EP-01,False
ALT-CSE-05-01186,CSE-05,MEDIUM,2024-12-05T09:47:43,2024-12-05T09:55:33.708720,2024-12-05T10:56:37.463658,CLOSED,,HOSPITAL-PACS-IMAGING,False
ALT-CSE-05-01187,CSE-05,CRITICAL,2024-10-04T23:16:20,2024-10-04T23:27:35.860424,2024-10-05T00:21:34.202045,CLOSED,CAS-CSE-05-0207,EHR-PATIENT-DB-01,False
ALT-CSE-05-01188,CSE-05,CRITICAL,2024-12-20T17:45:33,2024-12-20T17:50:27.994789,2024-12-20T18:39:37.424232,CLOSED,CAS-CSE-05-0208,HOSPITAL-PACS-IMAGING,True
ALT-CSE-05-01189,CSE-05,MEDIUM,2024-12-21T01:04:41,2024-12-21T01:21:37.642889,2024-12-21T01:52:19.952651,CLOSED,,EHR-PATIENT-DB-01,False
ALT-CSE-05-01190,CSE-05,MEDIUM,2024-12-25T20:14:17,2024-12-25T20:31:53.799301,2024-12-25T21:17:04.294310,CLOSED,,HOSPITAL-PACS-IMAGING,False
ALT-CSE-05-01191,CSE-05,MEDIUM,2024-12-16T23:16:56,2024-12-16T23:30:12.889716,2024-12-17T00:30:09.712229,CLOSED,,NURSE-STATION-EP-01,False
ALT-CSE-05-01192,CSE-05,MEDIUM,2024-11-25T06:38:54,2024-11-25T06:51:42.777941,2024-11-25T07:16:44.493145,CLOSED,,HOSPITAL-PACS-IMAGING,False
ALT-CSE-05-01193,CSE-05,LOW,2024-10-19T11:09:54,2024-10-19T11:23:38.301159,2024-10-19T12:07:23.931592,CLOSED,,ICU-TELEMETRY-GW,False
ALT-CSE-05-01194,CSE-05,MEDIUM,2024-10-06T18:05:22,2024-10-06T18:13:35.804144,2024-10-06T19:04:01.579463,CLOSED,,NURSE-STATION-EP-01,False
ALT-CSE-05-01195,CSE-05,LOW,2024-11-28T18:37:16,2024-11-28T18:53:58.107565,2024-11-28T19:20:19.745713,CLOSED,,HOSPITAL-PACS-IMAGING,False
ALT-CSE-05-01196,CSE-05,LOW,2024-11-29T12:59:29,2024-11-29T13:17:20.141721,2024-11-29T14:03:28.733640,CLOSED,,EHR-PATIENT-DB-01,False
ALT-CSE-05-01197,CSE-05,LOW,2024-12-07T23:16:16,2024-12-07T23:27:26.289064,2024-12-08T00:19:09.506667,CLOSED,,ICU-TELEMETRY-GW,False
ALT-CSE-05-01198,CSE-05,LOW,2024-12-19T01:23:38,2024-12-19T01:40:58.780971,2024-12-19T02:53:59.167363,CLOSED,,NURSE-STATION-EP-01,False
ALT-CSE-05-01199,CSE-05,MEDIUM,2024-11-20T01:25:22,2024-11-20T01:30:03.412275,2024-11-20T02:24:26.460225,CLOSED,,HOSPITAL-PACS-IMAGING,False
ALT-CSE-05-01200,CSE-05,CRITICAL,2024-11-20T03:01:29,2024-11-20T03:13:21.307602,2024-11-20T03:58:06.786697,CLOSED,CAS-CSE-05-0209,NURSE-STATION-EP-01,False
ALT-CSE-05-01201,CSE-05,LOW,2024-11-13T15:14:40,2024-11-13T15:21:33.573624,2024-11-13T16:04:51.592020,CLOSED,,EHR-PATIENT-DB-01,False
ALT-CSE-05-01202,CSE-05,CRITICAL,2024-11-06T00:41:19,2024-11-06T00:48:16.526919,2024-11-06T01:37:11.776865,CLOSED,CAS-CSE-05-0210,ICU-TELEMETRY-GW,False
ALT-CSE-05-01203,CSE-05,MEDIUM,2024-10-18T17:18:27,2024-10-18T17:28:14.128551,2024-10-18T18:39:47.903788,CLOSED,,EHR-PATIENT-DB-01,False
ALT-CSE-05-01204,CSE-05,LOW,2024-10-14T07:02:05,2024-10-14T07:16:50.645872,2024-10-14T08:35:15.180486,CLOSED,,HOSPITAL-PACS-IMAGING,False
ALT-CSE-05-01205,CSE-05,CRITICAL,2024-10-13T08:00:49,2024-10-13T08:09:58.024523,2024-10-13T09:14:48.052269,CLOSED,CAS-CSE-05-0211,NURSE-STATION-EP-01,False
ALT-CSE-05-01206,CSE-05,MEDIUM,2024-12-09T17:42:27,2024-12-09T17:54:14.052271,2024-12-09T18:47:19.427976,CLOSED,,NURSE-STATION-EP-01,False
ALT-CSE-05-01207,CSE-05,MEDIUM,2024-11-17T09:13:43,2024-11-17T09:20:30.203941,2024-11-17T10:11:07.740070,CLOSED,,HOSPITAL-PACS-IMAGING,False
ALT-CSE-05-01208,CSE-05,MEDIUM,2024-10-24T11:44:44,2024-10-24T12:02:22.177763,2024-10-24T12:30:11.217506,CLOSED,,ICU-TELEMETRY-GW,False
ALT-CSE-05-01209,CSE-05,MEDIUM,2024-10-30T23:26:16,2024-10-30T23:41:12.255550,2024-10-31T00:26:49.196597,CLOSED,,NURSE-STATION-EP-01,False
ALT-CSE-05-01210,CSE-05,LOW,2024-11-03T02:57:48,2024-11-03T03:03:57.390481,2024-11-03T03:46:23.486580,CLOSED,,NURSE-STATION-EP-01,False
ALT-CSE-05-01211,CSE-05,MEDIUM,2024-10-16T00:18:09,2024-10-16T00:29:34.213097,2024-10-16T01:23:43.333484,CLOSED,,EHR-PATIENT-DB-01,False
ALT-CSE-05-01212,CSE-05,LOW,2024-12-08T17:15:20,2024-12-08T17:24:56.680350,2024-12-08T18:38:30.691913,CLOSED,,NURSE-STATION-EP-01,False
ALT-CSE-05-01213,CSE-05,LOW,2024-12-01T02:40:52,2024-12-01T02:51:51.641725,2024-12-01T04:07:19.528861,CLOSED,,ICU-TELEMETRY-GW,False
ALT-CSE-05-01214,CSE-05,LOW,2024-12-01T12:55:33,2024-12-01T13:10:01.609123,2024-12-01T14:23:54.657139,CLOSED,,ICU-TELEMETRY-GW,False
ALT-CSE-05-01215,CSE-05,MEDIUM,2024-11-13T16:16:42,2024-11-13T16:33:36.915831,2024-11-13T17:19:13.656232,CLOSED,,NURSE-STATION-EP-01,False
ALT-CSE-05-01216,CSE-05,MEDIUM,2024-11-24T10:38:46,2024-11-24T10:43:27.015035,2024-11-24T11:15:47.809567,CLOSED,,EHR-PATIENT-DB-01,False
ALT-CSE-05-01217,CSE-05,MEDIUM,2024-10-21T04:11:45,2024-10-21T04:26:32.691379,2024-10-21T05:39:38.446077,CLOSED,,ICU-TELEMETRY-GW,False
ALT-CSE-05-01218,CSE-05,LOW,2024-12-13T04:37:28,2024-12-13T04:46:06.724660,2024-12-13T05:16:41.356823,CLOSED,,HOSPITAL-PACS-IMAGING,False
ALT-CSE-05-01219,CSE-05,MEDIUM,2024-11-03T01:35:09,2024-11-03T01:45:43.165223,2024-11-03T02:44:51.532422,CLOSED,,ICU-TELEMETRY-GW,False
ALT-CSE-05-01220,CSE-05,MEDIUM,2024-12-01T02:02:38,2024-12-01T02:07:18.145440,2024-12-01T03:27:05.507157,CLOSED,,EHR-PATIENT-DB-01,False
ALT-CSE-05-01221,CSE-05,MEDIUM,2024-10-21T10:17:32,2024-10-21T10:33:54.966134,2024-10-21T11:18:09.790133,CLOSED,,NURSE-STATION-EP-01,False
ALT-CSE-05-01222,CSE-05,MEDIUM,2024-11-26T02:52:12,2024-11-26T03:00:11.293204,2024-11-26T04:17:45.765734,CLOSED,,NURSE-STATION-EP-01,False
ALT-CSE-05-01223,CSE-05,MEDIUM,2024-11-27T15:48:10,2024-11-27T15:54:26.435099,2024-11-27T17:10:23.432413,CLOSED,,EHR-PATIENT-DB-01,False
ALT-CSE-05-01224,CSE-05,LOW,2024-10-04T17:53:13,2024-10-04T18:00:12.788372,2024-10-04T19:01:48.789502,CLOSED,,ICU-TELEMETRY-GW,False
ALT-CSE-05-01225,CSE-05,MEDIUM,2024-12-13T09:01:19,2024-12-13T09:14:34.443917,2024-12-13T10:32:22.132564,CLOSED,,EHR-PATIENT-DB-01,False
ALT-CSE-05-01226,CSE-05,LOW,2024-12-09T21:41:33,2024-12-09T21:56:09.925170,2024-12-09T22:59:20.795279,CLOSED,,EHR-PATIENT-DB-01,False
ALT-CSE-05-01227,CSE-05,LOW,2024-11-20T21:48:40,2024-11-20T21:58:13.098616,2024-11-20T23:14:13.266041,CLOSED,,HOSPITAL-PACS-IMAGING,False
ALT-CSE-05-01228,CSE-05,MEDIUM,2024-10-25T00:35:19,2024-10-25T00:52:12.075666,2024-10-25T01:52:55.221600,CLOSED,CAS-CSE-05-0212,ICU-TELEMETRY-GW,False
ALT-CSE-05-01229,CSE-05,LOW,2024-12-20T21:31:23,2024-12-20T21:42:59.606002,2024-12-20T22:49:08.067331,CLOSED,,HOSPITAL-PACS-IMAGING,False
ALT-CSE-05-01230,CSE-05,LOW,2024-11-15T19:50:34,2024-11-15T20:05:08.656988,2024-11-15T20:51:33.996230,CLOSED,,EHR-PATIENT-DB-01,False
ALT-CSE-05-01231,CSE-05,MEDIUM,2024-10-03T23:02:01,2024-10-03T23:14:53.422898,2024-10-03T23:55:39.980730,CLOSED,,NURSE-STATION-EP-01,False
ALT-CSE-05-01232,CSE-05,LOW,2024-12-05T12:37:26,2024-12-05T12:49:45.086194,2024-12-05T14:07:43.790571,CLOSED,,NURSE-STATION-EP-01,False
ALT-CSE-05-01233,CSE-05,CRITICAL,2024-10-08T06:57:44,2024-10-08T07:05:10.988181,2024-10-08T08:28:54.581703,CLOSED,CAS-CSE-05-0213,EHR-PATIENT-DB-01,False
ALT-CSE-05-01234,CSE-05,CRITICAL,2024-11-13T02:58:52,2024-11-13T03:05:41.285132,2024-11-13T03:54:57.241185,CLOSED,,HOSPITAL-PACS-IMAGING,False
ALT-CSE-05-01235,CSE-05,MEDIUM,2024-10-12T15:45:49,2024-10-12T15:51:49.410471,2024-10-12T17:04:43.198673,CLOSED,,HOSPITAL-PACS-IMAGING,False
ALT-CSE-05-01236,CSE-05,LOW,2024-12-08T06:06:17,2024-12-08T06:13:20.725002,2024-12-08T07:11:19.163247,CLOSED,,HOSPITAL-PACS-IMAGING,False
ALT-CSE-05-01237,CSE-05,LOW,2024-12-05T19:01:50,2024-12-05T19:13:26.097971,2024-12-05T20:34:46.095399,CLOSED,,HOSPITAL-PACS-IMAGING,False
ALT-CSE-05-01238,CSE-05,CRITICAL,2024-12-13T05:12:23,2024-12-13T05:21:47.909761,2024-12-13T06:22:56.936697,CLOSED,CAS-CSE-05-0214,NURSE-STATION-EP-01,False
ALT-CSE-05-01239,CSE-05,MEDIUM,2024-11-15T04:55:00,2024-11-15T05:04:42.073211,2024-11-15T05:50:23.251749,CLOSED,,NURSE-STATION-EP-01,False
ALT-CSE-05-01240,CSE-05,MEDIUM,2024-12-12T23:09:06,2024-12-12T23:23:58.622482,2024-12-12T23:55:55.475192,CLOSED,,EHR-PATIENT-DB-01,False
ALT-CSE-05-01241,CSE-05,LOW,2024-11-19T16:05:35,2024-11-19T16:17:33.398244,2024-11-19T17:33:10.620931,CLOSED,,EHR-PATIENT-DB-01,False
ALT-CSE-05-01242,CSE-05,LOW,2024-12-02T14:42:43,2024-12-02T14:48:54.882014,2024-12-02T15:30:04.972680,CLOSED,,HOSPITAL-PACS-IMAGING,False
ALT-CSE-05-01243,CSE-05,CRITICAL,2024-10-13T01:28:03,2024-10-13T01:39:38.793371,2024-10-13T02:44:07.968922,CLOSED,CAS-CSE-05-0215,ICU-TELEMETRY-GW,False
ALT-CSE-05-01244,CSE-05,MEDIUM,2024-11-09T02:42:49,2024-11-09T02:54:02.067617,2024-11-09T03:49:52.593656,CLOSED,,NURSE-STATION-EP-01,False
ALT-CSE-05-01245,CSE-05,LOW,2024-11-24T01:13:02,2024-11-24T01:19:17.397946,2024-11-24T02:11:27.173538,CLOSED,,EHR-PATIENT-DB-01,False
ALT-CSE-05-01246,CSE-05,MEDIUM,2024-11-21T19:58:14,2024-11-21T20:07:09.117077,2024-11-21T20:54:15.748646,CLOSED,,ICU-TELEMETRY-GW,False
ALT-CSE-05-01247,CSE-05,CRITICAL,2024-11-17T01:48:43,2024-11-17T02:01:34.871805,2024-11-17T02:51:51.511789,CLOSED,CAS-CSE-05-0216,EHR-PATIENT-DB-01,False
ALT-CSE-05-01248,CSE-05,MEDIUM,2024-12-29T18:33:11,2024-12-29T18:37:11.682840,2024-12-29T19:58:25.070078,CLOSED,,EHR-PATIENT-DB-01,False
ALT-CSE-05-01249,CSE-05,LOW,2024-10-14T14:55:00,2024-10-14T15:07:18.641114,2024-10-14T16:28:19.182847,CLOSED,,EHR-PATIENT-DB-01,False
ALT-CSE-05-01250,CSE-05,LOW,2024-10-21T13:33:27,2024-10-21T13:45:54.382194,2024-10-21T15:02:19.619969,CLOSED,,EHR-PATIENT-DB-01,False
ALT-CSE-05-01251,CSE-05,LOW,2024-12-17T15:02:45,2024-12-17T15:14:23.529380,2024-12-17T16:19:33.631911,CLOSED,,EHR-PATIENT-DB-01,False
ALT-CSE-05-01252,CSE-05,MEDIUM,2024-10-01T10:18:05,2024-10-01T10:29:06.577683,2024-10-01T11:46:45.186541,CLOSED,,EHR-PATIENT-DB-01,False
ALT-CSE-05-01253,CSE-05,LOW,2024-11-30T07:38:02,2024-11-30T07:55:48.269590,2024-11-30T09:01:14.079884,CLOSED,,HOSPITAL-PACS-IMAGING,False
ALT-CSE-05-01254,CSE-05,MEDIUM,2024-11-19T14:03:42,2024-11-19T14:13:57.324074,2024-11-19T15:27:11.946994,CLOSED,,ICU-TELEMETRY-GW,False
ALT-CSE-05-01255,CSE-05,MEDIUM,2024-10-06T04:10:56,2024-10-06T04:26:45.011008,2024-10-06T05:23:40.042636,CLOSED,,HOSPITAL-PACS-IMAGING,False
ALT-CSE-05-01256,CSE-05,CRITICAL,2024-11-17T11:11:22,2024-11-17T11:16:58.861282,2024-11-17T12:00:30.196367,CLOSED,CAS-CSE-05-0217,NURSE-STATION-EP-01,False
ALT-CSE-05-01257,CSE-05,MEDIUM,2024-11-21T13:43:45,2024-11-21T13:55:11.715935,2024-11-21T14:49:27.721974,CLOSED,,ICU-TELEMETRY-GW,False
ALT-CSE-05-01258,CSE-05,LOW,2024-10-20T01:45:54,2024-10-20T02:01:28.126608,2024-10-20T02:28:24.244733,CLOSED,,ICU-TELEMETRY-GW,False
ALT-CSE-05-01259,CSE-05,MEDIUM,2024-11-15T07:38:25,2024-11-15T07:55:13.880469,2024-11-15T08:21:01.077167,CLOSED,,HOSPITAL-PACS-IMAGING,False
ALT-CSE-05-01260,CSE-05,LOW,2024-11-10T08:08:27,2024-11-10T08:15:50.113849,2024-11-10T09:11:27.555710,CLOSED,CAS-CSE-05-0218,NURSE-STATION-EP-01,False
ALT-CSE-05-01261,CSE-05,MEDIUM,2024-12-19T20:59:33,2024-12-19T21:08:20.307573,2024-12-19T21:59:34.719098,CLOSED,,ICU-TELEMETRY-GW,False
ALT-CSE-05-01262,CSE-05,MEDIUM,2024-12-04T13:43:20,2024-12-04T13:47:27.666626,2024-12-04T14:38:22.198593,CLOSED,,EHR-PATIENT-DB-01,False
ALT-CSE-05-01263,CSE-05,MEDIUM,2024-12-21T19:30:47,2024-12-21T19:37:59.170121,2024-12-21T21:03:53.236873,CLOSED,CAS-CSE-05-0219,NURSE-STATION-EP-01,False
ALT-CSE-05-01264,CSE-05,LOW,2024-12-19T20:18:52,2024-12-19T20:34:50.937254,2024-12-19T21:24:41.538214,CLOSED,,ICU-TELEMETRY-GW,False
ALT-CSE-05-01265,CSE-05,MEDIUM,2024-12-24T04:27:44,2024-12-24T04:43:07.280445,2024-12-24T05:41:31.134800,CLOSED,,HOSPITAL-PACS-IMAGING,False
ALT-CSE-05-01266,CSE-05,MEDIUM,2024-11-25T03:43:02,2024-11-25T03:54:58.440436,2024-11-25T05:00:17.280549,CLOSED,,EHR-PATIENT-DB-01,False
ALT-CSE-05-01267,CSE-05,MEDIUM,2024-10-23T14:23:24,2024-10-23T14:29:06.632726,2024-10-23T15:41:10.134760,CLOSED,,HOSPITAL-PACS-IMAGING,False
ALT-CSE-05-01268,CSE-05,MEDIUM,2024-11-28T03:08:11,2024-11-28T03:14:31.985935,2024-11-28T04:37:16.866917,CLOSED,,ICU-TELEMETRY-GW,False
ALT-CSE-05-01269,CSE-05,MEDIUM,2024-10-05T19:58:01,2024-10-05T20:14:35.046425,2024-10-05T20:40:54.780419,CLOSED,,EHR-PATIENT-DB-01,False
ALT-CSE-05-01270,CSE-05,LOW,2024-12-21T09:06:07,2024-12-21T09:22:20.011584,2024-12-21T09:46:38.750874,CLOSED,,ICU-TELEMETRY-GW,False
ALT-CSE-05-01271,CSE-05,MEDIUM,2024-10-21T21:15:00,2024-10-21T21:22:05.330907,2024-10-21T21:54:51.196091,CLOSED,,NURSE-STATION-EP-01,False
ALT-CSE-05-01272,CSE-05,LOW,2024-11-15T10:17:22,2024-11-15T10:30:24.411653,2024-11-15T11:42:24.330373,CLOSED,,NURSE-STATION-EP-01,False
ALT-CSE-05-01273,CSE-05,LOW,2024-12-01T18:30:03,2024-12-01T18:47:31.071971,2024-12-01T19:45:04.390303,CLOSED,,NURSE-STATION-EP-01,False
ALT-CSE-05-01274,CSE-05,LOW,2024-12-03T13:54:55,2024-12-03T14:11:58.038764,2024-12-03T14:38:55.122049,CLOSED,,NURSE-STATION-EP-01,False
ALT-CSE-05-01275,CSE-05,MEDIUM,2024-10-22T06:13:26,2024-10-22T06:23:43.075270,2024-10-22T07:20:58.626993,CLOSED,,ICU-TELEMETRY-GW,False
ALT-CSE-05-01276,CSE-05,CRITICAL,2024-11-11T15:20:24,2024-11-11T15:30:17.717561,2024-11-11T16:01:33.489745,CLOSED,CAS-CSE-05-0220,NURSE-STATION-EP-01,False
ALT-CSE-05-01277,CSE-05,MEDIUM,2024-10-25T07:43:30,2024-10-25T07:59:46.880425,2024-10-25T09:08:22.617959,CLOSED,,ICU-TELEMETRY-GW,False
ALT-CSE-05-01278,CSE-05,LOW,2024-11-11T14:10:23,2024-11-11T14:24:46.492610,2024-11-11T15:32:08.876012,CLOSED,,HOSPITAL-PACS-IMAGING,False
ALT-CSE-05-01279,CSE-05,LOW,2024-12-08T02:45:32,2024-12-08T03:01:15.525681,2024-12-08T03:29:36.490400,CLOSED,,HOSPITAL-PACS-IMAGING,False
ALT-CSE-05-01280,CSE-05,MEDIUM,2024-12-20T10:20:17,2024-12-20T10:33:39.057336,2024-12-20T11:01:12.469524,CLOSED,,HOSPITAL-PACS-IMAGING,False
ALT-CSE-05-01281,CSE-05,MEDIUM,2024-12-27T16:30:03,2024-12-27T16:40:42.820438,2024-12-27T17:46:48.904710,CLOSED,CAS-CSE-05-0221,NURSE-STATION-EP-01,False
ALT-CSE-05-01282,CSE-05,MEDIUM,2024-12-02T02:02:03,2024-12-02T02:08:07.511534,2024-12-02T02:44:41.324137,CLOSED,,HOSPITAL-PACS-IMAGING,False
ALT-CSE-05-01283,CSE-05,MEDIUM,2024-11-27T00:42:10,2024-11-27T00:49:55.098968,2024-11-27T01:26:04.739220,CLOSED,,HOSPITAL-PACS-IMAGING,False
ALT-CSE-05-01284,CSE-05,MEDIUM,2024-10-14T16:00:03,2024-10-14T16:15:58.863590,2024-10-14T17:30:41.304744,CLOSED,,HOSPITAL-PACS-IMAGING,False
ALT-CSE-05-01285,CSE-05,LOW,2024-12-09T05:41:22,2024-12-09T05:54:56.418299,2024-12-09T06:47:12.540955,CLOSED,,ICU-TELEMETRY-GW,False
ALT-CSE-05-01286,CSE-05,LOW,2024-12-28T03:11:15,2024-12-28T03:17:14.529321,2024-12-28T04:03:34.397542,CLOSED,,ICU-TELEMETRY-GW,False
ALT-CSE-05-01287,CSE-05,MEDIUM,2024-10-25T06:56:48,2024-10-25T07:01:06.593809,2024-10-25T08:11:40.618466,CLOSED,,HOSPITAL-PACS-IMAGING,False
ALT-CSE-05-01288,CSE-05,MEDIUM,2024-12-12T09:17:46,2024-12-12T09:22:25.618803,2024-12-12T10:24:52.679054,CLOSED,,ICU-TELEMETRY-GW,False
ALT-CSE-05-01289,CSE-05,MEDIUM,2024-12-04T09:36:22,2024-12-04T09:51:18.498619,2024-12-04T10:51:35.530582,CLOSED,,NURSE-STATION-EP-01,False
ALT-CSE-05-01290,CSE-05,LOW,2024-12-08T06:22:11,2024-12-08T06:33:55.366682,2024-12-08T07:32:26.008025,CLOSED,,HOSPITAL-PACS-IMAGING,False
ALT-CSE-05-01291,CSE-05,MEDIUM,2024-10-23T23:34:53,2024-10-23T23:44:42.104502,2024-10-24T00:30:19.016781,CLOSED,,HOSPITAL-PACS-IMAGING,False
ALT-CSE-05-01292,CSE-05,MEDIUM,2024-12-04T22:28:39,2024-12-04T22:37:32.064250,2024-12-04T23:31:52.008158,CLOSED,,NURSE-STATION-EP-01,False
ALT-CSE-05-01293,CSE-05,MEDIUM,2024-11-19T11:37:02,2024-11-19T11:52:40.181907,2024-11-19T12:24:44.711051,CLOSED,,NURSE-STATION-EP-01,False
ALT-CSE-05-01294,CSE-05,MEDIUM,2024-12-16T04:09:00,2024-12-16T04:17:43.688734,2024-12-16T05:32:31.584730,CLOSED,,NURSE-STATION-EP-01,False
ALT-CSE-05-01295,CSE-05,MEDIUM,2024-10-25T09:09:09,2024-10-25T09:21:33.832775,2024-10-25T10:16:12.306470,CLOSED,,EHR-PATIENT-DB-01,False
ALT-CSE-05-01296,CSE-05,CRITICAL,2024-12-26T08:42:07,2024-12-26T08:56:59.653842,2024-12-26T09:18:07.289543,CLOSED,CAS-CSE-05-0222,ICU-TELEMETRY-GW,False
ALT-CSE-05-01297,CSE-05,LOW,2024-12-12T05:15:58,2024-12-12T05:33:29.053118,2024-12-12T05:52:38.086427,CLOSED,,ICU-TELEMETRY-GW,False
ALT-CSE-05-01298,CSE-05,LOW,2024-11-08T02:34:54,2024-11-08T02:47:24.229243,2024-11-08T04:08:57.230996,CLOSED,CAS-CSE-05-0223,ICU-TELEMETRY-GW,True
ALT-CSE-05-01299,CSE-05,MEDIUM,2024-11-21T07:38:08,2024-11-21T07:53:19.626836,2024-11-21T08:19:22.569769,CLOSED,,ICU-TELEMETRY-GW,False
ALT-CSE-05-01300,CSE-05,MEDIUM,2024-11-04T19:32:37,2024-11-04T19:39:08.911188,2024-11-04T21:00:44.707192,CLOSED,,ICU-TELEMETRY-GW,False
ALT-CSE-05-01301,CSE-05,LOW,2024-11-18T13:17:26,2024-11-18T13:22:28.110595,2024-11-18T14:05:25.473552,CLOSED,,ICU-TELEMETRY-GW,False
ALT-CSE-05-01302,CSE-05,MEDIUM,2024-11-21T13:14:14,2024-11-21T13:20:08.495444,2024-11-21T14:33:19.120081,CLOSED,,NURSE-STATION-EP-01,False
ALT-CSE-05-01303,CSE-05,MEDIUM,2024-11-10T19:15:07,2024-11-10T19:25:48.302703,2024-11-10T20:13:21.479681,CLOSED,,EHR-PATIENT-DB-01,False
ALT-CSE-05-01304,CSE-05,MEDIUM,2024-10-23T08:59:34,2024-10-23T09:15:15.015866,2024-10-23T09:55:48.684820,CLOSED,,NURSE-STATION-EP-01,False
ALT-CSE-05-01305,CSE-05,CRITICAL,2024-10-06T07:41:19,2024-10-06T07:45:23.404023,2024-10-06T08:33:07.182439,CLOSED,CAS-CSE-05-0224,ICU-TELEMETRY-GW,False
ALT-CSE-05-01306,CSE-05,LOW,2024-12-24T05:29:46,2024-12-24T05:44:47.754459,2024-12-24T06:43:24.875918,CLOSED,CAS-CSE-05-0225,ICU-TELEMETRY-GW,False
ALT-CSE-05-01307,CSE-05,LOW,2024-10-31T17:28:19,2024-10-31T17:39:04.833262,2024-10-31T18:46:29.244761,CLOSED,,NURSE-STATION-EP-01,False
ALT-CSE-05-01308,CSE-05,MEDIUM,2024-11-24T16:54:21,2024-11-24T17:00:16.181656,2024-11-24T18:00:35.041438,CLOSED,,NURSE-STATION-EP-01,False
ALT-CSE-05-01309,CSE-05,LOW,2024-11-03T19:09:11,2024-11-03T19:26:15.613773,2024-11-03T19:50:04.581596,CLOSED,,EHR-PATIENT-DB-01,False
ALT-CSE-05-01310,CSE-05,CRITICAL,2024-10-15T18:35:15,2024-10-15T18:49:00.046694,2024-10-15T19:26:48.734756,CLOSED,CAS-CSE-05-0226,NURSE-STATION-EP-01,True
ALT-CSE-05-01311,CSE-05,MEDIUM,2024-11-15T09:06:07,2024-11-15T09:24:01.669965,2024-11-15T10:06:10.448219,CLOSED,,HOSPITAL-PACS-IMAGING,False
ALT-CSE-05-01312,CSE-05,MEDIUM,2024-11-17T17:52:33,2024-11-17T18:02:19.828143,2024-11-17T18:32:38.025090,CLOSED,,ICU-TELEMETRY-GW,False
ALT-CSE-05-01313,CSE-05,LOW,2024-11-14T01:56:24,2024-11-14T02:07:58.207140,2024-11-14T03:25:43.696881,CLOSED,,ICU-TELEMETRY-GW,False
ALT-CSE-05-01314,CSE-05,LOW,2024-11-03T14:55:05,2024-11-03T15:06:42.911556,2024-11-03T16:16:42.481883,CLOSED,,NURSE-STATION-EP-01,False
ALT-CSE-05-01315,CSE-05,CRITICAL,2024-10-13T09:05:37,2024-10-13T09:17:49.684034,2024-10-13T09:48:24.419174,CLOSED,CAS-CSE-05-0227,ICU-TELEMETRY-GW,False
ALT-CSE-05-01316,CSE-05,MEDIUM,2024-11-08T10:56:06,2024-11-08T11:01:34.446414,2024-11-08T12:16:53.356806,CLOSED,,ICU-TELEMETRY-GW,False
ALT-CSE-05-01317,CSE-05,MEDIUM,2024-11-14T20:41:27,2024-11-14T20:58:40.334725,2024-11-14T22:14:40.562399,CLOSED,,EHR-PATIENT-DB-01,False
ALT-CSE-05-01318,CSE-05,MEDIUM,2024-12-21T00:01:28,2024-12-21T00:12:46.926969,2024-12-21T00:45:46.788712,CLOSED,,ICU-TELEMETRY-GW,False
ALT-CSE-05-01319,CSE-05,LOW,2024-11-02T14:57:21,2024-11-02T15:11:48.616877,2024-11-02T16:00:13.031466,CLOSED,,HOSPITAL-PACS-IMAGING,False
ALT-CSE-05-01320,CSE-05,CRITICAL,2024-10-13T08:25:20,2024-10-13T08:41:06.076438,2024-10-13T09:01:16.904359,CLOSED,CAS-CSE-05-0228,ICU-TELEMETRY-GW,False
ALT-CSE-05-01321,CSE-05,MEDIUM,2024-11-03T21:26:21,2024-11-03T21:40:47.961421,2024-11-03T22:41:17.887256,CLOSED,,HOSPITAL-PACS-IMAGING,False
ALT-CSE-05-01322,CSE-05,MEDIUM,2024-12-15T09:17:53,2024-12-15T09:24:16.647516,2024-12-15T10:37:31.278345,CLOSED,,HOSPITAL-PACS-IMAGING,False
ALT-CSE-05-01323,CSE-05,MEDIUM,2024-11-05T19:27:25,2024-11-05T19:39:18.347630,2024-11-05T20:12:54.688886,CLOSED,,NURSE-STATION-EP-01,False
ALT-CSE-05-01324,CSE-05,LOW,2024-12-08T17:33:26,2024-12-08T17:50:18.221712,2024-12-08T18:18:43.640694,CLOSED,,HOSPITAL-PACS-IMAGING,False
ALT-CSE-05-01325,CSE-05,MEDIUM,2024-10-07T13:19:14,2024-10-07T13:35:26.551748,2024-10-07T13:58:28.629786,CLOSED,,ICU-TELEMETRY-GW,False
ALT-CSE-05-01326,CSE-05,LOW,2024-11-07T02:08:34,2024-11-07T02:15:41.057409,2024-11-07T03:21:50.672234,CLOSED,,EHR-PATIENT-DB-01,False
ALT-CSE-05-01327,CSE-05,LOW,2024-12-04T20:29:33,2024-12-04T20:35:01.691581,2024-12-04T21:55:42.725446,CLOSED,,NURSE-STATION-EP-01,False
ALT-CSE-05-01328,CSE-05,MEDIUM,2024-10-15T19:53:04,2024-10-15T20:00:21.028142,2024-10-15T21:21:51.198629,CLOSED,,NURSE-STATION-EP-01,False
ALT-CSE-05-01329,CSE-05,MEDIUM,2024-10-17T14:30:00,2024-10-17T14:37:02.531589,2024-10-17T15:57:12.233252,CLOSED,CAS-CSE-05-0229,ICU-TELEMETRY-GW,False
ALT-CSE-05-01330,CSE-05,LOW,2024-10-15T21:10:10,2024-10-15T21:27:41.061342,2024-10-15T22:30:26.420728,CLOSED,,NURSE-STATION-EP-01,False
ALT-CSE-05-01331,CSE-05,MEDIUM,2024-10-17T12:37:15,2024-10-17T12:51:36.798931,2024-10-17T13:39:21.905168,CLOSED,,HOSPITAL-PACS-IMAGING,False
ALT-CSE-05-01332,CSE-05,LOW,2024-11-20T13:11:15,2024-11-20T13:23:58.087176,2024-11-20T14:17:03.155422,CLOSED,,NURSE-STATION-EP-01,False
ALT-CSE-05-01333,CSE-05,MEDIUM,2024-11-09T23:33:55,2024-11-09T23:41:42.389128,2024-11-10T00:16:25.959222,CLOSED,,EHR-PATIENT-DB-01,False
ALT-CSE-05-01334,CSE-05,MEDIUM,2024-11-09T23:45:14,2024-11-09T23:56:18.885236,2024-11-10T00:33:25.128674,CLOSED,,ICU-TELEMETRY-GW,False
ALT-CSE-05-01335,CSE-05,MEDIUM,2024-10-23T17:32:16,2024-10-23T17:39:20.844147,2024-10-23T18:36:04.257037,CLOSED,,ICU-TELEMETRY-GW,False
ALT-CSE-05-01336,CSE-05,MEDIUM,2024-10-29T15:27:02,2024-10-29T15:41:32.614906,2024-10-29T16:40:31.896300,CLOSED,,ICU-TELEMETRY-GW,False
ALT-CSE-05-01337,CSE-05,MEDIUM,2024-12-08T05:43:51,2024-12-08T05:59:00.567782,2024-12-08T06:42:31.962039,CLOSED,,HOSPITAL-PACS-IMAGING,False
ALT-CSE-05-01338,CSE-05,LOW,2024-12-21T22:29:30,2024-12-21T22:38:17.209001,2024-12-22T00:00:15.185091,CLOSED,,NURSE-STATION-EP-01,False
ALT-CSE-05-01339,CSE-05,MEDIUM,2024-10-05T13:47:06,2024-10-05T13:56:26.454093,2024-10-05T14:52:29.088634,CLOSED,,EHR-PATIENT-DB-01,False
ALT-CSE-05-01340,CSE-05,MEDIUM,2024-11-07T19:31:30,2024-11-07T19:44:37.227932,2024-11-07T20:39:46.194972,CLOSED,,EHR-PATIENT-DB-01,False
ALT-CSE-05-01341,CSE-05,MEDIUM,2024-11-07T18:03:26,2024-11-07T18:20:37.386439,2024-11-07T19:03:35.125998,CLOSED,,ICU-TELEMETRY-GW,False
ALT-CSE-05-01342,CSE-05,MEDIUM,2024-11-21T20:45:18,2024-11-21T20:57:02.210660,2024-11-21T21:24:51.920348,CLOSED,,EHR-PATIENT-DB-01,False
ALT-CSE-05-01343,CSE-05,LOW,2024-10-07T23:36:55,2024-10-07T23:54:52.319130,2024-10-08T00:46:10.953441,CLOSED,,EHR-PATIENT-DB-01,False
ALT-CSE-05-01344,CSE-05,LOW,2024-10-27T13:34:09,2024-10-27T13:46:37.667512,2024-10-27T15:06:01.599162,CLOSED,,NURSE-STATION-EP-01,False
ALT-CSE-05-01345,CSE-05,CRITICAL,2024-10-31T16:42:27,2024-10-31T16:52:25.263134,2024-10-31T17:28:17.712219,CLOSED,CAS-CSE-05-0230,HOSPITAL-PACS-IMAGING,False
ALT-CSE-05-01346,CSE-05,LOW,2024-11-06T02:20:09,2024-11-06T02:30:52.874699,2024-11-06T03:28:15.746552,CLOSED,,HOSPITAL-PACS-IMAGING,False
ALT-CSE-05-01347,CSE-05,LOW,2024-10-19T18:00:16,2024-10-19T18:06:22.308728,2024-10-19T19:11:54.072443,CLOSED,,HOSPITAL-PACS-IMAGING,False
ALT-CSE-05-01348,CSE-05,LOW,2024-11-14T07:55:01,2024-11-14T08:03:20.982626,2024-11-14T09:24:56.786162,CLOSED,,ICU-TELEMETRY-GW,False
ALT-CSE-05-01349,CSE-05,MEDIUM,2024-12-27T08:58:53,2024-12-27T09:08:30.597565,2024-12-27T10:14:24.613497,CLOSED,,EHR-PATIENT-DB-01,False
ALT-CSE-05-01350,CSE-05,LOW,2024-10-18T20:11:56,2024-10-18T20:19:49.548776,2024-10-18T21:25:10.431293,CLOSED,,ICU-TELEMETRY-GW,False
ALT-CSE-05-01351,CSE-05,LOW,2024-12-13T14:57:25,2024-12-13T15:05:40.360021,2024-12-13T16:24:30.134637,CLOSED,,NURSE-STATION-EP-01,False
ALT-CSE-05-01352,CSE-05,MEDIUM,2024-11-14T20:30:02,2024-11-14T20:37:53.367594,2024-11-14T21:52:46.371632,CLOSED,,ICU-TELEMETRY-GW,False
ALT-CSE-05-01353,CSE-05,MEDIUM,2024-10-05T05:48:44,2024-10-05T06:03:45.764205,2024-10-05T07:16:30.484682,CLOSED,,EHR-PATIENT-DB-01,False
ALT-CSE-05-01354,CSE-05,MEDIUM,2024-12-28T00:22:29,2024-12-28T00:37:07.634121,2024-12-28T01:01:27.155185,CLOSED,,EHR-PATIENT-DB-01,False
ALT-CSE-05-01355,CSE-05,MEDIUM,2024-12-27T13:07:27,2024-12-27T13:16:40.163735,2024-12-27T14:40:56.087315,CLOSED,,NURSE-STATION-EP-01,False
ALT-CSE-05-01356,CSE-05,MEDIUM,2024-11-11T09:02:50,2024-11-11T09:10:18.806007,2024-11-11T10:17:22.373342,CLOSED,,HOSPITAL-PACS-IMAGING,False
ALT-CSE-05-01357,CSE-05,CRITICAL,2024-12-08T12:35:39,2024-12-08T12:40:10.251463,2024-12-08T14:01:49.973105,CLOSED,,HOSPITAL-PACS-IMAGING,False
ALT-CSE-05-01358,CSE-05,MEDIUM,2024-11-27T08:11:09,2024-11-27T08:26:16.584139,2024-11-27T08:54:04.537249,CLOSED,,NURSE-STATION-EP-01,False
ALT-CSE-05-01359,CSE-05,MEDIUM,2024-10-20T21:59:12,2024-10-20T22:14:01.028763,2024-10-20T23:11:46.641932,CLOSED,,EHR-PATIENT-DB-01,False
ALT-CSE-05-01360,CSE-05,MEDIUM,2024-11-25T11:25:59,2024-11-25T11:32:26.112686,2024-11-25T12:11:52.220509,CLOSED,,ICU-TELEMETRY-GW,False
ALT-CSE-05-01361,CSE-05,LOW,2024-12-13T00:58:09,2024-12-13T01:16:07.068272,2024-12-13T02:08:15.251046,CLOSED,,EHR-PATIENT-DB-01,False
ALT-CSE-05-01362,CSE-05,LOW,2024-11-19T17:14:42,2024-11-19T17:23:37.598493,2024-11-19T18:34:46.696799,CLOSED,,ICU-TELEMETRY-GW,False
ALT-CSE-05-01363,CSE-05,MEDIUM,2024-12-06T01:45:04,2024-12-06T01:55:35.820292,2024-12-06T02:22:02.534256,CLOSED,,EHR-PATIENT-DB-01,False
ALT-CSE-05-01364,CSE-05,LOW,2024-12-29T14:43:12,2024-12-29T14:50:08.524776,2024-12-29T15:46:05.924216,CLOSED,,EHR-PATIENT-DB-01,False
ALT-CSE-05-01365,CSE-05,LOW,2024-12-01T03:26:47,2024-12-01T03:44:37.770324,2024-12-01T04:24:42.154082,CLOSED,,NURSE-STATION-EP-01,False
ALT-CSE-05-01366,CSE-05,MEDIUM,2024-12-06T04:37:06,2024-12-06T04:45:31.485578,2024-12-06T05:47:29.475024,CLOSED,,ICU-TELEMETRY-GW,False
ALT-CSE-05-01367,CSE-05,MEDIUM,2024-11-27T19:22:20,2024-11-27T19:35:26.668433,2024-11-27T20:18:40.052547,CLOSED,,HOSPITAL-PACS-IMAGING,False
ALT-CSE-05-01368,CSE-05,MEDIUM,2024-10-06T07:58:10,2024-10-06T08:03:40.453989,2024-10-06T09:13:39.676471,CLOSED,,HOSPITAL-PACS-IMAGING,False
ALT-CSE-05-01369,CSE-05,MEDIUM,2024-11-03T20:17:46,2024-11-03T20:25:17.160050,2024-11-03T21:48:39.678741,CLOSED,,ICU-TELEMETRY-GW,False
ALT-CSE-05-01370,CSE-05,MEDIUM,2024-10-07T17:56:12,2024-10-07T18:06:34.549739,2024-10-07T18:37:05.038929,CLOSED,,EHR-PATIENT-DB-01,False
ALT-CSE-05-01371,CSE-05,CRITICAL,2024-11-20T10:26:57,2024-11-20T10:40:00.574812,2024-11-20T11:17:23.260494,CLOSED,CAS-CSE-05-0231,NURSE-STATION-EP-01,False
ALT-CSE-05-01372,CSE-05,CRITICAL,2024-10-02T10:36:56,2024-10-02T10:54:03.884066,2024-10-02T11:47:56.485565,CLOSED,CAS-CSE-05-0232,EHR-PATIENT-DB-01,True
ALT-CSE-05-01373,CSE-05,LOW,2024-10-13T23:29:52,2024-10-13T23:41:52.800628,2024-10-14T00:26:24.869562,CLOSED,,HOSPITAL-PACS-IMAGING,False
ALT-CSE-05-01374,CSE-05,MEDIUM,2024-12-12T18:01:19,2024-12-12T18:11:53.431538,2024-12-12T19:02:10.253145,CLOSED,,HOSPITAL-PACS-IMAGING,False
ALT-CSE-05-01375,CSE-05,MEDIUM,2024-10-21T11:58:04,2024-10-21T12:15:04.146256,2024-10-21T12:48:23.012627,CLOSED,,HOSPITAL-PACS-IMAGING,False
ALT-CSE-05-01376,CSE-05,LOW,2024-10-16T13:47:50,2024-10-16T13:54:51.394700,2024-10-16T14:56:10.596367,CLOSED,,ICU-TELEMETRY-GW,False
ALT-CSE-05-01377,CSE-05,LOW,2024-11-09T23:54:24,2024-11-10T00:11:07.607445,2024-11-10T00:46:20.155054,CLOSED,,HOSPITAL-PACS-IMAGING,False
ALT-CSE-05-01378,CSE-05,LOW,2024-11-05T03:38:59,2024-11-05T03:44:16.856648,2024-11-05T04:58:43.484446,CLOSED,,ICU-TELEMETRY-GW,False
ALT-CSE-05-01379,CSE-05,MEDIUM,2024-12-05T11:51:27,2024-12-05T11:58:42.461189,2024-12-05T12:56:51.984995,CLOSED,,ICU-TELEMETRY-GW,False
ALT-CSE-05-01380,CSE-05,MEDIUM,2024-11-03T03:13:34,2024-11-03T03:25:18.627406,2024-11-03T04:14:28.411454,CLOSED,,ICU-TELEMETRY-GW,False
ALT-CSE-05-01381,CSE-05,MEDIUM,2024-11-09T12:39:18,2024-11-09T12:53:06.552211,2024-11-09T14:01:35.205483,CLOSED,,HOSPITAL-PACS-IMAGING,False
ALT-CSE-05-01382,CSE-05,LOW,2024-12-02T17:10:43,2024-12-02T17:16:51.825128,2024-12-02T18:43:58.581692,CLOSED,,HOSPITAL-PACS-IMAGING,False
ALT-CSE-05-01383,CSE-05,MEDIUM,2024-12-28T04:21:34,2024-12-28T04:29:00.222419,2024-12-28T05:18:45.682083,CLOSED,,EHR-PATIENT-DB-01,False
ALT-CSE-05-01384,CSE-05,MEDIUM,2024-11-19T04:41:39,2024-11-19T04:59:36.941978,2024-11-19T06:09:17.445136,CLOSED,,HOSPITAL-PACS-IMAGING,False
ALT-CSE-05-01385,CSE-05,MEDIUM,2024-12-01T00:59:39,2024-12-01T01:09:00.901457,2024-12-01T01:44:21.103689,CLOSED,,NURSE-STATION-EP-01,False
ALT-CSE-05-01386,CSE-05,CRITICAL,2024-11-23T11:12:29,2024-11-23T11:24:04.599920,2024-11-23T11:58:55.082628,CLOSED,CAS-CSE-05-0233,EHR-PATIENT-DB-01,False
ALT-CSE-05-01387,CSE-05,LOW,2024-11-09T15:59:30,2024-11-09T16:15:31.468830,2024-11-09T17:09:07.442550,CLOSED,,ICU-TELEMETRY-GW,False
ALT-CSE-05-01388,CSE-05,MEDIUM,2024-12-04T12:51:07,2024-12-04T13:08:33.059737,2024-12-04T14:14:16.193927,CLOSED,,EHR-PATIENT-DB-01,False
ALT-CSE-05-01389,CSE-05,MEDIUM,2024-10-17T16:05:55,2024-10-17T16:21:26.663474,2024-10-17T17:38:23.187308,CLOSED,,HOSPITAL-PACS-IMAGING,False
ALT-CSE-05-01390,CSE-05,MEDIUM,2024-12-23T02:05:16,2024-12-23T02:15:10.600878,2024-12-23T03:12:39.876692,CLOSED,,ICU-TELEMETRY-GW,False
ALT-CSE-05-01391,CSE-05,MEDIUM,2024-11-29T06:40:24,2024-11-29T06:54:45.623325,2024-11-29T07:20:43.608663,CLOSED,,HOSPITAL-PACS-IMAGING,False
ALT-CSE-05-01392,CSE-05,MEDIUM,2024-10-12T08:24:16,2024-10-12T08:42:05.428896,2024-10-12T09:50:51.053290,CLOSED,,HOSPITAL-PACS-IMAGING,False
ALT-CSE-05-01393,CSE-05,LOW,2024-10-02T23:49:13,2024-10-02T23:56:37.035337,2024-10-03T01:01:57.923611,CLOSED,,ICU-TELEMETRY-GW,False
ALT-CSE-05-01394,CSE-05,LOW,2024-12-23T20:34:06,2024-12-23T20:39:19.444102,2024-12-23T21:57:09.952444,CLOSED,,HOSPITAL-PACS-IMAGING,False
ALT-CSE-05-01395,CSE-05,MEDIUM,2024-11-28T10:42:01,2024-11-28T10:59:16.011911,2024-11-28T11:26:55.225237,CLOSED,,ICU-TELEMETRY-GW,False
ALT-CSE-05-01396,CSE-05,LOW,2024-11-14T03:31:52,2024-11-14T03:39:22.977080,2024-11-14T04:24:00.137429,CLOSED,,NURSE-STATION-EP-01,False
ALT-CSE-05-01397,CSE-05,MEDIUM,2024-12-22T13:06:36,2024-12-22T13:18:37.133509,2024-12-22T14:26:00.352533,CLOSED,,EHR-PATIENT-DB-01,False
ALT-CSE-05-01398,CSE-05,MEDIUM,2024-10-07T12:16:04,2024-10-07T12:27:21.243970,2024-10-07T13:02:18.434127,CLOSED,,EHR-PATIENT-DB-01,False
ALT-CSE-05-01399,CSE-05,CRITICAL,2024-10-02T07:29:19,2024-10-02T07:35:14.466817,2024-10-02T08:15:24.436194,CLOSED,CAS-CSE-05-0234,EHR-PATIENT-DB-01,True
ALT-CSE-05-01400,CSE-05,MEDIUM,2024-10-30T13:48:25,2024-10-30T13:56:06.614222,2024-10-30T15:08:18.579958,CLOSED,,NURSE-STATION-EP-01,False
ALT-CSE-05-01401,CSE-05,MEDIUM,2024-12-23T07:11:45,2024-12-23T07:26:20.655989,2024-12-23T08:02:51.856619,CLOSED,,ICU-TELEMETRY-GW,False
ALT-CSE-05-01402,CSE-05,LOW,2024-10-13T04:16:39,2024-10-13T04:24:11.020769,2024-10-13T04:58:10.351979,CLOSED,,NURSE-STATION-EP-01,False
ALT-CSE-05-01403,CSE-05,MEDIUM,2024-12-17T23:50:10,2024-12-18T00:06:35.693644,2024-12-18T01:02:59.029918,CLOSED,,HOSPITAL-PACS-IMAGING,False
ALT-CSE-05-01404,CSE-05,MEDIUM,2024-11-08T10:01:29,2024-11-08T10:12:28.275811,2024-11-08T11:02:26.063266,CLOSED,,NURSE-STATION-EP-01,False
ALT-CSE-05-01405,CSE-05,LOW,2024-10-11T16:01:03,2024-10-11T16:18:50.369421,2024-10-11T17:03:19.503583,CLOSED,,NURSE-STATION-EP-01,False
ALT-CSE-05-01406,CSE-05,MEDIUM,2024-11-30T11:20:14,2024-11-30T11:25:21.822149,2024-11-30T11:57:00.437634,CLOSED,,ICU-TELEMETRY-GW,False
ALT-CSE-05-01407,CSE-05,LOW,2024-11-29T02:39:33,2024-11-29T02:55:31.342475,2024-11-29T04:06:44.512545,CLOSED,,HOSPITAL-PACS-IMAGING,False
ALT-CSE-05-01408,CSE-05,MEDIUM,2024-10-22T03:04:12,2024-10-22T03:18:34.166948,2024-10-22T04:08:01.746973,CLOSED,,EHR-PATIENT-DB-01,False
ALT-CSE-05-01409,CSE-05,LOW,2024-12-14T14:32:39,2024-12-14T14:41:39.738302,2024-12-14T16:06:40.753344,CLOSED,,HOSPITAL-PACS-IMAGING,False
ALT-CSE-05-01410,CSE-05,CRITICAL,2024-12-24T15:34:08,2024-12-24T15:49:41.828384,2024-12-24T16:20:31.910393,CLOSED,CAS-CSE-05-0235,EHR-PATIENT-DB-01,False
ALT-CSE-05-01411,CSE-05,LOW,2024-12-09T11:58:08,2024-12-09T12:02:19.756387,2024-12-09T13:02:30.580720,CLOSED,,ICU-TELEMETRY-GW,False
ALT-CSE-05-01412,CSE-05,MEDIUM,2024-10-31T19:25:48,2024-10-31T19:40:37.794744,2024-10-31T20:41:31.716554,CLOSED,,EHR-PATIENT-DB-01,False
ALT-CSE-05-01413,CSE-05,LOW,2024-10-11T04:18:57,2024-10-11T04:30:18.413004,2024-10-11T05:13:52.887613,CLOSED,,NURSE-STATION-EP-01,False
ALT-CSE-05-01414,CSE-05,LOW,2024-12-08T12:21:23,2024-12-08T12:29:01.455507,2024-12-08T13:24:28.864173,CLOSED,,NURSE-STATION-EP-01,False
ALT-CSE-05-01415,CSE-05,LOW,2024-11-28T13:49:05,2024-11-28T14:02:58.532892,2024-11-28T15:10:43.167111,CLOSED,,HOSPITAL-PACS-IMAGING,False
ALT-CSE-05-01416,CSE-05,MEDIUM,2024-11-01T03:51:46,2024-11-01T03:57:25.976763,2024-11-01T04:53:59.693899,CLOSED,,HOSPITAL-PACS-IMAGING,False
ALT-CSE-05-01417,CSE-05,LOW,2024-11-06T02:03:39,2024-11-06T02:14:00.932679,2024-11-06T02:39:06.433987,CLOSED,,ICU-TELEMETRY-GW,False
ALT-CSE-05-01418,CSE-05,LOW,2024-11-27T09:13:53,2024-11-27T09:19:54.896690,2024-11-27T09:55:39.656959,CLOSED,,ICU-TELEMETRY-GW,False
ALT-CSE-05-01419,CSE-05,MEDIUM,2024-11-30T07:30:45,2024-11-30T07:44:01.045770,2024-11-30T08:39:58.093832,CLOSED,,HOSPITAL-PACS-IMAGING,False
ALT-CSE-05-01420,CSE-05,MEDIUM,2024-10-02T12:21:08,2024-10-02T12:27:54.181461,2024-10-02T13:02:05.350563,CLOSED,,HOSPITAL-PACS-IMAGING,False
ALT-CSE-05-01421,CSE-05,LOW,2024-10-12T13:50:08,2024-10-12T14:00:20.637369,2024-10-12T14:59:28.052312,CLOSED,,HOSPITAL-PACS-IMAGING,False
ALT-CSE-05-01422,CSE-05,MEDIUM,2024-10-22T01:28:57,2024-10-22T01:40:08.492553,2024-10-22T02:41:32.867594,CLOSED,,HOSPITAL-PACS-IMAGING,False
ALT-CSE-05-01423,CSE-05,MEDIUM,2024-12-26T04:30:33,2024-12-26T04:43:41.856621,2024-12-26T05:48:10.171274,CLOSED,,NURSE-STATION-EP-01,False
ALT-CSE-05-01424,CSE-05,MEDIUM,2024-12-26T22:20:06,2024-12-26T22:35:09.766000,2024-12-26T23:48:17.501832,CLOSED,,HOSPITAL-PACS-IMAGING,False
ALT-CSE-05-01425,CSE-05,LOW,2024-12-04T14:19:00,2024-12-04T14:35:42.863250,2024-12-04T15:24:11.763329,CLOSED,,NURSE-STATION-EP-01,False
ALT-CSE-05-01426,CSE-05,MEDIUM,2024-11-03T18:03:57,2024-11-03T18:18:30.354642,2024-11-03T19:11:18.959561,CLOSED,,EHR-PATIENT-DB-01,False
ALT-CSE-05-01427,CSE-05,MEDIUM,2024-11-16T08:56:43,2024-11-16T09:08:59.706041,2024-11-16T09:57:50.725560,CLOSED,,ICU-TELEMETRY-GW,False
ALT-CSE-05-01428,CSE-05,MEDIUM,2024-12-29T02:29:04,2024-12-29T02:40:43.084438,2024-12-29T03:40:48.212721,CLOSED,,NURSE-STATION-EP-01,False
ALT-CSE-05-01429,CSE-05,MEDIUM,2024-12-08T20:57:56,2024-12-08T21:04:51.515999,2024-12-08T21:34:13.765010,CLOSED,,EHR-PATIENT-DB-01,False
ALT-CSE-05-01430,CSE-05,CRITICAL,2024-11-19T02:14:00,2024-11-19T02:18:42.517585,2024-11-19T03:30:05.284710,CLOSED,CAS-CSE-05-0236,HOSPITAL-PACS-IMAGING,False
ALT-CSE-05-01431,CSE-05,CRITICAL,2024-12-23T20:26:56,2024-12-23T20:31:26.170638,2024-12-23T21:40:04.306445,CLOSED,,HOSPITAL-PACS-IMAGING,False
ALT-CSE-05-01432,CSE-05,LOW,2024-12-17T15:09:49,2024-12-17T15:20:45.919468,2024-12-17T15:50:40.631635,CLOSED,,ICU-TELEMETRY-GW,False
ALT-CSE-05-01433,CSE-05,MEDIUM,2024-12-14T10:44:37,2024-12-14T10:57:32.639603,2024-12-14T11:24:43.049659,CLOSED,,EHR-PATIENT-DB-01,False
ALT-CSE-05-01434,CSE-05,MEDIUM,2024-12-26T14:39:26,2024-12-26T14:49:13.187604,2024-12-26T16:12:28.585382,CLOSED,,ICU-TELEMETRY-GW,False
ALT-CSE-05-01435,CSE-05,MEDIUM,2024-10-11T15:23:46,2024-10-11T15:39:51.494411,2024-10-11T15:59:03.114955,CLOSED,,ICU-TELEMETRY-GW,False
ALT-CSE-05-01436,CSE-05,MEDIUM,2024-11-16T06:50:16,2024-11-16T07:04:13.061576,2024-11-16T08:00:11.328986,CLOSED,,HOSPITAL-PACS-IMAGING,False
ALT-CSE-05-01437,CSE-05,LOW,2024-11-05T05:48:02,2024-11-05T06:03:20.038977,2024-11-05T07:17:04.344183,CLOSED,,HOSPITAL-PACS-IMAGING,False
ALT-CSE-05-01438,CSE-05,MEDIUM,2024-10-15T19:18:14,2024-10-15T19:24:04.332677,2024-10-15T20:31:02.012185,CLOSED,,NURSE-STATION-EP-01,False
ALT-CSE-05-01439,CSE-05,LOW,2024-12-29T06:36:18,2024-12-29T06:48:57.046161,2024-12-29T07:29:57.693763,CLOSED,,HOSPITAL-PACS-IMAGING,False
ALT-CSE-05-01440,CSE-05,LOW,2024-11-03T11:10:19,2024-11-03T11:28:15.092880,2024-11-03T12:39:20.797052,CLOSED,,NURSE-STATION-EP-01,False
ALT-CSE-05-01441,CSE-05,LOW,2024-11-03T20:46:48,2024-11-03T21:03:10.984164,2024-11-03T22:11:06.781916,CLOSED,,ICU-TELEMETRY-GW,False
ALT-CSE-05-01442,CSE-05,LOW,2024-10-23T08:25:32,2024-10-23T08:31:39.655901,2024-10-23T09:49:37.256996,CLOSED,,ICU-TELEMETRY-GW,False
ALT-CSE-05-01443,CSE-05,MEDIUM,2024-10-09T14:32:05,2024-10-09T14:46:03.294839,2024-10-09T15:25:00.859089,CLOSED,,ICU-TELEMETRY-GW,False
ALT-CSE-05-01444,CSE-05,MEDIUM,2024-11-19T06:07:31,2024-11-19T06:11:57.363808,2024-11-19T06:49:46.430463,CLOSED,,ICU-TELEMETRY-GW,False
ALT-CSE-05-01445,CSE-05,LOW,2024-11-01T05:28:04,2024-11-01T05:36:41.134139,2024-11-01T06:04:06.098929,CLOSED,,NURSE-STATION-EP-01,False
ALT-CSE-05-01446,CSE-05,LOW,2024-11-11T06:48:37,2024-11-11T07:06:20.146366,2024-11-11T08:14:14.667226,CLOSED,,EHR-PATIENT-DB-01,False
ALT-CSE-05-01447,CSE-05,LOW,2024-11-16T21:15:11,2024-11-16T21:27:25.356849,2024-11-16T22:04:41.876461,CLOSED,,NURSE-STATION-EP-01,False
ALT-CSE-05-01448,CSE-05,LOW,2024-10-03T13:47:22,2024-10-03T13:56:03.202079,2024-10-03T15:00:02.491571,CLOSED,,ICU-TELEMETRY-GW,False
ALT-CSE-05-01449,CSE-05,LOW,2024-12-23T18:42:15,2024-12-23T18:52:27.627946,2024-12-23T20:16:46.354509,CLOSED,,ICU-TELEMETRY-GW,False
ALT-CSE-05-01450,CSE-05,MEDIUM,2024-11-11T03:38:19,2024-11-11T03:55:11.730741,2024-11-11T04:23:10.013615,CLOSED,,ICU-TELEMETRY-GW,False
ALT-CSE-05-01451,CSE-05,MEDIUM,2024-10-07T14:15:10,2024-10-07T14:29:48.303173,2024-10-07T15:34:15.056058,CLOSED,,HOSPITAL-PACS-IMAGING,False
ALT-CSE-05-01452,CSE-05,MEDIUM,2024-11-08T02:18:11,2024-11-08T02:26:44.713341,2024-11-08T03:02:32.016525,CLOSED,,ICU-TELEMETRY-GW,False
ALT-CSE-05-01453,CSE-05,MEDIUM,2024-10-01T04:47:41,2024-10-01T04:56:47.961376,2024-10-01T06:08:53.291160,CLOSED,,NURSE-STATION-EP-01,False
ALT-CSE-05-01454,CSE-05,CRITICAL,2024-12-07T19:37:39,2024-12-07T19:53:09.193018,2024-12-07T21:02:22.178623,CLOSED,CAS-CSE-05-0237,EHR-PATIENT-DB-01,False
ALT-CSE-05-01455,CSE-05,MEDIUM,2024-12-20T23:37:44,2024-12-20T23:53:51.441677,2024-12-21T00:42:30.693132,CLOSED,,EHR-PATIENT-DB-01,False
ALT-CSE-05-01456,CSE-05,CRITICAL,2024-11-11T13:48:37,2024-11-11T13:56:09.883064,2024-11-11T14:47:01.564233,CLOSED,CAS-CSE-05-0238,ICU-TELEMETRY-GW,False
ALT-CSE-05-01457,CSE-05,LOW,2024-10-11T20:16:56,2024-10-11T20:30:22.959666,2024-10-11T21:28:37.940934,CLOSED,,NURSE-STATION-EP-01,False
ALT-CSE-05-01458,CSE-05,MEDIUM,2024-12-19T16:17:57,2024-12-19T16:28:24.073109,2024-12-19T17:40:12.703542,CLOSED,,ICU-TELEMETRY-GW,False
ALT-CSE-05-01459,CSE-05,MEDIUM,2024-12-02T02:44:01,2024-12-02T02:58:30.185538,2024-12-02T03:29:44.466328,CLOSED,,ICU-TELEMETRY-GW,False
ALT-CSE-05-01460,CSE-05,MEDIUM,2024-12-01T04:22:59,2024-12-01T04:27:32.594856,2024-12-01T05:55:36.099714,CLOSED,,EHR-PATIENT-DB-01,False
ALT-CSE-05-01461,CSE-05,MEDIUM,2024-11-22T12:11:18,2024-11-22T12:26:32.693127,2024-11-22T13:31:33.580096,CLOSED,,EHR-PATIENT-DB-01,False
ALT-CSE-05-01462,CSE-05,CRITICAL,2024-10-03T19:34:23,2024-10-03T19:51:57.004467,2024-10-03T20:53:47.020835,CLOSED,CAS-CSE-05-0239,NURSE-STATION-EP-01,False
ALT-CSE-05-01463,CSE-05,MEDIUM,2024-10-27T20:13:46,2024-10-27T20:28:30.006891,2024-10-27T20:49:55.438609,CLOSED,,NURSE-STATION-EP-01,False
ALT-CSE-05-01464,CSE-05,LOW,2024-10-07T21:06:04,2024-10-07T21:17:12.629714,2024-10-07T21:54:18.648387,CLOSED,,HOSPITAL-PACS-IMAGING,False
ALT-CSE-05-01465,CSE-05,MEDIUM,2024-12-26T04:33:04,2024-12-26T04:49:23.176331,2024-12-26T05:28:53.498379,CLOSED,,EHR-PATIENT-DB-01,False
ALT-CSE-05-01466,CSE-05,MEDIUM,2024-10-18T10:38:37,2024-10-18T10:48:35.537017,2024-10-18T11:21:31.766927,CLOSED,,EHR-PATIENT-DB-01,False
ALT-CSE-05-01467,CSE-05,MEDIUM,2024-12-07T02:17:41,2024-12-07T02:34:13.973281,2024-12-07T03:34:25.789883,CLOSED,,EHR-PATIENT-DB-01,False
ALT-CSE-05-01468,CSE-05,MEDIUM,2024-10-13T22:21:46,2024-10-13T22:38:46.457975,2024-10-13T23:01:18.880306,CLOSED,,HOSPITAL-PACS-IMAGING,False
ALT-CSE-05-01469,CSE-05,LOW,2024-10-12T01:29:09,2024-10-12T01:39:20.619932,2024-10-12T02:59:38.520884,CLOSED,,HOSPITAL-PACS-IMAGING,False
ALT-CSE-05-01470,CSE-05,LOW,2024-12-13T14:54:50,2024-12-13T15:10:06.559751,2024-12-13T16:21:05.225044,CLOSED,,EHR-PATIENT-DB-01,False
ALT-CSE-05-01471,CSE-05,MEDIUM,2024-11-22T22:45:54,2024-11-22T22:52:33.898197,2024-11-22T23:39:43.090507,CLOSED,,ICU-TELEMETRY-GW,False
ALT-CSE-05-01472,CSE-05,LOW,2024-12-03T01:47:35,2024-12-03T02:02:48.385832,2024-12-03T02:51:57.969603,CLOSED,,HOSPITAL-PACS-IMAGING,False
ALT-CSE-05-01473,CSE-05,CRITICAL,2024-12-22T02:47:37,2024-12-22T02:59:41.865274,2024-12-22T04:12:53.389243,CLOSED,CAS-CSE-05-0240,HOSPITAL-PACS-IMAGING,True
ALT-CSE-05-01474,CSE-05,MEDIUM,2024-10-21T18:13:22,2024-10-21T18:28:02.719024,2024-10-21T19:17:50.654479,CLOSED,,HOSPITAL-PACS-IMAGING,False
ALT-CSE-05-01475,CSE-05,MEDIUM,2024-10-26T11:22:29,2024-10-26T11:33:48.913289,2024-10-26T12:42:52.823558,CLOSED,,HOSPITAL-PACS-IMAGING,False
ALT-CSE-05-01476,CSE-05,CRITICAL,2024-10-19T23:27:24,2024-10-19T23:40:35.372499,2024-10-20T00:26:52.045241,CLOSED,CAS-CSE-05-0241,EHR-PATIENT-DB-01,True
ALT-CSE-05-01477,CSE-05,MEDIUM,2024-11-15T03:39:58,2024-11-15T03:46:28.319343,2024-11-15T04:15:36.431269,CLOSED,,EHR-PATIENT-DB-01,False
ALT-CSE-05-01478,CSE-05,CRITICAL,2024-11-14T05:51:02,2024-11-14T05:58:13.423660,2024-11-14T07:04:08.954417,CLOSED,CAS-CSE-05-0242,NURSE-STATION-EP-01,True
ALT-CSE-05-01479,CSE-05,LOW,2024-12-16T11:01:58,2024-12-16T11:15:40.878683,2024-12-16T11:49:37.612669,CLOSED,,EHR-PATIENT-DB-01,False
ALT-CSE-05-01480,CSE-05,MEDIUM,2024-11-02T05:16:55,2024-11-02T05:22:40.061661,2024-11-02T06:16:37.512491,CLOSED,,HOSPITAL-PACS-IMAGING,False
ALT-CSE-05-01481,CSE-05,LOW,2024-11-06T03:48:01,2024-11-06T04:05:20.417701,2024-11-06T04:40:41.396668,CLOSED,,HOSPITAL-PACS-IMAGING,False
ALT-CSE-05-01482,CSE-05,MEDIUM,2024-10-06T20:04:24,2024-10-06T20:10:21.024256,2024-10-06T21:04:50.506505,CLOSED,,ICU-TELEMETRY-GW,False
ALT-CSE-05-01483,CSE-05,LOW,2024-12-10T09:27:28,2024-12-10T09:35:51.958618,2024-12-10T10:31:18.472738,CLOSED,,HOSPITAL-PACS-IMAGING,False
ALT-CSE-05-01484,CSE-05,CRITICAL,2024-12-27T06:34:20,2024-12-27T06:41:53.950129,2024-12-27T07:46:25.602926,CLOSED,CAS-CSE-05-0243,ICU-TELEMETRY-GW,True
ALT-CSE-05-01485,CSE-05,MEDIUM,2024-10-07T01:12:39,2024-10-07T01:24:04.427669,2024-10-07T02:46:43.717032,CLOSED,,EHR-PATIENT-DB-01,False
ALT-CSE-05-01486,CSE-05,MEDIUM,2024-10-07T10:21:37,2024-10-07T10:34:53.481850,2024-10-07T11:27:46.400667,CLOSED,,NURSE-STATION-EP-01,False
ALT-CSE-05-01487,CSE-05,MEDIUM,2024-11-05T07:43:55,2024-11-05T07:59:44.748263,2024-11-05T09:09:28.985709,CLOSED,,EHR-PATIENT-DB-01,False
ALT-CSE-05-01488,CSE-05,LOW,2024-10-12T10:58:30,2024-10-12T11:11:50.533303,2024-10-12T11:52:59.890033,CLOSED,,EHR-PATIENT-DB-01,False
ALT-CSE-05-01489,CSE-05,MEDIUM,2024-10-22T03:50:37,2024-10-22T03:57:13.965587,2024-10-22T05:17:30.990296,CLOSED,,HOSPITAL-PACS-IMAGING,False
ALT-CSE-05-01490,CSE-05,LOW,2024-11-27T23:57:36,2024-11-28T00:12:47.993917,2024-11-28T00:44:19.734527,CLOSED,,HOSPITAL-PACS-IMAGING,False
ALT-CSE-05-01491,CSE-05,CRITICAL,2024-12-09T06:51:12,2024-12-09T06:57:00.881057,2024-12-09T07:43:20.420760,CLOSED,CAS-CSE-05-0244,EHR-PATIENT-DB-01,False
ALT-CSE-05-01492,CSE-05,MEDIUM,2024-10-29T20:40:44,2024-10-29T20:52:42.428905,2024-10-29T22:12:44.292045,CLOSED,,ICU-TELEMETRY-GW,False
ALT-CSE-05-01493,CSE-05,LOW,2024-10-08T13:41:18,2024-10-08T13:49:54.523451,2024-10-08T15:09:21.396057,CLOSED,,NURSE-STATION-EP-01,False
ALT-CSE-05-01494,CSE-05,CRITICAL,2024-12-05T00:27:00,2024-12-05T00:31:27.168905,2024-12-05T01:12:25.455350,CLOSED,CAS-CSE-05-0245,ICU-TELEMETRY-GW,False
ALT-CSE-05-01495,CSE-05,MEDIUM,2024-11-24T23:47:28,2024-11-25T00:01:08.596924,2024-11-25T00:41:58.162092,CLOSED,,NURSE-STATION-EP-01,False
ALT-CSE-05-01496,CSE-05,MEDIUM,2024-11-15T06:28:18,2024-11-15T06:44:26.328348,2024-11-15T07:46:11.864316,CLOSED,,HOSPITAL-PACS-IMAGING,False
ALT-CSE-05-01497,CSE-05,MEDIUM,2024-11-09T02:46:51,2024-11-09T03:04:20.319499,2024-11-09T03:31:16.868101,CLOSED,,HOSPITAL-PACS-IMAGING,False
ALT-CSE-05-01498,CSE-05,LOW,2024-10-22T19:06:12,2024-10-22T19:12:13.337236,2024-10-22T20:32:36.876643,CLOSED,,NURSE-STATION-EP-01,False
ALT-CSE-05-01499,CSE-05,MEDIUM,2024-12-28T02:13:49,2024-12-28T02:27:46.818219,2024-12-28T03:18:48.653663,CLOSED,,ICU-TELEMETRY-GW,False
ALT-CSE-05-01500,CSE-05,LOW,2024-10-13T05:00:03,2024-10-13T05:15:25.850472,2024-10-13T05:57:08.257761,CLOSED,,EHR-PATIENT-DB-01,False
ALT-CSE-05-01501,CSE-05,MEDIUM,2024-11-20T01:24:23,2024-11-20T01:35:09.654740,2024-11-20T02:48:45.091579,CLOSED,,NURSE-STATION-EP-01,False
ALT-CSE-05-01502,CSE-05,LOW,2024-11-15T05:36:13,2024-11-15T05:47:25.905873,2024-11-15T06:20:18.081933,CLOSED,,NURSE-STATION-EP-01,False
ALT-CSE-05-01503,CSE-05,MEDIUM,2024-12-24T13:43:20,2024-12-24T13:58:18.337689,2024-12-24T14:31:57.302437,CLOSED,,EHR-PATIENT-DB-01,False
ALT-CSE-05-01504,CSE-05,CRITICAL,2024-12-26T16:35:09,2024-12-26T16:50:56.009083,2024-12-26T17:50:31.497392,CLOSED,CAS-CSE-05-0246,ICU-TELEMETRY-GW,False
ALT-CSE-05-01505,CSE-05,CRITICAL,2024-12-12T23:57:22,2024-12-13T00:09:11.576723,2024-12-13T01:05:45.924442,CLOSED,CAS-CSE-05-0247,ICU-TELEMETRY-GW,False
ALT-CSE-05-01506,CSE-05,LOW,2024-12-27T04:46:00,2024-12-27T05:00:45.388449,2024-12-27T05:43:47.782511,CLOSED,,ICU-TELEMETRY-GW,False
ALT-CSE-05-01507,CSE-05,LOW,2024-11-08T19:13:21,2024-11-08T19:28:27.518947,2024-11-08T20:44:34.752633,CLOSED,,EHR-PATIENT-DB-01,False
ALT-CSE-05-01508,CSE-05,MEDIUM,2024-11-29T14:32:51,2024-11-29T14:36:53.357936,2024-11-29T15:22:43.079153,CLOSED,,ICU-TELEMETRY-GW,False
ALT-CSE-05-01509,CSE-05,MEDIUM,2024-12-20T11:04:02,2024-12-20T11:20:51.679785,2024-12-20T12:27:08.927015,CLOSED,,NURSE-STATION-EP-01,False
ALT-CSE-05-01510,CSE-05,MEDIUM,2024-12-10T05:26:45,2024-12-10T05:36:55.539757,2024-12-10T06:28:43.982347,CLOSED,CAS-CSE-05-0248,HOSPITAL-PACS-IMAGING,True
ALT-CSE-05-01511,CSE-05,MEDIUM,2024-11-22T05:16:01,2024-11-22T05:30:01.511818,2024-11-22T06:05:36.785825,CLOSED,,EHR-PATIENT-DB-01,False
ALT-CSE-05-01512,CSE-05,MEDIUM,2024-12-23T07:11:36,2024-12-23T07:19:55.525435,2024-12-23T07:55:50.418974,CLOSED,,ICU-TELEMETRY-GW,False
ALT-CSE-05-01513,CSE-05,CRITICAL,2024-10-27T00:22:42,2024-10-27T00:30:10.346871,2024-10-27T01:10:56.448942,CLOSED,,EHR-PATIENT-DB-01,False
ALT-CSE-05-01514,CSE-05,MEDIUM,2024-11-19T19:53:17,2024-11-19T19:58:18.695395,2024-11-19T20:29:13.632755,CLOSED,,EHR-PATIENT-DB-01,False
ALT-CSE-05-01515,CSE-05,MEDIUM,2024-10-18T16:24:43,2024-10-18T16:33:12.140493,2024-10-18T17:14:35.998618,CLOSED,,EHR-PATIENT-DB-01,False
ALT-CSE-05-01516,CSE-05,LOW,2024-10-28T17:43:56,2024-10-28T17:53:46.097640,2024-10-28T18:53:08.039093,CLOSED,,HOSPITAL-PACS-IMAGING,False
ALT-CSE-05-01517,CSE-05,LOW,2024-12-01T12:22:44,2024-12-01T12:31:19.662805,2024-12-01T13:12:30.271856,CLOSED,,NURSE-STATION-EP-01,False
ALT-CSE-05-01518,CSE-05,MEDIUM,2024-12-25T23:49:28,2024-12-25T23:58:24.863662,2024-12-26T01:18:09.523485,CLOSED,,EHR-PATIENT-DB-01,False
ALT-CSE-05-01519,CSE-05,LOW,2024-12-06T09:08:31,2024-12-06T09:23:20.387980,2024-12-06T09:44:03.961789,CLOSED,,HOSPITAL-PACS-IMAGING,False
ALT-CSE-05-01520,CSE-05,LOW,2024-11-02T22:37:59,2024-11-02T22:46:07.158749,2024-11-02T23:28:54.415981,CLOSED,,HOSPITAL-PACS-IMAGING,False
ALT-CSE-05-01521,CSE-05,MEDIUM,2024-10-07T02:54:27,2024-10-07T03:05:37.588662,2024-10-07T03:40:18.501639,CLOSED,,EHR-PATIENT-DB-01,False
ALT-CSE-05-01522,CSE-05,MEDIUM,2024-10-03T11:49:23,2024-10-03T12:06:19.064326,2024-10-03T13:06:33.497455,CLOSED,,EHR-PATIENT-DB-01,False
ALT-CSE-05-01523,CSE-05,LOW,2024-11-26T17:41:30,2024-11-26T17:52:30.912277,2024-11-26T19:05:36.040399,CLOSED,,ICU-TELEMETRY-GW,False
ALT-CSE-05-01524,CSE-05,LOW,2024-12-23T08:09:03,2024-12-23T08:22:47.484807,2024-12-23T09:08:55.353364,CLOSED,,EHR-PATIENT-DB-01,False
ALT-CSE-05-01525,CSE-05,MEDIUM,2024-12-24T07:13:16,2024-12-24T07:28:42.370225,2024-12-24T08:43:15.069787,CLOSED,,HOSPITAL-PACS-IMAGING,False
ALT-CSE-05-01526,CSE-05,CRITICAL,2024-11-21T00:57:33,2024-11-21T01:13:35.386376,2024-11-21T01:40:07.579601,CLOSED,CAS-CSE-05-0249,EHR-PATIENT-DB-01,False
ALT-CSE-05-01527,CSE-05,LOW,2024-11-19T16:58:13,2024-11-19T17:03:46.209584,2024-11-19T18:23:37.213752,CLOSED,,HOSPITAL-PACS-IMAGING,False
ALT-CSE-05-01528,CSE-05,MEDIUM,2024-10-23T13:18:09,2024-10-23T13:30:32.647308,2024-10-23T14:16:57.870568,CLOSED,,EHR-PATIENT-DB-01,False
ALT-CSE-05-01529,CSE-05,MEDIUM,2024-11-27T10:20:35,2024-11-27T10:26:57.269776,2024-11-27T11:12:21.709342,CLOSED,,HOSPITAL-PACS-IMAGING,False
ALT-CSE-05-01530,CSE-05,MEDIUM,2024-12-28T16:02:02,2024-12-28T16:18:43.308945,2024-12-28T16:44:54.424510,CLOSED,,NURSE-STATION-EP-01,False
ALT-CSE-05-01531,CSE-05,MEDIUM,2024-10-02T17:15:03,2024-10-02T17:25:10.461994,2024-10-02T18:23:06.255826,CLOSED,,NURSE-STATION-EP-01,False
ALT-CSE-05-01532,CSE-05,CRITICAL,2024-11-27T01:16:07,2024-11-27T01:32:10.831942,2024-11-27T02:23:30.378611,CLOSED,CAS-CSE-05-0250,HOSPITAL-PACS-IMAGING,False
ALT-CSE-05-01533,CSE-05,MEDIUM,2024-12-22T11:47:32,2024-12-22T12:00:00.200013,2024-12-22T12:48:52.014072,CLOSED,,HOSPITAL-PACS-IMAGING,False
ALT-CSE-05-01534,CSE-05,MEDIUM,2024-11-17T13:35:39,2024-11-17T13:45:28.140120,2024-11-17T14:18:34.781355,CLOSED,,NURSE-STATION-EP-01,False
ALT-CSE-05-01535,CSE-05,MEDIUM,2024-10-28T02:29:35,2024-10-28T02:40:45.728641,2024-10-28T03:53:26.107714,CLOSED,,HOSPITAL-PACS-IMAGING,False
ALT-CSE-05-01536,CSE-05,MEDIUM,2024-11-05T04:31:39,2024-11-05T04:38:49.824449,2024-11-05T05:56:20.758141,CLOSED,,ICU-TELEMETRY-GW,False
ALT-CSE-05-01537,CSE-05,MEDIUM,2024-10-15T22:45:26,2024-10-15T22:49:58.616158,2024-10-15T23:23:45.872519,CLOSED,,NURSE-STATION-EP-01,False
ALT-CSE-05-01538,CSE-05,MEDIUM,2024-12-03T22:12:08,2024-12-03T22:24:37.968335,2024-12-03T22:56:29.089253,CLOSED,CAS-CSE-05-0251,NURSE-STATION-EP-01,False
ALT-CSE-05-01539,CSE-05,CRITICAL,2024-11-20T20:23:04,2024-11-20T20:28:21.286367,2024-11-20T21:29:51.358697,CLOSED,CAS-CSE-05-0252,ICU-TELEMETRY-GW,False
ALT-CSE-05-01540,CSE-05,LOW,2024-11-27T01:04:36,2024-11-27T01:18:23.261590,2024-11-27T02:01:17.951562,CLOSED,,HOSPITAL-PACS-IMAGING,False
ALT-CSE-05-01541,CSE-05,MEDIUM,2024-10-10T01:30:51,2024-10-10T01:40:44.879637,2024-10-10T03:04:45.943029,CLOSED,,NURSE-STATION-EP-01,False
ALT-CSE-05-01542,CSE-05,MEDIUM,2024-10-06T14:16:56,2024-10-06T14:29:30.683814,2024-10-06T15:31:37.558905,CLOSED,,ICU-TELEMETRY-GW,False
ALT-CSE-05-01543,CSE-05,MEDIUM,2024-10-10T05:52:36,2024-10-10T06:05:57.512994,2024-10-10T07:13:24.844929,CLOSED,,ICU-TELEMETRY-GW,False
ALT-CSE-05-01544,CSE-05,LOW,2024-10-09T22:35:33,2024-10-09T22:41:00.214705,2024-10-09T23:17:09.334779,CLOSED,,EHR-PATIENT-DB-01,False
ALT-CSE-05-01545,CSE-05,MEDIUM,2024-12-29T22:01:33,2024-12-29T22:14:58.609290,2024-12-29T23:15:02.520676,CLOSED,CAS-CSE-05-0253,NURSE-STATION-EP-01,False
ALT-CSE-05-01546,CSE-05,MEDIUM,2024-11-18T02:17:47,2024-11-18T02:23:42.899548,2024-11-18T03:48:09.033192,CLOSED,,HOSPITAL-PACS-IMAGING,False
ALT-CSE-05-01547,CSE-05,CRITICAL,2024-12-23T01:53:37,2024-12-23T02:07:28.256863,2024-12-23T03:00:50.095196,CLOSED,CAS-CSE-05-0254,NURSE-STATION-EP-01,False
ALT-CSE-05-01548,CSE-05,MEDIUM,2024-11-14T09:24:15,2024-11-14T09:32:12.176086,2024-11-14T10:17:13.491716,CLOSED,,ICU-TELEMETRY-GW,False
ALT-CSE-05-01549,CSE-05,MEDIUM,2024-12-03T15:03:05,2024-12-03T15:10:42.053937,2024-12-03T16:12:26.619880,CLOSED,,ICU-TELEMETRY-GW,False
ALT-CSE-05-01550,CSE-05,MEDIUM,2024-10-23T11:53:14,2024-10-23T12:07:58.018635,2024-10-23T13:17:42.788683,CLOSED,,ICU-TELEMETRY-GW,False
ALT-CSE-05-01551,CSE-05,LOW,2024-12-17T15:06:17,2024-12-17T15:22:55.268406,2024-12-17T16:40:59.450726,CLOSED,,NURSE-STATION-EP-01,False
ALT-CSE-05-01552,CSE-05,CRITICAL,2024-12-26T07:15:37,2024-12-26T07:23:11.033880,2024-12-26T08:10:17.301641,CLOSED,CAS-CSE-05-0255,NURSE-STATION-EP-01,True
ALT-CSE-05-01553,CSE-05,MEDIUM,2024-11-16T06:37:19,2024-11-16T06:43:25.976147,2024-11-16T08:08:47.802481,CLOSED,,EHR-PATIENT-DB-01,False
ALT-CSE-05-01554,CSE-05,MEDIUM,2024-12-16T14:25:06,2024-12-16T14:35:09.554023,2024-12-16T15:34:54.579858,CLOSED,,EHR-PATIENT-DB-01,False
ALT-CSE-05-01555,CSE-05,LOW,2024-11-21T07:39:13,2024-11-21T07:55:50.587035,2024-11-21T08:56:22.872645,CLOSED,,HOSPITAL-PACS-IMAGING,False
ALT-CSE-05-01556,CSE-05,LOW,2024-12-21T06:58:52,2024-12-21T07:15:47.654283,2024-12-21T07:40:58.401176,CLOSED,,NURSE-STATION-EP-01,False
ALT-CSE-05-01557,CSE-05,MEDIUM,2024-11-27T12:41:21,2024-11-27T12:51:32.814668,2024-11-27T13:31:54.056579,CLOSED,,NURSE-STATION-EP-01,False
ALT-CSE-05-01558,CSE-05,LOW,2024-10-10T00:27:55,2024-10-10T00:37:36.243802,2024-10-10T01:09:56.186383,CLOSED,,EHR-PATIENT-DB-01,False
ALT-CSE-05-01559,CSE-05,MEDIUM,2024-12-29T17:04:15,2024-12-29T17:14:23.152951,2024-12-29T18:37:20.902632,CLOSED,,ICU-TELEMETRY-GW,False
ALT-CSE-05-01560,CSE-05,LOW,2024-10-02T10:47:21,2024-10-02T10:59:36.675135,2024-10-02T11:25:22.071535,CLOSED,,HOSPITAL-PACS-IMAGING,False
ALT-CSE-05-01561,CSE-05,MEDIUM,2024-12-10T22:03:04,2024-12-10T22:07:12.531491,2024-12-10T22:59:34.920622,CLOSED,,EHR-PATIENT-DB-01,False
ALT-CSE-05-01562,CSE-05,MEDIUM,2024-10-20T12:15:33,2024-10-20T12:23:08.254305,2024-10-20T13:03:08.937930,CLOSED,,NURSE-STATION-EP-01,False
ALT-CSE-05-01563,CSE-05,MEDIUM,2024-12-22T05:19:59,2024-12-22T05:30:50.759673,2024-12-22T06:17:29.596077,CLOSED,,HOSPITAL-PACS-IMAGING,False
ALT-CSE-05-01564,CSE-05,CRITICAL,2024-12-26T02:07:26,2024-12-26T02:19:53.259500,2024-12-26T03:06:23.613858,CLOSED,CAS-CSE-05-0256,NURSE-STATION-EP-01,False
ALT-CSE-05-01565,CSE-05,CRITICAL,2024-10-20T01:58:15,2024-10-20T02:03:50.202444,2024-10-20T03:04:03.506757,CLOSED,CAS-CSE-05-0257,EHR-PATIENT-DB-01,False
ALT-CSE-05-01566,CSE-05,CRITICAL,2024-12-05T06:41:21,2024-12-05T06:45:21.347800,2024-12-05T08:00:25.172878,CLOSED,,NURSE-STATION-EP-01,False
ALT-CSE-05-01567,CSE-05,MEDIUM,2024-12-18T21:53:38,2024-12-18T22:09:40.423590,2024-12-18T22:41:12.868363,CLOSED,,ICU-TELEMETRY-GW,False
ALT-CSE-05-01568,CSE-05,MEDIUM,2024-11-20T17:14:57,2024-11-20T17:23:27.816219,2024-11-20T18:35:14.254654,CLOSED,,NURSE-STATION-EP-01,False
ALT-CSE-05-01569,CSE-05,MEDIUM,2024-11-23T21:12:30,2024-11-23T21:30:07.752325,2024-11-23T22:22:11.591865,CLOSED,,EHR-PATIENT-DB-01,False
ALT-CSE-05-01570,CSE-05,LOW,2024-11-02T10:39:43,2024-11-02T10:56:37.433910,2024-11-02T11:23:06.361524,CLOSED,,NURSE-STATION-EP-01,False
ALT-CSE-05-01571,CSE-05,MEDIUM,2024-10-27T10:39:02,2024-10-27T10:49:11.158700,2024-10-27T12:07:58.989645,CLOSED,,NURSE-STATION-EP-01,False
ALT-CSE-05-01572,CSE-05,LOW,2024-11-13T13:19:58,2024-11-13T13:24:46.651206,2024-11-13T14:14:50.697424,CLOSED,,ICU-TELEMETRY-GW,False
ALT-CSE-05-01573,CSE-05,LOW,2024-12-19T18:19:11,2024-12-19T18:35:38.074248,2024-12-19T19:49:47.713263,CLOSED,,NURSE-STATION-EP-01,False
ALT-CSE-05-01574,CSE-05,MEDIUM,2024-12-22T07:34:02,2024-12-22T07:51:37.569148,2024-12-22T08:44:54.371283,CLOSED,,ICU-TELEMETRY-GW,False
ALT-CSE-05-01575,CSE-05,LOW,2024-10-01T20:43:53,2024-10-01T20:55:44.594764,2024-10-01T21:42:32.910720,CLOSED,,ICU-TELEMETRY-GW,False
ALT-CSE-05-01576,CSE-05,LOW,2024-11-05T07:16:19,2024-11-05T07:21:11.760707,2024-11-05T08:33:33.170102,CLOSED,,HOSPITAL-PACS-IMAGING,False
ALT-CSE-05-01577,CSE-05,MEDIUM,2024-11-25T09:43:46,2024-11-25T09:58:48.308003,2024-11-25T10:28:55.582863,CLOSED,,HOSPITAL-PACS-IMAGING,False
ALT-CSE-05-01578,CSE-05,MEDIUM,2024-11-02T09:17:11,2024-11-02T09:28:45.641892,2024-11-02T10:49:44.892160,CLOSED,,EHR-PATIENT-DB-01,False
ALT-CSE-05-01579,CSE-05,LOW,2024-10-31T12:18:49,2024-10-31T12:24:45.410921,2024-10-31T13:37:14.690404,CLOSED,,NURSE-STATION-EP-01,False
ALT-CSE-05-01580,CSE-05,LOW,2024-10-31T16:51:25,2024-10-31T16:58:47.907896,2024-10-31T17:37:23.905546,CLOSED,,EHR-PATIENT-DB-01,False
ALT-CSE-05-01581,CSE-05,CRITICAL,2024-11-04T15:59:38,2024-11-04T16:14:44.387823,2024-11-04T16:49:36.766927,CLOSED,CAS-CSE-05-0258,HOSPITAL-PACS-IMAGING,False
ALT-CSE-05-01582,CSE-05,LOW,2024-10-20T05:54:05,2024-10-20T06:00:46.685502,2024-10-20T06:36:13.247641,CLOSED,,ICU-TELEMETRY-GW,False
ALT-CSE-05-01583,CSE-05,MEDIUM,2024-10-14T19:01:28,2024-10-14T19:15:20.937490,2024-10-14T19:39:57.313765,CLOSED,,NURSE-STATION-EP-01,False
ALT-CSE-05-01584,CSE-05,MEDIUM,2024-11-21T05:03:23,2024-11-21T05:18:32.167495,2024-11-21T06:14:25.011270,CLOSED,,HOSPITAL-PACS-IMAGING,False
ALT-CSE-05-01585,CSE-05,CRITICAL,2024-10-24T23:33:03,2024-10-24T23:41:34.023466,2024-10-25T00:30:33.857879,CLOSED,CAS-CSE-05-0259,EHR-PATIENT-DB-01,False
ALT-CSE-05-01586,CSE-05,MEDIUM,2024-10-25T10:49:15,2024-10-25T11:07:08.784072,2024-10-25T12:05:40.559542,CLOSED,,ICU-TELEMETRY-GW,False
ALT-CSE-05-01587,CSE-05,CRITICAL,2024-10-20T03:32:00,2024-10-20T03:43:33.573723,2024-10-20T04:10:42.236084,CLOSED,CAS-CSE-05-0260,ICU-TELEMETRY-GW,False
ALT-CSE-05-01588,CSE-05,MEDIUM,2024-10-13T18:06:44,2024-10-13T18:11:42.149255,2024-10-13T19:41:05.650004,CLOSED,,NURSE-STATION-EP-01,False
ALT-CSE-05-01589,CSE-05,MEDIUM,2024-11-18T00:55:54,2024-11-18T01:03:23.698389,2024-11-18T02:25:56.797121,CLOSED,CAS-CSE-05-0261,NURSE-STATION-EP-01,False
ALT-CSE-05-01590,CSE-05,MEDIUM,2024-12-29T15:38:28,2024-12-29T15:44:56.552148,2024-12-29T16:26:37.878266,CLOSED,,EHR-PATIENT-DB-01,False
ALT-CSE-05-01591,CSE-05,LOW,2024-10-01T04:17:53,2024-10-01T04:32:11.234252,2024-10-01T05:43:59.238683,CLOSED,,EHR-PATIENT-DB-01,False
ALT-CSE-05-01592,CSE-05,LOW,2024-10-17T23:02:49,2024-10-17T23:11:52.543898,2024-10-18T00:26:37.594757,CLOSED,,NURSE-STATION-EP-01,False
ALT-CSE-05-01593,CSE-05,LOW,2024-12-28T06:08:48,2024-12-28T06:14:53.567235,2024-12-28T07:00:52.115147,CLOSED,,ICU-TELEMETRY-GW,False
ALT-CSE-05-01594,CSE-05,LOW,2024-12-01T05:04:37,2024-12-01T05:11:51.458102,2024-12-01T05:56:45.602044,CLOSED,,NURSE-STATION-EP-01,False
ALT-CSE-05-01595,CSE-05,CRITICAL,2024-11-17T12:07:29,2024-11-17T12:15:29.771870,2024-11-17T13:19:53.010650,CLOSED,CAS-CSE-05-0262,NURSE-STATION-EP-01,False
ALT-CSE-05-01596,CSE-05,MEDIUM,2024-11-20T18:42:00,2024-11-20T18:59:23.750839,2024-11-20T20:13:32.328588,CLOSED,,NURSE-STATION-EP-01,False
ALT-CSE-05-01597,CSE-05,MEDIUM,2024-10-21T02:25:11,2024-10-21T02:32:24.818080,2024-10-21T03:42:21.901988,CLOSED,,NURSE-STATION-EP-01,False
ALT-CSE-05-01598,CSE-05,LOW,2024-11-06T22:48:48,2024-11-06T22:53:02.967427,2024-11-06T23:25:11.466107,CLOSED,,ICU-TELEMETRY-GW,False
ALT-CSE-05-01599,CSE-05,LOW,2024-11-08T10:34:35,2024-11-08T10:40:57.034759,2024-11-08T11:26:36.491385,CLOSED,,EHR-PATIENT-DB-01,False
ALT-CSE-05-01600,CSE-05,MEDIUM,2024-12-09T17:20:18,2024-12-09T17:25:46.332744,2024-12-09T17:58:34.061936,CLOSED,,HOSPITAL-PACS-IMAGING,False
ALT-CSE-05-01601,CSE-05,CRITICAL,2024-12-15T22:55:50,2024-12-15T23:07:19.807154,2024-12-15T23:50:03.985726,CLOSED,CAS-CSE-05-0263,ICU-TELEMETRY-GW,False
ALT-CSE-05-01602,CSE-05,MEDIUM,2024-12-18T04:34:41,2024-12-18T04:51:12.719457,2024-12-18T05:55:45.962459,CLOSED,,ICU-TELEMETRY-GW,False
ALT-CSE-05-01603,CSE-05,LOW,2024-12-05T01:28:38,2024-12-05T01:40:18.177938,2024-12-05T02:11:32.157662,CLOSED,,EHR-PATIENT-DB-01,False
ALT-CSE-05-01604,CSE-05,MEDIUM,2024-11-27T23:15:38,2024-11-27T23:25:03.665538,2024-11-28T00:19:56.961381,CLOSED,,HOSPITAL-PACS-IMAGING,False
ALT-CSE-05-01605,CSE-05,MEDIUM,2024-10-24T19:00:56,2024-10-24T19:12:39.301841,2024-10-24T19:54:22.243660,CLOSED,,NURSE-STATION-EP-01,False
ALT-CSE-05-01606,CSE-05,MEDIUM,2024-12-19T22:21:07,2024-12-19T22:34:07.862519,2024-12-19T23:26:32.243226,CLOSED,,ICU-TELEMETRY-GW,False
ALT-CSE-05-01607,CSE-05,MEDIUM,2024-12-21T23:08:04,2024-12-21T23:14:15.025580,2024-12-21T23:59:03.950761,CLOSED,,NURSE-STATION-EP-01,False
ALT-CSE-05-01608,CSE-05,LOW,2024-12-04T03:20:55,2024-12-04T03:25:23.814413,2024-12-04T04:44:47.317311,CLOSED,,EHR-PATIENT-DB-01,False
ALT-CSE-05-01609,CSE-05,LOW,2024-12-26T22:58:17,2024-12-26T23:06:35.920191,2024-12-27T00:07:14.284999,CLOSED,CAS-CSE-05-0264,NURSE-STATION-EP-01,False
ALT-CSE-05-01610,CSE-05,LOW,2024-10-09T11:44:00,2024-10-09T11:54:04.667881,2024-10-09T12:37:08.782506,CLOSED,CAS-CSE-05-0265,EHR-PATIENT-DB-01,False
ALT-CSE-05-01611,CSE-05,LOW,2024-12-07T22:33:01,2024-12-07T22:37:35.515072,2024-12-07T23:50:38.825306,CLOSED,CAS-CSE-05-0266,NURSE-STATION-EP-01,True
ALT-CSE-05-01612,CSE-05,LOW,2024-11-19T10:05:03,2024-11-19T10:21:39.139402,2024-11-19T11:35:19.203141,CLOSED,,EHR-PATIENT-DB-01,False
ALT-CSE-05-01613,CSE-05,LOW,2024-12-19T20:33:23,2024-12-19T20:49:05.967499,2024-12-19T22:06:15.678667,CLOSED,,EHR-PATIENT-DB-01,False
ALT-CSE-05-01614,CSE-05,MEDIUM,2024-12-24T15:54:20,2024-12-24T16:09:01.607841,2024-12-24T16:58:07.604191,CLOSED,,ICU-TELEMETRY-GW,False
ALT-CSE-05-01615,CSE-05,LOW,2024-10-13T21:26:41,2024-10-13T21:37:50.273091,2024-10-13T22:47:43.880517,CLOSED,,ICU-TELEMETRY-GW,False
ALT-CSE-05-01616,CSE-05,LOW,2024-10-12T20:39:33,2024-10-12T20:47:28.042161,2024-10-12T21:44:15.124330,CLOSED,,ICU-TELEMETRY-GW,False
ALT-CSE-05-01617,CSE-05,LOW,2024-10-18T14:56:12,2024-10-18T15:09:54.976687,2024-10-18T15:49:21.029160,CLOSED,,NURSE-STATION-EP-01,False
ALT-CSE-05-01618,CSE-05,MEDIUM,2024-12-21T10:00:51,2024-12-21T10:07:26.703838,2024-12-21T11:28:54.663846,CLOSED,,EHR-PATIENT-DB-01,False
ALT-CSE-05-01619,CSE-05,LOW,2024-10-06T14:26:01,2024-10-06T14:39:23.455105,2024-10-06T15:58:38.567886,CLOSED,CAS-CSE-05-0267,EHR-PATIENT-DB-01,False
ALT-CSE-05-01620,CSE-05,MEDIUM,2024-12-19T21:31:47,2024-12-19T21:43:40.662568,2024-12-19T22:59:33.412506,CLOSED,,ICU-TELEMETRY-GW,False
ALT-CSE-05-01621,CSE-05,LOW,2024-10-26T22:20:05,2024-10-26T22:25:52.321120,2024-10-26T23:47:00.655722,CLOSED,,NURSE-STATION-EP-01,False
ALT-CSE-05-01622,CSE-05,CRITICAL,2024-12-11T17:37:48,2024-12-11T17:54:51.655031,2024-12-11T18:21:24.108685,CLOSED,,NURSE-STATION-EP-01,False
ALT-CSE-05-01623,CSE-05,MEDIUM,2024-11-27T23:25:56,2024-11-27T23:30:46.982818,2024-11-28T00:25:47.848182,CLOSED,,NURSE-STATION-EP-01,False
ALT-CSE-05-01624,CSE-05,LOW,2024-11-22T18:56:41,2024-11-22T19:02:04.673000,2024-11-22T19:47:43.128959,CLOSED,,ICU-TELEMETRY-GW,False
ALT-CSE-05-01625,CSE-05,CRITICAL,2024-10-09T09:47:44,2024-10-09T09:55:22.514734,2024-10-09T11:15:55.588426,CLOSED,CAS-CSE-05-0268,HOSPITAL-PACS-IMAGING,True
ALT-CSE-05-01626,CSE-05,CRITICAL,2024-12-16T12:55:05,2024-12-16T13:04:38.365096,2024-12-16T13:41:20.236844,CLOSED,CAS-CSE-05-0269,ICU-TELEMETRY-GW,False
ALT-CSE-05-01627,CSE-05,MEDIUM,2024-12-10T23:29:52,2024-12-10T23:38:23.281609,2024-12-11T00:21:55.668216,CLOSED,,HOSPITAL-PACS-IMAGING,False
ALT-CSE-05-01628,CSE-05,MEDIUM,2024-11-11T02:07:56,2024-11-11T02:19:09.807887,2024-11-11T02:51:08.408484,CLOSED,,HOSPITAL-PACS-IMAGING,False
ALT-CSE-05-01629,CSE-05,MEDIUM,2024-12-05T02:56:36,2024-12-05T03:12:16.989685,2024-12-05T04:23:41.463150,CLOSED,,HOSPITAL-PACS-IMAGING,False
ALT-CSE-05-01630,CSE-05,LOW,2024-10-08T13:24:44,2024-10-08T13:34:45.916669,2024-10-08T14:39:59.425227,CLOSED,,EHR-PATIENT-DB-01,False
ALT-CSE-05-01631,CSE-05,CRITICAL,2024-12-18T08:56:12,2024-12-18T09:07:59.421345,2024-12-18T10:03:55.655178,CLOSED,CAS-CSE-05-0270,EHR-PATIENT-DB-01,False
ALT-CSE-05-01632,CSE-05,MEDIUM,2024-11-09T04:41:48,2024-11-09T04:51:55.751896,2024-11-09T05:42:15.724326,CLOSED,,NURSE-STATION-EP-01,False
ALT-CSE-05-01633,CSE-05,MEDIUM,2024-10-06T09:41:12,2024-10-06T09:49:38.174906,2024-10-06T10:45:43.976903,CLOSED,,ICU-TELEMETRY-GW,False
ALT-CSE-05-01634,CSE-05,LOW,2024-11-04T21:18:02,2024-11-04T21:35:07.598335,2024-11-04T22:52:36.173533,CLOSED,,EHR-PATIENT-DB-01,False
ALT-CSE-05-01635,CSE-05,LOW,2024-11-21T11:09:15,2024-11-21T11:14:59.045706,2024-11-21T12:10:57.696243,CLOSED,,HOSPITAL-PACS-IMAGING,False
ALT-CSE-05-01636,CSE-05,LOW,2024-10-06T00:13:12,2024-10-06T00:25:52.766532,2024-10-06T01:34:42.288439,CLOSED,CAS-CSE-05-0271,EHR-PATIENT-DB-01,True
ALT-CSE-05-01637,CSE-05,MEDIUM,2024-11-11T12:59:10,2024-11-11T13:11:36.744987,2024-11-11T13:41:56.471828,CLOSED,,NURSE-STATION-EP-01,False
ALT-CSE-05-01638,CSE-05,LOW,2024-12-05T00:12:03,2024-12-05T00:19:28.743795,2024-12-05T01:16:37.554184,CLOSED,,NURSE-STATION-EP-01,False
ALT-CSE-05-01639,CSE-05,LOW,2024-10-25T07:12:29,2024-10-25T07:25:15.272632,2024-10-25T08:32:51.977672,CLOSED,,ICU-TELEMETRY-GW,False
ALT-CSE-05-01640,CSE-05,MEDIUM,2024-10-24T11:23:24,2024-10-24T11:29:34.023526,2024-10-24T11:58:45.608141,CLOSED,,HOSPITAL-PACS-IMAGING,False
ALT-CSE-05-01641,CSE-05,MEDIUM,2024-10-10T15:35:55,2024-10-10T15:43:24.493950,2024-10-10T16:42:51.705464,CLOSED,,EHR-PATIENT-DB-01,False
ALT-CSE-05-01642,CSE-05,MEDIUM,2024-10-08T16:46:33,2024-10-08T16:53:48.023357,2024-10-08T17:49:54.806499,CLOSED,,NURSE-STATION-EP-01,False
ALT-CSE-05-01643,CSE-05,LOW,2024-12-02T08:23:37,2024-12-02T08:39:30.538946,2024-12-02T09:55:00.793335,CLOSED,,EHR-PATIENT-DB-01,False
ALT-CSE-05-01644,CSE-05,LOW,2024-10-25T17:16:57,2024-10-25T17:23:30.445169,2024-10-25T17:59:43.525376,CLOSED,,HOSPITAL-PACS-IMAGING,False
ALT-CSE-05-01645,CSE-05,MEDIUM,2024-11-21T22:14:12,2024-11-21T22:23:00.531548,2024-11-21T23:40:14.628572,CLOSED,,ICU-TELEMETRY-GW,False
ALT-CSE-05-01646,CSE-05,CRITICAL,2024-12-03T03:38:51,2024-12-03T03:53:21.663851,2024-12-03T05:01:31.336560,CLOSED,CAS-CSE-05-0272,NURSE-STATION-EP-01,False
ALT-CSE-05-01647,CSE-05,MEDIUM,2024-10-26T16:05:16,2024-10-26T16:22:27.191608,2024-10-26T17:06:02.754962,CLOSED,,NURSE-STATION-EP-01,False
ALT-CSE-05-01648,CSE-05,MEDIUM,2024-12-29T16:10:18,2024-12-29T16:21:10.688574,2024-12-29T17:19:18.189408,CLOSED,,HOSPITAL-PACS-IMAGING,False
ALT-CSE-05-01649,CSE-05,MEDIUM,2024-11-01T02:29:13,2024-11-01T02:38:19.356232,2024-11-01T03:18:35.052186,CLOSED,,HOSPITAL-PACS-IMAGING,False
ALT-CSE-05-01650,CSE-05,LOW,2024-12-26T18:30:41,2024-12-26T18:41:37.350035,2024-12-26T19:52:06.753936,CLOSED,,NURSE-STATION-EP-01,False
ALT-CSE-05-01651,CSE-05,MEDIUM,2024-12-26T22:31:32,2024-12-26T22:38:49.254230,2024-12-26T23:56:56.632489,CLOSED,,HOSPITAL-PACS-IMAGING,False
ALT-CSE-05-01652,CSE-05,MEDIUM,2024-11-14T07:56:54,2024-11-14T08:10:10.560770,2024-11-14T08:47:33.236041,CLOSED,,ICU-TELEMETRY-GW,False
ALT-CSE-05-01653,CSE-05,MEDIUM,2024-10-09T16:49:54,2024-10-09T17:06:00.060050,2024-10-09T18:08:11.268993,CLOSED,,ICU-TELEMETRY-GW,False
ALT-CSE-05-01654,CSE-05,LOW,2024-12-12T18:13:59,2024-12-12T18:31:20.165783,2024-12-12T19:33:36.757690,CLOSED,,NURSE-STATION-EP-01,False
ALT-CSE-05-01655,CSE-05,LOW,2024-11-15T07:01:12,2024-11-15T07:10:16.104293,2024-11-15T08:00:57.898812,CLOSED,,EHR-PATIENT-DB-01,False
ALT-CSE-05-01656,CSE-05,LOW,2024-10-14T18:09:26,2024-10-14T18:27:17.733745,2024-10-14T19:13:32.339947,CLOSED,,EHR-PATIENT-DB-01,False
ALT-CSE-05-01657,CSE-05,CRITICAL,2024-12-18T05:11:05,2024-12-18T05:24:47.404286,2024-12-18T05:49:42.264379,CLOSED,CAS-CSE-05-0273,NURSE-STATION-EP-01,False
ALT-CSE-05-01658,CSE-05,LOW,2024-11-30T21:53:07,2024-11-30T22:08:05.688050,2024-11-30T23:23:18.305655,CLOSED,,NURSE-STATION-EP-01,False
ALT-CSE-05-01659,CSE-05,CRITICAL,2024-12-15T11:58:42,2024-12-15T12:03:39.287382,2024-12-15T13:02:36.654332,CLOSED,,HOSPITAL-PACS-IMAGING,False
ALT-CSE-05-01660,CSE-05,LOW,2024-12-27T22:32:19,2024-12-27T22:37:26.350744,2024-12-27T23:23:40.511681,CLOSED,,ICU-TELEMETRY-GW,False
ALT-CSE-05-01661,CSE-05,MEDIUM,2024-10-27T17:02:32,2024-10-27T17:15:43.799398,2024-10-27T18:23:23.862754,CLOSED,,EHR-PATIENT-DB-01,False
ALT-CSE-05-01662,CSE-05,MEDIUM,2024-11-02T08:33:57,2024-11-02T08:47:16.359202,2024-11-02T09:35:24.215674,CLOSED,,EHR-PATIENT-DB-01,False
ALT-CSE-05-01663,CSE-05,MEDIUM,2024-11-11T16:35:03,2024-11-11T16:45:59.038163,2024-11-11T17:43:23.733819,CLOSED,,NURSE-STATION-EP-01,False
ALT-CSE-05-01664,CSE-05,LOW,2024-11-11T07:23:48,2024-11-11T07:40:08.202643,2024-11-11T08:39:38.503235,CLOSED,,NURSE-STATION-EP-01,False
ALT-CSE-05-01665,CSE-05,MEDIUM,2024-12-09T21:47:57,2024-12-09T22:02:27.757413,2024-12-09T22:30:30.483567,CLOSED,,ICU-TELEMETRY-GW,False
ALT-CSE-05-01666,CSE-05,LOW,2024-11-21T20:56:32,2024-11-21T21:02:55.748252,2024-11-21T22:18:19.777108,CLOSED,,ICU-TELEMETRY-GW,False
ALT-CSE-05-01667,CSE-05,MEDIUM,2024-12-16T23:22:22,2024-12-16T23:38:10.157159,2024-12-16T23:58:29.072884,CLOSED,,EHR-PATIENT-DB-01,False
ALT-CSE-05-01668,CSE-05,MEDIUM,2024-12-19T19:49:45,2024-12-19T20:02:51.323778,2024-12-19T21:06:12.921325,CLOSED,CAS-CSE-05-0274,ICU-TELEMETRY-GW,True
ALT-CSE-05-01669,CSE-05,MEDIUM,2024-10-16T22:47:00,2024-10-16T22:54:32.251491,2024-10-17T00:13:35.706428,CLOSED,,NURSE-STATION-EP-01,False
ALT-CSE-05-01670,CSE-05,LOW,2024-11-12T05:13:07,2024-11-12T05:27:06.557861,2024-11-12T05:49:20.670781,CLOSED,,NURSE-STATION-EP-01,False
ALT-CSE-05-01671,CSE-05,MEDIUM,2024-11-06T12:48:22,2024-11-06T12:56:03.666963,2024-11-06T13:32:59.249426,CLOSED,,NURSE-STATION-EP-01,False
ALT-CSE-05-01672,CSE-05,MEDIUM,2024-11-20T02:15:47,2024-11-20T02:19:56.204308,2024-11-20T03:03:01.556016,CLOSED,,NURSE-STATION-EP-01,False
ALT-CSE-05-01673,CSE-05,MEDIUM,2024-12-06T20:36:41,2024-12-06T20:47:04.932288,2024-12-06T21:14:32.480984,CLOSED,,NURSE-STATION-EP-01,False
ALT-CSE-05-01674,CSE-05,MEDIUM,2024-11-04T04:08:34,2024-11-04T04:20:07.503501,2024-11-04T05:42:10.785005,CLOSED,,EHR-PATIENT-DB-01,False
ALT-CSE-05-01675,CSE-05,CRITICAL,2024-11-17T10:59:58,2024-11-17T11:11:06.728846,2024-11-17T12:32:09.636676,CLOSED,CAS-CSE-05-0275,ICU-TELEMETRY-GW,False
ALT-CSE-05-01676,CSE-05,MEDIUM,2024-11-19T00:51:05,2024-11-19T01:06:13.460345,2024-11-19T02:07:54.738861,CLOSED,,EHR-PATIENT-DB-01,False
ALT-CSE-05-01677,CSE-05,LOW,2024-10-12T01:25:26,2024-10-12T01:42:47.740552,2024-10-12T02:35:46.466588,CLOSED,,ICU-TELEMETRY-GW,False
ALT-CSE-05-01678,CSE-05,MEDIUM,2024-11-01T12:48:33,2024-11-01T12:56:17.891001,2024-11-01T14:03:02.619325,CLOSED,,ICU-TELEMETRY-GW,False
ALT-CSE-05-01679,CSE-05,MEDIUM,2024-11-04T21:47:19,2024-11-04T22:01:15.367454,2024-11-04T22:25:40.932675,CLOSED,,EHR-PATIENT-DB-01,False
ALT-CSE-05-01680,CSE-05,LOW,2024-11-18T02:30:13,2024-11-18T02:46:01.554977,2024-11-18T03:35:31.071099,CLOSED,,NURSE-STATION-EP-01,False
ALT-CSE-05-01681,CSE-05,LOW,2024-10-15T11:46:27,2024-10-15T12:01:01.541394,2024-10-15T12:53:27.415520,CLOSED,,ICU-TELEMETRY-GW,False
ALT-CSE-05-01682,CSE-05,MEDIUM,2024-11-05T08:05:00,2024-11-05T08:10:28.524911,2024-11-05T08:44:36.385894,CLOSED,,HOSPITAL-PACS-IMAGING,False
ALT-CSE-05-01683,CSE-05,LOW,2024-11-04T15:03:50,2024-11-04T15:15:42.230484,2024-11-04T15:52:57.415318,CLOSED,,HOSPITAL-PACS-IMAGING,False
ALT-CSE-05-01684,CSE-05,CRITICAL,2024-11-18T17:02:59,2024-11-18T17:07:50.343532,2024-11-18T17:39:33.154976,CLOSED,,ICU-TELEMETRY-GW,False
ALT-CSE-05-01685,CSE-05,CRITICAL,2024-10-04T23:58:15,2024-10-05T00:13:11.192176,2024-10-05T00:35:09.100624,CLOSED,CAS-CSE-05-0276,ICU-TELEMETRY-GW,False
ALT-CSE-05-01686,CSE-05,LOW,2024-12-29T14:44:21,2024-12-29T14:54:01.142820,2024-12-29T16:07:12.494838,CLOSED,,ICU-TELEMETRY-GW,False
ALT-CSE-05-01687,CSE-05,LOW,2024-10-22T04:15:15,2024-10-22T04:30:26.322459,2024-10-22T05:09:17.629893,CLOSED,,ICU-TELEMETRY-GW,False
ALT-CSE-05-01688,CSE-05,MEDIUM,2024-10-02T02:01:44,2024-10-02T02:11:19.464661,2024-10-02T03:18:11.234483,CLOSED,,NURSE-STATION-EP-01,False
ALT-CSE-05-01689,CSE-05,MEDIUM,2024-10-13T02:38:14,2024-10-13T02:50:40.028948,2024-10-13T04:02:45.602075,CLOSED,,EHR-PATIENT-DB-01,False
ALT-CSE-05-01690,CSE-05,LOW,2024-11-24T05:20:07,2024-11-24T05:32:45.898313,2024-11-24T06:09:25.962022,CLOSED,,ICU-TELEMETRY-GW,False
ALT-CSE-05-01691,CSE-05,MEDIUM,2024-10-29T18:08:25,2024-10-29T18:18:52.778471,2024-10-29T19:04:19.658323,CLOSED,,EHR-PATIENT-DB-01,False
ALT-CSE-05-01692,CSE-05,MEDIUM,2024-11-02T18:12:29,2024-11-02T18:28:53.269506,2024-11-02T18:57:01.082164,CLOSED,,HOSPITAL-PACS-IMAGING,False
ALT-CSE-05-01693,CSE-05,MEDIUM,2024-12-14T00:21:32,2024-12-14T00:33:39.070147,2024-12-14T01:17:49.267037,CLOSED,,EHR-PATIENT-DB-01,False
ALT-CSE-05-01694,CSE-05,CRITICAL,2024-12-29T06:12:08,2024-12-29T06:21:51.990765,2024-12-29T07:43:57.428529,CLOSED,CAS-CSE-05-0277,NURSE-STATION-EP-01,True
ALT-CSE-05-01695,CSE-05,MEDIUM,2024-12-18T03:16:04,2024-12-18T03:32:46.406106,2024-12-18T04:29:07.307856,CLOSED,,ICU-TELEMETRY-GW,False
ALT-CSE-05-01696,CSE-05,MEDIUM,2024-12-10T03:58:57,2024-12-10T04:11:41.106917,2024-12-10T05:20:45.247688,CLOSED,,NURSE-STATION-EP-01,False
ALT-CSE-05-01697,CSE-05,LOW,2024-10-10T17:10:59,2024-10-10T17:17:00.195105,2024-10-10T18:26:29.774825,CLOSED,,EHR-PATIENT-DB-01,False
ALT-CSE-05-01698,CSE-05,MEDIUM,2024-10-28T20:41:50,2024-10-28T20:46:04.165058,2024-10-28T22:06:41.993727,CLOSED,,NURSE-STATION-EP-01,False
ALT-CSE-05-01699,CSE-05,CRITICAL,2024-11-21T08:38:47,2024-11-21T08:44:29.558736,2024-11-21T10:03:06.054917,CLOSED,CAS-CSE-05-0278,ICU-TELEMETRY-GW,False
ALT-CSE-05-01700,CSE-05,CRITICAL,2024-10-05T20:43:22,2024-10-05T20:47:50.031595,2024-10-05T21:20:17.571086,CLOSED,CAS-CSE-05-0279,EHR-PATIENT-DB-01,False
ALT-CSE-05-01701,CSE-05,LOW,2024-10-22T23:16:25,2024-10-22T23:28:56.342372,2024-10-23T00:06:58.612507,CLOSED,CAS-CSE-05-0280,NURSE-STATION-EP-01,False
ALT-CSE-05-01702,CSE-05,MEDIUM,2024-10-11T23:32:48,2024-10-11T23:40:43.809812,2024-10-12T00:56:33.186397,CLOSED,,EHR-PATIENT-DB-01,False
ALT-CSE-05-01703,CSE-05,CRITICAL,2024-11-29T11:35:29,2024-11-29T11:40:56.136946,2024-11-29T12:27:55.857004,CLOSED,CAS-CSE-05-0281,EHR-PATIENT-DB-01,False
ALT-CSE-05-01704,CSE-05,MEDIUM,2024-12-07T08:46:56,2024-12-07T08:55:54.686408,2024-12-07T10:15:22.768016,CLOSED,,NURSE-STATION-EP-01,False
ALT-CSE-05-01705,CSE-05,LOW,2024-12-19T02:36:59,2024-12-19T02:47:30.134993,2024-12-19T03:35:27.285615,CLOSED,,HOSPITAL-PACS-IMAGING,False
ALT-CSE-05-01706,CSE-05,MEDIUM,2024-10-16T02:20:21,2024-10-16T02:35:47.802833,2024-10-16T03:36:41.400311,CLOSED,,ICU-TELEMETRY-GW,False
ALT-CSE-05-01707,CSE-05,LOW,2024-11-28T23:49:13,2024-11-28T23:53:20.418281,2024-11-29T01:20:44.939448,CLOSED,,NURSE-STATION-EP-01,False
ALT-CSE-05-01708,CSE-05,LOW,2024-10-27T02:03:35,2024-10-27T02:10:43.480393,2024-10-27T02:56:20.726084,CLOSED,,ICU-TELEMETRY-GW,False
ALT-CSE-05-01709,CSE-05,MEDIUM,2024-10-16T18:27:15,2024-10-16T18:40:16.423078,2024-10-16T19:41:04.751205,CLOSED,,NURSE-STATION-EP-01,False
ALT-CSE-05-01710,CSE-05,MEDIUM,2024-12-14T12:51:52,2024-12-14T13:06:17.603722,2024-12-14T14:26:10.859613,CLOSED,,NURSE-STATION-EP-01,False
ALT-CSE-05-01711,CSE-05,LOW,2024-12-21T10:35:48,2024-12-21T10:52:49.725697,2024-12-21T11:23:04.275116,CLOSED,,ICU-TELEMETRY-GW,False
ALT-CSE-05-01712,CSE-05,MEDIUM,2024-10-13T03:50:41,2024-10-13T04:04:31.355915,2024-10-13T05:05:32.086469,CLOSED,,NURSE-STATION-EP-01,False
ALT-CSE-05-01713,CSE-05,MEDIUM,2024-11-21T02:58:51,2024-11-21T03:14:52.432682,2024-11-21T04:02:55.810852,CLOSED,,EHR-PATIENT-DB-01,False
ALT-CSE-05-01714,CSE-05,LOW,2024-12-14T16:36:33,2024-12-14T16:52:54.118595,2024-12-14T17:56:41.636563,CLOSED,,HOSPITAL-PACS-IMAGING,False
ALT-CSE-05-01715,CSE-05,MEDIUM,2024-12-11T00:41:28,2024-12-11T00:55:52.737800,2024-12-11T01:54:10.492377,CLOSED,,HOSPITAL-PACS-IMAGING,False
ALT-CSE-05-01716,CSE-05,MEDIUM,2024-11-25T22:33:45,2024-11-25T22:42:28.613370,2024-11-26T00:01:44.616712,CLOSED,,NURSE-STATION-EP-01,False
ALT-CSE-05-01717,CSE-05,MEDIUM,2024-10-29T21:07:38,2024-10-29T21:22:09.209613,2024-10-29T21:57:03.930935,CLOSED,,HOSPITAL-PACS-IMAGING,False
ALT-CSE-05-01718,CSE-05,MEDIUM,2024-11-22T21:59:15,2024-11-22T22:14:31.816883,2024-11-22T22:59:24.101372,CLOSED,CAS-CSE-05-0282,HOSPITAL-PACS-IMAGING,True
ALT-CSE-05-01719,CSE-05,LOW,2024-12-20T21:44:55,2024-12-20T21:50:54.246095,2024-12-20T23:13:10.630140,CLOSED,,EHR-PATIENT-DB-01,False
ALT-CSE-05-01720,CSE-05,LOW,2024-11-27T23:08:39,2024-11-27T23:26:04.565701,2024-11-28T00:36:21.618682,CLOSED,,EHR-PATIENT-DB-01,False
ALT-CSE-05-01721,CSE-05,LOW,2024-10-09T17:01:49,2024-10-09T17:16:12.592364,2024-10-09T18:04:30.408065,CLOSED,,HOSPITAL-PACS-IMAGING,False
ALT-CSE-05-01722,CSE-05,MEDIUM,2024-10-06T07:11:15,2024-10-06T07:17:22.780143,2024-10-06T08:34:22.358603,CLOSED,,EHR-PATIENT-DB-01,False
ALT-CSE-05-01723,CSE-05,LOW,2024-12-07T05:47:55,2024-12-07T06:01:08.913454,2024-12-07T06:47:04.276905,CLOSED,,EHR-PATIENT-DB-01,False
ALT-CSE-05-01724,CSE-05,LOW,2024-10-13T14:13:58,2024-10-13T14:25:20.876869,2024-10-13T15:20:04.807971,CLOSED,,NURSE-STATION-EP-01,False
ALT-CSE-05-01725,CSE-05,MEDIUM,2024-11-17T01:11:13,2024-11-17T01:22:41.670560,2024-11-17T01:48:29.160214,CLOSED,,EHR-PATIENT-DB-01,False
ALT-CSE-05-01726,CSE-05,MEDIUM,2024-11-30T06:57:13,2024-11-30T07:04:13.758754,2024-11-30T08:08:49.155050,CLOSED,,EHR-PATIENT-DB-01,False
ALT-CSE-05-01727,CSE-05,LOW,2024-11-19T14:26:49,2024-11-19T14:36:50.340515,2024-11-19T15:36:31.340410,CLOSED,,EHR-PATIENT-DB-01,False
ALT-CSE-05-01728,CSE-05,MEDIUM,2024-11-10T22:05:04,2024-11-10T22:22:56.037622,2024-11-10T23:18:01.334947,CLOSED,,EHR-PATIENT-DB-01,False
ALT-CSE-05-01729,CSE-05,MEDIUM,2024-10-18T16:10:04,2024-10-18T16:27:18.204167,2024-10-18T17:41:43.303401,CLOSED,,EHR-PATIENT-DB-01,False
ALT-CSE-05-01730,CSE-05,LOW,2024-10-19T04:34:16,2024-10-19T04:45:53.889135,2024-10-19T05:18:41.548054,CLOSED,,ICU-TELEMETRY-GW,False
ALT-CSE-05-01731,CSE-05,MEDIUM,2024-10-05T10:53:11,2024-10-05T11:05:16.943174,2024-10-05T12:04:54.531424,CLOSED,,HOSPITAL-PACS-IMAGING,False
ALT-CSE-05-01732,CSE-05,MEDIUM,2024-11-14T11:12:17,2024-11-14T11:20:36.819211,2024-11-14T12:30:02.741435,CLOSED,,ICU-TELEMETRY-GW,False
ALT-CSE-05-01733,CSE-05,CRITICAL,2024-12-26T10:22:47,2024-12-26T10:40:43.476051,2024-12-26T11:40:15.523167,CLOSED,CAS-CSE-05-0283,ICU-TELEMETRY-GW,False
ALT-CSE-05-01734,CSE-05,MEDIUM,2024-12-23T01:23:46,2024-12-23T01:32:06.760826,2024-12-23T02:55:41.956764,CLOSED,,EHR-PATIENT-DB-01,False
ALT-CSE-05-01735,CSE-05,CRITICAL,2024-11-06T09:47:26,2024-11-06T10:03:40.697727,2024-11-06T10:40:23.521122,CLOSED,CAS-CSE-05-0284,EHR-PATIENT-DB-01,False
ALT-CSE-05-01736,CSE-05,LOW,2024-11-03T23:45:20,2024-11-03T23:54:14.510112,2024-11-04T00:49:50.038638,CLOSED,,HOSPITAL-PACS-IMAGING,False
ALT-CSE-05-01737,CSE-05,MEDIUM,2024-11-25T13:25:25,2024-11-25T13:43:17.757082,2024-11-25T14:22:35.883833,CLOSED,,EHR-PATIENT-DB-01,False
ALT-CSE-05-01738,CSE-05,LOW,2024-12-13T04:11:27,2024-12-13T04:28:48.668425,2024-12-13T05:39:22.383807,CLOSED,,EHR-PATIENT-DB-01,False
ALT-CSE-05-01739,CSE-05,MEDIUM,2024-12-11T00:41:42,2024-12-11T00:55:41.770320,2024-12-11T02:11:00.730599,CLOSED,,ICU-TELEMETRY-GW,False
ALT-CSE-05-01740,CSE-05,MEDIUM,2024-10-05T07:36:28,2024-10-05T07:52:12.620692,2024-10-05T08:21:37.298416,CLOSED,,ICU-TELEMETRY-GW,False
ALT-CSE-05-01741,CSE-05,LOW,2024-12-24T13:54:37,2024-12-24T14:05:19.130707,2024-12-24T15:24:10.581412,CLOSED,CAS-CSE-05-0285,NURSE-STATION-EP-01,False
ALT-CSE-05-01742,CSE-05,MEDIUM,2024-12-12T03:43:19,2024-12-12T03:56:41.028455,2024-12-12T05:00:08.362704,CLOSED,,NURSE-STATION-EP-01,False
ALT-CSE-05-01743,CSE-05,LOW,2024-10-11T16:10:35,2024-10-11T16:15:15.583912,2024-10-11T17:30:09.518251,CLOSED,,EHR-PATIENT-DB-01,False
ALT-CSE-05-01744,CSE-05,MEDIUM,2024-11-03T01:27:08,2024-11-03T01:44:37.741069,2024-11-03T02:18:19.584058,CLOSED,CAS-CSE-05-0286,NURSE-STATION-EP-01,False
ALT-CSE-05-01745,CSE-05,LOW,2024-10-08T11:17:01,2024-10-08T11:33:57.264254,2024-10-08T12:40:07.430310,CLOSED,,ICU-TELEMETRY-GW,False
ALT-CSE-05-01746,CSE-05,MEDIUM,2024-12-27T06:29:54,2024-12-27T06:35:34.727139,2024-12-27T07:26:35.916336,CLOSED,,ICU-TELEMETRY-GW,False
ALT-CSE-05-01747,CSE-05,MEDIUM,2024-10-21T14:24:50,2024-10-21T14:30:53.808255,2024-10-21T15:16:20.255876,CLOSED,,ICU-TELEMETRY-GW,False
ALT-CSE-05-01748,CSE-05,MEDIUM,2024-10-15T19:55:09,2024-10-15T20:06:28.653101,2024-10-15T21:16:41.452212,CLOSED,,NURSE-STATION-EP-01,False
ALT-CSE-05-01749,CSE-05,MEDIUM,2024-10-20T23:54:57,2024-10-21T00:02:13.378474,2024-10-21T00:48:17.497940,CLOSED,,HOSPITAL-PACS-IMAGING,False
ALT-CSE-05-01750,CSE-05,MEDIUM,2024-11-28T23:19:41,2024-11-28T23:34:20.554155,2024-11-29T00:49:37.442085,CLOSED,,EHR-PATIENT-DB-01,False
ALT-CSE-05-01751,CSE-05,MEDIUM,2024-10-20T15:10:50,2024-10-20T15:19:30.087764,2024-10-20T16:12:34.969773,CLOSED,,ICU-TELEMETRY-GW,False
ALT-CSE-05-01752,CSE-05,LOW,2024-11-06T00:18:13,2024-11-06T00:25:05.695272,2024-11-06T01:42:21.311055,CLOSED,,EHR-PATIENT-DB-01,False
ALT-CSE-05-01753,CSE-05,LOW,2024-11-03T18:23:48,2024-11-03T18:29:31.198564,2024-11-03T19:04:42.022622,CLOSED,,HOSPITAL-PACS-IMAGING,False
ALT-CSE-05-01754,CSE-05,LOW,2024-12-28T17:34:52,2024-12-28T17:52:13.977551,2024-12-28T18:41:43.970315,CLOSED,,NURSE-STATION-EP-01,False
ALT-CSE-05-01755,CSE-05,CRITICAL,2024-11-13T04:07:29,2024-11-13T04:15:50.654514,2024-11-13T05:32:27.414539,CLOSED,CAS-CSE-05-0287,EHR-PATIENT-DB-01,False
ALT-CSE-05-01756,CSE-05,LOW,2024-10-11T13:23:22,2024-10-11T13:41:15.731156,2024-10-11T14:11:21.248648,CLOSED,,NURSE-STATION-EP-01,False
ALT-CSE-05-01757,CSE-05,LOW,2024-10-25T01:01:03,2024-10-25T01:16:48.733722,2024-10-25T02:35:20.569061,CLOSED,CAS-CSE-05-0288,EHR-PATIENT-DB-01,True
ALT-CSE-05-01758,CSE-05,CRITICAL,2024-12-25T12:43:42,2024-12-25T12:52:22.542488,2024-12-25T13:49:50.134305,CLOSED,CAS-CSE-05-0289,NURSE-STATION-EP-01,False
ALT-CSE-05-01759,CSE-05,MEDIUM,2024-12-01T16:58:11,2024-12-01T17:03:33.660824,2024-12-01T17:37:53.390728,CLOSED,,HOSPITAL-PACS-IMAGING,False
ALT-CSE-05-01760,CSE-05,LOW,2024-12-14T17:57:17,2024-12-14T18:12:21.691954,2024-12-14T19:23:58.283503,CLOSED,,HOSPITAL-PACS-IMAGING,False
ALT-CSE-05-01761,CSE-05,LOW,2024-10-28T09:12:28,2024-10-28T09:21:19.615529,2024-10-28T10:35:10.078884,CLOSED,,NURSE-STATION-EP-01,False
ALT-CSE-05-01762,CSE-05,MEDIUM,2024-10-24T11:42:17,2024-10-24T11:51:05.933163,2024-10-24T12:50:55.298203,CLOSED,,HOSPITAL-PACS-IMAGING,False
ALT-CSE-05-01763,CSE-05,MEDIUM,2024-11-16T12:47:13,2024-11-16T13:01:58.441636,2024-11-16T13:45:24.010220,CLOSED,,ICU-TELEMETRY-GW,False
ALT-CSE-05-01764,CSE-05,MEDIUM,2024-12-21T15:19:09,2024-12-21T15:26:53.146708,2024-12-21T16:21:42.437704,CLOSED,,ICU-TELEMETRY-GW,False
ALT-CSE-05-01765,CSE-05,MEDIUM,2024-12-14T16:12:38,2024-12-14T16:27:13.758066,2024-12-14T17:22:04.453579,CLOSED,,NURSE-STATION-EP-01,False
ALT-CSE-05-01766,CSE-05,LOW,2024-11-05T19:17:12,2024-11-05T19:24:41.376229,2024-11-05T20:49:00.293446,CLOSED,,HOSPITAL-PACS-IMAGING,False
ALT-CSE-05-01767,CSE-05,MEDIUM,2024-12-20T15:25:08,2024-12-20T15:29:52.010348,2024-12-20T16:30:01.152918,CLOSED,,NURSE-STATION-EP-01,False
ALT-CSE-05-01768,CSE-05,LOW,2024-10-21T15:10:16,2024-10-21T15:15:19.741328,2024-10-21T16:44:14.670643,CLOSED,,NURSE-STATION-EP-01,False
ALT-CSE-05-01769,CSE-05,MEDIUM,2024-12-21T20:32:08,2024-12-21T20:41:52.653322,2024-12-21T21:41:10.804065,CLOSED,,ICU-TELEMETRY-GW,False
ALT-CSE-05-01770,CSE-05,LOW,2024-12-04T03:21:21,2024-12-04T03:38:12.220494,2024-12-04T04:34:23.656367,CLOSED,,ICU-TELEMETRY-GW,False
ALT-CSE-05-01771,CSE-05,CRITICAL,2024-12-04T18:39:07,2024-12-04T18:48:18.497669,2024-12-04T19:29:47.865639,CLOSED,CAS-CSE-05-0290,NURSE-STATION-EP-01,False
ALT-CSE-05-01772,CSE-05,MEDIUM,2024-12-18T03:18:02,2024-12-18T03:33:48.168431,2024-12-18T04:08:47.684989,CLOSED,,HOSPITAL-PACS-IMAGING,False
ALT-CSE-05-01773,CSE-05,LOW,2024-10-04T00:02:42,2024-10-04T00:08:03.986512,2024-10-04T01:27:14.341838,CLOSED,,EHR-PATIENT-DB-01,False
ALT-CSE-05-01774,CSE-05,LOW,2024-11-02T08:08:36,2024-11-02T08:21:00.009241,2024-11-02T09:29:14.497333,CLOSED,,EHR-PATIENT-DB-01,False
ALT-CSE-05-01775,CSE-05,LOW,2024-11-06T01:47:17,2024-11-06T01:58:02.559622,2024-11-06T03:08:05.642416,CLOSED,,NURSE-STATION-EP-01,False
ALT-CSE-05-01776,CSE-05,MEDIUM,2024-10-09T09:52:02,2024-10-09T10:01:39.248231,2024-10-09T10:42:10.323023,CLOSED,,HOSPITAL-PACS-IMAGING,False
ALT-CSE-05-01777,CSE-05,LOW,2024-11-23T02:53:50,2024-11-23T03:05:50.757751,2024-11-23T04:12:28.413244,CLOSED,,NURSE-STATION-EP-01,False
ALT-CSE-05-01778,CSE-05,LOW,2024-11-06T18:43:34,2024-11-06T18:49:45.395484,2024-11-06T19:23:34.307625,CLOSED,,EHR-PATIENT-DB-01,False
ALT-CSE-05-01779,CSE-05,MEDIUM,2024-12-21T21:36:58,2024-12-21T21:50:43.436074,2024-12-21T23:11:17.239160,CLOSED,,HOSPITAL-PACS-IMAGING,False
ALT-CSE-05-01780,CSE-05,MEDIUM,2024-12-14T14:04:57,2024-12-14T14:13:55.266037,2024-12-14T15:24:08.742231,CLOSED,,ICU-TELEMETRY-GW,False
ALT-CSE-05-01781,CSE-05,CRITICAL,2024-12-10T07:38:00,2024-12-10T07:55:40.228291,2024-12-10T08:30:52.720688,CLOSED,CAS-CSE-05-0291,EHR-PATIENT-DB-01,False
ALT-CSE-05-01782,CSE-05,MEDIUM,2024-12-17T19:24:11,2024-12-17T19:36:11.742645,2024-12-17T20:54:35.385366,CLOSED,,HOSPITAL-PACS-IMAGING,False
ALT-CSE-05-01783,CSE-05,CRITICAL,2024-11-28T19:55:52,2024-11-28T20:00:02.649006,2024-11-28T21:00:18.286522,CLOSED,CAS-CSE-05-0292,ICU-TELEMETRY-GW,False
ALT-CSE-05-01784,CSE-05,CRITICAL,2024-11-04T19:39:17,2024-11-04T19:53:42.555072,2024-11-04T20:51:56.192718,CLOSED,CAS-CSE-05-0293,ICU-TELEMETRY-GW,True
ALT-CSE-05-01785,CSE-05,MEDIUM,2024-11-04T12:33:34,2024-11-04T12:38:48.359741,2024-11-04T13:57:06.220811,CLOSED,,EHR-PATIENT-DB-01,False
ALT-CSE-05-01786,CSE-05,MEDIUM,2024-11-28T21:06:12,2024-11-28T21:19:31.953977,2024-11-28T22:08:55.758644,CLOSED,,NURSE-STATION-EP-01,False
ALT-CSE-05-01787,CSE-05,MEDIUM,2024-10-13T10:49:12,2024-10-13T10:57:41.596737,2024-10-13T12:08:43.683970,CLOSED,,HOSPITAL-PACS-IMAGING,False
ALT-CSE-05-01788,CSE-05,CRITICAL,2024-11-27T06:17:22,2024-11-27T06:34:29.344610,2024-11-27T06:53:27.044280,CLOSED,,NURSE-STATION-EP-01,False
ALT-CSE-05-01789,CSE-05,MEDIUM,2024-11-16T14:35:13,2024-11-16T14:48:54.201325,2024-11-16T15:38:37.419648,CLOSED,,NURSE-STATION-EP-01,False
ALT-CSE-05-01790,CSE-05,MEDIUM,2024-12-16T01:29:37,2024-12-16T01:38:56.874369,2024-12-16T02:10:44.124206,CLOSED,,HOSPITAL-PACS-IMAGING,False
ALT-CSE-05-01791,CSE-05,LOW,2024-12-15T06:58:43,2024-12-15T07:12:28.598402,2024-12-15T07:42:03.269113,CLOSED,,NURSE-STATION-EP-01,False
ALT-CSE-05-01792,CSE-05,LOW,2024-12-06T14:09:00,2024-12-06T14:19:20.541262,2024-12-06T15:42:40.798282,CLOSED,,NURSE-STATION-EP-01,False
ALT-CSE-05-01793,CSE-05,MEDIUM,2024-10-09T19:15:52,2024-10-09T19:28:46.807404,2024-10-09T20:04:21.664672,CLOSED,,NURSE-STATION-EP-01,False
ALT-CSE-05-01794,CSE-05,LOW,2024-12-01T14:37:24,2024-12-01T14:54:14.052580,2024-12-01T15:16:24.884749,CLOSED,,NURSE-STATION-EP-01,False
ALT-CSE-05-01795,CSE-05,MEDIUM,2024-12-05T14:04:19,2024-12-05T14:11:33.859391,2024-12-05T15:02:46.792163,CLOSED,,EHR-PATIENT-DB-01,False
ALT-CSE-05-01796,CSE-05,MEDIUM,2024-10-02T16:43:04,2024-10-02T16:55:25.721097,2024-10-02T17:29:26.688700,CLOSED,,NURSE-STATION-EP-01,False
ALT-CSE-05-01797,CSE-05,MEDIUM,2024-11-06T08:24:22,2024-11-06T08:32:44.659534,2024-11-06T09:41:30.909448,CLOSED,,HOSPITAL-PACS-IMAGING,False
ALT-CSE-05-01798,CSE-05,MEDIUM,2024-12-27T23:47:24,2024-12-27T23:59:04.140156,2024-12-28T00:53:44.335269,CLOSED,,ICU-TELEMETRY-GW,False
ALT-CSE-05-01799,CSE-05,CRITICAL,2024-10-14T15:55:17,2024-10-14T16:11:44.042467,2024-10-14T17:26:46.250289,CLOSED,,HOSPITAL-PACS-IMAGING,False
